schema_version,study_id,scenario_id,input_sample_id,replication_id,security_service_cv,immigration_service_cv,config_id,config_sha256,model_version,master_seed,arrival_seed,service_seed,routing_seed,tie_seed,arrivals,completed_after_drain,rejected_or_dropped_count,total_queue_wait_p95_seconds,total_queue_wait_mean_seconds,security_wait_p95_seconds,immigration_wait_p95_seconds,system_time_p95_seconds,system_time_p99_seconds,system_time_max_seconds,cutoff_backlog,cohort_clear_time_after_cutoff_seconds,security_utilization,immigration_utilization,analysis_window_start_seconds,analysis_window_end_seconds,peak_window_end_seconds,security_positive_wait_count,immigration_positive_wait_count,peak_security_waiting_queue,peak_immigration_waiting_queue,peak_total_waiting_queue,security_queue_person_seconds,immigration_queue_person_seconds,total_queue_person_seconds,time_weighted_mean_security_waiting_queue,time_weighted_mean_immigration_waiting_queue,time_weighted_mean_total_waiting_queue
1.0,TASK3_SERVICE_VARIABILITY_SENSITIVITY_V1,SERVICE_VARIABILITY_SCV000_ICV000,LOCAL_WINDOW_HPP_BASE,1,0,0,OP_SERVICE_VARIABILITY_SCV000_ICV000,be74beb301453572eb4b8b9417ed945f20d0b200bff7755ce6dd3e66a4a4e13a,TASK3_OPERATIONAL_POOLED_SERVICE_VARIABILITY_V1,202607290000,202609290011,202609290012,202609290013,202609290014,396,396,0,2.208553338,0.387438446682,0.190262896,2.059438287,37.026735156,40.17172039,40.536523975,42,34.701527801,0.717056781,0.732422283,0,300,321.701527801,22,84,4,9,9,22.765344416,130.66028047,153.425624886,0.0758844813867,0.435534268233,0.51141874962
1.0,TASK3_SERVICE_VARIABILITY_SENSITIVITY_V1,SERVICE_VARIABILITY_SCV000_ICV000,LOCAL_WINDOW_HPP_BASE,2,0,0,OP_SERVICE_VARIABILITY_SCV000_ICV000,be74beb301453572eb4b8b9417ed945f20d0b200bff7755ce6dd3e66a4a4e13a,TASK3_OPERATIONAL_POOLED_SERVICE_VARIABILITY_V1,202607290000,202609290021,202609290022,202609290023,202609290024,442,442,0,3.486699562,0.964295391215,2.433340877,2.636590984,38.30488138,39.859926563,41.281100359,65,40.938161730,0.785710777,0.802547436,0,300,327.93816173,105,179,8,8,9,135.517778944,224.775724463,360.293503407,0.451725929813,0.749252414877,1.20097834469
1.0,TASK3_SERVICE_VARIABILITY_SENSITIVITY_V1,SERVICE_VARIABILITY_SCV000_ICV000,LOCAL_WINDOW_HPP_BASE,3,0,0,OP_SERVICE_VARIABILITY_SCV000_ICV000,be74beb301453572eb4b8b9417ed945f20d0b200bff7755ce6dd3e66a4a4e13a,TASK3_OPERATIONAL_POOLED_SERVICE_VARIABILITY_V1,202607290000,202609290031,202609290032,202609290033,202609290034,393,393,0,2.365394881,0.400323402794,0.481609869,2.234494813,37.183576699,38.131577464,38.596021129,43,34.760392420,0.711499399,0.726745815,0,300,321.76039242,31,84,4,6,6,33.365201114,123.961896184,157.327097298,0.111217337047,0.413206320613,0.52442365766
1.0,TASK3_SERVICE_VARIABILITY_SENSITIVITY_V1,SERVICE_VARIABILITY_SCV000_ICV000,LOCAL_WINDOW_HPP_BASE,4,0,0,OP_SERVICE_VARIABILITY_SCV000_ICV000,be74beb301453572eb4b8b9417ed945f20d0b200bff7755ce6dd3e66a4a4e13a,TASK3_OPERATIONAL_POOLED_SERVICE_VARIABILITY_V1,202607290000,202609290041,202609290042,202609290043,202609290044,410,410,0,1.430620064,0.166248937746,0,1.21016498,36.248801882,36.93589149,37.68454565,54,35.403470296,0.740853541,0.756728974,0,300,322.403470296,19,56,3,4,4,12.832413913,34.562437004,47.394850917,0.0427747130433,0.115208123347,0.15798283639
1.0,TASK3_SERVICE_VARIABILITY_SENSITIVITY_V1,SERVICE_VARIABILITY_SCV000_ICV000,LOCAL_WINDOW_HPP_BASE,5,0,0,OP_SERVICE_VARIABILITY_SCV000_ICV000,be74beb301453572eb4b8b9417ed945f20d0b200bff7755ce6dd3e66a4a4e13a,TASK3_OPERATIONAL_POOLED_SERVICE_VARIABILITY_V1,202607290000,202609290051,202609290052,202609290053,202609290054,388,388,0,1.915322452,0.308964086987,0.85801562,1.304149833,36.73350427,37.862862122,38.109390781,32,33.557018640,0.704981463,0.720088209,0,300,320.55701864,31,84,5,4,5,38.031079305,81.846986446,119.878065751,0.12677026435,0.272823288153,0.399593552503
1.0,TASK3_SERVICE_VARIABILITY_SENSITIVITY_V1,SERVICE_VARIABILITY_SCV000_ICV000,LOCAL_WINDOW_HPP_BASE,6,0,0,OP_SERVICE_VARIABILITY_SCV000_ICV000,be74beb301453572eb4b8b9417ed945f20d0b200bff7755ce6dd3e66a4a4e13a,TASK3_OPERATIONAL_POOLED_SERVICE_VARIABILITY_V1,202607290000,202609290061,202609290062,202609290063,202609290064,419,419,0,2.2018371,0.421999876165,0.855258499,1.801874664,37.020018918,37.640692277,38.042184952,51,32.893710211,0.762824247,0.779170481,0,300,319.893710211,55,138,3,5,5,42.66132548,112.365606141,155.026931621,0.142204418267,0.37455202047,0.516756438737
1.0,TASK3_SERVICE_VARIABILITY_SENSITIVITY_V1,SERVICE_VARIABILITY_SCV000_ICV000,LOCAL_WINDOW_HPP_BASE,7,0,0,OP_SERVICE_VARIABILITY_SCV000_ICV000,be74beb301453572eb4b8b9417ed945f20d0b200bff7755ce6dd3e66a4a4e13a,TASK3_OPERATIONAL_POOLED_SERVICE_VARIABILITY_V1,202607290000,202609290071,202609290072,202609290073,202609290074,408,408,0,2.579075458,0.441958737015,1.333000692,1.842807979,37.397257276,38.885254054,40.276700359,56,34.942694913,0.738253830,0.754073555,0,300,321.942694913,47,92,8,7,8,65.866752879,88.392908802,154.259661681,0.21955584293,0.29464302934,0.51419887227
1.0,TASK3_SERVICE_VARIABILITY_SENSITIVITY_V1,SERVICE_VARIABILITY_SCV000_ICV000,LOCAL_WINDOW_HPP_BASE,8,0,0,OP_SERVICE_VARIABILITY_SCV000_ICV000,be74beb301453572eb4b8b9417ed945f20d0b200bff7755ce6dd3e66a4a4e13a,TASK3_OPERATIONAL_POOLED_SERVICE_VARIABILITY_V1,202607290000,202609290081,202609290082,202609290083,202609290084,442,442,0,7.716276927,2.13735748166,5.258285645,4.542101351,42.534458745,44.303331846,44.701661499,42,33.652413957,0.802867825,0.820072135,0,300,320.652413957,151,217,13,10,16,460.908187986,483.688166815,944.596354801,1.53636062662,1.61229388938,3.148654516
1.0,TASK3_SERVICE_VARIABILITY_SENSITIVITY_V1,SERVICE_VARIABILITY_SCV000_ICV000,LOCAL_WINDOW_HPP_BASE,9,0,0,OP_SERVICE_VARIABILITY_SCV000_ICV000,be74beb301453572eb4b8b9417ed945f20d0b200bff7755ce6dd3e66a4a4e13a,TASK3_OPERATIONAL_POOLED_SERVICE_VARIABILITY_V1,202607290000,202609290091,202609290092,202609290093,202609290094,395,395,0,4.277478309,0.737253211157,2.42724877,2.405600434,39.095660127,40.037111797,40.535635797,52,33.857083782,0.717055144,0.732420612,0,300,320.857083782,65,110,8,8,8,133.426208411,150.506209207,283.932417618,0.444754028037,0.501687364023,0.94644139206
1.0,TASK3_SERVICE_VARIABILITY_SENSITIVITY_V1,SERVICE_VARIABILITY_SCV000_ICV000,LOCAL_WINDOW_HPP_BASE,10,0,0,OP_SERVICE_VARIABILITY_SCV000_ICV000,be74beb301453572eb4b8b9417ed945f20d0b200bff7755ce6dd3e66a4a4e13a,TASK3_OPERATIONAL_POOLED_SERVICE_VARIABILITY_V1,202607290000,202609290101,202609290102,202609290103,202609290104,394,394,0,2.046929136,0.266696246396,0.165118014,1.377630124,36.865110954,38.460680197,38.742780421,50,34.733050789,0.713368095,0.728654554,0,300,321.733050789,24,67,4,6,6,24.917294624,75.981606574,100.898901198,0.0830576487467,0.253272021913,0.33632967066
1.0,TASK3_SERVICE_VARIABILITY_SENSITIVITY_V1,SERVICE_VARIABILITY_SCV000_ICV000,LOCAL_WINDOW_HPP_BASE,11,0,0,OP_SERVICE_VARIABILITY_SCV000_ICV000,be74beb301453572eb4b8b9417ed945f20d0b200bff7755ce6dd3e66a4a4e13a,TASK3_OPERATIONAL_POOLED_SERVICE_VARIABILITY_V1,202607290000,202609290111,202609290112,202609290113,202609290114,409,409,0,3.727629041,0.814457277088,2.482026498,2.55575844,38.545810859,40.413783227,41.421069749,42,34.795505588,0.740388636,0.756254107,0,300,321.795505588,70,144,7,8,8,117.989309439,213.646611915,331.635921354,0.39329769813,0.71215537305,1.10545307118
1.0,TASK3_SERVICE_VARIABILITY_SENSITIVITY_V1,SERVICE_VARIABILITY_SCV000_ICV000,LOCAL_WINDOW_HPP_BASE,12,0,0,OP_SERVICE_VARIABILITY_SCV000_ICV000,be74beb301453572eb4b8b9417ed945f20d0b200bff7755ce6dd3e66a4a4e13a,TASK3_OPERATIONAL_POOLED_SERVICE_VARIABILITY_V1,202607290000,202609290121,202609290122,202609290123,202609290124,423,423,0,5.19560657,0.878583094539,3.594318012,2.055972591,40.013788388,43.326888469,44.206775894,52,34.673639871,0.766010841,0.782425359,0,300,321.673639871,82,143,14,6,14,181.691169262,185.157485104,366.848654366,0.605637230873,0.617191617013,1.22282884789
1.0,TASK3_SERVICE_VARIABILITY_SENSITIVITY_V1,SERVICE_VARIABILITY_SCV000_ICV000,LOCAL_WINDOW_HPP_BASE,13,0,0,OP_SERVICE_VARIABILITY_SCV000_ICV000,be74beb301453572eb4b8b9417ed945f20d0b200bff7755ce6dd3e66a4a4e13a,TASK3_OPERATIONAL_POOLED_SERVICE_VARIABILITY_V1,202607290000,202609290131,202609290132,202609290133,202609290134,455,455,0,18.740817072,6.87611146396,15.311140781,6.027288013,53.55899889,56.387583865,56.524927051,55,34.623415863,0.824083321,0.841742249,0,300,321.623415863,226,287,32,13,35,2235.60527447,866.066532492,3101.67180696,7.45201758156,2.88688844164,10.3389060232
1.0,TASK3_SERVICE_VARIABILITY_SENSITIVITY_V1,SERVICE_VARIABILITY_SCV000_ICV000,LOCAL_WINDOW_HPP_BASE,14,0,0,OP_SERVICE_VARIABILITY_SCV000_ICV000,be74beb301453572eb4b8b9417ed945f20d0b200bff7755ce6dd3e66a4a4e13a,TASK3_OPERATIONAL_POOLED_SERVICE_VARIABILITY_V1,202607290000,202609290141,202609290142,202609290143,202609290144,374,374,0,3.122620387,0.425524233078,0.485602555,2.495840321,37.940802205,39.831815308,41.254098524,31,33.719484820,0.679213162,0.693767730,0,300,320.71948482,27,72,5,8,8,39.5280524,119.618010771,159.146063171,0.131760174667,0.39872670257,0.530486877237
1.0,TASK3_SERVICE_VARIABILITY_SENSITIVITY_V1,SERVICE_VARIABILITY_SCV000_ICV000,LOCAL_WINDOW_HPP_BASE,15,0,0,OP_SERVICE_VARIABILITY_SCV000_ICV000,be74beb301453572eb4b8b9417ed945f20d0b200bff7755ce6dd3e66a4a4e13a,TASK3_OPERATIONAL_POOLED_SERVICE_VARIABILITY_V1,202607290000,202609290151,202609290152,202609290153,202609290154,386,386,0,2.620723817,0.332675354212,1.783448806,1.304406501,37.438905635,38.419949682,39.171357044,39,33.864251907,0.700702134,0.715717180,0,300,320.864251907,40,69,7,4,7,64.467384992,55.557239309,120.024624301,0.214891283307,0.185190797697,0.400082081003
1.0,TASK3_SERVICE_VARIABILITY_SENSITIVITY_V1,SERVICE_VARIABILITY_SCV000_ICV000,LOCAL_WINDOW_HPP_BASE,16,0,0,OP_SERVICE_VARIABILITY_SCV000_ICV000,be74beb301453572eb4b8b9417ed945f20d0b200bff7755ce6dd3e66a4a4e13a,TASK3_OPERATIONAL_POOLED_SERVICE_VARIABILITY_V1,202607290000,202609290161,202609290162,202609290163,202609290164,401,401,0,1.998925238,0.301965517075,0.815556016,1.411975456,36.817107056,37.616386448,38.102923041,58,36.858360916,0.721461395,0.736921282,0,300,323.858360916,43,86,4,5,5,33.827733972,57.873085127,91.700819099,0.11275911324,0.192910283757,0.305669396997
1.0,TASK3_SERVICE_VARIABILITY_SENSITIVITY_V1,SERVICE_VARIABILITY_SCV000_ICV000,LOCAL_WINDOW_HPP_BASE,17,0,0,OP_SERVICE_VARIABILITY_SCV000_ICV000,be74beb301453572eb4b8b9417ed945f20d0b200bff7755ce6dd3e66a4a4e13a,TASK3_OPERATIONAL_POOLED_SERVICE_VARIABILITY_V1,202607290000,202609290171,202609290172,202609290173,202609290174,429,429,0,5.150024982,1.11056318795,4.648105408,2.369988104,39.9682068,42.313994496,43.324996174,52,34.256800365,0.777845057,0.794513166,0,300,321.256800365,111,179,12,7,12,270.357802583,163.439568831,433.797371414,0.901192675277,0.54479856277,1.44599123805
1.0,TASK3_SERVICE_VARIABILITY_SENSITIVITY_V1,SERVICE_VARIABILITY_SCV000_ICV000,LOCAL_WINDOW_HPP_BASE,18,0,0,OP_SERVICE_VARIABILITY_SCV000_ICV000,be74beb301453572eb4b8b9417ed945f20d0b200bff7755ce6dd3e66a4a4e13a,TASK3_OPERATIONAL_POOLED_SERVICE_VARIABILITY_V1,202607290000,202609290181,202609290182,202609290183,202609290184,419,419,0,4.213769509,0.732656303036,3.064540122,2.304944522,39.031951327,39.677379275,39.96912387,48,34.189920297,0.759865509,0.776148341,0,300,321.189920297,72,135,7,6,7,140.917752792,159.42339497,300.341147762,0.46972584264,0.531411316567,1.00113715921
1.0,TASK3_SERVICE_VARIABILITY_SENSITIVITY_V1,SERVICE_VARIABILITY_SCV000_ICV000,LOCAL_WINDOW_HPP_BASE,19,0,0,OP_SERVICE_VARIABILITY_SCV000_ICV000,be74beb301453572eb4b8b9417ed945f20d0b200bff7755ce6dd3e66a4a4e13a,TASK3_OPERATIONAL_POOLED_SERVICE_VARIABILITY_V1,202607290000,202609290191,202609290192,202609290193,202609290194,445,445,0,2.431020745,0.688030171861,1.066559725,2.193269734,37.249202563,38.075698687,38.688831192,60,37.327171625,0.799511550,0.816643940,0,300,324.327171625,83,219,5,6,6,65.549836618,212.01467782,277.564514438,0.218499455393,0.706715592733,0.925215048127
1.0,TASK3_SERVICE_VARIABILITY_SENSITIVITY_V1,SERVICE_VARIABILITY_SCV000_ICV000,LOCAL_WINDOW_HPP_BASE,20,0,0,OP_SERVICE_VARIABILITY_SCV000_ICV000,be74beb301453572eb4b8b9417ed945f20d0b200bff7755ce6dd3e66a4a4e13a,TASK3_OPERATIONAL_POOLED_SERVICE_VARIABILITY_V1,202607290000,202609290201,202609290202,202609290203,202609290204,418,418,0,3.101551374,0.605934252165,2.136083863,1.820072901,37.919733192,38.522329951,38.870680302,48,33.821416391,0.758888798,0.775150701,0,300,320.821416391,55,146,6,6,6,96.900051073,155.215150471,252.115201544,0.323000170243,0.517383834903,0.840384005147
1.0,TASK3_SERVICE_VARIABILITY_SENSITIVITY_V1,SERVICE_VARIABILITY_SCV000_ICV000,LOCAL_WINDOW_HPP_BASE,21,0,0,OP_SERVICE_VARIABILITY_SCV000_ICV000,be74beb301453572eb4b8b9417ed945f20d0b200bff7755ce6dd3e66a4a4e13a,TASK3_OPERATIONAL_POOLED_SERVICE_VARIABILITY_V1,202607290000,202609290211,202609290212,202609290213,202609290214,417,417,0,5.966949004,1.56181164173,4.49926947,3.481812779,40.785130822,42.310765202,43.175019992,53,36.725252561,0.750544460,0.766627555,0,300,323.725252561,115,184,12,8,13,316.468067283,306.676366498,623.144433781,1.05489355761,1.02225455499,2.0771481126
1.0,TASK3_SERVICE_VARIABILITY_SENSITIVITY_V1,SERVICE_VARIABILITY_SCV000_ICV000,LOCAL_WINDOW_HPP_BASE,22,0,0,OP_SERVICE_VARIABILITY_SCV000_ICV000,be74beb301453572eb4b8b9417ed945f20d0b200bff7755ce6dd3e66a4a4e13a,TASK3_OPERATIONAL_POOLED_SERVICE_VARIABILITY_V1,202607290000,202609290221,202609290222,202609290223,202609290224,410,410,0,3.265712575,0.436478856949,0.927556248,2.135937816,38.083894393,39.04049767,39.855949094,46,34.412573287,0.743048762,0.758971235,0,300,321.412573287,29,78,7,8,8,57.749077522,115.860305755,173.609383277,0.192496925073,0.386201019183,0.578697944257
1.0,TASK3_SERVICE_VARIABILITY_SENSITIVITY_V1,SERVICE_VARIABILITY_SCV000_ICV000,LOCAL_WINDOW_HPP_BASE,23,0,0,OP_SERVICE_VARIABILITY_SCV000_ICV000,be74beb301453572eb4b8b9417ed945f20d0b200bff7755ce6dd3e66a4a4e13a,TASK3_OPERATIONAL_POOLED_SERVICE_VARIABILITY_V1,202607290000,202609290231,202609290232,202609290233,202609290234,439,439,0,4.291825544,1.09519618927,3.407615906,2.46007236,39.110007362,39.777979135,40.54353975,44,34.747190250,0.794810573,0.811842228,0,300,321.74719025,107,193,8,8,8,222.316791695,258.474335395,480.79112709,0.741055972317,0.861581117983,1.6026370903
1.0,TASK3_SERVICE_VARIABILITY_SENSITIVITY_V1,SERVICE_VARIABILITY_SCV000_ICV000,LOCAL_WINDOW_HPP_BASE,24,0,0,OP_SERVICE_VARIABILITY_SCV000_ICV000,be74beb301453572eb4b8b9417ed945f20d0b200bff7755ce6dd3e66a4a4e13a,TASK3_OPERATIONAL_POOLED_SERVICE_VARIABILITY_V1,202607290000,202609290241,202609290242,202609290243,202609290244,412,412,0,3.664500747,0.525334534015,0.884047013,2.860519587,38.482682565,40.269068076,41.680372107,58,38.467134862,0.737728849,0.753537324,0,300,325.467134862,39,106,8,9,9,33.963493066,132.89541469,166.858907756,0.113211643553,0.442984715633,0.556196359187
1.0,TASK3_SERVICE_VARIABILITY_SENSITIVITY_V1,SERVICE_VARIABILITY_SCV000_ICV000,LOCAL_WINDOW_HPP_BASE,25,0,0,OP_SERVICE_VARIABILITY_SCV000_ICV000,be74beb301453572eb4b8b9417ed945f20d0b200bff7755ce6dd3e66a4a4e13a,TASK3_OPERATIONAL_POOLED_SERVICE_VARIABILITY_V1,202607290000,202609290251,202609290252,202609290253,202609290254,424,424,0,3.302210024,0.611100461396,1.872722036,2.236029802,38.120391842,39.652000924,40.235633821,58,38.371411118,0.759430875,0.775704394,0,300,325.371411118,75,123,9,7,9,101.703715877,128.758248567,230.461964444,0.339012386257,0.42919416189,0.768206548147
1.0,TASK3_SERVICE_VARIABILITY_SENSITIVITY_V1,SERVICE_VARIABILITY_SCV000_ICV000,LOCAL_WINDOW_HPP_BASE,26,0,0,OP_SERVICE_VARIABILITY_SCV000_ICV000,be74beb301453572eb4b8b9417ed945f20d0b200bff7755ce6dd3e66a4a4e13a,TASK3_OPERATIONAL_POOLED_SERVICE_VARIABILITY_V1,202607290000,202609290261,202609290262,202609290263,202609290264,419,419,0,3.967644885,0.983957763747,2.721603684,2.634491925,38.785826703,39.66945261,39.928005142,48,34.010066237,0.760274673,0.776566273,0,300,321.010066237,96,158,10,7,10,172.699499849,232.050626207,404.750126056,0.575664999497,0.773502087357,1.34916708685
1.0,TASK3_SERVICE_VARIABILITY_SENSITIVITY_V1,SERVICE_VARIABILITY_SCV000_ICV000,LOCAL_WINDOW_HPP_BASE,27,0,0,OP_SERVICE_VARIABILITY_SCV000_ICV000,be74beb301453572eb4b8b9417ed945f20d0b200bff7755ce6dd3e66a4a4e13a,TASK3_OPERATIONAL_POOLED_SERVICE_VARIABILITY_V1,202607290000,202609290271,202609290272,202609290273,202609290274,410,410,0,2.352481438,0.507839669888,1.212038067,1.821233174,37.170663256,37.773369325,38.645928477,54,36.064699825,0.739395862,0.755240059,0,300,323.064699825,62,133,5,6,6,56.789218258,124.93954144,181.728759698,0.189297394193,0.416465138133,0.605762532327
1.0,TASK3_SERVICE_VARIABILITY_SENSITIVITY_V1,SERVICE_VARIABILITY_SCV000_ICV000,LOCAL_WINDOW_HPP_BASE,28,0,0,OP_SERVICE_VARIABILITY_SCV000_ICV000,be74beb301453572eb4b8b9417ed945f20d0b200bff7755ce6dd3e66a4a4e13a,TASK3_OPERATIONAL_POOLED_SERVICE_VARIABILITY_V1,202607290000,202609290281,202609290282,202609290283,202609290284,392,392,0,2.721259981,0.460261440758,0.924675318,2.012914606,37.539441799,39.424263565,39.708329468,53,33.879729785,0.711560890,0.726808623,0,300,320.879729785,28,92,8,9,9,53.538103181,114.099028721,167.637131902,0.178460343937,0.380330095737,0.558790439673
1.0,TASK3_SERVICE_VARIABILITY_SENSITIVITY_V1,SERVICE_VARIABILITY_SCV000_ICV000,LOCAL_WINDOW_HPP_BASE,29,0,0,OP_SERVICE_VARIABILITY_SCV000_ICV000,be74beb301453572eb4b8b9417ed945f20d0b200bff7755ce6dd3e66a4a4e13a,TASK3_OPERATIONAL_POOLED_SERVICE_VARIABILITY_V1,202607290000,202609290291,202609290292,202609290293,202609290294,424,424,0,3.836327174,0.850293704017,1.35566593,3.188673152,38.654508992,39.940711009,40.81854122,48,33.984371011,0.769406353,0.785893632,0,300,320.984371011,67,162,8,8,8,90.624447519,233.303894786,323.928342305,0.30208149173,0.777679649287,1.07976114102
1.0,TASK3_SERVICE_VARIABILITY_SENSITIVITY_V1,SERVICE_VARIABILITY_SCV000_ICV000,LOCAL_WINDOW_HPP_BASE,30,0,0,OP_SERVICE_VARIABILITY_SCV000_ICV000,be74beb301453572eb4b8b9417ed945f20d0b200bff7755ce6dd3e66a4a4e13a,TASK3_OPERATIONAL_POOLED_SERVICE_VARIABILITY_V1,202607290000,202609290301,202609290302,202609290303,202609290304,408,408,0,3.421875061,0.655397129289,2.15830903,2.207119988,38.240056879,39.491345378,39.779989329,59,37.163838330,0.733390415,0.749105924,0,300,324.16383833,66,122,8,7,8,98.225210361,122.077080749,220.30229111,0.32741736787,0.406923602497,0.734340970367
1.0,TASK3_SERVICE_VARIABILITY_SENSITIVITY_V1,SERVICE_VARIABILITY_SCV000_ICV000,LOCAL_WINDOW_HPP_BASE,31,0,0,OP_SERVICE_VARIABILITY_SCV000_ICV000,be74beb301453572eb4b8b9417ed945f20d0b200bff7755ce6dd3e66a4a4e13a,TASK3_OPERATIONAL_POOLED_SERVICE_VARIABILITY_V1,202607290000,202609290311,202609290312,202609290313,202609290314,425,425,0,6.688150287,1.11492083647,5.500617391,2.379463176,41.506332105,42.744489667,42.996400545,55,35.252251167,0.768304334,0.784767998,0,300,322.252251167,85,115,14,6,14,300.371120192,116.690387595,417.061507787,1.00123706731,0.38896795865,1.39020502596
1.0,TASK3_SERVICE_VARIABILITY_SENSITIVITY_V1,SERVICE_VARIABILITY_SCV000_ICV000,LOCAL_WINDOW_HPP_BASE,32,0,0,OP_SERVICE_VARIABILITY_SCV000_ICV000,be74beb301453572eb4b8b9417ed945f20d0b200bff7755ce6dd3e66a4a4e13a,TASK3_OPERATIONAL_POOLED_SERVICE_VARIABILITY_V1,202607290000,202609290321,202609290322,202609290323,202609290324,395,395,0,2.334757964,0.322752665886,0.736922897,1.744442409,37.152939782,37.733429469,37.861620496,53,35.608438186,0.713313231,0.728598515,0,300,322.608438186,32,77,4,6,6,36.570989145,84.516430053,121.087419198,0.12190329715,0.28172143351,0.40362473066
1.0,TASK3_SERVICE_VARIABILITY_SENSITIVITY_V1,SERVICE_VARIABILITY_SCV000_ICV000,LOCAL_WINDOW_HPP_BASE,33,0,0,OP_SERVICE_VARIABILITY_SCV000_ICV000,be74beb301453572eb4b8b9417ed945f20d0b200bff7755ce6dd3e66a4a4e13a,TASK3_OPERATIONAL_POOLED_SERVICE_VARIABILITY_V1,202607290000,202609290331,202609290332,202609290333,202609290334,428,428,0,2.875025779,0.62089858343,1.747668934,1.898600893,37.693207597,39.111652191,40.195072353,44,36.695958027,0.770410019,0.786918805,0,300,323.695958027,70,132,8,5,8,108.099481492,153.586249627,261.685731119,0.360331604973,0.511954165423,0.872285770397
1.0,TASK3_SERVICE_VARIABILITY_SENSITIVITY_V1,SERVICE_VARIABILITY_SCV000_ICV000,LOCAL_WINDOW_HPP_BASE,34,0,0,OP_SERVICE_VARIABILITY_SCV000_ICV000,be74beb301453572eb4b8b9417ed945f20d0b200bff7755ce6dd3e66a4a4e13a,TASK3_OPERATIONAL_POOLED_SERVICE_VARIABILITY_V1,202607290000,202609290341,202609290342,202609290343,202609290344,426,426,0,3.39402101,0.545822704831,2.795498228,1.772256117,38.212202828,39.828871654,40.979364511,61,38.339499534,0.763085063,0.779436885,0,300,325.339499534,50,97,9,6,9,121.020684953,75.985041762,197.005726715,0.403402283177,0.25328347254,0.656685755717
1.0,TASK3_SERVICE_VARIABILITY_SENSITIVITY_V1,SERVICE_VARIABILITY_SCV000_ICV000,LOCAL_WINDOW_HPP_BASE,35,0,0,OP_SERVICE_VARIABILITY_SCV000_ICV000,be74beb301453572eb4b8b9417ed945f20d0b200bff7755ce6dd3e66a4a4e13a,TASK3_OPERATIONAL_POOLED_SERVICE_VARIABILITY_V1,202607290000,202609290351,202609290352,202609290353,202609290354,451,451,0,6.044732339,1.43431567668,4.388955313,3.175401205,40.862914157,44.305138806,45.125365849,71,43.481421421,0.795773268,0.812825553,0,300,330.481421421,133,189,17,9,17,281.793329695,207.054174032,488.847503727,0.939311098983,0.690180580107,1.62949167909
1.0,TASK3_SERVICE_VARIABILITY_SENSITIVITY_V1,SERVICE_VARIABILITY_SCV000_ICV000,LOCAL_WINDOW_HPP_BASE,36,0,0,OP_SERVICE_VARIABILITY_SCV000_ICV000,be74beb301453572eb4b8b9417ed945f20d0b200bff7755ce6dd3e66a4a4e13a,TASK3_OPERATIONAL_POOLED_SERVICE_VARIABILITY_V1,202607290000,202609290361,202609290362,202609290363,202609290364,414,414,0,2.042239207,0.248777050406,0,2.008872078,36.860421025,38.10866477,38.795774128,45,35.262134136,0.748396748,0.764433821,0,300,322.262134136,11,68,3,5,5,8.262876617,93.445447601,101.708324218,0.0275429220567,0.311484825337,0.339027747393
1.0,TASK3_SERVICE_VARIABILITY_SENSITIVITY_V1,SERVICE_VARIABILITY_SCV000_ICV000,LOCAL_WINDOW_HPP_BASE,37,0,0,OP_SERVICE_VARIABILITY_SCV000_ICV000,be74beb301453572eb4b8b9417ed945f20d0b200bff7755ce6dd3e66a4a4e13a,TASK3_OPERATIONAL_POOLED_SERVICE_VARIABILITY_V1,202607290000,202609290371,202609290372,202609290373,202609290374,408,408,0,3.804652912,0.640671457409,1.819087687,2.586335656,38.62283473,39.406195087,40.053262783,54,34.323681021,0.739620737,0.755469753,0,300,321.323681021,57,105,7,8,8,91.562228181,149.165171618,240.727399799,0.30520742727,0.497217238727,0.802424665997
1.0,TASK3_SERVICE_VARIABILITY_SENSITIVITY_V1,SERVICE_VARIABILITY_SCV000_ICV000,LOCAL_WINDOW_HPP_BASE,38,0,0,OP_SERVICE_VARIABILITY_SCV000_ICV000,be74beb301453572eb4b8b9417ed945f20d0b200bff7755ce6dd3e66a4a4e13a,TASK3_OPERATIONAL_POOLED_SERVICE_VARIABILITY_V1,202607290000,202609290381,202609290382,202609290383,202609290384,406,406,0,1.6426361,0.220302097096,0.000106175000013,1.58187679,36.460817918,38.008610906,38.46109088,44,34.203534405,0.736259736,0.752036730,0,300,321.203534405,21,60,4,5,5,15.599088819,73.5643349,89.163423719,0.05199696273,0.245214449667,0.297211412397
1.0,TASK3_SERVICE_VARIABILITY_SENSITIVITY_V1,SERVICE_VARIABILITY_SCV000_ICV000,LOCAL_WINDOW_HPP_BASE,39,0,0,OP_SERVICE_VARIABILITY_SCV000_ICV000,be74beb301453572eb4b8b9417ed945f20d0b200bff7755ce6dd3e66a4a4e13a,TASK3_OPERATIONAL_POOLED_SERVICE_VARIABILITY_V1,202607290000,202609290391,202609290392,202609290393,202609290394,388,388,0,4.834022531,0.748130726523,2.636532527,3.084772047,39.652204349,41.108651608,41.789253332,65,41.633966433,0.688314214,0.703063805,0,300,328.633966433,45,100,13,8,13,113.464385293,76.798174171,190.262559464,0.378214617643,0.255993913903,0.634208531547
1.0,TASK3_SERVICE_VARIABILITY_SENSITIVITY_V1,SERVICE_VARIABILITY_SCV000_ICV000,LOCAL_WINDOW_HPP_BASE,40,0,0,OP_SERVICE_VARIABILITY_SCV000_ICV000,be74beb301453572eb4b8b9417ed945f20d0b200bff7755ce6dd3e66a4a4e13a,TASK3_OPERATIONAL_POOLED_SERVICE_VARIABILITY_V1,202607290000,202609290401,202609290402,202609290403,202609290404,399,399,0,3.522165706,0.393877051481,0,1.525687465,38.340347524,40.819667196,41.900418536,54,35.272774441,0.721258033,0.736713562,0,300,322.272774441,17,63,9,8,9,74.023482034,82.621537888,156.645019922,0.246744940113,0.275405126293,0.522150066407
1.0,TASK3_SERVICE_VARIABILITY_SENSITIVITY_V1,SERVICE_VARIABILITY_SCV000_ICV000,LOCAL_WINDOW_HPP_BASE,41,0,0,OP_SERVICE_VARIABILITY_SCV000_ICV000,be74beb301453572eb4b8b9417ed945f20d0b200bff7755ce6dd3e66a4a4e13a,TASK3_OPERATIONAL_POOLED_SERVICE_VARIABILITY_V1,202607290000,202609290411,202609290412,202609290413,202609290414,416,416,0,3.239797144,0.58036072375,1.992863908,2.004773285,38.057978962,39.188380095,40.640339339,45,34.367218497,0.754024911,0.770182588,0,300,321.367218497,67,118,8,6,8,106.737444049,134.692617031,241.43006108,0.355791480163,0.448975390103,0.804766870267
1.0,TASK3_SERVICE_VARIABILITY_SENSITIVITY_V1,SERVICE_VARIABILITY_SCV000_ICV000,LOCAL_WINDOW_HPP_BASE,42,0,0,OP_SERVICE_VARIABILITY_SCV000_ICV000,be74beb301453572eb4b8b9417ed945f20d0b200bff7755ce6dd3e66a4a4e13a,TASK3_OPERATIONAL_POOLED_SERVICE_VARIABILITY_V1,202607290000,202609290421,202609290422,202609290423,202609290424,403,403,0,7.511248252,1.27229348039,4.879852137,3.162145925,42.32943007,43.573128597,44.683717089,53,34.308413002,0.730590122,0.746245625,0,300,321.308413002,85,114,13,8,16,283.779242241,199.113117828,482.892360069,0.94593080747,0.66371039276,1.60964120023
1.0,TASK3_SERVICE_VARIABILITY_SENSITIVITY_V1,SERVICE_VARIABILITY_SCV000_ICV000,LOCAL_WINDOW_HPP_BASE,43,0,0,OP_SERVICE_VARIABILITY_SCV000_ICV000,be74beb301453572eb4b8b9417ed945f20d0b200bff7755ce6dd3e66a4a4e13a,TASK3_OPERATIONAL_POOLED_SERVICE_VARIABILITY_V1,202607290000,202609290431,202609290432,202609290433,202609290434,407,407,0,4.160249958,0.744537398464,3.034400343,1.843778269,38.978431776,40.152144389,40.498677073,54,34.691888900,0.736996249,0.752789026,0,300,321.6918889,77,111,10,7,11,180.578559983,99.352476995,279.931036978,0.601928533277,0.331174923317,0.933103456593
1.0,TASK3_SERVICE_VARIABILITY_SENSITIVITY_V1,SERVICE_VARIABILITY_SCV000_ICV000,LOCAL_WINDOW_HPP_BASE,44,0,0,OP_SERVICE_VARIABILITY_SCV000_ICV000,be74beb301453572eb4b8b9417ed945f20d0b200bff7755ce6dd3e66a4a4e13a,TASK3_OPERATIONAL_POOLED_SERVICE_VARIABILITY_V1,202607290000,202609290441,202609290442,202609290443,202609290444,366,366,0,0.485576818,0.0692260949372,0,0.485576818,35.303758636,36.229698874,36.907378137,42,33.476554778,0.665168746,0.679422362,0,300,320.476554778,0,35,0,4,4,0,22.57063311,22.57063311,0,0.0752354437,0.0752354437
1.0,TASK3_SERVICE_VARIABILITY_SENSITIVITY_V1,SERVICE_VARIABILITY_SCV000_ICV000,LOCAL_WINDOW_HPP_BASE,45,0,0,OP_SERVICE_VARIABILITY_SCV000_ICV000,be74beb301453572eb4b8b9417ed945f20d0b200bff7755ce6dd3e66a4a4e13a,TASK3_OPERATIONAL_POOLED_SERVICE_VARIABILITY_V1,202607290000,202609290451,202609290452,202609290453,202609290454,399,399,0,1.989322874,0.29809610681,0.463305091,1.415413734,36.807504692,38.794358513,39.350428199,50,33.751947751,0.724544631,0.740070587,0,300,320.751947751,20,72,7,5,7,41.998178445,75.75630858,117.754487025,0.13999392815,0.2525210286,0.39251495675
1.0,TASK3_SERVICE_VARIABILITY_SENSITIVITY_V1,SERVICE_VARIABILITY_SCV000_ICV000,LOCAL_WINDOW_HPP_BASE,46,0,0,OP_SERVICE_VARIABILITY_SCV000_ICV000,be74beb301453572eb4b8b9417ed945f20d0b200bff7755ce6dd3e66a4a4e13a,TASK3_OPERATIONAL_POOLED_SERVICE_VARIABILITY_V1,202607290000,202609290461,202609290462,202609290463,202609290464,452,452,0,6.871251009,1.99366854915,5.151774542,3.566823307,41.689432827,42.673813872,43.242524671,58,36.152675771,0.814925520,0.832388209,0,300,323.152675771,183,271,15,10,15,435.186801333,373.061173928,808.247975261,1.45062267111,1.24353724643,2.69415991754
1.0,TASK3_SERVICE_VARIABILITY_SENSITIVITY_V1,SERVICE_VARIABILITY_SCV000_ICV000,LOCAL_WINDOW_HPP_BASE,47,0,0,OP_SERVICE_VARIABILITY_SCV000_ICV000,be74beb301453572eb4b8b9417ed945f20d0b200bff7755ce6dd3e66a4a4e13a,TASK3_OPERATIONAL_POOLED_SERVICE_VARIABILITY_V1,202607290000,202609290471,202609290472,202609290473,202609290474,385,385,0,1.442984504,0.14105096121,0,1.442984504,36.261166322,37.164524861,37.989617557,38,34.574566537,0.697403080,0.712347432,0,300,321.574566537,6,44,2,5,5,2.681634024,51.622986042,54.304620066,0.00893878008,0.17207662014,0.18101540022
1.0,TASK3_SERVICE_VARIABILITY_SENSITIVITY_V1,SERVICE_VARIABILITY_SCV000_ICV000,LOCAL_WINDOW_HPP_BASE,48,0,0,OP_SERVICE_VARIABILITY_SCV000_ICV000,be74beb301453572eb4b8b9417ed945f20d0b200bff7755ce6dd3e66a4a4e13a,TASK3_OPERATIONAL_POOLED_SERVICE_VARIABILITY_V1,202607290000,202609290481,202609290482,202609290483,202609290484,416,416,0,7.285356425,1.48316697644,5.519534371,4.011203747,42.103538243,43.159574708,44.67107431,52,34.182435039,0.754441843,0.770608454,0,300,321.182435039,104,137,14,9,14,335.54222633,271.857041221,607.399267551,1.11847408777,0.906190137403,2.02466422517
1.0,TASK3_SERVICE_VARIABILITY_SENSITIVITY_V1,SERVICE_VARIABILITY_SCV000_ICV000,LOCAL_WINDOW_HPP_BASE,49,0,0,OP_SERVICE_VARIABILITY_SCV000_ICV000,be74beb301453572eb4b8b9417ed945f20d0b200bff7755ce6dd3e66a4a4e13a,TASK3_OPERATIONAL_POOLED_SERVICE_VARIABILITY_V1,202607290000,202609290491,202609290492,202609290493,202609290494,423,423,0,4.875148937,1.10741236266,3.429093407,2.909285339,39.693330755,41.548442975,42.502737606,49,32.907357814,0.770075008,0.786576616,0,300,319.907357814,95,168,13,8,13,205.447170595,257.92937649,463.376547085,0.684823901983,0.8597645883,1.54458849028
1.0,TASK3_SERVICE_VARIABILITY_SENSITIVITY_V1,SERVICE_VARIABILITY_SCV000_ICV000,LOCAL_WINDOW_HPP_BASE,50,0,0,OP_SERVICE_VARIABILITY_SCV000_ICV000,be74beb301453572eb4b8b9417ed945f20d0b200bff7755ce6dd3e66a4a4e13a,TASK3_OPERATIONAL_POOLED_SERVICE_VARIABILITY_V1,202607290000,202609290501,202609290502,202609290503,202609290504,414,414,0,4.074617586,0.895907012696,2.494612442,3.155862343,38.892799404,39.772101736,40.287072748,53,34.347157797,0.750444815,0.766525775,0,300,321.347157797,66,134,7,8,8,126.20050844,229.035568956,355.236077396,0.420668361467,0.76345189652,1.18412025799
1.0,TASK3_SERVICE_VARIABILITY_SENSITIVITY_V1,SERVICE_VARIABILITY_SCV000_ICV050,LOCAL_WINDOW_HPP_BASE,1,0,0.5,OP_SERVICE_VARIABILITY_SCV000_ICV050,fd37b40406df63f0ce0fc55e5c2df2a3f16016661be5ccc013c8ed063694ce07,TASK3_OPERATIONAL_POOLED_SERVICE_VARIABILITY_V1,202607290000,202609290011,202609290012,202609290013,202609290014,396,396,0,2.316720345,0.323751368503,0.190262896,2.195705448,45.673335162,58.099896043,73.981858119,36,68.747490747,0.650851887,0.652882720,0,300,321.701527801,22,75,4,7,7,22.765344416,105.440197511,128.205541927,0.0758844813867,0.351467325037,0.427351806423
1.0,TASK3_SERVICE_VARIABILITY_SENSITIVITY_V1,SERVICE_VARIABILITY_SCV000_ICV050,LOCAL_WINDOW_HPP_BASE,2,0,0.5,OP_SERVICE_VARIABILITY_SCV000_ICV050,fd37b40406df63f0ce0fc55e5c2df2a3f16016661be5ccc013c8ed063694ce07,TASK3_OPERATIONAL_POOLED_SERVICE_VARIABILITY_V1,202607290000,202609290021,202609290022,202609290023,202609290024,442,442,0,4.263529945,1.06151653205,2.433340877,3.387095335,46.813258684,56.614488409,62.63197992,61,48.897176172,0.767787205,0.770549635,0,300,326.95819586,105,169,8,9,9,135.517778944,300.561403951,436.079182895,0.451725929813,1.0018713465,1.45359727632
1.0,TASK3_SERVICE_VARIABILITY_SENSITIVITY_V1,SERVICE_VARIABILITY_SCV000_ICV050,LOCAL_WINDOW_HPP_BASE,3,0,0.5,OP_SERVICE_VARIABILITY_SCV000_ICV050,fd37b40406df63f0ce0fc55e5c2df2a3f16016661be5ccc013c8ed063694ce07,TASK3_OPERATIONAL_POOLED_SERVICE_VARIABILITY_V1,202607290000,202609290031,202609290032,202609290033,202609290034,393,393,0,2.88899096,0.425706508453,0.481609869,2.297271857,49.690009632,64.996308093,82.2826797,44,35.754970283,0.709391786,0.748071737,0,300,321.76039242,31,92,4,7,7,33.365201114,133.458852099,166.824053213,0.111217337047,0.44486284033,0.556080177377
1.0,TASK3_SERVICE_VARIABILITY_SENSITIVITY_V1,SERVICE_VARIABILITY_SCV000_ICV050,LOCAL_WINDOW_HPP_BASE,4,0,0.5,OP_SERVICE_VARIABILITY_SCV000_ICV050,fd37b40406df63f0ce0fc55e5c2df2a3f16016661be5ccc013c8ed063694ce07,TASK3_OPERATIONAL_POOLED_SERVICE_VARIABILITY_V1,202607290000,202609290041,202609290042,202609290043,202609290044,410,410,0,2.519501508,0.410019169083,0,2.341769881,47.76215051,53.201564847,68.545922089,55,43.007702261,0.724429355,0.756500125,0,300,326.719902147,19,89,3,10,10,12.832413913,75.279791127,88.11220504,0.0427747130433,0.25093263709,0.293707350133
1.0,TASK3_SERVICE_VARIABILITY_SENSITIVITY_V1,SERVICE_VARIABILITY_SCV000_ICV050,LOCAL_WINDOW_HPP_BASE,5,0,0.5,OP_SERVICE_VARIABILITY_SCV000_ICV050,fd37b40406df63f0ce0fc55e5c2df2a3f16016661be5ccc013c8ed063694ce07,TASK3_OPERATIONAL_POOLED_SERVICE_VARIABILITY_V1,202607290000,202609290051,202609290052,202609290053,202609290054,388,388,0,1.593786177,0.18702274918,0.85801562,0.805343742,48.088283289,60.754599334,73.480496794,31,44.215233529,0.683152552,0.701241727,0,300,320.55701864,31,48,5,5,5,38.031079305,34.533747377,72.564826682,0.12677026435,0.115112491257,0.241882755607
1.0,TASK3_SERVICE_VARIABILITY_SENSITIVITY_V1,SERVICE_VARIABILITY_SCV000_ICV050,LOCAL_WINDOW_HPP_BASE,6,0,0.5,OP_SERVICE_VARIABILITY_SCV000_ICV050,fd37b40406df63f0ce0fc55e5c2df2a3f16016661be5ccc013c8ed063694ce07,TASK3_OPERATIONAL_POOLED_SERVICE_VARIABILITY_V1,202607290000,202609290061,202609290062,202609290063,202609290064,419,419,0,2.757818356,0.532467092704,0.855258499,2.288287122,47.831094921,54.103324036,64.787070317,53,43.503796862,0.739262262,0.747028106,0,300,322.730074081,55,129,3,6,6,42.66132548,145.463393717,188.124719197,0.142204418267,0.484877979057,0.627082397323
1.0,TASK3_SERVICE_VARIABILITY_SENSITIVITY_V1,SERVICE_VARIABILITY_SCV000_ICV050,LOCAL_WINDOW_HPP_BASE,7,0,0.5,OP_SERVICE_VARIABILITY_SCV000_ICV050,fd37b40406df63f0ce0fc55e5c2df2a3f16016661be5ccc013c8ed063694ce07,TASK3_OPERATIONAL_POOLED_SERVICE_VARIABILITY_V1,202607290000,202609290071,202609290072,202609290073,202609290074,408,408,0,2.764931771,0.507370041103,1.333000692,1.884638654,48.444989512,55.139715692,62.260720608,55,43.619328913,0.719612392,0.731856057,0,300,323.401703139,47,115,8,6,8,65.866752879,81.151149953,147.017902832,0.21955584293,0.270503833177,0.490059676107
1.0,TASK3_SERVICE_VARIABILITY_SENSITIVITY_V1,SERVICE_VARIABILITY_SCV000_ICV050,LOCAL_WINDOW_HPP_BASE,8,0,0.5,OP_SERVICE_VARIABILITY_SCV000_ICV050,fd37b40406df63f0ce0fc55e5c2df2a3f16016661be5ccc013c8ed063694ce07,TASK3_OPERATIONAL_POOLED_SERVICE_VARIABILITY_V1,202607290000,202609290081,202609290082,202609290083,202609290084,442,442,0,6.185468238,1.76111873811,5.258285645,3.463008558,49.684308034,57.261370688,62.158639359,40,38.824268228,0.790612754,0.794018182,0,300,320.652413957,151,183,13,8,13,460.908187986,317.506294257,778.414482243,1.53636062662,1.05835431419,2.59471494081
1.0,TASK3_SERVICE_VARIABILITY_SENSITIVITY_V1,SERVICE_VARIABILITY_SCV000_ICV050,LOCAL_WINDOW_HPP_BASE,9,0,0.5,OP_SERVICE_VARIABILITY_SCV000_ICV050,fd37b40406df63f0ce0fc55e5c2df2a3f16016661be5ccc013c8ed063694ce07,TASK3_OPERATIONAL_POOLED_SERVICE_VARIABILITY_V1,202607290000,202609290091,202609290092,202609290093,202609290094,395,395,0,3.740465161,0.668263034661,2.42724877,2.244260909,48.071628819,57.938537373,79.870843923,53,39.047876414,0.706077094,0.733671610,0,300,320.857083782,65,88,8,7,11,133.426208411,103.118625523,236.544833934,0.444754028037,0.343728751743,0.78848277978
1.0,TASK3_SERVICE_VARIABILITY_SENSITIVITY_V1,SERVICE_VARIABILITY_SCV000_ICV050,LOCAL_WINDOW_HPP_BASE,10,0,0.5,OP_SERVICE_VARIABILITY_SCV000_ICV050,fd37b40406df63f0ce0fc55e5c2df2a3f16016661be5ccc013c8ed063694ce07,TASK3_OPERATIONAL_POOLED_SERVICE_VARIABILITY_V1,202607290000,202609290101,202609290102,202609290103,202609290104,394,394,0,3.436304905,0.482330455256,0.165118014,2.991562178,46.424053266,57.477231593,66.294903508,50,46.181558290,0.689776428,0.684422343,0,300,321.733050789,24,83,4,9,9,24.917294624,162.16834223,187.085636854,0.0830576487467,0.540561140767,0.623618789513
1.0,TASK3_SERVICE_VARIABILITY_SENSITIVITY_V1,SERVICE_VARIABILITY_SCV000_ICV050,LOCAL_WINDOW_HPP_BASE,11,0,0.5,OP_SERVICE_VARIABILITY_SCV000_ICV050,fd37b40406df63f0ce0fc55e5c2df2a3f16016661be5ccc013c8ed063694ce07,TASK3_OPERATIONAL_POOLED_SERVICE_VARIABILITY_V1,202607290000,202609290111,202609290112,202609290113,202609290114,409,409,0,4.524929614,0.985847913638,2.482026498,3.672822687,50.366269178,57.177316981,65.041372031,43,46.653309766,0.715062516,0.733110698,0,300,321.795505588,70,136,7,9,9,117.989309439,279.407045587,397.396355026,0.39329769813,0.931356818623,1.32465451675
1.0,TASK3_SERVICE_VARIABILITY_SENSITIVITY_V1,SERVICE_VARIABILITY_SCV000_ICV050,LOCAL_WINDOW_HPP_BASE,12,0,0.5,OP_SERVICE_VARIABILITY_SCV000_ICV050,fd37b40406df63f0ce0fc55e5c2df2a3f16016661be5ccc013c8ed063694ce07,TASK3_OPERATIONAL_POOLED_SERVICE_VARIABILITY_V1,202607290000,202609290121,202609290122,202609290123,202609290124,423,423,0,4.252180219,0.667744039506,3.594318012,1.952354309,47.093546129,50.870739042,59.461562743,50,54.775029914,0.722609019,0.726049497,0,300,321.673639871,82,81,14,9,14,181.691169262,99.992581333,281.683750595,0.605637230873,0.333308604443,0.938945835317
1.0,TASK3_SERVICE_VARIABILITY_SENSITIVITY_V1,SERVICE_VARIABILITY_SCV000_ICV050,LOCAL_WINDOW_HPP_BASE,13,0,0.5,OP_SERVICE_VARIABILITY_SCV000_ICV050,fd37b40406df63f0ce0fc55e5c2df2a3f16016661be5ccc013c8ed063694ce07,TASK3_OPERATIONAL_POOLED_SERVICE_VARIABILITY_V1,202607290000,202609290131,202609290132,202609290133,202609290134,455,455,0,19.450127518,6.74717125334,15.311140781,6.630303277,58.295173391,67.219291768,84.952966529,54,44.698737253,0.799995898,0.796940052,0,300,321.623415863,226,260,32,15,32,2235.60527447,831.279571888,3066.88484636,7.45201758156,2.77093190629,10.2229494879
1.0,TASK3_SERVICE_VARIABILITY_SENSITIVITY_V1,SERVICE_VARIABILITY_SCV000_ICV050,LOCAL_WINDOW_HPP_BASE,14,0,0.5,OP_SERVICE_VARIABILITY_SCV000_ICV050,fd37b40406df63f0ce0fc55e5c2df2a3f16016661be5ccc013c8ed063694ce07,TASK3_OPERATIONAL_POOLED_SERVICE_VARIABILITY_V1,202607290000,202609290141,202609290142,202609290143,202609290144,374,374,0,3.030017745,0.46476682458,0.485602555,2.635313086,46.267221809,59.881834742,66.554235741,30,44.860622828,0.657270363,0.664999158,0,300,320.71948482,27,71,5,8,8,39.5280524,134.294739993,173.822792393,0.131760174667,0.44764913331,0.579409307977
1.0,TASK3_SERVICE_VARIABILITY_SENSITIVITY_V1,SERVICE_VARIABILITY_SCV000_ICV050,LOCAL_WINDOW_HPP_BASE,15,0,0.5,OP_SERVICE_VARIABILITY_SCV000_ICV050,fd37b40406df63f0ce0fc55e5c2df2a3f16016661be5ccc013c8ed063694ce07,TASK3_OPERATIONAL_POOLED_SERVICE_VARIABILITY_V1,202607290000,202609290151,202609290152,202609290153,202609290154,386,386,0,3.230829206,0.408636086433,1.783448806,2.328876308,46.469185054,56.586600841,70.437007494,40,51.357148250,0.665816521,0.652583315,0,300,320.864251907,40,57,7,8,8,64.467384992,89.434717279,153.902102271,0.214891283307,0.298115724263,0.51300700757
1.0,TASK3_SERVICE_VARIABILITY_SENSITIVITY_V1,SERVICE_VARIABILITY_SCV000_ICV050,LOCAL_WINDOW_HPP_BASE,16,0,0.5,OP_SERVICE_VARIABILITY_SCV000_ICV050,fd37b40406df63f0ce0fc55e5c2df2a3f16016661be5ccc013c8ed063694ce07,TASK3_OPERATIONAL_POOLED_SERVICE_VARIABILITY_V1,202607290000,202609290161,202609290162,202609290163,202609290164,401,401,0,3.71755791,0.503872752466,0.815556016,3.174903195,45.965907151,61.160399998,63.260492788,65,44.558318285,0.705338662,0.686293800,0,300,325.284025167,43,62,4,8,8,33.827733972,41.947904498,75.77563847,0.11275911324,0.139826348327,0.252585461567
1.0,TASK3_SERVICE_VARIABILITY_SENSITIVITY_V1,SERVICE_VARIABILITY_SCV000_ICV050,LOCAL_WINDOW_HPP_BASE,17,0,0.5,OP_SERVICE_VARIABILITY_SCV000_ICV050,fd37b40406df63f0ce0fc55e5c2df2a3f16016661be5ccc013c8ed063694ce07,TASK3_OPERATIONAL_POOLED_SERVICE_VARIABILITY_V1,202607290000,202609290171,202609290172,202609290173,202609290174,429,429,0,6.212779343,1.07392012108,4.648105408,2.633352947,47.304139787,60.33456334,69.731692316,54,42.748530567,0.758573639,0.759190785,0,300,321.409056636,111,147,12,7,12,270.357802583,148.776464246,419.134266829,0.901192675277,0.495921547487,1.39711422276
1.0,TASK3_SERVICE_VARIABILITY_SENSITIVITY_V1,SERVICE_VARIABILITY_SCV000_ICV050,LOCAL_WINDOW_HPP_BASE,18,0,0.5,OP_SERVICE_VARIABILITY_SCV000_ICV050,fd37b40406df63f0ce0fc55e5c2df2a3f16016661be5ccc013c8ed063694ce07,TASK3_OPERATIONAL_POOLED_SERVICE_VARIABILITY_V1,202607290000,202609290181,202609290182,202609290183,202609290184,419,419,0,4.502017983,0.723876708368,3.064540122,2.912325227,47.286374157,56.014400971,62.589469654,49,39.100919248,0.748860824,0.749323264,0,300,321.827967767,72,86,7,8,8,140.917752792,123.642946247,264.560699039,0.46972584264,0.412143154157,0.881868996797
1.0,TASK3_SERVICE_VARIABILITY_SENSITIVITY_V1,SERVICE_VARIABILITY_SCV000_ICV050,LOCAL_WINDOW_HPP_BASE,19,0,0.5,OP_SERVICE_VARIABILITY_SCV000_ICV050,fd37b40406df63f0ce0fc55e5c2df2a3f16016661be5ccc013c8ed063694ce07,TASK3_OPERATIONAL_POOLED_SERVICE_VARIABILITY_V1,202607290000,202609290191,202609290192,202609290193,202609290194,445,445,0,2.740597844,0.608572893764,1.066559725,2.526858241,47.282935471,52.881065847,66.60586652,58,43.846359588,0.784353134,0.780262277,0,300,323.959889132,83,151,5,7,7,65.549836618,192.781541437,258.331378055,0.218499455393,0.642605138123,0.861104593517
1.0,TASK3_SERVICE_VARIABILITY_SENSITIVITY_V1,SERVICE_VARIABILITY_SCV000_ICV050,LOCAL_WINDOW_HPP_BASE,20,0,0.5,OP_SERVICE_VARIABILITY_SCV000_ICV050,fd37b40406df63f0ce0fc55e5c2df2a3f16016661be5ccc013c8ed063694ce07,TASK3_OPERATIONAL_POOLED_SERVICE_VARIABILITY_V1,202607290000,202609290201,202609290202,202609290203,202609290204,418,418,0,3.274477738,0.738440101373,2.136083863,2.673773346,48.923635465,57.431635206,72.922843044,47,42.167872250,0.740377323,0.779760545,0,300,322.61777475,55,149,6,8,8,96.900051073,195.642869546,292.542920619,0.323000170243,0.652142898487,0.97514306873
1.0,TASK3_SERVICE_VARIABILITY_SENSITIVITY_V1,SERVICE_VARIABILITY_SCV000_ICV050,LOCAL_WINDOW_HPP_BASE,21,0,0.5,OP_SERVICE_VARIABILITY_SCV000_ICV050,fd37b40406df63f0ce0fc55e5c2df2a3f16016661be5ccc013c8ed063694ce07,TASK3_OPERATIONAL_POOLED_SERVICE_VARIABILITY_V1,202607290000,202609290211,202609290212,202609290213,202609290214,417,417,0,9.525595363,2.52134167118,4.49926947,6.988201917,51.216950464,61.210915846,68.570822193,53,44.825167201,0.732914232,0.756238753,0,300,323.562959899,115,190,12,16,22,316.468067283,723.060533831,1039.52860111,1.05489355761,2.41020177944,3.46509533705
1.0,TASK3_SERVICE_VARIABILITY_SENSITIVITY_V1,SERVICE_VARIABILITY_SCV000_ICV050,LOCAL_WINDOW_HPP_BASE,22,0,0.5,OP_SERVICE_VARIABILITY_SCV000_ICV050,fd37b40406df63f0ce0fc55e5c2df2a3f16016661be5ccc013c8ed063694ce07,TASK3_OPERATIONAL_POOLED_SERVICE_VARIABILITY_V1,202607290000,202609290221,202609290222,202609290223,202609290224,410,410,0,2.871700116,0.534373532576,0.927556248,2.596699737,48.208308332,62.164054429,81.978673814,51,57.950299086,0.694188129,0.728258657,0,300,321.412573287,29,102,7,7,7,57.749077522,125.889840074,183.638917596,0.192496925073,0.419632800247,0.61212972532
1.0,TASK3_SERVICE_VARIABILITY_SENSITIVITY_V1,SERVICE_VARIABILITY_SCV000_ICV050,LOCAL_WINDOW_HPP_BASE,23,0,0.5,OP_SERVICE_VARIABILITY_SCV000_ICV050,fd37b40406df63f0ce0fc55e5c2df2a3f16016661be5ccc013c8ed063694ce07,TASK3_OPERATIONAL_POOLED_SERVICE_VARIABILITY_V1,202607290000,202609290231,202609290232,202609290233,202609290234,439,439,0,4.809867292,1.44754439109,3.407615906,4.275782752,48.285346684,55.319384675,71.98309784,49,40.325544466,0.781782650,0.800298257,0,300,321.74719025,107,186,8,9,9,222.316791695,360.112929246,582.429720941,0.741055972317,1.20037643082,1.94143240314
1.0,TASK3_SERVICE_VARIABILITY_SENSITIVITY_V1,SERVICE_VARIABILITY_SCV000_ICV050,LOCAL_WINDOW_HPP_BASE,24,0,0.5,OP_SERVICE_VARIABILITY_SCV000_ICV050,fd37b40406df63f0ce0fc55e5c2df2a3f16016661be5ccc013c8ed063694ce07,TASK3_OPERATIONAL_POOLED_SERVICE_VARIABILITY_V1,202607290000,202609290241,202609290242,202609290243,202609290244,412,412,0,3.085920962,0.582274806175,0.884047013,2.811382977,49.800043897,57.173499064,67.336887349,62,52.561504862,0.708236623,0.733825191,0,300,324.888555077,39,115,8,9,9,33.963493066,157.880967113,191.844460179,0.113211643553,0.526269890377,0.63948153393
1.0,TASK3_SERVICE_VARIABILITY_SENSITIVITY_V1,SERVICE_VARIABILITY_SCV000_ICV050,LOCAL_WINDOW_HPP_BASE,25,0,0.5,OP_SERVICE_VARIABILITY_SCV000_ICV050,fd37b40406df63f0ce0fc55e5c2df2a3f16016661be5ccc013c8ed063694ce07,TASK3_OPERATIONAL_POOLED_SERVICE_VARIABILITY_V1,202607290000,202609290251,202609290252,202609290253,202609290254,424,424,0,4.675096992,1.23598903195,1.872722036,3.923445364,46.803692597,58.600562185,67.699305419,56,42.800589696,0.749618597,0.760133330,0,300,323.523529563,75,181,9,9,9,101.703715877,391.382186332,493.085902209,0.339012386257,1.30460728777,1.64361967403
1.0,TASK3_SERVICE_VARIABILITY_SENSITIVITY_V1,SERVICE_VARIABILITY_SCV000_ICV050,LOCAL_WINDOW_HPP_BASE,26,0,0.5,OP_SERVICE_VARIABILITY_SCV000_ICV050,fd37b40406df63f0ce0fc55e5c2df2a3f16016661be5ccc013c8ed063694ce07,TASK3_OPERATIONAL_POOLED_SERVICE_VARIABILITY_V1,202607290000,202609290261,202609290262,202609290263,202609290264,419,419,0,4.278635274,0.941840173057,2.721603684,2.825646121,48.740995225,62.740048968,76.953284223,48,64.085769019,0.697471353,0.722943332,0,300,321.010066237,96,140,10,8,10,172.699499849,219.578926138,392.278425987,0.575664999497,0.731929753793,1.30759475329
1.0,TASK3_SERVICE_VARIABILITY_SENSITIVITY_V1,SERVICE_VARIABILITY_SCV000_ICV050,LOCAL_WINDOW_HPP_BASE,27,0,0.5,OP_SERVICE_VARIABILITY_SCV000_ICV050,fd37b40406df63f0ce0fc55e5c2df2a3f16016661be5ccc013c8ed063694ce07,TASK3_OPERATIONAL_POOLED_SERVICE_VARIABILITY_V1,202607290000,202609290271,202609290272,202609290273,202609290274,410,410,0,3.682678577,0.657409136571,1.212038067,3.530379845,47.349688293,57.387825375,87.854891316,58,51.810655520,0.706302793,0.714794652,0,300,325.051326795,62,113,5,11,11,56.789218258,93.697871073,150.487089331,0.189297394193,0.31232623691,0.501623631103
1.0,TASK3_SERVICE_VARIABILITY_SENSITIVITY_V1,SERVICE_VARIABILITY_SCV000_ICV050,LOCAL_WINDOW_HPP_BASE,28,0,0.5,OP_SERVICE_VARIABILITY_SCV000_ICV050,fd37b40406df63f0ce0fc55e5c2df2a3f16016661be5ccc013c8ed063694ce07,TASK3_OPERATIONAL_POOLED_SERVICE_VARIABILITY_V1,202607290000,202609290281,202609290282,202609290283,202609290284,392,392,0,4.200235014,0.794698817036,0.924675318,3.686569548,49.211372071,62.648892688,92.962810005,54,43.749585531,0.691130310,0.722933365,0,300,321.801773995,28,119,8,10,10,53.538103181,197.868033837,251.406137018,0.178460343937,0.65956011279,0.838020456727
1.0,TASK3_SERVICE_VARIABILITY_SENSITIVITY_V1,SERVICE_VARIABILITY_SCV000_ICV050,LOCAL_WINDOW_HPP_BASE,29,0,0.5,OP_SERVICE_VARIABILITY_SCV000_ICV050,fd37b40406df63f0ce0fc55e5c2df2a3f16016661be5ccc013c8ed063694ce07,TASK3_OPERATIONAL_POOLED_SERVICE_VARIABILITY_V1,202607290000,202609290291,202609290292,202609290293,202609290294,424,424,0,3.700725639,0.769611299479,1.35566593,2.845405202,48.03784136,54.166258623,58.870369769,50,52.564842539,0.728857974,0.739300217,0,300,320.984371011,67,149,8,9,9,90.624447519,212.158087379,302.782534898,0.30208149173,0.707193624597,1.00927511633
1.0,TASK3_SERVICE_VARIABILITY_SENSITIVITY_V1,SERVICE_VARIABILITY_SCV000_ICV050,LOCAL_WINDOW_HPP_BASE,30,0,0.5,OP_SERVICE_VARIABILITY_SCV000_ICV050,fd37b40406df63f0ce0fc55e5c2df2a3f16016661be5ccc013c8ed063694ce07,TASK3_OPERATIONAL_POOLED_SERVICE_VARIABILITY_V1,202607290000,202609290301,202609290302,202609290303,202609290304,408,408,0,2.483191336,0.391581120272,2.15830903,1.232355418,47.677622474,55.293438083,61.77746168,58,41.069315470,0.724992593,0.727362711,0,300,323.479535266,66,69,8,5,8,98.225210361,49.244463122,147.469673483,0.32741736787,0.164148210407,0.491565578277
1.0,TASK3_SERVICE_VARIABILITY_SENSITIVITY_V1,SERVICE_VARIABILITY_SCV000_ICV050,LOCAL_WINDOW_HPP_BASE,31,0,0.5,OP_SERVICE_VARIABILITY_SCV000_ICV050,fd37b40406df63f0ce0fc55e5c2df2a3f16016661be5ccc013c8ed063694ce07,TASK3_OPERATIONAL_POOLED_SERVICE_VARIABILITY_V1,202607290000,202609290311,202609290312,202609290313,202609290314,425,425,0,7.495339248,1.24287758524,5.500617391,2.965105558,49.516374661,56.567405531,68.769237548,57,39.311193864,0.759113646,0.754785501,0,300,322.608513743,85,123,14,9,14,300.371120192,145.463123457,445.834243649,1.00123706731,0.48487707819,1.4861141455
1.0,TASK3_SERVICE_VARIABILITY_SENSITIVITY_V1,SERVICE_VARIABILITY_SCV000_ICV050,LOCAL_WINDOW_HPP_BASE,32,0,0.5,OP_SERVICE_VARIABILITY_SCV000_ICV050,fd37b40406df63f0ce0fc55e5c2df2a3f16016661be5ccc013c8ed063694ce07,TASK3_OPERATIONAL_POOLED_SERVICE_VARIABILITY_V1,202607290000,202609290321,202609290322,202609290323,202609290324,395,395,0,2.334757964,0.267463708397,0.736922897,1.565975562,46.811208572,52.925050521,61.233012347,49,39.970028285,0.704161895,0.690396552,0,300,321.634792933,32,52,4,7,7,36.570989145,69.077175672,105.648164817,0.12190329715,0.23025725224,0.35216054939
1.0,TASK3_SERVICE_VARIABILITY_SENSITIVITY_V1,SERVICE_VARIABILITY_SCV000_ICV050,LOCAL_WINDOW_HPP_BASE,33,0,0.5,OP_SERVICE_VARIABILITY_SCV000_ICV050,fd37b40406df63f0ce0fc55e5c2df2a3f16016661be5ccc013c8ed063694ce07,TASK3_OPERATIONAL_POOLED_SERVICE_VARIABILITY_V1,202607290000,202609290331,202609290332,202609290333,202609290334,428,428,0,3.468524831,0.613708667154,1.747668934,2.312318602,46.305199531,54.018073838,60.710179539,44,50.171959239,0.740761596,0.722276800,0,300,323.280295722,70,100,8,8,8,108.099481492,150.280635888,258.38011738,0.360331604973,0.50093545296,0.861267057933
1.0,TASK3_SERVICE_VARIABILITY_SENSITIVITY_V1,SERVICE_VARIABILITY_SCV000_ICV050,LOCAL_WINDOW_HPP_BASE,34,0,0.5,OP_SERVICE_VARIABILITY_SCV000_ICV050,fd37b40406df63f0ce0fc55e5c2df2a3f16016661be5ccc013c8ed063694ce07,TASK3_OPERATIONAL_POOLED_SERVICE_VARIABILITY_V1,202607290000,202609290341,202609290342,202609290343,202609290344,426,426,0,5.386210144,0.77503845557,2.795498228,3.017585271,48.810338877,58.715651592,63.815683515,65,49.490559215,0.738737604,0.767581909,0,300,326.992207927,50,117,9,9,10,121.020684953,92.07644308,213.097128033,0.403402283177,0.306921476933,0.71032376011
1.0,TASK3_SERVICE_VARIABILITY_SENSITIVITY_V1,SERVICE_VARIABILITY_SCV000_ICV050,LOCAL_WINDOW_HPP_BASE,35,0,0.5,OP_SERVICE_VARIABILITY_SCV000_ICV050,fd37b40406df63f0ce0fc55e5c2df2a3f16016661be5ccc013c8ed063694ce07,TASK3_OPERATIONAL_POOLED_SERVICE_VARIABILITY_V1,202607290000,202609290351,202609290352,202609290353,202609290354,451,451,0,6.672408266,1.61810405315,4.388955313,3.503475074,48.74432308,55.755818349,70.689560177,75,60.986273720,0.757184838,0.780344854,0,300,329.025075778,133,222,17,10,18,281.793329695,291.162481203,572.955810898,0.939311098983,0.97054160401,1.90985270299
1.0,TASK3_SERVICE_VARIABILITY_SENSITIVITY_V1,SERVICE_VARIABILITY_SCV000_ICV050,LOCAL_WINDOW_HPP_BASE,36,0,0.5,OP_SERVICE_VARIABILITY_SCV000_ICV050,fd37b40406df63f0ce0fc55e5c2df2a3f16016661be5ccc013c8ed063694ce07,TASK3_OPERATIONAL_POOLED_SERVICE_VARIABILITY_V1,202607290000,202609290361,202609290362,202609290363,202609290364,414,414,0,4.234314274,0.807949502901,0,4.221288556,49.302034037,58.820541096,89.281984669,45,43.431359790,0.730594582,0.755562222,0,300,321.446006975,11,125,3,10,10,8.262876617,326.228217584,334.491094201,0.0275429220567,1.08742739195,1.114970314
1.0,TASK3_SERVICE_VARIABILITY_SENSITIVITY_V1,SERVICE_VARIABILITY_SCV000_ICV050,LOCAL_WINDOW_HPP_BASE,37,0,0.5,OP_SERVICE_VARIABILITY_SCV000_ICV050,fd37b40406df63f0ce0fc55e5c2df2a3f16016661be5ccc013c8ed063694ce07,TASK3_OPERATIONAL_POOLED_SERVICE_VARIABILITY_V1,202607290000,202609290371,202609290372,202609290373,202609290374,408,408,0,4.233412937,0.798584192716,1.819087687,3.171184909,47.115333965,54.825037984,78.391883777,50,39.835224396,0.727625359,0.732975411,0,300,321.323681021,57,130,7,9,9,91.562228181,217.49962093,309.061849111,0.30520742727,0.724998736433,1.0302061637
1.0,TASK3_SERVICE_VARIABILITY_SENSITIVITY_V1,SERVICE_VARIABILITY_SCV000_ICV050,LOCAL_WINDOW_HPP_BASE,38,0,0.5,OP_SERVICE_VARIABILITY_SCV000_ICV050,fd37b40406df63f0ce0fc55e5c2df2a3f16016661be5ccc013c8ed063694ce07,TASK3_OPERATIONAL_POOLED_SERVICE_VARIABILITY_V1,202607290000,202609290381,202609290382,202609290383,202609290384,406,406,0,5.340556816,1.29339609539,0.000106175000013,5.079475156,52.951687194,69.707221121,104.748539343,46,32.969972079,0.738987376,0.788404448,0,300,321.203534405,21,178,4,12,12,15.599088819,484.77578822,500.374877039,0.05199696273,1.61591929407,1.6679162568
1.0,TASK3_SERVICE_VARIABILITY_SENSITIVITY_V1,SERVICE_VARIABILITY_SCV000_ICV050,LOCAL_WINDOW_HPP_BASE,39,0,0.5,OP_SERVICE_VARIABILITY_SCV000_ICV050,fd37b40406df63f0ce0fc55e5c2df2a3f16016661be5ccc013c8ed063694ce07,TASK3_OPERATIONAL_POOLED_SERVICE_VARIABILITY_V1,202607290000,202609290391,202609290392,202609290393,202609290394,388,388,0,6.026271752,0.834385932278,2.636532527,4.095255858,47.917411229,56.84801897,59.491232212,65,47.364996669,0.676958005,0.694763137,0,300,328.33297187,45,99,13,9,13,113.464385293,62.996143863,176.460529156,0.378214617643,0.20998714621,0.588201763853
1.0,TASK3_SERVICE_VARIABILITY_SENSITIVITY_V1,SERVICE_VARIABILITY_SCV000_ICV050,LOCAL_WINDOW_HPP_BASE,40,0,0.5,OP_SERVICE_VARIABILITY_SCV000_ICV050,fd37b40406df63f0ce0fc55e5c2df2a3f16016661be5ccc013c8ed063694ce07,TASK3_OPERATIONAL_POOLED_SERVICE_VARIABILITY_V1,202607290000,202609290401,202609290402,202609290403,202609290404,399,399,0,6.329966631,1.09567096817,0,5.015416656,48.379412889,58.488497243,71.767984097,61,40.775588887,0.709611221,0.738596752,0,300,324.442115729,17,120,9,13,13,74.023482034,299.70628218,373.729764214,0.246744940113,0.9990209406,1.24576588071
1.0,TASK3_SERVICE_VARIABILITY_SENSITIVITY_V1,SERVICE_VARIABILITY_SCV000_ICV050,LOCAL_WINDOW_HPP_BASE,41,0,0.5,OP_SERVICE_VARIABILITY_SCV000_ICV050,fd37b40406df63f0ce0fc55e5c2df2a3f16016661be5ccc013c8ed063694ce07,TASK3_OPERATIONAL_POOLED_SERVICE_VARIABILITY_V1,202607290000,202609290411,202609290412,202609290413,202609290414,416,416,0,2.713558132,0.427567013361,1.992863908,1.247120486,46.033585287,55.077103033,62.585610422,41,61.171633998,0.698064821,0.673012130,0,300,321.367218497,67,58,8,6,8,106.737444049,71.130433509,177.867877558,0.355791480163,0.23710144503,0.592892925193
1.0,TASK3_SERVICE_VARIABILITY_SENSITIVITY_V1,SERVICE_VARIABILITY_SCV000_ICV050,LOCAL_WINDOW_HPP_BASE,42,0,0.5,OP_SERVICE_VARIABILITY_SCV000_ICV050,fd37b40406df63f0ce0fc55e5c2df2a3f16016661be5ccc013c8ed063694ce07,TASK3_OPERATIONAL_POOLED_SERVICE_VARIABILITY_V1,202607290000,202609290421,202609290422,202609290423,202609290424,403,403,0,5.619180448,1.07185549509,4.879852137,2.425132666,48.290738318,58.701383214,68.279328178,49,58.089567113,0.682070763,0.712494567,0,300,321.308413002,85,95,13,7,14,283.779242241,145.539368538,429.318610779,0.94593080747,0.48513122846,1.43106203593
1.0,TASK3_SERVICE_VARIABILITY_SENSITIVITY_V1,SERVICE_VARIABILITY_SCV000_ICV050,LOCAL_WINDOW_HPP_BASE,43,0,0.5,OP_SERVICE_VARIABILITY_SCV000_ICV050,fd37b40406df63f0ce0fc55e5c2df2a3f16016661be5ccc013c8ed063694ce07,TASK3_OPERATIONAL_POOLED_SERVICE_VARIABILITY_V1,202607290000,202609290431,202609290432,202609290433,202609290434,407,407,0,4.713968903,0.768934898317,3.034400343,2.627906153,48.077409386,56.588921821,61.374339189,51,38.453064303,0.728806126,0.725197673,0,300,321.6918889,77,71,10,9,10,180.578559983,52.367498107,232.94605809,0.601928533277,0.174558327023,0.7764868603
1.0,TASK3_SERVICE_VARIABILITY_SENSITIVITY_V1,SERVICE_VARIABILITY_SCV000_ICV050,LOCAL_WINDOW_HPP_BASE,44,0,0.5,OP_SERVICE_VARIABILITY_SCV000_ICV050,fd37b40406df63f0ce0fc55e5c2df2a3f16016661be5ccc013c8ed063694ce07,TASK3_OPERATIONAL_POOLED_SERVICE_VARIABILITY_V1,202607290000,202609290441,202609290442,202609290443,202609290444,366,366,0,0.819322669,0.0929724533388,0,0.819322669,46.142278364,56.278910682,64.295151622,43,44.559544106,0.643773146,0.676976074,0,300,320.476554778,0,29,0,5,5,0,31.464830937,31.464830937,0,0.10488276979,0.10488276979
1.0,TASK3_SERVICE_VARIABILITY_SENSITIVITY_V1,SERVICE_VARIABILITY_SCV000_ICV050,LOCAL_WINDOW_HPP_BASE,45,0,0.5,OP_SERVICE_VARIABILITY_SCV000_ICV050,fd37b40406df63f0ce0fc55e5c2df2a3f16016661be5ccc013c8ed063694ce07,TASK3_OPERATIONAL_POOLED_SERVICE_VARIABILITY_V1,202607290000,202609290451,202609290452,202609290453,202609290454,399,399,0,2.115790444,0.263844533038,0.463305091,1.361826755,47.260008408,58.274023361,83.14380754,49,49.473637091,0.691949710,0.704025066,0,300,322.735538816,20,64,7,6,7,41.998178445,56.413776041,98.411954486,0.13999392815,0.188045920137,0.328039848287
1.0,TASK3_SERVICE_VARIABILITY_SENSITIVITY_V1,SERVICE_VARIABILITY_SCV000_ICV050,LOCAL_WINDOW_HPP_BASE,46,0,0.5,OP_SERVICE_VARIABILITY_SCV000_ICV050,fd37b40406df63f0ce0fc55e5c2df2a3f16016661be5ccc013c8ed063694ce07,TASK3_OPERATIONAL_POOLED_SERVICE_VARIABILITY_V1,202607290000,202609290461,202609290462,202609290463,202609290464,452,452,0,7.634388805,1.83005321018,5.151774542,4.07071729,50.096381107,59.124270145,74.756263611,60,43.456400472,0.797595833,0.793178257,0,300,324.240931427,183,174,15,12,15,435.186801333,295.325987658,730.512788991,1.45062267111,0.98441995886,2.43504262997
1.0,TASK3_SERVICE_VARIABILITY_SENSITIVITY_V1,SERVICE_VARIABILITY_SCV000_ICV050,LOCAL_WINDOW_HPP_BASE,47,0,0.5,OP_SERVICE_VARIABILITY_SCV000_ICV050,fd37b40406df63f0ce0fc55e5c2df2a3f16016661be5ccc013c8ed063694ce07,TASK3_OPERATIONAL_POOLED_SERVICE_VARIABILITY_V1,202607290000,202609290471,202609290472,202609290473,202609290474,385,385,0,1.204799072,0.141585453836,0,1.186899949,47.52860154,59.785532462,77.618653063,38,47.551483486,0.671363365,0.687421967,0,300,321.574566537,6,60,2,4,4,2.681634024,51.828765703,54.510399727,0.00893878008,0.172762552343,0.181701332423
1.0,TASK3_SERVICE_VARIABILITY_SENSITIVITY_V1,SERVICE_VARIABILITY_SCV000_ICV050,LOCAL_WINDOW_HPP_BASE,48,0,0.5,OP_SERVICE_VARIABILITY_SCV000_ICV050,fd37b40406df63f0ce0fc55e5c2df2a3f16016661be5ccc013c8ed063694ce07,TASK3_OPERATIONAL_POOLED_SERVICE_VARIABILITY_V1,202607290000,202609290481,202609290482,202609290483,202609290484,416,416,0,11.454833328,2.32178402729,5.519534371,8.076427919,53.157420159,65.613329609,72.233875008,50,47.090133367,0.726385419,0.761160427,0,300,321.182435039,104,151,14,16,16,335.54222633,626.959525282,962.501751612,1.11847408777,2.08986508427,3.20833917204
1.0,TASK3_SERVICE_VARIABILITY_SENSITIVITY_V1,SERVICE_VARIABILITY_SCV000_ICV050,LOCAL_WINDOW_HPP_BASE,49,0,0.5,OP_SERVICE_VARIABILITY_SCV000_ICV050,fd37b40406df63f0ce0fc55e5c2df2a3f16016661be5ccc013c8ed063694ce07,TASK3_OPERATIONAL_POOLED_SERVICE_VARIABILITY_V1,202607290000,202609290491,202609290492,202609290493,202609290494,423,423,0,6.366222031,1.69735057641,3.429093407,5.860246907,48.521267859,55.626588784,80.756563573,51,37.539444914,0.759507193,0.777885376,0,300,319.907357814,95,185,13,12,13,205.447170595,511.812845622,717.260016217,0.684823901983,1.70604281874,2.39086672072
1.0,TASK3_SERVICE_VARIABILITY_SENSITIVITY_V1,SERVICE_VARIABILITY_SCV000_ICV050,LOCAL_WINDOW_HPP_BASE,50,0,0.5,OP_SERVICE_VARIABILITY_SCV000_ICV050,fd37b40406df63f0ce0fc55e5c2df2a3f16016661be5ccc013c8ed063694ce07,TASK3_OPERATIONAL_POOLED_SERVICE_VARIABILITY_V1,202607290000,202609290501,202609290502,202609290503,202609290504,414,414,0,5.714852598,1.1273453025,2.494612442,3.906179089,51.568538859,65.041897852,85.737540786,53,42.873959392,0.731782289,0.754974716,0,300,323.949561921,66,143,7,10,12,126.20050844,295.15982772,421.36033616,0.420668361467,0.9838660924,1.40453445387
1.0,TASK3_SERVICE_VARIABILITY_SENSITIVITY_V1,SERVICE_VARIABILITY_SCV000_ICV100,LOCAL_WINDOW_HPP_BASE,1,0,1,OP_SERVICE_VARIABILITY_SCV000_ICV100,de9a50bbb1efcb3c02afa0f609209384c42f3c64965224fe8bc223d9458f3052,TASK3_OPERATIONAL_POOLED_SERVICE_VARIABILITY_V1,202607290000,202609290011,202609290012,202609290013,202609290014,396,396,0,2.536284628,0.292503889909,0.190262896,2.461406835,52.806387981,90.120856502,151.340295246,38,130.700958998,0.557231172,0.547325302,0,300,321.701527801,22,47,4,9,9,22.765344416,93.066195988,115.831540404,0.0758844813867,0.310220653293,0.38610513468
1.0,TASK3_SERVICE_VARIABILITY_SENSITIVITY_V1,SERVICE_VARIABILITY_SCV000_ICV100,LOCAL_WINDOW_HPP_BASE,2,0,1,OP_SERVICE_VARIABILITY_SCV000_ICV100,de9a50bbb1efcb3c02afa0f609209384c42f3c64965224fe8bc223d9458f3052,TASK3_OPERATIONAL_POOLED_SERVICE_VARIABILITY_V1,202607290000,202609290021,202609290022,202609290023,202609290024,442,442,0,4.110488792,1.01748684219,2.433340877,3.167208181,54.618158208,79.105719571,99.456693623,60,67.185641493,0.729545923,0.710754514,0,300,326.95819586,105,162,8,8,8,135.517778944,287.800724832,423.318503776,0.451725929813,0.95933574944,1.41106167925
1.0,TASK3_SERVICE_VARIABILITY_SENSITIVITY_V1,SERVICE_VARIABILITY_SCV000_ICV100,LOCAL_WINDOW_HPP_BASE,3,0,1,OP_SERVICE_VARIABILITY_SCV000_ICV100,de9a50bbb1efcb3c02afa0f609209384c42f3c64965224fe8bc223d9458f3052,TASK3_OPERATIONAL_POOLED_SERVICE_VARIABILITY_V1,202607290000,202609290031,202609290032,202609290033,202609290034,393,393,0,2.145035157,0.357630181046,0.481609869,1.979844882,61.383267271,114.637371514,175.102404495,44,96.155523400,0.601233112,0.667141476,0,300,321.76039242,31,83,4,6,6,33.365201114,106.681990153,140.047191267,0.111217337047,0.355606633843,0.46682397089
1.0,TASK3_SERVICE_VARIABILITY_SENSITIVITY_V1,SERVICE_VARIABILITY_SCV000_ICV100,LOCAL_WINDOW_HPP_BASE,4,0,1,OP_SERVICE_VARIABILITY_SCV000_ICV100,de9a50bbb1efcb3c02afa0f609209384c42f3c64965224fe8bc223d9458f3052,TASK3_OPERATIONAL_POOLED_SERVICE_VARIABILITY_V1,202607290000,202609290041,202609290042,202609290043,202609290044,410,410,0,3.330296278,0.465349836676,0,3.330296278,59.358143491,74.71426052,123.386175966,56,94.319304441,0.630161510,0.663278632,0,300,328.349742229,19,75,3,8,8,12.832413913,56.130903694,68.963317607,0.0427747130433,0.187103012313,0.229877725357
1.0,TASK3_SERVICE_VARIABILITY_SENSITIVITY_V1,SERVICE_VARIABILITY_SCV000_ICV100,LOCAL_WINDOW_HPP_BASE,5,0,1,OP_SERVICE_VARIABILITY_SCV000_ICV100,de9a50bbb1efcb3c02afa0f609209384c42f3c64965224fe8bc223d9458f3052,TASK3_OPERATIONAL_POOLED_SERVICE_VARIABILITY_V1,202607290000,202609290051,202609290052,202609290053,202609290054,388,388,0,1.635389917,0.196165086649,0.85801562,0.689909038,59.18205852,99.173349688,149.154287679,28,71.724212665,0.632596713,0.659968360,0,300,320.55701864,31,46,5,4,5,38.031079305,38.080974315,76.11205362,0.12677026435,0.12693658105,0.2537068454
1.0,TASK3_SERVICE_VARIABILITY_SENSITIVITY_V1,SERVICE_VARIABILITY_SCV000_ICV100,LOCAL_WINDOW_HPP_BASE,6,0,1,OP_SERVICE_VARIABILITY_SCV000_ICV100,de9a50bbb1efcb3c02afa0f609209384c42f3c64965224fe8bc223d9458f3052,TASK3_OPERATIONAL_POOLED_SERVICE_VARIABILITY_V1,202607290000,202609290061,202609290062,202609290063,202609290064,419,419,0,2.291956897,0.370932093673,0.855258499,1.791788219,58.398646277,77.422304597,113.846089562,52,78.264190227,0.671328137,0.665238714,0,300,321.20792398,55,93,3,6,6,42.66132548,73.056423378,115.717748858,0.142204418267,0.24352141126,0.385725829527
1.0,TASK3_SERVICE_VARIABILITY_SENSITIVITY_V1,SERVICE_VARIABILITY_SCV000_ICV100,LOCAL_WINDOW_HPP_BASE,7,0,1,OP_SERVICE_VARIABILITY_SCV000_ICV100,de9a50bbb1efcb3c02afa0f609209384c42f3c64965224fe8bc223d9458f3052,TASK3_OPERATIONAL_POOLED_SERVICE_VARIABILITY_V1,202607290000,202609290071,202609290072,202609290073,202609290074,408,408,0,4.146173977,0.640497956152,1.333000692,3.800805005,58.923548078,80.769672408,104.524564418,57,71.875070854,0.664934938,0.672829380,0,300,325.502071602,47,94,8,9,9,65.866752879,56.32679433,122.193547209,0.21955584293,0.1877559811,0.40731182403
1.0,TASK3_SERVICE_VARIABILITY_SENSITIVITY_V1,SERVICE_VARIABILITY_SCV000_ICV100,LOCAL_WINDOW_HPP_BASE,8,0,1,OP_SERVICE_VARIABILITY_SCV000_ICV100,de9a50bbb1efcb3c02afa0f609209384c42f3c64965224fe8bc223d9458f3052,TASK3_OPERATIONAL_POOLED_SERVICE_VARIABILITY_V1,202607290000,202609290081,202609290082,202609290083,202609290084,442,442,0,5.622732077,1.51338443986,5.258285645,2.809513908,57.340965936,76.790649292,104.156986887,39,74.617258327,0.715073270,0.696653059,0,300,320.652413957,151,133,13,8,13,460.908187986,208.007734432,668.915922418,1.53636062662,0.693359114773,2.22971974139
1.0,TASK3_SERVICE_VARIABILITY_SENSITIVITY_V1,SERVICE_VARIABILITY_SCV000_ICV100,LOCAL_WINDOW_HPP_BASE,9,0,1,OP_SERVICE_VARIABILITY_SCV000_ICV100,de9a50bbb1efcb3c02afa0f609209384c42f3c64965224fe8bc223d9458f3052,TASK3_OPERATIONAL_POOLED_SERVICE_VARIABILITY_V1,202607290000,202609290091,202609290092,202609290093,202609290094,395,395,0,3.873197102,0.82533681,2.42724877,2.835114953,59.676423306,89.58638377,178.211211104,53,132.152989525,0.553956458,0.590981080,0,300,323.553501568,65,124,8,8,11,133.426208411,125.153606754,258.579815165,0.444754028037,0.41717868918,0.861932717217
1.0,TASK3_SERVICE_VARIABILITY_SENSITIVITY_V1,SERVICE_VARIABILITY_SCV000_ICV100,LOCAL_WINDOW_HPP_BASE,10,0,1,OP_SERVICE_VARIABILITY_SCV000_ICV100,de9a50bbb1efcb3c02afa0f609209384c42f3c64965224fe8bc223d9458f3052,TASK3_OPERATIONAL_POOLED_SERVICE_VARIABILITY_V1,202607290000,202609290101,202609290102,202609290103,202609290104,394,394,0,4.659143577,0.581678576637,0.165118014,4.659143577,56.131364522,85.62483071,109.67911902,50,63.995647096,0.656018501,0.632943106,0,300,321.733050789,24,67,4,9,9,24.917294624,202.774706929,227.692001553,0.0830576487467,0.675915689763,0.75897333851
1.0,TASK3_SERVICE_VARIABILITY_SENSITIVITY_V1,SERVICE_VARIABILITY_SCV000_ICV100,LOCAL_WINDOW_HPP_BASE,11,0,1,OP_SERVICE_VARIABILITY_SCV000_ICV100,de9a50bbb1efcb3c02afa0f609209384c42f3c64965224fe8bc223d9458f3052,TASK3_OPERATIONAL_POOLED_SERVICE_VARIABILITY_V1,202607290000,202609290111,202609290112,202609290113,202609290114,409,409,0,4.474821071,1.0612438932,2.482026498,3.790610823,64.574270274,87.289232422,104.115867427,39,60.661726412,0.687288863,0.711059821,0,300,321.795505588,70,142,7,10,10,117.989309439,316.05944288,434.048752319,0.39329769813,1.05353147627,1.4468291744
1.0,TASK3_SERVICE_VARIABILITY_SENSITIVITY_V1,SERVICE_VARIABILITY_SCV000_ICV100,LOCAL_WINDOW_HPP_BASE,12,0,1,OP_SERVICE_VARIABILITY_SCV000_ICV100,de9a50bbb1efcb3c02afa0f609209384c42f3c64965224fe8bc223d9458f3052,TASK3_OPERATIONAL_POOLED_SERVICE_VARIABILITY_V1,202607290000,202609290121,202609290122,202609290123,202609290124,423,423,0,4.252180219,0.538482602818,3.594318012,0.890561583,55.974062637,67.98753227,94.701239403,49,90.014706574,0.657317870,0.640111018,0,300,322.402959699,82,55,14,4,14,181.691169262,42.964805647,224.655974909,0.605637230873,0.143216018823,0.748853249697
1.0,TASK3_SERVICE_VARIABILITY_SENSITIVITY_V1,SERVICE_VARIABILITY_SCV000_ICV100,LOCAL_WINDOW_HPP_BASE,13,0,1,OP_SERVICE_VARIABILITY_SCV000_ICV100,de9a50bbb1efcb3c02afa0f609209384c42f3c64965224fe8bc223d9458f3052,TASK3_OPERATIONAL_POOLED_SERVICE_VARIABILITY_V1,202607290000,202609290131,202609290132,202609290133,202609290134,455,455,0,20.187910263,6.7929924666,15.311140781,8.604651284,65.125307456,86.917977637,138.162188927,49,52.387410187,0.782540942,0.753685976,0,300,321.623415863,226,213,32,20,32,2235.60527447,855.206297836,3090.81157231,7.45201758156,2.85068765945,10.302705241
1.0,TASK3_SERVICE_VARIABILITY_SENSITIVITY_V1,SERVICE_VARIABILITY_SCV000_ICV100,LOCAL_WINDOW_HPP_BASE,14,0,1,OP_SERVICE_VARIABILITY_SCV000_ICV100,de9a50bbb1efcb3c02afa0f609209384c42f3c64965224fe8bc223d9458f3052,TASK3_OPERATIONAL_POOLED_SERVICE_VARIABILITY_V1,202607290000,202609290141,202609290142,202609290143,202609290144,374,374,0,3.676993513,0.48773571723,0.485602555,2.923110121,53.791639383,94.580024651,120.620913736,29,81.122315359,0.594734702,0.591499246,0,300,320.71948482,27,75,5,8,8,39.5280524,142.885105844,182.413158244,0.131760174667,0.476283686147,0.608043860813
1.0,TASK3_SERVICE_VARIABILITY_SENSITIVITY_V1,SERVICE_VARIABILITY_SCV000_ICV100,LOCAL_WINDOW_HPP_BASE,15,0,1,OP_SERVICE_VARIABILITY_SCV000_ICV100,de9a50bbb1efcb3c02afa0f609209384c42f3c64965224fe8bc223d9458f3052,TASK3_OPERATIONAL_POOLED_SERVICE_VARIABILITY_V1,202607290000,202609290151,202609290152,202609290153,202609290154,386,386,0,2.540430899,0.274575557474,1.783448806,1.044373085,55.018444671,85.179918385,136.231456732,39,71.143729800,0.630320211,0.595643663,0,300,320.864251907,40,47,7,3,7,64.467384992,41.518780193,105.986165185,0.214891283307,0.138395933977,0.353287217283
1.0,TASK3_SERVICE_VARIABILITY_SENSITIVITY_V1,SERVICE_VARIABILITY_SCV000_ICV100,LOCAL_WINDOW_HPP_BASE,16,0,1,OP_SERVICE_VARIABILITY_SCV000_ICV100,de9a50bbb1efcb3c02afa0f609209384c42f3c64965224fe8bc223d9458f3052,TASK3_OPERATIONAL_POOLED_SERVICE_VARIABILITY_V1,202607290000,202609290161,202609290162,202609290163,202609290164,401,401,0,3.169465182,0.363518186673,0.815556016,2.363530027,52.383546344,91.963470621,107.910458853,63,75.361388908,0.647456851,0.604953339,0,300,325.80854458,43,54,4,8,8,33.827733972,21.162711472,54.990445444,0.11275911324,0.0705423715733,0.183301484813
1.0,TASK3_SERVICE_VARIABILITY_SENSITIVITY_V1,SERVICE_VARIABILITY_SCV000_ICV100,LOCAL_WINDOW_HPP_BASE,17,0,1,OP_SERVICE_VARIABILITY_SCV000_ICV100,de9a50bbb1efcb3c02afa0f609209384c42f3c64965224fe8bc223d9458f3052,TASK3_OPERATIONAL_POOLED_SERVICE_VARIABILITY_V1,202607290000,202609290171,202609290172,202609290173,202609290174,429,429,0,5.541816148,0.891510124881,4.648105408,1.849835295,56.314815205,89.283453878,133.322318223,54,71.584946971,0.699705416,0.687987536,0,300,321.256800365,111,91,12,7,12,270.357802583,80.546886115,350.904688698,0.901192675277,0.268489620383,1.16968229566
1.0,TASK3_SERVICE_VARIABILITY_SENSITIVITY_V1,SERVICE_VARIABILITY_SCV000_ICV100,LOCAL_WINDOW_HPP_BASE,18,0,1,OP_SERVICE_VARIABILITY_SCV000_ICV100,de9a50bbb1efcb3c02afa0f609209384c42f3c64965224fe8bc223d9458f3052,TASK3_OPERATIONAL_POOLED_SERVICE_VARIABILITY_V1,202607290000,202609290181,202609290182,202609290183,202609290184,419,419,0,4.094613976,0.615895893248,3.064540122,2.404627081,58.027933423,83.353612779,92.151414593,50,52.830716449,0.719720200,0.704692763,0,300,323.971793179,72,67,7,7,7,140.917752792,77.646170448,218.56392324,0.46972584264,0.25882056816,0.7285464108
1.0,TASK3_SERVICE_VARIABILITY_SENSITIVITY_V1,SERVICE_VARIABILITY_SCV000_ICV100,LOCAL_WINDOW_HPP_BASE,19,0,1,OP_SERVICE_VARIABILITY_SCV000_ICV100,de9a50bbb1efcb3c02afa0f609209384c42f3c64965224fe8bc223d9458f3052,TASK3_OPERATIONAL_POOLED_SERVICE_VARIABILITY_V1,202607290000,202609290191,202609290192,202609290193,202609290194,445,445,0,2.523258664,0.521545283587,1.066559725,2.390723455,56.688475526,72.183049937,120.821976452,57,49.510988259,0.771640889,0.742127849,0,300,323.959889132,83,108,5,8,8,65.549836618,162.311352182,227.8611888,0.218499455393,0.541037840607,0.759537296
1.0,TASK3_SERVICE_VARIABILITY_SENSITIVITY_V1,SERVICE_VARIABILITY_SCV000_ICV100,LOCAL_WINDOW_HPP_BASE,20,0,1,OP_SERVICE_VARIABILITY_SCV000_ICV100,de9a50bbb1efcb3c02afa0f609209384c42f3c64965224fe8bc223d9458f3052,TASK3_OPERATIONAL_POOLED_SERVICE_VARIABILITY_V1,202607290000,202609290201,202609290202,202609290203,202609290204,418,418,0,3.892011614,0.903168994139,2.136083863,3.892011614,61.283124362,86.235316799,145.172031504,50,74.289997316,0.676837039,0.732131700,0,300,321.796773727,55,173,6,9,9,96.900051073,269.197168565,366.097219638,0.323000170243,0.897323895217,1.22032406546
1.0,TASK3_SERVICE_VARIABILITY_SENSITIVITY_V1,SERVICE_VARIABILITY_SCV000_ICV100,LOCAL_WINDOW_HPP_BASE,21,0,1,OP_SERVICE_VARIABILITY_SCV000_ICV100,de9a50bbb1efcb3c02afa0f609209384c42f3c64965224fe8bc223d9458f3052,TASK3_OPERATIONAL_POOLED_SERVICE_VARIABILITY_V1,202607290000,202609290211,202609290212,202609290213,202609290214,417,417,0,13.225023028,3.48699656028,4.49926947,10.542144795,62.155654074,94.545172403,119.002857159,56,59.300531444,0.703386860,0.727331649,0,300,323.562959899,115,172,12,22,29,316.468067283,1134.19248313,1450.66055041,1.05489355761,3.78064161044,4.83553516805
1.0,TASK3_SERVICE_VARIABILITY_SENSITIVITY_V1,SERVICE_VARIABILITY_SCV000_ICV100,LOCAL_WINDOW_HPP_BASE,22,0,1,OP_SERVICE_VARIABILITY_SCV000_ICV100,de9a50bbb1efcb3c02afa0f609209384c42f3c64965224fe8bc223d9458f3052,TASK3_OPERATIONAL_POOLED_SERVICE_VARIABILITY_V1,202607290000,202609290221,202609290222,202609290223,202609290224,410,410,0,2.570186973,0.439998821371,0.927556248,1.930927138,59.227700357,105.166217915,188.357444641,48,124.842189249,0.584887412,0.638464277,0,300,321.412573287,29,96,7,5,7,57.749077522,98.953356867,156.702434389,0.192496925073,0.32984452289,0.522341447963
1.0,TASK3_SERVICE_VARIABILITY_SENSITIVITY_V1,SERVICE_VARIABILITY_SCV000_ICV100,LOCAL_WINDOW_HPP_BASE,23,0,1,OP_SERVICE_VARIABILITY_SCV000_ICV100,de9a50bbb1efcb3c02afa0f609209384c42f3c64965224fe8bc223d9458f3052,TASK3_OPERATIONAL_POOLED_SERVICE_VARIABILITY_V1,202607290000,202609290231,202609290232,202609290233,202609290234,439,439,0,6.146730055,1.5972548899,3.407615906,6.146730055,60.140522362,80.204036089,142.891555754,53,59.014120010,0.741086746,0.751644630,0,300,322.784398469,107,168,8,12,12,222.316791695,346.093636407,568.410428102,0.741055972317,1.15364545469,1.89470142701
1.0,TASK3_SERVICE_VARIABILITY_SENSITIVITY_V1,SERVICE_VARIABILITY_SCV000_ICV100,LOCAL_WINDOW_HPP_BASE,24,0,1,OP_SERVICE_VARIABILITY_SCV000_ICV100,de9a50bbb1efcb3c02afa0f609209384c42f3c64965224fe8bc223d9458f3052,TASK3_OPERATIONAL_POOLED_SERVICE_VARIABILITY_V1,202607290000,202609290241,202609290242,202609290243,202609290244,412,412,0,4.054271936,0.662112213633,0.884047013,3.649465328,63.821923265,84.365676408,123.687698652,62,75.811001450,0.664421661,0.703582569,0,300,328.079311813,39,114,8,10,10,33.963493066,169.875256773,203.838749839,0.113211643553,0.56625085591,0.679462499463
1.0,TASK3_SERVICE_VARIABILITY_SENSITIVITY_V1,SERVICE_VARIABILITY_SCV000_ICV100,LOCAL_WINDOW_HPP_BASE,25,0,1,OP_SERVICE_VARIABILITY_SCV000_ICV100,de9a50bbb1efcb3c02afa0f609209384c42f3c64965224fe8bc223d9458f3052,TASK3_OPERATIONAL_POOLED_SERVICE_VARIABILITY_V1,202607290000,202609290251,202609290252,202609290253,202609290254,424,424,0,5.932212903,1.50561426659,1.872722036,4.996958698,54.949596305,91.790773802,125.121536907,56,50.220991432,0.733735850,0.732998809,0,300,322.878976422,75,167,9,12,12,101.703715877,530.809443238,632.513159115,0.339012386257,1.76936481079,2.10837719705
1.0,TASK3_SERVICE_VARIABILITY_SENSITIVITY_V1,SERVICE_VARIABILITY_SCV000_ICV100,LOCAL_WINDOW_HPP_BASE,26,0,1,OP_SERVICE_VARIABILITY_SCV000_ICV100,de9a50bbb1efcb3c02afa0f609209384c42f3c64965224fe8bc223d9458f3052,TASK3_OPERATIONAL_POOLED_SERVICE_VARIABILITY_V1,202607290000,202609290261,202609290262,202609290263,202609290264,419,419,0,4.263276962,0.9566834081,2.721603684,2.994034609,60.179437174,101.57482371,164.624961495,49,115.307514889,0.611449070,0.655976240,0,300,321.010066237,96,160,10,9,10,172.699499849,224.29573105,396.995230899,0.575664999497,0.747652436833,1.32331743633
1.0,TASK3_SERVICE_VARIABILITY_SENSITIVITY_V1,SERVICE_VARIABILITY_SCV000_ICV100,LOCAL_WINDOW_HPP_BASE,27,0,1,OP_SERVICE_VARIABILITY_SCV000_ICV100,de9a50bbb1efcb3c02afa0f609209384c42f3c64965224fe8bc223d9458f3052,TASK3_OPERATIONAL_POOLED_SERVICE_VARIABILITY_V1,202607290000,202609290271,202609290272,202609290273,202609290274,410,410,0,4.731723257,0.696136351661,1.212038067,4.460228325,58.393594015,81.792669854,210.50799069,60,174.463754894,0.523717241,0.529412321,0,300,326.672202761,62,89,5,13,13,56.789218258,71.167859659,127.957077917,0.189297394193,0.237226198863,0.426523593057
1.0,TASK3_SERVICE_VARIABILITY_SENSITIVITY_V1,SERVICE_VARIABILITY_SCV000_ICV100,LOCAL_WINDOW_HPP_BASE,28,0,1,OP_SERVICE_VARIABILITY_SCV000_ICV100,de9a50bbb1efcb3c02afa0f609209384c42f3c64965224fe8bc223d9458f3052,TASK3_OPERATIONAL_POOLED_SERVICE_VARIABILITY_V1,202607290000,202609290281,202609290282,202609290283,202609290284,392,392,0,8.358171795,1.87635657948,0.924675318,7.456265304,64.085542502,105.928769383,245.62755776,62,76.514751715,0.630986585,0.694007254,0,300,329.213409983,28,152,8,15,15,53.538103181,437.272675089,490.81077827,0.178460343937,1.45757558363,1.63603592757
1.0,TASK3_SERVICE_VARIABILITY_SENSITIVITY_V1,SERVICE_VARIABILITY_SCV000_ICV100,LOCAL_WINDOW_HPP_BASE,29,0,1,OP_SERVICE_VARIABILITY_SCV000_ICV100,de9a50bbb1efcb3c02afa0f609209384c42f3c64965224fe8bc223d9458f3052,TASK3_OPERATIONAL_POOLED_SERVICE_VARIABILITY_V1,202607290000,202609290291,202609290292,202609290293,202609290294,424,424,0,3.445863451,0.599930551491,1.35566593,2.068900308,58.470172487,77.613482111,92.697915062,52,75.677622901,0.684016511,0.681950112,0,300,321.346268737,67,119,8,9,9,90.624447519,127.323034978,217.947482497,0.30208149173,0.424410116593,0.726491608323
1.0,TASK3_SERVICE_VARIABILITY_SENSITIVITY_V1,SERVICE_VARIABILITY_SCV000_ICV100,LOCAL_WINDOW_HPP_BASE,30,0,1,OP_SERVICE_VARIABILITY_SCV000_ICV100,de9a50bbb1efcb3c02afa0f609209384c42f3c64965224fe8bc223d9458f3052,TASK3_OPERATIONAL_POOLED_SERVICE_VARIABILITY_V1,202607290000,202609290301,202609290302,202609290303,202609290304,408,408,0,2.301076427,0.32127465415,2.15830903,0.645730066,59.385118721,81.316858712,102.79069556,58,63.236946654,0.680747731,0.666984279,0,300,324.486699629,66,42,8,4,8,98.225210361,23.608322357,121.833532718,0.32741736787,0.0786944078567,0.406111775727
1.0,TASK3_SERVICE_VARIABILITY_SENSITIVITY_V1,SERVICE_VARIABILITY_SCV000_ICV100,LOCAL_WINDOW_HPP_BASE,31,0,1,OP_SERVICE_VARIABILITY_SCV000_ICV100,de9a50bbb1efcb3c02afa0f609209384c42f3c64965224fe8bc223d9458f3052,TASK3_OPERATIONAL_POOLED_SERVICE_VARIABILITY_V1,202607290000,202609290311,202609290312,202609290313,202609290314,425,425,0,7.815756627,1.2536197444,5.500617391,3.591271612,59.729018698,82.550927402,129.40499049,57,47.511331811,0.741201031,0.717402548,0,300,324.285952685,85,102,14,10,14,300.371120192,105.102409112,405.473529304,1.00123706731,0.350341363707,1.35157843101
1.0,TASK3_SERVICE_VARIABILITY_SENSITIVITY_V1,SERVICE_VARIABILITY_SCV000_ICV100,LOCAL_WINDOW_HPP_BASE,32,0,1,OP_SERVICE_VARIABILITY_SCV000_ICV100,de9a50bbb1efcb3c02afa0f609209384c42f3c64965224fe8bc223d9458f3052,TASK3_OPERATIONAL_POOLED_SERVICE_VARIABILITY_V1,202607290000,202609290321,202609290322,202609290323,202609290324,395,395,0,1.94390162,0.208109596843,0.736922897,0.733884525,57.230089492,73.895607912,100.856351196,46,50.626561298,0.682760423,0.639176860,0,300,321.634792933,32,28,4,7,7,36.570989145,45.632301608,82.203290753,0.12190329715,0.152107672027,0.274010969177
1.0,TASK3_SERVICE_VARIABILITY_SENSITIVITY_V1,SERVICE_VARIABILITY_SCV000_ICV100,LOCAL_WINDOW_HPP_BASE,33,0,1,OP_SERVICE_VARIABILITY_SCV000_ICV100,de9a50bbb1efcb3c02afa0f609209384c42f3c64965224fe8bc223d9458f3052,TASK3_OPERATIONAL_POOLED_SERVICE_VARIABILITY_V1,202607290000,202609290331,202609290332,202609290333,202609290334,428,428,0,3.020655153,0.470089986376,1.747668934,1.655779618,54.69557165,76.479888986,99.01788151,41,72.860140263,0.695686965,0.643323377,0,300,320.891069489,70,65,8,8,8,108.099481492,93.099032677,201.198514169,0.360331604973,0.310330108923,0.670661713897
1.0,TASK3_SERVICE_VARIABILITY_SENSITIVITY_V1,SERVICE_VARIABILITY_SCV000_ICV100,LOCAL_WINDOW_HPP_BASE,34,0,1,OP_SERVICE_VARIABILITY_SCV000_ICV100,de9a50bbb1efcb3c02afa0f609209384c42f3c64965224fe8bc223d9458f3052,TASK3_OPERATIONAL_POOLED_SERVICE_VARIABILITY_V1,202607290000,202609290341,202609290342,202609290343,202609290344,426,426,0,9.299159429,1.42324154546,2.795498228,6.895014435,59.945338234,90.105614243,110.211024209,70,68.106732908,0.701377604,0.736385920,0,300,331.270871105,50,138,9,14,16,121.020684953,209.350207321,330.370892274,0.403402283177,0.697834024403,1.10123630758
1.0,TASK3_SERVICE_VARIABILITY_SENSITIVITY_V1,SERVICE_VARIABILITY_SCV000_ICV100,LOCAL_WINDOW_HPP_BASE,35,0,1,OP_SERVICE_VARIABILITY_SCV000_ICV100,de9a50bbb1efcb3c02afa0f609209384c42f3c64965224fe8bc223d9458f3052,TASK3_OPERATIONAL_POOLED_SERVICE_VARIABILITY_V1,202607290000,202609290351,202609290352,202609290353,202609290354,451,451,0,6.951313474,1.49990136077,4.388955313,3.617831952,59.484045024,78.808373957,126.432292777,74,116.729006320,0.655901867,0.666850720,0,300,330.399372377,133,194,17,10,17,281.793329695,222.608899161,504.402228856,0.939311098983,0.74202966387,1.68134076285
1.0,TASK3_SERVICE_VARIABILITY_SENSITIVITY_V1,SERVICE_VARIABILITY_SCV000_ICV100,LOCAL_WINDOW_HPP_BASE,36,0,1,OP_SERVICE_VARIABILITY_SCV000_ICV100,de9a50bbb1efcb3c02afa0f609209384c42f3c64965224fe8bc223d9458f3052,TASK3_OPERATIONAL_POOLED_SERVICE_VARIABILITY_V1,202607290000,202609290361,202609290362,202609290363,202609290364,414,414,0,6.626291445,1.42750553842,0,6.579750849,59.126782227,86.242663247,216.073133563,53,99.299831209,0.628372645,0.658557271,0,300,322.179319967,11,144,3,13,13,8.262876617,580.964532601,589.227409218,0.0275429220567,1.936548442,1.96409136406
1.0,TASK3_SERVICE_VARIABILITY_SENSITIVITY_V1,SERVICE_VARIABILITY_SCV000_ICV100,LOCAL_WINDOW_HPP_BASE,37,0,1,OP_SERVICE_VARIABILITY_SCV000_ICV100,de9a50bbb1efcb3c02afa0f609209384c42f3c64965224fe8bc223d9458f3052,TASK3_OPERATIONAL_POOLED_SERVICE_VARIABILITY_V1,202607290000,202609290371,202609290372,202609290373,202609290374,408,408,0,4.537283836,0.816683589054,1.819087687,4.01577684,57.993067146,79.63167721,167.470445018,48,56.048933817,0.694490852,0.693917325,0,300,321.323681021,57,113,7,9,9,91.562228181,224.904920974,316.467149155,0.30520742727,0.749683069913,1.05489049718
1.0,TASK3_SERVICE_VARIABILITY_SENSITIVITY_V1,SERVICE_VARIABILITY_SCV000_ICV100,LOCAL_WINDOW_HPP_BASE,38,0,1,OP_SERVICE_VARIABILITY_SCV000_ICV100,de9a50bbb1efcb3c02afa0f609209384c42f3c64965224fe8bc223d9458f3052,TASK3_OPERATIONAL_POOLED_SERVICE_VARIABILITY_V1,202607290000,202609290381,202609290382,202609290383,202609290384,406,406,0,19.86585399,5.68346826175,0.000106175000013,19.86585399,75.130401046,124.158310786,317.297036288,66,190.764265969,0.501382483,0.587256912,0,300,336.414177832,21,194,4,27,27,15.599088819,1586.60925039,1602.20833921,0.05199696273,5.28869750132,5.34069446405
1.0,TASK3_SERVICE_VARIABILITY_SENSITIVITY_V1,SERVICE_VARIABILITY_SCV000_ICV100,LOCAL_WINDOW_HPP_BASE,39,0,1,OP_SERVICE_VARIABILITY_SCV000_ICV100,de9a50bbb1efcb3c02afa0f609209384c42f3c64965224fe8bc223d9458f3052,TASK3_OPERATIONAL_POOLED_SERVICE_VARIABILITY_V1,202607290000,202609290391,202609290392,202609290393,202609290394,388,388,0,6.104607393,0.790622866479,2.636532527,3.351227299,58.731012263,77.371638975,89.968897548,68,69.984383004,0.635571462,0.644673873,0,300,326.845771265,45,86,13,10,13,113.464385293,45.862539969,159.326925262,0.378214617643,0.15287513323,0.531089750873
1.0,TASK3_SERVICE_VARIABILITY_SENSITIVITY_V1,SERVICE_VARIABILITY_SCV000_ICV100,LOCAL_WINDOW_HPP_BASE,40,0,1,OP_SERVICE_VARIABILITY_SCV000_ICV100,de9a50bbb1efcb3c02afa0f609209384c42f3c64965224fe8bc223d9458f3052,TASK3_OPERATIONAL_POOLED_SERVICE_VARIABILITY_V1,202607290000,202609290401,202609290402,202609290403,202609290404,399,399,0,8.337203018,1.5665359603,0,7.865100793,59.155404869,91.002443533,141.809248911,64,67.598914424,0.657831599,0.686501532,0,300,326.65820753,17,117,9,17,17,74.023482034,348.95307063,422.976552664,0.246744940113,1.1631769021,1.40992184221
1.0,TASK3_SERVICE_VARIABILITY_SENSITIVITY_V1,SERVICE_VARIABILITY_SCV000_ICV100,LOCAL_WINDOW_HPP_BASE,41,0,1,OP_SERVICE_VARIABILITY_SCV000_ICV100,de9a50bbb1efcb3c02afa0f609209384c42f3c64965224fe8bc223d9458f3052,TASK3_OPERATIONAL_POOLED_SERVICE_VARIABILITY_V1,202607290000,202609290411,202609290412,202609290413,202609290414,416,416,0,2.347839349,0.329617338031,1.992863908,0.473641615,55.311309736,79.41670471,105.699149444,42,101.787464497,0.627498950,0.573753666,0,300,321.367218497,67,35,8,4,8,106.737444049,30.383368572,137.120812621,0.355791480163,0.10127789524,0.457069375403
1.0,TASK3_SERVICE_VARIABILITY_SENSITIVITY_V1,SERVICE_VARIABILITY_SCV000_ICV100,LOCAL_WINDOW_HPP_BASE,42,0,1,OP_SERVICE_VARIABILITY_SCV000_ICV100,de9a50bbb1efcb3c02afa0f609209384c42f3c64965224fe8bc223d9458f3052,TASK3_OPERATIONAL_POOLED_SERVICE_VARIABILITY_V1,202607290000,202609290421,202609290422,202609290423,202609290424,403,403,0,5.30845451,1.12984636981,4.879852137,2.747987243,60.72558284,90.957230491,127.43430427,47,101.308457589,0.608615193,0.647095051,0,300,321.308413002,85,112,13,8,14,283.779242241,171.548844792,455.328087033,0.94593080747,0.57182948264,1.51776029011
1.0,TASK3_SERVICE_VARIABILITY_SENSITIVITY_V1,SERVICE_VARIABILITY_SCV000_ICV100,LOCAL_WINDOW_HPP_BASE,43,0,1,OP_SERVICE_VARIABILITY_SCV000_ICV100,de9a50bbb1efcb3c02afa0f609209384c42f3c64965224fe8bc223d9458f3052,TASK3_OPERATIONAL_POOLED_SERVICE_VARIABILITY_V1,202607290000,202609290431,202609290432,202609290433,202609290434,407,407,0,4.297133647,0.735982252676,3.034400343,2.311675406,58.276994629,83.386566368,99.578756669,51,68.149045211,0.670018488,0.649723874,0,300,324.05814163,77,65,10,9,10,180.578559983,32.665067235,213.243627218,0.601928533277,0.10888355745,0.710812090727
1.0,TASK3_SERVICE_VARIABILITY_SENSITIVITY_V1,SERVICE_VARIABILITY_SCV000_ICV100,LOCAL_WINDOW_HPP_BASE,44,0,1,OP_SERVICE_VARIABILITY_SCV000_ICV100,de9a50bbb1efcb3c02afa0f609209384c42f3c64965224fe8bc223d9458f3052,TASK3_OPERATIONAL_POOLED_SERVICE_VARIABILITY_V1,202607290000,202609290441,202609290442,202609290443,202609290444,366,366,0,0.889670416,0.124275953907,0,0.889670416,54.797085199,84.194983399,111.997340438,43,69.580095729,0.600189741,0.630297068,0,300,320.476554778,0,38,0,5,5,0,45.48499913,45.48499913,0,0.151616663767,0.151616663767
1.0,TASK3_SERVICE_VARIABILITY_SENSITIVITY_V1,SERVICE_VARIABILITY_SCV000_ICV100,LOCAL_WINDOW_HPP_BASE,45,0,1,OP_SERVICE_VARIABILITY_SCV000_ICV100,de9a50bbb1efcb3c02afa0f609209384c42f3c64965224fe8bc223d9458f3052,TASK3_OPERATIONAL_POOLED_SERVICE_VARIABILITY_V1,202607290000,202609290451,202609290452,202609290453,202609290454,399,399,0,2.816512306,0.319304218055,0.463305091,2.0628892,58.20502017,90.699659759,194.083974329,49,109.034795662,0.591192203,0.596820464,0,300,324.308100287,20,47,7,8,8,41.998178445,26.777176301,68.775354746,0.13999392815,0.0892572543367,0.229251182487
1.0,TASK3_SERVICE_VARIABILITY_SENSITIVITY_V1,SERVICE_VARIABILITY_SCV000_ICV100,LOCAL_WINDOW_HPP_BASE,46,0,1,OP_SERVICE_VARIABILITY_SCV000_ICV100,de9a50bbb1efcb3c02afa0f609209384c42f3c64965224fe8bc223d9458f3052,TASK3_OPERATIONAL_POOLED_SERVICE_VARIABILITY_V1,202607290000,202609290461,202609290462,202609290463,202609290464,452,452,0,8.674103826,1.91363269025,5.151774542,5.025273879,57.754688712,93.556186341,126.461836153,64,72.660325061,0.735091384,0.722852654,0,300,322.93188919,183,153,15,14,15,435.186801333,326.94580163,762.132602963,1.45062267111,1.08981933877,2.54044200988
1.0,TASK3_SERVICE_VARIABILITY_SENSITIVITY_V1,SERVICE_VARIABILITY_SCV000_ICV100,LOCAL_WINDOW_HPP_BASE,47,0,1,OP_SERVICE_VARIABILITY_SCV000_ICV100,de9a50bbb1efcb3c02afa0f609209384c42f3c64965224fe8bc223d9458f3052,TASK3_OPERATIONAL_POOLED_SERVICE_VARIABILITY_V1,202607290000,202609290471,202609290472,202609290473,202609290474,385,385,0,0.975665628,0.119796573114,0,0.915153207,58.565110035,95.812423278,167.676334111,41,83.862471865,0.607856590,0.628492405,0,300,321.574566537,6,47,2,4,4,2.681634024,43.440046625,46.121680649,0.00893878008,0.144800155417,0.153738935497
1.0,TASK3_SERVICE_VARIABILITY_SENSITIVITY_V1,SERVICE_VARIABILITY_SCV000_ICV100,LOCAL_WINDOW_HPP_BASE,48,0,1,OP_SERVICE_VARIABILITY_SCV000_ICV100,de9a50bbb1efcb3c02afa0f609209384c42f3c64965224fe8bc223d9458f3052,TASK3_OPERATIONAL_POOLED_SERVICE_VARIABILITY_V1,202607290000,202609290481,202609290482,202609290483,202609290484,416,416,0,16.544040833,3.60275105848,5.519534371,13.338152411,68.763534561,109.871514186,125.069563205,51,93.674684320,0.640430340,0.697456253,0,300,323.643829123,104,171,14,23,23,335.54222633,1154.14381906,1489.68604539,1.11847408777,3.84714606355,4.96562015132
1.0,TASK3_SERVICE_VARIABILITY_SENSITIVITY_V1,SERVICE_VARIABILITY_SCV000_ICV100,LOCAL_WINDOW_HPP_BASE,49,0,1,OP_SERVICE_VARIABILITY_SCV000_ICV100,de9a50bbb1efcb3c02afa0f609209384c42f3c64965224fe8bc223d9458f3052,TASK3_OPERATIONAL_POOLED_SERVICE_VARIABILITY_V1,202607290000,202609290491,202609290492,202609290493,202609290494,423,423,0,8.110222687,1.89862931608,3.429093407,7.792729447,57.351527659,82.128980411,172.944826224,49,65.097760375,0.702178058,0.712690658,0,300,319.907357814,95,150,13,17,17,205.447170595,595.110809066,800.557979661,0.684823901983,1.98370269689,2.66852659887
1.0,TASK3_SERVICE_VARIABILITY_SENSITIVITY_V1,SERVICE_VARIABILITY_SCV000_ICV100,LOCAL_WINDOW_HPP_BASE,50,0,1,OP_SERVICE_VARIABILITY_SCV000_ICV100,de9a50bbb1efcb3c02afa0f609209384c42f3c64965224fe8bc223d9458f3052,TASK3_OPERATIONAL_POOLED_SERVICE_VARIABILITY_V1,202607290000,202609290501,202609290502,202609290503,202609290504,414,414,0,11.24561837,2.63363516187,2.494612442,10.442857958,67.852172359,112.772099765,207.131461046,64,102.249101513,0.623765448,0.675226545,0,300,331.74223865,66,163,7,19,19,126.20050844,602.979589064,729.180097504,0.420668361467,2.00993196355,2.43060032501
1.0,TASK3_SERVICE_VARIABILITY_SENSITIVITY_V1,SERVICE_VARIABILITY_SCV050_ICV000,LOCAL_WINDOW_HPP_BASE,1,0.5,0,OP_SERVICE_VARIABILITY_SCV050_ICV000,e41dd9758e9e79b90aaa6a8e98aba74cac846c196739fe2b5e6b0c7fe13ebfd1,TASK3_OPERATIONAL_POOLED_SERVICE_VARIABILITY_V1,202607290000,202609290011,202609290012,202609290013,202609290014,396,396,0,1.317426515,0.176738181753,0,1.259485511,54.498556857,70.29697595,78.364771129,38,58.222416015,0.663185717,0.684331427,0,300,345.222416015,10,58,4,6,6,8.830676811,61.157643163,69.988319974,0.02943558937,0.203858810543,0.233294399913
1.0,TASK3_SERVICE_VARIABILITY_SENSITIVITY_V1,SERVICE_VARIABILITY_SCV050_ICV000,LOCAL_WINDOW_HPP_BASE,2,0.5,0,OP_SERVICE_VARIABILITY_SCV050_ICV000,e41dd9758e9e79b90aaa6a8e98aba74cac846c196739fe2b5e6b0c7fe13ebfd1,TASK3_OPERATIONAL_POOLED_SERVICE_VARIABILITY_V1,202607290000,202609290021,202609290022,202609290023,202609290024,442,442,0,2.581004812,0.543064180907,0.477677651,2.242088019,53.634328245,64.837747057,86.176550034,60,59.514884982,0.715231660,0.761078495,0,300,346.514884982,28,164,5,6,6,28.559744598,192.3469741,220.906718698,0.09519914866,0.641156580333,0.736355728993
1.0,TASK3_SERVICE_VARIABILITY_SENSITIVITY_V1,SERVICE_VARIABILITY_SCV050_ICV000,LOCAL_WINDOW_HPP_BASE,3,0.5,0,OP_SERVICE_VARIABILITY_SCV050_ICV000,e41dd9758e9e79b90aaa6a8e98aba74cac846c196739fe2b5e6b0c7fe13ebfd1,TASK3_OPERATIONAL_POOLED_SERVICE_VARIABILITY_V1,202607290000,202609290031,202609290032,202609290033,202609290034,393,393,0,0.960498706,0.113945906422,0,0.894723619,56.717465692,71.552366755,86.097811853,41,64.767695993,0.663337932,0.666960690,0,300,351.767695993,5,60,1,3,3,1.783608154,42.99713307,44.780741224,0.00594536051333,0.1433237769,0.149269137413
1.0,TASK3_SERVICE_VARIABILITY_SENSITIVITY_V1,SERVICE_VARIABILITY_SCV050_ICV000,LOCAL_WINDOW_HPP_BASE,4,0.5,0,OP_SERVICE_VARIABILITY_SCV050_ICV000,e41dd9758e9e79b90aaa6a8e98aba74cac846c196739fe2b5e6b0c7fe13ebfd1,TASK3_OPERATIONAL_POOLED_SERVICE_VARIABILITY_V1,202607290000,202609290041,202609290042,202609290043,202609290044,410,410,0,2.785503564,0.457747382517,1.276115566,2.167946096,57.197635913,71.197796364,90.791789429,57,54.470908185,0.730422640,0.716023566,0,300,341.470908185,50,100,5,8,8,56.70155759,100.16984017,156.87139776,0.189005191967,0.333899467233,0.5229046592
1.0,TASK3_SERVICE_VARIABILITY_SENSITIVITY_V1,SERVICE_VARIABILITY_SCV050_ICV000,LOCAL_WINDOW_HPP_BASE,5,0.5,0,OP_SERVICE_VARIABILITY_SCV050_ICV000,e41dd9758e9e79b90aaa6a8e98aba74cac846c196739fe2b5e6b0c7fe13ebfd1,TASK3_OPERATIONAL_POOLED_SERVICE_VARIABILITY_V1,202607290000,202609290051,202609290052,202609290053,202609290054,388,388,0,1.823760656,0.218577748626,0,1.535106516,52.778111067,66.954365692,90.277084811,30,35.102120233,0.680955492,0.716767999,0,300,322.102120233,19,52,5,6,6,18.521960308,66.286206159,84.808166467,0.0617398676933,0.22095402053,0.282693888223
1.0,TASK3_SERVICE_VARIABILITY_SENSITIVITY_V1,SERVICE_VARIABILITY_SCV050_ICV000,LOCAL_WINDOW_HPP_BASE,6,0.5,0,OP_SERVICE_VARIABILITY_SCV050_ICV000,e41dd9758e9e79b90aaa6a8e98aba74cac846c196739fe2b5e6b0c7fe13ebfd1,TASK3_OPERATIONAL_POOLED_SERVICE_VARIABILITY_V1,202607290000,202609290061,202609290062,202609290063,202609290064,419,419,0,1.777374374,0.281964868866,0.824081421,1.532892578,54.952299585,68.753536771,82.080731138,48,53.647761665,0.719403076,0.733444349,0,300,340.647761665,31,81,5,7,7,34.261853458,80.67965012,114.941503578,0.114206178193,0.268932167067,0.38313834526
1.0,TASK3_SERVICE_VARIABILITY_SENSITIVITY_V1,SERVICE_VARIABILITY_SCV050_ICV000,LOCAL_WINDOW_HPP_BASE,7,0.5,0,OP_SERVICE_VARIABILITY_SCV050_ICV000,e41dd9758e9e79b90aaa6a8e98aba74cac846c196739fe2b5e6b0c7fe13ebfd1,TASK3_OPERATIONAL_POOLED_SERVICE_VARIABILITY_V1,202607290000,202609290071,202609290072,202609290073,202609290074,408,408,0,3.058996215,0.452795150745,1.071555432,2.432806355,57.030905293,72.548354533,80.523368189,54,57.422552127,0.684658094,0.706646593,0,300,344.422552127,48,104,7,7,7,49.965768528,131.316206793,181.281975321,0.16655256176,0.43772068931,0.60427325107
1.0,TASK3_SERVICE_VARIABILITY_SENSITIVITY_V1,SERVICE_VARIABILITY_SCV050_ICV000,LOCAL_WINDOW_HPP_BASE,8,0.5,0,OP_SERVICE_VARIABILITY_SCV050_ICV000,e41dd9758e9e79b90aaa6a8e98aba74cac846c196739fe2b5e6b0c7fe13ebfd1,TASK3_OPERATIONAL_POOLED_SERVICE_VARIABILITY_V1,202607290000,202609290081,202609290082,202609290083,202609290084,442,442,0,7.892260912,1.8771757207,5.307069764,3.730782996,58.289950011,78.058077259,141.44400311,40,88.250495221,0.694338361,0.704748741,0,300,375.250495221,139,213,13,9,16,399.63523929,430.076429259,829.711668549,1.3321174643,1.43358809753,2.76570556183
1.0,TASK3_SERVICE_VARIABILITY_SENSITIVITY_V1,SERVICE_VARIABILITY_SCV050_ICV000,LOCAL_WINDOW_HPP_BASE,9,0.5,0,OP_SERVICE_VARIABILITY_SCV050_ICV000,e41dd9758e9e79b90aaa6a8e98aba74cac846c196739fe2b5e6b0c7fe13ebfd1,TASK3_OPERATIONAL_POOLED_SERVICE_VARIABILITY_V1,202607290000,202609290091,202609290092,202609290093,202609290094,395,395,0,3.558179737,0.539682390744,1.470399478,2.638520877,53.254060704,68.074167938,83.716447013,51,46.391784826,0.670752456,0.705916884,0,300,333.391784826,40,95,8,8,8,53.540185102,149.774884844,203.315069946,0.178467283673,0.499249616147,0.67771689982
1.0,TASK3_SERVICE_VARIABILITY_SENSITIVITY_V1,SERVICE_VARIABILITY_SCV050_ICV000,LOCAL_WINDOW_HPP_BASE,10,0.5,0,OP_SERVICE_VARIABILITY_SCV050_ICV000,e41dd9758e9e79b90aaa6a8e98aba74cac846c196739fe2b5e6b0c7fe13ebfd1,TASK3_OPERATIONAL_POOLED_SERVICE_VARIABILITY_V1,202607290000,202609290101,202609290102,202609290103,202609290104,394,394,0,3.932571413,0.768318315772,2.638703167,2.582762773,59.331954815,76.878462075,125.131396086,57,110.052957415,0.589381300,0.594812835,0,300,397.052957415,65,112,7,8,8,136.346144221,99.492203954,235.838348175,0.454487147403,0.331640679847,0.78612782725
1.0,TASK3_SERVICE_VARIABILITY_SENSITIVITY_V1,SERVICE_VARIABILITY_SCV050_ICV000,LOCAL_WINDOW_HPP_BASE,11,0.5,0,OP_SERVICE_VARIABILITY_SCV050_ICV000,e41dd9758e9e79b90aaa6a8e98aba74cac846c196739fe2b5e6b0c7fe13ebfd1,TASK3_OPERATIONAL_POOLED_SERVICE_VARIABILITY_V1,202607290000,202609290111,202609290112,202609290113,202609290114,409,409,0,3.785591297,0.671513586592,2.556583449,2.97351538,56.603298307,67.278440528,94.066675706,40,51.874295562,0.704408010,0.719548087,0,300,338.874295562,46,108,7,9,9,88.842462412,185.806594504,274.649056916,0.296141541373,0.619355315013,0.915496856387
1.0,TASK3_SERVICE_VARIABILITY_SENSITIVITY_V1,SERVICE_VARIABILITY_SCV050_ICV000,LOCAL_WINDOW_HPP_BASE,12,0.5,0,OP_SERVICE_VARIABILITY_SCV050_ICV000,e41dd9758e9e79b90aaa6a8e98aba74cac846c196739fe2b5e6b0c7fe13ebfd1,TASK3_OPERATIONAL_POOLED_SERVICE_VARIABILITY_V1,202607290000,202609290121,202609290122,202609290123,202609290124,423,423,0,4.706730448,0.895729977929,2.993929251,3.135698661,58.220759788,75.573707407,91.579547491,52,53.131363779,0.733145465,0.741528988,0,300,340.131363779,65,120,10,7,14,134.526950532,244.366830132,378.893780664,0.44842316844,0.81455610044,1.26297926888
1.0,TASK3_SERVICE_VARIABILITY_SENSITIVITY_V1,SERVICE_VARIABILITY_SCV050_ICV000,LOCAL_WINDOW_HPP_BASE,13,0.5,0,OP_SERVICE_VARIABILITY_SCV050_ICV000,e41dd9758e9e79b90aaa6a8e98aba74cac846c196739fe2b5e6b0c7fe13ebfd1,TASK3_OPERATIONAL_POOLED_SERVICE_VARIABILITY_V1,202607290000,202609290131,202609290132,202609290133,202609290134,455,455,0,18.077495111,6.21795735629,16.078744493,4.002553743,64.995646693,82.156155919,114.093558946,50,62.986103879,0.744786573,0.775970936,0,300,349.986103879,232,262,32,11,32,2305.3244634,474.500257178,2779.82472058,7.68441487801,1.58166752393,9.26608240194
1.0,TASK3_SERVICE_VARIABILITY_SENSITIVITY_V1,SERVICE_VARIABILITY_SCV050_ICV000,LOCAL_WINDOW_HPP_BASE,14,0.5,0,OP_SERVICE_VARIABILITY_SCV050_ICV000,e41dd9758e9e79b90aaa6a8e98aba74cac846c196739fe2b5e6b0c7fe13ebfd1,TASK3_OPERATIONAL_POOLED_SERVICE_VARIABILITY_V1,202607290000,202609290141,202609290142,202609290143,202609290144,374,374,0,1.934527992,0.219335574492,0,1.287480574,53.638482367,71.485434402,89.564296906,30,69.679517265,0.610834774,0.626282493,0,300,356.679517265,14,46,4,6,6,19.321315268,62.710189592,82.03150486,0.0644043842267,0.209033965307,0.273438349533
1.0,TASK3_SERVICE_VARIABILITY_SENSITIVITY_V1,SERVICE_VARIABILITY_SCV050_ICV000,LOCAL_WINDOW_HPP_BASE,15,0.5,0,OP_SERVICE_VARIABILITY_SCV050_ICV000,e41dd9758e9e79b90aaa6a8e98aba74cac846c196739fe2b5e6b0c7fe13ebfd1,TASK3_OPERATIONAL_POOLED_SERVICE_VARIABILITY_V1,202607290000,202609290151,202609290152,202609290153,202609290154,386,386,0,2.622907396,0.346114738376,0.33977678,2.277231824,55.91006226,68.559766293,78.163895704,41,44.118191292,0.675391817,0.694390436,0,300,331.118191292,32,71,4,9,9,20.28453241,107.757314479,128.041846889,0.0676151080333,0.359191048263,0.426806156297
1.0,TASK3_SERVICE_VARIABILITY_SENSITIVITY_V1,SERVICE_VARIABILITY_SCV050_ICV000,LOCAL_WINDOW_HPP_BASE,16,0.5,0,OP_SERVICE_VARIABILITY_SCV050_ICV000,e41dd9758e9e79b90aaa6a8e98aba74cac846c196739fe2b5e6b0c7fe13ebfd1,TASK3_OPERATIONAL_POOLED_SERVICE_VARIABILITY_V1,202607290000,202609290161,202609290162,202609290163,202609290164,401,401,0,1.800310746,0.282268977581,0.547398978,1.35236762,51.906785357,65.459657563,83.733363392,59,55.724700988,0.658420114,0.697837666,0,300,342.724700988,27,84,5,5,5,24.704332606,59.477297967,84.181630573,0.0823477753533,0.19825765989,0.280605435243
1.0,TASK3_SERVICE_VARIABILITY_SENSITIVITY_V1,SERVICE_VARIABILITY_SCV050_ICV000,LOCAL_WINDOW_HPP_BASE,17,0.5,0,OP_SERVICE_VARIABILITY_SCV050_ICV000,e41dd9758e9e79b90aaa6a8e98aba74cac846c196739fe2b5e6b0c7fe13ebfd1,TASK3_OPERATIONAL_POOLED_SERVICE_VARIABILITY_V1,202607290000,202609290171,202609290172,202609290173,202609290174,429,429,0,6.570909841,1.47385745159,6.345123034,3.171284038,57.736128072,72.112029284,88.160535275,54,50.986998314,0.756215720,0.756641784,0,300,337.986998314,140,178,15,9,15,352.80957704,256.848510997,609.658088037,1.17603192347,0.856161703323,2.03219362679
1.0,TASK3_SERVICE_VARIABILITY_SENSITIVITY_V1,SERVICE_VARIABILITY_SCV050_ICV000,LOCAL_WINDOW_HPP_BASE,18,0.5,0,OP_SERVICE_VARIABILITY_SCV050_ICV000,e41dd9758e9e79b90aaa6a8e98aba74cac846c196739fe2b5e6b0c7fe13ebfd1,TASK3_OPERATIONAL_POOLED_SERVICE_VARIABILITY_V1,202607290000,202609290181,202609290182,202609290183,202609290184,419,419,0,6.368007584,1.38977358226,4.040631651,3.801898185,59.221088338,69.202214708,93.103100974,49,58.739329349,0.719917328,0.723034614,0,300,345.739329349,116,141,12,10,12,304.177742547,233.035494555,537.213237102,1.01392580849,0.77678498185,1.79071079034
1.0,TASK3_SERVICE_VARIABILITY_SENSITIVITY_V1,SERVICE_VARIABILITY_SCV050_ICV000,LOCAL_WINDOW_HPP_BASE,19,0.5,0,OP_SERVICE_VARIABILITY_SCV050_ICV000,e41dd9758e9e79b90aaa6a8e98aba74cac846c196739fe2b5e6b0c7fe13ebfd1,TASK3_OPERATIONAL_POOLED_SERVICE_VARIABILITY_V1,202607290000,202609290191,202609290192,202609290193,202609290194,445,445,0,4.25733826,1.05786924747,2.545532694,2.972517759,57.81368752,75.148359853,104.67650888,61,64.058682284,0.744446786,0.756680733,0,300,351.058682284,96,167,11,10,11,149.172751562,300.081223605,449.253975167,0.497242505207,1.00027074535,1.49751325056
1.0,TASK3_SERVICE_VARIABILITY_SENSITIVITY_V1,SERVICE_VARIABILITY_SCV050_ICV000,LOCAL_WINDOW_HPP_BASE,20,0.5,0,OP_SERVICE_VARIABILITY_SCV050_ICV000,e41dd9758e9e79b90aaa6a8e98aba74cac846c196739fe2b5e6b0c7fe13ebfd1,TASK3_OPERATIONAL_POOLED_SERVICE_VARIABILITY_V1,202607290000,202609290201,202609290202,202609290203,202609290204,418,418,0,2.423416631,0.46954648889,1.156217553,2.060989972,56.35341496,66.890570961,89.559235342,48,68.460351677,0.697267837,0.702278830,0,300,355.460351677,61,109,5,8,8,56.203235865,140.067196491,196.270432356,0.18734411955,0.46689065497,0.65423477452
1.0,TASK3_SERVICE_VARIABILITY_SENSITIVITY_V1,SERVICE_VARIABILITY_SCV050_ICV000,LOCAL_WINDOW_HPP_BASE,21,0.5,0,OP_SERVICE_VARIABILITY_SCV050_ICV000,e41dd9758e9e79b90aaa6a8e98aba74cac846c196739fe2b5e6b0c7fe13ebfd1,TASK3_OPERATIONAL_POOLED_SERVICE_VARIABILITY_V1,202607290000,202609290211,202609290212,202609290213,202609290214,417,417,0,5.000595158,1.21265226857,3.657718327,2.844238136,58.9717336,74.236499257,122.605677398,57,76.109796446,0.695884711,0.686349730,0,300,363.109796446,135,135,11,7,13,287.691190606,216.428259187,504.119449793,0.958970635353,0.721427530623,1.68039816598
1.0,TASK3_SERVICE_VARIABILITY_SENSITIVITY_V1,SERVICE_VARIABILITY_SCV050_ICV000,LOCAL_WINDOW_HPP_BASE,22,0.5,0,OP_SERVICE_VARIABILITY_SCV050_ICV000,e41dd9758e9e79b90aaa6a8e98aba74cac846c196739fe2b5e6b0c7fe13ebfd1,TASK3_OPERATIONAL_POOLED_SERVICE_VARIABILITY_V1,202607290000,202609290221,202609290222,202609290223,202609290224,410,410,0,2.611700413,0.462990806422,0.0523329,2.325453746,55.615921224,62.837306505,66.171029295,47,55.478971011,0.689883105,0.713993076,0,300,342.478971011,21,114,4,6,6,25.679954976,145.444276404,171.12423138,0.08559984992,0.48481425468,0.5704141046
1.0,TASK3_SERVICE_VARIABILITY_SENSITIVITY_V1,SERVICE_VARIABILITY_SCV050_ICV000,LOCAL_WINDOW_HPP_BASE,23,0.5,0,OP_SERVICE_VARIABILITY_SCV050_ICV000,e41dd9758e9e79b90aaa6a8e98aba74cac846c196739fe2b5e6b0c7fe13ebfd1,TASK3_OPERATIONAL_POOLED_SERVICE_VARIABILITY_V1,202607290000,202609290231,202609290232,202609290233,202609290234,439,439,0,5.55375849,1.48262206649,4.09562139,3.161878068,55.162367632,71.129096817,84.726169095,45,55.387533232,0.761629897,0.764691722,0,300,342.387533232,173,186,8,7,8,358.412301581,292.45878561,650.871087191,1.19470767194,0.9748626187,2.16957029064
1.0,TASK3_SERVICE_VARIABILITY_SENSITIVITY_V1,SERVICE_VARIABILITY_SCV050_ICV000,LOCAL_WINDOW_HPP_BASE,24,0.5,0,OP_SERVICE_VARIABILITY_SCV050_ICV000,e41dd9758e9e79b90aaa6a8e98aba74cac846c196739fe2b5e6b0c7fe13ebfd1,TASK3_OPERATIONAL_POOLED_SERVICE_VARIABILITY_V1,202607290000,202609290241,202609290242,202609290243,202609290244,412,412,0,2.588163813,0.383162190252,0,2.582903932,52.905643072,67.271917834,104.39872692,55,103.803329962,0.577789584,0.631613462,0,300,390.803329962,15,95,4,9,9,8.973621843,141.241455185,150.215077028,0.02991207281,0.470804850617,0.500716923427
1.0,TASK3_SERVICE_VARIABILITY_SENSITIVITY_V1,SERVICE_VARIABILITY_SCV050_ICV000,LOCAL_WINDOW_HPP_BASE,25,0.5,0,OP_SERVICE_VARIABILITY_SCV050_ICV000,e41dd9758e9e79b90aaa6a8e98aba74cac846c196739fe2b5e6b0c7fe13ebfd1,TASK3_OPERATIONAL_POOLED_SERVICE_VARIABILITY_V1,202607290000,202609290251,202609290252,202609290253,202609290254,424,424,0,5.429005215,0.956767289533,3.07570518,2.68414141,57.718550444,69.961499406,111.063217873,58,57.384523569,0.721398664,0.734436365,0,300,344.384523569,83,127,12,11,12,153.485531083,212.248055329,365.733586412,0.511618436943,0.707493517763,1.21911195471
1.0,TASK3_SERVICE_VARIABILITY_SENSITIVITY_V1,SERVICE_VARIABILITY_SCV050_ICV000,LOCAL_WINDOW_HPP_BASE,26,0.5,0,OP_SERVICE_VARIABILITY_SCV050_ICV000,e41dd9758e9e79b90aaa6a8e98aba74cac846c196739fe2b5e6b0c7fe13ebfd1,TASK3_OPERATIONAL_POOLED_SERVICE_VARIABILITY_V1,202607290000,202609290261,202609290262,202609290263,202609290264,419,419,0,6.282840084,1.31920551681,3.765704809,3.883240992,58.474266435,73.299170404,87.167240052,49,65.954460077,0.712970770,0.708779317,0,300,352.954460077,113,135,9,9,9,266.70056106,284.425389227,551.125950287,0.8890018702,0.948084630757,1.83708650096
1.0,TASK3_SERVICE_VARIABILITY_SENSITIVITY_V1,SERVICE_VARIABILITY_SCV050_ICV000,LOCAL_WINDOW_HPP_BASE,27,0.5,0,OP_SERVICE_VARIABILITY_SCV050_ICV000,e41dd9758e9e79b90aaa6a8e98aba74cac846c196739fe2b5e6b0c7fe13ebfd1,TASK3_OPERATIONAL_POOLED_SERVICE_VARIABILITY_V1,202607290000,202609290271,202609290272,202609290273,202609290274,410,410,0,2.118703795,0.381512563137,0,2.010727492,53.113541984,65.386154187,88.229097328,54,67.314262518,0.633327983,0.690987391,0,300,354.314262518,8,104,3,7,7,4.538080664,146.249944489,150.788025153,0.0151269355467,0.487499814963,0.50262675051
1.0,TASK3_SERVICE_VARIABILITY_SENSITIVITY_V1,SERVICE_VARIABILITY_SCV050_ICV000,LOCAL_WINDOW_HPP_BASE,28,0.5,0,OP_SERVICE_VARIABILITY_SCV050_ICV000,e41dd9758e9e79b90aaa6a8e98aba74cac846c196739fe2b5e6b0c7fe13ebfd1,TASK3_OPERATIONAL_POOLED_SERVICE_VARIABILITY_V1,202607290000,202609290281,202609290282,202609290283,202609290284,392,392,0,2.986894467,0.40080085974,1.969198966,1.898906373,54.834086272,65.616984995,80.338650638,56,46.692540149,0.674481574,0.699947759,0,300,333.692540149,32,69,7,7,7,69.69997439,54.156827183,123.856801573,0.232333247967,0.180522757277,0.412856005243
1.0,TASK3_SERVICE_VARIABILITY_SENSITIVITY_V1,SERVICE_VARIABILITY_SCV050_ICV000,LOCAL_WINDOW_HPP_BASE,29,0.5,0,OP_SERVICE_VARIABILITY_SCV050_ICV000,e41dd9758e9e79b90aaa6a8e98aba74cac846c196739fe2b5e6b0c7fe13ebfd1,TASK3_OPERATIONAL_POOLED_SERVICE_VARIABILITY_V1,202607290000,202609290291,202609290292,202609290293,202609290294,424,424,0,3.492195226,0.727876542757,1.962672487,2.64471021,55.797302952,73.57787553,87.440768914,52,64.249569246,0.689115404,0.720594374,0,300,351.249569246,67,140,8,7,8,114.438972868,174.07912617,288.518099038,0.381463242893,0.5802637539,0.961726996793
1.0,TASK3_SERVICE_VARIABILITY_SENSITIVITY_V1,SERVICE_VARIABILITY_SCV050_ICV000,LOCAL_WINDOW_HPP_BASE,30,0.5,0,OP_SERVICE_VARIABILITY_SCV050_ICV000,e41dd9758e9e79b90aaa6a8e98aba74cac846c196739fe2b5e6b0c7fe13ebfd1,TASK3_OPERATIONAL_POOLED_SERVICE_VARIABILITY_V1,202607290000,202609290301,202609290302,202609290303,202609290304,408,408,0,3.072404158,0.459962648358,2.987084196,0.567227736,58.582455027,79.896396106,99.463716816,59,82.215362223,0.664332211,0.660809202,0,300,369.215362223,69,60,9,3,9,146.070809182,28.786093067,174.856902249,0.486902697273,0.0959536435567,0.58285634083
1.0,TASK3_SERVICE_VARIABILITY_SENSITIVITY_V1,SERVICE_VARIABILITY_SCV050_ICV000,LOCAL_WINDOW_HPP_BASE,31,0.5,0,OP_SERVICE_VARIABILITY_SCV050_ICV000,e41dd9758e9e79b90aaa6a8e98aba74cac846c196739fe2b5e6b0c7fe13ebfd1,TASK3_OPERATIONAL_POOLED_SERVICE_VARIABILITY_V1,202607290000,202609290311,202609290312,202609290313,202609290314,425,425,0,5.82114942,0.967005807468,2.987197651,3.375095328,55.59592662,73.719216368,98.098716304,53,67.085626515,0.670969668,0.716713538,0,300,354.085626515,80,124,10,9,10,190.461608645,147.979823462,338.441432107,0.634872028817,0.493266078207,1.12813810702
1.0,TASK3_SERVICE_VARIABILITY_SENSITIVITY_V1,SERVICE_VARIABILITY_SCV050_ICV000,LOCAL_WINDOW_HPP_BASE,32,0.5,0,OP_SERVICE_VARIABILITY_SCV050_ICV000,e41dd9758e9e79b90aaa6a8e98aba74cac846c196739fe2b5e6b0c7fe13ebfd1,TASK3_OPERATIONAL_POOLED_SERVICE_VARIABILITY_V1,202607290000,202609290321,202609290322,202609290323,202609290324,395,395,0,1.937911091,0.242775726638,0.49587451,0.986885635,57.756054294,77.033499576,104.131417156,53,55.926824873,0.695623518,0.687005846,0,300,342.926824873,27,61,6,5,6,41.015815929,54.880596093,95.896412022,0.13671938643,0.18293532031,0.31965470674
1.0,TASK3_SERVICE_VARIABILITY_SENSITIVITY_V1,SERVICE_VARIABILITY_SCV050_ICV000,LOCAL_WINDOW_HPP_BASE,33,0.5,0,OP_SERVICE_VARIABILITY_SCV050_ICV000,e41dd9758e9e79b90aaa6a8e98aba74cac846c196739fe2b5e6b0c7fe13ebfd1,TASK3_OPERATIONAL_POOLED_SERVICE_VARIABILITY_V1,202607290000,202609290331,202609290332,202609290333,202609290334,428,428,0,4.980335,1.06412919806,1.844027407,3.815823132,58.704447252,77.502444981,104.4061935,44,45.345114523,0.743687884,0.767210451,0,300,332.345114523,66,163,6,10,10,97.714302291,357.73299448,455.447296771,0.32571434097,1.19244331493,1.5181576559
1.0,TASK3_SERVICE_VARIABILITY_SENSITIVITY_V1,SERVICE_VARIABILITY_SCV050_ICV000,LOCAL_WINDOW_HPP_BASE,34,0.5,0,OP_SERVICE_VARIABILITY_SCV050_ICV000,e41dd9758e9e79b90aaa6a8e98aba74cac846c196739fe2b5e6b0c7fe13ebfd1,TASK3_OPERATIONAL_POOLED_SERVICE_VARIABILITY_V1,202607290000,202609290341,202609290342,202609290343,202609290344,426,426,0,4.239809161,0.701985162984,3.964758421,2.193767192,54.67211796,70.957441273,80.824363296,61,47.096108005,0.719098784,0.759773099,0,300,334.096108005,47,83,11,6,11,161.438226879,97.551799901,258.99002678,0.53812742293,0.325172666337,0.863300089267
1.0,TASK3_SERVICE_VARIABILITY_SENSITIVITY_V1,SERVICE_VARIABILITY_SCV050_ICV000,LOCAL_WINDOW_HPP_BASE,35,0.5,0,OP_SERVICE_VARIABILITY_SCV050_ICV000,e41dd9758e9e79b90aaa6a8e98aba74cac846c196739fe2b5e6b0c7fe13ebfd1,TASK3_OPERATIONAL_POOLED_SERVICE_VARIABILITY_V1,202607290000,202609290351,202609290352,202609290353,202609290354,451,451,0,7.081342095,1.57666721675,2.648546329,4.990781695,56.97627925,74.052463941,103.445474224,69,87.933753706,0.682639921,0.719685961,0,300,374.933753706,107,196,9,13,14,190.883789058,287.790292771,478.674081829,0.63627929686,0.959300975903,1.59558027276
1.0,TASK3_SERVICE_VARIABILITY_SENSITIVITY_V1,SERVICE_VARIABILITY_SCV050_ICV000,LOCAL_WINDOW_HPP_BASE,36,0.5,0,OP_SERVICE_VARIABILITY_SCV050_ICV000,e41dd9758e9e79b90aaa6a8e98aba74cac846c196739fe2b5e6b0c7fe13ebfd1,TASK3_OPERATIONAL_POOLED_SERVICE_VARIABILITY_V1,202607290000,202609290361,202609290362,202609290363,202609290364,414,414,0,2.604570004,0.379055092891,0.528012367,2.384817105,53.424930982,67.401515935,83.954086144,45,40.750748911,0.731107685,0.752120766,0,300,327.750748911,38,79,4,8,8,32.205702428,124.661722763,156.867425191,0.107352341427,0.415539075877,0.522891417303
1.0,TASK3_SERVICE_VARIABILITY_SENSITIVITY_V1,SERVICE_VARIABILITY_SCV050_ICV000,LOCAL_WINDOW_HPP_BASE,37,0.5,0,OP_SERVICE_VARIABILITY_SCV050_ICV000,e41dd9758e9e79b90aaa6a8e98aba74cac846c196739fe2b5e6b0c7fe13ebfd1,TASK3_OPERATIONAL_POOLED_SERVICE_VARIABILITY_V1,202607290000,202609290371,202609290372,202609290373,202609290374,408,408,0,4.808992584,0.765037415294,2.181805852,3.373009881,54.055501172,70.689827971,90.980621931,60,63.780989680,0.675065744,0.694295292,0,300,350.78098968,64,106,8,10,12,114.026866439,126.125059695,240.151926134,0.380089554797,0.42041686565,0.800506420447
1.0,TASK3_SERVICE_VARIABILITY_SENSITIVITY_V1,SERVICE_VARIABILITY_SCV050_ICV000,LOCAL_WINDOW_HPP_BASE,38,0.5,0,OP_SERVICE_VARIABILITY_SCV050_ICV000,e41dd9758e9e79b90aaa6a8e98aba74cac846c196739fe2b5e6b0c7fe13ebfd1,TASK3_OPERATIONAL_POOLED_SERVICE_VARIABILITY_V1,202607290000,202609290381,202609290382,202609290383,202609290384,406,406,0,3.758597571,0.550808942404,0.648811924,3.279822006,53.06286896,68.481463926,88.304476047,44,51.096410129,0.710000783,0.715852757,0,300,338.096410129,30,103,4,8,8,28.008601483,195.619829133,223.628430616,0.0933620049433,0.65206609711,0.745428102053
1.0,TASK3_SERVICE_VARIABILITY_SENSITIVITY_V1,SERVICE_VARIABILITY_SCV050_ICV000,LOCAL_WINDOW_HPP_BASE,39,0.5,0,OP_SERVICE_VARIABILITY_SCV050_ICV000,e41dd9758e9e79b90aaa6a8e98aba74cac846c196739fe2b5e6b0c7fe13ebfd1,TASK3_OPERATIONAL_POOLED_SERVICE_VARIABILITY_V1,202607290000,202609290391,202609290392,202609290393,202609290394,388,388,0,2.534760696,0.360607679822,0,2.100857698,52.287120481,67.842823863,80.177575181,59,77.452321528,0.595312631,0.636346533,0,300,364.452321528,14,73,4,8,8,14.157100237,103.93137665,118.088476887,0.0471903341233,0.346437922167,0.39362825629
1.0,TASK3_SERVICE_VARIABILITY_SENSITIVITY_V1,SERVICE_VARIABILITY_SCV050_ICV000,LOCAL_WINDOW_HPP_BASE,40,0.5,0,OP_SERVICE_VARIABILITY_SCV050_ICV000,e41dd9758e9e79b90aaa6a8e98aba74cac846c196739fe2b5e6b0c7fe13ebfd1,TASK3_OPERATIONAL_POOLED_SERVICE_VARIABILITY_V1,202607290000,202609290401,202609290402,202609290403,202609290404,399,399,0,3.748561581,0.694924630276,1.21154029,3.077065288,57.751375501,70.029130382,93.710508162,56,67.570882473,0.681759872,0.671979234,0,300,354.570882473,28,99,10,9,10,92.151477398,161.119255202,253.2707326,0.307171591327,0.537064184007,0.844235775333
1.0,TASK3_SERVICE_VARIABILITY_SENSITIVITY_V1,SERVICE_VARIABILITY_SCV050_ICV000,LOCAL_WINDOW_HPP_BASE,41,0.5,0,OP_SERVICE_VARIABILITY_SCV050_ICV000,e41dd9758e9e79b90aaa6a8e98aba74cac846c196739fe2b5e6b0c7fe13ebfd1,TASK3_OPERATIONAL_POOLED_SERVICE_VARIABILITY_V1,202607290000,202609290411,202609290412,202609290413,202609290414,416,416,0,1.366056772,0.226860164303,0.257474926,1.125816551,54.037524753,62.480745939,82.468579268,42,50.963766324,0.689070069,0.733761813,0,300,337.963766324,25,89,4,5,5,25.766293379,68.607534971,94.37382835,0.0858876445967,0.228691783237,0.314579427833
1.0,TASK3_SERVICE_VARIABILITY_SENSITIVITY_V1,SERVICE_VARIABILITY_SCV050_ICV000,LOCAL_WINDOW_HPP_BASE,42,0.5,0,OP_SERVICE_VARIABILITY_SCV050_ICV000,e41dd9758e9e79b90aaa6a8e98aba74cac846c196739fe2b5e6b0c7fe13ebfd1,TASK3_OPERATIONAL_POOLED_SERVICE_VARIABILITY_V1,202607290000,202609290421,202609290422,202609290423,202609290424,403,403,0,6.700177953,1.08163835726,6.080516839,1.902501249,59.291458577,74.814187854,100.35087727,56,64.688133562,0.674217220,0.684080911,0,300,351.688133562,88,79,15,6,16,327.122908052,88.228069503,415.350977555,1.09040969351,0.29409356501,1.38450325852
1.0,TASK3_SERVICE_VARIABILITY_SENSITIVITY_V1,SERVICE_VARIABILITY_SCV050_ICV000,LOCAL_WINDOW_HPP_BASE,43,0.5,0,OP_SERVICE_VARIABILITY_SCV050_ICV000,e41dd9758e9e79b90aaa6a8e98aba74cac846c196739fe2b5e6b0c7fe13ebfd1,TASK3_OPERATIONAL_POOLED_SERVICE_VARIABILITY_V1,202607290000,202609290431,202609290432,202609290433,202609290434,407,407,0,6.887779734,1.245532425,6.182534575,2.766015291,59.341365212,75.752972595,86.2721143,49,37.661697182,0.744699631,0.746168082,0,300,324.661697182,88,127,13,10,13,303.248794827,193.589650767,496.838445594,1.01082931609,0.64529883589,1.65612815198
1.0,TASK3_SERVICE_VARIABILITY_SENSITIVITY_V1,SERVICE_VARIABILITY_SCV050_ICV000,LOCAL_WINDOW_HPP_BASE,44,0.5,0,OP_SERVICE_VARIABILITY_SCV050_ICV000,e41dd9758e9e79b90aaa6a8e98aba74cac846c196739fe2b5e6b0c7fe13ebfd1,TASK3_OPERATIONAL_POOLED_SERVICE_VARIABILITY_V1,202607290000,202609290441,202609290442,202609290443,202609290444,366,366,0,0.558871799,0.0698989568033,0,0.558871799,58.151850021,76.097132744,79.265628569,41,60.134469312,0.628031721,0.629130083,0,300,347.134469312,2,28,1,4,4,0.559407185,25.023611005,25.58301819,0.00186469061667,0.0834120366833,0.0852767273
1.0,TASK3_SERVICE_VARIABILITY_SENSITIVITY_V1,SERVICE_VARIABILITY_SCV050_ICV000,LOCAL_WINDOW_HPP_BASE,45,0.5,0,OP_SERVICE_VARIABILITY_SCV050_ICV000,e41dd9758e9e79b90aaa6a8e98aba74cac846c196739fe2b5e6b0c7fe13ebfd1,TASK3_OPERATIONAL_POOLED_SERVICE_VARIABILITY_V1,202607290000,202609290451,202609290452,202609290453,202609290454,399,399,0,1.899239784,0.271474493902,0.373800571,1.406430631,57.918303502,79.533737856,97.093649098,51,62.047218039,0.691564926,0.682231454,0,300,349.047218039,33,75,5,5,5,31.811091811,74.301436906,106.112528717,0.106036972703,0.247671456353,0.353708429057
1.0,TASK3_SERVICE_VARIABILITY_SENSITIVITY_V1,SERVICE_VARIABILITY_SCV050_ICV000,LOCAL_WINDOW_HPP_BASE,46,0.5,0,OP_SERVICE_VARIABILITY_SCV050_ICV000,e41dd9758e9e79b90aaa6a8e98aba74cac846c196739fe2b5e6b0c7fe13ebfd1,TASK3_OPERATIONAL_POOLED_SERVICE_VARIABILITY_V1,202607290000,202609290461,202609290462,202609290463,202609290464,452,452,0,8.756322475,2.73206690902,5.198952256,7.023925444,55.839121285,67.628058208,88.825287536,57,43.178853055,0.787649223,0.815346054,0,300,330.178853055,172,256,13,15,16,478.902554873,602.124885938,1081.02744081,1.59634184958,2.00708295313,3.6034248027
1.0,TASK3_SERVICE_VARIABILITY_SENSITIVITY_V1,SERVICE_VARIABILITY_SCV050_ICV000,LOCAL_WINDOW_HPP_BASE,47,0.5,0,OP_SERVICE_VARIABILITY_SCV050_ICV000,e41dd9758e9e79b90aaa6a8e98aba74cac846c196739fe2b5e6b0c7fe13ebfd1,TASK3_OPERATIONAL_POOLED_SERVICE_VARIABILITY_V1,202607290000,202609290471,202609290472,202609290473,202609290474,385,385,0,1.335155928,0.205611786974,0.387420816,1.075065792,55.569152246,71.294828489,97.823848002,40,53.722605188,0.676044653,0.673785983,0,300,340.722605188,26,36,4,6,6,33.753881646,45.406656339,79.160537985,0.11251293882,0.15135552113,0.26386845995
1.0,TASK3_SERVICE_VARIABILITY_SENSITIVITY_V1,SERVICE_VARIABILITY_SCV050_ICV000,LOCAL_WINDOW_HPP_BASE,48,0.5,0,OP_SERVICE_VARIABILITY_SCV050_ICV000,e41dd9758e9e79b90aaa6a8e98aba74cac846c196739fe2b5e6b0c7fe13ebfd1,TASK3_OPERATIONAL_POOLED_SERVICE_VARIABILITY_V1,202607290000,202609290481,202609290482,202609290483,202609290484,416,416,0,2.750826487,0.490404255,0,2.750826487,52.352058521,66.891979739,77.178251779,51,53.308350268,0.672063034,0.728892508,0,300,340.308350268,11,106,3,9,9,8.613714347,194.817259948,203.430974295,0.0287123811567,0.649390866493,0.67810324765
1.0,TASK3_SERVICE_VARIABILITY_SENSITIVITY_V1,SERVICE_VARIABILITY_SCV050_ICV000,LOCAL_WINDOW_HPP_BASE,49,0.5,0,OP_SERVICE_VARIABILITY_SCV050_ICV000,e41dd9758e9e79b90aaa6a8e98aba74cac846c196739fe2b5e6b0c7fe13ebfd1,TASK3_OPERATIONAL_POOLED_SERVICE_VARIABILITY_V1,202607290000,202609290491,202609290492,202609290493,202609290494,423,423,0,4.916169312,0.888569192825,3.549401438,2.981973087,55.12009777,64.017033471,84.536489932,47,51.370437916,0.726235259,0.745245230,0,300,338.370437916,60,127,11,7,11,165.275422927,210.589345638,375.864768565,0.550918076423,0.70196448546,1.25288256188
1.0,TASK3_SERVICE_VARIABILITY_SENSITIVITY_V1,SERVICE_VARIABILITY_SCV050_ICV000,LOCAL_WINDOW_HPP_BASE,50,0.5,0,OP_SERVICE_VARIABILITY_SCV050_ICV000,e41dd9758e9e79b90aaa6a8e98aba74cac846c196739fe2b5e6b0c7fe13ebfd1,TASK3_OPERATIONAL_POOLED_SERVICE_VARIABILITY_V1,202607290000,202609290501,202609290502,202609290503,202609290504,414,414,0,2.072176472,0.37937771508,1.076464936,1.702190697,54.330221122,68.087799566,101.638622673,52,53.218536969,0.684294211,0.725572662,0,300,340.218536969,43,107,5,6,6,44.119100656,94.590609649,138.709710305,0.147063668853,0.315302032163,0.462365701017
1.0,TASK3_SERVICE_VARIABILITY_SENSITIVITY_V1,SERVICE_VARIABILITY_SCV050_ICV050,LOCAL_WINDOW_HPP_BASE,1,0.5,0.5,OP_SERVICE_VARIABILITY_SCV050_ICV050,64e95390280cccba351d713b2071316ad8ce43762a0dafa60ff74d6c1268475b,TASK3_OPERATIONAL_POOLED_SERVICE_VARIABILITY_V1,202607290000,202609290011,202609290012,202609290013,202609290014,396,396,0,2.097113338,0.33805061871,0,2.060903659,56.886155881,72.234681421,82.908419558,37,67.490724317,0.646459826,0.655115487,0,300,345.222416015,10,94,4,5,5,8.830676811,125.037368198,133.868045009,0.02943558937,0.416791227327,0.446226816697
1.0,TASK3_SERVICE_VARIABILITY_SENSITIVITY_V1,SERVICE_VARIABILITY_SCV050_ICV050,LOCAL_WINDOW_HPP_BASE,2,0.5,0.5,OP_SERVICE_VARIABILITY_SCV050_ICV050,64e95390280cccba351d713b2071316ad8ce43762a0dafa60ff74d6c1268475b,TASK3_OPERATIONAL_POOLED_SERVICE_VARIABILITY_V1,202607290000,202609290021,202609290022,202609290023,202609290024,442,442,0,3.20665023,0.6302529215,0.477677651,2.789675598,55.706407068,71.161463002,80.950712032,60,62.898907142,0.708562145,0.740819513,0,300,346.514884982,28,166,5,8,8,28.559744598,234.525939208,263.085683806,0.09519914866,0.781753130693,0.876952279353
1.0,TASK3_SERVICE_VARIABILITY_SENSITIVITY_V1,SERVICE_VARIABILITY_SCV050_ICV050,LOCAL_WINDOW_HPP_BASE,3,0.5,0.5,OP_SERVICE_VARIABILITY_SCV050_ICV050,64e95390280cccba351d713b2071316ad8ce43762a0dafa60ff74d6c1268475b,TASK3_OPERATIONAL_POOLED_SERVICE_VARIABILITY_V1,202607290000,202609290031,202609290032,202609290033,202609290034,393,393,0,0.961926689,0.106612406674,0,0.947699194,64.686709073,77.749642775,84.669805,44,65.611905440,0.661806264,0.686982016,0,300,351.767695993,5,50,1,5,5,1.783608154,40.115067669,41.898675823,0.00594536051333,0.13371689223,0.139662252743
1.0,TASK3_SERVICE_VARIABILITY_SENSITIVITY_V1,SERVICE_VARIABILITY_SCV050_ICV050,LOCAL_WINDOW_HPP_BASE,4,0.5,0.5,OP_SERVICE_VARIABILITY_SCV050_ICV050,64e95390280cccba351d713b2071316ad8ce43762a0dafa60ff74d6c1268475b,TASK3_OPERATIONAL_POOLED_SERVICE_VARIABILITY_V1,202607290000,202609290041,202609290042,202609290043,202609290044,410,410,0,2.303831295,0.392841790595,1.276115566,1.827748942,59.710667704,78.454771024,95.680645326,57,51.774691113,0.736021047,0.737646500,0,300,341.470908185,50,85,5,7,7,56.70155759,60.261408518,116.962966108,0.189005191967,0.200871361727,0.389876553693
1.0,TASK3_SERVICE_VARIABILITY_SENSITIVITY_V1,SERVICE_VARIABILITY_SCV050_ICV050,LOCAL_WINDOW_HPP_BASE,5,0.5,0.5,OP_SERVICE_VARIABILITY_SCV050_ICV050,64e95390280cccba351d713b2071316ad8ce43762a0dafa60ff74d6c1268475b,TASK3_OPERATIONAL_POOLED_SERVICE_VARIABILITY_V1,202607290000,202609290051,202609290052,202609290053,202609290054,388,388,0,2.3127514,0.343884733982,0,1.983903066,58.623128244,76.381063619,93.116558181,29,43.412591626,0.664476594,0.702880706,0,300,322.102120233,19,79,5,6,6,18.521960308,114.905316477,133.427276785,0.0617398676933,0.38301772159,0.444757589283
1.0,TASK3_SERVICE_VARIABILITY_SENSITIVITY_V1,SERVICE_VARIABILITY_SCV050_ICV050,LOCAL_WINDOW_HPP_BASE,6,0.5,0.5,OP_SERVICE_VARIABILITY_SCV050_ICV050,64e95390280cccba351d713b2071316ad8ce43762a0dafa60ff74d6c1268475b,TASK3_OPERATIONAL_POOLED_SERVICE_VARIABILITY_V1,202607290000,202609290061,202609290062,202609290063,202609290064,419,419,0,1.496129477,0.183949585286,0.824081421,1.068193147,57.914510386,69.048843087,98.421199844,48,58.295479137,0.710071163,0.716188190,0,300,340.647761665,31,42,5,5,5,34.261853458,42.483547062,76.74540052,0.114206178193,0.14161182354,0.255818001733
1.0,TASK3_SERVICE_VARIABILITY_SENSITIVITY_V1,SERVICE_VARIABILITY_SCV050_ICV050,LOCAL_WINDOW_HPP_BASE,7,0.5,0.5,OP_SERVICE_VARIABILITY_SCV050_ICV050,64e95390280cccba351d713b2071316ad8ce43762a0dafa60ff74d6c1268475b,TASK3_OPERATIONAL_POOLED_SERVICE_VARIABILITY_V1,202607290000,202609290071,202609290072,202609290073,202609290074,408,408,0,2.650280487,0.422214833022,1.071555432,2.194108975,60.098852075,75.413774616,86.425240823,54,60.338358932,0.679117938,0.697899297,0,300,344.422552127,48,78,7,7,7,49.965768528,92.378552752,142.34432128,0.16655256176,0.307928509173,0.474481070933
1.0,TASK3_SERVICE_VARIABILITY_SENSITIVITY_V1,SERVICE_VARIABILITY_SCV050_ICV050,LOCAL_WINDOW_HPP_BASE,8,0.5,0.5,OP_SERVICE_VARIABILITY_SCV050_ICV050,64e95390280cccba351d713b2071316ad8ce43762a0dafa60ff74d6c1268475b,TASK3_OPERATIONAL_POOLED_SERVICE_VARIABILITY_V1,202607290000,202609290081,202609290082,202609290083,202609290084,442,442,0,6.837056927,1.74890257912,5.307069764,3.972921999,59.733131145,76.776851725,132.170837205,40,84.781542615,0.700598086,0.699182782,0,300,375.250495221,139,197,13,10,14,399.63523929,373.379700683,773.014939973,1.3321174643,1.24459900228,2.57671646658
1.0,TASK3_SERVICE_VARIABILITY_SENSITIVITY_V1,SERVICE_VARIABILITY_SCV050_ICV050,LOCAL_WINDOW_HPP_BASE,9,0.5,0.5,OP_SERVICE_VARIABILITY_SCV050_ICV050,64e95390280cccba351d713b2071316ad8ce43762a0dafa60ff74d6c1268475b,TASK3_OPERATIONAL_POOLED_SERVICE_VARIABILITY_V1,202607290000,202609290091,202609290092,202609290093,202609290094,395,395,0,2.424056411,0.444067166587,1.470399478,1.89864506,57.198498741,70.269808105,82.009589042,49,46.826397834,0.669911927,0.717217037,0,300,333.391784826,40,100,8,6,8,53.540185102,94.664444504,148.204629606,0.178467283673,0.315548148347,0.49401543202
1.0,TASK3_SERVICE_VARIABILITY_SENSITIVITY_V1,SERVICE_VARIABILITY_SCV050_ICV050,LOCAL_WINDOW_HPP_BASE,10,0.5,0.5,OP_SERVICE_VARIABILITY_SCV050_ICV050,64e95390280cccba351d713b2071316ad8ce43762a0dafa60ff74d6c1268475b,TASK3_OPERATIONAL_POOLED_SERVICE_VARIABILITY_V1,202607290000,202609290101,202609290102,202609290103,202609290104,394,394,0,4.857523255,0.968710298886,2.638703167,3.73553071,59.788880351,93.88797984,125.388487124,56,103.253498439,0.599319153,0.587556944,0,300,397.052957415,65,113,7,10,10,136.346144221,177.767105354,314.113249575,0.454487147403,0.592557017847,1.04704416525
1.0,TASK3_SERVICE_VARIABILITY_SENSITIVITY_V1,SERVICE_VARIABILITY_SCV050_ICV050,LOCAL_WINDOW_HPP_BASE,11,0.5,0.5,OP_SERVICE_VARIABILITY_SCV050_ICV050,64e95390280cccba351d713b2071316ad8ce43762a0dafa60ff74d6c1268475b,TASK3_OPERATIONAL_POOLED_SERVICE_VARIABILITY_V1,202607290000,202609290111,202609290112,202609290113,202609290114,409,409,0,5.907015787,0.905279851528,2.556583449,4.166172283,59.247799582,69.961687968,104.47919377,41,58.337260310,0.691703319,0.709206879,0,300,338.874295562,46,125,7,10,10,88.842462412,281.416996863,370.259459275,0.296141541373,0.93805665621,1.23419819758
1.0,TASK3_SERVICE_VARIABILITY_SENSITIVITY_V1,SERVICE_VARIABILITY_SCV050_ICV050,LOCAL_WINDOW_HPP_BASE,12,0.5,0.5,OP_SERVICE_VARIABILITY_SCV050_ICV050,64e95390280cccba351d713b2071316ad8ce43762a0dafa60ff74d6c1268475b,TASK3_OPERATIONAL_POOLED_SERVICE_VARIABILITY_V1,202607290000,202609290121,202609290122,202609290123,202609290124,423,423,0,4.259066151,0.739187671104,2.993929251,2.612426523,59.456543244,73.660865398,88.10748642,49,67.388796604,0.704693938,0.701121630,0,300,340.131363779,65,107,10,9,13,134.526950532,177.702598366,312.229548898,0.44842316844,0.592341994553,1.04076516299
1.0,TASK3_SERVICE_VARIABILITY_SENSITIVITY_V1,SERVICE_VARIABILITY_SCV050_ICV050,LOCAL_WINDOW_HPP_BASE,13,0.5,0.5,OP_SERVICE_VARIABILITY_SCV050_ICV050,64e95390280cccba351d713b2071316ad8ce43762a0dafa60ff74d6c1268475b,TASK3_OPERATIONAL_POOLED_SERVICE_VARIABILITY_V1,202607290000,202609290131,202609290132,202609290133,202609290134,455,455,0,19.119329533,6.32660623644,16.078744493,4.857506994,66.320636545,89.482174874,116.866330343,52,62.359103526,0.746075299,0.758099429,0,300,349.986103879,232,229,32,13,34,2305.3244634,564.38689648,2869.71135988,7.68441487801,1.88128965493,9.56570453294
1.0,TASK3_SERVICE_VARIABILITY_SENSITIVITY_V1,SERVICE_VARIABILITY_SCV050_ICV050,LOCAL_WINDOW_HPP_BASE,14,0.5,0.5,OP_SERVICE_VARIABILITY_SCV050_ICV050,64e95390280cccba351d713b2071316ad8ce43762a0dafa60ff74d6c1268475b,TASK3_OPERATIONAL_POOLED_SERVICE_VARIABILITY_V1,202607290000,202609290141,202609290142,202609290143,202609290144,374,374,0,3.446469273,0.494122168511,0,3.403553361,58.263738643,77.013580277,96.263222292,28,81.242010378,0.592309080,0.601539226,0,300,356.679517265,14,69,4,11,11,19.321315268,165.480375755,184.801691023,0.0644043842267,0.551601252517,0.616005636743
1.0,TASK3_SERVICE_VARIABILITY_SENSITIVITY_V1,SERVICE_VARIABILITY_SCV050_ICV050,LOCAL_WINDOW_HPP_BASE,15,0.5,0.5,OP_SERVICE_VARIABILITY_SCV050_ICV050,64e95390280cccba351d713b2071316ad8ce43762a0dafa60ff74d6c1268475b,TASK3_OPERATIONAL_POOLED_SERVICE_VARIABILITY_V1,202607290000,202609290151,202609290152,202609290153,202609290154,386,386,0,2.530204872,0.354160770031,0.33977678,2.381751641,56.584012634,74.427953316,76.631486667,40,61.611087635,0.642719812,0.634078490,0,300,331.118191292,32,53,4,10,10,20.28453241,114.761939545,135.046471955,0.0676151080333,0.382539798483,0.450154906517
1.0,TASK3_SERVICE_VARIABILITY_SENSITIVITY_V1,SERVICE_VARIABILITY_SCV050_ICV050,LOCAL_WINDOW_HPP_BASE,16,0.5,0.5,OP_SERVICE_VARIABILITY_SCV050_ICV050,64e95390280cccba351d713b2071316ad8ce43762a0dafa60ff74d6c1268475b,TASK3_OPERATIONAL_POOLED_SERVICE_VARIABILITY_V1,202607290000,202609290161,202609290162,202609290163,202609290164,401,401,0,3.144375768,0.396569270389,0.547398978,2.514897776,55.055228668,64.014229459,77.957186248,62,61.794998777,0.647372957,0.653597309,0,300,342.724700988,27,60,5,8,8,24.704332606,23.285868212,47.990200818,0.0823477753533,0.0776195607067,0.15996733606
1.0,TASK3_SERVICE_VARIABILITY_SENSITIVITY_V1,SERVICE_VARIABILITY_SCV050_ICV050,LOCAL_WINDOW_HPP_BASE,17,0.5,0.5,OP_SERVICE_VARIABILITY_SCV050_ICV050,64e95390280cccba351d713b2071316ad8ce43762a0dafa60ff74d6c1268475b,TASK3_OPERATIONAL_POOLED_SERVICE_VARIABILITY_V1,202607290000,202609290171,202609290172,202609290173,202609290174,429,429,0,6.863780994,1.37192412398,6.345123034,2.769404553,61.68736771,73.025715518,87.445113925,51,61.370946939,0.734485957,0.720067643,0,300,337.986998314,140,166,15,6,18,352.80957704,224.950352103,577.759929143,1.17603192347,0.74983450701,1.92586643048
1.0,TASK3_SERVICE_VARIABILITY_SENSITIVITY_V1,SERVICE_VARIABILITY_SCV050_ICV050,LOCAL_WINDOW_HPP_BASE,18,0.5,0.5,OP_SERVICE_VARIABILITY_SCV050_ICV050,64e95390280cccba351d713b2071316ad8ce43762a0dafa60ff74d6c1268475b,TASK3_OPERATIONAL_POOLED_SERVICE_VARIABILITY_V1,202607290000,202609290181,202609290182,202609290183,202609290184,419,419,0,6.078406019,1.27683205998,4.040631651,3.802524152,60.934812154,71.918835269,91.984246364,52,55.066223963,0.727364762,0.715630467,0,300,345.739329349,116,123,12,9,12,304.177742547,152.354597547,456.532340094,1.01392580849,0.50784865849,1.52177446698
1.0,TASK3_SERVICE_VARIABILITY_SENSITIVITY_V1,SERVICE_VARIABILITY_SCV050_ICV050,LOCAL_WINDOW_HPP_BASE,19,0.5,0.5,OP_SERVICE_VARIABILITY_SCV050_ICV050,64e95390280cccba351d713b2071316ad8ce43762a0dafa60ff74d6c1268475b,TASK3_OPERATIONAL_POOLED_SERVICE_VARIABILITY_V1,202607290000,202609290191,202609290192,202609290193,202609290194,445,445,0,4.356345399,0.885513377157,2.545532694,2.961918919,60.117699128,74.886544486,96.269878206,61,66.520165511,0.739447216,0.731993403,0,300,351.058682284,96,143,11,9,11,149.172751562,226.670324704,375.843076266,0.497242505207,0.755567749013,1.25281025422
1.0,TASK3_SERVICE_VARIABILITY_SENSITIVITY_V1,SERVICE_VARIABILITY_SCV050_ICV050,LOCAL_WINDOW_HPP_BASE,20,0.5,0.5,OP_SERVICE_VARIABILITY_SCV050_ICV050,64e95390280cccba351d713b2071316ad8ce43762a0dafa60ff74d6c1268475b,TASK3_OPERATIONAL_POOLED_SERVICE_VARIABILITY_V1,202607290000,202609290201,202609290202,202609290203,202609290204,418,418,0,2.752191258,0.513398238565,1.156217553,2.44973029,60.836165173,72.907551181,83.640052478,47,64.950862807,0.703972996,0.731082000,0,300,355.460351677,61,115,5,7,7,56.203235865,156.611561341,212.814797206,0.18734411955,0.522038537803,0.709382657353
1.0,TASK3_SERVICE_VARIABILITY_SENSITIVITY_V1,SERVICE_VARIABILITY_SCV050_ICV050,LOCAL_WINDOW_HPP_BASE,21,0.5,0.5,OP_SERVICE_VARIABILITY_SCV050_ICV050,64e95390280cccba351d713b2071316ad8ce43762a0dafa60ff74d6c1268475b,TASK3_OPERATIONAL_POOLED_SERVICE_VARIABILITY_V1,202607290000,202609290211,202609290212,202609290213,202609290214,417,417,0,8.733972592,2.26158371873,3.657718327,6.440224715,63.596169286,83.715895388,118.563066145,56,81.793901164,0.685524457,0.683012886,0,300,363.109796446,135,179,11,15,20,287.691190606,653.832673901,941.523864507,0.958970635353,2.17944224634,3.13841288169
1.0,TASK3_SERVICE_VARIABILITY_SENSITIVITY_V1,SERVICE_VARIABILITY_SCV050_ICV050,LOCAL_WINDOW_HPP_BASE,22,0.5,0.5,OP_SERVICE_VARIABILITY_SCV050_ICV050,64e95390280cccba351d713b2071316ad8ce43762a0dafa60ff74d6c1268475b,TASK3_OPERATIONAL_POOLED_SERVICE_VARIABILITY_V1,202607290000,202609290221,202609290222,202609290223,202609290224,410,410,0,2.788845297,0.468486893795,0.0523329,2.439365044,58.04724708,64.55109729,87.694083261,50,54.610478766,0.691572728,0.735117600,0,300,342.478971011,21,111,4,7,7,25.679954976,130.312332139,155.992287115,0.08559984992,0.434374440463,0.519974290383
1.0,TASK3_SERVICE_VARIABILITY_SENSITIVITY_V1,SERVICE_VARIABILITY_SCV050_ICV050,LOCAL_WINDOW_HPP_BASE,23,0.5,0.5,OP_SERVICE_VARIABILITY_SCV050_ICV050,64e95390280cccba351d713b2071316ad8ce43762a0dafa60ff74d6c1268475b,TASK3_OPERATIONAL_POOLED_SERVICE_VARIABILITY_V1,202607290000,202609290231,202609290232,202609290233,202609290234,439,439,0,6.987780361,1.92742094282,4.09562139,4.733688203,60.396293815,73.465145984,87.720140548,48,59.866934415,0.752149598,0.756840693,0,300,342.387533232,173,215,8,10,10,358.412301581,451.163695571,809.575997152,1.19470767194,1.50387898524,2.69858665717
1.0,TASK3_SERVICE_VARIABILITY_SENSITIVITY_V1,SERVICE_VARIABILITY_SCV050_ICV050,LOCAL_WINDOW_HPP_BASE,24,0.5,0.5,OP_SERVICE_VARIABILITY_SCV050_ICV050,64e95390280cccba351d713b2071316ad8ce43762a0dafa60ff74d6c1268475b,TASK3_OPERATIONAL_POOLED_SERVICE_VARIABILITY_V1,202607290000,202609290241,202609290242,202609290243,202609290244,412,412,0,2.16095086,0.32987349159,0,2.101764545,56.535251001,64.003023272,101.461459637,56,98.651323124,0.585256700,0.648984460,0,300,390.803329962,15,98,4,10,10,8.973621843,114.406821417,123.38044326,0.02991207281,0.38135607139,0.4112681442
1.0,TASK3_SERVICE_VARIABILITY_SENSITIVITY_V1,SERVICE_VARIABILITY_SCV050_ICV050,LOCAL_WINDOW_HPP_BASE,25,0.5,0.5,OP_SERVICE_VARIABILITY_SCV050_ICV050,64e95390280cccba351d713b2071316ad8ce43762a0dafa60ff74d6c1268475b,TASK3_OPERATIONAL_POOLED_SERVICE_VARIABILITY_V1,202607290000,202609290251,202609290252,202609290253,202609290254,424,424,0,5.630364357,1.18291753093,3.07570518,4.074480438,60.876413935,72.11393466,106.76656674,61,54.204774055,0.727874768,0.735659633,0,300,344.384523569,83,127,12,12,12,153.485531083,317.154294862,470.639825945,0.511618436943,1.05718098287,1.56879941982
1.0,TASK3_SERVICE_VARIABILITY_SENSITIVITY_V1,SERVICE_VARIABILITY_SCV050_ICV050,LOCAL_WINDOW_HPP_BASE,26,0.5,0.5,OP_SERVICE_VARIABILITY_SCV050_ICV050,64e95390280cccba351d713b2071316ad8ce43762a0dafa60ff74d6c1268475b,TASK3_OPERATIONAL_POOLED_SERVICE_VARIABILITY_V1,202607290000,202609290261,202609290262,202609290263,202609290264,419,419,0,7.780253129,1.76390964026,3.765704809,5.409312044,62.253504185,76.870355695,88.944406007,49,63.458881202,0.717866165,0.724190252,0,300,352.954460077,113,168,9,14,14,266.70056106,457.366186192,724.066747252,0.8890018702,1.52455395397,2.41355582417
1.0,TASK3_SERVICE_VARIABILITY_SENSITIVITY_V1,SERVICE_VARIABILITY_SCV050_ICV050,LOCAL_WINDOW_HPP_BASE,27,0.5,0.5,OP_SERVICE_VARIABILITY_SCV050_ICV050,64e95390280cccba351d713b2071316ad8ce43762a0dafa60ff74d6c1268475b,TASK3_OPERATIONAL_POOLED_SERVICE_VARIABILITY_V1,202607290000,202609290271,202609290272,202609290273,202609290274,410,410,0,3.907040216,0.687700624156,0,3.907040216,57.041421282,68.053864173,95.406966933,58,74.492132123,0.621189021,0.671502425,0,300,354.314262518,8,102,3,9,9,4.538080664,187.924789863,192.462870527,0.0151269355467,0.62641596621,0.641542901757
1.0,TASK3_SERVICE_VARIABILITY_SENSITIVITY_V1,SERVICE_VARIABILITY_SCV050_ICV050,LOCAL_WINDOW_HPP_BASE,28,0.5,0.5,OP_SERVICE_VARIABILITY_SCV050_ICV050,64e95390280cccba351d713b2071316ad8ce43762a0dafa60ff74d6c1268475b,TASK3_OPERATIONAL_POOLED_SERVICE_VARIABILITY_V1,202607290000,202609290281,202609290282,202609290283,202609290284,392,392,0,5.044579461,0.801629619227,1.969198966,4.292816161,58.901317838,82.830509391,98.047805692,61,46.233290140,0.675376218,0.717747402,0,300,333.692540149,32,112,7,13,13,69.69997439,141.562570355,211.262544745,0.232333247967,0.471875234517,0.704208482483
1.0,TASK3_SERVICE_VARIABILITY_SENSITIVITY_V1,SERVICE_VARIABILITY_SCV050_ICV050,LOCAL_WINDOW_HPP_BASE,29,0.5,0.5,OP_SERVICE_VARIABILITY_SCV050_ICV050,64e95390280cccba351d713b2071316ad8ce43762a0dafa60ff74d6c1268475b,TASK3_OPERATIONAL_POOLED_SERVICE_VARIABILITY_V1,202607290000,202609290291,202609290292,202609290293,202609290294,424,424,0,4.829206513,0.887278951054,1.962672487,3.364859494,56.938230637,76.576564496,81.837733007,50,60.554518916,0.696177626,0.722917758,0,300,351.249569246,67,146,8,9,9,114.438972868,230.24606123,344.685034098,0.381463242893,0.767486870767,1.14895011366
1.0,TASK3_SERVICE_VARIABILITY_SENSITIVITY_V1,SERVICE_VARIABILITY_SCV050_ICV050,LOCAL_WINDOW_HPP_BASE,30,0.5,0.5,OP_SERVICE_VARIABILITY_SCV050_ICV050,64e95390280cccba351d713b2071316ad8ce43762a0dafa60ff74d6c1268475b,TASK3_OPERATIONAL_POOLED_SERVICE_VARIABILITY_V1,202607290000,202609290301,202609290302,202609290303,202609290304,408,408,0,3.12265303,0.496255026743,2.987084196,0.829270917,60.066759843,81.476898916,104.440962263,61,87.192607670,0.655792418,0.640717558,0,300,369.215362223,69,57,9,5,9,146.070809182,45.724227475,191.795036657,0.486902697273,0.152414091583,0.639316788857
1.0,TASK3_SERVICE_VARIABILITY_SENSITIVITY_V1,SERVICE_VARIABILITY_SCV050_ICV050,LOCAL_WINDOW_HPP_BASE,31,0.5,0.5,OP_SERVICE_VARIABILITY_SCV050_ICV050,64e95390280cccba351d713b2071316ad8ce43762a0dafa60ff74d6c1268475b,TASK3_OPERATIONAL_POOLED_SERVICE_VARIABILITY_V1,202607290000,202609290311,202609290312,202609290313,202609290314,425,425,0,7.760545771,1.16381140149,2.987197651,5.08275607,57.439898904,76.040205094,118.475481345,59,61.714352427,0.680933226,0.708037068,0,300,354.085626515,80,110,10,12,12,190.461608645,186.765365221,377.226973866,0.634872028817,0.622551217403,1.25742324622
1.0,TASK3_SERVICE_VARIABILITY_SENSITIVITY_V1,SERVICE_VARIABILITY_SCV050_ICV050,LOCAL_WINDOW_HPP_BASE,32,0.5,0.5,OP_SERVICE_VARIABILITY_SCV050_ICV050,64e95390280cccba351d713b2071316ad8ce43762a0dafa60ff74d6c1268475b,TASK3_OPERATIONAL_POOLED_SERVICE_VARIABILITY_V1,202607290000,202609290321,202609290322,202609290323,202609290324,395,395,0,1.982589095,0.261360970159,0.49587451,1.503150918,61.194087035,73.619290375,98.945778102,50,55.446063511,0.696564389,0.660336853,0,300,342.926824873,27,45,6,7,7,41.015815929,62.221767284,103.237583213,0.13671938643,0.207405890947,0.344125277377
1.0,TASK3_SERVICE_VARIABILITY_SENSITIVITY_V1,SERVICE_VARIABILITY_SCV050_ICV050,LOCAL_WINDOW_HPP_BASE,33,0.5,0.5,OP_SERVICE_VARIABILITY_SCV050_ICV050,64e95390280cccba351d713b2071316ad8ce43762a0dafa60ff74d6c1268475b,TASK3_OPERATIONAL_POOLED_SERVICE_VARIABILITY_V1,202607290000,202609290331,202609290332,202609290333,202609290334,428,428,0,2.825575773,0.498812099958,1.844027407,1.884220336,57.56373881,75.848526073,109.008464517,42,44.562104021,0.745377900,0.734036272,0,300,332.345114523,66,101,6,6,6,97.714302291,115.777276491,213.491578782,0.32571434097,0.38592425497,0.71163859594
1.0,TASK3_SERVICE_VARIABILITY_SENSITIVITY_V1,SERVICE_VARIABILITY_SCV050_ICV050,LOCAL_WINDOW_HPP_BASE,34,0.5,0.5,OP_SERVICE_VARIABILITY_SCV050_ICV050,64e95390280cccba351d713b2071316ad8ce43762a0dafa60ff74d6c1268475b,TASK3_OPERATIONAL_POOLED_SERVICE_VARIABILITY_V1,202607290000,202609290341,202609290342,202609290343,202609290344,426,426,0,5.91330946,0.769937842913,3.964758421,2.152483376,58.150914646,70.125561926,90.742909084,64,52.645109661,0.707783497,0.760715584,0,300,334.096108005,47,106,11,10,11,161.438226879,68.56195573,230.000182609,0.53812742293,0.228539852433,0.766667275363
1.0,TASK3_SERVICE_VARIABILITY_SENSITIVITY_V1,SERVICE_VARIABILITY_SCV050_ICV050,LOCAL_WINDOW_HPP_BASE,35,0.5,0.5,OP_SERVICE_VARIABILITY_SCV050_ICV050,64e95390280cccba351d713b2071316ad8ce43762a0dafa60ff74d6c1268475b,TASK3_OPERATIONAL_POOLED_SERVICE_VARIABILITY_V1,202607290000,202609290351,202609290352,202609290353,202609290354,451,451,0,8.85320418,2.06163777855,2.648546329,6.922702523,58.69317753,82.637563775,99.02356277,72,83.511842252,0.690510795,0.734511298,0,300,374.933753706,107,221,9,18,18,190.883789058,437.280382222,628.16417128,0.63627929686,1.45760127407,2.09388057093
1.0,TASK3_SERVICE_VARIABILITY_SENSITIVITY_V1,SERVICE_VARIABILITY_SCV050_ICV050,LOCAL_WINDOW_HPP_BASE,36,0.5,0.5,OP_SERVICE_VARIABILITY_SCV050_ICV050,64e95390280cccba351d713b2071316ad8ce43762a0dafa60ff74d6c1268475b,TASK3_OPERATIONAL_POOLED_SERVICE_VARIABILITY_V1,202607290000,202609290361,202609290362,202609290363,202609290364,414,414,0,4.21175441,0.757312994534,0.528012367,4.096382495,57.921557783,68.542616894,93.353701787,43,45.638494037,0.720768941,0.750737449,0,300,327.750748911,38,136,4,13,13,32.205702428,281.321877309,313.527579737,0.107352341427,0.93773959103,1.04509193246
1.0,TASK3_SERVICE_VARIABILITY_SENSITIVITY_V1,SERVICE_VARIABILITY_SCV050_ICV050,LOCAL_WINDOW_HPP_BASE,37,0.5,0.5,OP_SERVICE_VARIABILITY_SCV050_ICV050,64e95390280cccba351d713b2071316ad8ce43762a0dafa60ff74d6c1268475b,TASK3_OPERATIONAL_POOLED_SERVICE_VARIABILITY_V1,202607290000,202609290371,202609290372,202609290373,202609290374,408,408,0,2.998385433,0.537198254696,2.181805852,1.52414654,56.549822478,75.177910153,89.273251805,54,68.746122166,0.665976046,0.675507750,0,300,350.78098968,64,97,8,7,8,114.026866439,88.383600661,202.4104671,0.380089554797,0.294612002203,0.674701557
1.0,TASK3_SERVICE_VARIABILITY_SENSITIVITY_V1,SERVICE_VARIABILITY_SCV050_ICV050,LOCAL_WINDOW_HPP_BASE,38,0.5,0.5,OP_SERVICE_VARIABILITY_SCV050_ICV050,64e95390280cccba351d713b2071316ad8ce43762a0dafa60ff74d6c1268475b,TASK3_OPERATIONAL_POOLED_SERVICE_VARIABILITY_V1,202607290000,202609290381,202609290382,202609290383,202609290384,406,406,0,8.518973927,2.05656617341,0.648811924,8.186590434,60.687327655,73.754420234,113.809630066,47,48.863448874,0.714545267,0.752486418,0,300,338.096410129,30,189,4,15,15,28.008601483,798.503027999,826.511629482,0.0933620049433,2.66167676,2.75503876494
1.0,TASK3_SERVICE_VARIABILITY_SENSITIVITY_V1,SERVICE_VARIABILITY_SCV050_ICV050,LOCAL_WINDOW_HPP_BASE,39,0.5,0.5,OP_SERVICE_VARIABILITY_SCV050_ICV050,64e95390280cccba351d713b2071316ad8ce43762a0dafa60ff74d6c1268475b,TASK3_OPERATIONAL_POOLED_SERVICE_VARIABILITY_V1,202607290000,202609290391,202609290392,202609290393,202609290394,388,388,0,2.748109807,0.429559013129,0,2.412149893,56.09984986,72.859212706,81.694365708,61,81.287759134,0.589324281,0.632950807,0,300,364.452321528,14,86,4,9,9,14.157100237,109.768868279,123.925968516,0.0471903341233,0.365896227597,0.41308656172
1.0,TASK3_SERVICE_VARIABILITY_SENSITIVITY_V1,SERVICE_VARIABILITY_SCV050_ICV050,LOCAL_WINDOW_HPP_BASE,40,0.5,0.5,OP_SERVICE_VARIABILITY_SCV050_ICV050,64e95390280cccba351d713b2071316ad8ce43762a0dafa60ff74d6c1268475b,TASK3_OPERATIONAL_POOLED_SERVICE_VARIABILITY_V1,202607290000,202609290401,202609290402,202609290403,202609290404,399,399,0,7.609855718,1.43436490443,1.21154029,6.078839147,61.033971518,81.646239198,85.677597159,61,66.674813671,0.683425936,0.686427684,0,300,354.570882473,28,136,10,14,14,92.151477398,357.34447238,449.495949778,0.307171591327,1.19114824127,1.49831983259
1.0,TASK3_SERVICE_VARIABILITY_SENSITIVITY_V1,SERVICE_VARIABILITY_SCV050_ICV050,LOCAL_WINDOW_HPP_BASE,41,0.5,0.5,OP_SERVICE_VARIABILITY_SCV050_ICV050,64e95390280cccba351d713b2071316ad8ce43762a0dafa60ff74d6c1268475b,TASK3_OPERATIONAL_POOLED_SERVICE_VARIABILITY_V1,202607290000,202609290411,202609290412,202609290413,202609290414,416,416,0,1.367644625,0.156590010536,0.257474926,0.911456346,55.308726668,66.4210805,78.219145146,40,77.768181825,0.640177332,0.643444584,0,300,337.963766324,25,41,4,5,5,25.766293379,39.375151004,65.141444383,0.0858876445967,0.131250503347,0.217138147943
1.0,TASK3_SERVICE_VARIABILITY_SENSITIVITY_V1,SERVICE_VARIABILITY_SCV050_ICV050,LOCAL_WINDOW_HPP_BASE,42,0.5,0.5,OP_SERVICE_VARIABILITY_SCV050_ICV050,64e95390280cccba351d713b2071316ad8ce43762a0dafa60ff74d6c1268475b,TASK3_OPERATIONAL_POOLED_SERVICE_VARIABILITY_V1,202607290000,202609290421,202609290422,202609290423,202609290424,403,403,0,6.288408916,0.989415563533,6.080516839,1.516281815,60.557872173,79.243274105,100.332112823,51,69.862335407,0.664785235,0.689815768,0,300,351.688133562,88,69,15,6,15,327.122908052,71.611564052,398.734472104,1.09040969351,0.238705213507,1.32911490701
1.0,TASK3_SERVICE_VARIABILITY_SENSITIVITY_V1,SERVICE_VARIABILITY_SCV050_ICV050,LOCAL_WINDOW_HPP_BASE,43,0.5,0.5,OP_SERVICE_VARIABILITY_SCV050_ICV050,64e95390280cccba351d713b2071316ad8ce43762a0dafa60ff74d6c1268475b,TASK3_OPERATIONAL_POOLED_SERVICE_VARIABILITY_V1,202607290000,202609290431,202609290432,202609290433,202609290434,407,407,0,6.788473582,1.17294846471,6.182534575,2.62990504,62.405743653,72.798020171,81.088426509,49,37.850201498,0.744284124,0.726491722,0,300,324.661697182,88,105,13,9,13,303.248794827,160.863867487,464.112662314,1.01082931609,0.536212891623,1.54704220771
1.0,TASK3_SERVICE_VARIABILITY_SENSITIVITY_V1,SERVICE_VARIABILITY_SCV050_ICV050,LOCAL_WINDOW_HPP_BASE,44,0.5,0.5,OP_SERVICE_VARIABILITY_SCV050_ICV050,64e95390280cccba351d713b2071316ad8ce43762a0dafa60ff74d6c1268475b,TASK3_OPERATIONAL_POOLED_SERVICE_VARIABILITY_V1,202607290000,202609290441,202609290442,202609290443,202609290444,366,366,0,0.28058026,0.0511322963443,0,0.244432387,60.914761258,76.464371696,90.686328719,39,55.851712670,0.635590226,0.655493732,0,300,347.134469312,2,24,1,5,5,0.559407185,18.155013277,18.714420462,0.00186469061667,0.0605167109233,0.06238140154
1.0,TASK3_SERVICE_VARIABILITY_SENSITIVITY_V1,SERVICE_VARIABILITY_SCV050_ICV050,LOCAL_WINDOW_HPP_BASE,45,0.5,0.5,OP_SERVICE_VARIABILITY_SCV050_ICV050,64e95390280cccba351d713b2071316ad8ce43762a0dafa60ff74d6c1268475b,TASK3_OPERATIONAL_POOLED_SERVICE_VARIABILITY_V1,202607290000,202609290451,202609290452,202609290453,202609290454,399,399,0,1.935672128,0.299672967774,0.373800571,1.729403884,60.314096398,82.846541778,97.297617176,53,66.373102522,0.683399397,0.671550938,0,300,349.047218039,33,74,5,6,6,31.811091811,65.399619413,97.210711224,0.106036972703,0.217998731377,0.32403570408
1.0,TASK3_SERVICE_VARIABILITY_SENSITIVITY_V1,SERVICE_VARIABILITY_SCV050_ICV050,LOCAL_WINDOW_HPP_BASE,46,0.5,0.5,OP_SERVICE_VARIABILITY_SCV050_ICV050,64e95390280cccba351d713b2071316ad8ce43762a0dafa60ff74d6c1268475b,TASK3_OPERATIONAL_POOLED_SERVICE_VARIABILITY_V1,202607290000,202609290461,202609290462,202609290463,202609290464,452,452,0,9.184076072,2.5501957162,5.198952256,7.078037875,57.065689622,70.382900415,92.031586706,56,50.843624973,0.770441694,0.776477410,0,300,330.178853055,172,204,13,18,18,478.902554873,528.67366251,1007.57621738,1.59634184958,1.7622455417,3.35858739128
1.0,TASK3_SERVICE_VARIABILITY_SENSITIVITY_V1,SERVICE_VARIABILITY_SCV050_ICV050,LOCAL_WINDOW_HPP_BASE,47,0.5,0.5,OP_SERVICE_VARIABILITY_SCV050_ICV050,64e95390280cccba351d713b2071316ad8ce43762a0dafa60ff74d6c1268475b,TASK3_OPERATIONAL_POOLED_SERVICE_VARIABILITY_V1,202607290000,202609290471,202609290472,202609290473,202609290474,385,385,0,3.314129475,0.517851136657,0.387420816,3.00667506,58.428936141,79.325496501,95.724594581,41,57.641008452,0.668637741,0.668028886,0,300,340.722605188,26,75,4,8,8,33.753881646,156.340144494,190.09402614,0.11251293882,0.52113381498,0.6336467538
1.0,TASK3_SERVICE_VARIABILITY_SENSITIVITY_V1,SERVICE_VARIABILITY_SCV050_ICV050,LOCAL_WINDOW_HPP_BASE,48,0.5,0.5,OP_SERVICE_VARIABILITY_SCV050_ICV050,64e95390280cccba351d713b2071316ad8ce43762a0dafa60ff74d6c1268475b,TASK3_OPERATIONAL_POOLED_SERVICE_VARIABILITY_V1,202607290000,202609290481,202609290482,202609290483,202609290484,416,416,0,7.970051196,1.6517916824,0,7.970051196,57.863797406,69.316250712,96.207163001,49,57.578918789,0.664036579,0.738833472,0,300,340.308350268,11,145,3,15,15,8.613714347,678.025354403,686.63906875,0.0287123811567,2.26008451468,2.28879689583
1.0,TASK3_SERVICE_VARIABILITY_SENSITIVITY_V1,SERVICE_VARIABILITY_SCV050_ICV050,LOCAL_WINDOW_HPP_BASE,49,0.5,0.5,OP_SERVICE_VARIABILITY_SCV050_ICV050,64e95390280cccba351d713b2071316ad8ce43762a0dafa60ff74d6c1268475b,TASK3_OPERATIONAL_POOLED_SERVICE_VARIABILITY_V1,202607290000,202609290491,202609290492,202609290493,202609290494,423,423,0,5.10011858,1.01209687377,3.549401438,4.142595459,59.862218539,71.661339563,82.218487687,50,56.889692873,0.715004121,0.735709110,0,300,338.370437916,60,133,11,12,12,165.275422927,262.841554678,428.116977605,0.550918076423,0.876138515593,1.42705659202
1.0,TASK3_SERVICE_VARIABILITY_SENSITIVITY_V1,SERVICE_VARIABILITY_SCV050_ICV050,LOCAL_WINDOW_HPP_BASE,50,0.5,0.5,OP_SERVICE_VARIABILITY_SCV050_ICV050,64e95390280cccba351d713b2071316ad8ce43762a0dafa60ff74d6c1268475b,TASK3_OPERATIONAL_POOLED_SERVICE_VARIABILITY_V1,202607290000,202609290501,202609290502,202609290503,202609290504,414,414,0,3.611622269,0.774613819454,1.076464936,3.501695968,61.019196012,78.461276132,112.322690141,51,59.651060399,0.672055297,0.719756449,0,300,340.218536969,43,138,5,10,10,44.119100656,224.318515704,268.43761636,0.147063668853,0.74772838568,0.894792054533
1.0,TASK3_SERVICE_VARIABILITY_SENSITIVITY_V1,SERVICE_VARIABILITY_SCV050_ICV100,LOCAL_WINDOW_HPP_BASE,1,0.5,1,OP_SERVICE_VARIABILITY_SCV050_ICV100,16cd99b7ae2d4306df327b0182519efcc972ad5612d8f4b79c7ca7e21528adbf,TASK3_OPERATIONAL_POOLED_SERVICE_VARIABILITY_V1,202607290000,202609290011,202609290012,202609290013,202609290014,396,396,0,1.22590909,0.170070302823,0,1.100504141,61.360867049,97.603520446,159.620426583,39,129.444192568,0.553198748,0.548927047,0,300,345.222416015,10,64,4,5,5,8.830676811,58.517163107,67.347839918,0.02943558937,0.195057210357,0.224492799727
1.0,TASK3_SERVICE_VARIABILITY_SENSITIVITY_V1,SERVICE_VARIABILITY_SCV050_ICV100,LOCAL_WINDOW_HPP_BASE,2,0.5,1,OP_SERVICE_VARIABILITY_SCV050_ICV100,16cd99b7ae2d4306df327b0182519efcc972ad5612d8f4b79c7ca7e21528adbf,TASK3_OPERATIONAL_POOLED_SERVICE_VARIABILITY_V1,202607290000,202609290021,202609290022,202609290023,202609290024,442,442,0,3.53517194,0.649354135771,0.477677651,3.33988297,62.026273714,82.665554072,102.12526745,56,67.512290366,0.699667561,0.710122788,0,300,346.514884982,28,145,5,8,8,28.559744598,249.204552577,277.764297175,0.09519914866,0.830681841923,0.925880990583
1.0,TASK3_SERVICE_VARIABILITY_SENSITIVITY_V1,SERVICE_VARIABILITY_SCV050_ICV100,LOCAL_WINDOW_HPP_BASE,3,0.5,1,OP_SERVICE_VARIABILITY_SCV050_ICV100,16cd99b7ae2d4306df327b0182519efcc972ad5612d8f4b79c7ca7e21528adbf,TASK3_OPERATIONAL_POOLED_SERVICE_VARIABILITY_V1,202607290000,202609290031,202609290032,202609290033,202609290034,393,393,0,1.359270318,0.195722522817,0,1.324792112,70.933253377,118.627611507,163.925386823,44,106.248070726,0.595607134,0.650567473,0,300,351.767695993,5,76,1,5,5,1.783608154,75.135343313,76.918951467,0.00594536051333,0.250451144377,0.25639650489
1.0,TASK3_SERVICE_VARIABILITY_SENSITIVITY_V1,SERVICE_VARIABILITY_SCV050_ICV100,LOCAL_WINDOW_HPP_BASE,4,0.5,1,OP_SERVICE_VARIABILITY_SCV050_ICV100,16cd99b7ae2d4306df327b0182519efcc972ad5612d8f4b79c7ca7e21528adbf,TASK3_OPERATIONAL_POOLED_SERVICE_VARIABILITY_V1,202607290000,202609290041,202609290042,202609290043,202609290044,410,410,0,1.999038814,0.327168440544,1.276115566,1.668112227,68.004365667,91.092759485,120.424303141,57,91.357431616,0.661578280,0.668298459,0,300,341.470908185,50,62,5,7,7,56.70155759,28.682246462,85.383804052,0.189005191967,0.0956074882067,0.284612680173
1.0,TASK3_SERVICE_VARIABILITY_SENSITIVITY_V1,SERVICE_VARIABILITY_SCV050_ICV100,LOCAL_WINDOW_HPP_BASE,5,0.5,1,OP_SERVICE_VARIABILITY_SCV050_ICV100,16cd99b7ae2d4306df327b0182519efcc972ad5612d8f4b79c7ca7e21528adbf,TASK3_OPERATIONAL_POOLED_SERVICE_VARIABILITY_V1,202607290000,202609290051,202609290052,202609290053,202609290054,388,388,0,2.786408376,0.419371458964,0,2.494159999,64.861334871,117.538696117,134.296919129,29,66.062459001,0.623362553,0.670175848,0,300,322.102120233,19,83,5,7,7,18.521960308,144.19416577,162.716126078,0.0617398676933,0.480647219233,0.542387086927
1.0,TASK3_SERVICE_VARIABILITY_SENSITIVITY_V1,SERVICE_VARIABILITY_SCV050_ICV100,LOCAL_WINDOW_HPP_BASE,6,0.5,1,OP_SERVICE_VARIABILITY_SCV050_ICV100,16cd99b7ae2d4306df327b0182519efcc972ad5612d8f4b79c7ca7e21528adbf,TASK3_OPERATIONAL_POOLED_SERVICE_VARIABILITY_V1,202607290000,202609290061,202609290062,202609290063,202609290064,419,419,0,1.133974591,0.121891412819,0.824081421,0,64.285278254,84.631780737,116.059522868,48,82.778537160,0.664654005,0.657393137,0,300,340.647761665,31,20,5,4,5,34.261853458,16.499078212,50.76093167,0.114206178193,0.0549969273733,0.169203105567
1.0,TASK3_SERVICE_VARIABILITY_SENSITIVITY_V1,SERVICE_VARIABILITY_SCV050_ICV100,LOCAL_WINDOW_HPP_BASE,7,0.5,1,OP_SERVICE_VARIABILITY_SCV050_ICV100,16cd99b7ae2d4306df327b0182519efcc972ad5612d8f4b79c7ca7e21528adbf,TASK3_OPERATIONAL_POOLED_SERVICE_VARIABILITY_V1,202607290000,202609290071,202609290072,202609290073,202609290074,408,408,0,3.245033519,0.551100919142,1.071555432,3.14308209,68.677769965,90.371310254,100.573973733,58,72.980243983,0.656099745,0.670835727,0,300,344.422552127,48,91,7,8,8,49.965768528,125.896461482,175.86223001,0.16655256176,0.419654871607,0.586207433367
1.0,TASK3_SERVICE_VARIABILITY_SENSITIVITY_V1,SERVICE_VARIABILITY_SCV050_ICV100,LOCAL_WINDOW_HPP_BASE,8,0.5,1,OP_SERVICE_VARIABILITY_SCV050_ICV100,16cd99b7ae2d4306df327b0182519efcc972ad5612d8f4b79c7ca7e21528adbf,TASK3_OPERATIONAL_POOLED_SERVICE_VARIABILITY_V1,202607290000,202609290081,202609290082,202609290083,202609290084,442,442,0,5.996556319,1.41481671681,5.307069764,3.640131514,65.908316639,87.591931735,129.681400449,36,81.725550871,0.706206885,0.683680352,0,300,375.250495221,139,124,13,11,13,399.63523929,225.713749538,625.348988828,1.3321174643,0.752379165127,2.08449662943
1.0,TASK3_SERVICE_VARIABILITY_SENSITIVITY_V1,SERVICE_VARIABILITY_SCV050_ICV100,LOCAL_WINDOW_HPP_BASE,9,0.5,1,OP_SERVICE_VARIABILITY_SCV050_ICV100,16cd99b7ae2d4306df327b0182519efcc972ad5612d8f4b79c7ca7e21528adbf,TASK3_OPERATIONAL_POOLED_SERVICE_VARIABILITY_V1,202607290000,202609290091,202609290092,202609290093,202609290094,395,395,0,3.923565979,0.69923002462,1.470399478,3.629773209,65.551449004,95.747517841,167.784607657,50,121.726386078,0.550933373,0.605592272,0,300,333.391784826,40,112,8,9,10,53.540185102,185.253151723,238.793336825,0.178467283673,0.617510505743,0.795977789417
1.0,TASK3_SERVICE_VARIABILITY_SENSITIVITY_V1,SERVICE_VARIABILITY_SCV050_ICV100,LOCAL_WINDOW_HPP_BASE,10,0.5,1,OP_SERVICE_VARIABILITY_SCV050_ICV100,16cd99b7ae2d4306df327b0182519efcc972ad5612d8f4b79c7ca7e21528adbf,TASK3_OPERATIONAL_POOLED_SERVICE_VARIABILITY_V1,202607290000,202609290101,202609290102,202609290103,202609290104,394,394,0,4.347102577,0.739365956662,2.638703167,2.577839401,63.424312279,104.857238521,127.732635389,54,100.088048861,0.604060895,0.575844582,0,300,397.052957415,65,91,7,7,7,136.346144221,122.368734624,258.714878845,0.454487147403,0.40789578208,0.862382929483
1.0,TASK3_SERVICE_VARIABILITY_SENSITIVITY_V1,SERVICE_VARIABILITY_SCV050_ICV100,LOCAL_WINDOW_HPP_BASE,11,0.5,1,OP_SERVICE_VARIABILITY_SCV050_ICV100,16cd99b7ae2d4306df327b0182519efcc972ad5612d8f4b79c7ca7e21528adbf,TASK3_OPERATIONAL_POOLED_SERVICE_VARIABILITY_V1,202607290000,202609290111,202609290112,202609290113,202609290114,409,409,0,5.826315596,1.1752432179,2.556583449,4.92538815,67.794011591,93.882999316,112.627395559,43,70.014725899,0.669873535,0.693086098,0,300,338.874295562,46,139,7,11,11,88.842462412,391.698703744,480.541166156,0.296141541373,1.30566234581,1.60180388719
1.0,TASK3_SERVICE_VARIABILITY_SENSITIVITY_V1,SERVICE_VARIABILITY_SCV050_ICV100,LOCAL_WINDOW_HPP_BASE,12,0.5,1,OP_SERVICE_VARIABILITY_SCV050_ICV100,16cd99b7ae2d4306df327b0182519efcc972ad5612d8f4b79c7ca7e21528adbf,TASK3_OPERATIONAL_POOLED_SERVICE_VARIABILITY_V1,202607290000,202609290121,202609290122,202609290123,202609290124,423,423,0,3.440732216,0.493142016969,2.993929251,1.331074903,65.095367593,83.745976936,87.273507718,48,81.419576733,0.678771290,0.654535650,0,300,340.131363779,65,70,10,7,10,134.526950532,74.072122646,208.599073178,0.44842316844,0.246907075487,0.695330243927
1.0,TASK3_SERVICE_VARIABILITY_SENSITIVITY_V1,SERVICE_VARIABILITY_SCV050_ICV100,LOCAL_WINDOW_HPP_BASE,13,0.5,1,OP_SERVICE_VARIABILITY_SCV050_ICV100,16cd99b7ae2d4306df327b0182519efcc972ad5612d8f4b79c7ca7e21528adbf,TASK3_OPERATIONAL_POOLED_SERVICE_VARIABILITY_V1,202607290000,202609290131,202609290132,202609290133,202609290134,455,455,0,21.290170939,6.53031974991,16.078744493,7.672212902,72.172711214,104.574781158,137.125875394,51,60.242419931,0.750459028,0.737252013,0,300,349.986103879,232,187,32,18,33,2305.3244634,663.562713749,2968.88717715,7.68441487801,2.2118757125,9.89629059051
1.0,TASK3_SERVICE_VARIABILITY_SENSITIVITY_V1,SERVICE_VARIABILITY_SCV050_ICV100,LOCAL_WINDOW_HPP_BASE,14,0.5,1,OP_SERVICE_VARIABILITY_SCV050_ICV100,16cd99b7ae2d4306df327b0182519efcc972ad5612d8f4b79c7ca7e21528adbf,TASK3_OPERATIONAL_POOLED_SERVICE_VARIABILITY_V1,202607290000,202609290141,202609290142,202609290143,202609290144,374,374,0,5.946531234,0.92960395407,0,5.641166342,66.138699931,100.386375618,132.524914822,27,117.503702908,0.540864914,0.539955839,0,300,356.679517265,14,88,4,15,15,19.321315268,328.350563554,347.671878822,0.0644043842267,1.09450187851,1.15890626274
1.0,TASK3_SERVICE_VARIABILITY_SENSITIVITY_V1,SERVICE_VARIABILITY_SCV050_ICV100,LOCAL_WINDOW_HPP_BASE,15,0.5,1,OP_SERVICE_VARIABILITY_SCV050_ICV100,16cd99b7ae2d4306df327b0182519efcc972ad5612d8f4b79c7ca7e21528adbf,TASK3_OPERATIONAL_POOLED_SERVICE_VARIABILITY_V1,202607290000,202609290151,202609290152,202609290153,202609290154,386,386,0,2.707379347,0.322070539448,0.33977678,2.707379347,59.033278209,83.847026297,129.448466594,38,81.397669185,0.609376064,0.579629684,0,300,331.118191292,32,39,4,10,10,20.28453241,104.034695817,124.319228227,0.0676151080333,0.34678231939,0.414397427423
1.0,TASK3_SERVICE_VARIABILITY_SENSITIVITY_V1,SERVICE_VARIABILITY_SCV050_ICV100,LOCAL_WINDOW_HPP_BASE,16,0.5,1,OP_SERVICE_VARIABILITY_SCV050_ICV100,16cd99b7ae2d4306df327b0182519efcc972ad5612d8f4b79c7ca7e21528adbf,TASK3_OPERATIONAL_POOLED_SERVICE_VARIABILITY_V1,202607290000,202609290161,202609290162,202609290163,202609290164,401,401,0,7.131104657,0.63728028291,0.547398978,6.300251551,62.370231745,82.808714889,103.777314295,63,64.709764533,0.642199143,0.622621458,0,300,342.724700988,27,50,5,14,14,24.704332606,13.535045454,38.23937806,0.0823477753533,0.04511681818,0.127464593533
1.0,TASK3_SERVICE_VARIABILITY_SENSITIVITY_V1,SERVICE_VARIABILITY_SCV050_ICV100,LOCAL_WINDOW_HPP_BASE,17,0.5,1,OP_SERVICE_VARIABILITY_SCV050_ICV100,16cd99b7ae2d4306df327b0182519efcc972ad5612d8f4b79c7ca7e21528adbf,TASK3_OPERATIONAL_POOLED_SERVICE_VARIABILITY_V1,202607290000,202609290171,202609290172,202609290173,202609290174,429,429,0,6.614102314,1.2124446972,6.345123034,2.126554048,67.364505553,90.889538818,125.277993617,56,69.479872994,0.718366290,0.691907275,0,300,337.986998314,140,129,15,7,15,352.80957704,153.30999773,506.11957477,1.17603192347,0.511033325767,1.68706524923
1.0,TASK3_SERVICE_VARIABILITY_SENSITIVITY_V1,SERVICE_VARIABILITY_SCV050_ICV100,LOCAL_WINDOW_HPP_BASE,18,0.5,1,OP_SERVICE_VARIABILITY_SCV050_ICV100,16cd99b7ae2d4306df327b0182519efcc972ad5612d8f4b79c7ca7e21528adbf,TASK3_OPERATIONAL_POOLED_SERVICE_VARIABILITY_V1,202607290000,202609290181,202609290182,202609290183,202609290184,419,419,0,5.560693866,1.08771067556,4.040631651,2.949212562,68.629874477,87.342191367,101.638008276,52,59.567841624,0.718258503,0.691489126,0,300,345.739329349,116,87,12,8,12,304.177742547,84.012274635,388.190017182,1.01392580849,0.28004091545,1.29396672394
1.0,TASK3_SERVICE_VARIABILITY_SENSITIVITY_V1,SERVICE_VARIABILITY_SCV050_ICV100,LOCAL_WINDOW_HPP_BASE,19,0.5,1,OP_SERVICE_VARIABILITY_SCV050_ICV100,16cd99b7ae2d4306df327b0182519efcc972ad5612d8f4b79c7ca7e21528adbf,TASK3_OPERATIONAL_POOLED_SERVICE_VARIABILITY_V1,202607290000,202609290191,202609290192,202609290193,202609290194,445,445,0,4.356345399,0.8818949674,2.545532694,3.205351046,65.29228392,87.495989683,111.753953559,59,67.113082747,0.738252949,0.706544795,0,300,351.058682284,96,115,11,11,11,149.172751562,225.869290343,375.042041905,0.497242505207,0.752897634477,1.25014013968
1.0,TASK3_SERVICE_VARIABILITY_SENSITIVITY_V1,SERVICE_VARIABILITY_SCV050_ICV100,LOCAL_WINDOW_HPP_BASE,20,0.5,1,OP_SERVICE_VARIABILITY_SCV050_ICV100,16cd99b7ae2d4306df327b0182519efcc972ad5612d8f4b79c7ca7e21528adbf,TASK3_OPERATIONAL_POOLED_SERVICE_VARIABILITY_V1,202607290000,202609290201,202609290202,202609290203,202609290204,418,418,0,4.168940756,0.825431243024,1.156217553,4.1143094,69.363629098,99.679240036,137.669585679,47,83.260281524,0.670342231,0.714996010,0,300,355.460351677,61,142,5,11,11,56.203235865,286.924775737,343.128011602,0.18734411955,0.956415919123,1.14376003867
1.0,TASK3_SERVICE_VARIABILITY_SENSITIVITY_V1,SERVICE_VARIABILITY_SCV050_ICV100,LOCAL_WINDOW_HPP_BASE,21,0.5,1,OP_SERVICE_VARIABILITY_SCV050_ICV100,16cd99b7ae2d4306df327b0182519efcc972ad5612d8f4b79c7ca7e21528adbf,TASK3_OPERATIONAL_POOLED_SERVICE_VARIABILITY_V1,202607290000,202609290211,202609290212,202609290213,202609290214,417,417,0,11.308765734,3.20431599935,3.657718327,9.13864393,73.982605152,107.208826551,134.665617111,57,84.316242922,0.681025228,0.679988558,0,300,363.109796446,135,186,11,18,24,287.691190606,1046.95203492,1334.64322553,0.958970635353,3.48984011641,4.44881075176
1.0,TASK3_SERVICE_VARIABILITY_SENSITIVITY_V1,SERVICE_VARIABILITY_SCV050_ICV100,LOCAL_WINDOW_HPP_BASE,22,0.5,1,OP_SERVICE_VARIABILITY_SCV050_ICV100,16cd99b7ae2d4306df327b0182519efcc972ad5612d8f4b79c7ca7e21528adbf,TASK3_OPERATIONAL_POOLED_SERVICE_VARIABILITY_V1,202607290000,202609290221,202609290222,202609290223,202609290224,410,410,0,2.97247453,0.429174844961,0.0523329,2.580499669,67.26271254,100.288608114,193.773312896,48,125.098055200,0.576899690,0.638079986,0,300,342.478971011,21,95,4,7,7,25.679954976,111.42923043,137.109185406,0.08559984992,0.3714307681,0.45703061802
1.0,TASK3_SERVICE_VARIABILITY_SENSITIVITY_V1,SERVICE_VARIABILITY_SCV050_ICV100,LOCAL_WINDOW_HPP_BASE,23,0.5,1,OP_SERVICE_VARIABILITY_SCV050_ICV100,16cd99b7ae2d4306df327b0182519efcc972ad5612d8f4b79c7ca7e21528adbf,TASK3_OPERATIONAL_POOLED_SERVICE_VARIABILITY_V1,202607290000,202609290231,202609290232,202609290233,202609290234,439,439,0,7.908471114,2.15604323164,4.09562139,5.706017065,66.888243207,86.815015954,156.431861189,53,61.243640317,0.749283143,0.747005636,0,300,342.387533232,173,162,8,11,11,358.412301581,451.247630566,809.659932147,1.19470767194,1.50415876855,2.69886644049
1.0,TASK3_SERVICE_VARIABILITY_SENSITIVITY_V1,SERVICE_VARIABILITY_SCV050_ICV100,LOCAL_WINDOW_HPP_BASE,24,0.5,1,OP_SERVICE_VARIABILITY_SCV050_ICV100,16cd99b7ae2d4306df327b0182519efcc972ad5612d8f4b79c7ca7e21528adbf,TASK3_OPERATIONAL_POOLED_SERVICE_VARIABILITY_V1,202607290000,202609290241,202609290242,202609290243,202609290244,412,412,0,3.257505111,0.472826473049,0,3.077482475,67.499643614,88.067089919,118.435690921,59,95.400844809,0.590067930,0.668724089,0,300,390.803329962,15,104,4,8,8,8.973621843,148.361119274,157.334741117,0.02991207281,0.494537064247,0.524449137057
1.0,TASK3_SERVICE_VARIABILITY_SENSITIVITY_V1,SERVICE_VARIABILITY_SCV050_ICV100,LOCAL_WINDOW_HPP_BASE,25,0.5,1,OP_SERVICE_VARIABILITY_SCV050_ICV100,16cd99b7ae2d4306df327b0182519efcc972ad5612d8f4b79c7ca7e21528adbf,TASK3_OPERATIONAL_POOLED_SERVICE_VARIABILITY_V1,202607290000,202609290251,202609290252,202609290253,202609290254,424,424,0,6.124329421,1.38004469256,3.07570518,5.701573683,65.758845082,82.031290337,117.502064272,58,65.578632801,0.705229175,0.702206165,0,300,344.384523569,83,135,12,11,12,153.485531083,400.739348764,554.224879847,0.511618436943,1.33579782921,1.84741626616
1.0,TASK3_SERVICE_VARIABILITY_SENSITIVITY_V1,SERVICE_VARIABILITY_SCV050_ICV100,LOCAL_WINDOW_HPP_BASE,26,0.5,1,OP_SERVICE_VARIABILITY_SCV050_ICV100,16cd99b7ae2d4306df327b0182519efcc972ad5612d8f4b79c7ca7e21528adbf,TASK3_OPERATIONAL_POOLED_SERVICE_VARIABILITY_V1,202607290000,202609290261,202609290262,202609290263,202609290264,419,419,0,8.486073354,2.23420430511,3.765704809,6.606921389,72.25980643,99.049111282,176.616083279,50,106.058083752,0.642555446,0.670918455,0,300,352.954460077,113,196,9,15,15,266.70056106,625.031190221,891.731751281,0.8890018702,2.08343730074,2.97243917094
1.0,TASK3_SERVICE_VARIABILITY_SENSITIVITY_V1,SERVICE_VARIABILITY_SCV050_ICV100,LOCAL_WINDOW_HPP_BASE,27,0.5,1,OP_SERVICE_VARIABILITY_SCV050_ICV100,16cd99b7ae2d4306df327b0182519efcc972ad5612d8f4b79c7ca7e21528adbf,TASK3_OPERATIONAL_POOLED_SERVICE_VARIABILITY_V1,202607290000,202609290271,202609290272,202609290273,202609290274,410,410,0,4.09277941,0.663568140741,0,4.09277941,64.908156561,83.782569563,205.547922646,59,169.503686850,0.495481521,0.535005293,0,300,354.314262518,8,89,3,11,11,4.538080664,168.475915273,173.013995937,0.0151269355467,0.561586384243,0.57671331979
1.0,TASK3_SERVICE_VARIABILITY_SENSITIVITY_V1,SERVICE_VARIABILITY_SCV050_ICV100,LOCAL_WINDOW_HPP_BASE,28,0.5,1,OP_SERVICE_VARIABILITY_SCV050_ICV100,16cd99b7ae2d4306df327b0182519efcc972ad5612d8f4b79c7ca7e21528adbf,TASK3_OPERATIONAL_POOLED_SERVICE_VARIABILITY_V1,202607290000,202609290281,202609290282,202609290283,202609290284,392,392,0,7.626228882,1.13754914899,1.969198966,7.083483631,63.335828296,129.037311684,250.027315192,63,85.304237868,0.606891145,0.678175694,0,300,333.692540149,32,125,7,16,16,69.69997439,167.142589919,236.842564309,0.232333247967,0.557141966397,0.789475214363
1.0,TASK3_SERVICE_VARIABILITY_SENSITIVITY_V1,SERVICE_VARIABILITY_SCV050_ICV100,LOCAL_WINDOW_HPP_BASE,29,0.5,1,OP_SERVICE_VARIABILITY_SCV050_ICV100,16cd99b7ae2d4306df327b0182519efcc972ad5612d8f4b79c7ca7e21528adbf,TASK3_OPERATIONAL_POOLED_SERVICE_VARIABILITY_V1,202607290000,202609290291,202609290292,202609290293,202609290294,424,424,0,4.449902244,0.815303600396,1.962672487,3.188487559,63.300355512,79.850457052,86.286819885,52,68.529274838,0.681112753,0.695177872,0,300,351.249569246,67,111,8,10,10,114.438972868,189.234809338,303.673782206,0.381463242893,0.630782697793,1.01224594069
1.0,TASK3_SERVICE_VARIABILITY_SENSITIVITY_V1,SERVICE_VARIABILITY_SCV050_ICV100,LOCAL_WINDOW_HPP_BASE,30,0.5,1,OP_SERVICE_VARIABILITY_SCV050_ICV100,16cd99b7ae2d4306df327b0182519efcc972ad5612d8f4b79c7ca7e21528adbf,TASK3_OPERATIONAL_POOLED_SERVICE_VARIABILITY_V1,202607290000,202609290301,202609290302,202609290303,202609290304,408,408,0,3.245125083,0.537182897145,2.987084196,1.33305753,70.336825032,96.010318143,120.360123624,59,91.104724870,0.649232700,0.619458978,0,300,369.215362223,69,49,9,6,9,146.070809182,63.587620047,209.658429229,0.486902697273,0.21195873349,0.698861430763
1.0,TASK3_SERVICE_VARIABILITY_SENSITIVITY_V1,SERVICE_VARIABILITY_SCV050_ICV100,LOCAL_WINDOW_HPP_BASE,31,0.5,1,OP_SERVICE_VARIABILITY_SCV050_ICV100,16cd99b7ae2d4306df327b0182519efcc972ad5612d8f4b79c7ca7e21528adbf,TASK3_OPERATIONAL_POOLED_SERVICE_VARIABILITY_V1,202607290000,202609290311,202609290312,202609290313,202609290314,425,425,0,8.512930896,1.2028046086,2.987197651,6.090386077,63.911803683,93.881018127,171.483712861,58,58.577948472,0.686889202,0.695261702,0,300,354.085626515,80,90,10,13,13,190.461608645,161.885333646,352.346942291,0.634872028817,0.53961777882,1.17448980764
1.0,TASK3_SERVICE_VARIABILITY_SENSITIVITY_V1,SERVICE_VARIABILITY_SCV050_ICV100,LOCAL_WINDOW_HPP_BASE,32,0.5,1,OP_SERVICE_VARIABILITY_SCV050_ICV100,16cd99b7ae2d4306df327b0182519efcc972ad5612d8f4b79c7ca7e21528adbf,TASK3_OPERATIONAL_POOLED_SERVICE_VARIABILITY_V1,202607290000,202609290321,202609290322,202609290323,202609290324,395,395,0,2.733954477,0.301806890132,0.49587451,1.557630546,64.996947715,84.969944735,95.803845124,48,53.397751343,0.700601713,0.634164715,0,300,342.926824873,27,48,6,8,8,41.015815929,78.197905673,119.213721602,0.13671938643,0.260659685577,0.397379072007
1.0,TASK3_SERVICE_VARIABILITY_SENSITIVITY_V1,SERVICE_VARIABILITY_SCV050_ICV100,LOCAL_WINDOW_HPP_BASE,33,0.5,1,OP_SERVICE_VARIABILITY_SCV050_ICV100,16cd99b7ae2d4306df327b0182519efcc972ad5612d8f4b79c7ca7e21528adbf,TASK3_OPERATIONAL_POOLED_SERVICE_VARIABILITY_V1,202607290000,202609290331,202609290332,202609290333,202609290334,428,428,0,2.437840576,0.37348565403,1.844027407,1.324170068,60.750245327,90.592994026,110.496536215,43,65.210314931,0.703235826,0.656798658,0,300,332.345114523,66,50,6,5,6,97.714302291,62.137557634,159.851859925,0.32571434097,0.207125192113,0.532839533083
1.0,TASK3_SERVICE_VARIABILITY_SENSITIVITY_V1,SERVICE_VARIABILITY_SCV050_ICV100,LOCAL_WINDOW_HPP_BASE,34,0.5,1,OP_SERVICE_VARIABILITY_SCV050_ICV100,16cd99b7ae2d4306df327b0182519efcc972ad5612d8f4b79c7ca7e21528adbf,TASK3_OPERATIONAL_POOLED_SERVICE_VARIABILITY_V1,202607290000,202609290341,202609290342,202609290343,202609290344,426,426,0,8.491456487,1.06992684114,3.964758421,5.308387942,67.584255079,98.6984181,110.512372703,69,75.062450654,0.665479545,0.722729281,0,300,334.096108005,47,116,11,12,12,161.438226879,87.249359949,248.687586828,0.53812742293,0.29083119983,0.82895862276
1.0,TASK3_SERVICE_VARIABILITY_SENSITIVITY_V1,SERVICE_VARIABILITY_SCV050_ICV100,LOCAL_WINDOW_HPP_BASE,35,0.5,1,OP_SERVICE_VARIABILITY_SCV050_ICV100,16cd99b7ae2d4306df327b0182519efcc972ad5612d8f4b79c7ca7e21528adbf,TASK3_OPERATIONAL_POOLED_SERVICE_VARIABILITY_V1,202607290000,202609290351,202609290352,202609290353,202609290354,451,451,0,8.101765943,1.60950141184,2.648546329,6.028734432,63.687113226,99.489317053,126.11419007,72,116.410903613,0.635956131,0.667360137,0,300,374.933753706,107,184,9,15,15,190.883789058,272.266212008,463.150001066,0.63627929686,0.907554040027,1.54383333689
1.0,TASK3_SERVICE_VARIABILITY_SENSITIVITY_V1,SERVICE_VARIABILITY_SCV050_ICV100,LOCAL_WINDOW_HPP_BASE,36,0.5,1,OP_SERVICE_VARIABILITY_SCV050_ICV100,16cd99b7ae2d4306df327b0182519efcc972ad5612d8f4b79c7ca7e21528adbf,TASK3_OPERATIONAL_POOLED_SERVICE_VARIABILITY_V1,202607290000,202609290361,202609290362,202609290363,202609290364,414,414,0,8.232602728,1.60609013006,0.528012367,8.172508762,64.939703354,89.260175233,207.521766575,50,90.748464221,0.637559745,0.672969522,0,300,327.750748911,38,145,4,16,16,32.205702428,632.715611417,664.921313845,0.107352341427,2.10905203806,2.21640437948
1.0,TASK3_SERVICE_VARIABILITY_SENSITIVITY_V1,SERVICE_VARIABILITY_SCV050_ICV100,LOCAL_WINDOW_HPP_BASE,37,0.5,1,OP_SERVICE_VARIABILITY_SCV050_ICV100,16cd99b7ae2d4306df327b0182519efcc972ad5612d8f4b79c7ca7e21528adbf,TASK3_OPERATIONAL_POOLED_SERVICE_VARIABILITY_V1,202607290000,202609290371,202609290372,202609290373,202609290374,408,408,0,2.999335494,0.513221358042,2.181805852,1.580328132,65.990359733,86.88698249,164.27002236,54,70.570370229,0.662697571,0.666724983,0,300,350.78098968,64,81,8,5,8,114.026866439,81.319922115,195.346788554,0.380089554797,0.27106640705,0.651155961847
1.0,TASK3_SERVICE_VARIABILITY_SENSITIVITY_V1,SERVICE_VARIABILITY_SCV050_ICV100,LOCAL_WINDOW_HPP_BASE,38,0.5,1,OP_SERVICE_VARIABILITY_SCV050_ICV100,16cd99b7ae2d4306df327b0182519efcc972ad5612d8f4b79c7ca7e21528adbf,TASK3_OPERATIONAL_POOLED_SERVICE_VARIABILITY_V1,202607290000,202609290381,202609290382,202609290383,202609290384,406,406,0,19.891620451,5.875926989,0.648811924,19.636185899,76.360226565,143.589403653,318.62416124,69,192.091390921,0.506569980,0.585673135,0,300,338.096410129,30,194,4,30,30,28.008601483,1801.39522441,1829.40382589,0.0933620049433,6.00465074802,6.09801275296
1.0,TASK3_SERVICE_VARIABILITY_SENSITIVITY_V1,SERVICE_VARIABILITY_SCV050_ICV100,LOCAL_WINDOW_HPP_BASE,39,0.5,1,OP_SERVICE_VARIABILITY_SCV050_ICV100,16cd99b7ae2d4306df327b0182519efcc972ad5612d8f4b79c7ca7e21528adbf,TASK3_OPERATIONAL_POOLED_SERVICE_VARIABILITY_V1,202607290000,202609290391,202609290392,202609290393,202609290394,388,388,0,2.293878071,0.313345915639,0,2.207518296,64.141103379,78.207213596,104.053718205,61,82.101320570,0.588069506,0.624230413,0,300,364.452321528,14,73,4,8,8,14.157100237,69.596772221,83.753872458,0.0471903341233,0.231989240737,0.27917957486
1.0,TASK3_SERVICE_VARIABILITY_SENSITIVITY_V1,SERVICE_VARIABILITY_SCV050_ICV100,LOCAL_WINDOW_HPP_BASE,40,0.5,1,OP_SERVICE_VARIABILITY_SCV050_ICV100,16cd99b7ae2d4306df327b0182519efcc972ad5612d8f4b79c7ca7e21528adbf,TASK3_OPERATIONAL_POOLED_SERVICE_VARIABILITY_V1,202607290000,202609290401,202609290402,202609290403,202609290404,399,399,0,11.04187974,2.05496088658,1.21154029,10.264742778,67.941116053,89.437884056,152.72086078,67,70.031766464,0.677225851,0.681987983,0,300,354.570882473,28,107,10,19,19,92.151477398,458.545840509,550.697317907,0.307171591327,1.52848613503,1.83565772636
1.0,TASK3_SERVICE_VARIABILITY_SENSITIVITY_V1,SERVICE_VARIABILITY_SCV050_ICV100,LOCAL_WINDOW_HPP_BASE,41,0.5,1,OP_SERVICE_VARIABILITY_SCV050_ICV100,16cd99b7ae2d4306df327b0182519efcc972ad5612d8f4b79c7ca7e21528adbf,TASK3_OPERATIONAL_POOLED_SERVICE_VARIABILITY_V1,202607290000,202609290411,202609290412,202609290413,202609290414,416,416,0,0.970136174,0.100231719875,0.257474926,0.197452466,62.872954944,74.154017648,118.834975645,38,118.384012324,0.578030278,0.550993881,0,300,337.963766324,25,26,4,3,4,25.766293379,15.930102089,41.696395468,0.0858876445967,0.0531003402967,0.138987984893
1.0,TASK3_SERVICE_VARIABILITY_SENSITIVITY_V1,SERVICE_VARIABILITY_SCV050_ICV100,LOCAL_WINDOW_HPP_BASE,42,0.5,1,OP_SERVICE_VARIABILITY_SCV050_ICV100,16cd99b7ae2d4306df327b0182519efcc972ad5612d8f4b79c7ca7e21528adbf,TASK3_OPERATIONAL_POOLED_SERVICE_VARIABILITY_V1,202607290000,202609290421,202609290422,202609290423,202609290424,403,403,0,6.364631125,1.20573167527,6.080516839,3.128949441,71.310538578,98.512388134,122.388316835,50,101.378641742,0.612586207,0.646981901,0,300,351.688133562,88,85,15,8,15,327.122908052,158.786957083,485.909865135,1.09040969351,0.529289856943,1.61969955045
1.0,TASK3_SERVICE_VARIABILITY_SENSITIVITY_V1,SERVICE_VARIABILITY_SCV050_ICV100,LOCAL_WINDOW_HPP_BASE,43,0.5,1,OP_SERVICE_VARIABILITY_SCV050_ICV100,16cd99b7ae2d4306df327b0182519efcc972ad5612d8f4b79c7ca7e21528adbf,TASK3_OPERATIONAL_POOLED_SERVICE_VARIABILITY_V1,202607290000,202609290431,202609290432,202609290433,202609290434,407,407,0,6.38718087,1.05976476024,6.182534575,2.419930668,69.421247977,89.735058539,111.21035148,49,68.319874264,0.682712389,0.649422528,0,300,324.661697182,88,83,13,9,13,303.248794827,117.821820451,421.070615278,1.01082931609,0.392739401503,1.40356871759
1.0,TASK3_SERVICE_VARIABILITY_SENSITIVITY_V1,SERVICE_VARIABILITY_SCV050_ICV100,LOCAL_WINDOW_HPP_BASE,44,0.5,1,OP_SERVICE_VARIABILITY_SCV050_ICV100,16cd99b7ae2d4306df327b0182519efcc972ad5612d8f4b79c7ca7e21528adbf,TASK3_OPERATIONAL_POOLED_SERVICE_VARIABILITY_V1,202607290000,202609290441,202609290442,202609290443,202609290444,366,366,0,0,0.0248914395683,0,0,64.584293244,100.861260702,104.380444413,38,83.051805913,0.590457653,0.608129885,0,300,347.134469312,2,14,1,3,3,0.559407185,8.550859697,9.110266882,0.00186469061667,0.0285028656567,0.0303675562733
1.0,TASK3_SERVICE_VARIABILITY_SENSITIVITY_V1,SERVICE_VARIABILITY_SCV050_ICV100,LOCAL_WINDOW_HPP_BASE,45,0.5,1,OP_SERVICE_VARIABILITY_SCV050_ICV100,16cd99b7ae2d4306df327b0182519efcc972ad5612d8f4b79c7ca7e21528adbf,TASK3_OPERATIONAL_POOLED_SERVICE_VARIABILITY_V1,202607290000,202609290451,202609290452,202609290453,202609290454,399,399,0,0.803300044,0.116137260634,0.373800571,0.068159974,63.625025818,97.264855375,208.237783964,51,123.188605297,0.591649100,0.576859427,0,300,349.047218039,33,23,5,3,5,31.811091811,5.583903275,37.394995086,0.106036972703,0.0186130109167,0.12464998362
1.0,TASK3_SERVICE_VARIABILITY_SENSITIVITY_V1,SERVICE_VARIABILITY_SCV050_ICV100,LOCAL_WINDOW_HPP_BASE,46,0.5,1,OP_SERVICE_VARIABILITY_SCV050_ICV100,16cd99b7ae2d4306df327b0182519efcc972ad5612d8f4b79c7ca7e21528adbf,TASK3_OPERATIONAL_POOLED_SERVICE_VARIABILITY_V1,202607290000,202609290461,202609290462,202609290463,202609290464,452,452,0,10.968378724,2.48422510482,5.198952256,7.909588248,64.131620192,96.950953893,126.938980904,58,73.137469812,0.724410114,0.721928315,0,300,330.178853055,172,152,13,21,21,478.902554873,511.56766089,990.470215763,1.59634184958,1.7052255363,3.30156738588
1.0,TASK3_SERVICE_VARIABILITY_SENSITIVITY_V1,SERVICE_VARIABILITY_SCV050_ICV100,LOCAL_WINDOW_HPP_BASE,47,0.5,1,OP_SERVICE_VARIABILITY_SCV050_ICV100,16cd99b7ae2d4306df327b0182519efcc972ad5612d8f4b79c7ca7e21528adbf,TASK3_OPERATIONAL_POOLED_SERVICE_VARIABILITY_V1,202607290000,202609290471,202609290472,202609290473,202609290474,385,385,0,3.411720499,0.58048817894,0.387420816,2.932322612,66.715982811,94.460951078,169.383177549,45,77.678856076,0.633162996,0.638782512,0,300,340.722605188,26,86,4,8,8,33.753881646,176.115074251,209.868955897,0.11251293882,0.587050247503,0.699563186323
1.0,TASK3_SERVICE_VARIABILITY_SENSITIVITY_V1,SERVICE_VARIABILITY_SCV050_ICV100,LOCAL_WINDOW_HPP_BASE,48,0.5,1,OP_SERVICE_VARIABILITY_SCV050_ICV100,16cd99b7ae2d4306df327b0182519efcc972ad5612d8f4b79c7ca7e21528adbf,TASK3_OPERATIONAL_POOLED_SERVICE_VARIABILITY_V1,202607290000,202609290481,202609290482,202609290483,202609290484,416,416,0,12.971613596,2.97439911785,0,12.888539134,70.344970041,112.967727167,143.46665501,49,97.883052060,0.596772043,0.690079330,0,300,340.308350268,11,150,3,23,23,8.613714347,1219.49327041,1228.10698476,0.0287123811567,4.06497756803,4.09368994919
1.0,TASK3_SERVICE_VARIABILITY_SENSITIVITY_V1,SERVICE_VARIABILITY_SCV050_ICV100,LOCAL_WINDOW_HPP_BASE,49,0.5,1,OP_SERVICE_VARIABILITY_SCV050_ICV100,16cd99b7ae2d4306df327b0182519efcc972ad5612d8f4b79c7ca7e21528adbf,TASK3_OPERATIONAL_POOLED_SERVICE_VARIABILITY_V1,202607290000,202609290491,202609290492,202609290493,202609290494,423,423,0,4.72474814,0.930044411395,3.549401438,2.98275853,67.836304277,80.650733471,163.835007232,47,72.357131059,0.685303381,0.698796240,0,300,338.370437916,60,126,11,9,11,165.275422927,228.133363093,393.40878602,0.550918076423,0.760444543643,1.31136262007
1.0,TASK3_SERVICE_VARIABILITY_SENSITIVITY_V1,SERVICE_VARIABILITY_SCV050_ICV100,LOCAL_WINDOW_HPP_BASE,50,0.5,1,OP_SERVICE_VARIABILITY_SCV050_ICV100,16cd99b7ae2d4306df327b0182519efcc972ad5612d8f4b79c7ca7e21528adbf,TASK3_OPERATIONAL_POOLED_SERVICE_VARIABILITY_V1,202607290000,202609290501,202609290502,202609290503,202609290504,414,414,0,11.975905129,2.99160730409,1.076464936,11.953977274,74.476629679,124.119479909,203.195741699,64,98.189805134,0.607010519,0.682110057,0,300,340.218536969,43,167,5,22,22,44.119100656,764.251049036,808.370149692,0.147063668853,2.54750349679,2.69456716564
1.0,TASK3_SERVICE_VARIABILITY_SENSITIVITY_V1,SERVICE_VARIABILITY_SCV100_ICV000,LOCAL_WINDOW_HPP_BASE,1,1,0,OP_SERVICE_VARIABILITY_SCV100_ICV000,f423da5c1b63bf87c5ab9c0398fcb51990eefe46ea9ad6c3cf095d7844191f57,TASK3_OPERATIONAL_POOLED_SERVICE_VARIABILITY_V1,202607290000,202609290011,202609290012,202609290013,202609290014,396,396,0,2.031123794,0.232391451662,0,1.941343522,70.657713578,115.97425653,142.886167781,37,122.743812667,0.551999178,0.579885145,0,300,409.743812667,7,56,4,7,7,13.009625159,79.017389699,92.027014858,0.0433654171967,0.263391298997,0.306756716193
1.0,TASK3_SERVICE_VARIABILITY_SENSITIVITY_V1,SERVICE_VARIABILITY_SCV100_ICV000,LOCAL_WINDOW_HPP_BASE,2,1,0,OP_SERVICE_VARIABILITY_SCV100_ICV000,f423da5c1b63bf87c5ab9c0398fcb51990eefe46ea9ad6c3cf095d7844191f57,TASK3_OPERATIONAL_POOLED_SERVICE_VARIABILITY_V1,202607290000,202609290021,202609290022,202609290023,202609290024,442,442,0,3.153057292,0.844946973249,0,3.096513861,70.173765271,99.315111665,172.69297504,57,89.754000237,0.630520020,0.702030120,0,300,376.754000237,21,218,4,9,9,18.92286937,319.2432088,338.16607817,0.0630762312333,1.06414402933,1.12722026057
1.0,TASK3_SERVICE_VARIABILITY_SENSITIVITY_V1,SERVICE_VARIABILITY_SCV100_ICV000,LOCAL_WINDOW_HPP_BASE,3,1,0,OP_SERVICE_VARIABILITY_SCV100_ICV000,f423da5c1b63bf87c5ab9c0398fcb51990eefe46ea9ad6c3cf095d7844191f57,TASK3_OPERATIONAL_POOLED_SERVICE_VARIABILITY_V1,202607290000,202609290031,202609290032,202609290033,202609290034,393,393,0,1.089537722,0.121400793107,0,0.799744115,76.716250169,116.537262357,171.179183369,46,123.285574783,0.577696965,0.574755505,0,300,410.285574783,5,42,4,5,5,8.447853281,38.806354821,47.254208102,0.0281595109367,0.12935451607,0.157514027007
1.0,TASK3_SERVICE_VARIABILITY_SENSITIVITY_V1,SERVICE_VARIABILITY_SCV100_ICV000,LOCAL_WINDOW_HPP_BASE,4,1,0,OP_SERVICE_VARIABILITY_SCV100_ICV000,f423da5c1b63bf87c5ab9c0398fcb51990eefe46ea9ad6c3cf095d7844191f57,TASK3_OPERATIONAL_POOLED_SERVICE_VARIABILITY_V1,202607290000,202609290041,202609290042,202609290043,202609290044,410,410,0,3.942795399,0.702503348817,2.114889422,3.026902603,77.781451794,116.218286808,185.309111043,59,76.105960112,0.710413916,0.674835155,0,300,363.105960112,58,104,8,9,9,96.384369337,121.818513162,218.202882499,0.321281231123,0.40606171054,0.727342941663
1.0,TASK3_SERVICE_VARIABILITY_SENSITIVITY_V1,SERVICE_VARIABILITY_SCV100_ICV000,LOCAL_WINDOW_HPP_BASE,5,1,0,OP_SERVICE_VARIABILITY_SCV100_ICV000,f423da5c1b63bf87c5ab9c0398fcb51990eefe46ea9ad6c3cf095d7844191f57,TASK3_OPERATIONAL_POOLED_SERVICE_VARIABILITY_V1,202607290000,202609290051,202609290052,202609290053,202609290054,388,388,0,3.06882343,0.379148153838,0,3.06882343,67.125245093,105.623100826,187.464246114,32,91.171989136,0.566250345,0.614027801,0,300,378.171989136,11,70,3,10,10,5.199371991,141.910111698,147.109483689,0.01733123997,0.47303370566,0.49036494563
1.0,TASK3_SERVICE_VARIABILITY_SENSITIVITY_V1,SERVICE_VARIABILITY_SCV100_ICV000,LOCAL_WINDOW_HPP_BASE,6,1,0,OP_SERVICE_VARIABILITY_SCV100_ICV000,f423da5c1b63bf87c5ab9c0398fcb51990eefe46ea9ad6c3cf095d7844191f57,TASK3_OPERATIONAL_POOLED_SERVICE_VARIABILITY_V1,202607290000,202609290061,202609290062,202609290063,202609290064,419,419,0,3.116456158,0.480759868432,2.395257205,2.336529528,72.542715683,106.781750581,156.180969703,49,103.312433564,0.626269630,0.643126596,0,300,390.312433564,39,88,8,8,8,91.017580906,110.238439752,201.256020658,0.303391936353,0.36746146584,0.670853402193
1.0,TASK3_SERVICE_VARIABILITY_SENSITIVITY_V1,SERVICE_VARIABILITY_SCV100_ICV000,LOCAL_WINDOW_HPP_BASE,7,1,0,OP_SERVICE_VARIABILITY_SCV100_ICV000,f423da5c1b63bf87c5ab9c0398fcb51990eefe46ea9ad6c3cf095d7844191f57,TASK3_OPERATIONAL_POOLED_SERVICE_VARIABILITY_V1,202607290000,202609290071,202609290072,202609290073,202609290074,408,408,0,2.042021953,0.313931050265,0,2.042021953,74.939519514,123.21200961,150.540915102,52,113.192228123,0.582996643,0.611268585,0,300,400.192228123,9,95,2,5,5,2.37542209,125.606684705,127.982106795,0.00791807363333,0.418688949017,0.42660702265
1.0,TASK3_SERVICE_VARIABILITY_SENSITIVITY_V1,SERVICE_VARIABILITY_SCV100_ICV000,LOCAL_WINDOW_HPP_BASE,8,1,0,OP_SERVICE_VARIABILITY_SCV100_ICV000,f423da5c1b63bf87c5ab9c0398fcb51990eefe46ea9ad6c3cf095d7844191f57,TASK3_OPERATIONAL_POOLED_SERVICE_VARIABILITY_V1,202607290000,202609290081,202609290082,202609290083,202609290084,442,442,0,8.230123732,2.32750918214,4.98809729,5.259804659,74.517979145,144.319251511,429.681418439,38,337.310267013,0.438313773,0.429334128,0,300,624.310267013,115,207,13,11,13,404.217296415,624.541762089,1028.7590585,1.34739098805,2.08180587363,3.42919686168
1.0,TASK3_SERVICE_VARIABILITY_SENSITIVITY_V1,SERVICE_VARIABILITY_SCV100_ICV000,LOCAL_WINDOW_HPP_BASE,9,1,0,OP_SERVICE_VARIABILITY_SCV100_ICV000,f423da5c1b63bf87c5ab9c0398fcb51990eefe46ea9ad6c3cf095d7844191f57,TASK3_OPERATIONAL_POOLED_SERVICE_VARIABILITY_V1,202607290000,202609290091,202609290092,202609290093,202609290094,395,395,0,3.972362542,0.625753713534,0,3.933707598,66.241995231,100.027131712,156.785420319,46,66.704916412,0.610435849,0.666813557,0,300,353.704916412,9,102,2,10,10,2.589878781,244.582838065,247.172716846,0.00863292927,0.815276126883,0.823909056153
1.0,TASK3_SERVICE_VARIABILITY_SENSITIVITY_V1,SERVICE_VARIABILITY_SCV100_ICV000,LOCAL_WINDOW_HPP_BASE,10,1,0,OP_SERVICE_VARIABILITY_SCV100_ICV000,f423da5c1b63bf87c5ab9c0398fcb51990eefe46ea9ad6c3cf095d7844191f57,TASK3_OPERATIONAL_POOLED_SERVICE_VARIABILITY_V1,202607290000,202609290101,202609290102,202609290103,202609290104,394,394,0,3.048427376,0.642603123914,1.88923355,2.370503077,79.96153262,131.042013273,349.244854727,55,291.914801407,0.425248075,0.412060589,0,300,578.914801407,50,105,7,6,7,88.006869908,163.309710047,251.316579955,0.293356233027,0.544365700157,0.837721933183
1.0,TASK3_SERVICE_VARIABILITY_SENSITIVITY_V1,SERVICE_VARIABILITY_SCV100_ICV000,LOCAL_WINDOW_HPP_BASE,11,1,0,OP_SERVICE_VARIABILITY_SCV100_ICV000,f423da5c1b63bf87c5ab9c0398fcb51990eefe46ea9ad6c3cf095d7844191f57,TASK3_OPERATIONAL_POOLED_SERVICE_VARIABILITY_V1,202607290000,202609290111,202609290112,202609290113,202609290114,409,409,0,4.644929086,0.768985719086,2.062171009,3.44515651,76.632429534,101.76738766,203.504282291,39,65.007341319,0.673517238,0.693658586,0,300,352.007341319,45,119,9,12,12,102.22695981,212.288199296,314.515159106,0.3407565327,0.707627330987,1.04838386369
1.0,TASK3_SERVICE_VARIABILITY_SENSITIVITY_V1,SERVICE_VARIABILITY_SCV100_ICV000,LOCAL_WINDOW_HPP_BASE,12,1,0,OP_SERVICE_VARIABILITY_SCV100_ICV000,f423da5c1b63bf87c5ab9c0398fcb51990eefe46ea9ad6c3cf095d7844191f57,TASK3_OPERATIONAL_POOLED_SERVICE_VARIABILITY_V1,202607290000,202609290121,202609290122,202609290123,202609290124,423,423,0,3.477890676,0.761135024894,0.824440795,3.303887204,80.742092084,124.850738561,181.964828814,54,99.261781946,0.655027717,0.655853264,0,300,386.261781946,41,126,5,10,10,47.232641504,272.988974168,320.221615672,0.157442138347,0.909963247227,1.06740538557
1.0,TASK3_SERVICE_VARIABILITY_SENSITIVITY_V1,SERVICE_VARIABILITY_SCV100_ICV000,LOCAL_WINDOW_HPP_BASE,13,1,0,OP_SERVICE_VARIABILITY_SCV100_ICV000,f423da5c1b63bf87c5ab9c0398fcb51990eefe46ea9ad6c3cf095d7844191f57,TASK3_OPERATIONAL_POOLED_SERVICE_VARIABILITY_V1,202607290000,202609290131,202609290132,202609290133,202609290134,455,455,0,16.882819415,5.6092815552,15.200717582,4.043856977,83.446601211,118.076092146,222.021987273,54,99.171131638,0.675116529,0.705628850,0,300,386.171131638,222,233,33,11,33,2097.97547532,420.608328539,2518.58380386,6.99325158441,1.4020277618,8.39527934621
1.0,TASK3_SERVICE_VARIABILITY_SENSITIVITY_V1,SERVICE_VARIABILITY_SCV100_ICV000,LOCAL_WINDOW_HPP_BASE,14,1,0,OP_SERVICE_VARIABILITY_SCV100_ICV000,f423da5c1b63bf87c5ab9c0398fcb51990eefe46ea9ad6c3cf095d7844191f57,TASK3_OPERATIONAL_POOLED_SERVICE_VARIABILITY_V1,202607290000,202609290141,202609290142,202609290143,202609290144,374,374,0,1.797076916,0.222185016011,0,1.797076916,69.174344383,119.089314698,184.638028372,30,123.175420353,0.530542087,0.547110721,0,300,410.175420353,11,55,4,7,7,6.431615488,76.6655805,83.097195988,0.0214387182933,0.255551935,0.276990653293
1.0,TASK3_SERVICE_VARIABILITY_SENSITIVITY_V1,SERVICE_VARIABILITY_SCV100_ICV000,LOCAL_WINDOW_HPP_BASE,15,1,0,OP_SERVICE_VARIABILITY_SCV100_ICV000,f423da5c1b63bf87c5ab9c0398fcb51990eefe46ea9ad6c3cf095d7844191f57,TASK3_OPERATIONAL_POOLED_SERVICE_VARIABILITY_V1,202607290000,202609290151,202609290152,202609290153,202609290154,386,386,0,2.665249663,0.520631383378,1.069418529,2.364127299,72.621096474,111.680474084,142.183488261,41,81.192228195,0.602319273,0.626855333,0,300,368.192228195,45,103,5,8,8,43.687045677,152.037041388,195.724087065,0.14562348559,0.50679013796,0.65241362355
1.0,TASK3_SERVICE_VARIABILITY_SENSITIVITY_V1,SERVICE_VARIABILITY_SCV100_ICV000,LOCAL_WINDOW_HPP_BASE,16,1,0,OP_SERVICE_VARIABILITY_SCV100_ICV000,f423da5c1b63bf87c5ab9c0398fcb51990eefe46ea9ad6c3cf095d7844191f57,TASK3_OPERATIONAL_POOLED_SERVICE_VARIABILITY_V1,202607290000,202609290161,202609290162,202609290163,202609290164,401,401,0,1.684228378,0.22105725907,0,1.21733815,64.158318904,101.47653701,162.27298132,56,72.230827925,0.598922483,0.666892897,0,300,359.230827925,16,67,5,8,8,20.653379003,60.568304362,81.221683365,0.0688445966767,0.201894347873,0.27073894455
1.0,TASK3_SERVICE_VARIABILITY_SENSITIVITY_V1,SERVICE_VARIABILITY_SCV100_ICV000,LOCAL_WINDOW_HPP_BASE,17,1,0,OP_SERVICE_VARIABILITY_SCV100_ICV000,f423da5c1b63bf87c5ab9c0398fcb51990eefe46ea9ad6c3cf095d7844191f57,TASK3_OPERATIONAL_POOLED_SERVICE_VARIABILITY_V1,202607290000,202609290171,202609290172,202609290173,202609290174,429,429,0,7.07279449,1.62612826862,6.207757989,3.517905028,76.397484852,116.091774739,179.130579855,57,98.950983891,0.667952395,0.665674329,0,300,385.950983891,130,165,12,11,15,351.522736028,314.003280367,665.526016395,1.17174245343,1.04667760122,2.21842005465
1.0,TASK3_SERVICE_VARIABILITY_SENSITIVITY_V1,SERVICE_VARIABILITY_SCV100_ICV000,LOCAL_WINDOW_HPP_BASE,18,1,0,OP_SERVICE_VARIABILITY_SCV100_ICV000,f423da5c1b63bf87c5ab9c0398fcb51990eefe46ea9ad6c3cf095d7844191f57,TASK3_OPERATIONAL_POOLED_SERVICE_VARIABILITY_V1,202607290000,202609290181,202609290182,202609290183,202609290184,419,419,0,6.236206277,1.33222485612,4.7397781,3.234145724,79.811796415,106.592699785,183.366425875,53,116.480159622,0.622250119,0.622793058,0,300,403.480159622,107,131,11,8,12,333.241103582,208.257752374,541.498855956,1.11080367861,0.694192507913,1.80499618652
1.0,TASK3_SERVICE_VARIABILITY_SENSITIVITY_V1,SERVICE_VARIABILITY_SCV100_ICV000,LOCAL_WINDOW_HPP_BASE,19,1,0,OP_SERVICE_VARIABILITY_SCV100_ICV000,f423da5c1b63bf87c5ab9c0398fcb51990eefe46ea9ad6c3cf095d7844191f57,TASK3_OPERATIONAL_POOLED_SERVICE_VARIABILITY_V1,202607290000,202609290191,202609290192,202609290193,202609290194,445,445,0,4.245548542,0.901527138337,2.18599455,2.765215294,79.052099479,128.624342033,248.773118943,59,157.580591375,0.604100555,0.602027699,0,300,444.580591375,85,153,9,9,9,116.562800792,233.835559642,350.398360434,0.388542669307,0.779451865473,1.16799453478
1.0,TASK3_SERVICE_VARIABILITY_SENSITIVITY_V1,SERVICE_VARIABILITY_SCV100_ICV000,LOCAL_WINDOW_HPP_BASE,20,1,0,OP_SERVICE_VARIABILITY_SCV100_ICV000,f423da5c1b63bf87c5ab9c0398fcb51990eefe46ea9ad6c3cf095d7844191f57,TASK3_OPERATIONAL_POOLED_SERVICE_VARIABILITY_V1,202607290000,202609290201,202609290202,202609290203,202609290204,418,418,0,4.185288052,0.65722892033,0.611857281,4.129302489,76.709588492,105.726883916,182.064960401,49,129.432557804,0.600617882,0.602567039,0,300,416.432557804,35,119,4,11,11,29.227595044,245.494093654,274.721688698,0.0974253168133,0.818313645513,0.915738962327
1.0,TASK3_SERVICE_VARIABILITY_SENSITIVITY_V1,SERVICE_VARIABILITY_SCV100_ICV000,LOCAL_WINDOW_HPP_BASE,21,1,0,OP_SERVICE_VARIABILITY_SCV100_ICV000,f423da5c1b63bf87c5ab9c0398fcb51990eefe46ea9ad6c3cf095d7844191f57,TASK3_OPERATIONAL_POOLED_SERVICE_VARIABILITY_V1,202607290000,202609290211,202609290212,202609290213,202609290214,417,417,0,5.627662051,1.58815363116,4.269035005,2.780821582,82.310948525,128.778065532,334.435779517,62,169.120853788,0.583162971,0.550269414,0,300,456.120853788,162,166,13,8,13,410.808613625,243.418996842,654.227610467,1.36936204542,0.81139665614,2.18075870156
1.0,TASK3_SERVICE_VARIABILITY_SENSITIVITY_V1,SERVICE_VARIABILITY_SCV100_ICV000,LOCAL_WINDOW_HPP_BASE,22,1,0,OP_SERVICE_VARIABILITY_SCV100_ICV000,f423da5c1b63bf87c5ab9c0398fcb51990eefe46ea9ad6c3cf095d7844191f57,TASK3_OPERATIONAL_POOLED_SERVICE_VARIABILITY_V1,202607290000,202609290221,202609290222,202609290223,202609290224,410,410,0,2.452266406,0.283879536078,0,2.429274437,70.760675196,93.20058573,103.266161864,47,80.678794488,0.620406678,0.666728821,0,300,367.678794488,10,83,2,8,8,6.609225048,109.781384744,116.390609792,0.02203075016,0.365937949147,0.387968699307
1.0,TASK3_SERVICE_VARIABILITY_SENSITIVITY_V1,SERVICE_VARIABILITY_SCV100_ICV000,LOCAL_WINDOW_HPP_BASE,23,1,0,OP_SERVICE_VARIABILITY_SCV100_ICV000,f423da5c1b63bf87c5ab9c0398fcb51990eefe46ea9ad6c3cf095d7844191f57,TASK3_OPERATIONAL_POOLED_SERVICE_VARIABILITY_V1,202607290000,202609290231,202609290232,202609290233,202609290234,439,439,0,4.218507063,1.25402455021,3.309148822,3.204849044,69.379206655,118.624581276,161.977100299,47,77.695563939,0.717043976,0.719526335,0,300,364.695563939,141,182,8,8,8,251.79988107,293.779011017,545.578892087,0.8393329369,0.979263370057,1.81859630696
1.0,TASK3_SERVICE_VARIABILITY_SENSITIVITY_V1,SERVICE_VARIABILITY_SCV100_ICV000,LOCAL_WINDOW_HPP_BASE,24,1,0,OP_SERVICE_VARIABILITY_SCV100_ICV000,f423da5c1b63bf87c5ab9c0398fcb51990eefe46ea9ad6c3cf095d7844191f57,TASK3_OPERATIONAL_POOLED_SERVICE_VARIABILITY_V1,202607290000,202609290241,202609290242,202609290243,202609290244,412,412,0,1.692752015,0.226352414917,0,1.692752015,67.431459649,101.475458993,245.277441552,52,244.682044594,0.407108032,0.468250462,0,300,531.682044594,0,75,0,6,6,0,91.835687729,91.835687729,0,0.306118959097,0.306118959097
1.0,TASK3_SERVICE_VARIABILITY_SENSITIVITY_V1,SERVICE_VARIABILITY_SCV100_ICV000,LOCAL_WINDOW_HPP_BASE,25,1,0,OP_SERVICE_VARIABILITY_SCV100_ICV000,f423da5c1b63bf87c5ab9c0398fcb51990eefe46ea9ad6c3cf095d7844191f57,TASK3_OPERATIONAL_POOLED_SERVICE_VARIABILITY_V1,202607290000,202609290251,202609290252,202609290253,202609290254,424,424,0,5.673402943,0.867338036172,1.812374255,3.802592174,79.376287575,114.83246835,278.48684204,61,125.309897726,0.618832122,0.617141035,0,300,412.309897726,57,98,12,13,13,83.335117919,231.002673474,314.337791393,0.277783726397,0.77000891158,1.04779263798
1.0,TASK3_SERVICE_VARIABILITY_SENSITIVITY_V1,SERVICE_VARIABILITY_SCV100_ICV000,LOCAL_WINDOW_HPP_BASE,26,1,0,OP_SERVICE_VARIABILITY_SCV100_ICV000,f423da5c1b63bf87c5ab9c0398fcb51990eefe46ea9ad6c3cf095d7844191f57,TASK3_OPERATIONAL_POOLED_SERVICE_VARIABILITY_V1,202607290000,202609290261,202609290262,202609290263,202609290264,419,419,0,5.99834271,1.2108920083,3.654753756,3.562113298,80.043087411,120.50956391,162.764313122,50,143.023156636,0.595242035,0.585479446,0,300,430.023156636,94,124,8,9,10,262.978635988,244.385115491,507.363751479,0.876595453293,0.814617051637,1.69121250493
1.0,TASK3_SERVICE_VARIABILITY_SENSITIVITY_V1,SERVICE_VARIABILITY_SCV100_ICV000,LOCAL_WINDOW_HPP_BASE,27,1,0,OP_SERVICE_VARIABILITY_SCV100_ICV000,f423da5c1b63bf87c5ab9c0398fcb51990eefe46ea9ad6c3cf095d7844191f57,TASK3_OPERATIONAL_POOLED_SERVICE_VARIABILITY_V1,202607290000,202609290271,202609290272,202609290273,202609290274,410,410,0,1.213017871,0.162946148239,0,1.213017871,67.932242905,97.319947811,179.397766708,51,158.482931898,0.477191673,0.553585545,0,300,445.482931898,0,71,0,6,6,0,66.79351394,66.79351394,0,0.222645046467,0.222645046467
1.0,TASK3_SERVICE_VARIABILITY_SENSITIVITY_V1,SERVICE_VARIABILITY_SCV100_ICV000,LOCAL_WINDOW_HPP_BASE,28,1,0,OP_SERVICE_VARIABILITY_SCV100_ICV000,f423da5c1b63bf87c5ab9c0398fcb51990eefe46ea9ad6c3cf095d7844191f57,TASK3_OPERATIONAL_POOLED_SERVICE_VARIABILITY_V1,202607290000,202609290281,202609290282,202609290283,202609290284,392,392,0,2.292946563,0.37676102926,1.539411358,1.852374159,70.45036574,101.615018156,149.878464849,55,60.565004671,0.629749655,0.673017801,0,300,347.565004671,36,75,6,6,6,56.505989691,90.478077116,146.984066807,0.18835329897,0.301593590387,0.489946889357
1.0,TASK3_SERVICE_VARIABILITY_SENSITIVITY_V1,SERVICE_VARIABILITY_SCV100_ICV000,LOCAL_WINDOW_HPP_BASE,29,1,0,OP_SERVICE_VARIABILITY_SCV100_ICV000,f423da5c1b63bf87c5ab9c0398fcb51990eefe46ea9ad6c3cf095d7844191f57,TASK3_OPERATIONAL_POOLED_SERVICE_VARIABILITY_V1,202607290000,202609290291,202609290292,202609290293,202609290294,424,424,0,4.534873807,0.78925772838,3.197715431,2.900259098,74.302094324,126.592378712,176.336864368,52,119.286906910,0.588620527,0.626006169,0,300,406.28690691,44,115,12,9,12,146.197152835,170.584636996,316.781789831,0.487323842783,0.568615456653,1.05593929944
1.0,TASK3_SERVICE_VARIABILITY_SENSITIVITY_V1,SERVICE_VARIABILITY_SCV100_ICV000,LOCAL_WINDOW_HPP_BASE,30,1,0,OP_SERVICE_VARIABILITY_SCV100_ICV000,f423da5c1b63bf87c5ab9c0398fcb51990eefe46ea9ad6c3cf095d7844191f57,TASK3_OPERATIONAL_POOLED_SERVICE_VARIABILITY_V1,202607290000,202609290301,202609290302,202609290303,202609290304,408,408,0,3.611012087,0.5390746251,2.888437935,1.987543089,81.596782694,137.747185051,222.720251638,61,205.471897045,0.522421092,0.499674522,0,300,492.471897045,60,58,7,6,7,127.173245872,81.27290609,208.446151962,0.423910819573,0.270909686967,0.69482050654
1.0,TASK3_SERVICE_VARIABILITY_SENSITIVITY_V1,SERVICE_VARIABILITY_SCV100_ICV000,LOCAL_WINDOW_HPP_BASE,31,1,0,OP_SERVICE_VARIABILITY_SCV100_ICV000,f423da5c1b63bf87c5ab9c0398fcb51990eefe46ea9ad6c3cf095d7844191f57,TASK3_OPERATIONAL_POOLED_SERVICE_VARIABILITY_V1,202607290000,202609290311,202609290312,202609290313,202609290314,425,425,0,3.223165219,0.698987459746,0.731187227,2.88382426,74.041788421,127.059908663,212.500928686,49,120.426318810,0.570043792,0.625782037,0,300,407.42631881,49,170,5,7,7,39.680658428,241.824485739,281.505144167,0.132268861427,0.80608161913,0.938350480557
1.0,TASK3_SERVICE_VARIABILITY_SENSITIVITY_V1,SERVICE_VARIABILITY_SCV100_ICV000,LOCAL_WINDOW_HPP_BASE,32,1,0,OP_SERVICE_VARIABILITY_SCV100_ICV000,f423da5c1b63bf87c5ab9c0398fcb51990eefe46ea9ad6c3cf095d7844191f57,TASK3_OPERATIONAL_POOLED_SERVICE_VARIABILITY_V1,202607290000,202609290321,202609290322,202609290323,202609290324,395,395,0,1.91832654,0.218657747304,0.616967783,0.82107295,79.627198754,135.063902808,228.408913931,48,119.502559241,0.607772538,0.582889911,0,300,406.502559241,27,53,5,7,7,30.435499084,49.832974338,80.268473422,0.101451663613,0.16610991446,0.267561578073
1.0,TASK3_SERVICE_VARIABILITY_SENSITIVITY_V1,SERVICE_VARIABILITY_SCV100_ICV000,LOCAL_WINDOW_HPP_BASE,33,1,0,OP_SERVICE_VARIABILITY_SCV100_ICV000,f423da5c1b63bf87c5ab9c0398fcb51990eefe46ea9ad6c3cf095d7844191f57,TASK3_OPERATIONAL_POOLED_SERVICE_VARIABILITY_V1,202607290000,202609290331,202609290332,202609290333,202609290334,428,428,0,4.151070263,1.01397015628,1.790763197,3.639672614,79.283953123,134.936530269,247.549238596,46,172.860836368,0.545434979,0.560317879,0,300,459.860836368,75,167,6,9,9,101.374209209,332.605017678,433.979226887,0.337914030697,1.10868339226,1.44659742296
1.0,TASK3_SERVICE_VARIABILITY_SENSITIVITY_V1,SERVICE_VARIABILITY_SCV100_ICV000,LOCAL_WINDOW_HPP_BASE,34,1,0,OP_SERVICE_VARIABILITY_SCV100_ICV000,f423da5c1b63bf87c5ab9c0398fcb51990eefe46ea9ad6c3cf095d7844191f57,TASK3_OPERATIONAL_POOLED_SERVICE_VARIABILITY_V1,202607290000,202609290341,202609290342,202609290343,202609290344,426,426,0,2.405918527,0.347146071103,2.336254026,1.186529374,70.898805202,116.668452755,151.623332991,60,92.019899383,0.617673285,0.672706376,0,300,379.019899383,47,45,7,5,7,86.290151636,49.758308651,136.048460287,0.287633838787,0.165861028837,0.453494867623
1.0,TASK3_SERVICE_VARIABILITY_SENSITIVITY_V1,SERVICE_VARIABILITY_SCV100_ICV000,LOCAL_WINDOW_HPP_BASE,35,1,0,OP_SERVICE_VARIABILITY_SCV100_ICV000,f423da5c1b63bf87c5ab9c0398fcb51990eefe46ea9ad6c3cf095d7844191f57,TASK3_OPERATIONAL_POOLED_SERVICE_VARIABILITY_V1,202607290000,202609290351,202609290352,202609290353,202609290354,451,451,0,10.222594048,1.80520609837,4.822149487,6.56488819,74.140094452,128.165518163,240.298248517,74,224.786527999,0.494365981,0.532007705,0,300,511.786527999,89,170,15,16,17,293.345055633,208.355455777,501.70051141,0.97781685211,0.694518185923,1.67233503803
1.0,TASK3_SERVICE_VARIABILITY_SENSITIVITY_V1,SERVICE_VARIABILITY_SCV100_ICV000,LOCAL_WINDOW_HPP_BASE,36,1,0,OP_SERVICE_VARIABILITY_SCV100_ICV000,f423da5c1b63bf87c5ab9c0398fcb51990eefe46ea9ad6c3cf095d7844191f57,TASK3_OPERATIONAL_POOLED_SERVICE_VARIABILITY_V1,202607290000,202609290361,202609290362,202609290363,202609290364,414,414,0,2.244577709,0.312341954911,0,2.227934125,69.247764703,106.980275812,162.097219209,43,57.736852655,0.685845971,0.716408478,0,300,344.736852655,17,79,5,9,9,18.150079645,111.159489688,129.309569333,0.0605002654833,0.370531632293,0.431031897777
1.0,TASK3_SERVICE_VARIABILITY_SENSITIVITY_V1,SERVICE_VARIABILITY_SCV100_ICV000,LOCAL_WINDOW_HPP_BASE,37,1,0,OP_SERVICE_VARIABILITY_SCV100_ICV000,f423da5c1b63bf87c5ab9c0398fcb51990eefe46ea9ad6c3cf095d7844191f57,TASK3_OPERATIONAL_POOLED_SERVICE_VARIABILITY_V1,202607290000,202609290371,202609290372,202609290373,202609290374,408,408,0,4.184562178,0.685263419201,2.636567188,2.327397188,67.558184013,117.221868751,175.136808152,56,131.524577015,0.560230708,0.585300217,0,300,418.524577015,41,119,8,9,10,104.663033965,145.280548483,249.943582448,0.348876779883,0.484268494943,0.833145274827
1.0,TASK3_SERVICE_VARIABILITY_SENSITIVITY_V1,SERVICE_VARIABILITY_SCV100_ICV000,LOCAL_WINDOW_HPP_BASE,38,1,0,OP_SERVICE_VARIABILITY_SCV100_ICV000,f423da5c1b63bf87c5ab9c0398fcb51990eefe46ea9ad6c3cf095d7844191f57,TASK3_OPERATIONAL_POOLED_SERVICE_VARIABILITY_V1,202607290000,202609290381,202609290382,202609290383,202609290384,406,406,0,4.8906132,0.992702540833,1.381643093,4.288078301,68.398584099,110.293252578,171.061783391,44,76.507078367,0.656534847,0.667539464,0,300,363.507078367,44,134,7,12,12,60.892918177,342.144313401,403.037231578,0.202976393923,1.14048104467,1.34345743859
1.0,TASK3_SERVICE_VARIABILITY_SENSITIVITY_V1,SERVICE_VARIABILITY_SCV100_ICV000,LOCAL_WINDOW_HPP_BASE,39,1,0,OP_SERVICE_VARIABILITY_SCV100_ICV000,f423da5c1b63bf87c5ab9c0398fcb51990eefe46ea9ad6c3cf095d7844191f57,TASK3_OPERATIONAL_POOLED_SERVICE_VARIABILITY_V1,202607290000,202609290391,202609290392,202609290393,202609290394,388,388,0,3.261901091,0.446714260897,0,3.261901091,65.642477175,108.328084226,149.301931604,55,140.713232541,0.484360599,0.545004004,0,300,427.713232541,0,77,0,10,10,0,169.337207671,169.337207671,0,0.564457358903,0.564457358903
1.0,TASK3_SERVICE_VARIABILITY_SENSITIVITY_V1,SERVICE_VARIABILITY_SCV100_ICV000,LOCAL_WINDOW_HPP_BASE,40,1,0,OP_SERVICE_VARIABILITY_SCV100_ICV000,f423da5c1b63bf87c5ab9c0398fcb51990eefe46ea9ad6c3cf095d7844191f57,TASK3_OPERATIONAL_POOLED_SERVICE_VARIABILITY_V1,202607290000,202609290401,202609290402,202609290403,202609290404,399,399,0,3.094910358,0.603155504361,1.216219684,2.984710583,78.49417396,115.12736647,201.356511503,55,175.216885814,0.536062083,0.519762675,0,300,462.216885814,33,104,6,9,9,47.756154875,159.644432624,207.400587499,0.159187182917,0.532148108747,0.691335291663
1.0,TASK3_SERVICE_VARIABILITY_SENSITIVITY_V1,SERVICE_VARIABILITY_SCV100_ICV000,LOCAL_WINDOW_HPP_BASE,41,1,0,OP_SERVICE_VARIABILITY_SCV100_ICV000,f423da5c1b63bf87c5ab9c0398fcb51990eefe46ea9ad6c3cf095d7844191f57,TASK3_OPERATIONAL_POOLED_SERVICE_VARIABILITY_V1,202607290000,202609290411,202609290412,202609290413,202609290414,416,416,0,2.029994972,0.350239826034,0,2.029994972,71.225908515,92.821028891,158.00094239,42,63.447528811,0.636311613,0.708558428,0,300,350.447528811,1,132,1,6,6,0.566022071,138.920603823,139.486625894,0.00188674023667,0.46306867941,0.464955419647
1.0,TASK3_SERVICE_VARIABILITY_SENSITIVITY_V1,SERVICE_VARIABILITY_SCV100_ICV000,LOCAL_WINDOW_HPP_BASE,42,1,0,OP_SERVICE_VARIABILITY_SCV100_ICV000,f423da5c1b63bf87c5ab9c0398fcb51990eefe46ea9ad6c3cf095d7844191f57,TASK3_OPERATIONAL_POOLED_SERVICE_VARIABILITY_V1,202607290000,202609290421,202609290422,202609290423,202609290424,403,403,0,8.049035971,1.22103406596,7.332657113,1.162983049,76.215705059,133.509938422,229.520360227,63,136.542125615,0.573633835,0.571482512,0,300,423.542125615,75,62,13,5,13,402.346946761,56.528817363,458.875764124,1.3411564892,0.18842939121,1.52958588041
1.0,TASK3_SERVICE_VARIABILITY_SENSITIVITY_V1,SERVICE_VARIABILITY_SCV100_ICV000,LOCAL_WINDOW_HPP_BASE,43,1,0,OP_SERVICE_VARIABILITY_SCV100_ICV000,f423da5c1b63bf87c5ab9c0398fcb51990eefe46ea9ad6c3cf095d7844191f57,TASK3_OPERATIONAL_POOLED_SERVICE_VARIABILITY_V1,202607290000,202609290431,202609290432,202609290433,202609290434,407,407,0,4.783791844,1.04655065132,3.321363901,3.33463263,79.352817059,131.546714389,171.844553868,43,107.091185756,0.624787535,0.618908956,0,300,394.091185756,95,117,9,10,10,202.045207338,219.500205895,421.545413233,0.67348402446,0.731667352983,1.40515137744
1.0,TASK3_SERVICE_VARIABILITY_SENSITIVITY_V1,SERVICE_VARIABILITY_SCV100_ICV000,LOCAL_WINDOW_HPP_BASE,44,1,0,OP_SERVICE_VARIABILITY_SCV100_ICV000,f423da5c1b63bf87c5ab9c0398fcb51990eefe46ea9ad6c3cf095d7844191f57,TASK3_OPERATIONAL_POOLED_SERVICE_VARIABILITY_V1,202607290000,202609290441,202609290442,202609290443,202609290444,366,366,0,0.411220114,0.0585296412896,0,0.294342163,80.669161327,135.049793589,147.140134521,39,95.466653546,0.580978184,0.572921703,0,300,382.466653546,5,25,3,4,4,3.25821942,18.163629292,21.421848712,0.0108607314,0.0605454309733,0.0714061623733
1.0,TASK3_SERVICE_VARIABILITY_SENSITIVITY_V1,SERVICE_VARIABILITY_SCV100_ICV000,LOCAL_WINDOW_HPP_BASE,45,1,0,OP_SERVICE_VARIABILITY_SCV100_ICV000,f423da5c1b63bf87c5ab9c0398fcb51990eefe46ea9ad6c3cf095d7844191f57,TASK3_OPERATIONAL_POOLED_SERVICE_VARIABILITY_V1,202607290000,202609290451,202609290452,202609290453,202609290454,399,399,0,2.701346433,0.364359718208,0.925851865,2.096378105,79.936535704,147.007984157,215.49340657,48,95.676219080,0.649920401,0.624247777,0,300,382.67621908,41,71,5,9,9,40.340645708,105.038881857,145.379527565,0.134468819027,0.35012960619,0.484598425217
1.0,TASK3_SERVICE_VARIABILITY_SENSITIVITY_V1,SERVICE_VARIABILITY_SCV100_ICV000,LOCAL_WINDOW_HPP_BASE,46,1,0,OP_SERVICE_VARIABILITY_SCV100_ICV000,f423da5c1b63bf87c5ab9c0398fcb51990eefe46ea9ad6c3cf095d7844191f57,TASK3_OPERATIONAL_POOLED_SERVICE_VARIABILITY_V1,202607290000,202609290461,202609290462,202609290463,202609290464,452,452,0,8.112135627,2.40021149605,4.333130704,6.459717057,70.87022782,98.923960092,147.36019153,55,52.668766653,0.740967938,0.793406024,0,300,339.668766653,156,240,13,15,15,361.508200845,584.70433489,946.212535735,1.20502733615,1.94901444963,3.15404178578
1.0,TASK3_SERVICE_VARIABILITY_SENSITIVITY_V1,SERVICE_VARIABILITY_SCV100_ICV000,LOCAL_WINDOW_HPP_BASE,47,1,0,OP_SERVICE_VARIABILITY_SCV100_ICV000,f423da5c1b63bf87c5ab9c0398fcb51990eefe46ea9ad6c3cf095d7844191f57,TASK3_OPERATIONAL_POOLED_SERVICE_VARIABILITY_V1,202607290000,202609290471,202609290472,202609290473,202609290474,385,385,0,0.751878034,0.104135857704,0.352129044,0.166534726,73.99664767,109.817529042,213.696013317,42,73.249593018,0.651988792,0.638536084,0,300,360.249593018,33,21,4,5,5,18.955407575,21.136897641,40.092305216,0.0631846919167,0.07045632547,0.133641017387
1.0,TASK3_SERVICE_VARIABILITY_SENSITIVITY_V1,SERVICE_VARIABILITY_SCV100_ICV000,LOCAL_WINDOW_HPP_BASE,48,1,0,OP_SERVICE_VARIABILITY_SCV100_ICV000,f423da5c1b63bf87c5ab9c0398fcb51990eefe46ea9ad6c3cf095d7844191f57,TASK3_OPERATIONAL_POOLED_SERVICE_VARIABILITY_V1,202607290000,202609290481,202609290482,202609290483,202609290484,416,416,0,3.324579162,0.598383128945,0,2.974855444,63.815942753,105.916813904,138.759549473,47,92.472796780,0.569013158,0.656157093,0,300,379.47279678,5,112,3,12,12,2.108862567,246.818519074,248.927381641,0.00702954189,0.822728396913,0.829757938803
1.0,TASK3_SERVICE_VARIABILITY_SENSITIVITY_V1,SERVICE_VARIABILITY_SCV100_ICV000,LOCAL_WINDOW_HPP_BASE,49,1,0,OP_SERVICE_VARIABILITY_SCV100_ICV000,f423da5c1b63bf87c5ab9c0398fcb51990eefe46ea9ad6c3cf095d7844191f57,TASK3_OPERATIONAL_POOLED_SERVICE_VARIABILITY_V1,202607290000,202609290491,202609290492,202609290493,202609290494,423,423,0,3.013237813,0.574345759168,1.620430953,2.247614156,71.251632147,96.086647403,165.273080401,48,103.018773069,0.624629878,0.649739318,0,300,390.018773069,51,109,5,7,7,87.477594014,155.470662114,242.948256128,0.291591980047,0.51823554038,0.809827520427
1.0,TASK3_SERVICE_VARIABILITY_SENSITIVITY_V1,SERVICE_VARIABILITY_SCV100_ICV000,LOCAL_WINDOW_HPP_BASE,50,1,0,OP_SERVICE_VARIABILITY_SCV100_ICV000,f423da5c1b63bf87c5ab9c0398fcb51990eefe46ea9ad6c3cf095d7844191f57,TASK3_OPERATIONAL_POOLED_SERVICE_VARIABILITY_V1,202607290000,202609290501,202609290502,202609290503,202609290504,414,414,0,1.849007945,0.303541131227,0,1.804214026,68.746017217,109.07985131,235.177712368,49,71.804246021,0.635559442,0.689302817,0,300,358.804246021,17,111,2,6,6,10.367072966,74.240937522,84.608010488,0.0345569098867,0.24746979174,0.282026701627
1.0,TASK3_SERVICE_VARIABILITY_SENSITIVITY_V1,SERVICE_VARIABILITY_SCV100_ICV050,LOCAL_WINDOW_HPP_BASE,1,1,0.5,OP_SERVICE_VARIABILITY_SCV100_ICV050,61be8a09a4ad7a085ccead92803b979a0ec624d68513ef39a295a6c8c5ec19c8,TASK3_OPERATIONAL_POOLED_SERVICE_VARIABILITY_V1,202607290000,202609290011,202609290012,202609290013,202609290014,396,396,0,2.999229328,0.451597453396,0,2.684288223,69.156707113,110.965355143,143.286722176,37,123.144367062,0.551476648,0.568952073,0,300,409.743812667,7,89,4,9,9,13.009625159,165.822966386,178.832591545,0.0433654171967,0.552743221287,0.596108638483
1.0,TASK3_SERVICE_VARIABILITY_SENSITIVITY_V1,SERVICE_VARIABILITY_SCV100_ICV050,LOCAL_WINDOW_HPP_BASE,2,1,0.5,OP_SERVICE_VARIABILITY_SCV100_ICV050,61be8a09a4ad7a085ccead92803b979a0ec624d68513ef39a295a6c8c5ec19c8,TASK3_OPERATIONAL_POOLED_SERVICE_VARIABILITY_V1,202607290000,202609290021,202609290022,202609290023,202609290024,442,442,0,4.648100108,0.99863037326,0,4.525327503,71.46280217,97.362864219,166.253765601,55,97.376271750,0.618425703,0.676544149,0,300,376.754000237,21,192,4,9,9,18.92286937,413.486776806,432.409646176,0.0630762312333,1.37828925602,1.44136548725
1.0,TASK3_SERVICE_VARIABILITY_SENSITIVITY_V1,SERVICE_VARIABILITY_SCV100_ICV050,LOCAL_WINDOW_HPP_BASE,3,1,0.5,OP_SERVICE_VARIABILITY_SCV100_ICV050,61be8a09a4ad7a085ccead92803b979a0ec624d68513ef39a295a6c8c5ec19c8,TASK3_OPERATIONAL_POOLED_SERVICE_VARIABILITY_V1,202607290000,202609290031,202609290032,202609290033,202609290034,393,393,0,1.464703596,0.1617087433,0,1.1793785,80.63190379,120.100489148,165.117248594,45,120.053192281,0.582142444,0.597945232,0,300,410.285574783,5,47,4,6,6,8.447853281,55.02396048,63.471813761,0.0281595109367,0.1834132016,0.211572712537
1.0,TASK3_SERVICE_VARIABILITY_SENSITIVITY_V1,SERVICE_VARIABILITY_SCV100_ICV050,LOCAL_WINDOW_HPP_BASE,4,1,0.5,OP_SERVICE_VARIABILITY_SCV100_ICV050,61be8a09a4ad7a085ccead92803b979a0ec624d68513ef39a295a6c8c5ec19c8,TASK3_OPERATIONAL_POOLED_SERVICE_VARIABILITY_V1,202607290000,202609290041,202609290042,202609290043,202609290044,410,410,0,3.829472556,0.572964391895,2.114889422,2.488001295,76.549196204,119.603352802,182.201460743,60,73.898405036,0.714608312,0.693999670,0,300,363.105960112,58,79,8,8,8,96.384369337,86.576685677,182.961055014,0.321281231123,0.288588952257,0.60987018338
1.0,TASK3_SERVICE_VARIABILITY_SENSITIVITY_V1,SERVICE_VARIABILITY_SCV100_ICV050,LOCAL_WINDOW_HPP_BASE,5,1,0.5,OP_SERVICE_VARIABILITY_SCV100_ICV050,61be8a09a4ad7a085ccead92803b979a0ec624d68513ef39a295a6c8c5ec19c8,TASK3_OPERATIONAL_POOLED_SERVICE_VARIABILITY_V1,202607290000,202609290051,202609290052,202609290053,202609290054,388,388,0,2.970577203,0.39013740883,0,2.970577203,69.41978333,120.29822979,190.303719484,31,94.011462506,0.562169619,0.612616910,0,300,378.171989136,11,81,3,8,8,5.199371991,146.173942635,151.373314626,0.01733123997,0.48724647545,0.50457771542
1.0,TASK3_SERVICE_VARIABILITY_SENSITIVITY_V1,SERVICE_VARIABILITY_SCV100_ICV050,LOCAL_WINDOW_HPP_BASE,6,1,0.5,OP_SERVICE_VARIABILITY_SCV100_ICV050,61be8a09a4ad7a085ccead92803b979a0ec624d68513ef39a295a6c8c5ec19c8,TASK3_OPERATIONAL_POOLED_SERVICE_VARIABILITY_V1,202607290000,202609290061,202609290062,202609290063,202609290064,419,419,0,3.116456158,0.389928365296,2.395257205,1.26919157,73.08151318,98.962735794,172.521438408,47,100.832119546,0.630144932,0.640185699,0,300,390.312433564,39,52,8,6,8,91.017580906,72.362404153,163.379985059,0.303391936353,0.241208013843,0.544599950197
1.0,TASK3_SERVICE_VARIABILITY_SENSITIVITY_V1,SERVICE_VARIABILITY_SCV100_ICV050,LOCAL_WINDOW_HPP_BASE,7,1,0.5,OP_SERVICE_VARIABILITY_SCV100_ICV050,61be8a09a4ad7a085ccead92803b979a0ec624d68513ef39a295a6c8c5ec19c8,TASK3_OPERATIONAL_POOLED_SERVICE_VARIABILITY_V1,202607290000,202609290071,202609290072,202609290073,202609290074,408,408,0,3.982006103,0.49041812399,0,3.982006103,74.288528502,123.863268848,156.442787736,53,111.606720734,0.585242343,0.610971285,0,300,400.192228123,9,81,2,10,10,2.37542209,191.206711751,193.582133841,0.00791807363333,0.637355705837,0.64527377947
1.0,TASK3_SERVICE_VARIABILITY_SENSITIVITY_V1,SERVICE_VARIABILITY_SCV100_ICV050,LOCAL_WINDOW_HPP_BASE,8,1,0.5,OP_SERVICE_VARIABILITY_SCV100_ICV050,61be8a09a4ad7a085ccead92803b979a0ec624d68513ef39a295a6c8c5ec19c8,TASK3_OPERATIONAL_POOLED_SERVICE_VARIABILITY_V1,202607290000,202609290081,202609290082,202609290083,202609290084,442,442,0,6.770857582,1.79111168411,4.98809729,4.150727224,74.795852824,137.103741486,420.408252534,39,328.037101108,0.444785614,0.428370600,0,300,624.310267013,115,178,13,9,13,404.217296415,387.454067963,791.671364378,1.34739098805,1.29151355988,2.63890454793
1.0,TASK3_SERVICE_VARIABILITY_SENSITIVITY_V1,SERVICE_VARIABILITY_SCV100_ICV050,LOCAL_WINDOW_HPP_BASE,9,1,0.5,OP_SERVICE_VARIABILITY_SCV100_ICV050,61be8a09a4ad7a085ccead92803b979a0ec624d68513ef39a295a6c8c5ec19c8,TASK3_OPERATIONAL_POOLED_SERVICE_VARIABILITY_V1,202607290000,202609290091,202609290092,202609290093,202609290094,395,395,0,2.473973755,0.318500753344,0,2.473973755,70.659538384,104.276558541,155.078562348,48,75.845120468,0.595590617,0.661841242,0,300,353.704916412,9,90,2,8,8,2.589878781,122.245865212,124.835743993,0.00863292927,0.407486217373,0.416119146643
1.0,TASK3_SERVICE_VARIABILITY_SENSITIVITY_V1,SERVICE_VARIABILITY_SCV100_ICV050,LOCAL_WINDOW_HPP_BASE,10,1,0.5,OP_SERVICE_VARIABILITY_SCV100_ICV050,61be8a09a4ad7a085ccead92803b979a0ec624d68513ef39a295a6c8c5ec19c8,TASK3_OPERATIONAL_POOLED_SERVICE_VARIABILITY_V1,202607290000,202609290101,202609290102,202609290103,202609290104,394,394,0,3.501557753,0.686963871325,1.88923355,2.627580639,82.091945464,139.207897325,349.501945766,55,285.115342432,0.430189762,0.404936217,0,300,578.914801407,50,111,7,6,7,88.006869908,173.218614064,261.225483972,0.293356233027,0.577395380213,0.87075161324
1.0,TASK3_SERVICE_VARIABILITY_SENSITIVITY_V1,SERVICE_VARIABILITY_SCV100_ICV050,LOCAL_WINDOW_HPP_BASE,11,1,0.5,OP_SERVICE_VARIABILITY_SCV100_ICV050,61be8a09a4ad7a085ccead92803b979a0ec624d68513ef39a295a6c8c5ec19c8,TASK3_OPERATIONAL_POOLED_SERVICE_VARIABILITY_V1,202607290000,202609290111,202609290112,202609290113,202609290114,409,409,0,5.805220865,0.958652151394,2.062171009,3.604131219,75.076991802,104.959901447,213.236452232,41,71.470306067,0.661799160,0.684133417,0,300,352.007341319,45,123,9,14,14,102.22695981,289.86177011,392.08872992,0.3407565327,0.966205900367,1.30696243307
1.0,TASK3_SERVICE_VARIABILITY_SENSITIVITY_V1,SERVICE_VARIABILITY_SCV100_ICV050,LOCAL_WINDOW_HPP_BASE,12,1,0.5,OP_SERVICE_VARIABILITY_SCV100_ICV050,61be8a09a4ad7a085ccead92803b979a0ec624d68513ef39a295a6c8c5ec19c8,TASK3_OPERATIONAL_POOLED_SERVICE_VARIABILITY_V1,202607290000,202609290121,202609290122,202609290123,202609290124,423,423,0,3.332451579,0.51285365583,0.824440795,2.835622035,79.778012855,122.844932959,179.60430855,55,104.328416360,0.646819572,0.637066853,0,300,386.261781946,41,108,5,7,11,47.232641504,166.332927771,213.565569275,0.157442138347,0.55444309257,0.711885230917
1.0,TASK3_SERVICE_VARIABILITY_SENSITIVITY_V1,SERVICE_VARIABILITY_SCV100_ICV050,LOCAL_WINDOW_HPP_BASE,13,1,0.5,OP_SERVICE_VARIABILITY_SCV100_ICV050,61be8a09a4ad7a085ccead92803b979a0ec624d68513ef39a295a6c8c5ec19c8,TASK3_OPERATIONAL_POOLED_SERVICE_VARIABILITY_V1,202607290000,202609290131,202609290132,202609290133,202609290134,455,455,0,17.50200043,5.54217215162,15.200717582,4.093265345,88.878890935,120.790685558,224.585847389,52,98.544131285,0.676178640,0.689269288,0,300,386.171131638,222,196,33,13,35,2097.97547532,418.849222901,2516.82469822,6.99325158441,1.39616407634,8.38941566075
1.0,TASK3_SERVICE_VARIABILITY_SENSITIVITY_V1,SERVICE_VARIABILITY_SCV100_ICV050,LOCAL_WINDOW_HPP_BASE,14,1,0.5,OP_SERVICE_VARIABILITY_SCV100_ICV050,61be8a09a4ad7a085ccead92803b979a0ec624d68513ef39a295a6c8c5ec19c8,TASK3_OPERATIONAL_POOLED_SERVICE_VARIABILITY_V1,202607290000,202609290141,202609290142,202609290143,202609290144,374,374,0,4.337801638,0.618431577273,0,4.127786558,73.295611024,122.783952431,185.719361519,31,128.892816410,0.523469646,0.534707076,0,300,410.175420353,11,86,4,11,11,6.431615488,224.861794412,231.2934099,0.0214387182933,0.749539314707,0.770978033
1.0,TASK3_SERVICE_VARIABILITY_SENSITIVITY_V1,SERVICE_VARIABILITY_SCV100_ICV050,LOCAL_WINDOW_HPP_BASE,15,1,0.5,OP_SERVICE_VARIABILITY_SCV100_ICV050,61be8a09a4ad7a085ccead92803b979a0ec624d68513ef39a295a6c8c5ec19c8,TASK3_OPERATIONAL_POOLED_SERVICE_VARIABILITY_V1,202607290000,202609290151,202609290152,202609290153,202609290154,386,386,0,2.609891917,0.443092236658,1.069418529,2.535269032,76.509430272,106.239163388,139.564426432,40,78.468310588,0.606654294,0.605836225,0,300,368.192228195,45,65,5,9,9,43.687045677,120.667440763,164.35448644,0.14562348559,0.402224802543,0.547848288133
1.0,TASK3_SERVICE_VARIABILITY_SENSITIVITY_V1,SERVICE_VARIABILITY_SCV100_ICV050,LOCAL_WINDOW_HPP_BASE,16,1,0.5,OP_SERVICE_VARIABILITY_SCV100_ICV050,61be8a09a4ad7a085ccead92803b979a0ec624d68513ef39a295a6c8c5ec19c8,TASK3_OPERATIONAL_POOLED_SERVICE_VARIABILITY_V1,202607290000,202609290161,202609290162,202609290163,202609290164,401,401,0,1.027607019,0.143566001843,0,0.623134123,63.019619768,99.570770944,156.496804176,61,78.301125714,0.589312049,0.625079392,0,300,359.230827925,16,50,5,3,5,20.653379003,17.246925146,37.900304149,0.0688445966767,0.0574897504867,0.126334347163
1.0,TASK3_SERVICE_VARIABILITY_SENSITIVITY_V1,SERVICE_VARIABILITY_SCV100_ICV050,LOCAL_WINDOW_HPP_BASE,17,1,0.5,OP_SERVICE_VARIABILITY_SCV100_ICV050,61be8a09a4ad7a085ccead92803b979a0ec624d68513ef39a295a6c8c5ec19c8,TASK3_OPERATIONAL_POOLED_SERVICE_VARIABILITY_V1,202607290000,202609290171,202609290172,202609290173,202609290174,429,429,0,7.334961024,1.56544657448,6.207757989,3.431959354,75.368169307,117.461402454,176.065618379,56,109.334932516,0.651007877,0.635693427,0,300,385.950983891,130,162,12,10,14,351.522736028,299.267872199,650.790608227,1.17174245343,0.997559573997,2.16930202742
1.0,TASK3_SERVICE_VARIABILITY_SENSITIVITY_V1,SERVICE_VARIABILITY_SCV100_ICV050,LOCAL_WINDOW_HPP_BASE,18,1,0.5,OP_SERVICE_VARIABILITY_SCV100_ICV050,61be8a09a4ad7a085ccead92803b979a0ec624d68513ef39a295a6c8c5ec19c8,TASK3_OPERATIONAL_POOLED_SERVICE_VARIABILITY_V1,202607290000,202609290181,202609290182,202609290183,202609290184,419,419,0,5.765931272,1.1266211419,4.7397781,2.489887916,84.98362719,105.458832987,182.330533786,55,112.807054235,0.627786822,0.615532620,0,300,403.480159622,107,90,11,8,11,333.241103582,94.856313825,428.097417407,1.11080367861,0.31618771275,1.42699139136
1.0,TASK3_SERVICE_VARIABILITY_SENSITIVITY_V1,SERVICE_VARIABILITY_SCV100_ICV050,LOCAL_WINDOW_HPP_BASE,19,1,0.5,OP_SERVICE_VARIABILITY_SCV100_ICV050,61be8a09a4ad7a085ccead92803b979a0ec624d68513ef39a295a6c8c5ec19c8,TASK3_OPERATIONAL_POOLED_SERVICE_VARIABILITY_V1,202607290000,202609290191,202609290192,202609290193,202609290194,445,445,0,4.518971994,0.861914551631,2.18599455,2.872156839,81.703454468,125.2295411,240.366488269,61,155.208629858,0.607248350,0.589378860,0,300,444.580591375,85,107,9,8,9,116.562800792,216.207958558,332.77075935,0.388542669307,0.720693195193,1.1092358645
1.0,TASK3_SERVICE_VARIABILITY_SENSITIVITY_V1,SERVICE_VARIABILITY_SCV100_ICV050,LOCAL_WINDOW_HPP_BASE,20,1,0.5,OP_SERVICE_VARIABILITY_SCV100_ICV050,61be8a09a4ad7a085ccead92803b979a0ec624d68513ef39a295a6c8c5ec19c8,TASK3_OPERATIONAL_POOLED_SERVICE_VARIABILITY_V1,202607290000,202609290201,202609290202,202609290203,202609290204,418,418,0,4.362582147,0.770551318725,0.611857281,4.08752801,84.681593318,113.80408255,175.239317003,49,125.701290535,0.605882292,0.626751698,0,300,416.432557804,35,139,4,12,12,29.227595044,282.291007848,311.518602892,0.0974253168133,0.94097002616,1.03839534297
1.0,TASK3_SERVICE_VARIABILITY_SENSITIVITY_V1,SERVICE_VARIABILITY_SCV100_ICV050,LOCAL_WINDOW_HPP_BASE,21,1,0.5,OP_SERVICE_VARIABILITY_SCV100_ICV050,61be8a09a4ad7a085ccead92803b979a0ec624d68513ef39a295a6c8c5ec19c8,TASK3_OPERATIONAL_POOLED_SERVICE_VARIABILITY_V1,202607290000,202609290211,202609290212,202609290213,202609290214,417,417,0,9.354230984,2.88320320016,4.269035005,6.693455945,89.182625629,132.325756199,327.740989939,61,174.804958507,0.576181663,0.549215314,0,300,456.120853788,162,219,13,13,21,410.808613625,788.891136699,1199.69975032,1.36936204542,2.62963712233,3.99899916775
1.0,TASK3_SERVICE_VARIABILITY_SENSITIVITY_V1,SERVICE_VARIABILITY_SCV100_ICV050,LOCAL_WINDOW_HPP_BASE,22,1,0.5,OP_SERVICE_VARIABILITY_SCV100_ICV050,61be8a09a4ad7a085ccead92803b979a0ec624d68513ef39a295a6c8c5ec19c8,TASK3_OPERATIONAL_POOLED_SERVICE_VARIABILITY_V1,202607290000,202609290221,202609290222,202609290223,202609290224,410,410,0,1.689686794,0.270817669185,0,1.661589899,73.819836095,89.825851135,107.619306482,50,77.420905962,0.625762014,0.690688830,0,300,367.678794488,10,83,2,9,9,6.609225048,102.899532484,109.508757532,0.02203075016,0.342998441613,0.365029191773
1.0,TASK3_SERVICE_VARIABILITY_SENSITIVITY_V1,SERVICE_VARIABILITY_SCV100_ICV050,LOCAL_WINDOW_HPP_BASE,23,1,0.5,OP_SERVICE_VARIABILITY_SCV100_ICV050,61be8a09a4ad7a085ccead92803b979a0ec624d68513ef39a295a6c8c5ec19c8,TASK3_OPERATIONAL_POOLED_SERVICE_VARIABILITY_V1,202607290000,202609290231,202609290232,202609290233,202609290234,439,439,0,5.39265448,1.50273556487,3.309148822,3.845877561,73.696042829,118.283033752,155.83530298,50,82.174965122,0.708639638,0.712662955,0,300,364.695563939,141,202,8,9,9,251.79988107,381.598490653,633.398371723,0.8393329369,1.27199496884,2.11132790574
1.0,TASK3_SERVICE_VARIABILITY_SENSITIVITY_V1,SERVICE_VARIABILITY_SCV100_ICV050,LOCAL_WINDOW_HPP_BASE,24,1,0.5,OP_SERVICE_VARIABILITY_SCV100_ICV050,61be8a09a4ad7a085ccead92803b979a0ec624d68513ef39a295a6c8c5ec19c8,TASK3_OPERATIONAL_POOLED_SERVICE_VARIABILITY_V1,202607290000,202609290241,202609290242,202609290243,202609290244,412,412,0,1.191431331,0.13790183733,0,1.191431331,67.102270326,100.417278839,240.125434715,54,239.530037757,0.410995533,0.479525690,0,300,531.682044594,0,66,0,5,5,0,53.179144452,53.179144452,0,0.17726381484,0.17726381484
1.0,TASK3_SERVICE_VARIABILITY_SENSITIVITY_V1,SERVICE_VARIABILITY_SCV100_ICV050,LOCAL_WINDOW_HPP_BASE,25,1,0.5,OP_SERVICE_VARIABILITY_SCV100_ICV050,61be8a09a4ad7a085ccead92803b979a0ec624d68513ef39a295a6c8c5ec19c8,TASK3_OPERATIONAL_POOLED_SERVICE_VARIABILITY_V1,202607290000,202609290251,202609290252,202609290253,202609290254,424,424,0,7.391826305,1.25392271273,1.812374255,5.260108377,78.621711243,111.519103112,274.190190907,61,121.013246593,0.625147614,0.618921509,0,300,412.309897726,57,145,12,13,13,83.335117919,394.914576333,478.249694252,0.277783726397,1.31638192111,1.59416564751
1.0,TASK3_SERVICE_VARIABILITY_SENSITIVITY_V1,SERVICE_VARIABILITY_SCV100_ICV050,LOCAL_WINDOW_HPP_BASE,26,1,0.5,OP_SERVICE_VARIABILITY_SCV100_ICV050,61be8a09a4ad7a085ccead92803b979a0ec624d68513ef39a295a6c8c5ec19c8,TASK3_OPERATIONAL_POOLED_SERVICE_VARIABILITY_V1,202607290000,202609290261,202609290262,202609290263,202609290264,419,419,0,7.858132413,1.87751010209,3.654753756,5.561541613,79.153461593,117.620113891,160.268734247,50,140.527577761,0.598614067,0.597495803,0,300,430.023156636,94,165,8,12,13,262.978635988,523.55481616,786.533452148,0.876595453293,1.74518272053,2.62177817383
1.0,TASK3_SERVICE_VARIABILITY_SENSITIVITY_V1,SERVICE_VARIABILITY_SCV100_ICV050,LOCAL_WINDOW_HPP_BASE,27,1,0.5,OP_SERVICE_VARIABILITY_SCV100_ICV050,61be8a09a4ad7a085ccead92803b979a0ec624d68513ef39a295a6c8c5ec19c8,TASK3_OPERATIONAL_POOLED_SERVICE_VARIABILITY_V1,202607290000,202609290271,202609290272,202609290273,202609290274,410,410,0,3.009148684,0.475242932005,0,3.009148684,67.221560696,100.09931228,186.575636313,54,165.660801503,0.469836062,0.540033377,0,300,445.482931898,0,93,0,8,8,0,151.345342187,151.345342187,0,0.504484473957,0.504484473957
1.0,TASK3_SERVICE_VARIABILITY_SENSITIVITY_V1,SERVICE_VARIABILITY_SCV100_ICV050,LOCAL_WINDOW_HPP_BASE,28,1,0.5,OP_SERVICE_VARIABILITY_SCV100_ICV050,61be8a09a4ad7a085ccead92803b979a0ec624d68513ef39a295a6c8c5ec19c8,TASK3_OPERATIONAL_POOLED_SERVICE_VARIABILITY_V1,202607290000,202609290281,202609290282,202609290283,202609290284,392,392,0,4.08531137,0.614807457648,1.539411358,3.155756995,73.231571742,99.432718557,150.265321193,58,60.205159325,0.630378775,0.689906955,0,300,347.565004671,36,91,6,9,9,56.505989691,170.164781363,226.670771054,0.18835329897,0.567215937877,0.755569236847
1.0,TASK3_SERVICE_VARIABILITY_SENSITIVITY_V1,SERVICE_VARIABILITY_SCV100_ICV050,LOCAL_WINDOW_HPP_BASE,29,1,0.5,OP_SERVICE_VARIABILITY_SCV100_ICV050,61be8a09a4ad7a085ccead92803b979a0ec624d68513ef39a295a6c8c5ec19c8,TASK3_OPERATIONAL_POOLED_SERVICE_VARIABILITY_V1,202607290000,202609290291,202609290292,202609290293,202609290294,424,424,0,3.591282933,0.598446183189,3.197715431,1.67441546,73.837215413,130.890426436,168.474532095,53,111.424574637,0.599869077,0.633533533,0,300,406.28690691,44,104,12,5,12,146.197152835,100.519019487,246.716172322,0.487323842783,0.33506339829,0.822387241073
1.0,TASK3_SERVICE_VARIABILITY_SENSITIVITY_V1,SERVICE_VARIABILITY_SCV100_ICV050,LOCAL_WINDOW_HPP_BASE,30,1,0.5,OP_SERVICE_VARIABILITY_SCV100_ICV050,61be8a09a4ad7a085ccead92803b979a0ec624d68513ef39a295a6c8c5ec19c8,TASK3_OPERATIONAL_POOLED_SERVICE_VARIABILITY_V1,202607290000,202609290301,202609290302,202609290303,202609290304,408,408,0,3.429031316,0.508229305223,2.888437935,1.192868583,86.35150658,149.812744018,227.697497085,58,210.449142492,0.517327111,0.486005522,0,300,492.471897045,60,54,7,8,8,127.173245872,68.886350356,196.059596228,0.423910819573,0.229621167853,0.653531987427
1.0,TASK3_SERVICE_VARIABILITY_SENSITIVITY_V1,SERVICE_VARIABILITY_SCV100_ICV050,LOCAL_WINDOW_HPP_BASE,31,1,0.5,OP_SERVICE_VARIABILITY_SCV100_ICV050,61be8a09a4ad7a085ccead92803b979a0ec624d68513ef39a295a6c8c5ec19c8,TASK3_OPERATIONAL_POOLED_SERVICE_VARIABILITY_V1,202607290000,202609290311,202609290312,202609290313,202609290314,425,425,0,4.265534045,0.828514557198,0.731187227,3.865383581,69.407598045,121.688634574,231.024239844,54,137.628464600,0.547636711,0.585215977,0,300,407.42631881,49,125,5,10,10,39.680658428,272.63209646,312.312754888,0.132268861427,0.908773654867,1.04104251629
1.0,TASK3_SERVICE_VARIABILITY_SENSITIVITY_V1,SERVICE_VARIABILITY_SCV100_ICV050,LOCAL_WINDOW_HPP_BASE,32,1,0.5,OP_SERVICE_VARIABILITY_SCV100_ICV050,61be8a09a4ad7a085ccead92803b979a0ec624d68513ef39a295a6c8c5ec19c8,TASK3_OPERATIONAL_POOLED_SERVICE_VARIABILITY_V1,202607290000,202609290321,202609290322,202609290323,202609290324,395,395,0,2.89095028,0.375792017033,0.616967783,2.343109303,77.94699288,134.854895523,225.514157733,49,116.607803043,0.611995583,0.563393517,0,300,406.502559241,27,58,5,8,8,30.435499084,111.901010881,142.336509965,0.101451663613,0.373003369603,0.474455033217
1.0,TASK3_SERVICE_VARIABILITY_SENSITIVITY_V1,SERVICE_VARIABILITY_SCV100_ICV050,LOCAL_WINDOW_HPP_BASE,33,1,0.5,OP_SERVICE_VARIABILITY_SCV100_ICV050,61be8a09a4ad7a085ccead92803b979a0ec624d68513ef39a295a6c8c5ec19c8,TASK3_OPERATIONAL_POOLED_SERVICE_VARIABILITY_V1,202607290000,202609290331,202609290332,202609290333,202609290334,428,428,0,2.550717854,0.499292218063,1.790763197,1.87311366,77.842181219,133.079130604,252.151509613,44,177.463107385,0.540177527,0.529718586,0,300,459.860836368,75,89,6,7,7,101.374209209,112.31321985,213.687429059,0.337914030697,0.3743773995,0.712291430197
1.0,TASK3_SERVICE_VARIABILITY_SENSITIVITY_V1,SERVICE_VARIABILITY_SCV100_ICV050,LOCAL_WINDOW_HPP_BASE,34,1,0.5,OP_SERVICE_VARIABILITY_SCV100_ICV050,61be8a09a4ad7a085ccead92803b979a0ec624d68513ef39a295a6c8c5ec19c8,TASK3_OPERATIONAL_POOLED_SERVICE_VARIABILITY_V1,202607290000,202609290341,202609290342,202609290343,202609290344,426,426,0,2.5094339,0.378275519352,2.336254026,1.127399573,71.554474413,117.243590467,147.313597036,63,94.514553001,0.613767521,0.679981584,0,300,379.019899383,47,79,7,5,7,86.290151636,58.040912053,144.331063689,0.287633838787,0.193469706843,0.48110354563
1.0,TASK3_SERVICE_VARIABILITY_SENSITIVITY_V1,SERVICE_VARIABILITY_SCV100_ICV050,LOCAL_WINDOW_HPP_BASE,35,1,0.5,OP_SERVICE_VARIABILITY_SCV100_ICV050,61be8a09a4ad7a085ccead92803b979a0ec624d68513ef39a295a6c8c5ec19c8,TASK3_OPERATIONAL_POOLED_SERVICE_VARIABILITY_V1,202607290000,202609290351,202609290352,202609290353,202609290354,451,451,0,10.801388058,2.26150390558,4.822149487,6.917011994,72.527743351,132.330638715,235.876337063,77,220.364616545,0.498566963,0.541339231,0,300,511.786527999,89,195,15,17,20,293.345055633,390.250436506,683.595492139,0.97781685211,1.30083478835,2.27865164046
1.0,TASK3_SERVICE_VARIABILITY_SENSITIVITY_V1,SERVICE_VARIABILITY_SCV100_ICV050,LOCAL_WINDOW_HPP_BASE,36,1,0.5,OP_SERVICE_VARIABILITY_SCV100_ICV050,61be8a09a4ad7a085ccead92803b979a0ec624d68513ef39a295a6c8c5ec19c8,TASK3_OPERATIONAL_POOLED_SERVICE_VARIABILITY_V1,202607290000,202609290361,202609290362,202609290363,202609290364,414,414,0,4.043345786,0.534751241546,0,4.004660723,73.081287935,105.740348834,168.791466141,42,64.431099587,0.673247644,0.712024197,0,300,344.736852655,17,101,5,9,9,18.150079645,203.236934355,221.387014,0.0605002654833,0.67745644785,0.737956713333
1.0,TASK3_SERVICE_VARIABILITY_SENSITIVITY_V1,SERVICE_VARIABILITY_SCV100_ICV050,LOCAL_WINDOW_HPP_BASE,37,1,0.5,OP_SERVICE_VARIABILITY_SCV100_ICV050,61be8a09a4ad7a085ccead92803b979a0ec624d68513ef39a295a6c8c5ec19c8,TASK3_OPERATIONAL_POOLED_SERVICE_VARIABILITY_V1,202607290000,202609290371,202609290372,202609290373,202609290374,408,408,0,2.954760482,0.51288769199,2.636567188,1.640740811,71.61419151,123.674084564,175.872961408,54,136.489709500,0.553858004,0.570668353,0,300,418.524577015,41,101,8,7,8,104.663033965,100.907133321,205.570167286,0.348876779883,0.33635711107,0.685233890953
1.0,TASK3_SERVICE_VARIABILITY_SENSITIVITY_V1,SERVICE_VARIABILITY_SCV100_ICV050,LOCAL_WINDOW_HPP_BASE,38,1,0.5,OP_SERVICE_VARIABILITY_SCV100_ICV050,61be8a09a4ad7a085ccead92803b979a0ec624d68513ef39a295a6c8c5ec19c8,TASK3_OPERATIONAL_POOLED_SERVICE_VARIABILITY_V1,202607290000,202609290381,202609290382,202609290383,202609290384,406,406,0,9.501436472,2.0599592236,1.381643093,9.21812178,72.397932597,102.118221826,175.158433654,46,88.805962268,0.635767044,0.675182565,0,300,363.507078367,44,178,7,16,16,60.892918177,775.450526603,836.34344478,0.202976393923,2.58483508868,2.7878114826
1.0,TASK3_SERVICE_VARIABILITY_SENSITIVITY_V1,SERVICE_VARIABILITY_SCV100_ICV050,LOCAL_WINDOW_HPP_BASE,39,1,0.5,OP_SERVICE_VARIABILITY_SCV100_ICV050,61be8a09a4ad7a085ccead92803b979a0ec624d68513ef39a295a6c8c5ec19c8,TASK3_OPERATIONAL_POOLED_SERVICE_VARIABILITY_V1,202607290000,202609290391,202609290392,202609290393,202609290394,388,388,0,3.581089101,0.488142233629,0,3.581089101,68.584901984,106.300754908,145.869648505,57,144.548670148,0.480181675,0.542879579,0,300,427.713232541,0,73,0,12,12,0,174.993248356,174.993248356,0,0.583310827853,0.583310827853
1.0,TASK3_SERVICE_VARIABILITY_SENSITIVITY_V1,SERVICE_VARIABILITY_SCV100_ICV050,LOCAL_WINDOW_HPP_BASE,40,1,0.5,OP_SERVICE_VARIABILITY_SCV100_ICV050,61be8a09a4ad7a085ccead92803b979a0ec624d68513ef39a295a6c8c5ec19c8,TASK3_OPERATIONAL_POOLED_SERVICE_VARIABILITY_V1,202607290000,202609290401,202609290402,202609290403,202609290404,399,399,0,5.715773137,0.93623901387,1.216219684,5.221316833,78.395733136,118.058422491,193.3236005,56,167.183974811,0.545279306,0.538750806,0,300,462.216885814,33,113,6,11,11,47.756154875,254.212057995,301.96821287,0.159187182917,0.84737352665,1.00656070957
1.0,TASK3_SERVICE_VARIABILITY_SENSITIVITY_V1,SERVICE_VARIABILITY_SCV100_ICV050,LOCAL_WINDOW_HPP_BASE,41,1,0.5,OP_SERVICE_VARIABILITY_SCV100_ICV050,61be8a09a4ad7a085ccead92803b979a0ec624d68513ef39a295a6c8c5ec19c8,TASK3_OPERATIONAL_POOLED_SERVICE_VARIABILITY_V1,202607290000,202609290411,202609290412,202609290413,202609290414,416,416,0,1.40143404,0.181541641151,0,1.40143404,70.96302718,92.405541267,151.139816201,38,90.251944312,0.592606614,0.622861447,0,300,350.447528811,1,80,1,6,6,0.566022071,74.955300648,75.521322719,0.00188674023667,0.24985100216,0.251737742397
1.0,TASK3_SERVICE_VARIABILITY_SENSITIVITY_V1,SERVICE_VARIABILITY_SCV100_ICV050,LOCAL_WINDOW_HPP_BASE,42,1,0.5,OP_SERVICE_VARIABILITY_SCV100_ICV050,61be8a09a4ad7a085ccead92803b979a0ec624d68513ef39a295a6c8c5ec19c8,TASK3_OPERATIONAL_POOLED_SERVICE_VARIABILITY_V1,202607290000,202609290421,202609290422,202609290423,202609290424,403,403,0,7.332657113,1.24427837558,7.332657113,1.669203222,77.888069752,131.482514236,229.50159578,55,143.567272962,0.564548714,0.575193182,0,300,423.542125615,75,60,13,6,13,402.346946761,75.101949222,477.448895983,1.3411564892,0.25033983074,1.59149631994
1.0,TASK3_SERVICE_VARIABILITY_SENSITIVITY_V1,SERVICE_VARIABILITY_SCV100_ICV050,LOCAL_WINDOW_HPP_BASE,43,1,0.5,OP_SERVICE_VARIABILITY_SCV100_ICV050,61be8a09a4ad7a085ccead92803b979a0ec624d68513ef39a295a6c8c5ec19c8,TASK3_OPERATIONAL_POOLED_SERVICE_VARIABILITY_V1,202607290000,202609290431,202609290432,202609290433,202609290434,407,407,0,4.462253126,0.832422125749,3.321363901,2.230762727,80.876268776,124.373023021,165.840440099,46,101.087071987,0.634140355,0.611950351,0,300,394.091185756,95,88,9,9,9,202.045207338,133.856242546,335.901449884,0.67348402446,0.446187475153,1.11967149961
1.0,TASK3_SERVICE_VARIABILITY_SENSITIVITY_V1,SERVICE_VARIABILITY_SCV100_ICV050,LOCAL_WINDOW_HPP_BASE,44,1,0.5,OP_SERVICE_VARIABILITY_SCV100_ICV050,61be8a09a4ad7a085ccead92803b979a0ec624d68513ef39a295a6c8c5ec19c8,TASK3_OPERATIONAL_POOLED_SERVICE_VARIABILITY_V1,202607290000,202609290441,202609290442,202609290443,202609290444,366,366,0,0.94115585,0.107464927426,0,0.902719038,86.118577606,126.398746101,157.478400647,39,91.183896903,0.587338845,0.596288777,0,300,382.466653546,5,34,3,5,5,3.25821942,36.073944018,39.332163438,0.0108607314,0.12024648006,0.13110721146
1.0,TASK3_SERVICE_VARIABILITY_SENSITIVITY_V1,SERVICE_VARIABILITY_SCV100_ICV050,LOCAL_WINDOW_HPP_BASE,45,1,0.5,OP_SERVICE_VARIABILITY_SCV100_ICV050,61be8a09a4ad7a085ccead92803b979a0ec624d68513ef39a295a6c8c5ec19c8,TASK3_OPERATIONAL_POOLED_SERVICE_VARIABILITY_V1,202607290000,202609290451,202609290452,202609290453,202609290454,399,399,0,2.287948128,0.290122464985,0.925851865,1.96835922,79.324176726,147.806527405,205.971395966,51,100.002103563,0.642891736,0.615092267,0,300,382.67621908,41,45,5,7,7,40.340645708,59.264264945,99.604910653,0.134468819027,0.197547549817,0.332016368843
1.0,TASK3_SERVICE_VARIABILITY_SENSITIVITY_V1,SERVICE_VARIABILITY_SCV100_ICV050,LOCAL_WINDOW_HPP_BASE,46,1,0.5,OP_SERVICE_VARIABILITY_SCV100_ICV050,61be8a09a4ad7a085ccead92803b979a0ec624d68513ef39a295a6c8c5ec19c8,TASK3_OPERATIONAL_POOLED_SERVICE_VARIABILITY_V1,202607290000,202609290461,202609290462,202609290463,202609290464,452,452,0,7.985698308,2.0526045122,4.333130704,6.919434066,66.727089436,110.840495153,149.412873549,55,60.333538571,0.725206568,0.756027735,0,300,339.668766653,156,187,13,14,14,361.508200845,449.819557704,811.327758549,1.20502733615,1.49939852568,2.70442586183
1.0,TASK3_SERVICE_VARIABILITY_SENSITIVITY_V1,SERVICE_VARIABILITY_SCV100_ICV050,LOCAL_WINDOW_HPP_BASE,47,1,0.5,OP_SERVICE_VARIABILITY_SCV100_ICV050,61be8a09a4ad7a085ccead92803b979a0ec624d68513ef39a295a6c8c5ec19c8,TASK3_OPERATIONAL_POOLED_SERVICE_VARIABILITY_V1,202607290000,202609290471,202609290472,202609290473,202609290474,385,385,0,1.724684903,0.195786277148,0.352129044,1.656975934,77.24698862,118.830154088,211.607653209,42,77.614027603,0.644453154,0.632695046,0,300,360.249593018,33,41,4,5,5,18.955407575,56.090791382,75.046198957,0.0631846919167,0.186969304607,0.250153996523
1.0,TASK3_SERVICE_VARIABILITY_SENSITIVITY_V1,SERVICE_VARIABILITY_SCV100_ICV050,LOCAL_WINDOW_HPP_BASE,48,1,0.5,OP_SERVICE_VARIABILITY_SCV100_ICV050,61be8a09a4ad7a085ccead92803b979a0ec624d68513ef39a295a6c8c5ec19c8,TASK3_OPERATIONAL_POOLED_SERVICE_VARIABILITY_V1,202607290000,202609290481,202609290482,202609290483,202609290484,416,416,0,8.624230718,1.7892721616,0,8.624230718,66.742032869,104.430007482,140.743851015,45,85.533063643,0.579255598,0.685262301,0,300,379.47279678,5,129,3,18,18,2.108862567,742.228356657,744.337219224,0.00702954189,2.47409452219,2.48112406408
1.0,TASK3_SERVICE_VARIABILITY_SENSITIVITY_V1,SERVICE_VARIABILITY_SCV100_ICV050,LOCAL_WINDOW_HPP_BASE,49,1,0.5,OP_SERVICE_VARIABILITY_SCV100_ICV050,61be8a09a4ad7a085ccead92803b979a0ec624d68513ef39a295a6c8c5ec19c8,TASK3_OPERATIONAL_POOLED_SERVICE_VARIABILITY_V1,202607290000,202609290491,202609290492,202609290493,202609290494,423,423,0,4.838618251,0.741547246936,1.620430953,4.728516396,74.018290672,101.60590236,162.955078157,49,100.785830867,0.628109947,0.655130441,0,300,390.018773069,51,98,5,10,10,87.477594014,226.19689144,313.674485454,0.291591980047,0.753989638133,1.04558161818
1.0,TASK3_SERVICE_VARIABILITY_SENSITIVITY_V1,SERVICE_VARIABILITY_SCV100_ICV050,LOCAL_WINDOW_HPP_BASE,50,1,0.5,OP_SERVICE_VARIABILITY_SCV100_ICV050,61be8a09a4ad7a085ccead92803b979a0ec624d68513ef39a295a6c8c5ec19c8,TASK3_OPERATIONAL_POOLED_SERVICE_VARIABILITY_V1,202607290000,202609290501,202609290502,202609290503,202609290504,414,414,0,5.558998455,1.11261198624,0,5.558998455,71.552306854,109.820160782,245.861779836,54,78.236769451,0.624750733,0.684389227,0,300,358.804246021,17,142,2,14,14,10.367072966,354.991265927,365.358338893,0.0345569098867,1.18330421976,1.21786112964
1.0,TASK3_SERVICE_VARIABILITY_SENSITIVITY_V1,SERVICE_VARIABILITY_SCV100_ICV100,LOCAL_WINDOW_HPP_BASE,1,1,1,OP_SERVICE_VARIABILITY_SCV100_ICV100,bf628790c4562d0fd696c01ee667edcbb8fd69627a96f7ce2652164835981320,TASK3_OPERATIONAL_POOLED_SERVICE_VARIABILITY_V1,202607290000,202609290011,202609290012,202609290013,202609290014,396,396,0,3.260213828,0.469579777144,0,2.943784736,75.521637999,126.25198434,166.976750581,40,125.798592606,0.548039005,0.553626847,0,300,409.743812667,7,74,4,10,10,13.009625159,172.94396659,185.953591749,0.0433654171967,0.576479888633,0.61984530583
1.0,TASK3_SERVICE_VARIABILITY_SENSITIVITY_V1,SERVICE_VARIABILITY_SCV100_ICV100,LOCAL_WINDOW_HPP_BASE,2,1,1,OP_SERVICE_VARIABILITY_SCV100_ICV100,bf628790c4562d0fd696c01ee667edcbb8fd69627a96f7ce2652164835981320,TASK3_OPERATIONAL_POOLED_SERVICE_VARIABILITY_V1,202607290000,202609290021,202609290022,202609290023,202609290024,442,442,0,6.174327032,1.05993119264,0,6.174327032,74.726704827,105.968541749,164.622381331,50,101.989654974,0.611328419,0.649217832,0,300,376.754000237,21,153,4,12,12,18.92286937,445.433827398,464.356696768,0.0630762312333,1.48477942466,1.54785565589
1.0,TASK3_SERVICE_VARIABILITY_SENSITIVITY_V1,SERVICE_VARIABILITY_SCV100_ICV100,LOCAL_WINDOW_HPP_BASE,3,1,1,OP_SERVICE_VARIABILITY_SCV100_ICV100,bf628790c4562d0fd696c01ee667edcbb8fd69627a96f7ce2652164835981320,TASK3_OPERATIONAL_POOLED_SERVICE_VARIABILITY_V1,202607290000,202609290031,202609290032,202609290033,202609290034,393,393,0,1.844969149,0.280901339211,0,1.733689756,93.539971342,147.17386557,161.879131041,45,117.046564288,0.586339303,0.633722475,0,300,410.285574783,5,71,4,7,7,8.447853281,101.946373029,110.39422631,0.0281595109367,0.33982124343,0.367980754367
1.0,TASK3_SERVICE_VARIABILITY_SENSITIVITY_V1,SERVICE_VARIABILITY_SCV100_ICV100,LOCAL_WINDOW_HPP_BASE,4,1,1,OP_SERVICE_VARIABILITY_SCV100_ICV100,bf628790c4562d0fd696c01ee667edcbb8fd69627a96f7ce2652164835981320,TASK3_OPERATIONAL_POOLED_SERVICE_VARIABILITY_V1,202607290000,202609290041,202609290042,202609290043,202609290044,410,410,0,2.66975644,0.430598736259,2.114889422,1.699700857,83.471053838,126.164921707,182.193516273,61,87.023266308,0.690374278,0.675782547,0,300,363.105960112,58,65,8,7,8,96.384369337,39.905187206,136.289556543,0.321281231123,0.133017290687,0.45429852181
1.0,TASK3_SERVICE_VARIABILITY_SENSITIVITY_V1,SERVICE_VARIABILITY_SCV100_ICV100,LOCAL_WINDOW_HPP_BASE,5,1,1,OP_SERVICE_VARIABILITY_SCV100_ICV100,bf628790c4562d0fd696c01ee667edcbb8fd69627a96f7ce2652164835981320,TASK3_OPERATIONAL_POOLED_SERVICE_VARIABILITY_V1,202607290000,202609290051,202609290052,202609290053,202609290054,388,388,0,3.155268869,0.495867933113,0,3.105485447,81.741287778,134.918059526,190.31476665,28,94.022509672,0.562153858,0.622619807,0,300,378.171989136,11,92,3,10,10,5.199371991,187.197386057,192.396758048,0.01733123997,0.623991286857,0.641322526827
1.0,TASK3_SERVICE_VARIABILITY_SENSITIVITY_V1,SERVICE_VARIABILITY_SCV100_ICV100,LOCAL_WINDOW_HPP_BASE,6,1,1,OP_SERVICE_VARIABILITY_SCV100_ICV100,bf628790c4562d0fd696c01ee667edcbb8fd69627a96f7ce2652164835981320,TASK3_OPERATIONAL_POOLED_SERVICE_VARIABILITY_V1,202607290000,202609290061,202609290062,202609290063,202609290064,419,419,0,2.809314012,0.330677422461,2.395257205,1.031653825,77.952520439,105.720805942,190.159761433,47,98.017680287,0.634600776,0.632223129,0,300,390.312433564,39,37,8,6,8,91.017580906,47.536259105,138.553840011,0.303391936353,0.158454197017,0.46184613337
1.0,TASK3_SERVICE_VARIABILITY_SENSITIVITY_V1,SERVICE_VARIABILITY_SCV100_ICV100,LOCAL_WINDOW_HPP_BASE,7,1,1,OP_SERVICE_VARIABILITY_SCV100_ICV100,bf628790c4562d0fd696c01ee667edcbb8fd69627a96f7ce2652164835981320,TASK3_OPERATIONAL_POOLED_SERVICE_VARIABILITY_V1,202607290000,202609290071,202609290072,202609290073,202609290074,408,408,0,6.879881662,0.8761682119,0,6.879881662,88.694610657,122.408773908,159.184917686,59,109.089824515,0.588843005,0.611622334,0,300,400.192228123,9,93,2,15,15,2.37542209,323.34110705,325.71652914,0.00791807363333,1.07780369017,1.0857217638
1.0,TASK3_SERVICE_VARIABILITY_SENSITIVITY_V1,SERVICE_VARIABILITY_SCV100_ICV100,LOCAL_WINDOW_HPP_BASE,8,1,1,OP_SERVICE_VARIABILITY_SCV100_ICV100,bf628790c4562d0fd696c01ee667edcbb8fd69627a96f7ce2652164835981320,TASK3_OPERATIONAL_POOLED_SERVICE_VARIABILITY_V1,202607290000,202609290081,202609290082,202609290083,202609290084,442,442,0,5.692938996,1.35202164675,4.98809729,2.812724449,80.943286209,131.060538151,417.918815778,40,325.547664352,0.446555688,0.417199637,0,300,624.310267013,115,125,13,8,13,404.217296415,193.376271447,597.593567862,1.34739098805,0.64458757149,1.99197855954
1.0,TASK3_SERVICE_VARIABILITY_SENSITIVITY_V1,SERVICE_VARIABILITY_SCV100_ICV100,LOCAL_WINDOW_HPP_BASE,9,1,1,OP_SERVICE_VARIABILITY_SCV100_ICV100,bf628790c4562d0fd696c01ee667edcbb8fd69627a96f7ce2652164835981320,TASK3_OPERATIONAL_POOLED_SERVICE_VARIABILITY_V1,202607290000,202609290091,202609290092,202609290093,202609290094,395,395,0,4.919934001,0.607783219078,0,4.912946128,80.784102743,126.483378515,162.280394482,50,116.222172903,0.537813316,0.613600757,0,300,353.704916412,9,95,2,13,13,2.589878781,231.768444653,234.358323434,0.00863292927,0.772561482177,0.781194411447
1.0,TASK3_SERVICE_VARIABILITY_SENSITIVITY_V1,SERVICE_VARIABILITY_SCV100_ICV100,LOCAL_WINDOW_HPP_BASE,10,1,1,OP_SERVICE_VARIABILITY_SCV100_ICV100,bf628790c4562d0fd696c01ee667edcbb8fd69627a96f7ce2652164835981320,TASK3_OPERATIONAL_POOLED_SERVICE_VARIABILITY_V1,202607290000,202609290101,202609290102,202609290103,202609290104,394,394,0,3.76528466,0.597397313746,1.88923355,2.394781537,81.549202219,172.185514296,347.827778164,55,281.949892853,0.432529730,0.395890674,0,300,578.914801407,50,89,7,7,7,88.006869908,128.769006015,216.775875923,0.293356233027,0.42923002005,0.722586253077
1.0,TASK3_SERVICE_VARIABILITY_SENSITIVITY_V1,SERVICE_VARIABILITY_SCV100_ICV100,LOCAL_WINDOW_HPP_BASE,11,1,1,OP_SERVICE_VARIABILITY_SCV100_ICV100,bf628790c4562d0fd696c01ee667edcbb8fd69627a96f7ce2652164835981320,TASK3_OPERATIONAL_POOLED_SERVICE_VARIABILITY_V1,202607290000,202609290111,202609290112,202609290113,202609290114,409,409,0,5.714735156,1.09495606165,2.062171009,5.54046404,83.6981552,108.178020489,221.38465402,41,74.796496401,0.655925919,0.684243490,0,300,352.007341319,45,136,9,12,12,102.22695981,345.610069405,447.837029215,0.3407565327,1.15203356468,1.49279009738
1.0,TASK3_SERVICE_VARIABILITY_SENSITIVITY_V1,SERVICE_VARIABILITY_SCV100_ICV100,LOCAL_WINDOW_HPP_BASE,12,1,1,OP_SERVICE_VARIABILITY_SCV100_ICV100,bf628790c4562d0fd696c01ee667edcbb8fd69627a96f7ce2652164835981320,TASK3_OPERATIONAL_POOLED_SERVICE_VARIABILITY_V1,202607290000,202609290121,202609290122,202609290123,202609290124,423,423,0,2.059542246,0.285773046092,0.824440795,1.378173034,83.171788084,125.827640556,176.825392235,51,112.743330376,0.633632367,0.604861890,0,300,386.261781946,41,64,5,7,8,47.232641504,71.010238881,118.242880385,0.157442138347,0.23670079627,0.394142934617
1.0,TASK3_SERVICE_VARIABILITY_SENSITIVITY_V1,SERVICE_VARIABILITY_SCV100_ICV100,LOCAL_WINDOW_HPP_BASE,13,1,1,OP_SERVICE_VARIABILITY_SCV100_ICV100,bf628790c4562d0fd696c01ee667edcbb8fd69627a96f7ce2652164835981320,TASK3_OPERATIONAL_POOLED_SERVICE_VARIABILITY_V1,202607290000,202609290131,202609290132,202609290133,202609290134,455,455,0,18.338345873,5.56546993638,15.200717582,4.920323924,92.715714311,134.497679246,224.389639285,47,96.427447690,0.679789027,0.669957266,0,300,386.171131638,222,179,33,15,33,2097.97547532,431.049306802,2529.02478212,6.99325158441,1.43683102267,8.43008260708
1.0,TASK3_SERVICE_VARIABILITY_SENSITIVITY_V1,SERVICE_VARIABILITY_SCV100_ICV100,LOCAL_WINDOW_HPP_BASE,14,1,1,OP_SERVICE_VARIABILITY_SCV100_ICV100,bf628790c4562d0fd696c01ee667edcbb8fd69627a96f7ce2652164835981320,TASK3_OPERATIONAL_POOLED_SERVICE_VARIABILITY_V1,202607290000,202609290141,202609290142,202609290143,202609290144,374,374,0,7.897477554,1.25131547378,0,7.880442733,76.907429217,129.707373458,184.520135463,31,165.154508941,0.482661925,0.484642324,0,300,410.175420353,11,87,4,16,16,6.431615488,461.560371707,467.991987195,0.0214387182933,1.53853457236,1.55997329065
1.0,TASK3_SERVICE_VARIABILITY_SENSITIVITY_V1,SERVICE_VARIABILITY_SCV100_ICV100,LOCAL_WINDOW_HPP_BASE,15,1,1,OP_SERVICE_VARIABILITY_SCV100_ICV100,bf628790c4562d0fd696c01ee667edcbb8fd69627a96f7ce2652164835981320,TASK3_OPERATIONAL_POOLED_SERVICE_VARIABILITY_V1,202607290000,202609290151,202609290152,202609290153,202609290154,386,386,0,2.584524768,0.410022418487,1.069418529,2.324973953,77.324010586,115.35975819,136.710522166,38,86.357818948,0.594266285,0.572188266,0,300,368.192228195,45,54,5,9,9,43.687045677,114.581607859,158.268653536,0.14562348559,0.381938692863,0.527562178453
1.0,TASK3_SERVICE_VARIABILITY_SENSITIVITY_V1,SERVICE_VARIABILITY_SCV100_ICV100,LOCAL_WINDOW_HPP_BASE,16,1,1,OP_SERVICE_VARIABILITY_SCV100_ICV100,bf628790c4562d0fd696c01ee667edcbb8fd69627a96f7ce2652164835981320,TASK3_OPERATIONAL_POOLED_SERVICE_VARIABILITY_V1,202607290000,202609290161,202609290162,202609290163,202609290164,401,401,0,1.684228378,0.212490599122,0,0.899580213,73.911160039,99.895472332,153.245713814,61,81.215891470,0.584806186,0.595662800,0,300,359.230827925,16,42,5,7,7,20.653379003,8.338093997,28.991473,0.0688445966767,0.0277936466567,0.0966382433333
1.0,TASK3_SERVICE_VARIABILITY_SENSITIVITY_V1,SERVICE_VARIABILITY_SCV100_ICV100,LOCAL_WINDOW_HPP_BASE,17,1,1,OP_SERVICE_VARIABILITY_SCV100_ICV100,bf628790c4562d0fd696c01ee667edcbb8fd69627a96f7ce2652164835981320,TASK3_OPERATIONAL_POOLED_SERVICE_VARIABILITY_V1,202607290000,202609290171,202609290172,202609290173,202609290174,429,429,0,7.558515462,1.44558287232,6.207757989,2.976623561,88.724325133,119.340419524,173.097147546,54,117.443858572,0.638361925,0.612407649,0,300,385.950983891,130,145,12,7,12,351.522736028,241.068293734,592.591029762,1.17174245343,0.803560979113,1.97530343254
1.0,TASK3_SERVICE_VARIABILITY_SENSITIVITY_V1,SERVICE_VARIABILITY_SCV100_ICV100,LOCAL_WINDOW_HPP_BASE,18,1,1,OP_SERVICE_VARIABILITY_SCV100_ICV100,bf628790c4562d0fd696c01ee667edcbb8fd69627a96f7ce2652164835981320,TASK3_OPERATIONAL_POOLED_SERVICE_VARIABILITY_V1,202607290000,202609290181,202609290182,202609290183,202609290184,419,419,0,4.969914395,0.993520082279,4.7397781,1.625174129,85.084597947,107.116546673,180.032915316,53,109.712771149,0.632528071,0.606857462,0,300,403.480159622,107,72,11,5,11,333.241103582,51.377780687,384.618884269,1.11080367861,0.171259268957,1.28206294756
1.0,TASK3_SERVICE_VARIABILITY_SENSITIVITY_V1,SERVICE_VARIABILITY_SCV100_ICV100,LOCAL_WINDOW_HPP_BASE,19,1,1,OP_SERVICE_VARIABILITY_SCV100_ICV100,bf628790c4562d0fd696c01ee667edcbb8fd69627a96f7ce2652164835981320,TASK3_OPERATIONAL_POOLED_SERVICE_VARIABILITY_V1,202607290000,202609290191,202609290192,202609290193,202609290194,445,445,0,5.50396933,0.969534779834,2.18599455,4.671743319,86.16375517,122.423447572,237.561770309,59,152.426262924,0.610982854,0.573312955,0,300,444.580591375,85,97,9,10,10,116.562800792,264.098960108,380.6617609,0.388542669307,0.880329867027,1.26887253633
1.0,TASK3_SERVICE_VARIABILITY_SENSITIVITY_V1,SERVICE_VARIABILITY_SCV100_ICV100,LOCAL_WINDOW_HPP_BASE,20,1,1,OP_SERVICE_VARIABILITY_SCV100_ICV100,bf628790c4562d0fd696c01ee667edcbb8fd69627a96f7ce2652164835981320,TASK3_OPERATIONAL_POOLED_SERVICE_VARIABILITY_V1,202607290000,202609290201,202609290202,202609290203,202609290204,418,418,0,4.973658504,1.15540012352,0.611857281,4.730490572,89.284312642,131.065971833,172.077498771,50,122.596832034,0.610333192,0.648442088,0,300,416.432557804,35,172,4,14,14,29.227595044,446.72600247,475.953597514,0.0974253168133,1.4890866749,1.58651199171
1.0,TASK3_SERVICE_VARIABILITY_SENSITIVITY_V1,SERVICE_VARIABILITY_SCV100_ICV100,LOCAL_WINDOW_HPP_BASE,21,1,1,OP_SERVICE_VARIABILITY_SCV100_ICV100,bf628790c4562d0fd696c01ee667edcbb8fd69627a96f7ce2652164835981320,TASK3_OPERATIONAL_POOLED_SERVICE_VARIABILITY_V1,202607290000,202609290211,202609290212,202609290213,202609290214,417,417,0,11.166985058,3.5099130637,4.269035005,8.374518847,96.441279739,164.919870843,324.561750211,60,177.327300265,0.573136945,0.547487327,0,300,456.120853788,162,202,13,16,23,410.808613625,1050.20135642,1461.00997005,1.36936204542,3.50067118808,4.8700332335
1.0,TASK3_SERVICE_VARIABILITY_SENSITIVITY_V1,SERVICE_VARIABILITY_SCV100_ICV100,LOCAL_WINDOW_HPP_BASE,22,1,1,OP_SERVICE_VARIABILITY_SCV100_ICV100,bf628790c4562d0fd696c01ee667edcbb8fd69627a96f7ce2652164835981320,TASK3_OPERATIONAL_POOLED_SERVICE_VARIABILITY_V1,202607290000,202609290221,202609290222,202609290223,202609290224,410,410,0,2.004941259,0.277943575193,0,1.971261176,81.472094336,99.051478239,193.769828904,49,125.094571208,0.555583821,0.638085216,0,300,367.678794488,10,83,2,7,7,6.609225048,100.265164009,106.874389057,0.02203075016,0.334217213363,0.356247963523
1.0,TASK3_SERVICE_VARIABILITY_SENSITIVITY_V1,SERVICE_VARIABILITY_SCV100_ICV100,LOCAL_WINDOW_HPP_BASE,23,1,1,OP_SERVICE_VARIABILITY_SCV100_ICV100,bf628790c4562d0fd696c01ee667edcbb8fd69627a96f7ce2652164835981320,TASK3_OPERATIONAL_POOLED_SERVICE_VARIABILITY_V1,202607290000,202609290231,202609290232,202609290233,202609290234,439,439,0,5.83380308,1.54302405866,3.309148822,4.899255649,76.679103777,134.310500413,166.894580416,54,83.551671024,0.706096074,0.703558492,0,300,364.695563939,141,176,8,10,10,251.79988107,349.174394385,600.974275455,0.8393329369,1.16391464795,2.00324758485
1.0,TASK3_SERVICE_VARIABILITY_SENSITIVITY_V1,SERVICE_VARIABILITY_SCV100_ICV100,LOCAL_WINDOW_HPP_BASE,24,1,1,OP_SERVICE_VARIABILITY_SCV100_ICV100,bf628790c4562d0fd696c01ee667edcbb8fd69627a96f7ce2652164835981320,TASK3_OPERATIONAL_POOLED_SERVICE_VARIABILITY_V1,202607290000,202609290241,202609290242,202609290243,202609290244,412,412,0,1.530535676,0.187257014233,0,1.530535676,76.747526232,100.231098343,236.874956399,58,236.279559441,0.413486644,0.493052672,0,300,531.682044594,0,82,0,5,5,0,65.983717247,65.983717247,0,0.219945724157,0.219945724157
1.0,TASK3_SERVICE_VARIABILITY_SENSITIVITY_V1,SERVICE_VARIABILITY_SCV100_ICV100,LOCAL_WINDOW_HPP_BASE,25,1,1,OP_SERVICE_VARIABILITY_SCV100_ICV100,bf628790c4562d0fd696c01ee667edcbb8fd69627a96f7ce2652164835981320,TASK3_OPERATIONAL_POOLED_SERVICE_VARIABILITY_V1,202607290000,202609290251,202609290252,202609290253,202609290254,424,424,0,7.56693046,1.41853825425,1.812374255,6.595232535,88.416355397,115.203761042,271.003890318,58,117.826946004,0.629914919,0.614396875,0,300,412.309897726,57,146,12,14,14,83.335117919,464.71156594,548.046683859,0.277783726397,1.54903855313,1.82682227953
1.0,TASK3_SERVICE_VARIABILITY_SENSITIVITY_V1,SERVICE_VARIABILITY_SCV100_ICV100,LOCAL_WINDOW_HPP_BASE,26,1,1,OP_SERVICE_VARIABILITY_SCV100_ICV100,bf628790c4562d0fd696c01ee667edcbb8fd69627a96f7ce2652164835981320,TASK3_OPERATIONAL_POOLED_SERVICE_VARIABILITY_V1,202607290000,202609290261,202609290262,202609290263,202609290264,419,419,0,9.112100912,2.43638035231,3.654753756,7.182249611,89.108319417,133.097248591,183.446981168,52,137.708708326,0.602469177,0.622404483,0,300,430.023156636,94,187,8,14,14,262.978635988,751.190524061,1014.16916005,0.876595453293,2.50396841354,3.38056386683
1.0,TASK3_SERVICE_VARIABILITY_SENSITIVITY_V1,SERVICE_VARIABILITY_SCV100_ICV100,LOCAL_WINDOW_HPP_BASE,27,1,1,OP_SERVICE_VARIABILITY_SCV100_ICV100,bf628790c4562d0fd696c01ee667edcbb8fd69627a96f7ce2652164835981320,TASK3_OPERATIONAL_POOLED_SERVICE_VARIABILITY_V1,202607290000,202609290271,202609290272,202609290273,202609290274,410,410,0,3.775392024,0.528736750683,0,3.775392024,75.307584752,98.551571857,200.210604666,55,169.768013083,0.465728256,0.534704260,0,300,445.482931898,0,79,0,8,8,0,159.761298655,159.761298655,0,0.532537662183,0.532537662183
1.0,TASK3_SERVICE_VARIABILITY_SENSITIVITY_V1,SERVICE_VARIABILITY_SCV100_ICV100,LOCAL_WINDOW_HPP_BASE,28,1,1,OP_SERVICE_VARIABILITY_SCV100_ICV100,bf628790c4562d0fd696c01ee667edcbb8fd69627a96f7ce2652164835981320,TASK3_OPERATIONAL_POOLED_SERVICE_VARIABILITY_V1,202607290000,202609290281,202609290282,202609290283,202609290284,392,392,0,4.136547646,0.756281326281,1.539411358,3.767670364,79.412015421,148.661958053,249.769890338,61,93.934820274,0.576404206,0.663317776,0,300,347.565004671,36,97,6,11,11,56.505989691,185.254614471,241.760604162,0.18835329897,0.61751538157,0.80586868054
1.0,TASK3_SERVICE_VARIABILITY_SENSITIVITY_V1,SERVICE_VARIABILITY_SCV100_ICV100,LOCAL_WINDOW_HPP_BASE,29,1,1,OP_SERVICE_VARIABILITY_SCV100_ICV100,bf628790c4562d0fd696c01ee667edcbb8fd69627a96f7ce2652164835981320,TASK3_OPERATIONAL_POOLED_SERVICE_VARIABILITY_V1,202607290000,202609290291,202609290292,202609290293,202609290294,424,424,0,4.160349616,0.663205889259,3.197715431,2.600345686,76.838671257,131.419600759,165.515790833,53,108.465833375,0.604214257,0.627208878,0,300,406.28690691,44,82,12,9,12,146.197152835,122.776844421,268.973997256,0.487323842783,0.40925614807,0.896579990853
1.0,TASK3_SERVICE_VARIABILITY_SENSITIVITY_V1,SERVICE_VARIABILITY_SCV100_ICV100,LOCAL_WINDOW_HPP_BASE,30,1,1,OP_SERVICE_VARIABILITY_SCV100_ICV100,bf628790c4562d0fd696c01ee667edcbb8fd69627a96f7ce2652164835981320,TASK3_OPERATIONAL_POOLED_SERVICE_VARIABILITY_V1,202607290000,202609290301,202609290302,202609290303,202609290304,408,408,0,3.564995378,0.573154788635,2.888437935,2.253323765,88.815639742,148.99583665,229.53315473,55,212.284800137,0.515473386,0.472927038,0,300,492.471897045,60,45,7,8,8,127.173245872,95.375947588,222.54919346,0.423910819573,0.317919825293,0.741830644867
1.0,TASK3_SERVICE_VARIABILITY_SENSITIVITY_V1,SERVICE_VARIABILITY_SCV100_ICV100,LOCAL_WINDOW_HPP_BASE,31,1,1,OP_SERVICE_VARIABILITY_SCV100_ICV100,bf628790c4562d0fd696c01ee667edcbb8fd69627a96f7ce2652164835981320,TASK3_OPERATIONAL_POOLED_SERVICE_VARIABILITY_V1,202607290000,202609290311,202609290312,202609290313,202609290314,425,425,0,5.056813488,0.756714147904,0.731187227,5.023564354,76.071926609,122.031311021,252.813384291,53,159.417609047,0.521663533,0.542655549,0,300,407.42631881,49,107,5,12,12,39.680658428,218.273027622,257.95368605,0.132268861427,0.72757675874,0.859845620167
1.0,TASK3_SERVICE_VARIABILITY_SENSITIVITY_V1,SERVICE_VARIABILITY_SCV100_ICV100,LOCAL_WINDOW_HPP_BASE,32,1,1,OP_SERVICE_VARIABILITY_SCV100_ICV100,bf628790c4562d0fd696c01ee667edcbb8fd69627a96f7ce2652164835981320,TASK3_OPERATIONAL_POOLED_SERVICE_VARIABILITY_V1,202607290000,202609290321,202609290322,202609290323,202609290324,395,395,0,3.709230843,0.476888773081,0.616967783,3.278469446,84.801625119,131.809103348,222.58720379,51,113.680849100,0.616325691,0.541751896,0,300,406.502559241,27,55,5,10,10,30.435499084,151.83422952,182.269728604,0.101451663613,0.5061140984,0.607565762013
1.0,TASK3_SERVICE_VARIABILITY_SENSITIVITY_V1,SERVICE_VARIABILITY_SCV100_ICV100,LOCAL_WINDOW_HPP_BASE,33,1,1,OP_SERVICE_VARIABILITY_SCV100_ICV100,bf628790c4562d0fd696c01ee667edcbb8fd69627a96f7ce2652164835981320,TASK3_OPERATIONAL_POOLED_SERVICE_VARIABILITY_V1,202607290000,202609290331,202609290332,202609290333,202609290334,428,428,0,2.593357889,0.427685587984,1.790763197,1.96870743,79.040439411,130.46398826,253.63958131,45,178.951179082,0.538499229,0.500822746,0,300,459.860836368,75,45,6,6,6,101.374209209,81.675222448,183.049431657,0.337914030697,0.272250741493,0.61016477219
1.0,TASK3_SERVICE_VARIABILITY_SENSITIVITY_V1,SERVICE_VARIABILITY_SCV100_ICV100,LOCAL_WINDOW_HPP_BASE,34,1,1,OP_SERVICE_VARIABILITY_SCV100_ICV100,bf628790c4562d0fd696c01ee667edcbb8fd69627a96f7ce2652164835981320,TASK3_OPERATIONAL_POOLED_SERVICE_VARIABILITY_V1,202607290000,202609290341,202609290342,202609290343,202609290344,426,426,0,4.04498594,0.59351176589,2.336254026,2.551837519,81.964407542,115.034358786,156.489419149,65,103.690375114,0.599816676,0.671476538,0,300,379.019899383,47,88,7,7,10,86.290151636,115.104962011,201.395113647,0.287633838787,0.383683206703,0.67131704549
1.0,TASK3_SERVICE_VARIABILITY_SENSITIVITY_V1,SERVICE_VARIABILITY_SCV100_ICV100,LOCAL_WINDOW_HPP_BASE,35,1,1,OP_SERVICE_VARIABILITY_SCV100_ICV100,bf628790c4562d0fd696c01ee667edcbb8fd69627a96f7ce2652164835981320,TASK3_OPERATIONAL_POOLED_SERVICE_VARIABILITY_V1,202607290000,202609290351,202609290352,202609290353,202609290354,451,451,0,10.186728783,1.964394235,4.822149487,6.57073614,77.99527789,141.794247741,232.676121453,79,217.164400935,0.501652098,0.537345644,0,300,511.786527999,89,160,15,17,22,293.345055633,290.76401652,584.109072153,0.97781685211,0.9692133884,1.94703024051
1.0,TASK3_SERVICE_VARIABILITY_SENSITIVITY_V1,SERVICE_VARIABILITY_SCV100_ICV100,LOCAL_WINDOW_HPP_BASE,36,1,1,OP_SERVICE_VARIABILITY_SCV100_ICV100,bf628790c4562d0fd696c01ee667edcbb8fd69627a96f7ce2652164835981320,TASK3_OPERATIONAL_POOLED_SERVICE_VARIABILITY_V1,202607290000,202609290361,202609290362,202609290363,202609290364,414,414,0,6.863520636,1.18083376812,0,6.230913661,77.801518826,106.599010737,202.16721857,42,85.393916216,0.636627535,0.682319560,0,300,344.736852655,17,140,5,13,13,18.150079645,470.715100356,488.865180001,0.0605002654833,1.56905033452,1.6295506
1.0,TASK3_SERVICE_VARIABILITY_SENSITIVITY_V1,SERVICE_VARIABILITY_SCV100_ICV100,LOCAL_WINDOW_HPP_BASE,37,1,1,OP_SERVICE_VARIABILITY_SCV100_ICV100,bf628790c4562d0fd696c01ee667edcbb8fd69627a96f7ce2652164835981320,TASK3_OPERATIONAL_POOLED_SERVICE_VARIABILITY_V1,202607290000,202609290371,202609290372,202609290373,202609290374,408,408,0,3.139230119,0.496806092975,2.636567188,1.680908457,76.182017361,131.525234562,174.467570186,53,138.313957564,0.551552865,0.563679343,0,300,418.524577015,41,86,8,6,8,104.663033965,98.033851969,202.696885934,0.348876779883,0.326779506563,0.675656286447
1.0,TASK3_SERVICE_VARIABILITY_SENSITIVITY_V1,SERVICE_VARIABILITY_SCV100_ICV100,LOCAL_WINDOW_HPP_BASE,38,1,1,OP_SERVICE_VARIABILITY_SCV100_ICV100,bf628790c4562d0fd696c01ee667edcbb8fd69627a96f7ce2652164835981320,TASK3_OPERATIONAL_POOLED_SERVICE_VARIABILITY_V1,202607290000,202609290381,202609290382,202609290383,202609290384,406,406,0,18.75965734,5.24011173888,1.381643093,18.007925808,82.945950371,159.185437995,315.195021158,68,188.662250839,0.505850445,0.589783039,0,300,363.507078367,44,199,7,28,28,60.892918177,1774.55912135,1835.45203953,0.202976393923,5.91519707118,6.1181734651
1.0,TASK3_SERVICE_VARIABILITY_SENSITIVITY_V1,SERVICE_VARIABILITY_SCV100_ICV100,LOCAL_WINDOW_HPP_BASE,39,1,1,OP_SERVICE_VARIABILITY_SCV100_ICV100,bf628790c4562d0fd696c01ee667edcbb8fd69627a96f7ce2652164835981320,TASK3_OPERATIONAL_POOLED_SERVICE_VARIABILITY_V1,202607290000,202609290391,202609290392,202609290393,202609290394,388,388,0,3.600071794,0.409679257686,0,3.600071794,71.905718794,117.371267205,145.768838158,54,145.362231584,0.479304508,0.535562399,0,300,427.713232541,0,71,0,9,9,0,150.894019393,150.894019393,0,0.502980064643,0.502980064643
1.0,TASK3_SERVICE_VARIABILITY_SENSITIVITY_V1,SERVICE_VARIABILITY_SCV100_ICV100,LOCAL_WINDOW_HPP_BASE,40,1,1,OP_SERVICE_VARIABILITY_SCV100_ICV100,bf628790c4562d0fd696c01ee667edcbb8fd69627a96f7ce2652164835981320,TASK3_OPERATIONAL_POOLED_SERVICE_VARIABILITY_V1,202607290000,202609290401,202609290402,202609290403,202609290404,399,399,0,8.548473945,1.570882453,1.216219684,8.275057295,84.784644026,128.625341862,190.409552666,65,164.269926977,0.548701819,0.543557106,0,300,462.216885814,33,106,6,19,19,47.756154875,394.209545952,441.965700827,0.159187182917,1.31403181984,1.47321900276
1.0,TASK3_SERVICE_VARIABILITY_SENSITIVITY_V1,SERVICE_VARIABILITY_SCV100_ICV100,LOCAL_WINDOW_HPP_BASE,41,1,1,OP_SERVICE_VARIABILITY_SCV100_ICV100,bf628790c4562d0fd696c01ee667edcbb8fd69627a96f7ce2652164835981320,TASK3_OPERATIONAL_POOLED_SERVICE_VARIABILITY_V1,202607290000,202609290411,202609290412,202609290413,202609290414,416,416,0,0.249327155,0.0377330564351,0,0.204583403,72.601028903,97.827575787,147.933947747,38,130.867774811,0.536744442,0.535029640,0,300,350.447528811,1,24,1,2,2,0.566022071,15.130929406,15.696951477,0.00188674023667,0.0504364313533,0.05232317159
1.0,TASK3_SERVICE_VARIABILITY_SENSITIVITY_V1,SERVICE_VARIABILITY_SCV100_ICV100,LOCAL_WINDOW_HPP_BASE,42,1,1,OP_SERVICE_VARIABILITY_SCV100_ICV100,bf628790c4562d0fd696c01ee667edcbb8fd69627a96f7ce2652164835981320,TASK3_OPERATIONAL_POOLED_SERVICE_VARIABILITY_V1,202607290000,202609290421,202609290422,202609290423,202609290424,403,403,0,7.332657113,1.6460199501,7.332657113,3.987799416,84.527271177,129.382865653,227.681871091,55,147.504185297,0.559582104,0.580295616,0,300,423.542125615,75,97,13,9,13,402.346946761,238.829001054,641.175947815,1.3411564892,0.79609667018,2.13725315938
1.0,TASK3_SERVICE_VARIABILITY_SENSITIVITY_V1,SERVICE_VARIABILITY_SCV100_ICV100,LOCAL_WINDOW_HPP_BASE,43,1,1,OP_SERVICE_VARIABILITY_SCV100_ICV100,bf628790c4562d0fd696c01ee667edcbb8fd69627a96f7ce2652164835981320,TASK3_OPERATIONAL_POOLED_SERVICE_VARIABILITY_V1,202607290000,202609290431,202609290432,202609290433,202609290434,407,407,0,3.789819815,0.707886757251,3.321363901,1.577025978,87.850075761,127.415604352,162.599019568,47,97.845651456,0.639306971,0.601226187,0,300,394.091185756,95,78,9,6,9,202.045207338,78.045071837,280.090279175,0.67348402446,0.260150239457,0.933634263917
1.0,TASK3_SERVICE_VARIABILITY_SENSITIVITY_V1,SERVICE_VARIABILITY_SCV100_ICV100,LOCAL_WINDOW_HPP_BASE,44,1,1,OP_SERVICE_VARIABILITY_SCV100_ICV100,bf628790c4562d0fd696c01ee667edcbb8fd69627a96f7ce2652164835981320,TASK3_OPERATIONAL_POOLED_SERVICE_VARIABILITY_V1,202607290000,202609290441,202609290442,202609290443,202609290444,366,366,0,0.561835607,0.130181440434,0,0.539183475,92.648853271,135.256093855,167.052901517,38,91.591015004,0.586728217,0.594868732,0,300,382.466653546,5,28,3,6,6,3.25821942,44.388187779,47.646407199,0.0108607314,0.14796062593,0.15882135733
1.0,TASK3_SERVICE_VARIABILITY_SENSITIVITY_V1,SERVICE_VARIABILITY_SCV100_ICV100,LOCAL_WINDOW_HPP_BASE,45,1,1,OP_SERVICE_VARIABILITY_SCV100_ICV100,bf628790c4562d0fd696c01ee667edcbb8fd69627a96f7ce2652164835981320,TASK3_OPERATIONAL_POOLED_SERVICE_VARIABILITY_V1,202607290000,202609290451,202609290452,202609290453,202609290454,399,399,0,1.754561273,0.233897509554,0.925851865,1.566312049,85.567312975,150.702803335,217.598949892,50,132.549771225,0.594516664,0.564375137,0,300,382.67621908,41,39,5,7,7,40.340645708,44.411415029,84.752060737,0.134468819027,0.148038050097,0.282506869123
1.0,TASK3_SERVICE_VARIABILITY_SENSITIVITY_V1,SERVICE_VARIABILITY_SCV100_ICV100,LOCAL_WINDOW_HPP_BASE,46,1,1,OP_SERVICE_VARIABILITY_SCV100_ICV100,bf628790c4562d0fd696c01ee667edcbb8fd69627a96f7ce2652164835981320,TASK3_OPERATIONAL_POOLED_SERVICE_VARIABILITY_V1,202607290000,202609290461,202609290462,202609290463,202609290464,452,452,0,8.9118994,2.04634082151,4.333130704,7.605764373,73.002984937,116.663789833,148.849435463,54,67.177899845,0.711688392,0.733645748,0,300,339.668766653,156,137,13,16,16,361.508200845,442.450493558,803.958694403,1.20502733615,1.47483497853,2.67986231468
1.0,TASK3_SERVICE_VARIABILITY_SENSITIVITY_V1,SERVICE_VARIABILITY_SCV100_ICV100,LOCAL_WINDOW_HPP_BASE,47,1,1,OP_SERVICE_VARIABILITY_SCV100_ICV100,bf628790c4562d0fd696c01ee667edcbb8fd69627a96f7ce2652164835981320,TASK3_OPERATIONAL_POOLED_SERVICE_VARIABILITY_V1,202607290000,202609290471,202609290472,202609290473,202609290474,385,385,0,1.634707225,0.218280506558,0.352129044,1.527423971,81.179207565,131.194976726,208.914413281,45,78.887664806,0.642286814,0.636744530,0,300,360.249593018,33,54,4,6,6,18.955407575,61.881880005,80.83728758,0.0631846919167,0.20627293335,0.269457625267
1.0,TASK3_SERVICE_VARIABILITY_SENSITIVITY_V1,SERVICE_VARIABILITY_SCV100_ICV100,LOCAL_WINDOW_HPP_BASE,48,1,1,OP_SERVICE_VARIABILITY_SCV100_ICV100,bf628790c4562d0fd696c01ee667edcbb8fd69627a96f7ce2652164835981320,TASK3_OPERATIONAL_POOLED_SERVICE_VARIABILITY_V1,202607290000,202609290481,202609290482,202609290483,202609290484,416,416,0,13.836181713,3.11775568095,0,13.836181713,75.274340261,115.671407417,182.009103597,46,98.662022124,0.560179232,0.688730942,0,300,379.47279678,5,145,3,24,24,2.108862567,1294.87750071,1296.98636327,0.00702954189,4.31625833569,4.32328787758
1.0,TASK3_SERVICE_VARIABILITY_SENSITIVITY_V1,SERVICE_VARIABILITY_SCV100_ICV100,LOCAL_WINDOW_HPP_BASE,49,1,1,OP_SERVICE_VARIABILITY_SCV100_ICV100,bf628790c4562d0fd696c01ee667edcbb8fd69627a96f7ce2652164835981320,TASK3_OPERATIONAL_POOLED_SERVICE_VARIABILITY_V1,202607290000,202609290491,202609290492,202609290493,202609290494,423,423,0,4.304167425,0.71113496252,1.620430953,4.247023469,80.176308944,110.438990604,160.189092068,48,98.046218212,0.632433008,0.653697363,0,300,390.018773069,51,85,5,11,11,87.477594014,213.332495132,300.810089146,0.291591980047,0.711108317107,1.00270029715
1.0,TASK3_SERVICE_VARIABILITY_SENSITIVITY_V1,SERVICE_VARIABILITY_SCV100_ICV100,LOCAL_WINDOW_HPP_BASE,50,1,1,OP_SERVICE_VARIABILITY_SCV100_ICV100,bf628790c4562d0fd696c01ee667edcbb8fd69627a96f7ce2652164835981320,TASK3_OPERATIONAL_POOLED_SERVICE_VARIABILITY_V1,202607290000,202609290501,202609290502,202609290503,202609290504,414,414,0,15.672205178,3.42395002858,0,15.672205178,99.407680656,146.178052126,259.521770408,67,91.999877742,0.602815747,0.692881009,0,300,358.804246021,17,141,2,26,26,10.367072966,861.63735745,872.004430416,0.0345569098867,2.87212452483,2.90668143472
