schema_version,config_id,config_sha256,model_version,scenario_id,input_sample_id,replication_id,arrival_cutoff_seconds,drain_end_seconds,arrivals,completed_at_cutoff,security_queue_at_cutoff,security_in_service_at_cutoff,immigration_queue_at_cutoff,immigration_in_service_at_cutoff,wip_at_cutoff,completed_after_drain,rejected_or_dropped_count,technology_count,additional_check_count,security_wait_mean_seconds,security_wait_p95_seconds,immigration_wait_mean_seconds,immigration_wait_p95_seconds,total_queue_wait_mean_seconds,total_queue_wait_p95_seconds,total_queue_wait_exceed_600_rate,total_queue_wait_exceed_900_rate,total_queue_wait_exceed_1200_rate,system_time_mean_seconds,system_time_p95_seconds,security_utilization,immigration_utilization,cutoff_backlog,cutoff_backlog_fraction,cohort_clear_time_after_cutoff_seconds,conservation_pass,run_status,analysis_window_start_seconds,analysis_window_end_seconds,peak_window_end_seconds,security_positive_wait_count,immigration_positive_wait_count,peak_security_waiting_queue,peak_immigration_waiting_queue,peak_total_waiting_queue,security_queue_person_seconds,immigration_queue_person_seconds,total_queue_person_seconds,time_weighted_mean_security_waiting_queue,time_weighted_mean_immigration_waiting_queue,time_weighted_mean_total_waiting_queue
1.0,OP_CONFIRM_EXACT95_LOW_REFERENCE_ASSUMPTION_SANDBOX_V1,32b9044b5bbd75968a07e8c7fc390d8c3419cadcce37bf0965896dd768445e2b,TASK3_OPERATIONAL_POOLED_V1,REFERENCE_ASSUMPTION_SANDBOX_V1,LOCAL_WINDOW_HPP_EXACT95_LOW,1,300.000000000,333.378284734,313,277,0,22,0,14,36,313,0,0,0,0.000000000,0.000000000,0.034405505,0.000000000,0.034405505,0.000000000,0.000000000,0.000000000,0.000000000,34.852587323,34.818181818,0.569014175,0.581207336,36,0.115015974,33.378284734,true,COMPLETE,0,300,320.378284734,0,7,0,4,4,0,10.768922907,10.768922907,0,0.03589640969,0.03589640969
1.0,OP_CONFIRM_EXACT95_LOW_REFERENCE_ASSUMPTION_SANDBOX_V1,32b9044b5bbd75968a07e8c7fc390d8c3419cadcce37bf0965896dd768445e2b,TASK3_OPERATIONAL_POOLED_V1,REFERENCE_ASSUMPTION_SANDBOX_V1,LOCAL_WINDOW_HPP_EXACT95_LOW,2,300.000000000,332.283944051,299,263,0,20,0,16,36,299,0,0,0,0.000000000,0.000000000,0.000900810,0.000000000,0.000900810,0.000000000,0.000000000,0.000000000,0.000000000,34.819082628,34.818181818,0.545353227,0.557039368,36,0.120401338,32.283944051,true,COMPLETE,0,300,319.283944051,0,1,0,1,1,0,0.269342283,0.269342283,0,0.00089780761,0.00089780761
1.0,OP_CONFIRM_EXACT95_LOW_REFERENCE_ASSUMPTION_SANDBOX_V1,32b9044b5bbd75968a07e8c7fc390d8c3419cadcce37bf0965896dd768445e2b,TASK3_OPERATIONAL_POOLED_V1,REFERENCE_ASSUMPTION_SANDBOX_V1,LOCAL_WINDOW_HPP_EXACT95_LOW,3,300.000000000,334.763588245,285,251,0,27,0,7,34,285,0,0,0,0.016208119,0.000000000,0.094619435,0.680083802,0.110827555,0.894984763,0.000000000,0.000000000,0.000000000,34.929009373,35.713166581,0.515967921,0.527024377,34,0.119298246,34.763588245,true,COMPLETE,0,300,321.763588245,4,19,2,6,6,4.619314034,26.825766117,31.445080151,0.0153977134467,0.08941922039,0.104816933837
1.0,OP_CONFIRM_EXACT95_LOW_REFERENCE_ASSUMPTION_SANDBOX_V1,32b9044b5bbd75968a07e8c7fc390d8c3419cadcce37bf0965896dd768445e2b,TASK3_OPERATIONAL_POOLED_V1,REFERENCE_ASSUMPTION_SANDBOX_V1,LOCAL_WINDOW_HPP_EXACT95_LOW,4,300.000000000,334.214032222,293,254,0,27,0,12,39,293,0,0,0,0.000000000,0.000000000,0.000000000,0.000000000,0.000000000,0.000000000,0.000000000,0.000000000,0.000000000,34.818181818,34.818181818,0.531323465,0.542708968,39,0.133105802,34.214032222,true,COMPLETE,0,300,321.214032222,0,0,0,0,0,0,0,0,0,0,0
1.0,OP_CONFIRM_EXACT95_LOW_REFERENCE_ASSUMPTION_SANDBOX_V1,32b9044b5bbd75968a07e8c7fc390d8c3419cadcce37bf0965896dd768445e2b,TASK3_OPERATIONAL_POOLED_V1,REFERENCE_ASSUMPTION_SANDBOX_V1,LOCAL_WINDOW_HPP_EXACT95_LOW,5,300.000000000,333.398993631,289,254,0,23,0,12,35,289,0,0,0,0.000000000,0.000000000,0.003926900,0.000000000,0.003926900,0.000000000,0.000000000,0.000000000,0.000000000,34.822108718,34.818181818,0.525351061,0.536608584,35,0.121107266,33.398993631,true,COMPLETE,0,300,320.398993631,0,3,0,1,1,0,1.134874169,1.134874169,0,0.00378291389667,0.00378291389667
1.0,OP_CONFIRM_EXACT95_LOW_REFERENCE_ASSUMPTION_SANDBOX_V1,32b9044b5bbd75968a07e8c7fc390d8c3419cadcce37bf0965896dd768445e2b,TASK3_OPERATIONAL_POOLED_V1,REFERENCE_ASSUMPTION_SANDBOX_V1,LOCAL_WINDOW_HPP_EXACT95_LOW,6,300.000000000,334.503790859,310,286,0,15,0,9,24,310,0,0,0,0.000000000,0.000000000,0.001133148,0.000000000,0.001133148,0.000000000,0.000000000,0.000000000,0.000000000,34.819314966,34.818181818,0.561664152,0.573699812,24,0.077419355,34.503790859,true,COMPLETE,0,300,321.503790859,0,1,0,1,1,0,0.351275772,0.351275772,0,0.00117091924,0.00117091924
1.0,OP_CONFIRM_EXACT95_LOW_REFERENCE_ASSUMPTION_SANDBOX_V1,32b9044b5bbd75968a07e8c7fc390d8c3419cadcce37bf0965896dd768445e2b,TASK3_OPERATIONAL_POOLED_V1,REFERENCE_ASSUMPTION_SANDBOX_V1,LOCAL_WINDOW_HPP_EXACT95_LOW,7,300.000000000,334.009467665,254,220,0,19,0,15,34,254,0,0,0,0.000000000,0.000000000,0.000000000,0.000000000,0.000000000,0.000000000,0.000000000,0.000000000,0.000000000,34.818181818,34.818181818,0.460883325,0.470759396,34,0.133858268,34.009467665,true,COMPLETE,0,300,321.009467665,0,0,0,0,0,0,0,0,0,0,0
1.0,OP_CONFIRM_EXACT95_LOW_REFERENCE_ASSUMPTION_SANDBOX_V1,32b9044b5bbd75968a07e8c7fc390d8c3419cadcce37bf0965896dd768445e2b,TASK3_OPERATIONAL_POOLED_V1,REFERENCE_ASSUMPTION_SANDBOX_V1,LOCAL_WINDOW_HPP_EXACT95_LOW,8,300.000000000,334.204293046,279,242,0,26,0,11,37,279,0,0,0,0.000000000,0.000000000,0.000000000,0.000000000,0.000000000,0.000000000,0.000000000,0.000000000,0.000000000,34.818181818,34.818181818,0.505950739,0.516792541,37,0.132616487,34.204293046,true,COMPLETE,0,300,321.204293046,0,0,0,0,0,0,0,0,0,0,0
1.0,OP_CONFIRM_EXACT95_LOW_REFERENCE_ASSUMPTION_SANDBOX_V1,32b9044b5bbd75968a07e8c7fc390d8c3419cadcce37bf0965896dd768445e2b,TASK3_OPERATIONAL_POOLED_V1,REFERENCE_ASSUMPTION_SANDBOX_V1,LOCAL_WINDOW_HPP_EXACT95_LOW,9,300.000000000,334.651209542,271,235,0,22,0,14,36,271,0,0,0,0.000000000,0.000000000,0.007156757,0.000000000,0.007156757,0.000000000,0.000000000,0.000000000,0.000000000,34.825338575,34.818181818,0.490786884,0.501303745,36,0.132841328,34.651209542,true,COMPLETE,0,300,321.651209542,0,5,0,2,2,0,1.939481021,1.939481021,0,0.00646493673667,0.00646493673667
1.0,OP_CONFIRM_EXACT95_LOW_REFERENCE_ASSUMPTION_SANDBOX_V1,32b9044b5bbd75968a07e8c7fc390d8c3419cadcce37bf0965896dd768445e2b,TASK3_OPERATIONAL_POOLED_V1,REFERENCE_ASSUMPTION_SANDBOX_V1,LOCAL_WINDOW_HPP_EXACT95_LOW,10,300.000000000,333.986965101,321,285,0,22,0,14,36,321,0,0,0,0.000000000,0.000000000,0.017432566,0.000000000,0.017432566,0.000000000,0.000000000,0.000000000,0.000000000,34.835614384,34.818181818,0.582494154,0.594976171,36,0.112149533,33.986965101,true,COMPLETE,0,300,320.986965101,0,12,0,2,2,0,5.595853635,5.595853635,0,0.01865284545,0.01865284545
1.0,OP_CONFIRM_EXACT95_LOW_REFERENCE_ASSUMPTION_SANDBOX_V1,32b9044b5bbd75968a07e8c7fc390d8c3419cadcce37bf0965896dd768445e2b,TASK3_OPERATIONAL_POOLED_V1,REFERENCE_ASSUMPTION_SANDBOX_V1,LOCAL_WINDOW_HPP_EXACT95_LOW,11,300.000000000,334.383425690,276,248,0,19,0,9,28,276,0,0,0,0.000000000,0.000000000,0.000000000,0.000000000,0.000000000,0.000000000,0.000000000,0.000000000,0.000000000,34.818181818,34.818181818,0.500242280,0.510961757,28,0.101449275,34.383425690,true,COMPLETE,0,300,321.38342569,0,0,0,0,0,0,0,0,0,0,0
1.0,OP_CONFIRM_EXACT95_LOW_REFERENCE_ASSUMPTION_SANDBOX_V1,32b9044b5bbd75968a07e8c7fc390d8c3419cadcce37bf0965896dd768445e2b,TASK3_OPERATIONAL_POOLED_V1,REFERENCE_ASSUMPTION_SANDBOX_V1,LOCAL_WINDOW_HPP_EXACT95_LOW,12,300.000000000,334.365001603,299,251,0,33,0,15,48,299,0,0,0,0.000000000,0.000000000,0.053231757,0.189676011,0.053231757,0.189676011,0.000000000,0.000000000,0.000000000,34.871413575,35.007857829,0.541958998,0.553572405,48,0.160535117,34.365001603,true,COMPLETE,0,300,321.365001603,0,15,0,4,4,0,1.234422015,1.234422015,0,0.00411474005,0.00411474005
1.0,OP_CONFIRM_EXACT95_LOW_REFERENCE_ASSUMPTION_SANDBOX_V1,32b9044b5bbd75968a07e8c7fc390d8c3419cadcce37bf0965896dd768445e2b,TASK3_OPERATIONAL_POOLED_V1,REFERENCE_ASSUMPTION_SANDBOX_V1,LOCAL_WINDOW_HPP_EXACT95_LOW,13,300.000000000,334.664495631,286,256,0,19,0,11,30,286,0,0,0,0.000000000,0.000000000,0.000000000,0.000000000,0.000000000,0.000000000,0.000000000,0.000000000,0.000000000,34.818181818,34.818181818,0.517931647,0.529030182,30,0.104895105,34.664495631,true,COMPLETE,0,300,321.664495631,0,0,0,0,0,0,0,0,0,0,0
1.0,OP_CONFIRM_EXACT95_LOW_REFERENCE_ASSUMPTION_SANDBOX_V1,32b9044b5bbd75968a07e8c7fc390d8c3419cadcce37bf0965896dd768445e2b,TASK3_OPERATIONAL_POOLED_V1,REFERENCE_ASSUMPTION_SANDBOX_V1,LOCAL_WINDOW_HPP_EXACT95_LOW,14,300.000000000,334.504039286,264,224,0,27,0,13,40,264,0,0,0,0.000000000,0.000000000,0.006418947,0.000000000,0.006418947,0.000000000,0.000000000,0.000000000,0.000000000,34.824600765,34.818181818,0.478320083,0.488569800,40,0.151515152,34.504039286,true,COMPLETE,0,300,321.504039286,0,3,0,1,1,0,1.694601983,1.694601983,0,0.00564867327667,0.00564867327667
1.0,OP_CONFIRM_EXACT95_LOW_REFERENCE_ASSUMPTION_SANDBOX_V1,32b9044b5bbd75968a07e8c7fc390d8c3419cadcce37bf0965896dd768445e2b,TASK3_OPERATIONAL_POOLED_V1,REFERENCE_ASSUMPTION_SANDBOX_V1,LOCAL_WINDOW_HPP_EXACT95_LOW,15,300.000000000,334.767924815,296,263,0,21,0,12,33,296,0,0,0,0.000000000,0.000000000,0.001106328,0.000000000,0.001106328,0.000000000,0.000000000,0.000000000,0.000000000,34.819288146,34.818181818,0.535875531,0.547358578,33,0.111486486,34.767924815,true,COMPLETE,0,300,321.767924815,0,1,0,1,1,0,0.327473233,0.327473233,0,0.00109157744333,0.00109157744333
1.0,OP_CONFIRM_EXACT95_LOW_REFERENCE_ASSUMPTION_SANDBOX_V1,32b9044b5bbd75968a07e8c7fc390d8c3419cadcce37bf0965896dd768445e2b,TASK3_OPERATIONAL_POOLED_V1,REFERENCE_ASSUMPTION_SANDBOX_V1,LOCAL_WINDOW_HPP_EXACT95_LOW,16,300.000000000,334.431918804,278,244,0,26,0,8,34,278,0,0,0,0.000000000,0.000000000,0.000000000,0.000000000,0.000000000,0.000000000,0.000000000,0.000000000,0.000000000,34.818181818,34.818181818,0.503794163,0.514589752,34,0.122302158,34.431918804,true,COMPLETE,0,300,321.431918804,0,0,0,0,0,0,0,0,0,0,0
1.0,OP_CONFIRM_EXACT95_LOW_REFERENCE_ASSUMPTION_SANDBOX_V1,32b9044b5bbd75968a07e8c7fc390d8c3419cadcce37bf0965896dd768445e2b,TASK3_OPERATIONAL_POOLED_V1,REFERENCE_ASSUMPTION_SANDBOX_V1,LOCAL_WINDOW_HPP_EXACT95_LOW,17,300.000000000,334.762375366,310,271,0,28,0,11,39,310,0,0,0,0.018116860,0.000000000,0.078090549,0.739365637,0.096207409,0.913788785,0.000000000,0.000000000,0.000000000,34.914389227,35.731970603,0.561230299,0.573256662,39,0.125806452,34.762375366,true,COMPLETE,0,300,321.762375366,9,34,3,4,4,5.616226638,24.20807006,29.824296698,0.01872075546,0.0806935668667,0.0994143223267
1.0,OP_CONFIRM_EXACT95_LOW_REFERENCE_ASSUMPTION_SANDBOX_V1,32b9044b5bbd75968a07e8c7fc390d8c3419cadcce37bf0965896dd768445e2b,TASK3_OPERATIONAL_POOLED_V1,REFERENCE_ASSUMPTION_SANDBOX_V1,LOCAL_WINDOW_HPP_EXACT95_LOW,18,300.000000000,333.369913239,298,259,0,20,0,19,39,298,0,0,0,0.000000000,0.000000000,0.000000000,0.000000000,0.000000000,0.000000000,0.000000000,0.000000000,0.000000000,34.818181818,34.818181818,0.541758729,0.553367845,39,0.130872483,33.369913239,true,COMPLETE,0,300,320.369913239,0,0,0,0,0,0,0,0,0,0,0
1.0,OP_CONFIRM_EXACT95_LOW_REFERENCE_ASSUMPTION_SANDBOX_V1,32b9044b5bbd75968a07e8c7fc390d8c3419cadcce37bf0965896dd768445e2b,TASK3_OPERATIONAL_POOLED_V1,REFERENCE_ASSUMPTION_SANDBOX_V1,LOCAL_WINDOW_HPP_EXACT95_LOW,19,300.000000000,334.345704763,272,241,0,25,0,6,31,272,0,0,0,0.000000000,0.000000000,0.000000000,0.000000000,0.000000000,0.000000000,0.000000000,0.000000000,0.000000000,34.818181818,34.818181818,0.493048011,0.503613326,31,0.113970588,34.345704763,true,COMPLETE,0,300,321.345704763,0,0,0,0,0,0,0,0,0,0,0
1.0,OP_CONFIRM_EXACT95_LOW_REFERENCE_ASSUMPTION_SANDBOX_V1,32b9044b5bbd75968a07e8c7fc390d8c3419cadcce37bf0965896dd768445e2b,TASK3_OPERATIONAL_POOLED_V1,REFERENCE_ASSUMPTION_SANDBOX_V1,LOCAL_WINDOW_HPP_EXACT95_LOW,20,300.000000000,333.059981036,280,252,0,16,0,12,28,280,0,0,0,0.000000000,0.000000000,0.000000000,0.000000000,0.000000000,0.000000000,0.000000000,0.000000000,0.000000000,34.818181818,34.818181818,0.509508735,0.520426780,28,0.100000000,33.059981036,true,COMPLETE,0,300,320.059981036,0,0,0,0,0,0,0,0,0,0,0
1.0,OP_CONFIRM_EXACT95_LOW_REFERENCE_ASSUMPTION_SANDBOX_V1,32b9044b5bbd75968a07e8c7fc390d8c3419cadcce37bf0965896dd768445e2b,TASK3_OPERATIONAL_POOLED_V1,REFERENCE_ASSUMPTION_SANDBOX_V1,LOCAL_WINDOW_HPP_EXACT95_LOW,21,300.000000000,334.383882730,272,248,0,14,0,10,24,272,0,0,0,0.000000000,0.000000000,0.004148657,0.000000000,0.004148657,0.000000000,0.000000000,0.000000000,0.000000000,34.822330475,34.818181818,0.492991718,0.503555826,24,0.088235294,34.383882730,true,COMPLETE,0,300,321.38388273,0,3,0,1,1,0,1.128434687,1.128434687,0,0.00376144895667,0.00376144895667
1.0,OP_CONFIRM_EXACT95_LOW_REFERENCE_ASSUMPTION_SANDBOX_V1,32b9044b5bbd75968a07e8c7fc390d8c3419cadcce37bf0965896dd768445e2b,TASK3_OPERATIONAL_POOLED_V1,REFERENCE_ASSUMPTION_SANDBOX_V1,LOCAL_WINDOW_HPP_EXACT95_LOW,22,300.000000000,334.375348407,312,265,0,34,0,13,47,312,0,0,0,0.000000000,0.000000000,0.083946701,0.569649471,0.083946701,0.569649471,0.000000000,0.000000000,0.000000000,34.902128519,35.387831289,0.565504933,0.577622896,47,0.150641026,34.375348407,true,COMPLETE,0,300,321.375348407,0,24,0,4,4,0,15.731769316,15.731769316,0,0.0524392310533,0.0524392310533
1.0,OP_CONFIRM_EXACT95_LOW_REFERENCE_ASSUMPTION_SANDBOX_V1,32b9044b5bbd75968a07e8c7fc390d8c3419cadcce37bf0965896dd768445e2b,TASK3_OPERATIONAL_POOLED_V1,REFERENCE_ASSUMPTION_SANDBOX_V1,LOCAL_WINDOW_HPP_EXACT95_LOW,23,300.000000000,333.884950245,296,268,0,19,0,9,28,296,0,0,0,0.000000000,0.000000000,0.001057158,0.000000000,0.001057158,0.000000000,0.000000000,0.000000000,0.000000000,34.819238976,34.818181818,0.537292679,0.548806094,28,0.094594595,33.884950245,true,COMPLETE,0,300,320.884950245,0,2,0,1,1,0,0.312918683,0.312918683,0,0.00104306227667,0.00104306227667
1.0,OP_CONFIRM_EXACT95_LOW_REFERENCE_ASSUMPTION_SANDBOX_V1,32b9044b5bbd75968a07e8c7fc390d8c3419cadcce37bf0965896dd768445e2b,TASK3_OPERATIONAL_POOLED_V1,REFERENCE_ASSUMPTION_SANDBOX_V1,LOCAL_WINDOW_HPP_EXACT95_LOW,24,300.000000000,334.544159448,299,253,0,30,0,16,46,299,0,0,0,0.000000000,0.000000000,0.000000000,0.000000000,0.000000000,0.000000000,0.000000000,0.000000000,0.000000000,34.818181818,34.818181818,0.541668764,0.553275951,46,0.153846154,34.544159448,true,COMPLETE,0,300,321.544159448,0,0,0,0,0,0,0,0,0,0,0
1.0,OP_CONFIRM_EXACT95_LOW_REFERENCE_ASSUMPTION_SANDBOX_V1,32b9044b5bbd75968a07e8c7fc390d8c3419cadcce37bf0965896dd768445e2b,TASK3_OPERATIONAL_POOLED_V1,REFERENCE_ASSUMPTION_SANDBOX_V1,LOCAL_WINDOW_HPP_EXACT95_LOW,25,300.000000000,333.803665910,291,256,0,24,0,11,35,291,0,0,0,0.000000000,0.000000000,0.000000000,0.000000000,0.000000000,0.000000000,0.000000000,0.000000000,0.000000000,34.818181818,34.818181818,0.528345415,0.539667102,35,0.120274914,33.803665910,true,COMPLETE,0,300,320.80366591,0,0,0,0,0,0,0,0,0,0,0
1.0,OP_CONFIRM_EXACT95_LOW_REFERENCE_ASSUMPTION_SANDBOX_V1,32b9044b5bbd75968a07e8c7fc390d8c3419cadcce37bf0965896dd768445e2b,TASK3_OPERATIONAL_POOLED_V1,REFERENCE_ASSUMPTION_SANDBOX_V1,LOCAL_WINDOW_HPP_EXACT95_LOW,26,300.000000000,334.692628558,273,240,0,20,0,13,33,273,0,0,0,0.000000000,0.000000000,0.002945248,0.000000000,0.002945248,0.000000000,0.000000000,0.000000000,0.000000000,34.821127066,34.818181818,0.494347743,0.504940909,33,0.120879121,34.692628558,true,COMPLETE,0,300,321.692628558,0,1,0,1,1,0,0.804052721,0.804052721,0,0.00268017573667,0.00268017573667
1.0,OP_CONFIRM_EXACT95_LOW_REFERENCE_ASSUMPTION_SANDBOX_V1,32b9044b5bbd75968a07e8c7fc390d8c3419cadcce37bf0965896dd768445e2b,TASK3_OPERATIONAL_POOLED_V1,REFERENCE_ASSUMPTION_SANDBOX_V1,LOCAL_WINDOW_HPP_EXACT95_LOW,27,300.000000000,332.497741530,272,244,0,18,0,10,28,272,0,0,0,0.000000000,0.000000000,0.000000000,0.000000000,0.000000000,0.000000000,0.000000000,0.000000000,0.000000000,34.818181818,34.818181818,0.495788284,0.506412319,28,0.102941176,32.497741530,true,COMPLETE,0,300,319.49774153,0,0,0,0,0,0,0,0,0,0,0
1.0,OP_CONFIRM_EXACT95_LOW_REFERENCE_ASSUMPTION_SANDBOX_V1,32b9044b5bbd75968a07e8c7fc390d8c3419cadcce37bf0965896dd768445e2b,TASK3_OPERATIONAL_POOLED_V1,REFERENCE_ASSUMPTION_SANDBOX_V1,LOCAL_WINDOW_HPP_EXACT95_LOW,28,300.000000000,334.557393197,258,233,0,16,0,9,25,258,0,0,0,0.000000000,0.000000000,0.000000000,0.000000000,0.000000000,0.000000000,0.000000000,0.000000000,0.000000000,34.818181818,34.818181818,0.467374626,0.477389796,25,0.096899225,34.557393197,true,COMPLETE,0,300,321.557393197,0,0,0,0,0,0,0,0,0,0,0
1.0,OP_CONFIRM_EXACT95_LOW_REFERENCE_ASSUMPTION_SANDBOX_V1,32b9044b5bbd75968a07e8c7fc390d8c3419cadcce37bf0965896dd768445e2b,TASK3_OPERATIONAL_POOLED_V1,REFERENCE_ASSUMPTION_SANDBOX_V1,LOCAL_WINDOW_HPP_EXACT95_LOW,29,300.000000000,334.055309304,300,264,0,20,0,16,36,300,0,0,0,0.009986572,0.000000000,0.073013585,0.522597260,0.083000157,0.634141485,0.000000000,0.000000000,0.000000000,34.901181975,35.452323303,0.544275684,0.555938734,36,0.120000000,34.055309304,true,COMPLETE,0,300,321.055309304,4,19,1,5,5,2.995971717,21.904075378,24.900047095,0.00998657239,0.0730135845933,0.0830001569833
1.0,OP_CONFIRM_EXACT95_LOW_REFERENCE_ASSUMPTION_SANDBOX_V1,32b9044b5bbd75968a07e8c7fc390d8c3419cadcce37bf0965896dd768445e2b,TASK3_OPERATIONAL_POOLED_V1,REFERENCE_ASSUMPTION_SANDBOX_V1,LOCAL_WINDOW_HPP_EXACT95_LOW,30,300.000000000,333.547081962,267,232,0,27,0,8,35,267,0,0,0,0.000000000,0.000000000,0.000000000,0.000000000,0.000000000,0.000000000,0.000000000,0.000000000,0.000000000,34.818181818,34.818181818,0.485143449,0.495539380,35,0.131086142,33.547081962,true,COMPLETE,0,300,320.547081962,0,0,0,0,0,0,0,0,0,0,0
1.0,OP_CONFIRM_EXACT95_LOW_REFERENCE_ASSUMPTION_SANDBOX_V1,32b9044b5bbd75968a07e8c7fc390d8c3419cadcce37bf0965896dd768445e2b,TASK3_OPERATIONAL_POOLED_V1,REFERENCE_ASSUMPTION_SANDBOX_V1,LOCAL_WINDOW_HPP_EXACT95_LOW,31,300.000000000,332.500307393,296,270,0,17,0,9,26,296,0,0,0,0.000000000,0.000000000,0.000006871,0.000000000,0.000006871,0.000000000,0.000000000,0.000000000,0.000000000,34.818188689,34.818181818,0.539530146,0.551091506,26,0.087837838,32.500307393,true,COMPLETE,0,300,319.500307393,0,1,0,1,1,0,0.002033934,0.002033934,0,6.77977999999e-06,6.77977999999e-06
1.0,OP_CONFIRM_EXACT95_LOW_REFERENCE_ASSUMPTION_SANDBOX_V1,32b9044b5bbd75968a07e8c7fc390d8c3419cadcce37bf0965896dd768445e2b,TASK3_OPERATIONAL_POOLED_V1,REFERENCE_ASSUMPTION_SANDBOX_V1,LOCAL_WINDOW_HPP_EXACT95_LOW,32,300.000000000,333.258766840,288,245,0,29,0,14,43,288,0,0,0,0.000000000,0.000000000,0.000000000,0.000000000,0.000000000,0.000000000,0.000000000,0.000000000,0.000000000,34.818181818,34.818181818,0.523753527,0.534976817,43,0.149305556,33.258766840,true,COMPLETE,0,300,320.25876684,0,0,0,0,0,0,0,0,0,0,0
1.0,OP_CONFIRM_EXACT95_LOW_REFERENCE_ASSUMPTION_SANDBOX_V1,32b9044b5bbd75968a07e8c7fc390d8c3419cadcce37bf0965896dd768445e2b,TASK3_OPERATIONAL_POOLED_V1,REFERENCE_ASSUMPTION_SANDBOX_V1,LOCAL_WINDOW_HPP_EXACT95_LOW,33,300.000000000,333.353517328,263,238,0,17,0,8,25,263,0,0,0,0.000000000,0.000000000,0.000000000,0.000000000,0.000000000,0.000000000,0.000000000,0.000000000,0.000000000,34.818181818,34.818181818,0.478152865,0.488398998,25,0.095057034,33.353517328,true,COMPLETE,0,300,320.353517328,0,0,0,0,0,0,0,0,0,0,0
1.0,OP_CONFIRM_EXACT95_LOW_REFERENCE_ASSUMPTION_SANDBOX_V1,32b9044b5bbd75968a07e8c7fc390d8c3419cadcce37bf0965896dd768445e2b,TASK3_OPERATIONAL_POOLED_V1,REFERENCE_ASSUMPTION_SANDBOX_V1,LOCAL_WINDOW_HPP_EXACT95_LOW,34,300.000000000,333.918653247,282,249,0,15,0,18,33,282,0,0,0,0.000000000,0.000000000,0.001002814,0.000000000,0.001002814,0.000000000,0.000000000,0.000000000,0.000000000,34.819184632,34.818181818,0.511828522,0.522796277,33,0.117021277,33.918653247,true,COMPLETE,0,300,320.918653247,0,2,0,1,1,0,0.282793602,0.282793602,0,0.00094264534,0.00094264534
1.0,OP_CONFIRM_EXACT95_LOW_REFERENCE_ASSUMPTION_SANDBOX_V1,32b9044b5bbd75968a07e8c7fc390d8c3419cadcce37bf0965896dd768445e2b,TASK3_OPERATIONAL_POOLED_V1,REFERENCE_ASSUMPTION_SANDBOX_V1,LOCAL_WINDOW_HPP_EXACT95_LOW,35,300.000000000,334.031797309,280,251,0,18,0,11,29,280,0,0,0,0.000000000,0.000000000,0.000000000,0.000000000,0.000000000,0.000000000,0.000000000,0.000000000,0.000000000,34.818181818,34.818181818,0.508026395,0.518912675,29,0.103571429,34.031797309,true,COMPLETE,0,300,321.031797309,0,0,0,0,0,0,0,0,0,0,0
1.0,OP_CONFIRM_EXACT95_LOW_REFERENCE_ASSUMPTION_SANDBOX_V1,32b9044b5bbd75968a07e8c7fc390d8c3419cadcce37bf0965896dd768445e2b,TASK3_OPERATIONAL_POOLED_V1,REFERENCE_ASSUMPTION_SANDBOX_V1,LOCAL_WINDOW_HPP_EXACT95_LOW,36,300.000000000,334.046219248,272,235,0,21,0,16,37,272,0,0,0,0.000000000,0.000000000,0.000000000,0.000000000,0.000000000,0.000000000,0.000000000,0.000000000,0.000000000,34.818181818,34.818181818,0.493490048,0.504064835,37,0.136029412,34.046219248,true,COMPLETE,0,300,321.046219248,0,0,0,0,0,0,0,0,0,0,0
1.0,OP_CONFIRM_EXACT95_LOW_REFERENCE_ASSUMPTION_SANDBOX_V1,32b9044b5bbd75968a07e8c7fc390d8c3419cadcce37bf0965896dd768445e2b,TASK3_OPERATIONAL_POOLED_V1,REFERENCE_ASSUMPTION_SANDBOX_V1,LOCAL_WINDOW_HPP_EXACT95_LOW,37,300.000000000,334.078766339,266,237,0,16,0,13,29,266,0,0,0,0.000000000,0.000000000,0.001079612,0.000000000,0.001079612,0.000000000,0.000000000,0.000000000,0.000000000,34.819261430,34.818181818,0.482557221,0.492897733,29,0.109022556,34.078766339,true,COMPLETE,0,300,321.078766339,0,3,0,1,1,0,0.287176841,0.287176841,0,0.000957256136666,0.000957256136666
1.0,OP_CONFIRM_EXACT95_LOW_REFERENCE_ASSUMPTION_SANDBOX_V1,32b9044b5bbd75968a07e8c7fc390d8c3419cadcce37bf0965896dd768445e2b,TASK3_OPERATIONAL_POOLED_V1,REFERENCE_ASSUMPTION_SANDBOX_V1,LOCAL_WINDOW_HPP_EXACT95_LOW,38,300.000000000,333.973818889,341,302,0,23,0,16,39,341,0,0,0,0.000000000,0.000000000,0.006774636,0.000000000,0.006774636,0.000000000,0.000000000,0.000000000,0.000000000,34.824956454,34.818181818,0.618810982,0.632071217,39,0.114369501,33.973818889,true,COMPLETE,0,300,320.973818889,0,5,0,2,2,0,2.310150927,2.310150927,0,0.00770050309,0.00770050309
1.0,OP_CONFIRM_EXACT95_LOW_REFERENCE_ASSUMPTION_SANDBOX_V1,32b9044b5bbd75968a07e8c7fc390d8c3419cadcce37bf0965896dd768445e2b,TASK3_OPERATIONAL_POOLED_V1,REFERENCE_ASSUMPTION_SANDBOX_V1,LOCAL_WINDOW_HPP_EXACT95_LOW,39,300.000000000,333.227369168,256,218,0,24,0,14,38,256,0,0,0,0.000000000,0.000000000,0.000000000,0.000000000,0.000000000,0.000000000,0.000000000,0.000000000,0.000000000,34.818181818,34.818181818,0.465602557,0.475579755,38,0.148437500,33.227369168,true,COMPLETE,0,300,320.227369168,0,0,0,0,0,0,0,0,0,0,0
1.0,OP_CONFIRM_EXACT95_LOW_REFERENCE_ASSUMPTION_SANDBOX_V1,32b9044b5bbd75968a07e8c7fc390d8c3419cadcce37bf0965896dd768445e2b,TASK3_OPERATIONAL_POOLED_V1,REFERENCE_ASSUMPTION_SANDBOX_V1,LOCAL_WINDOW_HPP_EXACT95_LOW,40,300.000000000,334.470914622,276,253,0,13,0,10,23,276,0,0,0,0.000000000,0.000000000,0.000000000,0.000000000,0.000000000,0.000000000,0.000000000,0.000000000,0.000000000,34.818181818,34.818181818,0.500111430,0.510828103,23,0.083333333,34.470914622,true,COMPLETE,0,300,321.470914622,0,0,0,0,0,0,0,0,0,0,0
1.0,OP_CONFIRM_EXACT95_LOW_REFERENCE_ASSUMPTION_SANDBOX_V1,32b9044b5bbd75968a07e8c7fc390d8c3419cadcce37bf0965896dd768445e2b,TASK3_OPERATIONAL_POOLED_V1,REFERENCE_ASSUMPTION_SANDBOX_V1,LOCAL_WINDOW_HPP_EXACT95_LOW,41,300.000000000,334.039386969,305,267,0,22,0,16,38,305,0,0,0,0.000000000,0.000000000,0.016411942,0.000000000,0.016411942,0.000000000,0.000000000,0.000000000,0.000000000,34.834593760,34.818181818,0.553373321,0.565231321,38,0.124590164,34.039386969,true,COMPLETE,0,300,321.039386969,0,9,0,3,3,0,5.005642222,5.005642222,0,0.0166854740733,0.0166854740733
1.0,OP_CONFIRM_EXACT95_LOW_REFERENCE_ASSUMPTION_SANDBOX_V1,32b9044b5bbd75968a07e8c7fc390d8c3419cadcce37bf0965896dd768445e2b,TASK3_OPERATIONAL_POOLED_V1,REFERENCE_ASSUMPTION_SANDBOX_V1,LOCAL_WINDOW_HPP_EXACT95_LOW,42,300.000000000,334.117691289,298,260,0,25,0,13,38,298,0,0,0,0.000000000,0.000000000,0.000000000,0.000000000,0.000000000,0.000000000,0.000000000,0.000000000,0.000000000,34.818181818,34.818181818,0.540546237,0.552129370,38,0.127516779,34.117691289,true,COMPLETE,0,300,321.117691289,0,0,0,0,0,0,0,0,0,0,0
1.0,OP_CONFIRM_EXACT95_LOW_REFERENCE_ASSUMPTION_SANDBOX_V1,32b9044b5bbd75968a07e8c7fc390d8c3419cadcce37bf0965896dd768445e2b,TASK3_OPERATIONAL_POOLED_V1,REFERENCE_ASSUMPTION_SANDBOX_V1,LOCAL_WINDOW_HPP_EXACT95_LOW,43,300.000000000,334.595220486,274,248,0,20,0,6,26,274,0,0,0,0.000000000,0.000000000,0.012639421,0.000000000,0.012639421,0.000000000,0.000000000,0.000000000,0.000000000,34.830821239,34.818181818,0.496302983,0.506938047,26,0.094890511,34.595220486,true,COMPLETE,0,300,321.595220486,0,5,0,2,2,0,3.46320148,3.46320148,0,0.0115440049333,0.0115440049333
1.0,OP_CONFIRM_EXACT95_LOW_REFERENCE_ASSUMPTION_SANDBOX_V1,32b9044b5bbd75968a07e8c7fc390d8c3419cadcce37bf0965896dd768445e2b,TASK3_OPERATIONAL_POOLED_V1,REFERENCE_ASSUMPTION_SANDBOX_V1,LOCAL_WINDOW_HPP_EXACT95_LOW,44,300.000000000,333.612131684,288,252,0,19,0,17,36,288,0,0,0,0.000000000,0.000000000,0.000000000,0.000000000,0.000000000,0.000000000,0.000000000,0.000000000,0.000000000,34.818181818,34.818181818,0.523198763,0.534410165,36,0.125000000,33.612131684,true,COMPLETE,0,300,320.612131684,0,0,0,0,0,0,0,0,0,0,0
1.0,OP_CONFIRM_EXACT95_LOW_REFERENCE_ASSUMPTION_SANDBOX_V1,32b9044b5bbd75968a07e8c7fc390d8c3419cadcce37bf0965896dd768445e2b,TASK3_OPERATIONAL_POOLED_V1,REFERENCE_ASSUMPTION_SANDBOX_V1,LOCAL_WINDOW_HPP_EXACT95_LOW,45,300.000000000,332.705388082,294,252,0,27,0,15,42,294,0,0,0,0.000000000,0.000000000,0.000000000,0.000000000,0.000000000,0.000000000,0.000000000,0.000000000,0.000000000,34.818181818,34.818181818,0.535554351,0.547030516,42,0.142857143,32.705388082,true,COMPLETE,0,300,319.705388082,0,0,0,0,0,0,0,0,0,0,0
1.0,OP_CONFIRM_EXACT95_LOW_REFERENCE_ASSUMPTION_SANDBOX_V1,32b9044b5bbd75968a07e8c7fc390d8c3419cadcce37bf0965896dd768445e2b,TASK3_OPERATIONAL_POOLED_V1,REFERENCE_ASSUMPTION_SANDBOX_V1,LOCAL_WINDOW_HPP_EXACT95_LOW,46,300.000000000,334.547763371,296,252,0,26,0,18,44,296,0,0,0,0.000000000,0.000000000,0.044006599,0.000000000,0.044006599,0.000000000,0.000000000,0.000000000,0.000000000,34.862188417,34.818181818,0.536228183,0.547718787,44,0.148648649,34.547763371,true,COMPLETE,0,300,321.547763371,0,8,0,4,4,0,13.025953351,13.025953351,0,0.0434198445033,0.0434198445033
1.0,OP_CONFIRM_EXACT95_LOW_REFERENCE_ASSUMPTION_SANDBOX_V1,32b9044b5bbd75968a07e8c7fc390d8c3419cadcce37bf0965896dd768445e2b,TASK3_OPERATIONAL_POOLED_V1,REFERENCE_ASSUMPTION_SANDBOX_V1,LOCAL_WINDOW_HPP_EXACT95_LOW,47,300.000000000,329.184016045,265,230,0,13,1,21,35,265,0,0,0,0.000000000,0.000000000,0.040889074,0.142978644,0.040889074,0.142978644,0.000000000,0.000000000,0.000000000,34.859070892,34.961160462,0.487891431,0.498346247,35,0.132075472,29.184016045,true,COMPLETE,0,300,316.184016045,0,14,0,3,3,0,9.929255423,9.929255423,0,0.0330975180767,0.0330975180767
1.0,OP_CONFIRM_EXACT95_LOW_REFERENCE_ASSUMPTION_SANDBOX_V1,32b9044b5bbd75968a07e8c7fc390d8c3419cadcce37bf0965896dd768445e2b,TASK3_OPERATIONAL_POOLED_V1,REFERENCE_ASSUMPTION_SANDBOX_V1,LOCAL_WINDOW_HPP_EXACT95_LOW,48,300.000000000,334.462782154,296,264,0,14,0,18,32,296,0,0,0,0.000000000,0.000000000,0.016813924,0.000000000,0.016813924,0.000000000,0.000000000,0.000000000,0.000000000,34.834995742,34.818181818,0.536364430,0.547857953,32,0.108108108,34.462782154,true,COMPLETE,0,300,321.462782154,0,7,0,3,3,0,4.976921569,4.976921569,0,0.0165897385633,0.0165897385633
1.0,OP_CONFIRM_EXACT95_LOW_REFERENCE_ASSUMPTION_SANDBOX_V1,32b9044b5bbd75968a07e8c7fc390d8c3419cadcce37bf0965896dd768445e2b,TASK3_OPERATIONAL_POOLED_V1,REFERENCE_ASSUMPTION_SANDBOX_V1,LOCAL_WINDOW_HPP_EXACT95_LOW,49,300.000000000,330.242669127,247,233,0,11,0,3,14,247,0,0,0,0.000000000,0.000000000,0.001144174,0.000000000,0.001144174,0.000000000,0.000000000,0.000000000,0.000000000,34.819325992,34.818181818,0.453293846,0.463007286,14,0.056680162,30.242669127,true,COMPLETE,0,300,317.242669127,0,1,0,1,1,0,0.282610892,0.282610892,0,0.000942036306667,0.000942036306667
1.0,OP_CONFIRM_EXACT95_LOW_REFERENCE_ASSUMPTION_SANDBOX_V1,32b9044b5bbd75968a07e8c7fc390d8c3419cadcce37bf0965896dd768445e2b,TASK3_OPERATIONAL_POOLED_V1,REFERENCE_ASSUMPTION_SANDBOX_V1,LOCAL_WINDOW_HPP_EXACT95_LOW,50,300.000000000,334.204179571,295,266,0,17,0,12,29,295,0,0,0,0.000000000,0.000000000,0.000000000,0.000000000,0.000000000,0.000000000,0.000000000,0.000000000,0.000000000,34.818181818,34.818181818,0.534966017,0.546429574,29,0.098305085,34.204179571,true,COMPLETE,0,300,321.204179571,0,0,0,0,0,0,0,0,0,0,0
1.0,OP_CONFIRM_MLE_BASE_REFERENCE_ASSUMPTION_SANDBOX_V1,369372d7e06066baf12416f63c9b12a0af11b1ef17459431e126a703ba4c7eae,TASK3_OPERATIONAL_POOLED_V1,REFERENCE_ASSUMPTION_SANDBOX_V1,LOCAL_WINDOW_HPP_BASE,1,300.000000000,334.701527801,396,354,0,24,0,18,42,396,0,0,0,0.057488243,0.190262896,0.329950203,2.059438287,0.387438447,2.208553338,0.000000000,0.000000000,0.000000000,35.205620265,37.026735156,0.717056781,0.732422283,42,0.106060606,34.701527801,true,COMPLETE,0,300,321.701527801,22,84,4,9,9,22.765344416,130.66028047,153.425624886,0.0758844813867,0.435534268233,0.51141874962
1.0,OP_CONFIRM_MLE_BASE_REFERENCE_ASSUMPTION_SANDBOX_V1,369372d7e06066baf12416f63c9b12a0af11b1ef17459431e126a703ba4c7eae,TASK3_OPERATIONAL_POOLED_V1,REFERENCE_ASSUMPTION_SANDBOX_V1,LOCAL_WINDOW_HPP_BASE,2,300.000000000,340.938161730,442,377,8,36,0,21,65,442,0,0,0,0.365808343,2.433340877,0.598487048,2.636590984,0.964295391,3.486699562,0.000000000,0.000000000,0.000000000,35.782477209,38.304881380,0.785710777,0.802547436,65,0.147058824,40.938161730,true,COMPLETE,0,300,327.93816173,105,179,8,8,9,135.517778944,224.775724463,360.293503407,0.451725929813,0.749252414877,1.20097834469
1.0,OP_CONFIRM_MLE_BASE_REFERENCE_ASSUMPTION_SANDBOX_V1,369372d7e06066baf12416f63c9b12a0af11b1ef17459431e126a703ba4c7eae,TASK3_OPERATIONAL_POOLED_V1,REFERENCE_ASSUMPTION_SANDBOX_V1,LOCAL_WINDOW_HPP_BASE,3,300.000000000,334.760392420,393,350,0,29,0,14,43,393,0,0,0,0.084898731,0.481609869,0.315424672,2.234494812,0.400323403,2.365394881,0.000000000,0.000000000,0.000000000,35.218505221,37.183576699,0.711499399,0.726745815,43,0.109414758,34.760392420,true,COMPLETE,0,300,321.76039242,31,84,4,6,6,33.365201114,123.961896184,157.327097298,0.111217337047,0.413206320613,0.52442365766
1.0,OP_CONFIRM_MLE_BASE_REFERENCE_ASSUMPTION_SANDBOX_V1,369372d7e06066baf12416f63c9b12a0af11b1ef17459431e126a703ba4c7eae,TASK3_OPERATIONAL_POOLED_V1,REFERENCE_ASSUMPTION_SANDBOX_V1,LOCAL_WINDOW_HPP_BASE,4,300.000000000,335.403470296,410,356,0,35,0,19,54,410,0,0,0,0.031298571,0.000000000,0.134950367,1.210164980,0.166248938,1.430620064,0.000000000,0.000000000,0.000000000,34.984430756,36.248801882,0.740853541,0.756728974,54,0.131707317,35.403470296,true,COMPLETE,0,300,322.403470296,19,56,3,4,4,12.832413913,34.562437004,47.394850917,0.0427747130433,0.115208123347,0.15798283639
1.0,OP_CONFIRM_MLE_BASE_REFERENCE_ASSUMPTION_SANDBOX_V1,369372d7e06066baf12416f63c9b12a0af11b1ef17459431e126a703ba4c7eae,TASK3_OPERATIONAL_POOLED_V1,REFERENCE_ASSUMPTION_SANDBOX_V1,LOCAL_WINDOW_HPP_BASE,5,300.000000000,333.557018640,388,356,0,18,0,14,32,388,0,0,0,0.098018246,0.858015621,0.210945841,1.304149833,0.308964087,1.915322452,0.000000000,0.000000000,0.000000000,35.127145905,36.733504270,0.704981463,0.720088209,32,0.082474227,33.557018640,true,COMPLETE,0,300,320.55701864,31,84,5,4,5,38.031079305,81.846986446,119.878065751,0.12677026435,0.272823288153,0.399593552503
1.0,OP_CONFIRM_MLE_BASE_REFERENCE_ASSUMPTION_SANDBOX_V1,369372d7e06066baf12416f63c9b12a0af11b1ef17459431e126a703ba4c7eae,TASK3_OPERATIONAL_POOLED_V1,REFERENCE_ASSUMPTION_SANDBOX_V1,LOCAL_WINDOW_HPP_BASE,6,300.000000000,332.893710211,419,368,0,33,0,18,51,419,0,0,0,0.101817006,0.855258499,0.320182870,1.801874664,0.421999876,2.201837100,0.000000000,0.000000000,0.000000000,35.240181694,37.020018918,0.762824247,0.779170481,51,0.121718377,32.893710211,true,COMPLETE,0,300,319.893710211,55,138,3,5,5,42.66132548,112.365606141,155.026931621,0.142204418267,0.37455202047,0.516756438737
1.0,OP_CONFIRM_MLE_BASE_REFERENCE_ASSUMPTION_SANDBOX_V1,369372d7e06066baf12416f63c9b12a0af11b1ef17459431e126a703ba4c7eae,TASK3_OPERATIONAL_POOLED_V1,REFERENCE_ASSUMPTION_SANDBOX_V1,LOCAL_WINDOW_HPP_BASE,7,300.000000000,334.942694913,408,352,0,33,2,21,56,408,0,0,0,0.161438120,1.333000691,0.280520617,1.842807980,0.441958737,2.579075458,0.000000000,0.000000000,0.000000000,35.260140555,37.397257276,0.738253830,0.754073555,56,0.137254902,34.942694913,true,COMPLETE,0,300,321.942694913,47,92,8,7,8,65.866752879,88.392908802,154.259661681,0.21955584293,0.29464302934,0.51419887227
1.0,OP_CONFIRM_MLE_BASE_REFERENCE_ASSUMPTION_SANDBOX_V1,369372d7e06066baf12416f63c9b12a0af11b1ef17459431e126a703ba4c7eae,TASK3_OPERATIONAL_POOLED_V1,REFERENCE_ASSUMPTION_SANDBOX_V1,LOCAL_WINDOW_HPP_BASE,8,300.000000000,333.652413957,442,400,0,21,0,21,42,442,0,0,0,1.042778706,5.258285645,1.094578776,4.542101351,2.137357482,7.716276927,0.000000000,0.000000000,0.000000000,36.955539300,42.534458745,0.802867825,0.820072135,42,0.095022624,33.652413957,true,COMPLETE,0,300,320.652413957,151,217,13,10,16,460.908187986,483.688166815,944.596354801,1.53636062662,1.61229388938,3.148654516
1.0,OP_CONFIRM_MLE_BASE_REFERENCE_ASSUMPTION_SANDBOX_V1,369372d7e06066baf12416f63c9b12a0af11b1ef17459431e126a703ba4c7eae,TASK3_OPERATIONAL_POOLED_V1,REFERENCE_ASSUMPTION_SANDBOX_V1,LOCAL_WINDOW_HPP_BASE,9,300.000000000,333.857083782,395,343,0,33,0,19,52,395,0,0,0,0.337787869,2.427248770,0.399465342,2.405600435,0.737253211,4.277478309,0.000000000,0.000000000,0.000000000,35.555435029,39.095660127,0.717055144,0.732420612,52,0.131645570,33.857083782,true,COMPLETE,0,300,320.857083782,65,110,8,8,8,133.426208411,150.506209207,283.932417618,0.444754028037,0.501687364023,0.94644139206
1.0,OP_CONFIRM_MLE_BASE_REFERENCE_ASSUMPTION_SANDBOX_V1,369372d7e06066baf12416f63c9b12a0af11b1ef17459431e126a703ba4c7eae,TASK3_OPERATIONAL_POOLED_V1,REFERENCE_ASSUMPTION_SANDBOX_V1,LOCAL_WINDOW_HPP_BASE,10,300.000000000,334.733050789,394,344,0,31,0,19,50,394,0,0,0,0.063241865,0.165118014,0.203454382,1.377630124,0.266696246,2.046929136,0.000000000,0.000000000,0.000000000,35.084878064,36.865110954,0.713368095,0.728654554,50,0.126903553,34.733050789,true,COMPLETE,0,300,321.733050789,24,67,4,6,6,24.917294624,75.981606574,100.898901198,0.0830576487467,0.253272021913,0.33632967066
1.0,OP_CONFIRM_MLE_BASE_REFERENCE_ASSUMPTION_SANDBOX_V1,369372d7e06066baf12416f63c9b12a0af11b1ef17459431e126a703ba4c7eae,TASK3_OPERATIONAL_POOLED_V1,REFERENCE_ASSUMPTION_SANDBOX_V1,LOCAL_WINDOW_HPP_BASE,11,300.000000000,334.795505588,409,367,0,18,3,21,42,409,0,0,0,0.288482419,2.482026498,0.525974858,2.555758440,0.814457277,3.727629041,0.000000000,0.000000000,0.000000000,35.632639095,38.545810859,0.740388636,0.756254107,42,0.102689487,34.795505588,true,COMPLETE,0,300,321.795505588,70,144,7,8,8,117.989309439,213.646611915,331.635921354,0.39329769813,0.71215537305,1.10545307118
1.0,OP_CONFIRM_MLE_BASE_REFERENCE_ASSUMPTION_SANDBOX_V1,369372d7e06066baf12416f63c9b12a0af11b1ef17459431e126a703ba4c7eae,TASK3_OPERATIONAL_POOLED_V1,REFERENCE_ASSUMPTION_SANDBOX_V1,LOCAL_WINDOW_HPP_BASE,12,300.000000000,334.673639871,423,371,0,28,3,21,52,423,0,0,0,0.429529951,3.594318012,0.449053144,2.055972591,0.878583095,5.195606570,0.000000000,0.000000000,0.000000000,35.696764913,40.013788388,0.766010841,0.782425359,52,0.122931442,34.673639871,true,COMPLETE,0,300,321.673639871,82,143,14,6,14,181.691169262,185.157485104,366.848654366,0.605637230873,0.617191617013,1.22282884789
1.0,OP_CONFIRM_MLE_BASE_REFERENCE_ASSUMPTION_SANDBOX_V1,369372d7e06066baf12416f63c9b12a0af11b1ef17459431e126a703ba4c7eae,TASK3_OPERATIONAL_POOLED_V1,REFERENCE_ASSUMPTION_SANDBOX_V1,LOCAL_WINDOW_HPP_BASE,13,300.000000000,334.623415863,455,400,0,32,2,21,55,455,0,0,0,4.913418186,15.311140781,1.962693278,6.027288013,6.876111464,18.740817072,0.000000000,0.000000000,0.000000000,41.694293282,53.558998890,0.824083321,0.841742249,55,0.120879121,34.623415863,true,COMPLETE,0,300,321.623415863,226,287,32,13,35,2235.60527447,866.066532492,3101.67180696,7.45201758156,2.88688844164,10.3389060232
1.0,OP_CONFIRM_MLE_BASE_REFERENCE_ASSUMPTION_SANDBOX_V1,369372d7e06066baf12416f63c9b12a0af11b1ef17459431e126a703ba4c7eae,TASK3_OPERATIONAL_POOLED_V1,REFERENCE_ASSUMPTION_SANDBOX_V1,LOCAL_WINDOW_HPP_BASE,14,300.000000000,333.719484820,374,343,0,17,0,14,31,374,0,0,0,0.105689980,0.485602555,0.319834253,2.495840322,0.425524233,3.122620386,0.000000000,0.000000000,0.000000000,35.243706051,37.940802204,0.679213162,0.693767730,31,0.082887701,33.719484820,true,COMPLETE,0,300,320.71948482,27,72,5,8,8,39.5280524,119.618010771,159.146063171,0.131760174667,0.39872670257,0.530486877237
1.0,OP_CONFIRM_MLE_BASE_REFERENCE_ASSUMPTION_SANDBOX_V1,369372d7e06066baf12416f63c9b12a0af11b1ef17459431e126a703ba4c7eae,TASK3_OPERATIONAL_POOLED_V1,REFERENCE_ASSUMPTION_SANDBOX_V1,LOCAL_WINDOW_HPP_BASE,15,300.000000000,333.864251907,386,347,0,29,0,10,39,386,0,0,0,0.167013951,1.783448807,0.165661403,1.304406501,0.332675354,2.620723817,0.000000000,0.000000000,0.000000000,35.150857172,37.438905635,0.700702134,0.715717180,39,0.101036269,33.864251907,true,COMPLETE,0,300,320.864251907,40,69,7,4,7,64.467384992,55.557239309,120.024624301,0.214891283307,0.185190797697,0.400082081003
1.0,OP_CONFIRM_MLE_BASE_REFERENCE_ASSUMPTION_SANDBOX_V1,369372d7e06066baf12416f63c9b12a0af11b1ef17459431e126a703ba4c7eae,TASK3_OPERATIONAL_POOLED_V1,REFERENCE_ASSUMPTION_SANDBOX_V1,LOCAL_WINDOW_HPP_BASE,16,300.000000000,336.858360916,401,343,1,36,0,21,58,401,0,0,0,0.085959710,0.815556016,0.216005807,1.411975456,0.301965517,1.998925238,0.000000000,0.000000000,0.000000000,35.120147335,36.817107056,0.721461395,0.736921282,58,0.144638404,36.858360916,true,COMPLETE,0,300,323.858360916,43,86,4,5,5,33.827733972,57.873085127,91.700819099,0.11275911324,0.192910283757,0.305669396997
1.0,OP_CONFIRM_MLE_BASE_REFERENCE_ASSUMPTION_SANDBOX_V1,369372d7e06066baf12416f63c9b12a0af11b1ef17459431e126a703ba4c7eae,TASK3_OPERATIONAL_POOLED_V1,REFERENCE_ASSUMPTION_SANDBOX_V1,LOCAL_WINDOW_HPP_BASE,17,300.000000000,334.256800365,429,377,0,35,0,17,52,429,0,0,0,0.630204668,4.648105409,0.480358520,2.369988104,1.110563188,5.150024982,0.000000000,0.000000000,0.000000000,35.928745006,39.968206800,0.777845057,0.794513166,52,0.121212121,34.256800365,true,COMPLETE,0,300,321.256800365,111,179,12,7,12,270.357802583,163.439568831,433.797371414,0.901192675277,0.54479856277,1.44599123805
1.0,OP_CONFIRM_MLE_BASE_REFERENCE_ASSUMPTION_SANDBOX_V1,369372d7e06066baf12416f63c9b12a0af11b1ef17459431e126a703ba4c7eae,TASK3_OPERATIONAL_POOLED_V1,REFERENCE_ASSUMPTION_SANDBOX_V1,LOCAL_WINDOW_HPP_BASE,18,300.000000000,334.189920297,419,371,0,31,0,17,48,419,0,0,0,0.336319219,3.064540122,0.396337084,2.304944522,0.732656303,4.213769509,0.000000000,0.000000000,0.000000000,35.550838121,39.031951327,0.759865509,0.776148341,48,0.114558473,34.189920297,true,COMPLETE,0,300,321.189920297,72,135,7,6,7,140.917752792,159.42339497,300.341147762,0.46972584264,0.531411316567,1.00113715921
1.0,OP_CONFIRM_MLE_BASE_REFERENCE_ASSUMPTION_SANDBOX_V1,369372d7e06066baf12416f63c9b12a0af11b1ef17459431e126a703ba4c7eae,TASK3_OPERATIONAL_POOLED_V1,REFERENCE_ASSUMPTION_SANDBOX_V1,LOCAL_WINDOW_HPP_BASE,19,300.000000000,337.327171625,445,385,3,36,0,21,60,445,0,0,0,0.154371984,1.066559726,0.533658188,2.193269734,0.688030172,2.431020745,0.000000000,0.000000000,0.000000000,35.506211990,37.249202563,0.799511550,0.816643940,60,0.134831461,37.327171625,true,COMPLETE,0,300,324.327171625,83,219,5,6,6,65.549836618,212.01467782,277.564514438,0.218499455393,0.706715592733,0.925215048127
1.0,OP_CONFIRM_MLE_BASE_REFERENCE_ASSUMPTION_SANDBOX_V1,369372d7e06066baf12416f63c9b12a0af11b1ef17459431e126a703ba4c7eae,TASK3_OPERATIONAL_POOLED_V1,REFERENCE_ASSUMPTION_SANDBOX_V1,LOCAL_WINDOW_HPP_BASE,20,300.000000000,333.821416391,418,370,0,29,0,19,48,418,0,0,0,0.231818304,2.136083862,0.374115948,1.820072900,0.605934252,3.101551374,0.000000000,0.000000000,0.000000000,35.424116070,37.919733192,0.758888798,0.775150701,48,0.114832536,33.821416391,true,COMPLETE,0,300,320.821416391,55,146,6,6,6,96.900051073,155.215150471,252.115201544,0.323000170243,0.517383834903,0.840384005147
1.0,OP_CONFIRM_MLE_BASE_REFERENCE_ASSUMPTION_SANDBOX_V1,369372d7e06066baf12416f63c9b12a0af11b1ef17459431e126a703ba4c7eae,TASK3_OPERATIONAL_POOLED_V1,REFERENCE_ASSUMPTION_SANDBOX_V1,LOCAL_WINDOW_HPP_BASE,21,300.000000000,336.725252561,417,364,3,36,0,14,53,417,0,0,0,0.767110510,4.499269471,0.794701132,3.481812779,1.561811642,5.966949004,0.000000000,0.000000000,0.000000000,36.379993460,40.785130822,0.750544460,0.766627555,53,0.127098321,36.725252561,true,COMPLETE,0,300,323.725252561,115,184,12,8,13,316.468067283,306.676366498,623.144433781,1.05489355761,1.02225455499,2.0771481126
1.0,OP_CONFIRM_MLE_BASE_REFERENCE_ASSUMPTION_SANDBOX_V1,369372d7e06066baf12416f63c9b12a0af11b1ef17459431e126a703ba4c7eae,TASK3_OPERATIONAL_POOLED_V1,REFERENCE_ASSUMPTION_SANDBOX_V1,LOCAL_WINDOW_HPP_BASE,22,300.000000000,334.412573287,410,364,0,26,0,20,46,410,0,0,0,0.140851409,0.927556248,0.295627448,2.135937816,0.436478857,3.265712575,0.000000000,0.000000000,0.000000000,35.254660675,38.083894393,0.743048762,0.758971235,46,0.112195122,34.412573287,true,COMPLETE,0,300,321.412573287,29,78,7,8,8,57.749077522,115.860305755,173.609383277,0.192496925073,0.386201019183,0.578697944257
1.0,OP_CONFIRM_MLE_BASE_REFERENCE_ASSUMPTION_SANDBOX_V1,369372d7e06066baf12416f63c9b12a0af11b1ef17459431e126a703ba4c7eae,TASK3_OPERATIONAL_POOLED_V1,REFERENCE_ASSUMPTION_SANDBOX_V1,LOCAL_WINDOW_HPP_BASE,23,300.000000000,334.747190250,439,395,0,23,0,21,44,439,0,0,0,0.506416382,3.407615906,0.588779807,2.460072360,1.095196189,4.291825544,0.000000000,0.000000000,0.000000000,35.913378007,39.110007362,0.794810573,0.811842228,44,0.100227790,34.747190250,true,COMPLETE,0,300,321.74719025,107,193,8,8,8,222.316791695,258.474335395,480.79112709,0.741055972317,0.861581117983,1.6026370903
1.0,OP_CONFIRM_MLE_BASE_REFERENCE_ASSUMPTION_SANDBOX_V1,369372d7e06066baf12416f63c9b12a0af11b1ef17459431e126a703ba4c7eae,TASK3_OPERATIONAL_POOLED_V1,REFERENCE_ASSUMPTION_SANDBOX_V1,LOCAL_WINDOW_HPP_BASE,24,300.000000000,338.467134862,412,354,2,36,0,20,58,412,0,0,0,0.086121886,0.884047014,0.439212648,2.860519587,0.525334534,3.664500747,0.000000000,0.000000000,0.000000000,35.343516352,38.482682565,0.737728849,0.753537324,58,0.140776699,38.467134862,true,COMPLETE,0,300,325.467134862,39,106,8,9,9,33.963493066,132.89541469,166.858907756,0.113211643553,0.442984715633,0.556196359187
1.0,OP_CONFIRM_MLE_BASE_REFERENCE_ASSUMPTION_SANDBOX_V1,369372d7e06066baf12416f63c9b12a0af11b1ef17459431e126a703ba4c7eae,TASK3_OPERATIONAL_POOLED_V1,REFERENCE_ASSUMPTION_SANDBOX_V1,LOCAL_WINDOW_HPP_BASE,25,300.000000000,338.371411118,424,366,3,36,0,19,58,424,0,0,0,0.246661377,1.872722035,0.364439084,2.236029802,0.611100461,3.302210024,0.000000000,0.000000000,0.000000000,35.429282279,38.120391842,0.759430875,0.775704394,58,0.136792453,38.371411118,true,COMPLETE,0,300,325.371411118,75,123,9,7,9,101.703715877,128.758248567,230.461964444,0.339012386257,0.42919416189,0.768206548147
1.0,OP_CONFIRM_MLE_BASE_REFERENCE_ASSUMPTION_SANDBOX_V1,369372d7e06066baf12416f63c9b12a0af11b1ef17459431e126a703ba4c7eae,TASK3_OPERATIONAL_POOLED_V1,REFERENCE_ASSUMPTION_SANDBOX_V1,LOCAL_WINDOW_HPP_BASE,26,300.000000000,334.010066237,419,371,0,26,1,21,48,419,0,0,0,0.412170644,2.721603685,0.571787120,2.634491925,0.983957764,3.967644885,0.000000000,0.000000000,0.000000000,35.802139582,38.785826703,0.760274673,0.776566273,48,0.114558473,34.010066237,true,COMPLETE,0,300,321.010066237,96,158,10,7,10,172.699499849,232.050626207,404.750126056,0.575664999497,0.773502087357,1.34916708685
1.0,OP_CONFIRM_MLE_BASE_REFERENCE_ASSUMPTION_SANDBOX_V1,369372d7e06066baf12416f63c9b12a0af11b1ef17459431e126a703ba4c7eae,TASK3_OPERATIONAL_POOLED_V1,REFERENCE_ASSUMPTION_SANDBOX_V1,LOCAL_WINDOW_HPP_BASE,27,300.000000000,336.064699825,410,356,0,35,0,19,54,410,0,0,0,0.138510288,1.212038067,0.369329381,1.821233174,0.507839670,2.352481438,0.000000000,0.000000000,0.000000000,35.326021488,37.170663256,0.739395862,0.755240059,54,0.131707317,36.064699825,true,COMPLETE,0,300,323.064699825,62,133,5,6,6,56.789218258,124.93954144,181.728759698,0.189297394193,0.416465138133,0.605762532327
1.0,OP_CONFIRM_MLE_BASE_REFERENCE_ASSUMPTION_SANDBOX_V1,369372d7e06066baf12416f63c9b12a0af11b1ef17459431e126a703ba4c7eae,TASK3_OPERATIONAL_POOLED_V1,REFERENCE_ASSUMPTION_SANDBOX_V1,LOCAL_WINDOW_HPP_BASE,28,300.000000000,333.879729785,392,339,0,30,2,21,53,392,0,0,0,0.136576794,0.924675318,0.323684647,2.012914607,0.460261441,2.721259981,0.000000000,0.000000000,0.000000000,35.278443259,37.539441799,0.711560890,0.726808623,53,0.135204082,33.879729785,true,COMPLETE,0,300,320.879729785,28,92,8,9,9,53.538103181,114.099028721,167.637131902,0.178460343937,0.380330095737,0.558790439673
1.0,OP_CONFIRM_MLE_BASE_REFERENCE_ASSUMPTION_SANDBOX_V1,369372d7e06066baf12416f63c9b12a0af11b1ef17459431e126a703ba4c7eae,TASK3_OPERATIONAL_POOLED_V1,REFERENCE_ASSUMPTION_SANDBOX_V1,LOCAL_WINDOW_HPP_BASE,29,300.000000000,333.984371011,424,376,0,35,0,13,48,424,0,0,0,0.213736905,1.355665930,0.636556799,3.188673153,0.850293704,3.836327174,0.000000000,0.000000000,0.000000000,35.668475522,38.654508992,0.769406353,0.785893632,48,0.113207547,33.984371011,true,COMPLETE,0,300,320.984371011,67,162,8,8,8,90.624447519,233.303894786,323.928342305,0.30208149173,0.777679649287,1.07976114102
1.0,OP_CONFIRM_MLE_BASE_REFERENCE_ASSUMPTION_SANDBOX_V1,369372d7e06066baf12416f63c9b12a0af11b1ef17459431e126a703ba4c7eae,TASK3_OPERATIONAL_POOLED_V1,REFERENCE_ASSUMPTION_SANDBOX_V1,LOCAL_WINDOW_HPP_BASE,30,300.000000000,337.163838330,408,349,1,36,1,21,59,408,0,0,0,0.241386823,2.158309030,0.414010306,2.207119989,0.655397129,3.421875062,0.000000000,0.000000000,0.000000000,35.473578947,38.240056880,0.733390415,0.749105924,59,0.144607843,37.163838330,true,COMPLETE,0,300,324.16383833,66,122,8,7,8,98.225210361,122.077080749,220.30229111,0.32741736787,0.406923602497,0.734340970367
1.0,OP_CONFIRM_MLE_BASE_REFERENCE_ASSUMPTION_SANDBOX_V1,369372d7e06066baf12416f63c9b12a0af11b1ef17459431e126a703ba4c7eae,TASK3_OPERATIONAL_POOLED_V1,REFERENCE_ASSUMPTION_SANDBOX_V1,LOCAL_WINDOW_HPP_BASE,31,300.000000000,335.252251167,425,370,0,35,0,20,55,425,0,0,0,0.706755577,5.500617391,0.408165260,2.379463177,1.114920836,6.688150287,0.000000000,0.000000000,0.000000000,35.933102654,41.506332105,0.768304334,0.784767998,55,0.129411765,35.252251167,true,COMPLETE,0,300,322.252251167,85,115,14,6,14,300.371120192,116.690387595,417.061507787,1.00123706731,0.38896795865,1.39020502596
1.0,OP_CONFIRM_MLE_BASE_REFERENCE_ASSUMPTION_SANDBOX_V1,369372d7e06066baf12416f63c9b12a0af11b1ef17459431e126a703ba4c7eae,TASK3_OPERATIONAL_POOLED_V1,REFERENCE_ASSUMPTION_SANDBOX_V1,LOCAL_WINDOW_HPP_BASE,32,300.000000000,335.608438186,395,342,0,29,3,21,53,395,0,0,0,0.092584783,0.736922897,0.230167883,1.744442409,0.322752666,2.334757964,0.000000000,0.000000000,0.000000000,35.140934484,37.152939782,0.713313231,0.728598515,53,0.134177215,35.608438186,true,COMPLETE,0,300,322.608438186,32,77,4,6,6,36.570989145,84.516430053,121.087419198,0.12190329715,0.28172143351,0.40362473066
1.0,OP_CONFIRM_MLE_BASE_REFERENCE_ASSUMPTION_SANDBOX_V1,369372d7e06066baf12416f63c9b12a0af11b1ef17459431e126a703ba4c7eae,TASK3_OPERATIONAL_POOLED_V1,REFERENCE_ASSUMPTION_SANDBOX_V1,LOCAL_WINDOW_HPP_BASE,33,300.000000000,336.695958027,428,384,0,28,0,16,44,428,0,0,0,0.252568882,1.747668934,0.368329701,1.898600893,0.620898583,2.875025779,0.000000000,0.000000000,0.000000000,35.439080401,37.693207597,0.770410019,0.786918805,44,0.102803738,36.695958027,true,COMPLETE,0,300,323.695958027,70,132,8,5,8,108.099481492,153.586249627,261.685731119,0.360331604973,0.511954165423,0.872285770397
1.0,OP_CONFIRM_MLE_BASE_REFERENCE_ASSUMPTION_SANDBOX_V1,369372d7e06066baf12416f63c9b12a0af11b1ef17459431e126a703ba4c7eae,TASK3_OPERATIONAL_POOLED_V1,REFERENCE_ASSUMPTION_SANDBOX_V1,LOCAL_WINDOW_HPP_BASE,34,300.000000000,338.339499534,426,365,5,36,0,20,61,426,0,0,0,0.293635486,2.795498228,0.252187219,1.772256117,0.545822705,3.394021009,0.000000000,0.000000000,0.000000000,35.364004523,38.212202827,0.763085063,0.779436885,61,0.143192488,38.339499534,true,COMPLETE,0,300,325.339499534,50,97,9,6,9,121.020684953,75.985041762,197.005726715,0.403402283177,0.25328347254,0.656685755717
1.0,OP_CONFIRM_MLE_BASE_REFERENCE_ASSUMPTION_SANDBOX_V1,369372d7e06066baf12416f63c9b12a0af11b1ef17459431e126a703ba4c7eae,TASK3_OPERATIONAL_POOLED_V1,REFERENCE_ASSUMPTION_SANDBOX_V1,LOCAL_WINDOW_HPP_BASE,35,300.000000000,343.481421421,451,380,14,36,0,21,71,451,0,0,0,0.714420340,4.388955314,0.719895337,3.175401204,1.434315677,6.044732340,0.000000000,0.000000000,0.000000000,36.252497495,40.862914158,0.795773268,0.812825553,71,0.157427938,43.481421421,true,COMPLETE,0,300,330.481421421,133,189,17,9,17,281.793329695,207.054174032,488.847503727,0.939311098983,0.690180580107,1.62949167909
1.0,OP_CONFIRM_MLE_BASE_REFERENCE_ASSUMPTION_SANDBOX_V1,369372d7e06066baf12416f63c9b12a0af11b1ef17459431e126a703ba4c7eae,TASK3_OPERATIONAL_POOLED_V1,REFERENCE_ASSUMPTION_SANDBOX_V1,LOCAL_WINDOW_HPP_BASE,36,300.000000000,335.262134136,414,369,0,32,0,13,45,414,0,0,0,0.019958639,0.000000000,0.228818411,2.008872078,0.248777050,2.042239207,0.000000000,0.000000000,0.000000000,35.066958868,36.860421025,0.748396748,0.764433821,45,0.108695652,35.262134136,true,COMPLETE,0,300,322.262134136,11,68,3,5,5,8.262876617,93.445447601,101.708324218,0.0275429220567,0.311484825337,0.339027747393
1.0,OP_CONFIRM_MLE_BASE_REFERENCE_ASSUMPTION_SANDBOX_V1,369372d7e06066baf12416f63c9b12a0af11b1ef17459431e126a703ba4c7eae,TASK3_OPERATIONAL_POOLED_V1,REFERENCE_ASSUMPTION_SANDBOX_V1,LOCAL_WINDOW_HPP_BASE,37,300.000000000,334.323681021,408,354,0,31,2,21,54,408,0,0,0,0.224417226,1.819087687,0.416254231,2.586335656,0.640671457,3.804652912,0.000000000,0.000000000,0.000000000,35.458853275,38.622834730,0.739620737,0.755469753,54,0.132352941,34.323681021,true,COMPLETE,0,300,321.323681021,57,105,7,8,8,91.562228181,149.165171618,240.727399799,0.30520742727,0.497217238727,0.802424665997
1.0,OP_CONFIRM_MLE_BASE_REFERENCE_ASSUMPTION_SANDBOX_V1,369372d7e06066baf12416f63c9b12a0af11b1ef17459431e126a703ba4c7eae,TASK3_OPERATIONAL_POOLED_V1,REFERENCE_ASSUMPTION_SANDBOX_V1,LOCAL_WINDOW_HPP_BASE,38,300.000000000,334.203534405,406,362,0,23,0,21,44,406,0,0,0,0.038421401,0.000106175,0.181880696,1.581876790,0.220302097,1.642636100,0.000000000,0.000000000,0.000000000,35.038483915,36.460817918,0.736259736,0.752036730,44,0.108374384,34.203534405,true,COMPLETE,0,300,321.203534405,21,60,4,5,5,15.599088819,73.5643349,89.163423719,0.05199696273,0.245214449667,0.297211412397
1.0,OP_CONFIRM_MLE_BASE_REFERENCE_ASSUMPTION_SANDBOX_V1,369372d7e06066baf12416f63c9b12a0af11b1ef17459431e126a703ba4c7eae,TASK3_OPERATIONAL_POOLED_V1,REFERENCE_ASSUMPTION_SANDBOX_V1,LOCAL_WINDOW_HPP_BASE,39,300.000000000,341.633966433,388,323,6,36,2,21,65,388,0,0,0,0.304203842,2.636532528,0.443926885,3.084772047,0.748130727,4.834022532,0.000000000,0.000000000,0.000000000,35.566312545,39.652204350,0.688314214,0.703063805,65,0.167525773,41.633966433,true,COMPLETE,0,300,328.633966433,45,100,13,8,13,113.464385293,76.798174171,190.262559464,0.378214617643,0.255993913903,0.634208531547
1.0,OP_CONFIRM_MLE_BASE_REFERENCE_ASSUMPTION_SANDBOX_V1,369372d7e06066baf12416f63c9b12a0af11b1ef17459431e126a703ba4c7eae,TASK3_OPERATIONAL_POOLED_V1,REFERENCE_ASSUMPTION_SANDBOX_V1,LOCAL_WINDOW_HPP_BASE,40,300.000000000,335.272774441,399,345,0,32,1,21,54,399,0,0,0,0.185522511,0.000000000,0.208354540,1.525687464,0.393877051,3.522165706,0.000000000,0.000000000,0.000000000,35.212058869,38.340347524,0.721258033,0.736713562,54,0.135338346,35.272774441,true,COMPLETE,0,300,322.272774441,17,63,9,8,9,74.023482034,82.621537888,156.645019922,0.246744940113,0.275405126293,0.522150066407
1.0,OP_CONFIRM_MLE_BASE_REFERENCE_ASSUMPTION_SANDBOX_V1,369372d7e06066baf12416f63c9b12a0af11b1ef17459431e126a703ba4c7eae,TASK3_OPERATIONAL_POOLED_V1,REFERENCE_ASSUMPTION_SANDBOX_V1,LOCAL_WINDOW_HPP_BASE,41,300.000000000,334.367218497,416,371,0,27,0,18,45,416,0,0,0,0.256580394,1.992863908,0.323780329,2.004773285,0.580360724,3.239797144,0.000000000,0.000000000,0.000000000,35.398542542,38.057978962,0.754024911,0.770182588,45,0.108173077,34.367218497,true,COMPLETE,0,300,321.367218497,67,118,8,6,8,106.737444049,134.692617031,241.43006108,0.355791480163,0.448975390103,0.804766870267
1.0,OP_CONFIRM_MLE_BASE_REFERENCE_ASSUMPTION_SANDBOX_V1,369372d7e06066baf12416f63c9b12a0af11b1ef17459431e126a703ba4c7eae,TASK3_OPERATIONAL_POOLED_V1,REFERENCE_ASSUMPTION_SANDBOX_V1,LOCAL_WINDOW_HPP_BASE,42,300.000000000,334.308413002,403,350,0,27,5,21,53,403,0,0,0,0.704166854,4.879852137,0.568126626,3.162145925,1.272293480,7.511248252,0.000000000,0.000000000,0.000000000,36.090475298,42.329430070,0.730590122,0.746245625,53,0.131513648,34.308413002,true,COMPLETE,0,300,321.308413002,85,114,13,8,16,283.779242241,199.113117828,482.892360069,0.94593080747,0.66371039276,1.60964120023
1.0,OP_CONFIRM_MLE_BASE_REFERENCE_ASSUMPTION_SANDBOX_V1,369372d7e06066baf12416f63c9b12a0af11b1ef17459431e126a703ba4c7eae,TASK3_OPERATIONAL_POOLED_V1,REFERENCE_ASSUMPTION_SANDBOX_V1,LOCAL_WINDOW_HPP_BASE,43,300.000000000,334.691888900,407,353,0,30,3,21,54,407,0,0,0,0.443681966,3.034400344,0.300855433,1.843778269,0.744537398,4.160249958,0.000000000,0.000000000,0.000000000,35.562719216,38.978431776,0.736996249,0.752789026,54,0.132678133,34.691888900,true,COMPLETE,0,300,321.6918889,77,111,10,7,11,180.578559983,99.352476995,279.931036978,0.601928533277,0.331174923317,0.933103456593
1.0,OP_CONFIRM_MLE_BASE_REFERENCE_ASSUMPTION_SANDBOX_V1,369372d7e06066baf12416f63c9b12a0af11b1ef17459431e126a703ba4c7eae,TASK3_OPERATIONAL_POOLED_V1,REFERENCE_ASSUMPTION_SANDBOX_V1,LOCAL_WINDOW_HPP_BASE,44,300.000000000,333.476554778,366,324,0,31,0,11,42,366,0,0,0,0.000000000,0.000000000,0.069226095,0.485576818,0.069226095,0.485576818,0.000000000,0.000000000,0.000000000,34.887407913,35.303758636,0.665168746,0.679422362,42,0.114754098,33.476554778,true,COMPLETE,0,300,320.476554778,0,35,0,4,4,0,22.57063311,22.57063311,0,0.0752354437,0.0752354437
1.0,OP_CONFIRM_MLE_BASE_REFERENCE_ASSUMPTION_SANDBOX_V1,369372d7e06066baf12416f63c9b12a0af11b1ef17459431e126a703ba4c7eae,TASK3_OPERATIONAL_POOLED_V1,REFERENCE_ASSUMPTION_SANDBOX_V1,LOCAL_WINDOW_HPP_BASE,45,300.000000000,333.751947751,399,349,0,28,1,21,50,399,0,0,0,0.105258593,0.463305091,0.192837514,1.415413735,0.298096107,1.989322874,0.000000000,0.000000000,0.000000000,35.116277925,36.807504692,0.724544631,0.740070587,50,0.125313283,33.751947751,true,COMPLETE,0,300,320.751947751,20,72,7,5,7,41.998178445,75.75630858,117.754487025,0.13999392815,0.2525210286,0.39251495675
1.0,OP_CONFIRM_MLE_BASE_REFERENCE_ASSUMPTION_SANDBOX_V1,369372d7e06066baf12416f63c9b12a0af11b1ef17459431e126a703ba4c7eae,TASK3_OPERATIONAL_POOLED_V1,REFERENCE_ASSUMPTION_SANDBOX_V1,LOCAL_WINDOW_HPP_BASE,46,300.000000000,336.152675771,452,394,0,29,8,21,58,452,0,0,0,0.962802658,5.151774543,1.030865891,3.566823307,1.993668549,6.871251009,0.000000000,0.000000000,0.000000000,36.811850367,41.689432827,0.814925520,0.832388209,58,0.128318584,36.152675771,true,COMPLETE,0,300,323.152675771,183,271,15,10,15,435.186801333,373.061173928,808.247975261,1.45062267111,1.24353724643,2.69415991754
1.0,OP_CONFIRM_MLE_BASE_REFERENCE_ASSUMPTION_SANDBOX_V1,369372d7e06066baf12416f63c9b12a0af11b1ef17459431e126a703ba4c7eae,TASK3_OPERATIONAL_POOLED_V1,REFERENCE_ASSUMPTION_SANDBOX_V1,LOCAL_WINDOW_HPP_BASE,47,300.000000000,334.574566537,385,347,0,24,0,14,38,385,0,0,0,0.006965283,0.000000000,0.134085678,1.442984503,0.141050961,1.442984503,0.000000000,0.000000000,0.000000000,34.959232779,36.261166321,0.697403080,0.712347432,38,0.098701299,34.574566537,true,COMPLETE,0,300,321.574566537,6,44,2,5,5,2.681634024,51.622986042,54.304620066,0.00893878008,0.17207662014,0.18101540022
1.0,OP_CONFIRM_MLE_BASE_REFERENCE_ASSUMPTION_SANDBOX_V1,369372d7e06066baf12416f63c9b12a0af11b1ef17459431e126a703ba4c7eae,TASK3_OPERATIONAL_POOLED_V1,REFERENCE_ASSUMPTION_SANDBOX_V1,LOCAL_WINDOW_HPP_BASE,48,300.000000000,334.182435039,416,364,0,31,0,21,52,416,0,0,0,0.806591890,5.519534372,0.676575086,4.011203747,1.483166976,7.285356425,0.000000000,0.000000000,0.000000000,36.301348794,42.103538243,0.754441843,0.770608454,52,0.125000000,34.182435039,true,COMPLETE,0,300,321.182435039,104,137,14,9,14,335.54222633,271.857041221,607.399267551,1.11847408777,0.906190137403,2.02466422517
1.0,OP_CONFIRM_MLE_BASE_REFERENCE_ASSUMPTION_SANDBOX_V1,369372d7e06066baf12416f63c9b12a0af11b1ef17459431e126a703ba4c7eae,TASK3_OPERATIONAL_POOLED_V1,REFERENCE_ASSUMPTION_SANDBOX_V1,LOCAL_WINDOW_HPP_BASE,49,300.000000000,332.907357814,423,374,0,27,1,21,49,423,0,0,0,0.485690711,3.429093407,0.621721652,2.909285339,1.107412363,4.875148937,0.000000000,0.000000000,0.000000000,35.925594181,39.693330755,0.770075008,0.786576616,49,0.115839243,32.907357814,true,COMPLETE,0,300,319.907357814,95,168,13,8,13,205.447170595,257.92937649,463.376547085,0.684823901983,0.8597645883,1.54458849028
1.0,OP_CONFIRM_MLE_BASE_REFERENCE_ASSUMPTION_SANDBOX_V1,369372d7e06066baf12416f63c9b12a0af11b1ef17459431e126a703ba4c7eae,TASK3_OPERATIONAL_POOLED_V1,REFERENCE_ASSUMPTION_SANDBOX_V1,LOCAL_WINDOW_HPP_BASE,50,300.000000000,334.347157797,414,361,0,29,3,21,53,414,0,0,0,0.304832146,2.494612443,0.591074867,3.155862343,0.895907013,4.074617586,0.000000000,0.000000000,0.000000000,35.714088831,38.892799404,0.750444815,0.766525775,53,0.128019324,34.347157797,true,COMPLETE,0,300,321.347157797,66,134,7,8,8,126.20050844,229.035568956,355.236077396,0.420668361467,0.76345189652,1.18412025799
1.0,OP_CONFIRM_EXACT95_HIGH_REFERENCE_ASSUMPTION_SANDBOX_V1,eed4ac1694a3cbb110169bff620757a2aa7b14be5e0738f9318b5c1a3c59b08f,TASK3_OPERATIONAL_POOLED_V1,REFERENCE_ASSUMPTION_SANDBOX_V1,LOCAL_WINDOW_HPP_EXACT95_HIGH,1,300.000000000,392.308479524,564,414,84,36,9,21,150,564,0,0,0,25.148823269,47.773035370,3.900948017,8.103148667,29.049771286,54.507395958,0.000000000,0.000000000,0.000000000,63.867953104,89.325577776,0.871299499,0.889970203,150,0.265957447,92.308479524,true,COMPLETE,0,300,379.308479524,487,492,85,17,95,12071.3556398,1362.91360204,13434.2692418,40.2378521325,4.54304534012,44.7808974727
1.0,OP_CONFIRM_EXACT95_HIGH_REFERENCE_ASSUMPTION_SANDBOX_V1,eed4ac1694a3cbb110169bff620757a2aa7b14be5e0738f9318b5c1a3c59b08f,TASK3_OPERATIONAL_POOLED_V1,REFERENCE_ASSUMPTION_SANDBOX_V1,LOCAL_WINDOW_HPP_EXACT95_HIGH,2,300.000000000,401.299059471,593,428,94,36,14,21,165,593,0,0,0,29.775737016,59.425971598,4.852932694,8.937424450,34.628669709,67.189468577,0.000000000,0.000000000,0.000000000,69.446851527,102.007650395,0.895576331,0.914767253,165,0.278246206,101.299059471,true,COMPLETE,0,300,388.299059471,557,565,102,17,112,14871.2840692,1810.3716496,16681.6557188,49.5709468973,6.03457216534,55.6055190626
1.0,OP_CONFIRM_EXACT95_HIGH_REFERENCE_ASSUMPTION_SANDBOX_V1,eed4ac1694a3cbb110169bff620757a2aa7b14be5e0738f9318b5c1a3c59b08f,TASK3_OPERATIONAL_POOLED_V1,REFERENCE_ASSUMPTION_SANDBOX_V1,LOCAL_WINDOW_HPP_EXACT95_HIGH,3,300.000000000,414.723889240,617,429,113,36,18,21,188,617,0,0,0,28.216695750,67.132764008,6.417245623,11.803338856,34.633941373,76.583369955,0.000000000,0.000000000,0.000000000,69.452123191,111.401551773,0.901658679,0.920979936,188,0.304700162,114.723889240,true,COMPLETE,0,300,401.72388924,568,583,115,24,131,13267.5840234,2462.59196933,15730.1759927,44.225280078,8.20863989778,52.4339199757
1.0,OP_CONFIRM_EXACT95_HIGH_REFERENCE_ASSUMPTION_SANDBOX_V1,eed4ac1694a3cbb110169bff620757a2aa7b14be5e0738f9318b5c1a3c59b08f,TASK3_OPERATIONAL_POOLED_V1,REFERENCE_ASSUMPTION_SANDBOX_V1,LOCAL_WINDOW_HPP_EXACT95_HIGH,4,300.000000000,382.707937182,562,429,58,36,18,21,133,562,0,0,0,16.276378176,33.602322788,6.378815344,11.187433296,22.655193520,41.894864622,0.000000000,0.000000000,0.000000000,57.473375338,76.713046440,0.889989539,0.909060743,133,0.236654804,82.707937182,true,COMPLETE,0,300,369.707937182,523,529,61,21,77,7967.57882329,2615.33669778,10582.9155211,26.5585960776,8.71778899261,35.2763850702
1.0,OP_CONFIRM_EXACT95_HIGH_REFERENCE_ASSUMPTION_SANDBOX_V1,eed4ac1694a3cbb110169bff620757a2aa7b14be5e0738f9318b5c1a3c59b08f,TASK3_OPERATIONAL_POOLED_V1,REFERENCE_ASSUMPTION_SANDBOX_V1,LOCAL_WINDOW_HPP_EXACT95_HIGH,5,300.000000000,400.637730253,591,427,94,36,13,21,164,591,0,0,0,26.218468140,54.369752983,4.580592104,8.952311539,30.799060244,62.354155384,0.000000000,0.000000000,0.000000000,65.617242062,97.172337202,0.894029172,0.913186940,164,0.277495770,100.637730253,true,COMPLETE,0,300,387.637730253,555,568,101,20,111,12741.0875462,1669.82570658,14410.9132527,42.4702918205,5.5660856886,48.0363775091
1.0,OP_CONFIRM_EXACT95_HIGH_REFERENCE_ASSUMPTION_SANDBOX_V1,eed4ac1694a3cbb110169bff620757a2aa7b14be5e0738f9318b5c1a3c59b08f,TASK3_OPERATIONAL_POOLED_V1,REFERENCE_ASSUMPTION_SANDBOX_V1,LOCAL_WINDOW_HPP_EXACT95_HIGH,6,300.000000000,388.740233840,571,429,73,36,12,21,142,571,0,0,0,20.831649187,41.283741585,5.638745657,10.258427510,26.470394844,49.658411985,0.000000000,0.000000000,0.000000000,61.288576662,84.476593803,0.890210418,0.909286356,142,0.248686515,88.740233840,true,COMPLETE,0,300,375.74023384,526,538,73,21,87,10274.5644819,2226.36941996,12500.9339018,34.2485482729,7.42123139986,41.6697796728
1.0,OP_CONFIRM_EXACT95_HIGH_REFERENCE_ASSUMPTION_SANDBOX_V1,eed4ac1694a3cbb110169bff620757a2aa7b14be5e0738f9318b5c1a3c59b08f,TASK3_OPERATIONAL_POOLED_V1,REFERENCE_ASSUMPTION_SANDBOX_V1,LOCAL_WINDOW_HPP_EXACT95_HIGH,7,300.000000000,391.156461325,574,426,70,36,21,21,148,574,0,0,0,19.806608625,42.284548510,5.720330681,11.655999168,25.526939306,50.264338956,0.000000000,0.000000000,0.000000000,60.345121124,85.082520774,0.889359687,0.908417394,148,0.257839721,91.156461325,true,COMPLETE,0,300,378.156461325,538,536,75,22,91,9590.80030085,2236.81553845,11827.6158393,31.9693343362,7.45605179482,39.425386131
1.0,OP_CONFIRM_EXACT95_HIGH_REFERENCE_ASSUMPTION_SANDBOX_V1,eed4ac1694a3cbb110169bff620757a2aa7b14be5e0738f9318b5c1a3c59b08f,TASK3_OPERATIONAL_POOLED_V1,REFERENCE_ASSUMPTION_SANDBOX_V1,LOCAL_WINDOW_HPP_EXACT95_HIGH,8,300.000000000,379.999579591,559,429,56,36,17,21,130,559,0,0,0,19.677689595,38.017263967,5.095585712,9.619583600,24.773275307,44.847921708,0.000000000,0.000000000,0.000000000,59.591457125,79.666103526,0.891548036,0.910652637,130,0.232558140,79.999579591,true,COMPLETE,0,300,366.999579591,522,525,66,20,78,9867.34688384,2024.32040905,11891.6672929,32.8911562795,6.74773469685,39.6388909763
1.0,OP_CONFIRM_EXACT95_HIGH_REFERENCE_ASSUMPTION_SANDBOX_V1,eed4ac1694a3cbb110169bff620757a2aa7b14be5e0738f9318b5c1a3c59b08f,TASK3_OPERATIONAL_POOLED_V1,REFERENCE_ASSUMPTION_SANDBOX_V1,LOCAL_WINDOW_HPP_EXACT95_HIGH,9,300.000000000,415.496360198,612,424,117,36,14,21,188,612,0,0,0,30.373261916,67.466457373,4.921705450,9.331895622,35.294967366,74.989463247,0.000000000,0.000000000,0.000000000,70.113149184,109.807645065,0.892689146,0.911818199,188,0.307189542,115.496360198,true,COMPLETE,0,300,402.496360198,575,579,118,18,131,14310.2641475,1733.09675712,16043.3609046,47.7008804916,5.77698919039,53.477869682
1.0,OP_CONFIRM_EXACT95_HIGH_REFERENCE_ASSUMPTION_SANDBOX_V1,eed4ac1694a3cbb110169bff620757a2aa7b14be5e0738f9318b5c1a3c59b08f,TASK3_OPERATIONAL_POOLED_V1,REFERENCE_ASSUMPTION_SANDBOX_V1,LOCAL_WINDOW_HPP_EXACT95_HIGH,10,300.000000000,379.471014182,560,429,56,36,18,21,131,560,0,0,0,21.160038596,36.425575287,9.085943902,16.399735881,30.245982498,44.068989168,0.000000000,0.000000000,0.000000000,65.064164316,78.887170986,0.894386993,0.913552429,131,0.233928571,79.471014182,true,COMPLETE,0,300,366.471014182,524,525,63,32,78,10906.8111616,3919.76395522,14826.5751168,36.3560372054,13.0658798507,49.4219170562
1.0,OP_CONFIRM_EXACT95_HIGH_REFERENCE_ASSUMPTION_SANDBOX_V1,eed4ac1694a3cbb110169bff620757a2aa7b14be5e0738f9318b5c1a3c59b08f,TASK3_OPERATIONAL_POOLED_V1,REFERENCE_ASSUMPTION_SANDBOX_V1,LOCAL_WINDOW_HPP_EXACT95_HIGH,11,300.000000000,364.365296511,534,429,30,36,18,21,105,534,0,0,0,16.533073249,26.287529058,5.798693766,10.627992438,22.331767015,34.265943551,0.000000000,0.000000000,0.000000000,57.149948833,69.084125369,0.888219506,0.907252781,105,0.196629213,64.365296511,true,COMPLETE,0,300,351.365296511,498,501,52,21,60,8456.15478578,2423.5070036,10879.6617894,28.1871826193,8.07835667867,36.2655392979
1.0,OP_CONFIRM_EXACT95_HIGH_REFERENCE_ASSUMPTION_SANDBOX_V1,eed4ac1694a3cbb110169bff620757a2aa7b14be5e0738f9318b5c1a3c59b08f,TASK3_OPERATIONAL_POOLED_V1,REFERENCE_ASSUMPTION_SANDBOX_V1,LOCAL_WINDOW_HPP_EXACT95_HIGH,12,300.000000000,391.476368860,577,429,76,36,15,21,148,577,0,0,0,28.191799398,46.780632166,5.487816839,9.846320977,33.679616236,55.223825805,0.000000000,0.000000000,0.000000000,68.497798054,90.042007623,0.893277341,0.912418998,148,0.256499133,91.476368860,true,COMPLETE,0,300,378.47636886,541,544,82,20,96,14412.9842474,2136.58045388,16549.5647012,48.0432808245,7.12193484627,55.1652156708
1.0,OP_CONFIRM_EXACT95_HIGH_REFERENCE_ASSUMPTION_SANDBOX_V1,eed4ac1694a3cbb110169bff620757a2aa7b14be5e0738f9318b5c1a3c59b08f,TASK3_OPERATIONAL_POOLED_V1,REFERENCE_ASSUMPTION_SANDBOX_V1,LOCAL_WINDOW_HPP_EXACT95_HIGH,13,300.000000000,403.984669825,594,426,104,36,7,21,168,594,0,0,0,29.242925259,58.939100622,4.114130338,8.304084947,33.357055597,66.772723835,0.000000000,0.000000000,0.000000000,68.175237415,101.590905653,0.891122923,0.910218415,168,0.282828283,103.984669825,true,COMPLETE,0,300,390.984669825,529,540,105,16,114,14253.6836495,1428.12579243,15681.8094419,47.5122788317,4.76041930811,52.2726981398
1.0,OP_CONFIRM_EXACT95_HIGH_REFERENCE_ASSUMPTION_SANDBOX_V1,eed4ac1694a3cbb110169bff620757a2aa7b14be5e0738f9318b5c1a3c59b08f,TASK3_OPERATIONAL_POOLED_V1,REFERENCE_ASSUMPTION_SANDBOX_V1,LOCAL_WINDOW_HPP_EXACT95_HIGH,14,300.000000000,392.441797872,577,427,83,36,10,21,150,577,0,0,0,19.780675836,44.985938130,3.612761470,7.080649074,23.393437306,51.847167367,0.000000000,0.000000000,0.000000000,58.211619124,86.665349185,0.891079828,0.910174396,150,0.259965338,92.441797872,true,COMPLETE,0,300,379.441797872,498,527,83,15,93,9282.1965769,1267.65996195,10549.8565388,30.9406552563,4.22553320649,35.1661884628
1.0,OP_CONFIRM_EXACT95_HIGH_REFERENCE_ASSUMPTION_SANDBOX_V1,eed4ac1694a3cbb110169bff620757a2aa7b14be5e0738f9318b5c1a3c59b08f,TASK3_OPERATIONAL_POOLED_V1,REFERENCE_ASSUMPTION_SANDBOX_V1,LOCAL_WINDOW_HPP_EXACT95_HIGH,15,300.000000000,408.772583593,604,428,104,36,15,21,176,604,0,0,0,34.231105955,63.578879024,5.326971843,9.947735984,39.558077798,71.934475130,0.000000000,0.000000000,0.000000000,74.376259616,106.752656948,0.895511638,0.914701173,176,0.291390728,108.772583593,true,COMPLETE,0,300,395.772583593,568,574,111,19,121,17189.1947358,1975.80357732,19164.9983131,57.2973157859,6.58601192442,63.8833277103
1.0,OP_CONFIRM_EXACT95_HIGH_REFERENCE_ASSUMPTION_SANDBOX_V1,eed4ac1694a3cbb110169bff620757a2aa7b14be5e0738f9318b5c1a3c59b08f,TASK3_OPERATIONAL_POOLED_V1,REFERENCE_ASSUMPTION_SANDBOX_V1,LOCAL_WINDOW_HPP_EXACT95_HIGH,16,300.000000000,377.682265286,549,424,56,36,12,21,125,549,0,0,0,14.514458183,33.780705237,3.835547676,7.842199481,18.350005859,41.070409078,0.000000000,0.000000000,0.000000000,53.168187677,75.888590896,0.880971397,0.899849355,125,0.227686703,77.682265286,true,COMPLETE,0,300,364.682265286,483,498,63,15,71,6955.50521405,1430.66104523,8386.16625928,23.1850173802,4.76887015078,27.9538875309
1.0,OP_CONFIRM_EXACT95_HIGH_REFERENCE_ASSUMPTION_SANDBOX_V1,eed4ac1694a3cbb110169bff620757a2aa7b14be5e0738f9318b5c1a3c59b08f,TASK3_OPERATIONAL_POOLED_V1,REFERENCE_ASSUMPTION_SANDBOX_V1,LOCAL_WINDOW_HPP_EXACT95_HIGH,17,300.000000000,374.929084336,550,428,57,36,8,21,122,550,0,0,0,18.136867675,33.854964739,3.955697800,7.503507361,22.092565475,41.008657033,0.000000000,0.000000000,0.000000000,56.910747293,75.826838851,0.889057017,0.908108239,122,0.221818182,74.929084336,true,COMPLETE,0,300,361.929084336,514,514,61,15,71,9074.78376609,1518.14153437,10592.9253005,30.2492792203,5.06047178123,35.3097510015
1.0,OP_CONFIRM_EXACT95_HIGH_REFERENCE_ASSUMPTION_SANDBOX_V1,eed4ac1694a3cbb110169bff620757a2aa7b14be5e0738f9318b5c1a3c59b08f,TASK3_OPERATIONAL_POOLED_V1,REFERENCE_ASSUMPTION_SANDBOX_V1,LOCAL_WINDOW_HPP_EXACT95_HIGH,18,300.000000000,405.955538258,598,428,100,36,13,21,170,598,0,0,0,22.492959277,55.591150814,4.914570893,9.057433919,27.407530170,64.245620451,0.000000000,0.000000000,0.000000000,62.225711988,99.063802269,0.892768316,0.911899066,170,0.284280936,105.955538258,true,COMPLETE,0,300,392.955538258,562,569,101,19,116,10260.043548,1810.33153842,12070.3750864,34.2001451599,6.03443846141,40.2345836213
1.0,OP_CONFIRM_EXACT95_HIGH_REFERENCE_ASSUMPTION_SANDBOX_V1,eed4ac1694a3cbb110169bff620757a2aa7b14be5e0738f9318b5c1a3c59b08f,TASK3_OPERATIONAL_POOLED_V1,REFERENCE_ASSUMPTION_SANDBOX_V1,LOCAL_WINDOW_HPP_EXACT95_HIGH,19,300.000000000,376.758593930,550,426,57,36,10,21,124,550,0,0,0,13.922475604,30.631665826,3.947085392,7.685701067,17.869560996,37.146839478,0.000000000,0.000000000,0.000000000,52.687742814,71.965021296,0.884739827,0.903698538,124,0.225454545,76.758593930,true,COMPLETE,0,300,363.75859393,489,504,59,15,67,6691.11204232,1485.72380558,8176.8358479,22.3037068077,4.95241268526,27.256119493
1.0,OP_CONFIRM_EXACT95_HIGH_REFERENCE_ASSUMPTION_SANDBOX_V1,eed4ac1694a3cbb110169bff620757a2aa7b14be5e0738f9318b5c1a3c59b08f,TASK3_OPERATIONAL_POOLED_V1,REFERENCE_ASSUMPTION_SANDBOX_V1,LOCAL_WINDOW_HPP_EXACT95_HIGH,20,300.000000000,395.395693231,581,426,91,36,7,21,155,581,0,0,0,17.143556805,48.342921974,2.705283015,5.969576486,19.848839820,54.429442261,0.000000000,0.000000000,0.000000000,54.667021638,89.247624079,0.890553990,0.909637289,155,0.266781411,95.395693231,true,COMPLETE,0,300,382.395693231,487,510,91,12,98,7489.88436707,870.57369821,8360.45806528,24.9662812236,2.90191232737,27.8681935509
1.0,OP_CONFIRM_EXACT95_HIGH_REFERENCE_ASSUMPTION_SANDBOX_V1,eed4ac1694a3cbb110169bff620757a2aa7b14be5e0738f9318b5c1a3c59b08f,TASK3_OPERATIONAL_POOLED_V1,REFERENCE_ASSUMPTION_SANDBOX_V1,LOCAL_WINDOW_HPP_EXACT95_HIGH,21,300.000000000,378.879858447,556,429,60,36,10,21,127,556,0,0,0,14.636835979,32.628675690,4.512030278,8.701762470,19.148866257,40.333561371,0.000000000,0.000000000,0.000000000,53.967048075,75.151743189,0.889384034,0.908442263,127,0.228417266,78.879858447,true,COMPLETE,0,300,365.879858447,520,513,62,17,73,7059.26777556,1745.18442592,8804.45220148,23.5308925852,5.81728141974,29.3481740049
1.0,OP_CONFIRM_EXACT95_HIGH_REFERENCE_ASSUMPTION_SANDBOX_V1,eed4ac1694a3cbb110169bff620757a2aa7b14be5e0738f9318b5c1a3c59b08f,TASK3_OPERATIONAL_POOLED_V1,REFERENCE_ASSUMPTION_SANDBOX_V1,LOCAL_WINDOW_HPP_EXACT95_HIGH,22,300.000000000,369.149014919,537,426,40,36,14,21,111,537,0,0,0,14.141394632,27.554968843,4.792506538,9.170704234,18.933901170,34.324042471,0.000000000,0.000000000,0.000000000,53.752082988,69.142224289,0.881634604,0.900526774,111,0.206703911,69.149014919,true,COMPLETE,0,300,356.149014919,500,506,50,18,61,7052.02074498,1907.92432686,8959.94507184,23.5067358166,6.3597477562,29.8664835728
1.0,OP_CONFIRM_EXACT95_HIGH_REFERENCE_ASSUMPTION_SANDBOX_V1,eed4ac1694a3cbb110169bff620757a2aa7b14be5e0738f9318b5c1a3c59b08f,TASK3_OPERATIONAL_POOLED_V1,REFERENCE_ASSUMPTION_SANDBOX_V1,LOCAL_WINDOW_HPP_EXACT95_HIGH,23,300.000000000,392.810269830,576,425,84,36,10,21,151,576,0,0,0,19.003746089,48.270247160,3.906055556,7.455226574,22.909801646,55.284045513,0.000000000,0.000000000,0.000000000,57.727983464,90.102227331,0.888701075,0.907744670,151,0.262152778,92.810269830,true,COMPLETE,0,300,379.81026983,536,545,84,15,95,8840.9981603,1395.27808016,10236.2762405,29.4699938677,4.65092693386,34.1209208015
1.0,OP_CONFIRM_EXACT95_HIGH_REFERENCE_ASSUMPTION_SANDBOX_V1,eed4ac1694a3cbb110169bff620757a2aa7b14be5e0738f9318b5c1a3c59b08f,TASK3_OPERATIONAL_POOLED_V1,REFERENCE_ASSUMPTION_SANDBOX_V1,LOCAL_WINDOW_HPP_EXACT95_HIGH,24,300.000000000,384.435395639,565,429,63,36,16,21,136,565,0,0,0,22.047656678,38.688978234,5.640654715,10.215602057,27.688311393,46.510665610,0.000000000,0.000000000,0.000000000,62.506493211,81.328847428,0.890719862,0.909806716,136,0.240707965,84.435395639,true,COMPLETE,0,300,371.435395639,527,532,68,20,80,11100.4911633,2252.75802898,13353.2491923,37.0016372109,7.50919342992,44.5108306409
1.0,OP_CONFIRM_EXACT95_HIGH_REFERENCE_ASSUMPTION_SANDBOX_V1,eed4ac1694a3cbb110169bff620757a2aa7b14be5e0738f9318b5c1a3c59b08f,TASK3_OPERATIONAL_POOLED_V1,REFERENCE_ASSUMPTION_SANDBOX_V1,LOCAL_WINDOW_HPP_EXACT95_HIGH,25,300.000000000,363.108962628,530,427,33,36,13,21,103,530,0,0,0,11.116612909,19.845088128,4.303318932,7.930651596,15.419931842,27.796426775,0.000000000,0.000000000,0.000000000,50.238113660,62.614608593,0.884616339,0.903572404,103,0.194339623,63.108962628,true,COMPLETE,0,300,350.108962628,494,493,38,16,48,5525.83656801,1724.94664614,7250.78321415,18.4194552267,5.74982215379,24.1692773805
1.0,OP_CONFIRM_EXACT95_HIGH_REFERENCE_ASSUMPTION_SANDBOX_V1,eed4ac1694a3cbb110169bff620757a2aa7b14be5e0738f9318b5c1a3c59b08f,TASK3_OPERATIONAL_POOLED_V1,REFERENCE_ASSUMPTION_SANDBOX_V1,LOCAL_WINDOW_HPP_EXACT95_HIGH,26,300.000000000,394.576244678,582,428,78,36,19,21,154,582,0,0,0,29.897855587,48.226053245,6.756069506,13.367596529,36.653925093,57.712153548,0.000000000,0.000000000,0.000000000,71.472106911,92.530335366,0.893939454,0.913095299,154,0.264604811,94.576244678,true,COMPLETE,0,300,381.576244678,546,550,89,28,98,15304.6825932,2710.76175132,18015.4443445,51.0156086438,9.0358725044,60.0514811482
1.0,OP_CONFIRM_EXACT95_HIGH_REFERENCE_ASSUMPTION_SANDBOX_V1,eed4ac1694a3cbb110169bff620757a2aa7b14be5e0738f9318b5c1a3c59b08f,TASK3_OPERATIONAL_POOLED_V1,REFERENCE_ASSUMPTION_SANDBOX_V1,LOCAL_WINDOW_HPP_EXACT95_HIGH,27,300.000000000,383.691597895,563,427,70,36,9,21,136,563,0,0,0,23.440629108,38.257837990,3.912729514,7.266565677,27.353358622,45.153385587,0.000000000,0.000000000,0.000000000,62.171540440,79.971567405,0.889287446,0.908343606,136,0.241563055,83.691597895,true,COMPLETE,0,300,370.691597895,526,523,73,16,82,11753.2192959,1445.64373822,13198.8630341,39.1773976531,4.81881246072,43.9962101138
1.0,OP_CONFIRM_EXACT95_HIGH_REFERENCE_ASSUMPTION_SANDBOX_V1,eed4ac1694a3cbb110169bff620757a2aa7b14be5e0738f9318b5c1a3c59b08f,TASK3_OPERATIONAL_POOLED_V1,REFERENCE_ASSUMPTION_SANDBOX_V1,LOCAL_WINDOW_HPP_EXACT95_HIGH,28,300.000000000,391.932595937,575,426,83,36,9,21,149,575,0,0,0,19.055605835,46.826662342,3.244629098,6.848596709,22.300234933,53.510463602,0.000000000,0.000000000,0.000000000,57.118416751,88.328645420,0.889144848,0.908197952,149,0.259130435,91.932595937,true,COMPLETE,0,300,378.932595937,486,509,87,14,96,8888.28138611,1112.39232846,10000.6737146,29.6276046204,3.7079744282,33.3355790486
1.0,OP_CONFIRM_EXACT95_HIGH_REFERENCE_ASSUMPTION_SANDBOX_V1,eed4ac1694a3cbb110169bff620757a2aa7b14be5e0738f9318b5c1a3c59b08f,TASK3_OPERATIONAL_POOLED_V1,REFERENCE_ASSUMPTION_SANDBOX_V1,LOCAL_WINDOW_HPP_EXACT95_HIGH,29,300.000000000,352.834659171,513,428,20,36,8,21,85,513,0,0,0,9.931339773,18.807702503,3.614505037,6.877365747,13.545844810,24.331515420,0.000000000,0.000000000,0.000000000,48.364026628,59.149697238,0.881175029,0.900057351,85,0.165692008,52.834659171,true,COMPLETE,0,300,339.834659171,477,473,36,16,43,4982.65024741,1466.43045759,6449.08070499,16.608834158,4.88810152529,21.4969356833
1.0,OP_CONFIRM_EXACT95_HIGH_REFERENCE_ASSUMPTION_SANDBOX_V1,eed4ac1694a3cbb110169bff620757a2aa7b14be5e0738f9318b5c1a3c59b08f,TASK3_OPERATIONAL_POOLED_V1,REFERENCE_ASSUMPTION_SANDBOX_V1,LOCAL_WINDOW_HPP_EXACT95_HIGH,30,300.000000000,401.123862064,591,424,99,36,11,21,167,591,0,0,0,25.169175519,56.175753095,4.799444675,9.392264870,29.968620193,63.968111947,0.000000000,0.000000000,0.000000000,64.786802011,98.786293765,0.892945676,0.912080226,167,0.282571912,101.123862064,true,COMPLETE,0,300,388.123862064,553,542,100,20,111,12036.4801325,1750.63805701,13787.1181895,40.1216004416,5.83546019005,45.9570606317
1.0,OP_CONFIRM_EXACT95_HIGH_REFERENCE_ASSUMPTION_SANDBOX_V1,eed4ac1694a3cbb110169bff620757a2aa7b14be5e0738f9318b5c1a3c59b08f,TASK3_OPERATIONAL_POOLED_V1,REFERENCE_ASSUMPTION_SANDBOX_V1,LOCAL_WINDOW_HPP_EXACT95_HIGH,31,300.000000000,409.465136274,606,429,105,36,15,21,177,606,0,0,0,33.180871213,62.005610953,6.346991870,10.993202036,39.527863083,71.895753308,0.000000000,0.000000000,0.000000000,74.346044901,106.713935126,0.896957261,0.916177774,177,0.292079208,109.465136274,true,COMPLETE,0,300,396.465136274,570,572,111,22,123,16648.2910161,2439.92377225,19088.2147883,55.4943033869,8.13307924084,63.6273826278
1.0,OP_CONFIRM_EXACT95_HIGH_REFERENCE_ASSUMPTION_SANDBOX_V1,eed4ac1694a3cbb110169bff620757a2aa7b14be5e0738f9318b5c1a3c59b08f,TASK3_OPERATIONAL_POOLED_V1,REFERENCE_ASSUMPTION_SANDBOX_V1,LOCAL_WINDOW_HPP_EXACT95_HIGH,32,300.000000000,376.030865180,551,429,50,36,15,21,122,551,0,0,0,19.709138517,32.974537334,5.863045701,10.322944559,25.572184217,39.927779155,0.000000000,0.000000000,0.000000000,60.390366035,74.745960973,0.888063786,0.907093725,122,0.221415608,76.030865180,true,COMPLETE,0,300,363.03086518,515,518,60,20,69,10015.8350717,2399.92580126,12415.760873,33.3861169057,7.99975267087,41.3858695765
1.0,OP_CONFIRM_EXACT95_HIGH_REFERENCE_ASSUMPTION_SANDBOX_V1,eed4ac1694a3cbb110169bff620757a2aa7b14be5e0738f9318b5c1a3c59b08f,TASK3_OPERATIONAL_POOLED_V1,REFERENCE_ASSUMPTION_SANDBOX_V1,LOCAL_WINDOW_HPP_EXACT95_HIGH,33,300.000000000,389.502690959,573,428,79,36,9,21,145,573,0,0,0,19.495173394,44.567270993,3.847059558,7.245695929,23.342232952,51.741554875,0.000000000,0.000000000,0.000000000,58.160414770,86.559736693,0.891579790,0.910685071,145,0.253054101,89.502690959,true,COMPLETE,0,300,376.502690959,518,546,82,15,92,9309.82989013,1401.73004205,10711.5599322,31.0327663004,4.67243347349,35.7051997739
1.0,OP_CONFIRM_EXACT95_HIGH_REFERENCE_ASSUMPTION_SANDBOX_V1,eed4ac1694a3cbb110169bff620757a2aa7b14be5e0738f9318b5c1a3c59b08f,TASK3_OPERATIONAL_POOLED_V1,REFERENCE_ASSUMPTION_SANDBOX_V1,LOCAL_WINDOW_HPP_EXACT95_HIGH,34,300.000000000,398.115360883,587,428,87,36,15,21,159,587,0,0,0,26.497180050,52.400650499,5.666547239,10.473173804,32.163727289,61.905412613,0.000000000,0.000000000,0.000000000,66.981909107,96.723594431,0.893604243,0.912752906,159,0.270868825,98.115360883,true,COMPLETE,0,300,385.115360883,551,556,95,20,104,13123.1566615,2197.32472936,15320.4813908,43.7438555382,7.32441576452,51.0682713027
1.0,OP_CONFIRM_EXACT95_HIGH_REFERENCE_ASSUMPTION_SANDBOX_V1,eed4ac1694a3cbb110169bff620757a2aa7b14be5e0738f9318b5c1a3c59b08f,TASK3_OPERATIONAL_POOLED_V1,REFERENCE_ASSUMPTION_SANDBOX_V1,LOCAL_WINDOW_HPP_EXACT95_HIGH,35,300.000000000,374.502972463,548,429,50,36,12,21,119,548,0,0,0,11.707916304,28.437331157,3.999211002,7.454228451,15.707127307,36.154348622,0.000000000,0.000000000,0.000000000,50.525309125,70.972530440,0.886831979,0.905835521,119,0.217153285,74.502972463,true,COMPLETE,0,300,361.502972463,498,514,54,15,65,5591.94040497,1549.70424486,7141.64464982,18.6398013499,5.16568081619,23.8054821661
1.0,OP_CONFIRM_EXACT95_HIGH_REFERENCE_ASSUMPTION_SANDBOX_V1,eed4ac1694a3cbb110169bff620757a2aa7b14be5e0738f9318b5c1a3c59b08f,TASK3_OPERATIONAL_POOLED_V1,REFERENCE_ASSUMPTION_SANDBOX_V1,LOCAL_WINDOW_HPP_EXACT95_HIGH,36,300.000000000,387.271942947,567,424,75,36,11,21,143,567,0,0,0,21.349963675,45.001368468,3.494649950,7.036454667,24.844613625,51.876956243,0.000000000,0.000000000,0.000000000,59.662795443,86.695138061,0.887325741,0.906339864,143,0.252204586,87.271942947,true,COMPLETE,0,300,374.271942947,505,510,78,14,86,10417.5409497,1245.8822755,11663.4232252,34.7251364989,4.15294091834,38.8780774172
1.0,OP_CONFIRM_EXACT95_HIGH_REFERENCE_ASSUMPTION_SANDBOX_V1,eed4ac1694a3cbb110169bff620757a2aa7b14be5e0738f9318b5c1a3c59b08f,TASK3_OPERATIONAL_POOLED_V1,REFERENCE_ASSUMPTION_SANDBOX_V1,LOCAL_WINDOW_HPP_EXACT95_HIGH,37,300.000000000,379.780010275,556,427,65,36,7,21,129,556,0,0,0,17.210077301,38.987886450,4.550138002,8.764255869,21.760215303,47.044212325,0.000000000,0.000000000,0.000000000,56.578397121,81.862394143,0.887276023,0.906289080,129,0.232014388,79.780010275,true,COMPLETE,0,300,366.780010275,519,513,69,18,80,8414.78719211,1735.30867231,10150.0958644,28.0492906404,5.78436224104,33.8336528814
1.0,OP_CONFIRM_EXACT95_HIGH_REFERENCE_ASSUMPTION_SANDBOX_V1,eed4ac1694a3cbb110169bff620757a2aa7b14be5e0738f9318b5c1a3c59b08f,TASK3_OPERATIONAL_POOLED_V1,REFERENCE_ASSUMPTION_SANDBOX_V1,LOCAL_WINDOW_HPP_EXACT95_HIGH,38,300.000000000,380.379357627,550,418,65,36,10,21,132,550,0,0,0,22.019965862,38.958211926,3.610479370,7.262074667,25.630445232,45.368261160,0.000000000,0.000000000,0.000000000,60.448627050,80.186442978,0.876318146,0.895096392,132,0.240000000,80.379357627,true,COMPLETE,0,300,367.379357627,478,480,70,15,79,10869.6944855,1295.73926642,12165.4337519,36.2323149515,4.31913088807,40.5514458396
1.0,OP_CONFIRM_EXACT95_HIGH_REFERENCE_ASSUMPTION_SANDBOX_V1,eed4ac1694a3cbb110169bff620757a2aa7b14be5e0738f9318b5c1a3c59b08f,TASK3_OPERATIONAL_POOLED_V1,REFERENCE_ASSUMPTION_SANDBOX_V1,LOCAL_WINDOW_HPP_EXACT95_HIGH,39,300.000000000,394.863209740,581,428,87,36,9,21,153,581,0,0,0,24.286193275,50.092782961,4.060797928,7.870334704,28.346991204,57.630953306,0.000000000,0.000000000,0.000000000,63.165173022,92.449135124,0.891754925,0.910863959,153,0.263339071,94.863209740,true,COMPLETE,0,300,381.86320974,528,548,90,16,100,11839.7887652,1467.2301758,13307.018941,39.4659625508,4.89076725267,44.3567298034
1.0,OP_CONFIRM_EXACT95_HIGH_REFERENCE_ASSUMPTION_SANDBOX_V1,eed4ac1694a3cbb110169bff620757a2aa7b14be5e0738f9318b5c1a3c59b08f,TASK3_OPERATIONAL_POOLED_V1,REFERENCE_ASSUMPTION_SANDBOX_V1,LOCAL_WINDOW_HPP_EXACT95_HIGH,40,300.000000000,404.349550656,596,427,102,36,10,21,169,596,0,0,0,26.410391362,57.044605234,4.499994789,8.412720540,30.910386151,65.467530476,0.000000000,0.000000000,0.000000000,65.728567969,100.285712294,0.893316490,0.912458986,169,0.283557047,104.349550656,true,COMPLETE,0,300,391.349550656,560,553,103,18,112,12607.5099986,1606.09171271,14213.6017114,42.0250333288,5.35363904238,47.3786723712
1.0,OP_CONFIRM_EXACT95_HIGH_REFERENCE_ASSUMPTION_SANDBOX_V1,eed4ac1694a3cbb110169bff620757a2aa7b14be5e0738f9318b5c1a3c59b08f,TASK3_OPERATIONAL_POOLED_V1,REFERENCE_ASSUMPTION_SANDBOX_V1,LOCAL_WINDOW_HPP_EXACT95_HIGH,41,300.000000000,383.023283337,562,426,71,36,8,21,136,562,0,0,0,22.654165815,42.967854779,3.398716923,6.831187654,26.052882738,49.211955766,0.000000000,0.000000000,0.000000000,60.871064556,84.030137584,0.889256803,0.908312306,136,0.241992883,83.023283337,true,COMPLETE,0,300,370.023283337,466,513,74,15,84,11289.9613463,1227.84162144,12517.8029677,37.6332044876,4.09280540479,41.7260098924
1.0,OP_CONFIRM_EXACT95_HIGH_REFERENCE_ASSUMPTION_SANDBOX_V1,eed4ac1694a3cbb110169bff620757a2aa7b14be5e0738f9318b5c1a3c59b08f,TASK3_OPERATIONAL_POOLED_V1,REFERENCE_ASSUMPTION_SANDBOX_V1,LOCAL_WINDOW_HPP_EXACT95_HIGH,42,300.000000000,401.093140972,591,428,94,36,12,21,163,591,0,0,0,30.519884883,56.206632241,4.154809824,7.746285774,34.674694706,63.797378273,0.000000000,0.000000000,0.000000000,69.492876524,98.615560091,0.893014070,0.912150086,163,0.275803723,101.093140972,true,COMPLETE,0,300,388.093140972,555,563,98,15,107,15255.6940683,1482.04595527,16737.7400235,50.8523135609,4.94015318422,55.7924667451
1.0,OP_CONFIRM_EXACT95_HIGH_REFERENCE_ASSUMPTION_SANDBOX_V1,eed4ac1694a3cbb110169bff620757a2aa7b14be5e0738f9318b5c1a3c59b08f,TASK3_OPERATIONAL_POOLED_V1,REFERENCE_ASSUMPTION_SANDBOX_V1,LOCAL_WINDOW_HPP_EXACT95_HIGH,43,300.000000000,384.279235744,562,427,66,36,12,21,135,562,0,0,0,22.222016370,39.140469699,3.892537388,7.766956969,26.114553758,45.883911428,0.000000000,0.000000000,0.000000000,60.932735576,80.702093246,0.886350416,0.905343640,135,0.240213523,84.279235744,true,COMPLETE,0,300,371.279235744,502,517,69,17,79,11054.1631551,1441.18454697,12495.3477021,36.8472105171,4.8039484899,41.651159007
1.0,OP_CONFIRM_EXACT95_HIGH_REFERENCE_ASSUMPTION_SANDBOX_V1,eed4ac1694a3cbb110169bff620757a2aa7b14be5e0738f9318b5c1a3c59b08f,TASK3_OPERATIONAL_POOLED_V1,REFERENCE_ASSUMPTION_SANDBOX_V1,LOCAL_WINDOW_HPP_EXACT95_HIGH,44,300.000000000,403.196860816,591,425,101,36,8,21,166,591,0,0,0,25.718215306,57.934455652,3.935509883,7.507709782,29.653725189,64.810293400,0.000000000,0.000000000,0.000000000,64.471907007,99.628475218,0.888354680,0.907390851,166,0.280879865,103.196860816,true,COMPLETE,0,300,390.196860816,553,559,101,15,109,12192.6396901,1358.73493163,13551.3746218,40.6421323004,4.52911643877,45.1712487392
1.0,OP_CONFIRM_EXACT95_HIGH_REFERENCE_ASSUMPTION_SANDBOX_V1,eed4ac1694a3cbb110169bff620757a2aa7b14be5e0738f9318b5c1a3c59b08f,TASK3_OPERATIONAL_POOLED_V1,REFERENCE_ASSUMPTION_SANDBOX_V1,LOCAL_WINDOW_HPP_EXACT95_HIGH,45,300.000000000,411.125786211,609,429,110,36,13,21,180,609,0,0,0,31.369417822,64.774336333,4.936209959,9.199673132,36.305627782,71.780154733,0.000000000,0.000000000,0.000000000,71.123809600,106.598336551,0.897756651,0.916994294,180,0.295566502,111.125786211,true,COMPLETE,0,300,398.125786211,573,574,112,19,125,15260.6204584,1781.61628664,17042.236745,50.8687348612,5.93872095546,56.8074558167
1.0,OP_CONFIRM_EXACT95_HIGH_REFERENCE_ASSUMPTION_SANDBOX_V1,eed4ac1694a3cbb110169bff620757a2aa7b14be5e0738f9318b5c1a3c59b08f,TASK3_OPERATIONAL_POOLED_V1,REFERENCE_ASSUMPTION_SANDBOX_V1,LOCAL_WINDOW_HPP_EXACT95_HIGH,46,300.000000000,386.041841968,564,425,62,36,20,21,139,564,0,0,0,18.053179373,41.219765034,6.099850761,11.885081087,24.153030134,49.567043622,0.000000000,0.000000000,0.000000000,58.971211952,84.385225440,0.885443350,0.904417136,139,0.246453901,86.041841968,true,COMPLETE,0,300,373.041841968,525,531,74,23,84,8764.19030097,2448.80881348,11212.9991144,29.2139676699,8.16269604492,37.3766637148
1.0,OP_CONFIRM_EXACT95_HIGH_REFERENCE_ASSUMPTION_SANDBOX_V1,eed4ac1694a3cbb110169bff620757a2aa7b14be5e0738f9318b5c1a3c59b08f,TASK3_OPERATIONAL_POOLED_V1,REFERENCE_ASSUMPTION_SANDBOX_V1,LOCAL_WINDOW_HPP_EXACT95_HIGH,47,300.000000000,358.608965153,521,424,30,36,10,21,97,521,0,0,0,8.115897380,20.021633914,2.605065749,5.708433313,10.720963129,25.014114037,0.000000000,0.000000000,0.000000000,45.539144947,59.832295855,0.880506642,0.899374642,97,0.186180422,58.608965153,true,COMPLETE,0,300,345.608965153,404,445,37,12,44,3924.49714349,980.633447091,4905.13059058,13.081657145,3.26877815697,16.3504353019
1.0,OP_CONFIRM_EXACT95_HIGH_REFERENCE_ASSUMPTION_SANDBOX_V1,eed4ac1694a3cbb110169bff620757a2aa7b14be5e0738f9318b5c1a3c59b08f,TASK3_OPERATIONAL_POOLED_V1,REFERENCE_ASSUMPTION_SANDBOX_V1,LOCAL_WINDOW_HPP_EXACT95_HIGH,48,300.000000000,375.071942142,548,426,54,36,11,21,122,548,0,0,0,19.482904238,33.587058802,4.070400523,7.786493385,23.553304761,40.912584766,0.000000000,0.000000000,0.000000000,58.371486579,75.730766584,0.885486689,0.904461404,122,0.222627737,75.071942142,true,COMPLETE,0,300,362.071942142,495,503,59,16,69,9777.70168478,1543.13708943,11320.8387742,32.5923389493,5.14379029811,37.7361292474
1.0,OP_CONFIRM_EXACT95_HIGH_REFERENCE_ASSUMPTION_SANDBOX_V1,eed4ac1694a3cbb110169bff620757a2aa7b14be5e0738f9318b5c1a3c59b08f,TASK3_OPERATIONAL_POOLED_V1,REFERENCE_ASSUMPTION_SANDBOX_V1,LOCAL_WINDOW_HPP_EXACT95_HIGH,49,300.000000000,387.520436238,569,429,72,36,11,21,140,569,0,0,0,25.529330687,42.503589836,4.551638855,8.539698920,30.080969542,49.763570026,0.000000000,0.000000000,0.000000000,64.899151360,84.581751844,0.889884642,0.908953599,140,0.246045694,87.520436238,true,COMPLETE,0,300,374.520436238,528,536,74,16,84,12921.0239775,1727.75244991,14648.7764274,43.070079925,5.75917483303,48.829254758
1.0,OP_CONFIRM_EXACT95_HIGH_REFERENCE_ASSUMPTION_SANDBOX_V1,eed4ac1694a3cbb110169bff620757a2aa7b14be5e0738f9318b5c1a3c59b08f,TASK3_OPERATIONAL_POOLED_V1,REFERENCE_ASSUMPTION_SANDBOX_V1,LOCAL_WINDOW_HPP_EXACT95_HIGH,50,300.000000000,400.107643702,589,429,87,36,16,21,160,589,0,0,0,23.164409025,50.693213876,6.283125095,11.230151843,29.447534120,60.586302345,0.000000000,0.000000000,0.000000000,64.265715938,95.404484163,0.892184147,0.911302379,160,0.271646859,100.107643702,true,COMPLETE,0,300,387.107643702,544,555,91,20,107,11136.0647476,2470.56974054,13606.6344882,37.1202158254,8.23523246847,45.3554482939
1.0,OP_AVAIL_EXACT95_LOW_CAPACITY_AVAIL_SECURITY_MINUS_4,1f8092810bbef01772ff3ebb85a2552e0d06505aad1d15e7efe3bd284da3ac20,TASK3_OPERATIONAL_POOLED_V1,CAPACITY_AVAIL_SECURITY_MINUS_4,LOCAL_WINDOW_HPP_EXACT95_LOW,1,300.000000000,333.378284734,313,277,0,22,0,14,36,313,0,0,0,0.013259170,0.000000000,0.034405505,0.000000000,0.047664674,0.000000000,0.000000000,0.000000000,0.000000000,34.865846492,34.818181818,0.640140947,0.581207336,36,0.115015974,33.378284734,true,COMPLETE,0,300,320.378284734,8,7,2,4,4,4.150120178,10.768922907,14.919043085,0.0138337339267,0.03589640969,0.0497301436167
1.0,OP_AVAIL_EXACT95_LOW_CAPACITY_AVAIL_SECURITY_MINUS_4,1f8092810bbef01772ff3ebb85a2552e0d06505aad1d15e7efe3bd284da3ac20,TASK3_OPERATIONAL_POOLED_V1,CAPACITY_AVAIL_SECURITY_MINUS_4,LOCAL_WINDOW_HPP_EXACT95_LOW,2,300.000000000,332.283944051,299,263,0,20,0,16,36,299,0,0,0,0.000000000,0.000000000,0.000900810,0.000000000,0.000900810,0.000000000,0.000000000,0.000000000,0.000000000,34.819082628,34.818181818,0.613522381,0.557039368,36,0.120401338,32.283944051,true,COMPLETE,0,300,319.283944051,0,1,0,1,1,0,0.269342283,0.269342283,0,0.00089780761,0.00089780761
1.0,OP_AVAIL_EXACT95_LOW_CAPACITY_AVAIL_SECURITY_MINUS_4,1f8092810bbef01772ff3ebb85a2552e0d06505aad1d15e7efe3bd284da3ac20,TASK3_OPERATIONAL_POOLED_V1,CAPACITY_AVAIL_SECURITY_MINUS_4,LOCAL_WINDOW_HPP_EXACT95_LOW,3,300.000000000,334.763588245,285,251,0,27,0,7,34,285,0,0,0,0.092502579,0.280385684,0.081086074,0.093638040,0.173588654,1.381488183,0.000000000,0.000000000,0.000000000,34.991770472,36.199670001,0.580463911,0.527024377,34,0.119298246,34.763588245,true,COMPLETE,0,300,321.763588245,16,15,6,6,6,26.363235022,22.968758284,49.331993306,0.0878774500733,0.0765625276133,0.164439977687
1.0,OP_AVAIL_EXACT95_LOW_CAPACITY_AVAIL_SECURITY_MINUS_4,1f8092810bbef01772ff3ebb85a2552e0d06505aad1d15e7efe3bd284da3ac20,TASK3_OPERATIONAL_POOLED_V1,CAPACITY_AVAIL_SECURITY_MINUS_4,LOCAL_WINDOW_HPP_EXACT95_LOW,4,300.000000000,334.214032222,293,254,0,27,0,12,39,293,0,0,0,0.000000000,0.000000000,0.000000000,0.000000000,0.000000000,0.000000000,0.000000000,0.000000000,0.000000000,34.818181818,34.818181818,0.597738898,0.542708968,39,0.133105802,34.214032222,true,COMPLETE,0,300,321.214032222,0,0,0,0,0,0,0,0,0,0,0
1.0,OP_AVAIL_EXACT95_LOW_CAPACITY_AVAIL_SECURITY_MINUS_4,1f8092810bbef01772ff3ebb85a2552e0d06505aad1d15e7efe3bd284da3ac20,TASK3_OPERATIONAL_POOLED_V1,CAPACITY_AVAIL_SECURITY_MINUS_4,LOCAL_WINDOW_HPP_EXACT95_LOW,5,300.000000000,333.398993631,289,254,0,23,0,12,35,289,0,0,0,0.000000000,0.000000000,0.003926900,0.000000000,0.003926900,0.000000000,0.000000000,0.000000000,0.000000000,34.822108718,34.818181818,0.591019944,0.536608584,35,0.121107266,33.398993631,true,COMPLETE,0,300,320.398993631,0,3,0,1,1,0,1.134874169,1.134874169,0,0.00378291389667,0.00378291389667
1.0,OP_AVAIL_EXACT95_LOW_CAPACITY_AVAIL_SECURITY_MINUS_4,1f8092810bbef01772ff3ebb85a2552e0d06505aad1d15e7efe3bd284da3ac20,TASK3_OPERATIONAL_POOLED_V1,CAPACITY_AVAIL_SECURITY_MINUS_4,LOCAL_WINDOW_HPP_EXACT95_LOW,6,300.000000000,334.503790859,310,286,0,15,0,9,24,310,0,0,0,0.000000000,0.000000000,0.001133148,0.000000000,0.001133148,0.000000000,0.000000000,0.000000000,0.000000000,34.819314966,34.818181818,0.631872170,0.573699812,24,0.077419355,34.503790859,true,COMPLETE,0,300,321.503790859,0,1,0,1,1,0,0.351275772,0.351275772,0,0.00117091924,0.00117091924
1.0,OP_AVAIL_EXACT95_LOW_CAPACITY_AVAIL_SECURITY_MINUS_4,1f8092810bbef01772ff3ebb85a2552e0d06505aad1d15e7efe3bd284da3ac20,TASK3_OPERATIONAL_POOLED_V1,CAPACITY_AVAIL_SECURITY_MINUS_4,LOCAL_WINDOW_HPP_EXACT95_LOW,7,300.000000000,334.009467665,254,220,0,19,0,15,34,254,0,0,0,0.000000000,0.000000000,0.000000000,0.000000000,0.000000000,0.000000000,0.000000000,0.000000000,0.000000000,34.818181818,34.818181818,0.518493740,0.470759396,34,0.133858268,34.009467665,true,COMPLETE,0,300,321.009467665,0,0,0,0,0,0,0,0,0,0,0
1.0,OP_AVAIL_EXACT95_LOW_CAPACITY_AVAIL_SECURITY_MINUS_4,1f8092810bbef01772ff3ebb85a2552e0d06505aad1d15e7efe3bd284da3ac20,TASK3_OPERATIONAL_POOLED_V1,CAPACITY_AVAIL_SECURITY_MINUS_4,LOCAL_WINDOW_HPP_EXACT95_LOW,8,300.000000000,334.204293046,279,242,0,26,0,11,37,279,0,0,0,0.000000000,0.000000000,0.000000000,0.000000000,0.000000000,0.000000000,0.000000000,0.000000000,0.000000000,34.818181818,34.818181818,0.569194582,0.516792541,37,0.132616487,34.204293046,true,COMPLETE,0,300,321.204293046,0,0,0,0,0,0,0,0,0,0,0
1.0,OP_AVAIL_EXACT95_LOW_CAPACITY_AVAIL_SECURITY_MINUS_4,1f8092810bbef01772ff3ebb85a2552e0d06505aad1d15e7efe3bd284da3ac20,TASK3_OPERATIONAL_POOLED_V1,CAPACITY_AVAIL_SECURITY_MINUS_4,LOCAL_WINDOW_HPP_EXACT95_LOW,9,300.000000000,334.651209542,271,235,0,22,0,14,36,271,0,0,0,0.000000000,0.000000000,0.007156757,0.000000000,0.007156757,0.000000000,0.000000000,0.000000000,0.000000000,34.825338575,34.818181818,0.552135244,0.501303745,36,0.132841328,34.651209542,true,COMPLETE,0,300,321.651209542,0,5,0,2,2,0,1.939481021,1.939481021,0,0.00646493673667,0.00646493673667
1.0,OP_AVAIL_EXACT95_LOW_CAPACITY_AVAIL_SECURITY_MINUS_4,1f8092810bbef01772ff3ebb85a2552e0d06505aad1d15e7efe3bd284da3ac20,TASK3_OPERATIONAL_POOLED_V1,CAPACITY_AVAIL_SECURITY_MINUS_4,LOCAL_WINDOW_HPP_EXACT95_LOW,10,300.000000000,333.986965101,321,285,0,22,0,14,36,321,0,0,0,0.007514183,0.000000000,0.015491777,0.000000000,0.023005960,0.000000000,0.000000000,0.000000000,0.000000000,34.841187778,34.818181818,0.655305923,0.594976171,36,0.112149533,33.986965101,true,COMPLETE,0,300,320.986965101,6,12,1,2,2,2.412052584,4.972860493,7.384913077,0.00804017528,0.0165762016433,0.0246163769233
1.0,OP_AVAIL_EXACT95_LOW_CAPACITY_AVAIL_SECURITY_MINUS_4,1f8092810bbef01772ff3ebb85a2552e0d06505aad1d15e7efe3bd284da3ac20,TASK3_OPERATIONAL_POOLED_V1,CAPACITY_AVAIL_SECURITY_MINUS_4,LOCAL_WINDOW_HPP_EXACT95_LOW,11,300.000000000,334.383425690,276,248,0,19,0,9,28,276,0,0,0,0.000000000,0.000000000,0.000000000,0.000000000,0.000000000,0.000000000,0.000000000,0.000000000,0.000000000,34.818181818,34.818181818,0.562772565,0.510961757,28,0.101449275,34.383425690,true,COMPLETE,0,300,321.38342569,0,0,0,0,0,0,0,0,0,0,0
1.0,OP_AVAIL_EXACT95_LOW_CAPACITY_AVAIL_SECURITY_MINUS_4,1f8092810bbef01772ff3ebb85a2552e0d06505aad1d15e7efe3bd284da3ac20,TASK3_OPERATIONAL_POOLED_V1,CAPACITY_AVAIL_SECURITY_MINUS_4,LOCAL_WINDOW_HPP_EXACT95_LOW,12,300.000000000,334.957549603,299,251,1,32,0,15,48,299,0,0,0,0.043049137,0.136917047,0.017435631,0.000000000,0.060484768,0.357245002,0.000000000,0.000000000,0.000000000,34.878666586,35.175426820,0.608625292,0.552593122,48,0.160535117,34.957549603,true,COMPLETE,0,300,321.957549603,15,11,3,2,3,12.732324204,0.763535722,13.495859926,0.04244108068,0.00254511907333,0.0449861997533
1.0,OP_AVAIL_EXACT95_LOW_CAPACITY_AVAIL_SECURITY_MINUS_4,1f8092810bbef01772ff3ebb85a2552e0d06505aad1d15e7efe3bd284da3ac20,TASK3_OPERATIONAL_POOLED_V1,CAPACITY_AVAIL_SECURITY_MINUS_4,LOCAL_WINDOW_HPP_EXACT95_LOW,13,300.000000000,334.664495631,286,256,0,19,0,11,30,286,0,0,0,0.000000000,0.000000000,0.000000000,0.000000000,0.000000000,0.000000000,0.000000000,0.000000000,0.000000000,34.818181818,34.818181818,0.582673103,0.529030182,30,0.104895105,34.664495631,true,COMPLETE,0,300,321.664495631,0,0,0,0,0,0,0,0,0,0,0
1.0,OP_AVAIL_EXACT95_LOW_CAPACITY_AVAIL_SECURITY_MINUS_4,1f8092810bbef01772ff3ebb85a2552e0d06505aad1d15e7efe3bd284da3ac20,TASK3_OPERATIONAL_POOLED_V1,CAPACITY_AVAIL_SECURITY_MINUS_4,LOCAL_WINDOW_HPP_EXACT95_LOW,14,300.000000000,334.504039286,264,224,0,27,0,13,40,264,0,0,0,0.000000000,0.000000000,0.006418947,0.000000000,0.006418947,0.000000000,0.000000000,0.000000000,0.000000000,34.824600765,34.818181818,0.538110094,0.488569800,40,0.151515152,34.504039286,true,COMPLETE,0,300,321.504039286,0,3,0,1,1,0,1.694601983,1.694601983,0,0.00564867327667,0.00564867327667
1.0,OP_AVAIL_EXACT95_LOW_CAPACITY_AVAIL_SECURITY_MINUS_4,1f8092810bbef01772ff3ebb85a2552e0d06505aad1d15e7efe3bd284da3ac20,TASK3_OPERATIONAL_POOLED_V1,CAPACITY_AVAIL_SECURITY_MINUS_4,LOCAL_WINDOW_HPP_EXACT95_LOW,15,300.000000000,334.767924815,296,263,0,21,0,12,33,296,0,0,0,0.000349613,0.000000000,0.001106328,0.000000000,0.001455942,0.000000000,0.000000000,0.000000000,0.000000000,34.819637760,34.818181818,0.602859972,0.547358578,33,0.111486486,34.767924815,true,COMPLETE,0,300,321.767924815,1,1,1,1,1,0.103485518,0.327473233,0.430958751,0.000344951726667,0.00109157744333,0.00143652917
1.0,OP_AVAIL_EXACT95_LOW_CAPACITY_AVAIL_SECURITY_MINUS_4,1f8092810bbef01772ff3ebb85a2552e0d06505aad1d15e7efe3bd284da3ac20,TASK3_OPERATIONAL_POOLED_V1,CAPACITY_AVAIL_SECURITY_MINUS_4,LOCAL_WINDOW_HPP_EXACT95_LOW,16,300.000000000,334.431918804,278,244,0,26,0,8,34,278,0,0,0,0.000000000,0.000000000,0.000000000,0.000000000,0.000000000,0.000000000,0.000000000,0.000000000,0.000000000,34.818181818,34.818181818,0.566768433,0.514589752,34,0.122302158,34.431918804,true,COMPLETE,0,300,321.431918804,0,0,0,0,0,0,0,0,0,0,0
1.0,OP_AVAIL_EXACT95_LOW_CAPACITY_AVAIL_SECURITY_MINUS_4,1f8092810bbef01772ff3ebb85a2552e0d06505aad1d15e7efe3bd284da3ac20,TASK3_OPERATIONAL_POOLED_V1,CAPACITY_AVAIL_SECURITY_MINUS_4,LOCAL_WINDOW_HPP_EXACT95_LOW,17,300.000000000,334.762375366,310,271,0,28,0,11,39,310,0,0,0,0.278137775,2.330929699,0.006047874,0.000000000,0.284185648,2.330929699,0.000000000,0.000000000,0.000000000,35.102367466,37.149111517,0.631384086,0.573256662,39,0.125806452,34.762375366,true,COMPLETE,0,300,321.762375366,46,7,7,2,7,86.222710108,1.874840894,88.097551002,0.287409033693,0.00624946964667,0.29365850334
1.0,OP_AVAIL_EXACT95_LOW_CAPACITY_AVAIL_SECURITY_MINUS_4,1f8092810bbef01772ff3ebb85a2552e0d06505aad1d15e7efe3bd284da3ac20,TASK3_OPERATIONAL_POOLED_V1,CAPACITY_AVAIL_SECURITY_MINUS_4,LOCAL_WINDOW_HPP_EXACT95_LOW,18,300.000000000,333.369913239,298,259,0,20,0,19,39,298,0,0,0,0.000000000,0.000000000,0.000000000,0.000000000,0.000000000,0.000000000,0.000000000,0.000000000,0.000000000,34.818181818,34.818181818,0.609478571,0.553367845,39,0.130872483,33.369913239,true,COMPLETE,0,300,320.369913239,0,0,0,0,0,0,0,0,0,0,0
1.0,OP_AVAIL_EXACT95_LOW_CAPACITY_AVAIL_SECURITY_MINUS_4,1f8092810bbef01772ff3ebb85a2552e0d06505aad1d15e7efe3bd284da3ac20,TASK3_OPERATIONAL_POOLED_V1,CAPACITY_AVAIL_SECURITY_MINUS_4,LOCAL_WINDOW_HPP_EXACT95_LOW,19,300.000000000,334.345704763,272,241,0,25,0,6,31,272,0,0,0,0.000000000,0.000000000,0.000000000,0.000000000,0.000000000,0.000000000,0.000000000,0.000000000,0.000000000,34.818181818,34.818181818,0.554679013,0.503613326,31,0.113970588,34.345704763,true,COMPLETE,0,300,321.345704763,0,0,0,0,0,0,0,0,0,0,0
1.0,OP_AVAIL_EXACT95_LOW_CAPACITY_AVAIL_SECURITY_MINUS_4,1f8092810bbef01772ff3ebb85a2552e0d06505aad1d15e7efe3bd284da3ac20,TASK3_OPERATIONAL_POOLED_V1,CAPACITY_AVAIL_SECURITY_MINUS_4,LOCAL_WINDOW_HPP_EXACT95_LOW,20,300.000000000,333.059981036,280,252,0,16,0,12,28,280,0,0,0,0.000000000,0.000000000,0.000000000,0.000000000,0.000000000,0.000000000,0.000000000,0.000000000,0.000000000,34.818181818,34.818181818,0.573197327,0.520426780,28,0.100000000,33.059981036,true,COMPLETE,0,300,320.059981036,0,0,0,0,0,0,0,0,0,0,0
1.0,OP_AVAIL_EXACT95_LOW_CAPACITY_AVAIL_SECURITY_MINUS_4,1f8092810bbef01772ff3ebb85a2552e0d06505aad1d15e7efe3bd284da3ac20,TASK3_OPERATIONAL_POOLED_V1,CAPACITY_AVAIL_SECURITY_MINUS_4,LOCAL_WINDOW_HPP_EXACT95_LOW,21,300.000000000,334.383882730,272,248,0,14,0,10,24,272,0,0,0,0.001035358,0.000000000,0.004148657,0.000000000,0.005184015,0.000000000,0.000000000,0.000000000,0.000000000,34.823365833,34.818181818,0.554615683,0.503555826,24,0.088235294,34.383882730,true,COMPLETE,0,300,321.38388273,1,3,1,1,1,0.281617457,1.128434687,1.410052144,0.000938724856667,0.00376144895667,0.00470017381333
1.0,OP_AVAIL_EXACT95_LOW_CAPACITY_AVAIL_SECURITY_MINUS_4,1f8092810bbef01772ff3ebb85a2552e0d06505aad1d15e7efe3bd284da3ac20,TASK3_OPERATIONAL_POOLED_V1,CAPACITY_AVAIL_SECURITY_MINUS_4,LOCAL_WINDOW_HPP_EXACT95_LOW,22,300.000000000,335.603625809,312,265,2,32,0,13,47,312,0,0,0,0.069807531,0.060181313,0.052788858,0.032467850,0.122596389,1.213811307,0.000000000,0.000000000,0.000000000,34.940778207,36.031993125,0.633864644,0.575508851,47,0.150641026,35.603625809,true,COMPLETE,0,300,322.603625809,17,16,4,4,4,20.729550347,8.183375021,28.912925368,0.0690985011567,0.0272779167367,0.0963764178933
1.0,OP_AVAIL_EXACT95_LOW_CAPACITY_AVAIL_SECURITY_MINUS_4,1f8092810bbef01772ff3ebb85a2552e0d06505aad1d15e7efe3bd284da3ac20,TASK3_OPERATIONAL_POOLED_V1,CAPACITY_AVAIL_SECURITY_MINUS_4,LOCAL_WINDOW_HPP_EXACT95_LOW,23,300.000000000,333.884950245,296,268,0,19,0,9,28,296,0,0,0,0.000000000,0.000000000,0.001057158,0.000000000,0.001057158,0.000000000,0.000000000,0.000000000,0.000000000,34.819238976,34.818181818,0.604454264,0.548806094,28,0.094594595,33.884950245,true,COMPLETE,0,300,320.884950245,0,2,0,1,1,0,0.312918683,0.312918683,0,0.00104306227667,0.00104306227667
1.0,OP_AVAIL_EXACT95_LOW_CAPACITY_AVAIL_SECURITY_MINUS_4,1f8092810bbef01772ff3ebb85a2552e0d06505aad1d15e7efe3bd284da3ac20,TASK3_OPERATIONAL_POOLED_V1,CAPACITY_AVAIL_SECURITY_MINUS_4,LOCAL_WINDOW_HPP_EXACT95_LOW,24,300.000000000,334.544159448,299,253,0,30,0,16,46,299,0,0,0,0.000649808,0.000000000,0.000000000,0.000000000,0.000649808,0.000000000,0.000000000,0.000000000,0.000000000,34.818831626,34.818181818,0.609377359,0.553275951,46,0.153846154,34.544159448,true,COMPLETE,0,300,321.544159448,1,0,1,0,1,0.194292596,0,0.194292596,0.000647641986667,0,0.000647641986667
1.0,OP_AVAIL_EXACT95_LOW_CAPACITY_AVAIL_SECURITY_MINUS_4,1f8092810bbef01772ff3ebb85a2552e0d06505aad1d15e7efe3bd284da3ac20,TASK3_OPERATIONAL_POOLED_V1,CAPACITY_AVAIL_SECURITY_MINUS_4,LOCAL_WINDOW_HPP_EXACT95_LOW,25,300.000000000,333.803665910,291,256,0,24,0,11,35,291,0,0,0,0.005200446,0.000000000,0.000000000,0.000000000,0.005200446,0.000000000,0.000000000,0.000000000,0.000000000,34.823382264,34.818181818,0.594388592,0.539667102,35,0.120274914,33.803665910,true,COMPLETE,0,300,320.80366591,2,0,2,0,2,1.51332991,0,1.51332991,0.00504443303333,0,0.00504443303333
1.0,OP_AVAIL_EXACT95_LOW_CAPACITY_AVAIL_SECURITY_MINUS_4,1f8092810bbef01772ff3ebb85a2552e0d06505aad1d15e7efe3bd284da3ac20,TASK3_OPERATIONAL_POOLED_V1,CAPACITY_AVAIL_SECURITY_MINUS_4,LOCAL_WINDOW_HPP_EXACT95_LOW,26,300.000000000,334.692628558,273,240,0,20,0,13,33,273,0,0,0,0.000000000,0.000000000,0.002945248,0.000000000,0.002945248,0.000000000,0.000000000,0.000000000,0.000000000,34.821127066,34.818181818,0.556141211,0.504940909,33,0.120879121,34.692628558,true,COMPLETE,0,300,321.692628558,0,1,0,1,1,0,0.804052721,0.804052721,0,0.00268017573667,0.00268017573667
1.0,OP_AVAIL_EXACT95_LOW_CAPACITY_AVAIL_SECURITY_MINUS_4,1f8092810bbef01772ff3ebb85a2552e0d06505aad1d15e7efe3bd284da3ac20,TASK3_OPERATIONAL_POOLED_V1,CAPACITY_AVAIL_SECURITY_MINUS_4,LOCAL_WINDOW_HPP_EXACT95_LOW,27,300.000000000,332.497741530,272,244,0,18,0,10,28,272,0,0,0,0.000000000,0.000000000,0.000000000,0.000000000,0.000000000,0.000000000,0.000000000,0.000000000,0.000000000,34.818181818,34.818181818,0.557761820,0.506412319,28,0.102941176,32.497741530,true,COMPLETE,0,300,319.49774153,0,0,0,0,0,0,0,0,0,0,0
1.0,OP_AVAIL_EXACT95_LOW_CAPACITY_AVAIL_SECURITY_MINUS_4,1f8092810bbef01772ff3ebb85a2552e0d06505aad1d15e7efe3bd284da3ac20,TASK3_OPERATIONAL_POOLED_V1,CAPACITY_AVAIL_SECURITY_MINUS_4,LOCAL_WINDOW_HPP_EXACT95_LOW,28,300.000000000,334.557393197,258,233,0,16,0,9,25,258,0,0,0,0.000000000,0.000000000,0.000000000,0.000000000,0.000000000,0.000000000,0.000000000,0.000000000,0.000000000,34.818181818,34.818181818,0.525796454,0.477389796,25,0.096899225,34.557393197,true,COMPLETE,0,300,321.557393197,0,0,0,0,0,0,0,0,0,0,0
1.0,OP_AVAIL_EXACT95_LOW_CAPACITY_AVAIL_SECURITY_MINUS_4,1f8092810bbef01772ff3ebb85a2552e0d06505aad1d15e7efe3bd284da3ac20,TASK3_OPERATIONAL_POOLED_V1,CAPACITY_AVAIL_SECURITY_MINUS_4,LOCAL_WINDOW_HPP_EXACT95_LOW,29,300.000000000,334.055309304,300,264,0,20,0,16,36,300,0,0,0,0.158204312,1.105131595,0.015461393,0.000000000,0.173665705,1.229279658,0.000000000,0.000000000,0.000000000,34.991847523,36.047461476,0.612310144,0.555938734,36,0.120000000,34.055309304,true,COMPLETE,0,300,321.055309304,20,8,5,3,5,47.461293569,4.638417984,52.099711553,0.158204311897,0.01546139328,0.173665705177
1.0,OP_AVAIL_EXACT95_LOW_CAPACITY_AVAIL_SECURITY_MINUS_4,1f8092810bbef01772ff3ebb85a2552e0d06505aad1d15e7efe3bd284da3ac20,TASK3_OPERATIONAL_POOLED_V1,CAPACITY_AVAIL_SECURITY_MINUS_4,LOCAL_WINDOW_HPP_EXACT95_LOW,30,300.000000000,333.547081962,267,232,0,27,0,8,35,267,0,0,0,0.000000000,0.000000000,0.000000000,0.000000000,0.000000000,0.000000000,0.000000000,0.000000000,0.000000000,34.818181818,34.818181818,0.545786380,0.495539380,35,0.131086142,33.547081962,true,COMPLETE,0,300,320.547081962,0,0,0,0,0,0,0,0,0,0,0
1.0,OP_AVAIL_EXACT95_LOW_CAPACITY_AVAIL_SECURITY_MINUS_4,1f8092810bbef01772ff3ebb85a2552e0d06505aad1d15e7efe3bd284da3ac20,TASK3_OPERATIONAL_POOLED_V1,CAPACITY_AVAIL_SECURITY_MINUS_4,LOCAL_WINDOW_HPP_EXACT95_LOW,31,300.000000000,332.500307393,296,270,0,17,0,9,26,296,0,0,0,0.000000000,0.000000000,0.000006871,0.000000000,0.000006871,0.000000000,0.000000000,0.000000000,0.000000000,34.818188689,34.818181818,0.606971414,0.551091506,26,0.087837838,32.500307393,true,COMPLETE,0,300,319.500307393,0,1,0,1,1,0,0.002033934,0.002033934,0,6.77977999999e-06,6.77977999999e-06
1.0,OP_AVAIL_EXACT95_LOW_CAPACITY_AVAIL_SECURITY_MINUS_4,1f8092810bbef01772ff3ebb85a2552e0d06505aad1d15e7efe3bd284da3ac20,TASK3_OPERATIONAL_POOLED_V1,CAPACITY_AVAIL_SECURITY_MINUS_4,LOCAL_WINDOW_HPP_EXACT95_LOW,32,300.000000000,333.258766840,288,245,0,29,0,14,43,288,0,0,0,0.000000000,0.000000000,0.000000000,0.000000000,0.000000000,0.000000000,0.000000000,0.000000000,0.000000000,34.818181818,34.818181818,0.589222718,0.534976817,43,0.149305556,33.258766840,true,COMPLETE,0,300,320.25876684,0,0,0,0,0,0,0,0,0,0,0
1.0,OP_AVAIL_EXACT95_LOW_CAPACITY_AVAIL_SECURITY_MINUS_4,1f8092810bbef01772ff3ebb85a2552e0d06505aad1d15e7efe3bd284da3ac20,TASK3_OPERATIONAL_POOLED_V1,CAPACITY_AVAIL_SECURITY_MINUS_4,LOCAL_WINDOW_HPP_EXACT95_LOW,33,300.000000000,333.353517328,263,238,0,17,0,8,25,263,0,0,0,0.000000000,0.000000000,0.000000000,0.000000000,0.000000000,0.000000000,0.000000000,0.000000000,0.000000000,34.818181818,34.818181818,0.537921973,0.488398998,25,0.095057034,33.353517328,true,COMPLETE,0,300,320.353517328,0,0,0,0,0,0,0,0,0,0,0
1.0,OP_AVAIL_EXACT95_LOW_CAPACITY_AVAIL_SECURITY_MINUS_4,1f8092810bbef01772ff3ebb85a2552e0d06505aad1d15e7efe3bd284da3ac20,TASK3_OPERATIONAL_POOLED_V1,CAPACITY_AVAIL_SECURITY_MINUS_4,LOCAL_WINDOW_HPP_EXACT95_LOW,34,300.000000000,333.918653247,282,249,0,15,0,18,33,282,0,0,0,0.000000000,0.000000000,0.001002814,0.000000000,0.001002814,0.000000000,0.000000000,0.000000000,0.000000000,34.819184632,34.818181818,0.575807088,0.522796277,33,0.117021277,33.918653247,true,COMPLETE,0,300,320.918653247,0,2,0,1,1,0,0.282793602,0.282793602,0,0.00094264534,0.00094264534
1.0,OP_AVAIL_EXACT95_LOW_CAPACITY_AVAIL_SECURITY_MINUS_4,1f8092810bbef01772ff3ebb85a2552e0d06505aad1d15e7efe3bd284da3ac20,TASK3_OPERATIONAL_POOLED_V1,CAPACITY_AVAIL_SECURITY_MINUS_4,LOCAL_WINDOW_HPP_EXACT95_LOW,35,300.000000000,334.031797309,280,251,0,18,0,11,29,280,0,0,0,0.000000000,0.000000000,0.000000000,0.000000000,0.000000000,0.000000000,0.000000000,0.000000000,0.000000000,34.818181818,34.818181818,0.571529694,0.518912675,29,0.103571429,34.031797309,true,COMPLETE,0,300,321.031797309,0,0,0,0,0,0,0,0,0,0,0
1.0,OP_AVAIL_EXACT95_LOW_CAPACITY_AVAIL_SECURITY_MINUS_4,1f8092810bbef01772ff3ebb85a2552e0d06505aad1d15e7efe3bd284da3ac20,TASK3_OPERATIONAL_POOLED_V1,CAPACITY_AVAIL_SECURITY_MINUS_4,LOCAL_WINDOW_HPP_EXACT95_LOW,36,300.000000000,334.046219248,272,235,0,21,0,16,37,272,0,0,0,0.000000000,0.000000000,0.000000000,0.000000000,0.000000000,0.000000000,0.000000000,0.000000000,0.000000000,34.818181818,34.818181818,0.555176304,0.504064835,37,0.136029412,34.046219248,true,COMPLETE,0,300,321.046219248,0,0,0,0,0,0,0,0,0,0,0
1.0,OP_AVAIL_EXACT95_LOW_CAPACITY_AVAIL_SECURITY_MINUS_4,1f8092810bbef01772ff3ebb85a2552e0d06505aad1d15e7efe3bd284da3ac20,TASK3_OPERATIONAL_POOLED_V1,CAPACITY_AVAIL_SECURITY_MINUS_4,LOCAL_WINDOW_HPP_EXACT95_LOW,37,300.000000000,334.078766339,266,237,0,16,0,13,29,266,0,0,0,0.000000000,0.000000000,0.001079612,0.000000000,0.001079612,0.000000000,0.000000000,0.000000000,0.000000000,34.819261430,34.818181818,0.542876874,0.492897733,29,0.109022556,34.078766339,true,COMPLETE,0,300,321.078766339,0,3,0,1,1,0,0.287176841,0.287176841,0,0.000957256136666,0.000957256136666
1.0,OP_AVAIL_EXACT95_LOW_CAPACITY_AVAIL_SECURITY_MINUS_4,1f8092810bbef01772ff3ebb85a2552e0d06505aad1d15e7efe3bd284da3ac20,TASK3_OPERATIONAL_POOLED_V1,CAPACITY_AVAIL_SECURITY_MINUS_4,LOCAL_WINDOW_HPP_EXACT95_LOW,38,300.000000000,333.973818889,341,302,0,23,0,16,39,341,0,0,0,0.009868494,0.000000000,0.003614980,0.000000000,0.013483474,0.000000000,0.000000000,0.000000000,0.000000000,34.831665292,34.818181818,0.696162354,0.632071217,39,0.114369501,33.973818889,true,COMPLETE,0,300,320.973818889,9,4,2,2,2,3.365156573,1.232708162,4.597864735,0.0112171885767,0.00410902720667,0.0153262157833
1.0,OP_AVAIL_EXACT95_LOW_CAPACITY_AVAIL_SECURITY_MINUS_4,1f8092810bbef01772ff3ebb85a2552e0d06505aad1d15e7efe3bd284da3ac20,TASK3_OPERATIONAL_POOLED_V1,CAPACITY_AVAIL_SECURITY_MINUS_4,LOCAL_WINDOW_HPP_EXACT95_LOW,39,300.000000000,333.227369168,256,218,0,24,0,14,38,256,0,0,0,0.000000000,0.000000000,0.000000000,0.000000000,0.000000000,0.000000000,0.000000000,0.000000000,0.000000000,34.818181818,34.818181818,0.523802877,0.475579755,38,0.148437500,33.227369168,true,COMPLETE,0,300,320.227369168,0,0,0,0,0,0,0,0,0,0,0
1.0,OP_AVAIL_EXACT95_LOW_CAPACITY_AVAIL_SECURITY_MINUS_4,1f8092810bbef01772ff3ebb85a2552e0d06505aad1d15e7efe3bd284da3ac20,TASK3_OPERATIONAL_POOLED_V1,CAPACITY_AVAIL_SECURITY_MINUS_4,LOCAL_WINDOW_HPP_EXACT95_LOW,40,300.000000000,334.470914622,276,253,0,13,0,10,23,276,0,0,0,0.000000000,0.000000000,0.000000000,0.000000000,0.000000000,0.000000000,0.000000000,0.000000000,0.000000000,34.818181818,34.818181818,0.562625358,0.510828103,23,0.083333333,34.470914622,true,COMPLETE,0,300,321.470914622,0,0,0,0,0,0,0,0,0,0,0
1.0,OP_AVAIL_EXACT95_LOW_CAPACITY_AVAIL_SECURITY_MINUS_4,1f8092810bbef01772ff3ebb85a2552e0d06505aad1d15e7efe3bd284da3ac20,TASK3_OPERATIONAL_POOLED_V1,CAPACITY_AVAIL_SECURITY_MINUS_4,LOCAL_WINDOW_HPP_EXACT95_LOW,41,300.000000000,334.039386969,305,267,0,22,0,16,38,305,0,0,0,0.028705043,0.000000000,0.008248180,0.000000000,0.036953223,0.057529909,0.000000000,0.000000000,0.000000000,34.855135041,34.875711727,0.622544986,0.565231321,38,0.124590164,34.039386969,true,COMPLETE,0,300,321.039386969,14,5,3,3,3,8.755038112,2.515694864,11.270732976,0.0291834603733,0.00838564954667,0.03756910992
1.0,OP_AVAIL_EXACT95_LOW_CAPACITY_AVAIL_SECURITY_MINUS_4,1f8092810bbef01772ff3ebb85a2552e0d06505aad1d15e7efe3bd284da3ac20,TASK3_OPERATIONAL_POOLED_V1,CAPACITY_AVAIL_SECURITY_MINUS_4,LOCAL_WINDOW_HPP_EXACT95_LOW,42,300.000000000,334.117691289,298,260,0,25,0,13,38,298,0,0,0,0.000000000,0.000000000,0.000000000,0.000000000,0.000000000,0.000000000,0.000000000,0.000000000,0.000000000,34.818181818,34.818181818,0.608114516,0.552129370,38,0.127516779,34.117691289,true,COMPLETE,0,300,321.117691289,0,0,0,0,0,0,0,0,0,0,0
1.0,OP_AVAIL_EXACT95_LOW_CAPACITY_AVAIL_SECURITY_MINUS_4,1f8092810bbef01772ff3ebb85a2552e0d06505aad1d15e7efe3bd284da3ac20,TASK3_OPERATIONAL_POOLED_V1,CAPACITY_AVAIL_SECURITY_MINUS_4,LOCAL_WINDOW_HPP_EXACT95_LOW,43,300.000000000,334.595220486,274,248,0,20,0,6,26,274,0,0,0,0.000000000,0.000000000,0.012639421,0.000000000,0.012639421,0.000000000,0.000000000,0.000000000,0.000000000,34.830821239,34.818181818,0.558340856,0.506938047,26,0.094890511,34.595220486,true,COMPLETE,0,300,321.595220486,0,5,0,2,2,0,3.46320148,3.46320148,0,0.0115440049333,0.0115440049333
1.0,OP_AVAIL_EXACT95_LOW_CAPACITY_AVAIL_SECURITY_MINUS_4,1f8092810bbef01772ff3ebb85a2552e0d06505aad1d15e7efe3bd284da3ac20,TASK3_OPERATIONAL_POOLED_V1,CAPACITY_AVAIL_SECURITY_MINUS_4,LOCAL_WINDOW_HPP_EXACT95_LOW,44,300.000000000,333.612131684,288,252,0,19,0,17,36,288,0,0,0,0.000000000,0.000000000,0.000000000,0.000000000,0.000000000,0.000000000,0.000000000,0.000000000,0.000000000,34.818181818,34.818181818,0.588598608,0.534410165,36,0.125000000,33.612131684,true,COMPLETE,0,300,320.612131684,0,0,0,0,0,0,0,0,0,0,0
1.0,OP_AVAIL_EXACT95_LOW_CAPACITY_AVAIL_SECURITY_MINUS_4,1f8092810bbef01772ff3ebb85a2552e0d06505aad1d15e7efe3bd284da3ac20,TASK3_OPERATIONAL_POOLED_V1,CAPACITY_AVAIL_SECURITY_MINUS_4,LOCAL_WINDOW_HPP_EXACT95_LOW,45,300.000000000,332.705388082,294,252,0,27,0,15,42,294,0,0,0,0.000911879,0.000000000,0.000000000,0.000000000,0.000911879,0.000000000,0.000000000,0.000000000,0.000000000,34.819093697,34.818181818,0.602498645,0.547030516,42,0.142857143,32.705388082,true,COMPLETE,0,300,319.705388082,1,0,1,0,1,0.268092418,0,0.268092418,0.000893641393333,0,0.000893641393333
1.0,OP_AVAIL_EXACT95_LOW_CAPACITY_AVAIL_SECURITY_MINUS_4,1f8092810bbef01772ff3ebb85a2552e0d06505aad1d15e7efe3bd284da3ac20,TASK3_OPERATIONAL_POOLED_V1,CAPACITY_AVAIL_SECURITY_MINUS_4,LOCAL_WINDOW_HPP_EXACT95_LOW,46,300.000000000,334.547763371,296,252,0,26,0,18,44,296,0,0,0,0.011444248,0.000000000,0.041210912,0.000000000,0.052655159,0.000000000,0.000000000,0.000000000,0.000000000,34.870836977,34.818181818,0.603256706,0.547718787,44,0.148648649,34.547763371,true,COMPLETE,0,300,321.547763371,6,8,2,4,4,3.387497338,12.198429865,15.585927203,0.0112916577933,0.0406614328833,0.0519530906767
1.0,OP_AVAIL_EXACT95_LOW_CAPACITY_AVAIL_SECURITY_MINUS_4,1f8092810bbef01772ff3ebb85a2552e0d06505aad1d15e7efe3bd284da3ac20,TASK3_OPERATIONAL_POOLED_V1,CAPACITY_AVAIL_SECURITY_MINUS_4,LOCAL_WINDOW_HPP_EXACT95_LOW,47,300.000000000,329.184016045,265,230,0,14,0,21,35,265,0,0,0,0.010618294,0.000000000,0.036773658,0.000000000,0.047391952,0.150408288,0.000000000,0.000000000,0.000000000,34.865573770,34.968590106,0.548877860,0.498346247,35,0.132075472,29.184016045,true,COMPLETE,0,300,316.184016045,3,12,2,3,3,2.813847856,9.74501941,12.558867266,0.00937949285333,0.0324833980333,0.0418628908867
1.0,OP_AVAIL_EXACT95_LOW_CAPACITY_AVAIL_SECURITY_MINUS_4,1f8092810bbef01772ff3ebb85a2552e0d06505aad1d15e7efe3bd284da3ac20,TASK3_OPERATIONAL_POOLED_V1,CAPACITY_AVAIL_SECURITY_MINUS_4,LOCAL_WINDOW_HPP_EXACT95_LOW,48,300.000000000,334.462782154,296,264,0,14,0,18,32,296,0,0,0,0.034114889,0.000000000,0.002679743,0.000000000,0.036794632,0.000000000,0.000000000,0.000000000,0.000000000,34.854976450,34.818181818,0.603409983,0.547857953,32,0.108108108,34.462782154,true,COMPLETE,0,300,321.462782154,6,3,4,1,4,10.098007292,0.793203844,10.891211136,0.0336600243067,0.00264401281333,0.03630403712
1.0,OP_AVAIL_EXACT95_LOW_CAPACITY_AVAIL_SECURITY_MINUS_4,1f8092810bbef01772ff3ebb85a2552e0d06505aad1d15e7efe3bd284da3ac20,TASK3_OPERATIONAL_POOLED_V1,CAPACITY_AVAIL_SECURITY_MINUS_4,LOCAL_WINDOW_HPP_EXACT95_LOW,49,300.000000000,330.242669127,247,233,0,11,0,3,14,247,0,0,0,0.000000000,0.000000000,0.001144174,0.000000000,0.001144174,0.000000000,0.000000000,0.000000000,0.000000000,34.819325992,34.818181818,0.509955577,0.463007286,14,0.056680162,30.242669127,true,COMPLETE,0,300,317.242669127,0,1,0,1,1,0,0.282610892,0.282610892,0,0.000942036306667,0.000942036306667
1.0,OP_AVAIL_EXACT95_LOW_CAPACITY_AVAIL_SECURITY_MINUS_4,1f8092810bbef01772ff3ebb85a2552e0d06505aad1d15e7efe3bd284da3ac20,TASK3_OPERATIONAL_POOLED_V1,CAPACITY_AVAIL_SECURITY_MINUS_4,LOCAL_WINDOW_HPP_EXACT95_LOW,50,300.000000000,334.204179571,295,266,0,17,0,12,29,295,0,0,0,0.011665921,0.000000000,0.000000000,0.000000000,0.011665921,0.000000000,0.000000000,0.000000000,0.000000000,34.829847739,34.818181818,0.601836769,0.546429574,29,0.098305085,34.204179571,true,COMPLETE,0,300,321.204179571,5,0,3,0,3,3.441446643,0,3.441446643,0.01147148881,0,0.01147148881
1.0,OP_AVAIL_MLE_BASE_CAPACITY_AVAIL_SECURITY_MINUS_4,da5bd870243fa0197cda05e57cb667262cafbf6211ff72afe0c1b06720b41654,TASK3_OPERATIONAL_POOLED_V1,CAPACITY_AVAIL_SECURITY_MINUS_4,LOCAL_WINDOW_HPP_BASE,1,300.000000000,334.701527801,396,354,0,24,0,18,42,396,0,0,0,0.530751155,3.015121874,0.265917395,1.525858211,0.796668550,4.170504753,0.000000000,0.000000000,0.000000000,35.614850368,38.988686571,0.806688878,0.732422283,42,0.106060606,34.701527801,true,COMPLETE,0,300,321.701527801,111,63,8,9,9,210.17745734,105.303288306,315.480745646,0.700591524467,0.35101096102,1.05160248549
1.0,OP_AVAIL_MLE_BASE_CAPACITY_AVAIL_SECURITY_MINUS_4,da5bd870243fa0197cda05e57cb667262cafbf6211ff72afe0c1b06720b41654,TASK3_OPERATIONAL_POOLED_V1,CAPACITY_AVAIL_SECURITY_MINUS_4,LOCAL_WINDOW_HPP_BASE,2,300.000000000,345.414014306,442,377,13,32,0,20,65,442,0,0,0,2.221670901,7.065378700,0.209878100,1.604170542,2.431549000,7.065378700,0.000000000,0.000000000,0.000000000,37.249730818,41.883560518,0.872470785,0.792148078,65,0.147058824,45.414014306,true,COMPLETE,0,300,332.414014306,262,83,14,5,14,911.747899733,90.495164713,1002.24306445,3.03915966578,0.301650549043,3.34081021482
1.0,OP_AVAIL_MLE_BASE_CAPACITY_AVAIL_SECURITY_MINUS_4,da5bd870243fa0197cda05e57cb667262cafbf6211ff72afe0c1b06720b41654,TASK3_OPERATIONAL_POOLED_V1,CAPACITY_AVAIL_SECURITY_MINUS_4,LOCAL_WINDOW_HPP_BASE,3,300.000000000,334.760392420,393,350,0,29,0,14,43,393,0,0,0,0.769025665,4.741671735,0.094378920,0.627433613,0.863404585,4.741671735,0.000000000,0.000000000,0.000000000,35.681586403,39.559853553,0.800436824,0.726745815,43,0.109414758,34.760392420,true,COMPLETE,0,300,321.76039242,111,39,12,5,12,302.227086383,37.090915413,339.318001796,1.00742362128,0.12363638471,1.13106000599
1.0,OP_AVAIL_MLE_BASE_CAPACITY_AVAIL_SECURITY_MINUS_4,da5bd870243fa0197cda05e57cb667262cafbf6211ff72afe0c1b06720b41654,TASK3_OPERATIONAL_POOLED_V1,CAPACITY_AVAIL_SECURITY_MINUS_4,LOCAL_WINDOW_HPP_BASE,4,300.000000000,338.422838153,410,349,7,32,1,21,61,410,0,0,0,0.787689619,4.429332134,0.034266808,0.119771042,0.821956427,4.429332134,0.000000000,0.000000000,0.000000000,35.640138245,39.247513952,0.826024201,0.749977529,61,0.148780488,38.422838153,true,COMPLETE,0,300,325.422838153,145,29,11,2,11,302.592821385,11.950621379,314.543442764,1.00864273795,0.0398354045967,1.04847814255
1.0,OP_AVAIL_MLE_BASE_CAPACITY_AVAIL_SECURITY_MINUS_4,da5bd870243fa0197cda05e57cb667262cafbf6211ff72afe0c1b06720b41654,TASK3_OPERATIONAL_POOLED_V1,CAPACITY_AVAIL_SECURITY_MINUS_4,LOCAL_WINDOW_HPP_BASE,5,300.000000000,333.557018640,388,356,0,18,0,14,32,388,0,0,0,0.831334221,3.928272299,0.106323442,0.924070386,0.937657662,3.928272299,0.000000000,0.000000000,0.000000000,35.755839480,38.746454117,0.793104146,0.720088209,32,0.082474227,33.557018640,true,COMPLETE,0,300,320.55701864,163,58,9,4,9,322.557677605,41.253495349,363.811172954,1.07519225868,0.137511651163,1.21270390985
1.0,OP_AVAIL_MLE_BASE_CAPACITY_AVAIL_SECURITY_MINUS_4,da5bd870243fa0197cda05e57cb667262cafbf6211ff72afe0c1b06720b41654,TASK3_OPERATIONAL_POOLED_V1,CAPACITY_AVAIL_SECURITY_MINUS_4,LOCAL_WINDOW_HPP_BASE,6,300.000000000,335.215399713,419,368,1,32,0,18,51,419,0,0,0,1.357147157,4.868480426,0.055546806,0.408606091,1.412693963,4.868480426,0.000000000,0.000000000,0.000000000,36.230875781,39.686662244,0.852233574,0.773773975,51,0.121718377,35.215399713,true,COMPLETE,0,300,322.215399713,250,44,9,4,9,568.247441052,20.409574742,588.657015794,1.89415813684,0.0680319158067,1.96219005265
1.0,OP_AVAIL_MLE_BASE_CAPACITY_AVAIL_SECURITY_MINUS_4,da5bd870243fa0197cda05e57cb667262cafbf6211ff72afe0c1b06720b41654,TASK3_OPERATIONAL_POOLED_V1,CAPACITY_AVAIL_SECURITY_MINUS_4,LOCAL_WINDOW_HPP_BASE,7,300.000000000,336.195485526,408,352,4,32,0,20,56,408,0,0,0,0.806328375,4.354079751,0.112063228,0.691838884,0.918391603,4.395033534,0.000000000,0.000000000,0.000000000,35.736573421,39.213215352,0.827440671,0.751263593,56,0.137254902,36.195485526,true,COMPLETE,0,300,323.195485526,135,52,12,5,12,327.723116346,41.661567575,369.384683921,1.09241038782,0.138871891917,1.23128227974
1.0,OP_AVAIL_MLE_BASE_CAPACITY_AVAIL_SECURITY_MINUS_4,da5bd870243fa0197cda05e57cb667262cafbf6211ff72afe0c1b06720b41654,TASK3_OPERATIONAL_POOLED_V1,CAPACITY_AVAIL_SECURITY_MINUS_4,LOCAL_WINDOW_HPP_BASE,8,300.000000000,334.244707308,442,391,0,31,0,20,51,442,0,0,0,6.246534347,13.689733065,0.118559862,1.020565773,6.365094209,13.689733065,0.000000000,0.000000000,0.000000000,41.183276027,48.507914883,0.901625754,0.818618939,51,0.115384615,34.244707308,true,COMPLETE,0,300,321.244707308,395,81,24,4,24,2760.96818151,49.674788983,2810.64297049,9.20322727169,0.165582629943,9.36880990163
1.0,OP_AVAIL_MLE_BASE_CAPACITY_AVAIL_SECURITY_MINUS_4,da5bd870243fa0197cda05e57cb667262cafbf6211ff72afe0c1b06720b41654,TASK3_OPERATIONAL_POOLED_V1,CAPACITY_AVAIL_SECURITY_MINUS_4,LOCAL_WINDOW_HPP_BASE,9,300.000000000,335.697720904,395,343,1,32,0,19,52,395,0,0,0,1.532938686,7.158400495,0.087897660,0.663748407,1.620836346,7.158400495,0.000000000,0.000000000,0.000000000,36.439018164,41.976582313,0.802263957,0.728404735,52,0.131645570,35.697720904,true,COMPLETE,0,300,322.697720904,158,37,13,5,13,604.631241691,32.461771583,637.093013274,2.0154374723,0.108205905277,2.12364337758
1.0,OP_AVAIL_MLE_BASE_CAPACITY_AVAIL_SECURITY_MINUS_4,da5bd870243fa0197cda05e57cb667262cafbf6211ff72afe0c1b06720b41654,TASK3_OPERATIONAL_POOLED_V1,CAPACITY_AVAIL_SECURITY_MINUS_4,LOCAL_WINDOW_HPP_BASE,10,300.000000000,334.733050789,394,344,0,32,0,18,50,394,0,0,0,0.552625609,3.487689608,0.067192591,0.497358751,0.619818200,3.730387882,0.000000000,0.000000000,0.000000000,35.438000018,38.548569700,0.802539107,0.728654554,50,0.126903553,34.733050789,true,COMPLETE,0,300,321.733050789,111,43,8,3,8,217.734490131,25.133288107,242.867778238,0.72578163377,0.0837776270233,0.809559260793
1.0,OP_AVAIL_MLE_BASE_CAPACITY_AVAIL_SECURITY_MINUS_4,da5bd870243fa0197cda05e57cb667262cafbf6211ff72afe0c1b06720b41654,TASK3_OPERATIONAL_POOLED_V1,CAPACITY_AVAIL_SECURITY_MINUS_4,LOCAL_WINDOW_HPP_BASE,11,300.000000000,334.795505588,409,367,0,20,1,21,42,409,0,0,0,2.078730175,6.235880443,0.231917869,1.478805860,2.310648044,6.478192397,0.000000000,0.000000000,0.000000000,37.128829862,41.296374215,0.832937216,0.756254107,42,0.102689487,34.795505588,true,COMPLETE,0,300,321.795505588,249,95,11,4,11,850.200641686,93.810148159,944.010789845,2.83400213895,0.312700493863,3.14670263282
1.0,OP_AVAIL_MLE_BASE_CAPACITY_AVAIL_SECURITY_MINUS_4,da5bd870243fa0197cda05e57cb667262cafbf6211ff72afe0c1b06720b41654,TASK3_OPERATIONAL_POOLED_V1,CAPACITY_AVAIL_SECURITY_MINUS_4,LOCAL_WINDOW_HPP_BASE,12,300.000000000,334.904198232,423,370,1,32,0,20,53,423,0,0,0,2.771623664,9.808171817,0.049690454,0.347713419,2.821314117,9.873380081,0.000000000,0.000000000,0.000000000,37.639495935,44.691561899,0.861168933,0.781886713,53,0.125295508,34.904198232,true,COMPLETE,0,300,321.904198232,268,50,21,4,21,1172.31079328,19.932945761,1192.24373904,3.90770264427,0.0664431525367,3.9741457968
1.0,OP_AVAIL_MLE_BASE_CAPACITY_AVAIL_SECURITY_MINUS_4,da5bd870243fa0197cda05e57cb667262cafbf6211ff72afe0c1b06720b41654,TASK3_OPERATIONAL_POOLED_V1,CAPACITY_AVAIL_SECURITY_MINUS_4,LOCAL_WINDOW_HPP_BASE,13,300.000000000,346.813913514,455,381,20,32,1,21,74,455,0,0,0,13.673850734,28.913981527,0.582956661,3.587909740,14.256807395,29.095409950,0.000000000,0.000000000,0.000000000,49.074989213,63.913591768,0.894506422,0.812155037,74,0.162637363,46.813913514,true,COMPLETE,0,300,333.813913514,376,138,48,5,48,6072.82469046,240.994012228,6313.81870268,20.2427489682,0.803313374093,21.0460623423
1.0,OP_AVAIL_MLE_BASE_CAPACITY_AVAIL_SECURITY_MINUS_4,da5bd870243fa0197cda05e57cb667262cafbf6211ff72afe0c1b06720b41654,TASK3_OPERATIONAL_POOLED_V1,CAPACITY_AVAIL_SECURITY_MINUS_4,LOCAL_WINDOW_HPP_BASE,14,300.000000000,333.719484820,374,343,0,17,0,14,31,374,0,0,0,0.827477696,4.175741549,0.054182120,0.486518011,0.881659816,4.333813397,0.000000000,0.000000000,0.000000000,35.699841634,39.151995215,0.764114808,0.693767730,31,0.082887701,33.719484820,true,COMPLETE,0,300,320.71948482,131,32,9,3,9,309.476658341,20.264112903,329.740771244,1.03158886114,0.06754704301,1.09913590415
1.0,OP_AVAIL_MLE_BASE_CAPACITY_AVAIL_SECURITY_MINUS_4,da5bd870243fa0197cda05e57cb667262cafbf6211ff72afe0c1b06720b41654,TASK3_OPERATIONAL_POOLED_V1,CAPACITY_AVAIL_SECURITY_MINUS_4,LOCAL_WINDOW_HPP_BASE,15,300.000000000,333.864251907,386,347,0,29,0,10,39,386,0,0,0,0.789492014,5.822250399,0.052280848,0.221934439,0.841772862,5.938846317,0.000000000,0.000000000,0.000000000,35.659954680,40.757028135,0.788289901,0.715717180,39,0.101036269,33.864251907,true,COMPLETE,0,300,320.864251907,117,34,12,3,12,304.743917362,11.792344917,316.536262279,1.01581305787,0.03930781639,1.05512087426
1.0,OP_AVAIL_MLE_BASE_CAPACITY_AVAIL_SECURITY_MINUS_4,da5bd870243fa0197cda05e57cb667262cafbf6211ff72afe0c1b06720b41654,TASK3_OPERATIONAL_POOLED_V1,CAPACITY_AVAIL_SECURITY_MINUS_4,LOCAL_WINDOW_HPP_BASE,16,300.000000000,342.114473978,401,339,9,32,0,21,62,401,0,0,0,0.920865703,4.947414586,0.076295188,0.536932141,0.997160891,4.985156322,0.000000000,0.000000000,0.000000000,35.815342709,39.803338140,0.799174287,0.725599512,62,0.154613466,42.114473978,true,COMPLETE,0,300,329.114473978,129,40,12,4,12,335.49277209,27.973159341,363.465931431,1.1183092403,0.09324386447,1.21155310477
1.0,OP_AVAIL_MLE_BASE_CAPACITY_AVAIL_SECURITY_MINUS_4,da5bd870243fa0197cda05e57cb667262cafbf6211ff72afe0c1b06720b41654,TASK3_OPERATIONAL_POOLED_V1,CAPACITY_AVAIL_SECURITY_MINUS_4,LOCAL_WINDOW_HPP_BASE,17,300.000000000,338.937421269,429,371,8,32,0,18,58,429,0,0,0,2.984903061,9.445386197,0.067105403,0.725005625,3.052008464,9.511154988,0.000000000,0.000000000,0.000000000,37.870190282,44.329336806,0.862991165,0.783541185,58,0.135198135,38.937421269,true,COMPLETE,0,300,325.937421269,306,45,18,3,18,1264.64384261,28.571200623,1293.21504323,4.21547947536,0.09523733541,4.31071681077
1.0,OP_AVAIL_MLE_BASE_CAPACITY_AVAIL_SECURITY_MINUS_4,da5bd870243fa0197cda05e57cb667262cafbf6211ff72afe0c1b06720b41654,TASK3_OPERATIONAL_POOLED_V1,CAPACITY_AVAIL_SECURITY_MINUS_4,LOCAL_WINDOW_HPP_BASE,18,300.000000000,334.785950482,419,371,0,31,0,17,48,419,0,0,0,2.535964523,7.610577363,0.113283187,0.915820298,2.649247710,7.614976168,0.000000000,0.000000000,0.000000000,37.467429528,42.433157986,0.853326783,0.774766540,48,0.114558473,34.785950482,true,COMPLETE,0,300,321.785950482,248,72,14,2,14,1062.56913529,46.196635363,1108.76577065,3.54189711762,0.153988784543,3.69588590217
1.0,OP_AVAIL_MLE_BASE_CAPACITY_AVAIL_SECURITY_MINUS_4,da5bd870243fa0197cda05e57cb667262cafbf6211ff72afe0c1b06720b41654,TASK3_OPERATIONAL_POOLED_V1,CAPACITY_AVAIL_SECURITY_MINUS_4,LOCAL_WINDOW_HPP_BASE,19,300.000000000,349.889878929,445,373,22,32,0,18,72,445,0,0,0,4.068513345,11.741819971,0.090820918,0.608950609,4.159334262,11.741819971,0.000000000,0.000000000,0.000000000,38.977516080,46.560001789,0.867155952,0.787322547,72,0.161797753,49.889878929,true,COMPLETE,0,300,336.889878929,321,61,23,4,23,1654.28178658,38.85927344,1693.14106002,5.51427262194,0.129530911467,5.64380353341
1.0,OP_AVAIL_MLE_BASE_CAPACITY_AVAIL_SECURITY_MINUS_4,da5bd870243fa0197cda05e57cb667262cafbf6211ff72afe0c1b06720b41654,TASK3_OPERATIONAL_POOLED_V1,CAPACITY_AVAIL_SECURITY_MINUS_4,LOCAL_WINDOW_HPP_BASE,20,300.000000000,333.821416391,418,368,0,29,0,21,50,418,0,0,0,1.717081545,6.896522727,0.317583102,2.197155901,2.034664646,7.532937919,0.000000000,0.000000000,0.000000000,36.852846464,42.351119737,0.853749897,0.775150701,50,0.119617225,33.821416391,true,COMPLETE,0,300,320.821416391,225,93,15,6,15,717.740085734,128.717210121,846.457295855,2.39246695245,0.42905736707,2.82152431952
1.0,OP_AVAIL_MLE_BASE_CAPACITY_AVAIL_SECURITY_MINUS_4,da5bd870243fa0197cda05e57cb667262cafbf6211ff72afe0c1b06720b41654,TASK3_OPERATIONAL_POOLED_V1,CAPACITY_AVAIL_SECURITY_MINUS_4,LOCAL_WINDOW_HPP_BASE,21,300.000000000,344.964082096,417,350,17,32,0,18,67,417,0,0,0,3.746724946,10.558345592,0.218911829,1.447685748,3.965636774,10.878867051,0.000000000,0.000000000,0.000000000,38.783818592,45.697048869,0.824196479,0.748318073,67,0.160671463,44.964082096,true,COMPLETE,0,300,331.964082096,225,93,24,4,24,1476.3227352,79.523025852,1555.84576106,4.92107578401,0.26507675284,5.18615253685
1.0,OP_AVAIL_MLE_BASE_CAPACITY_AVAIL_SECURITY_MINUS_4,da5bd870243fa0197cda05e57cb667262cafbf6211ff72afe0c1b06720b41654,TASK3_OPERATIONAL_POOLED_V1,CAPACITY_AVAIL_SECURITY_MINUS_4,LOCAL_WINDOW_HPP_BASE,22,300.000000000,334.412573287,410,364,0,29,0,17,46,410,0,0,0,0.825003270,4.211938294,0.095684620,0.922278646,0.920687890,4.599284197,0.000000000,0.000000000,0.000000000,35.738869708,39.417466015,0.835929857,0.758971235,46,0.112195122,34.412573287,true,COMPLETE,0,300,321.412573287,150,43,11,4,11,338.251340567,37.851376294,376.102716861,1.12750446856,0.126171254313,1.25367572287
1.0,OP_AVAIL_MLE_BASE_CAPACITY_AVAIL_SECURITY_MINUS_4,da5bd870243fa0197cda05e57cb667262cafbf6211ff72afe0c1b06720b41654,TASK3_OPERATIONAL_POOLED_V1,CAPACITY_AVAIL_SECURITY_MINUS_4,LOCAL_WINDOW_HPP_BASE,23,300.000000000,334.747190250,439,388,0,29,1,21,51,439,0,0,0,3.650469516,7.657037061,0.488139969,2.747811801,4.138609485,7.700847016,0.000000000,0.000000000,0.000000000,38.956791303,42.519028834,0.894161895,0.811842228,51,0.116173121,34.747190250,true,COMPLETE,0,300,321.74719025,381,137,15,5,15,1602.55611764,212.142234563,1814.6983522,5.34185372547,0.707140781877,6.04899450735
1.0,OP_AVAIL_MLE_BASE_CAPACITY_AVAIL_SECURITY_MINUS_4,da5bd870243fa0197cda05e57cb667262cafbf6211ff72afe0c1b06720b41654,TASK3_OPERATIONAL_POOLED_V1,CAPACITY_AVAIL_SECURITY_MINUS_4,LOCAL_WINDOW_HPP_BASE,24,300.000000000,339.459621168,412,354,7,32,0,19,58,412,0,0,0,0.757132605,4.052251664,0.257684667,1.961281428,1.014817272,4.636780067,0.000000000,0.000000000,0.000000000,35.832999090,39.454961885,0.827518425,0.751334189,58,0.140776699,39.459621168,true,COMPLETE,0,300,326.459621168,143,86,12,5,12,296.572478358,87.739561359,384.312039717,0.98857492786,0.29246520453,1.28104013239
1.0,OP_AVAIL_MLE_BASE_CAPACITY_AVAIL_SECURITY_MINUS_4,da5bd870243fa0197cda05e57cb667262cafbf6211ff72afe0c1b06720b41654,TASK3_OPERATIONAL_POOLED_V1,CAPACITY_AVAIL_SECURITY_MINUS_4,LOCAL_WINDOW_HPP_BASE,25,300.000000000,338.643240250,424,366,7,32,0,19,58,424,0,0,0,3.011493220,8.531419131,0.139725526,1.087579146,3.151218745,8.683994253,0.000000000,0.000000000,0.000000000,37.969400563,43.502176071,0.853673940,0.775081736,58,0.136792453,38.643240250,true,COMPLETE,0,300,325.64324025,252,74,17,3,17,1261.08017322,57.663636792,1318.74381001,4.2036005774,0.19221212264,4.39581270004
1.0,OP_AVAIL_MLE_BASE_CAPACITY_AVAIL_SECURITY_MINUS_4,da5bd870243fa0197cda05e57cb667262cafbf6211ff72afe0c1b06720b41654,TASK3_OPERATIONAL_POOLED_V1,CAPACITY_AVAIL_SECURITY_MINUS_4,LOCAL_WINDOW_HPP_BASE,26,300.000000000,334.010066237,419,371,0,30,0,18,48,419,0,0,0,2.109350673,6.162603367,0.221387072,1.272748075,2.330737744,6.240934277,0.000000000,0.000000000,0.000000000,37.148919562,41.059116095,0.855309007,0.776566273,48,0.114558473,34.010066237,true,COMPLETE,0,300,321.010066237,264,96,14,6,14,883.81793179,92.695765385,976.513697175,2.94605977263,0.308985884617,3.25504565725
1.0,OP_AVAIL_MLE_BASE_CAPACITY_AVAIL_SECURITY_MINUS_4,da5bd870243fa0197cda05e57cb667262cafbf6211ff72afe0c1b06720b41654,TASK3_OPERATIONAL_POOLED_V1,CAPACITY_AVAIL_SECURITY_MINUS_4,LOCAL_WINDOW_HPP_BASE,27,300.000000000,338.409393290,410,352,6,32,0,20,58,410,0,0,0,1.159803104,4.821264762,0.139071176,0.979047761,1.298874280,5.086785526,0.000000000,0.000000000,0.000000000,36.117056098,39.904967344,0.826057019,0.750007325,58,0.141463415,38.409393290,true,COMPLETE,0,300,325.40939329,176,62,13,4,13,461.003173027,49.951432384,510.954605411,1.53667724342,0.166504774613,1.70318201804
1.0,OP_AVAIL_MLE_BASE_CAPACITY_AVAIL_SECURITY_MINUS_4,da5bd870243fa0197cda05e57cb667262cafbf6211ff72afe0c1b06720b41654,TASK3_OPERATIONAL_POOLED_V1,CAPACITY_AVAIL_SECURITY_MINUS_4,LOCAL_WINDOW_HPP_BASE,28,300.000000000,338.475902327,392,336,3,32,0,21,56,392,0,0,0,0.785744840,4.471343038,0.173498627,1.137186995,0.959243466,4.721750606,0.000000000,0.000000000,0.000000000,35.777425284,39.539932424,0.789635910,0.716939271,56,0.142857143,38.475902327,true,COMPLETE,0,300,325.475902327,119,61,12,7,12,304.782105904,54.101920865,358.884026769,1.01594035301,0.180339736217,1.19628008923
1.0,OP_AVAIL_MLE_BASE_CAPACITY_AVAIL_SECURITY_MINUS_4,da5bd870243fa0197cda05e57cb667262cafbf6211ff72afe0c1b06720b41654,TASK3_OPERATIONAL_POOLED_V1,CAPACITY_AVAIL_SECURITY_MINUS_4,LOCAL_WINDOW_HPP_BASE,29,300.000000000,336.659504304,424,368,3,32,0,21,56,424,0,0,0,2.086477541,5.681547686,0.235321044,1.447532989,2.321798585,5.681547686,0.000000000,0.000000000,0.000000000,37.139980403,40.499729504,0.858704137,0.779648835,56,0.132075472,36.659504304,true,COMPLETE,0,300,323.659504304,287,74,12,6,12,881.822255561,99.776122645,981.598378206,2.93940751854,0.332587075483,3.27199459402
1.0,OP_AVAIL_MLE_BASE_CAPACITY_AVAIL_SECURITY_MINUS_4,da5bd870243fa0197cda05e57cb667262cafbf6211ff72afe0c1b06720b41654,TASK3_OPERATIONAL_POOLED_V1,CAPACITY_AVAIL_SECURITY_MINUS_4,LOCAL_WINDOW_HPP_BASE,30,300.000000000,342.034673593,408,347,9,32,0,20,61,408,0,0,0,1.319923456,5.893750008,0.090376509,0.769818527,1.410299965,5.964129530,0.000000000,0.000000000,0.000000000,36.228481783,40.782311348,0.813314671,0.738438083,61,0.149509804,42.034673593,true,COMPLETE,0,300,329.034673593,158,40,12,4,12,499.340805046,32.226798066,531.567603112,1.66446935015,0.10742266022,1.77189201037
1.0,OP_AVAIL_MLE_BASE_CAPACITY_AVAIL_SECURITY_MINUS_4,da5bd870243fa0197cda05e57cb667262cafbf6211ff72afe0c1b06720b41654,TASK3_OPERATIONAL_POOLED_V1,CAPACITY_AVAIL_SECURITY_MINUS_4,LOCAL_WINDOW_HPP_BASE,31,300.000000000,339.303413612,425,366,7,32,0,20,59,425,0,0,0,1.805578128,9.221148342,0.077956881,0.538343593,1.883535009,9.294127050,0.000000000,0.000000000,0.000000000,36.701716827,44.112308868,0.854022434,0.775398147,59,0.138823529,39.303413612,true,COMPLETE,0,300,326.303413612,195,52,18,3,18,751.437141462,28.29275362,779.729895082,2.50479047154,0.0943091787333,2.59909965027
1.0,OP_AVAIL_MLE_BASE_CAPACITY_AVAIL_SECURITY_MINUS_4,da5bd870243fa0197cda05e57cb667262cafbf6211ff72afe0c1b06720b41654,TASK3_OPERATIONAL_POOLED_V1,CAPACITY_AVAIL_SECURITY_MINUS_4,LOCAL_WINDOW_HPP_BASE,32,300.000000000,336.069784835,395,341,2,32,0,20,54,395,0,0,0,0.638627729,3.669621770,0.151524324,1.313020802,0.790152052,3.809069148,0.000000000,0.000000000,0.000000000,35.608333870,38.627250966,0.801375768,0.727598316,54,0.136708861,36.069784835,true,COMPLETE,0,300,323.069784835,113,49,9,6,9,250.322969374,50.921724943,301.244694317,0.834409897913,0.169739083143,1.00414898106
1.0,OP_AVAIL_MLE_BASE_CAPACITY_AVAIL_SECURITY_MINUS_4,da5bd870243fa0197cda05e57cb667262cafbf6211ff72afe0c1b06720b41654,TASK3_OPERATIONAL_POOLED_V1,CAPACITY_AVAIL_SECURITY_MINUS_4,LOCAL_WINDOW_HPP_BASE,33,300.000000000,336.695958027,428,383,0,28,0,17,45,428,0,0,0,1.637201820,5.717550109,0.085853863,0.791111899,1.723055683,5.717550109,0.000000000,0.000000000,0.000000000,36.541237501,40.535731927,0.866711271,0.786918805,45,0.105140187,36.695958027,true,COMPLETE,0,300,323.695958027,259,53,12,3,12,700.722378813,32.686590901,733.408969714,2.33574126271,0.108955303003,2.44469656571
1.0,OP_AVAIL_MLE_BASE_CAPACITY_AVAIL_SECURITY_MINUS_4,da5bd870243fa0197cda05e57cb667262cafbf6211ff72afe0c1b06720b41654,TASK3_OPERATIONAL_POOLED_V1,CAPACITY_AVAIL_SECURITY_MINUS_4,LOCAL_WINDOW_HPP_BASE,34,300.000000000,342.361326542,426,365,10,32,0,19,61,426,0,0,0,1.041252923,6.173759695,0.121091280,1.099731172,1.162344203,6.173759695,0.000000000,0.000000000,0.000000000,35.980526021,40.991941513,0.848385968,0.770280593,61,0.143192488,42.361326542,true,COMPLETE,0,300,329.361326542,160,43,13,5,13,404.621109927,51.58488509,456.205995017,1.34873703309,0.171949616967,1.52068665006
1.0,OP_AVAIL_MLE_BASE_CAPACITY_AVAIL_SECURITY_MINUS_4,da5bd870243fa0197cda05e57cb667262cafbf6211ff72afe0c1b06720b41654,TASK3_OPERATIONAL_POOLED_V1,CAPACITY_AVAIL_SECURITY_MINUS_4,LOCAL_WINDOW_HPP_BASE,35,300.000000000,348.469733894,451,378,22,32,0,19,73,451,0,0,0,2.847960847,9.275856223,0.172328839,1.232083890,3.020289686,9.275856223,0.000000000,0.000000000,0.000000000,37.838471504,44.094038041,0.882429577,0.801190029,73,0.161862528,48.469733894,true,COMPLETE,0,300,335.469733894,330,104,25,5,25,1137.62586039,67.236054953,1204.86191534,3.7920862013,0.224120183177,4.01620638448
1.0,OP_AVAIL_MLE_BASE_CAPACITY_AVAIL_SECURITY_MINUS_4,da5bd870243fa0197cda05e57cb667262cafbf6211ff72afe0c1b06720b41654,TASK3_OPERATIONAL_POOLED_V1,CAPACITY_AVAIL_SECURITY_MINUS_4,LOCAL_WINDOW_HPP_BASE,36,300.000000000,335.262134136,414,369,0,32,0,13,45,414,0,0,0,0.628148262,3.085504696,0.079127178,0.546144077,0.707275440,3.313218658,0.000000000,0.000000000,0.000000000,35.525457258,38.131400476,0.841946341,0.764433821,45,0.108695652,35.262134136,true,COMPLETE,0,300,322.262134136,150,40,7,5,7,260.05338027,31.473277221,291.526657491,0.8668446009,0.10491092407,0.97175552497
1.0,OP_AVAIL_MLE_BASE_CAPACITY_AVAIL_SECURITY_MINUS_4,da5bd870243fa0197cda05e57cb667262cafbf6211ff72afe0c1b06720b41654,TASK3_OPERATIONAL_POOLED_V1,CAPACITY_AVAIL_SECURITY_MINUS_4,LOCAL_WINDOW_HPP_BASE,37,300.000000000,335.001619793,408,354,0,32,1,21,54,408,0,0,0,1.404767225,6.333317522,0.071844840,0.561726321,1.476612065,6.333317522,0.000000000,0.000000000,0.000000000,36.294793883,41.151499340,0.830389472,0.753940917,54,0.132352941,35.001619793,true,COMPLETE,0,300,322.001619793,175,43,12,5,12,573.145027787,26.893157272,600.038185059,1.91048342596,0.0896438575733,2.00012728353
1.0,OP_AVAIL_MLE_BASE_CAPACITY_AVAIL_SECURITY_MINUS_4,da5bd870243fa0197cda05e57cb667262cafbf6211ff72afe0c1b06720b41654,TASK3_OPERATIONAL_POOLED_V1,CAPACITY_AVAIL_SECURITY_MINUS_4,LOCAL_WINDOW_HPP_BASE,38,300.000000000,334.203534405,406,362,0,23,0,21,44,406,0,0,0,0.625228558,3.339204354,0.074856918,0.467565693,0.700085475,3.375714939,0.000000000,0.000000000,0.000000000,35.518267293,38.193896757,0.828292203,0.752036730,44,0.108374384,34.203534405,true,COMPLETE,0,300,321.203534405,152,34,9,4,9,253.842794355,30.112680949,283.955475304,0.84614264785,0.100375603163,0.946518251013
1.0,OP_AVAIL_MLE_BASE_CAPACITY_AVAIL_SECURITY_MINUS_4,da5bd870243fa0197cda05e57cb667262cafbf6211ff72afe0c1b06720b41654,TASK3_OPERATIONAL_POOLED_V1,CAPACITY_AVAIL_SECURITY_MINUS_4,LOCAL_WINDOW_HPP_BASE,39,300.000000000,345.214385693,388,323,10,32,2,21,65,388,0,0,0,1.099670165,6.021489412,0.208989080,1.709258565,1.308659245,6.646838817,0.000000000,0.000000000,0.000000000,36.126841063,41.465020635,0.766322220,0.695771921,65,0.167525773,45.214385693,true,COMPLETE,0,300,332.214385693,139,63,17,6,17,377.425263842,45.780383455,423.205647297,1.25808421281,0.152601278183,1.41068549099
1.0,OP_AVAIL_MLE_BASE_CAPACITY_AVAIL_SECURITY_MINUS_4,da5bd870243fa0197cda05e57cb667262cafbf6211ff72afe0c1b06720b41654,TASK3_OPERATIONAL_POOLED_V1,CAPACITY_AVAIL_SECURITY_MINUS_4,LOCAL_WINDOW_HPP_BASE,40,300.000000000,337.425824529,399,343,7,32,0,17,56,399,0,0,0,0.636543338,4.222144805,0.192526952,1.563118062,0.829070290,4.222144805,0.000000000,0.000000000,0.000000000,35.647252108,39.040326623,0.806237800,0.732012733,56,0.140350877,37.425824529,true,COMPLETE,0,300,324.425824529,88,60,13,5,13,244.529405546,64.818738609,309.348144155,0.815098018487,0.21606246203,1.03116048052
1.0,OP_AVAIL_MLE_BASE_CAPACITY_AVAIL_SECURITY_MINUS_4,da5bd870243fa0197cda05e57cb667262cafbf6211ff72afe0c1b06720b41654,TASK3_OPERATIONAL_POOLED_V1,CAPACITY_AVAIL_SECURITY_MINUS_4,LOCAL_WINDOW_HPP_BASE,41,300.000000000,334.367218497,416,371,0,27,0,18,45,416,0,0,0,2.083246635,7.633784827,0.183391897,1.250358338,2.266638531,7.925625958,0.000000000,0.000000000,0.000000000,37.084820349,42.743807776,0.848278025,0.770182588,45,0.108173077,34.367218497,true,COMPLETE,0,300,321.367218497,214,71,16,5,16,866.630599991,76.291028985,942.921628976,2.88876866664,0.25430342995,3.14307209659
1.0,OP_AVAIL_MLE_BASE_CAPACITY_AVAIL_SECURITY_MINUS_4,da5bd870243fa0197cda05e57cb667262cafbf6211ff72afe0c1b06720b41654,TASK3_OPERATIONAL_POOLED_V1,CAPACITY_AVAIL_SECURITY_MINUS_4,LOCAL_WINDOW_HPP_BASE,42,300.000000000,341.251730791,403,346,7,32,0,18,57,403,0,0,0,2.240454231,11.167110949,0.141601415,1.019924501,2.382055646,12.208978997,0.000000000,0.000000000,0.000000000,37.200237464,47.027160815,0.805190721,0.731062052,57,0.141439206,41.251730791,true,COMPLETE,0,300,328.251730791,148,65,21,5,21,876.368026314,46.433911596,922.80193791,2.92122675438,0.15477970532,3.0760064597
1.0,OP_AVAIL_MLE_BASE_CAPACITY_AVAIL_SECURITY_MINUS_4,da5bd870243fa0197cda05e57cb667262cafbf6211ff72afe0c1b06720b41654,TASK3_OPERATIONAL_POOLED_V1,CAPACITY_AVAIL_SECURITY_MINUS_4,LOCAL_WINDOW_HPP_BASE,43,300.000000000,336.489486448,407,353,2,32,0,20,54,407,0,0,0,1.672691072,5.932785239,0.042191292,0.166230407,1.714882364,6.065705475,0.000000000,0.000000000,0.000000000,36.533064182,40.883887293,0.824691443,0.748767469,54,0.132678133,36.489486448,true,COMPLETE,0,300,323.489486448,186,32,15,3,15,678.185672821,12.065531669,690.25120449,2.2606189094,0.0402184388967,2.3008373483
1.0,OP_AVAIL_MLE_BASE_CAPACITY_AVAIL_SECURITY_MINUS_4,da5bd870243fa0197cda05e57cb667262cafbf6211ff72afe0c1b06720b41654,TASK3_OPERATIONAL_POOLED_V1,CAPACITY_AVAIL_SECURITY_MINUS_4,LOCAL_WINDOW_HPP_BASE,44,300.000000000,333.476554778,366,324,0,31,0,11,42,366,0,0,0,0.065107361,0.240461160,0.053456163,0.373368165,0.118563525,1.051746748,0.000000000,0.000000000,0.000000000,34.936745343,35.869928566,0.748314839,0.679422362,42,0.114754098,33.476554778,true,COMPLETE,0,300,320.476554778,19,31,4,3,4,23.829294277,16.798838154,40.628132431,0.0794309809233,0.05599612718,0.135427108103
1.0,OP_AVAIL_MLE_BASE_CAPACITY_AVAIL_SECURITY_MINUS_4,da5bd870243fa0197cda05e57cb667262cafbf6211ff72afe0c1b06720b41654,TASK3_OPERATIONAL_POOLED_V1,CAPACITY_AVAIL_SECURITY_MINUS_4,LOCAL_WINDOW_HPP_BASE,45,300.000000000,333.751947751,399,349,0,29,0,21,50,399,0,0,0,0.487951655,3.816795543,0.099894081,0.881050441,0.587845736,3.816795543,0.000000000,0.000000000,0.000000000,35.406027554,38.634977361,0.815112710,0.740070587,50,0.125313283,33.751947751,true,COMPLETE,0,300,320.751947751,100,44,11,4,11,194.692710161,39.719101451,234.411811612,0.648975700537,0.132397004837,0.781372705373
1.0,OP_AVAIL_MLE_BASE_CAPACITY_AVAIL_SECURITY_MINUS_4,da5bd870243fa0197cda05e57cb667262cafbf6211ff72afe0c1b06720b41654,TASK3_OPERATIONAL_POOLED_V1,CAPACITY_AVAIL_SECURITY_MINUS_4,LOCAL_WINDOW_HPP_BASE,46,300.000000000,350.678129901,452,379,22,32,0,19,73,452,0,0,0,6.583948267,17.920993535,0.067467471,0.344029150,6.651415738,17.920993535,0.000000000,0.000000000,0.000000000,41.469597556,52.739175353,0.878816761,0.797909821,73,0.161504425,50.678129901,true,COMPLETE,0,300,337.678129901,315,37,29,4,29,2805.39518268,28.889400795,2834.28458347,9.3513172756,0.09629800265,9.44761527825
1.0,OP_AVAIL_MLE_BASE_CAPACITY_AVAIL_SECURITY_MINUS_4,da5bd870243fa0197cda05e57cb667262cafbf6211ff72afe0c1b06720b41654,TASK3_OPERATIONAL_POOLED_V1,CAPACITY_AVAIL_SECURITY_MINUS_4,LOCAL_WINDOW_HPP_BASE,47,300.000000000,334.574566537,385,347,0,24,0,14,38,385,0,0,0,0.275100169,1.884005195,0.100430052,0.634518303,0.375530221,2.226624898,0.000000000,0.000000000,0.000000000,35.193712039,37.044806716,0.784578465,0.712347432,38,0.098701299,34.574566537,true,COMPLETE,0,300,321.574566537,79,37,6,4,6,105.913565129,38.665569956,144.579135085,0.353045217097,0.128885233187,0.481930450283
1.0,OP_AVAIL_MLE_BASE_CAPACITY_AVAIL_SECURITY_MINUS_4,da5bd870243fa0197cda05e57cb667262cafbf6211ff72afe0c1b06720b41654,TASK3_OPERATIONAL_POOLED_V1,CAPACITY_AVAIL_SECURITY_MINUS_4,LOCAL_WINDOW_HPP_BASE,48,300.000000000,335.696776980,416,364,3,32,0,17,52,416,0,0,0,2.400965833,9.815289543,0.200464630,1.563020059,2.601430463,10.469449340,0.000000000,0.000000000,0.000000000,37.419612281,45.287631158,0.844918340,0.767132207,52,0.125000000,35.696776980,true,COMPLETE,0,300,322.69677698,186,67,20,6,20,997.50217063,82.124114525,1079.62628516,3.32500723543,0.273747048417,3.59875428385
1.0,OP_AVAIL_MLE_BASE_CAPACITY_AVAIL_SECURITY_MINUS_4,da5bd870243fa0197cda05e57cb667262cafbf6211ff72afe0c1b06720b41654,TASK3_OPERATIONAL_POOLED_V1,CAPACITY_AVAIL_SECURITY_MINUS_4,LOCAL_WINDOW_HPP_BASE,49,300.000000000,334.868020176,423,370,2,32,0,19,53,423,0,0,0,3.053276964,8.138600894,0.295506663,2.011274015,3.348783627,8.216749611,0.000000000,0.000000000,0.000000000,38.166965445,43.034931429,0.861261970,0.781971186,53,0.125295508,34.868020176,true,COMPLETE,0,300,321.868020176,274,101,17,6,17,1291.44720795,104.776859695,1396.22406764,4.30482402649,0.349256198983,4.65408022548
1.0,OP_AVAIL_MLE_BASE_CAPACITY_AVAIL_SECURITY_MINUS_4,da5bd870243fa0197cda05e57cb667262cafbf6211ff72afe0c1b06720b41654,TASK3_OPERATIONAL_POOLED_V1,CAPACITY_AVAIL_SECURITY_MINUS_4,LOCAL_WINDOW_HPP_BASE,50,300.000000000,338.746081835,414,355,3,32,3,21,59,414,0,0,0,1.685562823,6.904520208,0.366530645,2.353883522,2.052093468,7.161220405,0.000000000,0.000000000,0.000000000,36.870275286,41.979402223,0.833287062,0.756571745,59,0.142512077,38.746081835,true,COMPLETE,0,300,325.746081835,200,101,14,5,14,691.457586247,120.136702676,811.594288923,2.30485862082,0.400455675587,2.70531429641
1.0,OP_AVAIL_EXACT95_HIGH_CAPACITY_AVAIL_SECURITY_MINUS_4,589b062d9b0bda26fb40ffbf1e6daee79255a17de3ea358d1917d113d2f4d80a,TASK3_OPERATIONAL_POOLED_V1,CAPACITY_AVAIL_SECURITY_MINUS_4,LOCAL_WINDOW_HPP_EXACT95_HIGH,1,300.000000000,424.638741127,564,382,132,32,0,18,182,564,0,0,0,42.762498425,83.964956845,0.341727501,2.175625922,43.104225927,84.078558709,0.000000000,0.000000000,0.000000000,77.922407745,118.896740527,0.905582598,0.822211502,182,0.322695035,124.638741127,true,COMPLETE,0,300,411.638741127,496,164,133,4,133,18268.2241042,133.133668922,18401.3577731,60.8940803474,0.443778896407,61.3378592438
1.0,OP_AVAIL_EXACT95_HIGH_CAPACITY_AVAIL_SECURITY_MINUS_4,589b062d9b0bda26fb40ffbf1e6daee79255a17de3ea358d1917d113d2f4d80a,TASK3_OPERATIONAL_POOLED_V1,CAPACITY_AVAIL_SECURITY_MINUS_4,LOCAL_WINDOW_HPP_EXACT95_HIGH,2,300.000000000,435.708708758,593,390,146,32,4,21,203,593,0,0,0,51.144585145,100.620703929,0.903644866,3.514596429,52.048230011,101.657519656,0.000000000,0.000000000,0.000000000,86.866411829,136.475701474,0.927955246,0.842524445,203,0.342327150,135.708708758,true,COMPLETE,0,300,422.708708758,561,249,154,6,154,22709.949215,378.612851669,23088.5620667,75.6998307168,1.2620428389,76.9618735557
1.0,OP_AVAIL_EXACT95_HIGH_CAPACITY_AVAIL_SECURITY_MINUS_4,589b062d9b0bda26fb40ffbf1e6daee79255a17de3ea358d1917d113d2f4d80a,TASK3_OPERATIONAL_POOLED_V1,CAPACITY_AVAIL_SECURITY_MINUS_4,LOCAL_WINDOW_HPP_EXACT95_HIGH,3,300.000000000,452.472983083,617,394,169,32,1,21,223,617,0,0,0,50.662770755,110.069059891,1.742035419,5.257884308,52.404806174,111.184849354,0.000000000,0.000000000,0.000000000,87.222987992,146.003031172,0.929739087,0.844144060,223,0.361426256,152.472983083,true,COMPLETE,0,300,439.472983083,585,227,169,11,175,21272.378791,733.127555036,22005.5063461,70.9079293035,2.44375851679,73.3516878203
1.0,OP_AVAIL_EXACT95_HIGH_CAPACITY_AVAIL_SECURITY_MINUS_4,589b062d9b0bda26fb40ffbf1e6daee79255a17de3ea358d1917d113d2f4d80a,TASK3_OPERATIONAL_POOLED_V1,CAPACITY_AVAIL_SECURITY_MINUS_4,LOCAL_WINDOW_HPP_EXACT95_HIGH,4,300.000000000,413.768590615,562,390,114,32,5,21,172,562,0,0,0,36.612887358,71.235953369,2.126929363,6.042096504,38.739816720,72.887796634,0.000000000,0.000000000,0.000000000,73.557998538,107.705978452,0.926077587,0.840819651,172,0.306049822,113.768590615,true,COMPLETE,0,300,400.768590615,530,371,114,9,121,15961.0947854,898.503139315,16859.5979247,53.2036492847,2.99501046438,56.198659749
1.0,OP_AVAIL_EXACT95_HIGH_CAPACITY_AVAIL_SECURITY_MINUS_4,589b062d9b0bda26fb40ffbf1e6daee79255a17de3ea358d1917d113d2f4d80a,TASK3_OPERATIONAL_POOLED_V1,CAPACITY_AVAIL_SECURITY_MINUS_4,LOCAL_WINDOW_HPP_EXACT95_HIGH,5,300.000000000,436.585321978,591,389,146,32,3,21,202,591,0,0,0,47.776739207,95.848845455,0.576583225,2.714097923,48.353322432,96.776845206,0.000000000,0.000000000,0.000000000,83.171504250,131.595027024,0.922968605,0.837996892,202,0.341793570,136.585321978,true,COMPLETE,0,300,423.585321978,559,198,153,6,153,20638.1337935,234.40096049,20872.534754,68.7937793116,0.781336534967,69.5751158465
1.0,OP_AVAIL_EXACT95_HIGH_CAPACITY_AVAIL_SECURITY_MINUS_4,589b062d9b0bda26fb40ffbf1e6daee79255a17de3ea358d1917d113d2f4d80a,TASK3_OPERATIONAL_POOLED_V1,CAPACITY_AVAIL_SECURITY_MINUS_4,LOCAL_WINDOW_HPP_EXACT95_HIGH,6,300.000000000,422.393865704,571,389,123,32,6,21,182,571,0,0,0,40.884261009,80.467731400,1.938232554,5.752651494,42.822493563,82.612741577,0.000000000,0.000000000,0.000000000,77.640675381,117.430923395,0.921694687,0.836840255,182,0.318739054,122.393865704,true,COMPLETE,0,300,409.393865704,539,295,124,11,130,17914.6805473,810.702431613,18725.3829789,59.7156018242,2.70234143871,62.4179432629
1.0,OP_AVAIL_EXACT95_HIGH_CAPACITY_AVAIL_SECURITY_MINUS_4,589b062d9b0bda26fb40ffbf1e6daee79255a17de3ea358d1917d113d2f4d80a,TASK3_OPERATIONAL_POOLED_V1,CAPACITY_AVAIL_SECURITY_MINUS_4,LOCAL_WINDOW_HPP_EXACT95_HIGH,7,300.000000000,425.571399751,574,389,126,32,6,21,185,574,0,0,0,40.816749387,83.047256619,1.486979032,5.894037959,42.303728420,83.320016112,0.000000000,0.000000000,0.000000000,77.121910238,118.138197930,0.919619215,0.834955858,185,0.322299652,125.571399751,true,COMPLETE,0,300,412.571399751,542,281,127,9,132,17586.8174071,605.825000116,18192.6424072,58.6227246903,2.01941666705,60.6421413574
1.0,OP_AVAIL_EXACT95_HIGH_CAPACITY_AVAIL_SECURITY_MINUS_4,589b062d9b0bda26fb40ffbf1e6daee79255a17de3ea358d1917d113d2f4d80a,TASK3_OPERATIONAL_POOLED_V1,CAPACITY_AVAIL_SECURITY_MINUS_4,LOCAL_WINDOW_HPP_EXACT95_HIGH,8,300.000000000,412.532361979,559,391,111,32,4,21,168,559,0,0,0,39.996570074,74.341876244,1.004143102,3.690105150,41.000713176,76.308408187,0.000000000,0.000000000,0.000000000,75.818894994,111.126590005,0.923894460,0.838837509,168,0.300536673,112.532361979,true,COMPLETE,0,300,399.532361979,527,253,118,8,120,17837.01659,421.292347403,18258.3089374,59.4567219667,1.40430782468,60.8610297914
1.0,OP_AVAIL_EXACT95_HIGH_CAPACITY_AVAIL_SECURITY_MINUS_4,589b062d9b0bda26fb40ffbf1e6daee79255a17de3ea358d1917d113d2f4d80a,TASK3_OPERATIONAL_POOLED_V1,CAPACITY_AVAIL_SECURITY_MINUS_4,LOCAL_WINDOW_HPP_EXACT95_HIGH,9,300.000000000,452.223219599,612,388,169,32,2,21,224,612,0,0,0,52.512723056,111.102821009,0.630053790,3.186740016,53.142776846,111.442057398,0.000000000,0.000000000,0.000000000,87.960958664,146.260239216,0.922714069,0.837765790,224,0.366013072,152.223219599,true,COMPLETE,0,300,439.223219599,580,189,170,5,171,22037.9681052,245.476383377,22283.4444886,73.4598936841,0.818254611257,74.2781482954
1.0,OP_AVAIL_EXACT95_HIGH_CAPACITY_AVAIL_SECURITY_MINUS_4,589b062d9b0bda26fb40ffbf1e6daee79255a17de3ea358d1917d113d2f4d80a,TASK3_OPERATIONAL_POOLED_V1,CAPACITY_AVAIL_SECURITY_MINUS_4,LOCAL_WINDOW_HPP_EXACT95_HIGH,10,300.000000000,411.973776764,560,394,112,32,1,21,166,560,0,0,0,41.795117523,72.781674928,4.253541052,10.131643100,46.048658575,75.270723518,0.000000000,0.000000000,0.000000000,80.866840393,110.088905336,0.926802149,0.841477507,166,0.296428571,111.973776764,true,COMPLETE,0,300,398.973776764,528,369,115,16,119,19270.8011934,1797.01089884,21067.8120922,64.2360039779,5.99003632946,70.2260403073
1.0,OP_AVAIL_EXACT95_HIGH_CAPACITY_AVAIL_SECURITY_MINUS_4,589b062d9b0bda26fb40ffbf1e6daee79255a17de3ea358d1917d113d2f4d80a,TASK3_OPERATIONAL_POOLED_V1,CAPACITY_AVAIL_SECURITY_MINUS_4,LOCAL_WINDOW_HPP_EXACT95_HIGH,11,300.000000000,397.915967222,534,390,86,32,5,21,144,534,0,0,0,35.967202717,61.621490068,1.557948861,4.807231538,37.525151578,63.877646004,0.000000000,0.000000000,0.000000000,72.343333396,98.695827822,0.914994469,0.830756883,144,0.269662921,97.915967222,true,COMPLETE,0,300,384.915967222,502,337,100,11,100,16494.4576712,662.430576944,17156.8882481,54.9815255705,2.20810192315,57.1896274937
1.0,OP_AVAIL_EXACT95_HIGH_CAPACITY_AVAIL_SECURITY_MINUS_4,589b062d9b0bda26fb40ffbf1e6daee79255a17de3ea358d1917d113d2f4d80a,TASK3_OPERATIONAL_POOLED_V1,CAPACITY_AVAIL_SECURITY_MINUS_4,LOCAL_WINDOW_HPP_EXACT95_HIGH,12,300.000000000,428.567277948,577,391,129,32,4,21,186,577,0,0,0,49.045063376,87.888954537,1.162087214,3.746331609,50.207150590,87.948094348,0.000000000,0.000000000,0.000000000,85.025332408,122.766276166,0.917963436,0.833452516,186,0.322357019,128.567277948,true,COMPLETE,0,300,415.567277948,545,266,134,9,138,22338.0589833,480.697008062,22818.7559913,74.4601966109,1.60232336021,76.0625199711
1.0,OP_AVAIL_EXACT95_HIGH_CAPACITY_AVAIL_SECURITY_MINUS_4,589b062d9b0bda26fb40ffbf1e6daee79255a17de3ea358d1917d113d2f4d80a,TASK3_OPERATIONAL_POOLED_V1,CAPACITY_AVAIL_SECURITY_MINUS_4,LOCAL_WINDOW_HPP_EXACT95_HIGH,13,300.000000000,437.553049640,594,388,152,32,1,21,206,594,0,0,0,49.314321704,99.317214627,0.276117731,1.140530628,49.590439435,99.558014161,0.000000000,0.000000000,0.000000000,84.408621253,134.376195979,0.925602051,0.840387894,206,0.346801347,137.553049640,true,COMPLETE,0,300,424.55304964,549,234,153,5,154,21358.6229697,115.755541634,21474.3785114,71.1954098991,0.385851805447,71.5812617045
1.0,OP_AVAIL_EXACT95_HIGH_CAPACITY_AVAIL_SECURITY_MINUS_4,589b062d9b0bda26fb40ffbf1e6daee79255a17de3ea358d1917d113d2f4d80a,TASK3_OPERATIONAL_POOLED_V1,CAPACITY_AVAIL_SECURITY_MINUS_4,LOCAL_WINDOW_HPP_EXACT95_HIGH,14,300.000000000,428.563337446,577,387,133,32,4,21,190,577,0,0,0,38.884504343,84.825675520,0.636921905,2.211215148,39.521426248,85.056721117,0.000000000,0.000000000,0.000000000,74.339608066,119.874902935,0.917971876,0.833460180,190,0.329289428,128.563337446,true,COMPLETE,0,300,415.563337446,534,249,133,6,137,16274.3930027,256.968782065,16531.3617847,54.2479766755,0.856562606883,55.1045392824
1.0,OP_AVAIL_EXACT95_HIGH_CAPACITY_AVAIL_SECURITY_MINUS_4,589b062d9b0bda26fb40ffbf1e6daee79255a17de3ea358d1917d113d2f4d80a,TASK3_OPERATIONAL_POOLED_V1,CAPACITY_AVAIL_SECURITY_MINUS_4,LOCAL_WINDOW_HPP_EXACT95_HIGH,15,300.000000000,443.640759903,604,391,156,32,4,21,213,604,0,0,0,56.215564310,103.944112295,0.936112130,3.131378295,57.151676441,106.841383964,0.000000000,0.000000000,0.000000000,91.969858259,141.659565782,0.928269490,0.842809759,213,0.352649007,143.640759903,true,COMPLETE,0,300,430.640759903,572,205,163,7,164,25102.5263445,386.705953238,25489.2322978,83.6750878151,1.28901984413,84.9641076593
1.0,OP_AVAIL_EXACT95_HIGH_CAPACITY_AVAIL_SECURITY_MINUS_4,589b062d9b0bda26fb40ffbf1e6daee79255a17de3ea358d1917d113d2f4d80a,TASK3_OPERATIONAL_POOLED_V1,CAPACITY_AVAIL_SECURITY_MINUS_4,LOCAL_WINDOW_HPP_EXACT95_HIGH,16,300.000000000,409.860597643,549,386,108,32,2,21,163,549,0,0,0,33.083632782,71.623540234,0.223205256,0.991063089,33.306838038,71.670337446,0.000000000,0.000000000,0.000000000,68.125019856,106.488519264,0.913281696,0.829201794,163,0.296903461,109.860597643,true,COMPLETE,0,300,396.860597643,515,153,111,3,111,14108.4242499,87.975921858,14196.4001717,47.0280808329,0.29325307286,47.3213339057
1.0,OP_AVAIL_EXACT95_HIGH_CAPACITY_AVAIL_SECURITY_MINUS_4,589b062d9b0bda26fb40ffbf1e6daee79255a17de3ea358d1917d113d2f4d80a,TASK3_OPERATIONAL_POOLED_V1,CAPACITY_AVAIL_SECURITY_MINUS_4,LOCAL_WINDOW_HPP_EXACT95_HIGH,17,300.000000000,408.513690990,550,390,109,32,0,19,160,550,0,0,0,37.872465803,73.005633123,0.260595858,1.597183199,38.133061661,73.141386934,0.000000000,0.000000000,0.000000000,72.951243479,107.959568752,0.917961890,0.833451113,160,0.290909091,108.513690990,true,COMPLETE,0,300,395.51369099,518,151,113,4,113,16861.4825277,108.327877313,16969.810405,56.2049417591,0.361092924377,56.5660346835
1.0,OP_AVAIL_EXACT95_HIGH_CAPACITY_AVAIL_SECURITY_MINUS_4,589b062d9b0bda26fb40ffbf1e6daee79255a17de3ea358d1917d113d2f4d80a,TASK3_OPERATIONAL_POOLED_V1,CAPACITY_AVAIL_SECURITY_MINUS_4,LOCAL_WINDOW_HPP_EXACT95_HIGH,18,300.000000000,441.952592029,598,388,152,32,5,21,210,598,0,0,0,44.070007177,97.278492257,0.980115107,4.038509677,45.050122284,98.011032794,0.000000000,0.000000000,0.000000000,79.868304102,132.829214612,0.922558845,0.837624856,210,0.351170569,141.952592029,true,COMPLETE,0,300,428.952592029,566,217,153,8,158,18052.5017721,407.827822005,18460.3295942,60.1750059072,1.35942607335,61.5344319805
1.0,OP_AVAIL_EXACT95_HIGH_CAPACITY_AVAIL_SECURITY_MINUS_4,589b062d9b0bda26fb40ffbf1e6daee79255a17de3ea358d1917d113d2f4d80a,TASK3_OPERATIONAL_POOLED_V1,CAPACITY_AVAIL_SECURITY_MINUS_4,LOCAL_WINDOW_HPP_EXACT95_HIGH,19,300.000000000,410.360422144,550,388,106,32,3,21,162,550,0,0,0,32.768466740,67.427863379,0.636685369,2.561881094,33.405152110,67.427863379,0.000000000,0.000000000,0.000000000,68.223333928,102.246045197,0.913830817,0.829700361,162,0.294545455,110.360422144,true,COMPLETE,0,300,397.360422144,510,187,107,6,109,14010.4052009,255.87024219,14266.275443,46.7013506695,0.8529008073,47.5542514768
1.0,OP_AVAIL_EXACT95_HIGH_CAPACITY_AVAIL_SECURITY_MINUS_4,589b062d9b0bda26fb40ffbf1e6daee79255a17de3ea358d1917d113d2f4d80a,TASK3_OPERATIONAL_POOLED_V1,CAPACITY_AVAIL_SECURITY_MINUS_4,LOCAL_WINDOW_HPP_EXACT95_HIGH,20,300.000000000,429.487499600,581,390,139,32,0,20,191,581,0,0,0,35.707424458,87.333475957,0.240527559,1.414616703,35.947952017,87.333475957,0.000000000,0.000000000,0.000000000,70.766133835,122.151657775,0.922346667,0.837432212,191,0.328743546,129.487499600,true,COMPLETE,0,300,416.4874996,546,162,139,3,141,14140.8937694,95.846147876,14236.7399173,47.1363125647,0.319487159587,47.4557997243
1.0,OP_AVAIL_EXACT95_HIGH_CAPACITY_AVAIL_SECURITY_MINUS_4,589b062d9b0bda26fb40ffbf1e6daee79255a17de3ea358d1917d113d2f4d80a,TASK3_OPERATIONAL_POOLED_V1,CAPACITY_AVAIL_SECURITY_MINUS_4,LOCAL_WINDOW_HPP_EXACT95_HIGH,21,300.000000000,412.194493258,556,389,112,32,2,21,167,556,0,0,0,34.581572423,70.175426861,0.465104467,1.463997388,35.046676890,70.175426861,0.000000000,0.000000000,0.000000000,69.864858708,104.993608679,0.919689407,0.835019589,167,0.300359712,112.194493258,true,COMPLETE,0,300,399.194493258,524,233,114,5,117,14853.5067485,193.61318187,15047.1199304,49.5116891617,0.6453772729,50.1570664346
1.0,OP_AVAIL_EXACT95_HIGH_CAPACITY_AVAIL_SECURITY_MINUS_4,589b062d9b0bda26fb40ffbf1e6daee79255a17de3ea358d1917d113d2f4d80a,TASK3_OPERATIONAL_POOLED_V1,CAPACITY_AVAIL_SECURITY_MINUS_4,LOCAL_WINDOW_HPP_EXACT95_HIGH,22,300.000000000,399.467878938,537,388,92,32,4,21,149,537,0,0,0,33.528782566,62.170099127,1.003220256,4.738670141,34.532002821,63.945575531,0.000000000,0.000000000,0.000000000,69.350184639,98.763757349,0.916560212,0.832178478,149,0.277467412,99.467878938,true,COMPLETE,0,300,386.467878938,505,180,98,7,98,14849.2075226,413.6955571,15262.9030797,49.4973584088,1.37898519033,50.8763435991
1.0,OP_AVAIL_EXACT95_HIGH_CAPACITY_AVAIL_SECURITY_MINUS_4,589b062d9b0bda26fb40ffbf1e6daee79255a17de3ea358d1917d113d2f4d80a,TASK3_OPERATIONAL_POOLED_V1,CAPACITY_AVAIL_SECURITY_MINUS_4,LOCAL_WINDOW_HPP_EXACT95_HIGH,23,300.000000000,426.829803489,576,387,136,32,0,21,189,576,0,0,0,39.636217580,89.035254958,0.255843963,1.342666016,39.892061543,89.127190839,0.000000000,0.000000000,0.000000000,74.710243361,123.945372657,0.920102742,0.835394871,189,0.328125000,126.829803489,true,COMPLETE,0,300,413.829803489,544,144,136,3,137,16496.492509,101.112657207,16597.6051663,54.9883083635,0.33704219069,55.3253505542
1.0,OP_AVAIL_EXACT95_HIGH_CAPACITY_AVAIL_SECURITY_MINUS_4,589b062d9b0bda26fb40ffbf1e6daee79255a17de3ea358d1917d113d2f4d80a,TASK3_OPERATIONAL_POOLED_V1,CAPACITY_AVAIL_SECURITY_MINUS_4,LOCAL_WINDOW_HPP_EXACT95_HIGH,24,300.000000000,415.540981746,565,389,117,32,6,21,176,565,0,0,0,42.499453178,77.721651973,1.390410735,4.377852779,43.889863913,78.130195716,0.000000000,0.000000000,0.000000000,78.708045731,112.948377534,0.927050013,0.841702552,176,0.311504425,115.540981746,true,COMPLETE,0,300,402.540981746,533,288,119,11,124,19033.2552868,591.507479897,19624.7627667,63.4441842894,1.97169159966,65.4158758891
1.0,OP_AVAIL_EXACT95_HIGH_CAPACITY_AVAIL_SECURITY_MINUS_4,589b062d9b0bda26fb40ffbf1e6daee79255a17de3ea358d1917d113d2f4d80a,TASK3_OPERATIONAL_POOLED_V1,CAPACITY_AVAIL_SECURITY_MINUS_4,LOCAL_WINDOW_HPP_EXACT95_HIGH,25,300.000000000,394.389143757,530,390,85,32,2,21,140,530,0,0,0,30.134035196,56.982953181,0.703911912,3.403932735,30.837947108,57.881447794,0.000000000,0.000000000,0.000000000,65.656128926,92.699629612,0.916261621,0.831907377,140,0.264150943,94.389143757,true,COMPLETE,0,300,381.389143757,498,222,90,4,90,13314.5340208,289.047373666,13603.5813944,44.3817800693,0.963491245553,45.3452713148
1.0,OP_AVAIL_EXACT95_HIGH_CAPACITY_AVAIL_SECURITY_MINUS_4,589b062d9b0bda26fb40ffbf1e6daee79255a17de3ea358d1917d113d2f4d80a,TASK3_OPERATIONAL_POOLED_V1,CAPACITY_AVAIL_SECURITY_MINUS_4,LOCAL_WINDOW_HPP_EXACT95_HIGH,26,300.000000000,431.667153766,582,386,134,32,9,21,196,582,0,0,0,51.375330283,88.752008605,2.080141220,7.015826741,53.455471502,91.499239147,0.000000000,0.000000000,0.000000000,88.273653320,126.317420965,0.919268882,0.834637779,196,0.336769759,131.667153766,true,COMPLETE,0,300,418.667153766,550,317,141,11,143,23435.8435137,861.977689194,24297.8212029,78.1194783791,2.87325896398,80.992737343
1.0,OP_AVAIL_EXACT95_HIGH_CAPACITY_AVAIL_SECURITY_MINUS_4,589b062d9b0bda26fb40ffbf1e6daee79255a17de3ea358d1917d113d2f4d80a,TASK3_OPERATIONAL_POOLED_V1,CAPACITY_AVAIL_SECURITY_MINUS_4,LOCAL_WINDOW_HPP_EXACT95_HIGH,27,300.000000000,418.184285192,563,389,122,32,0,20,174,563,0,0,0,43.755595047,76.982463771,0.068823259,0.081247153,43.824418305,76.982463771,0.000000000,0.000000000,0.000000000,78.642600123,111.800645589,0.917929367,0.833421584,174,0.309058615,118.184285192,true,COMPLETE,0,300,405.184285192,531,34,125,1,125,19523.6722754,27.432419942,19551.1046954,65.0789075848,0.0914413998067,65.1703489846
1.0,OP_AVAIL_EXACT95_HIGH_CAPACITY_AVAIL_SECURITY_MINUS_4,589b062d9b0bda26fb40ffbf1e6daee79255a17de3ea358d1917d113d2f4d80a,TASK3_OPERATIONAL_POOLED_V1,CAPACITY_AVAIL_SECURITY_MINUS_4,LOCAL_WINDOW_HPP_EXACT95_HIGH,28,300.000000000,423.422085884,575,389,131,32,2,21,186,575,0,0,0,37.321489793,85.489410831,0.584358662,3.006517255,37.905848455,85.807469814,0.000000000,0.000000000,0.000000000,72.724030273,120.625651632,0.925897509,0.840656151,186,0.323478261,123.422085884,true,COMPLETE,0,300,410.422085884,521,230,132,5,136,15532.6128406,241.556651098,15774.1694917,51.7753761354,0.805188836993,52.5805649724
1.0,OP_AVAIL_EXACT95_HIGH_CAPACITY_AVAIL_SECURITY_MINUS_4,589b062d9b0bda26fb40ffbf1e6daee79255a17de3ea358d1917d113d2f4d80a,TASK3_OPERATIONAL_POOLED_V1,CAPACITY_AVAIL_SECURITY_MINUS_4,LOCAL_WINDOW_HPP_EXACT95_HIGH,29,300.000000000,385.369708367,513,387,72,32,1,21,126,513,0,0,0,28.137242254,49.836119783,0.231739046,1.469071042,28.368981300,50.248729497,0.000000000,0.000000000,0.000000000,63.187163118,85.066911315,0.907629011,0.824069515,126,0.245614035,85.369708367,true,COMPLETE,0,300,372.369708367,481,125,78,3,78,12675.4431212,95.40866154,12770.8517828,42.2514770707,0.3180288718,42.5695059425
1.0,OP_AVAIL_EXACT95_HIGH_CAPACITY_AVAIL_SECURITY_MINUS_4,589b062d9b0bda26fb40ffbf1e6daee79255a17de3ea358d1917d113d2f4d80a,TASK3_OPERATIONAL_POOLED_V1,CAPACITY_AVAIL_SECURITY_MINUS_4,LOCAL_WINDOW_HPP_EXACT95_HIGH,30,300.000000000,437.136560985,591,391,151,32,0,17,200,591,0,0,0,46.420239608,96.171259490,0.148462964,0.985958134,46.568702572,96.171259490,0.000000000,0.000000000,0.000000000,81.386884390,130.989441308,0.921804721,0.836940159,200,0.338409475,137.136560985,true,COMPLETE,0,300,424.136560985,559,108,152,2,152,19756.1399316,59.480366014,19815.6202976,65.8537997719,0.198267886713,66.0520676586
1.0,OP_AVAIL_EXACT95_HIGH_CAPACITY_AVAIL_SECURITY_MINUS_4,589b062d9b0bda26fb40ffbf1e6daee79255a17de3ea358d1917d113d2f4d80a,TASK3_OPERATIONAL_POOLED_V1,CAPACITY_AVAIL_SECURITY_MINUS_4,LOCAL_WINDOW_HPP_EXACT95_HIGH,31,300.000000000,444.686093441,606,388,158,32,7,21,218,606,0,0,0,55.094703829,103.872889878,1.800470882,5.437545221,56.895174710,106.130660398,0.000000000,0.000000000,0.000000000,91.713356528,140.948842216,0.929153900,0.843612748,218,0.359735974,144.686093441,true,COMPLETE,0,300,431.686093441,574,404,163,8,166,24574.9182553,740.167209645,25315.0854649,81.9163941842,2.46722403215,84.3836182164
1.0,OP_AVAIL_EXACT95_HIGH_CAPACITY_AVAIL_SECURITY_MINUS_4,589b062d9b0bda26fb40ffbf1e6daee79255a17de3ea358d1917d113d2f4d80a,TASK3_OPERATIONAL_POOLED_V1,CAPACITY_AVAIL_SECURITY_MINUS_4,LOCAL_WINDOW_HPP_EXACT95_HIGH,32,300.000000000,409.920496582,551,389,103,32,6,21,162,551,0,0,0,39.540531906,69.032323148,1.756169119,5.505012518,41.296701025,70.506730554,0.000000000,0.000000000,0.000000000,76.114882843,105.324912372,0.916474832,0.832100958,162,0.294010889,109.920496582,true,COMPLETE,0,300,396.920496582,519,363,108,7,110,17932.9216907,729.593547764,18662.5152384,59.7764056356,2.43197849255,62.2083841281
1.0,OP_AVAIL_EXACT95_HIGH_CAPACITY_AVAIL_SECURITY_MINUS_4,589b062d9b0bda26fb40ffbf1e6daee79255a17de3ea358d1917d113d2f4d80a,TASK3_OPERATIONAL_POOLED_V1,CAPACITY_AVAIL_SECURITY_MINUS_4,LOCAL_WINDOW_HPP_EXACT95_HIGH,33,300.000000000,423.057935644,573,389,130,32,1,21,184,573,0,0,0,39.665772268,85.658009001,0.562447018,2.858014696,40.228219287,85.658009001,0.000000000,0.000000000,0.000000000,75.046401105,120.476190819,0.923471197,0.838453214,184,0.321116928,123.057935644,true,COMPLETE,0,300,410.057935644,541,195,133,5,135,16886.1616224,230.054761068,17116.2163835,56.287205408,0.76684920356,57.0540546115
1.0,OP_AVAIL_EXACT95_HIGH_CAPACITY_AVAIL_SECURITY_MINUS_4,589b062d9b0bda26fb40ffbf1e6daee79255a17de3ea358d1917d113d2f4d80a,TASK3_OPERATIONAL_POOLED_V1,CAPACITY_AVAIL_SECURITY_MINUS_4,LOCAL_WINDOW_HPP_EXACT95_HIGH,34,300.000000000,433.855449211,587,388,139,32,7,21,199,587,0,0,0,47.771710646,94.087558582,1.503304869,4.462814623,49.275015515,95.479567189,0.000000000,0.000000000,0.000000000,84.093197333,130.297749007,0.922489906,0.837562264,199,0.339011925,133.855449211,true,COMPLETE,0,300,420.855449211,555,300,147,9,147,21030.3437716,624.743686174,21655.0874578,70.1011459054,2.08247895391,72.1836248593
1.0,OP_AVAIL_EXACT95_HIGH_CAPACITY_AVAIL_SECURITY_MINUS_4,589b062d9b0bda26fb40ffbf1e6daee79255a17de3ea358d1917d113d2f4d80a,TASK3_OPERATIONAL_POOLED_V1,CAPACITY_AVAIL_SECURITY_MINUS_4,LOCAL_WINDOW_HPP_EXACT95_HIGH,35,300.000000000,408.152416432,548,391,102,32,2,21,157,548,0,0,0,30.768388468,67.294854515,0.752649368,2.848660407,31.521037836,67.409681427,0.000000000,0.000000000,0.000000000,66.339219654,102.227863245,0.915433423,0.831155425,157,0.286496350,108.152416432,true,COMPLETE,0,300,395.152416432,516,251,104,6,108,13127.9478505,310.997809926,13438.9456604,43.7598261684,1.03665936642,44.7964855348
1.0,OP_AVAIL_EXACT95_HIGH_CAPACITY_AVAIL_SECURITY_MINUS_4,589b062d9b0bda26fb40ffbf1e6daee79255a17de3ea358d1917d113d2f4d80a,TASK3_OPERATIONAL_POOLED_V1,CAPACITY_AVAIL_SECURITY_MINUS_4,LOCAL_WINDOW_HPP_EXACT95_HIGH,36,300.000000000,420.455398523,567,387,126,32,1,21,180,567,0,0,0,40.641971077,83.266058250,0.404212602,2.168832494,41.046183679,83.557972236,0.000000000,0.000000000,0.000000000,75.864365497,118.376154054,0.919457594,0.834809117,180,0.317460317,120.455398523,true,COMPLETE,0,300,407.455398523,530,206,128,5,128,17633.1870438,167.989936179,17801.17698,58.777290146,0.55996645393,59.3372565999
1.0,OP_AVAIL_EXACT95_HIGH_CAPACITY_AVAIL_SECURITY_MINUS_4,589b062d9b0bda26fb40ffbf1e6daee79255a17de3ea358d1917d113d2f4d80a,TASK3_OPERATIONAL_POOLED_V1,CAPACITY_AVAIL_SECURITY_MINUS_4,LOCAL_WINDOW_HPP_EXACT95_HIGH,37,300.000000000,413.871525188,556,391,117,32,0,16,165,556,0,0,0,37.362355580,78.650720658,0.114454730,1.162547098,37.476810311,79.033877435,0.000000000,0.000000000,0.000000000,72.294992129,113.852059253,0.915962771,0.831636040,165,0.296762590,113.871525188,true,COMPLETE,0,300,400.871525188,524,85,121,3,121,16227.1945772,44.853359831,16272.047937,54.0906485906,0.149511199437,54.24015979
1.0,OP_AVAIL_EXACT95_HIGH_CAPACITY_AVAIL_SECURITY_MINUS_4,589b062d9b0bda26fb40ffbf1e6daee79255a17de3ea358d1917d113d2f4d80a,TASK3_OPERATIONAL_POOLED_V1,CAPACITY_AVAIL_SECURITY_MINUS_4,LOCAL_WINDOW_HPP_EXACT95_HIGH,38,300.000000000,411.468730831,550,385,114,32,0,19,165,550,0,0,0,39.449944730,75.318312990,0.231032711,2.394178939,39.680977441,75.318312990,0.000000000,0.000000000,0.000000000,74.499159259,110.136494808,0.911369375,0.827465528,165,0.300000000,111.468730831,true,COMPLETE,0,300,398.468730831,489,80,118,3,118,17363.6115258,87.359243785,17450.9707696,57.8787050861,0.291197479283,58.1699025654
1.0,OP_AVAIL_EXACT95_HIGH_CAPACITY_AVAIL_SECURITY_MINUS_4,589b062d9b0bda26fb40ffbf1e6daee79255a17de3ea358d1917d113d2f4d80a,TASK3_OPERATIONAL_POOLED_V1,CAPACITY_AVAIL_SECURITY_MINUS_4,LOCAL_WINDOW_HPP_EXACT95_HIGH,39,300.000000000,431.654540044,581,387,136,32,5,21,194,581,0,0,0,44.643450886,89.437888272,0.566471677,2.484379429,45.209922563,91.086151066,0.000000000,0.000000000,0.000000000,80.028104381,125.904332884,0.917716199,0.833228041,194,0.333907057,131.654540044,true,COMPLETE,0,300,418.654540044,549,215,142,6,142,19348.8698039,229.983274865,19578.8530788,64.4962326797,0.766610916217,65.262843596
1.0,OP_AVAIL_EXACT95_HIGH_CAPACITY_AVAIL_SECURITY_MINUS_4,589b062d9b0bda26fb40ffbf1e6daee79255a17de3ea358d1917d113d2f4d80a,TASK3_OPERATIONAL_POOLED_V1,CAPACITY_AVAIL_SECURITY_MINUS_4,LOCAL_WINDOW_HPP_EXACT95_HIGH,40,300.000000000,441.440459744,596,390,154,32,0,20,206,596,0,0,0,48.047710797,99.119881047,0.153166352,0.869827779,48.200877149,99.123732449,0.000000000,0.000000000,0.000000000,83.019058967,133.941914267,0.920540081,0.835791946,206,0.345637584,141.440459744,true,COMPLETE,0,300,428.440459744,564,108,155,2,155,20416.0250337,61.475568606,20477.5006023,68.0534167791,0.20491856202,68.2583353411
1.0,OP_AVAIL_EXACT95_HIGH_CAPACITY_AVAIL_SECURITY_MINUS_4,589b062d9b0bda26fb40ffbf1e6daee79255a17de3ea358d1917d113d2f4d80a,TASK3_OPERATIONAL_POOLED_V1,CAPACITY_AVAIL_SECURITY_MINUS_4,LOCAL_WINDOW_HPP_EXACT95_HIGH,41,300.000000000,414.282396902,562,389,115,32,5,21,173,562,0,0,0,40.306225365,79.529454958,1.059833278,3.984030200,41.366058644,80.275146717,0.000000000,0.000000000,0.000000000,76.184240462,115.093328535,0.924929036,0.839776839,173,0.307829181,114.282396902,true,COMPLETE,0,300,401.282396902,518,270,124,7,124,17884.2610483,450.539350308,18334.8003986,59.6142034943,1.50179783436,61.1160013287
1.0,OP_AVAIL_EXACT95_HIGH_CAPACITY_AVAIL_SECURITY_MINUS_4,589b062d9b0bda26fb40ffbf1e6daee79255a17de3ea358d1917d113d2f4d80a,TASK3_OPERATIONAL_POOLED_V1,CAPACITY_AVAIL_SECURITY_MINUS_4,LOCAL_WINDOW_HPP_EXACT95_HIGH,42,300.000000000,436.245918309,591,390,146,32,2,21,201,591,0,0,0,51.752962052,95.998791083,0.377885776,1.742192771,52.130847828,96.769852082,0.000000000,0.000000000,0.000000000,86.949029646,131.588033900,0.923686683,0.838648862,201,0.340101523,136.245918309,true,COMPLETE,0,300,423.245918309,559,198,149,3,149,23001.9370787,155.443355719,23157.3804344,76.6731235955,0.518144519063,77.1912681146
1.0,OP_AVAIL_EXACT95_HIGH_CAPACITY_AVAIL_SECURITY_MINUS_4,589b062d9b0bda26fb40ffbf1e6daee79255a17de3ea358d1917d113d2f4d80a,TASK3_OPERATIONAL_POOLED_V1,CAPACITY_AVAIL_SECURITY_MINUS_4,LOCAL_WINDOW_HPP_EXACT95_HIGH,43,300.000000000,415.409725550,562,391,118,32,0,21,171,562,0,0,0,41.145161188,76.553857290,0.286261665,1.799738332,41.431422852,76.588475871,0.000000000,0.000000000,0.000000000,76.249604670,111.406657689,0.922418987,0.837497874,171,0.304270463,115.409725550,true,COMPLETE,0,300,402.40972555,523,184,119,4,121,18216.5628331,121.678194448,18338.2410275,60.7218761103,0.405593981493,61.1274700918
1.0,OP_AVAIL_EXACT95_HIGH_CAPACITY_AVAIL_SECURITY_MINUS_4,589b062d9b0bda26fb40ffbf1e6daee79255a17de3ea358d1917d113d2f4d80a,TASK3_OPERATIONAL_POOLED_V1,CAPACITY_AVAIL_SECURITY_MINUS_4,LOCAL_WINDOW_HPP_EXACT95_HIGH,44,300.000000000,438.106511236,591,387,153,32,0,19,204,591,0,0,0,46.891967653,99.018230971,0.126292194,1.224350240,47.018259846,99.018230971,0.000000000,0.000000000,0.000000000,81.836441664,133.836412789,0.919763882,0.835087207,204,0.345177665,138.106511236,true,COMPLETE,0,300,425.106511236,559,108,153,2,153,19791.7786486,49.75912428,19841.5377729,65.9725954953,0.1658637476,66.1384592429
1.0,OP_AVAIL_EXACT95_HIGH_CAPACITY_AVAIL_SECURITY_MINUS_4,589b062d9b0bda26fb40ffbf1e6daee79255a17de3ea358d1917d113d2f4d80a,TASK3_OPERATIONAL_POOLED_V1,CAPACITY_AVAIL_SECURITY_MINUS_4,LOCAL_WINDOW_HPP_EXACT95_HIGH,45,300.000000000,450.607888442,609,388,162,32,6,21,221,609,0,0,0,53.375822809,108.410699969,0.884429065,2.763462771,54.260251874,108.410699969,0.000000000,0.000000000,0.000000000,89.078433692,143.228881787,0.921482476,0.836647581,221,0.362889984,150.607888442,true,COMPLETE,0,300,437.607888442,577,263,164,6,168,23085.6473545,358.148964591,23443.7963191,76.9521578483,1.19382988197,78.1459877303
1.0,OP_AVAIL_EXACT95_HIGH_CAPACITY_AVAIL_SECURITY_MINUS_4,589b062d9b0bda26fb40ffbf1e6daee79255a17de3ea358d1917d113d2f4d80a,TASK3_OPERATIONAL_POOLED_V1,CAPACITY_AVAIL_SECURITY_MINUS_4,LOCAL_WINDOW_HPP_EXACT95_HIGH,46,300.000000000,417.473424267,564,386,116,32,9,21,178,564,0,0,0,38.744401710,81.626463289,1.748365640,6.398101566,40.492767349,82.509433789,0.000000000,0.000000000,0.000000000,75.310949167,117.327615607,0.921125591,0.836323552,178,0.315602837,117.473424267,true,COMPLETE,0,300,404.473424267,532,237,125,11,126,16747.2775418,728.478172462,17475.7557143,55.8242584727,2.42826057487,58.2525190476
1.0,OP_AVAIL_EXACT95_HIGH_CAPACITY_AVAIL_SECURITY_MINUS_4,589b062d9b0bda26fb40ffbf1e6daee79255a17de3ea358d1917d113d2f4d80a,TASK3_OPERATIONAL_POOLED_V1,CAPACITY_AVAIL_SECURITY_MINUS_4,LOCAL_WINDOW_HPP_EXACT95_HIGH,47,300.000000000,388.878586157,521,390,75,32,3,21,131,521,0,0,0,23.397261913,51.734930419,0.483348025,2.119022893,23.880609938,52.359656402,0.000000000,0.000000000,0.000000000,58.698791756,87.177838220,0.913465759,0.829368911,131,0.251439539,88.878586157,true,COMPLETE,0,300,375.878586157,489,221,81,4,81,10095.5199765,198.9351094,10294.4550859,33.651733255,0.663117031333,34.3148502864
1.0,OP_AVAIL_EXACT95_HIGH_CAPACITY_AVAIL_SECURITY_MINUS_4,589b062d9b0bda26fb40ffbf1e6daee79255a17de3ea358d1917d113d2f4d80a,TASK3_OPERATIONAL_POOLED_V1,CAPACITY_AVAIL_SECURITY_MINUS_4,LOCAL_WINDOW_HPP_EXACT95_HIGH,48,300.000000000,408.482411125,548,390,106,32,0,20,158,548,0,0,0,38.759109671,71.187201041,0.140239166,1.406110268,38.899348838,71.407065168,0.000000000,0.000000000,0.000000000,73.717530656,106.225246986,0.914693885,0.830483972,158,0.288321168,108.482411125,true,COMPLETE,0,300,395.482411125,516,130,111,3,111,17317.8854321,57.461170004,17375.3466021,57.7262847736,0.191537233347,57.9178220069
1.0,OP_AVAIL_EXACT95_HIGH_CAPACITY_AVAIL_SECURITY_MINUS_4,589b062d9b0bda26fb40ffbf1e6daee79255a17de3ea358d1917d113d2f4d80a,TASK3_OPERATIONAL_POOLED_V1,CAPACITY_AVAIL_SECURITY_MINUS_4,LOCAL_WINDOW_HPP_EXACT95_HIGH,49,300.000000000,420.487366041,569,390,124,32,2,21,179,569,0,0,0,45.981380264,82.299809940,0.758411057,3.176845271,46.739791320,82.299809940,0.000000000,0.000000000,0.000000000,81.557973138,117.117991758,0.922630682,0.837690080,179,0.314586995,120.487366041,true,COMPLETE,0,300,407.487366041,537,208,124,6,128,20718.8999569,315.845944846,21034.7459018,69.0629998564,1.05281981615,70.1158196726
1.0,OP_AVAIL_EXACT95_HIGH_CAPACITY_AVAIL_SECURITY_MINUS_4,589b062d9b0bda26fb40ffbf1e6daee79255a17de3ea358d1917d113d2f4d80a,TASK3_OPERATIONAL_POOLED_V1,CAPACITY_AVAIL_SECURITY_MINUS_4,LOCAL_WINDOW_HPP_EXACT95_HIGH,50,300.000000000,434.758339979,589,388,141,32,7,21,201,589,0,0,0,44.385215280,92.221830832,1.843997336,4.954090098,46.229212616,93.813130107,0.000000000,0.000000000,0.000000000,81.047394434,128.631311925,0.923710651,0.838670622,201,0.341256367,134.758339979,true,COMPLETE,0,300,421.758339979,557,387,143,10,149,19007.2405477,770.801781574,19778.0423292,63.3574684922,2.56933927191,65.9268077641
1.0,OP_AVAIL_EXACT95_LOW_CAPACITY_AVAIL_IMMIGRATION_MINUS_3,adddb2957e2ff950388b3585d73083e35714c7580c83d613a5983ffb1effca18,TASK3_OPERATIONAL_POOLED_V1,CAPACITY_AVAIL_IMMIGRATION_MINUS_3,LOCAL_WINDOW_HPP_EXACT95_LOW,1,300.000000000,333.378284734,313,277,0,22,0,14,36,313,0,0,0,0.000000000,0.000000000,0.150463825,1.351290232,0.150463825,1.351290232,0.000000000,0.000000000,0.000000000,34.968645643,36.169472050,0.569014175,0.678075225,36,0.115015974,33.378284734,true,COMPLETE,0,300,320.378284734,0,26,0,7,7,0,47.095177307,47.095177307,0,0.156983924357,0.156983924357
1.0,OP_AVAIL_EXACT95_LOW_CAPACITY_AVAIL_IMMIGRATION_MINUS_3,adddb2957e2ff950388b3585d73083e35714c7580c83d613a5983ffb1effca18,TASK3_OPERATIONAL_POOLED_V1,CAPACITY_AVAIL_IMMIGRATION_MINUS_3,LOCAL_WINDOW_HPP_EXACT95_LOW,2,300.000000000,332.283944051,299,263,0,20,0,16,36,299,0,0,0,0.000000000,0.000000000,0.055089470,0.423129196,0.055089470,0.423129196,0.000000000,0.000000000,0.000000000,34.873271288,35.241311014,0.545353227,0.649879262,36,0.120401338,32.283944051,true,COMPLETE,0,300,319.283944051,0,17,0,4,4,0,16.471751653,16.471751653,0,0.0549058388433,0.0549058388433
1.0,OP_AVAIL_EXACT95_LOW_CAPACITY_AVAIL_IMMIGRATION_MINUS_3,adddb2957e2ff950388b3585d73083e35714c7580c83d613a5983ffb1effca18,TASK3_OPERATIONAL_POOLED_V1,CAPACITY_AVAIL_IMMIGRATION_MINUS_3,LOCAL_WINDOW_HPP_EXACT95_LOW,3,300.000000000,334.763588245,285,251,0,27,0,7,34,285,0,0,0,0.016208119,0.000000000,0.462912335,3.642400390,0.479120455,3.642400390,0.000000000,0.000000000,0.000000000,35.297302273,38.460582208,0.515967921,0.614861773,34,0.119298246,34.763588245,true,COMPLETE,0,300,321.763588245,4,55,2,9,9,4.619314034,124.614204974,129.233519008,0.0153977134467,0.415380683247,0.430778396693
1.0,OP_AVAIL_EXACT95_LOW_CAPACITY_AVAIL_IMMIGRATION_MINUS_3,adddb2957e2ff950388b3585d73083e35714c7580c83d613a5983ffb1effca18,TASK3_OPERATIONAL_POOLED_V1,CAPACITY_AVAIL_IMMIGRATION_MINUS_3,LOCAL_WINDOW_HPP_EXACT95_LOW,4,300.000000000,334.214032222,293,254,0,27,0,12,39,293,0,0,0,0.000000000,0.000000000,0.102399248,1.158950174,0.102399248,1.158950174,0.000000000,0.000000000,0.000000000,34.920581066,35.977131992,0.531323465,0.633160462,39,0.133105802,34.214032222,true,COMPLETE,0,300,321.214032222,0,28,0,3,3,0,25.092804232,25.092804232,0,0.0836426807733,0.0836426807733
1.0,OP_AVAIL_EXACT95_LOW_CAPACITY_AVAIL_IMMIGRATION_MINUS_3,adddb2957e2ff950388b3585d73083e35714c7580c83d613a5983ffb1effca18,TASK3_OPERATIONAL_POOLED_V1,CAPACITY_AVAIL_IMMIGRATION_MINUS_3,LOCAL_WINDOW_HPP_EXACT95_LOW,5,300.000000000,333.398993631,289,254,0,23,0,12,35,289,0,0,0,0.000000000,0.000000000,0.077617904,0.000000000,0.077617904,0.000000000,0.000000000,0.000000000,0.000000000,34.895799722,34.818181818,0.525351061,0.626043348,35,0.121107266,33.398993631,true,COMPLETE,0,300,320.398993631,0,13,0,4,4,0,22.431574397,22.431574397,0,0.0747719146567,0.0747719146567
1.0,OP_AVAIL_EXACT95_LOW_CAPACITY_AVAIL_IMMIGRATION_MINUS_3,adddb2957e2ff950388b3585d73083e35714c7580c83d613a5983ffb1effca18,TASK3_OPERATIONAL_POOLED_V1,CAPACITY_AVAIL_IMMIGRATION_MINUS_3,LOCAL_WINDOW_HPP_EXACT95_LOW,6,300.000000000,334.503790859,310,286,0,15,0,9,24,310,0,0,0,0.000000000,0.000000000,0.088811311,0.662300549,0.088811311,0.662300549,0.000000000,0.000000000,0.000000000,34.906993129,35.480482367,0.561664152,0.669316447,24,0.077419355,34.503790859,true,COMPLETE,0,300,321.503790859,0,27,0,4,4,0,27.531506459,27.531506459,0,0.0917716881967,0.0917716881967
1.0,OP_AVAIL_EXACT95_LOW_CAPACITY_AVAIL_IMMIGRATION_MINUS_3,adddb2957e2ff950388b3585d73083e35714c7580c83d613a5983ffb1effca18,TASK3_OPERATIONAL_POOLED_V1,CAPACITY_AVAIL_IMMIGRATION_MINUS_3,LOCAL_WINDOW_HPP_EXACT95_LOW,7,300.000000000,334.009467665,254,220,0,19,0,15,34,254,0,0,0,0.000000000,0.000000000,0.002929050,0.000000000,0.002929050,0.000000000,0.000000000,0.000000000,0.000000000,34.821110868,34.818181818,0.460883325,0.549219295,34,0.133858268,34.009467665,true,COMPLETE,0,300,321.009467665,0,2,0,1,1,0,0,0,0,0,0
1.0,OP_AVAIL_EXACT95_LOW_CAPACITY_AVAIL_IMMIGRATION_MINUS_3,adddb2957e2ff950388b3585d73083e35714c7580c83d613a5983ffb1effca18,TASK3_OPERATIONAL_POOLED_V1,CAPACITY_AVAIL_IMMIGRATION_MINUS_3,LOCAL_WINDOW_HPP_EXACT95_LOW,8,300.000000000,334.204293046,279,242,0,26,0,11,37,279,0,0,0,0.000000000,0.000000000,0.035498891,0.000000000,0.035498891,0.000000000,0.000000000,0.000000000,0.000000000,34.853680709,34.818181818,0.505950739,0.602924631,37,0.132616487,34.204293046,true,COMPLETE,0,300,321.204293046,0,9,0,2,2,0,7.841284613,7.841284613,0,0.0261376153767,0.0261376153767
1.0,OP_AVAIL_EXACT95_LOW_CAPACITY_AVAIL_IMMIGRATION_MINUS_3,adddb2957e2ff950388b3585d73083e35714c7580c83d613a5983ffb1effca18,TASK3_OPERATIONAL_POOLED_V1,CAPACITY_AVAIL_IMMIGRATION_MINUS_3,LOCAL_WINDOW_HPP_EXACT95_LOW,9,300.000000000,334.651209542,271,235,0,22,0,14,36,271,0,0,0,0.000000000,0.000000000,0.087513122,0.000000000,0.087513122,0.000000000,0.000000000,0.000000000,0.000000000,34.905694940,34.818181818,0.490786884,0.584854370,36,0.132841328,34.651209542,true,COMPLETE,0,300,321.651209542,0,11,0,5,5,0,23.716056135,23.716056135,0,0.07905352045,0.07905352045
1.0,OP_AVAIL_EXACT95_LOW_CAPACITY_AVAIL_IMMIGRATION_MINUS_3,adddb2957e2ff950388b3585d73083e35714c7580c83d613a5983ffb1effca18,TASK3_OPERATIONAL_POOLED_V1,CAPACITY_AVAIL_IMMIGRATION_MINUS_3,LOCAL_WINDOW_HPP_EXACT95_LOW,10,300.000000000,333.986965101,321,285,0,22,0,14,36,321,0,0,0,0.000000000,0.000000000,0.212974609,2.153858355,0.212974609,2.153858355,0.000000000,0.000000000,0.000000000,35.031156427,36.972040173,0.582494154,0.694138866,36,0.112149533,33.986965101,true,COMPLETE,0,300,320.986965101,0,43,0,5,5,0,63.42057397,63.42057397,0,0.211401913233,0.211401913233
1.0,OP_AVAIL_EXACT95_LOW_CAPACITY_AVAIL_IMMIGRATION_MINUS_3,adddb2957e2ff950388b3585d73083e35714c7580c83d613a5983ffb1effca18,TASK3_OPERATIONAL_POOLED_V1,CAPACITY_AVAIL_IMMIGRATION_MINUS_3,LOCAL_WINDOW_HPP_EXACT95_LOW,11,300.000000000,334.383425690,276,248,0,19,0,9,28,276,0,0,0,0.000000000,0.000000000,0.000612421,0.000000000,0.000612421,0.000000000,0.000000000,0.000000000,0.000000000,34.818794239,34.818181818,0.500242280,0.596122050,28,0.101449275,34.383425690,true,COMPLETE,0,300,321.38342569,0,2,0,1,1,0,0.16902817,0.16902817,0,0.000563427233333,0.000563427233333
1.0,OP_AVAIL_EXACT95_LOW_CAPACITY_AVAIL_IMMIGRATION_MINUS_3,adddb2957e2ff950388b3585d73083e35714c7580c83d613a5983ffb1effca18,TASK3_OPERATIONAL_POOLED_V1,CAPACITY_AVAIL_IMMIGRATION_MINUS_3,LOCAL_WINDOW_HPP_EXACT95_LOW,12,300.000000000,336.675944538,299,251,0,33,0,15,48,299,0,0,0,0.000000000,0.000000000,0.234637278,2.046186220,0.234637278,2.046186220,0.000000000,0.000000000,0.000000000,35.052819096,36.864368038,0.538238993,0.641401466,48,0.160535117,36.675944538,true,COMPLETE,0,300,323.675944538,0,37,0,7,7,0,24.119492076,24.119492076,0,0.08039830692,0.08039830692
1.0,OP_AVAIL_EXACT95_LOW_CAPACITY_AVAIL_IMMIGRATION_MINUS_3,adddb2957e2ff950388b3585d73083e35714c7580c83d613a5983ffb1effca18,TASK3_OPERATIONAL_POOLED_V1,CAPACITY_AVAIL_IMMIGRATION_MINUS_3,LOCAL_WINDOW_HPP_EXACT95_LOW,13,300.000000000,334.664495631,286,256,0,19,0,11,30,286,0,0,0,0.000000000,0.000000000,0.012492320,0.000000000,0.012492320,0.000000000,0.000000000,0.000000000,0.000000000,34.830674138,34.818181818,0.517931647,0.617201879,30,0.104895105,34.664495631,true,COMPLETE,0,300,321.664495631,0,4,0,2,2,0,3.572803543,3.572803543,0,0.0119093451433,0.0119093451433
1.0,OP_AVAIL_EXACT95_LOW_CAPACITY_AVAIL_IMMIGRATION_MINUS_3,adddb2957e2ff950388b3585d73083e35714c7580c83d613a5983ffb1effca18,TASK3_OPERATIONAL_POOLED_V1,CAPACITY_AVAIL_IMMIGRATION_MINUS_3,LOCAL_WINDOW_HPP_EXACT95_LOW,14,300.000000000,334.504039286,264,224,0,27,0,13,40,264,0,0,0,0.000000000,0.000000000,0.087740802,0.754345941,0.087740802,0.754345941,0.000000000,0.000000000,0.000000000,34.905922620,35.572527759,0.478320083,0.569998099,40,0.151515152,34.504039286,true,COMPLETE,0,300,321.504039286,0,22,0,4,4,0,23.163571845,23.163571845,0,0.07721190615,0.07721190615
1.0,OP_AVAIL_EXACT95_LOW_CAPACITY_AVAIL_IMMIGRATION_MINUS_3,adddb2957e2ff950388b3585d73083e35714c7580c83d613a5983ffb1effca18,TASK3_OPERATIONAL_POOLED_V1,CAPACITY_AVAIL_IMMIGRATION_MINUS_3,LOCAL_WINDOW_HPP_EXACT95_LOW,15,300.000000000,334.767924815,296,263,0,21,0,12,33,296,0,0,0,0.000000000,0.000000000,0.135860130,1.303078883,0.135860130,1.303078883,0.000000000,0.000000000,0.000000000,34.954041948,36.121260701,0.535875531,0.638585007,33,0.111486486,34.767924815,true,COMPLETE,0,300,321.767924815,0,30,0,4,4,0,40.214598616,40.214598616,0,0.134048662053,0.134048662053
1.0,OP_AVAIL_EXACT95_LOW_CAPACITY_AVAIL_IMMIGRATION_MINUS_3,adddb2957e2ff950388b3585d73083e35714c7580c83d613a5983ffb1effca18,TASK3_OPERATIONAL_POOLED_V1,CAPACITY_AVAIL_IMMIGRATION_MINUS_3,LOCAL_WINDOW_HPP_EXACT95_LOW,16,300.000000000,334.431918804,278,244,0,26,0,8,34,278,0,0,0,0.000000000,0.000000000,0.006721558,0.000000000,0.006721558,0.000000000,0.000000000,0.000000000,0.000000000,34.824903376,34.818181818,0.503794163,0.600354710,34,0.122302158,34.431918804,true,COMPLETE,0,300,321.431918804,0,3,0,1,1,0,1.868592988,1.868592988,0,0.00622864329333,0.00622864329333
1.0,OP_AVAIL_EXACT95_LOW_CAPACITY_AVAIL_IMMIGRATION_MINUS_3,adddb2957e2ff950388b3585d73083e35714c7580c83d613a5983ffb1effca18,TASK3_OPERATIONAL_POOLED_V1,CAPACITY_AVAIL_IMMIGRATION_MINUS_3,LOCAL_WINDOW_HPP_EXACT95_LOW,17,300.000000000,335.939427486,310,271,0,28,0,11,39,310,0,0,0,0.018116860,0.000000000,0.624802195,3.830497568,0.642919055,3.830497568,0.000000000,0.000000000,0.000000000,35.461100873,38.648679386,0.559263881,0.666456124,39,0.125806452,35.939427486,true,COMPLETE,0,300,322.939427486,9,86,3,8,8,5.616226638,186.595464326,192.211690964,0.01872075546,0.621984881087,0.640705636547
1.0,OP_AVAIL_EXACT95_LOW_CAPACITY_AVAIL_IMMIGRATION_MINUS_3,adddb2957e2ff950388b3585d73083e35714c7580c83d613a5983ffb1effca18,TASK3_OPERATIONAL_POOLED_V1,CAPACITY_AVAIL_IMMIGRATION_MINUS_3,LOCAL_WINDOW_HPP_EXACT95_LOW,18,300.000000000,333.369913239,298,259,0,20,1,18,39,298,0,0,0,0.000000000,0.000000000,0.012787986,0.000000000,0.012787986,0.000000000,0.000000000,0.000000000,0.000000000,34.830969804,34.818181818,0.541758729,0.645595819,39,0.130872483,33.369913239,true,COMPLETE,0,300,320.369913239,0,5,0,2,2,0,2.973828658,2.973828658,0,0.00991276219333,0.00991276219333
1.0,OP_AVAIL_EXACT95_LOW_CAPACITY_AVAIL_IMMIGRATION_MINUS_3,adddb2957e2ff950388b3585d73083e35714c7580c83d613a5983ffb1effca18,TASK3_OPERATIONAL_POOLED_V1,CAPACITY_AVAIL_IMMIGRATION_MINUS_3,LOCAL_WINDOW_HPP_EXACT95_LOW,19,300.000000000,334.345704763,272,241,0,25,0,6,31,272,0,0,0,0.000000000,0.000000000,0.030496236,0.000000000,0.030496236,0.000000000,0.000000000,0.000000000,0.000000000,34.848678054,34.818181818,0.493048011,0.587548880,31,0.113970588,34.345704763,true,COMPLETE,0,300,321.345704763,0,8,0,2,2,0,8.294976094,8.294976094,0,0.0276499203133,0.0276499203133
1.0,OP_AVAIL_EXACT95_LOW_CAPACITY_AVAIL_IMMIGRATION_MINUS_3,adddb2957e2ff950388b3585d73083e35714c7580c83d613a5983ffb1effca18,TASK3_OPERATIONAL_POOLED_V1,CAPACITY_AVAIL_IMMIGRATION_MINUS_3,LOCAL_WINDOW_HPP_EXACT95_LOW,20,300.000000000,333.059981036,280,252,0,16,0,12,28,280,0,0,0,0.000000000,0.000000000,0.070029899,0.400289106,0.070029899,0.400289106,0.000000000,0.000000000,0.000000000,34.888211717,35.218470924,0.509508735,0.607164576,28,0.100000000,33.059981036,true,COMPLETE,0,300,320.059981036,0,21,0,3,3,0,19.608371708,19.608371708,0,0.0653612390267,0.0653612390267
1.0,OP_AVAIL_EXACT95_LOW_CAPACITY_AVAIL_IMMIGRATION_MINUS_3,adddb2957e2ff950388b3585d73083e35714c7580c83d613a5983ffb1effca18,TASK3_OPERATIONAL_POOLED_V1,CAPACITY_AVAIL_IMMIGRATION_MINUS_3,LOCAL_WINDOW_HPP_EXACT95_LOW,21,300.000000000,334.383882730,272,248,0,14,0,10,24,272,0,0,0,0.000000000,0.000000000,0.079382676,0.547642880,0.079382676,0.547642880,0.000000000,0.000000000,0.000000000,34.897564494,35.365824698,0.492991718,0.587481797,24,0.088235294,34.383882730,true,COMPLETE,0,300,321.38388273,0,18,0,4,4,0,21.592087787,21.592087787,0,0.0719736259567,0.0719736259567
1.0,OP_AVAIL_EXACT95_LOW_CAPACITY_AVAIL_IMMIGRATION_MINUS_3,adddb2957e2ff950388b3585d73083e35714c7580c83d613a5983ffb1effca18,TASK3_OPERATIONAL_POOLED_V1,CAPACITY_AVAIL_IMMIGRATION_MINUS_3,LOCAL_WINDOW_HPP_EXACT95_LOW,22,300.000000000,336.567106151,312,265,0,34,0,13,47,312,0,0,0,0.000000000,0.000000000,0.402581392,3.106318754,0.402581392,3.106318754,0.000000000,0.000000000,0.000000000,35.220763210,37.924500572,0.561822310,0.669504920,47,0.150641026,36.567106151,true,COMPLETE,0,300,323.567106151,0,58,0,7,7,0,86.234004677,86.234004677,0,0.287446682257,0.287446682257
1.0,OP_AVAIL_EXACT95_LOW_CAPACITY_AVAIL_IMMIGRATION_MINUS_3,adddb2957e2ff950388b3585d73083e35714c7580c83d613a5983ffb1effca18,TASK3_OPERATIONAL_POOLED_V1,CAPACITY_AVAIL_IMMIGRATION_MINUS_3,LOCAL_WINDOW_HPP_EXACT95_LOW,23,300.000000000,333.884950245,296,268,0,19,0,9,28,296,0,0,0,0.000000000,0.000000000,0.117596668,1.072996694,0.117596668,1.072996694,0.000000000,0.000000000,0.000000000,34.935778486,35.891178512,0.537292679,0.640273776,28,0.094594595,33.884950245,true,COMPLETE,0,300,320.884950245,0,22,0,4,4,0,34.808613776,34.808613776,0,0.116028712587,0.116028712587
1.0,OP_AVAIL_EXACT95_LOW_CAPACITY_AVAIL_IMMIGRATION_MINUS_3,adddb2957e2ff950388b3585d73083e35714c7580c83d613a5983ffb1effca18,TASK3_OPERATIONAL_POOLED_V1,CAPACITY_AVAIL_IMMIGRATION_MINUS_3,LOCAL_WINDOW_HPP_EXACT95_LOW,24,300.000000000,335.637443270,299,253,0,30,0,16,46,299,0,0,0,0.000000000,0.000000000,0.042148433,0.108542926,0.042148433,0.108542926,0.000000000,0.000000000,0.000000000,34.860330251,34.926724744,0.539904367,0.643386037,46,0.153846154,35.637443270,true,COMPLETE,0,300,322.63744327,0,17,0,2,2,0,7.852740507,7.852740507,0,0.02617580169,0.02617580169
1.0,OP_AVAIL_EXACT95_LOW_CAPACITY_AVAIL_IMMIGRATION_MINUS_3,adddb2957e2ff950388b3585d73083e35714c7580c83d613a5983ffb1effca18,TASK3_OPERATIONAL_POOLED_V1,CAPACITY_AVAIL_IMMIGRATION_MINUS_3,LOCAL_WINDOW_HPP_EXACT95_LOW,25,300.000000000,333.803665910,291,256,0,24,0,11,35,291,0,0,0,0.000000000,0.000000000,0.038839047,0.000000000,0.038839047,0.000000000,0.000000000,0.000000000,0.000000000,34.857020865,34.818181818,0.528345415,0.629611619,35,0.120274914,33.803665910,true,COMPLETE,0,300,320.80366591,0,10,0,3,3,0,11.30216258,11.30216258,0,0.0376738752667,0.0376738752667
1.0,OP_AVAIL_EXACT95_LOW_CAPACITY_AVAIL_IMMIGRATION_MINUS_3,adddb2957e2ff950388b3585d73083e35714c7580c83d613a5983ffb1effca18,TASK3_OPERATIONAL_POOLED_V1,CAPACITY_AVAIL_IMMIGRATION_MINUS_3,LOCAL_WINDOW_HPP_EXACT95_LOW,26,300.000000000,334.692628558,273,240,0,20,0,13,33,273,0,0,0,0.000000000,0.000000000,0.052572770,0.000000000,0.052572770,0.000000000,0.000000000,0.000000000,0.000000000,34.870754588,34.818181818,0.494347743,0.589097727,33,0.120879121,34.692628558,true,COMPLETE,0,300,321.692628558,0,11,0,4,4,0,14.352366258,14.352366258,0,0.04784122086,0.04784122086
1.0,OP_AVAIL_EXACT95_LOW_CAPACITY_AVAIL_IMMIGRATION_MINUS_3,adddb2957e2ff950388b3585d73083e35714c7580c83d613a5983ffb1effca18,TASK3_OPERATIONAL_POOLED_V1,CAPACITY_AVAIL_IMMIGRATION_MINUS_3,LOCAL_WINDOW_HPP_EXACT95_LOW,27,300.000000000,332.497741530,272,244,0,18,0,10,28,272,0,0,0,0.000000000,0.000000000,0.019852490,0.000000000,0.019852490,0.000000000,0.000000000,0.000000000,0.000000000,34.838034308,34.818181818,0.495788284,0.590814372,28,0.102941176,32.497741530,true,COMPLETE,0,300,319.49774153,0,8,0,3,3,0,5.39987731,5.39987731,0,0.0179995910333,0.0179995910333
1.0,OP_AVAIL_EXACT95_LOW_CAPACITY_AVAIL_IMMIGRATION_MINUS_3,adddb2957e2ff950388b3585d73083e35714c7580c83d613a5983ffb1effca18,TASK3_OPERATIONAL_POOLED_V1,CAPACITY_AVAIL_IMMIGRATION_MINUS_3,LOCAL_WINDOW_HPP_EXACT95_LOW,28,300.000000000,334.557393197,258,233,0,16,0,9,25,258,0,0,0,0.000000000,0.000000000,0.003097274,0.000000000,0.003097274,0.000000000,0.000000000,0.000000000,0.000000000,34.821279092,34.818181818,0.467374626,0.556954762,25,0.096899225,34.557393197,true,COMPLETE,0,300,321.557393197,0,3,0,2,2,0,0.799096742,0.799096742,0,0.00266365580667,0.00266365580667
1.0,OP_AVAIL_EXACT95_LOW_CAPACITY_AVAIL_IMMIGRATION_MINUS_3,adddb2957e2ff950388b3585d73083e35714c7580c83d613a5983ffb1effca18,TASK3_OPERATIONAL_POOLED_V1,CAPACITY_AVAIL_IMMIGRATION_MINUS_3,LOCAL_WINDOW_HPP_EXACT95_LOW,29,300.000000000,334.055309304,300,264,0,20,0,16,36,300,0,0,0,0.009986572,0.000000000,0.415835605,3.179859801,0.425822177,3.179859801,0.000000000,0.000000000,0.000000000,35.244003995,37.998041619,0.544275684,0.648595190,36,0.120000000,34.055309304,true,COMPLETE,0,300,321.055309304,4,58,1,8,8,2.995971717,124.750681405,127.746653122,0.00998657239,0.415835604683,0.425822177073
1.0,OP_AVAIL_EXACT95_LOW_CAPACITY_AVAIL_IMMIGRATION_MINUS_3,adddb2957e2ff950388b3585d73083e35714c7580c83d613a5983ffb1effca18,TASK3_OPERATIONAL_POOLED_V1,CAPACITY_AVAIL_IMMIGRATION_MINUS_3,LOCAL_WINDOW_HPP_EXACT95_LOW,30,300.000000000,333.547081962,267,232,0,27,0,8,35,267,0,0,0,0.000000000,0.000000000,0.043873348,0.000000000,0.043873348,0.000000000,0.000000000,0.000000000,0.000000000,34.862055166,34.818181818,0.485143449,0.578129277,35,0.131086142,33.547081962,true,COMPLETE,0,300,320.547081962,0,8,0,3,3,0,0,0,0,0,0
1.0,OP_AVAIL_EXACT95_LOW_CAPACITY_AVAIL_IMMIGRATION_MINUS_3,adddb2957e2ff950388b3585d73083e35714c7580c83d613a5983ffb1effca18,TASK3_OPERATIONAL_POOLED_V1,CAPACITY_AVAIL_IMMIGRATION_MINUS_3,LOCAL_WINDOW_HPP_EXACT95_LOW,31,300.000000000,332.500307393,296,270,0,17,0,9,26,296,0,0,0,0.000000000,0.000000000,0.055754211,0.432901677,0.055754211,0.432901677,0.000000000,0.000000000,0.000000000,34.873936029,35.251083495,0.539530146,0.642940091,26,0.087837838,32.500307393,true,COMPLETE,0,300,319.500307393,0,26,0,4,4,0,16.50324646,16.50324646,0,0.0550108215333,0.0550108215333
1.0,OP_AVAIL_EXACT95_LOW_CAPACITY_AVAIL_IMMIGRATION_MINUS_3,adddb2957e2ff950388b3585d73083e35714c7580c83d613a5983ffb1effca18,TASK3_OPERATIONAL_POOLED_V1,CAPACITY_AVAIL_IMMIGRATION_MINUS_3,LOCAL_WINDOW_HPP_EXACT95_LOW,32,300.000000000,335.188766742,288,245,0,29,0,14,43,288,0,0,0,0.000000000,0.000000000,0.026738933,0.000000000,0.026738933,0.000000000,0.000000000,0.000000000,0.000000000,34.844920751,34.818181818,0.520737781,0.620545855,43,0.149305556,35.188766742,true,COMPLETE,0,300,322.188766742,0,9,0,2,2,0,3.232996913,3.232996913,0,0.0107766563767,0.0107766563767
1.0,OP_AVAIL_EXACT95_LOW_CAPACITY_AVAIL_IMMIGRATION_MINUS_3,adddb2957e2ff950388b3585d73083e35714c7580c83d613a5983ffb1effca18,TASK3_OPERATIONAL_POOLED_V1,CAPACITY_AVAIL_IMMIGRATION_MINUS_3,LOCAL_WINDOW_HPP_EXACT95_LOW,33,300.000000000,333.353517328,263,238,0,17,0,8,25,263,0,0,0,0.000000000,0.000000000,0.000000000,0.000000000,0.000000000,0.000000000,0.000000000,0.000000000,0.000000000,34.818181818,34.818181818,0.478152865,0.569798831,25,0.095057034,33.353517328,true,COMPLETE,0,300,320.353517328,0,0,0,0,0,0,0,0,0,0,0
1.0,OP_AVAIL_EXACT95_LOW_CAPACITY_AVAIL_IMMIGRATION_MINUS_3,adddb2957e2ff950388b3585d73083e35714c7580c83d613a5983ffb1effca18,TASK3_OPERATIONAL_POOLED_V1,CAPACITY_AVAIL_IMMIGRATION_MINUS_3,LOCAL_WINDOW_HPP_EXACT95_LOW,34,300.000000000,333.918653247,282,249,0,15,0,18,33,282,0,0,0,0.000000000,0.000000000,0.117143428,0.987013983,0.117143428,0.987013983,0.000000000,0.000000000,0.000000000,34.935325246,35.805195801,0.511828522,0.609928989,33,0.117021277,33.918653247,true,COMPLETE,0,300,320.918653247,0,29,0,4,4,0,33.034446835,33.034446835,0,0.110114822783,0.110114822783
1.0,OP_AVAIL_EXACT95_LOW_CAPACITY_AVAIL_IMMIGRATION_MINUS_3,adddb2957e2ff950388b3585d73083e35714c7580c83d613a5983ffb1effca18,TASK3_OPERATIONAL_POOLED_V1,CAPACITY_AVAIL_IMMIGRATION_MINUS_3,LOCAL_WINDOW_HPP_EXACT95_LOW,35,300.000000000,334.031797309,280,251,0,18,0,11,29,280,0,0,0,0.000000000,0.000000000,0.007284430,0.000000000,0.007284430,0.000000000,0.000000000,0.000000000,0.000000000,34.825466248,34.818181818,0.508026395,0.605398120,29,0.103571429,34.031797309,true,COMPLETE,0,300,321.031797309,0,4,0,2,2,0,2.039640527,2.039640527,0,0.00679880175667,0.00679880175667
1.0,OP_AVAIL_EXACT95_LOW_CAPACITY_AVAIL_IMMIGRATION_MINUS_3,adddb2957e2ff950388b3585d73083e35714c7580c83d613a5983ffb1effca18,TASK3_OPERATIONAL_POOLED_V1,CAPACITY_AVAIL_IMMIGRATION_MINUS_3,LOCAL_WINDOW_HPP_EXACT95_LOW,36,300.000000000,334.046219248,272,235,0,21,0,16,37,272,0,0,0,0.000000000,0.000000000,0.000000000,0.000000000,0.000000000,0.000000000,0.000000000,0.000000000,0.000000000,34.818181818,34.818181818,0.493490048,0.588075641,37,0.136029412,34.046219248,true,COMPLETE,0,300,321.046219248,0,0,0,0,0,0,0,0,0,0,0
1.0,OP_AVAIL_EXACT95_LOW_CAPACITY_AVAIL_IMMIGRATION_MINUS_3,adddb2957e2ff950388b3585d73083e35714c7580c83d613a5983ffb1effca18,TASK3_OPERATIONAL_POOLED_V1,CAPACITY_AVAIL_IMMIGRATION_MINUS_3,LOCAL_WINDOW_HPP_EXACT95_LOW,37,300.000000000,334.078766339,266,237,0,16,0,13,29,266,0,0,0,0.000000000,0.000000000,0.082955908,0.000000000,0.082955908,0.000000000,0.000000000,0.000000000,0.000000000,34.901137726,34.818181818,0.482557221,0.575047355,29,0.109022556,34.078766339,true,COMPLETE,0,300,321.078766339,0,11,0,4,4,0,22.066271532,22.066271532,0,0.07355423844,0.07355423844
1.0,OP_AVAIL_EXACT95_LOW_CAPACITY_AVAIL_IMMIGRATION_MINUS_3,adddb2957e2ff950388b3585d73083e35714c7580c83d613a5983ffb1effca18,TASK3_OPERATIONAL_POOLED_V1,CAPACITY_AVAIL_IMMIGRATION_MINUS_3,LOCAL_WINDOW_HPP_EXACT95_LOW,38,300.000000000,333.973818889,341,299,0,23,1,18,42,341,0,0,0,0.000000000,0.000000000,0.190215427,1.368860962,0.190215427,1.368860962,0.000000000,0.000000000,0.000000000,35.008397245,36.187042780,0.618810982,0.737416420,42,0.123167155,33.973818889,true,COMPLETE,0,300,320.973818889,0,52,0,5,5,0,60.537374825,60.537374825,0,0.201791249417,0.201791249417
1.0,OP_AVAIL_EXACT95_LOW_CAPACITY_AVAIL_IMMIGRATION_MINUS_3,adddb2957e2ff950388b3585d73083e35714c7580c83d613a5983ffb1effca18,TASK3_OPERATIONAL_POOLED_V1,CAPACITY_AVAIL_IMMIGRATION_MINUS_3,LOCAL_WINDOW_HPP_EXACT95_LOW,39,300.000000000,333.227369168,256,218,0,24,0,14,38,256,0,0,0,0.000000000,0.000000000,0.021636132,0.000000000,0.021636132,0.000000000,0.000000000,0.000000000,0.000000000,34.839817950,34.818181818,0.465602557,0.554843047,38,0.148437500,33.227369168,true,COMPLETE,0,300,320.227369168,0,7,0,2,2,0,5.53884984,5.53884984,0,0.0184628328,0.0184628328
1.0,OP_AVAIL_EXACT95_LOW_CAPACITY_AVAIL_IMMIGRATION_MINUS_3,adddb2957e2ff950388b3585d73083e35714c7580c83d613a5983ffb1effca18,TASK3_OPERATIONAL_POOLED_V1,CAPACITY_AVAIL_IMMIGRATION_MINUS_3,LOCAL_WINDOW_HPP_EXACT95_LOW,40,300.000000000,334.470914622,276,253,0,13,0,10,23,276,0,0,0,0.000000000,0.000000000,0.080700421,0.776656870,0.080700421,0.776656870,0.000000000,0.000000000,0.000000000,34.898882239,35.594838688,0.500111430,0.595966120,23,0.083333333,34.470914622,true,COMPLETE,0,300,321.470914622,0,16,0,3,3,0,22.273316162,22.273316162,0,0.0742443872067,0.0742443872067
1.0,OP_AVAIL_EXACT95_LOW_CAPACITY_AVAIL_IMMIGRATION_MINUS_3,adddb2957e2ff950388b3585d73083e35714c7580c83d613a5983ffb1effca18,TASK3_OPERATIONAL_POOLED_V1,CAPACITY_AVAIL_IMMIGRATION_MINUS_3,LOCAL_WINDOW_HPP_EXACT95_LOW,41,300.000000000,334.039386969,305,267,0,22,0,16,38,305,0,0,0,0.000000000,0.000000000,0.176771613,2.007625208,0.176771613,2.007625208,0.000000000,0.000000000,0.000000000,34.994953431,36.825807026,0.553373321,0.659436541,38,0.124590164,34.039386969,true,COMPLETE,0,300,321.039386969,0,32,0,6,6,0,53.915341989,53.915341989,0,0.17971780663,0.17971780663
1.0,OP_AVAIL_EXACT95_LOW_CAPACITY_AVAIL_IMMIGRATION_MINUS_3,adddb2957e2ff950388b3585d73083e35714c7580c83d613a5983ffb1effca18,TASK3_OPERATIONAL_POOLED_V1,CAPACITY_AVAIL_IMMIGRATION_MINUS_3,LOCAL_WINDOW_HPP_EXACT95_LOW,42,300.000000000,334.117691289,298,260,0,25,0,13,38,298,0,0,0,0.000000000,0.000000000,0.074462223,0.234771032,0.074462223,0.234771032,0.000000000,0.000000000,0.000000000,34.892644041,35.052952850,0.540546237,0.644150932,38,0.127516779,34.117691289,true,COMPLETE,0,300,321.117691289,0,17,0,3,3,0,22.189742429,22.189742429,0,0.0739658080967,0.0739658080967
1.0,OP_AVAIL_EXACT95_LOW_CAPACITY_AVAIL_IMMIGRATION_MINUS_3,adddb2957e2ff950388b3585d73083e35714c7580c83d613a5983ffb1effca18,TASK3_OPERATIONAL_POOLED_V1,CAPACITY_AVAIL_IMMIGRATION_MINUS_3,LOCAL_WINDOW_HPP_EXACT95_LOW,43,300.000000000,334.595220486,274,248,0,20,0,6,26,274,0,0,0,0.000000000,0.000000000,0.154528660,1.273854317,0.154528660,1.273854317,0.000000000,0.000000000,0.000000000,34.972710478,36.092036135,0.496302983,0.591427722,26,0.094890511,34.595220486,true,COMPLETE,0,300,321.595220486,0,26,0,5,5,0,42.340852906,42.340852906,0,0.141136176353,0.141136176353
1.0,OP_AVAIL_EXACT95_LOW_CAPACITY_AVAIL_IMMIGRATION_MINUS_3,adddb2957e2ff950388b3585d73083e35714c7580c83d613a5983ffb1effca18,TASK3_OPERATIONAL_POOLED_V1,CAPACITY_AVAIL_IMMIGRATION_MINUS_3,LOCAL_WINDOW_HPP_EXACT95_LOW,44,300.000000000,333.612131684,288,252,0,19,0,17,36,288,0,0,0,0.000000000,0.000000000,0.065748635,0.315720721,0.065748635,0.315720721,0.000000000,0.000000000,0.000000000,34.883930453,35.133902539,0.523198763,0.623478526,36,0.125000000,33.612131684,true,COMPLETE,0,300,320.612131684,0,23,0,3,3,0,18.935606784,18.935606784,0,0.06311868928,0.06311868928
1.0,OP_AVAIL_EXACT95_LOW_CAPACITY_AVAIL_IMMIGRATION_MINUS_3,adddb2957e2ff950388b3585d73083e35714c7580c83d613a5983ffb1effca18,TASK3_OPERATIONAL_POOLED_V1,CAPACITY_AVAIL_IMMIGRATION_MINUS_3,LOCAL_WINDOW_HPP_EXACT95_LOW,45,300.000000000,335.272545013,294,252,0,27,0,15,42,294,0,0,0,0.000000000,0.000000000,0.073540829,0.753418008,0.073540829,0.753418008,0.000000000,0.000000000,0.000000000,34.891722647,35.571599826,0.531453651,0.633315601,42,0.142857143,35.272545013,true,COMPLETE,0,300,322.272545013,0,24,0,3,3,0,17.558299342,17.558299342,0,0.0585276644733,0.0585276644733
1.0,OP_AVAIL_EXACT95_LOW_CAPACITY_AVAIL_IMMIGRATION_MINUS_3,adddb2957e2ff950388b3585d73083e35714c7580c83d613a5983ffb1effca18,TASK3_OPERATIONAL_POOLED_V1,CAPACITY_AVAIL_IMMIGRATION_MINUS_3,LOCAL_WINDOW_HPP_EXACT95_LOW,46,300.000000000,335.230534980,296,252,0,26,0,18,44,296,0,0,0,0.000000000,0.000000000,0.187338631,1.566202592,0.187338631,1.566202592,0.000000000,0.000000000,0.000000000,35.005520449,36.384384410,0.535136035,0.637703775,44,0.148648649,35.230534980,true,COMPLETE,0,300,322.23053498,0,38,0,7,7,0,54.297382686,54.297382686,0,0.18099127562,0.18099127562
1.0,OP_AVAIL_EXACT95_LOW_CAPACITY_AVAIL_IMMIGRATION_MINUS_3,adddb2957e2ff950388b3585d73083e35714c7580c83d613a5983ffb1effca18,TASK3_OPERATIONAL_POOLED_V1,CAPACITY_AVAIL_IMMIGRATION_MINUS_3,LOCAL_WINDOW_HPP_EXACT95_LOW,47,300.000000000,329.184016045,265,230,0,13,4,18,35,265,0,0,0,0.000000000,0.000000000,0.218400068,1.836291530,0.218400068,1.836291530,0.000000000,0.000000000,0.000000000,35.036581886,36.654473348,0.487891431,0.581403955,35,0.132075472,29.184016045,true,COMPLETE,0,300,316.184016045,0,31,0,6,6,0,51.914957564,51.914957564,0,0.173049858547,0.173049858547
1.0,OP_AVAIL_EXACT95_LOW_CAPACITY_AVAIL_IMMIGRATION_MINUS_3,adddb2957e2ff950388b3585d73083e35714c7580c83d613a5983ffb1effca18,TASK3_OPERATIONAL_POOLED_V1,CAPACITY_AVAIL_IMMIGRATION_MINUS_3,LOCAL_WINDOW_HPP_EXACT95_LOW,48,300.000000000,334.462782154,296,264,0,14,0,18,32,296,0,0,0,0.000000000,0.000000000,0.169236860,1.542491548,0.169236860,1.542491548,0.000000000,0.000000000,0.000000000,34.987418678,36.360673366,0.536364430,0.639167612,32,0.108108108,34.462782154,true,COMPLETE,0,300,321.462782154,0,33,0,6,6,0,50.094110528,50.094110528,0,0.166980368427,0.166980368427
1.0,OP_AVAIL_EXACT95_LOW_CAPACITY_AVAIL_IMMIGRATION_MINUS_3,adddb2957e2ff950388b3585d73083e35714c7580c83d613a5983ffb1effca18,TASK3_OPERATIONAL_POOLED_V1,CAPACITY_AVAIL_IMMIGRATION_MINUS_3,LOCAL_WINDOW_HPP_EXACT95_LOW,49,300.000000000,330.242669127,247,233,0,11,0,3,14,247,0,0,0,0.000000000,0.000000000,0.048687542,0.010441470,0.048687542,0.010441470,0.000000000,0.000000000,0.000000000,34.866869360,34.828623288,0.453293846,0.540175167,14,0.056680162,30.242669127,true,COMPLETE,0,300,317.242669127,0,13,0,4,4,0,12.025822861,12.025822861,0,0.0400860762033,0.0400860762033
1.0,OP_AVAIL_EXACT95_LOW_CAPACITY_AVAIL_IMMIGRATION_MINUS_3,adddb2957e2ff950388b3585d73083e35714c7580c83d613a5983ffb1effca18,TASK3_OPERATIONAL_POOLED_V1,CAPACITY_AVAIL_IMMIGRATION_MINUS_3,LOCAL_WINDOW_HPP_EXACT95_LOW,50,300.000000000,334.204179571,295,266,0,17,0,12,29,295,0,0,0,0.000000000,0.000000000,0.116689047,0.865012699,0.116689047,0.865012699,0.000000000,0.000000000,0.000000000,34.934870865,35.683194517,0.534966017,0.637501170,29,0.098305085,34.204179571,true,COMPLETE,0,300,321.204179571,0,44,0,3,3,0,34.423268968,34.423268968,0,0.114744229893,0.114744229893
1.0,OP_AVAIL_MLE_BASE_CAPACITY_AVAIL_IMMIGRATION_MINUS_3,01537ae28094b776ba547aac84a146217f6fda92b8c6379ea55746cde1b4c754,TASK3_OPERATIONAL_POOLED_V1,CAPACITY_AVAIL_IMMIGRATION_MINUS_3,LOCAL_WINDOW_HPP_BASE,1,300.000000000,334.854323649,396,354,0,24,0,18,42,396,0,0,0,0.057488243,0.190262896,2.199991977,5.772109861,2.257480220,5.935551753,0.000000000,0.000000000,0.000000000,37.075662038,40.753733571,0.716729584,0.854102754,42,0.106060606,34.854323649,true,COMPLETE,0,300,321.854323649,22,281,4,12,12,22.765344416,870.871212908,893.636557324,0.0758844813867,2.90290404303,2.97878852441
1.0,OP_AVAIL_MLE_BASE_CAPACITY_AVAIL_IMMIGRATION_MINUS_3,01537ae28094b776ba547aac84a146217f6fda92b8c6379ea55746cde1b4c754,TASK3_OPERATIONAL_POOLED_V1,CAPACITY_AVAIL_IMMIGRATION_MINUS_3,LOCAL_WINDOW_HPP_BASE,2,300.000000000,353.697626202,442,368,8,36,12,18,74,442,0,0,0,0.365808343,2.433340877,7.349389880,14.160053771,7.715198223,15.422250589,0.000000000,0.000000000,0.000000000,42.533380041,50.240432407,0.757366655,0.902528597,74,0.167420814,53.697626202,true,COMPLETE,0,300,340.697626202,105,405,8,25,25,135.517778944,2663.85620429,2799.37398324,0.451725929813,8.87952068098,9.33124661079
1.0,OP_AVAIL_MLE_BASE_CAPACITY_AVAIL_IMMIGRATION_MINUS_3,01537ae28094b776ba547aac84a146217f6fda92b8c6379ea55746cde1b4c754,TASK3_OPERATIONAL_POOLED_V1,CAPACITY_AVAIL_IMMIGRATION_MINUS_3,LOCAL_WINDOW_HPP_BASE,3,300.000000000,334.760392420,393,350,0,29,0,14,43,393,0,0,0,0.084898731,0.481609869,1.823621814,7.173797133,1.908520544,7.173797133,0.000000000,0.000000000,0.000000000,36.726702362,41.991978951,0.711499399,0.847870118,43,0.109414758,34.760392420,true,COMPLETE,0,300,321.76039242,31,233,4,13,13,33.365201114,708.95760616,742.322807274,0.111217337047,2.36319202053,2.47440935758
1.0,OP_AVAIL_MLE_BASE_CAPACITY_AVAIL_IMMIGRATION_MINUS_3,01537ae28094b776ba547aac84a146217f6fda92b8c6379ea55746cde1b4c754,TASK3_OPERATIONAL_POOLED_V1,CAPACITY_AVAIL_IMMIGRATION_MINUS_3,LOCAL_WINDOW_HPP_BASE,4,300.000000000,344.663925773,410,347,0,35,10,18,63,410,0,0,0,0.031298571,0.000000000,2.290631570,8.574696295,2.321930140,8.667866875,0.000000000,0.000000000,0.000000000,37.140111958,43.486048693,0.720948234,0.859129978,63,0.153658537,44.663925773,true,COMPLETE,0,300,331.663925773,19,278,3,17,17,12.832413913,602.278621049,615.111034962,0.0427747130433,2.0075954035,2.05037011654
1.0,OP_AVAIL_MLE_BASE_CAPACITY_AVAIL_IMMIGRATION_MINUS_3,01537ae28094b776ba547aac84a146217f6fda92b8c6379ea55746cde1b4c754,TASK3_OPERATIONAL_POOLED_V1,CAPACITY_AVAIL_IMMIGRATION_MINUS_3,LOCAL_WINDOW_HPP_BASE,5,300.000000000,333.557018640,388,356,0,18,0,14,32,388,0,0,0,0.098018246,0.858015621,3.055982182,6.298769526,3.154000427,6.514039701,0.000000000,0.000000000,0.000000000,37.972182245,41.332221519,0.704981463,0.840102911,32,0.082474227,33.557018640,true,COMPLETE,0,300,320.55701864,31,310,5,11,11,38.031079305,1185.72108651,1223.75216582,0.12677026435,3.9524036217,4.07917388605
1.0,OP_AVAIL_MLE_BASE_CAPACITY_AVAIL_IMMIGRATION_MINUS_3,01537ae28094b776ba547aac84a146217f6fda92b8c6379ea55746cde1b4c754,TASK3_OPERATIONAL_POOLED_V1,CAPACITY_AVAIL_IMMIGRATION_MINUS_3,LOCAL_WINDOW_HPP_BASE,6,300.000000000,346.321962930,419,356,0,33,12,18,63,419,0,0,0,0.101817006,0.855258499,6.580471008,13.252708864,6.682288014,13.269727350,0.000000000,0.000000000,0.000000000,41.500469832,48.087909168,0.733246577,0.873785505,63,0.150357995,46.321962930,true,COMPLETE,0,300,333.32196293,55,366,3,20,20,42.66132548,2279.6263551,2322.28768058,0.142204418267,7.59875451701,7.74095893527
1.0,OP_AVAIL_MLE_BASE_CAPACITY_AVAIL_IMMIGRATION_MINUS_3,01537ae28094b776ba547aac84a146217f6fda92b8c6379ea55746cde1b4c754,TASK3_OPERATIONAL_POOLED_V1,CAPACITY_AVAIL_IMMIGRATION_MINUS_3,LOCAL_WINDOW_HPP_BASE,7,300.000000000,339.866615257,408,352,0,33,5,18,56,408,0,0,0,0.161438120,1.333000691,2.124530275,5.393195514,2.285968394,6.410100704,0.000000000,0.000000000,0.000000000,37.104150212,41.228282522,0.727558154,0.867006800,56,0.137254902,39.866615257,true,COMPLETE,0,300,326.866615257,47,300,8,11,11,65.866752879,721.485284042,787.352036921,0.21955584293,2.40495094681,2.62450678974
1.0,OP_AVAIL_MLE_BASE_CAPACITY_AVAIL_IMMIGRATION_MINUS_3,01537ae28094b776ba547aac84a146217f6fda92b8c6379ea55746cde1b4c754,TASK3_OPERATIONAL_POOLED_V1,CAPACITY_AVAIL_IMMIGRATION_MINUS_3,LOCAL_WINDOW_HPP_BASE,8,300.000000000,353.825816755,442,368,0,21,35,18,74,442,0,0,0,1.042778706,5.258285645,14.084655618,25.341093481,15.127434324,26.558508685,0.000000000,0.000000000,0.000000000,49.945616142,61.376690503,0.757092262,0.902201612,74,0.167420814,53.825816755,true,COMPLETE,0,300,340.825816755,151,422,13,39,39,460.908187986,5304.06094899,5764.96913698,1.53636062662,17.6802031633,19.2165637899
1.0,OP_AVAIL_MLE_BASE_CAPACITY_AVAIL_IMMIGRATION_MINUS_3,01537ae28094b776ba547aac84a146217f6fda92b8c6379ea55746cde1b4c754,TASK3_OPERATIONAL_POOLED_V1,CAPACITY_AVAIL_IMMIGRATION_MINUS_3,LOCAL_WINDOW_HPP_BASE,9,300.000000000,337.741384818,395,343,0,33,1,18,52,395,0,0,0,0.337787869,2.427248770,2.544544345,8.809770368,2.882332214,10.295005693,0.000000000,0.000000000,0.000000000,37.700514032,45.113187511,0.708808426,0.844663374,52,0.131645570,37.741384818,true,COMPLETE,0,300,324.741384818,65,254,8,17,17,133.426208411,904.443018978,1037.86922739,0.444754028037,3.01481006326,3.4595640913
1.0,OP_AVAIL_MLE_BASE_CAPACITY_AVAIL_IMMIGRATION_MINUS_3,01537ae28094b776ba547aac84a146217f6fda92b8c6379ea55746cde1b4c754,TASK3_OPERATIONAL_POOLED_V1,CAPACITY_AVAIL_IMMIGRATION_MINUS_3,LOCAL_WINDOW_HPP_BASE,10,300.000000000,335.366355807,394,342,0,31,3,18,52,394,0,0,0,0.063241865,0.165118014,1.839635458,6.184678844,1.902877322,6.381879442,0.000000000,0.000000000,0.000000000,36.721059140,41.200061260,0.712020972,0.848491659,52,0.131979695,35.366355807,true,COMPLETE,0,300,322.366355807,24,244,4,13,13,24.917294624,670.93656865,695.853863274,0.0830576487467,2.23645522883,2.31951287758
1.0,OP_AVAIL_MLE_BASE_CAPACITY_AVAIL_IMMIGRATION_MINUS_3,01537ae28094b776ba547aac84a146217f6fda92b8c6379ea55746cde1b4c754,TASK3_OPERATIONAL_POOLED_V1,CAPACITY_AVAIL_IMMIGRATION_MINUS_3,LOCAL_WINDOW_HPP_BASE,11,300.000000000,334.795505588,409,367,0,18,6,18,42,409,0,0,0,0.288482419,2.482026498,7.411299157,14.574260964,7.699781577,14.821736054,0.000000000,0.000000000,0.000000000,42.517963395,49.639917872,0.740388636,0.882296458,42,0.102689487,34.795505588,true,COMPLETE,0,300,321.795505588,70,356,7,23,23,117.989309439,3005.90473538,3123.89404482,0.39329769813,10.0196824513,10.4129801494
1.0,OP_AVAIL_MLE_BASE_CAPACITY_AVAIL_IMMIGRATION_MINUS_3,01537ae28094b776ba547aac84a146217f6fda92b8c6379ea55746cde1b4c754,TASK3_OPERATIONAL_POOLED_V1,CAPACITY_AVAIL_IMMIGRATION_MINUS_3,LOCAL_WINDOW_HPP_BASE,12,300.000000000,346.243858147,423,359,0,28,18,18,64,423,0,0,0,0.429529951,3.594318012,5.807447339,14.061258359,6.236977290,15.150898556,0.000000000,0.000000000,0.000000000,41.055159108,49.969080374,0.740413527,0.882326120,64,0.151300236,46.243858147,true,COMPLETE,0,300,333.243858147,82,336,14,22,22,181.691169262,2020.19502464,2201.8861939,0.605637230873,6.73398341545,7.33962064633
1.0,OP_AVAIL_MLE_BASE_CAPACITY_AVAIL_IMMIGRATION_MINUS_3,01537ae28094b776ba547aac84a146217f6fda92b8c6379ea55746cde1b4c754,TASK3_OPERATIONAL_POOLED_V1,CAPACITY_AVAIL_IMMIGRATION_MINUS_3,LOCAL_WINDOW_HPP_BASE,13,300.000000000,363.845803722,455,367,0,32,38,18,88,455,0,0,0,4.913418186,15.311140781,16.252997417,29.847713748,21.166415603,37.563980495,0.000000000,0.000000000,0.000000000,55.984597421,72.382162313,0.757896815,0.903160371,88,0.193406593,63.845803722,true,COMPLETE,0,300,350.845803722,226,410,32,46,50,2235.60527447,5886.60941163,8122.2146861,7.45201758156,19.6220313721,27.0740489537
1.0,OP_AVAIL_MLE_BASE_CAPACITY_AVAIL_IMMIGRATION_MINUS_3,01537ae28094b776ba547aac84a146217f6fda92b8c6379ea55746cde1b4c754,TASK3_OPERATIONAL_POOLED_V1,CAPACITY_AVAIL_IMMIGRATION_MINUS_3,LOCAL_WINDOW_HPP_BASE,14,300.000000000,333.719484820,374,343,0,17,0,14,31,374,0,0,0,0.105689980,0.485602555,2.030317807,6.099776720,2.136007787,6.733336318,0.000000000,0.000000000,0.000000000,36.954189605,41.551518136,0.679213162,0.809395685,31,0.082887701,33.719484820,true,COMPLETE,0,300,320.71948482,27,223,5,13,13,39.5280524,759.338860002,798.866912402,0.131760174667,2.53112953334,2.66288970801
1.0,OP_AVAIL_MLE_BASE_CAPACITY_AVAIL_IMMIGRATION_MINUS_3,01537ae28094b776ba547aac84a146217f6fda92b8c6379ea55746cde1b4c754,TASK3_OPERATIONAL_POOLED_V1,CAPACITY_AVAIL_IMMIGRATION_MINUS_3,LOCAL_WINDOW_HPP_BASE,15,300.000000000,334.257636044,386,341,0,29,0,16,45,386,0,0,0,0.167013951,1.783448807,1.915840731,7.469426344,2.082854681,9.352009037,0.000000000,0.000000000,0.000000000,36.901036499,44.170190855,0.699877486,0.834020671,45,0.116580311,34.257636044,true,COMPLETE,0,300,321.257636044,40,230,7,13,13,64.467384992,696.921132441,761.388517433,0.214891283307,2.32307044147,2.53796172478
1.0,OP_AVAIL_MLE_BASE_CAPACITY_AVAIL_IMMIGRATION_MINUS_3,01537ae28094b776ba547aac84a146217f6fda92b8c6379ea55746cde1b4c754,TASK3_OPERATIONAL_POOLED_V1,CAPACITY_AVAIL_IMMIGRATION_MINUS_3,LOCAL_WINDOW_HPP_BASE,16,300.000000000,347.236135759,401,337,1,36,9,18,64,401,0,0,0,0.085959710,0.815556016,2.208617081,9.417096580,2.294576791,9.708673803,0.000000000,0.000000000,0.000000000,37.112758609,44.526855621,0.699899227,0.834046579,64,0.159600998,47.236135759,true,COMPLETE,0,300,334.236135759,43,211,4,19,19,33.827733972,513.89689563,547.724629602,0.11275911324,1.7129896521,1.82574876534
1.0,OP_AVAIL_MLE_BASE_CAPACITY_AVAIL_IMMIGRATION_MINUS_3,01537ae28094b776ba547aac84a146217f6fda92b8c6379ea55746cde1b4c754,TASK3_OPERATIONAL_POOLED_V1,CAPACITY_AVAIL_IMMIGRATION_MINUS_3,LOCAL_WINDOW_HPP_BASE,17,300.000000000,350.573784907,429,359,0,35,17,18,70,429,0,0,0,0.630204668,4.648105409,6.526225585,15.342613623,7.156430253,17.336859282,0.000000000,0.000000000,0.000000000,41.974612071,52.155041100,0.741641307,0.883789224,70,0.163170163,50.573784907,true,COMPLETE,0,300,337.573784907,111,374,12,26,26,270.357802583,2167.40572102,2437.7635236,0.901192675277,7.22468573674,8.12587841201
1.0,OP_AVAIL_MLE_BASE_CAPACITY_AVAIL_IMMIGRATION_MINUS_3,01537ae28094b776ba547aac84a146217f6fda92b8c6379ea55746cde1b4c754,TASK3_OPERATIONAL_POOLED_V1,CAPACITY_AVAIL_IMMIGRATION_MINUS_3,LOCAL_WINDOW_HPP_BASE,18,300.000000000,343.342444453,419,359,0,31,11,18,60,419,0,0,0,0.336319219,3.064540122,6.201250405,13.282521342,6.537569624,13.479637483,0.000000000,0.000000000,0.000000000,41.355751442,48.297819301,0.739609676,0.881368197,60,0.143198091,43.342444453,true,COMPLETE,0,300,330.342444453,72,352,7,22,22,140.917752792,2285.18776203,2426.10551482,0.46972584264,7.61729254009,8.08701838273
1.0,OP_AVAIL_MLE_BASE_CAPACITY_AVAIL_IMMIGRATION_MINUS_3,01537ae28094b776ba547aac84a146217f6fda92b8c6379ea55746cde1b4c754,TASK3_OPERATIONAL_POOLED_V1,CAPACITY_AVAIL_IMMIGRATION_MINUS_3,LOCAL_WINDOW_HPP_BASE,19,300.000000000,361.027069672,445,360,3,36,28,18,85,445,0,0,0,0.154371984,1.066559726,8.446559731,22.557242982,8.600931715,22.887138557,0.000000000,0.000000000,0.000000000,43.419113533,57.705320375,0.747027003,0.890207178,85,0.191011236,61.027069672,true,COMPLETE,0,300,348.027069672,83,394,5,36,36,65.549836618,2599.11384283,2664.66367945,0.218499455393,8.66371280943,8.88221226483
1.0,OP_AVAIL_MLE_BASE_CAPACITY_AVAIL_IMMIGRATION_MINUS_3,01537ae28094b776ba547aac84a146217f6fda92b8c6379ea55746cde1b4c754,TASK3_OPERATIONAL_POOLED_V1,CAPACITY_AVAIL_IMMIGRATION_MINUS_3,LOCAL_WINDOW_HPP_BASE,20,300.000000000,339.280402270,418,363,0,29,8,18,55,418,0,0,0,0.231818304,2.136083862,4.521506517,10.699966241,4.753324821,11.779769685,0.000000000,0.000000000,0.000000000,39.571506639,46.597951503,0.746678357,0.889791709,55,0.131578947,39.280402270,true,COMPLETE,0,300,326.28040227,55,344,6,19,19,96.900051073,1701.71168037,1798.61173144,0.323000170243,5.67237226788,5.99537243813
1.0,OP_AVAIL_MLE_BASE_CAPACITY_AVAIL_IMMIGRATION_MINUS_3,01537ae28094b776ba547aac84a146217f6fda92b8c6379ea55746cde1b4c754,TASK3_OPERATIONAL_POOLED_V1,CAPACITY_AVAIL_IMMIGRATION_MINUS_3,LOCAL_WINDOW_HPP_BASE,21,300.000000000,354.162995222,417,344,3,36,16,18,73,417,0,0,0,0.767110510,4.499269471,5.899799894,16.264737752,6.666910403,17.093491796,0.000000000,0.000000000,0.000000000,41.485092221,51.911673614,0.713590285,0.850361756,73,0.175059952,54.162995222,true,COMPLETE,0,300,341.162995222,115,300,12,26,26,316.468067283,1757.4292113,2073.89727859,1.05489355761,5.85809737101,6.91299092862
1.0,OP_AVAIL_MLE_BASE_CAPACITY_AVAIL_IMMIGRATION_MINUS_3,01537ae28094b776ba547aac84a146217f6fda92b8c6379ea55746cde1b4c754,TASK3_OPERATIONAL_POOLED_V1,CAPACITY_AVAIL_IMMIGRATION_MINUS_3,LOCAL_WINDOW_HPP_BASE,22,300.000000000,335.352518491,410,359,0,26,7,18,51,410,0,0,0,0.140851409,0.927556248,2.694259357,7.190281487,2.835110765,7.530112812,0.000000000,0.000000000,0.000000000,37.653292583,42.348294630,0.740966102,0.882984605,51,0.124390244,35.352518491,true,COMPLETE,0,300,322.352518491,29,323,7,13,13,57.749077522,958.639636731,1016.38871425,0.192496925073,3.19546545577,3.38796238084
1.0,OP_AVAIL_MLE_BASE_CAPACITY_AVAIL_IMMIGRATION_MINUS_3,01537ae28094b776ba547aac84a146217f6fda92b8c6379ea55746cde1b4c754,TASK3_OPERATIONAL_POOLED_V1,CAPACITY_AVAIL_IMMIGRATION_MINUS_3,LOCAL_WINDOW_HPP_BASE,23,300.000000000,351.331844884,439,368,0,23,30,18,71,439,0,0,0,0.506416382,3.407615906,12.445214275,20.878763762,12.951630657,20.960438135,0.000000000,0.000000000,0.000000000,47.769812475,55.778619953,0.757291461,0.902438991,71,0.161731207,51.331844884,true,COMPLETE,0,300,338.331844884,107,421,8,32,32,222.316791695,4740.15666424,4962.47345594,0.741055972317,15.8005222141,16.5415781865
1.0,OP_AVAIL_MLE_BASE_CAPACITY_AVAIL_IMMIGRATION_MINUS_3,01537ae28094b776ba547aac84a146217f6fda92b8c6379ea55746cde1b4c754,TASK3_OPERATIONAL_POOLED_V1,CAPACITY_AVAIL_IMMIGRATION_MINUS_3,LOCAL_WINDOW_HPP_BASE,24,300.000000000,343.933393179,412,352,2,36,4,18,60,412,0,0,0,0.086121886,0.884047014,2.341575289,6.817431501,2.427697175,6.929979927,0.000000000,0.000000000,0.000000000,37.245878993,41.748161745,0.726003856,0.865154595,60,0.145631068,43.933393179,true,COMPLETE,0,300,330.933393179,39,288,8,14,14,33.963493066,773.485676135,807.449169201,0.113211643553,2.57828558712,2.69149723067
1.0,OP_AVAIL_MLE_BASE_CAPACITY_AVAIL_IMMIGRATION_MINUS_3,01537ae28094b776ba547aac84a146217f6fda92b8c6379ea55746cde1b4c754,TASK3_OPERATIONAL_POOLED_V1,CAPACITY_AVAIL_IMMIGRATION_MINUS_3,LOCAL_WINDOW_HPP_BASE,25,300.000000000,344.731841048,424,357,3,36,10,18,67,424,0,0,0,0.246661377,1.872722035,7.407134679,15.789408937,7.653796057,15.986037572,0.000000000,0.000000000,0.000000000,42.471977875,50.804219390,0.745419095,0.888291088,67,0.158018868,44.731841048,true,COMPLETE,0,300,331.731841048,75,360,9,28,28,101.703715877,2844.64273201,2946.34644789,0.339012386257,9.48214244004,9.8211548263
1.0,OP_AVAIL_MLE_BASE_CAPACITY_AVAIL_IMMIGRATION_MINUS_3,01537ae28094b776ba547aac84a146217f6fda92b8c6379ea55746cde1b4c754,TASK3_OPERATIONAL_POOLED_V1,CAPACITY_AVAIL_IMMIGRATION_MINUS_3,LOCAL_WINDOW_HPP_BASE,26,300.000000000,344.886365373,419,358,0,26,17,18,61,419,0,0,0,0.412170644,2.721603685,6.616921265,12.250552870,7.029091909,12.444849643,0.000000000,0.000000000,0.000000000,41.847273727,47.263031461,0.736298733,0.877422657,61,0.145584726,44.886365373,true,COMPLETE,0,300,331.886365373,96,353,10,21,21,172.699499849,2358.46205444,2531.16155429,0.575664999497,7.86154018147,8.43720518097
1.0,OP_AVAIL_MLE_BASE_CAPACITY_AVAIL_IMMIGRATION_MINUS_3,01537ae28094b776ba547aac84a146217f6fda92b8c6379ea55746cde1b4c754,TASK3_OPERATIONAL_POOLED_V1,CAPACITY_AVAIL_IMMIGRATION_MINUS_3,LOCAL_WINDOW_HPP_BASE,27,300.000000000,343.057810857,410,350,0,35,7,18,60,410,0,0,0,0.138510288,1.212038067,2.689874397,7.130216691,2.828384686,8.318087662,0.000000000,0.000000000,0.000000000,37.646566504,43.136269480,0.724323541,0.863152220,60,0.146341463,43.057810857,true,COMPLETE,0,300,330.057810857,62,294,5,13,13,56.789218258,856.179023839,912.968242097,0.189297394193,2.85393007946,3.04322747366
1.0,OP_AVAIL_MLE_BASE_CAPACITY_AVAIL_IMMIGRATION_MINUS_3,01537ae28094b776ba547aac84a146217f6fda92b8c6379ea55746cde1b4c754,TASK3_OPERATIONAL_POOLED_V1,CAPACITY_AVAIL_IMMIGRATION_MINUS_3,LOCAL_WINDOW_HPP_BASE,28,300.000000000,341.678126683,392,332,0,30,12,18,60,392,0,0,0,0.136576794,0.924675318,1.917814950,6.725787434,2.054391744,7.428002313,0.000000000,0.000000000,0.000000000,36.872573562,42.246184131,0.695320359,0.828590094,60,0.153061224,41.678126683,true,COMPLETE,0,300,328.678126683,28,232,8,14,14,53.538103181,510.1434995,563.681602681,0.178460343937,1.70047833167,1.8789386756
1.0,OP_AVAIL_MLE_BASE_CAPACITY_AVAIL_IMMIGRATION_MINUS_3,01537ae28094b776ba547aac84a146217f6fda92b8c6379ea55746cde1b4c754,TASK3_OPERATIONAL_POOLED_V1,CAPACITY_AVAIL_IMMIGRATION_MINUS_3,LOCAL_WINDOW_HPP_BASE,29,300.000000000,345.964172658,424,361,0,35,10,18,63,424,0,0,0,0.213736905,1.355665930,5.849555952,13.021558302,6.063292856,13.692964289,0.000000000,0.000000000,0.000000000,40.881474674,48.511146107,0.742763897,0.885126977,63,0.148584906,45.964172658,true,COMPLETE,0,300,332.964172658,67,366,8,23,23,90.624447519,2011.82750095,2102.45194847,0.30208149173,6.70609166984,7.00817316157
1.0,OP_AVAIL_MLE_BASE_CAPACITY_AVAIL_IMMIGRATION_MINUS_3,01537ae28094b776ba547aac84a146217f6fda92b8c6379ea55746cde1b4c754,TASK3_OPERATIONAL_POOLED_V1,CAPACITY_AVAIL_IMMIGRATION_MINUS_3,LOCAL_WINDOW_HPP_BASE,30,300.000000000,347.522255445,408,343,1,36,10,18,65,408,0,0,0,0.241386823,2.158309030,2.542692464,8.363636364,2.784079287,9.857457750,0.000000000,0.000000000,0.000000000,37.602261105,44.675639568,0.711530624,0.847907327,65,0.159313725,47.522255445,true,COMPLETE,0,300,334.522255445,66,266,8,18,18,98.225210361,673.935120236,772.160330597,0.32741736787,2.24645040079,2.57386776866
1.0,OP_AVAIL_MLE_BASE_CAPACITY_AVAIL_IMMIGRATION_MINUS_3,01537ae28094b776ba547aac84a146217f6fda92b8c6379ea55746cde1b4c754,TASK3_OPERATIONAL_POOLED_V1,CAPACITY_AVAIL_IMMIGRATION_MINUS_3,LOCAL_WINDOW_HPP_BASE,31,300.000000000,345.337290332,425,363,0,35,9,18,62,425,0,0,0,0.706755577,5.500617391,3.951362779,9.596574894,4.658118356,13.645253822,0.000000000,0.000000000,0.000000000,39.476300174,48.463435640,0.745867199,0.888825079,62,0.145882353,45.337290332,true,COMPLETE,0,300,332.337290332,85,361,14,17,17,300.371120192,1307.54228562,1607.91340581,1.00123706731,4.35847428539,5.3597113527
1.0,OP_AVAIL_MLE_BASE_CAPACITY_AVAIL_IMMIGRATION_MINUS_3,01537ae28094b776ba547aac84a146217f6fda92b8c6379ea55746cde1b4c754,TASK3_OPERATIONAL_POOLED_V1,CAPACITY_AVAIL_IMMIGRATION_MINUS_3,LOCAL_WINDOW_HPP_BASE,32,300.000000000,341.449810648,395,335,0,29,13,18,60,395,0,0,0,0.092584783,0.736922897,1.841622197,6.889515031,1.934206979,6.903827627,0.000000000,0.000000000,0.000000000,36.752388797,41.722009445,0.701110183,0.835489635,60,0.151898734,41.449810648,true,COMPLETE,0,300,328.449810648,32,235,4,13,13,36.570989145,536.559152346,573.130141491,0.12190329715,1.78853050782,1.91043380497
1.0,OP_AVAIL_MLE_BASE_CAPACITY_AVAIL_IMMIGRATION_MINUS_3,01537ae28094b776ba547aac84a146217f6fda92b8c6379ea55746cde1b4c754,TASK3_OPERATIONAL_POOLED_V1,CAPACITY_AVAIL_IMMIGRATION_MINUS_3,LOCAL_WINDOW_HPP_BASE,33,300.000000000,342.828519755,428,369,0,28,13,18,59,428,0,0,0,0.252568882,1.747668934,6.966202541,13.558921630,7.218771423,14.133489671,0.000000000,0.000000000,0.000000000,42.036953241,48.951671489,0.756628823,0.901649347,59,0.137850467,42.828519755,true,COMPLETE,0,300,329.828519755,70,397,8,22,22,108.099481492,2731.04875432,2839.14823581,0.360331604973,9.10349584774,9.46382745271
1.0,OP_AVAIL_MLE_BASE_CAPACITY_AVAIL_IMMIGRATION_MINUS_3,01537ae28094b776ba547aac84a146217f6fda92b8c6379ea55746cde1b4c754,TASK3_OPERATIONAL_POOLED_V1,CAPACITY_AVAIL_IMMIGRATION_MINUS_3,LOCAL_WINDOW_HPP_BASE,34,300.000000000,347.453048921,426,360,5,36,7,18,66,426,0,0,0,0.293635486,2.795498228,2.616986629,8.493503682,2.910622115,11.444429163,0.000000000,0.000000000,0.000000000,37.728803933,46.262610981,0.743069658,0.885491342,66,0.154929577,47.453048921,true,COMPLETE,0,300,334.453048921,50,320,9,16,16,121.020684953,734.932310468,855.952995421,0.403402283177,2.44977436823,2.8531766514
1.0,OP_AVAIL_MLE_BASE_CAPACITY_AVAIL_IMMIGRATION_MINUS_3,01537ae28094b776ba547aac84a146217f6fda92b8c6379ea55746cde1b4c754,TASK3_OPERATIONAL_POOLED_V1,CAPACITY_AVAIL_IMMIGRATION_MINUS_3,LOCAL_WINDOW_HPP_BASE,35,300.000000000,360.762598077,451,372,14,36,11,18,79,451,0,0,0,0.714420340,4.388955314,6.481712221,14.644115241,7.196132561,18.224663811,0.000000000,0.000000000,0.000000000,42.014314379,53.042845629,0.757654299,0.902871373,79,0.175166297,60.762598077,true,COMPLETE,0,300,347.762598077,133,419,17,25,29,281.793329695,2127.94463978,2409.73796948,0.939311098983,7.09314879928,8.03245989827
1.0,OP_AVAIL_MLE_BASE_CAPACITY_AVAIL_IMMIGRATION_MINUS_3,01537ae28094b776ba547aac84a146217f6fda92b8c6379ea55746cde1b4c754,TASK3_OPERATIONAL_POOLED_V1,CAPACITY_AVAIL_IMMIGRATION_MINUS_3,LOCAL_WINDOW_HPP_BASE,36,300.000000000,337.485430772,414,362,0,32,2,18,52,414,0,0,0,0.019958639,0.000000000,2.367822570,6.350290836,2.387781209,6.370652322,0.000000000,0.000000000,0.000000000,37.205963027,41.188834140,0.743466437,0.885964171,52,0.125603865,37.485430772,true,COMPLETE,0,300,324.485430772,11,316,3,12,12,8.262876617,952.468899943,960.73177656,0.0275429220567,3.17489633314,3.2024392552
1.0,OP_AVAIL_MLE_BASE_CAPACITY_AVAIL_IMMIGRATION_MINUS_3,01537ae28094b776ba547aac84a146217f6fda92b8c6379ea55746cde1b4c754,TASK3_OPERATIONAL_POOLED_V1,CAPACITY_AVAIL_IMMIGRATION_MINUS_3,LOCAL_WINDOW_HPP_BASE,37,300.000000000,339.106219354,408,353,0,31,6,18,55,408,0,0,0,0.224417226,1.819087687,3.075121733,10.185489875,3.299538959,10.729903880,0.000000000,0.000000000,0.000000000,38.117720777,45.548085698,0.729189597,0.868950936,55,0.134803922,39.106219354,true,COMPLETE,0,300,326.106219354,57,301,7,18,18,91.562228181,1079.00310586,1170.56533404,0.30520742727,3.59667701953,3.9018844468
1.0,OP_AVAIL_MLE_BASE_CAPACITY_AVAIL_IMMIGRATION_MINUS_3,01537ae28094b776ba547aac84a146217f6fda92b8c6379ea55746cde1b4c754,TASK3_OPERATIONAL_POOLED_V1,CAPACITY_AVAIL_IMMIGRATION_MINUS_3,LOCAL_WINDOW_HPP_BASE,38,300.000000000,335.743759459,406,358,0,23,7,18,48,406,0,0,0,0.038421401,0.000106175,2.894206484,8.024813212,2.932627885,8.222853885,0.000000000,0.000000000,0.000000000,37.750809703,43.041035703,0.732882143,0.873351221,48,0.118226601,35.743759459,true,COMPLETE,0,300,322.743759459,21,301,4,13,13,15.599088819,1047.76619445,1063.36528327,0.05199696273,3.49255398151,3.54455094424
1.0,OP_AVAIL_MLE_BASE_CAPACITY_AVAIL_IMMIGRATION_MINUS_3,01537ae28094b776ba547aac84a146217f6fda92b8c6379ea55746cde1b4c754,TASK3_OPERATIONAL_POOLED_V1,CAPACITY_AVAIL_IMMIGRATION_MINUS_3,LOCAL_WINDOW_HPP_BASE,39,300.000000000,345.087175709,388,323,6,36,5,18,65,388,0,0,0,0.304203842,2.636532528,2.377267869,6.754248630,2.681471711,8.719024688,0.000000000,0.000000000,0.000000000,37.499653529,43.537206506,0.681426410,0.812033138,65,0.167525773,45.087175709,true,COMPLETE,0,300,332.087175709,45,211,13,14,14,113.464385293,662.90206022,776.366445513,0.378214617643,2.20967353407,2.58788815171
1.0,OP_AVAIL_MLE_BASE_CAPACITY_AVAIL_IMMIGRATION_MINUS_3,01537ae28094b776ba547aac84a146217f6fda92b8c6379ea55746cde1b4c754,TASK3_OPERATIONAL_POOLED_V1,CAPACITY_AVAIL_IMMIGRATION_MINUS_3,LOCAL_WINDOW_HPP_BASE,40,300.000000000,343.886767291,399,341,0,32,8,18,58,399,0,0,0,0.185522511,0.000000000,1.776123327,6.026894630,1.961645838,7.686727779,0.000000000,0.000000000,0.000000000,36.779827656,42.504909597,0.703191297,0.837969629,58,0.145363409,43.886767291,true,COMPLETE,0,300,330.886767291,17,234,9,13,13,74.023482034,489.277891837,563.301373871,0.246744940113,1.63092630612,1.87767124624
1.0,OP_AVAIL_MLE_BASE_CAPACITY_AVAIL_IMMIGRATION_MINUS_3,01537ae28094b776ba547aac84a146217f6fda92b8c6379ea55746cde1b4c754,TASK3_OPERATIONAL_POOLED_V1,CAPACITY_AVAIL_IMMIGRATION_MINUS_3,LOCAL_WINDOW_HPP_BASE,41,300.000000000,335.221238276,416,369,0,27,2,18,47,416,0,0,0,0.256580394,1.992863908,5.699038912,12.545454546,5.955619307,12.917320008,0.000000000,0.000000000,0.000000000,40.773801125,47.735501826,0.752103934,0.896257188,47,0.112980769,35.221238276,true,COMPLETE,0,300,322.221238276,67,375,8,21,21,106.737444049,2353.83175909,2460.56920314,0.355791480163,7.84610586365,8.20189734381
1.0,OP_AVAIL_MLE_BASE_CAPACITY_AVAIL_IMMIGRATION_MINUS_3,01537ae28094b776ba547aac84a146217f6fda92b8c6379ea55746cde1b4c754,TASK3_OPERATIONAL_POOLED_V1,CAPACITY_AVAIL_IMMIGRATION_MINUS_3,LOCAL_WINDOW_HPP_BASE,42,300.000000000,345.231418235,403,341,0,27,17,18,62,403,0,0,0,0.704166854,4.879852137,2.976471088,12.545454546,3.680637942,16.106940636,0.000000000,0.000000000,0.000000000,38.498819760,50.925122454,0.707474498,0.843073777,62,0.153846154,45.231418235,true,COMPLETE,0,300,332.231418235,85,224,13,20,22,283.779242241,755.516153738,1039.29539598,0.94593080747,2.51838717913,3.4643179866
1.0,OP_AVAIL_MLE_BASE_CAPACITY_AVAIL_IMMIGRATION_MINUS_3,01537ae28094b776ba547aac84a146217f6fda92b8c6379ea55746cde1b4c754,TASK3_OPERATIONAL_POOLED_V1,CAPACITY_AVAIL_IMMIGRATION_MINUS_3,LOCAL_WINDOW_HPP_BASE,43,300.000000000,339.804868899,407,351,0,30,8,18,56,407,0,0,0,0.443681966,3.034400344,4.098982963,8.363636364,4.542664928,9.805099105,0.000000000,0.000000000,0.000000000,39.360846746,44.623280923,0.725906805,0.865038942,56,0.137592138,39.804868899,true,COMPLETE,0,300,326.804868899,77,324,10,15,15,180.578559983,1488.2675702,1668.84613018,0.601928533277,4.96089190066,5.56282043394
1.0,OP_AVAIL_MLE_BASE_CAPACITY_AVAIL_IMMIGRATION_MINUS_3,01537ae28094b776ba547aac84a146217f6fda92b8c6379ea55746cde1b4c754,TASK3_OPERATIONAL_POOLED_V1,CAPACITY_AVAIL_IMMIGRATION_MINUS_3,LOCAL_WINDOW_HPP_BASE,44,300.000000000,333.476554778,366,324,0,31,0,11,42,366,0,0,0,0.000000000,0.000000000,0.505979583,2.977230399,0.505979583,2.977230399,0.000000000,0.000000000,0.000000000,35.324161401,37.795412217,0.665168746,0.792659423,42,0.114754098,33.476554778,true,COMPLETE,0,300,320.476554778,0,112,0,7,7,0,167.067281441,167.067281441,0,0.556890938137,0.556890938137
1.0,OP_AVAIL_MLE_BASE_CAPACITY_AVAIL_IMMIGRATION_MINUS_3,01537ae28094b776ba547aac84a146217f6fda92b8c6379ea55746cde1b4c754,TASK3_OPERATIONAL_POOLED_V1,CAPACITY_AVAIL_IMMIGRATION_MINUS_3,LOCAL_WINDOW_HPP_BASE,45,300.000000000,336.315929561,399,349,0,28,4,18,50,399,0,0,0,0.105258593,0.463305091,1.403539369,4.181818182,1.508797962,5.502562565,0.000000000,0.000000000,0.000000000,36.326979780,40.320744383,0.719020898,0.856833237,50,0.125313283,36.315929561,true,COMPLETE,0,300,323.315929561,20,246,7,10,10,41.998178445,493.359606892,535.357785337,0.13999392815,1.64453202297,1.78452595112
1.0,OP_AVAIL_MLE_BASE_CAPACITY_AVAIL_IMMIGRATION_MINUS_3,01537ae28094b776ba547aac84a146217f6fda92b8c6379ea55746cde1b4c754,TASK3_OPERATIONAL_POOLED_V1,CAPACITY_AVAIL_IMMIGRATION_MINUS_3,LOCAL_WINDOW_HPP_BASE,46,300.000000000,363.725614992,452,365,0,29,40,18,87,452,0,0,0,0.962802658,5.151774543,11.148981884,28.384291429,12.111784541,30.233531309,0.000000000,0.000000000,0.000000000,46.929966359,65.051713127,0.753148480,0.897501938,87,0.192477876,63.725614992,true,COMPLETE,0,300,350.725614992,183,406,15,45,45,435.186801333,3566.78992999,4001.97673132,1.45062267111,11.8892997666,13.3399224377
1.0,OP_AVAIL_MLE_BASE_CAPACITY_AVAIL_IMMIGRATION_MINUS_3,01537ae28094b776ba547aac84a146217f6fda92b8c6379ea55746cde1b4c754,TASK3_OPERATIONAL_POOLED_V1,CAPACITY_AVAIL_IMMIGRATION_MINUS_3,LOCAL_WINDOW_HPP_BASE,47,300.000000000,334.574566537,385,347,0,24,0,14,38,385,0,0,0,0.006965283,0.000000000,1.312966878,4.414283938,1.319932161,4.484685877,0.000000000,0.000000000,0.000000000,36.138113979,39.302867695,0.697403080,0.831072004,38,0.098701299,34.574566537,true,COMPLETE,0,300,321.574566537,6,222,2,8,8,2.681634024,505.492247865,508.173881889,0.00893878008,1.68497415955,1.69391293963
1.0,OP_AVAIL_MLE_BASE_CAPACITY_AVAIL_IMMIGRATION_MINUS_3,01537ae28094b776ba547aac84a146217f6fda92b8c6379ea55746cde1b4c754,TASK3_OPERATIONAL_POOLED_V1,CAPACITY_AVAIL_IMMIGRATION_MINUS_3,LOCAL_WINDOW_HPP_BASE,48,300.000000000,338.677014095,416,362,0,31,5,18,54,416,0,0,0,0.806591890,5.519534372,3.944721117,12.545454546,4.751313007,14.162638797,0.000000000,0.000000000,0.000000000,39.569494825,48.980820615,0.744429653,0.887112003,54,0.129807692,38.677014095,true,COMPLETE,0,300,325.677014095,104,322,14,20,20,335.54222633,1447.03969793,1782.58192426,1.11847408777,4.82346565978,5.94193974755
1.0,OP_AVAIL_MLE_BASE_CAPACITY_AVAIL_IMMIGRATION_MINUS_3,01537ae28094b776ba547aac84a146217f6fda92b8c6379ea55746cde1b4c754,TASK3_OPERATIONAL_POOLED_V1,CAPACITY_AVAIL_IMMIGRATION_MINUS_3,LOCAL_WINDOW_HPP_BASE,49,300.000000000,344.618163383,423,363,0,27,15,18,60,423,0,0,0,0.485690711,3.429093407,7.652142369,13.742704542,8.137833079,13.820049277,0.000000000,0.000000000,0.000000000,42.956014897,48.638231095,0.743906339,0.886488388,60,0.141843972,44.618163383,true,COMPLETE,0,300,331.618163383,95,381,13,24,24,205.447170595,2848.6860025,3054.13317309,0.684823901983,9.49562000832,10.1804439103
1.0,OP_AVAIL_MLE_BASE_CAPACITY_AVAIL_IMMIGRATION_MINUS_3,01537ae28094b776ba547aac84a146217f6fda92b8c6379ea55746cde1b4c754,TASK3_OPERATIONAL_POOLED_V1,CAPACITY_AVAIL_IMMIGRATION_MINUS_3,LOCAL_WINDOW_HPP_BASE,50,300.000000000,344.531321189,414,352,0,29,15,18,62,414,0,0,0,0.304832146,2.494612443,4.196541450,10.234947426,4.501373596,10.617264212,0.000000000,0.000000000,0.000000000,39.319555414,45.435446030,0.728262063,0.867845626,62,0.149758454,44.531321189,true,COMPLETE,0,300,331.531321189,66,322,7,18,18,126.20050844,1388.00163704,1514.20214548,0.420668361467,4.62667212346,5.04734048493
1.0,OP_AVAIL_EXACT95_HIGH_CAPACITY_AVAIL_IMMIGRATION_MINUS_3,a9a556ddf714e12731bb4977820418b0a0cfcd436c6b20c623fc6b3a6fdae119,TASK3_OPERATIONAL_POOLED_V1,CAPACITY_AVAIL_IMMIGRATION_MINUS_3,LOCAL_WINDOW_HPP_EXACT95_HIGH,1,300.000000000,444.164843707,564,364,84,36,62,18,200,564,0,0,0,25.148823269,47.773035370,27.767175268,58.046231688,52.915998537,103.913781643,0.000000000,0.000000000,0.000000000,87.734180355,138.731963461,0.769575050,0.917076935,200,0.354609929,144.164843707,true,COMPLETE,0,300,431.164843707,487,521,85,85,149,12071.3556398,7816.84331444,19888.1989542,40.2378521325,26.0561443815,66.293996514
1.0,OP_AVAIL_EXACT95_HIGH_CAPACITY_AVAIL_IMMIGRATION_MINUS_3,a9a556ddf714e12731bb4977820418b0a0cfcd436c6b20c623fc6b3a6fdae119,TASK3_OPERATIONAL_POOLED_V1,CAPACITY_AVAIL_IMMIGRATION_MINUS_3,LOCAL_WINDOW_HPP_EXACT95_HIGH,2,300.000000000,458.981436034,593,368,94,36,77,18,225,593,0,0,0,29.775737016,59.425971598,34.308095883,66.309143503,64.083832899,125.103819739,0.000000000,0.000000000,0.000000000,98.902014717,159.922001557,0.783025001,0.933104793,225,0.379426644,158.981436034,true,COMPLETE,0,300,445.981436034,557,575,102,96,173,14871.2840692,10334.0753842,25205.3594534,49.5709468973,34.4469179473,84.0178648446
1.0,OP_AVAIL_EXACT95_HIGH_CAPACITY_AVAIL_IMMIGRATION_MINUS_3,a9a556ddf714e12731bb4977820418b0a0cfcd436c6b20c623fc6b3a6fdae119,TASK3_OPERATIONAL_POOLED_V1,CAPACITY_AVAIL_IMMIGRATION_MINUS_3,LOCAL_WINDOW_HPP_EXACT95_HIGH,3,300.000000000,479.269343786,617,370,113,36,80,18,247,617,0,0,0,28.216695750,67.132764008,36.724162516,68.754908491,64.940858265,134.467361936,0.000000000,0.000000000,0.000000000,99.759040083,169.285543754,0.780228068,0.929771781,247,0.400324149,179.269343786,true,COMPLETE,0,300,466.269343786,568,599,115,108,193,13267.5840234,10862.9032044,24130.4872278,44.225280078,36.209677348,80.434957426
1.0,OP_AVAIL_EXACT95_HIGH_CAPACITY_AVAIL_IMMIGRATION_MINUS_3,a9a556ddf714e12731bb4977820418b0a0cfcd436c6b20c623fc6b3a6fdae119,TASK3_OPERATIONAL_POOLED_V1,CAPACITY_AVAIL_IMMIGRATION_MINUS_3,LOCAL_WINDOW_HPP_EXACT95_HIGH,4,300.000000000,440.648312142,562,374,58,36,76,18,188,562,0,0,0,16.276378176,33.602322788,33.342505809,62.727272730,49.618883986,95.181671311,0.000000000,0.000000000,0.000000000,84.437065804,129.999853129,0.772965767,0.921117539,188,0.334519573,140.648312142,true,COMPLETE,0,300,427.648312142,523,544,61,94,140,7967.57882329,10803.4412539,18771.0200772,26.5585960776,36.0114708464,62.570066924
1.0,OP_AVAIL_EXACT95_HIGH_CAPACITY_AVAIL_IMMIGRATION_MINUS_3,a9a556ddf714e12731bb4977820418b0a0cfcd436c6b20c623fc6b3a6fdae119,TASK3_OPERATIONAL_POOLED_V1,CAPACITY_AVAIL_IMMIGRATION_MINUS_3,LOCAL_WINDOW_HPP_EXACT95_HIGH,5,300.000000000,459.858049254,591,367,94,36,76,18,224,591,0,0,0,26.218468140,54.369752983,34.145218218,65.268627515,60.363686359,119.960907996,0.000000000,0.000000000,0.000000000,95.181868177,154.779089814,0.778896485,0.928184978,224,0.379018613,159.858049254,true,COMPLETE,0,300,446.858049254,555,573,101,98,174,12741.0875462,10219.9903999,22961.0779461,42.4702918205,34.0666346664,76.536926487
1.0,OP_AVAIL_EXACT95_HIGH_CAPACITY_AVAIL_IMMIGRATION_MINUS_3,a9a556ddf714e12731bb4977820418b0a0cfcd436c6b20c623fc6b3a6fdae119,TASK3_OPERATIONAL_POOLED_V1,CAPACITY_AVAIL_IMMIGRATION_MINUS_3,LOCAL_WINDOW_HPP_EXACT95_HIGH,6,300.000000000,444.040114590,571,370,73,36,74,18,201,571,0,0,0,20.831649187,41.283741585,33.550364234,62.727272730,54.382013420,104.899345641,0.000000000,0.000000000,0.000000000,89.200195238,139.717527459,0.779345367,0.928719896,201,0.352014011,144.040114590,true,COMPLETE,0,300,431.04011459,526,553,73,99,150,10274.5644819,10563.7730676,20838.3375494,34.2485482729,35.2125768918,69.4611251648
1.0,OP_AVAIL_EXACT95_HIGH_CAPACITY_AVAIL_IMMIGRATION_MINUS_3,a9a556ddf714e12731bb4977820418b0a0cfcd436c6b20c623fc6b3a6fdae119,TASK3_OPERATIONAL_POOLED_V1,CAPACITY_AVAIL_IMMIGRATION_MINUS_3,LOCAL_WINDOW_HPP_EXACT95_HIGH,7,300.000000000,446.236641250,574,366,70,36,84,18,208,574,0,0,0,19.806608625,42.284548510,33.948198846,63.503101946,53.754807471,104.637279502,0.000000000,0.000000000,0.000000000,88.572989289,139.455461320,0.779583646,0.929003845,208,0.362369338,146.236641250,true,COMPLETE,0,300,433.23664125,538,556,75,100,154,9590.80030085,10601.8514338,20192.6517347,31.9693343362,35.3395047794,67.3088391156
1.0,OP_AVAIL_EXACT95_HIGH_CAPACITY_AVAIL_IMMIGRATION_MINUS_3,a9a556ddf714e12731bb4977820418b0a0cfcd436c6b20c623fc6b3a6fdae119,TASK3_OPERATIONAL_POOLED_V1,CAPACITY_AVAIL_IMMIGRATION_MINUS_3,LOCAL_WINDOW_HPP_EXACT95_HIGH,8,300.000000000,438.826983777,559,369,56,36,80,18,190,559,0,0,0,19.677689595,38.017263967,32.537395085,62.727272730,52.215084679,97.164626576,0.000000000,0.000000000,0.000000000,87.033266497,131.982808394,0.772030644,0.920003184,190,0.339892665,138.826983777,true,COMPLETE,0,300,425.826983777,522,541,66,91,140,9867.34688384,10454.0933879,20321.4402718,32.8911562795,34.8469779597,67.7381342392
1.0,OP_AVAIL_EXACT95_HIGH_CAPACITY_AVAIL_IMMIGRATION_MINUS_3,a9a556ddf714e12731bb4977820418b0a0cfcd436c6b20c623fc6b3a6fdae119,TASK3_OPERATIONAL_POOLED_V1,CAPACITY_AVAIL_IMMIGRATION_MINUS_3,LOCAL_WINDOW_HPP_EXACT95_HIGH,9,300.000000000,475.974015608,612,365,117,36,76,18,247,612,0,0,0,30.373261916,67.466457373,35.266447625,66.909090912,65.639709541,134.714784674,0.000000000,0.000000000,0.000000000,100.457891359,169.532966492,0.779263318,0.928622121,247,0.403594771,175.974015608,true,COMPLETE,0,300,462.974015608,575,594,118,102,193,14310.2641475,10058.6608474,24368.9249949,47.7008804916,33.5288694915,81.2297499831
1.0,OP_AVAIL_EXACT95_HIGH_CAPACITY_AVAIL_IMMIGRATION_MINUS_3,a9a556ddf714e12731bb4977820418b0a0cfcd436c6b20c623fc6b3a6fdae119,TASK3_OPERATIONAL_POOLED_V1,CAPACITY_AVAIL_IMMIGRATION_MINUS_3,LOCAL_WINDOW_HPP_EXACT95_HIGH,10,300.000000000,439.102743325,560,378,56,36,72,18,182,560,0,0,0,21.160038596,36.425575287,35.035166238,64.324432237,56.195204835,95.764713096,0.000000000,0.000000000,0.000000000,91.013386653,130.582894914,0.772926028,0.921070184,182,0.325000000,139.102743325,true,COMPLETE,0,300,426.102743325,524,542,63,104,139,10906.8111616,11803.2520337,22710.0631953,36.3560372054,39.3441734456,75.7002106511
1.0,OP_AVAIL_EXACT95_HIGH_CAPACITY_AVAIL_IMMIGRATION_MINUS_3,a9a556ddf714e12731bb4977820418b0a0cfcd436c6b20c623fc6b3a6fdae119,TASK3_OPERATIONAL_POOLED_V1,CAPACITY_AVAIL_IMMIGRATION_MINUS_3,LOCAL_WINDOW_HPP_EXACT95_HIGH,11,300.000000000,417.532427245,534,371,30,36,79,18,163,534,0,0,0,16.533073249,26.287529058,31.639890041,59.183806828,48.172963290,84.206209504,0.000000000,0.000000000,0.000000000,82.991145108,119.024391322,0.775116716,0.923680753,163,0.305243446,117.532427245,true,COMPLETE,0,300,404.532427245,498,516,52,90,116,8456.15478578,10727.0940732,19183.248859,28.1871826193,35.7569802441,63.9441628634
1.0,OP_AVAIL_EXACT95_HIGH_CAPACITY_AVAIL_IMMIGRATION_MINUS_3,a9a556ddf714e12731bb4977820418b0a0cfcd436c6b20c623fc6b3a6fdae119,TASK3_OPERATIONAL_POOLED_V1,CAPACITY_AVAIL_IMMIGRATION_MINUS_3,LOCAL_WINDOW_HPP_EXACT95_HIGH,12,300.000000000,451.840005224,577,371,76,36,76,18,206,577,0,0,0,28.191799398,46.780632166,33.759971937,63.004563421,61.951771335,109.398021450,0.000000000,0.000000000,0.000000000,96.769953153,144.216203268,0.773939814,0.922278279,206,0.357019064,151.840005224,true,COMPLETE,0,300,438.840005224,541,559,82,98,159,14412.9842474,10534.6622091,24947.6464564,48.0432808245,35.1155406969,83.1588215214
1.0,OP_AVAIL_EXACT95_HIGH_CAPACITY_AVAIL_IMMIGRATION_MINUS_3,a9a556ddf714e12731bb4977820418b0a0cfcd436c6b20c623fc6b3a6fdae119,TASK3_OPERATIONAL_POOLED_V1,CAPACITY_AVAIL_IMMIGRATION_MINUS_3,LOCAL_WINDOW_HPP_EXACT95_HIGH,13,300.000000000,460.166488007,594,367,104,36,69,18,227,594,0,0,0,29.242925259,58.939100622,32.262188118,62.991880297,61.505113377,121.818260531,0.000000000,0.000000000,0.000000000,96.323295195,156.636442349,0.782325548,0.932271278,227,0.382154882,160.166488007,true,COMPLETE,0,300,447.166488007,529,573,105,94,175,14253.6836495,9321.22060273,23574.9042522,47.5122788317,31.0707353424,78.5830141741
1.0,OP_AVAIL_EXACT95_HIGH_CAPACITY_AVAIL_IMMIGRATION_MINUS_3,a9a556ddf714e12731bb4977820418b0a0cfcd436c6b20c623fc6b3a6fdae119,TASK3_OPERATIONAL_POOLED_V1,CAPACITY_AVAIL_IMMIGRATION_MINUS_3,LOCAL_WINDOW_HPP_EXACT95_HIGH,14,300.000000000,451.836064722,577,370,83,36,70,18,207,577,0,0,0,19.780675836,44.985938130,30.826982723,60.690110863,50.607658559,105.529161333,0.000000000,0.000000000,0.000000000,85.425840377,140.347343151,0.773946564,0.922286322,207,0.358752166,151.836064722,true,COMPLETE,0,300,438.836064722,498,557,83,92,154,9282.1965769,9183.71203546,18465.9086124,30.9406552563,30.6123734515,61.5530287079
1.0,OP_AVAIL_EXACT95_HIGH_CAPACITY_AVAIL_IMMIGRATION_MINUS_3,a9a556ddf714e12731bb4977820418b0a0cfcd436c6b20c623fc6b3a6fdae119,TASK3_OPERATIONAL_POOLED_V1,CAPACITY_AVAIL_IMMIGRATION_MINUS_3,LOCAL_WINDOW_HPP_EXACT95_HIGH,15,300.000000000,469.709659988,604,368,104,36,78,18,236,604,0,0,0,34.231105955,63.578879024,35.453326690,66.909090912,69.684432645,130.673226926,0.000000000,0.000000000,0.000000000,104.502614463,165.491408744,0.779333783,0.928706091,236,0.390728477,169.709659988,true,COMPLETE,0,300,456.709659988,568,586,111,100,183,17189.1947358,10491.1544414,27680.3491772,57.2973157859,34.9705148047,92.2678305905
1.0,OP_AVAIL_EXACT95_HIGH_CAPACITY_AVAIL_IMMIGRATION_MINUS_3,a9a556ddf714e12731bb4977820418b0a0cfcd436c6b20c623fc6b3a6fdae119,TASK3_OPERATIONAL_POOLED_V1,CAPACITY_AVAIL_IMMIGRATION_MINUS_3,LOCAL_WINDOW_HPP_EXACT95_HIGH,16,300.000000000,431.709927571,549,368,56,36,71,18,181,549,0,0,0,14.514458183,33.780705237,30.051876657,57.887227134,44.566334840,92.154514269,0.000000000,0.000000000,0.000000000,79.384516658,126.972696087,0.770719531,0.918440774,181,0.329690346,131.709927571,true,COMPLETE,0,300,418.709927571,483,531,63,88,130,6955.50521405,9399.86929047,16355.3745045,23.1850173802,31.3328976349,54.517915015
1.0,OP_AVAIL_EXACT95_HIGH_CAPACITY_AVAIL_IMMIGRATION_MINUS_3,a9a556ddf714e12731bb4977820418b0a0cfcd436c6b20c623fc6b3a6fdae119,TASK3_OPERATIONAL_POOLED_V1,CAPACITY_AVAIL_IMMIGRATION_MINUS_3,LOCAL_WINDOW_HPP_EXACT95_HIGH,17,300.000000000,430.540599391,550,368,57,36,71,18,182,550,0,0,0,18.136867675,33.854964739,30.912263695,59.354636977,49.049131370,94.655705706,0.000000000,0.000000000,0.000000000,83.867313188,129.473887524,0.774220442,0.922612694,182,0.330909091,130.540599391,true,COMPLETE,0,300,417.540599391,514,532,61,90,131,9074.78376608,9903.74410613,18978.5278722,30.2492792203,33.0124803538,63.2617595741
1.0,OP_AVAIL_EXACT95_HIGH_CAPACITY_AVAIL_IMMIGRATION_MINUS_3,a9a556ddf714e12731bb4977820418b0a0cfcd436c6b20c623fc6b3a6fdae119,TASK3_OPERATIONAL_POOLED_V1,CAPACITY_AVAIL_IMMIGRATION_MINUS_3,LOCAL_WINDOW_HPP_EXACT95_HIGH,18,300.000000000,466.554550376,598,369,100,36,75,18,229,598,0,0,0,22.492959277,55.591150814,34.801724450,66.909090912,57.294683727,121.661522637,0.000000000,0.000000000,0.000000000,92.112865545,156.479704455,0.776810005,0.925698589,229,0.382943144,166.554550376,true,COMPLETE,0,300,453.554550376,562,580,101,97,179,10260.043548,10327.8201935,20587.8637415,34.2001451599,34.4260673117,68.6262124716
1.0,OP_AVAIL_EXACT95_HIGH_CAPACITY_AVAIL_IMMIGRATION_MINUS_3,a9a556ddf714e12731bb4977820418b0a0cfcd436c6b20c623fc6b3a6fdae119,TASK3_OPERATIONAL_POOLED_V1,CAPACITY_AVAIL_IMMIGRATION_MINUS_3,LOCAL_WINDOW_HPP_EXACT95_HIGH,19,300.000000000,430.895347706,550,367,57,36,72,18,183,550,0,0,0,13.922475604,30.631665826,30.663096586,58.702664479,44.585572190,88.732347570,0.000000000,0.000000000,0.000000000,79.403754008,123.550529388,0.773583041,0.921853124,183,0.332727273,130.895347706,true,COMPLETE,0,300,417.895347706,489,532,59,90,130,6691.11204233,9702.62399986,16393.7360422,22.3037068078,32.3420799995,54.6457868073
1.0,OP_AVAIL_EXACT95_HIGH_CAPACITY_AVAIL_IMMIGRATION_MINUS_3,a9a556ddf714e12731bb4977820418b0a0cfcd436c6b20c623fc6b3a6fdae119,TASK3_OPERATIONAL_POOLED_V1,CAPACITY_AVAIL_IMMIGRATION_MINUS_3,LOCAL_WINDOW_HPP_EXACT95_HIGH,20,300.000000000,452.760226876,581,367,91,36,69,18,214,581,0,0,0,17.143556805,48.342921974,30.410290119,60.387035510,47.553846924,108.569931457,0.000000000,0.000000000,0.000000000,82.372028742,143.388113275,0.777721167,0.926784391,214,0.368330465,152.760226876,true,COMPLETE,0,300,439.760226876,487,563,91,91,160,7489.88436707,8874.33917457,16364.2235416,24.9662812236,29.5811305819,54.5474118054
1.0,OP_AVAIL_EXACT95_HIGH_CAPACITY_AVAIL_IMMIGRATION_MINUS_3,a9a556ddf714e12731bb4977820418b0a0cfcd436c6b20c623fc6b3a6fdae119,TASK3_OPERATIONAL_POOLED_V1,CAPACITY_AVAIL_IMMIGRATION_MINUS_3,LOCAL_WINDOW_HPP_EXACT95_HIGH,21,300.000000000,432.295742521,556,371,60,36,71,18,185,556,0,0,0,14.636835979,32.628675690,31.251558349,60.293385511,45.888394328,93.087311340,0.000000000,0.000000000,0.000000000,80.706576146,127.905493158,0.779488817,0.928890840,185,0.332733813,132.295742521,true,COMPLETE,0,300,419.295742521,520,538,62,90,136,7059.26777556,9932.27269367,16991.5404692,23.5308925852,33.1075756456,56.6384682308
1.0,OP_AVAIL_EXACT95_HIGH_CAPACITY_AVAIL_IMMIGRATION_MINUS_3,a9a556ddf714e12731bb4977820418b0a0cfcd436c6b20c623fc6b3a6fdae119,TASK3_OPERATIONAL_POOLED_V1,CAPACITY_AVAIL_IMMIGRATION_MINUS_3,LOCAL_WINDOW_HPP_EXACT95_HIGH,22,300.000000000,421.994994188,537,366,40,36,77,18,171,537,0,0,0,14.141394632,27.554968843,31.378643371,58.976781979,45.520038002,83.957276029,0.000000000,0.000000000,0.000000000,80.338219820,118.775457847,0.771228450,0.919047237,171,0.318435754,121.994994188,true,COMPLETE,0,300,408.994994188,500,519,50,90,117,7052.02074498,10303.8437675,17355.8645125,23.5067358166,34.3461458918,57.8528817084
1.0,OP_AVAIL_EXACT95_HIGH_CAPACITY_AVAIL_IMMIGRATION_MINUS_3,a9a556ddf714e12731bb4977820418b0a0cfcd436c6b20c623fc6b3a6fdae119,TASK3_OPERATIONAL_POOLED_V1,CAPACITY_AVAIL_IMMIGRATION_MINUS_3,LOCAL_WINDOW_HPP_EXACT95_HIGH,23,300.000000000,449.940737246,576,366,84,36,72,18,210,576,0,0,0,19.003746089,48.270247160,32.643738382,62.727272730,51.647484471,112.110534715,0.000000000,0.000000000,0.000000000,86.465666289,146.928716533,0.775859753,0.924566205,210,0.364583333,149.940737246,true,COMPLETE,0,300,436.940737246,536,558,84,93,158,8840.9981603,9850.82750848,18691.8256688,29.4699938677,32.8360916949,62.3060855626
1.0,OP_AVAIL_EXACT95_HIGH_CAPACITY_AVAIL_IMMIGRATION_MINUS_3,a9a556ddf714e12731bb4977820418b0a0cfcd436c6b20c623fc6b3a6fdae119,TASK3_OPERATIONAL_POOLED_V1,CAPACITY_AVAIL_IMMIGRATION_MINUS_3,LOCAL_WINDOW_HPP_EXACT95_HIGH,24,300.000000000,441.731040129,565,371,63,36,77,18,194,565,0,0,0,22.047656678,38.688978234,33.250352223,62.727272730,55.298008901,99.864447432,0.000000000,0.000000000,0.000000000,90.116190719,134.682629250,0.775187187,0.923764731,194,0.343362832,141.731040129,true,COMPLETE,0,300,428.731040129,527,547,68,96,143,11100.4911633,10600.7112261,21701.2023893,37.0016372109,35.3357040868,72.3373412978
1.0,OP_AVAIL_EXACT95_HIGH_CAPACITY_AVAIL_IMMIGRATION_MINUS_3,a9a556ddf714e12731bb4977820418b0a0cfcd436c6b20c623fc6b3a6fdae119,TASK3_OPERATIONAL_POOLED_V1,CAPACITY_AVAIL_IMMIGRATION_MINUS_3,LOCAL_WINDOW_HPP_EXACT95_HIGH,25,300.000000000,418.116416487,530,367,33,36,76,18,163,530,0,0,0,11.116612909,19.845088128,30.548771188,58.545454548,41.665384097,78.973918026,0.000000000,0.000000000,0.000000000,76.483565915,113.792099844,0.768236091,0.915481341,163,0.307547170,118.116416487,true,COMPLETE,0,300,405.116416487,494,512,38,87,109,5525.83656801,10193.4952096,15719.3317776,18.4194552267,33.9783173654,52.3977725921
1.0,OP_AVAIL_EXACT95_HIGH_CAPACITY_AVAIL_IMMIGRATION_MINUS_3,a9a556ddf714e12731bb4977820418b0a0cfcd436c6b20c623fc6b3a6fdae119,TASK3_OPERATIONAL_POOLED_V1,CAPACITY_AVAIL_IMMIGRATION_MINUS_3,LOCAL_WINDOW_HPP_EXACT95_HIGH,26,300.000000000,454.939881042,582,368,78,36,82,18,214,582,0,0,0,29.897855587,48.226053245,35.239643563,66.420480596,65.137499150,112.508338038,0.000000000,0.000000000,0.000000000,99.955680968,147.326519856,0.775327219,0.923931603,214,0.367697595,154.939881042,true,COMPLETE,0,300,441.939881042,546,564,89,106,161,15304.6825932,11022.2625112,26326.9451044,51.0156086438,36.7408750374,87.7564836812
1.0,OP_AVAIL_EXACT95_HIGH_CAPACITY_AVAIL_IMMIGRATION_MINUS_3,a9a556ddf714e12731bb4977820418b0a0cfcd436c6b20c623fc6b3a6fdae119,TASK3_OPERATIONAL_POOLED_V1,CAPACITY_AVAIL_IMMIGRATION_MINUS_3,LOCAL_WINDOW_HPP_EXACT95_HIGH,27,300.000000000,441.055812430,563,368,70,36,71,18,195,563,0,0,0,23.440629108,38.257837990,31.714329198,61.838815630,55.154958306,98.615003255,0.000000000,0.000000000,0.000000000,89.973140124,133.433185073,0.773625722,0.921903985,195,0.346358792,141.055812430,true,COMPLETE,0,300,428.05581243,526,545,73,90,144,11753.2192959,9840.89382112,21594.113117,39.1773976531,32.8029794037,71.9803770568
1.0,OP_AVAIL_EXACT95_HIGH_CAPACITY_AVAIL_IMMIGRATION_MINUS_3,a9a556ddf714e12731bb4977820418b0a0cfcd436c6b20c623fc6b3a6fdae119,TASK3_OPERATIONAL_POOLED_V1,CAPACITY_AVAIL_IMMIGRATION_MINUS_3,LOCAL_WINDOW_HPP_EXACT95_HIGH,28,300.000000000,445.289123107,575,371,83,36,67,18,204,575,0,0,0,19.055605835,46.826662342,30.159647284,59.901981718,49.215253119,106.616482501,0.000000000,0.000000000,0.000000000,84.033434937,141.434664319,0.782603550,0.932602564,204,0.354782609,145.289123107,true,COMPLETE,0,300,432.289123107,486,555,87,91,156,8888.28138611,8958.01494613,17846.2963322,29.6276046204,29.8600498204,59.4876544408
1.0,OP_AVAIL_EXACT95_HIGH_CAPACITY_AVAIL_IMMIGRATION_MINUS_3,a9a556ddf714e12731bb4977820418b0a0cfcd436c6b20c623fc6b3a6fdae119,TASK3_OPERATIONAL_POOLED_V1,CAPACITY_AVAIL_IMMIGRATION_MINUS_3,LOCAL_WINDOW_HPP_EXACT95_HIGH,29,300.000000000,403.394738619,513,371,20,36,68,18,142,513,0,0,0,9.931339773,18.807702503,28.614811140,54.529022652,38.546150913,69.291816995,0.000000000,0.000000000,0.000000000,73.364332731,104.109998813,0.770731646,0.918455212,142,0.276803119,103.394738619,true,COMPLETE,0,300,390.394738619,477,493,36,82,96,4982.6502474,9787.62265972,14770.2729071,16.608834158,32.6254088657,49.2342430237
1.0,OP_AVAIL_EXACT95_HIGH_CAPACITY_AVAIL_IMMIGRATION_MINUS_3,a9a556ddf714e12731bb4977820418b0a0cfcd436c6b20c623fc6b3a6fdae119,TASK3_OPERATIONAL_POOLED_V1,CAPACITY_AVAIL_IMMIGRATION_MINUS_3,LOCAL_WINDOW_HPP_EXACT95_HIGH,30,300.000000000,460.099889842,591,367,99,36,71,18,224,591,0,0,0,25.169175519,56.175753095,32.978397115,62.859841613,58.147572633,117.851100300,0.000000000,0.000000000,0.000000000,92.965754451,152.669282118,0.778487077,0.927697100,224,0.379018613,160.099889842,true,COMPLETE,0,300,447.099889842,553,565,100,98,171,12036.4801325,9713.16116564,21749.6412981,40.1216004416,32.3772038855,72.4988043271
1.0,OP_AVAIL_EXACT95_HIGH_CAPACITY_AVAIL_IMMIGRATION_MINUS_3,a9a556ddf714e12731bb4977820418b0a0cfcd436c6b20c623fc6b3a6fdae119,TASK3_OPERATIONAL_POOLED_V1,CAPACITY_AVAIL_IMMIGRATION_MINUS_3,LOCAL_WINDOW_HPP_EXACT95_HIGH,31,300.000000000,468.635399072,606,372,105,36,75,18,234,606,0,0,0,33.180871213,62.005610953,35.468616318,66.909090912,68.649487531,128.990810980,0.000000000,0.000000000,0.000000000,103.467669349,163.808992798,0.783706754,0.933917215,234,0.386138614,168.635399072,true,COMPLETE,0,300,455.635399072,570,588,111,102,186,16648.2910161,10568.1109992,27216.4020152,55.4943033869,35.2270366639,90.7213400508
1.0,OP_AVAIL_EXACT95_HIGH_CAPACITY_AVAIL_IMMIGRATION_MINUS_3,a9a556ddf714e12731bb4977820418b0a0cfcd436c6b20c623fc6b3a6fdae119,TASK3_OPERATIONAL_POOLED_V1,CAPACITY_AVAIL_IMMIGRATION_MINUS_3,LOCAL_WINDOW_HPP_EXACT95_HIGH,32,300.000000000,430.228623197,551,370,50,36,77,18,181,551,0,0,0,19.709138517,32.974537334,32.275145246,61.309459879,51.984283763,91.296284140,0.000000000,0.000000000,0.000000000,86.802465581,126.114465958,0.776190555,0.924960412,181,0.328493648,130.228623197,true,COMPLETE,0,300,417.228623197,515,533,60,92,129,10015.8350717,10568.2536415,20584.0887132,33.3861169057,35.2275121385,68.6136290441
1.0,OP_AVAIL_EXACT95_HIGH_CAPACITY_AVAIL_IMMIGRATION_MINUS_3,a9a556ddf714e12731bb4977820418b0a0cfcd436c6b20c623fc6b3a6fdae119,TASK3_OPERATIONAL_POOLED_V1,CAPACITY_AVAIL_IMMIGRATION_MINUS_3,LOCAL_WINDOW_HPP_EXACT95_HIGH,33,300.000000000,447.269482143,573,368,79,36,72,18,205,573,0,0,0,19.495173394,44.567270993,32.454026301,62.727272730,51.949199694,107.294543723,0.000000000,0.000000000,0.000000000,86.767381512,142.112725541,0.776428397,0.925243840,205,0.357766143,147.269482143,true,COMPLETE,0,300,434.269482143,518,555,82,93,155,9309.82989013,9951.30394689,19261.133837,31.0327663004,33.1710131563,64.2037794567
1.0,OP_AVAIL_EXACT95_HIGH_CAPACITY_AVAIL_IMMIGRATION_MINUS_3,a9a556ddf714e12731bb4977820418b0a0cfcd436c6b20c623fc6b3a6fdae119,TASK3_OPERATIONAL_POOLED_V1,CAPACITY_AVAIL_IMMIGRATION_MINUS_3,LOCAL_WINDOW_HPP_EXACT95_HIGH,34,300.000000000,457.128176487,587,368,87,36,78,18,219,587,0,0,0,26.497180050,52.400650499,34.602238992,65.079373282,61.099419042,118.129090927,0.000000000,0.000000000,0.000000000,95.917600860,152.947272745,0.778244689,0.927408255,219,0.373083475,157.128176487,true,COMPLETE,0,300,444.128176487,551,569,95,98,165,13123.1566615,10597.0910612,23720.2477226,43.7438555382,35.3236368706,79.0674924088
1.0,OP_AVAIL_EXACT95_HIGH_CAPACITY_AVAIL_IMMIGRATION_MINUS_3,a9a556ddf714e12731bb4977820418b0a0cfcd436c6b20c623fc6b3a6fdae119,TASK3_OPERATIONAL_POOLED_V1,CAPACITY_AVAIL_IMMIGRATION_MINUS_3,LOCAL_WINDOW_HPP_EXACT95_HIGH,35,300.000000000,429.619430736,548,369,50,36,75,18,179,548,0,0,0,11.707916304,28.437331157,30.870329912,58.545454548,42.578246216,86.948701432,0.000000000,0.000000000,0.000000000,77.396428034,121.766883250,0.773059104,0.921228765,179,0.326642336,129.619430736,true,COMPLETE,0,300,416.619430736,498,530,54,90,128,5591.94040497,9959.46298179,15551.4033868,18.6398013499,33.1982099393,51.8380112892
1.0,OP_AVAIL_EXACT95_HIGH_CAPACITY_AVAIL_IMMIGRATION_MINUS_3,a9a556ddf714e12731bb4977820418b0a0cfcd436c6b20c623fc6b3a6fdae119,TASK3_OPERATIONAL_POOLED_V1,CAPACITY_AVAIL_IMMIGRATION_MINUS_3,LOCAL_WINDOW_HPP_EXACT95_HIGH,36,300.000000000,443.417306464,567,367,75,36,71,18,200,567,0,0,0,21.349963675,45.001368468,31.136111811,60.643771925,52.486075487,105.352320716,0.000000000,0.000000000,0.000000000,87.304257305,140.170502534,0.774972827,0.923509286,200,0.352733686,143.417306464,true,COMPLETE,0,300,430.417306464,505,549,78,91,148,10417.5409497,9483.57431632,19901.115266,34.7251364989,31.6119143877,66.3370508866
1.0,OP_AVAIL_EXACT95_HIGH_CAPACITY_AVAIL_IMMIGRATION_MINUS_3,a9a556ddf714e12731bb4977820418b0a0cfcd436c6b20c623fc6b3a6fdae119,TASK3_OPERATIONAL_POOLED_V1,CAPACITY_AVAIL_IMMIGRATION_MINUS_3,LOCAL_WINDOW_HPP_EXACT95_HIGH,37,300.000000000,435.576234927,556,368,65,36,69,18,188,556,0,0,0,17.210077301,38.987886450,31.373451398,59.879917259,48.583528698,100.534400725,0.000000000,0.000000000,0.000000000,83.401710516,135.352582543,0.773618187,0.921895006,188,0.338129496,135.576234927,true,COMPLETE,0,300,422.576234927,519,532,69,90,138,8414.78719211,9854.98834907,18269.7755412,28.0492906404,32.8499611636,60.8992518039
1.0,OP_AVAIL_EXACT95_HIGH_CAPACITY_AVAIL_IMMIGRATION_MINUS_3,a9a556ddf714e12731bb4977820418b0a0cfcd436c6b20c623fc6b3a6fdae119,TASK3_OPERATIONAL_POOLED_V1,CAPACITY_AVAIL_IMMIGRATION_MINUS_3,LOCAL_WINDOW_HPP_EXACT95_HIGH,38,300.000000000,432.379357627,550,364,65,36,67,18,186,550,0,0,0,22.019965862,38.958211926,27.629296004,55.793620687,49.649261865,94.388162623,0.000000000,0.000000000,0.000000000,84.467443683,129.206344441,0.770927954,0.918689145,186,0.338181818,132.379357627,true,COMPLETE,0,300,419.379357627,478,507,70,83,133,10869.6944855,8247.30354924,19116.9980347,36.2323149515,27.4910118308,63.7233267823
1.0,OP_AVAIL_EXACT95_HIGH_CAPACITY_AVAIL_IMMIGRATION_MINUS_3,a9a556ddf714e12731bb4977820418b0a0cfcd436c6b20c623fc6b3a6fdae119,TASK3_OPERATIONAL_POOLED_V1,CAPACITY_AVAIL_IMMIGRATION_MINUS_3,LOCAL_WINDOW_HPP_EXACT95_HIGH,39,300.000000000,454.927267320,581,368,87,36,72,18,213,581,0,0,0,24.286193275,50.092782961,32.701277227,62.727272730,56.987470502,114.058565849,0.000000000,0.000000000,0.000000000,91.805652320,148.876747667,0.774016502,0.922369665,213,0.366609294,154.927267320,true,COMPLETE,0,300,441.92726732,528,563,90,93,160,11839.7887652,9853.04477554,21692.8335408,39.4659625508,32.8434825851,72.3094451359
1.0,OP_AVAIL_EXACT95_HIGH_CAPACITY_AVAIL_IMMIGRATION_MINUS_3,a9a556ddf714e12731bb4977820418b0a0cfcd436c6b20c623fc6b3a6fdae119,TASK3_OPERATIONAL_POOLED_V1,CAPACITY_AVAIL_IMMIGRATION_MINUS_3,LOCAL_WINDOW_HPP_EXACT95_HIGH,40,300.000000000,465.401683575,596,369,102,36,71,18,227,596,0,0,0,26.410391362,57.044605234,33.719116306,63.921900486,60.129507669,121.287675668,0.000000000,0.000000000,0.000000000,94.947689487,156.105857486,0.776129812,0.924888026,227,0.380872483,165.401683575,true,COMPLETE,0,300,452.401683575,560,578,103,96,174,12607.5099986,9882.58346324,22490.0934619,42.0250333288,32.9419448775,74.9669782063
1.0,OP_AVAIL_EXACT95_HIGH_CAPACITY_AVAIL_IMMIGRATION_MINUS_3,a9a556ddf714e12731bb4977820418b0a0cfcd436c6b20c623fc6b3a6fdae119,TASK3_OPERATIONAL_POOLED_V1,CAPACITY_AVAIL_IMMIGRATION_MINUS_3,LOCAL_WINDOW_HPP_EXACT95_HIGH,41,300.000000000,439.910128993,562,369,71,36,68,18,193,562,0,0,0,22.654165815,42.967854779,30.087827848,59.087717904,52.741993663,102.374883019,0.000000000,0.000000000,0.000000000,87.560175481,137.193064837,0.774262828,0.922663204,193,0.343416370,139.910128993,true,COMPLETE,0,300,426.910128993,466,544,74,89,143,11289.9613463,9249.21756203,20539.1789083,37.6332044876,30.8307252068,68.4639296944
1.0,OP_AVAIL_EXACT95_HIGH_CAPACITY_AVAIL_IMMIGRATION_MINUS_3,a9a556ddf714e12731bb4977820418b0a0cfcd436c6b20c623fc6b3a6fdae119,TASK3_OPERATIONAL_POOLED_V1,CAPACITY_AVAIL_IMMIGRATION_MINUS_3,LOCAL_WINDOW_HPP_EXACT95_HIGH,42,300.000000000,459.518645585,591,368,94,36,75,18,223,591,0,0,0,30.519884883,56.206632241,33.510957862,64.656577685,64.030842744,119.518569347,0.000000000,0.000000000,0.000000000,98.849024562,154.336751165,0.779471783,0.928870542,223,0.377326565,159.518645585,true,COMPLETE,0,300,446.518645585,555,573,98,96,170,15255.6940683,9967.96507994,25223.6591482,50.8523135609,33.2265502665,84.0788638273
1.0,OP_AVAIL_EXACT95_HIGH_CAPACITY_AVAIL_IMMIGRATION_MINUS_3,a9a556ddf714e12731bb4977820418b0a0cfcd436c6b20c623fc6b3a6fdae119,TASK3_OPERATIONAL_POOLED_V1,CAPACITY_AVAIL_IMMIGRATION_MINUS_3,LOCAL_WINDOW_HPP_EXACT95_HIGH,43,300.000000000,440.231839824,562,370,66,36,72,18,192,562,0,0,0,22.222016370,39.140469699,30.250003350,59.930837117,52.472019720,97.949505704,0.000000000,0.000000000,0.000000000,87.290201538,132.767687522,0.773697016,0.921988943,192,0.341637011,140.231839824,true,COMPLETE,0,300,427.231839824,502,537,69,91,140,11054.1631551,9290.22059044,20344.3837456,36.8472105171,30.9674019681,67.8146124852
1.0,OP_AVAIL_EXACT95_HIGH_CAPACITY_AVAIL_IMMIGRATION_MINUS_3,a9a556ddf714e12731bb4977820418b0a0cfcd436c6b20c623fc6b3a6fdae119,TASK3_OPERATIONAL_POOLED_V1,CAPACITY_AVAIL_IMMIGRATION_MINUS_3,LOCAL_WINDOW_HPP_EXACT95_HIGH,44,300.000000000,461.379238512,591,365,101,36,71,18,226,591,0,0,0,25.718215306,57.934455652,33.125856391,63.610805144,58.844071698,122.035969517,0.000000000,0.000000000,0.000000000,93.662253516,156.854151335,0.776328426,0.925124708,226,0.382402707,161.379238512,true,COMPLETE,0,300,448.379238512,553,573,101,95,172,12192.6396901,9646.581838,21839.2215281,40.6421323004,32.1552727933,72.7974050938
1.0,OP_AVAIL_EXACT95_HIGH_CAPACITY_AVAIL_IMMIGRATION_MINUS_3,a9a556ddf714e12731bb4977820418b0a0cfcd436c6b20c623fc6b3a6fdae119,TASK3_OPERATIONAL_POOLED_V1,CAPACITY_AVAIL_IMMIGRATION_MINUS_3,LOCAL_WINDOW_HPP_EXACT95_HIGH,45,300.000000000,471.004973945,609,369,110,36,76,18,240,609,0,0,0,31.369417822,64.774336333,35.072341897,66.909090912,66.441759720,131.683427245,0.000000000,0.000000000,0.000000000,101.259941538,166.501609063,0.783624228,0.933818872,240,0.394088670,171.004973945,true,COMPLETE,0,300,458.004973945,573,591,112,103,188,15260.6204584,10211.8112586,25472.431717,50.8687348612,34.0393708619,84.9081057232
1.0,OP_AVAIL_EXACT95_HIGH_CAPACITY_AVAIL_IMMIGRATION_MINUS_3,a9a556ddf714e12731bb4977820418b0a0cfcd436c6b20c623fc6b3a6fdae119,TASK3_OPERATIONAL_POOLED_V1,CAPACITY_AVAIL_IMMIGRATION_MINUS_3,LOCAL_WINDOW_HPP_EXACT95_HIGH,46,300.000000000,443.318935807,564,365,62,36,83,18,199,564,0,0,0,18.053179373,41.219765034,33.885739221,62.727272730,51.938918594,102.763597077,0.000000000,0.000000000,0.000000000,86.757100412,137.581778895,0.771043495,0.918826832,199,0.352836879,143.318935807,true,COMPLETE,0,300,430.318935807,525,546,74,95,147,8764.19030097,10762.2181824,19526.4084834,29.2139676699,35.874060608,65.0880282779
1.0,OP_AVAIL_EXACT95_HIGH_CAPACITY_AVAIL_IMMIGRATION_MINUS_3,a9a556ddf714e12731bb4977820418b0a0cfcd436c6b20c623fc6b3a6fdae119,TASK3_OPERATIONAL_POOLED_V1,CAPACITY_AVAIL_IMMIGRATION_MINUS_3,LOCAL_WINDOW_HPP_EXACT95_HIGH,47,300.000000000,408.498626853,521,372,30,36,65,18,149,521,0,0,0,8.115897380,20.021633914,26.222767729,52.990391977,34.338665109,72.206251723,0.000000000,0.000000000,0.000000000,69.156846927,107.024433541,0.772970960,0.921123727,149,0.285988484,108.498626853,true,COMPLETE,0,300,395.498626853,404,503,37,80,103,3924.49714349,8586.33355884,12510.8307023,13.081657145,28.6211118628,41.7027690078
1.0,OP_AVAIL_EXACT95_HIGH_CAPACITY_AVAIL_IMMIGRATION_MINUS_3,a9a556ddf714e12731bb4977820418b0a0cfcd436c6b20c623fc6b3a6fdae119,TASK3_OPERATIONAL_POOLED_V1,CAPACITY_AVAIL_IMMIGRATION_MINUS_3,LOCAL_WINDOW_HPP_EXACT95_HIGH,48,300.000000000,428.151805842,548,369,54,36,71,18,179,548,0,0,0,19.482904238,33.587058802,30.429160185,58.545454548,49.912064423,92.707363767,0.000000000,0.000000000,0.000000000,84.730246241,127.525545585,0.775709007,0.924386567,179,0.326642336,128.151805842,true,COMPLETE,0,300,415.151805842,495,528,59,88,129,9777.70168478,9646.01690497,19423.7185897,32.5923389493,32.1533896832,64.7457286325
1.0,OP_AVAIL_EXACT95_HIGH_CAPACITY_AVAIL_IMMIGRATION_MINUS_3,a9a556ddf714e12731bb4977820418b0a0cfcd436c6b20c623fc6b3a6fdae119,TASK3_OPERATIONAL_POOLED_V1,CAPACITY_AVAIL_IMMIGRATION_MINUS_3,LOCAL_WINDOW_HPP_EXACT95_HIGH,49,300.000000000,444.805295452,569,369,72,36,74,18,200,569,0,0,0,25.529330687,42.503589836,32.871122450,62.727272730,58.400453137,103.843073278,0.000000000,0.000000000,0.000000000,93.218634955,138.661255096,0.775279630,0.923874892,200,0.351493849,144.805295452,true,COMPLETE,0,300,431.805295452,528,551,74,93,146,12921.0239775,10253.0392166,23174.0631941,43.070079925,34.1767973886,77.2468773136
1.0,OP_AVAIL_EXACT95_HIGH_CAPACITY_AVAIL_IMMIGRATION_MINUS_3,a9a556ddf714e12731bb4977820418b0a0cfcd436c6b20c623fc6b3a6fdae119,TASK3_OPERATIONAL_POOLED_V1,CAPACITY_AVAIL_IMMIGRATION_MINUS_3,LOCAL_WINDOW_HPP_EXACT95_HIGH,50,300.000000000,456.813422386,589,371,87,36,77,18,218,589,0,0,0,23.164409025,50.693213876,34.596552811,66.257796129,57.760961836,116.450068324,0.000000000,0.000000000,0.000000000,92.579143654,151.268250142,0.781434344,0.931209260,218,0.370118846,156.813422386,true,COMPLETE,0,300,443.813422386,544,571,91,99,170,11136.0647476,10591.5059106,21727.5706582,37.1202158254,35.305019702,72.4252355275
1.0,OP_AVAIL_EXACT95_LOW_CAPACITY_AVAIL_JOINT_MINUS_4_MINUS_3,56b5c732766e7dd4952e1300365fcd02ef95a48a8e68991d791c227fc21e1360,TASK3_OPERATIONAL_POOLED_V1,CAPACITY_AVAIL_JOINT_MINUS_4_MINUS_3,LOCAL_WINDOW_HPP_EXACT95_LOW,1,300.000000000,333.378284734,313,277,0,22,0,14,36,313,0,0,0,0.013259170,0.000000000,0.138668448,1.351290232,0.151927618,1.351290232,0.000000000,0.000000000,0.000000000,34.970109436,36.169472050,0.640140947,0.678075225,36,0.115015974,33.378284734,true,COMPLETE,0,300,320.378284734,8,24,2,7,7,4.150120178,43.403224136,47.553344314,0.0138337339267,0.144677413787,0.158511147713
1.0,OP_AVAIL_EXACT95_LOW_CAPACITY_AVAIL_JOINT_MINUS_4_MINUS_3,56b5c732766e7dd4952e1300365fcd02ef95a48a8e68991d791c227fc21e1360,TASK3_OPERATIONAL_POOLED_V1,CAPACITY_AVAIL_JOINT_MINUS_4_MINUS_3,LOCAL_WINDOW_HPP_EXACT95_LOW,2,300.000000000,332.283944051,299,263,0,20,0,16,36,299,0,0,0,0.000000000,0.000000000,0.055089470,0.423129196,0.055089470,0.423129196,0.000000000,0.000000000,0.000000000,34.873271288,35.241311014,0.613522381,0.649879262,36,0.120401338,32.283944051,true,COMPLETE,0,300,319.283944051,0,17,0,4,4,0,16.471751653,16.471751653,0,0.0549058388433,0.0549058388433
1.0,OP_AVAIL_EXACT95_LOW_CAPACITY_AVAIL_JOINT_MINUS_4_MINUS_3,56b5c732766e7dd4952e1300365fcd02ef95a48a8e68991d791c227fc21e1360,TASK3_OPERATIONAL_POOLED_V1,CAPACITY_AVAIL_JOINT_MINUS_4_MINUS_3,LOCAL_WINDOW_HPP_EXACT95_LOW,3,300.000000000,334.763588245,285,251,0,27,0,7,34,285,0,0,0,0.092502579,0.280385684,0.415620383,3.263811525,0.508122962,3.642400390,0.000000000,0.000000000,0.000000000,35.326304780,38.460582208,0.580463911,0.614861773,34,0.119298246,34.763588245,true,COMPLETE,0,300,321.763588245,16,52,6,9,9,26.363235022,111.135998544,137.499233566,0.0878774500733,0.37045332848,0.458330778553
1.0,OP_AVAIL_EXACT95_LOW_CAPACITY_AVAIL_JOINT_MINUS_4_MINUS_3,56b5c732766e7dd4952e1300365fcd02ef95a48a8e68991d791c227fc21e1360,TASK3_OPERATIONAL_POOLED_V1,CAPACITY_AVAIL_JOINT_MINUS_4_MINUS_3,LOCAL_WINDOW_HPP_EXACT95_LOW,4,300.000000000,334.214032222,293,254,0,27,0,12,39,293,0,0,0,0.000000000,0.000000000,0.102399248,1.158950174,0.102399248,1.158950174,0.000000000,0.000000000,0.000000000,34.920581066,35.977131992,0.597738898,0.633160462,39,0.133105802,34.214032222,true,COMPLETE,0,300,321.214032222,0,28,0,3,3,0,25.092804232,25.092804232,0,0.0836426807733,0.0836426807733
1.0,OP_AVAIL_EXACT95_LOW_CAPACITY_AVAIL_JOINT_MINUS_4_MINUS_3,56b5c732766e7dd4952e1300365fcd02ef95a48a8e68991d791c227fc21e1360,TASK3_OPERATIONAL_POOLED_V1,CAPACITY_AVAIL_JOINT_MINUS_4_MINUS_3,LOCAL_WINDOW_HPP_EXACT95_LOW,5,300.000000000,333.398993631,289,254,0,23,0,12,35,289,0,0,0,0.000000000,0.000000000,0.077617904,0.000000000,0.077617904,0.000000000,0.000000000,0.000000000,0.000000000,34.895799722,34.818181818,0.591019944,0.626043348,35,0.121107266,33.398993631,true,COMPLETE,0,300,320.398993631,0,13,0,4,4,0,22.431574397,22.431574397,0,0.0747719146567,0.0747719146567
1.0,OP_AVAIL_EXACT95_LOW_CAPACITY_AVAIL_JOINT_MINUS_4_MINUS_3,56b5c732766e7dd4952e1300365fcd02ef95a48a8e68991d791c227fc21e1360,TASK3_OPERATIONAL_POOLED_V1,CAPACITY_AVAIL_JOINT_MINUS_4_MINUS_3,LOCAL_WINDOW_HPP_EXACT95_LOW,6,300.000000000,334.503790859,310,286,0,15,0,9,24,310,0,0,0,0.000000000,0.000000000,0.088811311,0.662300549,0.088811311,0.662300549,0.000000000,0.000000000,0.000000000,34.906993129,35.480482367,0.631872170,0.669316447,24,0.077419355,34.503790859,true,COMPLETE,0,300,321.503790859,0,27,0,4,4,0,27.531506459,27.531506459,0,0.0917716881967,0.0917716881967
1.0,OP_AVAIL_EXACT95_LOW_CAPACITY_AVAIL_JOINT_MINUS_4_MINUS_3,56b5c732766e7dd4952e1300365fcd02ef95a48a8e68991d791c227fc21e1360,TASK3_OPERATIONAL_POOLED_V1,CAPACITY_AVAIL_JOINT_MINUS_4_MINUS_3,LOCAL_WINDOW_HPP_EXACT95_LOW,7,300.000000000,334.009467665,254,220,0,19,0,15,34,254,0,0,0,0.000000000,0.000000000,0.002929050,0.000000000,0.002929050,0.000000000,0.000000000,0.000000000,0.000000000,34.821110868,34.818181818,0.518493740,0.549219295,34,0.133858268,34.009467665,true,COMPLETE,0,300,321.009467665,0,2,0,1,1,0,0,0,0,0,0
1.0,OP_AVAIL_EXACT95_LOW_CAPACITY_AVAIL_JOINT_MINUS_4_MINUS_3,56b5c732766e7dd4952e1300365fcd02ef95a48a8e68991d791c227fc21e1360,TASK3_OPERATIONAL_POOLED_V1,CAPACITY_AVAIL_JOINT_MINUS_4_MINUS_3,LOCAL_WINDOW_HPP_EXACT95_LOW,8,300.000000000,334.204293046,279,242,0,26,0,11,37,279,0,0,0,0.000000000,0.000000000,0.035498891,0.000000000,0.035498891,0.000000000,0.000000000,0.000000000,0.000000000,34.853680709,34.818181818,0.569194582,0.602924631,37,0.132616487,34.204293046,true,COMPLETE,0,300,321.204293046,0,9,0,2,2,0,7.841284613,7.841284613,0,0.0261376153767,0.0261376153767
1.0,OP_AVAIL_EXACT95_LOW_CAPACITY_AVAIL_JOINT_MINUS_4_MINUS_3,56b5c732766e7dd4952e1300365fcd02ef95a48a8e68991d791c227fc21e1360,TASK3_OPERATIONAL_POOLED_V1,CAPACITY_AVAIL_JOINT_MINUS_4_MINUS_3,LOCAL_WINDOW_HPP_EXACT95_LOW,9,300.000000000,334.651209542,271,235,0,22,0,14,36,271,0,0,0,0.000000000,0.000000000,0.087513122,0.000000000,0.087513122,0.000000000,0.000000000,0.000000000,0.000000000,34.905694940,34.818181818,0.552135244,0.584854370,36,0.132841328,34.651209542,true,COMPLETE,0,300,321.651209542,0,11,0,5,5,0,23.716056135,23.716056135,0,0.07905352045,0.07905352045
1.0,OP_AVAIL_EXACT95_LOW_CAPACITY_AVAIL_JOINT_MINUS_4_MINUS_3,56b5c732766e7dd4952e1300365fcd02ef95a48a8e68991d791c227fc21e1360,TASK3_OPERATIONAL_POOLED_V1,CAPACITY_AVAIL_JOINT_MINUS_4_MINUS_3,LOCAL_WINDOW_HPP_EXACT95_LOW,10,300.000000000,333.986965101,321,285,0,22,0,14,36,321,0,0,0,0.007514183,0.000000000,0.208212837,1.973630175,0.215727019,2.153858355,0.000000000,0.000000000,0.000000000,35.033908837,36.972040173,0.655305923,0.694138866,36,0.112149533,33.986965101,true,COMPLETE,0,300,320.986965101,6,42,1,5,5,2.412052584,61.892045235,64.304097819,0.00804017528,0.20630681745,0.21434699273
1.0,OP_AVAIL_EXACT95_LOW_CAPACITY_AVAIL_JOINT_MINUS_4_MINUS_3,56b5c732766e7dd4952e1300365fcd02ef95a48a8e68991d791c227fc21e1360,TASK3_OPERATIONAL_POOLED_V1,CAPACITY_AVAIL_JOINT_MINUS_4_MINUS_3,LOCAL_WINDOW_HPP_EXACT95_LOW,11,300.000000000,334.383425690,276,248,0,19,0,9,28,276,0,0,0,0.000000000,0.000000000,0.000612421,0.000000000,0.000612421,0.000000000,0.000000000,0.000000000,0.000000000,34.818794239,34.818181818,0.562772565,0.596122050,28,0.101449275,34.383425690,true,COMPLETE,0,300,321.38342569,0,2,0,1,1,0,0.16902817,0.16902817,0,0.000563427233333,0.000563427233333
1.0,OP_AVAIL_EXACT95_LOW_CAPACITY_AVAIL_JOINT_MINUS_4_MINUS_3,56b5c732766e7dd4952e1300365fcd02ef95a48a8e68991d791c227fc21e1360,TASK3_OPERATIONAL_POOLED_V1,CAPACITY_AVAIL_JOINT_MINUS_4_MINUS_3,LOCAL_WINDOW_HPP_EXACT95_LOW,12,300.000000000,336.675944538,299,251,1,32,0,15,48,299,0,0,0,0.043049137,0.136917047,0.191588141,1.562414295,0.234637278,2.046186220,0.000000000,0.000000000,0.000000000,35.052819096,36.864368038,0.605518867,0.641401466,48,0.160535117,36.675944538,true,COMPLETE,0,300,323.675944538,15,37,3,5,5,12.732324204,22.342177771,35.074501975,0.04244108068,0.0744739259033,0.116915006583
1.0,OP_AVAIL_EXACT95_LOW_CAPACITY_AVAIL_JOINT_MINUS_4_MINUS_3,56b5c732766e7dd4952e1300365fcd02ef95a48a8e68991d791c227fc21e1360,TASK3_OPERATIONAL_POOLED_V1,CAPACITY_AVAIL_JOINT_MINUS_4_MINUS_3,LOCAL_WINDOW_HPP_EXACT95_LOW,13,300.000000000,334.664495631,286,256,0,19,0,11,30,286,0,0,0,0.000000000,0.000000000,0.012492320,0.000000000,0.012492320,0.000000000,0.000000000,0.000000000,0.000000000,34.830674138,34.818181818,0.582673103,0.617201879,30,0.104895105,34.664495631,true,COMPLETE,0,300,321.664495631,0,4,0,2,2,0,3.572803543,3.572803543,0,0.0119093451433,0.0119093451433
1.0,OP_AVAIL_EXACT95_LOW_CAPACITY_AVAIL_JOINT_MINUS_4_MINUS_3,56b5c732766e7dd4952e1300365fcd02ef95a48a8e68991d791c227fc21e1360,TASK3_OPERATIONAL_POOLED_V1,CAPACITY_AVAIL_JOINT_MINUS_4_MINUS_3,LOCAL_WINDOW_HPP_EXACT95_LOW,14,300.000000000,334.504039286,264,224,0,27,0,13,40,264,0,0,0,0.000000000,0.000000000,0.087740802,0.754345941,0.087740802,0.754345941,0.000000000,0.000000000,0.000000000,34.905922620,35.572527759,0.538110094,0.569998099,40,0.151515152,34.504039286,true,COMPLETE,0,300,321.504039286,0,22,0,4,4,0,23.163571845,23.163571845,0,0.07721190615,0.07721190615
1.0,OP_AVAIL_EXACT95_LOW_CAPACITY_AVAIL_JOINT_MINUS_4_MINUS_3,56b5c732766e7dd4952e1300365fcd02ef95a48a8e68991d791c227fc21e1360,TASK3_OPERATIONAL_POOLED_V1,CAPACITY_AVAIL_JOINT_MINUS_4_MINUS_3,LOCAL_WINDOW_HPP_EXACT95_LOW,15,300.000000000,334.767924815,296,263,0,21,0,12,33,296,0,0,0,0.000349613,0.000000000,0.135860130,1.303078883,0.136209744,1.303078883,0.000000000,0.000000000,0.000000000,34.954391562,36.121260701,0.602859972,0.638585007,33,0.111486486,34.767924815,true,COMPLETE,0,300,321.767924815,1,30,1,4,4,0.103485518,40.214598616,40.318084134,0.000344951726667,0.134048662053,0.13439361378
1.0,OP_AVAIL_EXACT95_LOW_CAPACITY_AVAIL_JOINT_MINUS_4_MINUS_3,56b5c732766e7dd4952e1300365fcd02ef95a48a8e68991d791c227fc21e1360,TASK3_OPERATIONAL_POOLED_V1,CAPACITY_AVAIL_JOINT_MINUS_4_MINUS_3,LOCAL_WINDOW_HPP_EXACT95_LOW,16,300.000000000,334.431918804,278,244,0,26,0,8,34,278,0,0,0,0.000000000,0.000000000,0.006721558,0.000000000,0.006721558,0.000000000,0.000000000,0.000000000,0.000000000,34.824903376,34.818181818,0.566768433,0.600354710,34,0.122302158,34.431918804,true,COMPLETE,0,300,321.431918804,0,3,0,1,1,0,1.868592988,1.868592988,0,0.00622864329333,0.00622864329333
1.0,OP_AVAIL_EXACT95_LOW_CAPACITY_AVAIL_JOINT_MINUS_4_MINUS_3,56b5c732766e7dd4952e1300365fcd02ef95a48a8e68991d791c227fc21e1360,TASK3_OPERATIONAL_POOLED_V1,CAPACITY_AVAIL_JOINT_MINUS_4_MINUS_3,LOCAL_WINDOW_HPP_EXACT95_LOW,17,300.000000000,335.939427486,310,271,0,28,0,11,39,310,0,0,0,0.278137775,2.330929699,0.374996793,2.055320798,0.653134568,3.970246956,0.000000000,0.000000000,0.000000000,35.471316386,38.788428774,0.629171866,0.666456124,39,0.125806452,35.939427486,true,COMPLETE,0,300,322.939427486,46,83,7,5,7,86.222710108,109.155789832,195.37849994,0.287409033693,0.363852632773,0.651261666467
1.0,OP_AVAIL_EXACT95_LOW_CAPACITY_AVAIL_JOINT_MINUS_4_MINUS_3,56b5c732766e7dd4952e1300365fcd02ef95a48a8e68991d791c227fc21e1360,TASK3_OPERATIONAL_POOLED_V1,CAPACITY_AVAIL_JOINT_MINUS_4_MINUS_3,LOCAL_WINDOW_HPP_EXACT95_LOW,18,300.000000000,333.369913239,298,259,0,20,1,18,39,298,0,0,0,0.000000000,0.000000000,0.012787986,0.000000000,0.012787986,0.000000000,0.000000000,0.000000000,0.000000000,34.830969804,34.818181818,0.609478571,0.645595819,39,0.130872483,33.369913239,true,COMPLETE,0,300,320.369913239,0,5,0,2,2,0,2.973828658,2.973828658,0,0.00991276219333,0.00991276219333
1.0,OP_AVAIL_EXACT95_LOW_CAPACITY_AVAIL_JOINT_MINUS_4_MINUS_3,56b5c732766e7dd4952e1300365fcd02ef95a48a8e68991d791c227fc21e1360,TASK3_OPERATIONAL_POOLED_V1,CAPACITY_AVAIL_JOINT_MINUS_4_MINUS_3,LOCAL_WINDOW_HPP_EXACT95_LOW,19,300.000000000,334.345704763,272,241,0,25,0,6,31,272,0,0,0,0.000000000,0.000000000,0.030496236,0.000000000,0.030496236,0.000000000,0.000000000,0.000000000,0.000000000,34.848678054,34.818181818,0.554679013,0.587548880,31,0.113970588,34.345704763,true,COMPLETE,0,300,321.345704763,0,8,0,2,2,0,8.294976094,8.294976094,0,0.0276499203133,0.0276499203133
1.0,OP_AVAIL_EXACT95_LOW_CAPACITY_AVAIL_JOINT_MINUS_4_MINUS_3,56b5c732766e7dd4952e1300365fcd02ef95a48a8e68991d791c227fc21e1360,TASK3_OPERATIONAL_POOLED_V1,CAPACITY_AVAIL_JOINT_MINUS_4_MINUS_3,LOCAL_WINDOW_HPP_EXACT95_LOW,20,300.000000000,333.059981036,280,252,0,16,0,12,28,280,0,0,0,0.000000000,0.000000000,0.070029899,0.400289106,0.070029899,0.400289106,0.000000000,0.000000000,0.000000000,34.888211717,35.218470924,0.573197327,0.607164576,28,0.100000000,33.059981036,true,COMPLETE,0,300,320.059981036,0,21,0,3,3,0,19.608371708,19.608371708,0,0.0653612390267,0.0653612390267
1.0,OP_AVAIL_EXACT95_LOW_CAPACITY_AVAIL_JOINT_MINUS_4_MINUS_3,56b5c732766e7dd4952e1300365fcd02ef95a48a8e68991d791c227fc21e1360,TASK3_OPERATIONAL_POOLED_V1,CAPACITY_AVAIL_JOINT_MINUS_4_MINUS_3,LOCAL_WINDOW_HPP_EXACT95_LOW,21,300.000000000,334.383882730,272,248,0,14,0,10,24,272,0,0,0,0.001035358,0.000000000,0.079382676,0.547642880,0.080418034,0.547642880,0.000000000,0.000000000,0.000000000,34.898599852,35.365824698,0.554615683,0.587481797,24,0.088235294,34.383882730,true,COMPLETE,0,300,321.38388273,1,18,1,4,4,0.281617457,21.592087787,21.873705244,0.000938724856667,0.0719736259567,0.0729123508133
1.0,OP_AVAIL_EXACT95_LOW_CAPACITY_AVAIL_JOINT_MINUS_4_MINUS_3,56b5c732766e7dd4952e1300365fcd02ef95a48a8e68991d791c227fc21e1360,TASK3_OPERATIONAL_POOLED_V1,CAPACITY_AVAIL_JOINT_MINUS_4_MINUS_3,LOCAL_WINDOW_HPP_EXACT95_LOW,22,300.000000000,336.567106151,312,265,2,32,0,13,47,312,0,0,0,0.069807531,0.060181313,0.332773860,2.781928100,0.402581392,3.106318754,0.000000000,0.000000000,0.000000000,35.220763210,37.924500572,0.632050099,0.669504920,47,0.150641026,36.567106151,true,COMPLETE,0,300,323.567106151,17,58,4,7,7,20.729550347,69.53221505,90.261765397,0.0690985011567,0.231774050167,0.300872551323
1.0,OP_AVAIL_EXACT95_LOW_CAPACITY_AVAIL_JOINT_MINUS_4_MINUS_3,56b5c732766e7dd4952e1300365fcd02ef95a48a8e68991d791c227fc21e1360,TASK3_OPERATIONAL_POOLED_V1,CAPACITY_AVAIL_JOINT_MINUS_4_MINUS_3,LOCAL_WINDOW_HPP_EXACT95_LOW,23,300.000000000,333.884950245,296,268,0,19,0,9,28,296,0,0,0,0.000000000,0.000000000,0.117596668,1.072996694,0.117596668,1.072996694,0.000000000,0.000000000,0.000000000,34.935778486,35.891178512,0.604454264,0.640273776,28,0.094594595,33.884950245,true,COMPLETE,0,300,320.884950245,0,22,0,4,4,0,34.808613776,34.808613776,0,0.116028712587,0.116028712587
1.0,OP_AVAIL_EXACT95_LOW_CAPACITY_AVAIL_JOINT_MINUS_4_MINUS_3,56b5c732766e7dd4952e1300365fcd02ef95a48a8e68991d791c227fc21e1360,TASK3_OPERATIONAL_POOLED_V1,CAPACITY_AVAIL_JOINT_MINUS_4_MINUS_3,LOCAL_WINDOW_HPP_EXACT95_LOW,24,300.000000000,335.637443270,299,253,0,30,0,16,46,299,0,0,0,0.000649808,0.000000000,0.042148433,0.108542926,0.042798241,0.155538681,0.000000000,0.000000000,0.000000000,34.860980059,34.973720499,0.607392412,0.643386037,46,0.153846154,35.637443270,true,COMPLETE,0,300,322.63744327,1,17,1,2,2,0.194292596,7.852740507,8.047033103,0.000647641986667,0.02617580169,0.0268234436767
1.0,OP_AVAIL_EXACT95_LOW_CAPACITY_AVAIL_JOINT_MINUS_4_MINUS_3,56b5c732766e7dd4952e1300365fcd02ef95a48a8e68991d791c227fc21e1360,TASK3_OPERATIONAL_POOLED_V1,CAPACITY_AVAIL_JOINT_MINUS_4_MINUS_3,LOCAL_WINDOW_HPP_EXACT95_LOW,25,300.000000000,333.803665910,291,256,0,24,0,11,35,291,0,0,0,0.005200446,0.000000000,0.033638600,0.000000000,0.038839047,0.000000000,0.000000000,0.000000000,0.000000000,34.857020865,34.818181818,0.594388592,0.629611619,35,0.120274914,33.803665910,true,COMPLETE,0,300,320.80366591,2,10,2,2,2,1.51332991,9.78883267,11.30216258,0.00504443303333,0.0326294422333,0.0376738752667
1.0,OP_AVAIL_EXACT95_LOW_CAPACITY_AVAIL_JOINT_MINUS_4_MINUS_3,56b5c732766e7dd4952e1300365fcd02ef95a48a8e68991d791c227fc21e1360,TASK3_OPERATIONAL_POOLED_V1,CAPACITY_AVAIL_JOINT_MINUS_4_MINUS_3,LOCAL_WINDOW_HPP_EXACT95_LOW,26,300.000000000,334.692628558,273,240,0,20,0,13,33,273,0,0,0,0.000000000,0.000000000,0.052572770,0.000000000,0.052572770,0.000000000,0.000000000,0.000000000,0.000000000,34.870754588,34.818181818,0.556141211,0.589097727,33,0.120879121,34.692628558,true,COMPLETE,0,300,321.692628558,0,11,0,4,4,0,14.352366258,14.352366258,0,0.04784122086,0.04784122086
1.0,OP_AVAIL_EXACT95_LOW_CAPACITY_AVAIL_JOINT_MINUS_4_MINUS_3,56b5c732766e7dd4952e1300365fcd02ef95a48a8e68991d791c227fc21e1360,TASK3_OPERATIONAL_POOLED_V1,CAPACITY_AVAIL_JOINT_MINUS_4_MINUS_3,LOCAL_WINDOW_HPP_EXACT95_LOW,27,300.000000000,332.497741530,272,244,0,18,0,10,28,272,0,0,0,0.000000000,0.000000000,0.019852490,0.000000000,0.019852490,0.000000000,0.000000000,0.000000000,0.000000000,34.838034308,34.818181818,0.557761820,0.590814372,28,0.102941176,32.497741530,true,COMPLETE,0,300,319.49774153,0,8,0,3,3,0,5.39987731,5.39987731,0,0.0179995910333,0.0179995910333
1.0,OP_AVAIL_EXACT95_LOW_CAPACITY_AVAIL_JOINT_MINUS_4_MINUS_3,56b5c732766e7dd4952e1300365fcd02ef95a48a8e68991d791c227fc21e1360,TASK3_OPERATIONAL_POOLED_V1,CAPACITY_AVAIL_JOINT_MINUS_4_MINUS_3,LOCAL_WINDOW_HPP_EXACT95_LOW,28,300.000000000,334.557393197,258,233,0,16,0,9,25,258,0,0,0,0.000000000,0.000000000,0.003097274,0.000000000,0.003097274,0.000000000,0.000000000,0.000000000,0.000000000,34.821279092,34.818181818,0.525796454,0.556954762,25,0.096899225,34.557393197,true,COMPLETE,0,300,321.557393197,0,3,0,2,2,0,0.799096742,0.799096742,0,0.00266365580667,0.00266365580667
1.0,OP_AVAIL_EXACT95_LOW_CAPACITY_AVAIL_JOINT_MINUS_4_MINUS_3,56b5c732766e7dd4952e1300365fcd02ef95a48a8e68991d791c227fc21e1360,TASK3_OPERATIONAL_POOLED_V1,CAPACITY_AVAIL_JOINT_MINUS_4_MINUS_3,LOCAL_WINDOW_HPP_EXACT95_LOW,29,300.000000000,334.055309304,300,264,0,20,0,16,36,300,0,0,0,0.158204312,1.105131595,0.281091833,2.040540331,0.439296145,3.179859801,0.000000000,0.000000000,0.000000000,35.257477963,37.998041619,0.612310144,0.648595190,36,0.120000000,34.055309304,true,COMPLETE,0,300,321.055309304,20,58,5,6,6,47.461293569,84.327550036,131.788843605,0.158204311897,0.281091833453,0.43929614535
1.0,OP_AVAIL_EXACT95_LOW_CAPACITY_AVAIL_JOINT_MINUS_4_MINUS_3,56b5c732766e7dd4952e1300365fcd02ef95a48a8e68991d791c227fc21e1360,TASK3_OPERATIONAL_POOLED_V1,CAPACITY_AVAIL_JOINT_MINUS_4_MINUS_3,LOCAL_WINDOW_HPP_EXACT95_LOW,30,300.000000000,333.547081962,267,232,0,27,0,8,35,267,0,0,0,0.000000000,0.000000000,0.043873348,0.000000000,0.043873348,0.000000000,0.000000000,0.000000000,0.000000000,34.862055166,34.818181818,0.545786380,0.578129277,35,0.131086142,33.547081962,true,COMPLETE,0,300,320.547081962,0,8,0,3,3,0,0,0,0,0,0
1.0,OP_AVAIL_EXACT95_LOW_CAPACITY_AVAIL_JOINT_MINUS_4_MINUS_3,56b5c732766e7dd4952e1300365fcd02ef95a48a8e68991d791c227fc21e1360,TASK3_OPERATIONAL_POOLED_V1,CAPACITY_AVAIL_JOINT_MINUS_4_MINUS_3,LOCAL_WINDOW_HPP_EXACT95_LOW,31,300.000000000,332.500307393,296,270,0,17,0,9,26,296,0,0,0,0.000000000,0.000000000,0.055754211,0.432901677,0.055754211,0.432901677,0.000000000,0.000000000,0.000000000,34.873936029,35.251083495,0.606971414,0.642940091,26,0.087837838,32.500307393,true,COMPLETE,0,300,319.500307393,0,26,0,4,4,0,16.50324646,16.50324646,0,0.0550108215333,0.0550108215333
1.0,OP_AVAIL_EXACT95_LOW_CAPACITY_AVAIL_JOINT_MINUS_4_MINUS_3,56b5c732766e7dd4952e1300365fcd02ef95a48a8e68991d791c227fc21e1360,TASK3_OPERATIONAL_POOLED_V1,CAPACITY_AVAIL_JOINT_MINUS_4_MINUS_3,LOCAL_WINDOW_HPP_EXACT95_LOW,32,300.000000000,335.188766742,288,245,0,29,0,14,43,288,0,0,0,0.000000000,0.000000000,0.026738933,0.000000000,0.026738933,0.000000000,0.000000000,0.000000000,0.000000000,34.844920751,34.818181818,0.585830003,0.620545855,43,0.149305556,35.188766742,true,COMPLETE,0,300,322.188766742,0,9,0,2,2,0,3.232996913,3.232996913,0,0.0107766563767,0.0107766563767
1.0,OP_AVAIL_EXACT95_LOW_CAPACITY_AVAIL_JOINT_MINUS_4_MINUS_3,56b5c732766e7dd4952e1300365fcd02ef95a48a8e68991d791c227fc21e1360,TASK3_OPERATIONAL_POOLED_V1,CAPACITY_AVAIL_JOINT_MINUS_4_MINUS_3,LOCAL_WINDOW_HPP_EXACT95_LOW,33,300.000000000,333.353517328,263,238,0,17,0,8,25,263,0,0,0,0.000000000,0.000000000,0.000000000,0.000000000,0.000000000,0.000000000,0.000000000,0.000000000,0.000000000,34.818181818,34.818181818,0.537921973,0.569798831,25,0.095057034,33.353517328,true,COMPLETE,0,300,320.353517328,0,0,0,0,0,0,0,0,0,0,0
1.0,OP_AVAIL_EXACT95_LOW_CAPACITY_AVAIL_JOINT_MINUS_4_MINUS_3,56b5c732766e7dd4952e1300365fcd02ef95a48a8e68991d791c227fc21e1360,TASK3_OPERATIONAL_POOLED_V1,CAPACITY_AVAIL_JOINT_MINUS_4_MINUS_3,LOCAL_WINDOW_HPP_EXACT95_LOW,34,300.000000000,333.918653247,282,249,0,15,0,18,33,282,0,0,0,0.000000000,0.000000000,0.117143428,0.987013983,0.117143428,0.987013983,0.000000000,0.000000000,0.000000000,34.935325246,35.805195801,0.575807088,0.609928989,33,0.117021277,33.918653247,true,COMPLETE,0,300,320.918653247,0,29,0,4,4,0,33.034446835,33.034446835,0,0.110114822783,0.110114822783
1.0,OP_AVAIL_EXACT95_LOW_CAPACITY_AVAIL_JOINT_MINUS_4_MINUS_3,56b5c732766e7dd4952e1300365fcd02ef95a48a8e68991d791c227fc21e1360,TASK3_OPERATIONAL_POOLED_V1,CAPACITY_AVAIL_JOINT_MINUS_4_MINUS_3,LOCAL_WINDOW_HPP_EXACT95_LOW,35,300.000000000,334.031797309,280,251,0,18,0,11,29,280,0,0,0,0.000000000,0.000000000,0.007284430,0.000000000,0.007284430,0.000000000,0.000000000,0.000000000,0.000000000,34.825466248,34.818181818,0.571529694,0.605398120,29,0.103571429,34.031797309,true,COMPLETE,0,300,321.031797309,0,4,0,2,2,0,2.039640527,2.039640527,0,0.00679880175667,0.00679880175667
1.0,OP_AVAIL_EXACT95_LOW_CAPACITY_AVAIL_JOINT_MINUS_4_MINUS_3,56b5c732766e7dd4952e1300365fcd02ef95a48a8e68991d791c227fc21e1360,TASK3_OPERATIONAL_POOLED_V1,CAPACITY_AVAIL_JOINT_MINUS_4_MINUS_3,LOCAL_WINDOW_HPP_EXACT95_LOW,36,300.000000000,334.046219248,272,235,0,21,0,16,37,272,0,0,0,0.000000000,0.000000000,0.000000000,0.000000000,0.000000000,0.000000000,0.000000000,0.000000000,0.000000000,34.818181818,34.818181818,0.555176304,0.588075641,37,0.136029412,34.046219248,true,COMPLETE,0,300,321.046219248,0,0,0,0,0,0,0,0,0,0,0
1.0,OP_AVAIL_EXACT95_LOW_CAPACITY_AVAIL_JOINT_MINUS_4_MINUS_3,56b5c732766e7dd4952e1300365fcd02ef95a48a8e68991d791c227fc21e1360,TASK3_OPERATIONAL_POOLED_V1,CAPACITY_AVAIL_JOINT_MINUS_4_MINUS_3,LOCAL_WINDOW_HPP_EXACT95_LOW,37,300.000000000,334.078766339,266,237,0,16,0,13,29,266,0,0,0,0.000000000,0.000000000,0.082955908,0.000000000,0.082955908,0.000000000,0.000000000,0.000000000,0.000000000,34.901137726,34.818181818,0.542876874,0.575047355,29,0.109022556,34.078766339,true,COMPLETE,0,300,321.078766339,0,11,0,4,4,0,22.066271532,22.066271532,0,0.07355423844,0.07355423844
1.0,OP_AVAIL_EXACT95_LOW_CAPACITY_AVAIL_JOINT_MINUS_4_MINUS_3,56b5c732766e7dd4952e1300365fcd02ef95a48a8e68991d791c227fc21e1360,TASK3_OPERATIONAL_POOLED_V1,CAPACITY_AVAIL_JOINT_MINUS_4_MINUS_3,LOCAL_WINDOW_HPP_EXACT95_LOW,38,300.000000000,333.973818889,341,299,0,23,1,18,42,341,0,0,0,0.009868494,0.000000000,0.182511681,1.368860962,0.192380176,1.368860962,0.000000000,0.000000000,0.000000000,35.010561994,36.187042780,0.696162354,0.737416420,42,0.123167155,33.973818889,true,COMPLETE,0,300,320.973818889,9,50,2,5,5,3.365156573,57.95412687,61.319283443,0.0112171885767,0.1931804229,0.204397611477
1.0,OP_AVAIL_EXACT95_LOW_CAPACITY_AVAIL_JOINT_MINUS_4_MINUS_3,56b5c732766e7dd4952e1300365fcd02ef95a48a8e68991d791c227fc21e1360,TASK3_OPERATIONAL_POOLED_V1,CAPACITY_AVAIL_JOINT_MINUS_4_MINUS_3,LOCAL_WINDOW_HPP_EXACT95_LOW,39,300.000000000,333.227369168,256,218,0,24,0,14,38,256,0,0,0,0.000000000,0.000000000,0.021636132,0.000000000,0.021636132,0.000000000,0.000000000,0.000000000,0.000000000,34.839817950,34.818181818,0.523802877,0.554843047,38,0.148437500,33.227369168,true,COMPLETE,0,300,320.227369168,0,7,0,2,2,0,5.53884984,5.53884984,0,0.0184628328,0.0184628328
1.0,OP_AVAIL_EXACT95_LOW_CAPACITY_AVAIL_JOINT_MINUS_4_MINUS_3,56b5c732766e7dd4952e1300365fcd02ef95a48a8e68991d791c227fc21e1360,TASK3_OPERATIONAL_POOLED_V1,CAPACITY_AVAIL_JOINT_MINUS_4_MINUS_3,LOCAL_WINDOW_HPP_EXACT95_LOW,40,300.000000000,334.470914622,276,253,0,13,0,10,23,276,0,0,0,0.000000000,0.000000000,0.080700421,0.776656870,0.080700421,0.776656870,0.000000000,0.000000000,0.000000000,34.898882239,35.594838688,0.562625358,0.595966120,23,0.083333333,34.470914622,true,COMPLETE,0,300,321.470914622,0,16,0,3,3,0,22.273316162,22.273316162,0,0.0742443872067,0.0742443872067
1.0,OP_AVAIL_EXACT95_LOW_CAPACITY_AVAIL_JOINT_MINUS_4_MINUS_3,56b5c732766e7dd4952e1300365fcd02ef95a48a8e68991d791c227fc21e1360,TASK3_OPERATIONAL_POOLED_V1,CAPACITY_AVAIL_JOINT_MINUS_4_MINUS_3,LOCAL_WINDOW_HPP_EXACT95_LOW,41,300.000000000,334.039386969,305,267,0,22,0,16,38,305,0,0,0,0.028705043,0.000000000,0.149099665,1.398085884,0.177804708,2.007625208,0.000000000,0.000000000,0.000000000,34.995986526,36.825807026,0.622544986,0.659436541,38,0.124590164,34.039386969,true,COMPLETE,0,300,321.039386969,14,32,3,6,6,8.755038112,45.475397716,54.230435828,0.0291834603733,0.151584659053,0.180768119427
1.0,OP_AVAIL_EXACT95_LOW_CAPACITY_AVAIL_JOINT_MINUS_4_MINUS_3,56b5c732766e7dd4952e1300365fcd02ef95a48a8e68991d791c227fc21e1360,TASK3_OPERATIONAL_POOLED_V1,CAPACITY_AVAIL_JOINT_MINUS_4_MINUS_3,LOCAL_WINDOW_HPP_EXACT95_LOW,42,300.000000000,334.117691289,298,260,0,25,0,13,38,298,0,0,0,0.000000000,0.000000000,0.074462223,0.234771032,0.074462223,0.234771032,0.000000000,0.000000000,0.000000000,34.892644041,35.052952850,0.608114516,0.644150932,38,0.127516779,34.117691289,true,COMPLETE,0,300,321.117691289,0,17,0,3,3,0,22.189742429,22.189742429,0,0.0739658080967,0.0739658080967
1.0,OP_AVAIL_EXACT95_LOW_CAPACITY_AVAIL_JOINT_MINUS_4_MINUS_3,56b5c732766e7dd4952e1300365fcd02ef95a48a8e68991d791c227fc21e1360,TASK3_OPERATIONAL_POOLED_V1,CAPACITY_AVAIL_JOINT_MINUS_4_MINUS_3,LOCAL_WINDOW_HPP_EXACT95_LOW,43,300.000000000,334.595220486,274,248,0,20,0,6,26,274,0,0,0,0.000000000,0.000000000,0.154528660,1.273854317,0.154528660,1.273854317,0.000000000,0.000000000,0.000000000,34.972710478,36.092036135,0.558340856,0.591427722,26,0.094890511,34.595220486,true,COMPLETE,0,300,321.595220486,0,26,0,5,5,0,42.340852906,42.340852906,0,0.141136176353,0.141136176353
1.0,OP_AVAIL_EXACT95_LOW_CAPACITY_AVAIL_JOINT_MINUS_4_MINUS_3,56b5c732766e7dd4952e1300365fcd02ef95a48a8e68991d791c227fc21e1360,TASK3_OPERATIONAL_POOLED_V1,CAPACITY_AVAIL_JOINT_MINUS_4_MINUS_3,LOCAL_WINDOW_HPP_EXACT95_LOW,44,300.000000000,333.612131684,288,252,0,19,0,17,36,288,0,0,0,0.000000000,0.000000000,0.065748635,0.315720721,0.065748635,0.315720721,0.000000000,0.000000000,0.000000000,34.883930453,35.133902539,0.588598608,0.623478526,36,0.125000000,33.612131684,true,COMPLETE,0,300,320.612131684,0,23,0,3,3,0,18.935606784,18.935606784,0,0.06311868928,0.06311868928
1.0,OP_AVAIL_EXACT95_LOW_CAPACITY_AVAIL_JOINT_MINUS_4_MINUS_3,56b5c732766e7dd4952e1300365fcd02ef95a48a8e68991d791c227fc21e1360,TASK3_OPERATIONAL_POOLED_V1,CAPACITY_AVAIL_JOINT_MINUS_4_MINUS_3,LOCAL_WINDOW_HPP_EXACT95_LOW,45,300.000000000,335.272545013,294,252,0,27,0,15,42,294,0,0,0,0.000911879,0.000000000,0.072628950,0.753418008,0.073540829,0.753418008,0.000000000,0.000000000,0.000000000,34.891722647,35.571599826,0.597885358,0.633315601,42,0.142857143,35.272545013,true,COMPLETE,0,300,322.272545013,1,24,1,3,3,0.268092418,17.290206924,17.558299342,0.000893641393333,0.05763402308,0.0585276644733
1.0,OP_AVAIL_EXACT95_LOW_CAPACITY_AVAIL_JOINT_MINUS_4_MINUS_3,56b5c732766e7dd4952e1300365fcd02ef95a48a8e68991d791c227fc21e1360,TASK3_OPERATIONAL_POOLED_V1,CAPACITY_AVAIL_JOINT_MINUS_4_MINUS_3,LOCAL_WINDOW_HPP_EXACT95_LOW,46,300.000000000,335.230534980,296,252,0,26,0,18,44,296,0,0,0,0.011444248,0.000000000,0.183247625,1.566202592,0.194691873,1.566202592,0.000000000,0.000000000,0.000000000,35.012873691,36.384384410,0.602028040,0.637703775,44,0.148648649,35.230534980,true,COMPLETE,0,300,322.23053498,6,38,2,7,7,3.387497338,53.086445009,56.473942347,0.0112916577933,0.176954816697,0.18824647449
1.0,OP_AVAIL_EXACT95_LOW_CAPACITY_AVAIL_JOINT_MINUS_4_MINUS_3,56b5c732766e7dd4952e1300365fcd02ef95a48a8e68991d791c227fc21e1360,TASK3_OPERATIONAL_POOLED_V1,CAPACITY_AVAIL_JOINT_MINUS_4_MINUS_3,LOCAL_WINDOW_HPP_EXACT95_LOW,47,300.000000000,329.184016045,265,230,0,14,3,18,35,265,0,0,0,0.010618294,0.000000000,0.208772669,1.606359332,0.219390963,1.836291530,0.000000000,0.000000000,0.000000000,35.037572781,36.654473348,0.548877860,0.581403955,35,0.132075472,29.184016045,true,COMPLETE,0,300,316.184016045,3,31,2,6,6,2.813847856,51.730721551,54.544569407,0.00937949285333,0.172435738503,0.181815231357
1.0,OP_AVAIL_EXACT95_LOW_CAPACITY_AVAIL_JOINT_MINUS_4_MINUS_3,56b5c732766e7dd4952e1300365fcd02ef95a48a8e68991d791c227fc21e1360,TASK3_OPERATIONAL_POOLED_V1,CAPACITY_AVAIL_JOINT_MINUS_4_MINUS_3,LOCAL_WINDOW_HPP_EXACT95_LOW,48,300.000000000,334.462782154,296,264,0,14,0,18,32,296,0,0,0,0.034114889,0.000000000,0.135121970,1.241870218,0.169236860,1.542491548,0.000000000,0.000000000,0.000000000,34.987418678,36.360673366,0.603409983,0.639167612,32,0.108108108,34.462782154,true,COMPLETE,0,300,321.462782154,6,33,4,4,4,10.098007292,39.996103236,50.094110528,0.0336600243067,0.13332034412,0.166980368427
1.0,OP_AVAIL_EXACT95_LOW_CAPACITY_AVAIL_JOINT_MINUS_4_MINUS_3,56b5c732766e7dd4952e1300365fcd02ef95a48a8e68991d791c227fc21e1360,TASK3_OPERATIONAL_POOLED_V1,CAPACITY_AVAIL_JOINT_MINUS_4_MINUS_3,LOCAL_WINDOW_HPP_EXACT95_LOW,49,300.000000000,330.242669127,247,233,0,11,0,3,14,247,0,0,0,0.000000000,0.000000000,0.048687542,0.010441470,0.048687542,0.010441470,0.000000000,0.000000000,0.000000000,34.866869360,34.828623288,0.509955577,0.540175167,14,0.056680162,30.242669127,true,COMPLETE,0,300,317.242669127,0,13,0,4,4,0,12.025822861,12.025822861,0,0.0400860762033,0.0400860762033
1.0,OP_AVAIL_EXACT95_LOW_CAPACITY_AVAIL_JOINT_MINUS_4_MINUS_3,56b5c732766e7dd4952e1300365fcd02ef95a48a8e68991d791c227fc21e1360,TASK3_OPERATIONAL_POOLED_V1,CAPACITY_AVAIL_JOINT_MINUS_4_MINUS_3,LOCAL_WINDOW_HPP_EXACT95_LOW,50,300.000000000,334.204179571,295,266,0,17,0,12,29,295,0,0,0,0.011665921,0.000000000,0.107448546,0.791122364,0.119114467,0.896736062,0.000000000,0.000000000,0.000000000,34.937296285,35.714917880,0.601836769,0.637501170,29,0.098305085,34.204179571,true,COMPLETE,0,300,321.204179571,5,43,3,3,3,3.441446643,31.697321021,35.138767664,0.01147148881,0.105657736737,0.117129225547
1.0,OP_AVAIL_MLE_BASE_CAPACITY_AVAIL_JOINT_MINUS_4_MINUS_3,7071f2692250bebc24fff2d420e42302f29c9fdd5e46636e2e812df089e0568a,TASK3_OPERATIONAL_POOLED_V1,CAPACITY_AVAIL_JOINT_MINUS_4_MINUS_3,LOCAL_WINDOW_HPP_BASE,1,300.000000000,334.854323649,396,354,0,24,0,18,42,396,0,0,0,0.530751155,3.015121874,1.809028607,4.889046934,2.339779762,6.068709092,0.000000000,0.000000000,0.000000000,37.157961580,40.886890910,0.806320782,0.854102754,42,0.106060606,34.854323649,true,COMPLETE,0,300,321.854323649,111,278,8,12,12,210.17745734,716.049718586,926.227175926,0.700591524467,2.38683239529,3.08742391975
1.0,OP_AVAIL_MLE_BASE_CAPACITY_AVAIL_JOINT_MINUS_4_MINUS_3,7071f2692250bebc24fff2d420e42302f29c9fdd5e46636e2e812df089e0568a,TASK3_OPERATIONAL_POOLED_V1,CAPACITY_AVAIL_JOINT_MINUS_4_MINUS_3,LOCAL_WINDOW_HPP_BASE,2,300.000000000,353.943303908,442,367,13,32,12,18,75,442,0,0,0,2.221670901,7.065378700,5.641905012,10.388750376,7.863575912,15.485127435,0.000000000,0.000000000,0.000000000,42.681757730,50.303309253,0.851446074,0.901902137,75,0.169683258,53.943303908,true,COMPLETE,0,300,340.943303908,262,401,14,17,25,911.747899733,2023.93667949,2935.68457923,3.03915966578,6.74645559831,9.78561526409
1.0,OP_AVAIL_MLE_BASE_CAPACITY_AVAIL_JOINT_MINUS_4_MINUS_3,7071f2692250bebc24fff2d420e42302f29c9fdd5e46636e2e812df089e0568a,TASK3_OPERATIONAL_POOLED_V1,CAPACITY_AVAIL_JOINT_MINUS_4_MINUS_3,LOCAL_WINDOW_HPP_BASE,3,300.000000000,334.760392420,393,350,0,29,0,14,43,393,0,0,0,0.769025665,4.741671735,1.161772059,3.799619995,1.930797724,7.202649919,0.000000000,0.000000000,0.000000000,36.748979542,42.020831737,0.800436824,0.847870118,43,0.109414758,34.760392420,true,COMPLETE,0,300,321.76039242,111,228,12,9,13,302.227086383,448.850652625,751.077739008,1.00742362128,1.49616884208,2.50359246336
1.0,OP_AVAIL_MLE_BASE_CAPACITY_AVAIL_JOINT_MINUS_4_MINUS_3,7071f2692250bebc24fff2d420e42302f29c9fdd5e46636e2e812df089e0568a,TASK3_OPERATIONAL_POOLED_V1,CAPACITY_AVAIL_JOINT_MINUS_4_MINUS_3,LOCAL_WINDOW_HPP_BASE,4,300.000000000,344.663925773,410,347,7,32,6,18,63,410,0,0,0,0.787689619,4.429332134,1.577178872,5.255329781,2.364868491,8.775799318,0.000000000,0.000000000,0.000000000,37.183050309,43.593981136,0.811066763,0.859129978,63,0.153658537,44.663925773,true,COMPLETE,0,300,331.663925773,145,274,11,10,14,302.592821385,448.20488465,750.797706035,1.00864273795,1.49401628217,2.50265902012
1.0,OP_AVAIL_MLE_BASE_CAPACITY_AVAIL_JOINT_MINUS_4_MINUS_3,7071f2692250bebc24fff2d420e42302f29c9fdd5e46636e2e812df089e0568a,TASK3_OPERATIONAL_POOLED_V1,CAPACITY_AVAIL_JOINT_MINUS_4_MINUS_3,LOCAL_WINDOW_HPP_BASE,5,300.000000000,333.557018640,388,356,0,18,0,14,32,388,0,0,0,0.831334221,3.928272299,2.372214402,5.563243241,3.203548623,6.595558506,0.000000000,0.000000000,0.000000000,38.021730441,41.413740324,0.793104146,0.840102911,32,0.082474227,33.557018640,true,COMPLETE,0,300,320.55701864,163,305,9,10,10,322.557677605,920.419187925,1242.97686553,1.07519225868,3.06806395975,4.14325621843
1.0,OP_AVAIL_MLE_BASE_CAPACITY_AVAIL_JOINT_MINUS_4_MINUS_3,7071f2692250bebc24fff2d420e42302f29c9fdd5e46636e2e812df089e0568a,TASK3_OPERATIONAL_POOLED_V1,CAPACITY_AVAIL_JOINT_MINUS_4_MINUS_3,LOCAL_WINDOW_HPP_BASE,6,300.000000000,346.321962930,419,355,1,32,13,18,64,419,0,0,0,1.357147157,4.868480426,5.363127225,11.054353138,6.720274383,13.283397174,0.000000000,0.000000000,0.000000000,41.538456201,48.101578992,0.824902399,0.873785505,64,0.152744630,46.321962930,true,COMPLETE,0,300,333.32196293,250,361,9,19,20,568.247441052,1816.94964054,2385.19708159,1.89415813684,6.0564988018,7.95065693864
1.0,OP_AVAIL_MLE_BASE_CAPACITY_AVAIL_JOINT_MINUS_4_MINUS_3,7071f2692250bebc24fff2d420e42302f29c9fdd5e46636e2e812df089e0568a,TASK3_OPERATIONAL_POOLED_V1,CAPACITY_AVAIL_JOINT_MINUS_4_MINUS_3,LOCAL_WINDOW_HPP_BASE,7,300.000000000,339.866615257,408,352,4,32,2,18,56,408,0,0,0,0.806328375,4.354079751,1.512149274,4.062305908,2.318477650,6.410100704,0.000000000,0.000000000,0.000000000,37.136659468,41.228282522,0.818502923,0.867006800,56,0.137254902,39.866615257,true,COMPLETE,0,300,326.866615257,135,296,12,9,12,327.723116346,543.186823713,870.909940059,1.09241038782,1.81062274571,2.90303313353
1.0,OP_AVAIL_MLE_BASE_CAPACITY_AVAIL_JOINT_MINUS_4_MINUS_3,7071f2692250bebc24fff2d420e42302f29c9fdd5e46636e2e812df089e0568a,TASK3_OPERATIONAL_POOLED_V1,CAPACITY_AVAIL_JOINT_MINUS_4_MINUS_3,LOCAL_WINDOW_HPP_BASE,8,300.000000000,353.825816755,442,368,0,31,25,18,74,442,0,0,0,6.246534347,13.689733065,9.004749388,16.957397748,15.251283735,26.588478995,0.000000000,0.000000000,0.000000000,50.069465553,61.406660813,0.851728794,0.902201612,74,0.167420814,53.825816755,true,COMPLETE,0,300,340.825816755,395,418,24,28,38,2760.96818151,3222.5546942,5983.52287571,9.20322727169,10.7418489807,19.9450762524
1.0,OP_AVAIL_MLE_BASE_CAPACITY_AVAIL_JOINT_MINUS_4_MINUS_3,7071f2692250bebc24fff2d420e42302f29c9fdd5e46636e2e812df089e0568a,TASK3_OPERATIONAL_POOLED_V1,CAPACITY_AVAIL_JOINT_MINUS_4_MINUS_3,LOCAL_WINDOW_HPP_BASE,9,300.000000000,337.741384818,395,343,1,32,1,18,52,395,0,0,0,1.532938686,7.158400495,1.396524289,4.180815972,2.929462975,10.356931762,0.000000000,0.000000000,0.000000000,37.747644793,45.175113580,0.797409479,0.844663374,52,0.131645570,37.741384818,true,COMPLETE,0,300,324.741384818,158,244,13,8,16,604.631241691,488.219218398,1092.85046009,2.0154374723,1.62739739466,3.64283486696
1.0,OP_AVAIL_MLE_BASE_CAPACITY_AVAIL_JOINT_MINUS_4_MINUS_3,7071f2692250bebc24fff2d420e42302f29c9fdd5e46636e2e812df089e0568a,TASK3_OPERATIONAL_POOLED_V1,CAPACITY_AVAIL_JOINT_MINUS_4_MINUS_3,LOCAL_WINDOW_HPP_BASE,10,300.000000000,336.189013621,394,342,0,32,2,18,52,394,0,0,0,0.552625609,3.487689608,1.399705322,4.563227203,1.952330931,6.381879442,0.000000000,0.000000000,0.000000000,36.770512749,41.200061260,0.799063481,0.846415391,52,0.131979695,36.189013621,true,COMPLETE,0,300,323.189013621,111,243,8,10,11,217.734490131,503.600057186,721.334547317,0.72578163377,1.67866685729,2.40444849106
1.0,OP_AVAIL_MLE_BASE_CAPACITY_AVAIL_JOINT_MINUS_4_MINUS_3,7071f2692250bebc24fff2d420e42302f29c9fdd5e46636e2e812df089e0568a,TASK3_OPERATIONAL_POOLED_V1,CAPACITY_AVAIL_JOINT_MINUS_4_MINUS_3,LOCAL_WINDOW_HPP_BASE,11,300.000000000,334.795505588,409,365,0,20,6,18,44,409,0,0,0,2.078730175,6.235880443,5.751246518,11.620106375,7.829976693,15.057216217,0.000000000,0.000000000,0.000000000,42.648158511,49.875398035,0.832937216,0.882296458,44,0.107579462,34.795505588,true,COMPLETE,0,300,321.795505588,249,356,11,19,27,850.200641686,2327.30135223,3177.50199391,2.83400213895,7.75767117409,10.591673313
1.0,OP_AVAIL_MLE_BASE_CAPACITY_AVAIL_JOINT_MINUS_4_MINUS_3,7071f2692250bebc24fff2d420e42302f29c9fdd5e46636e2e812df089e0568a,TASK3_OPERATIONAL_POOLED_V1,CAPACITY_AVAIL_JOINT_MINUS_4_MINUS_3,LOCAL_WINDOW_HPP_BASE,12,300.000000000,346.243858147,423,359,1,32,13,18,64,423,0,0,0,2.771623664,9.808171817,3.503304046,9.499766116,6.274927710,15.150898556,0.000000000,0.000000000,0.000000000,41.093109528,49.969080374,0.832965218,0.882326120,64,0.151300236,46.243858147,true,COMPLETE,0,300,333.243858147,268,336,21,16,23,1172.31079328,1106.11943509,2278.43022837,3.90770264427,3.68706478363,7.5947674279
1.0,OP_AVAIL_MLE_BASE_CAPACITY_AVAIL_JOINT_MINUS_4_MINUS_3,7071f2692250bebc24fff2d420e42302f29c9fdd5e46636e2e812df089e0568a,TASK3_OPERATIONAL_POOLED_V1,CAPACITY_AVAIL_JOINT_MINUS_4_MINUS_3,LOCAL_WINDOW_HPP_BASE,13,300.000000000,363.994850644,455,367,20,32,18,18,88,455,0,0,0,13.673850734,28.913981527,7.539374240,16.186514643,21.213224974,37.568376537,0.000000000,0.000000000,0.000000000,56.031406792,72.386558355,0.852284784,0.902790549,88,0.193406593,63.994850644,true,COMPLETE,0,300,350.994850644,376,408,48,28,54,6072.82469046,2506.36753544,8579.19222589,20.2427489682,8.35455845146,28.5973074196
1.0,OP_AVAIL_MLE_BASE_CAPACITY_AVAIL_JOINT_MINUS_4_MINUS_3,7071f2692250bebc24fff2d420e42302f29c9fdd5e46636e2e812df089e0568a,TASK3_OPERATIONAL_POOLED_V1,CAPACITY_AVAIL_JOINT_MINUS_4_MINUS_3,LOCAL_WINDOW_HPP_BASE,14,300.000000000,333.719484820,374,343,0,17,0,14,31,374,0,0,0,0.827477696,4.175741549,1.341322379,4.154446862,2.168800075,6.770747552,0.000000000,0.000000000,0.000000000,36.986981893,41.588929370,0.764114808,0.809395685,31,0.082887701,33.719484820,true,COMPLETE,0,300,320.71948482,131,214,9,8,11,309.476658341,501.654569821,811.131228162,1.03158886114,1.6721818994,2.70377076054
1.0,OP_AVAIL_MLE_BASE_CAPACITY_AVAIL_JOINT_MINUS_4_MINUS_3,7071f2692250bebc24fff2d420e42302f29c9fdd5e46636e2e812df089e0568a,TASK3_OPERATIONAL_POOLED_V1,CAPACITY_AVAIL_JOINT_MINUS_4_MINUS_3,LOCAL_WINDOW_HPP_BASE,15,300.000000000,334.257636044,386,341,0,29,0,16,45,386,0,0,0,0.789492014,5.822250399,1.314899370,4.573072454,2.104391384,9.422828847,0.000000000,0.000000000,0.000000000,36.922573202,44.241010665,0.787362172,0.834020671,45,0.116580311,34.257636044,true,COMPLETE,0,300,321.257636044,117,227,12,9,15,304.743917362,464.957767333,769.701684695,1.01581305787,1.54985922444,2.56567228232
1.0,OP_AVAIL_MLE_BASE_CAPACITY_AVAIL_JOINT_MINUS_4_MINUS_3,7071f2692250bebc24fff2d420e42302f29c9fdd5e46636e2e812df089e0568a,TASK3_OPERATIONAL_POOLED_V1,CAPACITY_AVAIL_JOINT_MINUS_4_MINUS_3,LOCAL_WINDOW_HPP_BASE,16,300.000000000,347.236135759,401,337,9,32,5,18,64,401,0,0,0,0.920865703,4.947414586,1.378093743,4.915149388,2.298959446,9.708673803,0.000000000,0.000000000,0.000000000,37.117141264,44.526855621,0.787386630,0.834046579,64,0.159600998,47.236135759,true,COMPLETE,0,300,334.236135759,129,209,12,11,16,335.49277209,352.377502303,687.870274393,1.1183092403,1.17459167434,2.29290091464
1.0,OP_AVAIL_MLE_BASE_CAPACITY_AVAIL_JOINT_MINUS_4_MINUS_3,7071f2692250bebc24fff2d420e42302f29c9fdd5e46636e2e812df089e0568a,TASK3_OPERATIONAL_POOLED_V1,CAPACITY_AVAIL_JOINT_MINUS_4_MINUS_3,LOCAL_WINDOW_HPP_BASE,17,300.000000000,350.573784907,429,359,8,32,12,18,70,429,0,0,0,2.984903061,9.445386197,4.303336088,10.104787527,7.288239149,17.535844520,0.000000000,0.000000000,0.000000000,42.106420967,52.354026338,0.834346470,0.883789224,70,0.163170163,50.573784907,true,COMPLETE,0,300,337.573784907,306,368,18,18,25,1264.64384261,1390.63949017,2655.28333278,4.21547947536,4.63546496724,8.8509444426
1.0,OP_AVAIL_MLE_BASE_CAPACITY_AVAIL_JOINT_MINUS_4_MINUS_3,7071f2692250bebc24fff2d420e42302f29c9fdd5e46636e2e812df089e0568a,TASK3_OPERATIONAL_POOLED_V1,CAPACITY_AVAIL_JOINT_MINUS_4_MINUS_3,LOCAL_WINDOW_HPP_BASE,18,300.000000000,343.342444453,419,359,0,31,11,18,60,419,0,0,0,2.535964523,7.610577363,4.017272200,9.182340672,6.553236723,13.479637483,0.000000000,0.000000000,0.000000000,41.371418541,48.297819301,0.832060885,0.881368197,60,0.143198091,43.342444453,true,COMPLETE,0,300,330.342444453,248,348,14,15,21,1062.56913529,1378.80552417,2441.37465945,3.54189711762,4.59601841389,8.13791553151
1.0,OP_AVAIL_MLE_BASE_CAPACITY_AVAIL_JOINT_MINUS_4_MINUS_3,7071f2692250bebc24fff2d420e42302f29c9fdd5e46636e2e812df089e0568a,TASK3_OPERATIONAL_POOLED_V1,CAPACITY_AVAIL_JOINT_MINUS_4_MINUS_3,LOCAL_WINDOW_HPP_BASE,19,300.000000000,361.027069672,445,360,22,32,13,18,85,445,0,0,0,4.068513345,11.741819971,4.557453434,11.280292044,8.625966778,22.887138557,0.000000000,0.000000000,0.000000000,43.444148596,57.705320375,0.840405378,0.890207178,85,0.191011236,61.027069672,true,COMPLETE,0,300,348.027069672,321,388,23,18,36,1654.28178658,1379.74396732,3034.02575391,5.51427262194,4.59914655774,10.1134191797
1.0,OP_AVAIL_MLE_BASE_CAPACITY_AVAIL_JOINT_MINUS_4_MINUS_3,7071f2692250bebc24fff2d420e42302f29c9fdd5e46636e2e812df089e0568a,TASK3_OPERATIONAL_POOLED_V1,CAPACITY_AVAIL_JOINT_MINUS_4_MINUS_3,LOCAL_WINDOW_HPP_BASE,20,300.000000000,339.280402270,418,363,0,29,8,18,55,418,0,0,0,1.717081545,6.896522727,3.091295885,7.222428838,4.808377430,12.131870496,0.000000000,0.000000000,0.000000000,39.626559248,46.950052314,0.840013152,0.889791709,55,0.131578947,39.280402270,true,COMPLETE,0,300,326.28040227,225,338,15,13,19,717.740085734,1131.98009793,1849.72018366,2.39246695245,3.77326699309,6.16573394553
1.0,OP_AVAIL_MLE_BASE_CAPACITY_AVAIL_JOINT_MINUS_4_MINUS_3,7071f2692250bebc24fff2d420e42302f29c9fdd5e46636e2e812df089e0568a,TASK3_OPERATIONAL_POOLED_V1,CAPACITY_AVAIL_JOINT_MINUS_4_MINUS_3,LOCAL_WINDOW_HPP_BASE,21,300.000000000,354.162995222,417,344,17,32,6,18,73,417,0,0,0,3.746724946,10.558345592,2.940493128,8.665342003,6.687218074,17.093491796,0.000000000,0.000000000,0.000000000,41.505399892,51.911673614,0.802789071,0.850361756,73,0.175059952,54.162995222,true,COMPLETE,0,300,341.162995222,225,294,24,15,27,1476.3227352,820.030879504,2296.35361471,4.92107578401,2.73343626501,7.65451204903
1.0,OP_AVAIL_MLE_BASE_CAPACITY_AVAIL_JOINT_MINUS_4_MINUS_3,7071f2692250bebc24fff2d420e42302f29c9fdd5e46636e2e812df089e0568a,TASK3_OPERATIONAL_POOLED_V1,CAPACITY_AVAIL_JOINT_MINUS_4_MINUS_3,LOCAL_WINDOW_HPP_BASE,22,300.000000000,335.352518491,410,359,0,29,4,18,51,410,0,0,0,0.825003270,4.211938294,2.027389318,4.940434216,2.852392588,7.530112812,0.000000000,0.000000000,0.000000000,37.670574406,42.348294630,0.833586865,0.882984605,51,0.124390244,35.352518491,true,COMPLETE,0,300,322.352518491,150,321,11,9,11,338.251340567,721.133517928,1059.38485849,1.12750446856,2.40377839309,3.53128286165
1.0,OP_AVAIL_MLE_BASE_CAPACITY_AVAIL_JOINT_MINUS_4_MINUS_3,7071f2692250bebc24fff2d420e42302f29c9fdd5e46636e2e812df089e0568a,TASK3_OPERATIONAL_POOLED_V1,CAPACITY_AVAIL_JOINT_MINUS_4_MINUS_3,LOCAL_WINDOW_HPP_BASE,23,300.000000000,351.331844884,439,368,0,29,24,18,71,439,0,0,0,3.650469516,7.657037061,9.431496013,17.011534488,13.081965529,20.960438135,0.000000000,0.000000000,0.000000000,47.900147347,55.778619953,0.851952893,0.902438991,71,0.161731207,51.331844884,true,COMPLETE,0,300,338.331844884,381,417,15,28,31,1602.55611764,3464.21824681,5066.77436445,5.34185372547,11.547394156,16.8892478815
1.0,OP_AVAIL_MLE_BASE_CAPACITY_AVAIL_JOINT_MINUS_4_MINUS_3,7071f2692250bebc24fff2d420e42302f29c9fdd5e46636e2e812df089e0568a,TASK3_OPERATIONAL_POOLED_V1,CAPACITY_AVAIL_JOINT_MINUS_4_MINUS_3,LOCAL_WINDOW_HPP_BASE,24,300.000000000,343.933393179,412,352,7,32,3,18,60,412,0,0,0,0.757132605,4.052251664,1.805267698,5.307632289,2.562400303,7.396548780,0.000000000,0.000000000,0.000000000,37.380582121,42.214730598,0.816754338,0.865154595,60,0.145631068,43.933393179,true,COMPLETE,0,300,330.933393179,143,286,12,12,12,296.572478358,614.46582592,911.038304278,0.98857492786,2.04821941973,3.03679434759
1.0,OP_AVAIL_MLE_BASE_CAPACITY_AVAIL_JOINT_MINUS_4_MINUS_3,7071f2692250bebc24fff2d420e42302f29c9fdd5e46636e2e812df089e0568a,TASK3_OPERATIONAL_POOLED_V1,CAPACITY_AVAIL_JOINT_MINUS_4_MINUS_3,LOCAL_WINDOW_HPP_BASE,25,300.000000000,345.497586915,424,357,7,32,10,18,67,424,0,0,0,3.011493220,8.531419131,5.119414102,10.840551607,8.130907322,16.231970017,0.000000000,0.000000000,0.000000000,42.949089140,51.050151835,0.836737853,0.886322318,67,0.158018868,45.497586915,true,COMPLETE,0,300,332.497586915,252,352,17,20,24,1261.08017322,1888.24195713,3149.32213035,4.2036005774,6.29413985709,10.4977404345
1.0,OP_AVAIL_MLE_BASE_CAPACITY_AVAIL_JOINT_MINUS_4_MINUS_3,7071f2692250bebc24fff2d420e42302f29c9fdd5e46636e2e812df089e0568a,TASK3_OPERATIONAL_POOLED_V1,CAPACITY_AVAIL_JOINT_MINUS_4_MINUS_3,LOCAL_WINDOW_HPP_BASE,26,300.000000000,344.886365373,419,358,0,30,13,18,61,419,0,0,0,2.109350673,6.162603367,4.929549142,10.582911510,7.038899815,12.444849643,0.000000000,0.000000000,0.000000000,41.857081633,47.263031461,0.828336075,0.877422657,61,0.145584726,44.886365373,true,COMPLETE,0,300,331.886365373,264,346,14,17,21,883.81793179,1696.21821131,2580.0361431,2.94605977263,5.65406070438,8.60012047701
1.0,OP_AVAIL_MLE_BASE_CAPACITY_AVAIL_JOINT_MINUS_4_MINUS_3,7071f2692250bebc24fff2d420e42302f29c9fdd5e46636e2e812df089e0568a,TASK3_OPERATIONAL_POOLED_V1,CAPACITY_AVAIL_JOINT_MINUS_4_MINUS_3,LOCAL_WINDOW_HPP_BASE,27,300.000000000,343.057810857,410,350,6,32,4,18,60,410,0,0,0,1.159803104,4.821264762,1.711977803,4.522670027,2.871780907,8.318087662,0.000000000,0.000000000,0.000000000,37.689962725,43.136269480,0.814863984,0.863152220,60,0.146341463,43.057810857,true,COMPLETE,0,300,330.057810857,176,285,13,9,15,461.003173027,566.664403349,1027.66757638,1.53667724342,1.8888813445,3.42555858792
1.0,OP_AVAIL_MLE_BASE_CAPACITY_AVAIL_JOINT_MINUS_4_MINUS_3,7071f2692250bebc24fff2d420e42302f29c9fdd5e46636e2e812df089e0568a,TASK3_OPERATIONAL_POOLED_V1,CAPACITY_AVAIL_JOINT_MINUS_4_MINUS_3,LOCAL_WINDOW_HPP_BASE,28,300.000000000,341.678126683,392,332,3,32,7,18,60,392,0,0,0,0.785744840,4.471343038,1.367745771,4.857407764,2.153490611,7.428002313,0.000000000,0.000000000,0.000000000,36.971672429,42.246184131,0.782235403,0.828590094,60,0.153061224,41.678126683,true,COMPLETE,0,300,328.678126683,119,220,12,10,12,304.782105904,380.275358201,685.057464105,1.01594035301,1.26758452734,2.28352488035
1.0,OP_AVAIL_MLE_BASE_CAPACITY_AVAIL_JOINT_MINUS_4_MINUS_3,7071f2692250bebc24fff2d420e42302f29c9fdd5e46636e2e812df089e0568a,TASK3_OPERATIONAL_POOLED_V1,CAPACITY_AVAIL_JOINT_MINUS_4_MINUS_3,LOCAL_WINDOW_HPP_BASE,29,300.000000000,345.964172658,424,361,3,32,10,18,63,424,0,0,0,2.086477541,5.681547686,4.002225908,9.050092826,6.088703449,13.692964289,0.000000000,0.000000000,0.000000000,40.906885267,48.511146107,0.835609384,0.885126977,63,0.148584906,45.964172658,true,COMPLETE,0,300,332.964172658,287,363,12,15,22,881.822255561,1334.55508517,2216.37734073,2.93940751854,4.44851695058,7.38792446911
1.0,OP_AVAIL_MLE_BASE_CAPACITY_AVAIL_JOINT_MINUS_4_MINUS_3,7071f2692250bebc24fff2d420e42302f29c9fdd5e46636e2e812df089e0568a,TASK3_OPERATIONAL_POOLED_V1,CAPACITY_AVAIL_JOINT_MINUS_4_MINUS_3,LOCAL_WINDOW_HPP_BASE,30,300.000000000,347.522255445,408,343,9,32,6,18,65,408,0,0,0,1.319923456,5.893750008,1.493976779,4.542162396,2.813900235,9.857457750,0.000000000,0.000000000,0.000000000,37.632082053,44.675639568,0.800471952,0.847907327,65,0.159313725,47.522255445,true,COMPLETE,0,300,334.522255445,158,256,12,10,16,499.340805046,434.150701426,933.491506472,1.66446935015,1.44716900475,3.11163835491
1.0,OP_AVAIL_MLE_BASE_CAPACITY_AVAIL_JOINT_MINUS_4_MINUS_3,7071f2692250bebc24fff2d420e42302f29c9fdd5e46636e2e812df089e0568a,TASK3_OPERATIONAL_POOLED_V1,CAPACITY_AVAIL_JOINT_MINUS_4_MINUS_3,LOCAL_WINDOW_HPP_BASE,31,300.000000000,345.337290332,425,363,7,32,5,18,62,425,0,0,0,1.805578128,9.221148342,2.852540229,5.983256667,4.658118356,13.645253822,0.000000000,0.000000000,0.000000000,39.476300174,48.463435640,0.839100599,0.888825079,62,0.145882353,45.337290332,true,COMPLETE,0,300,332.337290332,195,361,18,10,20,751.437141462,1019.62892911,1771.06607058,2.50479047154,3.39876309705,5.90355356859
1.0,OP_AVAIL_MLE_BASE_CAPACITY_AVAIL_JOINT_MINUS_4_MINUS_3,7071f2692250bebc24fff2d420e42302f29c9fdd5e46636e2e812df089e0568a,TASK3_OPERATIONAL_POOLED_V1,CAPACITY_AVAIL_JOINT_MINUS_4_MINUS_3,LOCAL_WINDOW_HPP_BASE,32,300.000000000,341.449810648,395,335,2,32,8,18,60,395,0,0,0,0.638627729,3.669621770,1.353765776,5.099716196,1.992393504,6.952486151,0.000000000,0.000000000,0.000000000,36.810575322,41.770667969,0.788748956,0.835489635,60,0.151898734,41.449810648,true,COMPLETE,0,300,328.449810648,113,227,9,9,11,250.322969374,366.508221768,616.831191142,0.834409897913,1.22169407256,2.05610397047
1.0,OP_AVAIL_MLE_BASE_CAPACITY_AVAIL_JOINT_MINUS_4_MINUS_3,7071f2692250bebc24fff2d420e42302f29c9fdd5e46636e2e812df089e0568a,TASK3_OPERATIONAL_POOLED_V1,CAPACITY_AVAIL_JOINT_MINUS_4_MINUS_3,LOCAL_WINDOW_HPP_BASE,33,300.000000000,342.828519755,428,369,0,28,13,18,59,428,0,0,0,1.637201820,5.717550109,5.637947303,10.261171904,7.275149122,14.146759090,0.000000000,0.000000000,0.000000000,42.093330940,48.964940908,0.851207426,0.901649347,59,0.137850467,42.828519755,true,COMPLETE,0,300,329.828519755,259,396,12,17,21,700.722378813,2160.35866021,2861.08103903,2.33574126271,7.20119553404,9.53693679675
1.0,OP_AVAIL_MLE_BASE_CAPACITY_AVAIL_JOINT_MINUS_4_MINUS_3,7071f2692250bebc24fff2d420e42302f29c9fdd5e46636e2e812df089e0568a,TASK3_OPERATIONAL_POOLED_V1,CAPACITY_AVAIL_JOINT_MINUS_4_MINUS_3,LOCAL_WINDOW_HPP_BASE,34,300.000000000,347.453048921,426,360,10,32,6,18,66,426,0,0,0,1.041252923,6.173759695,1.897414643,5.319600922,2.938667566,11.713681590,0.000000000,0.000000000,0.000000000,37.756849384,46.531863408,0.835953365,0.885491342,66,0.154929577,47.453048921,true,COMPLETE,0,300,334.453048921,160,315,13,10,17,404.621109927,574.475343094,979.096453021,1.34873703309,1.91491781031,3.2636548434
1.0,OP_AVAIL_MLE_BASE_CAPACITY_AVAIL_JOINT_MINUS_4_MINUS_3,7071f2692250bebc24fff2d420e42302f29c9fdd5e46636e2e812df089e0568a,TASK3_OPERATIONAL_POOLED_V1,CAPACITY_AVAIL_JOINT_MINUS_4_MINUS_3,LOCAL_WINDOW_HPP_BASE,35,300.000000000,360.762598077,451,370,22,32,9,18,81,451,0,0,0,2.847960847,9.275856223,4.614992510,9.818565860,7.462953356,18.224663811,0.000000000,0.000000000,0.000000000,42.281135174,53.042845629,0.852361086,0.902871373,81,0.179600887,60.762598077,true,COMPLETE,0,300,347.762598077,330,408,25,18,33,1137.62586039,1535.28662672,2672.91248711,3.7920862013,5.11762208908,8.90970829038
1.0,OP_AVAIL_MLE_BASE_CAPACITY_AVAIL_JOINT_MINUS_4_MINUS_3,7071f2692250bebc24fff2d420e42302f29c9fdd5e46636e2e812df089e0568a,TASK3_OPERATIONAL_POOLED_V1,CAPACITY_AVAIL_JOINT_MINUS_4_MINUS_3,LOCAL_WINDOW_HPP_BASE,36,300.000000000,337.485430772,414,362,0,32,2,18,52,414,0,0,0,0.628148262,3.085504696,1.775950698,5.016522533,2.404098959,6.370652322,0.000000000,0.000000000,0.000000000,37.222280777,41.188834140,0.836399742,0.885964171,52,0.125603865,37.485430772,true,COMPLETE,0,300,324.485430772,150,314,7,10,11,260.05338027,707.433944956,967.487325226,0.8668446009,2.35811314985,3.22495775075
1.0,OP_AVAIL_MLE_BASE_CAPACITY_AVAIL_JOINT_MINUS_4_MINUS_3,7071f2692250bebc24fff2d420e42302f29c9fdd5e46636e2e812df089e0568a,TASK3_OPERATIONAL_POOLED_V1,CAPACITY_AVAIL_JOINT_MINUS_4_MINUS_3,LOCAL_WINDOW_HPP_BASE,37,300.000000000,339.106219354,408,353,0,32,5,18,55,408,0,0,0,1.404767225,6.333317522,1.964502731,5.626684927,3.369269956,10.833485958,0.000000000,0.000000000,0.000000000,38.187451774,45.651667776,0.820338296,0.868950936,55,0.134803922,39.106219354,true,COMPLETE,0,300,326.106219354,175,301,12,11,18,573.145027787,703.518998142,1276.66402593,1.91048342596,2.34506332714,4.2555467531
1.0,OP_AVAIL_MLE_BASE_CAPACITY_AVAIL_JOINT_MINUS_4_MINUS_3,7071f2692250bebc24fff2d420e42302f29c9fdd5e46636e2e812df089e0568a,TASK3_OPERATIONAL_POOLED_V1,CAPACITY_AVAIL_JOINT_MINUS_4_MINUS_3,LOCAL_WINDOW_HPP_BASE,38,300.000000000,335.743759459,406,358,0,23,7,18,48,406,0,0,0,0.625228558,3.339204354,2.311882255,6.257381482,2.937110813,8.222853885,0.000000000,0.000000000,0.000000000,37.755292631,43.041035703,0.824492411,0.873351221,48,0.118226601,35.743759459,true,COMPLETE,0,300,322.743759459,152,300,9,11,12,253.842794355,812.740901893,1066.58369625,0.84614264785,2.70913633964,3.55527898749
1.0,OP_AVAIL_MLE_BASE_CAPACITY_AVAIL_JOINT_MINUS_4_MINUS_3,7071f2692250bebc24fff2d420e42302f29c9fdd5e46636e2e812df089e0568a,TASK3_OPERATIONAL_POOLED_V1,CAPACITY_AVAIL_JOINT_MINUS_4_MINUS_3,LOCAL_WINDOW_HPP_BASE,39,300.000000000,345.214385693,388,323,10,32,5,18,65,388,0,0,0,1.099670165,6.021489412,1.602589633,5.339453860,2.702259798,8.769645034,0.000000000,0.000000000,0.000000000,37.520441616,43.587826852,0.766322220,0.811733907,65,0.167525773,45.214385693,true,COMPLETE,0,300,332.214385693,139,206,17,10,17,377.425263842,483.500851015,860.926114857,1.25808421281,1.61166950338,2.86975371619
1.0,OP_AVAIL_MLE_BASE_CAPACITY_AVAIL_JOINT_MINUS_4_MINUS_3,7071f2692250bebc24fff2d420e42302f29c9fdd5e46636e2e812df089e0568a,TASK3_OPERATIONAL_POOLED_V1,CAPACITY_AVAIL_JOINT_MINUS_4_MINUS_3,LOCAL_WINDOW_HPP_BASE,40,300.000000000,343.886767291,399,340,7,32,2,18,59,399,0,0,0,0.636543338,4.222144805,1.356884163,5.070371977,1.993427502,7.686727779,0.000000000,0.000000000,0.000000000,36.811609320,42.504909597,0.791090209,0.837969629,59,0.147869674,43.886767291,true,COMPLETE,0,300,330.886767291,88,230,13,10,13,244.529405546,369.787958968,614.317364514,0.815098018487,1.23262652989,2.04772454838
1.0,OP_AVAIL_MLE_BASE_CAPACITY_AVAIL_JOINT_MINUS_4_MINUS_3,7071f2692250bebc24fff2d420e42302f29c9fdd5e46636e2e812df089e0568a,TASK3_OPERATIONAL_POOLED_V1,CAPACITY_AVAIL_JOINT_MINUS_4_MINUS_3,LOCAL_WINDOW_HPP_BASE,41,300.000000000,335.221238276,416,369,0,27,2,18,47,416,0,0,0,2.083246635,7.633784827,4.195705143,9.393231933,6.278951777,13.051048499,0.000000000,0.000000000,0.000000000,41.097133595,47.869230317,0.846116926,0.896257188,47,0.112980769,35.221238276,true,COMPLETE,0,300,322.221238276,214,375,16,16,19,866.630599991,1727.04464853,2593.67524852,2.88876866664,5.7568154951,8.64558416174
1.0,OP_AVAIL_MLE_BASE_CAPACITY_AVAIL_JOINT_MINUS_4_MINUS_3,7071f2692250bebc24fff2d420e42302f29c9fdd5e46636e2e812df089e0568a,TASK3_OPERATIONAL_POOLED_V1,CAPACITY_AVAIL_JOINT_MINUS_4_MINUS_3,LOCAL_WINDOW_HPP_BASE,42,300.000000000,345.231418235,403,340,7,32,6,18,63,403,0,0,0,2.240454231,11.167110949,1.493208707,5.580413919,3.733662937,16.247158804,0.000000000,0.000000000,0.000000000,38.551844755,51.065340622,0.795908810,0.843073777,63,0.156327543,45.231418235,true,COMPLETE,0,300,332.231418235,148,216,21,11,26,876.368026314,380.675935845,1257.04396216,2.92122675438,1.26891978615,4.19014654053
1.0,OP_AVAIL_MLE_BASE_CAPACITY_AVAIL_JOINT_MINUS_4_MINUS_3,7071f2692250bebc24fff2d420e42302f29c9fdd5e46636e2e812df089e0568a,TASK3_OPERATIONAL_POOLED_V1,CAPACITY_AVAIL_JOINT_MINUS_4_MINUS_3,LOCAL_WINDOW_HPP_BASE,43,300.000000000,339.804868899,407,351,2,32,4,18,56,407,0,0,0,1.672691072,5.932785239,2.877456110,6.598826451,4.550147182,9.805099105,0.000000000,0.000000000,0.000000000,39.368329000,44.623280923,0.816645155,0.865038942,56,0.137592138,39.804868899,true,COMPLETE,0,300,326.804868899,186,320,15,12,18,678.185672821,1079.79395666,1757.97962949,2.2606189094,3.59931318888,5.85993209829
1.0,OP_AVAIL_MLE_BASE_CAPACITY_AVAIL_JOINT_MINUS_4_MINUS_3,7071f2692250bebc24fff2d420e42302f29c9fdd5e46636e2e812df089e0568a,TASK3_OPERATIONAL_POOLED_V1,CAPACITY_AVAIL_JOINT_MINUS_4_MINUS_3,LOCAL_WINDOW_HPP_BASE,44,300.000000000,333.476554778,366,324,0,31,0,11,42,366,0,0,0,0.065107361,0.240461160,0.446304578,2.791449027,0.511411940,2.977230399,0.000000000,0.000000000,0.000000000,35.329593758,37.795412217,0.748314839,0.792659423,42,0.114754098,33.476554778,true,COMPLETE,0,300,320.476554778,19,108,4,6,6,23.829294277,145.226229789,169.055524066,0.0794309809233,0.48408743263,0.563518413553
1.0,OP_AVAIL_MLE_BASE_CAPACITY_AVAIL_JOINT_MINUS_4_MINUS_3,7071f2692250bebc24fff2d420e42302f29c9fdd5e46636e2e812df089e0568a,TASK3_OPERATIONAL_POOLED_V1,CAPACITY_AVAIL_JOINT_MINUS_4_MINUS_3,LOCAL_WINDOW_HPP_BASE,45,300.000000000,336.315929561,399,349,0,29,3,18,50,399,0,0,0,0.487951655,3.816795543,1.044878053,3.228249717,1.532829708,5.502562565,0.000000000,0.000000000,0.000000000,36.351011526,40.320744383,0.808898511,0.856833237,50,0.125313283,36.315929561,true,COMPLETE,0,300,323.315929561,100,236,11,7,11,194.692710161,358.936388554,553.629098715,0.648975700537,1.19645462851,1.84543032905
1.0,OP_AVAIL_MLE_BASE_CAPACITY_AVAIL_JOINT_MINUS_4_MINUS_3,7071f2692250bebc24fff2d420e42302f29c9fdd5e46636e2e812df089e0568a,TASK3_OPERATIONAL_POOLED_V1,CAPACITY_AVAIL_JOINT_MINUS_4_MINUS_3,LOCAL_WINDOW_HPP_BASE,46,300.000000000,363.725614992,452,365,22,32,15,18,87,452,0,0,0,6.583948267,17.920993535,5.545219171,12.744653197,12.129167438,30.249486152,0.000000000,0.000000000,0.000000000,46.947349256,65.067667970,0.847292040,0.897501938,87,0.192477876,63.725614992,true,COMPLETE,0,300,350.725614992,315,404,29,24,44,2805.39518268,1716.42567182,4521.8208545,9.3513172756,5.72141890605,15.0727361817
1.0,OP_AVAIL_MLE_BASE_CAPACITY_AVAIL_JOINT_MINUS_4_MINUS_3,7071f2692250bebc24fff2d420e42302f29c9fdd5e46636e2e812df089e0568a,TASK3_OPERATIONAL_POOLED_V1,CAPACITY_AVAIL_JOINT_MINUS_4_MINUS_3,LOCAL_WINDOW_HPP_BASE,47,300.000000000,334.574566537,385,347,0,24,0,14,38,385,0,0,0,0.275100169,1.884005195,1.171406442,3.653325735,1.446506611,4.501120609,0.000000000,0.000000000,0.000000000,36.264688429,39.319302427,0.784578465,0.831072004,38,0.098701299,34.574566537,true,COMPLETE,0,300,321.574566537,79,222,6,7,7,105.913565129,450.991480182,556.905045311,0.353045217097,1.50330493394,1.85635015104
1.0,OP_AVAIL_MLE_BASE_CAPACITY_AVAIL_JOINT_MINUS_4_MINUS_3,7071f2692250bebc24fff2d420e42302f29c9fdd5e46636e2e812df089e0568a,TASK3_OPERATIONAL_POOLED_V1,CAPACITY_AVAIL_JOINT_MINUS_4_MINUS_3,LOCAL_WINDOW_HPP_BASE,48,300.000000000,338.912601178,416,362,3,32,1,18,54,416,0,0,0,2.400965833,9.815289543,2.573091908,6.621741414,4.974057741,14.347385748,0.000000000,0.000000000,0.000000000,39.792239559,49.165567566,0.836901203,0.886495348,54,0.129807692,38.912601178,true,COMPLETE,0,300,325.912601178,186,315,20,14,21,997.50217063,914.861666152,1912.36383678,3.32500723543,3.04953888717,6.37454612261
1.0,OP_AVAIL_MLE_BASE_CAPACITY_AVAIL_JOINT_MINUS_4_MINUS_3,7071f2692250bebc24fff2d420e42302f29c9fdd5e46636e2e812df089e0568a,TASK3_OPERATIONAL_POOLED_V1,CAPACITY_AVAIL_JOINT_MINUS_4_MINUS_3,LOCAL_WINDOW_HPP_BASE,49,300.000000000,344.618163383,423,363,2,32,8,18,60,423,0,0,0,3.053276964,8.138600894,5.161064740,9.362207154,8.214341704,13.992819552,0.000000000,0.000000000,0.000000000,43.032523522,48.811001370,0.836894632,0.886488388,60,0.141843972,44.618163383,true,COMPLETE,0,300,331.618163383,274,379,17,16,21,1291.44720795,1870.81607408,3162.26328203,4.30482402649,6.23605358028,10.5408776068
1.0,OP_AVAIL_MLE_BASE_CAPACITY_AVAIL_JOINT_MINUS_4_MINUS_3,7071f2692250bebc24fff2d420e42302f29c9fdd5e46636e2e812df089e0568a,TASK3_OPERATIONAL_POOLED_V1,CAPACITY_AVAIL_JOINT_MINUS_4_MINUS_3,LOCAL_WINDOW_HPP_BASE,50,300.000000000,344.531321189,414,352,3,32,9,18,62,414,0,0,0,1.685562823,6.904520208,2.929415163,7.093954507,4.614977986,10.924116783,0.000000000,0.000000000,0.000000000,39.433159804,45.742298601,0.819294821,0.867845626,62,0.149758454,44.531321189,true,COMPLETE,0,300,331.531321189,200,320,14,13,17,691.457586247,979.047957,1670.50554325,2.30485862082,3.26349319,5.56835181082
1.0,OP_AVAIL_EXACT95_HIGH_CAPACITY_AVAIL_JOINT_MINUS_4_MINUS_3,dc4a91ba879f2f54ce9baa11f589bf64abfe8cebb9ad907b6d1711f7bbb179ff,TASK3_OPERATIONAL_POOLED_V1,CAPACITY_AVAIL_JOINT_MINUS_4_MINUS_3,LOCAL_WINDOW_HPP_EXACT95_HIGH,1,300.000000000,444.589443762,564,364,132,32,18,18,200,564,0,0,0,42.762498425,83.964956845,10.234737075,20.619536586,52.997235501,103.958498434,0.000000000,0.000000000,0.000000000,87.815417319,138.776680252,0.864945086,0.916201091,200,0.354609929,144.589443762,true,COMPLETE,0,300,431.589443762,496,519,133,33,153,18268.2241042,2644.19841263,20912.4225169,60.8940803474,8.81399470876,69.7080750562
1.0,OP_AVAIL_EXACT95_HIGH_CAPACITY_AVAIL_JOINT_MINUS_4_MINUS_3,dc4a91ba879f2f54ce9baa11f589bf64abfe8cebb9ad907b6d1711f7bbb179ff,TASK3_OPERATIONAL_POOLED_V1,CAPACITY_AVAIL_JOINT_MINUS_4_MINUS_3,LOCAL_WINDOW_HPP_EXACT95_HIGH,2,300.000000000,461.261258602,593,368,146,32,29,18,225,593,0,0,0,51.144585145,100.620703929,13.395789210,24.459887954,64.540374355,125.173099669,0.000000000,0.000000000,0.000000000,99.358556173,159.991281487,0.876549188,0.928492844,225,0.379426644,161.261258602,true,COMPLETE,0,300,448.261258602,561,571,154,39,177,22709.949215,3792.70974264,26502.6589577,75.6998307168,12.6423658088,88.3421965256
1.0,OP_AVAIL_EXACT95_HIGH_CAPACITY_AVAIL_JOINT_MINUS_4_MINUS_3,dc4a91ba879f2f54ce9baa11f589bf64abfe8cebb9ad907b6d1711f7bbb179ff,TASK3_OPERATIONAL_POOLED_V1,CAPACITY_AVAIL_JOINT_MINUS_4_MINUS_3,LOCAL_WINDOW_HPP_EXACT95_HIGH,3,300.000000000,479.269343786,617,370,169,32,28,18,247,617,0,0,0,50.662770755,110.069059891,14.935443310,27.685630834,65.598214065,135.105752066,0.000000000,0.000000000,0.000000000,100.416395883,169.923933884,0.877756576,0.929771781,247,0.400324149,179.269343786,true,COMPLETE,0,300,466.269343786,585,592,169,49,197,21272.378791,4241.67078262,25514.0495737,70.9079293035,14.1389026087,85.0468319122
1.0,OP_AVAIL_EXACT95_HIGH_CAPACITY_AVAIL_JOINT_MINUS_4_MINUS_3,dc4a91ba879f2f54ce9baa11f589bf64abfe8cebb9ad907b6d1711f7bbb179ff,TASK3_OPERATIONAL_POOLED_V1,CAPACITY_AVAIL_JOINT_MINUS_4_MINUS_3,LOCAL_WINDOW_HPP_EXACT95_HIGH,4,300.000000000,440.648312142,562,370,114,32,28,18,192,562,0,0,0,36.612887358,71.235953369,14.224468840,25.604326479,50.837356198,95.331902532,0.000000000,0.000000000,0.000000000,85.655538016,130.150084350,0.869586488,0.921117539,192,0.341637011,140.648312142,true,COMPLETE,0,300,427.648312142,530,536,114,42,144,15961.0947854,4402.08034934,20363.1751347,53.2036492847,14.6736011645,67.8772504491
1.0,OP_AVAIL_EXACT95_HIGH_CAPACITY_AVAIL_JOINT_MINUS_4_MINUS_3,dc4a91ba879f2f54ce9baa11f589bf64abfe8cebb9ad907b6d1711f7bbb179ff,TASK3_OPERATIONAL_POOLED_V1,CAPACITY_AVAIL_JOINT_MINUS_4_MINUS_3,LOCAL_WINDOW_HPP_EXACT95_HIGH,5,300.000000000,460.634345973,591,367,146,32,28,18,224,591,0,0,0,47.776739207,95.848845455,12.630640991,23.272727276,60.407380198,119.960907996,0.000000000,0.000000000,0.000000000,95.225562016,154.779089814,0.874781807,0.926620729,224,0.379018613,160.634345973,true,COMPLETE,0,300,447.634345973,559,571,153,37,178,20638.1337935,3470.20481364,24108.3386071,68.7937793116,11.5673493788,80.3611286904
1.0,OP_AVAIL_EXACT95_HIGH_CAPACITY_AVAIL_JOINT_MINUS_4_MINUS_3,dc4a91ba879f2f54ce9baa11f589bf64abfe8cebb9ad907b6d1711f7bbb179ff,TASK3_OPERATIONAL_POOLED_V1,CAPACITY_AVAIL_JOINT_MINUS_4_MINUS_3,LOCAL_WINDOW_HPP_EXACT95_HIGH,6,300.000000000,445.002581578,571,370,123,32,28,18,201,571,0,0,0,40.884261009,80.467731400,14.195762121,25.961844033,55.080023130,104.975654648,0.000000000,0.000000000,0.000000000,89.898204948,139.793836466,0.874867243,0.926711228,201,0.352014011,145.002581578,true,COMPLETE,0,300,432.002581578,539,545,124,42,154,17914.6805473,4297.09523796,22211.7757852,59.7156018242,14.3236507932,74.0392526174
1.0,OP_AVAIL_EXACT95_HIGH_CAPACITY_AVAIL_JOINT_MINUS_4_MINUS_3,dc4a91ba879f2f54ce9baa11f589bf64abfe8cebb9ad907b6d1711f7bbb179ff,TASK3_OPERATIONAL_POOLED_V1,CAPACITY_AVAIL_JOINT_MINUS_4_MINUS_3,LOCAL_WINDOW_HPP_EXACT95_HIGH,7,300.000000000,447.733198566,574,366,126,32,32,18,208,574,0,0,0,40.816749387,83.047256619,13.333011168,25.450096729,54.149760555,105.507057764,0.000000000,0.000000000,0.000000000,88.967942373,140.325239582,0.874100106,0.925898631,208,0.362369338,147.733198566,true,COMPLETE,0,300,434.733198566,542,552,127,40,158,17586.8174071,3893.24053074,21480.0579378,58.6227246903,12.9774684358,71.6001931261
1.0,OP_AVAIL_EXACT95_HIGH_CAPACITY_AVAIL_JOINT_MINUS_4_MINUS_3,dc4a91ba879f2f54ce9baa11f589bf64abfe8cebb9ad907b6d1711f7bbb179ff,TASK3_OPERATIONAL_POOLED_V1,CAPACITY_AVAIL_JOINT_MINUS_4_MINUS_3,LOCAL_WINDOW_HPP_EXACT95_HIGH,8,300.000000000,438.826983777,559,369,111,32,29,18,190,559,0,0,0,39.996570074,74.341876244,12.869493342,23.405287191,52.866063415,97.580174824,0.000000000,0.000000000,0.000000000,87.684245233,132.398356642,0.868534474,0.920003184,190,0.339892665,138.826983777,true,COMPLETE,0,300,425.826983777,527,536,118,40,144,17837.01659,3862.99024983,21700.0068398,59.4567219667,12.8766341661,72.3333561328
1.0,OP_AVAIL_EXACT95_HIGH_CAPACITY_AVAIL_JOINT_MINUS_4_MINUS_3,dc4a91ba879f2f54ce9baa11f589bf64abfe8cebb9ad907b6d1711f7bbb179ff,TASK3_OPERATIONAL_POOLED_V1,CAPACITY_AVAIL_JOINT_MINUS_4_MINUS_3,LOCAL_WINDOW_HPP_EXACT95_HIGH,9,300.000000000,475.974015608,612,365,169,32,28,18,247,612,0,0,0,52.512723056,111.102821009,13.162958103,24.709360321,65.675681159,134.714784674,0.000000000,0.000000000,0.000000000,100.493862977,169.532966492,0.876671233,0.928622121,247,0.403594771,175.974015608,true,COMPLETE,0,300,462.974015608,580,593,170,41,197,22037.9681052,3462.79116343,25500.7592687,73.4598936841,11.5426372114,85.0025308956
1.0,OP_AVAIL_EXACT95_HIGH_CAPACITY_AVAIL_JOINT_MINUS_4_MINUS_3,dc4a91ba879f2f54ce9baa11f589bf64abfe8cebb9ad907b6d1711f7bbb179ff,TASK3_OPERATIONAL_POOLED_V1,CAPACITY_AVAIL_JOINT_MINUS_4_MINUS_3,LOCAL_WINDOW_HPP_EXACT95_HIGH,10,300.000000000,439.102743325,560,370,112,32,28,18,190,560,0,0,0,41.795117523,72.781674928,16.529880873,29.576663746,58.324998396,97.982961415,0.000000000,0.000000000,0.000000000,93.143180214,132.801143233,0.869541782,0.921070184,190,0.339285714,139.102743325,true,COMPLETE,0,300,426.102743325,528,534,115,48,143,19270.8011934,5408.42806995,24679.2292633,64.2360039779,18.0280935665,82.2640975444
1.0,OP_AVAIL_EXACT95_HIGH_CAPACITY_AVAIL_JOINT_MINUS_4_MINUS_3,dc4a91ba879f2f54ce9baa11f589bf64abfe8cebb9ad907b6d1711f7bbb179ff,TASK3_OPERATIONAL_POOLED_V1,CAPACITY_AVAIL_JOINT_MINUS_4_MINUS_3,LOCAL_WINDOW_HPP_EXACT95_HIGH,11,300.000000000,417.725813919,534,370,86,32,28,18,164,534,0,0,0,35.967202717,61.621490068,13.126568539,24.170240277,49.093771256,84.897295485,0.000000000,0.000000000,0.000000000,83.911953074,119.715477303,0.871602609,0.923253134,164,0.307116105,117.725813919,true,COMPLETE,0,300,404.725813919,502,508,100,41,120,16494.4576712,4179.3951005,20673.8527717,54.9815255705,13.9313170017,68.9128425722
1.0,OP_AVAIL_EXACT95_HIGH_CAPACITY_AVAIL_JOINT_MINUS_4_MINUS_3,dc4a91ba879f2f54ce9baa11f589bf64abfe8cebb9ad907b6d1711f7bbb179ff,TASK3_OPERATIONAL_POOLED_V1,CAPACITY_AVAIL_JOINT_MINUS_4_MINUS_3,LOCAL_WINDOW_HPP_EXACT95_HIGH,12,300.000000000,451.840005224,577,370,129,32,28,18,207,577,0,0,0,49.045063376,87.888954537,13.584304532,25.613828858,62.629367907,109.591857421,0.000000000,0.000000000,0.000000000,97.447549725,144.410039239,0.870682291,0.922278279,207,0.358752166,151.840005224,true,COMPLETE,0,300,438.840005224,545,552,134,40,163,22338.0589833,3993.95660557,26332.0155889,74.4601966109,13.3131886852,87.7733852962
1.0,OP_AVAIL_EXACT95_HIGH_CAPACITY_AVAIL_JOINT_MINUS_4_MINUS_3,dc4a91ba879f2f54ce9baa11f589bf64abfe8cebb9ad907b6d1711f7bbb179ff,TASK3_OPERATIONAL_POOLED_V1,CAPACITY_AVAIL_JOINT_MINUS_4_MINUS_3,LOCAL_WINDOW_HPP_EXACT95_HIGH,13,300.000000000,462.181532938,594,367,152,32,25,18,227,594,0,0,0,49.314321704,99.317214627,12.493342745,23.305166606,61.807664449,122.279397745,0.000000000,0.000000000,0.000000000,96.625846267,157.097579563,0.876279062,0.928206710,227,0.382154882,162.181532938,true,COMPLETE,0,300,449.181532938,549,572,153,37,179,21358.6229697,3398.77295377,24757.3959235,71.1954098991,11.3292431792,82.5246530783
1.0,OP_AVAIL_EXACT95_HIGH_CAPACITY_AVAIL_JOINT_MINUS_4_MINUS_3,dc4a91ba879f2f54ce9baa11f589bf64abfe8cebb9ad907b6d1711f7bbb179ff,TASK3_OPERATIONAL_POOLED_V1,CAPACITY_AVAIL_JOINT_MINUS_4_MINUS_3,LOCAL_WINDOW_HPP_EXACT95_HIGH,14,300.000000000,451.836064722,577,370,133,32,24,18,207,577,0,0,0,38.884504343,84.825675520,12.652230656,23.868365729,51.536734999,105.962778074,0.000000000,0.000000000,0.000000000,86.354916817,140.780959892,0.870689884,0.922286322,207,0.358752166,151.836064722,true,COMPLETE,0,300,438.836064722,534,550,133,37,158,16274.3930027,3594.05191774,19868.4449204,54.2479766755,11.9801730591,66.2281497346
1.0,OP_AVAIL_EXACT95_HIGH_CAPACITY_AVAIL_JOINT_MINUS_4_MINUS_3,dc4a91ba879f2f54ce9baa11f589bf64abfe8cebb9ad907b6d1711f7bbb179ff,TASK3_OPERATIONAL_POOLED_V1,CAPACITY_AVAIL_JOINT_MINUS_4_MINUS_3,LOCAL_WINDOW_HPP_EXACT95_HIGH,15,300.000000000,469.709659988,604,368,156,32,30,18,236,604,0,0,0,56.215564310,103.944112295,13.509608988,25.101915225,69.725173298,130.867402633,0.000000000,0.000000000,0.000000000,104.543355116,165.685584451,0.876750505,0.928706091,236,0.390728477,169.709659988,true,COMPLETE,0,300,456.709659988,572,582,163,40,187,25102.5263445,3725.55660881,28828.0829533,83.6750878151,12.4185220294,96.0936098445
1.0,OP_AVAIL_EXACT95_HIGH_CAPACITY_AVAIL_JOINT_MINUS_4_MINUS_3,dc4a91ba879f2f54ce9baa11f589bf64abfe8cebb9ad907b6d1711f7bbb179ff,TASK3_OPERATIONAL_POOLED_V1,CAPACITY_AVAIL_JOINT_MINUS_4_MINUS_3,LOCAL_WINDOW_HPP_EXACT95_HIGH,16,300.000000000,431.709927571,549,367,108,32,24,18,182,549,0,0,0,33.083632782,71.623540234,11.604844608,21.670483873,44.688477390,92.634355088,0.000000000,0.000000000,0.000000000,79.506659208,127.452536906,0.867059472,0.918440774,182,0.331511840,131.709927571,true,COMPLETE,0,300,418.709927571,515,528,111,35,134,14108.4242499,3366.06683836,17474.4910882,47.0280808329,11.2202227945,58.2483036274
1.0,OP_AVAIL_EXACT95_HIGH_CAPACITY_AVAIL_JOINT_MINUS_4_MINUS_3,dc4a91ba879f2f54ce9baa11f589bf64abfe8cebb9ad907b6d1711f7bbb179ff,TASK3_OPERATIONAL_POOLED_V1,CAPACITY_AVAIL_JOINT_MINUS_4_MINUS_3,LOCAL_WINDOW_HPP_EXACT95_HIGH,17,300.000000000,430.540599391,550,368,109,32,23,18,182,550,0,0,0,37.872465803,73.005633123,11.512739206,21.817758346,49.385205009,94.752672920,0.000000000,0.000000000,0.000000000,84.203386827,129.570854738,0.870997998,0.922612694,182,0.330909091,130.540599391,true,COMPLETE,0,300,417.540599391,518,527,113,34,135,16861.4825277,3367.0474123,20228.52994,56.2049417591,11.2234913743,67.4284331334
1.0,OP_AVAIL_EXACT95_HIGH_CAPACITY_AVAIL_JOINT_MINUS_4_MINUS_3,dc4a91ba879f2f54ce9baa11f589bf64abfe8cebb9ad907b6d1711f7bbb179ff,TASK3_OPERATIONAL_POOLED_V1,CAPACITY_AVAIL_JOINT_MINUS_4_MINUS_3,LOCAL_WINDOW_HPP_EXACT95_HIGH,18,300.000000000,466.554550376,598,369,152,32,27,18,229,598,0,0,0,44.070007177,97.278492257,13.337234241,24.674965031,57.407241418,122.054269957,0.000000000,0.000000000,0.000000000,92.225423236,156.872451775,0.873911255,0.925698589,229,0.382943144,166.554550376,true,COMPLETE,0,300,453.554550376,566,577,153,39,183,18052.5017721,3700.48663329,21752.9884054,60.1750059072,12.3349554443,72.5099613515
1.0,OP_AVAIL_EXACT95_HIGH_CAPACITY_AVAIL_JOINT_MINUS_4_MINUS_3,dc4a91ba879f2f54ce9baa11f589bf64abfe8cebb9ad907b6d1711f7bbb179ff,TASK3_OPERATIONAL_POOLED_V1,CAPACITY_AVAIL_JOINT_MINUS_4_MINUS_3,LOCAL_WINDOW_HPP_EXACT95_HIGH,19,300.000000000,430.895347706,550,367,106,32,27,18,183,550,0,0,0,32.768466740,67.427863379,11.966141742,22.167814978,44.734608482,88.732347570,0.000000000,0.000000000,0.000000000,79.552790300,123.550529388,0.870280921,0.921853124,183,0.332727273,130.895347706,true,COMPLETE,0,300,417.895347706,510,529,107,38,134,14010.4052009,3525.19973987,17535.6049407,46.7013506695,11.7506657996,58.4520164691
1.0,OP_AVAIL_EXACT95_HIGH_CAPACITY_AVAIL_JOINT_MINUS_4_MINUS_3,dc4a91ba879f2f54ce9baa11f589bf64abfe8cebb9ad907b6d1711f7bbb179ff,TASK3_OPERATIONAL_POOLED_V1,CAPACITY_AVAIL_JOINT_MINUS_4_MINUS_3,LOCAL_WINDOW_HPP_EXACT95_HIGH,20,300.000000000,452.760226876,581,367,139,32,25,18,214,581,0,0,0,35.707424458,87.333475957,12.143006401,23.027495371,47.850430859,108.927630784,0.000000000,0.000000000,0.000000000,82.668612677,143.745812602,0.874936313,0.926784391,214,0.368330465,152.760226876,true,COMPLETE,0,300,439.760226876,546,558,139,36,164,14140.8937694,3358.35470915,17499.2484786,47.1363125647,11.1945156972,58.3308282618
1.0,OP_AVAIL_EXACT95_HIGH_CAPACITY_AVAIL_JOINT_MINUS_4_MINUS_3,dc4a91ba879f2f54ce9baa11f589bf64abfe8cebb9ad907b6d1711f7bbb179ff,TASK3_OPERATIONAL_POOLED_V1,CAPACITY_AVAIL_JOINT_MINUS_4_MINUS_3,LOCAL_WINDOW_HPP_EXACT95_HIGH,21,300.000000000,435.921765988,556,370,112,32,24,18,186,556,0,0,0,34.581572423,70.175426861,12.339196330,22.944791952,46.920768753,93.451283060,0.000000000,0.000000000,0.000000000,81.738950571,128.269464878,0.869630605,0.921164270,186,0.334532374,135.921765988,true,COMPLETE,0,300,422.921765988,524,530,114,38,140,14853.5067485,3646.70034426,18500.2070928,49.5116891617,12.1556678142,61.6673569759
1.0,OP_AVAIL_EXACT95_HIGH_CAPACITY_AVAIL_JOINT_MINUS_4_MINUS_3,dc4a91ba879f2f54ce9baa11f589bf64abfe8cebb9ad907b6d1711f7bbb179ff,TASK3_OPERATIONAL_POOLED_V1,CAPACITY_AVAIL_JOINT_MINUS_4_MINUS_3,LOCAL_WINDOW_HPP_EXACT95_HIGH,22,300.000000000,422.071730585,537,366,92,32,29,18,171,537,0,0,0,33.528782566,62.170099127,12.012016177,22.466552471,45.540798743,83.957276029,0.000000000,0.000000000,0.000000000,80.358980561,118.775457847,0.867474264,0.918880146,171,0.318435754,122.071730585,true,COMPLETE,0,300,409.071730585,505,516,98,37,121,14849.2075226,3637.93868242,18487.1462051,49.4973584088,12.1264622747,61.6238206835
1.0,OP_AVAIL_EXACT95_HIGH_CAPACITY_AVAIL_JOINT_MINUS_4_MINUS_3,dc4a91ba879f2f54ce9baa11f589bf64abfe8cebb9ad907b6d1711f7bbb179ff,TASK3_OPERATIONAL_POOLED_V1,CAPACITY_AVAIL_JOINT_MINUS_4_MINUS_3,LOCAL_WINDOW_HPP_EXACT95_HIGH,23,300.000000000,450.426869897,576,366,136,32,24,18,210,576,0,0,0,39.636217580,89.035254958,12.041840600,22.771385486,51.678058180,112.110534715,0.000000000,0.000000000,0.000000000,86.496239998,146.928716533,0.871900188,0.923568348,210,0.364583333,150.426869897,true,COMPLETE,0,300,437.426869897,544,556,136,36,162,16496.492509,3319.05829926,19815.5508083,54.9883083635,11.0635276642,66.0518360277
1.0,OP_AVAIL_EXACT95_HIGH_CAPACITY_AVAIL_JOINT_MINUS_4_MINUS_3,dc4a91ba879f2f54ce9baa11f589bf64abfe8cebb9ad907b6d1711f7bbb179ff,TASK3_OPERATIONAL_POOLED_V1,CAPACITY_AVAIL_JOINT_MINUS_4_MINUS_3,LOCAL_WINDOW_HPP_EXACT95_HIGH,24,300.000000000,441.731040129,565,370,117,32,28,18,195,565,0,0,0,42.499453178,77.721651973,13.456304254,24.496129576,55.955757432,100.036262599,0.000000000,0.000000000,0.000000000,90.773939250,134.854444417,0.872085585,0.923764731,195,0.345132743,141.731040129,true,COMPLETE,0,300,428.731040129,533,539,119,40,147,19033.2552868,4047.46276291,23080.7180497,63.4441842894,13.491542543,76.9357268325
1.0,OP_AVAIL_EXACT95_HIGH_CAPACITY_AVAIL_JOINT_MINUS_4_MINUS_3,dc4a91ba879f2f54ce9baa11f589bf64abfe8cebb9ad907b6d1711f7bbb179ff,TASK3_OPERATIONAL_POOLED_V1,CAPACITY_AVAIL_JOINT_MINUS_4_MINUS_3,LOCAL_WINDOW_HPP_EXACT95_HIGH,25,300.000000000,418.116416487,530,367,85,32,28,18,163,530,0,0,0,30.134035196,56.982953181,11.695011526,21.568198787,41.829046723,79.084256788,0.000000000,0.000000000,0.000000000,76.647228541,113.902438606,0.864265602,0.915481341,163,0.307547170,118.116416487,true,COMPLETE,0,300,405.116416487,498,506,90,36,113,13314.5340208,3589.5226876,16904.0567084,44.3817800693,11.9650756253,56.3468556946
1.0,OP_AVAIL_EXACT95_HIGH_CAPACITY_AVAIL_JOINT_MINUS_4_MINUS_3,dc4a91ba879f2f54ce9baa11f589bf64abfe8cebb9ad907b6d1711f7bbb179ff,TASK3_OPERATIONAL_POOLED_V1,CAPACITY_AVAIL_JOINT_MINUS_4_MINUS_3,LOCAL_WINDOW_HPP_EXACT95_HIGH,26,300.000000000,454.939881042,582,368,134,32,30,18,214,582,0,0,0,51.375330283,88.752008605,14.518500469,26.855164189,65.893830752,113.135833170,0.000000000,0.000000000,0.000000000,100.712012570,147.954014988,0.872243121,0.923931603,214,0.367697595,154.939881042,true,COMPLETE,0,300,441.939881042,550,558,141,45,165,23435.8435137,4321.64442386,27757.4879376,78.1194783791,14.4054814129,92.5249597919
1.0,OP_AVAIL_EXACT95_HIGH_CAPACITY_AVAIL_JOINT_MINUS_4_MINUS_3,dc4a91ba879f2f54ce9baa11f589bf64abfe8cebb9ad907b6d1711f7bbb179ff,TASK3_OPERATIONAL_POOLED_V1,CAPACITY_AVAIL_JOINT_MINUS_4_MINUS_3,LOCAL_WINDOW_HPP_EXACT95_HIGH,27,300.000000000,441.055812430,563,368,122,32,23,18,195,563,0,0,0,43.755595047,76.982463771,11.451733346,21.681014387,55.207328393,98.615003255,0.000000000,0.000000000,0.000000000,90.025510211,133.433185073,0.870328937,0.921903985,195,0.346358792,141.055812430,true,COMPLETE,0,300,428.05581243,531,542,125,35,148,19523.6722754,3211.46059686,22735.1328723,65.0789075848,10.7048686562,75.783776241
1.0,OP_AVAIL_EXACT95_HIGH_CAPACITY_AVAIL_JOINT_MINUS_4_MINUS_3,dc4a91ba879f2f54ce9baa11f589bf64abfe8cebb9ad907b6d1711f7bbb179ff,TASK3_OPERATIONAL_POOLED_V1,CAPACITY_AVAIL_JOINT_MINUS_4_MINUS_3,LOCAL_WINDOW_HPP_EXACT95_HIGH,28,300.000000000,448.475815200,575,370,131,32,24,18,205,575,0,0,0,37.321489793,85.489410831,12.760678607,23.672661518,50.082168401,107.076513077,0.000000000,0.000000000,0.000000000,84.900350219,141.894694895,0.874173013,0.925975858,205,0.356521739,148.475815200,true,COMPLETE,0,300,435.4758152,521,549,132,38,160,15532.6128406,3667.31822494,19199.9310656,51.7753761354,12.2243940831,63.9997702185
1.0,OP_AVAIL_EXACT95_HIGH_CAPACITY_AVAIL_JOINT_MINUS_4_MINUS_3,dc4a91ba879f2f54ce9baa11f589bf64abfe8cebb9ad907b6d1711f7bbb179ff,TASK3_OPERATIONAL_POOLED_V1,CAPACITY_AVAIL_JOINT_MINUS_4_MINUS_3,LOCAL_WINDOW_HPP_EXACT95_HIGH,29,300.000000000,403.394738619,513,370,72,32,21,18,143,513,0,0,0,28.137242254,49.836119783,10.646823084,20.001431453,38.784065337,69.728239550,0.000000000,0.000000000,0.000000000,73.602247155,104.546421368,0.867073102,0.918455212,143,0.278752437,103.394738619,true,COMPLETE,0,300,390.394738619,481,483,78,33,100,12675.4431212,3299.65513518,15975.0982564,42.2514770707,10.9988504506,53.2503275214
1.0,OP_AVAIL_EXACT95_HIGH_CAPACITY_AVAIL_JOINT_MINUS_4_MINUS_3,dc4a91ba879f2f54ce9baa11f589bf64abfe8cebb9ad907b6d1711f7bbb179ff,TASK3_OPERATIONAL_POOLED_V1,CAPACITY_AVAIL_JOINT_MINUS_4_MINUS_3,LOCAL_WINDOW_HPP_EXACT95_HIGH,30,300.000000000,461.107742357,591,367,151,32,23,18,224,591,0,0,0,46.420239608,96.171259490,11.921690266,23.204315398,58.341929874,117.853833243,0.000000000,0.000000000,0.000000000,93.160111692,152.672015061,0.873883712,0.925669413,224,0.379018613,161.107742357,true,COMPLETE,0,300,448.107742357,559,561,152,36,175,19756.1399316,3182.04411225,22938.1840438,65.8537997719,10.6068137075,76.4606134794
1.0,OP_AVAIL_EXACT95_HIGH_CAPACITY_AVAIL_JOINT_MINUS_4_MINUS_3,dc4a91ba879f2f54ce9baa11f589bf64abfe8cebb9ad907b6d1711f7bbb179ff,TASK3_OPERATIONAL_POOLED_V1,CAPACITY_AVAIL_JOINT_MINUS_4_MINUS_3,LOCAL_WINDOW_HPP_EXACT95_HIGH,31,300.000000000,469.933528267,606,370,158,32,28,18,236,606,0,0,0,55.094703829,103.872889878,14.737838424,27.492977296,69.832542252,130.060825772,0.000000000,0.000000000,0.000000000,104.650724070,164.879007590,0.879234601,0.931337392,236,0.389438944,169.933528267,true,COMPLETE,0,300,456.933528267,574,580,163,46,190,24574.9182553,4218.50181954,28793.4200748,81.9163941842,14.0616727318,95.978066916
1.0,OP_AVAIL_EXACT95_HIGH_CAPACITY_AVAIL_JOINT_MINUS_4_MINUS_3,dc4a91ba879f2f54ce9baa11f589bf64abfe8cebb9ad907b6d1711f7bbb179ff,TASK3_OPERATIONAL_POOLED_V1,CAPACITY_AVAIL_JOINT_MINUS_4_MINUS_3,LOCAL_WINDOW_HPP_EXACT95_HIGH,32,300.000000000,430.768737775,551,370,103,32,28,18,181,551,0,0,0,39.540531906,69.032323148,13.610252599,25.183611293,53.150784505,91.608945904,0.000000000,0.000000000,0.000000000,87.968966323,126.427127722,0.872119505,0.923800660,181,0.328493648,130.768737775,true,COMPLETE,0,300,417.768737775,519,525,108,39,133,17932.9216907,4224.05256001,22156.9742507,59.7764056356,14.0801752,73.8565808356
1.0,OP_AVAIL_EXACT95_HIGH_CAPACITY_AVAIL_JOINT_MINUS_4_MINUS_3,dc4a91ba879f2f54ce9baa11f589bf64abfe8cebb9ad907b6d1711f7bbb179ff,TASK3_OPERATIONAL_POOLED_V1,CAPACITY_AVAIL_JOINT_MINUS_4_MINUS_3,LOCAL_WINDOW_HPP_EXACT95_HIGH,33,300.000000000,447.954020490,573,368,130,32,25,18,205,573,0,0,0,39.665772268,85.658009001,12.434038563,23.357960243,52.099810831,107.294543723,0.000000000,0.000000000,0.000000000,86.917992649,142.112725541,0.872147141,0.923829934,205,0.357766143,147.954020490,true,COMPLETE,0,300,434.95402049,541,551,133,37,159,16886.1616224,3536.19401771,20422.3556401,56.287205408,11.7873133924,68.0745188003
1.0,OP_AVAIL_EXACT95_HIGH_CAPACITY_AVAIL_JOINT_MINUS_4_MINUS_3,dc4a91ba879f2f54ce9baa11f589bf64abfe8cebb9ad907b6d1711f7bbb179ff,TASK3_OPERATIONAL_POOLED_V1,CAPACITY_AVAIL_JOINT_MINUS_4_MINUS_3,LOCAL_WINDOW_HPP_EXACT95_HIGH,34,300.000000000,457.128176487,587,368,139,32,30,18,219,587,0,0,0,47.771710646,94.087558582,13.919105597,25.889540678,61.690816243,118.541790184,0.000000000,0.000000000,0.000000000,96.508998061,153.359972002,0.875525276,0.927408255,219,0.373083475,157.128176487,true,COMPLETE,0,300,444.128176487,555,564,147,40,169,21030.3437716,4045.35887355,25075.7026452,70.1011459054,13.4845295785,83.5856754839
1.0,OP_AVAIL_EXACT95_HIGH_CAPACITY_AVAIL_JOINT_MINUS_4_MINUS_3,dc4a91ba879f2f54ce9baa11f589bf64abfe8cebb9ad907b6d1711f7bbb179ff,TASK3_OPERATIONAL_POOLED_V1,CAPACITY_AVAIL_JOINT_MINUS_4_MINUS_3,LOCAL_WINDOW_HPP_EXACT95_HIGH,35,300.000000000,429.619430736,548,369,102,32,27,18,179,548,0,0,0,30.768388468,67.294854515,12.493728739,23.325577331,43.262117207,89.156183996,0.000000000,0.000000000,0.000000000,78.080299025,123.974365814,0.869691492,0.921228765,179,0.326642336,129.619430736,true,COMPLETE,0,300,416.619430736,516,522,104,38,132,13127.9478505,3783.43763536,16911.3854859,43.7598261684,12.6114587845,56.3712849529
1.0,OP_AVAIL_EXACT95_HIGH_CAPACITY_AVAIL_JOINT_MINUS_4_MINUS_3,dc4a91ba879f2f54ce9baa11f589bf64abfe8cebb9ad907b6d1711f7bbb179ff,TASK3_OPERATIONAL_POOLED_V1,CAPACITY_AVAIL_JOINT_MINUS_4_MINUS_3,LOCAL_WINDOW_HPP_EXACT95_HIGH,36,300.000000000,443.417306464,567,367,126,32,24,18,200,567,0,0,0,40.641971077,83.266058250,12.086276348,22.689158752,52.728247424,105.626056796,0.000000000,0.000000000,0.000000000,87.546429242,140.444238614,0.871844431,0.923509286,200,0.352733686,143.417306464,true,COMPLETE,0,300,430.417306464,530,544,128,35,152,17633.1870438,3436.21612299,21069.4031668,58.777290146,11.4540537433,70.2313438893
1.0,OP_AVAIL_EXACT95_HIGH_CAPACITY_AVAIL_JOINT_MINUS_4_MINUS_3,dc4a91ba879f2f54ce9baa11f589bf64abfe8cebb9ad907b6d1711f7bbb179ff,TASK3_OPERATIONAL_POOLED_V1,CAPACITY_AVAIL_JOINT_MINUS_4_MINUS_3,LOCAL_WINDOW_HPP_EXACT95_HIGH,37,300.000000000,435.576234927,556,368,117,32,21,18,188,556,0,0,0,37.362355580,78.650720658,11.221173118,21.477300731,48.583528698,100.534400725,0.000000000,0.000000000,0.000000000,83.401710516,135.352582543,0.870320460,0.921895006,188,0.338129496,135.576234927,true,COMPLETE,0,300,422.576234927,524,532,121,35,142,16227.1945772,3167.17174187,19394.366319,54.0906485906,10.5572391396,64.6478877302
1.0,OP_AVAIL_EXACT95_HIGH_CAPACITY_AVAIL_JOINT_MINUS_4_MINUS_3,dc4a91ba879f2f54ce9baa11f589bf64abfe8cebb9ad907b6d1711f7bbb179ff,TASK3_OPERATIONAL_POOLED_V1,CAPACITY_AVAIL_JOINT_MINUS_4_MINUS_3,LOCAL_WINDOW_HPP_EXACT95_HIGH,38,300.000000000,432.379357627,550,364,114,32,22,18,186,550,0,0,0,39.449944730,75.318312990,10.225548221,20.000783100,49.675492951,94.388162623,0.000000000,0.000000000,0.000000000,84.493674769,129.206344441,0.867293948,0.918689145,186,0.338181818,132.379357627,true,COMPLETE,0,300,419.379357627,489,506,118,35,137,17363.6115258,2784.17857289,20147.7900987,57.8787050861,9.28059524297,67.1593003291
1.0,OP_AVAIL_EXACT95_HIGH_CAPACITY_AVAIL_JOINT_MINUS_4_MINUS_3,dc4a91ba879f2f54ce9baa11f589bf64abfe8cebb9ad907b6d1711f7bbb179ff,TASK3_OPERATIONAL_POOLED_V1,CAPACITY_AVAIL_JOINT_MINUS_4_MINUS_3,LOCAL_WINDOW_HPP_EXACT95_HIGH,39,300.000000000,454.927267320,581,368,136,32,27,18,213,581,0,0,0,44.643450886,89.437888272,12.720868678,23.524584265,57.364319564,114.277689574,0.000000000,0.000000000,0.000000000,92.182501382,149.095871392,0.870768565,0.922369665,213,0.366609294,154.927267320,true,COMPLETE,0,300,441.92726732,549,558,142,37,164,19348.8698039,3585.46174877,22934.3315527,64.4962326797,11.9515391626,76.4477718423
1.0,OP_AVAIL_EXACT95_HIGH_CAPACITY_AVAIL_JOINT_MINUS_4_MINUS_3,dc4a91ba879f2f54ce9baa11f589bf64abfe8cebb9ad907b6d1711f7bbb179ff,TASK3_OPERATIONAL_POOLED_V1,CAPACITY_AVAIL_JOINT_MINUS_4_MINUS_3,LOCAL_WINDOW_HPP_EXACT95_HIGH,40,300.000000000,465.401683575,596,369,154,32,23,18,227,596,0,0,0,48.047710797,99.119881047,12.153769135,23.272727276,60.201479932,121.299926564,0.000000000,0.000000000,0.000000000,95.019661750,156.118108382,0.873146039,0.924888026,227,0.380872483,165.401683575,true,COMPLETE,0,300,452.401683575,564,573,155,36,178,20416.0250337,3225.17711914,23641.2021529,68.0534167791,10.7505903971,78.8040071762
1.0,OP_AVAIL_EXACT95_HIGH_CAPACITY_AVAIL_JOINT_MINUS_4_MINUS_3,dc4a91ba879f2f54ce9baa11f589bf64abfe8cebb9ad907b6d1711f7bbb179ff,TASK3_OPERATIONAL_POOLED_V1,CAPACITY_AVAIL_JOINT_MINUS_4_MINUS_3,LOCAL_WINDOW_HPP_EXACT95_HIGH,41,300.000000000,439.910128993,562,369,115,32,28,18,193,562,0,0,0,40.306225365,79.529454958,13.039003744,24.140514261,53.345229109,103.013795479,0.000000000,0.000000000,0.000000000,88.163410927,137.831977297,0.871045682,0.922663204,193,0.343416370,139.910128993,true,COMPLETE,0,300,426.910128993,518,537,124,39,147,17884.2610483,3904.88177924,21789.1428275,59.6142034943,13.0162725975,72.6304760918
1.0,OP_AVAIL_EXACT95_HIGH_CAPACITY_AVAIL_JOINT_MINUS_4_MINUS_3,dc4a91ba879f2f54ce9baa11f589bf64abfe8cebb9ad907b6d1711f7bbb179ff,TASK3_OPERATIONAL_POOLED_V1,CAPACITY_AVAIL_JOINT_MINUS_4_MINUS_3,LOCAL_WINDOW_HPP_EXACT95_HIGH,42,300.000000000,461.011516581,591,368,146,32,27,18,223,591,0,0,0,51.752962052,95.998791083,12.595222011,23.280237240,64.348184063,119.848355250,0.000000000,0.000000000,0.000000000,99.166365881,154.666537068,0.874066115,0.925862626,223,0.377326565,161.011516581,true,COMPLETE,0,300,448.011516581,559,568,149,36,174,23001.9370787,3461.24913666,26463.1862153,76.6731235955,11.5374971222,88.2106207177
1.0,OP_AVAIL_EXACT95_HIGH_CAPACITY_AVAIL_JOINT_MINUS_4_MINUS_3,dc4a91ba879f2f54ce9baa11f589bf64abfe8cebb9ad907b6d1711f7bbb179ff,TASK3_OPERATIONAL_POOLED_V1,CAPACITY_AVAIL_JOINT_MINUS_4_MINUS_3,LOCAL_WINDOW_HPP_EXACT95_HIGH,43,300.000000000,440.231839824,562,370,118,32,24,18,192,562,0,0,0,41.145161188,76.553857290,11.632673769,21.883198888,52.777834957,98.378725866,0.000000000,0.000000000,0.000000000,87.596016775,133.196907684,0.870409142,0.921988943,192,0.341637011,140.231839824,true,COMPLETE,0,300,427.231839824,523,533,119,36,144,18216.5628331,3316.49435374,21533.0571868,60.7218761103,11.0549811791,71.7768572895
1.0,OP_AVAIL_EXACT95_HIGH_CAPACITY_AVAIL_JOINT_MINUS_4_MINUS_3,dc4a91ba879f2f54ce9baa11f589bf64abfe8cebb9ad907b6d1711f7bbb179ff,TASK3_OPERATIONAL_POOLED_V1,CAPACITY_AVAIL_JOINT_MINUS_4_MINUS_3,LOCAL_WINDOW_HPP_EXACT95_HIGH,44,300.000000000,461.379238512,591,365,153,32,23,18,226,591,0,0,0,46.891967653,99.018230971,12.009938569,23.116353690,58.901906222,122.035969517,0.000000000,0.000000000,0.000000000,93.720088040,156.854151335,0.873369480,0.925124708,226,0.382402707,161.379238512,true,COMPLETE,0,300,448.379238512,559,572,153,35,176,19791.7786486,3177.68013828,22969.4587869,65.9725954953,10.5922671276,76.5648626228
1.0,OP_AVAIL_EXACT95_HIGH_CAPACITY_AVAIL_JOINT_MINUS_4_MINUS_3,dc4a91ba879f2f54ce9baa11f589bf64abfe8cebb9ad907b6d1711f7bbb179ff,TASK3_OPERATIONAL_POOLED_V1,CAPACITY_AVAIL_JOINT_MINUS_4_MINUS_3,LOCAL_WINDOW_HPP_EXACT95_HIGH,45,300.000000000,473.880615718,609,369,162,32,28,18,240,609,0,0,0,53.375822809,108.410699969,13.572737604,25.230688965,66.948560413,131.683427245,0.000000000,0.000000000,0.000000000,101.766742231,166.501609063,0.876227596,0.928152194,240,0.394088670,173.880615718,true,COMPLETE,0,300,460.880615718,577,584,164,40,192,23085.6473545,3702.32570568,26787.9730602,76.9521578483,12.3410856856,89.2932435339
1.0,OP_AVAIL_EXACT95_HIGH_CAPACITY_AVAIL_JOINT_MINUS_4_MINUS_3,dc4a91ba879f2f54ce9baa11f589bf64abfe8cebb9ad907b6d1711f7bbb179ff,TASK3_OPERATIONAL_POOLED_V1,CAPACITY_AVAIL_JOINT_MINUS_4_MINUS_3,LOCAL_WINDOW_HPP_EXACT95_HIGH,46,300.000000000,443.318935807,564,365,116,32,33,18,199,564,0,0,0,38.744401710,81.626463289,13.658807340,25.124208639,52.403209049,103.827806952,0.000000000,0.000000000,0.000000000,87.221390867,138.645988770,0.867423932,0.918826832,199,0.352836879,143.318935807,true,COMPLETE,0,300,430.318935807,532,540,125,42,151,16747.2775418,4090.8249862,20838.102528,55.8242584727,13.6360832873,69.46034176
1.0,OP_AVAIL_EXACT95_HIGH_CAPACITY_AVAIL_JOINT_MINUS_4_MINUS_3,dc4a91ba879f2f54ce9baa11f589bf64abfe8cebb9ad907b6d1711f7bbb179ff,TASK3_OPERATIONAL_POOLED_V1,CAPACITY_AVAIL_JOINT_MINUS_4_MINUS_3,LOCAL_WINDOW_HPP_EXACT95_HIGH,47,300.000000000,409.445476927,521,370,75,32,26,18,151,521,0,0,0,23.397261913,51.734930419,11.342675031,21.435318246,34.739936944,73.056248316,0.000000000,0.000000000,0.000000000,69.558118762,107.874430134,0.867581382,0.918993612,151,0.289827255,109.445476927,true,COMPLETE,0,300,396.445476927,489,495,81,34,107,10095.5199765,3538.22612309,13633.7460996,33.651733255,11.794087077,45.445820332
1.0,OP_AVAIL_EXACT95_HIGH_CAPACITY_AVAIL_JOINT_MINUS_4_MINUS_3,dc4a91ba879f2f54ce9baa11f589bf64abfe8cebb9ad907b6d1711f7bbb179ff,TASK3_OPERATIONAL_POOLED_V1,CAPACITY_AVAIL_JOINT_MINUS_4_MINUS_3,LOCAL_WINDOW_HPP_EXACT95_HIGH,48,300.000000000,429.236886788,548,369,106,32,23,18,179,548,0,0,0,38.759109671,71.187201041,11.323260327,21.610428873,50.082369998,93.106553900,0.000000000,0.000000000,0.000000000,84.900551816,127.924735718,0.870466577,0.922049782,179,0.326642336,129.236886788,true,COMPLETE,0,300,416.236886788,516,525,111,34,133,17317.8854321,3273.74770051,20591.6331326,57.7262847736,10.912492335,68.6387771086
1.0,OP_AVAIL_EXACT95_HIGH_CAPACITY_AVAIL_JOINT_MINUS_4_MINUS_3,dc4a91ba879f2f54ce9baa11f589bf64abfe8cebb9ad907b6d1711f7bbb179ff,TASK3_OPERATIONAL_POOLED_V1,CAPACITY_AVAIL_JOINT_MINUS_4_MINUS_3,LOCAL_WINDOW_HPP_EXACT95_HIGH,49,300.000000000,444.805295452,569,369,124,32,26,18,200,569,0,0,0,45.981380264,82.299809940,12.586170815,23.377407647,58.567551079,103.843073278,0.000000000,0.000000000,0.000000000,93.385732897,138.661255096,0.872189584,0.923874892,200,0.351493849,144.805295452,true,COMPLETE,0,300,431.805295452,537,547,124,37,150,20718.8999569,3642.02203384,24360.9219908,69.0629998564,12.1400734461,81.2030733026
1.0,OP_AVAIL_EXACT95_HIGH_CAPACITY_AVAIL_JOINT_MINUS_4_MINUS_3,dc4a91ba879f2f54ce9baa11f589bf64abfe8cebb9ad907b6d1711f7bbb179ff,TASK3_OPERATIONAL_POOLED_V1,CAPACITY_AVAIL_JOINT_MINUS_4_MINUS_3,LOCAL_WINDOW_HPP_EXACT95_HIGH,50,300.000000000,458.485612709,589,370,141,32,28,18,219,589,0,0,0,44.385215280,92.221830832,14.501728781,26.610451266,58.886944061,118.360300428,0.000000000,0.000000000,0.000000000,93.705125879,153.178482246,0.875907330,0.927812950,219,0.371816638,158.485612709,true,COMPLETE,0,300,445.485612709,557,563,143,41,174,19007.2405477,4270.80417548,23278.0447231,63.3574684922,14.2360139183,77.5934824105
1.0,OP_AVAIL_EXACT95_LOW_CAPACITY_AVAIL_SEVERE_JOINT_30_17,81780aaca4c91f52a7bd742048fa471e5f30c577c67881ba50fbd8b7f3cfb3f3,TASK3_OPERATIONAL_POOLED_V1,CAPACITY_AVAIL_SEVERE_JOINT_30_17,LOCAL_WINDOW_HPP_EXACT95_LOW,1,300.000000000,333.378284734,313,277,0,22,0,14,36,313,0,0,0,0.067198823,0.000000000,0.198567889,1.649433408,0.265766712,2.637833767,0.000000000,0.000000000,0.000000000,35.083948530,37.456015585,0.682817010,0.717962003,36,0.115015974,33.378284734,true,COMPLETE,0,300,320.378284734,12,39,4,8,8,21.033231566,62.144713957,83.177945523,0.0701107718867,0.207149046523,0.27725981841
1.0,OP_AVAIL_EXACT95_LOW_CAPACITY_AVAIL_SEVERE_JOINT_30_17,81780aaca4c91f52a7bd742048fa471e5f30c577c67881ba50fbd8b7f3cfb3f3,TASK3_OPERATIONAL_POOLED_V1,CAPACITY_AVAIL_SEVERE_JOINT_30_17,LOCAL_WINDOW_HPP_EXACT95_LOW,2,300.000000000,332.283944051,299,263,0,20,0,16,36,299,0,0,0,0.000000000,0.000000000,0.125041947,1.064845499,0.125041947,1.064845499,0.000000000,0.000000000,0.000000000,34.943223765,35.883027317,0.654423873,0.688107454,36,0.120401338,32.283944051,true,COMPLETE,0,300,319.283944051,0,34,0,5,5,0,37.352705271,37.352705271,0,0.12450901757,0.12450901757
1.0,OP_AVAIL_EXACT95_LOW_CAPACITY_AVAIL_SEVERE_JOINT_30_17,81780aaca4c91f52a7bd742048fa471e5f30c577c67881ba50fbd8b7f3cfb3f3,TASK3_OPERATIONAL_POOLED_V1,CAPACITY_AVAIL_SEVERE_JOINT_30_17,LOCAL_WINDOW_HPP_EXACT95_LOW,3,300.000000000,334.763588245,285,251,0,27,0,7,34,285,0,0,0,0.269998723,2.311199420,0.661971826,3.699182788,0.931970549,4.818278657,0.000000000,0.000000000,0.000000000,35.750152367,39.636460475,0.619161505,0.651030112,34,0.119298246,34.763588245,true,COMPLETE,0,300,321.763588245,33,78,8,10,10,76.949636176,176.090936847,253.040573023,0.256498787253,0.58696978949,0.843468576743
1.0,OP_AVAIL_EXACT95_LOW_CAPACITY_AVAIL_SEVERE_JOINT_30_17,81780aaca4c91f52a7bd742048fa471e5f30c577c67881ba50fbd8b7f3cfb3f3,TASK3_OPERATIONAL_POOLED_V1,CAPACITY_AVAIL_SEVERE_JOINT_30_17,LOCAL_WINDOW_HPP_EXACT95_LOW,4,300.000000000,334.214032222,293,254,0,27,0,12,39,293,0,0,0,0.002969327,0.000000000,0.201257558,2.023381399,0.204226885,2.042748728,0.000000000,0.000000000,0.000000000,35.022408703,36.860930546,0.637588158,0.670405195,39,0.133105802,34.214032222,true,COMPLETE,0,300,321.214032222,2,38,2,4,4,0.87001279,46.5965782,47.46659099,0.00290004263333,0.155321927333,0.158221969967
1.0,OP_AVAIL_EXACT95_LOW_CAPACITY_AVAIL_SEVERE_JOINT_30_17,81780aaca4c91f52a7bd742048fa471e5f30c577c67881ba50fbd8b7f3cfb3f3,TASK3_OPERATIONAL_POOLED_V1,CAPACITY_AVAIL_SEVERE_JOINT_30_17,LOCAL_WINDOW_HPP_EXACT95_LOW,5,300.000000000,333.398993631,289,253,0,23,0,13,36,289,0,0,0,0.002180620,0.000000000,0.126717886,0.672901737,0.128898506,0.672901737,0.000000000,0.000000000,0.000000000,34.947080324,35.491083555,0.630421274,0.662869427,36,0.124567474,33.398993631,true,COMPLETE,0,300,320.398993631,2,21,1,5,5,0.63019906,34.878500566,35.508699626,0.00210066353333,0.116261668553,0.118362332087
1.0,OP_AVAIL_EXACT95_LOW_CAPACITY_AVAIL_SEVERE_JOINT_30_17,81780aaca4c91f52a7bd742048fa471e5f30c577c67881ba50fbd8b7f3cfb3f3,TASK3_OPERATIONAL_POOLED_V1,CAPACITY_AVAIL_SEVERE_JOINT_30_17,LOCAL_WINDOW_HPP_EXACT95_LOW,6,300.000000000,334.503790859,310,286,0,15,0,9,24,310,0,0,0,0.001727007,0.000000000,0.198807912,1.754868896,0.200534919,1.754868896,0.000000000,0.000000000,0.000000000,35.018716737,36.573050714,0.673996982,0.708688003,24,0.077419355,34.503790859,true,COMPLETE,0,300,321.503790859,2,44,1,5,5,0.535372276,61.630452672,62.165824948,0.00178457425333,0.20543484224,0.207219416493
1.0,OP_AVAIL_EXACT95_LOW_CAPACITY_AVAIL_SEVERE_JOINT_30_17,81780aaca4c91f52a7bd742048fa471e5f30c577c67881ba50fbd8b7f3cfb3f3,TASK3_OPERATIONAL_POOLED_V1,CAPACITY_AVAIL_SEVERE_JOINT_30_17,LOCAL_WINDOW_HPP_EXACT95_LOW,7,300.000000000,334.009467665,254,220,0,19,0,15,34,254,0,0,0,0.000000000,0.000000000,0.020420444,0.000000000,0.020420444,0.000000000,0.000000000,0.000000000,0.000000000,34.838602262,34.818181818,0.553059990,0.581526313,34,0.133858268,34.009467665,true,COMPLETE,0,300,321.009467665,0,6,0,2,2,0,1.908419361,1.908419361,0,0.00636139787,0.00636139787
1.0,OP_AVAIL_EXACT95_LOW_CAPACITY_AVAIL_SEVERE_JOINT_30_17,81780aaca4c91f52a7bd742048fa471e5f30c577c67881ba50fbd8b7f3cfb3f3,TASK3_OPERATIONAL_POOLED_V1,CAPACITY_AVAIL_SEVERE_JOINT_30_17,LOCAL_WINDOW_HPP_EXACT95_LOW,8,300.000000000,335.206263678,279,242,0,26,0,11,37,279,0,0,0,0.000000000,0.000000000,0.087754189,0.385717970,0.087754189,0.385717970,0.000000000,0.000000000,0.000000000,34.905936007,35.203899788,0.605326072,0.636482561,37,0.132616487,35.206263678,true,COMPLETE,0,300,322.206263678,0,20,0,3,3,0,18.621728364,18.621728364,0,0.06207242788,0.06207242788
1.0,OP_AVAIL_EXACT95_LOW_CAPACITY_AVAIL_SEVERE_JOINT_30_17,81780aaca4c91f52a7bd742048fa471e5f30c577c67881ba50fbd8b7f3cfb3f3,TASK3_OPERATIONAL_POOLED_V1,CAPACITY_AVAIL_SEVERE_JOINT_30_17,LOCAL_WINDOW_HPP_EXACT95_LOW,9,300.000000000,334.651209542,271,235,0,22,0,14,36,271,0,0,0,0.012293644,0.000000000,0.115090630,0.000000000,0.127384274,0.000000000,0.000000000,0.000000000,0.000000000,34.945566092,34.818181818,0.588944260,0.619257568,36,0.132841328,34.651209542,true,COMPLETE,0,300,321.651209542,3,12,2,5,5,3.331577448,31.189560851,34.521138299,0.01110525816,0.103965202837,0.115070460997
1.0,OP_AVAIL_EXACT95_LOW_CAPACITY_AVAIL_SEVERE_JOINT_30_17,81780aaca4c91f52a7bd742048fa471e5f30c577c67881ba50fbd8b7f3cfb3f3,TASK3_OPERATIONAL_POOLED_V1,CAPACITY_AVAIL_SEVERE_JOINT_30_17,LOCAL_WINDOW_HPP_EXACT95_LOW,10,300.000000000,333.986965101,321,285,0,22,0,14,36,321,0,0,0,0.110383432,0.821966324,0.387635407,2.448142886,0.498018839,3.148176628,0.000000000,0.000000000,0.000000000,35.316200657,37.966358446,0.698992984,0.734970564,36,0.112149533,33.986965101,true,COMPLETE,0,300,320.986965101,34,68,5,6,6,35.433081531,113.818880451,149.251961982,0.11811027177,0.37939626817,0.49750653994
1.0,OP_AVAIL_EXACT95_LOW_CAPACITY_AVAIL_SEVERE_JOINT_30_17,81780aaca4c91f52a7bd742048fa471e5f30c577c67881ba50fbd8b7f3cfb3f3,TASK3_OPERATIONAL_POOLED_V1,CAPACITY_AVAIL_SEVERE_JOINT_30_17,LOCAL_WINDOW_HPP_EXACT95_LOW,11,300.000000000,334.383425690,276,248,0,19,0,9,28,276,0,0,0,0.000000000,0.000000000,0.025069700,0.000000000,0.025069700,0.000000000,0.000000000,0.000000000,0.000000000,34.843251518,34.818181818,0.600290736,0.631188053,28,0.101449275,34.383425690,true,COMPLETE,0,300,321.38342569,0,8,0,2,2,0,6.919237067,6.919237067,0,0.0230641235567,0.0230641235567
1.0,OP_AVAIL_EXACT95_LOW_CAPACITY_AVAIL_SEVERE_JOINT_30_17,81780aaca4c91f52a7bd742048fa471e5f30c577c67881ba50fbd8b7f3cfb3f3,TASK3_OPERATIONAL_POOLED_V1,CAPACITY_AVAIL_SEVERE_JOINT_30_17,LOCAL_WINDOW_HPP_EXACT95_LOW,12,300.000000000,338.053368109,299,251,3,30,0,15,48,299,0,0,0,0.161473533,1.347191325,0.223817023,1.977975165,0.385290555,3.402733227,0.000000000,0.000000000,0.000000000,35.203472373,38.220915045,0.643255077,0.676363795,48,0.160535117,38.053368109,true,COMPLETE,0,300,325.053368109,32,44,5,5,5,42.986687534,38.717853912,81.704541446,0.143288958447,0.12905951304,0.272348471487
1.0,OP_AVAIL_EXACT95_LOW_CAPACITY_AVAIL_SEVERE_JOINT_30_17,81780aaca4c91f52a7bd742048fa471e5f30c577c67881ba50fbd8b7f3cfb3f3,TASK3_OPERATIONAL_POOLED_V1,CAPACITY_AVAIL_SEVERE_JOINT_30_17,LOCAL_WINDOW_HPP_EXACT95_LOW,13,300.000000000,334.664495631,286,256,0,19,0,11,30,286,0,0,0,0.000000000,0.000000000,0.037102799,0.000000000,0.037102799,0.000000000,0.000000000,0.000000000,0.000000000,34.855284617,34.818181818,0.621517976,0.653507872,30,0.104895105,34.664495631,true,COMPLETE,0,300,321.664495631,0,12,0,3,3,0,10.611400657,10.611400657,0,0.0353713355233,0.0353713355233
1.0,OP_AVAIL_EXACT95_LOW_CAPACITY_AVAIL_SEVERE_JOINT_30_17,81780aaca4c91f52a7bd742048fa471e5f30c577c67881ba50fbd8b7f3cfb3f3,TASK3_OPERATIONAL_POOLED_V1,CAPACITY_AVAIL_SEVERE_JOINT_30_17,LOCAL_WINDOW_HPP_EXACT95_LOW,14,300.000000000,334.504039286,264,224,0,27,0,13,40,264,0,0,0,0.013095851,0.000000000,0.150222763,1.384855031,0.163318614,1.588364765,0.000000000,0.000000000,0.000000000,34.981500432,36.406546583,0.573984100,0.603527399,40,0.151515152,34.504039286,true,COMPLETE,0,300,321.504039286,5,32,2,4,4,3.457304654,39.658809385,43.116114039,0.0115243488467,0.132196031283,0.14372038013
1.0,OP_AVAIL_EXACT95_LOW_CAPACITY_AVAIL_SEVERE_JOINT_30_17,81780aaca4c91f52a7bd742048fa471e5f30c577c67881ba50fbd8b7f3cfb3f3,TASK3_OPERATIONAL_POOLED_V1,CAPACITY_AVAIL_SEVERE_JOINT_30_17,LOCAL_WINDOW_HPP_EXACT95_LOW,15,300.000000000,334.767924815,296,263,0,21,0,12,33,296,0,0,0,0.030828098,0.000000000,0.255848889,2.153227423,0.286676986,2.248299183,0.000000000,0.000000000,0.000000000,35.104858804,37.066481001,0.643050637,0.676148831,33,0.111486486,34.767924815,true,COMPLETE,0,300,321.767924815,12,51,3,5,5,9.125116867,75.731271065,84.856387932,0.0304170562233,0.252437570217,0.28285462644
1.0,OP_AVAIL_EXACT95_LOW_CAPACITY_AVAIL_SEVERE_JOINT_30_17,81780aaca4c91f52a7bd742048fa471e5f30c577c67881ba50fbd8b7f3cfb3f3,TASK3_OPERATIONAL_POOLED_V1,CAPACITY_AVAIL_SEVERE_JOINT_30_17,LOCAL_WINDOW_HPP_EXACT95_LOW,16,300.000000000,334.544973640,278,244,0,26,0,8,34,278,0,0,0,0.000000000,0.000000000,0.029643304,0.000000000,0.029643304,0.000000000,0.000000000,0.000000000,0.000000000,34.847825122,34.818181818,0.604348695,0.635454878,34,0.122302158,34.544973640,true,COMPLETE,0,300,321.54497364,0,13,0,2,2,0,7.569653075,7.569653075,0,0.0252321769167,0.0252321769167
1.0,OP_AVAIL_EXACT95_LOW_CAPACITY_AVAIL_SEVERE_JOINT_30_17,81780aaca4c91f52a7bd742048fa471e5f30c577c67881ba50fbd8b7f3cfb3f3,TASK3_OPERATIONAL_POOLED_V1,CAPACITY_AVAIL_SEVERE_JOINT_30_17,LOCAL_WINDOW_HPP_EXACT95_LOW,17,300.000000000,336.437182875,310,271,0,28,0,11,39,310,0,0,0,0.601336151,3.740783762,0.664780898,2.805334091,1.266117049,6.254162021,0.000000000,0.000000000,0.000000000,36.084298867,41.072343839,0.670123747,0.704615410,39,0.125806452,36.437182875,true,COMPLETE,0,300,323.437182875,69,115,9,6,9,186.41420691,191.1673997,377.58160661,0.6213806897,0.637224665667,1.25860535537
1.0,OP_AVAIL_EXACT95_LOW_CAPACITY_AVAIL_SEVERE_JOINT_30_17,81780aaca4c91f52a7bd742048fa471e5f30c577c67881ba50fbd8b7f3cfb3f3,TASK3_OPERATIONAL_POOLED_V1,CAPACITY_AVAIL_SEVERE_JOINT_30_17,LOCAL_WINDOW_HPP_EXACT95_LOW,18,300.000000000,333.369913239,298,259,0,20,2,17,39,298,0,0,0,0.000000000,0.000000000,0.048317579,0.237714611,0.048317579,0.237714611,0.000000000,0.000000000,0.000000000,34.866499397,35.055896429,0.650110475,0.683572044,39,0.130872483,33.369913239,true,COMPLETE,0,300,320.369913239,0,19,0,3,3,0,11.837195901,11.837195901,0,0.03945731967,0.03945731967
1.0,OP_AVAIL_EXACT95_LOW_CAPACITY_AVAIL_SEVERE_JOINT_30_17,81780aaca4c91f52a7bd742048fa471e5f30c577c67881ba50fbd8b7f3cfb3f3,TASK3_OPERATIONAL_POOLED_V1,CAPACITY_AVAIL_SEVERE_JOINT_30_17,LOCAL_WINDOW_HPP_EXACT95_LOW,19,300.000000000,334.345704763,272,241,0,25,0,6,31,272,0,0,0,0.000000000,0.000000000,0.089083646,0.442325223,0.089083646,0.442325223,0.000000000,0.000000000,0.000000000,34.907265464,35.260507041,0.591657614,0.622110579,31,0.113970588,34.345704763,true,COMPLETE,0,300,321.345704763,0,20,0,3,3,0,23.713151353,23.713151353,0,0.0790438378433,0.0790438378433
1.0,OP_AVAIL_EXACT95_LOW_CAPACITY_AVAIL_SEVERE_JOINT_30_17,81780aaca4c91f52a7bd742048fa471e5f30c577c67881ba50fbd8b7f3cfb3f3,TASK3_OPERATIONAL_POOLED_V1,CAPACITY_AVAIL_SEVERE_JOINT_30_17,LOCAL_WINDOW_HPP_EXACT95_LOW,20,300.000000000,333.059981036,280,251,0,16,0,13,29,280,0,0,0,0.000000000,0.000000000,0.160644220,1.391513246,0.160644220,1.391513246,0.000000000,0.000000000,0.000000000,34.978826038,36.209695064,0.611410482,0.642880139,29,0.103571429,33.059981036,true,COMPLETE,0,300,320.059981036,0,34,0,4,4,0,44.98038146,44.98038146,0,0.149934604867,0.149934604867
1.0,OP_AVAIL_EXACT95_LOW_CAPACITY_AVAIL_SEVERE_JOINT_30_17,81780aaca4c91f52a7bd742048fa471e5f30c577c67881ba50fbd8b7f3cfb3f3,TASK3_OPERATIONAL_POOLED_V1,CAPACITY_AVAIL_SEVERE_JOINT_30_17,LOCAL_WINDOW_HPP_EXACT95_LOW,21,300.000000000,334.383882730,272,248,0,14,0,10,24,272,0,0,0,0.020871958,0.000000000,0.156377968,1.420386072,0.177249926,1.502996792,0.000000000,0.000000000,0.000000000,34.995431744,36.321178610,0.591590062,0.622039550,24,0.088235294,34.383882730,true,COMPLETE,0,300,321.38388273,7,30,3,5,5,5.67717245,42.534807331,48.211979781,0.0189239081667,0.141782691103,0.16070659927
1.0,OP_AVAIL_EXACT95_LOW_CAPACITY_AVAIL_SEVERE_JOINT_30_17,81780aaca4c91f52a7bd742048fa471e5f30c577c67881ba50fbd8b7f3cfb3f3,TASK3_OPERATIONAL_POOLED_V1,CAPACITY_AVAIL_SEVERE_JOINT_30_17,LOCAL_WINDOW_HPP_EXACT95_LOW,22,300.000000000,338.742073855,312,265,4,30,0,13,47,312,0,0,0,0.239956580,2.428226127,0.430880058,2.696044257,0.670836638,3.988101271,0.000000000,0.000000000,0.000000000,35.489018456,38.806283089,0.669858008,0.704335994,47,0.150641026,38.742073855,true,COMPLETE,0,300,325.742073855,36,80,6,7,7,68.6110866,103.109713502,171.720800102,0.228703622,0.343699045007,0.572402667007
1.0,OP_AVAIL_EXACT95_LOW_CAPACITY_AVAIL_SEVERE_JOINT_30_17,81780aaca4c91f52a7bd742048fa471e5f30c577c67881ba50fbd8b7f3cfb3f3,TASK3_OPERATIONAL_POOLED_V1,CAPACITY_AVAIL_SEVERE_JOINT_30_17,LOCAL_WINDOW_HPP_EXACT95_LOW,23,300.000000000,333.884950245,296,268,0,19,0,9,28,296,0,0,0,0.017608043,0.000000000,0.224226529,1.798923246,0.241834572,2.030611720,0.000000000,0.000000000,0.000000000,35.060016390,36.848793538,0.644751215,0.677936939,28,0.094594595,33.884950245,true,COMPLETE,0,300,320.884950245,5,42,2,5,5,5.211980758,66.371052514,71.583033272,0.0173732691933,0.221236841713,0.238610110907
1.0,OP_AVAIL_EXACT95_LOW_CAPACITY_AVAIL_SEVERE_JOINT_30_17,81780aaca4c91f52a7bd742048fa471e5f30c577c67881ba50fbd8b7f3cfb3f3,TASK3_OPERATIONAL_POOLED_V1,CAPACITY_AVAIL_SEVERE_JOINT_30_17,LOCAL_WINDOW_HPP_EXACT95_LOW,24,300.000000000,336.116740444,299,253,0,30,0,16,46,299,0,0,0,0.010393748,0.000000000,0.123427080,0.787581499,0.133820829,0.928629034,0.000000000,0.000000000,0.000000000,34.952002647,35.746810852,0.646961366,0.680260848,46,0.153846154,36.116740444,true,COMPLETE,0,300,323.116740444,5,39,3,3,3,3.107730799,22.679140111,25.78687091,0.0103591026633,0.0755971337033,0.0859562363667
1.0,OP_AVAIL_EXACT95_LOW_CAPACITY_AVAIL_SEVERE_JOINT_30_17,81780aaca4c91f52a7bd742048fa471e5f30c577c67881ba50fbd8b7f3cfb3f3,TASK3_OPERATIONAL_POOLED_V1,CAPACITY_AVAIL_SEVERE_JOINT_30_17,LOCAL_WINDOW_HPP_EXACT95_LOW,25,300.000000000,333.803665910,291,256,0,24,0,11,35,291,0,0,0,0.017496808,0.000000000,0.076868760,0.596245084,0.094365568,0.596245084,0.000000000,0.000000000,0.000000000,34.912547386,35.414426902,0.634014498,0.666647597,35,0.120274914,33.803665910,true,COMPLETE,0,300,320.80366591,4,24,4,3,4,5.091571027,22.368809191,27.460380218,0.0169719034233,0.0745626973033,0.0915346007267
1.0,OP_AVAIL_EXACT95_LOW_CAPACITY_AVAIL_SEVERE_JOINT_30_17,81780aaca4c91f52a7bd742048fa471e5f30c577c67881ba50fbd8b7f3cfb3f3,TASK3_OPERATIONAL_POOLED_V1,CAPACITY_AVAIL_SEVERE_JOINT_30_17,LOCAL_WINDOW_HPP_EXACT95_LOW,26,300.000000000,334.692628558,273,240,0,20,0,13,33,273,0,0,0,0.000000000,0.000000000,0.103749808,0.822786308,0.103749808,0.822786308,0.000000000,0.000000000,0.000000000,34.921931626,35.640968126,0.593217291,0.623750534,33,0.120879121,34.692628558,true,COMPLETE,0,300,321.692628558,0,18,0,5,5,0,28.323697537,28.323697537,0,0.0944123251233,0.0944123251233
1.0,OP_AVAIL_EXACT95_LOW_CAPACITY_AVAIL_SEVERE_JOINT_30_17,81780aaca4c91f52a7bd742048fa471e5f30c577c67881ba50fbd8b7f3cfb3f3,TASK3_OPERATIONAL_POOLED_V1,CAPACITY_AVAIL_SEVERE_JOINT_30_17,LOCAL_WINDOW_HPP_EXACT95_LOW,27,300.000000000,332.497741530,272,244,0,18,0,10,28,272,0,0,0,0.000000000,0.000000000,0.060202855,0.498108533,0.060202855,0.498108533,0.000000000,0.000000000,0.000000000,34.878384673,35.316290351,0.594945941,0.625568159,28,0.102941176,32.497741530,true,COMPLETE,0,300,319.49774153,0,18,0,4,4,0,16.375176613,16.375176613,0,0.0545839220433,0.0545839220433
1.0,OP_AVAIL_EXACT95_LOW_CAPACITY_AVAIL_SEVERE_JOINT_30_17,81780aaca4c91f52a7bd742048fa471e5f30c577c67881ba50fbd8b7f3cfb3f3,TASK3_OPERATIONAL_POOLED_V1,CAPACITY_AVAIL_SEVERE_JOINT_30_17,LOCAL_WINDOW_HPP_EXACT95_LOW,28,300.000000000,334.557393197,258,233,0,16,0,9,25,258,0,0,0,0.000000000,0.000000000,0.023989881,0.000000000,0.023989881,0.000000000,0.000000000,0.000000000,0.000000000,34.842171699,34.818181818,0.560849551,0.589716807,25,0.096899225,34.557393197,true,COMPLETE,0,300,321.557393197,0,10,0,3,3,0,6.189389364,6.189389364,0,0.02063129788,0.02063129788
1.0,OP_AVAIL_EXACT95_LOW_CAPACITY_AVAIL_SEVERE_JOINT_30_17,81780aaca4c91f52a7bd742048fa471e5f30c577c67881ba50fbd8b7f3cfb3f3,TASK3_OPERATIONAL_POOLED_V1,CAPACITY_AVAIL_SEVERE_JOINT_30_17,LOCAL_WINDOW_HPP_EXACT95_LOW,29,300.000000000,334.055309304,300,264,0,20,0,16,36,300,0,0,0,0.351848635,2.902380236,0.523268736,3.251253319,0.875117371,4.620799662,0.000000000,0.000000000,0.000000000,35.693299189,39.438981480,0.653130820,0.686747848,36,0.120000000,34.055309304,true,COMPLETE,0,300,321.055309304,49,70,7,8,8,105.554590619,156.980620816,262.535211435,0.351848635397,0.523268736053,0.87511737145
1.0,OP_AVAIL_EXACT95_LOW_CAPACITY_AVAIL_SEVERE_JOINT_30_17,81780aaca4c91f52a7bd742048fa471e5f30c577c67881ba50fbd8b7f3cfb3f3,TASK3_OPERATIONAL_POOLED_V1,CAPACITY_AVAIL_SEVERE_JOINT_30_17,LOCAL_WINDOW_HPP_EXACT95_LOW,30,300.000000000,333.547081962,267,232,0,27,0,8,35,267,0,0,0,0.000000000,0.000000000,0.082132827,0.000000000,0.082132827,0.000000000,0.000000000,0.000000000,0.000000000,34.900314645,34.818181818,0.582172139,0.612136882,35,0.131086142,33.547081962,true,COMPLETE,0,300,320.547081962,0,9,0,4,4,0,0,0,0,0,0
1.0,OP_AVAIL_EXACT95_LOW_CAPACITY_AVAIL_SEVERE_JOINT_30_17,81780aaca4c91f52a7bd742048fa471e5f30c577c67881ba50fbd8b7f3cfb3f3,TASK3_OPERATIONAL_POOLED_V1,CAPACITY_AVAIL_SEVERE_JOINT_30_17,LOCAL_WINDOW_HPP_EXACT95_LOW,31,300.000000000,332.500307393,296,270,0,17,0,9,26,296,0,0,0,0.009462906,0.000000000,0.159688721,1.248233617,0.169151627,1.319033224,0.000000000,0.000000000,0.000000000,34.987333445,36.137215042,0.647436175,0.680760096,26,0.087837838,32.500307393,true,COMPLETE,0,300,319.500307393,3,54,2,5,5,2.801020283,47.267861364,50.068881647,0.00933673427667,0.15755953788,0.166896272157
1.0,OP_AVAIL_EXACT95_LOW_CAPACITY_AVAIL_SEVERE_JOINT_30_17,81780aaca4c91f52a7bd742048fa471e5f30c577c67881ba50fbd8b7f3cfb3f3,TASK3_OPERATIONAL_POOLED_V1,CAPACITY_AVAIL_SEVERE_JOINT_30_17,LOCAL_WINDOW_HPP_EXACT95_LOW,32,300.000000000,335.824442622,288,245,0,29,0,14,43,288,0,0,0,0.000748593,0.000000000,0.093737510,0.653438739,0.094486103,0.653438739,0.000000000,0.000000000,0.000000000,34.912667921,35.471620557,0.623702503,0.655804838,43,0.149305556,35.824442622,true,COMPLETE,0,300,322.824442622,2,25,1,3,3,0.215594916,16.195964714,16.41155963,0.00071864972,0.0539865490467,0.0547051987667
1.0,OP_AVAIL_EXACT95_LOW_CAPACITY_AVAIL_SEVERE_JOINT_30_17,81780aaca4c91f52a7bd742048fa471e5f30c577c67881ba50fbd8b7f3cfb3f3,TASK3_OPERATIONAL_POOLED_V1,CAPACITY_AVAIL_SEVERE_JOINT_30_17,LOCAL_WINDOW_HPP_EXACT95_LOW,33,300.000000000,333.353517328,263,238,0,17,0,8,25,263,0,0,0,0.000000000,0.000000000,0.003944375,0.000000000,0.003944375,0.000000000,0.000000000,0.000000000,0.000000000,34.822126193,34.818181818,0.573783438,0.603316409,25,0.095057034,33.353517328,true,COMPLETE,0,300,320.353517328,0,1,0,1,1,0,1.037370739,1.037370739,0,0.00345790246333,0.00345790246333
1.0,OP_AVAIL_EXACT95_LOW_CAPACITY_AVAIL_SEVERE_JOINT_30_17,81780aaca4c91f52a7bd742048fa471e5f30c577c67881ba50fbd8b7f3cfb3f3,TASK3_OPERATIONAL_POOLED_V1,CAPACITY_AVAIL_SEVERE_JOINT_30_17,LOCAL_WINDOW_HPP_EXACT95_LOW,34,300.000000000,333.918653247,282,249,0,15,1,17,33,282,0,0,0,0.008763311,0.000000000,0.226188502,1.639148518,0.234951813,1.910286116,0.000000000,0.000000000,0.000000000,35.053133631,36.728467934,0.614194227,0.645807165,33,0.117021277,33.918653247,true,COMPLETE,0,300,320.918653247,6,44,1,5,5,2.471253799,62.877598641,65.34885244,0.00823751266333,0.20959199547,0.217829508133
1.0,OP_AVAIL_EXACT95_LOW_CAPACITY_AVAIL_SEVERE_JOINT_30_17,81780aaca4c91f52a7bd742048fa471e5f30c577c67881ba50fbd8b7f3cfb3f3,TASK3_OPERATIONAL_POOLED_V1,CAPACITY_AVAIL_SEVERE_JOINT_30_17,LOCAL_WINDOW_HPP_EXACT95_LOW,35,300.000000000,334.031797309,280,251,0,18,0,11,29,280,0,0,0,0.000000000,0.000000000,0.026036488,0.000000000,0.026036488,0.000000000,0.000000000,0.000000000,0.000000000,34.844218306,34.818181818,0.609631674,0.641009774,29,0.103571429,34.031797309,true,COMPLETE,0,300,321.031797309,0,10,0,3,3,0,7.290216738,7.290216738,0,0.02430072246,0.02430072246
1.0,OP_AVAIL_EXACT95_LOW_CAPACITY_AVAIL_SEVERE_JOINT_30_17,81780aaca4c91f52a7bd742048fa471e5f30c577c67881ba50fbd8b7f3cfb3f3,TASK3_OPERATIONAL_POOLED_V1,CAPACITY_AVAIL_SEVERE_JOINT_30_17,LOCAL_WINDOW_HPP_EXACT95_LOW,36,300.000000000,334.046219248,272,235,0,21,0,16,37,272,0,0,0,0.000000000,0.000000000,0.002158995,0.000000000,0.002158995,0.000000000,0.000000000,0.000000000,0.000000000,34.820340813,34.818181818,0.592188058,0.622668326,37,0.136029412,34.046219248,true,COMPLETE,0,300,321.046219248,0,3,0,1,1,0,0,0,0,0,0
1.0,OP_AVAIL_EXACT95_LOW_CAPACITY_AVAIL_SEVERE_JOINT_30_17,81780aaca4c91f52a7bd742048fa471e5f30c577c67881ba50fbd8b7f3cfb3f3,TASK3_OPERATIONAL_POOLED_V1,CAPACITY_AVAIL_SEVERE_JOINT_30_17,LOCAL_WINDOW_HPP_EXACT95_LOW,37,300.000000000,334.078766339,266,237,0,16,0,13,29,266,0,0,0,0.003761918,0.000000000,0.119239501,0.000000000,0.123001419,0.000000000,0.000000000,0.000000000,0.000000000,34.941183237,34.818181818,0.579068666,0.608873671,29,0.109022556,34.078766339,true,COMPLETE,0,300,321.078766339,1,13,1,5,5,1.000670165,31.717707307,32.718377472,0.00333556721667,0.105725691023,0.10906125824
1.0,OP_AVAIL_EXACT95_LOW_CAPACITY_AVAIL_SEVERE_JOINT_30_17,81780aaca4c91f52a7bd742048fa471e5f30c577c67881ba50fbd8b7f3cfb3f3,TASK3_OPERATIONAL_POOLED_V1,CAPACITY_AVAIL_SEVERE_JOINT_30_17,LOCAL_WINDOW_HPP_EXACT95_LOW,38,300.000000000,333.973818889,341,298,0,23,3,17,43,341,0,0,0,0.070932450,0.303949459,0.379511174,2.616944312,0.450443623,2.794019355,0.000000000,0.000000000,0.000000000,35.268625441,37.612201173,0.742573178,0.780793856,43,0.126099707,33.973818889,true,COMPLETE,0,300,320.973818889,24,93,4,6,6,24.187965323,103.370866081,127.558831404,0.0806265510767,0.344569553603,0.42519610468
1.0,OP_AVAIL_EXACT95_LOW_CAPACITY_AVAIL_SEVERE_JOINT_30_17,81780aaca4c91f52a7bd742048fa471e5f30c577c67881ba50fbd8b7f3cfb3f3,TASK3_OPERATIONAL_POOLED_V1,CAPACITY_AVAIL_SEVERE_JOINT_30_17,LOCAL_WINDOW_HPP_EXACT95_LOW,39,300.000000000,334.225256811,256,218,0,24,0,14,38,256,0,0,0,0.000000000,0.000000000,0.081088423,0.714070840,0.081088423,0.714070840,0.000000000,0.000000000,0.000000000,34.899270241,35.532252658,0.557054904,0.585726847,38,0.148437500,34.225256811,true,COMPLETE,0,300,321.225256811,0,24,0,3,3,0,19.52041528,19.52041528,0,0.0650680509333,0.0650680509333
1.0,OP_AVAIL_EXACT95_LOW_CAPACITY_AVAIL_SEVERE_JOINT_30_17,81780aaca4c91f52a7bd742048fa471e5f30c577c67881ba50fbd8b7f3cfb3f3,TASK3_OPERATIONAL_POOLED_V1,CAPACITY_AVAIL_SEVERE_JOINT_30_17,LOCAL_WINDOW_HPP_EXACT95_LOW,40,300.000000000,334.470914622,276,253,0,13,0,10,23,276,0,0,0,0.004024949,0.000000000,0.182846417,1.772147708,0.186871367,1.772147708,0.000000000,0.000000000,0.000000000,35.005053185,36.590329526,0.600133716,0.631022951,23,0.083333333,34.470914622,true,COMPLETE,0,300,321.470914622,3,33,1,4,4,1.110886061,50.465611165,51.576497226,0.00370295353667,0.168218703883,0.17192165742
1.0,OP_AVAIL_EXACT95_LOW_CAPACITY_AVAIL_SEVERE_JOINT_30_17,81780aaca4c91f52a7bd742048fa471e5f30c577c67881ba50fbd8b7f3cfb3f3,TASK3_OPERATIONAL_POOLED_V1,CAPACITY_AVAIL_SEVERE_JOINT_30_17,LOCAL_WINDOW_HPP_EXACT95_LOW,41,300.000000000,334.039386969,305,267,0,22,0,16,38,305,0,0,0,0.121882629,0.868219675,0.247866619,1.915622922,0.369749247,3.139591742,0.000000000,0.000000000,0.000000000,35.187931065,37.957773560,0.664047985,0.698226925,38,0.124590164,34.039386969,true,COMPLETE,0,300,321.039386969,24,58,5,5,5,37.174201797,72.9711296,110.145331397,0.12391400599,0.243237098667,0.367151104657
1.0,OP_AVAIL_EXACT95_LOW_CAPACITY_AVAIL_SEVERE_JOINT_30_17,81780aaca4c91f52a7bd742048fa471e5f30c577c67881ba50fbd8b7f3cfb3f3,TASK3_OPERATIONAL_POOLED_V1,CAPACITY_AVAIL_SEVERE_JOINT_30_17,LOCAL_WINDOW_HPP_EXACT95_LOW,42,300.000000000,334.117691289,298,260,0,25,0,13,38,298,0,0,0,0.001535734,0.000000000,0.148111989,1.655062497,0.149647723,1.655062497,0.000000000,0.000000000,0.000000000,34.967829541,36.473244315,0.648655484,0.682042163,38,0.127516779,34.117691289,true,COMPLETE,0,300,321.117691289,3,27,1,4,4,0.457648707,44.137372646,44.595021353,0.00152549569,0.147124575487,0.148650071177
1.0,OP_AVAIL_EXACT95_LOW_CAPACITY_AVAIL_SEVERE_JOINT_30_17,81780aaca4c91f52a7bd742048fa471e5f30c577c67881ba50fbd8b7f3cfb3f3,TASK3_OPERATIONAL_POOLED_V1,CAPACITY_AVAIL_SEVERE_JOINT_30_17,LOCAL_WINDOW_HPP_EXACT95_LOW,43,300.000000000,334.595220486,274,248,0,20,0,6,26,274,0,0,0,0.019085905,0.000000000,0.255859321,2.280755871,0.274945226,2.309751086,0.000000000,0.000000000,0.000000000,35.093127044,37.127932904,0.595563580,0.626217588,26,0.094890511,34.595220486,true,COMPLETE,0,300,321.595220486,9,37,2,6,6,5.229537911,70.105453916,75.334991827,0.0174317930367,0.233684846387,0.251116639423
1.0,OP_AVAIL_EXACT95_LOW_CAPACITY_AVAIL_SEVERE_JOINT_30_17,81780aaca4c91f52a7bd742048fa471e5f30c577c67881ba50fbd8b7f3cfb3f3,TASK3_OPERATIONAL_POOLED_V1,CAPACITY_AVAIL_SEVERE_JOINT_30_17,LOCAL_WINDOW_HPP_EXACT95_LOW,44,300.000000000,333.612131684,288,252,0,19,0,17,36,288,0,0,0,0.019914664,0.000000000,0.161632726,1.304923444,0.181547390,1.545121210,0.000000000,0.000000000,0.000000000,34.999729208,36.363303028,0.627838515,0.660153733,36,0.125000000,33.612131684,true,COMPLETE,0,300,320.612131684,8,44,2,4,4,5.735423191,46.325465568,52.060888759,0.0191180773033,0.15441821856,0.173536295863
1.0,OP_AVAIL_EXACT95_LOW_CAPACITY_AVAIL_SEVERE_JOINT_30_17,81780aaca4c91f52a7bd742048fa471e5f30c577c67881ba50fbd8b7f3cfb3f3,TASK3_OPERATIONAL_POOLED_V1,CAPACITY_AVAIL_SEVERE_JOINT_30_17,LOCAL_WINDOW_HPP_EXACT95_LOW,45,300.000000000,335.302534977,294,252,0,27,0,15,42,294,0,0,0,0.027298592,0.000000000,0.154535795,1.437510656,0.181834387,1.595310118,0.000000000,0.000000000,0.000000000,35.000016205,36.413491936,0.637687341,0.670509483,42,0.142857143,35.302534977,true,COMPLETE,0,300,322.302534977,11,37,3,4,4,8.025786151,38.609825404,46.635611555,0.0267526205033,0.128699418013,0.155452038517
1.0,OP_AVAIL_EXACT95_LOW_CAPACITY_AVAIL_SEVERE_JOINT_30_17,81780aaca4c91f52a7bd742048fa471e5f30c577c67881ba50fbd8b7f3cfb3f3,TASK3_OPERATIONAL_POOLED_V1,CAPACITY_AVAIL_SEVERE_JOINT_30_17,LOCAL_WINDOW_HPP_EXACT95_LOW,46,300.000000000,335.533043953,296,252,0,26,1,17,44,296,0,0,0,0.095897292,0.545467477,0.265115778,1.860250639,0.361013070,2.951201921,0.000000000,0.000000000,0.000000000,35.179194888,37.769383739,0.641584283,0.674607003,44,0.148648649,35.533043953,true,COMPLETE,0,300,322.533043953,18,59,4,6,6,28.385598467,73.219755553,101.60535402,0.0946186615567,0.244065851843,0.3386845134
1.0,OP_AVAIL_EXACT95_LOW_CAPACITY_AVAIL_SEVERE_JOINT_30_17,81780aaca4c91f52a7bd742048fa471e5f30c577c67881ba50fbd8b7f3cfb3f3,TASK3_OPERATIONAL_POOLED_V1,CAPACITY_AVAIL_SEVERE_JOINT_30_17,LOCAL_WINDOW_HPP_EXACT95_LOW,47,300.000000000,329.184016045,265,230,0,16,2,17,35,265,0,0,0,0.059284046,0.000000000,0.279973336,2.065135588,0.339257382,3.143611611,0.000000000,0.000000000,0.000000000,35.157439200,37.961793429,0.585469717,0.615604188,35,0.132075472,29.184016045,true,COMPLETE,0,300,316.184016045,9,37,4,6,6,15.710272111,70.644659094,86.354931205,0.0523675737033,0.23548219698,0.287849770683
1.0,OP_AVAIL_EXACT95_LOW_CAPACITY_AVAIL_SEVERE_JOINT_30_17,81780aaca4c91f52a7bd742048fa471e5f30c577c67881ba50fbd8b7f3cfb3f3,TASK3_OPERATIONAL_POOLED_V1,CAPACITY_AVAIL_SEVERE_JOINT_30_17,LOCAL_WINDOW_HPP_EXACT95_LOW,48,300.000000000,334.462782154,296,264,0,14,1,17,32,296,0,0,0,0.077859008,0.000000000,0.225082100,1.887891794,0.302941108,2.221124727,0.000000000,0.000000000,0.000000000,35.121122926,37.039306545,0.643637316,0.676765707,32,0.108108108,34.462782154,true,COMPLETE,0,300,321.462782154,9,49,6,5,6,23.046266428,65.955570938,89.001837366,0.0768208880933,0.219851903127,0.29667279122
1.0,OP_AVAIL_EXACT95_LOW_CAPACITY_AVAIL_SEVERE_JOINT_30_17,81780aaca4c91f52a7bd742048fa471e5f30c577c67881ba50fbd8b7f3cfb3f3,TASK3_OPERATIONAL_POOLED_V1,CAPACITY_AVAIL_SEVERE_JOINT_30_17,LOCAL_WINDOW_HPP_EXACT95_LOW,49,300.000000000,330.242669127,247,233,0,11,0,3,14,247,0,0,0,0.000000000,0.000000000,0.116015690,0.839156920,0.116015690,0.839156920,0.000000000,0.000000000,0.000000000,34.934197508,35.657338738,0.543952616,0.571950177,14,0.056680162,30.242669127,true,COMPLETE,0,300,317.242669127,0,21,0,5,5,0,28.655875389,28.655875389,0,0.09551958463,0.09551958463
1.0,OP_AVAIL_EXACT95_LOW_CAPACITY_AVAIL_SEVERE_JOINT_30_17,81780aaca4c91f52a7bd742048fa471e5f30c577c67881ba50fbd8b7f3cfb3f3,TASK3_OPERATIONAL_POOLED_V1,CAPACITY_AVAIL_SEVERE_JOINT_30_17,LOCAL_WINDOW_HPP_EXACT95_LOW,50,300.000000000,334.204179571,295,266,0,17,0,12,29,295,0,0,0,0.064748337,0.413666843,0.275696546,1.766018899,0.340444883,1.939562880,0.000000000,0.000000000,0.000000000,35.158626701,36.757744698,0.641959220,0.675001239,29,0.098305085,34.204179571,true,COMPLETE,0,300,321.204179571,21,72,5,4,5,19.100759409,81.330480956,100.431240365,0.06366919803,0.271101603187,0.334770801217
1.0,OP_AVAIL_MLE_BASE_CAPACITY_AVAIL_SEVERE_JOINT_30_17,09dd6a02704a76b898325b52b4363a32298cf6aae27d0251169ccffc8a2245ac,TASK3_OPERATIONAL_POOLED_V1,CAPACITY_AVAIL_SEVERE_JOINT_30_17,LOCAL_WINDOW_HPP_BASE,1,300.000000000,337.728547501,396,346,0,24,9,17,50,396,0,0,0,1.744696350,6.376014658,4.464516422,9.509277689,6.209212772,12.870940943,0.000000000,0.000000000,0.000000000,41.027394590,47.689122761,0.852755866,0.896647712,50,0.126262626,37.728547501,true,COMPLETE,0,300,324.728547501,225,352,10,15,19,690.899754559,1647.39723167,2338.29698623,2.30299918186,5.49132410558,7.79432328744
1.0,OP_AVAIL_MLE_BASE_CAPACITY_AVAIL_SEVERE_JOINT_30_17,09dd6a02704a76b898325b52b4363a32298cf6aae27d0251169ccffc8a2245ac,TASK3_OPERATIONAL_POOLED_V1,CAPACITY_AVAIL_SEVERE_JOINT_30_17,LOCAL_WINDOW_HPP_BASE,2,300.000000000,372.650665034,442,349,32,30,14,17,93,442,0,0,0,8.017725066,16.688140923,7.779001884,15.185443533,15.796726950,29.356597289,0.000000000,0.000000000,0.000000000,50.614908768,64.174779107,0.862616320,0.907015690,93,0.210407240,72.650665034,true,COMPLETE,0,300,359.650665034,388,406,32,24,46,3235.64217469,2437.92155007,5673.56372476,10.7854739156,8.12640516691,18.9118790825
1.0,OP_AVAIL_MLE_BASE_CAPACITY_AVAIL_SEVERE_JOINT_30_17,09dd6a02704a76b898325b52b4363a32298cf6aae27d0251169ccffc8a2245ac,TASK3_OPERATIONAL_POOLED_V1,CAPACITY_AVAIL_SEVERE_JOINT_30_17,LOCAL_WINDOW_HPP_BASE,3,300.000000000,334.877888735,393,347,0,29,0,17,46,393,0,0,0,1.660360794,7.412603453,2.528015177,5.377454853,4.188375971,11.064611152,0.000000000,0.000000000,0.000000000,39.006557789,45.882792970,0.853499713,0.897429845,46,0.117048346,34.877888735,true,COMPLETE,0,300,321.877888735,188,346,16,10,18,652.521792074,957.751389804,1610.27318188,2.17507264025,3.19250463268,5.36757727293
1.0,OP_AVAIL_MLE_BASE_CAPACITY_AVAIL_SEVERE_JOINT_30_17,09dd6a02704a76b898325b52b4363a32298cf6aae27d0251169ccffc8a2245ac,TASK3_OPERATIONAL_POOLED_V1,CAPACITY_AVAIL_SEVERE_JOINT_30_17,LOCAL_WINDOW_HPP_BASE,4,300.000000000,352.969422529,410,338,15,30,10,17,72,410,0,0,0,2.198560930,9.168486896,3.012667989,7.219558568,5.211228919,15.996548435,0.000000000,0.000000000,0.000000000,40.029410737,50.814730253,0.844780877,0.888262245,72,0.175609756,52.969422529,true,COMPLETE,0,300,339.969422529,243,338,16,12,25,811.671226436,901.869008026,1713.54023446,2.70557075479,3.00623002675,5.71180078154
1.0,OP_AVAIL_MLE_BASE_CAPACITY_AVAIL_SEVERE_JOINT_30_17,09dd6a02704a76b898325b52b4363a32298cf6aae27d0251169ccffc8a2245ac,TASK3_OPERATIONAL_POOLED_V1,CAPACITY_AVAIL_SEVERE_JOINT_30_17,LOCAL_WINDOW_HPP_BASE,5,300.000000000,337.900644286,388,341,0,18,12,17,47,388,0,0,0,3.365453755,6.939766420,6.189427865,12.231491644,9.554881620,17.083072073,0.000000000,0.000000000,0.000000000,44.373063438,51.901253891,0.835102930,0.878086169,47,0.121134021,37.900644286,true,COMPLETE,0,300,324.900644286,305,363,13,19,23,1305.79605688,2212.84131286,3518.63736974,4.35265352293,7.37613770952,11.7287912325
1.0,OP_AVAIL_MLE_BASE_CAPACITY_AVAIL_SEVERE_JOINT_30_17,09dd6a02704a76b898325b52b4363a32298cf6aae27d0251169ccffc8a2245ac,TASK3_OPERATIONAL_POOLED_V1,CAPACITY_AVAIL_SEVERE_JOINT_30_17,LOCAL_WINDOW_HPP_BASE,6,300.000000000,360.215133000,419,340,14,30,18,17,79,419,0,0,0,6.600267637,14.252058079,5.925121689,12.985257773,12.525389327,26.119775460,0.000000000,0.000000000,0.000000000,47.343571145,60.937957278,0.845959108,0.889501121,79,0.188544153,60.215133000,true,COMPLETE,0,300,347.215133,342,369,24,21,37,2651.96719904,1803.21003727,4455.17723631,8.83989066346,6.01070012423,14.8505907877
1.0,OP_AVAIL_MLE_BASE_CAPACITY_AVAIL_SEVERE_JOINT_30_17,09dd6a02704a76b898325b52b4363a32298cf6aae27d0251169ccffc8a2245ac,TASK3_OPERATIONAL_POOLED_V1,CAPACITY_AVAIL_SEVERE_JOINT_30_17,LOCAL_WINDOW_HPP_BASE,7,300.000000000,351.778930379,408,340,8,30,13,17,68,408,0,0,0,2.248158662,6.494266130,5.844543119,11.409004128,8.092701781,15.716909020,0.000000000,0.000000000,0.000000000,42.910883599,50.535090838,0.843504960,0.886920657,68,0.166666667,51.778930379,true,COMPLETE,0,300,338.778930379,286,364,14,17,24,900.280997995,1883.72683514,2784.00783314,3.00093665998,6.27908945047,9.28002611045
1.0,OP_AVAIL_MLE_BASE_CAPACITY_AVAIL_SEVERE_JOINT_30_17,09dd6a02704a76b898325b52b4363a32298cf6aae27d0251169ccffc8a2245ac,TASK3_OPERATIONAL_POOLED_V1,CAPACITY_AVAIL_SEVERE_JOINT_30_17,LOCAL_WINDOW_HPP_BASE,8,300.000000000,370.672458542,442,348,24,30,23,17,94,442,0,0,0,15.208057431,27.535389242,9.215525049,17.527297613,24.423582480,41.814151022,0.000000000,0.000000000,0.000000000,59.241764298,76.632332840,0.867219935,0.911856255,94,0.212669683,70.672458542,true,COMPLETE,0,300,357.672458542,412,418,42,27,57,6449.39567035,2991.12831899,9440.52398934,21.4979855678,9.97042772996,31.4684132978
1.0,OP_AVAIL_MLE_BASE_CAPACITY_AVAIL_SEVERE_JOINT_30_17,09dd6a02704a76b898325b52b4363a32298cf6aae27d0251169ccffc8a2245ac,TASK3_OPERATIONAL_POOLED_V1,CAPACITY_AVAIL_SEVERE_JOINT_30_17,LOCAL_WINDOW_HPP_BASE,9,300.000000000,339.319370597,395,342,4,30,2,17,53,395,0,0,0,2.732111550,10.466571903,3.630779216,8.260371175,6.362890766,17.124852327,0.000000000,0.000000000,0.000000000,41.181072584,51.943034145,0.846614582,0.890190333,53,0.134177215,39.319370597,true,COMPLETE,0,300,326.319370597,229,338,18,13,24,1072.9951643,1361.11328842,2434.10845272,3.57665054768,4.53704429472,8.1136948424
1.0,OP_AVAIL_MLE_BASE_CAPACITY_AVAIL_SEVERE_JOINT_30_17,09dd6a02704a76b898325b52b4363a32298cf6aae27d0251169ccffc8a2245ac,TASK3_OPERATIONAL_POOLED_V1,CAPACITY_AVAIL_SEVERE_JOINT_30_17,LOCAL_WINDOW_HPP_BASE,10,300.000000000,345.764377073,394,331,4,30,12,17,63,394,0,0,0,1.884695197,6.097935788,3.384532169,8.931429643,5.269227365,11.404791394,0.000000000,0.000000000,0.000000000,40.087409183,46.222973212,0.828730412,0.871385653,63,0.159898477,45.764377073,true,COMPLETE,0,300,332.764377073,236,299,13,15,16,736.830013858,997.040620251,1733.87063411,2.45610004619,3.32346873417,5.77956878036
1.0,OP_AVAIL_MLE_BASE_CAPACITY_AVAIL_SEVERE_JOINT_30_17,09dd6a02704a76b898325b52b4363a32298cf6aae27d0251169ccffc8a2245ac,TASK3_OPERATIONAL_POOLED_V1,CAPACITY_AVAIL_SEVERE_JOINT_30_17,LOCAL_WINDOW_HPP_BASE,11,300.000000000,347.680162227,409,345,0,25,22,17,64,409,0,0,0,7.868575160,15.408667636,7.830737898,14.776625527,15.699313058,25.982507369,0.000000000,0.000000000,0.000000000,50.517494876,60.800689187,0.855540746,0.899575932,64,0.156479218,47.680162227,true,COMPLETE,0,300,334.680162227,362,380,27,24,43,3218.24724026,2674.87269559,5893.11993585,10.7274908009,8.91624231863,19.6437331195
1.0,OP_AVAIL_MLE_BASE_CAPACITY_AVAIL_SEVERE_JOINT_30_17,09dd6a02704a76b898325b52b4363a32298cf6aae27d0251169ccffc8a2245ac,TASK3_OPERATIONAL_POOLED_V1,CAPACITY_AVAIL_SEVERE_JOINT_30_17,LOCAL_WINDOW_HPP_BASE,12,300.000000000,357.532139471,423,348,17,30,11,17,75,423,0,0,0,6.310221966,15.713321312,4.398107939,9.827353296,10.708329904,22.610556818,0.000000000,0.000000000,0.000000000,45.526511722,57.428738636,0.860443942,0.904731498,75,0.177304965,57.532139471,true,COMPLETE,0,300,344.532139471,321,389,25,15,32,2558.23539503,1367.66811973,3925.90351476,8.52745131676,4.55889373243,13.0863450492
1.0,OP_AVAIL_MLE_BASE_CAPACITY_AVAIL_SEVERE_JOINT_30_17,09dd6a02704a76b898325b52b4363a32298cf6aae27d0251169ccffc8a2245ac,TASK3_OPERATIONAL_POOLED_V1,CAPACITY_AVAIL_SEVERE_JOINT_30_17,LOCAL_WINDOW_HPP_BASE,13,300.000000000,381.600724639,455,347,42,30,19,17,108,455,0,0,0,21.569768275,38.401900592,8.331756231,15.936739101,29.901524506,49.249186014,0.000000000,0.000000000,0.000000000,64.719706324,84.067367832,0.867160541,0.911793804,108,0.237362637,81.600724639,true,COMPLETE,0,300,368.600724639,411,423,56,25,67,9138.73275287,2535.99163143,11674.7243843,30.4624425096,8.45330543811,38.9157479477
1.0,OP_AVAIL_MLE_BASE_CAPACITY_AVAIL_SEVERE_JOINT_30_17,09dd6a02704a76b898325b52b4363a32298cf6aae27d0251169ccffc8a2245ac,TASK3_OPERATIONAL_POOLED_V1,CAPACITY_AVAIL_SEVERE_JOINT_30_17,LOCAL_WINDOW_HPP_BASE,14,300.000000000,333.719484820,374,335,0,17,5,17,39,374,0,0,0,1.922029399,6.824417570,2.642864543,6.489684643,4.564893942,10.821572111,0.000000000,0.000000000,0.000000000,39.383075760,45.639753929,0.815055795,0.857007196,39,0.104278075,33.719484820,true,COMPLETE,0,300,320.71948482,196,285,14,11,18,718.838995048,971.190131294,1690.02912634,2.39612998349,3.23730043765,5.63343042114
1.0,OP_AVAIL_MLE_BASE_CAPACITY_AVAIL_SEVERE_JOINT_30_17,09dd6a02704a76b898325b52b4363a32298cf6aae27d0251169ccffc8a2245ac,TASK3_OPERATIONAL_POOLED_V1,CAPACITY_AVAIL_SEVERE_JOINT_30_17,LOCAL_WINDOW_HPP_BASE,15,300.000000000,342.169131789,386,331,0,29,9,17,55,386,0,0,0,2.024978382,9.149612058,2.917010866,7.853319795,4.941989249,14.862844659,0.000000000,0.000000000,0.000000000,39.760171067,49.681026477,0.820434243,0.862662476,55,0.142487047,42.169131789,true,COMPLETE,0,300,329.169131789,206,284,16,13,23,781.641655611,867.690443148,1649.33209876,2.60547218537,2.89230147716,5.49777366253
1.0,OP_AVAIL_MLE_BASE_CAPACITY_AVAIL_SEVERE_JOINT_30_17,09dd6a02704a76b898325b52b4363a32298cf6aae27d0251169ccffc8a2245ac,TASK3_OPERATIONAL_POOLED_V1,CAPACITY_AVAIL_SEVERE_JOINT_30_17,LOCAL_WINDOW_HPP_BASE,16,300.000000000,353.422708657,401,330,16,30,8,17,71,401,0,0,0,2.001849675,9.147874647,2.066827721,5.491092392,4.068677395,15.436397580,0.000000000,0.000000000,0.000000000,38.886859213,50.254579398,0.825177207,0.867649563,71,0.177057357,53.422708657,true,COMPLETE,0,300,340.422708657,176,282,18,10,25,688.816817801,570.016201674,1258.83301947,2.29605605934,1.90005400558,4.19611006492
1.0,OP_AVAIL_MLE_BASE_CAPACITY_AVAIL_SEVERE_JOINT_30_17,09dd6a02704a76b898325b52b4363a32298cf6aae27d0251169ccffc8a2245ac,TASK3_OPERATIONAL_POOLED_V1,CAPACITY_AVAIL_SEVERE_JOINT_30_17,LOCAL_WINDOW_HPP_BASE,17,300.000000000,365.712680929,429,340,24,30,18,17,89,429,0,0,0,7.456607512,18.493984245,7.485722847,14.480082417,14.942330359,31.978054592,0.000000000,0.000000000,0.000000000,49.760512177,66.796236410,0.853128744,0.897039782,89,0.207459207,65.712680929,true,COMPLETE,0,300,352.712680929,372,398,28,23,44,3006.54626241,2345.31422371,5351.86048612,10.0218208747,7.81771407902,17.8395349537
1.0,OP_AVAIL_MLE_BASE_CAPACITY_AVAIL_SEVERE_JOINT_30_17,09dd6a02704a76b898325b52b4363a32298cf6aae27d0251169ccffc8a2245ac,TASK3_OPERATIONAL_POOLED_V1,CAPACITY_AVAIL_SEVERE_JOINT_30_17,LOCAL_WINDOW_HPP_BASE,18,300.000000000,358.222272470,419,343,13,30,16,17,76,419,0,0,0,6.547083178,13.282343383,6.508682658,13.516191655,13.055765836,23.894619140,0.000000000,0.000000000,0.000000000,47.873947654,58.712800958,0.850665344,0.894449590,76,0.181384248,58.222272470,true,COMPLETE,0,300,345.22227247,343,392,22,20,33,2676.54836441,2056.30294875,4732.85131316,8.92182788136,6.85434316249,15.7761710439
1.0,OP_AVAIL_MLE_BASE_CAPACITY_AVAIL_SEVERE_JOINT_30_17,09dd6a02704a76b898325b52b4363a32298cf6aae27d0251169ccffc8a2245ac,TASK3_OPERATIONAL_POOLED_V1,CAPACITY_AVAIL_SEVERE_JOINT_30_17,LOCAL_WINDOW_HPP_BASE,19,300.000000000,375.003366816,445,345,40,30,13,17,100,445,0,0,0,8.634933908,23.142760035,5.497855021,11.907223241,14.132788928,34.976691541,0.000000000,0.000000000,0.000000000,48.950970746,69.794873359,0.863022555,0.907442833,100,0.224719101,75.003366816,true,COMPLETE,0,300,362.003366816,364,420,41,21,53,3320.04911433,1619.51894535,4939.56805967,11.0668303811,5.39839648449,16.4652268656
1.0,OP_AVAIL_MLE_BASE_CAPACITY_AVAIL_SEVERE_JOINT_30_17,09dd6a02704a76b898325b52b4363a32298cf6aae27d0251169ccffc8a2245ac,TASK3_OPERATIONAL_POOLED_V1,CAPACITY_AVAIL_SEVERE_JOINT_30_17,LOCAL_WINDOW_HPP_BASE,20,300.000000000,353.148662811,418,348,6,30,17,17,70,418,0,0,0,4.797967116,11.589036980,6.151772807,13.492014585,10.949739923,20.349020110,0.000000000,0.000000000,0.000000000,45.767921741,55.167201928,0.860827272,0.905134558,70,0.167464115,53.148662811,true,COMPLETE,0,300,340.148662811,342,384,22,20,28,1987.84072235,1977.2465757,3965.08729806,6.62613574118,6.59082191902,13.2169576602
1.0,OP_AVAIL_MLE_BASE_CAPACITY_AVAIL_SEVERE_JOINT_30_17,09dd6a02704a76b898325b52b4363a32298cf6aae27d0251169ccffc8a2245ac,TASK3_OPERATIONAL_POOLED_V1,CAPACITY_AVAIL_SEVERE_JOINT_30_17,LOCAL_WINDOW_HPP_BASE,21,300.000000000,362.590975411,417,335,29,30,6,17,82,417,0,0,0,6.562195996,17.990130412,3.072517728,7.833598628,9.634713724,24.660450047,0.000000000,0.000000000,0.000000000,44.452895542,59.478631865,0.836404510,0.879454743,82,0.196642686,62.590975411,true,COMPLETE,0,300,349.590975411,269,328,30,13,35,2468.22061603,815.676327545,3283.89694357,8.22740205342,2.71892109182,10.9463231452
1.0,OP_AVAIL_MLE_BASE_CAPACITY_AVAIL_SEVERE_JOINT_30_17,09dd6a02704a76b898325b52b4363a32298cf6aae27d0251169ccffc8a2245ac,TASK3_OPERATIONAL_POOLED_V1,CAPACITY_AVAIL_SEVERE_JOINT_30_17,LOCAL_WINDOW_HPP_BASE,22,300.000000000,349.925709029,410,343,5,30,15,17,67,410,0,0,0,3.155488080,7.554407841,5.816877481,12.571549317,8.972365561,18.167516542,0.000000000,0.000000000,0.000000000,43.790547379,52.985698360,0.852128925,0.895988502,67,0.163414634,49.925709029,true,COMPLETE,0,300,336.925709029,319,361,14,20,27,1287.10711819,1860.77873168,3147.88584987,4.29035706065,6.20259577226,10.4929528329
1.0,OP_AVAIL_MLE_BASE_CAPACITY_AVAIL_SEVERE_JOINT_30_17,09dd6a02704a76b898325b52b4363a32298cf6aae27d0251169ccffc8a2245ac,TASK3_OPERATIONAL_POOLED_V1,CAPACITY_AVAIL_SEVERE_JOINT_30_17,LOCAL_WINDOW_HPP_BASE,23,300.000000000,369.389074341,439,348,21,30,23,17,91,439,0,0,0,12.705287323,22.323673730,9.559213804,17.849750158,22.264501127,37.711037945,0.000000000,0.000000000,0.000000000,57.082682945,72.529219763,0.864326396,0.908813784,91,0.207289294,69.389074341,true,COMPLETE,0,300,356.389074341,409,418,34,27,52,5357.95188088,3151.38221544,8509.33409633,17.8598396029,10.5046073848,28.3644469878
1.0,OP_AVAIL_MLE_BASE_CAPACITY_AVAIL_SEVERE_JOINT_30_17,09dd6a02704a76b898325b52b4363a32298cf6aae27d0251169ccffc8a2245ac,TASK3_OPERATIONAL_POOLED_V1,CAPACITY_AVAIL_SEVERE_JOINT_30_17,LOCAL_WINDOW_HPP_BASE,24,300.000000000,350.045517808,412,346,13,30,6,17,66,412,0,0,0,2.094514099,7.224696967,3.254557374,6.734896616,5.349071473,11.640683138,0.000000000,0.000000000,0.000000000,40.167253291,46.458864956,0.855992574,0.900051015,66,0.160194175,50.045517808,true,COMPLETE,0,300,337.045517808,254,368,14,11,19,796.081702636,1078.1790399,1874.26074254,2.65360567545,3.59393013302,6.24753580847
1.0,OP_AVAIL_MLE_BASE_CAPACITY_AVAIL_SEVERE_JOINT_30_17,09dd6a02704a76b898325b52b4363a32298cf6aae27d0251169ccffc8a2245ac,TASK3_OPERATIONAL_POOLED_V1,CAPACITY_AVAIL_SEVERE_JOINT_30_17,LOCAL_WINDOW_HPP_BASE,25,300.000000000,362.219966741,424,341,19,30,17,17,83,424,0,0,0,7.977097922,17.078668025,6.705844138,14.292119399,14.682942060,25.816689065,0.000000000,0.000000000,0.000000000,49.501123878,60.634870883,0.851315953,0.895133686,83,0.195754717,62.219966741,true,COMPLETE,0,300,349.219966741,336,359,27,22,36,3278.49672406,2069.44059991,5347.93732397,10.9283224135,6.89813533305,17.8264577466
1.0,OP_AVAIL_MLE_BASE_CAPACITY_AVAIL_SEVERE_JOINT_30_17,09dd6a02704a76b898325b52b4363a32298cf6aae27d0251169ccffc8a2245ac,TASK3_OPERATIONAL_POOLED_V1,CAPACITY_AVAIL_SEVERE_JOINT_30_17,LOCAL_WINDOW_HPP_BASE,26,300.000000000,358.033691652,419,344,15,30,13,17,75,419,0,0,0,7.110121445,13.702847581,5.205996975,11.694726283,12.316118421,24.179009306,0.000000000,0.000000000,0.000000000,47.134300239,58.997191124,0.851113400,0.894920708,75,0.178997613,58.033691652,true,COMPLETE,0,300,345.033691652,335,360,24,20,37,2897.61632574,1593.59383551,4491.21016126,9.65872108581,5.31197945171,14.9707005375
1.0,OP_AVAIL_MLE_BASE_CAPACITY_AVAIL_SEVERE_JOINT_30_17,09dd6a02704a76b898325b52b4363a32298cf6aae27d0251169ccffc8a2245ac,TASK3_OPERATIONAL_POOLED_V1,CAPACITY_AVAIL_SEVERE_JOINT_30_17,LOCAL_WINDOW_HPP_BASE,27,300.000000000,347.952570623,410,347,12,30,4,17,63,410,0,0,0,2.545563831,8.366972176,3.499391434,6.612134628,6.044955266,11.368854660,0.000000000,0.000000000,0.000000000,40.863137084,46.187036478,0.856961101,0.901069393,63,0.153658537,47.952570623,true,COMPLETE,0,300,334.952570623,263,383,17,12,20,988.930920535,1266.69320324,2255.62412378,3.29643640178,4.22231067748,7.51874707926
1.0,OP_AVAIL_MLE_BASE_CAPACITY_AVAIL_SEVERE_JOINT_30_17,09dd6a02704a76b898325b52b4363a32298cf6aae27d0251169ccffc8a2245ac,TASK3_OPERATIONAL_POOLED_V1,CAPACITY_AVAIL_SEVERE_JOINT_30_17,LOCAL_WINDOW_HPP_BASE,28,300.000000000,347.012909406,392,328,9,30,8,17,64,392,0,0,0,1.643559244,6.872794757,2.406133025,6.980027713,4.049692269,12.861219626,0.000000000,0.000000000,0.000000000,38.867874087,47.679401444,0.821557070,0.863843096,64,0.163265306,47.012909406,true,COMPLETE,0,300,334.012909406,194,277,14,12,20,614.995175914,681.969161502,1296.96433742,2.04998391971,2.27323053834,4.32321445805
1.0,OP_AVAIL_MLE_BASE_CAPACITY_AVAIL_SEVERE_JOINT_30_17,09dd6a02704a76b898325b52b4363a32298cf6aae27d0251169ccffc8a2245ac,TASK3_OPERATIONAL_POOLED_V1,CAPACITY_AVAIL_SEVERE_JOINT_30_17,LOCAL_WINDOW_HPP_BASE,29,300.000000000,359.546544739,424,347,17,30,13,17,77,424,0,0,0,5.722916785,14.201689862,6.204375484,12.032879238,11.927292269,25.416862453,0.000000000,0.000000000,0.000000000,46.745474087,60.235044271,0.857645946,0.901789487,77,0.181603774,59.546544739,true,COMPLETE,0,300,346.546544739,341,404,23,20,37,2336.01653844,1996.63812933,4332.65466777,7.78672179479,6.65546043111,14.4421822259
1.0,OP_AVAIL_MLE_BASE_CAPACITY_AVAIL_SEVERE_JOINT_30_17,09dd6a02704a76b898325b52b4363a32298cf6aae27d0251169ccffc8a2245ac,TASK3_OPERATIONAL_POOLED_V1,CAPACITY_AVAIL_SEVERE_JOINT_30_17,LOCAL_WINDOW_HPP_BASE,30,300.000000000,354.937186002,408,337,18,30,6,17,71,408,0,0,0,2.558594002,10.003083072,2.412850184,6.260975511,4.971444186,15.872606657,0.000000000,0.000000000,0.000000000,39.789626004,50.690788475,0.835999395,0.879028776,71,0.174019608,54.937186002,true,COMPLETE,0,300,341.937186002,238,314,19,11,25,940.427768429,689.716500536,1630.14426897,3.1347592281,2.29905500179,5.43381422988
1.0,OP_AVAIL_MLE_BASE_CAPACITY_AVAIL_SEVERE_JOINT_30_17,09dd6a02704a76b898325b52b4363a32298cf6aae27d0251169ccffc8a2245ac,TASK3_OPERATIONAL_POOLED_V1,CAPACITY_AVAIL_SEVERE_JOINT_30_17,LOCAL_WINDOW_HPP_BASE,31,300.000000000,360.569233200,425,346,14,30,18,17,79,425,0,0,0,5.026591501,14.862181976,6.583260947,13.704828494,11.609852448,28.325507987,0.000000000,0.000000000,0.000000000,46.428034266,63.143689805,0.857230403,0.901352556,79,0.185882353,60.569233200,true,COMPLETE,0,300,347.5692332,350,386,24,21,40,2044.90882892,2062.46690257,4107.37573149,6.81636276305,6.87488967524,13.6912524383
1.0,OP_AVAIL_MLE_BASE_CAPACITY_AVAIL_SEVERE_JOINT_30_17,09dd6a02704a76b898325b52b4363a32298cf6aae27d0251169ccffc8a2245ac,TASK3_OPERATIONAL_POOLED_V1,CAPACITY_AVAIL_SEVERE_JOINT_30_17,LOCAL_WINDOW_HPP_BASE,32,300.000000000,346.305022347,395,332,8,30,8,17,63,395,0,0,0,1.464031064,5.813121540,1.910848274,5.782446436,3.374879338,9.999054006,0.000000000,0.000000000,0.000000000,38.193061156,44.817235824,0.829536705,0.872233448,63,0.159493671,46.305022347,true,COMPLETE,0,300,333.305022347,174,285,13,12,16,559.983892522,547.950471756,1107.93436428,1.86661297507,1.82650157252,3.69311454759
1.0,OP_AVAIL_MLE_BASE_CAPACITY_AVAIL_SEVERE_JOINT_30_17,09dd6a02704a76b898325b52b4363a32298cf6aae27d0251169ccffc8a2245ac,TASK3_OPERATIONAL_POOLED_V1,CAPACITY_AVAIL_SEVERE_JOINT_30_17,LOCAL_WINDOW_HPP_BASE,33,300.000000000,360.861114514,428,349,15,30,17,17,79,428,0,0,0,7.596020508,15.516195211,8.314793112,15.311766324,15.910813619,28.796882353,0.000000000,0.000000000,0.000000000,50.728995437,63.615064171,0.862583179,0.906980842,79,0.184579439,60.861114514,true,COMPLETE,0,300,347.861114514,398,401,25,23,40,3176.7677784,2754.40943287,5931.17721127,10.589225928,9.18136477625,19.7705907042
1.0,OP_AVAIL_MLE_BASE_CAPACITY_AVAIL_SEVERE_JOINT_30_17,09dd6a02704a76b898325b52b4363a32298cf6aae27d0251169ccffc8a2245ac,TASK3_OPERATIONAL_POOLED_V1,CAPACITY_AVAIL_SEVERE_JOINT_30_17,LOCAL_WINDOW_HPP_BASE,34,300.000000000,360.761170524,426,346,19,30,14,17,80,426,0,0,0,2.729128149,11.873086211,5.806267978,11.200284956,8.535396127,23.425137033,0.000000000,0.000000000,0.000000000,43.353577945,58.243318851,0.858790267,0.902992707,80,0.187793427,60.761170524,true,COMPLETE,0,300,347.761170524,299,405,21,20,34,1038.87243954,1856.81630271,2895.68874225,3.4629081318,6.18938767571,9.65229580751
1.0,OP_AVAIL_MLE_BASE_CAPACITY_AVAIL_SEVERE_JOINT_30_17,09dd6a02704a76b898325b52b4363a32298cf6aae27d0251169ccffc8a2245ac,TASK3_OPERATIONAL_POOLED_V1,CAPACITY_AVAIL_SEVERE_JOINT_30_17,LOCAL_WINDOW_HPP_BASE,35,300.000000000,376.880421961,451,349,35,30,20,17,102,451,0,0,0,7.881304533,19.354052579,8.712944422,16.656406203,16.594248955,35.941891336,0.000000000,0.000000000,0.000000000,51.412430773,70.760073154,0.870302570,0.915097556,102,0.226164080,76.880421961,true,COMPLETE,0,300,363.880421961,413,424,37,26,56,3082.49437211,2739.32008644,5821.81445855,10.2749812404,9.13106695482,19.4060481952
1.0,OP_AVAIL_MLE_BASE_CAPACITY_AVAIL_SEVERE_JOINT_30_17,09dd6a02704a76b898325b52b4363a32298cf6aae27d0251169ccffc8a2245ac,TASK3_OPERATIONAL_POOLED_V1,CAPACITY_AVAIL_SEVERE_JOINT_30_17,LOCAL_WINDOW_HPP_BASE,36,300.000000000,351.043401001,414,348,5,30,14,17,66,414,0,0,0,2.383519418,6.980893039,6.065102314,12.042270984,8.448621732,16.597394026,0.000000000,0.000000000,0.000000000,43.266803550,51.415575844,0.857702803,0.901849271,66,0.159420290,51.043401001,true,COMPLETE,0,300,338.043401001,290,386,12,18,24,977.010960326,2013.36916545,2990.38012577,3.25670320109,6.71123055149,9.96793375258
1.0,OP_AVAIL_MLE_BASE_CAPACITY_AVAIL_SEVERE_JOINT_30_17,09dd6a02704a76b898325b52b4363a32298cf6aae27d0251169ccffc8a2245ac,TASK3_OPERATIONAL_POOLED_V1,CAPACITY_AVAIL_SEVERE_JOINT_30_17,LOCAL_WINDOW_HPP_BASE,37,300.000000000,349.203060787,408,342,5,30,14,17,66,408,0,0,0,3.038747522,10.756643247,5.445868526,9.206658102,8.484616048,17.162867965,0.000000000,0.000000000,0.000000000,43.302797866,51.981049783,0.849727010,0.893462959,66,0.161764706,49.203060787,true,COMPLETE,0,300,336.203060787,257,385,18,15,26,1230.84474011,1850.45490435,3081.29964446,4.10281580037,6.16818301448,10.2709988149
1.0,OP_AVAIL_MLE_BASE_CAPACITY_AVAIL_SEVERE_JOINT_30_17,09dd6a02704a76b898325b52b4363a32298cf6aae27d0251169ccffc8a2245ac,TASK3_OPERATIONAL_POOLED_V1,CAPACITY_AVAIL_SEVERE_JOINT_30_17,LOCAL_WINDOW_HPP_BASE,38,300.000000000,348.670093102,406,342,3,30,14,17,64,406,0,0,0,3.046974042,8.523280783,5.198897572,11.313211430,8.245871614,18.056658748,0.000000000,0.000000000,0.000000000,43.064053432,52.874840566,0.846854184,0.890442267,64,0.157635468,48.670093102,true,COMPLETE,0,300,335.670093102,291,361,15,18,24,1235.72898583,1666.00626143,2901.73524726,4.11909661944,5.55335420476,9.6724508242
1.0,OP_AVAIL_MLE_BASE_CAPACITY_AVAIL_SEVERE_JOINT_30_17,09dd6a02704a76b898325b52b4363a32298cf6aae27d0251169ccffc8a2245ac,TASK3_OPERATIONAL_POOLED_V1,CAPACITY_AVAIL_SEVERE_JOINT_30_17,LOCAL_WINDOW_HPP_BASE,39,300.000000000,349.396203875,388,323,14,30,4,17,65,388,0,0,0,2.420346279,8.208317661,1.946203243,5.910111228,4.366549522,12.599851419,0.000000000,0.000000000,0.000000000,39.184731340,47.418033237,0.807627029,0.849196068,65,0.167525773,49.396203875,true,COMPLETE,0,300,336.396203875,180,256,19,10,19,839.502572548,632.441721637,1471.94429418,2.79834190849,2.10813907212,4.90648098062
1.0,OP_AVAIL_MLE_BASE_CAPACITY_AVAIL_SEVERE_JOINT_30_17,09dd6a02704a76b898325b52b4363a32298cf6aae27d0251169ccffc8a2245ac,TASK3_OPERATIONAL_POOLED_V1,CAPACITY_AVAIL_SEVERE_JOINT_30_17,LOCAL_WINDOW_HPP_BASE,40,300.000000000,349.480204171,399,333,13,30,6,17,66,399,0,0,0,1.588697182,7.269526649,2.341508641,6.386432675,3.930205823,12.677926802,0.000000000,0.000000000,0.000000000,38.748387641,47.496108620,0.830324049,0.873061316,66,0.165413534,49.480204171,true,COMPLETE,0,300,336.480204171,181,311,15,13,19,596.752063391,654.368713845,1251.12077724,1.98917354464,2.18122904615,4.17040259079
1.0,OP_AVAIL_MLE_BASE_CAPACITY_AVAIL_SEVERE_JOINT_30_17,09dd6a02704a76b898325b52b4363a32298cf6aae27d0251169ccffc8a2245ac,TASK3_OPERATIONAL_POOLED_V1,CAPACITY_AVAIL_SEVERE_JOINT_30_17,LOCAL_WINDOW_HPP_BASE,41,300.000000000,350.933531791,416,349,0,30,20,17,67,416,0,0,0,6.122621306,12.859732417,8.893088975,16.566313294,15.015710281,20.514728245,0.000000000,0.000000000,0.000000000,49.833892099,55.332910063,0.862116119,0.906489743,67,0.161057692,50.933531791,true,COMPLETE,0,300,337.933531791,379,390,23,25,28,2547.0104633,3055.18831218,5602.19877548,8.49003487767,10.1839610406,18.6739959183
1.0,OP_AVAIL_MLE_BASE_CAPACITY_AVAIL_SEVERE_JOINT_30_17,09dd6a02704a76b898325b52b4363a32298cf6aae27d0251169ccffc8a2245ac,TASK3_OPERATIONAL_POOLED_V1,CAPACITY_AVAIL_SEVERE_JOINT_30_17,LOCAL_WINDOW_HPP_BASE,42,300.000000000,351.415583679,403,336,15,30,5,17,67,403,0,0,0,3.532786298,15.780104663,1.952992212,5.374417654,5.485778511,20.740728174,0.000000000,0.000000000,0.000000000,40.303960329,55.558909992,0.834029345,0.876957326,67,0.166253102,51.415583679,true,COMPLETE,0,300,338.415583679,196,298,26,11,30,1335.61023844,554.354225801,1889.96446425,4.45203412815,1.84784741934,6.29988154749
1.0,OP_AVAIL_MLE_BASE_CAPACITY_AVAIL_SEVERE_JOINT_30_17,09dd6a02704a76b898325b52b4363a32298cf6aae27d0251169ccffc8a2245ac,TASK3_OPERATIONAL_POOLED_V1,CAPACITY_AVAIL_SEVERE_JOINT_30_17,LOCAL_WINDOW_HPP_BASE,43,300.000000000,344.846124232,407,346,6,30,8,17,61,407,0,0,0,4.654911519,9.831842744,4.975862877,10.290217659,9.630774395,15.756462997,0.000000000,0.000000000,0.000000000,44.448956213,50.574644815,0.858353855,0.902533832,61,0.149877150,44.846124232,true,COMPLETE,0,300,331.846124232,307,370,19,16,22,1881.17703434,1794.28902847,3675.46606281,6.27059011447,5.98096342823,12.2515535427
1.0,OP_AVAIL_MLE_BASE_CAPACITY_AVAIL_SEVERE_JOINT_30_17,09dd6a02704a76b898325b52b4363a32298cf6aae27d0251169ccffc8a2245ac,TASK3_OPERATIONAL_POOLED_V1,CAPACITY_AVAIL_SEVERE_JOINT_30_17,LOCAL_WINDOW_HPP_BASE,44,300.000000000,334.992089443,366,324,1,30,0,11,42,366,0,0,0,0.229737512,1.918627929,0.742901053,3.308633597,0.972638565,3.847668701,0.000000000,0.000000000,0.000000000,35.790820383,38.665850519,0.794591355,0.835489439,42,0.114754098,34.992089443,true,COMPLETE,0,300,321.992089443,51,188,6,7,7,83.910021765,247.510948635,331.4209704,0.27970007255,0.82503649545,1.104736568
1.0,OP_AVAIL_MLE_BASE_CAPACITY_AVAIL_SEVERE_JOINT_30_17,09dd6a02704a76b898325b52b4363a32298cf6aae27d0251169ccffc8a2245ac,TASK3_OPERATIONAL_POOLED_V1,CAPACITY_AVAIL_SEVERE_JOINT_30_17,LOCAL_WINDOW_HPP_BASE,45,300.000000000,341.435147802,399,343,2,30,7,17,56,399,0,0,0,1.161666797,5.154862144,2.434229289,5.449733112,3.595896086,7.680003712,0.000000000,0.000000000,0.000000000,38.414077904,42.498185530,0.849888537,0.893632800,56,0.140350877,41.435147802,true,COMPLETE,0,300,328.435147802,199,344,13,10,13,462.901609291,794.017776234,1256.91938553,1.5430053643,2.64672592078,4.18973128508
1.0,OP_AVAIL_MLE_BASE_CAPACITY_AVAIL_SEVERE_JOINT_30_17,09dd6a02704a76b898325b52b4363a32298cf6aae27d0251169ccffc8a2245ac,TASK3_OPERATIONAL_POOLED_V1,CAPACITY_AVAIL_SEVERE_JOINT_30_17,LOCAL_WINDOW_HPP_BASE,46,300.000000000,381.078130234,452,346,42,30,17,17,106,452,0,0,0,12.276648881,31.085029697,7.617420902,15.140407802,19.894069783,46.603526752,0.000000000,0.000000000,0.000000000,54.712251601,81.421708570,0.862624346,0.907024128,106,0.234513274,81.078130234,true,COMPLETE,0,300,368.078130234,397,435,47,23,63,4911.50490942,2290.88956302,7202.39447244,16.3716830314,7.63629854339,24.0079815748
1.0,OP_AVAIL_MLE_BASE_CAPACITY_AVAIL_SEVERE_JOINT_30_17,09dd6a02704a76b898325b52b4363a32298cf6aae27d0251169ccffc8a2245ac,TASK3_OPERATIONAL_POOLED_V1,CAPACITY_AVAIL_SEVERE_JOINT_30_17,LOCAL_WINDOW_HPP_BASE,47,300.000000000,334.574566537,385,341,0,24,3,17,44,385,0,0,0,1.300614373,4.606451042,4.364296778,8.549638900,5.664911151,10.302588185,0.000000000,0.000000000,0.000000000,40.483092969,45.120770003,0.836883696,0.879958593,44,0.114285714,34.574566537,true,COMPLETE,0,300,321.574566537,186,339,9,15,16,500.736533627,1660.48663129,2161.22316492,1.66912177876,5.53495543765,7.2040772164
1.0,OP_AVAIL_MLE_BASE_CAPACITY_AVAIL_SEVERE_JOINT_30_17,09dd6a02704a76b898325b52b4363a32298cf6aae27d0251169ccffc8a2245ac,TASK3_OPERATIONAL_POOLED_V1,CAPACITY_AVAIL_SEVERE_JOINT_30_17,LOCAL_WINDOW_HPP_BASE,48,300.000000000,351.662411593,416,348,7,30,14,17,68,416,0,0,0,4.669238507,13.880378532,4.988708396,11.543438695,9.657946903,19.844546953,0.000000000,0.000000000,0.000000000,44.476128721,54.662728771,0.860329238,0.904610890,68,0.163461538,51.662411593,true,COMPLETE,0,300,338.662411593,307,383,24,18,28,1903.29030095,1597.5226366,3500.81293755,6.34430100317,5.32507545532,11.6693764585
1.0,OP_AVAIL_MLE_BASE_CAPACITY_AVAIL_SEVERE_JOINT_30_17,09dd6a02704a76b898325b52b4363a32298cf6aae27d0251169ccffc8a2245ac,TASK3_OPERATIONAL_POOLED_V1,CAPACITY_AVAIL_SEVERE_JOINT_30_17,LOCAL_WINDOW_HPP_BASE,49,300.000000000,360.162061883,423,344,14,30,18,17,79,423,0,0,0,8.467847565,14.485345829,7.433410859,14.927986418,15.901258424,26.288110743,0.000000000,0.000000000,0.000000000,50.719440242,61.106292561,0.854160935,0.898125101,79,0.186761229,60.162061883,true,COMPLETE,0,300,347.162061883,373,392,24,23,38,3510.71699773,2362.83402548,5873.55102321,11.7023899924,7.87611341826,19.5785034107
1.0,OP_AVAIL_MLE_BASE_CAPACITY_AVAIL_SEVERE_JOINT_30_17,09dd6a02704a76b898325b52b4363a32298cf6aae27d0251169ccffc8a2245ac,TASK3_OPERATIONAL_POOLED_V1,CAPACITY_AVAIL_SEVERE_JOINT_30_17,LOCAL_WINDOW_HPP_BASE,50,300.000000000,357.740819574,414,338,15,30,14,17,76,414,0,0,0,4.234177349,11.349180233,5.578401649,12.546028981,9.812578998,22.653720526,0.000000000,0.000000000,0.000000000,44.630760816,57.471902344,0.841645383,0.884965366,76,0.183574879,57.740819574,true,COMPLETE,0,300,344.740819574,307,345,18,20,32,1687.0285199,1697.48720901,3384.51572891,5.62342839966,5.65829069669,11.2817190964
1.0,OP_AVAIL_EXACT95_HIGH_CAPACITY_AVAIL_SEVERE_JOINT_30_17,a057757b86744a2376d6921c93be4ae7953b03831df8f0f4d342c33923c7e7f5,TASK3_OPERATIONAL_POOLED_V1,CAPACITY_AVAIL_SEVERE_JOINT_30_17,LOCAL_WINDOW_HPP_EXACT95_HIGH,1,300.000000000,467.437841854,564,346,156,30,15,17,218,564,0,0,0,53.484913374,105.942784976,9.630392373,19.090909094,63.115305747,124.697981612,0.000000000,0.000000000,0.000000000,97.933487565,159.516163430,0.877510936,0.922676940,218,0.386524823,167.437841854,true,COMPLETE,0,300,454.437841854,506,527,157,30,173,21424.8297552,2240.2084649,23665.03822,71.4160991838,7.46736154965,78.8834607335
1.0,OP_AVAIL_EXACT95_HIGH_CAPACITY_AVAIL_SEVERE_JOINT_30_17,a057757b86744a2376d6921c93be4ae7953b03831df8f0f4d342c33923c7e7f5,TASK3_OPERATIONAL_POOLED_V1,CAPACITY_AVAIL_SEVERE_JOINT_30_17,LOCAL_WINDOW_HPP_EXACT95_HIGH,2,300.000000000,486.796284050,593,348,173,30,25,17,245,593,0,0,0,64.077132297,125.230575671,12.952842347,23.996432343,77.029974644,149.147013530,0.000000000,0.000000000,0.000000000,111.848156462,183.965195348,0.885940878,0.931540776,245,0.413153457,186.796284050,true,COMPLETE,0,300,473.79628405,563,571,180,36,200,26682.3331483,3346.19954652,30028.5326948,88.9411104942,11.1539984884,100.095108983
1.0,OP_AVAIL_EXACT95_HIGH_CAPACITY_AVAIL_SEVERE_JOINT_30_17,a057757b86744a2376d6921c93be4ae7953b03831df8f0f4d342c33923c7e7f5,TASK3_OPERATIONAL_POOLED_V1,CAPACITY_AVAIL_SEVERE_JOINT_30_17,LOCAL_WINDOW_HPP_EXACT95_HIGH,3,300.000000000,505.269343786,617,349,197,30,24,17,268,617,0,0,0,64.356172093,135.294812446,14.415620751,26.771026525,78.771792843,159.772720921,0.000000000,0.000000000,0.000000000,113.589974661,194.590902739,0.888095188,0.933805969,268,0.434359806,205.269343786,true,COMPLETE,0,300,492.269343786,587,592,197,43,221,25367.0653511,3754.43933675,29121.5046878,84.5568845036,12.5147977892,97.0716822928
1.0,OP_AVAIL_EXACT95_HIGH_CAPACITY_AVAIL_SEVERE_JOINT_30_17,a057757b86744a2376d6921c93be4ae7953b03831df8f0f4d342c33923c7e7f5,TASK3_OPERATIONAL_POOLED_V1,CAPACITY_AVAIL_SEVERE_JOINT_30_17,LOCAL_WINDOW_HPP_EXACT95_HIGH,4,300.000000000,464.889755364,562,349,142,30,24,17,213,562,0,0,0,48.877792175,94.181837480,13.928437275,25.173292441,62.806229450,118.539553346,0.000000000,0.000000000,0.000000000,97.624411268,153.357735164,0.879191826,0.924444346,213,0.379003559,164.889755364,true,COMPLETE,0,300,451.889755364,532,537,142,38,167,19991.7346038,3955.52724756,23947.2618514,66.639115346,13.1850908252,79.8242061712
1.0,OP_AVAIL_EXACT95_HIGH_CAPACITY_AVAIL_SEVERE_JOINT_30_17,a057757b86744a2376d6921c93be4ae7953b03831df8f0f4d342c33923c7e7f5,TASK3_OPERATIONAL_POOLED_V1,CAPACITY_AVAIL_SEVERE_JOINT_30_17,LOCAL_WINDOW_HPP_EXACT95_HIGH,5,300.000000000,484.932196309,591,347,172,30,25,17,244,591,0,0,0,60.733700053,120.292754082,12.039330953,22.415033892,72.773031007,144.055550522,0.000000000,0.000000000,0.000000000,107.591212825,178.873732340,0.886346968,0.931967768,244,0.412859560,184.932196309,true,COMPLETE,0,300,471.932196309,561,570,179,34,201,24594.9810201,2997.11271919,27592.0937393,81.983270067,9.99037573064,91.9736457976
1.0,OP_AVAIL_EXACT95_HIGH_CAPACITY_AVAIL_SEVERE_JOINT_30_17,a057757b86744a2376d6921c93be4ae7953b03831df8f0f4d342c33923c7e7f5,TASK3_OPERATIONAL_POOLED_V1,CAPACITY_AVAIL_SEVERE_JOINT_30_17,LOCAL_WINDOW_HPP_EXACT95_HIGH,6,300.000000000,469.456955958,571,349,151,30,24,17,222,571,0,0,0,53.467033833,105.840632188,13.771792417,25.835131318,67.238826250,127.422549304,0.000000000,0.000000000,0.000000000,102.057008068,162.240731122,0.884581051,0.930110958,222,0.388791594,169.456955958,true,COMPLETE,0,300,456.456955958,541,546,151,41,177,21981.1502134,3801.37438334,25782.5245967,73.2705007113,12.6712479445,85.9417486557
1.0,OP_AVAIL_EXACT95_HIGH_CAPACITY_AVAIL_SEVERE_JOINT_30_17,a057757b86744a2376d6921c93be4ae7953b03831df8f0f4d342c33923c7e7f5,TASK3_OPERATIONAL_POOLED_V1,CAPACITY_AVAIL_SEVERE_JOINT_30_17,LOCAL_WINDOW_HPP_EXACT95_HIGH,7,300.000000000,471.374341241,574,346,154,30,27,17,228,574,0,0,0,53.496494300,107.329045162,12.744555146,24.151175078,66.241049447,128.335573818,0.000000000,0.000000000,0.000000000,101.059231265,163.153755636,0.885611517,0.931194463,228,0.397212544,171.374341241,true,COMPLETE,0,300,458.374341241,544,553,154,38,181,21615.5050156,3381.84550164,24997.3505173,72.0516833855,11.2728183388,83.3245017243
1.0,OP_AVAIL_EXACT95_HIGH_CAPACITY_AVAIL_SEVERE_JOINT_30_17,a057757b86744a2376d6921c93be4ae7953b03831df8f0f4d342c33923c7e7f5,TASK3_OPERATIONAL_POOLED_V1,CAPACITY_AVAIL_SEVERE_JOINT_30_17,LOCAL_WINDOW_HPP_EXACT95_HIGH,8,300.000000000,460.894774842,559,349,139,30,24,17,210,559,0,0,0,52.240669285,98.523039949,12.468469304,22.604672332,64.709138589,120.721298657,0.000000000,0.000000000,0.000000000,99.527320407,155.539480475,0.882078680,0.927479788,210,0.375670841,160.894774842,true,COMPLETE,0,300,447.894774842,529,534,144,34,167,21846.6202802,3411.10585666,25257.7261369,72.8220676007,11.3703528555,84.1924204563
1.0,OP_AVAIL_EXACT95_HIGH_CAPACITY_AVAIL_SEVERE_JOINT_30_17,a057757b86744a2376d6921c93be4ae7953b03831df8f0f4d342c33923c7e7f5,TASK3_OPERATIONAL_POOLED_V1,CAPACITY_AVAIL_SEVERE_JOINT_30_17,LOCAL_WINDOW_HPP_EXACT95_HIGH,9,300.000000000,501.659127920,612,345,195,30,25,17,267,612,0,0,0,65.918006414,136.047660125,12.493465594,23.310309801,78.411472009,158.327823036,0.000000000,0.000000000,0.000000000,113.229653827,193.146004854,0.887237736,0.932904385,267,0.436274510,201.659127920,true,COMPLETE,0,300,488.65912792,582,593,196,36,220,25938.8755327,2984.38914735,28923.2646801,86.4629184425,9.9479638245,96.410882267
1.0,OP_AVAIL_EXACT95_HIGH_CAPACITY_AVAIL_SEVERE_JOINT_30_17,a057757b86744a2376d6921c93be4ae7953b03831df8f0f4d342c33923c7e7f5,TASK3_OPERATIONAL_POOLED_V1,CAPACITY_AVAIL_SEVERE_JOINT_30_17,LOCAL_WINDOW_HPP_EXACT95_HIGH,10,300.000000000,461.044396202,560,349,140,30,24,17,211,560,0,0,0,54.288290562,96.137563382,16.038383760,29.069220204,70.326674322,120.065032359,0.000000000,0.000000000,0.000000000,105.144856140,154.883214177,0.883369868,0.928837434,211,0.376785714,161.044396202,true,COMPLETE,0,300,448.044396202,530,535,141,47,166,23508.4474706,4814.25230938,28322.69978,78.3614915688,16.0475076979,94.4089992667
1.0,OP_AVAIL_EXACT95_HIGH_CAPACITY_AVAIL_SEVERE_JOINT_30_17,a057757b86744a2376d6921c93be4ae7953b03831df8f0f4d342c33923c7e7f5,TASK3_OPERATIONAL_POOLED_V1,CAPACITY_AVAIL_SEVERE_JOINT_30_17,LOCAL_WINDOW_HPP_EXACT95_HIGH,11,300.000000000,441.185091683,534,349,114,30,24,17,185,534,0,0,0,47.706330228,84.353652127,12.761300767,23.031844358,60.467630995,106.387083606,0.000000000,0.000000000,0.000000000,95.285812813,141.205265424,0.880273708,0.925581913,185,0.346441948,141.185091683,true,COMPLETE,0,300,428.185091683,504,509,125,36,142,20555.5488909,3699.0624009,24254.6112918,68.5184963031,12.330208003,80.8487043061
1.0,OP_AVAIL_EXACT95_HIGH_CAPACITY_AVAIL_SEVERE_JOINT_30_17,a057757b86744a2376d6921c93be4ae7953b03831df8f0f4d342c33923c7e7f5,TASK3_OPERATIONAL_POOLED_V1,CAPACITY_AVAIL_SEVERE_JOINT_30_17,LOCAL_WINDOW_HPP_EXACT95_HIGH,12,300.000000000,474.558600874,577,349,157,30,24,17,228,577,0,0,0,61.690380501,111.554845764,13.230350646,24.810151406,74.920731148,133.248934852,0.000000000,0.000000000,0.000000000,109.738912966,168.067116670,0.884266691,0.929780418,228,0.395147314,174.558600874,true,COMPLETE,0,300,461.558600874,547,552,160,37,186,26342.105459,3572.87348571,29914.9789447,87.8070181966,11.9095782857,99.7165964824
1.0,OP_AVAIL_EXACT95_HIGH_CAPACITY_AVAIL_SEVERE_JOINT_30_17,a057757b86744a2376d6921c93be4ae7953b03831df8f0f4d342c33923c7e7f5,TASK3_OPERATIONAL_POOLED_V1,CAPACITY_AVAIL_SEVERE_JOINT_30_17,LOCAL_WINDOW_HPP_EXACT95_HIGH,13,300.000000000,486.904775963,594,347,176,30,24,17,247,594,0,0,0,61.710231742,122.924648410,12.589768658,23.508055622,74.300000400,146.339395991,0.000000000,0.000000000,0.000000000,109.118182218,181.157577809,0.887237138,0.932903756,247,0.415824916,186.904775963,true,COMPLETE,0,300,473.904775963,556,573,177,35,202,25056.1440664,3188.37261571,28244.5166821,83.5204802214,10.627908719,94.1483889404
1.0,OP_AVAIL_EXACT95_HIGH_CAPACITY_AVAIL_SEVERE_JOINT_30_17,a057757b86744a2376d6921c93be4ae7953b03831df8f0f4d342c33923c7e7f5,TASK3_OPERATIONAL_POOLED_V1,CAPACITY_AVAIL_SEVERE_JOINT_30_17,LOCAL_WINDOW_HPP_EXACT95_HIGH,14,300.000000000,474.443844307,577,349,159,30,22,17,228,577,0,0,0,51.171005272,108.258179820,12.654296975,22.821316344,63.825302247,130.299184179,0.000000000,0.000000000,0.000000000,98.643484065,165.117365997,0.884480574,0.930005309,228,0.395147314,174.443844307,true,COMPLETE,0,300,461.443844307,541,552,159,34,181,20089.1457584,3334.66175888,23423.8075173,66.9638191948,11.1155391963,78.0793583911
1.0,OP_AVAIL_EXACT95_HIGH_CAPACITY_AVAIL_SEVERE_JOINT_30_17,a057757b86744a2376d6921c93be4ae7953b03831df8f0f4d342c33923c7e7f5,TASK3_OPERATIONAL_POOLED_V1,CAPACITY_AVAIL_SEVERE_JOINT_30_17,LOCAL_WINDOW_HPP_EXACT95_HIGH,15,300.000000000,495.181710451,604,348,184,30,25,17,256,604,0,0,0,69.482770707,132.224789850,12.865228280,23.883804205,82.347998986,155.405385159,0.000000000,0.000000000,0.000000000,117.166180804,190.223566977,0.887094006,0.932753256,256,0.423841060,195.181710451,true,COMPLETE,0,300,482.181710451,574,583,189,39,210,29089.9212048,3220.76242323,32310.683628,96.9664040159,10.7358747441,107.70227876
1.0,OP_AVAIL_EXACT95_HIGH_CAPACITY_AVAIL_SEVERE_JOINT_30_17,a057757b86744a2376d6921c93be4ae7953b03831df8f0f4d342c33923c7e7f5,TASK3_OPERATIONAL_POOLED_V1,CAPACITY_AVAIL_SEVERE_JOINT_30_17,LOCAL_WINDOW_HPP_EXACT95_HIGH,16,300.000000000,454.951506737,549,347,134,30,21,17,202,549,0,0,0,44.972671039,94.631272889,11.136900627,20.514306442,56.109571666,114.155450064,0.000000000,0.000000000,0.000000000,90.927753484,148.973631882,0.877616013,0.922787425,202,0.367941712,154.951506737,true,COMPLETE,0,300,441.951506737,519,528,137,31,157,17985.0357279,2925.44522501,20910.480953,59.9501190931,9.75148408337,69.7016031765
1.0,OP_AVAIL_EXACT95_HIGH_CAPACITY_AVAIL_SEVERE_JOINT_30_17,a057757b86744a2376d6921c93be4ae7953b03831df8f0f4d342c33923c7e7f5,TASK3_OPERATIONAL_POOLED_V1,CAPACITY_AVAIL_SEVERE_JOINT_30_17,LOCAL_WINDOW_HPP_EXACT95_HIGH,17,300.000000000,453.604600084,550,348,135,30,20,17,202,550,0,0,0,49.771246623,95.891031898,11.221747459,20.787320543,60.992994083,115.712814656,0.000000000,0.000000000,0.000000000,95.811175901,150.530996474,0.881825272,0.927213338,202,0.367272727,153.604600084,true,COMPLETE,0,300,440.604600084,520,527,139,32,158,20772.4278644,2989.39494485,23761.8228093,69.2414262148,9.96464981617,79.2060760309
1.0,OP_AVAIL_EXACT95_HIGH_CAPACITY_AVAIL_SEVERE_JOINT_30_17,a057757b86744a2376d6921c93be4ae7953b03831df8f0f4d342c33923c7e7f5,TASK3_OPERATIONAL_POOLED_V1,CAPACITY_AVAIL_SEVERE_JOINT_30_17,LOCAL_WINDOW_HPP_EXACT95_HIGH,18,300.000000000,491.576061119,598,349,178,30,24,17,249,598,0,0,0,57.134471477,121.365480264,12.795282203,24.168625194,69.929753680,146.120212213,0.000000000,0.000000000,0.000000000,104.747935498,180.938394031,0.884723902,0.930261162,249,0.416387960,191.576061119,true,COMPLETE,0,300,478.576061119,568,577,179,38,206,22007.8762416,3224.25463621,25232.1308778,73.3595874719,10.747515454,84.1071029259
1.0,OP_AVAIL_EXACT95_HIGH_CAPACITY_AVAIL_SEVERE_JOINT_30_17,a057757b86744a2376d6921c93be4ae7953b03831df8f0f4d342c33923c7e7f5,TASK3_OPERATIONAL_POOLED_V1,CAPACITY_AVAIL_SEVERE_JOINT_30_17,LOCAL_WINDOW_HPP_EXACT95_HIGH,19,300.000000000,455.451331238,550,347,132,30,24,17,203,550,0,0,0,44.637882676,90.575523549,11.644943614,21.391908241,56.282826290,110.323675840,0.000000000,0.000000000,0.000000000,91.101008108,145.141857658,0.878249711,0.923453740,203,0.369090909,155.451331238,true,COMPLETE,0,300,442.451331238,517,528,133,32,157,17892.8268409,3132.57671472,21025.4035556,59.6427561362,10.4419223824,70.0846785186
1.0,OP_AVAIL_EXACT95_HIGH_CAPACITY_AVAIL_SEVERE_JOINT_30_17,a057757b86744a2376d6921c93be4ae7953b03831df8f0f4d342c33923c7e7f5,TASK3_OPERATIONAL_POOLED_V1,CAPACITY_AVAIL_SEVERE_JOINT_30_17,LOCAL_WINDOW_HPP_EXACT95_HIGH,20,300.000000000,478.478644455,581,347,165,30,22,17,234,581,0,0,0,48.308070223,111.297204181,11.782959104,21.702068444,60.091029327,132.452692072,0.000000000,0.000000000,0.000000000,94.909211145,167.270873890,0.883102014,0.928555794,234,0.402753873,178.478644455,true,COMPLETE,0,300,465.478644455,551,559,165,32,187,18043.0394419,2973.33359418,21016.3730361,60.1434648064,9.9111119806,70.054576787
1.0,OP_AVAIL_EXACT95_HIGH_CAPACITY_AVAIL_SEVERE_JOINT_30_17,a057757b86744a2376d6921c93be4ae7953b03831df8f0f4d342c33923c7e7f5,TASK3_OPERATIONAL_POOLED_V1,CAPACITY_AVAIL_SEVERE_JOINT_30_17,LOCAL_WINDOW_HPP_EXACT95_HIGH,21,300.000000000,458.125250058,556,349,138,30,22,17,207,556,0,0,0,46.660218910,94.534445229,12.163258105,22.752101006,58.823477015,117.288764428,0.000000000,0.000000000,0.000000000,93.641658833,152.106946246,0.882648656,0.928079102,207,0.372302158,158.125250058,true,COMPLETE,0,300,445.125250058,526,531,140,34,163,18799.3842447,3288.11472596,22087.4989707,62.664614149,10.9603824199,73.6249965689
1.0,OP_AVAIL_EXACT95_HIGH_CAPACITY_AVAIL_SEVERE_JOINT_30_17,a057757b86744a2376d6921c93be4ae7953b03831df8f0f4d342c33923c7e7f5,TASK3_OPERATIONAL_POOLED_V1,CAPACITY_AVAIL_SEVERE_JOINT_30_17,LOCAL_WINDOW_HPP_EXACT95_HIGH,22,300.000000000,445.277519021,537,346,118,30,26,17,191,537,0,0,0,45.230786536,85.065695139,11.485828663,21.499155850,56.716615199,105.902110800,0.000000000,0.000000000,0.000000000,91.534797017,140.720292618,0.877083252,0.922227243,191,0.355679702,145.277519021,true,COMPLETE,0,300,432.277519021,507,514,124,34,144,18789.1434232,3142.26815287,21931.4115761,62.6304780774,10.4742271762,73.1047052536
1.0,OP_AVAIL_EXACT95_HIGH_CAPACITY_AVAIL_SEVERE_JOINT_30_17,a057757b86744a2376d6921c93be4ae7953b03831df8f0f4d342c33923c7e7f5,TASK3_OPERATIONAL_POOLED_V1,CAPACITY_AVAIL_SEVERE_JOINT_30_17,LOCAL_WINDOW_HPP_EXACT95_HIGH,23,300.000000000,475.016093399,576,346,162,30,21,17,230,576,0,0,0,52.135128767,113.664549630,11.545721134,21.482362642,63.680849901,135.547695439,0.000000000,0.000000000,0.000000000,98.499031719,170.365877257,0.881883997,0.927275085,230,0.399305556,175.016093399,true,COMPLETE,0,300,462.016093399,546,556,162,33,185,20365.9579231,2886.09554631,23252.0534694,67.8865264103,9.6203184877,77.506844898
1.0,OP_AVAIL_EXACT95_HIGH_CAPACITY_AVAIL_SEVERE_JOINT_30_17,a057757b86744a2376d6921c93be4ae7953b03831df8f0f4d342c33923c7e7f5,TASK3_OPERATIONAL_POOLED_V1,CAPACITY_AVAIL_SEVERE_JOINT_30_17,LOCAL_WINDOW_HPP_EXACT95_HIGH,24,300.000000000,466.617213821,565,349,145,30,24,17,216,565,0,0,0,54.897504868,101.067367624,13.090389866,24.177755171,67.987894735,122.661494932,0.000000000,0.000000000,0.000000000,102.806076553,157.479676750,0.880612799,0.925938458,216,0.382300885,166.617213821,true,COMPLETE,0,300,453.617213821,535,540,145,37,170,23064.0194834,3592.84282223,26656.8623057,76.8800649448,11.9761427408,88.8562076855
1.0,OP_AVAIL_EXACT95_HIGH_CAPACITY_AVAIL_SEVERE_JOINT_30_17,a057757b86744a2376d6921c93be4ae7953b03831df8f0f4d342c33923c7e7f5,TASK3_OPERATIONAL_POOLED_V1,CAPACITY_AVAIL_SEVERE_JOINT_30_17,LOCAL_WINDOW_HPP_EXACT95_HIGH,25,300.000000000,439.931982460,530,347,111,30,25,17,183,530,0,0,0,41.684597757,78.897637685,11.228278551,20.445140176,52.912876308,100.649436398,0.000000000,0.000000000,0.000000000,87.731058126,135.467618216,0.876168501,0.921265409,183,0.345283019,139.931982460,true,COMPLETE,0,300,426.93198246,500,507,116,33,136,17269.0991541,3118.86355867,20387.9627128,57.563663847,10.3962118622,67.9598757092
1.0,OP_AVAIL_EXACT95_HIGH_CAPACITY_AVAIL_SEVERE_JOINT_30_17,a057757b86744a2376d6921c93be4ae7953b03831df8f0f4d342c33923c7e7f5,TASK3_OPERATIONAL_POOLED_V1,CAPACITY_AVAIL_SEVERE_JOINT_30_17,LOCAL_WINDOW_HPP_EXACT95_HIGH,26,300.000000000,480.393615383,582,348,162,30,25,17,234,582,0,0,0,64.335178935,114.129502430,13.901247737,25.469898946,78.236426673,137.028673873,0.000000000,0.000000000,0.000000000,113.054608491,171.846855691,0.881095655,0.926446167,234,0.402061856,180.393615383,true,COMPLETE,0,300,467.393615383,552,558,167,41,188,27522.013608,3783.54609877,31305.5597067,91.7400453599,12.6118203292,104.351865689
1.0,OP_AVAIL_EXACT95_HIGH_CAPACITY_AVAIL_SEVERE_JOINT_30_17,a057757b86744a2376d6921c93be4ae7953b03831df8f0f4d342c33923c7e7f5,TASK3_OPERATIONAL_POOLED_V1,CAPACITY_AVAIL_SEVERE_JOINT_30_17,LOCAL_WINDOW_HPP_EXACT95_HIGH,27,300.000000000,465.295534958,563,348,148,30,20,17,215,563,0,0,0,56.025105275,99.946926758,10.973059870,20.568709636,66.998165146,121.324024083,0.000000000,0.000000000,0.000000000,101.816346964,156.142205901,0.879988125,0.925281632,215,0.381882771,165.295534958,true,COMPLETE,0,300,452.295534958,533,541,151,31,171,23440.1272498,2778.48682926,26218.6140791,78.1337574995,9.26162276419,87.3953802637
1.0,OP_AVAIL_EXACT95_HIGH_CAPACITY_AVAIL_SEVERE_JOINT_30_17,a057757b86744a2376d6921c93be4ae7953b03831df8f0f4d342c33923c7e7f5,TASK3_OPERATIONAL_POOLED_V1,CAPACITY_AVAIL_SEVERE_JOINT_30_17,LOCAL_WINDOW_HPP_EXACT95_HIGH,28,300.000000000,474.117145201,575,349,155,30,24,17,226,575,0,0,0,49.368265376,109.455181891,12.966803992,23.102097255,62.335069368,130.943950799,0.000000000,0.000000000,0.000000000,97.153251186,165.762132617,0.882022138,0.927420337,226,0.393043478,174.117145201,true,COMPLETE,0,300,461.117145201,535,550,158,37,183,19281.6503532,3476.00730701,22757.6576602,64.272167844,11.5866910234,75.8588588673
1.0,OP_AVAIL_EXACT95_HIGH_CAPACITY_AVAIL_SEVERE_JOINT_30_17,a057757b86744a2376d6921c93be4ae7953b03831df8f0f4d342c33923c7e7f5,TASK3_OPERATIONAL_POOLED_V1,CAPACITY_AVAIL_SEVERE_JOINT_30_17,LOCAL_WINDOW_HPP_EXACT95_HIGH,29,300.000000000,426.939685907,513,349,98,30,19,17,164,513,0,0,0,39.173272668,70.865829393,10.548003455,20.040233987,49.721276123,90.821015332,0.000000000,0.000000000,0.000000000,84.539457941,125.639197150,0.873872637,0.918851375,164,0.319688109,126.939685907,true,COMPLETE,0,300,413.939685907,483,484,104,30,122,16561.9517978,2971.57290244,19533.5247002,55.2065059925,9.90524300813,65.1117490006
1.0,OP_AVAIL_EXACT95_HIGH_CAPACITY_AVAIL_SEVERE_JOINT_30_17,a057757b86744a2376d6921c93be4ae7953b03831df8f0f4d342c33923c7e7f5,TASK3_OPERATIONAL_POOLED_V1,CAPACITY_AVAIL_SEVERE_JOINT_30_17,LOCAL_WINDOW_HPP_EXACT95_HIGH,30,300.000000000,484.410334305,591,348,177,30,19,17,243,591,0,0,0,59.241074336,120.520709429,11.281859573,21.492660713,70.522933909,140.818288677,0.000000000,0.000000000,0.000000000,105.341115727,175.636470495,0.887301842,0.932971790,243,0.411167513,184.410334305,true,COMPLETE,0,300,471.410334305,561,562,178,33,198,23643.8767041,2708.20567466,26352.0823788,78.8129223472,9.02735224886,87.840274596
1.0,OP_AVAIL_EXACT95_HIGH_CAPACITY_AVAIL_SEVERE_JOINT_30_17,a057757b86744a2376d6921c93be4ae7953b03831df8f0f4d342c33923c7e7f5,TASK3_OPERATIONAL_POOLED_V1,CAPACITY_AVAIL_SEVERE_JOINT_30_17,LOCAL_WINDOW_HPP_EXACT95_HIGH,31,300.000000000,495.933528267,606,349,186,30,24,17,257,606,0,0,0,68.379185459,130.727342745,14.379000090,25.929889168,82.758185549,154.832398141,0.000000000,0.000000000,0.000000000,117.576367367,189.650579959,0.888682147,0.934423140,257,0.424092409,195.933528267,true,COMPLETE,0,300,482.933528267,576,581,189,41,213,28578.9602824,3798.99284489,32377.9531273,95.2632009413,12.663309483,107.926510424
1.0,OP_AVAIL_EXACT95_HIGH_CAPACITY_AVAIL_SEVERE_JOINT_30_17,a057757b86744a2376d6921c93be4ae7953b03831df8f0f4d342c33923c7e7f5,TASK3_OPERATIONAL_POOLED_V1,CAPACITY_AVAIL_SEVERE_JOINT_30_17,LOCAL_WINDOW_HPP_EXACT95_HIGH,32,300.000000000,455.011405676,551,349,131,30,24,17,202,551,0,0,0,51.513917851,92.547149162,13.386518266,24.200745786,64.900436117,113.235004479,0.000000000,0.000000000,0.000000000,99.718617935,148.053186297,0.880697204,0.926027207,202,0.366606171,155.011405676,true,COMPLETE,0,300,442.011405676,521,526,132,37,156,21912.0994551,3819.617996,25731.7174511,73.040331517,12.7320599867,85.7723915036
1.0,OP_AVAIL_EXACT95_HIGH_CAPACITY_AVAIL_SEVERE_JOINT_30_17,a057757b86744a2376d6921c93be4ae7953b03831df8f0f4d342c33923c7e7f5,TASK3_OPERATIONAL_POOLED_V1,CAPACITY_AVAIL_SEVERE_JOINT_30_17,LOCAL_WINDOW_HPP_EXACT95_HIGH,33,300.000000000,471.513270510,573,348,156,30,22,17,225,573,0,0,0,52.158032268,110.021816447,12.000239275,22.402451572,64.158271543,130.748918095,0.000000000,0.000000000,0.000000000,98.976453361,165.567099913,0.883808153,0.929298279,225,0.392670157,171.513270510,true,COMPLETE,0,300,458.51327051,543,551,159,35,182,20828.1292042,3103.96669303,23932.0958973,69.4270973474,10.3465556434,79.7736529909
1.0,OP_AVAIL_EXACT95_HIGH_CAPACITY_AVAIL_SEVERE_JOINT_30_17,a057757b86744a2376d6921c93be4ae7953b03831df8f0f4d342c33923c7e7f5,TASK3_OPERATIONAL_POOLED_V1,CAPACITY_AVAIL_SEVERE_JOINT_30_17,LOCAL_WINDOW_HPP_EXACT95_HIGH,34,300.000000000,482.475660103,587,348,167,30,25,17,239,587,0,0,0,60.644471486,119.276020893,13.440659584,25.067401719,74.085131071,141.518056805,0.000000000,0.000000000,0.000000000,108.903312889,176.336238623,0.884830316,0.930373053,239,0.407155026,182.475660103,true,COMPLETE,0,300,469.475660103,557,564,173,38,192,25026.4822412,3576.76587496,28603.2481162,83.4216074708,11.9225529165,95.3441603873
1.0,OP_AVAIL_EXACT95_HIGH_CAPACITY_AVAIL_SEVERE_JOINT_30_17,a057757b86744a2376d6921c93be4ae7953b03831df8f0f4d342c33923c7e7f5,TASK3_OPERATIONAL_POOLED_V1,CAPACITY_AVAIL_SEVERE_JOINT_30_17,LOCAL_WINDOW_HPP_EXACT95_HIGH,35,300.000000000,453.243325526,548,349,128,30,24,17,199,548,0,0,0,42.576272517,90.348806458,12.323046695,22.521321853,54.899319212,110.292910963,0.000000000,0.000000000,0.000000000,89.717501030,145.111092781,0.879318971,0.924578036,199,0.363138686,153.243325526,true,COMPLETE,0,300,440.243325526,518,523,130,34,155,17043.0640723,3422.54883183,20465.6129041,56.8102135742,11.4084961061,68.2187096803
1.0,OP_AVAIL_EXACT95_HIGH_CAPACITY_AVAIL_SEVERE_JOINT_30_17,a057757b86744a2376d6921c93be4ae7953b03831df8f0f4d342c33923c7e7f5,TASK3_OPERATIONAL_POOLED_V1,CAPACITY_AVAIL_SEVERE_JOINT_30_17,LOCAL_WINDOW_HPP_EXACT95_HIGH,36,300.000000000,468.518863758,567,347,152,30,21,17,220,567,0,0,0,52.883796119,106.903328009,11.811988433,21.726110377,64.695784553,128.435048369,0.000000000,0.000000000,0.000000000,99.513966371,163.253230187,0.880143081,0.925444563,220,0.388007055,168.518863758,true,COMPLETE,0,300,455.518863758,537,544,154,34,175,21516.4933792,3060.69701263,24577.1903918,71.7216445972,10.2023233754,81.9239679726
1.0,OP_AVAIL_EXACT95_HIGH_CAPACITY_AVAIL_SEVERE_JOINT_30_17,a057757b86744a2376d6921c93be4ae7953b03831df8f0f4d342c33923c7e7f5,TASK3_OPERATIONAL_POOLED_V1,CAPACITY_AVAIL_SEVERE_JOINT_30_17,LOCAL_WINDOW_HPP_EXACT95_HIGH,37,300.000000000,458.962434282,556,348,143,30,18,17,208,556,0,0,0,49.501400006,102.363084097,10.511243630,19.657931354,60.012643636,123.097571150,0.000000000,0.000000000,0.000000000,94.830825454,157.915752968,0.881038634,0.926386211,208,0.374100719,158.962434282,true,COMPLETE,0,300,445.962434282,526,534,147,30,164,20149.7724772,2651.97379941,22801.7462766,67.1659082572,8.83991266469,76.0058209219
1.0,OP_AVAIL_EXACT95_HIGH_CAPACITY_AVAIL_SEVERE_JOINT_30_17,a057757b86744a2376d6921c93be4ae7953b03831df8f0f4d342c33923c7e7f5,TASK3_OPERATIONAL_POOLED_V1,CAPACITY_AVAIL_SEVERE_JOINT_30_17,LOCAL_WINDOW_HPP_EXACT95_HIGH,38,300.000000000,454.760768785,550,346,140,30,17,17,204,550,0,0,0,50.542470951,97.136494808,9.725369247,19.244308886,60.267840199,114.518591556,0.000000000,0.000000000,0.000000000,95.086022017,149.336773374,0.879583349,0.924856021,204,0.370909091,154.760768785,true,COMPLETE,0,300,441.760768785,502,511,142,30,158,20863.217055,2382.24464676,23245.4617017,69.5440568499,7.9408154892,77.4848723391
1.0,OP_AVAIL_EXACT95_HIGH_CAPACITY_AVAIL_SEVERE_JOINT_30_17,a057757b86744a2376d6921c93be4ae7953b03831df8f0f4d342c33923c7e7f5,TASK3_OPERATIONAL_POOLED_V1,CAPACITY_AVAIL_SEVERE_JOINT_30_17,LOCAL_WINDOW_HPP_EXACT95_HIGH,39,300.000000000,478.299460375,581,348,162,30,24,17,233,581,0,0,0,57.258495041,115.782007768,12.365479141,22.798246570,69.623974183,137.966476534,0.000000000,0.000000000,0.000000000,104.442156001,172.784658352,0.883432848,0.928903657,233,0.401032702,178.299460375,true,COMPLETE,0,300,465.299460375,551,559,168,34,186,23260.0471856,3191.24793294,26451.2951185,77.5334906186,10.6374931098,88.1709837284
1.0,OP_AVAIL_EXACT95_HIGH_CAPACITY_AVAIL_SEVERE_JOINT_30_17,a057757b86744a2376d6921c93be4ae7953b03831df8f0f4d342c33923c7e7f5,TASK3_OPERATIONAL_POOLED_V1,CAPACITY_AVAIL_SEVERE_JOINT_30_17,LOCAL_WINDOW_HPP_EXACT95_HIGH,40,300.000000000,491.201149903,596,349,180,30,20,17,247,596,0,0,0,61.076596276,122.645026408,11.626097921,21.919132511,72.702694197,145.579673491,0.000000000,0.000000000,0.000000000,107.520876015,180.397855309,0.882437970,0.927857571,247,0.414429530,191.201149903,true,COMPLETE,0,300,478.201149903,566,573,181,33,201,24341.2122289,2788.91668421,27130.1289131,81.1373740963,9.29638894736,90.4337630437
1.0,OP_AVAIL_EXACT95_HIGH_CAPACITY_AVAIL_SEVERE_JOINT_30_17,a057757b86744a2376d6921c93be4ae7953b03831df8f0f4d342c33923c7e7f5,TASK3_OPERATIONAL_POOLED_V1,CAPACITY_AVAIL_SEVERE_JOINT_30_17,LOCAL_WINDOW_HPP_EXACT95_HIGH,41,300.000000000,465.205101519,562,349,142,30,24,17,213,562,0,0,0,52.372241903,102.518306653,12.900916863,23.733962235,65.273158766,126.282958781,0.000000000,0.000000000,0.000000000,100.091340584,161.101140599,0.878595852,0.923817698,213,0.379003559,165.205101519,true,COMPLETE,0,300,452.205101519,531,537,150,35,170,21791.942427,3551.88214676,25343.8245738,72.63980809,11.8396071559,84.4794152459
1.0,OP_AVAIL_EXACT95_HIGH_CAPACITY_AVAIL_SEVERE_JOINT_30_17,a057757b86744a2376d6921c93be4ae7953b03831df8f0f4d342c33923c7e7f5,TASK3_OPERATIONAL_POOLED_V1,CAPACITY_AVAIL_SEVERE_JOINT_30_17,LOCAL_WINDOW_HPP_EXACT95_HIGH,42,300.000000000,483.992763615,591,348,172,30,24,17,243,591,0,0,0,64.607065264,123.265053832,12.173811676,22.550943403,76.780876940,143.897126653,0.000000000,0.000000000,0.000000000,111.599058758,178.715308471,0.888067372,0.933776722,243,0.411167513,183.992763615,true,COMPLETE,0,300,470.992763615,561,568,175,33,197,26922.822019,3048.01422226,29970.8362413,89.7427400633,10.1600474075,99.9027874709
1.0,OP_AVAIL_EXACT95_HIGH_CAPACITY_AVAIL_SEVERE_JOINT_30_17,a057757b86744a2376d6921c93be4ae7953b03831df8f0f4d342c33923c7e7f5,TASK3_OPERATIONAL_POOLED_V1,CAPACITY_AVAIL_SEVERE_JOINT_30_17,LOCAL_WINDOW_HPP_EXACT95_HIGH,43,300.000000000,465.197227725,562,349,144,30,22,17,213,562,0,0,0,53.042814134,99.405901381,11.594122136,21.518934091,64.636936270,120.246848569,0.000000000,0.000000000,0.000000000,99.455118088,155.065030387,0.878610723,0.923833334,213,0.379003559,165.197227725,true,COMPLETE,0,300,452.197227725,529,536,145,33,167,22020.9834021,3037.49963574,25058.4830378,73.403278007,10.1249987858,83.5282767928
1.0,OP_AVAIL_EXACT95_HIGH_CAPACITY_AVAIL_SEVERE_JOINT_30_17,a057757b86744a2376d6921c93be4ae7953b03831df8f0f4d342c33923c7e7f5,TASK3_OPERATIONAL_POOLED_V1,CAPACITY_AVAIL_SEVERE_JOINT_30_17,LOCAL_WINDOW_HPP_EXACT95_HIGH,44,300.000000000,486.589130622,591,345,179,30,20,17,246,591,0,0,0,59.772219985,123.607563430,11.455546057,21.547034364,71.227766042,145.553092262,0.000000000,0.000000000,0.000000000,106.045947860,180.371274080,0.883328777,0.928794229,246,0.416243655,186.589130622,true,COMPLETE,0,300,473.589130622,561,572,179,31,199,23662.8994781,2736.71983386,26399.619312,78.8763315938,9.1223994462,87.99873104
1.0,OP_AVAIL_EXACT95_HIGH_CAPACITY_AVAIL_SEVERE_JOINT_30_17,a057757b86744a2376d6921c93be4ae7953b03831df8f0f4d342c33923c7e7f5,TASK3_OPERATIONAL_POOLED_V1,CAPACITY_AVAIL_SEVERE_JOINT_30_17,LOCAL_WINDOW_HPP_EXACT95_HIGH,45,300.000000000,499.880615718,609,349,189,30,24,17,260,609,0,0,0,66.751235696,132.985470344,13.081830381,23.689396889,79.833066077,156.378890004,0.000000000,0.000000000,0.000000000,114.651247895,191.197071822,0.886029738,0.931634210,260,0.426929392,199.880615718,true,COMPLETE,0,300,486.880615718,579,586,190,38,215,27053.0223635,3268.53249156,30321.554855,90.1767412116,10.8951083052,101.071849517
1.0,OP_AVAIL_EXACT95_HIGH_CAPACITY_AVAIL_SEVERE_JOINT_30_17,a057757b86744a2376d6921c93be4ae7953b03831df8f0f4d342c33923c7e7f5,TASK3_OPERATIONAL_POOLED_V1,CAPACITY_AVAIL_SEVERE_JOINT_30_17,LOCAL_WINDOW_HPP_EXACT95_HIGH,46,300.000000000,468.223660150,564,345,144,30,28,17,219,564,0,0,0,51.233776093,105.690970167,13.064532490,24.275373653,64.298308583,126.381316943,0.000000000,0.000000000,0.000000000,99.116490401,161.199498761,0.876038212,0.921128414,219,0.388297872,168.223660150,true,COMPLETE,0,300,455.22366015,534,541,151,37,174,20779.0021283,3554.93731129,24333.9394396,69.2633404276,11.8497910376,81.1131314652
1.0,OP_AVAIL_EXACT95_HIGH_CAPACITY_AVAIL_SEVERE_JOINT_30_17,a057757b86744a2376d6921c93be4ae7953b03831df8f0f4d342c33923c7e7f5,TASK3_OPERATIONAL_POOLED_V1,CAPACITY_AVAIL_SEVERE_JOINT_30_17,LOCAL_WINDOW_HPP_EXACT95_HIGH,47,300.000000000,431.122991686,521,349,101,30,24,17,172,521,0,0,0,34.713971132,73.754709613,11.078258694,20.265418545,45.792229827,93.668021107,0.000000000,0.000000000,0.000000000,80.610411645,128.486202925,0.878888619,0.924125534,172,0.330134357,131.122991686,true,COMPLETE,0,300,418.122991686,491,495,107,33,130,14049.9218131,3137.09891329,17187.0207264,46.8330727105,10.4569963776,57.2900690881
1.0,OP_AVAIL_EXACT95_HIGH_CAPACITY_AVAIL_SEVERE_JOINT_30_17,a057757b86744a2376d6921c93be4ae7953b03831df8f0f4d342c33923c7e7f5,TASK3_OPERATIONAL_POOLED_V1,CAPACITY_AVAIL_SEVERE_JOINT_30_17,LOCAL_WINDOW_HPP_EXACT95_HIGH,48,300.000000000,453.573320219,548,349,132,30,20,17,199,548,0,0,0,50.657053197,93.819729586,10.712885123,20.298901485,61.369938320,114.175603691,0.000000000,0.000000000,0.000000000,96.188120138,148.993785509,0.878679227,0.923905364,199,0.363138686,153.573320219,true,COMPLETE,0,300,440.573320219,518,524,137,31,156,21225.2510169,2778.33331628,24003.5843332,70.750836723,9.26111105428,80.0119477773
1.0,OP_AVAIL_EXACT95_HIGH_CAPACITY_AVAIL_SEVERE_JOINT_30_17,a057757b86744a2376d6921c93be4ae7953b03831df8f0f4d342c33923c7e7f5,TASK3_OPERATIONAL_POOLED_V1,CAPACITY_AVAIL_SEVERE_JOINT_30_17,LOCAL_WINDOW_HPP_EXACT95_HIGH,49,300.000000000,467.773432792,569,349,150,30,23,17,220,569,0,0,0,58.372872764,106.049243095,12.107611113,22.935930191,70.480483876,125.755848446,0.000000000,0.000000000,0.000000000,105.298665694,160.574030264,0.884655162,0.930188883,220,0.386643234,167.773432792,true,COMPLETE,0,300,454.773432792,539,548,150,35,173,24678.966181,3176.01861453,27854.9847955,82.2632206033,10.5867287151,92.8499493184
1.0,OP_AVAIL_EXACT95_HIGH_CAPACITY_AVAIL_SEVERE_JOINT_30_17,a057757b86744a2376d6921c93be4ae7953b03831df8f0f4d342c33923c7e7f5,TASK3_OPERATIONAL_POOLED_V1,CAPACITY_AVAIL_SEVERE_JOINT_30_17,LOCAL_WINDOW_HPP_EXACT95_HIGH,50,300.000000000,483.507307034,589,349,169,30,24,17,240,589,0,0,0,57.340830331,116.593352236,14.121539832,25.655871776,71.462370162,141.144890504,0.000000000,0.000000000,0.000000000,106.280551980,175.963072322,0.885950698,0.931551102,240,0.407470289,183.507307034,true,COMPLETE,0,300,470.507307034,559,564,169,41,197,23040.85711,3814.33691675,26855.1940268,76.8028570334,12.7144563892,89.5173134225
