schema_version,config_id,config_sha256,model_version,scenario_id,input_sample_id,replication_id,arrival_cutoff_seconds,drain_end_seconds,arrivals,completed_at_cutoff,security_queue_at_cutoff,security_in_service_at_cutoff,immigration_queue_at_cutoff,immigration_in_service_at_cutoff,wip_at_cutoff,completed_after_drain,rejected_or_dropped_count,technology_count,additional_check_count,security_wait_mean_seconds,security_wait_p95_seconds,immigration_wait_mean_seconds,immigration_wait_p95_seconds,total_queue_wait_mean_seconds,total_queue_wait_p95_seconds,total_queue_wait_exceed_600_rate,total_queue_wait_exceed_900_rate,total_queue_wait_exceed_1200_rate,system_time_mean_seconds,system_time_p95_seconds,security_utilization,immigration_utilization,cutoff_backlog,cutoff_backlog_fraction,cohort_clear_time_after_cutoff_seconds,conservation_pass,run_status
1.0,OP_AVAIL_MLE_BASE_CAPACITY_AVAIL_IMMIGRATION_MINUS_3,01537ae28094b776ba547aac84a146217f6fda92b8c6379ea55746cde1b4c754,TASK3_OPERATIONAL_POOLED_V1,CAPACITY_AVAIL_IMMIGRATION_MINUS_3,LOCAL_WINDOW_HPP_BASE,1,300.000000000,334.854323649,396,354,0,24,0,18,42,396,0,0,0,0.057488243,0.190262896,2.199991977,5.772109861,2.257480220,5.935551753,0.000000000,0.000000000,0.000000000,37.075662038,40.753733571,0.716729584,0.854102754,42,0.106060606,34.854323649,true,COMPLETE
1.0,OP_AVAIL_MLE_BASE_CAPACITY_AVAIL_IMMIGRATION_MINUS_3,01537ae28094b776ba547aac84a146217f6fda92b8c6379ea55746cde1b4c754,TASK3_OPERATIONAL_POOLED_V1,CAPACITY_AVAIL_IMMIGRATION_MINUS_3,LOCAL_WINDOW_HPP_BASE,2,300.000000000,353.697626202,442,368,8,36,12,18,74,442,0,0,0,0.365808343,2.433340877,7.349389880,14.160053771,7.715198223,15.422250589,0.000000000,0.000000000,0.000000000,42.533380041,50.240432407,0.757366655,0.902528597,74,0.167420814,53.697626202,true,COMPLETE
1.0,OP_AVAIL_MLE_BASE_CAPACITY_AVAIL_IMMIGRATION_MINUS_3,01537ae28094b776ba547aac84a146217f6fda92b8c6379ea55746cde1b4c754,TASK3_OPERATIONAL_POOLED_V1,CAPACITY_AVAIL_IMMIGRATION_MINUS_3,LOCAL_WINDOW_HPP_BASE,3,300.000000000,334.760392420,393,350,0,29,0,14,43,393,0,0,0,0.084898731,0.481609869,1.823621814,7.173797133,1.908520544,7.173797133,0.000000000,0.000000000,0.000000000,36.726702362,41.991978951,0.711499399,0.847870118,43,0.109414758,34.760392420,true,COMPLETE
1.0,OP_AVAIL_MLE_BASE_CAPACITY_AVAIL_IMMIGRATION_MINUS_3,01537ae28094b776ba547aac84a146217f6fda92b8c6379ea55746cde1b4c754,TASK3_OPERATIONAL_POOLED_V1,CAPACITY_AVAIL_IMMIGRATION_MINUS_3,LOCAL_WINDOW_HPP_BASE,4,300.000000000,344.663925773,410,347,0,35,10,18,63,410,0,0,0,0.031298571,0.000000000,2.290631570,8.574696295,2.321930140,8.667866875,0.000000000,0.000000000,0.000000000,37.140111958,43.486048693,0.720948234,0.859129978,63,0.153658537,44.663925773,true,COMPLETE
1.0,OP_AVAIL_MLE_BASE_CAPACITY_AVAIL_IMMIGRATION_MINUS_3,01537ae28094b776ba547aac84a146217f6fda92b8c6379ea55746cde1b4c754,TASK3_OPERATIONAL_POOLED_V1,CAPACITY_AVAIL_IMMIGRATION_MINUS_3,LOCAL_WINDOW_HPP_BASE,5,300.000000000,333.557018640,388,356,0,18,0,14,32,388,0,0,0,0.098018246,0.858015621,3.055982182,6.298769526,3.154000427,6.514039701,0.000000000,0.000000000,0.000000000,37.972182245,41.332221519,0.704981463,0.840102911,32,0.082474227,33.557018640,true,COMPLETE
1.0,OP_AVAIL_MLE_BASE_CAPACITY_AVAIL_IMMIGRATION_MINUS_3,01537ae28094b776ba547aac84a146217f6fda92b8c6379ea55746cde1b4c754,TASK3_OPERATIONAL_POOLED_V1,CAPACITY_AVAIL_IMMIGRATION_MINUS_3,LOCAL_WINDOW_HPP_BASE,6,300.000000000,346.321962930,419,356,0,33,12,18,63,419,0,0,0,0.101817006,0.855258499,6.580471008,13.252708864,6.682288014,13.269727350,0.000000000,0.000000000,0.000000000,41.500469832,48.087909168,0.733246577,0.873785505,63,0.150357995,46.321962930,true,COMPLETE
1.0,OP_AVAIL_MLE_BASE_CAPACITY_AVAIL_IMMIGRATION_MINUS_3,01537ae28094b776ba547aac84a146217f6fda92b8c6379ea55746cde1b4c754,TASK3_OPERATIONAL_POOLED_V1,CAPACITY_AVAIL_IMMIGRATION_MINUS_3,LOCAL_WINDOW_HPP_BASE,7,300.000000000,339.866615257,408,352,0,33,5,18,56,408,0,0,0,0.161438120,1.333000691,2.124530275,5.393195514,2.285968394,6.410100704,0.000000000,0.000000000,0.000000000,37.104150212,41.228282522,0.727558154,0.867006800,56,0.137254902,39.866615257,true,COMPLETE
1.0,OP_AVAIL_MLE_BASE_CAPACITY_AVAIL_IMMIGRATION_MINUS_3,01537ae28094b776ba547aac84a146217f6fda92b8c6379ea55746cde1b4c754,TASK3_OPERATIONAL_POOLED_V1,CAPACITY_AVAIL_IMMIGRATION_MINUS_3,LOCAL_WINDOW_HPP_BASE,8,300.000000000,353.825816755,442,368,0,21,35,18,74,442,0,0,0,1.042778706,5.258285645,14.084655618,25.341093481,15.127434324,26.558508685,0.000000000,0.000000000,0.000000000,49.945616142,61.376690503,0.757092262,0.902201612,74,0.167420814,53.825816755,true,COMPLETE
1.0,OP_AVAIL_MLE_BASE_CAPACITY_AVAIL_IMMIGRATION_MINUS_3,01537ae28094b776ba547aac84a146217f6fda92b8c6379ea55746cde1b4c754,TASK3_OPERATIONAL_POOLED_V1,CAPACITY_AVAIL_IMMIGRATION_MINUS_3,LOCAL_WINDOW_HPP_BASE,9,300.000000000,337.741384818,395,343,0,33,1,18,52,395,0,0,0,0.337787869,2.427248770,2.544544345,8.809770368,2.882332214,10.295005693,0.000000000,0.000000000,0.000000000,37.700514032,45.113187511,0.708808426,0.844663374,52,0.131645570,37.741384818,true,COMPLETE
1.0,OP_AVAIL_MLE_BASE_CAPACITY_AVAIL_IMMIGRATION_MINUS_3,01537ae28094b776ba547aac84a146217f6fda92b8c6379ea55746cde1b4c754,TASK3_OPERATIONAL_POOLED_V1,CAPACITY_AVAIL_IMMIGRATION_MINUS_3,LOCAL_WINDOW_HPP_BASE,10,300.000000000,335.366355807,394,342,0,31,3,18,52,394,0,0,0,0.063241865,0.165118014,1.839635458,6.184678844,1.902877322,6.381879442,0.000000000,0.000000000,0.000000000,36.721059140,41.200061260,0.712020972,0.848491659,52,0.131979695,35.366355807,true,COMPLETE
1.0,OP_AVAIL_MLE_BASE_CAPACITY_AVAIL_IMMIGRATION_MINUS_3,01537ae28094b776ba547aac84a146217f6fda92b8c6379ea55746cde1b4c754,TASK3_OPERATIONAL_POOLED_V1,CAPACITY_AVAIL_IMMIGRATION_MINUS_3,LOCAL_WINDOW_HPP_BASE,11,300.000000000,334.795505588,409,367,0,18,6,18,42,409,0,0,0,0.288482419,2.482026498,7.411299157,14.574260964,7.699781577,14.821736054,0.000000000,0.000000000,0.000000000,42.517963395,49.639917872,0.740388636,0.882296458,42,0.102689487,34.795505588,true,COMPLETE
1.0,OP_AVAIL_MLE_BASE_CAPACITY_AVAIL_IMMIGRATION_MINUS_3,01537ae28094b776ba547aac84a146217f6fda92b8c6379ea55746cde1b4c754,TASK3_OPERATIONAL_POOLED_V1,CAPACITY_AVAIL_IMMIGRATION_MINUS_3,LOCAL_WINDOW_HPP_BASE,12,300.000000000,346.243858147,423,359,0,28,18,18,64,423,0,0,0,0.429529951,3.594318012,5.807447339,14.061258359,6.236977290,15.150898556,0.000000000,0.000000000,0.000000000,41.055159108,49.969080374,0.740413527,0.882326120,64,0.151300236,46.243858147,true,COMPLETE
1.0,OP_AVAIL_MLE_BASE_CAPACITY_AVAIL_IMMIGRATION_MINUS_3,01537ae28094b776ba547aac84a146217f6fda92b8c6379ea55746cde1b4c754,TASK3_OPERATIONAL_POOLED_V1,CAPACITY_AVAIL_IMMIGRATION_MINUS_3,LOCAL_WINDOW_HPP_BASE,13,300.000000000,363.845803722,455,367,0,32,38,18,88,455,0,0,0,4.913418186,15.311140781,16.252997417,29.847713748,21.166415603,37.563980495,0.000000000,0.000000000,0.000000000,55.984597421,72.382162313,0.757896815,0.903160371,88,0.193406593,63.845803722,true,COMPLETE
1.0,OP_AVAIL_MLE_BASE_CAPACITY_AVAIL_IMMIGRATION_MINUS_3,01537ae28094b776ba547aac84a146217f6fda92b8c6379ea55746cde1b4c754,TASK3_OPERATIONAL_POOLED_V1,CAPACITY_AVAIL_IMMIGRATION_MINUS_3,LOCAL_WINDOW_HPP_BASE,14,300.000000000,333.719484820,374,343,0,17,0,14,31,374,0,0,0,0.105689980,0.485602555,2.030317807,6.099776720,2.136007787,6.733336318,0.000000000,0.000000000,0.000000000,36.954189605,41.551518136,0.679213162,0.809395685,31,0.082887701,33.719484820,true,COMPLETE
1.0,OP_AVAIL_MLE_BASE_CAPACITY_AVAIL_IMMIGRATION_MINUS_3,01537ae28094b776ba547aac84a146217f6fda92b8c6379ea55746cde1b4c754,TASK3_OPERATIONAL_POOLED_V1,CAPACITY_AVAIL_IMMIGRATION_MINUS_3,LOCAL_WINDOW_HPP_BASE,15,300.000000000,334.257636044,386,341,0,29,0,16,45,386,0,0,0,0.167013951,1.783448807,1.915840731,7.469426344,2.082854681,9.352009037,0.000000000,0.000000000,0.000000000,36.901036499,44.170190855,0.699877486,0.834020671,45,0.116580311,34.257636044,true,COMPLETE
1.0,OP_AVAIL_MLE_BASE_CAPACITY_AVAIL_IMMIGRATION_MINUS_3,01537ae28094b776ba547aac84a146217f6fda92b8c6379ea55746cde1b4c754,TASK3_OPERATIONAL_POOLED_V1,CAPACITY_AVAIL_IMMIGRATION_MINUS_3,LOCAL_WINDOW_HPP_BASE,16,300.000000000,347.236135759,401,337,1,36,9,18,64,401,0,0,0,0.085959710,0.815556016,2.208617081,9.417096580,2.294576791,9.708673803,0.000000000,0.000000000,0.000000000,37.112758609,44.526855621,0.699899227,0.834046579,64,0.159600998,47.236135759,true,COMPLETE
1.0,OP_AVAIL_MLE_BASE_CAPACITY_AVAIL_IMMIGRATION_MINUS_3,01537ae28094b776ba547aac84a146217f6fda92b8c6379ea55746cde1b4c754,TASK3_OPERATIONAL_POOLED_V1,CAPACITY_AVAIL_IMMIGRATION_MINUS_3,LOCAL_WINDOW_HPP_BASE,17,300.000000000,350.573784907,429,359,0,35,17,18,70,429,0,0,0,0.630204668,4.648105409,6.526225585,15.342613623,7.156430253,17.336859282,0.000000000,0.000000000,0.000000000,41.974612071,52.155041100,0.741641307,0.883789224,70,0.163170163,50.573784907,true,COMPLETE
1.0,OP_AVAIL_MLE_BASE_CAPACITY_AVAIL_IMMIGRATION_MINUS_3,01537ae28094b776ba547aac84a146217f6fda92b8c6379ea55746cde1b4c754,TASK3_OPERATIONAL_POOLED_V1,CAPACITY_AVAIL_IMMIGRATION_MINUS_3,LOCAL_WINDOW_HPP_BASE,18,300.000000000,343.342444453,419,359,0,31,11,18,60,419,0,0,0,0.336319219,3.064540122,6.201250405,13.282521342,6.537569624,13.479637483,0.000000000,0.000000000,0.000000000,41.355751442,48.297819301,0.739609676,0.881368197,60,0.143198091,43.342444453,true,COMPLETE
1.0,OP_AVAIL_MLE_BASE_CAPACITY_AVAIL_IMMIGRATION_MINUS_3,01537ae28094b776ba547aac84a146217f6fda92b8c6379ea55746cde1b4c754,TASK3_OPERATIONAL_POOLED_V1,CAPACITY_AVAIL_IMMIGRATION_MINUS_3,LOCAL_WINDOW_HPP_BASE,19,300.000000000,361.027069672,445,360,3,36,28,18,85,445,0,0,0,0.154371984,1.066559726,8.446559731,22.557242982,8.600931715,22.887138557,0.000000000,0.000000000,0.000000000,43.419113533,57.705320375,0.747027003,0.890207178,85,0.191011236,61.027069672,true,COMPLETE
1.0,OP_AVAIL_MLE_BASE_CAPACITY_AVAIL_IMMIGRATION_MINUS_3,01537ae28094b776ba547aac84a146217f6fda92b8c6379ea55746cde1b4c754,TASK3_OPERATIONAL_POOLED_V1,CAPACITY_AVAIL_IMMIGRATION_MINUS_3,LOCAL_WINDOW_HPP_BASE,20,300.000000000,339.280402270,418,363,0,29,8,18,55,418,0,0,0,0.231818304,2.136083862,4.521506517,10.699966241,4.753324821,11.779769685,0.000000000,0.000000000,0.000000000,39.571506639,46.597951503,0.746678357,0.889791709,55,0.131578947,39.280402270,true,COMPLETE
1.0,OP_AVAIL_MLE_BASE_CAPACITY_AVAIL_IMMIGRATION_MINUS_3,01537ae28094b776ba547aac84a146217f6fda92b8c6379ea55746cde1b4c754,TASK3_OPERATIONAL_POOLED_V1,CAPACITY_AVAIL_IMMIGRATION_MINUS_3,LOCAL_WINDOW_HPP_BASE,21,300.000000000,354.162995222,417,344,3,36,16,18,73,417,0,0,0,0.767110510,4.499269471,5.899799894,16.264737752,6.666910403,17.093491796,0.000000000,0.000000000,0.000000000,41.485092221,51.911673614,0.713590285,0.850361756,73,0.175059952,54.162995222,true,COMPLETE
1.0,OP_AVAIL_MLE_BASE_CAPACITY_AVAIL_IMMIGRATION_MINUS_3,01537ae28094b776ba547aac84a146217f6fda92b8c6379ea55746cde1b4c754,TASK3_OPERATIONAL_POOLED_V1,CAPACITY_AVAIL_IMMIGRATION_MINUS_3,LOCAL_WINDOW_HPP_BASE,22,300.000000000,335.352518491,410,359,0,26,7,18,51,410,0,0,0,0.140851409,0.927556248,2.694259357,7.190281487,2.835110765,7.530112812,0.000000000,0.000000000,0.000000000,37.653292583,42.348294630,0.740966102,0.882984605,51,0.124390244,35.352518491,true,COMPLETE
1.0,OP_AVAIL_MLE_BASE_CAPACITY_AVAIL_IMMIGRATION_MINUS_3,01537ae28094b776ba547aac84a146217f6fda92b8c6379ea55746cde1b4c754,TASK3_OPERATIONAL_POOLED_V1,CAPACITY_AVAIL_IMMIGRATION_MINUS_3,LOCAL_WINDOW_HPP_BASE,23,300.000000000,351.331844884,439,368,0,23,30,18,71,439,0,0,0,0.506416382,3.407615906,12.445214275,20.878763762,12.951630657,20.960438135,0.000000000,0.000000000,0.000000000,47.769812475,55.778619953,0.757291461,0.902438991,71,0.161731207,51.331844884,true,COMPLETE
1.0,OP_AVAIL_MLE_BASE_CAPACITY_AVAIL_IMMIGRATION_MINUS_3,01537ae28094b776ba547aac84a146217f6fda92b8c6379ea55746cde1b4c754,TASK3_OPERATIONAL_POOLED_V1,CAPACITY_AVAIL_IMMIGRATION_MINUS_3,LOCAL_WINDOW_HPP_BASE,24,300.000000000,343.933393179,412,352,2,36,4,18,60,412,0,0,0,0.086121886,0.884047014,2.341575289,6.817431501,2.427697175,6.929979927,0.000000000,0.000000000,0.000000000,37.245878993,41.748161745,0.726003856,0.865154595,60,0.145631068,43.933393179,true,COMPLETE
1.0,OP_AVAIL_MLE_BASE_CAPACITY_AVAIL_IMMIGRATION_MINUS_3,01537ae28094b776ba547aac84a146217f6fda92b8c6379ea55746cde1b4c754,TASK3_OPERATIONAL_POOLED_V1,CAPACITY_AVAIL_IMMIGRATION_MINUS_3,LOCAL_WINDOW_HPP_BASE,25,300.000000000,344.731841048,424,357,3,36,10,18,67,424,0,0,0,0.246661377,1.872722035,7.407134679,15.789408937,7.653796057,15.986037572,0.000000000,0.000000000,0.000000000,42.471977875,50.804219390,0.745419095,0.888291088,67,0.158018868,44.731841048,true,COMPLETE
1.0,OP_AVAIL_MLE_BASE_CAPACITY_AVAIL_IMMIGRATION_MINUS_3,01537ae28094b776ba547aac84a146217f6fda92b8c6379ea55746cde1b4c754,TASK3_OPERATIONAL_POOLED_V1,CAPACITY_AVAIL_IMMIGRATION_MINUS_3,LOCAL_WINDOW_HPP_BASE,26,300.000000000,344.886365373,419,358,0,26,17,18,61,419,0,0,0,0.412170644,2.721603685,6.616921265,12.250552870,7.029091909,12.444849643,0.000000000,0.000000000,0.000000000,41.847273727,47.263031461,0.736298733,0.877422657,61,0.145584726,44.886365373,true,COMPLETE
1.0,OP_AVAIL_MLE_BASE_CAPACITY_AVAIL_IMMIGRATION_MINUS_3,01537ae28094b776ba547aac84a146217f6fda92b8c6379ea55746cde1b4c754,TASK3_OPERATIONAL_POOLED_V1,CAPACITY_AVAIL_IMMIGRATION_MINUS_3,LOCAL_WINDOW_HPP_BASE,27,300.000000000,343.057810857,410,350,0,35,7,18,60,410,0,0,0,0.138510288,1.212038067,2.689874397,7.130216691,2.828384686,8.318087662,0.000000000,0.000000000,0.000000000,37.646566504,43.136269480,0.724323541,0.863152220,60,0.146341463,43.057810857,true,COMPLETE
1.0,OP_AVAIL_MLE_BASE_CAPACITY_AVAIL_IMMIGRATION_MINUS_3,01537ae28094b776ba547aac84a146217f6fda92b8c6379ea55746cde1b4c754,TASK3_OPERATIONAL_POOLED_V1,CAPACITY_AVAIL_IMMIGRATION_MINUS_3,LOCAL_WINDOW_HPP_BASE,28,300.000000000,341.678126683,392,332,0,30,12,18,60,392,0,0,0,0.136576794,0.924675318,1.917814950,6.725787434,2.054391744,7.428002313,0.000000000,0.000000000,0.000000000,36.872573562,42.246184131,0.695320359,0.828590094,60,0.153061224,41.678126683,true,COMPLETE
1.0,OP_AVAIL_MLE_BASE_CAPACITY_AVAIL_IMMIGRATION_MINUS_3,01537ae28094b776ba547aac84a146217f6fda92b8c6379ea55746cde1b4c754,TASK3_OPERATIONAL_POOLED_V1,CAPACITY_AVAIL_IMMIGRATION_MINUS_3,LOCAL_WINDOW_HPP_BASE,29,300.000000000,345.964172658,424,361,0,35,10,18,63,424,0,0,0,0.213736905,1.355665930,5.849555952,13.021558302,6.063292856,13.692964289,0.000000000,0.000000000,0.000000000,40.881474674,48.511146107,0.742763897,0.885126977,63,0.148584906,45.964172658,true,COMPLETE
1.0,OP_AVAIL_MLE_BASE_CAPACITY_AVAIL_IMMIGRATION_MINUS_3,01537ae28094b776ba547aac84a146217f6fda92b8c6379ea55746cde1b4c754,TASK3_OPERATIONAL_POOLED_V1,CAPACITY_AVAIL_IMMIGRATION_MINUS_3,LOCAL_WINDOW_HPP_BASE,30,300.000000000,347.522255445,408,343,1,36,10,18,65,408,0,0,0,0.241386823,2.158309030,2.542692464,8.363636364,2.784079287,9.857457750,0.000000000,0.000000000,0.000000000,37.602261105,44.675639568,0.711530624,0.847907327,65,0.159313725,47.522255445,true,COMPLETE
1.0,OP_AVAIL_MLE_BASE_CAPACITY_AVAIL_IMMIGRATION_MINUS_3,01537ae28094b776ba547aac84a146217f6fda92b8c6379ea55746cde1b4c754,TASK3_OPERATIONAL_POOLED_V1,CAPACITY_AVAIL_IMMIGRATION_MINUS_3,LOCAL_WINDOW_HPP_BASE,31,300.000000000,345.337290332,425,363,0,35,9,18,62,425,0,0,0,0.706755577,5.500617391,3.951362779,9.596574894,4.658118356,13.645253822,0.000000000,0.000000000,0.000000000,39.476300174,48.463435640,0.745867199,0.888825079,62,0.145882353,45.337290332,true,COMPLETE
1.0,OP_AVAIL_MLE_BASE_CAPACITY_AVAIL_IMMIGRATION_MINUS_3,01537ae28094b776ba547aac84a146217f6fda92b8c6379ea55746cde1b4c754,TASK3_OPERATIONAL_POOLED_V1,CAPACITY_AVAIL_IMMIGRATION_MINUS_3,LOCAL_WINDOW_HPP_BASE,32,300.000000000,341.449810648,395,335,0,29,13,18,60,395,0,0,0,0.092584783,0.736922897,1.841622197,6.889515031,1.934206979,6.903827627,0.000000000,0.000000000,0.000000000,36.752388797,41.722009445,0.701110183,0.835489635,60,0.151898734,41.449810648,true,COMPLETE
1.0,OP_AVAIL_MLE_BASE_CAPACITY_AVAIL_IMMIGRATION_MINUS_3,01537ae28094b776ba547aac84a146217f6fda92b8c6379ea55746cde1b4c754,TASK3_OPERATIONAL_POOLED_V1,CAPACITY_AVAIL_IMMIGRATION_MINUS_3,LOCAL_WINDOW_HPP_BASE,33,300.000000000,342.828519755,428,369,0,28,13,18,59,428,0,0,0,0.252568882,1.747668934,6.966202541,13.558921630,7.218771423,14.133489671,0.000000000,0.000000000,0.000000000,42.036953241,48.951671489,0.756628823,0.901649347,59,0.137850467,42.828519755,true,COMPLETE
1.0,OP_AVAIL_MLE_BASE_CAPACITY_AVAIL_IMMIGRATION_MINUS_3,01537ae28094b776ba547aac84a146217f6fda92b8c6379ea55746cde1b4c754,TASK3_OPERATIONAL_POOLED_V1,CAPACITY_AVAIL_IMMIGRATION_MINUS_3,LOCAL_WINDOW_HPP_BASE,34,300.000000000,347.453048921,426,360,5,36,7,18,66,426,0,0,0,0.293635486,2.795498228,2.616986629,8.493503682,2.910622115,11.444429163,0.000000000,0.000000000,0.000000000,37.728803933,46.262610981,0.743069658,0.885491342,66,0.154929577,47.453048921,true,COMPLETE
1.0,OP_AVAIL_MLE_BASE_CAPACITY_AVAIL_IMMIGRATION_MINUS_3,01537ae28094b776ba547aac84a146217f6fda92b8c6379ea55746cde1b4c754,TASK3_OPERATIONAL_POOLED_V1,CAPACITY_AVAIL_IMMIGRATION_MINUS_3,LOCAL_WINDOW_HPP_BASE,35,300.000000000,360.762598077,451,372,14,36,11,18,79,451,0,0,0,0.714420340,4.388955314,6.481712221,14.644115241,7.196132561,18.224663811,0.000000000,0.000000000,0.000000000,42.014314379,53.042845629,0.757654299,0.902871373,79,0.175166297,60.762598077,true,COMPLETE
1.0,OP_AVAIL_MLE_BASE_CAPACITY_AVAIL_IMMIGRATION_MINUS_3,01537ae28094b776ba547aac84a146217f6fda92b8c6379ea55746cde1b4c754,TASK3_OPERATIONAL_POOLED_V1,CAPACITY_AVAIL_IMMIGRATION_MINUS_3,LOCAL_WINDOW_HPP_BASE,36,300.000000000,337.485430772,414,362,0,32,2,18,52,414,0,0,0,0.019958639,0.000000000,2.367822570,6.350290836,2.387781209,6.370652322,0.000000000,0.000000000,0.000000000,37.205963027,41.188834140,0.743466437,0.885964171,52,0.125603865,37.485430772,true,COMPLETE
1.0,OP_AVAIL_MLE_BASE_CAPACITY_AVAIL_IMMIGRATION_MINUS_3,01537ae28094b776ba547aac84a146217f6fda92b8c6379ea55746cde1b4c754,TASK3_OPERATIONAL_POOLED_V1,CAPACITY_AVAIL_IMMIGRATION_MINUS_3,LOCAL_WINDOW_HPP_BASE,37,300.000000000,339.106219354,408,353,0,31,6,18,55,408,0,0,0,0.224417226,1.819087687,3.075121733,10.185489875,3.299538959,10.729903880,0.000000000,0.000000000,0.000000000,38.117720777,45.548085698,0.729189597,0.868950936,55,0.134803922,39.106219354,true,COMPLETE
1.0,OP_AVAIL_MLE_BASE_CAPACITY_AVAIL_IMMIGRATION_MINUS_3,01537ae28094b776ba547aac84a146217f6fda92b8c6379ea55746cde1b4c754,TASK3_OPERATIONAL_POOLED_V1,CAPACITY_AVAIL_IMMIGRATION_MINUS_3,LOCAL_WINDOW_HPP_BASE,38,300.000000000,335.743759459,406,358,0,23,7,18,48,406,0,0,0,0.038421401,0.000106175,2.894206484,8.024813212,2.932627885,8.222853885,0.000000000,0.000000000,0.000000000,37.750809703,43.041035703,0.732882143,0.873351221,48,0.118226601,35.743759459,true,COMPLETE
1.0,OP_AVAIL_MLE_BASE_CAPACITY_AVAIL_IMMIGRATION_MINUS_3,01537ae28094b776ba547aac84a146217f6fda92b8c6379ea55746cde1b4c754,TASK3_OPERATIONAL_POOLED_V1,CAPACITY_AVAIL_IMMIGRATION_MINUS_3,LOCAL_WINDOW_HPP_BASE,39,300.000000000,345.087175709,388,323,6,36,5,18,65,388,0,0,0,0.304203842,2.636532528,2.377267869,6.754248630,2.681471711,8.719024688,0.000000000,0.000000000,0.000000000,37.499653529,43.537206506,0.681426410,0.812033138,65,0.167525773,45.087175709,true,COMPLETE
1.0,OP_AVAIL_MLE_BASE_CAPACITY_AVAIL_IMMIGRATION_MINUS_3,01537ae28094b776ba547aac84a146217f6fda92b8c6379ea55746cde1b4c754,TASK3_OPERATIONAL_POOLED_V1,CAPACITY_AVAIL_IMMIGRATION_MINUS_3,LOCAL_WINDOW_HPP_BASE,40,300.000000000,343.886767291,399,341,0,32,8,18,58,399,0,0,0,0.185522511,0.000000000,1.776123327,6.026894630,1.961645838,7.686727779,0.000000000,0.000000000,0.000000000,36.779827656,42.504909597,0.703191297,0.837969629,58,0.145363409,43.886767291,true,COMPLETE
1.0,OP_AVAIL_MLE_BASE_CAPACITY_AVAIL_IMMIGRATION_MINUS_3,01537ae28094b776ba547aac84a146217f6fda92b8c6379ea55746cde1b4c754,TASK3_OPERATIONAL_POOLED_V1,CAPACITY_AVAIL_IMMIGRATION_MINUS_3,LOCAL_WINDOW_HPP_BASE,41,300.000000000,335.221238276,416,369,0,27,2,18,47,416,0,0,0,0.256580394,1.992863908,5.699038912,12.545454546,5.955619307,12.917320008,0.000000000,0.000000000,0.000000000,40.773801125,47.735501826,0.752103934,0.896257188,47,0.112980769,35.221238276,true,COMPLETE
1.0,OP_AVAIL_MLE_BASE_CAPACITY_AVAIL_IMMIGRATION_MINUS_3,01537ae28094b776ba547aac84a146217f6fda92b8c6379ea55746cde1b4c754,TASK3_OPERATIONAL_POOLED_V1,CAPACITY_AVAIL_IMMIGRATION_MINUS_3,LOCAL_WINDOW_HPP_BASE,42,300.000000000,345.231418235,403,341,0,27,17,18,62,403,0,0,0,0.704166854,4.879852137,2.976471088,12.545454546,3.680637942,16.106940636,0.000000000,0.000000000,0.000000000,38.498819760,50.925122454,0.707474498,0.843073777,62,0.153846154,45.231418235,true,COMPLETE
1.0,OP_AVAIL_MLE_BASE_CAPACITY_AVAIL_IMMIGRATION_MINUS_3,01537ae28094b776ba547aac84a146217f6fda92b8c6379ea55746cde1b4c754,TASK3_OPERATIONAL_POOLED_V1,CAPACITY_AVAIL_IMMIGRATION_MINUS_3,LOCAL_WINDOW_HPP_BASE,43,300.000000000,339.804868899,407,351,0,30,8,18,56,407,0,0,0,0.443681966,3.034400344,4.098982963,8.363636364,4.542664928,9.805099105,0.000000000,0.000000000,0.000000000,39.360846746,44.623280923,0.725906805,0.865038942,56,0.137592138,39.804868899,true,COMPLETE
1.0,OP_AVAIL_MLE_BASE_CAPACITY_AVAIL_IMMIGRATION_MINUS_3,01537ae28094b776ba547aac84a146217f6fda92b8c6379ea55746cde1b4c754,TASK3_OPERATIONAL_POOLED_V1,CAPACITY_AVAIL_IMMIGRATION_MINUS_3,LOCAL_WINDOW_HPP_BASE,44,300.000000000,333.476554778,366,324,0,31,0,11,42,366,0,0,0,0.000000000,0.000000000,0.505979583,2.977230399,0.505979583,2.977230399,0.000000000,0.000000000,0.000000000,35.324161401,37.795412217,0.665168746,0.792659423,42,0.114754098,33.476554778,true,COMPLETE
1.0,OP_AVAIL_MLE_BASE_CAPACITY_AVAIL_IMMIGRATION_MINUS_3,01537ae28094b776ba547aac84a146217f6fda92b8c6379ea55746cde1b4c754,TASK3_OPERATIONAL_POOLED_V1,CAPACITY_AVAIL_IMMIGRATION_MINUS_3,LOCAL_WINDOW_HPP_BASE,45,300.000000000,336.315929561,399,349,0,28,4,18,50,399,0,0,0,0.105258593,0.463305091,1.403539369,4.181818182,1.508797962,5.502562565,0.000000000,0.000000000,0.000000000,36.326979780,40.320744383,0.719020898,0.856833237,50,0.125313283,36.315929561,true,COMPLETE
1.0,OP_AVAIL_MLE_BASE_CAPACITY_AVAIL_IMMIGRATION_MINUS_3,01537ae28094b776ba547aac84a146217f6fda92b8c6379ea55746cde1b4c754,TASK3_OPERATIONAL_POOLED_V1,CAPACITY_AVAIL_IMMIGRATION_MINUS_3,LOCAL_WINDOW_HPP_BASE,46,300.000000000,363.725614992,452,365,0,29,40,18,87,452,0,0,0,0.962802658,5.151774543,11.148981884,28.384291429,12.111784541,30.233531309,0.000000000,0.000000000,0.000000000,46.929966359,65.051713127,0.753148480,0.897501938,87,0.192477876,63.725614992,true,COMPLETE
1.0,OP_AVAIL_MLE_BASE_CAPACITY_AVAIL_IMMIGRATION_MINUS_3,01537ae28094b776ba547aac84a146217f6fda92b8c6379ea55746cde1b4c754,TASK3_OPERATIONAL_POOLED_V1,CAPACITY_AVAIL_IMMIGRATION_MINUS_3,LOCAL_WINDOW_HPP_BASE,47,300.000000000,334.574566537,385,347,0,24,0,14,38,385,0,0,0,0.006965283,0.000000000,1.312966878,4.414283938,1.319932161,4.484685877,0.000000000,0.000000000,0.000000000,36.138113979,39.302867695,0.697403080,0.831072004,38,0.098701299,34.574566537,true,COMPLETE
1.0,OP_AVAIL_MLE_BASE_CAPACITY_AVAIL_IMMIGRATION_MINUS_3,01537ae28094b776ba547aac84a146217f6fda92b8c6379ea55746cde1b4c754,TASK3_OPERATIONAL_POOLED_V1,CAPACITY_AVAIL_IMMIGRATION_MINUS_3,LOCAL_WINDOW_HPP_BASE,48,300.000000000,338.677014095,416,362,0,31,5,18,54,416,0,0,0,0.806591890,5.519534372,3.944721117,12.545454546,4.751313007,14.162638797,0.000000000,0.000000000,0.000000000,39.569494825,48.980820615,0.744429653,0.887112003,54,0.129807692,38.677014095,true,COMPLETE
1.0,OP_AVAIL_MLE_BASE_CAPACITY_AVAIL_IMMIGRATION_MINUS_3,01537ae28094b776ba547aac84a146217f6fda92b8c6379ea55746cde1b4c754,TASK3_OPERATIONAL_POOLED_V1,CAPACITY_AVAIL_IMMIGRATION_MINUS_3,LOCAL_WINDOW_HPP_BASE,49,300.000000000,344.618163383,423,363,0,27,15,18,60,423,0,0,0,0.485690711,3.429093407,7.652142369,13.742704542,8.137833079,13.820049277,0.000000000,0.000000000,0.000000000,42.956014897,48.638231095,0.743906339,0.886488388,60,0.141843972,44.618163383,true,COMPLETE
1.0,OP_AVAIL_MLE_BASE_CAPACITY_AVAIL_IMMIGRATION_MINUS_3,01537ae28094b776ba547aac84a146217f6fda92b8c6379ea55746cde1b4c754,TASK3_OPERATIONAL_POOLED_V1,CAPACITY_AVAIL_IMMIGRATION_MINUS_3,LOCAL_WINDOW_HPP_BASE,50,300.000000000,344.531321189,414,352,0,29,15,18,62,414,0,0,0,0.304832146,2.494612443,4.196541450,10.234947426,4.501373596,10.617264212,0.000000000,0.000000000,0.000000000,39.319555414,45.435446030,0.728262063,0.867845626,62,0.149758454,44.531321189,true,COMPLETE
1.0,OP_AVAIL_EXACT95_HIGH_CAPACITY_AVAIL_IMMIGRATION_MINUS_3,a9a556ddf714e12731bb4977820418b0a0cfcd436c6b20c623fc6b3a6fdae119,TASK3_OPERATIONAL_POOLED_V1,CAPACITY_AVAIL_IMMIGRATION_MINUS_3,LOCAL_WINDOW_HPP_EXACT95_HIGH,1,300.000000000,444.164843707,564,364,84,36,62,18,200,564,0,0,0,25.148823269,47.773035370,27.767175268,58.046231688,52.915998537,103.913781643,0.000000000,0.000000000,0.000000000,87.734180355,138.731963461,0.769575050,0.917076935,200,0.354609929,144.164843707,true,COMPLETE
1.0,OP_AVAIL_EXACT95_HIGH_CAPACITY_AVAIL_IMMIGRATION_MINUS_3,a9a556ddf714e12731bb4977820418b0a0cfcd436c6b20c623fc6b3a6fdae119,TASK3_OPERATIONAL_POOLED_V1,CAPACITY_AVAIL_IMMIGRATION_MINUS_3,LOCAL_WINDOW_HPP_EXACT95_HIGH,2,300.000000000,458.981436034,593,368,94,36,77,18,225,593,0,0,0,29.775737016,59.425971598,34.308095883,66.309143503,64.083832899,125.103819739,0.000000000,0.000000000,0.000000000,98.902014717,159.922001557,0.783025001,0.933104793,225,0.379426644,158.981436034,true,COMPLETE
1.0,OP_AVAIL_EXACT95_HIGH_CAPACITY_AVAIL_IMMIGRATION_MINUS_3,a9a556ddf714e12731bb4977820418b0a0cfcd436c6b20c623fc6b3a6fdae119,TASK3_OPERATIONAL_POOLED_V1,CAPACITY_AVAIL_IMMIGRATION_MINUS_3,LOCAL_WINDOW_HPP_EXACT95_HIGH,3,300.000000000,479.269343786,617,370,113,36,80,18,247,617,0,0,0,28.216695750,67.132764008,36.724162516,68.754908491,64.940858265,134.467361936,0.000000000,0.000000000,0.000000000,99.759040083,169.285543754,0.780228068,0.929771781,247,0.400324149,179.269343786,true,COMPLETE
1.0,OP_AVAIL_EXACT95_HIGH_CAPACITY_AVAIL_IMMIGRATION_MINUS_3,a9a556ddf714e12731bb4977820418b0a0cfcd436c6b20c623fc6b3a6fdae119,TASK3_OPERATIONAL_POOLED_V1,CAPACITY_AVAIL_IMMIGRATION_MINUS_3,LOCAL_WINDOW_HPP_EXACT95_HIGH,4,300.000000000,440.648312142,562,374,58,36,76,18,188,562,0,0,0,16.276378176,33.602322788,33.342505809,62.727272730,49.618883986,95.181671311,0.000000000,0.000000000,0.000000000,84.437065804,129.999853129,0.772965767,0.921117539,188,0.334519573,140.648312142,true,COMPLETE
1.0,OP_AVAIL_EXACT95_HIGH_CAPACITY_AVAIL_IMMIGRATION_MINUS_3,a9a556ddf714e12731bb4977820418b0a0cfcd436c6b20c623fc6b3a6fdae119,TASK3_OPERATIONAL_POOLED_V1,CAPACITY_AVAIL_IMMIGRATION_MINUS_3,LOCAL_WINDOW_HPP_EXACT95_HIGH,5,300.000000000,459.858049254,591,367,94,36,76,18,224,591,0,0,0,26.218468140,54.369752983,34.145218218,65.268627515,60.363686359,119.960907996,0.000000000,0.000000000,0.000000000,95.181868177,154.779089814,0.778896485,0.928184978,224,0.379018613,159.858049254,true,COMPLETE
1.0,OP_AVAIL_EXACT95_HIGH_CAPACITY_AVAIL_IMMIGRATION_MINUS_3,a9a556ddf714e12731bb4977820418b0a0cfcd436c6b20c623fc6b3a6fdae119,TASK3_OPERATIONAL_POOLED_V1,CAPACITY_AVAIL_IMMIGRATION_MINUS_3,LOCAL_WINDOW_HPP_EXACT95_HIGH,6,300.000000000,444.040114590,571,370,73,36,74,18,201,571,0,0,0,20.831649187,41.283741585,33.550364234,62.727272730,54.382013420,104.899345641,0.000000000,0.000000000,0.000000000,89.200195238,139.717527459,0.779345367,0.928719896,201,0.352014011,144.040114590,true,COMPLETE
1.0,OP_AVAIL_EXACT95_HIGH_CAPACITY_AVAIL_IMMIGRATION_MINUS_3,a9a556ddf714e12731bb4977820418b0a0cfcd436c6b20c623fc6b3a6fdae119,TASK3_OPERATIONAL_POOLED_V1,CAPACITY_AVAIL_IMMIGRATION_MINUS_3,LOCAL_WINDOW_HPP_EXACT95_HIGH,7,300.000000000,446.236641250,574,366,70,36,84,18,208,574,0,0,0,19.806608625,42.284548510,33.948198846,63.503101946,53.754807471,104.637279502,0.000000000,0.000000000,0.000000000,88.572989289,139.455461320,0.779583646,0.929003845,208,0.362369338,146.236641250,true,COMPLETE
1.0,OP_AVAIL_EXACT95_HIGH_CAPACITY_AVAIL_IMMIGRATION_MINUS_3,a9a556ddf714e12731bb4977820418b0a0cfcd436c6b20c623fc6b3a6fdae119,TASK3_OPERATIONAL_POOLED_V1,CAPACITY_AVAIL_IMMIGRATION_MINUS_3,LOCAL_WINDOW_HPP_EXACT95_HIGH,8,300.000000000,438.826983777,559,369,56,36,80,18,190,559,0,0,0,19.677689595,38.017263967,32.537395085,62.727272730,52.215084679,97.164626576,0.000000000,0.000000000,0.000000000,87.033266497,131.982808394,0.772030644,0.920003184,190,0.339892665,138.826983777,true,COMPLETE
1.0,OP_AVAIL_EXACT95_HIGH_CAPACITY_AVAIL_IMMIGRATION_MINUS_3,a9a556ddf714e12731bb4977820418b0a0cfcd436c6b20c623fc6b3a6fdae119,TASK3_OPERATIONAL_POOLED_V1,CAPACITY_AVAIL_IMMIGRATION_MINUS_3,LOCAL_WINDOW_HPP_EXACT95_HIGH,9,300.000000000,475.974015608,612,365,117,36,76,18,247,612,0,0,0,30.373261916,67.466457373,35.266447625,66.909090912,65.639709541,134.714784674,0.000000000,0.000000000,0.000000000,100.457891359,169.532966492,0.779263318,0.928622121,247,0.403594771,175.974015608,true,COMPLETE
1.0,OP_AVAIL_EXACT95_HIGH_CAPACITY_AVAIL_IMMIGRATION_MINUS_3,a9a556ddf714e12731bb4977820418b0a0cfcd436c6b20c623fc6b3a6fdae119,TASK3_OPERATIONAL_POOLED_V1,CAPACITY_AVAIL_IMMIGRATION_MINUS_3,LOCAL_WINDOW_HPP_EXACT95_HIGH,10,300.000000000,439.102743325,560,378,56,36,72,18,182,560,0,0,0,21.160038596,36.425575287,35.035166238,64.324432237,56.195204835,95.764713096,0.000000000,0.000000000,0.000000000,91.013386653,130.582894914,0.772926028,0.921070184,182,0.325000000,139.102743325,true,COMPLETE
1.0,OP_AVAIL_EXACT95_HIGH_CAPACITY_AVAIL_IMMIGRATION_MINUS_3,a9a556ddf714e12731bb4977820418b0a0cfcd436c6b20c623fc6b3a6fdae119,TASK3_OPERATIONAL_POOLED_V1,CAPACITY_AVAIL_IMMIGRATION_MINUS_3,LOCAL_WINDOW_HPP_EXACT95_HIGH,11,300.000000000,417.532427245,534,371,30,36,79,18,163,534,0,0,0,16.533073249,26.287529058,31.639890041,59.183806828,48.172963290,84.206209504,0.000000000,0.000000000,0.000000000,82.991145108,119.024391322,0.775116716,0.923680753,163,0.305243446,117.532427245,true,COMPLETE
1.0,OP_AVAIL_EXACT95_HIGH_CAPACITY_AVAIL_IMMIGRATION_MINUS_3,a9a556ddf714e12731bb4977820418b0a0cfcd436c6b20c623fc6b3a6fdae119,TASK3_OPERATIONAL_POOLED_V1,CAPACITY_AVAIL_IMMIGRATION_MINUS_3,LOCAL_WINDOW_HPP_EXACT95_HIGH,12,300.000000000,451.840005224,577,371,76,36,76,18,206,577,0,0,0,28.191799398,46.780632166,33.759971937,63.004563421,61.951771335,109.398021450,0.000000000,0.000000000,0.000000000,96.769953153,144.216203268,0.773939814,0.922278279,206,0.357019064,151.840005224,true,COMPLETE
1.0,OP_AVAIL_EXACT95_HIGH_CAPACITY_AVAIL_IMMIGRATION_MINUS_3,a9a556ddf714e12731bb4977820418b0a0cfcd436c6b20c623fc6b3a6fdae119,TASK3_OPERATIONAL_POOLED_V1,CAPACITY_AVAIL_IMMIGRATION_MINUS_3,LOCAL_WINDOW_HPP_EXACT95_HIGH,13,300.000000000,460.166488007,594,367,104,36,69,18,227,594,0,0,0,29.242925259,58.939100622,32.262188118,62.991880297,61.505113377,121.818260531,0.000000000,0.000000000,0.000000000,96.323295195,156.636442349,0.782325548,0.932271278,227,0.382154882,160.166488007,true,COMPLETE
1.0,OP_AVAIL_EXACT95_HIGH_CAPACITY_AVAIL_IMMIGRATION_MINUS_3,a9a556ddf714e12731bb4977820418b0a0cfcd436c6b20c623fc6b3a6fdae119,TASK3_OPERATIONAL_POOLED_V1,CAPACITY_AVAIL_IMMIGRATION_MINUS_3,LOCAL_WINDOW_HPP_EXACT95_HIGH,14,300.000000000,451.836064722,577,370,83,36,70,18,207,577,0,0,0,19.780675836,44.985938130,30.826982723,60.690110863,50.607658559,105.529161333,0.000000000,0.000000000,0.000000000,85.425840377,140.347343151,0.773946564,0.922286322,207,0.358752166,151.836064722,true,COMPLETE
1.0,OP_AVAIL_EXACT95_HIGH_CAPACITY_AVAIL_IMMIGRATION_MINUS_3,a9a556ddf714e12731bb4977820418b0a0cfcd436c6b20c623fc6b3a6fdae119,TASK3_OPERATIONAL_POOLED_V1,CAPACITY_AVAIL_IMMIGRATION_MINUS_3,LOCAL_WINDOW_HPP_EXACT95_HIGH,15,300.000000000,469.709659988,604,368,104,36,78,18,236,604,0,0,0,34.231105955,63.578879024,35.453326690,66.909090912,69.684432645,130.673226926,0.000000000,0.000000000,0.000000000,104.502614463,165.491408744,0.779333783,0.928706091,236,0.390728477,169.709659988,true,COMPLETE
1.0,OP_AVAIL_EXACT95_HIGH_CAPACITY_AVAIL_IMMIGRATION_MINUS_3,a9a556ddf714e12731bb4977820418b0a0cfcd436c6b20c623fc6b3a6fdae119,TASK3_OPERATIONAL_POOLED_V1,CAPACITY_AVAIL_IMMIGRATION_MINUS_3,LOCAL_WINDOW_HPP_EXACT95_HIGH,16,300.000000000,431.709927571,549,368,56,36,71,18,181,549,0,0,0,14.514458183,33.780705237,30.051876657,57.887227134,44.566334840,92.154514269,0.000000000,0.000000000,0.000000000,79.384516658,126.972696087,0.770719531,0.918440774,181,0.329690346,131.709927571,true,COMPLETE
1.0,OP_AVAIL_EXACT95_HIGH_CAPACITY_AVAIL_IMMIGRATION_MINUS_3,a9a556ddf714e12731bb4977820418b0a0cfcd436c6b20c623fc6b3a6fdae119,TASK3_OPERATIONAL_POOLED_V1,CAPACITY_AVAIL_IMMIGRATION_MINUS_3,LOCAL_WINDOW_HPP_EXACT95_HIGH,17,300.000000000,430.540599391,550,368,57,36,71,18,182,550,0,0,0,18.136867675,33.854964739,30.912263695,59.354636977,49.049131370,94.655705706,0.000000000,0.000000000,0.000000000,83.867313188,129.473887524,0.774220442,0.922612694,182,0.330909091,130.540599391,true,COMPLETE
1.0,OP_AVAIL_EXACT95_HIGH_CAPACITY_AVAIL_IMMIGRATION_MINUS_3,a9a556ddf714e12731bb4977820418b0a0cfcd436c6b20c623fc6b3a6fdae119,TASK3_OPERATIONAL_POOLED_V1,CAPACITY_AVAIL_IMMIGRATION_MINUS_3,LOCAL_WINDOW_HPP_EXACT95_HIGH,18,300.000000000,466.554550376,598,369,100,36,75,18,229,598,0,0,0,22.492959277,55.591150814,34.801724450,66.909090912,57.294683727,121.661522637,0.000000000,0.000000000,0.000000000,92.112865545,156.479704455,0.776810005,0.925698589,229,0.382943144,166.554550376,true,COMPLETE
1.0,OP_AVAIL_EXACT95_HIGH_CAPACITY_AVAIL_IMMIGRATION_MINUS_3,a9a556ddf714e12731bb4977820418b0a0cfcd436c6b20c623fc6b3a6fdae119,TASK3_OPERATIONAL_POOLED_V1,CAPACITY_AVAIL_IMMIGRATION_MINUS_3,LOCAL_WINDOW_HPP_EXACT95_HIGH,19,300.000000000,430.895347706,550,367,57,36,72,18,183,550,0,0,0,13.922475604,30.631665826,30.663096586,58.702664479,44.585572190,88.732347570,0.000000000,0.000000000,0.000000000,79.403754008,123.550529388,0.773583041,0.921853124,183,0.332727273,130.895347706,true,COMPLETE
1.0,OP_AVAIL_EXACT95_HIGH_CAPACITY_AVAIL_IMMIGRATION_MINUS_3,a9a556ddf714e12731bb4977820418b0a0cfcd436c6b20c623fc6b3a6fdae119,TASK3_OPERATIONAL_POOLED_V1,CAPACITY_AVAIL_IMMIGRATION_MINUS_3,LOCAL_WINDOW_HPP_EXACT95_HIGH,20,300.000000000,452.760226876,581,367,91,36,69,18,214,581,0,0,0,17.143556805,48.342921974,30.410290119,60.387035510,47.553846924,108.569931457,0.000000000,0.000000000,0.000000000,82.372028742,143.388113275,0.777721167,0.926784391,214,0.368330465,152.760226876,true,COMPLETE
1.0,OP_AVAIL_EXACT95_HIGH_CAPACITY_AVAIL_IMMIGRATION_MINUS_3,a9a556ddf714e12731bb4977820418b0a0cfcd436c6b20c623fc6b3a6fdae119,TASK3_OPERATIONAL_POOLED_V1,CAPACITY_AVAIL_IMMIGRATION_MINUS_3,LOCAL_WINDOW_HPP_EXACT95_HIGH,21,300.000000000,432.295742521,556,371,60,36,71,18,185,556,0,0,0,14.636835979,32.628675690,31.251558349,60.293385511,45.888394328,93.087311340,0.000000000,0.000000000,0.000000000,80.706576146,127.905493158,0.779488817,0.928890840,185,0.332733813,132.295742521,true,COMPLETE
1.0,OP_AVAIL_EXACT95_HIGH_CAPACITY_AVAIL_IMMIGRATION_MINUS_3,a9a556ddf714e12731bb4977820418b0a0cfcd436c6b20c623fc6b3a6fdae119,TASK3_OPERATIONAL_POOLED_V1,CAPACITY_AVAIL_IMMIGRATION_MINUS_3,LOCAL_WINDOW_HPP_EXACT95_HIGH,22,300.000000000,421.994994188,537,366,40,36,77,18,171,537,0,0,0,14.141394632,27.554968843,31.378643371,58.976781979,45.520038002,83.957276029,0.000000000,0.000000000,0.000000000,80.338219820,118.775457847,0.771228450,0.919047237,171,0.318435754,121.994994188,true,COMPLETE
1.0,OP_AVAIL_EXACT95_HIGH_CAPACITY_AVAIL_IMMIGRATION_MINUS_3,a9a556ddf714e12731bb4977820418b0a0cfcd436c6b20c623fc6b3a6fdae119,TASK3_OPERATIONAL_POOLED_V1,CAPACITY_AVAIL_IMMIGRATION_MINUS_3,LOCAL_WINDOW_HPP_EXACT95_HIGH,23,300.000000000,449.940737246,576,366,84,36,72,18,210,576,0,0,0,19.003746089,48.270247160,32.643738382,62.727272730,51.647484471,112.110534715,0.000000000,0.000000000,0.000000000,86.465666289,146.928716533,0.775859753,0.924566205,210,0.364583333,149.940737246,true,COMPLETE
1.0,OP_AVAIL_EXACT95_HIGH_CAPACITY_AVAIL_IMMIGRATION_MINUS_3,a9a556ddf714e12731bb4977820418b0a0cfcd436c6b20c623fc6b3a6fdae119,TASK3_OPERATIONAL_POOLED_V1,CAPACITY_AVAIL_IMMIGRATION_MINUS_3,LOCAL_WINDOW_HPP_EXACT95_HIGH,24,300.000000000,441.731040129,565,371,63,36,77,18,194,565,0,0,0,22.047656678,38.688978234,33.250352223,62.727272730,55.298008901,99.864447432,0.000000000,0.000000000,0.000000000,90.116190719,134.682629250,0.775187187,0.923764731,194,0.343362832,141.731040129,true,COMPLETE
1.0,OP_AVAIL_EXACT95_HIGH_CAPACITY_AVAIL_IMMIGRATION_MINUS_3,a9a556ddf714e12731bb4977820418b0a0cfcd436c6b20c623fc6b3a6fdae119,TASK3_OPERATIONAL_POOLED_V1,CAPACITY_AVAIL_IMMIGRATION_MINUS_3,LOCAL_WINDOW_HPP_EXACT95_HIGH,25,300.000000000,418.116416487,530,367,33,36,76,18,163,530,0,0,0,11.116612909,19.845088128,30.548771188,58.545454548,41.665384097,78.973918026,0.000000000,0.000000000,0.000000000,76.483565915,113.792099844,0.768236091,0.915481341,163,0.307547170,118.116416487,true,COMPLETE
1.0,OP_AVAIL_EXACT95_HIGH_CAPACITY_AVAIL_IMMIGRATION_MINUS_3,a9a556ddf714e12731bb4977820418b0a0cfcd436c6b20c623fc6b3a6fdae119,TASK3_OPERATIONAL_POOLED_V1,CAPACITY_AVAIL_IMMIGRATION_MINUS_3,LOCAL_WINDOW_HPP_EXACT95_HIGH,26,300.000000000,454.939881042,582,368,78,36,82,18,214,582,0,0,0,29.897855587,48.226053245,35.239643563,66.420480596,65.137499150,112.508338038,0.000000000,0.000000000,0.000000000,99.955680968,147.326519856,0.775327219,0.923931603,214,0.367697595,154.939881042,true,COMPLETE
1.0,OP_AVAIL_EXACT95_HIGH_CAPACITY_AVAIL_IMMIGRATION_MINUS_3,a9a556ddf714e12731bb4977820418b0a0cfcd436c6b20c623fc6b3a6fdae119,TASK3_OPERATIONAL_POOLED_V1,CAPACITY_AVAIL_IMMIGRATION_MINUS_3,LOCAL_WINDOW_HPP_EXACT95_HIGH,27,300.000000000,441.055812430,563,368,70,36,71,18,195,563,0,0,0,23.440629108,38.257837990,31.714329198,61.838815630,55.154958306,98.615003255,0.000000000,0.000000000,0.000000000,89.973140124,133.433185073,0.773625722,0.921903985,195,0.346358792,141.055812430,true,COMPLETE
1.0,OP_AVAIL_EXACT95_HIGH_CAPACITY_AVAIL_IMMIGRATION_MINUS_3,a9a556ddf714e12731bb4977820418b0a0cfcd436c6b20c623fc6b3a6fdae119,TASK3_OPERATIONAL_POOLED_V1,CAPACITY_AVAIL_IMMIGRATION_MINUS_3,LOCAL_WINDOW_HPP_EXACT95_HIGH,28,300.000000000,445.289123107,575,371,83,36,67,18,204,575,0,0,0,19.055605835,46.826662342,30.159647284,59.901981718,49.215253119,106.616482501,0.000000000,0.000000000,0.000000000,84.033434937,141.434664319,0.782603550,0.932602564,204,0.354782609,145.289123107,true,COMPLETE
1.0,OP_AVAIL_EXACT95_HIGH_CAPACITY_AVAIL_IMMIGRATION_MINUS_3,a9a556ddf714e12731bb4977820418b0a0cfcd436c6b20c623fc6b3a6fdae119,TASK3_OPERATIONAL_POOLED_V1,CAPACITY_AVAIL_IMMIGRATION_MINUS_3,LOCAL_WINDOW_HPP_EXACT95_HIGH,29,300.000000000,403.394738619,513,371,20,36,68,18,142,513,0,0,0,9.931339773,18.807702503,28.614811140,54.529022652,38.546150913,69.291816995,0.000000000,0.000000000,0.000000000,73.364332731,104.109998813,0.770731646,0.918455212,142,0.276803119,103.394738619,true,COMPLETE
1.0,OP_AVAIL_EXACT95_HIGH_CAPACITY_AVAIL_IMMIGRATION_MINUS_3,a9a556ddf714e12731bb4977820418b0a0cfcd436c6b20c623fc6b3a6fdae119,TASK3_OPERATIONAL_POOLED_V1,CAPACITY_AVAIL_IMMIGRATION_MINUS_3,LOCAL_WINDOW_HPP_EXACT95_HIGH,30,300.000000000,460.099889842,591,367,99,36,71,18,224,591,0,0,0,25.169175519,56.175753095,32.978397115,62.859841613,58.147572633,117.851100300,0.000000000,0.000000000,0.000000000,92.965754451,152.669282118,0.778487077,0.927697100,224,0.379018613,160.099889842,true,COMPLETE
1.0,OP_AVAIL_EXACT95_HIGH_CAPACITY_AVAIL_IMMIGRATION_MINUS_3,a9a556ddf714e12731bb4977820418b0a0cfcd436c6b20c623fc6b3a6fdae119,TASK3_OPERATIONAL_POOLED_V1,CAPACITY_AVAIL_IMMIGRATION_MINUS_3,LOCAL_WINDOW_HPP_EXACT95_HIGH,31,300.000000000,468.635399072,606,372,105,36,75,18,234,606,0,0,0,33.180871213,62.005610953,35.468616318,66.909090912,68.649487531,128.990810980,0.000000000,0.000000000,0.000000000,103.467669349,163.808992798,0.783706754,0.933917215,234,0.386138614,168.635399072,true,COMPLETE
1.0,OP_AVAIL_EXACT95_HIGH_CAPACITY_AVAIL_IMMIGRATION_MINUS_3,a9a556ddf714e12731bb4977820418b0a0cfcd436c6b20c623fc6b3a6fdae119,TASK3_OPERATIONAL_POOLED_V1,CAPACITY_AVAIL_IMMIGRATION_MINUS_3,LOCAL_WINDOW_HPP_EXACT95_HIGH,32,300.000000000,430.228623197,551,370,50,36,77,18,181,551,0,0,0,19.709138517,32.974537334,32.275145246,61.309459879,51.984283763,91.296284140,0.000000000,0.000000000,0.000000000,86.802465581,126.114465958,0.776190555,0.924960412,181,0.328493648,130.228623197,true,COMPLETE
1.0,OP_AVAIL_EXACT95_HIGH_CAPACITY_AVAIL_IMMIGRATION_MINUS_3,a9a556ddf714e12731bb4977820418b0a0cfcd436c6b20c623fc6b3a6fdae119,TASK3_OPERATIONAL_POOLED_V1,CAPACITY_AVAIL_IMMIGRATION_MINUS_3,LOCAL_WINDOW_HPP_EXACT95_HIGH,33,300.000000000,447.269482143,573,368,79,36,72,18,205,573,0,0,0,19.495173394,44.567270993,32.454026301,62.727272730,51.949199694,107.294543723,0.000000000,0.000000000,0.000000000,86.767381512,142.112725541,0.776428397,0.925243840,205,0.357766143,147.269482143,true,COMPLETE
1.0,OP_AVAIL_EXACT95_HIGH_CAPACITY_AVAIL_IMMIGRATION_MINUS_3,a9a556ddf714e12731bb4977820418b0a0cfcd436c6b20c623fc6b3a6fdae119,TASK3_OPERATIONAL_POOLED_V1,CAPACITY_AVAIL_IMMIGRATION_MINUS_3,LOCAL_WINDOW_HPP_EXACT95_HIGH,34,300.000000000,457.128176487,587,368,87,36,78,18,219,587,0,0,0,26.497180050,52.400650499,34.602238992,65.079373282,61.099419042,118.129090927,0.000000000,0.000000000,0.000000000,95.917600860,152.947272745,0.778244689,0.927408255,219,0.373083475,157.128176487,true,COMPLETE
1.0,OP_AVAIL_EXACT95_HIGH_CAPACITY_AVAIL_IMMIGRATION_MINUS_3,a9a556ddf714e12731bb4977820418b0a0cfcd436c6b20c623fc6b3a6fdae119,TASK3_OPERATIONAL_POOLED_V1,CAPACITY_AVAIL_IMMIGRATION_MINUS_3,LOCAL_WINDOW_HPP_EXACT95_HIGH,35,300.000000000,429.619430736,548,369,50,36,75,18,179,548,0,0,0,11.707916304,28.437331157,30.870329912,58.545454548,42.578246216,86.948701432,0.000000000,0.000000000,0.000000000,77.396428034,121.766883250,0.773059104,0.921228765,179,0.326642336,129.619430736,true,COMPLETE
1.0,OP_AVAIL_EXACT95_HIGH_CAPACITY_AVAIL_IMMIGRATION_MINUS_3,a9a556ddf714e12731bb4977820418b0a0cfcd436c6b20c623fc6b3a6fdae119,TASK3_OPERATIONAL_POOLED_V1,CAPACITY_AVAIL_IMMIGRATION_MINUS_3,LOCAL_WINDOW_HPP_EXACT95_HIGH,36,300.000000000,443.417306464,567,367,75,36,71,18,200,567,0,0,0,21.349963675,45.001368468,31.136111811,60.643771925,52.486075487,105.352320716,0.000000000,0.000000000,0.000000000,87.304257305,140.170502534,0.774972827,0.923509286,200,0.352733686,143.417306464,true,COMPLETE
1.0,OP_AVAIL_EXACT95_HIGH_CAPACITY_AVAIL_IMMIGRATION_MINUS_3,a9a556ddf714e12731bb4977820418b0a0cfcd436c6b20c623fc6b3a6fdae119,TASK3_OPERATIONAL_POOLED_V1,CAPACITY_AVAIL_IMMIGRATION_MINUS_3,LOCAL_WINDOW_HPP_EXACT95_HIGH,37,300.000000000,435.576234927,556,368,65,36,69,18,188,556,0,0,0,17.210077301,38.987886450,31.373451398,59.879917259,48.583528698,100.534400725,0.000000000,0.000000000,0.000000000,83.401710516,135.352582543,0.773618187,0.921895006,188,0.338129496,135.576234927,true,COMPLETE
1.0,OP_AVAIL_EXACT95_HIGH_CAPACITY_AVAIL_IMMIGRATION_MINUS_3,a9a556ddf714e12731bb4977820418b0a0cfcd436c6b20c623fc6b3a6fdae119,TASK3_OPERATIONAL_POOLED_V1,CAPACITY_AVAIL_IMMIGRATION_MINUS_3,LOCAL_WINDOW_HPP_EXACT95_HIGH,38,300.000000000,432.379357627,550,364,65,36,67,18,186,550,0,0,0,22.019965862,38.958211926,27.629296004,55.793620687,49.649261865,94.388162623,0.000000000,0.000000000,0.000000000,84.467443683,129.206344441,0.770927954,0.918689145,186,0.338181818,132.379357627,true,COMPLETE
1.0,OP_AVAIL_EXACT95_HIGH_CAPACITY_AVAIL_IMMIGRATION_MINUS_3,a9a556ddf714e12731bb4977820418b0a0cfcd436c6b20c623fc6b3a6fdae119,TASK3_OPERATIONAL_POOLED_V1,CAPACITY_AVAIL_IMMIGRATION_MINUS_3,LOCAL_WINDOW_HPP_EXACT95_HIGH,39,300.000000000,454.927267320,581,368,87,36,72,18,213,581,0,0,0,24.286193275,50.092782961,32.701277227,62.727272730,56.987470502,114.058565849,0.000000000,0.000000000,0.000000000,91.805652320,148.876747667,0.774016502,0.922369665,213,0.366609294,154.927267320,true,COMPLETE
1.0,OP_AVAIL_EXACT95_HIGH_CAPACITY_AVAIL_IMMIGRATION_MINUS_3,a9a556ddf714e12731bb4977820418b0a0cfcd436c6b20c623fc6b3a6fdae119,TASK3_OPERATIONAL_POOLED_V1,CAPACITY_AVAIL_IMMIGRATION_MINUS_3,LOCAL_WINDOW_HPP_EXACT95_HIGH,40,300.000000000,465.401683575,596,369,102,36,71,18,227,596,0,0,0,26.410391362,57.044605234,33.719116306,63.921900486,60.129507669,121.287675668,0.000000000,0.000000000,0.000000000,94.947689487,156.105857486,0.776129812,0.924888026,227,0.380872483,165.401683575,true,COMPLETE
1.0,OP_AVAIL_EXACT95_HIGH_CAPACITY_AVAIL_IMMIGRATION_MINUS_3,a9a556ddf714e12731bb4977820418b0a0cfcd436c6b20c623fc6b3a6fdae119,TASK3_OPERATIONAL_POOLED_V1,CAPACITY_AVAIL_IMMIGRATION_MINUS_3,LOCAL_WINDOW_HPP_EXACT95_HIGH,41,300.000000000,439.910128993,562,369,71,36,68,18,193,562,0,0,0,22.654165815,42.967854779,30.087827848,59.087717904,52.741993663,102.374883019,0.000000000,0.000000000,0.000000000,87.560175481,137.193064837,0.774262828,0.922663204,193,0.343416370,139.910128993,true,COMPLETE
1.0,OP_AVAIL_EXACT95_HIGH_CAPACITY_AVAIL_IMMIGRATION_MINUS_3,a9a556ddf714e12731bb4977820418b0a0cfcd436c6b20c623fc6b3a6fdae119,TASK3_OPERATIONAL_POOLED_V1,CAPACITY_AVAIL_IMMIGRATION_MINUS_3,LOCAL_WINDOW_HPP_EXACT95_HIGH,42,300.000000000,459.518645585,591,368,94,36,75,18,223,591,0,0,0,30.519884883,56.206632241,33.510957862,64.656577685,64.030842744,119.518569347,0.000000000,0.000000000,0.000000000,98.849024562,154.336751165,0.779471783,0.928870542,223,0.377326565,159.518645585,true,COMPLETE
1.0,OP_AVAIL_EXACT95_HIGH_CAPACITY_AVAIL_IMMIGRATION_MINUS_3,a9a556ddf714e12731bb4977820418b0a0cfcd436c6b20c623fc6b3a6fdae119,TASK3_OPERATIONAL_POOLED_V1,CAPACITY_AVAIL_IMMIGRATION_MINUS_3,LOCAL_WINDOW_HPP_EXACT95_HIGH,43,300.000000000,440.231839824,562,370,66,36,72,18,192,562,0,0,0,22.222016370,39.140469699,30.250003350,59.930837117,52.472019720,97.949505704,0.000000000,0.000000000,0.000000000,87.290201538,132.767687522,0.773697016,0.921988943,192,0.341637011,140.231839824,true,COMPLETE
1.0,OP_AVAIL_EXACT95_HIGH_CAPACITY_AVAIL_IMMIGRATION_MINUS_3,a9a556ddf714e12731bb4977820418b0a0cfcd436c6b20c623fc6b3a6fdae119,TASK3_OPERATIONAL_POOLED_V1,CAPACITY_AVAIL_IMMIGRATION_MINUS_3,LOCAL_WINDOW_HPP_EXACT95_HIGH,44,300.000000000,461.379238512,591,365,101,36,71,18,226,591,0,0,0,25.718215306,57.934455652,33.125856391,63.610805144,58.844071698,122.035969517,0.000000000,0.000000000,0.000000000,93.662253516,156.854151335,0.776328426,0.925124708,226,0.382402707,161.379238512,true,COMPLETE
1.0,OP_AVAIL_EXACT95_HIGH_CAPACITY_AVAIL_IMMIGRATION_MINUS_3,a9a556ddf714e12731bb4977820418b0a0cfcd436c6b20c623fc6b3a6fdae119,TASK3_OPERATIONAL_POOLED_V1,CAPACITY_AVAIL_IMMIGRATION_MINUS_3,LOCAL_WINDOW_HPP_EXACT95_HIGH,45,300.000000000,471.004973945,609,369,110,36,76,18,240,609,0,0,0,31.369417822,64.774336333,35.072341897,66.909090912,66.441759720,131.683427245,0.000000000,0.000000000,0.000000000,101.259941538,166.501609063,0.783624228,0.933818872,240,0.394088670,171.004973945,true,COMPLETE
1.0,OP_AVAIL_EXACT95_HIGH_CAPACITY_AVAIL_IMMIGRATION_MINUS_3,a9a556ddf714e12731bb4977820418b0a0cfcd436c6b20c623fc6b3a6fdae119,TASK3_OPERATIONAL_POOLED_V1,CAPACITY_AVAIL_IMMIGRATION_MINUS_3,LOCAL_WINDOW_HPP_EXACT95_HIGH,46,300.000000000,443.318935807,564,365,62,36,83,18,199,564,0,0,0,18.053179373,41.219765034,33.885739221,62.727272730,51.938918594,102.763597077,0.000000000,0.000000000,0.000000000,86.757100412,137.581778895,0.771043495,0.918826832,199,0.352836879,143.318935807,true,COMPLETE
1.0,OP_AVAIL_EXACT95_HIGH_CAPACITY_AVAIL_IMMIGRATION_MINUS_3,a9a556ddf714e12731bb4977820418b0a0cfcd436c6b20c623fc6b3a6fdae119,TASK3_OPERATIONAL_POOLED_V1,CAPACITY_AVAIL_IMMIGRATION_MINUS_3,LOCAL_WINDOW_HPP_EXACT95_HIGH,47,300.000000000,408.498626853,521,372,30,36,65,18,149,521,0,0,0,8.115897380,20.021633914,26.222767729,52.990391977,34.338665109,72.206251723,0.000000000,0.000000000,0.000000000,69.156846927,107.024433541,0.772970960,0.921123727,149,0.285988484,108.498626853,true,COMPLETE
1.0,OP_AVAIL_EXACT95_HIGH_CAPACITY_AVAIL_IMMIGRATION_MINUS_3,a9a556ddf714e12731bb4977820418b0a0cfcd436c6b20c623fc6b3a6fdae119,TASK3_OPERATIONAL_POOLED_V1,CAPACITY_AVAIL_IMMIGRATION_MINUS_3,LOCAL_WINDOW_HPP_EXACT95_HIGH,48,300.000000000,428.151805842,548,369,54,36,71,18,179,548,0,0,0,19.482904238,33.587058802,30.429160185,58.545454548,49.912064423,92.707363767,0.000000000,0.000000000,0.000000000,84.730246241,127.525545585,0.775709007,0.924386567,179,0.326642336,128.151805842,true,COMPLETE
1.0,OP_AVAIL_EXACT95_HIGH_CAPACITY_AVAIL_IMMIGRATION_MINUS_3,a9a556ddf714e12731bb4977820418b0a0cfcd436c6b20c623fc6b3a6fdae119,TASK3_OPERATIONAL_POOLED_V1,CAPACITY_AVAIL_IMMIGRATION_MINUS_3,LOCAL_WINDOW_HPP_EXACT95_HIGH,49,300.000000000,444.805295452,569,369,72,36,74,18,200,569,0,0,0,25.529330687,42.503589836,32.871122450,62.727272730,58.400453137,103.843073278,0.000000000,0.000000000,0.000000000,93.218634955,138.661255096,0.775279630,0.923874892,200,0.351493849,144.805295452,true,COMPLETE
1.0,OP_AVAIL_EXACT95_HIGH_CAPACITY_AVAIL_IMMIGRATION_MINUS_3,a9a556ddf714e12731bb4977820418b0a0cfcd436c6b20c623fc6b3a6fdae119,TASK3_OPERATIONAL_POOLED_V1,CAPACITY_AVAIL_IMMIGRATION_MINUS_3,LOCAL_WINDOW_HPP_EXACT95_HIGH,50,300.000000000,456.813422386,589,371,87,36,77,18,218,589,0,0,0,23.164409025,50.693213876,34.596552811,66.257796129,57.760961836,116.450068324,0.000000000,0.000000000,0.000000000,92.579143654,151.268250142,0.781434344,0.931209260,218,0.370118846,156.813422386,true,COMPLETE
1.0,OP_AVAIL_EXACT95_LOW_CAPACITY_AVAIL_IMMIGRATION_MINUS_3,adddb2957e2ff950388b3585d73083e35714c7580c83d613a5983ffb1effca18,TASK3_OPERATIONAL_POOLED_V1,CAPACITY_AVAIL_IMMIGRATION_MINUS_3,LOCAL_WINDOW_HPP_EXACT95_LOW,1,300.000000000,333.378284734,313,277,0,22,0,14,36,313,0,0,0,0.000000000,0.000000000,0.150463825,1.351290232,0.150463825,1.351290232,0.000000000,0.000000000,0.000000000,34.968645643,36.169472050,0.569014175,0.678075225,36,0.115015974,33.378284734,true,COMPLETE
1.0,OP_AVAIL_EXACT95_LOW_CAPACITY_AVAIL_IMMIGRATION_MINUS_3,adddb2957e2ff950388b3585d73083e35714c7580c83d613a5983ffb1effca18,TASK3_OPERATIONAL_POOLED_V1,CAPACITY_AVAIL_IMMIGRATION_MINUS_3,LOCAL_WINDOW_HPP_EXACT95_LOW,2,300.000000000,332.283944051,299,263,0,20,0,16,36,299,0,0,0,0.000000000,0.000000000,0.055089470,0.423129196,0.055089470,0.423129196,0.000000000,0.000000000,0.000000000,34.873271288,35.241311014,0.545353227,0.649879262,36,0.120401338,32.283944051,true,COMPLETE
1.0,OP_AVAIL_EXACT95_LOW_CAPACITY_AVAIL_IMMIGRATION_MINUS_3,adddb2957e2ff950388b3585d73083e35714c7580c83d613a5983ffb1effca18,TASK3_OPERATIONAL_POOLED_V1,CAPACITY_AVAIL_IMMIGRATION_MINUS_3,LOCAL_WINDOW_HPP_EXACT95_LOW,3,300.000000000,334.763588245,285,251,0,27,0,7,34,285,0,0,0,0.016208119,0.000000000,0.462912335,3.642400390,0.479120455,3.642400390,0.000000000,0.000000000,0.000000000,35.297302273,38.460582208,0.515967921,0.614861773,34,0.119298246,34.763588245,true,COMPLETE
1.0,OP_AVAIL_EXACT95_LOW_CAPACITY_AVAIL_IMMIGRATION_MINUS_3,adddb2957e2ff950388b3585d73083e35714c7580c83d613a5983ffb1effca18,TASK3_OPERATIONAL_POOLED_V1,CAPACITY_AVAIL_IMMIGRATION_MINUS_3,LOCAL_WINDOW_HPP_EXACT95_LOW,4,300.000000000,334.214032222,293,254,0,27,0,12,39,293,0,0,0,0.000000000,0.000000000,0.102399248,1.158950174,0.102399248,1.158950174,0.000000000,0.000000000,0.000000000,34.920581066,35.977131992,0.531323465,0.633160462,39,0.133105802,34.214032222,true,COMPLETE
1.0,OP_AVAIL_EXACT95_LOW_CAPACITY_AVAIL_IMMIGRATION_MINUS_3,adddb2957e2ff950388b3585d73083e35714c7580c83d613a5983ffb1effca18,TASK3_OPERATIONAL_POOLED_V1,CAPACITY_AVAIL_IMMIGRATION_MINUS_3,LOCAL_WINDOW_HPP_EXACT95_LOW,5,300.000000000,333.398993631,289,254,0,23,0,12,35,289,0,0,0,0.000000000,0.000000000,0.077617904,0.000000000,0.077617904,0.000000000,0.000000000,0.000000000,0.000000000,34.895799722,34.818181818,0.525351061,0.626043348,35,0.121107266,33.398993631,true,COMPLETE
1.0,OP_AVAIL_EXACT95_LOW_CAPACITY_AVAIL_IMMIGRATION_MINUS_3,adddb2957e2ff950388b3585d73083e35714c7580c83d613a5983ffb1effca18,TASK3_OPERATIONAL_POOLED_V1,CAPACITY_AVAIL_IMMIGRATION_MINUS_3,LOCAL_WINDOW_HPP_EXACT95_LOW,6,300.000000000,334.503790859,310,286,0,15,0,9,24,310,0,0,0,0.000000000,0.000000000,0.088811311,0.662300549,0.088811311,0.662300549,0.000000000,0.000000000,0.000000000,34.906993129,35.480482367,0.561664152,0.669316447,24,0.077419355,34.503790859,true,COMPLETE
1.0,OP_AVAIL_EXACT95_LOW_CAPACITY_AVAIL_IMMIGRATION_MINUS_3,adddb2957e2ff950388b3585d73083e35714c7580c83d613a5983ffb1effca18,TASK3_OPERATIONAL_POOLED_V1,CAPACITY_AVAIL_IMMIGRATION_MINUS_3,LOCAL_WINDOW_HPP_EXACT95_LOW,7,300.000000000,334.009467665,254,220,0,19,0,15,34,254,0,0,0,0.000000000,0.000000000,0.002929050,0.000000000,0.002929050,0.000000000,0.000000000,0.000000000,0.000000000,34.821110868,34.818181818,0.460883325,0.549219295,34,0.133858268,34.009467665,true,COMPLETE
1.0,OP_AVAIL_EXACT95_LOW_CAPACITY_AVAIL_IMMIGRATION_MINUS_3,adddb2957e2ff950388b3585d73083e35714c7580c83d613a5983ffb1effca18,TASK3_OPERATIONAL_POOLED_V1,CAPACITY_AVAIL_IMMIGRATION_MINUS_3,LOCAL_WINDOW_HPP_EXACT95_LOW,8,300.000000000,334.204293046,279,242,0,26,0,11,37,279,0,0,0,0.000000000,0.000000000,0.035498891,0.000000000,0.035498891,0.000000000,0.000000000,0.000000000,0.000000000,34.853680709,34.818181818,0.505950739,0.602924631,37,0.132616487,34.204293046,true,COMPLETE
1.0,OP_AVAIL_EXACT95_LOW_CAPACITY_AVAIL_IMMIGRATION_MINUS_3,adddb2957e2ff950388b3585d73083e35714c7580c83d613a5983ffb1effca18,TASK3_OPERATIONAL_POOLED_V1,CAPACITY_AVAIL_IMMIGRATION_MINUS_3,LOCAL_WINDOW_HPP_EXACT95_LOW,9,300.000000000,334.651209542,271,235,0,22,0,14,36,271,0,0,0,0.000000000,0.000000000,0.087513122,0.000000000,0.087513122,0.000000000,0.000000000,0.000000000,0.000000000,34.905694940,34.818181818,0.490786884,0.584854370,36,0.132841328,34.651209542,true,COMPLETE
1.0,OP_AVAIL_EXACT95_LOW_CAPACITY_AVAIL_IMMIGRATION_MINUS_3,adddb2957e2ff950388b3585d73083e35714c7580c83d613a5983ffb1effca18,TASK3_OPERATIONAL_POOLED_V1,CAPACITY_AVAIL_IMMIGRATION_MINUS_3,LOCAL_WINDOW_HPP_EXACT95_LOW,10,300.000000000,333.986965101,321,285,0,22,0,14,36,321,0,0,0,0.000000000,0.000000000,0.212974609,2.153858355,0.212974609,2.153858355,0.000000000,0.000000000,0.000000000,35.031156427,36.972040173,0.582494154,0.694138866,36,0.112149533,33.986965101,true,COMPLETE
1.0,OP_AVAIL_EXACT95_LOW_CAPACITY_AVAIL_IMMIGRATION_MINUS_3,adddb2957e2ff950388b3585d73083e35714c7580c83d613a5983ffb1effca18,TASK3_OPERATIONAL_POOLED_V1,CAPACITY_AVAIL_IMMIGRATION_MINUS_3,LOCAL_WINDOW_HPP_EXACT95_LOW,11,300.000000000,334.383425690,276,248,0,19,0,9,28,276,0,0,0,0.000000000,0.000000000,0.000612421,0.000000000,0.000612421,0.000000000,0.000000000,0.000000000,0.000000000,34.818794239,34.818181818,0.500242280,0.596122050,28,0.101449275,34.383425690,true,COMPLETE
1.0,OP_AVAIL_EXACT95_LOW_CAPACITY_AVAIL_IMMIGRATION_MINUS_3,adddb2957e2ff950388b3585d73083e35714c7580c83d613a5983ffb1effca18,TASK3_OPERATIONAL_POOLED_V1,CAPACITY_AVAIL_IMMIGRATION_MINUS_3,LOCAL_WINDOW_HPP_EXACT95_LOW,12,300.000000000,336.675944538,299,251,0,33,0,15,48,299,0,0,0,0.000000000,0.000000000,0.234637278,2.046186220,0.234637278,2.046186220,0.000000000,0.000000000,0.000000000,35.052819096,36.864368038,0.538238993,0.641401466,48,0.160535117,36.675944538,true,COMPLETE
1.0,OP_AVAIL_EXACT95_LOW_CAPACITY_AVAIL_IMMIGRATION_MINUS_3,adddb2957e2ff950388b3585d73083e35714c7580c83d613a5983ffb1effca18,TASK3_OPERATIONAL_POOLED_V1,CAPACITY_AVAIL_IMMIGRATION_MINUS_3,LOCAL_WINDOW_HPP_EXACT95_LOW,13,300.000000000,334.664495631,286,256,0,19,0,11,30,286,0,0,0,0.000000000,0.000000000,0.012492320,0.000000000,0.012492320,0.000000000,0.000000000,0.000000000,0.000000000,34.830674138,34.818181818,0.517931647,0.617201879,30,0.104895105,34.664495631,true,COMPLETE
1.0,OP_AVAIL_EXACT95_LOW_CAPACITY_AVAIL_IMMIGRATION_MINUS_3,adddb2957e2ff950388b3585d73083e35714c7580c83d613a5983ffb1effca18,TASK3_OPERATIONAL_POOLED_V1,CAPACITY_AVAIL_IMMIGRATION_MINUS_3,LOCAL_WINDOW_HPP_EXACT95_LOW,14,300.000000000,334.504039286,264,224,0,27,0,13,40,264,0,0,0,0.000000000,0.000000000,0.087740802,0.754345941,0.087740802,0.754345941,0.000000000,0.000000000,0.000000000,34.905922620,35.572527759,0.478320083,0.569998099,40,0.151515152,34.504039286,true,COMPLETE
1.0,OP_AVAIL_EXACT95_LOW_CAPACITY_AVAIL_IMMIGRATION_MINUS_3,adddb2957e2ff950388b3585d73083e35714c7580c83d613a5983ffb1effca18,TASK3_OPERATIONAL_POOLED_V1,CAPACITY_AVAIL_IMMIGRATION_MINUS_3,LOCAL_WINDOW_HPP_EXACT95_LOW,15,300.000000000,334.767924815,296,263,0,21,0,12,33,296,0,0,0,0.000000000,0.000000000,0.135860130,1.303078883,0.135860130,1.303078883,0.000000000,0.000000000,0.000000000,34.954041948,36.121260701,0.535875531,0.638585007,33,0.111486486,34.767924815,true,COMPLETE
1.0,OP_AVAIL_EXACT95_LOW_CAPACITY_AVAIL_IMMIGRATION_MINUS_3,adddb2957e2ff950388b3585d73083e35714c7580c83d613a5983ffb1effca18,TASK3_OPERATIONAL_POOLED_V1,CAPACITY_AVAIL_IMMIGRATION_MINUS_3,LOCAL_WINDOW_HPP_EXACT95_LOW,16,300.000000000,334.431918804,278,244,0,26,0,8,34,278,0,0,0,0.000000000,0.000000000,0.006721558,0.000000000,0.006721558,0.000000000,0.000000000,0.000000000,0.000000000,34.824903376,34.818181818,0.503794163,0.600354710,34,0.122302158,34.431918804,true,COMPLETE
1.0,OP_AVAIL_EXACT95_LOW_CAPACITY_AVAIL_IMMIGRATION_MINUS_3,adddb2957e2ff950388b3585d73083e35714c7580c83d613a5983ffb1effca18,TASK3_OPERATIONAL_POOLED_V1,CAPACITY_AVAIL_IMMIGRATION_MINUS_3,LOCAL_WINDOW_HPP_EXACT95_LOW,17,300.000000000,335.939427486,310,271,0,28,0,11,39,310,0,0,0,0.018116860,0.000000000,0.624802195,3.830497568,0.642919055,3.830497568,0.000000000,0.000000000,0.000000000,35.461100873,38.648679386,0.559263881,0.666456124,39,0.125806452,35.939427486,true,COMPLETE
1.0,OP_AVAIL_EXACT95_LOW_CAPACITY_AVAIL_IMMIGRATION_MINUS_3,adddb2957e2ff950388b3585d73083e35714c7580c83d613a5983ffb1effca18,TASK3_OPERATIONAL_POOLED_V1,CAPACITY_AVAIL_IMMIGRATION_MINUS_3,LOCAL_WINDOW_HPP_EXACT95_LOW,18,300.000000000,333.369913239,298,259,0,20,1,18,39,298,0,0,0,0.000000000,0.000000000,0.012787986,0.000000000,0.012787986,0.000000000,0.000000000,0.000000000,0.000000000,34.830969804,34.818181818,0.541758729,0.645595819,39,0.130872483,33.369913239,true,COMPLETE
1.0,OP_AVAIL_EXACT95_LOW_CAPACITY_AVAIL_IMMIGRATION_MINUS_3,adddb2957e2ff950388b3585d73083e35714c7580c83d613a5983ffb1effca18,TASK3_OPERATIONAL_POOLED_V1,CAPACITY_AVAIL_IMMIGRATION_MINUS_3,LOCAL_WINDOW_HPP_EXACT95_LOW,19,300.000000000,334.345704763,272,241,0,25,0,6,31,272,0,0,0,0.000000000,0.000000000,0.030496236,0.000000000,0.030496236,0.000000000,0.000000000,0.000000000,0.000000000,34.848678054,34.818181818,0.493048011,0.587548880,31,0.113970588,34.345704763,true,COMPLETE
1.0,OP_AVAIL_EXACT95_LOW_CAPACITY_AVAIL_IMMIGRATION_MINUS_3,adddb2957e2ff950388b3585d73083e35714c7580c83d613a5983ffb1effca18,TASK3_OPERATIONAL_POOLED_V1,CAPACITY_AVAIL_IMMIGRATION_MINUS_3,LOCAL_WINDOW_HPP_EXACT95_LOW,20,300.000000000,333.059981036,280,252,0,16,0,12,28,280,0,0,0,0.000000000,0.000000000,0.070029899,0.400289106,0.070029899,0.400289106,0.000000000,0.000000000,0.000000000,34.888211717,35.218470924,0.509508735,0.607164576,28,0.100000000,33.059981036,true,COMPLETE
1.0,OP_AVAIL_EXACT95_LOW_CAPACITY_AVAIL_IMMIGRATION_MINUS_3,adddb2957e2ff950388b3585d73083e35714c7580c83d613a5983ffb1effca18,TASK3_OPERATIONAL_POOLED_V1,CAPACITY_AVAIL_IMMIGRATION_MINUS_3,LOCAL_WINDOW_HPP_EXACT95_LOW,21,300.000000000,334.383882730,272,248,0,14,0,10,24,272,0,0,0,0.000000000,0.000000000,0.079382676,0.547642880,0.079382676,0.547642880,0.000000000,0.000000000,0.000000000,34.897564494,35.365824698,0.492991718,0.587481797,24,0.088235294,34.383882730,true,COMPLETE
1.0,OP_AVAIL_EXACT95_LOW_CAPACITY_AVAIL_IMMIGRATION_MINUS_3,adddb2957e2ff950388b3585d73083e35714c7580c83d613a5983ffb1effca18,TASK3_OPERATIONAL_POOLED_V1,CAPACITY_AVAIL_IMMIGRATION_MINUS_3,LOCAL_WINDOW_HPP_EXACT95_LOW,22,300.000000000,336.567106151,312,265,0,34,0,13,47,312,0,0,0,0.000000000,0.000000000,0.402581392,3.106318754,0.402581392,3.106318754,0.000000000,0.000000000,0.000000000,35.220763210,37.924500572,0.561822310,0.669504920,47,0.150641026,36.567106151,true,COMPLETE
1.0,OP_AVAIL_EXACT95_LOW_CAPACITY_AVAIL_IMMIGRATION_MINUS_3,adddb2957e2ff950388b3585d73083e35714c7580c83d613a5983ffb1effca18,TASK3_OPERATIONAL_POOLED_V1,CAPACITY_AVAIL_IMMIGRATION_MINUS_3,LOCAL_WINDOW_HPP_EXACT95_LOW,23,300.000000000,333.884950245,296,268,0,19,0,9,28,296,0,0,0,0.000000000,0.000000000,0.117596668,1.072996694,0.117596668,1.072996694,0.000000000,0.000000000,0.000000000,34.935778486,35.891178512,0.537292679,0.640273776,28,0.094594595,33.884950245,true,COMPLETE
1.0,OP_AVAIL_EXACT95_LOW_CAPACITY_AVAIL_IMMIGRATION_MINUS_3,adddb2957e2ff950388b3585d73083e35714c7580c83d613a5983ffb1effca18,TASK3_OPERATIONAL_POOLED_V1,CAPACITY_AVAIL_IMMIGRATION_MINUS_3,LOCAL_WINDOW_HPP_EXACT95_LOW,24,300.000000000,335.637443270,299,253,0,30,0,16,46,299,0,0,0,0.000000000,0.000000000,0.042148433,0.108542926,0.042148433,0.108542926,0.000000000,0.000000000,0.000000000,34.860330251,34.926724744,0.539904367,0.643386037,46,0.153846154,35.637443270,true,COMPLETE
1.0,OP_AVAIL_EXACT95_LOW_CAPACITY_AVAIL_IMMIGRATION_MINUS_3,adddb2957e2ff950388b3585d73083e35714c7580c83d613a5983ffb1effca18,TASK3_OPERATIONAL_POOLED_V1,CAPACITY_AVAIL_IMMIGRATION_MINUS_3,LOCAL_WINDOW_HPP_EXACT95_LOW,25,300.000000000,333.803665910,291,256,0,24,0,11,35,291,0,0,0,0.000000000,0.000000000,0.038839047,0.000000000,0.038839047,0.000000000,0.000000000,0.000000000,0.000000000,34.857020865,34.818181818,0.528345415,0.629611619,35,0.120274914,33.803665910,true,COMPLETE
1.0,OP_AVAIL_EXACT95_LOW_CAPACITY_AVAIL_IMMIGRATION_MINUS_3,adddb2957e2ff950388b3585d73083e35714c7580c83d613a5983ffb1effca18,TASK3_OPERATIONAL_POOLED_V1,CAPACITY_AVAIL_IMMIGRATION_MINUS_3,LOCAL_WINDOW_HPP_EXACT95_LOW,26,300.000000000,334.692628558,273,240,0,20,0,13,33,273,0,0,0,0.000000000,0.000000000,0.052572770,0.000000000,0.052572770,0.000000000,0.000000000,0.000000000,0.000000000,34.870754588,34.818181818,0.494347743,0.589097727,33,0.120879121,34.692628558,true,COMPLETE
1.0,OP_AVAIL_EXACT95_LOW_CAPACITY_AVAIL_IMMIGRATION_MINUS_3,adddb2957e2ff950388b3585d73083e35714c7580c83d613a5983ffb1effca18,TASK3_OPERATIONAL_POOLED_V1,CAPACITY_AVAIL_IMMIGRATION_MINUS_3,LOCAL_WINDOW_HPP_EXACT95_LOW,27,300.000000000,332.497741530,272,244,0,18,0,10,28,272,0,0,0,0.000000000,0.000000000,0.019852490,0.000000000,0.019852490,0.000000000,0.000000000,0.000000000,0.000000000,34.838034308,34.818181818,0.495788284,0.590814372,28,0.102941176,32.497741530,true,COMPLETE
1.0,OP_AVAIL_EXACT95_LOW_CAPACITY_AVAIL_IMMIGRATION_MINUS_3,adddb2957e2ff950388b3585d73083e35714c7580c83d613a5983ffb1effca18,TASK3_OPERATIONAL_POOLED_V1,CAPACITY_AVAIL_IMMIGRATION_MINUS_3,LOCAL_WINDOW_HPP_EXACT95_LOW,28,300.000000000,334.557393197,258,233,0,16,0,9,25,258,0,0,0,0.000000000,0.000000000,0.003097274,0.000000000,0.003097274,0.000000000,0.000000000,0.000000000,0.000000000,34.821279092,34.818181818,0.467374626,0.556954762,25,0.096899225,34.557393197,true,COMPLETE
1.0,OP_AVAIL_EXACT95_LOW_CAPACITY_AVAIL_IMMIGRATION_MINUS_3,adddb2957e2ff950388b3585d73083e35714c7580c83d613a5983ffb1effca18,TASK3_OPERATIONAL_POOLED_V1,CAPACITY_AVAIL_IMMIGRATION_MINUS_3,LOCAL_WINDOW_HPP_EXACT95_LOW,29,300.000000000,334.055309304,300,264,0,20,0,16,36,300,0,0,0,0.009986572,0.000000000,0.415835605,3.179859801,0.425822177,3.179859801,0.000000000,0.000000000,0.000000000,35.244003995,37.998041619,0.544275684,0.648595190,36,0.120000000,34.055309304,true,COMPLETE
1.0,OP_AVAIL_EXACT95_LOW_CAPACITY_AVAIL_IMMIGRATION_MINUS_3,adddb2957e2ff950388b3585d73083e35714c7580c83d613a5983ffb1effca18,TASK3_OPERATIONAL_POOLED_V1,CAPACITY_AVAIL_IMMIGRATION_MINUS_3,LOCAL_WINDOW_HPP_EXACT95_LOW,30,300.000000000,333.547081962,267,232,0,27,0,8,35,267,0,0,0,0.000000000,0.000000000,0.043873348,0.000000000,0.043873348,0.000000000,0.000000000,0.000000000,0.000000000,34.862055166,34.818181818,0.485143449,0.578129277,35,0.131086142,33.547081962,true,COMPLETE
1.0,OP_AVAIL_EXACT95_LOW_CAPACITY_AVAIL_IMMIGRATION_MINUS_3,adddb2957e2ff950388b3585d73083e35714c7580c83d613a5983ffb1effca18,TASK3_OPERATIONAL_POOLED_V1,CAPACITY_AVAIL_IMMIGRATION_MINUS_3,LOCAL_WINDOW_HPP_EXACT95_LOW,31,300.000000000,332.500307393,296,270,0,17,0,9,26,296,0,0,0,0.000000000,0.000000000,0.055754211,0.432901677,0.055754211,0.432901677,0.000000000,0.000000000,0.000000000,34.873936029,35.251083495,0.539530146,0.642940091,26,0.087837838,32.500307393,true,COMPLETE
1.0,OP_AVAIL_EXACT95_LOW_CAPACITY_AVAIL_IMMIGRATION_MINUS_3,adddb2957e2ff950388b3585d73083e35714c7580c83d613a5983ffb1effca18,TASK3_OPERATIONAL_POOLED_V1,CAPACITY_AVAIL_IMMIGRATION_MINUS_3,LOCAL_WINDOW_HPP_EXACT95_LOW,32,300.000000000,335.188766742,288,245,0,29,0,14,43,288,0,0,0,0.000000000,0.000000000,0.026738933,0.000000000,0.026738933,0.000000000,0.000000000,0.000000000,0.000000000,34.844920751,34.818181818,0.520737781,0.620545855,43,0.149305556,35.188766742,true,COMPLETE
1.0,OP_AVAIL_EXACT95_LOW_CAPACITY_AVAIL_IMMIGRATION_MINUS_3,adddb2957e2ff950388b3585d73083e35714c7580c83d613a5983ffb1effca18,TASK3_OPERATIONAL_POOLED_V1,CAPACITY_AVAIL_IMMIGRATION_MINUS_3,LOCAL_WINDOW_HPP_EXACT95_LOW,33,300.000000000,333.353517328,263,238,0,17,0,8,25,263,0,0,0,0.000000000,0.000000000,0.000000000,0.000000000,0.000000000,0.000000000,0.000000000,0.000000000,0.000000000,34.818181818,34.818181818,0.478152865,0.569798831,25,0.095057034,33.353517328,true,COMPLETE
1.0,OP_AVAIL_EXACT95_LOW_CAPACITY_AVAIL_IMMIGRATION_MINUS_3,adddb2957e2ff950388b3585d73083e35714c7580c83d613a5983ffb1effca18,TASK3_OPERATIONAL_POOLED_V1,CAPACITY_AVAIL_IMMIGRATION_MINUS_3,LOCAL_WINDOW_HPP_EXACT95_LOW,34,300.000000000,333.918653247,282,249,0,15,0,18,33,282,0,0,0,0.000000000,0.000000000,0.117143428,0.987013983,0.117143428,0.987013983,0.000000000,0.000000000,0.000000000,34.935325246,35.805195801,0.511828522,0.609928989,33,0.117021277,33.918653247,true,COMPLETE
1.0,OP_AVAIL_EXACT95_LOW_CAPACITY_AVAIL_IMMIGRATION_MINUS_3,adddb2957e2ff950388b3585d73083e35714c7580c83d613a5983ffb1effca18,TASK3_OPERATIONAL_POOLED_V1,CAPACITY_AVAIL_IMMIGRATION_MINUS_3,LOCAL_WINDOW_HPP_EXACT95_LOW,35,300.000000000,334.031797309,280,251,0,18,0,11,29,280,0,0,0,0.000000000,0.000000000,0.007284430,0.000000000,0.007284430,0.000000000,0.000000000,0.000000000,0.000000000,34.825466248,34.818181818,0.508026395,0.605398120,29,0.103571429,34.031797309,true,COMPLETE
1.0,OP_AVAIL_EXACT95_LOW_CAPACITY_AVAIL_IMMIGRATION_MINUS_3,adddb2957e2ff950388b3585d73083e35714c7580c83d613a5983ffb1effca18,TASK3_OPERATIONAL_POOLED_V1,CAPACITY_AVAIL_IMMIGRATION_MINUS_3,LOCAL_WINDOW_HPP_EXACT95_LOW,36,300.000000000,334.046219248,272,235,0,21,0,16,37,272,0,0,0,0.000000000,0.000000000,0.000000000,0.000000000,0.000000000,0.000000000,0.000000000,0.000000000,0.000000000,34.818181818,34.818181818,0.493490048,0.588075641,37,0.136029412,34.046219248,true,COMPLETE
1.0,OP_AVAIL_EXACT95_LOW_CAPACITY_AVAIL_IMMIGRATION_MINUS_3,adddb2957e2ff950388b3585d73083e35714c7580c83d613a5983ffb1effca18,TASK3_OPERATIONAL_POOLED_V1,CAPACITY_AVAIL_IMMIGRATION_MINUS_3,LOCAL_WINDOW_HPP_EXACT95_LOW,37,300.000000000,334.078766339,266,237,0,16,0,13,29,266,0,0,0,0.000000000,0.000000000,0.082955908,0.000000000,0.082955908,0.000000000,0.000000000,0.000000000,0.000000000,34.901137726,34.818181818,0.482557221,0.575047355,29,0.109022556,34.078766339,true,COMPLETE
1.0,OP_AVAIL_EXACT95_LOW_CAPACITY_AVAIL_IMMIGRATION_MINUS_3,adddb2957e2ff950388b3585d73083e35714c7580c83d613a5983ffb1effca18,TASK3_OPERATIONAL_POOLED_V1,CAPACITY_AVAIL_IMMIGRATION_MINUS_3,LOCAL_WINDOW_HPP_EXACT95_LOW,38,300.000000000,333.973818889,341,299,0,23,1,18,42,341,0,0,0,0.000000000,0.000000000,0.190215427,1.368860962,0.190215427,1.368860962,0.000000000,0.000000000,0.000000000,35.008397245,36.187042780,0.618810982,0.737416420,42,0.123167155,33.973818889,true,COMPLETE
1.0,OP_AVAIL_EXACT95_LOW_CAPACITY_AVAIL_IMMIGRATION_MINUS_3,adddb2957e2ff950388b3585d73083e35714c7580c83d613a5983ffb1effca18,TASK3_OPERATIONAL_POOLED_V1,CAPACITY_AVAIL_IMMIGRATION_MINUS_3,LOCAL_WINDOW_HPP_EXACT95_LOW,39,300.000000000,333.227369168,256,218,0,24,0,14,38,256,0,0,0,0.000000000,0.000000000,0.021636132,0.000000000,0.021636132,0.000000000,0.000000000,0.000000000,0.000000000,34.839817950,34.818181818,0.465602557,0.554843047,38,0.148437500,33.227369168,true,COMPLETE
1.0,OP_AVAIL_EXACT95_LOW_CAPACITY_AVAIL_IMMIGRATION_MINUS_3,adddb2957e2ff950388b3585d73083e35714c7580c83d613a5983ffb1effca18,TASK3_OPERATIONAL_POOLED_V1,CAPACITY_AVAIL_IMMIGRATION_MINUS_3,LOCAL_WINDOW_HPP_EXACT95_LOW,40,300.000000000,334.470914622,276,253,0,13,0,10,23,276,0,0,0,0.000000000,0.000000000,0.080700421,0.776656870,0.080700421,0.776656870,0.000000000,0.000000000,0.000000000,34.898882239,35.594838688,0.500111430,0.595966120,23,0.083333333,34.470914622,true,COMPLETE
1.0,OP_AVAIL_EXACT95_LOW_CAPACITY_AVAIL_IMMIGRATION_MINUS_3,adddb2957e2ff950388b3585d73083e35714c7580c83d613a5983ffb1effca18,TASK3_OPERATIONAL_POOLED_V1,CAPACITY_AVAIL_IMMIGRATION_MINUS_3,LOCAL_WINDOW_HPP_EXACT95_LOW,41,300.000000000,334.039386969,305,267,0,22,0,16,38,305,0,0,0,0.000000000,0.000000000,0.176771613,2.007625208,0.176771613,2.007625208,0.000000000,0.000000000,0.000000000,34.994953431,36.825807026,0.553373321,0.659436541,38,0.124590164,34.039386969,true,COMPLETE
1.0,OP_AVAIL_EXACT95_LOW_CAPACITY_AVAIL_IMMIGRATION_MINUS_3,adddb2957e2ff950388b3585d73083e35714c7580c83d613a5983ffb1effca18,TASK3_OPERATIONAL_POOLED_V1,CAPACITY_AVAIL_IMMIGRATION_MINUS_3,LOCAL_WINDOW_HPP_EXACT95_LOW,42,300.000000000,334.117691289,298,260,0,25,0,13,38,298,0,0,0,0.000000000,0.000000000,0.074462223,0.234771032,0.074462223,0.234771032,0.000000000,0.000000000,0.000000000,34.892644041,35.052952850,0.540546237,0.644150932,38,0.127516779,34.117691289,true,COMPLETE
1.0,OP_AVAIL_EXACT95_LOW_CAPACITY_AVAIL_IMMIGRATION_MINUS_3,adddb2957e2ff950388b3585d73083e35714c7580c83d613a5983ffb1effca18,TASK3_OPERATIONAL_POOLED_V1,CAPACITY_AVAIL_IMMIGRATION_MINUS_3,LOCAL_WINDOW_HPP_EXACT95_LOW,43,300.000000000,334.595220486,274,248,0,20,0,6,26,274,0,0,0,0.000000000,0.000000000,0.154528660,1.273854317,0.154528660,1.273854317,0.000000000,0.000000000,0.000000000,34.972710478,36.092036135,0.496302983,0.591427722,26,0.094890511,34.595220486,true,COMPLETE
1.0,OP_AVAIL_EXACT95_LOW_CAPACITY_AVAIL_IMMIGRATION_MINUS_3,adddb2957e2ff950388b3585d73083e35714c7580c83d613a5983ffb1effca18,TASK3_OPERATIONAL_POOLED_V1,CAPACITY_AVAIL_IMMIGRATION_MINUS_3,LOCAL_WINDOW_HPP_EXACT95_LOW,44,300.000000000,333.612131684,288,252,0,19,0,17,36,288,0,0,0,0.000000000,0.000000000,0.065748635,0.315720721,0.065748635,0.315720721,0.000000000,0.000000000,0.000000000,34.883930453,35.133902539,0.523198763,0.623478526,36,0.125000000,33.612131684,true,COMPLETE
1.0,OP_AVAIL_EXACT95_LOW_CAPACITY_AVAIL_IMMIGRATION_MINUS_3,adddb2957e2ff950388b3585d73083e35714c7580c83d613a5983ffb1effca18,TASK3_OPERATIONAL_POOLED_V1,CAPACITY_AVAIL_IMMIGRATION_MINUS_3,LOCAL_WINDOW_HPP_EXACT95_LOW,45,300.000000000,335.272545013,294,252,0,27,0,15,42,294,0,0,0,0.000000000,0.000000000,0.073540829,0.753418008,0.073540829,0.753418008,0.000000000,0.000000000,0.000000000,34.891722647,35.571599826,0.531453651,0.633315601,42,0.142857143,35.272545013,true,COMPLETE
1.0,OP_AVAIL_EXACT95_LOW_CAPACITY_AVAIL_IMMIGRATION_MINUS_3,adddb2957e2ff950388b3585d73083e35714c7580c83d613a5983ffb1effca18,TASK3_OPERATIONAL_POOLED_V1,CAPACITY_AVAIL_IMMIGRATION_MINUS_3,LOCAL_WINDOW_HPP_EXACT95_LOW,46,300.000000000,335.230534980,296,252,0,26,0,18,44,296,0,0,0,0.000000000,0.000000000,0.187338631,1.566202592,0.187338631,1.566202592,0.000000000,0.000000000,0.000000000,35.005520449,36.384384410,0.535136035,0.637703775,44,0.148648649,35.230534980,true,COMPLETE
1.0,OP_AVAIL_EXACT95_LOW_CAPACITY_AVAIL_IMMIGRATION_MINUS_3,adddb2957e2ff950388b3585d73083e35714c7580c83d613a5983ffb1effca18,TASK3_OPERATIONAL_POOLED_V1,CAPACITY_AVAIL_IMMIGRATION_MINUS_3,LOCAL_WINDOW_HPP_EXACT95_LOW,47,300.000000000,329.184016045,265,230,0,13,4,18,35,265,0,0,0,0.000000000,0.000000000,0.218400068,1.836291530,0.218400068,1.836291530,0.000000000,0.000000000,0.000000000,35.036581886,36.654473348,0.487891431,0.581403955,35,0.132075472,29.184016045,true,COMPLETE
1.0,OP_AVAIL_EXACT95_LOW_CAPACITY_AVAIL_IMMIGRATION_MINUS_3,adddb2957e2ff950388b3585d73083e35714c7580c83d613a5983ffb1effca18,TASK3_OPERATIONAL_POOLED_V1,CAPACITY_AVAIL_IMMIGRATION_MINUS_3,LOCAL_WINDOW_HPP_EXACT95_LOW,48,300.000000000,334.462782154,296,264,0,14,0,18,32,296,0,0,0,0.000000000,0.000000000,0.169236860,1.542491548,0.169236860,1.542491548,0.000000000,0.000000000,0.000000000,34.987418678,36.360673366,0.536364430,0.639167612,32,0.108108108,34.462782154,true,COMPLETE
1.0,OP_AVAIL_EXACT95_LOW_CAPACITY_AVAIL_IMMIGRATION_MINUS_3,adddb2957e2ff950388b3585d73083e35714c7580c83d613a5983ffb1effca18,TASK3_OPERATIONAL_POOLED_V1,CAPACITY_AVAIL_IMMIGRATION_MINUS_3,LOCAL_WINDOW_HPP_EXACT95_LOW,49,300.000000000,330.242669127,247,233,0,11,0,3,14,247,0,0,0,0.000000000,0.000000000,0.048687542,0.010441470,0.048687542,0.010441470,0.000000000,0.000000000,0.000000000,34.866869360,34.828623288,0.453293846,0.540175167,14,0.056680162,30.242669127,true,COMPLETE
1.0,OP_AVAIL_EXACT95_LOW_CAPACITY_AVAIL_IMMIGRATION_MINUS_3,adddb2957e2ff950388b3585d73083e35714c7580c83d613a5983ffb1effca18,TASK3_OPERATIONAL_POOLED_V1,CAPACITY_AVAIL_IMMIGRATION_MINUS_3,LOCAL_WINDOW_HPP_EXACT95_LOW,50,300.000000000,334.204179571,295,266,0,17,0,12,29,295,0,0,0,0.000000000,0.000000000,0.116689047,0.865012699,0.116689047,0.865012699,0.000000000,0.000000000,0.000000000,34.934870865,35.683194517,0.534966017,0.637501170,29,0.098305085,34.204179571,true,COMPLETE
1.0,OP_AVAIL_MLE_BASE_CAPACITY_AVAIL_JOINT_MINUS_4_MINUS_3,7071f2692250bebc24fff2d420e42302f29c9fdd5e46636e2e812df089e0568a,TASK3_OPERATIONAL_POOLED_V1,CAPACITY_AVAIL_JOINT_MINUS_4_MINUS_3,LOCAL_WINDOW_HPP_BASE,1,300.000000000,334.854323649,396,354,0,24,0,18,42,396,0,0,0,0.530751155,3.015121874,1.809028607,4.889046934,2.339779762,6.068709092,0.000000000,0.000000000,0.000000000,37.157961580,40.886890910,0.806320782,0.854102754,42,0.106060606,34.854323649,true,COMPLETE
1.0,OP_AVAIL_MLE_BASE_CAPACITY_AVAIL_JOINT_MINUS_4_MINUS_3,7071f2692250bebc24fff2d420e42302f29c9fdd5e46636e2e812df089e0568a,TASK3_OPERATIONAL_POOLED_V1,CAPACITY_AVAIL_JOINT_MINUS_4_MINUS_3,LOCAL_WINDOW_HPP_BASE,2,300.000000000,353.943303908,442,367,13,32,12,18,75,442,0,0,0,2.221670901,7.065378700,5.641905012,10.388750376,7.863575912,15.485127435,0.000000000,0.000000000,0.000000000,42.681757730,50.303309253,0.851446074,0.901902137,75,0.169683258,53.943303908,true,COMPLETE
1.0,OP_AVAIL_MLE_BASE_CAPACITY_AVAIL_JOINT_MINUS_4_MINUS_3,7071f2692250bebc24fff2d420e42302f29c9fdd5e46636e2e812df089e0568a,TASK3_OPERATIONAL_POOLED_V1,CAPACITY_AVAIL_JOINT_MINUS_4_MINUS_3,LOCAL_WINDOW_HPP_BASE,3,300.000000000,334.760392420,393,350,0,29,0,14,43,393,0,0,0,0.769025665,4.741671735,1.161772059,3.799619995,1.930797724,7.202649919,0.000000000,0.000000000,0.000000000,36.748979542,42.020831737,0.800436824,0.847870118,43,0.109414758,34.760392420,true,COMPLETE
1.0,OP_AVAIL_MLE_BASE_CAPACITY_AVAIL_JOINT_MINUS_4_MINUS_3,7071f2692250bebc24fff2d420e42302f29c9fdd5e46636e2e812df089e0568a,TASK3_OPERATIONAL_POOLED_V1,CAPACITY_AVAIL_JOINT_MINUS_4_MINUS_3,LOCAL_WINDOW_HPP_BASE,4,300.000000000,344.663925773,410,347,7,32,6,18,63,410,0,0,0,0.787689619,4.429332134,1.577178872,5.255329781,2.364868491,8.775799318,0.000000000,0.000000000,0.000000000,37.183050309,43.593981136,0.811066763,0.859129978,63,0.153658537,44.663925773,true,COMPLETE
1.0,OP_AVAIL_MLE_BASE_CAPACITY_AVAIL_JOINT_MINUS_4_MINUS_3,7071f2692250bebc24fff2d420e42302f29c9fdd5e46636e2e812df089e0568a,TASK3_OPERATIONAL_POOLED_V1,CAPACITY_AVAIL_JOINT_MINUS_4_MINUS_3,LOCAL_WINDOW_HPP_BASE,5,300.000000000,333.557018640,388,356,0,18,0,14,32,388,0,0,0,0.831334221,3.928272299,2.372214402,5.563243241,3.203548623,6.595558506,0.000000000,0.000000000,0.000000000,38.021730441,41.413740324,0.793104146,0.840102911,32,0.082474227,33.557018640,true,COMPLETE
1.0,OP_AVAIL_MLE_BASE_CAPACITY_AVAIL_JOINT_MINUS_4_MINUS_3,7071f2692250bebc24fff2d420e42302f29c9fdd5e46636e2e812df089e0568a,TASK3_OPERATIONAL_POOLED_V1,CAPACITY_AVAIL_JOINT_MINUS_4_MINUS_3,LOCAL_WINDOW_HPP_BASE,6,300.000000000,346.321962930,419,355,1,32,13,18,64,419,0,0,0,1.357147157,4.868480426,5.363127225,11.054353138,6.720274383,13.283397174,0.000000000,0.000000000,0.000000000,41.538456201,48.101578992,0.824902399,0.873785505,64,0.152744630,46.321962930,true,COMPLETE
1.0,OP_AVAIL_MLE_BASE_CAPACITY_AVAIL_JOINT_MINUS_4_MINUS_3,7071f2692250bebc24fff2d420e42302f29c9fdd5e46636e2e812df089e0568a,TASK3_OPERATIONAL_POOLED_V1,CAPACITY_AVAIL_JOINT_MINUS_4_MINUS_3,LOCAL_WINDOW_HPP_BASE,7,300.000000000,339.866615257,408,352,4,32,2,18,56,408,0,0,0,0.806328375,4.354079751,1.512149274,4.062305908,2.318477650,6.410100704,0.000000000,0.000000000,0.000000000,37.136659468,41.228282522,0.818502923,0.867006800,56,0.137254902,39.866615257,true,COMPLETE
1.0,OP_AVAIL_MLE_BASE_CAPACITY_AVAIL_JOINT_MINUS_4_MINUS_3,7071f2692250bebc24fff2d420e42302f29c9fdd5e46636e2e812df089e0568a,TASK3_OPERATIONAL_POOLED_V1,CAPACITY_AVAIL_JOINT_MINUS_4_MINUS_3,LOCAL_WINDOW_HPP_BASE,8,300.000000000,353.825816755,442,368,0,31,25,18,74,442,0,0,0,6.246534347,13.689733065,9.004749388,16.957397748,15.251283735,26.588478995,0.000000000,0.000000000,0.000000000,50.069465553,61.406660813,0.851728794,0.902201612,74,0.167420814,53.825816755,true,COMPLETE
1.0,OP_AVAIL_MLE_BASE_CAPACITY_AVAIL_JOINT_MINUS_4_MINUS_3,7071f2692250bebc24fff2d420e42302f29c9fdd5e46636e2e812df089e0568a,TASK3_OPERATIONAL_POOLED_V1,CAPACITY_AVAIL_JOINT_MINUS_4_MINUS_3,LOCAL_WINDOW_HPP_BASE,9,300.000000000,337.741384818,395,343,1,32,1,18,52,395,0,0,0,1.532938686,7.158400495,1.396524289,4.180815972,2.929462975,10.356931762,0.000000000,0.000000000,0.000000000,37.747644793,45.175113580,0.797409479,0.844663374,52,0.131645570,37.741384818,true,COMPLETE
1.0,OP_AVAIL_MLE_BASE_CAPACITY_AVAIL_JOINT_MINUS_4_MINUS_3,7071f2692250bebc24fff2d420e42302f29c9fdd5e46636e2e812df089e0568a,TASK3_OPERATIONAL_POOLED_V1,CAPACITY_AVAIL_JOINT_MINUS_4_MINUS_3,LOCAL_WINDOW_HPP_BASE,10,300.000000000,336.189013621,394,342,0,32,2,18,52,394,0,0,0,0.552625609,3.487689608,1.399705322,4.563227203,1.952330931,6.381879442,0.000000000,0.000000000,0.000000000,36.770512749,41.200061260,0.799063481,0.846415391,52,0.131979695,36.189013621,true,COMPLETE
1.0,OP_AVAIL_MLE_BASE_CAPACITY_AVAIL_JOINT_MINUS_4_MINUS_3,7071f2692250bebc24fff2d420e42302f29c9fdd5e46636e2e812df089e0568a,TASK3_OPERATIONAL_POOLED_V1,CAPACITY_AVAIL_JOINT_MINUS_4_MINUS_3,LOCAL_WINDOW_HPP_BASE,11,300.000000000,334.795505588,409,365,0,20,6,18,44,409,0,0,0,2.078730175,6.235880443,5.751246518,11.620106375,7.829976693,15.057216217,0.000000000,0.000000000,0.000000000,42.648158511,49.875398035,0.832937216,0.882296458,44,0.107579462,34.795505588,true,COMPLETE
1.0,OP_AVAIL_MLE_BASE_CAPACITY_AVAIL_JOINT_MINUS_4_MINUS_3,7071f2692250bebc24fff2d420e42302f29c9fdd5e46636e2e812df089e0568a,TASK3_OPERATIONAL_POOLED_V1,CAPACITY_AVAIL_JOINT_MINUS_4_MINUS_3,LOCAL_WINDOW_HPP_BASE,12,300.000000000,346.243858147,423,359,1,32,13,18,64,423,0,0,0,2.771623664,9.808171817,3.503304046,9.499766116,6.274927710,15.150898556,0.000000000,0.000000000,0.000000000,41.093109528,49.969080374,0.832965218,0.882326120,64,0.151300236,46.243858147,true,COMPLETE
1.0,OP_AVAIL_MLE_BASE_CAPACITY_AVAIL_JOINT_MINUS_4_MINUS_3,7071f2692250bebc24fff2d420e42302f29c9fdd5e46636e2e812df089e0568a,TASK3_OPERATIONAL_POOLED_V1,CAPACITY_AVAIL_JOINT_MINUS_4_MINUS_3,LOCAL_WINDOW_HPP_BASE,13,300.000000000,363.994850644,455,367,20,32,18,18,88,455,0,0,0,13.673850734,28.913981527,7.539374240,16.186514643,21.213224974,37.568376537,0.000000000,0.000000000,0.000000000,56.031406792,72.386558355,0.852284784,0.902790549,88,0.193406593,63.994850644,true,COMPLETE
1.0,OP_AVAIL_MLE_BASE_CAPACITY_AVAIL_JOINT_MINUS_4_MINUS_3,7071f2692250bebc24fff2d420e42302f29c9fdd5e46636e2e812df089e0568a,TASK3_OPERATIONAL_POOLED_V1,CAPACITY_AVAIL_JOINT_MINUS_4_MINUS_3,LOCAL_WINDOW_HPP_BASE,14,300.000000000,333.719484820,374,343,0,17,0,14,31,374,0,0,0,0.827477696,4.175741549,1.341322379,4.154446862,2.168800075,6.770747552,0.000000000,0.000000000,0.000000000,36.986981893,41.588929370,0.764114808,0.809395685,31,0.082887701,33.719484820,true,COMPLETE
1.0,OP_AVAIL_MLE_BASE_CAPACITY_AVAIL_JOINT_MINUS_4_MINUS_3,7071f2692250bebc24fff2d420e42302f29c9fdd5e46636e2e812df089e0568a,TASK3_OPERATIONAL_POOLED_V1,CAPACITY_AVAIL_JOINT_MINUS_4_MINUS_3,LOCAL_WINDOW_HPP_BASE,15,300.000000000,334.257636044,386,341,0,29,0,16,45,386,0,0,0,0.789492014,5.822250399,1.314899370,4.573072454,2.104391384,9.422828847,0.000000000,0.000000000,0.000000000,36.922573202,44.241010665,0.787362172,0.834020671,45,0.116580311,34.257636044,true,COMPLETE
1.0,OP_AVAIL_MLE_BASE_CAPACITY_AVAIL_JOINT_MINUS_4_MINUS_3,7071f2692250bebc24fff2d420e42302f29c9fdd5e46636e2e812df089e0568a,TASK3_OPERATIONAL_POOLED_V1,CAPACITY_AVAIL_JOINT_MINUS_4_MINUS_3,LOCAL_WINDOW_HPP_BASE,16,300.000000000,347.236135759,401,337,9,32,5,18,64,401,0,0,0,0.920865703,4.947414586,1.378093743,4.915149388,2.298959446,9.708673803,0.000000000,0.000000000,0.000000000,37.117141264,44.526855621,0.787386630,0.834046579,64,0.159600998,47.236135759,true,COMPLETE
1.0,OP_AVAIL_MLE_BASE_CAPACITY_AVAIL_JOINT_MINUS_4_MINUS_3,7071f2692250bebc24fff2d420e42302f29c9fdd5e46636e2e812df089e0568a,TASK3_OPERATIONAL_POOLED_V1,CAPACITY_AVAIL_JOINT_MINUS_4_MINUS_3,LOCAL_WINDOW_HPP_BASE,17,300.000000000,350.573784907,429,359,8,32,12,18,70,429,0,0,0,2.984903061,9.445386197,4.303336088,10.104787527,7.288239149,17.535844520,0.000000000,0.000000000,0.000000000,42.106420967,52.354026338,0.834346470,0.883789224,70,0.163170163,50.573784907,true,COMPLETE
1.0,OP_AVAIL_MLE_BASE_CAPACITY_AVAIL_JOINT_MINUS_4_MINUS_3,7071f2692250bebc24fff2d420e42302f29c9fdd5e46636e2e812df089e0568a,TASK3_OPERATIONAL_POOLED_V1,CAPACITY_AVAIL_JOINT_MINUS_4_MINUS_3,LOCAL_WINDOW_HPP_BASE,18,300.000000000,343.342444453,419,359,0,31,11,18,60,419,0,0,0,2.535964523,7.610577363,4.017272200,9.182340672,6.553236723,13.479637483,0.000000000,0.000000000,0.000000000,41.371418541,48.297819301,0.832060885,0.881368197,60,0.143198091,43.342444453,true,COMPLETE
1.0,OP_AVAIL_MLE_BASE_CAPACITY_AVAIL_JOINT_MINUS_4_MINUS_3,7071f2692250bebc24fff2d420e42302f29c9fdd5e46636e2e812df089e0568a,TASK3_OPERATIONAL_POOLED_V1,CAPACITY_AVAIL_JOINT_MINUS_4_MINUS_3,LOCAL_WINDOW_HPP_BASE,19,300.000000000,361.027069672,445,360,22,32,13,18,85,445,0,0,0,4.068513345,11.741819971,4.557453434,11.280292044,8.625966778,22.887138557,0.000000000,0.000000000,0.000000000,43.444148596,57.705320375,0.840405378,0.890207178,85,0.191011236,61.027069672,true,COMPLETE
1.0,OP_AVAIL_MLE_BASE_CAPACITY_AVAIL_JOINT_MINUS_4_MINUS_3,7071f2692250bebc24fff2d420e42302f29c9fdd5e46636e2e812df089e0568a,TASK3_OPERATIONAL_POOLED_V1,CAPACITY_AVAIL_JOINT_MINUS_4_MINUS_3,LOCAL_WINDOW_HPP_BASE,20,300.000000000,339.280402270,418,363,0,29,8,18,55,418,0,0,0,1.717081545,6.896522727,3.091295885,7.222428838,4.808377430,12.131870496,0.000000000,0.000000000,0.000000000,39.626559248,46.950052314,0.840013152,0.889791709,55,0.131578947,39.280402270,true,COMPLETE
1.0,OP_AVAIL_MLE_BASE_CAPACITY_AVAIL_JOINT_MINUS_4_MINUS_3,7071f2692250bebc24fff2d420e42302f29c9fdd5e46636e2e812df089e0568a,TASK3_OPERATIONAL_POOLED_V1,CAPACITY_AVAIL_JOINT_MINUS_4_MINUS_3,LOCAL_WINDOW_HPP_BASE,21,300.000000000,354.162995222,417,344,17,32,6,18,73,417,0,0,0,3.746724946,10.558345592,2.940493128,8.665342003,6.687218074,17.093491796,0.000000000,0.000000000,0.000000000,41.505399892,51.911673614,0.802789071,0.850361756,73,0.175059952,54.162995222,true,COMPLETE
1.0,OP_AVAIL_MLE_BASE_CAPACITY_AVAIL_JOINT_MINUS_4_MINUS_3,7071f2692250bebc24fff2d420e42302f29c9fdd5e46636e2e812df089e0568a,TASK3_OPERATIONAL_POOLED_V1,CAPACITY_AVAIL_JOINT_MINUS_4_MINUS_3,LOCAL_WINDOW_HPP_BASE,22,300.000000000,335.352518491,410,359,0,29,4,18,51,410,0,0,0,0.825003270,4.211938294,2.027389318,4.940434216,2.852392588,7.530112812,0.000000000,0.000000000,0.000000000,37.670574406,42.348294630,0.833586865,0.882984605,51,0.124390244,35.352518491,true,COMPLETE
1.0,OP_AVAIL_MLE_BASE_CAPACITY_AVAIL_JOINT_MINUS_4_MINUS_3,7071f2692250bebc24fff2d420e42302f29c9fdd5e46636e2e812df089e0568a,TASK3_OPERATIONAL_POOLED_V1,CAPACITY_AVAIL_JOINT_MINUS_4_MINUS_3,LOCAL_WINDOW_HPP_BASE,23,300.000000000,351.331844884,439,368,0,29,24,18,71,439,0,0,0,3.650469516,7.657037061,9.431496013,17.011534488,13.081965529,20.960438135,0.000000000,0.000000000,0.000000000,47.900147347,55.778619953,0.851952893,0.902438991,71,0.161731207,51.331844884,true,COMPLETE
1.0,OP_AVAIL_MLE_BASE_CAPACITY_AVAIL_JOINT_MINUS_4_MINUS_3,7071f2692250bebc24fff2d420e42302f29c9fdd5e46636e2e812df089e0568a,TASK3_OPERATIONAL_POOLED_V1,CAPACITY_AVAIL_JOINT_MINUS_4_MINUS_3,LOCAL_WINDOW_HPP_BASE,24,300.000000000,343.933393179,412,352,7,32,3,18,60,412,0,0,0,0.757132605,4.052251664,1.805267698,5.307632289,2.562400303,7.396548780,0.000000000,0.000000000,0.000000000,37.380582121,42.214730598,0.816754338,0.865154595,60,0.145631068,43.933393179,true,COMPLETE
1.0,OP_AVAIL_MLE_BASE_CAPACITY_AVAIL_JOINT_MINUS_4_MINUS_3,7071f2692250bebc24fff2d420e42302f29c9fdd5e46636e2e812df089e0568a,TASK3_OPERATIONAL_POOLED_V1,CAPACITY_AVAIL_JOINT_MINUS_4_MINUS_3,LOCAL_WINDOW_HPP_BASE,25,300.000000000,345.497586915,424,357,7,32,10,18,67,424,0,0,0,3.011493220,8.531419131,5.119414102,10.840551607,8.130907322,16.231970017,0.000000000,0.000000000,0.000000000,42.949089140,51.050151835,0.836737853,0.886322318,67,0.158018868,45.497586915,true,COMPLETE
1.0,OP_AVAIL_MLE_BASE_CAPACITY_AVAIL_JOINT_MINUS_4_MINUS_3,7071f2692250bebc24fff2d420e42302f29c9fdd5e46636e2e812df089e0568a,TASK3_OPERATIONAL_POOLED_V1,CAPACITY_AVAIL_JOINT_MINUS_4_MINUS_3,LOCAL_WINDOW_HPP_BASE,26,300.000000000,344.886365373,419,358,0,30,13,18,61,419,0,0,0,2.109350673,6.162603367,4.929549142,10.582911510,7.038899815,12.444849643,0.000000000,0.000000000,0.000000000,41.857081633,47.263031461,0.828336075,0.877422657,61,0.145584726,44.886365373,true,COMPLETE
1.0,OP_AVAIL_MLE_BASE_CAPACITY_AVAIL_JOINT_MINUS_4_MINUS_3,7071f2692250bebc24fff2d420e42302f29c9fdd5e46636e2e812df089e0568a,TASK3_OPERATIONAL_POOLED_V1,CAPACITY_AVAIL_JOINT_MINUS_4_MINUS_3,LOCAL_WINDOW_HPP_BASE,27,300.000000000,343.057810857,410,350,6,32,4,18,60,410,0,0,0,1.159803104,4.821264762,1.711977803,4.522670027,2.871780907,8.318087662,0.000000000,0.000000000,0.000000000,37.689962725,43.136269480,0.814863984,0.863152220,60,0.146341463,43.057810857,true,COMPLETE
1.0,OP_AVAIL_MLE_BASE_CAPACITY_AVAIL_JOINT_MINUS_4_MINUS_3,7071f2692250bebc24fff2d420e42302f29c9fdd5e46636e2e812df089e0568a,TASK3_OPERATIONAL_POOLED_V1,CAPACITY_AVAIL_JOINT_MINUS_4_MINUS_3,LOCAL_WINDOW_HPP_BASE,28,300.000000000,341.678126683,392,332,3,32,7,18,60,392,0,0,0,0.785744840,4.471343038,1.367745771,4.857407764,2.153490611,7.428002313,0.000000000,0.000000000,0.000000000,36.971672429,42.246184131,0.782235403,0.828590094,60,0.153061224,41.678126683,true,COMPLETE
1.0,OP_AVAIL_MLE_BASE_CAPACITY_AVAIL_JOINT_MINUS_4_MINUS_3,7071f2692250bebc24fff2d420e42302f29c9fdd5e46636e2e812df089e0568a,TASK3_OPERATIONAL_POOLED_V1,CAPACITY_AVAIL_JOINT_MINUS_4_MINUS_3,LOCAL_WINDOW_HPP_BASE,29,300.000000000,345.964172658,424,361,3,32,10,18,63,424,0,0,0,2.086477541,5.681547686,4.002225908,9.050092826,6.088703449,13.692964289,0.000000000,0.000000000,0.000000000,40.906885267,48.511146107,0.835609384,0.885126977,63,0.148584906,45.964172658,true,COMPLETE
1.0,OP_AVAIL_MLE_BASE_CAPACITY_AVAIL_JOINT_MINUS_4_MINUS_3,7071f2692250bebc24fff2d420e42302f29c9fdd5e46636e2e812df089e0568a,TASK3_OPERATIONAL_POOLED_V1,CAPACITY_AVAIL_JOINT_MINUS_4_MINUS_3,LOCAL_WINDOW_HPP_BASE,30,300.000000000,347.522255445,408,343,9,32,6,18,65,408,0,0,0,1.319923456,5.893750008,1.493976779,4.542162396,2.813900235,9.857457750,0.000000000,0.000000000,0.000000000,37.632082053,44.675639568,0.800471952,0.847907327,65,0.159313725,47.522255445,true,COMPLETE
1.0,OP_AVAIL_MLE_BASE_CAPACITY_AVAIL_JOINT_MINUS_4_MINUS_3,7071f2692250bebc24fff2d420e42302f29c9fdd5e46636e2e812df089e0568a,TASK3_OPERATIONAL_POOLED_V1,CAPACITY_AVAIL_JOINT_MINUS_4_MINUS_3,LOCAL_WINDOW_HPP_BASE,31,300.000000000,345.337290332,425,363,7,32,5,18,62,425,0,0,0,1.805578128,9.221148342,2.852540229,5.983256667,4.658118356,13.645253822,0.000000000,0.000000000,0.000000000,39.476300174,48.463435640,0.839100599,0.888825079,62,0.145882353,45.337290332,true,COMPLETE
1.0,OP_AVAIL_MLE_BASE_CAPACITY_AVAIL_JOINT_MINUS_4_MINUS_3,7071f2692250bebc24fff2d420e42302f29c9fdd5e46636e2e812df089e0568a,TASK3_OPERATIONAL_POOLED_V1,CAPACITY_AVAIL_JOINT_MINUS_4_MINUS_3,LOCAL_WINDOW_HPP_BASE,32,300.000000000,341.449810648,395,335,2,32,8,18,60,395,0,0,0,0.638627729,3.669621770,1.353765776,5.099716196,1.992393504,6.952486151,0.000000000,0.000000000,0.000000000,36.810575322,41.770667969,0.788748956,0.835489635,60,0.151898734,41.449810648,true,COMPLETE
1.0,OP_AVAIL_MLE_BASE_CAPACITY_AVAIL_JOINT_MINUS_4_MINUS_3,7071f2692250bebc24fff2d420e42302f29c9fdd5e46636e2e812df089e0568a,TASK3_OPERATIONAL_POOLED_V1,CAPACITY_AVAIL_JOINT_MINUS_4_MINUS_3,LOCAL_WINDOW_HPP_BASE,33,300.000000000,342.828519755,428,369,0,28,13,18,59,428,0,0,0,1.637201820,5.717550109,5.637947303,10.261171904,7.275149122,14.146759090,0.000000000,0.000000000,0.000000000,42.093330940,48.964940908,0.851207426,0.901649347,59,0.137850467,42.828519755,true,COMPLETE
1.0,OP_AVAIL_MLE_BASE_CAPACITY_AVAIL_JOINT_MINUS_4_MINUS_3,7071f2692250bebc24fff2d420e42302f29c9fdd5e46636e2e812df089e0568a,TASK3_OPERATIONAL_POOLED_V1,CAPACITY_AVAIL_JOINT_MINUS_4_MINUS_3,LOCAL_WINDOW_HPP_BASE,34,300.000000000,347.453048921,426,360,10,32,6,18,66,426,0,0,0,1.041252923,6.173759695,1.897414643,5.319600922,2.938667566,11.713681590,0.000000000,0.000000000,0.000000000,37.756849384,46.531863408,0.835953365,0.885491342,66,0.154929577,47.453048921,true,COMPLETE
1.0,OP_AVAIL_MLE_BASE_CAPACITY_AVAIL_JOINT_MINUS_4_MINUS_3,7071f2692250bebc24fff2d420e42302f29c9fdd5e46636e2e812df089e0568a,TASK3_OPERATIONAL_POOLED_V1,CAPACITY_AVAIL_JOINT_MINUS_4_MINUS_3,LOCAL_WINDOW_HPP_BASE,35,300.000000000,360.762598077,451,370,22,32,9,18,81,451,0,0,0,2.847960847,9.275856223,4.614992510,9.818565860,7.462953356,18.224663811,0.000000000,0.000000000,0.000000000,42.281135174,53.042845629,0.852361086,0.902871373,81,0.179600887,60.762598077,true,COMPLETE
1.0,OP_AVAIL_MLE_BASE_CAPACITY_AVAIL_JOINT_MINUS_4_MINUS_3,7071f2692250bebc24fff2d420e42302f29c9fdd5e46636e2e812df089e0568a,TASK3_OPERATIONAL_POOLED_V1,CAPACITY_AVAIL_JOINT_MINUS_4_MINUS_3,LOCAL_WINDOW_HPP_BASE,36,300.000000000,337.485430772,414,362,0,32,2,18,52,414,0,0,0,0.628148262,3.085504696,1.775950698,5.016522533,2.404098959,6.370652322,0.000000000,0.000000000,0.000000000,37.222280777,41.188834140,0.836399742,0.885964171,52,0.125603865,37.485430772,true,COMPLETE
1.0,OP_AVAIL_MLE_BASE_CAPACITY_AVAIL_JOINT_MINUS_4_MINUS_3,7071f2692250bebc24fff2d420e42302f29c9fdd5e46636e2e812df089e0568a,TASK3_OPERATIONAL_POOLED_V1,CAPACITY_AVAIL_JOINT_MINUS_4_MINUS_3,LOCAL_WINDOW_HPP_BASE,37,300.000000000,339.106219354,408,353,0,32,5,18,55,408,0,0,0,1.404767225,6.333317522,1.964502731,5.626684927,3.369269956,10.833485958,0.000000000,0.000000000,0.000000000,38.187451774,45.651667776,0.820338296,0.868950936,55,0.134803922,39.106219354,true,COMPLETE
1.0,OP_AVAIL_MLE_BASE_CAPACITY_AVAIL_JOINT_MINUS_4_MINUS_3,7071f2692250bebc24fff2d420e42302f29c9fdd5e46636e2e812df089e0568a,TASK3_OPERATIONAL_POOLED_V1,CAPACITY_AVAIL_JOINT_MINUS_4_MINUS_3,LOCAL_WINDOW_HPP_BASE,38,300.000000000,335.743759459,406,358,0,23,7,18,48,406,0,0,0,0.625228558,3.339204354,2.311882255,6.257381482,2.937110813,8.222853885,0.000000000,0.000000000,0.000000000,37.755292631,43.041035703,0.824492411,0.873351221,48,0.118226601,35.743759459,true,COMPLETE
1.0,OP_AVAIL_MLE_BASE_CAPACITY_AVAIL_JOINT_MINUS_4_MINUS_3,7071f2692250bebc24fff2d420e42302f29c9fdd5e46636e2e812df089e0568a,TASK3_OPERATIONAL_POOLED_V1,CAPACITY_AVAIL_JOINT_MINUS_4_MINUS_3,LOCAL_WINDOW_HPP_BASE,39,300.000000000,345.214385693,388,323,10,32,5,18,65,388,0,0,0,1.099670165,6.021489412,1.602589633,5.339453860,2.702259798,8.769645034,0.000000000,0.000000000,0.000000000,37.520441616,43.587826852,0.766322220,0.811733907,65,0.167525773,45.214385693,true,COMPLETE
1.0,OP_AVAIL_MLE_BASE_CAPACITY_AVAIL_JOINT_MINUS_4_MINUS_3,7071f2692250bebc24fff2d420e42302f29c9fdd5e46636e2e812df089e0568a,TASK3_OPERATIONAL_POOLED_V1,CAPACITY_AVAIL_JOINT_MINUS_4_MINUS_3,LOCAL_WINDOW_HPP_BASE,40,300.000000000,343.886767291,399,340,7,32,2,18,59,399,0,0,0,0.636543338,4.222144805,1.356884163,5.070371977,1.993427502,7.686727779,0.000000000,0.000000000,0.000000000,36.811609320,42.504909597,0.791090209,0.837969629,59,0.147869674,43.886767291,true,COMPLETE
1.0,OP_AVAIL_MLE_BASE_CAPACITY_AVAIL_JOINT_MINUS_4_MINUS_3,7071f2692250bebc24fff2d420e42302f29c9fdd5e46636e2e812df089e0568a,TASK3_OPERATIONAL_POOLED_V1,CAPACITY_AVAIL_JOINT_MINUS_4_MINUS_3,LOCAL_WINDOW_HPP_BASE,41,300.000000000,335.221238276,416,369,0,27,2,18,47,416,0,0,0,2.083246635,7.633784827,4.195705143,9.393231933,6.278951777,13.051048499,0.000000000,0.000000000,0.000000000,41.097133595,47.869230317,0.846116926,0.896257188,47,0.112980769,35.221238276,true,COMPLETE
1.0,OP_AVAIL_MLE_BASE_CAPACITY_AVAIL_JOINT_MINUS_4_MINUS_3,7071f2692250bebc24fff2d420e42302f29c9fdd5e46636e2e812df089e0568a,TASK3_OPERATIONAL_POOLED_V1,CAPACITY_AVAIL_JOINT_MINUS_4_MINUS_3,LOCAL_WINDOW_HPP_BASE,42,300.000000000,345.231418235,403,340,7,32,6,18,63,403,0,0,0,2.240454231,11.167110949,1.493208707,5.580413919,3.733662937,16.247158804,0.000000000,0.000000000,0.000000000,38.551844755,51.065340622,0.795908810,0.843073777,63,0.156327543,45.231418235,true,COMPLETE
1.0,OP_AVAIL_MLE_BASE_CAPACITY_AVAIL_JOINT_MINUS_4_MINUS_3,7071f2692250bebc24fff2d420e42302f29c9fdd5e46636e2e812df089e0568a,TASK3_OPERATIONAL_POOLED_V1,CAPACITY_AVAIL_JOINT_MINUS_4_MINUS_3,LOCAL_WINDOW_HPP_BASE,43,300.000000000,339.804868899,407,351,2,32,4,18,56,407,0,0,0,1.672691072,5.932785239,2.877456110,6.598826451,4.550147182,9.805099105,0.000000000,0.000000000,0.000000000,39.368329000,44.623280923,0.816645155,0.865038942,56,0.137592138,39.804868899,true,COMPLETE
1.0,OP_AVAIL_MLE_BASE_CAPACITY_AVAIL_JOINT_MINUS_4_MINUS_3,7071f2692250bebc24fff2d420e42302f29c9fdd5e46636e2e812df089e0568a,TASK3_OPERATIONAL_POOLED_V1,CAPACITY_AVAIL_JOINT_MINUS_4_MINUS_3,LOCAL_WINDOW_HPP_BASE,44,300.000000000,333.476554778,366,324,0,31,0,11,42,366,0,0,0,0.065107361,0.240461160,0.446304578,2.791449027,0.511411940,2.977230399,0.000000000,0.000000000,0.000000000,35.329593758,37.795412217,0.748314839,0.792659423,42,0.114754098,33.476554778,true,COMPLETE
1.0,OP_AVAIL_MLE_BASE_CAPACITY_AVAIL_JOINT_MINUS_4_MINUS_3,7071f2692250bebc24fff2d420e42302f29c9fdd5e46636e2e812df089e0568a,TASK3_OPERATIONAL_POOLED_V1,CAPACITY_AVAIL_JOINT_MINUS_4_MINUS_3,LOCAL_WINDOW_HPP_BASE,45,300.000000000,336.315929561,399,349,0,29,3,18,50,399,0,0,0,0.487951655,3.816795543,1.044878053,3.228249717,1.532829708,5.502562565,0.000000000,0.000000000,0.000000000,36.351011526,40.320744383,0.808898511,0.856833237,50,0.125313283,36.315929561,true,COMPLETE
1.0,OP_AVAIL_MLE_BASE_CAPACITY_AVAIL_JOINT_MINUS_4_MINUS_3,7071f2692250bebc24fff2d420e42302f29c9fdd5e46636e2e812df089e0568a,TASK3_OPERATIONAL_POOLED_V1,CAPACITY_AVAIL_JOINT_MINUS_4_MINUS_3,LOCAL_WINDOW_HPP_BASE,46,300.000000000,363.725614992,452,365,22,32,15,18,87,452,0,0,0,6.583948267,17.920993535,5.545219171,12.744653197,12.129167438,30.249486152,0.000000000,0.000000000,0.000000000,46.947349256,65.067667970,0.847292040,0.897501938,87,0.192477876,63.725614992,true,COMPLETE
1.0,OP_AVAIL_MLE_BASE_CAPACITY_AVAIL_JOINT_MINUS_4_MINUS_3,7071f2692250bebc24fff2d420e42302f29c9fdd5e46636e2e812df089e0568a,TASK3_OPERATIONAL_POOLED_V1,CAPACITY_AVAIL_JOINT_MINUS_4_MINUS_3,LOCAL_WINDOW_HPP_BASE,47,300.000000000,334.574566537,385,347,0,24,0,14,38,385,0,0,0,0.275100169,1.884005195,1.171406442,3.653325735,1.446506611,4.501120609,0.000000000,0.000000000,0.000000000,36.264688429,39.319302427,0.784578465,0.831072004,38,0.098701299,34.574566537,true,COMPLETE
1.0,OP_AVAIL_MLE_BASE_CAPACITY_AVAIL_JOINT_MINUS_4_MINUS_3,7071f2692250bebc24fff2d420e42302f29c9fdd5e46636e2e812df089e0568a,TASK3_OPERATIONAL_POOLED_V1,CAPACITY_AVAIL_JOINT_MINUS_4_MINUS_3,LOCAL_WINDOW_HPP_BASE,48,300.000000000,338.912601178,416,362,3,32,1,18,54,416,0,0,0,2.400965833,9.815289543,2.573091908,6.621741414,4.974057741,14.347385748,0.000000000,0.000000000,0.000000000,39.792239559,49.165567566,0.836901203,0.886495348,54,0.129807692,38.912601178,true,COMPLETE
1.0,OP_AVAIL_MLE_BASE_CAPACITY_AVAIL_JOINT_MINUS_4_MINUS_3,7071f2692250bebc24fff2d420e42302f29c9fdd5e46636e2e812df089e0568a,TASK3_OPERATIONAL_POOLED_V1,CAPACITY_AVAIL_JOINT_MINUS_4_MINUS_3,LOCAL_WINDOW_HPP_BASE,49,300.000000000,344.618163383,423,363,2,32,8,18,60,423,0,0,0,3.053276964,8.138600894,5.161064740,9.362207154,8.214341704,13.992819552,0.000000000,0.000000000,0.000000000,43.032523522,48.811001370,0.836894632,0.886488388,60,0.141843972,44.618163383,true,COMPLETE
1.0,OP_AVAIL_MLE_BASE_CAPACITY_AVAIL_JOINT_MINUS_4_MINUS_3,7071f2692250bebc24fff2d420e42302f29c9fdd5e46636e2e812df089e0568a,TASK3_OPERATIONAL_POOLED_V1,CAPACITY_AVAIL_JOINT_MINUS_4_MINUS_3,LOCAL_WINDOW_HPP_BASE,50,300.000000000,344.531321189,414,352,3,32,9,18,62,414,0,0,0,1.685562823,6.904520208,2.929415163,7.093954507,4.614977986,10.924116783,0.000000000,0.000000000,0.000000000,39.433159804,45.742298601,0.819294821,0.867845626,62,0.149758454,44.531321189,true,COMPLETE
1.0,OP_AVAIL_EXACT95_HIGH_CAPACITY_AVAIL_JOINT_MINUS_4_MINUS_3,dc4a91ba879f2f54ce9baa11f589bf64abfe8cebb9ad907b6d1711f7bbb179ff,TASK3_OPERATIONAL_POOLED_V1,CAPACITY_AVAIL_JOINT_MINUS_4_MINUS_3,LOCAL_WINDOW_HPP_EXACT95_HIGH,1,300.000000000,444.589443762,564,364,132,32,18,18,200,564,0,0,0,42.762498425,83.964956845,10.234737075,20.619536586,52.997235501,103.958498434,0.000000000,0.000000000,0.000000000,87.815417319,138.776680252,0.864945086,0.916201091,200,0.354609929,144.589443762,true,COMPLETE
1.0,OP_AVAIL_EXACT95_HIGH_CAPACITY_AVAIL_JOINT_MINUS_4_MINUS_3,dc4a91ba879f2f54ce9baa11f589bf64abfe8cebb9ad907b6d1711f7bbb179ff,TASK3_OPERATIONAL_POOLED_V1,CAPACITY_AVAIL_JOINT_MINUS_4_MINUS_3,LOCAL_WINDOW_HPP_EXACT95_HIGH,2,300.000000000,461.261258602,593,368,146,32,29,18,225,593,0,0,0,51.144585145,100.620703929,13.395789210,24.459887954,64.540374355,125.173099669,0.000000000,0.000000000,0.000000000,99.358556173,159.991281487,0.876549188,0.928492844,225,0.379426644,161.261258602,true,COMPLETE
1.0,OP_AVAIL_EXACT95_HIGH_CAPACITY_AVAIL_JOINT_MINUS_4_MINUS_3,dc4a91ba879f2f54ce9baa11f589bf64abfe8cebb9ad907b6d1711f7bbb179ff,TASK3_OPERATIONAL_POOLED_V1,CAPACITY_AVAIL_JOINT_MINUS_4_MINUS_3,LOCAL_WINDOW_HPP_EXACT95_HIGH,3,300.000000000,479.269343786,617,370,169,32,28,18,247,617,0,0,0,50.662770755,110.069059891,14.935443310,27.685630834,65.598214065,135.105752066,0.000000000,0.000000000,0.000000000,100.416395883,169.923933884,0.877756576,0.929771781,247,0.400324149,179.269343786,true,COMPLETE
1.0,OP_AVAIL_EXACT95_HIGH_CAPACITY_AVAIL_JOINT_MINUS_4_MINUS_3,dc4a91ba879f2f54ce9baa11f589bf64abfe8cebb9ad907b6d1711f7bbb179ff,TASK3_OPERATIONAL_POOLED_V1,CAPACITY_AVAIL_JOINT_MINUS_4_MINUS_3,LOCAL_WINDOW_HPP_EXACT95_HIGH,4,300.000000000,440.648312142,562,370,114,32,28,18,192,562,0,0,0,36.612887358,71.235953369,14.224468840,25.604326479,50.837356198,95.331902532,0.000000000,0.000000000,0.000000000,85.655538016,130.150084350,0.869586488,0.921117539,192,0.341637011,140.648312142,true,COMPLETE
1.0,OP_AVAIL_EXACT95_HIGH_CAPACITY_AVAIL_JOINT_MINUS_4_MINUS_3,dc4a91ba879f2f54ce9baa11f589bf64abfe8cebb9ad907b6d1711f7bbb179ff,TASK3_OPERATIONAL_POOLED_V1,CAPACITY_AVAIL_JOINT_MINUS_4_MINUS_3,LOCAL_WINDOW_HPP_EXACT95_HIGH,5,300.000000000,460.634345973,591,367,146,32,28,18,224,591,0,0,0,47.776739207,95.848845455,12.630640991,23.272727276,60.407380198,119.960907996,0.000000000,0.000000000,0.000000000,95.225562016,154.779089814,0.874781807,0.926620729,224,0.379018613,160.634345973,true,COMPLETE
1.0,OP_AVAIL_EXACT95_HIGH_CAPACITY_AVAIL_JOINT_MINUS_4_MINUS_3,dc4a91ba879f2f54ce9baa11f589bf64abfe8cebb9ad907b6d1711f7bbb179ff,TASK3_OPERATIONAL_POOLED_V1,CAPACITY_AVAIL_JOINT_MINUS_4_MINUS_3,LOCAL_WINDOW_HPP_EXACT95_HIGH,6,300.000000000,445.002581578,571,370,123,32,28,18,201,571,0,0,0,40.884261009,80.467731400,14.195762121,25.961844033,55.080023130,104.975654648,0.000000000,0.000000000,0.000000000,89.898204948,139.793836466,0.874867243,0.926711228,201,0.352014011,145.002581578,true,COMPLETE
1.0,OP_AVAIL_EXACT95_HIGH_CAPACITY_AVAIL_JOINT_MINUS_4_MINUS_3,dc4a91ba879f2f54ce9baa11f589bf64abfe8cebb9ad907b6d1711f7bbb179ff,TASK3_OPERATIONAL_POOLED_V1,CAPACITY_AVAIL_JOINT_MINUS_4_MINUS_3,LOCAL_WINDOW_HPP_EXACT95_HIGH,7,300.000000000,447.733198566,574,366,126,32,32,18,208,574,0,0,0,40.816749387,83.047256619,13.333011168,25.450096729,54.149760555,105.507057764,0.000000000,0.000000000,0.000000000,88.967942373,140.325239582,0.874100106,0.925898631,208,0.362369338,147.733198566,true,COMPLETE
1.0,OP_AVAIL_EXACT95_HIGH_CAPACITY_AVAIL_JOINT_MINUS_4_MINUS_3,dc4a91ba879f2f54ce9baa11f589bf64abfe8cebb9ad907b6d1711f7bbb179ff,TASK3_OPERATIONAL_POOLED_V1,CAPACITY_AVAIL_JOINT_MINUS_4_MINUS_3,LOCAL_WINDOW_HPP_EXACT95_HIGH,8,300.000000000,438.826983777,559,369,111,32,29,18,190,559,0,0,0,39.996570074,74.341876244,12.869493342,23.405287191,52.866063415,97.580174824,0.000000000,0.000000000,0.000000000,87.684245233,132.398356642,0.868534474,0.920003184,190,0.339892665,138.826983777,true,COMPLETE
1.0,OP_AVAIL_EXACT95_HIGH_CAPACITY_AVAIL_JOINT_MINUS_4_MINUS_3,dc4a91ba879f2f54ce9baa11f589bf64abfe8cebb9ad907b6d1711f7bbb179ff,TASK3_OPERATIONAL_POOLED_V1,CAPACITY_AVAIL_JOINT_MINUS_4_MINUS_3,LOCAL_WINDOW_HPP_EXACT95_HIGH,9,300.000000000,475.974015608,612,365,169,32,28,18,247,612,0,0,0,52.512723056,111.102821009,13.162958103,24.709360321,65.675681159,134.714784674,0.000000000,0.000000000,0.000000000,100.493862977,169.532966492,0.876671233,0.928622121,247,0.403594771,175.974015608,true,COMPLETE
1.0,OP_AVAIL_EXACT95_HIGH_CAPACITY_AVAIL_JOINT_MINUS_4_MINUS_3,dc4a91ba879f2f54ce9baa11f589bf64abfe8cebb9ad907b6d1711f7bbb179ff,TASK3_OPERATIONAL_POOLED_V1,CAPACITY_AVAIL_JOINT_MINUS_4_MINUS_3,LOCAL_WINDOW_HPP_EXACT95_HIGH,10,300.000000000,439.102743325,560,370,112,32,28,18,190,560,0,0,0,41.795117523,72.781674928,16.529880873,29.576663746,58.324998396,97.982961415,0.000000000,0.000000000,0.000000000,93.143180214,132.801143233,0.869541782,0.921070184,190,0.339285714,139.102743325,true,COMPLETE
1.0,OP_AVAIL_EXACT95_HIGH_CAPACITY_AVAIL_JOINT_MINUS_4_MINUS_3,dc4a91ba879f2f54ce9baa11f589bf64abfe8cebb9ad907b6d1711f7bbb179ff,TASK3_OPERATIONAL_POOLED_V1,CAPACITY_AVAIL_JOINT_MINUS_4_MINUS_3,LOCAL_WINDOW_HPP_EXACT95_HIGH,11,300.000000000,417.725813919,534,370,86,32,28,18,164,534,0,0,0,35.967202717,61.621490068,13.126568539,24.170240277,49.093771256,84.897295485,0.000000000,0.000000000,0.000000000,83.911953074,119.715477303,0.871602609,0.923253134,164,0.307116105,117.725813919,true,COMPLETE
1.0,OP_AVAIL_EXACT95_HIGH_CAPACITY_AVAIL_JOINT_MINUS_4_MINUS_3,dc4a91ba879f2f54ce9baa11f589bf64abfe8cebb9ad907b6d1711f7bbb179ff,TASK3_OPERATIONAL_POOLED_V1,CAPACITY_AVAIL_JOINT_MINUS_4_MINUS_3,LOCAL_WINDOW_HPP_EXACT95_HIGH,12,300.000000000,451.840005224,577,370,129,32,28,18,207,577,0,0,0,49.045063376,87.888954537,13.584304532,25.613828858,62.629367907,109.591857421,0.000000000,0.000000000,0.000000000,97.447549725,144.410039239,0.870682291,0.922278279,207,0.358752166,151.840005224,true,COMPLETE
1.0,OP_AVAIL_EXACT95_HIGH_CAPACITY_AVAIL_JOINT_MINUS_4_MINUS_3,dc4a91ba879f2f54ce9baa11f589bf64abfe8cebb9ad907b6d1711f7bbb179ff,TASK3_OPERATIONAL_POOLED_V1,CAPACITY_AVAIL_JOINT_MINUS_4_MINUS_3,LOCAL_WINDOW_HPP_EXACT95_HIGH,13,300.000000000,462.181532938,594,367,152,32,25,18,227,594,0,0,0,49.314321704,99.317214627,12.493342745,23.305166606,61.807664449,122.279397745,0.000000000,0.000000000,0.000000000,96.625846267,157.097579563,0.876279062,0.928206710,227,0.382154882,162.181532938,true,COMPLETE
1.0,OP_AVAIL_EXACT95_HIGH_CAPACITY_AVAIL_JOINT_MINUS_4_MINUS_3,dc4a91ba879f2f54ce9baa11f589bf64abfe8cebb9ad907b6d1711f7bbb179ff,TASK3_OPERATIONAL_POOLED_V1,CAPACITY_AVAIL_JOINT_MINUS_4_MINUS_3,LOCAL_WINDOW_HPP_EXACT95_HIGH,14,300.000000000,451.836064722,577,370,133,32,24,18,207,577,0,0,0,38.884504343,84.825675520,12.652230656,23.868365729,51.536734999,105.962778074,0.000000000,0.000000000,0.000000000,86.354916817,140.780959892,0.870689884,0.922286322,207,0.358752166,151.836064722,true,COMPLETE
1.0,OP_AVAIL_EXACT95_HIGH_CAPACITY_AVAIL_JOINT_MINUS_4_MINUS_3,dc4a91ba879f2f54ce9baa11f589bf64abfe8cebb9ad907b6d1711f7bbb179ff,TASK3_OPERATIONAL_POOLED_V1,CAPACITY_AVAIL_JOINT_MINUS_4_MINUS_3,LOCAL_WINDOW_HPP_EXACT95_HIGH,15,300.000000000,469.709659988,604,368,156,32,30,18,236,604,0,0,0,56.215564310,103.944112295,13.509608988,25.101915225,69.725173298,130.867402633,0.000000000,0.000000000,0.000000000,104.543355116,165.685584451,0.876750505,0.928706091,236,0.390728477,169.709659988,true,COMPLETE
1.0,OP_AVAIL_EXACT95_HIGH_CAPACITY_AVAIL_JOINT_MINUS_4_MINUS_3,dc4a91ba879f2f54ce9baa11f589bf64abfe8cebb9ad907b6d1711f7bbb179ff,TASK3_OPERATIONAL_POOLED_V1,CAPACITY_AVAIL_JOINT_MINUS_4_MINUS_3,LOCAL_WINDOW_HPP_EXACT95_HIGH,16,300.000000000,431.709927571,549,367,108,32,24,18,182,549,0,0,0,33.083632782,71.623540234,11.604844608,21.670483873,44.688477390,92.634355088,0.000000000,0.000000000,0.000000000,79.506659208,127.452536906,0.867059472,0.918440774,182,0.331511840,131.709927571,true,COMPLETE
1.0,OP_AVAIL_EXACT95_HIGH_CAPACITY_AVAIL_JOINT_MINUS_4_MINUS_3,dc4a91ba879f2f54ce9baa11f589bf64abfe8cebb9ad907b6d1711f7bbb179ff,TASK3_OPERATIONAL_POOLED_V1,CAPACITY_AVAIL_JOINT_MINUS_4_MINUS_3,LOCAL_WINDOW_HPP_EXACT95_HIGH,17,300.000000000,430.540599391,550,368,109,32,23,18,182,550,0,0,0,37.872465803,73.005633123,11.512739206,21.817758346,49.385205009,94.752672920,0.000000000,0.000000000,0.000000000,84.203386827,129.570854738,0.870997998,0.922612694,182,0.330909091,130.540599391,true,COMPLETE
1.0,OP_AVAIL_EXACT95_HIGH_CAPACITY_AVAIL_JOINT_MINUS_4_MINUS_3,dc4a91ba879f2f54ce9baa11f589bf64abfe8cebb9ad907b6d1711f7bbb179ff,TASK3_OPERATIONAL_POOLED_V1,CAPACITY_AVAIL_JOINT_MINUS_4_MINUS_3,LOCAL_WINDOW_HPP_EXACT95_HIGH,18,300.000000000,466.554550376,598,369,152,32,27,18,229,598,0,0,0,44.070007177,97.278492257,13.337234241,24.674965031,57.407241418,122.054269957,0.000000000,0.000000000,0.000000000,92.225423236,156.872451775,0.873911255,0.925698589,229,0.382943144,166.554550376,true,COMPLETE
1.0,OP_AVAIL_EXACT95_HIGH_CAPACITY_AVAIL_JOINT_MINUS_4_MINUS_3,dc4a91ba879f2f54ce9baa11f589bf64abfe8cebb9ad907b6d1711f7bbb179ff,TASK3_OPERATIONAL_POOLED_V1,CAPACITY_AVAIL_JOINT_MINUS_4_MINUS_3,LOCAL_WINDOW_HPP_EXACT95_HIGH,19,300.000000000,430.895347706,550,367,106,32,27,18,183,550,0,0,0,32.768466740,67.427863379,11.966141742,22.167814978,44.734608482,88.732347570,0.000000000,0.000000000,0.000000000,79.552790300,123.550529388,0.870280921,0.921853124,183,0.332727273,130.895347706,true,COMPLETE
1.0,OP_AVAIL_EXACT95_HIGH_CAPACITY_AVAIL_JOINT_MINUS_4_MINUS_3,dc4a91ba879f2f54ce9baa11f589bf64abfe8cebb9ad907b6d1711f7bbb179ff,TASK3_OPERATIONAL_POOLED_V1,CAPACITY_AVAIL_JOINT_MINUS_4_MINUS_3,LOCAL_WINDOW_HPP_EXACT95_HIGH,20,300.000000000,452.760226876,581,367,139,32,25,18,214,581,0,0,0,35.707424458,87.333475957,12.143006401,23.027495371,47.850430859,108.927630784,0.000000000,0.000000000,0.000000000,82.668612677,143.745812602,0.874936313,0.926784391,214,0.368330465,152.760226876,true,COMPLETE
1.0,OP_AVAIL_EXACT95_HIGH_CAPACITY_AVAIL_JOINT_MINUS_4_MINUS_3,dc4a91ba879f2f54ce9baa11f589bf64abfe8cebb9ad907b6d1711f7bbb179ff,TASK3_OPERATIONAL_POOLED_V1,CAPACITY_AVAIL_JOINT_MINUS_4_MINUS_3,LOCAL_WINDOW_HPP_EXACT95_HIGH,21,300.000000000,435.921765988,556,370,112,32,24,18,186,556,0,0,0,34.581572423,70.175426861,12.339196330,22.944791952,46.920768753,93.451283060,0.000000000,0.000000000,0.000000000,81.738950571,128.269464878,0.869630605,0.921164270,186,0.334532374,135.921765988,true,COMPLETE
1.0,OP_AVAIL_EXACT95_HIGH_CAPACITY_AVAIL_JOINT_MINUS_4_MINUS_3,dc4a91ba879f2f54ce9baa11f589bf64abfe8cebb9ad907b6d1711f7bbb179ff,TASK3_OPERATIONAL_POOLED_V1,CAPACITY_AVAIL_JOINT_MINUS_4_MINUS_3,LOCAL_WINDOW_HPP_EXACT95_HIGH,22,300.000000000,422.071730585,537,366,92,32,29,18,171,537,0,0,0,33.528782566,62.170099127,12.012016177,22.466552471,45.540798743,83.957276029,0.000000000,0.000000000,0.000000000,80.358980561,118.775457847,0.867474264,0.918880146,171,0.318435754,122.071730585,true,COMPLETE
1.0,OP_AVAIL_EXACT95_HIGH_CAPACITY_AVAIL_JOINT_MINUS_4_MINUS_3,dc4a91ba879f2f54ce9baa11f589bf64abfe8cebb9ad907b6d1711f7bbb179ff,TASK3_OPERATIONAL_POOLED_V1,CAPACITY_AVAIL_JOINT_MINUS_4_MINUS_3,LOCAL_WINDOW_HPP_EXACT95_HIGH,23,300.000000000,450.426869897,576,366,136,32,24,18,210,576,0,0,0,39.636217580,89.035254958,12.041840600,22.771385486,51.678058180,112.110534715,0.000000000,0.000000000,0.000000000,86.496239998,146.928716533,0.871900188,0.923568348,210,0.364583333,150.426869897,true,COMPLETE
1.0,OP_AVAIL_EXACT95_HIGH_CAPACITY_AVAIL_JOINT_MINUS_4_MINUS_3,dc4a91ba879f2f54ce9baa11f589bf64abfe8cebb9ad907b6d1711f7bbb179ff,TASK3_OPERATIONAL_POOLED_V1,CAPACITY_AVAIL_JOINT_MINUS_4_MINUS_3,LOCAL_WINDOW_HPP_EXACT95_HIGH,24,300.000000000,441.731040129,565,370,117,32,28,18,195,565,0,0,0,42.499453178,77.721651973,13.456304254,24.496129576,55.955757432,100.036262599,0.000000000,0.000000000,0.000000000,90.773939250,134.854444417,0.872085585,0.923764731,195,0.345132743,141.731040129,true,COMPLETE
1.0,OP_AVAIL_EXACT95_HIGH_CAPACITY_AVAIL_JOINT_MINUS_4_MINUS_3,dc4a91ba879f2f54ce9baa11f589bf64abfe8cebb9ad907b6d1711f7bbb179ff,TASK3_OPERATIONAL_POOLED_V1,CAPACITY_AVAIL_JOINT_MINUS_4_MINUS_3,LOCAL_WINDOW_HPP_EXACT95_HIGH,25,300.000000000,418.116416487,530,367,85,32,28,18,163,530,0,0,0,30.134035196,56.982953181,11.695011526,21.568198787,41.829046723,79.084256788,0.000000000,0.000000000,0.000000000,76.647228541,113.902438606,0.864265602,0.915481341,163,0.307547170,118.116416487,true,COMPLETE
1.0,OP_AVAIL_EXACT95_HIGH_CAPACITY_AVAIL_JOINT_MINUS_4_MINUS_3,dc4a91ba879f2f54ce9baa11f589bf64abfe8cebb9ad907b6d1711f7bbb179ff,TASK3_OPERATIONAL_POOLED_V1,CAPACITY_AVAIL_JOINT_MINUS_4_MINUS_3,LOCAL_WINDOW_HPP_EXACT95_HIGH,26,300.000000000,454.939881042,582,368,134,32,30,18,214,582,0,0,0,51.375330283,88.752008605,14.518500469,26.855164189,65.893830752,113.135833170,0.000000000,0.000000000,0.000000000,100.712012570,147.954014988,0.872243121,0.923931603,214,0.367697595,154.939881042,true,COMPLETE
1.0,OP_AVAIL_EXACT95_HIGH_CAPACITY_AVAIL_JOINT_MINUS_4_MINUS_3,dc4a91ba879f2f54ce9baa11f589bf64abfe8cebb9ad907b6d1711f7bbb179ff,TASK3_OPERATIONAL_POOLED_V1,CAPACITY_AVAIL_JOINT_MINUS_4_MINUS_3,LOCAL_WINDOW_HPP_EXACT95_HIGH,27,300.000000000,441.055812430,563,368,122,32,23,18,195,563,0,0,0,43.755595047,76.982463771,11.451733346,21.681014387,55.207328393,98.615003255,0.000000000,0.000000000,0.000000000,90.025510211,133.433185073,0.870328937,0.921903985,195,0.346358792,141.055812430,true,COMPLETE
1.0,OP_AVAIL_EXACT95_HIGH_CAPACITY_AVAIL_JOINT_MINUS_4_MINUS_3,dc4a91ba879f2f54ce9baa11f589bf64abfe8cebb9ad907b6d1711f7bbb179ff,TASK3_OPERATIONAL_POOLED_V1,CAPACITY_AVAIL_JOINT_MINUS_4_MINUS_3,LOCAL_WINDOW_HPP_EXACT95_HIGH,28,300.000000000,448.475815200,575,370,131,32,24,18,205,575,0,0,0,37.321489793,85.489410831,12.760678607,23.672661518,50.082168401,107.076513077,0.000000000,0.000000000,0.000000000,84.900350219,141.894694895,0.874173013,0.925975858,205,0.356521739,148.475815200,true,COMPLETE
1.0,OP_AVAIL_EXACT95_HIGH_CAPACITY_AVAIL_JOINT_MINUS_4_MINUS_3,dc4a91ba879f2f54ce9baa11f589bf64abfe8cebb9ad907b6d1711f7bbb179ff,TASK3_OPERATIONAL_POOLED_V1,CAPACITY_AVAIL_JOINT_MINUS_4_MINUS_3,LOCAL_WINDOW_HPP_EXACT95_HIGH,29,300.000000000,403.394738619,513,370,72,32,21,18,143,513,0,0,0,28.137242254,49.836119783,10.646823084,20.001431453,38.784065337,69.728239550,0.000000000,0.000000000,0.000000000,73.602247155,104.546421368,0.867073102,0.918455212,143,0.278752437,103.394738619,true,COMPLETE
1.0,OP_AVAIL_EXACT95_HIGH_CAPACITY_AVAIL_JOINT_MINUS_4_MINUS_3,dc4a91ba879f2f54ce9baa11f589bf64abfe8cebb9ad907b6d1711f7bbb179ff,TASK3_OPERATIONAL_POOLED_V1,CAPACITY_AVAIL_JOINT_MINUS_4_MINUS_3,LOCAL_WINDOW_HPP_EXACT95_HIGH,30,300.000000000,461.107742357,591,367,151,32,23,18,224,591,0,0,0,46.420239608,96.171259490,11.921690266,23.204315398,58.341929874,117.853833243,0.000000000,0.000000000,0.000000000,93.160111692,152.672015061,0.873883712,0.925669413,224,0.379018613,161.107742357,true,COMPLETE
1.0,OP_AVAIL_EXACT95_HIGH_CAPACITY_AVAIL_JOINT_MINUS_4_MINUS_3,dc4a91ba879f2f54ce9baa11f589bf64abfe8cebb9ad907b6d1711f7bbb179ff,TASK3_OPERATIONAL_POOLED_V1,CAPACITY_AVAIL_JOINT_MINUS_4_MINUS_3,LOCAL_WINDOW_HPP_EXACT95_HIGH,31,300.000000000,469.933528267,606,370,158,32,28,18,236,606,0,0,0,55.094703829,103.872889878,14.737838424,27.492977296,69.832542252,130.060825772,0.000000000,0.000000000,0.000000000,104.650724070,164.879007590,0.879234601,0.931337392,236,0.389438944,169.933528267,true,COMPLETE
1.0,OP_AVAIL_EXACT95_HIGH_CAPACITY_AVAIL_JOINT_MINUS_4_MINUS_3,dc4a91ba879f2f54ce9baa11f589bf64abfe8cebb9ad907b6d1711f7bbb179ff,TASK3_OPERATIONAL_POOLED_V1,CAPACITY_AVAIL_JOINT_MINUS_4_MINUS_3,LOCAL_WINDOW_HPP_EXACT95_HIGH,32,300.000000000,430.768737775,551,370,103,32,28,18,181,551,0,0,0,39.540531906,69.032323148,13.610252599,25.183611293,53.150784505,91.608945904,0.000000000,0.000000000,0.000000000,87.968966323,126.427127722,0.872119505,0.923800660,181,0.328493648,130.768737775,true,COMPLETE
1.0,OP_AVAIL_EXACT95_HIGH_CAPACITY_AVAIL_JOINT_MINUS_4_MINUS_3,dc4a91ba879f2f54ce9baa11f589bf64abfe8cebb9ad907b6d1711f7bbb179ff,TASK3_OPERATIONAL_POOLED_V1,CAPACITY_AVAIL_JOINT_MINUS_4_MINUS_3,LOCAL_WINDOW_HPP_EXACT95_HIGH,33,300.000000000,447.954020490,573,368,130,32,25,18,205,573,0,0,0,39.665772268,85.658009001,12.434038563,23.357960243,52.099810831,107.294543723,0.000000000,0.000000000,0.000000000,86.917992649,142.112725541,0.872147141,0.923829934,205,0.357766143,147.954020490,true,COMPLETE
1.0,OP_AVAIL_EXACT95_HIGH_CAPACITY_AVAIL_JOINT_MINUS_4_MINUS_3,dc4a91ba879f2f54ce9baa11f589bf64abfe8cebb9ad907b6d1711f7bbb179ff,TASK3_OPERATIONAL_POOLED_V1,CAPACITY_AVAIL_JOINT_MINUS_4_MINUS_3,LOCAL_WINDOW_HPP_EXACT95_HIGH,34,300.000000000,457.128176487,587,368,139,32,30,18,219,587,0,0,0,47.771710646,94.087558582,13.919105597,25.889540678,61.690816243,118.541790184,0.000000000,0.000000000,0.000000000,96.508998061,153.359972002,0.875525276,0.927408255,219,0.373083475,157.128176487,true,COMPLETE
1.0,OP_AVAIL_EXACT95_HIGH_CAPACITY_AVAIL_JOINT_MINUS_4_MINUS_3,dc4a91ba879f2f54ce9baa11f589bf64abfe8cebb9ad907b6d1711f7bbb179ff,TASK3_OPERATIONAL_POOLED_V1,CAPACITY_AVAIL_JOINT_MINUS_4_MINUS_3,LOCAL_WINDOW_HPP_EXACT95_HIGH,35,300.000000000,429.619430736,548,369,102,32,27,18,179,548,0,0,0,30.768388468,67.294854515,12.493728739,23.325577331,43.262117207,89.156183996,0.000000000,0.000000000,0.000000000,78.080299025,123.974365814,0.869691492,0.921228765,179,0.326642336,129.619430736,true,COMPLETE
1.0,OP_AVAIL_EXACT95_HIGH_CAPACITY_AVAIL_JOINT_MINUS_4_MINUS_3,dc4a91ba879f2f54ce9baa11f589bf64abfe8cebb9ad907b6d1711f7bbb179ff,TASK3_OPERATIONAL_POOLED_V1,CAPACITY_AVAIL_JOINT_MINUS_4_MINUS_3,LOCAL_WINDOW_HPP_EXACT95_HIGH,36,300.000000000,443.417306464,567,367,126,32,24,18,200,567,0,0,0,40.641971077,83.266058250,12.086276348,22.689158752,52.728247424,105.626056796,0.000000000,0.000000000,0.000000000,87.546429242,140.444238614,0.871844431,0.923509286,200,0.352733686,143.417306464,true,COMPLETE
1.0,OP_AVAIL_EXACT95_HIGH_CAPACITY_AVAIL_JOINT_MINUS_4_MINUS_3,dc4a91ba879f2f54ce9baa11f589bf64abfe8cebb9ad907b6d1711f7bbb179ff,TASK3_OPERATIONAL_POOLED_V1,CAPACITY_AVAIL_JOINT_MINUS_4_MINUS_3,LOCAL_WINDOW_HPP_EXACT95_HIGH,37,300.000000000,435.576234927,556,368,117,32,21,18,188,556,0,0,0,37.362355580,78.650720658,11.221173118,21.477300731,48.583528698,100.534400725,0.000000000,0.000000000,0.000000000,83.401710516,135.352582543,0.870320460,0.921895006,188,0.338129496,135.576234927,true,COMPLETE
1.0,OP_AVAIL_EXACT95_HIGH_CAPACITY_AVAIL_JOINT_MINUS_4_MINUS_3,dc4a91ba879f2f54ce9baa11f589bf64abfe8cebb9ad907b6d1711f7bbb179ff,TASK3_OPERATIONAL_POOLED_V1,CAPACITY_AVAIL_JOINT_MINUS_4_MINUS_3,LOCAL_WINDOW_HPP_EXACT95_HIGH,38,300.000000000,432.379357627,550,364,114,32,22,18,186,550,0,0,0,39.449944730,75.318312990,10.225548221,20.000783100,49.675492951,94.388162623,0.000000000,0.000000000,0.000000000,84.493674769,129.206344441,0.867293948,0.918689145,186,0.338181818,132.379357627,true,COMPLETE
1.0,OP_AVAIL_EXACT95_HIGH_CAPACITY_AVAIL_JOINT_MINUS_4_MINUS_3,dc4a91ba879f2f54ce9baa11f589bf64abfe8cebb9ad907b6d1711f7bbb179ff,TASK3_OPERATIONAL_POOLED_V1,CAPACITY_AVAIL_JOINT_MINUS_4_MINUS_3,LOCAL_WINDOW_HPP_EXACT95_HIGH,39,300.000000000,454.927267320,581,368,136,32,27,18,213,581,0,0,0,44.643450886,89.437888272,12.720868678,23.524584265,57.364319564,114.277689574,0.000000000,0.000000000,0.000000000,92.182501382,149.095871392,0.870768565,0.922369665,213,0.366609294,154.927267320,true,COMPLETE
1.0,OP_AVAIL_EXACT95_HIGH_CAPACITY_AVAIL_JOINT_MINUS_4_MINUS_3,dc4a91ba879f2f54ce9baa11f589bf64abfe8cebb9ad907b6d1711f7bbb179ff,TASK3_OPERATIONAL_POOLED_V1,CAPACITY_AVAIL_JOINT_MINUS_4_MINUS_3,LOCAL_WINDOW_HPP_EXACT95_HIGH,40,300.000000000,465.401683575,596,369,154,32,23,18,227,596,0,0,0,48.047710797,99.119881047,12.153769135,23.272727276,60.201479932,121.299926564,0.000000000,0.000000000,0.000000000,95.019661750,156.118108382,0.873146039,0.924888026,227,0.380872483,165.401683575,true,COMPLETE
1.0,OP_AVAIL_EXACT95_HIGH_CAPACITY_AVAIL_JOINT_MINUS_4_MINUS_3,dc4a91ba879f2f54ce9baa11f589bf64abfe8cebb9ad907b6d1711f7bbb179ff,TASK3_OPERATIONAL_POOLED_V1,CAPACITY_AVAIL_JOINT_MINUS_4_MINUS_3,LOCAL_WINDOW_HPP_EXACT95_HIGH,41,300.000000000,439.910128993,562,369,115,32,28,18,193,562,0,0,0,40.306225365,79.529454958,13.039003744,24.140514261,53.345229109,103.013795479,0.000000000,0.000000000,0.000000000,88.163410927,137.831977297,0.871045682,0.922663204,193,0.343416370,139.910128993,true,COMPLETE
1.0,OP_AVAIL_EXACT95_HIGH_CAPACITY_AVAIL_JOINT_MINUS_4_MINUS_3,dc4a91ba879f2f54ce9baa11f589bf64abfe8cebb9ad907b6d1711f7bbb179ff,TASK3_OPERATIONAL_POOLED_V1,CAPACITY_AVAIL_JOINT_MINUS_4_MINUS_3,LOCAL_WINDOW_HPP_EXACT95_HIGH,42,300.000000000,461.011516581,591,368,146,32,27,18,223,591,0,0,0,51.752962052,95.998791083,12.595222011,23.280237240,64.348184063,119.848355250,0.000000000,0.000000000,0.000000000,99.166365881,154.666537068,0.874066115,0.925862626,223,0.377326565,161.011516581,true,COMPLETE
1.0,OP_AVAIL_EXACT95_HIGH_CAPACITY_AVAIL_JOINT_MINUS_4_MINUS_3,dc4a91ba879f2f54ce9baa11f589bf64abfe8cebb9ad907b6d1711f7bbb179ff,TASK3_OPERATIONAL_POOLED_V1,CAPACITY_AVAIL_JOINT_MINUS_4_MINUS_3,LOCAL_WINDOW_HPP_EXACT95_HIGH,43,300.000000000,440.231839824,562,370,118,32,24,18,192,562,0,0,0,41.145161188,76.553857290,11.632673769,21.883198888,52.777834957,98.378725866,0.000000000,0.000000000,0.000000000,87.596016775,133.196907684,0.870409142,0.921988943,192,0.341637011,140.231839824,true,COMPLETE
1.0,OP_AVAIL_EXACT95_HIGH_CAPACITY_AVAIL_JOINT_MINUS_4_MINUS_3,dc4a91ba879f2f54ce9baa11f589bf64abfe8cebb9ad907b6d1711f7bbb179ff,TASK3_OPERATIONAL_POOLED_V1,CAPACITY_AVAIL_JOINT_MINUS_4_MINUS_3,LOCAL_WINDOW_HPP_EXACT95_HIGH,44,300.000000000,461.379238512,591,365,153,32,23,18,226,591,0,0,0,46.891967653,99.018230971,12.009938569,23.116353690,58.901906222,122.035969517,0.000000000,0.000000000,0.000000000,93.720088040,156.854151335,0.873369480,0.925124708,226,0.382402707,161.379238512,true,COMPLETE
1.0,OP_AVAIL_EXACT95_HIGH_CAPACITY_AVAIL_JOINT_MINUS_4_MINUS_3,dc4a91ba879f2f54ce9baa11f589bf64abfe8cebb9ad907b6d1711f7bbb179ff,TASK3_OPERATIONAL_POOLED_V1,CAPACITY_AVAIL_JOINT_MINUS_4_MINUS_3,LOCAL_WINDOW_HPP_EXACT95_HIGH,45,300.000000000,473.880615718,609,369,162,32,28,18,240,609,0,0,0,53.375822809,108.410699969,13.572737604,25.230688965,66.948560413,131.683427245,0.000000000,0.000000000,0.000000000,101.766742231,166.501609063,0.876227596,0.928152194,240,0.394088670,173.880615718,true,COMPLETE
1.0,OP_AVAIL_EXACT95_HIGH_CAPACITY_AVAIL_JOINT_MINUS_4_MINUS_3,dc4a91ba879f2f54ce9baa11f589bf64abfe8cebb9ad907b6d1711f7bbb179ff,TASK3_OPERATIONAL_POOLED_V1,CAPACITY_AVAIL_JOINT_MINUS_4_MINUS_3,LOCAL_WINDOW_HPP_EXACT95_HIGH,46,300.000000000,443.318935807,564,365,116,32,33,18,199,564,0,0,0,38.744401710,81.626463289,13.658807340,25.124208639,52.403209049,103.827806952,0.000000000,0.000000000,0.000000000,87.221390867,138.645988770,0.867423932,0.918826832,199,0.352836879,143.318935807,true,COMPLETE
1.0,OP_AVAIL_EXACT95_HIGH_CAPACITY_AVAIL_JOINT_MINUS_4_MINUS_3,dc4a91ba879f2f54ce9baa11f589bf64abfe8cebb9ad907b6d1711f7bbb179ff,TASK3_OPERATIONAL_POOLED_V1,CAPACITY_AVAIL_JOINT_MINUS_4_MINUS_3,LOCAL_WINDOW_HPP_EXACT95_HIGH,47,300.000000000,409.445476927,521,370,75,32,26,18,151,521,0,0,0,23.397261913,51.734930419,11.342675031,21.435318246,34.739936944,73.056248316,0.000000000,0.000000000,0.000000000,69.558118762,107.874430134,0.867581382,0.918993612,151,0.289827255,109.445476927,true,COMPLETE
1.0,OP_AVAIL_EXACT95_HIGH_CAPACITY_AVAIL_JOINT_MINUS_4_MINUS_3,dc4a91ba879f2f54ce9baa11f589bf64abfe8cebb9ad907b6d1711f7bbb179ff,TASK3_OPERATIONAL_POOLED_V1,CAPACITY_AVAIL_JOINT_MINUS_4_MINUS_3,LOCAL_WINDOW_HPP_EXACT95_HIGH,48,300.000000000,429.236886788,548,369,106,32,23,18,179,548,0,0,0,38.759109671,71.187201041,11.323260327,21.610428873,50.082369998,93.106553900,0.000000000,0.000000000,0.000000000,84.900551816,127.924735718,0.870466577,0.922049782,179,0.326642336,129.236886788,true,COMPLETE
1.0,OP_AVAIL_EXACT95_HIGH_CAPACITY_AVAIL_JOINT_MINUS_4_MINUS_3,dc4a91ba879f2f54ce9baa11f589bf64abfe8cebb9ad907b6d1711f7bbb179ff,TASK3_OPERATIONAL_POOLED_V1,CAPACITY_AVAIL_JOINT_MINUS_4_MINUS_3,LOCAL_WINDOW_HPP_EXACT95_HIGH,49,300.000000000,444.805295452,569,369,124,32,26,18,200,569,0,0,0,45.981380264,82.299809940,12.586170815,23.377407647,58.567551079,103.843073278,0.000000000,0.000000000,0.000000000,93.385732897,138.661255096,0.872189584,0.923874892,200,0.351493849,144.805295452,true,COMPLETE
1.0,OP_AVAIL_EXACT95_HIGH_CAPACITY_AVAIL_JOINT_MINUS_4_MINUS_3,dc4a91ba879f2f54ce9baa11f589bf64abfe8cebb9ad907b6d1711f7bbb179ff,TASK3_OPERATIONAL_POOLED_V1,CAPACITY_AVAIL_JOINT_MINUS_4_MINUS_3,LOCAL_WINDOW_HPP_EXACT95_HIGH,50,300.000000000,458.485612709,589,370,141,32,28,18,219,589,0,0,0,44.385215280,92.221830832,14.501728781,26.610451266,58.886944061,118.360300428,0.000000000,0.000000000,0.000000000,93.705125879,153.178482246,0.875907330,0.927812950,219,0.371816638,158.485612709,true,COMPLETE
1.0,OP_AVAIL_EXACT95_LOW_CAPACITY_AVAIL_JOINT_MINUS_4_MINUS_3,56b5c732766e7dd4952e1300365fcd02ef95a48a8e68991d791c227fc21e1360,TASK3_OPERATIONAL_POOLED_V1,CAPACITY_AVAIL_JOINT_MINUS_4_MINUS_3,LOCAL_WINDOW_HPP_EXACT95_LOW,1,300.000000000,333.378284734,313,277,0,22,0,14,36,313,0,0,0,0.013259170,0.000000000,0.138668448,1.351290232,0.151927618,1.351290232,0.000000000,0.000000000,0.000000000,34.970109436,36.169472050,0.640140947,0.678075225,36,0.115015974,33.378284734,true,COMPLETE
1.0,OP_AVAIL_EXACT95_LOW_CAPACITY_AVAIL_JOINT_MINUS_4_MINUS_3,56b5c732766e7dd4952e1300365fcd02ef95a48a8e68991d791c227fc21e1360,TASK3_OPERATIONAL_POOLED_V1,CAPACITY_AVAIL_JOINT_MINUS_4_MINUS_3,LOCAL_WINDOW_HPP_EXACT95_LOW,2,300.000000000,332.283944051,299,263,0,20,0,16,36,299,0,0,0,0.000000000,0.000000000,0.055089470,0.423129196,0.055089470,0.423129196,0.000000000,0.000000000,0.000000000,34.873271288,35.241311014,0.613522381,0.649879262,36,0.120401338,32.283944051,true,COMPLETE
1.0,OP_AVAIL_EXACT95_LOW_CAPACITY_AVAIL_JOINT_MINUS_4_MINUS_3,56b5c732766e7dd4952e1300365fcd02ef95a48a8e68991d791c227fc21e1360,TASK3_OPERATIONAL_POOLED_V1,CAPACITY_AVAIL_JOINT_MINUS_4_MINUS_3,LOCAL_WINDOW_HPP_EXACT95_LOW,3,300.000000000,334.763588245,285,251,0,27,0,7,34,285,0,0,0,0.092502579,0.280385684,0.415620383,3.263811525,0.508122962,3.642400390,0.000000000,0.000000000,0.000000000,35.326304780,38.460582208,0.580463911,0.614861773,34,0.119298246,34.763588245,true,COMPLETE
1.0,OP_AVAIL_EXACT95_LOW_CAPACITY_AVAIL_JOINT_MINUS_4_MINUS_3,56b5c732766e7dd4952e1300365fcd02ef95a48a8e68991d791c227fc21e1360,TASK3_OPERATIONAL_POOLED_V1,CAPACITY_AVAIL_JOINT_MINUS_4_MINUS_3,LOCAL_WINDOW_HPP_EXACT95_LOW,4,300.000000000,334.214032222,293,254,0,27,0,12,39,293,0,0,0,0.000000000,0.000000000,0.102399248,1.158950174,0.102399248,1.158950174,0.000000000,0.000000000,0.000000000,34.920581066,35.977131992,0.597738898,0.633160462,39,0.133105802,34.214032222,true,COMPLETE
1.0,OP_AVAIL_EXACT95_LOW_CAPACITY_AVAIL_JOINT_MINUS_4_MINUS_3,56b5c732766e7dd4952e1300365fcd02ef95a48a8e68991d791c227fc21e1360,TASK3_OPERATIONAL_POOLED_V1,CAPACITY_AVAIL_JOINT_MINUS_4_MINUS_3,LOCAL_WINDOW_HPP_EXACT95_LOW,5,300.000000000,333.398993631,289,254,0,23,0,12,35,289,0,0,0,0.000000000,0.000000000,0.077617904,0.000000000,0.077617904,0.000000000,0.000000000,0.000000000,0.000000000,34.895799722,34.818181818,0.591019944,0.626043348,35,0.121107266,33.398993631,true,COMPLETE
1.0,OP_AVAIL_EXACT95_LOW_CAPACITY_AVAIL_JOINT_MINUS_4_MINUS_3,56b5c732766e7dd4952e1300365fcd02ef95a48a8e68991d791c227fc21e1360,TASK3_OPERATIONAL_POOLED_V1,CAPACITY_AVAIL_JOINT_MINUS_4_MINUS_3,LOCAL_WINDOW_HPP_EXACT95_LOW,6,300.000000000,334.503790859,310,286,0,15,0,9,24,310,0,0,0,0.000000000,0.000000000,0.088811311,0.662300549,0.088811311,0.662300549,0.000000000,0.000000000,0.000000000,34.906993129,35.480482367,0.631872170,0.669316447,24,0.077419355,34.503790859,true,COMPLETE
1.0,OP_AVAIL_EXACT95_LOW_CAPACITY_AVAIL_JOINT_MINUS_4_MINUS_3,56b5c732766e7dd4952e1300365fcd02ef95a48a8e68991d791c227fc21e1360,TASK3_OPERATIONAL_POOLED_V1,CAPACITY_AVAIL_JOINT_MINUS_4_MINUS_3,LOCAL_WINDOW_HPP_EXACT95_LOW,7,300.000000000,334.009467665,254,220,0,19,0,15,34,254,0,0,0,0.000000000,0.000000000,0.002929050,0.000000000,0.002929050,0.000000000,0.000000000,0.000000000,0.000000000,34.821110868,34.818181818,0.518493740,0.549219295,34,0.133858268,34.009467665,true,COMPLETE
1.0,OP_AVAIL_EXACT95_LOW_CAPACITY_AVAIL_JOINT_MINUS_4_MINUS_3,56b5c732766e7dd4952e1300365fcd02ef95a48a8e68991d791c227fc21e1360,TASK3_OPERATIONAL_POOLED_V1,CAPACITY_AVAIL_JOINT_MINUS_4_MINUS_3,LOCAL_WINDOW_HPP_EXACT95_LOW,8,300.000000000,334.204293046,279,242,0,26,0,11,37,279,0,0,0,0.000000000,0.000000000,0.035498891,0.000000000,0.035498891,0.000000000,0.000000000,0.000000000,0.000000000,34.853680709,34.818181818,0.569194582,0.602924631,37,0.132616487,34.204293046,true,COMPLETE
1.0,OP_AVAIL_EXACT95_LOW_CAPACITY_AVAIL_JOINT_MINUS_4_MINUS_3,56b5c732766e7dd4952e1300365fcd02ef95a48a8e68991d791c227fc21e1360,TASK3_OPERATIONAL_POOLED_V1,CAPACITY_AVAIL_JOINT_MINUS_4_MINUS_3,LOCAL_WINDOW_HPP_EXACT95_LOW,9,300.000000000,334.651209542,271,235,0,22,0,14,36,271,0,0,0,0.000000000,0.000000000,0.087513122,0.000000000,0.087513122,0.000000000,0.000000000,0.000000000,0.000000000,34.905694940,34.818181818,0.552135244,0.584854370,36,0.132841328,34.651209542,true,COMPLETE
1.0,OP_AVAIL_EXACT95_LOW_CAPACITY_AVAIL_JOINT_MINUS_4_MINUS_3,56b5c732766e7dd4952e1300365fcd02ef95a48a8e68991d791c227fc21e1360,TASK3_OPERATIONAL_POOLED_V1,CAPACITY_AVAIL_JOINT_MINUS_4_MINUS_3,LOCAL_WINDOW_HPP_EXACT95_LOW,10,300.000000000,333.986965101,321,285,0,22,0,14,36,321,0,0,0,0.007514183,0.000000000,0.208212837,1.973630175,0.215727019,2.153858355,0.000000000,0.000000000,0.000000000,35.033908837,36.972040173,0.655305923,0.694138866,36,0.112149533,33.986965101,true,COMPLETE
1.0,OP_AVAIL_EXACT95_LOW_CAPACITY_AVAIL_JOINT_MINUS_4_MINUS_3,56b5c732766e7dd4952e1300365fcd02ef95a48a8e68991d791c227fc21e1360,TASK3_OPERATIONAL_POOLED_V1,CAPACITY_AVAIL_JOINT_MINUS_4_MINUS_3,LOCAL_WINDOW_HPP_EXACT95_LOW,11,300.000000000,334.383425690,276,248,0,19,0,9,28,276,0,0,0,0.000000000,0.000000000,0.000612421,0.000000000,0.000612421,0.000000000,0.000000000,0.000000000,0.000000000,34.818794239,34.818181818,0.562772565,0.596122050,28,0.101449275,34.383425690,true,COMPLETE
1.0,OP_AVAIL_EXACT95_LOW_CAPACITY_AVAIL_JOINT_MINUS_4_MINUS_3,56b5c732766e7dd4952e1300365fcd02ef95a48a8e68991d791c227fc21e1360,TASK3_OPERATIONAL_POOLED_V1,CAPACITY_AVAIL_JOINT_MINUS_4_MINUS_3,LOCAL_WINDOW_HPP_EXACT95_LOW,12,300.000000000,336.675944538,299,251,1,32,0,15,48,299,0,0,0,0.043049137,0.136917047,0.191588141,1.562414295,0.234637278,2.046186220,0.000000000,0.000000000,0.000000000,35.052819096,36.864368038,0.605518867,0.641401466,48,0.160535117,36.675944538,true,COMPLETE
1.0,OP_AVAIL_EXACT95_LOW_CAPACITY_AVAIL_JOINT_MINUS_4_MINUS_3,56b5c732766e7dd4952e1300365fcd02ef95a48a8e68991d791c227fc21e1360,TASK3_OPERATIONAL_POOLED_V1,CAPACITY_AVAIL_JOINT_MINUS_4_MINUS_3,LOCAL_WINDOW_HPP_EXACT95_LOW,13,300.000000000,334.664495631,286,256,0,19,0,11,30,286,0,0,0,0.000000000,0.000000000,0.012492320,0.000000000,0.012492320,0.000000000,0.000000000,0.000000000,0.000000000,34.830674138,34.818181818,0.582673103,0.617201879,30,0.104895105,34.664495631,true,COMPLETE
1.0,OP_AVAIL_EXACT95_LOW_CAPACITY_AVAIL_JOINT_MINUS_4_MINUS_3,56b5c732766e7dd4952e1300365fcd02ef95a48a8e68991d791c227fc21e1360,TASK3_OPERATIONAL_POOLED_V1,CAPACITY_AVAIL_JOINT_MINUS_4_MINUS_3,LOCAL_WINDOW_HPP_EXACT95_LOW,14,300.000000000,334.504039286,264,224,0,27,0,13,40,264,0,0,0,0.000000000,0.000000000,0.087740802,0.754345941,0.087740802,0.754345941,0.000000000,0.000000000,0.000000000,34.905922620,35.572527759,0.538110094,0.569998099,40,0.151515152,34.504039286,true,COMPLETE
1.0,OP_AVAIL_EXACT95_LOW_CAPACITY_AVAIL_JOINT_MINUS_4_MINUS_3,56b5c732766e7dd4952e1300365fcd02ef95a48a8e68991d791c227fc21e1360,TASK3_OPERATIONAL_POOLED_V1,CAPACITY_AVAIL_JOINT_MINUS_4_MINUS_3,LOCAL_WINDOW_HPP_EXACT95_LOW,15,300.000000000,334.767924815,296,263,0,21,0,12,33,296,0,0,0,0.000349613,0.000000000,0.135860130,1.303078883,0.136209744,1.303078883,0.000000000,0.000000000,0.000000000,34.954391562,36.121260701,0.602859972,0.638585007,33,0.111486486,34.767924815,true,COMPLETE
1.0,OP_AVAIL_EXACT95_LOW_CAPACITY_AVAIL_JOINT_MINUS_4_MINUS_3,56b5c732766e7dd4952e1300365fcd02ef95a48a8e68991d791c227fc21e1360,TASK3_OPERATIONAL_POOLED_V1,CAPACITY_AVAIL_JOINT_MINUS_4_MINUS_3,LOCAL_WINDOW_HPP_EXACT95_LOW,16,300.000000000,334.431918804,278,244,0,26,0,8,34,278,0,0,0,0.000000000,0.000000000,0.006721558,0.000000000,0.006721558,0.000000000,0.000000000,0.000000000,0.000000000,34.824903376,34.818181818,0.566768433,0.600354710,34,0.122302158,34.431918804,true,COMPLETE
1.0,OP_AVAIL_EXACT95_LOW_CAPACITY_AVAIL_JOINT_MINUS_4_MINUS_3,56b5c732766e7dd4952e1300365fcd02ef95a48a8e68991d791c227fc21e1360,TASK3_OPERATIONAL_POOLED_V1,CAPACITY_AVAIL_JOINT_MINUS_4_MINUS_3,LOCAL_WINDOW_HPP_EXACT95_LOW,17,300.000000000,335.939427486,310,271,0,28,0,11,39,310,0,0,0,0.278137775,2.330929699,0.374996793,2.055320798,0.653134568,3.970246956,0.000000000,0.000000000,0.000000000,35.471316386,38.788428774,0.629171866,0.666456124,39,0.125806452,35.939427486,true,COMPLETE
1.0,OP_AVAIL_EXACT95_LOW_CAPACITY_AVAIL_JOINT_MINUS_4_MINUS_3,56b5c732766e7dd4952e1300365fcd02ef95a48a8e68991d791c227fc21e1360,TASK3_OPERATIONAL_POOLED_V1,CAPACITY_AVAIL_JOINT_MINUS_4_MINUS_3,LOCAL_WINDOW_HPP_EXACT95_LOW,18,300.000000000,333.369913239,298,259,0,20,1,18,39,298,0,0,0,0.000000000,0.000000000,0.012787986,0.000000000,0.012787986,0.000000000,0.000000000,0.000000000,0.000000000,34.830969804,34.818181818,0.609478571,0.645595819,39,0.130872483,33.369913239,true,COMPLETE
1.0,OP_AVAIL_EXACT95_LOW_CAPACITY_AVAIL_JOINT_MINUS_4_MINUS_3,56b5c732766e7dd4952e1300365fcd02ef95a48a8e68991d791c227fc21e1360,TASK3_OPERATIONAL_POOLED_V1,CAPACITY_AVAIL_JOINT_MINUS_4_MINUS_3,LOCAL_WINDOW_HPP_EXACT95_LOW,19,300.000000000,334.345704763,272,241,0,25,0,6,31,272,0,0,0,0.000000000,0.000000000,0.030496236,0.000000000,0.030496236,0.000000000,0.000000000,0.000000000,0.000000000,34.848678054,34.818181818,0.554679013,0.587548880,31,0.113970588,34.345704763,true,COMPLETE
1.0,OP_AVAIL_EXACT95_LOW_CAPACITY_AVAIL_JOINT_MINUS_4_MINUS_3,56b5c732766e7dd4952e1300365fcd02ef95a48a8e68991d791c227fc21e1360,TASK3_OPERATIONAL_POOLED_V1,CAPACITY_AVAIL_JOINT_MINUS_4_MINUS_3,LOCAL_WINDOW_HPP_EXACT95_LOW,20,300.000000000,333.059981036,280,252,0,16,0,12,28,280,0,0,0,0.000000000,0.000000000,0.070029899,0.400289106,0.070029899,0.400289106,0.000000000,0.000000000,0.000000000,34.888211717,35.218470924,0.573197327,0.607164576,28,0.100000000,33.059981036,true,COMPLETE
1.0,OP_AVAIL_EXACT95_LOW_CAPACITY_AVAIL_JOINT_MINUS_4_MINUS_3,56b5c732766e7dd4952e1300365fcd02ef95a48a8e68991d791c227fc21e1360,TASK3_OPERATIONAL_POOLED_V1,CAPACITY_AVAIL_JOINT_MINUS_4_MINUS_3,LOCAL_WINDOW_HPP_EXACT95_LOW,21,300.000000000,334.383882730,272,248,0,14,0,10,24,272,0,0,0,0.001035358,0.000000000,0.079382676,0.547642880,0.080418034,0.547642880,0.000000000,0.000000000,0.000000000,34.898599852,35.365824698,0.554615683,0.587481797,24,0.088235294,34.383882730,true,COMPLETE
1.0,OP_AVAIL_EXACT95_LOW_CAPACITY_AVAIL_JOINT_MINUS_4_MINUS_3,56b5c732766e7dd4952e1300365fcd02ef95a48a8e68991d791c227fc21e1360,TASK3_OPERATIONAL_POOLED_V1,CAPACITY_AVAIL_JOINT_MINUS_4_MINUS_3,LOCAL_WINDOW_HPP_EXACT95_LOW,22,300.000000000,336.567106151,312,265,2,32,0,13,47,312,0,0,0,0.069807531,0.060181313,0.332773860,2.781928100,0.402581392,3.106318754,0.000000000,0.000000000,0.000000000,35.220763210,37.924500572,0.632050099,0.669504920,47,0.150641026,36.567106151,true,COMPLETE
1.0,OP_AVAIL_EXACT95_LOW_CAPACITY_AVAIL_JOINT_MINUS_4_MINUS_3,56b5c732766e7dd4952e1300365fcd02ef95a48a8e68991d791c227fc21e1360,TASK3_OPERATIONAL_POOLED_V1,CAPACITY_AVAIL_JOINT_MINUS_4_MINUS_3,LOCAL_WINDOW_HPP_EXACT95_LOW,23,300.000000000,333.884950245,296,268,0,19,0,9,28,296,0,0,0,0.000000000,0.000000000,0.117596668,1.072996694,0.117596668,1.072996694,0.000000000,0.000000000,0.000000000,34.935778486,35.891178512,0.604454264,0.640273776,28,0.094594595,33.884950245,true,COMPLETE
1.0,OP_AVAIL_EXACT95_LOW_CAPACITY_AVAIL_JOINT_MINUS_4_MINUS_3,56b5c732766e7dd4952e1300365fcd02ef95a48a8e68991d791c227fc21e1360,TASK3_OPERATIONAL_POOLED_V1,CAPACITY_AVAIL_JOINT_MINUS_4_MINUS_3,LOCAL_WINDOW_HPP_EXACT95_LOW,24,300.000000000,335.637443270,299,253,0,30,0,16,46,299,0,0,0,0.000649808,0.000000000,0.042148433,0.108542926,0.042798241,0.155538681,0.000000000,0.000000000,0.000000000,34.860980059,34.973720499,0.607392412,0.643386037,46,0.153846154,35.637443270,true,COMPLETE
1.0,OP_AVAIL_EXACT95_LOW_CAPACITY_AVAIL_JOINT_MINUS_4_MINUS_3,56b5c732766e7dd4952e1300365fcd02ef95a48a8e68991d791c227fc21e1360,TASK3_OPERATIONAL_POOLED_V1,CAPACITY_AVAIL_JOINT_MINUS_4_MINUS_3,LOCAL_WINDOW_HPP_EXACT95_LOW,25,300.000000000,333.803665910,291,256,0,24,0,11,35,291,0,0,0,0.005200446,0.000000000,0.033638600,0.000000000,0.038839047,0.000000000,0.000000000,0.000000000,0.000000000,34.857020865,34.818181818,0.594388592,0.629611619,35,0.120274914,33.803665910,true,COMPLETE
1.0,OP_AVAIL_EXACT95_LOW_CAPACITY_AVAIL_JOINT_MINUS_4_MINUS_3,56b5c732766e7dd4952e1300365fcd02ef95a48a8e68991d791c227fc21e1360,TASK3_OPERATIONAL_POOLED_V1,CAPACITY_AVAIL_JOINT_MINUS_4_MINUS_3,LOCAL_WINDOW_HPP_EXACT95_LOW,26,300.000000000,334.692628558,273,240,0,20,0,13,33,273,0,0,0,0.000000000,0.000000000,0.052572770,0.000000000,0.052572770,0.000000000,0.000000000,0.000000000,0.000000000,34.870754588,34.818181818,0.556141211,0.589097727,33,0.120879121,34.692628558,true,COMPLETE
1.0,OP_AVAIL_EXACT95_LOW_CAPACITY_AVAIL_JOINT_MINUS_4_MINUS_3,56b5c732766e7dd4952e1300365fcd02ef95a48a8e68991d791c227fc21e1360,TASK3_OPERATIONAL_POOLED_V1,CAPACITY_AVAIL_JOINT_MINUS_4_MINUS_3,LOCAL_WINDOW_HPP_EXACT95_LOW,27,300.000000000,332.497741530,272,244,0,18,0,10,28,272,0,0,0,0.000000000,0.000000000,0.019852490,0.000000000,0.019852490,0.000000000,0.000000000,0.000000000,0.000000000,34.838034308,34.818181818,0.557761820,0.590814372,28,0.102941176,32.497741530,true,COMPLETE
1.0,OP_AVAIL_EXACT95_LOW_CAPACITY_AVAIL_JOINT_MINUS_4_MINUS_3,56b5c732766e7dd4952e1300365fcd02ef95a48a8e68991d791c227fc21e1360,TASK3_OPERATIONAL_POOLED_V1,CAPACITY_AVAIL_JOINT_MINUS_4_MINUS_3,LOCAL_WINDOW_HPP_EXACT95_LOW,28,300.000000000,334.557393197,258,233,0,16,0,9,25,258,0,0,0,0.000000000,0.000000000,0.003097274,0.000000000,0.003097274,0.000000000,0.000000000,0.000000000,0.000000000,34.821279092,34.818181818,0.525796454,0.556954762,25,0.096899225,34.557393197,true,COMPLETE
1.0,OP_AVAIL_EXACT95_LOW_CAPACITY_AVAIL_JOINT_MINUS_4_MINUS_3,56b5c732766e7dd4952e1300365fcd02ef95a48a8e68991d791c227fc21e1360,TASK3_OPERATIONAL_POOLED_V1,CAPACITY_AVAIL_JOINT_MINUS_4_MINUS_3,LOCAL_WINDOW_HPP_EXACT95_LOW,29,300.000000000,334.055309304,300,264,0,20,0,16,36,300,0,0,0,0.158204312,1.105131595,0.281091833,2.040540331,0.439296145,3.179859801,0.000000000,0.000000000,0.000000000,35.257477963,37.998041619,0.612310144,0.648595190,36,0.120000000,34.055309304,true,COMPLETE
1.0,OP_AVAIL_EXACT95_LOW_CAPACITY_AVAIL_JOINT_MINUS_4_MINUS_3,56b5c732766e7dd4952e1300365fcd02ef95a48a8e68991d791c227fc21e1360,TASK3_OPERATIONAL_POOLED_V1,CAPACITY_AVAIL_JOINT_MINUS_4_MINUS_3,LOCAL_WINDOW_HPP_EXACT95_LOW,30,300.000000000,333.547081962,267,232,0,27,0,8,35,267,0,0,0,0.000000000,0.000000000,0.043873348,0.000000000,0.043873348,0.000000000,0.000000000,0.000000000,0.000000000,34.862055166,34.818181818,0.545786380,0.578129277,35,0.131086142,33.547081962,true,COMPLETE
1.0,OP_AVAIL_EXACT95_LOW_CAPACITY_AVAIL_JOINT_MINUS_4_MINUS_3,56b5c732766e7dd4952e1300365fcd02ef95a48a8e68991d791c227fc21e1360,TASK3_OPERATIONAL_POOLED_V1,CAPACITY_AVAIL_JOINT_MINUS_4_MINUS_3,LOCAL_WINDOW_HPP_EXACT95_LOW,31,300.000000000,332.500307393,296,270,0,17,0,9,26,296,0,0,0,0.000000000,0.000000000,0.055754211,0.432901677,0.055754211,0.432901677,0.000000000,0.000000000,0.000000000,34.873936029,35.251083495,0.606971414,0.642940091,26,0.087837838,32.500307393,true,COMPLETE
1.0,OP_AVAIL_EXACT95_LOW_CAPACITY_AVAIL_JOINT_MINUS_4_MINUS_3,56b5c732766e7dd4952e1300365fcd02ef95a48a8e68991d791c227fc21e1360,TASK3_OPERATIONAL_POOLED_V1,CAPACITY_AVAIL_JOINT_MINUS_4_MINUS_3,LOCAL_WINDOW_HPP_EXACT95_LOW,32,300.000000000,335.188766742,288,245,0,29,0,14,43,288,0,0,0,0.000000000,0.000000000,0.026738933,0.000000000,0.026738933,0.000000000,0.000000000,0.000000000,0.000000000,34.844920751,34.818181818,0.585830003,0.620545855,43,0.149305556,35.188766742,true,COMPLETE
1.0,OP_AVAIL_EXACT95_LOW_CAPACITY_AVAIL_JOINT_MINUS_4_MINUS_3,56b5c732766e7dd4952e1300365fcd02ef95a48a8e68991d791c227fc21e1360,TASK3_OPERATIONAL_POOLED_V1,CAPACITY_AVAIL_JOINT_MINUS_4_MINUS_3,LOCAL_WINDOW_HPP_EXACT95_LOW,33,300.000000000,333.353517328,263,238,0,17,0,8,25,263,0,0,0,0.000000000,0.000000000,0.000000000,0.000000000,0.000000000,0.000000000,0.000000000,0.000000000,0.000000000,34.818181818,34.818181818,0.537921973,0.569798831,25,0.095057034,33.353517328,true,COMPLETE
1.0,OP_AVAIL_EXACT95_LOW_CAPACITY_AVAIL_JOINT_MINUS_4_MINUS_3,56b5c732766e7dd4952e1300365fcd02ef95a48a8e68991d791c227fc21e1360,TASK3_OPERATIONAL_POOLED_V1,CAPACITY_AVAIL_JOINT_MINUS_4_MINUS_3,LOCAL_WINDOW_HPP_EXACT95_LOW,34,300.000000000,333.918653247,282,249,0,15,0,18,33,282,0,0,0,0.000000000,0.000000000,0.117143428,0.987013983,0.117143428,0.987013983,0.000000000,0.000000000,0.000000000,34.935325246,35.805195801,0.575807088,0.609928989,33,0.117021277,33.918653247,true,COMPLETE
1.0,OP_AVAIL_EXACT95_LOW_CAPACITY_AVAIL_JOINT_MINUS_4_MINUS_3,56b5c732766e7dd4952e1300365fcd02ef95a48a8e68991d791c227fc21e1360,TASK3_OPERATIONAL_POOLED_V1,CAPACITY_AVAIL_JOINT_MINUS_4_MINUS_3,LOCAL_WINDOW_HPP_EXACT95_LOW,35,300.000000000,334.031797309,280,251,0,18,0,11,29,280,0,0,0,0.000000000,0.000000000,0.007284430,0.000000000,0.007284430,0.000000000,0.000000000,0.000000000,0.000000000,34.825466248,34.818181818,0.571529694,0.605398120,29,0.103571429,34.031797309,true,COMPLETE
1.0,OP_AVAIL_EXACT95_LOW_CAPACITY_AVAIL_JOINT_MINUS_4_MINUS_3,56b5c732766e7dd4952e1300365fcd02ef95a48a8e68991d791c227fc21e1360,TASK3_OPERATIONAL_POOLED_V1,CAPACITY_AVAIL_JOINT_MINUS_4_MINUS_3,LOCAL_WINDOW_HPP_EXACT95_LOW,36,300.000000000,334.046219248,272,235,0,21,0,16,37,272,0,0,0,0.000000000,0.000000000,0.000000000,0.000000000,0.000000000,0.000000000,0.000000000,0.000000000,0.000000000,34.818181818,34.818181818,0.555176304,0.588075641,37,0.136029412,34.046219248,true,COMPLETE
1.0,OP_AVAIL_EXACT95_LOW_CAPACITY_AVAIL_JOINT_MINUS_4_MINUS_3,56b5c732766e7dd4952e1300365fcd02ef95a48a8e68991d791c227fc21e1360,TASK3_OPERATIONAL_POOLED_V1,CAPACITY_AVAIL_JOINT_MINUS_4_MINUS_3,LOCAL_WINDOW_HPP_EXACT95_LOW,37,300.000000000,334.078766339,266,237,0,16,0,13,29,266,0,0,0,0.000000000,0.000000000,0.082955908,0.000000000,0.082955908,0.000000000,0.000000000,0.000000000,0.000000000,34.901137726,34.818181818,0.542876874,0.575047355,29,0.109022556,34.078766339,true,COMPLETE
1.0,OP_AVAIL_EXACT95_LOW_CAPACITY_AVAIL_JOINT_MINUS_4_MINUS_3,56b5c732766e7dd4952e1300365fcd02ef95a48a8e68991d791c227fc21e1360,TASK3_OPERATIONAL_POOLED_V1,CAPACITY_AVAIL_JOINT_MINUS_4_MINUS_3,LOCAL_WINDOW_HPP_EXACT95_LOW,38,300.000000000,333.973818889,341,299,0,23,1,18,42,341,0,0,0,0.009868494,0.000000000,0.182511681,1.368860962,0.192380176,1.368860962,0.000000000,0.000000000,0.000000000,35.010561994,36.187042780,0.696162354,0.737416420,42,0.123167155,33.973818889,true,COMPLETE
1.0,OP_AVAIL_EXACT95_LOW_CAPACITY_AVAIL_JOINT_MINUS_4_MINUS_3,56b5c732766e7dd4952e1300365fcd02ef95a48a8e68991d791c227fc21e1360,TASK3_OPERATIONAL_POOLED_V1,CAPACITY_AVAIL_JOINT_MINUS_4_MINUS_3,LOCAL_WINDOW_HPP_EXACT95_LOW,39,300.000000000,333.227369168,256,218,0,24,0,14,38,256,0,0,0,0.000000000,0.000000000,0.021636132,0.000000000,0.021636132,0.000000000,0.000000000,0.000000000,0.000000000,34.839817950,34.818181818,0.523802877,0.554843047,38,0.148437500,33.227369168,true,COMPLETE
1.0,OP_AVAIL_EXACT95_LOW_CAPACITY_AVAIL_JOINT_MINUS_4_MINUS_3,56b5c732766e7dd4952e1300365fcd02ef95a48a8e68991d791c227fc21e1360,TASK3_OPERATIONAL_POOLED_V1,CAPACITY_AVAIL_JOINT_MINUS_4_MINUS_3,LOCAL_WINDOW_HPP_EXACT95_LOW,40,300.000000000,334.470914622,276,253,0,13,0,10,23,276,0,0,0,0.000000000,0.000000000,0.080700421,0.776656870,0.080700421,0.776656870,0.000000000,0.000000000,0.000000000,34.898882239,35.594838688,0.562625358,0.595966120,23,0.083333333,34.470914622,true,COMPLETE
1.0,OP_AVAIL_EXACT95_LOW_CAPACITY_AVAIL_JOINT_MINUS_4_MINUS_3,56b5c732766e7dd4952e1300365fcd02ef95a48a8e68991d791c227fc21e1360,TASK3_OPERATIONAL_POOLED_V1,CAPACITY_AVAIL_JOINT_MINUS_4_MINUS_3,LOCAL_WINDOW_HPP_EXACT95_LOW,41,300.000000000,334.039386969,305,267,0,22,0,16,38,305,0,0,0,0.028705043,0.000000000,0.149099665,1.398085884,0.177804708,2.007625208,0.000000000,0.000000000,0.000000000,34.995986526,36.825807026,0.622544986,0.659436541,38,0.124590164,34.039386969,true,COMPLETE
1.0,OP_AVAIL_EXACT95_LOW_CAPACITY_AVAIL_JOINT_MINUS_4_MINUS_3,56b5c732766e7dd4952e1300365fcd02ef95a48a8e68991d791c227fc21e1360,TASK3_OPERATIONAL_POOLED_V1,CAPACITY_AVAIL_JOINT_MINUS_4_MINUS_3,LOCAL_WINDOW_HPP_EXACT95_LOW,42,300.000000000,334.117691289,298,260,0,25,0,13,38,298,0,0,0,0.000000000,0.000000000,0.074462223,0.234771032,0.074462223,0.234771032,0.000000000,0.000000000,0.000000000,34.892644041,35.052952850,0.608114516,0.644150932,38,0.127516779,34.117691289,true,COMPLETE
1.0,OP_AVAIL_EXACT95_LOW_CAPACITY_AVAIL_JOINT_MINUS_4_MINUS_3,56b5c732766e7dd4952e1300365fcd02ef95a48a8e68991d791c227fc21e1360,TASK3_OPERATIONAL_POOLED_V1,CAPACITY_AVAIL_JOINT_MINUS_4_MINUS_3,LOCAL_WINDOW_HPP_EXACT95_LOW,43,300.000000000,334.595220486,274,248,0,20,0,6,26,274,0,0,0,0.000000000,0.000000000,0.154528660,1.273854317,0.154528660,1.273854317,0.000000000,0.000000000,0.000000000,34.972710478,36.092036135,0.558340856,0.591427722,26,0.094890511,34.595220486,true,COMPLETE
1.0,OP_AVAIL_EXACT95_LOW_CAPACITY_AVAIL_JOINT_MINUS_4_MINUS_3,56b5c732766e7dd4952e1300365fcd02ef95a48a8e68991d791c227fc21e1360,TASK3_OPERATIONAL_POOLED_V1,CAPACITY_AVAIL_JOINT_MINUS_4_MINUS_3,LOCAL_WINDOW_HPP_EXACT95_LOW,44,300.000000000,333.612131684,288,252,0,19,0,17,36,288,0,0,0,0.000000000,0.000000000,0.065748635,0.315720721,0.065748635,0.315720721,0.000000000,0.000000000,0.000000000,34.883930453,35.133902539,0.588598608,0.623478526,36,0.125000000,33.612131684,true,COMPLETE
1.0,OP_AVAIL_EXACT95_LOW_CAPACITY_AVAIL_JOINT_MINUS_4_MINUS_3,56b5c732766e7dd4952e1300365fcd02ef95a48a8e68991d791c227fc21e1360,TASK3_OPERATIONAL_POOLED_V1,CAPACITY_AVAIL_JOINT_MINUS_4_MINUS_3,LOCAL_WINDOW_HPP_EXACT95_LOW,45,300.000000000,335.272545013,294,252,0,27,0,15,42,294,0,0,0,0.000911879,0.000000000,0.072628950,0.753418008,0.073540829,0.753418008,0.000000000,0.000000000,0.000000000,34.891722647,35.571599826,0.597885358,0.633315601,42,0.142857143,35.272545013,true,COMPLETE
1.0,OP_AVAIL_EXACT95_LOW_CAPACITY_AVAIL_JOINT_MINUS_4_MINUS_3,56b5c732766e7dd4952e1300365fcd02ef95a48a8e68991d791c227fc21e1360,TASK3_OPERATIONAL_POOLED_V1,CAPACITY_AVAIL_JOINT_MINUS_4_MINUS_3,LOCAL_WINDOW_HPP_EXACT95_LOW,46,300.000000000,335.230534980,296,252,0,26,0,18,44,296,0,0,0,0.011444248,0.000000000,0.183247625,1.566202592,0.194691873,1.566202592,0.000000000,0.000000000,0.000000000,35.012873691,36.384384410,0.602028040,0.637703775,44,0.148648649,35.230534980,true,COMPLETE
1.0,OP_AVAIL_EXACT95_LOW_CAPACITY_AVAIL_JOINT_MINUS_4_MINUS_3,56b5c732766e7dd4952e1300365fcd02ef95a48a8e68991d791c227fc21e1360,TASK3_OPERATIONAL_POOLED_V1,CAPACITY_AVAIL_JOINT_MINUS_4_MINUS_3,LOCAL_WINDOW_HPP_EXACT95_LOW,47,300.000000000,329.184016045,265,230,0,14,3,18,35,265,0,0,0,0.010618294,0.000000000,0.208772669,1.606359332,0.219390963,1.836291530,0.000000000,0.000000000,0.000000000,35.037572781,36.654473348,0.548877860,0.581403955,35,0.132075472,29.184016045,true,COMPLETE
1.0,OP_AVAIL_EXACT95_LOW_CAPACITY_AVAIL_JOINT_MINUS_4_MINUS_3,56b5c732766e7dd4952e1300365fcd02ef95a48a8e68991d791c227fc21e1360,TASK3_OPERATIONAL_POOLED_V1,CAPACITY_AVAIL_JOINT_MINUS_4_MINUS_3,LOCAL_WINDOW_HPP_EXACT95_LOW,48,300.000000000,334.462782154,296,264,0,14,0,18,32,296,0,0,0,0.034114889,0.000000000,0.135121970,1.241870218,0.169236860,1.542491548,0.000000000,0.000000000,0.000000000,34.987418678,36.360673366,0.603409983,0.639167612,32,0.108108108,34.462782154,true,COMPLETE
1.0,OP_AVAIL_EXACT95_LOW_CAPACITY_AVAIL_JOINT_MINUS_4_MINUS_3,56b5c732766e7dd4952e1300365fcd02ef95a48a8e68991d791c227fc21e1360,TASK3_OPERATIONAL_POOLED_V1,CAPACITY_AVAIL_JOINT_MINUS_4_MINUS_3,LOCAL_WINDOW_HPP_EXACT95_LOW,49,300.000000000,330.242669127,247,233,0,11,0,3,14,247,0,0,0,0.000000000,0.000000000,0.048687542,0.010441470,0.048687542,0.010441470,0.000000000,0.000000000,0.000000000,34.866869360,34.828623288,0.509955577,0.540175167,14,0.056680162,30.242669127,true,COMPLETE
1.0,OP_AVAIL_EXACT95_LOW_CAPACITY_AVAIL_JOINT_MINUS_4_MINUS_3,56b5c732766e7dd4952e1300365fcd02ef95a48a8e68991d791c227fc21e1360,TASK3_OPERATIONAL_POOLED_V1,CAPACITY_AVAIL_JOINT_MINUS_4_MINUS_3,LOCAL_WINDOW_HPP_EXACT95_LOW,50,300.000000000,334.204179571,295,266,0,17,0,12,29,295,0,0,0,0.011665921,0.000000000,0.107448546,0.791122364,0.119114467,0.896736062,0.000000000,0.000000000,0.000000000,34.937296285,35.714917880,0.601836769,0.637501170,29,0.098305085,34.204179571,true,COMPLETE
1.0,OP_AVAIL_MLE_BASE_CAPACITY_AVAIL_SECURITY_MINUS_4,da5bd870243fa0197cda05e57cb667262cafbf6211ff72afe0c1b06720b41654,TASK3_OPERATIONAL_POOLED_V1,CAPACITY_AVAIL_SECURITY_MINUS_4,LOCAL_WINDOW_HPP_BASE,1,300.000000000,334.701527801,396,354,0,24,0,18,42,396,0,0,0,0.530751155,3.015121874,0.265917395,1.525858211,0.796668550,4.170504753,0.000000000,0.000000000,0.000000000,35.614850368,38.988686571,0.806688878,0.732422283,42,0.106060606,34.701527801,true,COMPLETE
1.0,OP_AVAIL_MLE_BASE_CAPACITY_AVAIL_SECURITY_MINUS_4,da5bd870243fa0197cda05e57cb667262cafbf6211ff72afe0c1b06720b41654,TASK3_OPERATIONAL_POOLED_V1,CAPACITY_AVAIL_SECURITY_MINUS_4,LOCAL_WINDOW_HPP_BASE,2,300.000000000,345.414014306,442,377,13,32,0,20,65,442,0,0,0,2.221670901,7.065378700,0.209878100,1.604170542,2.431549000,7.065378700,0.000000000,0.000000000,0.000000000,37.249730818,41.883560518,0.872470785,0.792148078,65,0.147058824,45.414014306,true,COMPLETE
1.0,OP_AVAIL_MLE_BASE_CAPACITY_AVAIL_SECURITY_MINUS_4,da5bd870243fa0197cda05e57cb667262cafbf6211ff72afe0c1b06720b41654,TASK3_OPERATIONAL_POOLED_V1,CAPACITY_AVAIL_SECURITY_MINUS_4,LOCAL_WINDOW_HPP_BASE,3,300.000000000,334.760392420,393,350,0,29,0,14,43,393,0,0,0,0.769025665,4.741671735,0.094378920,0.627433613,0.863404585,4.741671735,0.000000000,0.000000000,0.000000000,35.681586403,39.559853553,0.800436824,0.726745815,43,0.109414758,34.760392420,true,COMPLETE
1.0,OP_AVAIL_MLE_BASE_CAPACITY_AVAIL_SECURITY_MINUS_4,da5bd870243fa0197cda05e57cb667262cafbf6211ff72afe0c1b06720b41654,TASK3_OPERATIONAL_POOLED_V1,CAPACITY_AVAIL_SECURITY_MINUS_4,LOCAL_WINDOW_HPP_BASE,4,300.000000000,338.422838153,410,349,7,32,1,21,61,410,0,0,0,0.787689619,4.429332134,0.034266808,0.119771042,0.821956427,4.429332134,0.000000000,0.000000000,0.000000000,35.640138245,39.247513952,0.826024201,0.749977529,61,0.148780488,38.422838153,true,COMPLETE
1.0,OP_AVAIL_MLE_BASE_CAPACITY_AVAIL_SECURITY_MINUS_4,da5bd870243fa0197cda05e57cb667262cafbf6211ff72afe0c1b06720b41654,TASK3_OPERATIONAL_POOLED_V1,CAPACITY_AVAIL_SECURITY_MINUS_4,LOCAL_WINDOW_HPP_BASE,5,300.000000000,333.557018640,388,356,0,18,0,14,32,388,0,0,0,0.831334221,3.928272299,0.106323442,0.924070386,0.937657662,3.928272299,0.000000000,0.000000000,0.000000000,35.755839480,38.746454117,0.793104146,0.720088209,32,0.082474227,33.557018640,true,COMPLETE
1.0,OP_AVAIL_MLE_BASE_CAPACITY_AVAIL_SECURITY_MINUS_4,da5bd870243fa0197cda05e57cb667262cafbf6211ff72afe0c1b06720b41654,TASK3_OPERATIONAL_POOLED_V1,CAPACITY_AVAIL_SECURITY_MINUS_4,LOCAL_WINDOW_HPP_BASE,6,300.000000000,335.215399713,419,368,1,32,0,18,51,419,0,0,0,1.357147157,4.868480426,0.055546806,0.408606091,1.412693963,4.868480426,0.000000000,0.000000000,0.000000000,36.230875781,39.686662244,0.852233574,0.773773975,51,0.121718377,35.215399713,true,COMPLETE
1.0,OP_AVAIL_MLE_BASE_CAPACITY_AVAIL_SECURITY_MINUS_4,da5bd870243fa0197cda05e57cb667262cafbf6211ff72afe0c1b06720b41654,TASK3_OPERATIONAL_POOLED_V1,CAPACITY_AVAIL_SECURITY_MINUS_4,LOCAL_WINDOW_HPP_BASE,7,300.000000000,336.195485526,408,352,4,32,0,20,56,408,0,0,0,0.806328375,4.354079751,0.112063228,0.691838884,0.918391603,4.395033534,0.000000000,0.000000000,0.000000000,35.736573421,39.213215352,0.827440671,0.751263593,56,0.137254902,36.195485526,true,COMPLETE
1.0,OP_AVAIL_MLE_BASE_CAPACITY_AVAIL_SECURITY_MINUS_4,da5bd870243fa0197cda05e57cb667262cafbf6211ff72afe0c1b06720b41654,TASK3_OPERATIONAL_POOLED_V1,CAPACITY_AVAIL_SECURITY_MINUS_4,LOCAL_WINDOW_HPP_BASE,8,300.000000000,334.244707308,442,391,0,31,0,20,51,442,0,0,0,6.246534347,13.689733065,0.118559862,1.020565773,6.365094209,13.689733065,0.000000000,0.000000000,0.000000000,41.183276027,48.507914883,0.901625754,0.818618939,51,0.115384615,34.244707308,true,COMPLETE
1.0,OP_AVAIL_MLE_BASE_CAPACITY_AVAIL_SECURITY_MINUS_4,da5bd870243fa0197cda05e57cb667262cafbf6211ff72afe0c1b06720b41654,TASK3_OPERATIONAL_POOLED_V1,CAPACITY_AVAIL_SECURITY_MINUS_4,LOCAL_WINDOW_HPP_BASE,9,300.000000000,335.697720904,395,343,1,32,0,19,52,395,0,0,0,1.532938686,7.158400495,0.087897660,0.663748407,1.620836346,7.158400495,0.000000000,0.000000000,0.000000000,36.439018164,41.976582313,0.802263957,0.728404735,52,0.131645570,35.697720904,true,COMPLETE
1.0,OP_AVAIL_MLE_BASE_CAPACITY_AVAIL_SECURITY_MINUS_4,da5bd870243fa0197cda05e57cb667262cafbf6211ff72afe0c1b06720b41654,TASK3_OPERATIONAL_POOLED_V1,CAPACITY_AVAIL_SECURITY_MINUS_4,LOCAL_WINDOW_HPP_BASE,10,300.000000000,334.733050789,394,344,0,32,0,18,50,394,0,0,0,0.552625609,3.487689608,0.067192591,0.497358751,0.619818200,3.730387882,0.000000000,0.000000000,0.000000000,35.438000018,38.548569700,0.802539107,0.728654554,50,0.126903553,34.733050789,true,COMPLETE
1.0,OP_AVAIL_MLE_BASE_CAPACITY_AVAIL_SECURITY_MINUS_4,da5bd870243fa0197cda05e57cb667262cafbf6211ff72afe0c1b06720b41654,TASK3_OPERATIONAL_POOLED_V1,CAPACITY_AVAIL_SECURITY_MINUS_4,LOCAL_WINDOW_HPP_BASE,11,300.000000000,334.795505588,409,367,0,20,1,21,42,409,0,0,0,2.078730175,6.235880443,0.231917869,1.478805860,2.310648044,6.478192397,0.000000000,0.000000000,0.000000000,37.128829862,41.296374215,0.832937216,0.756254107,42,0.102689487,34.795505588,true,COMPLETE
1.0,OP_AVAIL_MLE_BASE_CAPACITY_AVAIL_SECURITY_MINUS_4,da5bd870243fa0197cda05e57cb667262cafbf6211ff72afe0c1b06720b41654,TASK3_OPERATIONAL_POOLED_V1,CAPACITY_AVAIL_SECURITY_MINUS_4,LOCAL_WINDOW_HPP_BASE,12,300.000000000,334.904198232,423,370,1,32,0,20,53,423,0,0,0,2.771623664,9.808171817,0.049690454,0.347713419,2.821314117,9.873380081,0.000000000,0.000000000,0.000000000,37.639495935,44.691561899,0.861168933,0.781886713,53,0.125295508,34.904198232,true,COMPLETE
1.0,OP_AVAIL_MLE_BASE_CAPACITY_AVAIL_SECURITY_MINUS_4,da5bd870243fa0197cda05e57cb667262cafbf6211ff72afe0c1b06720b41654,TASK3_OPERATIONAL_POOLED_V1,CAPACITY_AVAIL_SECURITY_MINUS_4,LOCAL_WINDOW_HPP_BASE,13,300.000000000,346.813913514,455,381,20,32,1,21,74,455,0,0,0,13.673850734,28.913981527,0.582956661,3.587909740,14.256807395,29.095409950,0.000000000,0.000000000,0.000000000,49.074989213,63.913591768,0.894506422,0.812155037,74,0.162637363,46.813913514,true,COMPLETE
1.0,OP_AVAIL_MLE_BASE_CAPACITY_AVAIL_SECURITY_MINUS_4,da5bd870243fa0197cda05e57cb667262cafbf6211ff72afe0c1b06720b41654,TASK3_OPERATIONAL_POOLED_V1,CAPACITY_AVAIL_SECURITY_MINUS_4,LOCAL_WINDOW_HPP_BASE,14,300.000000000,333.719484820,374,343,0,17,0,14,31,374,0,0,0,0.827477696,4.175741549,0.054182120,0.486518011,0.881659816,4.333813397,0.000000000,0.000000000,0.000000000,35.699841634,39.151995215,0.764114808,0.693767730,31,0.082887701,33.719484820,true,COMPLETE
1.0,OP_AVAIL_MLE_BASE_CAPACITY_AVAIL_SECURITY_MINUS_4,da5bd870243fa0197cda05e57cb667262cafbf6211ff72afe0c1b06720b41654,TASK3_OPERATIONAL_POOLED_V1,CAPACITY_AVAIL_SECURITY_MINUS_4,LOCAL_WINDOW_HPP_BASE,15,300.000000000,333.864251907,386,347,0,29,0,10,39,386,0,0,0,0.789492014,5.822250399,0.052280848,0.221934439,0.841772862,5.938846317,0.000000000,0.000000000,0.000000000,35.659954680,40.757028135,0.788289901,0.715717180,39,0.101036269,33.864251907,true,COMPLETE
1.0,OP_AVAIL_MLE_BASE_CAPACITY_AVAIL_SECURITY_MINUS_4,da5bd870243fa0197cda05e57cb667262cafbf6211ff72afe0c1b06720b41654,TASK3_OPERATIONAL_POOLED_V1,CAPACITY_AVAIL_SECURITY_MINUS_4,LOCAL_WINDOW_HPP_BASE,16,300.000000000,342.114473978,401,339,9,32,0,21,62,401,0,0,0,0.920865703,4.947414586,0.076295188,0.536932141,0.997160891,4.985156322,0.000000000,0.000000000,0.000000000,35.815342709,39.803338140,0.799174287,0.725599512,62,0.154613466,42.114473978,true,COMPLETE
1.0,OP_AVAIL_MLE_BASE_CAPACITY_AVAIL_SECURITY_MINUS_4,da5bd870243fa0197cda05e57cb667262cafbf6211ff72afe0c1b06720b41654,TASK3_OPERATIONAL_POOLED_V1,CAPACITY_AVAIL_SECURITY_MINUS_4,LOCAL_WINDOW_HPP_BASE,17,300.000000000,338.937421269,429,371,8,32,0,18,58,429,0,0,0,2.984903061,9.445386197,0.067105403,0.725005625,3.052008464,9.511154988,0.000000000,0.000000000,0.000000000,37.870190282,44.329336806,0.862991165,0.783541185,58,0.135198135,38.937421269,true,COMPLETE
1.0,OP_AVAIL_MLE_BASE_CAPACITY_AVAIL_SECURITY_MINUS_4,da5bd870243fa0197cda05e57cb667262cafbf6211ff72afe0c1b06720b41654,TASK3_OPERATIONAL_POOLED_V1,CAPACITY_AVAIL_SECURITY_MINUS_4,LOCAL_WINDOW_HPP_BASE,18,300.000000000,334.785950482,419,371,0,31,0,17,48,419,0,0,0,2.535964523,7.610577363,0.113283187,0.915820298,2.649247710,7.614976168,0.000000000,0.000000000,0.000000000,37.467429528,42.433157986,0.853326783,0.774766540,48,0.114558473,34.785950482,true,COMPLETE
1.0,OP_AVAIL_MLE_BASE_CAPACITY_AVAIL_SECURITY_MINUS_4,da5bd870243fa0197cda05e57cb667262cafbf6211ff72afe0c1b06720b41654,TASK3_OPERATIONAL_POOLED_V1,CAPACITY_AVAIL_SECURITY_MINUS_4,LOCAL_WINDOW_HPP_BASE,19,300.000000000,349.889878929,445,373,22,32,0,18,72,445,0,0,0,4.068513345,11.741819971,0.090820918,0.608950609,4.159334262,11.741819971,0.000000000,0.000000000,0.000000000,38.977516080,46.560001789,0.867155952,0.787322547,72,0.161797753,49.889878929,true,COMPLETE
1.0,OP_AVAIL_MLE_BASE_CAPACITY_AVAIL_SECURITY_MINUS_4,da5bd870243fa0197cda05e57cb667262cafbf6211ff72afe0c1b06720b41654,TASK3_OPERATIONAL_POOLED_V1,CAPACITY_AVAIL_SECURITY_MINUS_4,LOCAL_WINDOW_HPP_BASE,20,300.000000000,333.821416391,418,368,0,29,0,21,50,418,0,0,0,1.717081545,6.896522727,0.317583102,2.197155901,2.034664646,7.532937919,0.000000000,0.000000000,0.000000000,36.852846464,42.351119737,0.853749897,0.775150701,50,0.119617225,33.821416391,true,COMPLETE
1.0,OP_AVAIL_MLE_BASE_CAPACITY_AVAIL_SECURITY_MINUS_4,da5bd870243fa0197cda05e57cb667262cafbf6211ff72afe0c1b06720b41654,TASK3_OPERATIONAL_POOLED_V1,CAPACITY_AVAIL_SECURITY_MINUS_4,LOCAL_WINDOW_HPP_BASE,21,300.000000000,344.964082096,417,350,17,32,0,18,67,417,0,0,0,3.746724946,10.558345592,0.218911829,1.447685748,3.965636774,10.878867051,0.000000000,0.000000000,0.000000000,38.783818592,45.697048869,0.824196479,0.748318073,67,0.160671463,44.964082096,true,COMPLETE
1.0,OP_AVAIL_MLE_BASE_CAPACITY_AVAIL_SECURITY_MINUS_4,da5bd870243fa0197cda05e57cb667262cafbf6211ff72afe0c1b06720b41654,TASK3_OPERATIONAL_POOLED_V1,CAPACITY_AVAIL_SECURITY_MINUS_4,LOCAL_WINDOW_HPP_BASE,22,300.000000000,334.412573287,410,364,0,29,0,17,46,410,0,0,0,0.825003270,4.211938294,0.095684620,0.922278646,0.920687890,4.599284197,0.000000000,0.000000000,0.000000000,35.738869708,39.417466015,0.835929857,0.758971235,46,0.112195122,34.412573287,true,COMPLETE
1.0,OP_AVAIL_MLE_BASE_CAPACITY_AVAIL_SECURITY_MINUS_4,da5bd870243fa0197cda05e57cb667262cafbf6211ff72afe0c1b06720b41654,TASK3_OPERATIONAL_POOLED_V1,CAPACITY_AVAIL_SECURITY_MINUS_4,LOCAL_WINDOW_HPP_BASE,23,300.000000000,334.747190250,439,388,0,29,1,21,51,439,0,0,0,3.650469516,7.657037061,0.488139969,2.747811801,4.138609485,7.700847016,0.000000000,0.000000000,0.000000000,38.956791303,42.519028834,0.894161895,0.811842228,51,0.116173121,34.747190250,true,COMPLETE
1.0,OP_AVAIL_MLE_BASE_CAPACITY_AVAIL_SECURITY_MINUS_4,da5bd870243fa0197cda05e57cb667262cafbf6211ff72afe0c1b06720b41654,TASK3_OPERATIONAL_POOLED_V1,CAPACITY_AVAIL_SECURITY_MINUS_4,LOCAL_WINDOW_HPP_BASE,24,300.000000000,339.459621168,412,354,7,32,0,19,58,412,0,0,0,0.757132605,4.052251664,0.257684667,1.961281428,1.014817272,4.636780067,0.000000000,0.000000000,0.000000000,35.832999090,39.454961885,0.827518425,0.751334189,58,0.140776699,39.459621168,true,COMPLETE
1.0,OP_AVAIL_MLE_BASE_CAPACITY_AVAIL_SECURITY_MINUS_4,da5bd870243fa0197cda05e57cb667262cafbf6211ff72afe0c1b06720b41654,TASK3_OPERATIONAL_POOLED_V1,CAPACITY_AVAIL_SECURITY_MINUS_4,LOCAL_WINDOW_HPP_BASE,25,300.000000000,338.643240250,424,366,7,32,0,19,58,424,0,0,0,3.011493220,8.531419131,0.139725526,1.087579146,3.151218745,8.683994253,0.000000000,0.000000000,0.000000000,37.969400563,43.502176071,0.853673940,0.775081736,58,0.136792453,38.643240250,true,COMPLETE
1.0,OP_AVAIL_MLE_BASE_CAPACITY_AVAIL_SECURITY_MINUS_4,da5bd870243fa0197cda05e57cb667262cafbf6211ff72afe0c1b06720b41654,TASK3_OPERATIONAL_POOLED_V1,CAPACITY_AVAIL_SECURITY_MINUS_4,LOCAL_WINDOW_HPP_BASE,26,300.000000000,334.010066237,419,371,0,30,0,18,48,419,0,0,0,2.109350673,6.162603367,0.221387072,1.272748075,2.330737744,6.240934277,0.000000000,0.000000000,0.000000000,37.148919562,41.059116095,0.855309007,0.776566273,48,0.114558473,34.010066237,true,COMPLETE
1.0,OP_AVAIL_MLE_BASE_CAPACITY_AVAIL_SECURITY_MINUS_4,da5bd870243fa0197cda05e57cb667262cafbf6211ff72afe0c1b06720b41654,TASK3_OPERATIONAL_POOLED_V1,CAPACITY_AVAIL_SECURITY_MINUS_4,LOCAL_WINDOW_HPP_BASE,27,300.000000000,338.409393290,410,352,6,32,0,20,58,410,0,0,0,1.159803104,4.821264762,0.139071176,0.979047761,1.298874280,5.086785526,0.000000000,0.000000000,0.000000000,36.117056098,39.904967344,0.826057019,0.750007325,58,0.141463415,38.409393290,true,COMPLETE
1.0,OP_AVAIL_MLE_BASE_CAPACITY_AVAIL_SECURITY_MINUS_4,da5bd870243fa0197cda05e57cb667262cafbf6211ff72afe0c1b06720b41654,TASK3_OPERATIONAL_POOLED_V1,CAPACITY_AVAIL_SECURITY_MINUS_4,LOCAL_WINDOW_HPP_BASE,28,300.000000000,338.475902327,392,336,3,32,0,21,56,392,0,0,0,0.785744840,4.471343038,0.173498627,1.137186995,0.959243466,4.721750606,0.000000000,0.000000000,0.000000000,35.777425284,39.539932424,0.789635910,0.716939271,56,0.142857143,38.475902327,true,COMPLETE
1.0,OP_AVAIL_MLE_BASE_CAPACITY_AVAIL_SECURITY_MINUS_4,da5bd870243fa0197cda05e57cb667262cafbf6211ff72afe0c1b06720b41654,TASK3_OPERATIONAL_POOLED_V1,CAPACITY_AVAIL_SECURITY_MINUS_4,LOCAL_WINDOW_HPP_BASE,29,300.000000000,336.659504304,424,368,3,32,0,21,56,424,0,0,0,2.086477541,5.681547686,0.235321044,1.447532989,2.321798585,5.681547686,0.000000000,0.000000000,0.000000000,37.139980403,40.499729504,0.858704137,0.779648835,56,0.132075472,36.659504304,true,COMPLETE
1.0,OP_AVAIL_MLE_BASE_CAPACITY_AVAIL_SECURITY_MINUS_4,da5bd870243fa0197cda05e57cb667262cafbf6211ff72afe0c1b06720b41654,TASK3_OPERATIONAL_POOLED_V1,CAPACITY_AVAIL_SECURITY_MINUS_4,LOCAL_WINDOW_HPP_BASE,30,300.000000000,342.034673593,408,347,9,32,0,20,61,408,0,0,0,1.319923456,5.893750008,0.090376509,0.769818527,1.410299965,5.964129530,0.000000000,0.000000000,0.000000000,36.228481783,40.782311348,0.813314671,0.738438083,61,0.149509804,42.034673593,true,COMPLETE
1.0,OP_AVAIL_MLE_BASE_CAPACITY_AVAIL_SECURITY_MINUS_4,da5bd870243fa0197cda05e57cb667262cafbf6211ff72afe0c1b06720b41654,TASK3_OPERATIONAL_POOLED_V1,CAPACITY_AVAIL_SECURITY_MINUS_4,LOCAL_WINDOW_HPP_BASE,31,300.000000000,339.303413612,425,366,7,32,0,20,59,425,0,0,0,1.805578128,9.221148342,0.077956881,0.538343593,1.883535009,9.294127050,0.000000000,0.000000000,0.000000000,36.701716827,44.112308868,0.854022434,0.775398147,59,0.138823529,39.303413612,true,COMPLETE
1.0,OP_AVAIL_MLE_BASE_CAPACITY_AVAIL_SECURITY_MINUS_4,da5bd870243fa0197cda05e57cb667262cafbf6211ff72afe0c1b06720b41654,TASK3_OPERATIONAL_POOLED_V1,CAPACITY_AVAIL_SECURITY_MINUS_4,LOCAL_WINDOW_HPP_BASE,32,300.000000000,336.069784835,395,341,2,32,0,20,54,395,0,0,0,0.638627729,3.669621770,0.151524324,1.313020802,0.790152052,3.809069148,0.000000000,0.000000000,0.000000000,35.608333870,38.627250966,0.801375768,0.727598316,54,0.136708861,36.069784835,true,COMPLETE
1.0,OP_AVAIL_MLE_BASE_CAPACITY_AVAIL_SECURITY_MINUS_4,da5bd870243fa0197cda05e57cb667262cafbf6211ff72afe0c1b06720b41654,TASK3_OPERATIONAL_POOLED_V1,CAPACITY_AVAIL_SECURITY_MINUS_4,LOCAL_WINDOW_HPP_BASE,33,300.000000000,336.695958027,428,383,0,28,0,17,45,428,0,0,0,1.637201820,5.717550109,0.085853863,0.791111899,1.723055683,5.717550109,0.000000000,0.000000000,0.000000000,36.541237501,40.535731927,0.866711271,0.786918805,45,0.105140187,36.695958027,true,COMPLETE
1.0,OP_AVAIL_MLE_BASE_CAPACITY_AVAIL_SECURITY_MINUS_4,da5bd870243fa0197cda05e57cb667262cafbf6211ff72afe0c1b06720b41654,TASK3_OPERATIONAL_POOLED_V1,CAPACITY_AVAIL_SECURITY_MINUS_4,LOCAL_WINDOW_HPP_BASE,34,300.000000000,342.361326542,426,365,10,32,0,19,61,426,0,0,0,1.041252923,6.173759695,0.121091280,1.099731172,1.162344203,6.173759695,0.000000000,0.000000000,0.000000000,35.980526021,40.991941513,0.848385968,0.770280593,61,0.143192488,42.361326542,true,COMPLETE
1.0,OP_AVAIL_MLE_BASE_CAPACITY_AVAIL_SECURITY_MINUS_4,da5bd870243fa0197cda05e57cb667262cafbf6211ff72afe0c1b06720b41654,TASK3_OPERATIONAL_POOLED_V1,CAPACITY_AVAIL_SECURITY_MINUS_4,LOCAL_WINDOW_HPP_BASE,35,300.000000000,348.469733894,451,378,22,32,0,19,73,451,0,0,0,2.847960847,9.275856223,0.172328839,1.232083890,3.020289686,9.275856223,0.000000000,0.000000000,0.000000000,37.838471504,44.094038041,0.882429577,0.801190029,73,0.161862528,48.469733894,true,COMPLETE
1.0,OP_AVAIL_MLE_BASE_CAPACITY_AVAIL_SECURITY_MINUS_4,da5bd870243fa0197cda05e57cb667262cafbf6211ff72afe0c1b06720b41654,TASK3_OPERATIONAL_POOLED_V1,CAPACITY_AVAIL_SECURITY_MINUS_4,LOCAL_WINDOW_HPP_BASE,36,300.000000000,335.262134136,414,369,0,32,0,13,45,414,0,0,0,0.628148262,3.085504696,0.079127178,0.546144077,0.707275440,3.313218658,0.000000000,0.000000000,0.000000000,35.525457258,38.131400476,0.841946341,0.764433821,45,0.108695652,35.262134136,true,COMPLETE
1.0,OP_AVAIL_MLE_BASE_CAPACITY_AVAIL_SECURITY_MINUS_4,da5bd870243fa0197cda05e57cb667262cafbf6211ff72afe0c1b06720b41654,TASK3_OPERATIONAL_POOLED_V1,CAPACITY_AVAIL_SECURITY_MINUS_4,LOCAL_WINDOW_HPP_BASE,37,300.000000000,335.001619793,408,354,0,32,1,21,54,408,0,0,0,1.404767225,6.333317522,0.071844840,0.561726321,1.476612065,6.333317522,0.000000000,0.000000000,0.000000000,36.294793883,41.151499340,0.830389472,0.753940917,54,0.132352941,35.001619793,true,COMPLETE
1.0,OP_AVAIL_MLE_BASE_CAPACITY_AVAIL_SECURITY_MINUS_4,da5bd870243fa0197cda05e57cb667262cafbf6211ff72afe0c1b06720b41654,TASK3_OPERATIONAL_POOLED_V1,CAPACITY_AVAIL_SECURITY_MINUS_4,LOCAL_WINDOW_HPP_BASE,38,300.000000000,334.203534405,406,362,0,23,0,21,44,406,0,0,0,0.625228558,3.339204354,0.074856918,0.467565693,0.700085475,3.375714939,0.000000000,0.000000000,0.000000000,35.518267293,38.193896757,0.828292203,0.752036730,44,0.108374384,34.203534405,true,COMPLETE
1.0,OP_AVAIL_MLE_BASE_CAPACITY_AVAIL_SECURITY_MINUS_4,da5bd870243fa0197cda05e57cb667262cafbf6211ff72afe0c1b06720b41654,TASK3_OPERATIONAL_POOLED_V1,CAPACITY_AVAIL_SECURITY_MINUS_4,LOCAL_WINDOW_HPP_BASE,39,300.000000000,345.214385693,388,323,10,32,2,21,65,388,0,0,0,1.099670165,6.021489412,0.208989080,1.709258565,1.308659245,6.646838817,0.000000000,0.000000000,0.000000000,36.126841063,41.465020635,0.766322220,0.695771921,65,0.167525773,45.214385693,true,COMPLETE
1.0,OP_AVAIL_MLE_BASE_CAPACITY_AVAIL_SECURITY_MINUS_4,da5bd870243fa0197cda05e57cb667262cafbf6211ff72afe0c1b06720b41654,TASK3_OPERATIONAL_POOLED_V1,CAPACITY_AVAIL_SECURITY_MINUS_4,LOCAL_WINDOW_HPP_BASE,40,300.000000000,337.425824529,399,343,7,32,0,17,56,399,0,0,0,0.636543338,4.222144805,0.192526952,1.563118062,0.829070290,4.222144805,0.000000000,0.000000000,0.000000000,35.647252108,39.040326623,0.806237800,0.732012733,56,0.140350877,37.425824529,true,COMPLETE
1.0,OP_AVAIL_MLE_BASE_CAPACITY_AVAIL_SECURITY_MINUS_4,da5bd870243fa0197cda05e57cb667262cafbf6211ff72afe0c1b06720b41654,TASK3_OPERATIONAL_POOLED_V1,CAPACITY_AVAIL_SECURITY_MINUS_4,LOCAL_WINDOW_HPP_BASE,41,300.000000000,334.367218497,416,371,0,27,0,18,45,416,0,0,0,2.083246635,7.633784827,0.183391897,1.250358338,2.266638531,7.925625958,0.000000000,0.000000000,0.000000000,37.084820349,42.743807776,0.848278025,0.770182588,45,0.108173077,34.367218497,true,COMPLETE
1.0,OP_AVAIL_MLE_BASE_CAPACITY_AVAIL_SECURITY_MINUS_4,da5bd870243fa0197cda05e57cb667262cafbf6211ff72afe0c1b06720b41654,TASK3_OPERATIONAL_POOLED_V1,CAPACITY_AVAIL_SECURITY_MINUS_4,LOCAL_WINDOW_HPP_BASE,42,300.000000000,341.251730791,403,346,7,32,0,18,57,403,0,0,0,2.240454231,11.167110949,0.141601415,1.019924501,2.382055646,12.208978997,0.000000000,0.000000000,0.000000000,37.200237464,47.027160815,0.805190721,0.731062052,57,0.141439206,41.251730791,true,COMPLETE
1.0,OP_AVAIL_MLE_BASE_CAPACITY_AVAIL_SECURITY_MINUS_4,da5bd870243fa0197cda05e57cb667262cafbf6211ff72afe0c1b06720b41654,TASK3_OPERATIONAL_POOLED_V1,CAPACITY_AVAIL_SECURITY_MINUS_4,LOCAL_WINDOW_HPP_BASE,43,300.000000000,336.489486448,407,353,2,32,0,20,54,407,0,0,0,1.672691072,5.932785239,0.042191292,0.166230407,1.714882364,6.065705475,0.000000000,0.000000000,0.000000000,36.533064182,40.883887293,0.824691443,0.748767469,54,0.132678133,36.489486448,true,COMPLETE
1.0,OP_AVAIL_MLE_BASE_CAPACITY_AVAIL_SECURITY_MINUS_4,da5bd870243fa0197cda05e57cb667262cafbf6211ff72afe0c1b06720b41654,TASK3_OPERATIONAL_POOLED_V1,CAPACITY_AVAIL_SECURITY_MINUS_4,LOCAL_WINDOW_HPP_BASE,44,300.000000000,333.476554778,366,324,0,31,0,11,42,366,0,0,0,0.065107361,0.240461160,0.053456163,0.373368165,0.118563525,1.051746748,0.000000000,0.000000000,0.000000000,34.936745343,35.869928566,0.748314839,0.679422362,42,0.114754098,33.476554778,true,COMPLETE
1.0,OP_AVAIL_MLE_BASE_CAPACITY_AVAIL_SECURITY_MINUS_4,da5bd870243fa0197cda05e57cb667262cafbf6211ff72afe0c1b06720b41654,TASK3_OPERATIONAL_POOLED_V1,CAPACITY_AVAIL_SECURITY_MINUS_4,LOCAL_WINDOW_HPP_BASE,45,300.000000000,333.751947751,399,349,0,29,0,21,50,399,0,0,0,0.487951655,3.816795543,0.099894081,0.881050441,0.587845736,3.816795543,0.000000000,0.000000000,0.000000000,35.406027554,38.634977361,0.815112710,0.740070587,50,0.125313283,33.751947751,true,COMPLETE
1.0,OP_AVAIL_MLE_BASE_CAPACITY_AVAIL_SECURITY_MINUS_4,da5bd870243fa0197cda05e57cb667262cafbf6211ff72afe0c1b06720b41654,TASK3_OPERATIONAL_POOLED_V1,CAPACITY_AVAIL_SECURITY_MINUS_4,LOCAL_WINDOW_HPP_BASE,46,300.000000000,350.678129901,452,379,22,32,0,19,73,452,0,0,0,6.583948267,17.920993535,0.067467471,0.344029150,6.651415738,17.920993535,0.000000000,0.000000000,0.000000000,41.469597556,52.739175353,0.878816761,0.797909821,73,0.161504425,50.678129901,true,COMPLETE
1.0,OP_AVAIL_MLE_BASE_CAPACITY_AVAIL_SECURITY_MINUS_4,da5bd870243fa0197cda05e57cb667262cafbf6211ff72afe0c1b06720b41654,TASK3_OPERATIONAL_POOLED_V1,CAPACITY_AVAIL_SECURITY_MINUS_4,LOCAL_WINDOW_HPP_BASE,47,300.000000000,334.574566537,385,347,0,24,0,14,38,385,0,0,0,0.275100169,1.884005195,0.100430052,0.634518303,0.375530221,2.226624898,0.000000000,0.000000000,0.000000000,35.193712039,37.044806716,0.784578465,0.712347432,38,0.098701299,34.574566537,true,COMPLETE
1.0,OP_AVAIL_MLE_BASE_CAPACITY_AVAIL_SECURITY_MINUS_4,da5bd870243fa0197cda05e57cb667262cafbf6211ff72afe0c1b06720b41654,TASK3_OPERATIONAL_POOLED_V1,CAPACITY_AVAIL_SECURITY_MINUS_4,LOCAL_WINDOW_HPP_BASE,48,300.000000000,335.696776980,416,364,3,32,0,17,52,416,0,0,0,2.400965833,9.815289543,0.200464630,1.563020059,2.601430463,10.469449340,0.000000000,0.000000000,0.000000000,37.419612281,45.287631158,0.844918340,0.767132207,52,0.125000000,35.696776980,true,COMPLETE
1.0,OP_AVAIL_MLE_BASE_CAPACITY_AVAIL_SECURITY_MINUS_4,da5bd870243fa0197cda05e57cb667262cafbf6211ff72afe0c1b06720b41654,TASK3_OPERATIONAL_POOLED_V1,CAPACITY_AVAIL_SECURITY_MINUS_4,LOCAL_WINDOW_HPP_BASE,49,300.000000000,334.868020176,423,370,2,32,0,19,53,423,0,0,0,3.053276964,8.138600894,0.295506663,2.011274015,3.348783627,8.216749611,0.000000000,0.000000000,0.000000000,38.166965445,43.034931429,0.861261970,0.781971186,53,0.125295508,34.868020176,true,COMPLETE
1.0,OP_AVAIL_MLE_BASE_CAPACITY_AVAIL_SECURITY_MINUS_4,da5bd870243fa0197cda05e57cb667262cafbf6211ff72afe0c1b06720b41654,TASK3_OPERATIONAL_POOLED_V1,CAPACITY_AVAIL_SECURITY_MINUS_4,LOCAL_WINDOW_HPP_BASE,50,300.000000000,338.746081835,414,355,3,32,3,21,59,414,0,0,0,1.685562823,6.904520208,0.366530645,2.353883522,2.052093468,7.161220405,0.000000000,0.000000000,0.000000000,36.870275286,41.979402223,0.833287062,0.756571745,59,0.142512077,38.746081835,true,COMPLETE
1.0,OP_AVAIL_EXACT95_HIGH_CAPACITY_AVAIL_SECURITY_MINUS_4,589b062d9b0bda26fb40ffbf1e6daee79255a17de3ea358d1917d113d2f4d80a,TASK3_OPERATIONAL_POOLED_V1,CAPACITY_AVAIL_SECURITY_MINUS_4,LOCAL_WINDOW_HPP_EXACT95_HIGH,1,300.000000000,424.638741127,564,382,132,32,0,18,182,564,0,0,0,42.762498425,83.964956845,0.341727501,2.175625922,43.104225927,84.078558709,0.000000000,0.000000000,0.000000000,77.922407745,118.896740527,0.905582598,0.822211502,182,0.322695035,124.638741127,true,COMPLETE
1.0,OP_AVAIL_EXACT95_HIGH_CAPACITY_AVAIL_SECURITY_MINUS_4,589b062d9b0bda26fb40ffbf1e6daee79255a17de3ea358d1917d113d2f4d80a,TASK3_OPERATIONAL_POOLED_V1,CAPACITY_AVAIL_SECURITY_MINUS_4,LOCAL_WINDOW_HPP_EXACT95_HIGH,2,300.000000000,435.708708758,593,390,146,32,4,21,203,593,0,0,0,51.144585145,100.620703929,0.903644866,3.514596429,52.048230011,101.657519656,0.000000000,0.000000000,0.000000000,86.866411829,136.475701474,0.927955246,0.842524445,203,0.342327150,135.708708758,true,COMPLETE
1.0,OP_AVAIL_EXACT95_HIGH_CAPACITY_AVAIL_SECURITY_MINUS_4,589b062d9b0bda26fb40ffbf1e6daee79255a17de3ea358d1917d113d2f4d80a,TASK3_OPERATIONAL_POOLED_V1,CAPACITY_AVAIL_SECURITY_MINUS_4,LOCAL_WINDOW_HPP_EXACT95_HIGH,3,300.000000000,452.472983083,617,394,169,32,1,21,223,617,0,0,0,50.662770755,110.069059891,1.742035419,5.257884308,52.404806174,111.184849354,0.000000000,0.000000000,0.000000000,87.222987992,146.003031172,0.929739087,0.844144060,223,0.361426256,152.472983083,true,COMPLETE
1.0,OP_AVAIL_EXACT95_HIGH_CAPACITY_AVAIL_SECURITY_MINUS_4,589b062d9b0bda26fb40ffbf1e6daee79255a17de3ea358d1917d113d2f4d80a,TASK3_OPERATIONAL_POOLED_V1,CAPACITY_AVAIL_SECURITY_MINUS_4,LOCAL_WINDOW_HPP_EXACT95_HIGH,4,300.000000000,413.768590615,562,390,114,32,5,21,172,562,0,0,0,36.612887358,71.235953369,2.126929363,6.042096504,38.739816720,72.887796634,0.000000000,0.000000000,0.000000000,73.557998538,107.705978452,0.926077587,0.840819651,172,0.306049822,113.768590615,true,COMPLETE
1.0,OP_AVAIL_EXACT95_HIGH_CAPACITY_AVAIL_SECURITY_MINUS_4,589b062d9b0bda26fb40ffbf1e6daee79255a17de3ea358d1917d113d2f4d80a,TASK3_OPERATIONAL_POOLED_V1,CAPACITY_AVAIL_SECURITY_MINUS_4,LOCAL_WINDOW_HPP_EXACT95_HIGH,5,300.000000000,436.585321978,591,389,146,32,3,21,202,591,0,0,0,47.776739207,95.848845455,0.576583225,2.714097923,48.353322432,96.776845206,0.000000000,0.000000000,0.000000000,83.171504250,131.595027024,0.922968605,0.837996892,202,0.341793570,136.585321978,true,COMPLETE
1.0,OP_AVAIL_EXACT95_HIGH_CAPACITY_AVAIL_SECURITY_MINUS_4,589b062d9b0bda26fb40ffbf1e6daee79255a17de3ea358d1917d113d2f4d80a,TASK3_OPERATIONAL_POOLED_V1,CAPACITY_AVAIL_SECURITY_MINUS_4,LOCAL_WINDOW_HPP_EXACT95_HIGH,6,300.000000000,422.393865704,571,389,123,32,6,21,182,571,0,0,0,40.884261009,80.467731400,1.938232554,5.752651494,42.822493563,82.612741577,0.000000000,0.000000000,0.000000000,77.640675381,117.430923395,0.921694687,0.836840255,182,0.318739054,122.393865704,true,COMPLETE
1.0,OP_AVAIL_EXACT95_HIGH_CAPACITY_AVAIL_SECURITY_MINUS_4,589b062d9b0bda26fb40ffbf1e6daee79255a17de3ea358d1917d113d2f4d80a,TASK3_OPERATIONAL_POOLED_V1,CAPACITY_AVAIL_SECURITY_MINUS_4,LOCAL_WINDOW_HPP_EXACT95_HIGH,7,300.000000000,425.571399751,574,389,126,32,6,21,185,574,0,0,0,40.816749387,83.047256619,1.486979032,5.894037959,42.303728420,83.320016112,0.000000000,0.000000000,0.000000000,77.121910238,118.138197930,0.919619215,0.834955858,185,0.322299652,125.571399751,true,COMPLETE
1.0,OP_AVAIL_EXACT95_HIGH_CAPACITY_AVAIL_SECURITY_MINUS_4,589b062d9b0bda26fb40ffbf1e6daee79255a17de3ea358d1917d113d2f4d80a,TASK3_OPERATIONAL_POOLED_V1,CAPACITY_AVAIL_SECURITY_MINUS_4,LOCAL_WINDOW_HPP_EXACT95_HIGH,8,300.000000000,412.532361979,559,391,111,32,4,21,168,559,0,0,0,39.996570074,74.341876244,1.004143102,3.690105150,41.000713176,76.308408187,0.000000000,0.000000000,0.000000000,75.818894994,111.126590005,0.923894460,0.838837509,168,0.300536673,112.532361979,true,COMPLETE
1.0,OP_AVAIL_EXACT95_HIGH_CAPACITY_AVAIL_SECURITY_MINUS_4,589b062d9b0bda26fb40ffbf1e6daee79255a17de3ea358d1917d113d2f4d80a,TASK3_OPERATIONAL_POOLED_V1,CAPACITY_AVAIL_SECURITY_MINUS_4,LOCAL_WINDOW_HPP_EXACT95_HIGH,9,300.000000000,452.223219599,612,388,169,32,2,21,224,612,0,0,0,52.512723056,111.102821009,0.630053790,3.186740016,53.142776846,111.442057398,0.000000000,0.000000000,0.000000000,87.960958664,146.260239216,0.922714069,0.837765790,224,0.366013072,152.223219599,true,COMPLETE
1.0,OP_AVAIL_EXACT95_HIGH_CAPACITY_AVAIL_SECURITY_MINUS_4,589b062d9b0bda26fb40ffbf1e6daee79255a17de3ea358d1917d113d2f4d80a,TASK3_OPERATIONAL_POOLED_V1,CAPACITY_AVAIL_SECURITY_MINUS_4,LOCAL_WINDOW_HPP_EXACT95_HIGH,10,300.000000000,411.973776764,560,394,112,32,1,21,166,560,0,0,0,41.795117523,72.781674928,4.253541052,10.131643100,46.048658575,75.270723518,0.000000000,0.000000000,0.000000000,80.866840393,110.088905336,0.926802149,0.841477507,166,0.296428571,111.973776764,true,COMPLETE
1.0,OP_AVAIL_EXACT95_HIGH_CAPACITY_AVAIL_SECURITY_MINUS_4,589b062d9b0bda26fb40ffbf1e6daee79255a17de3ea358d1917d113d2f4d80a,TASK3_OPERATIONAL_POOLED_V1,CAPACITY_AVAIL_SECURITY_MINUS_4,LOCAL_WINDOW_HPP_EXACT95_HIGH,11,300.000000000,397.915967222,534,390,86,32,5,21,144,534,0,0,0,35.967202717,61.621490068,1.557948861,4.807231538,37.525151578,63.877646004,0.000000000,0.000000000,0.000000000,72.343333396,98.695827822,0.914994469,0.830756883,144,0.269662921,97.915967222,true,COMPLETE
1.0,OP_AVAIL_EXACT95_HIGH_CAPACITY_AVAIL_SECURITY_MINUS_4,589b062d9b0bda26fb40ffbf1e6daee79255a17de3ea358d1917d113d2f4d80a,TASK3_OPERATIONAL_POOLED_V1,CAPACITY_AVAIL_SECURITY_MINUS_4,LOCAL_WINDOW_HPP_EXACT95_HIGH,12,300.000000000,428.567277948,577,391,129,32,4,21,186,577,0,0,0,49.045063376,87.888954537,1.162087214,3.746331609,50.207150590,87.948094348,0.000000000,0.000000000,0.000000000,85.025332408,122.766276166,0.917963436,0.833452516,186,0.322357019,128.567277948,true,COMPLETE
1.0,OP_AVAIL_EXACT95_HIGH_CAPACITY_AVAIL_SECURITY_MINUS_4,589b062d9b0bda26fb40ffbf1e6daee79255a17de3ea358d1917d113d2f4d80a,TASK3_OPERATIONAL_POOLED_V1,CAPACITY_AVAIL_SECURITY_MINUS_4,LOCAL_WINDOW_HPP_EXACT95_HIGH,13,300.000000000,437.553049640,594,388,152,32,1,21,206,594,0,0,0,49.314321704,99.317214627,0.276117731,1.140530628,49.590439435,99.558014161,0.000000000,0.000000000,0.000000000,84.408621253,134.376195979,0.925602051,0.840387894,206,0.346801347,137.553049640,true,COMPLETE
1.0,OP_AVAIL_EXACT95_HIGH_CAPACITY_AVAIL_SECURITY_MINUS_4,589b062d9b0bda26fb40ffbf1e6daee79255a17de3ea358d1917d113d2f4d80a,TASK3_OPERATIONAL_POOLED_V1,CAPACITY_AVAIL_SECURITY_MINUS_4,LOCAL_WINDOW_HPP_EXACT95_HIGH,14,300.000000000,428.563337446,577,387,133,32,4,21,190,577,0,0,0,38.884504343,84.825675520,0.636921905,2.211215148,39.521426248,85.056721117,0.000000000,0.000000000,0.000000000,74.339608066,119.874902935,0.917971876,0.833460180,190,0.329289428,128.563337446,true,COMPLETE
1.0,OP_AVAIL_EXACT95_HIGH_CAPACITY_AVAIL_SECURITY_MINUS_4,589b062d9b0bda26fb40ffbf1e6daee79255a17de3ea358d1917d113d2f4d80a,TASK3_OPERATIONAL_POOLED_V1,CAPACITY_AVAIL_SECURITY_MINUS_4,LOCAL_WINDOW_HPP_EXACT95_HIGH,15,300.000000000,443.640759903,604,391,156,32,4,21,213,604,0,0,0,56.215564310,103.944112295,0.936112130,3.131378295,57.151676441,106.841383964,0.000000000,0.000000000,0.000000000,91.969858259,141.659565782,0.928269490,0.842809759,213,0.352649007,143.640759903,true,COMPLETE
1.0,OP_AVAIL_EXACT95_HIGH_CAPACITY_AVAIL_SECURITY_MINUS_4,589b062d9b0bda26fb40ffbf1e6daee79255a17de3ea358d1917d113d2f4d80a,TASK3_OPERATIONAL_POOLED_V1,CAPACITY_AVAIL_SECURITY_MINUS_4,LOCAL_WINDOW_HPP_EXACT95_HIGH,16,300.000000000,409.860597643,549,386,108,32,2,21,163,549,0,0,0,33.083632782,71.623540234,0.223205256,0.991063089,33.306838038,71.670337446,0.000000000,0.000000000,0.000000000,68.125019856,106.488519264,0.913281696,0.829201794,163,0.296903461,109.860597643,true,COMPLETE
1.0,OP_AVAIL_EXACT95_HIGH_CAPACITY_AVAIL_SECURITY_MINUS_4,589b062d9b0bda26fb40ffbf1e6daee79255a17de3ea358d1917d113d2f4d80a,TASK3_OPERATIONAL_POOLED_V1,CAPACITY_AVAIL_SECURITY_MINUS_4,LOCAL_WINDOW_HPP_EXACT95_HIGH,17,300.000000000,408.513690990,550,390,109,32,0,19,160,550,0,0,0,37.872465803,73.005633123,0.260595858,1.597183199,38.133061661,73.141386934,0.000000000,0.000000000,0.000000000,72.951243479,107.959568752,0.917961890,0.833451113,160,0.290909091,108.513690990,true,COMPLETE
1.0,OP_AVAIL_EXACT95_HIGH_CAPACITY_AVAIL_SECURITY_MINUS_4,589b062d9b0bda26fb40ffbf1e6daee79255a17de3ea358d1917d113d2f4d80a,TASK3_OPERATIONAL_POOLED_V1,CAPACITY_AVAIL_SECURITY_MINUS_4,LOCAL_WINDOW_HPP_EXACT95_HIGH,18,300.000000000,441.952592029,598,388,152,32,5,21,210,598,0,0,0,44.070007177,97.278492257,0.980115107,4.038509677,45.050122284,98.011032794,0.000000000,0.000000000,0.000000000,79.868304102,132.829214612,0.922558845,0.837624856,210,0.351170569,141.952592029,true,COMPLETE
1.0,OP_AVAIL_EXACT95_HIGH_CAPACITY_AVAIL_SECURITY_MINUS_4,589b062d9b0bda26fb40ffbf1e6daee79255a17de3ea358d1917d113d2f4d80a,TASK3_OPERATIONAL_POOLED_V1,CAPACITY_AVAIL_SECURITY_MINUS_4,LOCAL_WINDOW_HPP_EXACT95_HIGH,19,300.000000000,410.360422144,550,388,106,32,3,21,162,550,0,0,0,32.768466740,67.427863379,0.636685369,2.561881094,33.405152110,67.427863379,0.000000000,0.000000000,0.000000000,68.223333928,102.246045197,0.913830817,0.829700361,162,0.294545455,110.360422144,true,COMPLETE
1.0,OP_AVAIL_EXACT95_HIGH_CAPACITY_AVAIL_SECURITY_MINUS_4,589b062d9b0bda26fb40ffbf1e6daee79255a17de3ea358d1917d113d2f4d80a,TASK3_OPERATIONAL_POOLED_V1,CAPACITY_AVAIL_SECURITY_MINUS_4,LOCAL_WINDOW_HPP_EXACT95_HIGH,20,300.000000000,429.487499600,581,390,139,32,0,20,191,581,0,0,0,35.707424458,87.333475957,0.240527559,1.414616703,35.947952017,87.333475957,0.000000000,0.000000000,0.000000000,70.766133835,122.151657775,0.922346667,0.837432212,191,0.328743546,129.487499600,true,COMPLETE
1.0,OP_AVAIL_EXACT95_HIGH_CAPACITY_AVAIL_SECURITY_MINUS_4,589b062d9b0bda26fb40ffbf1e6daee79255a17de3ea358d1917d113d2f4d80a,TASK3_OPERATIONAL_POOLED_V1,CAPACITY_AVAIL_SECURITY_MINUS_4,LOCAL_WINDOW_HPP_EXACT95_HIGH,21,300.000000000,412.194493258,556,389,112,32,2,21,167,556,0,0,0,34.581572423,70.175426861,0.465104467,1.463997388,35.046676890,70.175426861,0.000000000,0.000000000,0.000000000,69.864858708,104.993608679,0.919689407,0.835019589,167,0.300359712,112.194493258,true,COMPLETE
1.0,OP_AVAIL_EXACT95_HIGH_CAPACITY_AVAIL_SECURITY_MINUS_4,589b062d9b0bda26fb40ffbf1e6daee79255a17de3ea358d1917d113d2f4d80a,TASK3_OPERATIONAL_POOLED_V1,CAPACITY_AVAIL_SECURITY_MINUS_4,LOCAL_WINDOW_HPP_EXACT95_HIGH,22,300.000000000,399.467878938,537,388,92,32,4,21,149,537,0,0,0,33.528782566,62.170099127,1.003220256,4.738670141,34.532002821,63.945575531,0.000000000,0.000000000,0.000000000,69.350184639,98.763757349,0.916560212,0.832178478,149,0.277467412,99.467878938,true,COMPLETE
1.0,OP_AVAIL_EXACT95_HIGH_CAPACITY_AVAIL_SECURITY_MINUS_4,589b062d9b0bda26fb40ffbf1e6daee79255a17de3ea358d1917d113d2f4d80a,TASK3_OPERATIONAL_POOLED_V1,CAPACITY_AVAIL_SECURITY_MINUS_4,LOCAL_WINDOW_HPP_EXACT95_HIGH,23,300.000000000,426.829803489,576,387,136,32,0,21,189,576,0,0,0,39.636217580,89.035254958,0.255843963,1.342666016,39.892061543,89.127190839,0.000000000,0.000000000,0.000000000,74.710243361,123.945372657,0.920102742,0.835394871,189,0.328125000,126.829803489,true,COMPLETE
1.0,OP_AVAIL_EXACT95_HIGH_CAPACITY_AVAIL_SECURITY_MINUS_4,589b062d9b0bda26fb40ffbf1e6daee79255a17de3ea358d1917d113d2f4d80a,TASK3_OPERATIONAL_POOLED_V1,CAPACITY_AVAIL_SECURITY_MINUS_4,LOCAL_WINDOW_HPP_EXACT95_HIGH,24,300.000000000,415.540981746,565,389,117,32,6,21,176,565,0,0,0,42.499453178,77.721651973,1.390410735,4.377852779,43.889863913,78.130195716,0.000000000,0.000000000,0.000000000,78.708045731,112.948377534,0.927050013,0.841702552,176,0.311504425,115.540981746,true,COMPLETE
1.0,OP_AVAIL_EXACT95_HIGH_CAPACITY_AVAIL_SECURITY_MINUS_4,589b062d9b0bda26fb40ffbf1e6daee79255a17de3ea358d1917d113d2f4d80a,TASK3_OPERATIONAL_POOLED_V1,CAPACITY_AVAIL_SECURITY_MINUS_4,LOCAL_WINDOW_HPP_EXACT95_HIGH,25,300.000000000,394.389143757,530,390,85,32,2,21,140,530,0,0,0,30.134035196,56.982953181,0.703911912,3.403932735,30.837947108,57.881447794,0.000000000,0.000000000,0.000000000,65.656128926,92.699629612,0.916261621,0.831907377,140,0.264150943,94.389143757,true,COMPLETE
1.0,OP_AVAIL_EXACT95_HIGH_CAPACITY_AVAIL_SECURITY_MINUS_4,589b062d9b0bda26fb40ffbf1e6daee79255a17de3ea358d1917d113d2f4d80a,TASK3_OPERATIONAL_POOLED_V1,CAPACITY_AVAIL_SECURITY_MINUS_4,LOCAL_WINDOW_HPP_EXACT95_HIGH,26,300.000000000,431.667153766,582,386,134,32,9,21,196,582,0,0,0,51.375330283,88.752008605,2.080141220,7.015826741,53.455471502,91.499239147,0.000000000,0.000000000,0.000000000,88.273653320,126.317420965,0.919268882,0.834637779,196,0.336769759,131.667153766,true,COMPLETE
1.0,OP_AVAIL_EXACT95_HIGH_CAPACITY_AVAIL_SECURITY_MINUS_4,589b062d9b0bda26fb40ffbf1e6daee79255a17de3ea358d1917d113d2f4d80a,TASK3_OPERATIONAL_POOLED_V1,CAPACITY_AVAIL_SECURITY_MINUS_4,LOCAL_WINDOW_HPP_EXACT95_HIGH,27,300.000000000,418.184285192,563,389,122,32,0,20,174,563,0,0,0,43.755595047,76.982463771,0.068823259,0.081247153,43.824418305,76.982463771,0.000000000,0.000000000,0.000000000,78.642600123,111.800645589,0.917929367,0.833421584,174,0.309058615,118.184285192,true,COMPLETE
1.0,OP_AVAIL_EXACT95_HIGH_CAPACITY_AVAIL_SECURITY_MINUS_4,589b062d9b0bda26fb40ffbf1e6daee79255a17de3ea358d1917d113d2f4d80a,TASK3_OPERATIONAL_POOLED_V1,CAPACITY_AVAIL_SECURITY_MINUS_4,LOCAL_WINDOW_HPP_EXACT95_HIGH,28,300.000000000,423.422085884,575,389,131,32,2,21,186,575,0,0,0,37.321489793,85.489410831,0.584358662,3.006517255,37.905848455,85.807469814,0.000000000,0.000000000,0.000000000,72.724030273,120.625651632,0.925897509,0.840656151,186,0.323478261,123.422085884,true,COMPLETE
1.0,OP_AVAIL_EXACT95_HIGH_CAPACITY_AVAIL_SECURITY_MINUS_4,589b062d9b0bda26fb40ffbf1e6daee79255a17de3ea358d1917d113d2f4d80a,TASK3_OPERATIONAL_POOLED_V1,CAPACITY_AVAIL_SECURITY_MINUS_4,LOCAL_WINDOW_HPP_EXACT95_HIGH,29,300.000000000,385.369708367,513,387,72,32,1,21,126,513,0,0,0,28.137242254,49.836119783,0.231739046,1.469071042,28.368981300,50.248729497,0.000000000,0.000000000,0.000000000,63.187163118,85.066911315,0.907629011,0.824069515,126,0.245614035,85.369708367,true,COMPLETE
1.0,OP_AVAIL_EXACT95_HIGH_CAPACITY_AVAIL_SECURITY_MINUS_4,589b062d9b0bda26fb40ffbf1e6daee79255a17de3ea358d1917d113d2f4d80a,TASK3_OPERATIONAL_POOLED_V1,CAPACITY_AVAIL_SECURITY_MINUS_4,LOCAL_WINDOW_HPP_EXACT95_HIGH,30,300.000000000,437.136560985,591,391,151,32,0,17,200,591,0,0,0,46.420239608,96.171259490,0.148462964,0.985958134,46.568702572,96.171259490,0.000000000,0.000000000,0.000000000,81.386884390,130.989441308,0.921804721,0.836940159,200,0.338409475,137.136560985,true,COMPLETE
1.0,OP_AVAIL_EXACT95_HIGH_CAPACITY_AVAIL_SECURITY_MINUS_4,589b062d9b0bda26fb40ffbf1e6daee79255a17de3ea358d1917d113d2f4d80a,TASK3_OPERATIONAL_POOLED_V1,CAPACITY_AVAIL_SECURITY_MINUS_4,LOCAL_WINDOW_HPP_EXACT95_HIGH,31,300.000000000,444.686093441,606,388,158,32,7,21,218,606,0,0,0,55.094703829,103.872889878,1.800470882,5.437545221,56.895174710,106.130660398,0.000000000,0.000000000,0.000000000,91.713356528,140.948842216,0.929153900,0.843612748,218,0.359735974,144.686093441,true,COMPLETE
1.0,OP_AVAIL_EXACT95_HIGH_CAPACITY_AVAIL_SECURITY_MINUS_4,589b062d9b0bda26fb40ffbf1e6daee79255a17de3ea358d1917d113d2f4d80a,TASK3_OPERATIONAL_POOLED_V1,CAPACITY_AVAIL_SECURITY_MINUS_4,LOCAL_WINDOW_HPP_EXACT95_HIGH,32,300.000000000,409.920496582,551,389,103,32,6,21,162,551,0,0,0,39.540531906,69.032323148,1.756169119,5.505012518,41.296701025,70.506730554,0.000000000,0.000000000,0.000000000,76.114882843,105.324912372,0.916474832,0.832100958,162,0.294010889,109.920496582,true,COMPLETE
1.0,OP_AVAIL_EXACT95_HIGH_CAPACITY_AVAIL_SECURITY_MINUS_4,589b062d9b0bda26fb40ffbf1e6daee79255a17de3ea358d1917d113d2f4d80a,TASK3_OPERATIONAL_POOLED_V1,CAPACITY_AVAIL_SECURITY_MINUS_4,LOCAL_WINDOW_HPP_EXACT95_HIGH,33,300.000000000,423.057935644,573,389,130,32,1,21,184,573,0,0,0,39.665772268,85.658009001,0.562447018,2.858014696,40.228219287,85.658009001,0.000000000,0.000000000,0.000000000,75.046401105,120.476190819,0.923471197,0.838453214,184,0.321116928,123.057935644,true,COMPLETE
1.0,OP_AVAIL_EXACT95_HIGH_CAPACITY_AVAIL_SECURITY_MINUS_4,589b062d9b0bda26fb40ffbf1e6daee79255a17de3ea358d1917d113d2f4d80a,TASK3_OPERATIONAL_POOLED_V1,CAPACITY_AVAIL_SECURITY_MINUS_4,LOCAL_WINDOW_HPP_EXACT95_HIGH,34,300.000000000,433.855449211,587,388,139,32,7,21,199,587,0,0,0,47.771710646,94.087558582,1.503304869,4.462814623,49.275015515,95.479567189,0.000000000,0.000000000,0.000000000,84.093197333,130.297749007,0.922489906,0.837562264,199,0.339011925,133.855449211,true,COMPLETE
1.0,OP_AVAIL_EXACT95_HIGH_CAPACITY_AVAIL_SECURITY_MINUS_4,589b062d9b0bda26fb40ffbf1e6daee79255a17de3ea358d1917d113d2f4d80a,TASK3_OPERATIONAL_POOLED_V1,CAPACITY_AVAIL_SECURITY_MINUS_4,LOCAL_WINDOW_HPP_EXACT95_HIGH,35,300.000000000,408.152416432,548,391,102,32,2,21,157,548,0,0,0,30.768388468,67.294854515,0.752649368,2.848660407,31.521037836,67.409681427,0.000000000,0.000000000,0.000000000,66.339219654,102.227863245,0.915433423,0.831155425,157,0.286496350,108.152416432,true,COMPLETE
1.0,OP_AVAIL_EXACT95_HIGH_CAPACITY_AVAIL_SECURITY_MINUS_4,589b062d9b0bda26fb40ffbf1e6daee79255a17de3ea358d1917d113d2f4d80a,TASK3_OPERATIONAL_POOLED_V1,CAPACITY_AVAIL_SECURITY_MINUS_4,LOCAL_WINDOW_HPP_EXACT95_HIGH,36,300.000000000,420.455398523,567,387,126,32,1,21,180,567,0,0,0,40.641971077,83.266058250,0.404212602,2.168832494,41.046183679,83.557972236,0.000000000,0.000000000,0.000000000,75.864365497,118.376154054,0.919457594,0.834809117,180,0.317460317,120.455398523,true,COMPLETE
1.0,OP_AVAIL_EXACT95_HIGH_CAPACITY_AVAIL_SECURITY_MINUS_4,589b062d9b0bda26fb40ffbf1e6daee79255a17de3ea358d1917d113d2f4d80a,TASK3_OPERATIONAL_POOLED_V1,CAPACITY_AVAIL_SECURITY_MINUS_4,LOCAL_WINDOW_HPP_EXACT95_HIGH,37,300.000000000,413.871525188,556,391,117,32,0,16,165,556,0,0,0,37.362355580,78.650720658,0.114454730,1.162547098,37.476810311,79.033877435,0.000000000,0.000000000,0.000000000,72.294992129,113.852059253,0.915962771,0.831636040,165,0.296762590,113.871525188,true,COMPLETE
1.0,OP_AVAIL_EXACT95_HIGH_CAPACITY_AVAIL_SECURITY_MINUS_4,589b062d9b0bda26fb40ffbf1e6daee79255a17de3ea358d1917d113d2f4d80a,TASK3_OPERATIONAL_POOLED_V1,CAPACITY_AVAIL_SECURITY_MINUS_4,LOCAL_WINDOW_HPP_EXACT95_HIGH,38,300.000000000,411.468730831,550,385,114,32,0,19,165,550,0,0,0,39.449944730,75.318312990,0.231032711,2.394178939,39.680977441,75.318312990,0.000000000,0.000000000,0.000000000,74.499159259,110.136494808,0.911369375,0.827465528,165,0.300000000,111.468730831,true,COMPLETE
1.0,OP_AVAIL_EXACT95_HIGH_CAPACITY_AVAIL_SECURITY_MINUS_4,589b062d9b0bda26fb40ffbf1e6daee79255a17de3ea358d1917d113d2f4d80a,TASK3_OPERATIONAL_POOLED_V1,CAPACITY_AVAIL_SECURITY_MINUS_4,LOCAL_WINDOW_HPP_EXACT95_HIGH,39,300.000000000,431.654540044,581,387,136,32,5,21,194,581,0,0,0,44.643450886,89.437888272,0.566471677,2.484379429,45.209922563,91.086151066,0.000000000,0.000000000,0.000000000,80.028104381,125.904332884,0.917716199,0.833228041,194,0.333907057,131.654540044,true,COMPLETE
1.0,OP_AVAIL_EXACT95_HIGH_CAPACITY_AVAIL_SECURITY_MINUS_4,589b062d9b0bda26fb40ffbf1e6daee79255a17de3ea358d1917d113d2f4d80a,TASK3_OPERATIONAL_POOLED_V1,CAPACITY_AVAIL_SECURITY_MINUS_4,LOCAL_WINDOW_HPP_EXACT95_HIGH,40,300.000000000,441.440459744,596,390,154,32,0,20,206,596,0,0,0,48.047710797,99.119881047,0.153166352,0.869827779,48.200877149,99.123732449,0.000000000,0.000000000,0.000000000,83.019058967,133.941914267,0.920540081,0.835791946,206,0.345637584,141.440459744,true,COMPLETE
1.0,OP_AVAIL_EXACT95_HIGH_CAPACITY_AVAIL_SECURITY_MINUS_4,589b062d9b0bda26fb40ffbf1e6daee79255a17de3ea358d1917d113d2f4d80a,TASK3_OPERATIONAL_POOLED_V1,CAPACITY_AVAIL_SECURITY_MINUS_4,LOCAL_WINDOW_HPP_EXACT95_HIGH,41,300.000000000,414.282396902,562,389,115,32,5,21,173,562,0,0,0,40.306225365,79.529454958,1.059833278,3.984030200,41.366058644,80.275146717,0.000000000,0.000000000,0.000000000,76.184240462,115.093328535,0.924929036,0.839776839,173,0.307829181,114.282396902,true,COMPLETE
1.0,OP_AVAIL_EXACT95_HIGH_CAPACITY_AVAIL_SECURITY_MINUS_4,589b062d9b0bda26fb40ffbf1e6daee79255a17de3ea358d1917d113d2f4d80a,TASK3_OPERATIONAL_POOLED_V1,CAPACITY_AVAIL_SECURITY_MINUS_4,LOCAL_WINDOW_HPP_EXACT95_HIGH,42,300.000000000,436.245918309,591,390,146,32,2,21,201,591,0,0,0,51.752962052,95.998791083,0.377885776,1.742192771,52.130847828,96.769852082,0.000000000,0.000000000,0.000000000,86.949029646,131.588033900,0.923686683,0.838648862,201,0.340101523,136.245918309,true,COMPLETE
1.0,OP_AVAIL_EXACT95_HIGH_CAPACITY_AVAIL_SECURITY_MINUS_4,589b062d9b0bda26fb40ffbf1e6daee79255a17de3ea358d1917d113d2f4d80a,TASK3_OPERATIONAL_POOLED_V1,CAPACITY_AVAIL_SECURITY_MINUS_4,LOCAL_WINDOW_HPP_EXACT95_HIGH,43,300.000000000,415.409725550,562,391,118,32,0,21,171,562,0,0,0,41.145161188,76.553857290,0.286261665,1.799738332,41.431422852,76.588475871,0.000000000,0.000000000,0.000000000,76.249604670,111.406657689,0.922418987,0.837497874,171,0.304270463,115.409725550,true,COMPLETE
1.0,OP_AVAIL_EXACT95_HIGH_CAPACITY_AVAIL_SECURITY_MINUS_4,589b062d9b0bda26fb40ffbf1e6daee79255a17de3ea358d1917d113d2f4d80a,TASK3_OPERATIONAL_POOLED_V1,CAPACITY_AVAIL_SECURITY_MINUS_4,LOCAL_WINDOW_HPP_EXACT95_HIGH,44,300.000000000,438.106511236,591,387,153,32,0,19,204,591,0,0,0,46.891967653,99.018230971,0.126292194,1.224350240,47.018259846,99.018230971,0.000000000,0.000000000,0.000000000,81.836441664,133.836412789,0.919763882,0.835087207,204,0.345177665,138.106511236,true,COMPLETE
1.0,OP_AVAIL_EXACT95_HIGH_CAPACITY_AVAIL_SECURITY_MINUS_4,589b062d9b0bda26fb40ffbf1e6daee79255a17de3ea358d1917d113d2f4d80a,TASK3_OPERATIONAL_POOLED_V1,CAPACITY_AVAIL_SECURITY_MINUS_4,LOCAL_WINDOW_HPP_EXACT95_HIGH,45,300.000000000,450.607888442,609,388,162,32,6,21,221,609,0,0,0,53.375822809,108.410699969,0.884429065,2.763462771,54.260251874,108.410699969,0.000000000,0.000000000,0.000000000,89.078433692,143.228881787,0.921482476,0.836647581,221,0.362889984,150.607888442,true,COMPLETE
1.0,OP_AVAIL_EXACT95_HIGH_CAPACITY_AVAIL_SECURITY_MINUS_4,589b062d9b0bda26fb40ffbf1e6daee79255a17de3ea358d1917d113d2f4d80a,TASK3_OPERATIONAL_POOLED_V1,CAPACITY_AVAIL_SECURITY_MINUS_4,LOCAL_WINDOW_HPP_EXACT95_HIGH,46,300.000000000,417.473424267,564,386,116,32,9,21,178,564,0,0,0,38.744401710,81.626463289,1.748365640,6.398101566,40.492767349,82.509433789,0.000000000,0.000000000,0.000000000,75.310949167,117.327615607,0.921125591,0.836323552,178,0.315602837,117.473424267,true,COMPLETE
1.0,OP_AVAIL_EXACT95_HIGH_CAPACITY_AVAIL_SECURITY_MINUS_4,589b062d9b0bda26fb40ffbf1e6daee79255a17de3ea358d1917d113d2f4d80a,TASK3_OPERATIONAL_POOLED_V1,CAPACITY_AVAIL_SECURITY_MINUS_4,LOCAL_WINDOW_HPP_EXACT95_HIGH,47,300.000000000,388.878586157,521,390,75,32,3,21,131,521,0,0,0,23.397261913,51.734930419,0.483348025,2.119022893,23.880609938,52.359656402,0.000000000,0.000000000,0.000000000,58.698791756,87.177838220,0.913465759,0.829368911,131,0.251439539,88.878586157,true,COMPLETE
1.0,OP_AVAIL_EXACT95_HIGH_CAPACITY_AVAIL_SECURITY_MINUS_4,589b062d9b0bda26fb40ffbf1e6daee79255a17de3ea358d1917d113d2f4d80a,TASK3_OPERATIONAL_POOLED_V1,CAPACITY_AVAIL_SECURITY_MINUS_4,LOCAL_WINDOW_HPP_EXACT95_HIGH,48,300.000000000,408.482411125,548,390,106,32,0,20,158,548,0,0,0,38.759109671,71.187201041,0.140239166,1.406110268,38.899348838,71.407065168,0.000000000,0.000000000,0.000000000,73.717530656,106.225246986,0.914693885,0.830483972,158,0.288321168,108.482411125,true,COMPLETE
1.0,OP_AVAIL_EXACT95_HIGH_CAPACITY_AVAIL_SECURITY_MINUS_4,589b062d9b0bda26fb40ffbf1e6daee79255a17de3ea358d1917d113d2f4d80a,TASK3_OPERATIONAL_POOLED_V1,CAPACITY_AVAIL_SECURITY_MINUS_4,LOCAL_WINDOW_HPP_EXACT95_HIGH,49,300.000000000,420.487366041,569,390,124,32,2,21,179,569,0,0,0,45.981380264,82.299809940,0.758411057,3.176845271,46.739791320,82.299809940,0.000000000,0.000000000,0.000000000,81.557973138,117.117991758,0.922630682,0.837690080,179,0.314586995,120.487366041,true,COMPLETE
1.0,OP_AVAIL_EXACT95_HIGH_CAPACITY_AVAIL_SECURITY_MINUS_4,589b062d9b0bda26fb40ffbf1e6daee79255a17de3ea358d1917d113d2f4d80a,TASK3_OPERATIONAL_POOLED_V1,CAPACITY_AVAIL_SECURITY_MINUS_4,LOCAL_WINDOW_HPP_EXACT95_HIGH,50,300.000000000,434.758339979,589,388,141,32,7,21,201,589,0,0,0,44.385215280,92.221830832,1.843997336,4.954090098,46.229212616,93.813130107,0.000000000,0.000000000,0.000000000,81.047394434,128.631311925,0.923710651,0.838670622,201,0.341256367,134.758339979,true,COMPLETE
1.0,OP_AVAIL_EXACT95_LOW_CAPACITY_AVAIL_SECURITY_MINUS_4,1f8092810bbef01772ff3ebb85a2552e0d06505aad1d15e7efe3bd284da3ac20,TASK3_OPERATIONAL_POOLED_V1,CAPACITY_AVAIL_SECURITY_MINUS_4,LOCAL_WINDOW_HPP_EXACT95_LOW,1,300.000000000,333.378284734,313,277,0,22,0,14,36,313,0,0,0,0.013259170,0.000000000,0.034405505,0.000000000,0.047664674,0.000000000,0.000000000,0.000000000,0.000000000,34.865846492,34.818181818,0.640140947,0.581207336,36,0.115015974,33.378284734,true,COMPLETE
1.0,OP_AVAIL_EXACT95_LOW_CAPACITY_AVAIL_SECURITY_MINUS_4,1f8092810bbef01772ff3ebb85a2552e0d06505aad1d15e7efe3bd284da3ac20,TASK3_OPERATIONAL_POOLED_V1,CAPACITY_AVAIL_SECURITY_MINUS_4,LOCAL_WINDOW_HPP_EXACT95_LOW,2,300.000000000,332.283944051,299,263,0,20,0,16,36,299,0,0,0,0.000000000,0.000000000,0.000900810,0.000000000,0.000900810,0.000000000,0.000000000,0.000000000,0.000000000,34.819082628,34.818181818,0.613522381,0.557039368,36,0.120401338,32.283944051,true,COMPLETE
1.0,OP_AVAIL_EXACT95_LOW_CAPACITY_AVAIL_SECURITY_MINUS_4,1f8092810bbef01772ff3ebb85a2552e0d06505aad1d15e7efe3bd284da3ac20,TASK3_OPERATIONAL_POOLED_V1,CAPACITY_AVAIL_SECURITY_MINUS_4,LOCAL_WINDOW_HPP_EXACT95_LOW,3,300.000000000,334.763588245,285,251,0,27,0,7,34,285,0,0,0,0.092502579,0.280385684,0.081086074,0.093638040,0.173588654,1.381488183,0.000000000,0.000000000,0.000000000,34.991770472,36.199670001,0.580463911,0.527024377,34,0.119298246,34.763588245,true,COMPLETE
1.0,OP_AVAIL_EXACT95_LOW_CAPACITY_AVAIL_SECURITY_MINUS_4,1f8092810bbef01772ff3ebb85a2552e0d06505aad1d15e7efe3bd284da3ac20,TASK3_OPERATIONAL_POOLED_V1,CAPACITY_AVAIL_SECURITY_MINUS_4,LOCAL_WINDOW_HPP_EXACT95_LOW,4,300.000000000,334.214032222,293,254,0,27,0,12,39,293,0,0,0,0.000000000,0.000000000,0.000000000,0.000000000,0.000000000,0.000000000,0.000000000,0.000000000,0.000000000,34.818181818,34.818181818,0.597738898,0.542708968,39,0.133105802,34.214032222,true,COMPLETE
1.0,OP_AVAIL_EXACT95_LOW_CAPACITY_AVAIL_SECURITY_MINUS_4,1f8092810bbef01772ff3ebb85a2552e0d06505aad1d15e7efe3bd284da3ac20,TASK3_OPERATIONAL_POOLED_V1,CAPACITY_AVAIL_SECURITY_MINUS_4,LOCAL_WINDOW_HPP_EXACT95_LOW,5,300.000000000,333.398993631,289,254,0,23,0,12,35,289,0,0,0,0.000000000,0.000000000,0.003926900,0.000000000,0.003926900,0.000000000,0.000000000,0.000000000,0.000000000,34.822108718,34.818181818,0.591019944,0.536608584,35,0.121107266,33.398993631,true,COMPLETE
1.0,OP_AVAIL_EXACT95_LOW_CAPACITY_AVAIL_SECURITY_MINUS_4,1f8092810bbef01772ff3ebb85a2552e0d06505aad1d15e7efe3bd284da3ac20,TASK3_OPERATIONAL_POOLED_V1,CAPACITY_AVAIL_SECURITY_MINUS_4,LOCAL_WINDOW_HPP_EXACT95_LOW,6,300.000000000,334.503790859,310,286,0,15,0,9,24,310,0,0,0,0.000000000,0.000000000,0.001133148,0.000000000,0.001133148,0.000000000,0.000000000,0.000000000,0.000000000,34.819314966,34.818181818,0.631872170,0.573699812,24,0.077419355,34.503790859,true,COMPLETE
1.0,OP_AVAIL_EXACT95_LOW_CAPACITY_AVAIL_SECURITY_MINUS_4,1f8092810bbef01772ff3ebb85a2552e0d06505aad1d15e7efe3bd284da3ac20,TASK3_OPERATIONAL_POOLED_V1,CAPACITY_AVAIL_SECURITY_MINUS_4,LOCAL_WINDOW_HPP_EXACT95_LOW,7,300.000000000,334.009467665,254,220,0,19,0,15,34,254,0,0,0,0.000000000,0.000000000,0.000000000,0.000000000,0.000000000,0.000000000,0.000000000,0.000000000,0.000000000,34.818181818,34.818181818,0.518493740,0.470759396,34,0.133858268,34.009467665,true,COMPLETE
1.0,OP_AVAIL_EXACT95_LOW_CAPACITY_AVAIL_SECURITY_MINUS_4,1f8092810bbef01772ff3ebb85a2552e0d06505aad1d15e7efe3bd284da3ac20,TASK3_OPERATIONAL_POOLED_V1,CAPACITY_AVAIL_SECURITY_MINUS_4,LOCAL_WINDOW_HPP_EXACT95_LOW,8,300.000000000,334.204293046,279,242,0,26,0,11,37,279,0,0,0,0.000000000,0.000000000,0.000000000,0.000000000,0.000000000,0.000000000,0.000000000,0.000000000,0.000000000,34.818181818,34.818181818,0.569194582,0.516792541,37,0.132616487,34.204293046,true,COMPLETE
1.0,OP_AVAIL_EXACT95_LOW_CAPACITY_AVAIL_SECURITY_MINUS_4,1f8092810bbef01772ff3ebb85a2552e0d06505aad1d15e7efe3bd284da3ac20,TASK3_OPERATIONAL_POOLED_V1,CAPACITY_AVAIL_SECURITY_MINUS_4,LOCAL_WINDOW_HPP_EXACT95_LOW,9,300.000000000,334.651209542,271,235,0,22,0,14,36,271,0,0,0,0.000000000,0.000000000,0.007156757,0.000000000,0.007156757,0.000000000,0.000000000,0.000000000,0.000000000,34.825338575,34.818181818,0.552135244,0.501303745,36,0.132841328,34.651209542,true,COMPLETE
1.0,OP_AVAIL_EXACT95_LOW_CAPACITY_AVAIL_SECURITY_MINUS_4,1f8092810bbef01772ff3ebb85a2552e0d06505aad1d15e7efe3bd284da3ac20,TASK3_OPERATIONAL_POOLED_V1,CAPACITY_AVAIL_SECURITY_MINUS_4,LOCAL_WINDOW_HPP_EXACT95_LOW,10,300.000000000,333.986965101,321,285,0,22,0,14,36,321,0,0,0,0.007514183,0.000000000,0.015491777,0.000000000,0.023005960,0.000000000,0.000000000,0.000000000,0.000000000,34.841187778,34.818181818,0.655305923,0.594976171,36,0.112149533,33.986965101,true,COMPLETE
1.0,OP_AVAIL_EXACT95_LOW_CAPACITY_AVAIL_SECURITY_MINUS_4,1f8092810bbef01772ff3ebb85a2552e0d06505aad1d15e7efe3bd284da3ac20,TASK3_OPERATIONAL_POOLED_V1,CAPACITY_AVAIL_SECURITY_MINUS_4,LOCAL_WINDOW_HPP_EXACT95_LOW,11,300.000000000,334.383425690,276,248,0,19,0,9,28,276,0,0,0,0.000000000,0.000000000,0.000000000,0.000000000,0.000000000,0.000000000,0.000000000,0.000000000,0.000000000,34.818181818,34.818181818,0.562772565,0.510961757,28,0.101449275,34.383425690,true,COMPLETE
1.0,OP_AVAIL_EXACT95_LOW_CAPACITY_AVAIL_SECURITY_MINUS_4,1f8092810bbef01772ff3ebb85a2552e0d06505aad1d15e7efe3bd284da3ac20,TASK3_OPERATIONAL_POOLED_V1,CAPACITY_AVAIL_SECURITY_MINUS_4,LOCAL_WINDOW_HPP_EXACT95_LOW,12,300.000000000,334.957549603,299,251,1,32,0,15,48,299,0,0,0,0.043049137,0.136917047,0.017435631,0.000000000,0.060484768,0.357245002,0.000000000,0.000000000,0.000000000,34.878666586,35.175426820,0.608625292,0.552593122,48,0.160535117,34.957549603,true,COMPLETE
1.0,OP_AVAIL_EXACT95_LOW_CAPACITY_AVAIL_SECURITY_MINUS_4,1f8092810bbef01772ff3ebb85a2552e0d06505aad1d15e7efe3bd284da3ac20,TASK3_OPERATIONAL_POOLED_V1,CAPACITY_AVAIL_SECURITY_MINUS_4,LOCAL_WINDOW_HPP_EXACT95_LOW,13,300.000000000,334.664495631,286,256,0,19,0,11,30,286,0,0,0,0.000000000,0.000000000,0.000000000,0.000000000,0.000000000,0.000000000,0.000000000,0.000000000,0.000000000,34.818181818,34.818181818,0.582673103,0.529030182,30,0.104895105,34.664495631,true,COMPLETE
1.0,OP_AVAIL_EXACT95_LOW_CAPACITY_AVAIL_SECURITY_MINUS_4,1f8092810bbef01772ff3ebb85a2552e0d06505aad1d15e7efe3bd284da3ac20,TASK3_OPERATIONAL_POOLED_V1,CAPACITY_AVAIL_SECURITY_MINUS_4,LOCAL_WINDOW_HPP_EXACT95_LOW,14,300.000000000,334.504039286,264,224,0,27,0,13,40,264,0,0,0,0.000000000,0.000000000,0.006418947,0.000000000,0.006418947,0.000000000,0.000000000,0.000000000,0.000000000,34.824600765,34.818181818,0.538110094,0.488569800,40,0.151515152,34.504039286,true,COMPLETE
1.0,OP_AVAIL_EXACT95_LOW_CAPACITY_AVAIL_SECURITY_MINUS_4,1f8092810bbef01772ff3ebb85a2552e0d06505aad1d15e7efe3bd284da3ac20,TASK3_OPERATIONAL_POOLED_V1,CAPACITY_AVAIL_SECURITY_MINUS_4,LOCAL_WINDOW_HPP_EXACT95_LOW,15,300.000000000,334.767924815,296,263,0,21,0,12,33,296,0,0,0,0.000349613,0.000000000,0.001106328,0.000000000,0.001455942,0.000000000,0.000000000,0.000000000,0.000000000,34.819637760,34.818181818,0.602859972,0.547358578,33,0.111486486,34.767924815,true,COMPLETE
1.0,OP_AVAIL_EXACT95_LOW_CAPACITY_AVAIL_SECURITY_MINUS_4,1f8092810bbef01772ff3ebb85a2552e0d06505aad1d15e7efe3bd284da3ac20,TASK3_OPERATIONAL_POOLED_V1,CAPACITY_AVAIL_SECURITY_MINUS_4,LOCAL_WINDOW_HPP_EXACT95_LOW,16,300.000000000,334.431918804,278,244,0,26,0,8,34,278,0,0,0,0.000000000,0.000000000,0.000000000,0.000000000,0.000000000,0.000000000,0.000000000,0.000000000,0.000000000,34.818181818,34.818181818,0.566768433,0.514589752,34,0.122302158,34.431918804,true,COMPLETE
1.0,OP_AVAIL_EXACT95_LOW_CAPACITY_AVAIL_SECURITY_MINUS_4,1f8092810bbef01772ff3ebb85a2552e0d06505aad1d15e7efe3bd284da3ac20,TASK3_OPERATIONAL_POOLED_V1,CAPACITY_AVAIL_SECURITY_MINUS_4,LOCAL_WINDOW_HPP_EXACT95_LOW,17,300.000000000,334.762375366,310,271,0,28,0,11,39,310,0,0,0,0.278137775,2.330929699,0.006047874,0.000000000,0.284185648,2.330929699,0.000000000,0.000000000,0.000000000,35.102367466,37.149111517,0.631384086,0.573256662,39,0.125806452,34.762375366,true,COMPLETE
1.0,OP_AVAIL_EXACT95_LOW_CAPACITY_AVAIL_SECURITY_MINUS_4,1f8092810bbef01772ff3ebb85a2552e0d06505aad1d15e7efe3bd284da3ac20,TASK3_OPERATIONAL_POOLED_V1,CAPACITY_AVAIL_SECURITY_MINUS_4,LOCAL_WINDOW_HPP_EXACT95_LOW,18,300.000000000,333.369913239,298,259,0,20,0,19,39,298,0,0,0,0.000000000,0.000000000,0.000000000,0.000000000,0.000000000,0.000000000,0.000000000,0.000000000,0.000000000,34.818181818,34.818181818,0.609478571,0.553367845,39,0.130872483,33.369913239,true,COMPLETE
1.0,OP_AVAIL_EXACT95_LOW_CAPACITY_AVAIL_SECURITY_MINUS_4,1f8092810bbef01772ff3ebb85a2552e0d06505aad1d15e7efe3bd284da3ac20,TASK3_OPERATIONAL_POOLED_V1,CAPACITY_AVAIL_SECURITY_MINUS_4,LOCAL_WINDOW_HPP_EXACT95_LOW,19,300.000000000,334.345704763,272,241,0,25,0,6,31,272,0,0,0,0.000000000,0.000000000,0.000000000,0.000000000,0.000000000,0.000000000,0.000000000,0.000000000,0.000000000,34.818181818,34.818181818,0.554679013,0.503613326,31,0.113970588,34.345704763,true,COMPLETE
1.0,OP_AVAIL_EXACT95_LOW_CAPACITY_AVAIL_SECURITY_MINUS_4,1f8092810bbef01772ff3ebb85a2552e0d06505aad1d15e7efe3bd284da3ac20,TASK3_OPERATIONAL_POOLED_V1,CAPACITY_AVAIL_SECURITY_MINUS_4,LOCAL_WINDOW_HPP_EXACT95_LOW,20,300.000000000,333.059981036,280,252,0,16,0,12,28,280,0,0,0,0.000000000,0.000000000,0.000000000,0.000000000,0.000000000,0.000000000,0.000000000,0.000000000,0.000000000,34.818181818,34.818181818,0.573197327,0.520426780,28,0.100000000,33.059981036,true,COMPLETE
1.0,OP_AVAIL_EXACT95_LOW_CAPACITY_AVAIL_SECURITY_MINUS_4,1f8092810bbef01772ff3ebb85a2552e0d06505aad1d15e7efe3bd284da3ac20,TASK3_OPERATIONAL_POOLED_V1,CAPACITY_AVAIL_SECURITY_MINUS_4,LOCAL_WINDOW_HPP_EXACT95_LOW,21,300.000000000,334.383882730,272,248,0,14,0,10,24,272,0,0,0,0.001035358,0.000000000,0.004148657,0.000000000,0.005184015,0.000000000,0.000000000,0.000000000,0.000000000,34.823365833,34.818181818,0.554615683,0.503555826,24,0.088235294,34.383882730,true,COMPLETE
1.0,OP_AVAIL_EXACT95_LOW_CAPACITY_AVAIL_SECURITY_MINUS_4,1f8092810bbef01772ff3ebb85a2552e0d06505aad1d15e7efe3bd284da3ac20,TASK3_OPERATIONAL_POOLED_V1,CAPACITY_AVAIL_SECURITY_MINUS_4,LOCAL_WINDOW_HPP_EXACT95_LOW,22,300.000000000,335.603625809,312,265,2,32,0,13,47,312,0,0,0,0.069807531,0.060181313,0.052788858,0.032467850,0.122596389,1.213811307,0.000000000,0.000000000,0.000000000,34.940778207,36.031993125,0.633864644,0.575508851,47,0.150641026,35.603625809,true,COMPLETE
1.0,OP_AVAIL_EXACT95_LOW_CAPACITY_AVAIL_SECURITY_MINUS_4,1f8092810bbef01772ff3ebb85a2552e0d06505aad1d15e7efe3bd284da3ac20,TASK3_OPERATIONAL_POOLED_V1,CAPACITY_AVAIL_SECURITY_MINUS_4,LOCAL_WINDOW_HPP_EXACT95_LOW,23,300.000000000,333.884950245,296,268,0,19,0,9,28,296,0,0,0,0.000000000,0.000000000,0.001057158,0.000000000,0.001057158,0.000000000,0.000000000,0.000000000,0.000000000,34.819238976,34.818181818,0.604454264,0.548806094,28,0.094594595,33.884950245,true,COMPLETE
1.0,OP_AVAIL_EXACT95_LOW_CAPACITY_AVAIL_SECURITY_MINUS_4,1f8092810bbef01772ff3ebb85a2552e0d06505aad1d15e7efe3bd284da3ac20,TASK3_OPERATIONAL_POOLED_V1,CAPACITY_AVAIL_SECURITY_MINUS_4,LOCAL_WINDOW_HPP_EXACT95_LOW,24,300.000000000,334.544159448,299,253,0,30,0,16,46,299,0,0,0,0.000649808,0.000000000,0.000000000,0.000000000,0.000649808,0.000000000,0.000000000,0.000000000,0.000000000,34.818831626,34.818181818,0.609377359,0.553275951,46,0.153846154,34.544159448,true,COMPLETE
1.0,OP_AVAIL_EXACT95_LOW_CAPACITY_AVAIL_SECURITY_MINUS_4,1f8092810bbef01772ff3ebb85a2552e0d06505aad1d15e7efe3bd284da3ac20,TASK3_OPERATIONAL_POOLED_V1,CAPACITY_AVAIL_SECURITY_MINUS_4,LOCAL_WINDOW_HPP_EXACT95_LOW,25,300.000000000,333.803665910,291,256,0,24,0,11,35,291,0,0,0,0.005200446,0.000000000,0.000000000,0.000000000,0.005200446,0.000000000,0.000000000,0.000000000,0.000000000,34.823382264,34.818181818,0.594388592,0.539667102,35,0.120274914,33.803665910,true,COMPLETE
1.0,OP_AVAIL_EXACT95_LOW_CAPACITY_AVAIL_SECURITY_MINUS_4,1f8092810bbef01772ff3ebb85a2552e0d06505aad1d15e7efe3bd284da3ac20,TASK3_OPERATIONAL_POOLED_V1,CAPACITY_AVAIL_SECURITY_MINUS_4,LOCAL_WINDOW_HPP_EXACT95_LOW,26,300.000000000,334.692628558,273,240,0,20,0,13,33,273,0,0,0,0.000000000,0.000000000,0.002945248,0.000000000,0.002945248,0.000000000,0.000000000,0.000000000,0.000000000,34.821127066,34.818181818,0.556141211,0.504940909,33,0.120879121,34.692628558,true,COMPLETE
1.0,OP_AVAIL_EXACT95_LOW_CAPACITY_AVAIL_SECURITY_MINUS_4,1f8092810bbef01772ff3ebb85a2552e0d06505aad1d15e7efe3bd284da3ac20,TASK3_OPERATIONAL_POOLED_V1,CAPACITY_AVAIL_SECURITY_MINUS_4,LOCAL_WINDOW_HPP_EXACT95_LOW,27,300.000000000,332.497741530,272,244,0,18,0,10,28,272,0,0,0,0.000000000,0.000000000,0.000000000,0.000000000,0.000000000,0.000000000,0.000000000,0.000000000,0.000000000,34.818181818,34.818181818,0.557761820,0.506412319,28,0.102941176,32.497741530,true,COMPLETE
1.0,OP_AVAIL_EXACT95_LOW_CAPACITY_AVAIL_SECURITY_MINUS_4,1f8092810bbef01772ff3ebb85a2552e0d06505aad1d15e7efe3bd284da3ac20,TASK3_OPERATIONAL_POOLED_V1,CAPACITY_AVAIL_SECURITY_MINUS_4,LOCAL_WINDOW_HPP_EXACT95_LOW,28,300.000000000,334.557393197,258,233,0,16,0,9,25,258,0,0,0,0.000000000,0.000000000,0.000000000,0.000000000,0.000000000,0.000000000,0.000000000,0.000000000,0.000000000,34.818181818,34.818181818,0.525796454,0.477389796,25,0.096899225,34.557393197,true,COMPLETE
1.0,OP_AVAIL_EXACT95_LOW_CAPACITY_AVAIL_SECURITY_MINUS_4,1f8092810bbef01772ff3ebb85a2552e0d06505aad1d15e7efe3bd284da3ac20,TASK3_OPERATIONAL_POOLED_V1,CAPACITY_AVAIL_SECURITY_MINUS_4,LOCAL_WINDOW_HPP_EXACT95_LOW,29,300.000000000,334.055309304,300,264,0,20,0,16,36,300,0,0,0,0.158204312,1.105131595,0.015461393,0.000000000,0.173665705,1.229279658,0.000000000,0.000000000,0.000000000,34.991847523,36.047461476,0.612310144,0.555938734,36,0.120000000,34.055309304,true,COMPLETE
1.0,OP_AVAIL_EXACT95_LOW_CAPACITY_AVAIL_SECURITY_MINUS_4,1f8092810bbef01772ff3ebb85a2552e0d06505aad1d15e7efe3bd284da3ac20,TASK3_OPERATIONAL_POOLED_V1,CAPACITY_AVAIL_SECURITY_MINUS_4,LOCAL_WINDOW_HPP_EXACT95_LOW,30,300.000000000,333.547081962,267,232,0,27,0,8,35,267,0,0,0,0.000000000,0.000000000,0.000000000,0.000000000,0.000000000,0.000000000,0.000000000,0.000000000,0.000000000,34.818181818,34.818181818,0.545786380,0.495539380,35,0.131086142,33.547081962,true,COMPLETE
1.0,OP_AVAIL_EXACT95_LOW_CAPACITY_AVAIL_SECURITY_MINUS_4,1f8092810bbef01772ff3ebb85a2552e0d06505aad1d15e7efe3bd284da3ac20,TASK3_OPERATIONAL_POOLED_V1,CAPACITY_AVAIL_SECURITY_MINUS_4,LOCAL_WINDOW_HPP_EXACT95_LOW,31,300.000000000,332.500307393,296,270,0,17,0,9,26,296,0,0,0,0.000000000,0.000000000,0.000006871,0.000000000,0.000006871,0.000000000,0.000000000,0.000000000,0.000000000,34.818188689,34.818181818,0.606971414,0.551091506,26,0.087837838,32.500307393,true,COMPLETE
1.0,OP_AVAIL_EXACT95_LOW_CAPACITY_AVAIL_SECURITY_MINUS_4,1f8092810bbef01772ff3ebb85a2552e0d06505aad1d15e7efe3bd284da3ac20,TASK3_OPERATIONAL_POOLED_V1,CAPACITY_AVAIL_SECURITY_MINUS_4,LOCAL_WINDOW_HPP_EXACT95_LOW,32,300.000000000,333.258766840,288,245,0,29,0,14,43,288,0,0,0,0.000000000,0.000000000,0.000000000,0.000000000,0.000000000,0.000000000,0.000000000,0.000000000,0.000000000,34.818181818,34.818181818,0.589222718,0.534976817,43,0.149305556,33.258766840,true,COMPLETE
1.0,OP_AVAIL_EXACT95_LOW_CAPACITY_AVAIL_SECURITY_MINUS_4,1f8092810bbef01772ff3ebb85a2552e0d06505aad1d15e7efe3bd284da3ac20,TASK3_OPERATIONAL_POOLED_V1,CAPACITY_AVAIL_SECURITY_MINUS_4,LOCAL_WINDOW_HPP_EXACT95_LOW,33,300.000000000,333.353517328,263,238,0,17,0,8,25,263,0,0,0,0.000000000,0.000000000,0.000000000,0.000000000,0.000000000,0.000000000,0.000000000,0.000000000,0.000000000,34.818181818,34.818181818,0.537921973,0.488398998,25,0.095057034,33.353517328,true,COMPLETE
1.0,OP_AVAIL_EXACT95_LOW_CAPACITY_AVAIL_SECURITY_MINUS_4,1f8092810bbef01772ff3ebb85a2552e0d06505aad1d15e7efe3bd284da3ac20,TASK3_OPERATIONAL_POOLED_V1,CAPACITY_AVAIL_SECURITY_MINUS_4,LOCAL_WINDOW_HPP_EXACT95_LOW,34,300.000000000,333.918653247,282,249,0,15,0,18,33,282,0,0,0,0.000000000,0.000000000,0.001002814,0.000000000,0.001002814,0.000000000,0.000000000,0.000000000,0.000000000,34.819184632,34.818181818,0.575807088,0.522796277,33,0.117021277,33.918653247,true,COMPLETE
1.0,OP_AVAIL_EXACT95_LOW_CAPACITY_AVAIL_SECURITY_MINUS_4,1f8092810bbef01772ff3ebb85a2552e0d06505aad1d15e7efe3bd284da3ac20,TASK3_OPERATIONAL_POOLED_V1,CAPACITY_AVAIL_SECURITY_MINUS_4,LOCAL_WINDOW_HPP_EXACT95_LOW,35,300.000000000,334.031797309,280,251,0,18,0,11,29,280,0,0,0,0.000000000,0.000000000,0.000000000,0.000000000,0.000000000,0.000000000,0.000000000,0.000000000,0.000000000,34.818181818,34.818181818,0.571529694,0.518912675,29,0.103571429,34.031797309,true,COMPLETE
1.0,OP_AVAIL_EXACT95_LOW_CAPACITY_AVAIL_SECURITY_MINUS_4,1f8092810bbef01772ff3ebb85a2552e0d06505aad1d15e7efe3bd284da3ac20,TASK3_OPERATIONAL_POOLED_V1,CAPACITY_AVAIL_SECURITY_MINUS_4,LOCAL_WINDOW_HPP_EXACT95_LOW,36,300.000000000,334.046219248,272,235,0,21,0,16,37,272,0,0,0,0.000000000,0.000000000,0.000000000,0.000000000,0.000000000,0.000000000,0.000000000,0.000000000,0.000000000,34.818181818,34.818181818,0.555176304,0.504064835,37,0.136029412,34.046219248,true,COMPLETE
1.0,OP_AVAIL_EXACT95_LOW_CAPACITY_AVAIL_SECURITY_MINUS_4,1f8092810bbef01772ff3ebb85a2552e0d06505aad1d15e7efe3bd284da3ac20,TASK3_OPERATIONAL_POOLED_V1,CAPACITY_AVAIL_SECURITY_MINUS_4,LOCAL_WINDOW_HPP_EXACT95_LOW,37,300.000000000,334.078766339,266,237,0,16,0,13,29,266,0,0,0,0.000000000,0.000000000,0.001079612,0.000000000,0.001079612,0.000000000,0.000000000,0.000000000,0.000000000,34.819261430,34.818181818,0.542876874,0.492897733,29,0.109022556,34.078766339,true,COMPLETE
1.0,OP_AVAIL_EXACT95_LOW_CAPACITY_AVAIL_SECURITY_MINUS_4,1f8092810bbef01772ff3ebb85a2552e0d06505aad1d15e7efe3bd284da3ac20,TASK3_OPERATIONAL_POOLED_V1,CAPACITY_AVAIL_SECURITY_MINUS_4,LOCAL_WINDOW_HPP_EXACT95_LOW,38,300.000000000,333.973818889,341,302,0,23,0,16,39,341,0,0,0,0.009868494,0.000000000,0.003614980,0.000000000,0.013483474,0.000000000,0.000000000,0.000000000,0.000000000,34.831665292,34.818181818,0.696162354,0.632071217,39,0.114369501,33.973818889,true,COMPLETE
1.0,OP_AVAIL_EXACT95_LOW_CAPACITY_AVAIL_SECURITY_MINUS_4,1f8092810bbef01772ff3ebb85a2552e0d06505aad1d15e7efe3bd284da3ac20,TASK3_OPERATIONAL_POOLED_V1,CAPACITY_AVAIL_SECURITY_MINUS_4,LOCAL_WINDOW_HPP_EXACT95_LOW,39,300.000000000,333.227369168,256,218,0,24,0,14,38,256,0,0,0,0.000000000,0.000000000,0.000000000,0.000000000,0.000000000,0.000000000,0.000000000,0.000000000,0.000000000,34.818181818,34.818181818,0.523802877,0.475579755,38,0.148437500,33.227369168,true,COMPLETE
1.0,OP_AVAIL_EXACT95_LOW_CAPACITY_AVAIL_SECURITY_MINUS_4,1f8092810bbef01772ff3ebb85a2552e0d06505aad1d15e7efe3bd284da3ac20,TASK3_OPERATIONAL_POOLED_V1,CAPACITY_AVAIL_SECURITY_MINUS_4,LOCAL_WINDOW_HPP_EXACT95_LOW,40,300.000000000,334.470914622,276,253,0,13,0,10,23,276,0,0,0,0.000000000,0.000000000,0.000000000,0.000000000,0.000000000,0.000000000,0.000000000,0.000000000,0.000000000,34.818181818,34.818181818,0.562625358,0.510828103,23,0.083333333,34.470914622,true,COMPLETE
1.0,OP_AVAIL_EXACT95_LOW_CAPACITY_AVAIL_SECURITY_MINUS_4,1f8092810bbef01772ff3ebb85a2552e0d06505aad1d15e7efe3bd284da3ac20,TASK3_OPERATIONAL_POOLED_V1,CAPACITY_AVAIL_SECURITY_MINUS_4,LOCAL_WINDOW_HPP_EXACT95_LOW,41,300.000000000,334.039386969,305,267,0,22,0,16,38,305,0,0,0,0.028705043,0.000000000,0.008248180,0.000000000,0.036953223,0.057529909,0.000000000,0.000000000,0.000000000,34.855135041,34.875711727,0.622544986,0.565231321,38,0.124590164,34.039386969,true,COMPLETE
1.0,OP_AVAIL_EXACT95_LOW_CAPACITY_AVAIL_SECURITY_MINUS_4,1f8092810bbef01772ff3ebb85a2552e0d06505aad1d15e7efe3bd284da3ac20,TASK3_OPERATIONAL_POOLED_V1,CAPACITY_AVAIL_SECURITY_MINUS_4,LOCAL_WINDOW_HPP_EXACT95_LOW,42,300.000000000,334.117691289,298,260,0,25,0,13,38,298,0,0,0,0.000000000,0.000000000,0.000000000,0.000000000,0.000000000,0.000000000,0.000000000,0.000000000,0.000000000,34.818181818,34.818181818,0.608114516,0.552129370,38,0.127516779,34.117691289,true,COMPLETE
1.0,OP_AVAIL_EXACT95_LOW_CAPACITY_AVAIL_SECURITY_MINUS_4,1f8092810bbef01772ff3ebb85a2552e0d06505aad1d15e7efe3bd284da3ac20,TASK3_OPERATIONAL_POOLED_V1,CAPACITY_AVAIL_SECURITY_MINUS_4,LOCAL_WINDOW_HPP_EXACT95_LOW,43,300.000000000,334.595220486,274,248,0,20,0,6,26,274,0,0,0,0.000000000,0.000000000,0.012639421,0.000000000,0.012639421,0.000000000,0.000000000,0.000000000,0.000000000,34.830821239,34.818181818,0.558340856,0.506938047,26,0.094890511,34.595220486,true,COMPLETE
1.0,OP_AVAIL_EXACT95_LOW_CAPACITY_AVAIL_SECURITY_MINUS_4,1f8092810bbef01772ff3ebb85a2552e0d06505aad1d15e7efe3bd284da3ac20,TASK3_OPERATIONAL_POOLED_V1,CAPACITY_AVAIL_SECURITY_MINUS_4,LOCAL_WINDOW_HPP_EXACT95_LOW,44,300.000000000,333.612131684,288,252,0,19,0,17,36,288,0,0,0,0.000000000,0.000000000,0.000000000,0.000000000,0.000000000,0.000000000,0.000000000,0.000000000,0.000000000,34.818181818,34.818181818,0.588598608,0.534410165,36,0.125000000,33.612131684,true,COMPLETE
1.0,OP_AVAIL_EXACT95_LOW_CAPACITY_AVAIL_SECURITY_MINUS_4,1f8092810bbef01772ff3ebb85a2552e0d06505aad1d15e7efe3bd284da3ac20,TASK3_OPERATIONAL_POOLED_V1,CAPACITY_AVAIL_SECURITY_MINUS_4,LOCAL_WINDOW_HPP_EXACT95_LOW,45,300.000000000,332.705388082,294,252,0,27,0,15,42,294,0,0,0,0.000911879,0.000000000,0.000000000,0.000000000,0.000911879,0.000000000,0.000000000,0.000000000,0.000000000,34.819093697,34.818181818,0.602498645,0.547030516,42,0.142857143,32.705388082,true,COMPLETE
1.0,OP_AVAIL_EXACT95_LOW_CAPACITY_AVAIL_SECURITY_MINUS_4,1f8092810bbef01772ff3ebb85a2552e0d06505aad1d15e7efe3bd284da3ac20,TASK3_OPERATIONAL_POOLED_V1,CAPACITY_AVAIL_SECURITY_MINUS_4,LOCAL_WINDOW_HPP_EXACT95_LOW,46,300.000000000,334.547763371,296,252,0,26,0,18,44,296,0,0,0,0.011444248,0.000000000,0.041210912,0.000000000,0.052655159,0.000000000,0.000000000,0.000000000,0.000000000,34.870836977,34.818181818,0.603256706,0.547718787,44,0.148648649,34.547763371,true,COMPLETE
1.0,OP_AVAIL_EXACT95_LOW_CAPACITY_AVAIL_SECURITY_MINUS_4,1f8092810bbef01772ff3ebb85a2552e0d06505aad1d15e7efe3bd284da3ac20,TASK3_OPERATIONAL_POOLED_V1,CAPACITY_AVAIL_SECURITY_MINUS_4,LOCAL_WINDOW_HPP_EXACT95_LOW,47,300.000000000,329.184016045,265,230,0,14,0,21,35,265,0,0,0,0.010618294,0.000000000,0.036773658,0.000000000,0.047391952,0.150408288,0.000000000,0.000000000,0.000000000,34.865573770,34.968590106,0.548877860,0.498346247,35,0.132075472,29.184016045,true,COMPLETE
1.0,OP_AVAIL_EXACT95_LOW_CAPACITY_AVAIL_SECURITY_MINUS_4,1f8092810bbef01772ff3ebb85a2552e0d06505aad1d15e7efe3bd284da3ac20,TASK3_OPERATIONAL_POOLED_V1,CAPACITY_AVAIL_SECURITY_MINUS_4,LOCAL_WINDOW_HPP_EXACT95_LOW,48,300.000000000,334.462782154,296,264,0,14,0,18,32,296,0,0,0,0.034114889,0.000000000,0.002679743,0.000000000,0.036794632,0.000000000,0.000000000,0.000000000,0.000000000,34.854976450,34.818181818,0.603409983,0.547857953,32,0.108108108,34.462782154,true,COMPLETE
1.0,OP_AVAIL_EXACT95_LOW_CAPACITY_AVAIL_SECURITY_MINUS_4,1f8092810bbef01772ff3ebb85a2552e0d06505aad1d15e7efe3bd284da3ac20,TASK3_OPERATIONAL_POOLED_V1,CAPACITY_AVAIL_SECURITY_MINUS_4,LOCAL_WINDOW_HPP_EXACT95_LOW,49,300.000000000,330.242669127,247,233,0,11,0,3,14,247,0,0,0,0.000000000,0.000000000,0.001144174,0.000000000,0.001144174,0.000000000,0.000000000,0.000000000,0.000000000,34.819325992,34.818181818,0.509955577,0.463007286,14,0.056680162,30.242669127,true,COMPLETE
1.0,OP_AVAIL_EXACT95_LOW_CAPACITY_AVAIL_SECURITY_MINUS_4,1f8092810bbef01772ff3ebb85a2552e0d06505aad1d15e7efe3bd284da3ac20,TASK3_OPERATIONAL_POOLED_V1,CAPACITY_AVAIL_SECURITY_MINUS_4,LOCAL_WINDOW_HPP_EXACT95_LOW,50,300.000000000,334.204179571,295,266,0,17,0,12,29,295,0,0,0,0.011665921,0.000000000,0.000000000,0.000000000,0.011665921,0.000000000,0.000000000,0.000000000,0.000000000,34.829847739,34.818181818,0.601836769,0.546429574,29,0.098305085,34.204179571,true,COMPLETE
1.0,OP_AVAIL_MLE_BASE_CAPACITY_AVAIL_SEVERE_JOINT_30_17,09dd6a02704a76b898325b52b4363a32298cf6aae27d0251169ccffc8a2245ac,TASK3_OPERATIONAL_POOLED_V1,CAPACITY_AVAIL_SEVERE_JOINT_30_17,LOCAL_WINDOW_HPP_BASE,1,300.000000000,337.728547501,396,346,0,24,9,17,50,396,0,0,0,1.744696350,6.376014658,4.464516422,9.509277689,6.209212772,12.870940943,0.000000000,0.000000000,0.000000000,41.027394590,47.689122761,0.852755866,0.896647712,50,0.126262626,37.728547501,true,COMPLETE
1.0,OP_AVAIL_MLE_BASE_CAPACITY_AVAIL_SEVERE_JOINT_30_17,09dd6a02704a76b898325b52b4363a32298cf6aae27d0251169ccffc8a2245ac,TASK3_OPERATIONAL_POOLED_V1,CAPACITY_AVAIL_SEVERE_JOINT_30_17,LOCAL_WINDOW_HPP_BASE,2,300.000000000,372.650665034,442,349,32,30,14,17,93,442,0,0,0,8.017725066,16.688140923,7.779001884,15.185443533,15.796726950,29.356597289,0.000000000,0.000000000,0.000000000,50.614908768,64.174779107,0.862616320,0.907015690,93,0.210407240,72.650665034,true,COMPLETE
1.0,OP_AVAIL_MLE_BASE_CAPACITY_AVAIL_SEVERE_JOINT_30_17,09dd6a02704a76b898325b52b4363a32298cf6aae27d0251169ccffc8a2245ac,TASK3_OPERATIONAL_POOLED_V1,CAPACITY_AVAIL_SEVERE_JOINT_30_17,LOCAL_WINDOW_HPP_BASE,3,300.000000000,334.877888735,393,347,0,29,0,17,46,393,0,0,0,1.660360794,7.412603453,2.528015177,5.377454853,4.188375971,11.064611152,0.000000000,0.000000000,0.000000000,39.006557789,45.882792970,0.853499713,0.897429845,46,0.117048346,34.877888735,true,COMPLETE
1.0,OP_AVAIL_MLE_BASE_CAPACITY_AVAIL_SEVERE_JOINT_30_17,09dd6a02704a76b898325b52b4363a32298cf6aae27d0251169ccffc8a2245ac,TASK3_OPERATIONAL_POOLED_V1,CAPACITY_AVAIL_SEVERE_JOINT_30_17,LOCAL_WINDOW_HPP_BASE,4,300.000000000,352.969422529,410,338,15,30,10,17,72,410,0,0,0,2.198560930,9.168486896,3.012667989,7.219558568,5.211228919,15.996548435,0.000000000,0.000000000,0.000000000,40.029410737,50.814730253,0.844780877,0.888262245,72,0.175609756,52.969422529,true,COMPLETE
1.0,OP_AVAIL_MLE_BASE_CAPACITY_AVAIL_SEVERE_JOINT_30_17,09dd6a02704a76b898325b52b4363a32298cf6aae27d0251169ccffc8a2245ac,TASK3_OPERATIONAL_POOLED_V1,CAPACITY_AVAIL_SEVERE_JOINT_30_17,LOCAL_WINDOW_HPP_BASE,5,300.000000000,337.900644286,388,341,0,18,12,17,47,388,0,0,0,3.365453755,6.939766420,6.189427865,12.231491644,9.554881620,17.083072073,0.000000000,0.000000000,0.000000000,44.373063438,51.901253891,0.835102930,0.878086169,47,0.121134021,37.900644286,true,COMPLETE
1.0,OP_AVAIL_MLE_BASE_CAPACITY_AVAIL_SEVERE_JOINT_30_17,09dd6a02704a76b898325b52b4363a32298cf6aae27d0251169ccffc8a2245ac,TASK3_OPERATIONAL_POOLED_V1,CAPACITY_AVAIL_SEVERE_JOINT_30_17,LOCAL_WINDOW_HPP_BASE,6,300.000000000,360.215133000,419,340,14,30,18,17,79,419,0,0,0,6.600267637,14.252058079,5.925121689,12.985257773,12.525389327,26.119775460,0.000000000,0.000000000,0.000000000,47.343571145,60.937957278,0.845959108,0.889501121,79,0.188544153,60.215133000,true,COMPLETE
1.0,OP_AVAIL_MLE_BASE_CAPACITY_AVAIL_SEVERE_JOINT_30_17,09dd6a02704a76b898325b52b4363a32298cf6aae27d0251169ccffc8a2245ac,TASK3_OPERATIONAL_POOLED_V1,CAPACITY_AVAIL_SEVERE_JOINT_30_17,LOCAL_WINDOW_HPP_BASE,7,300.000000000,351.778930379,408,340,8,30,13,17,68,408,0,0,0,2.248158662,6.494266130,5.844543119,11.409004128,8.092701781,15.716909020,0.000000000,0.000000000,0.000000000,42.910883599,50.535090838,0.843504960,0.886920657,68,0.166666667,51.778930379,true,COMPLETE
1.0,OP_AVAIL_MLE_BASE_CAPACITY_AVAIL_SEVERE_JOINT_30_17,09dd6a02704a76b898325b52b4363a32298cf6aae27d0251169ccffc8a2245ac,TASK3_OPERATIONAL_POOLED_V1,CAPACITY_AVAIL_SEVERE_JOINT_30_17,LOCAL_WINDOW_HPP_BASE,8,300.000000000,370.672458542,442,348,24,30,23,17,94,442,0,0,0,15.208057431,27.535389242,9.215525049,17.527297613,24.423582480,41.814151022,0.000000000,0.000000000,0.000000000,59.241764298,76.632332840,0.867219935,0.911856255,94,0.212669683,70.672458542,true,COMPLETE
1.0,OP_AVAIL_MLE_BASE_CAPACITY_AVAIL_SEVERE_JOINT_30_17,09dd6a02704a76b898325b52b4363a32298cf6aae27d0251169ccffc8a2245ac,TASK3_OPERATIONAL_POOLED_V1,CAPACITY_AVAIL_SEVERE_JOINT_30_17,LOCAL_WINDOW_HPP_BASE,9,300.000000000,339.319370597,395,342,4,30,2,17,53,395,0,0,0,2.732111550,10.466571903,3.630779216,8.260371175,6.362890766,17.124852327,0.000000000,0.000000000,0.000000000,41.181072584,51.943034145,0.846614582,0.890190333,53,0.134177215,39.319370597,true,COMPLETE
1.0,OP_AVAIL_MLE_BASE_CAPACITY_AVAIL_SEVERE_JOINT_30_17,09dd6a02704a76b898325b52b4363a32298cf6aae27d0251169ccffc8a2245ac,TASK3_OPERATIONAL_POOLED_V1,CAPACITY_AVAIL_SEVERE_JOINT_30_17,LOCAL_WINDOW_HPP_BASE,10,300.000000000,345.764377073,394,331,4,30,12,17,63,394,0,0,0,1.884695197,6.097935788,3.384532169,8.931429643,5.269227365,11.404791394,0.000000000,0.000000000,0.000000000,40.087409183,46.222973212,0.828730412,0.871385653,63,0.159898477,45.764377073,true,COMPLETE
1.0,OP_AVAIL_MLE_BASE_CAPACITY_AVAIL_SEVERE_JOINT_30_17,09dd6a02704a76b898325b52b4363a32298cf6aae27d0251169ccffc8a2245ac,TASK3_OPERATIONAL_POOLED_V1,CAPACITY_AVAIL_SEVERE_JOINT_30_17,LOCAL_WINDOW_HPP_BASE,11,300.000000000,347.680162227,409,345,0,25,22,17,64,409,0,0,0,7.868575160,15.408667636,7.830737898,14.776625527,15.699313058,25.982507369,0.000000000,0.000000000,0.000000000,50.517494876,60.800689187,0.855540746,0.899575932,64,0.156479218,47.680162227,true,COMPLETE
1.0,OP_AVAIL_MLE_BASE_CAPACITY_AVAIL_SEVERE_JOINT_30_17,09dd6a02704a76b898325b52b4363a32298cf6aae27d0251169ccffc8a2245ac,TASK3_OPERATIONAL_POOLED_V1,CAPACITY_AVAIL_SEVERE_JOINT_30_17,LOCAL_WINDOW_HPP_BASE,12,300.000000000,357.532139471,423,348,17,30,11,17,75,423,0,0,0,6.310221966,15.713321312,4.398107939,9.827353296,10.708329904,22.610556818,0.000000000,0.000000000,0.000000000,45.526511722,57.428738636,0.860443942,0.904731498,75,0.177304965,57.532139471,true,COMPLETE
1.0,OP_AVAIL_MLE_BASE_CAPACITY_AVAIL_SEVERE_JOINT_30_17,09dd6a02704a76b898325b52b4363a32298cf6aae27d0251169ccffc8a2245ac,TASK3_OPERATIONAL_POOLED_V1,CAPACITY_AVAIL_SEVERE_JOINT_30_17,LOCAL_WINDOW_HPP_BASE,13,300.000000000,381.600724639,455,347,42,30,19,17,108,455,0,0,0,21.569768275,38.401900592,8.331756231,15.936739101,29.901524506,49.249186014,0.000000000,0.000000000,0.000000000,64.719706324,84.067367832,0.867160541,0.911793804,108,0.237362637,81.600724639,true,COMPLETE
1.0,OP_AVAIL_MLE_BASE_CAPACITY_AVAIL_SEVERE_JOINT_30_17,09dd6a02704a76b898325b52b4363a32298cf6aae27d0251169ccffc8a2245ac,TASK3_OPERATIONAL_POOLED_V1,CAPACITY_AVAIL_SEVERE_JOINT_30_17,LOCAL_WINDOW_HPP_BASE,14,300.000000000,333.719484820,374,335,0,17,5,17,39,374,0,0,0,1.922029399,6.824417570,2.642864543,6.489684643,4.564893942,10.821572111,0.000000000,0.000000000,0.000000000,39.383075760,45.639753929,0.815055795,0.857007196,39,0.104278075,33.719484820,true,COMPLETE
1.0,OP_AVAIL_MLE_BASE_CAPACITY_AVAIL_SEVERE_JOINT_30_17,09dd6a02704a76b898325b52b4363a32298cf6aae27d0251169ccffc8a2245ac,TASK3_OPERATIONAL_POOLED_V1,CAPACITY_AVAIL_SEVERE_JOINT_30_17,LOCAL_WINDOW_HPP_BASE,15,300.000000000,342.169131789,386,331,0,29,9,17,55,386,0,0,0,2.024978382,9.149612058,2.917010866,7.853319795,4.941989249,14.862844659,0.000000000,0.000000000,0.000000000,39.760171067,49.681026477,0.820434243,0.862662476,55,0.142487047,42.169131789,true,COMPLETE
1.0,OP_AVAIL_MLE_BASE_CAPACITY_AVAIL_SEVERE_JOINT_30_17,09dd6a02704a76b898325b52b4363a32298cf6aae27d0251169ccffc8a2245ac,TASK3_OPERATIONAL_POOLED_V1,CAPACITY_AVAIL_SEVERE_JOINT_30_17,LOCAL_WINDOW_HPP_BASE,16,300.000000000,353.422708657,401,330,16,30,8,17,71,401,0,0,0,2.001849675,9.147874647,2.066827721,5.491092392,4.068677395,15.436397580,0.000000000,0.000000000,0.000000000,38.886859213,50.254579398,0.825177207,0.867649563,71,0.177057357,53.422708657,true,COMPLETE
1.0,OP_AVAIL_MLE_BASE_CAPACITY_AVAIL_SEVERE_JOINT_30_17,09dd6a02704a76b898325b52b4363a32298cf6aae27d0251169ccffc8a2245ac,TASK3_OPERATIONAL_POOLED_V1,CAPACITY_AVAIL_SEVERE_JOINT_30_17,LOCAL_WINDOW_HPP_BASE,17,300.000000000,365.712680929,429,340,24,30,18,17,89,429,0,0,0,7.456607512,18.493984245,7.485722847,14.480082417,14.942330359,31.978054592,0.000000000,0.000000000,0.000000000,49.760512177,66.796236410,0.853128744,0.897039782,89,0.207459207,65.712680929,true,COMPLETE
1.0,OP_AVAIL_MLE_BASE_CAPACITY_AVAIL_SEVERE_JOINT_30_17,09dd6a02704a76b898325b52b4363a32298cf6aae27d0251169ccffc8a2245ac,TASK3_OPERATIONAL_POOLED_V1,CAPACITY_AVAIL_SEVERE_JOINT_30_17,LOCAL_WINDOW_HPP_BASE,18,300.000000000,358.222272470,419,343,13,30,16,17,76,419,0,0,0,6.547083178,13.282343383,6.508682658,13.516191655,13.055765836,23.894619140,0.000000000,0.000000000,0.000000000,47.873947654,58.712800958,0.850665344,0.894449590,76,0.181384248,58.222272470,true,COMPLETE
1.0,OP_AVAIL_MLE_BASE_CAPACITY_AVAIL_SEVERE_JOINT_30_17,09dd6a02704a76b898325b52b4363a32298cf6aae27d0251169ccffc8a2245ac,TASK3_OPERATIONAL_POOLED_V1,CAPACITY_AVAIL_SEVERE_JOINT_30_17,LOCAL_WINDOW_HPP_BASE,19,300.000000000,375.003366816,445,345,40,30,13,17,100,445,0,0,0,8.634933908,23.142760035,5.497855021,11.907223241,14.132788928,34.976691541,0.000000000,0.000000000,0.000000000,48.950970746,69.794873359,0.863022555,0.907442833,100,0.224719101,75.003366816,true,COMPLETE
1.0,OP_AVAIL_MLE_BASE_CAPACITY_AVAIL_SEVERE_JOINT_30_17,09dd6a02704a76b898325b52b4363a32298cf6aae27d0251169ccffc8a2245ac,TASK3_OPERATIONAL_POOLED_V1,CAPACITY_AVAIL_SEVERE_JOINT_30_17,LOCAL_WINDOW_HPP_BASE,20,300.000000000,353.148662811,418,348,6,30,17,17,70,418,0,0,0,4.797967116,11.589036980,6.151772807,13.492014585,10.949739923,20.349020110,0.000000000,0.000000000,0.000000000,45.767921741,55.167201928,0.860827272,0.905134558,70,0.167464115,53.148662811,true,COMPLETE
1.0,OP_AVAIL_MLE_BASE_CAPACITY_AVAIL_SEVERE_JOINT_30_17,09dd6a02704a76b898325b52b4363a32298cf6aae27d0251169ccffc8a2245ac,TASK3_OPERATIONAL_POOLED_V1,CAPACITY_AVAIL_SEVERE_JOINT_30_17,LOCAL_WINDOW_HPP_BASE,21,300.000000000,362.590975411,417,335,29,30,6,17,82,417,0,0,0,6.562195996,17.990130412,3.072517728,7.833598628,9.634713724,24.660450047,0.000000000,0.000000000,0.000000000,44.452895542,59.478631865,0.836404510,0.879454743,82,0.196642686,62.590975411,true,COMPLETE
1.0,OP_AVAIL_MLE_BASE_CAPACITY_AVAIL_SEVERE_JOINT_30_17,09dd6a02704a76b898325b52b4363a32298cf6aae27d0251169ccffc8a2245ac,TASK3_OPERATIONAL_POOLED_V1,CAPACITY_AVAIL_SEVERE_JOINT_30_17,LOCAL_WINDOW_HPP_BASE,22,300.000000000,349.925709029,410,343,5,30,15,17,67,410,0,0,0,3.155488080,7.554407841,5.816877481,12.571549317,8.972365561,18.167516542,0.000000000,0.000000000,0.000000000,43.790547379,52.985698360,0.852128925,0.895988502,67,0.163414634,49.925709029,true,COMPLETE
1.0,OP_AVAIL_MLE_BASE_CAPACITY_AVAIL_SEVERE_JOINT_30_17,09dd6a02704a76b898325b52b4363a32298cf6aae27d0251169ccffc8a2245ac,TASK3_OPERATIONAL_POOLED_V1,CAPACITY_AVAIL_SEVERE_JOINT_30_17,LOCAL_WINDOW_HPP_BASE,23,300.000000000,369.389074341,439,348,21,30,23,17,91,439,0,0,0,12.705287323,22.323673730,9.559213804,17.849750158,22.264501127,37.711037945,0.000000000,0.000000000,0.000000000,57.082682945,72.529219763,0.864326396,0.908813784,91,0.207289294,69.389074341,true,COMPLETE
1.0,OP_AVAIL_MLE_BASE_CAPACITY_AVAIL_SEVERE_JOINT_30_17,09dd6a02704a76b898325b52b4363a32298cf6aae27d0251169ccffc8a2245ac,TASK3_OPERATIONAL_POOLED_V1,CAPACITY_AVAIL_SEVERE_JOINT_30_17,LOCAL_WINDOW_HPP_BASE,24,300.000000000,350.045517808,412,346,13,30,6,17,66,412,0,0,0,2.094514099,7.224696967,3.254557374,6.734896616,5.349071473,11.640683138,0.000000000,0.000000000,0.000000000,40.167253291,46.458864956,0.855992574,0.900051015,66,0.160194175,50.045517808,true,COMPLETE
1.0,OP_AVAIL_MLE_BASE_CAPACITY_AVAIL_SEVERE_JOINT_30_17,09dd6a02704a76b898325b52b4363a32298cf6aae27d0251169ccffc8a2245ac,TASK3_OPERATIONAL_POOLED_V1,CAPACITY_AVAIL_SEVERE_JOINT_30_17,LOCAL_WINDOW_HPP_BASE,25,300.000000000,362.219966741,424,341,19,30,17,17,83,424,0,0,0,7.977097922,17.078668025,6.705844138,14.292119399,14.682942060,25.816689065,0.000000000,0.000000000,0.000000000,49.501123878,60.634870883,0.851315953,0.895133686,83,0.195754717,62.219966741,true,COMPLETE
1.0,OP_AVAIL_MLE_BASE_CAPACITY_AVAIL_SEVERE_JOINT_30_17,09dd6a02704a76b898325b52b4363a32298cf6aae27d0251169ccffc8a2245ac,TASK3_OPERATIONAL_POOLED_V1,CAPACITY_AVAIL_SEVERE_JOINT_30_17,LOCAL_WINDOW_HPP_BASE,26,300.000000000,358.033691652,419,344,15,30,13,17,75,419,0,0,0,7.110121445,13.702847581,5.205996975,11.694726283,12.316118421,24.179009306,0.000000000,0.000000000,0.000000000,47.134300239,58.997191124,0.851113400,0.894920708,75,0.178997613,58.033691652,true,COMPLETE
1.0,OP_AVAIL_MLE_BASE_CAPACITY_AVAIL_SEVERE_JOINT_30_17,09dd6a02704a76b898325b52b4363a32298cf6aae27d0251169ccffc8a2245ac,TASK3_OPERATIONAL_POOLED_V1,CAPACITY_AVAIL_SEVERE_JOINT_30_17,LOCAL_WINDOW_HPP_BASE,27,300.000000000,347.952570623,410,347,12,30,4,17,63,410,0,0,0,2.545563831,8.366972176,3.499391434,6.612134628,6.044955266,11.368854660,0.000000000,0.000000000,0.000000000,40.863137084,46.187036478,0.856961101,0.901069393,63,0.153658537,47.952570623,true,COMPLETE
1.0,OP_AVAIL_MLE_BASE_CAPACITY_AVAIL_SEVERE_JOINT_30_17,09dd6a02704a76b898325b52b4363a32298cf6aae27d0251169ccffc8a2245ac,TASK3_OPERATIONAL_POOLED_V1,CAPACITY_AVAIL_SEVERE_JOINT_30_17,LOCAL_WINDOW_HPP_BASE,28,300.000000000,347.012909406,392,328,9,30,8,17,64,392,0,0,0,1.643559244,6.872794757,2.406133025,6.980027713,4.049692269,12.861219626,0.000000000,0.000000000,0.000000000,38.867874087,47.679401444,0.821557070,0.863843096,64,0.163265306,47.012909406,true,COMPLETE
1.0,OP_AVAIL_MLE_BASE_CAPACITY_AVAIL_SEVERE_JOINT_30_17,09dd6a02704a76b898325b52b4363a32298cf6aae27d0251169ccffc8a2245ac,TASK3_OPERATIONAL_POOLED_V1,CAPACITY_AVAIL_SEVERE_JOINT_30_17,LOCAL_WINDOW_HPP_BASE,29,300.000000000,359.546544739,424,347,17,30,13,17,77,424,0,0,0,5.722916785,14.201689862,6.204375484,12.032879238,11.927292269,25.416862453,0.000000000,0.000000000,0.000000000,46.745474087,60.235044271,0.857645946,0.901789487,77,0.181603774,59.546544739,true,COMPLETE
1.0,OP_AVAIL_MLE_BASE_CAPACITY_AVAIL_SEVERE_JOINT_30_17,09dd6a02704a76b898325b52b4363a32298cf6aae27d0251169ccffc8a2245ac,TASK3_OPERATIONAL_POOLED_V1,CAPACITY_AVAIL_SEVERE_JOINT_30_17,LOCAL_WINDOW_HPP_BASE,30,300.000000000,354.937186002,408,337,18,30,6,17,71,408,0,0,0,2.558594002,10.003083072,2.412850184,6.260975511,4.971444186,15.872606657,0.000000000,0.000000000,0.000000000,39.789626004,50.690788475,0.835999395,0.879028776,71,0.174019608,54.937186002,true,COMPLETE
1.0,OP_AVAIL_MLE_BASE_CAPACITY_AVAIL_SEVERE_JOINT_30_17,09dd6a02704a76b898325b52b4363a32298cf6aae27d0251169ccffc8a2245ac,TASK3_OPERATIONAL_POOLED_V1,CAPACITY_AVAIL_SEVERE_JOINT_30_17,LOCAL_WINDOW_HPP_BASE,31,300.000000000,360.569233200,425,346,14,30,18,17,79,425,0,0,0,5.026591501,14.862181976,6.583260947,13.704828494,11.609852448,28.325507987,0.000000000,0.000000000,0.000000000,46.428034266,63.143689805,0.857230403,0.901352556,79,0.185882353,60.569233200,true,COMPLETE
1.0,OP_AVAIL_MLE_BASE_CAPACITY_AVAIL_SEVERE_JOINT_30_17,09dd6a02704a76b898325b52b4363a32298cf6aae27d0251169ccffc8a2245ac,TASK3_OPERATIONAL_POOLED_V1,CAPACITY_AVAIL_SEVERE_JOINT_30_17,LOCAL_WINDOW_HPP_BASE,32,300.000000000,346.305022347,395,332,8,30,8,17,63,395,0,0,0,1.464031064,5.813121540,1.910848274,5.782446436,3.374879338,9.999054006,0.000000000,0.000000000,0.000000000,38.193061156,44.817235824,0.829536705,0.872233448,63,0.159493671,46.305022347,true,COMPLETE
1.0,OP_AVAIL_MLE_BASE_CAPACITY_AVAIL_SEVERE_JOINT_30_17,09dd6a02704a76b898325b52b4363a32298cf6aae27d0251169ccffc8a2245ac,TASK3_OPERATIONAL_POOLED_V1,CAPACITY_AVAIL_SEVERE_JOINT_30_17,LOCAL_WINDOW_HPP_BASE,33,300.000000000,360.861114514,428,349,15,30,17,17,79,428,0,0,0,7.596020508,15.516195211,8.314793112,15.311766324,15.910813619,28.796882353,0.000000000,0.000000000,0.000000000,50.728995437,63.615064171,0.862583179,0.906980842,79,0.184579439,60.861114514,true,COMPLETE
1.0,OP_AVAIL_MLE_BASE_CAPACITY_AVAIL_SEVERE_JOINT_30_17,09dd6a02704a76b898325b52b4363a32298cf6aae27d0251169ccffc8a2245ac,TASK3_OPERATIONAL_POOLED_V1,CAPACITY_AVAIL_SEVERE_JOINT_30_17,LOCAL_WINDOW_HPP_BASE,34,300.000000000,360.761170524,426,346,19,30,14,17,80,426,0,0,0,2.729128149,11.873086211,5.806267978,11.200284956,8.535396127,23.425137033,0.000000000,0.000000000,0.000000000,43.353577945,58.243318851,0.858790267,0.902992707,80,0.187793427,60.761170524,true,COMPLETE
1.0,OP_AVAIL_MLE_BASE_CAPACITY_AVAIL_SEVERE_JOINT_30_17,09dd6a02704a76b898325b52b4363a32298cf6aae27d0251169ccffc8a2245ac,TASK3_OPERATIONAL_POOLED_V1,CAPACITY_AVAIL_SEVERE_JOINT_30_17,LOCAL_WINDOW_HPP_BASE,35,300.000000000,376.880421961,451,349,35,30,20,17,102,451,0,0,0,7.881304533,19.354052579,8.712944422,16.656406203,16.594248955,35.941891336,0.000000000,0.000000000,0.000000000,51.412430773,70.760073154,0.870302570,0.915097556,102,0.226164080,76.880421961,true,COMPLETE
1.0,OP_AVAIL_MLE_BASE_CAPACITY_AVAIL_SEVERE_JOINT_30_17,09dd6a02704a76b898325b52b4363a32298cf6aae27d0251169ccffc8a2245ac,TASK3_OPERATIONAL_POOLED_V1,CAPACITY_AVAIL_SEVERE_JOINT_30_17,LOCAL_WINDOW_HPP_BASE,36,300.000000000,351.043401001,414,348,5,30,14,17,66,414,0,0,0,2.383519418,6.980893039,6.065102314,12.042270984,8.448621732,16.597394026,0.000000000,0.000000000,0.000000000,43.266803550,51.415575844,0.857702803,0.901849271,66,0.159420290,51.043401001,true,COMPLETE
1.0,OP_AVAIL_MLE_BASE_CAPACITY_AVAIL_SEVERE_JOINT_30_17,09dd6a02704a76b898325b52b4363a32298cf6aae27d0251169ccffc8a2245ac,TASK3_OPERATIONAL_POOLED_V1,CAPACITY_AVAIL_SEVERE_JOINT_30_17,LOCAL_WINDOW_HPP_BASE,37,300.000000000,349.203060787,408,342,5,30,14,17,66,408,0,0,0,3.038747522,10.756643247,5.445868526,9.206658102,8.484616048,17.162867965,0.000000000,0.000000000,0.000000000,43.302797866,51.981049783,0.849727010,0.893462959,66,0.161764706,49.203060787,true,COMPLETE
1.0,OP_AVAIL_MLE_BASE_CAPACITY_AVAIL_SEVERE_JOINT_30_17,09dd6a02704a76b898325b52b4363a32298cf6aae27d0251169ccffc8a2245ac,TASK3_OPERATIONAL_POOLED_V1,CAPACITY_AVAIL_SEVERE_JOINT_30_17,LOCAL_WINDOW_HPP_BASE,38,300.000000000,348.670093102,406,342,3,30,14,17,64,406,0,0,0,3.046974042,8.523280783,5.198897572,11.313211430,8.245871614,18.056658748,0.000000000,0.000000000,0.000000000,43.064053432,52.874840566,0.846854184,0.890442267,64,0.157635468,48.670093102,true,COMPLETE
1.0,OP_AVAIL_MLE_BASE_CAPACITY_AVAIL_SEVERE_JOINT_30_17,09dd6a02704a76b898325b52b4363a32298cf6aae27d0251169ccffc8a2245ac,TASK3_OPERATIONAL_POOLED_V1,CAPACITY_AVAIL_SEVERE_JOINT_30_17,LOCAL_WINDOW_HPP_BASE,39,300.000000000,349.396203875,388,323,14,30,4,17,65,388,0,0,0,2.420346279,8.208317661,1.946203243,5.910111228,4.366549522,12.599851419,0.000000000,0.000000000,0.000000000,39.184731340,47.418033237,0.807627029,0.849196068,65,0.167525773,49.396203875,true,COMPLETE
1.0,OP_AVAIL_MLE_BASE_CAPACITY_AVAIL_SEVERE_JOINT_30_17,09dd6a02704a76b898325b52b4363a32298cf6aae27d0251169ccffc8a2245ac,TASK3_OPERATIONAL_POOLED_V1,CAPACITY_AVAIL_SEVERE_JOINT_30_17,LOCAL_WINDOW_HPP_BASE,40,300.000000000,349.480204171,399,333,13,30,6,17,66,399,0,0,0,1.588697182,7.269526649,2.341508641,6.386432675,3.930205823,12.677926802,0.000000000,0.000000000,0.000000000,38.748387641,47.496108620,0.830324049,0.873061316,66,0.165413534,49.480204171,true,COMPLETE
1.0,OP_AVAIL_MLE_BASE_CAPACITY_AVAIL_SEVERE_JOINT_30_17,09dd6a02704a76b898325b52b4363a32298cf6aae27d0251169ccffc8a2245ac,TASK3_OPERATIONAL_POOLED_V1,CAPACITY_AVAIL_SEVERE_JOINT_30_17,LOCAL_WINDOW_HPP_BASE,41,300.000000000,350.933531791,416,349,0,30,20,17,67,416,0,0,0,6.122621306,12.859732417,8.893088975,16.566313294,15.015710281,20.514728245,0.000000000,0.000000000,0.000000000,49.833892099,55.332910063,0.862116119,0.906489743,67,0.161057692,50.933531791,true,COMPLETE
1.0,OP_AVAIL_MLE_BASE_CAPACITY_AVAIL_SEVERE_JOINT_30_17,09dd6a02704a76b898325b52b4363a32298cf6aae27d0251169ccffc8a2245ac,TASK3_OPERATIONAL_POOLED_V1,CAPACITY_AVAIL_SEVERE_JOINT_30_17,LOCAL_WINDOW_HPP_BASE,42,300.000000000,351.415583679,403,336,15,30,5,17,67,403,0,0,0,3.532786298,15.780104663,1.952992212,5.374417654,5.485778511,20.740728174,0.000000000,0.000000000,0.000000000,40.303960329,55.558909992,0.834029345,0.876957326,67,0.166253102,51.415583679,true,COMPLETE
1.0,OP_AVAIL_MLE_BASE_CAPACITY_AVAIL_SEVERE_JOINT_30_17,09dd6a02704a76b898325b52b4363a32298cf6aae27d0251169ccffc8a2245ac,TASK3_OPERATIONAL_POOLED_V1,CAPACITY_AVAIL_SEVERE_JOINT_30_17,LOCAL_WINDOW_HPP_BASE,43,300.000000000,344.846124232,407,346,6,30,8,17,61,407,0,0,0,4.654911519,9.831842744,4.975862877,10.290217659,9.630774395,15.756462997,0.000000000,0.000000000,0.000000000,44.448956213,50.574644815,0.858353855,0.902533832,61,0.149877150,44.846124232,true,COMPLETE
1.0,OP_AVAIL_MLE_BASE_CAPACITY_AVAIL_SEVERE_JOINT_30_17,09dd6a02704a76b898325b52b4363a32298cf6aae27d0251169ccffc8a2245ac,TASK3_OPERATIONAL_POOLED_V1,CAPACITY_AVAIL_SEVERE_JOINT_30_17,LOCAL_WINDOW_HPP_BASE,44,300.000000000,334.992089443,366,324,1,30,0,11,42,366,0,0,0,0.229737512,1.918627929,0.742901053,3.308633597,0.972638565,3.847668701,0.000000000,0.000000000,0.000000000,35.790820383,38.665850519,0.794591355,0.835489439,42,0.114754098,34.992089443,true,COMPLETE
1.0,OP_AVAIL_MLE_BASE_CAPACITY_AVAIL_SEVERE_JOINT_30_17,09dd6a02704a76b898325b52b4363a32298cf6aae27d0251169ccffc8a2245ac,TASK3_OPERATIONAL_POOLED_V1,CAPACITY_AVAIL_SEVERE_JOINT_30_17,LOCAL_WINDOW_HPP_BASE,45,300.000000000,341.435147802,399,343,2,30,7,17,56,399,0,0,0,1.161666797,5.154862144,2.434229289,5.449733112,3.595896086,7.680003712,0.000000000,0.000000000,0.000000000,38.414077904,42.498185530,0.849888537,0.893632800,56,0.140350877,41.435147802,true,COMPLETE
1.0,OP_AVAIL_MLE_BASE_CAPACITY_AVAIL_SEVERE_JOINT_30_17,09dd6a02704a76b898325b52b4363a32298cf6aae27d0251169ccffc8a2245ac,TASK3_OPERATIONAL_POOLED_V1,CAPACITY_AVAIL_SEVERE_JOINT_30_17,LOCAL_WINDOW_HPP_BASE,46,300.000000000,381.078130234,452,346,42,30,17,17,106,452,0,0,0,12.276648881,31.085029697,7.617420902,15.140407802,19.894069783,46.603526752,0.000000000,0.000000000,0.000000000,54.712251601,81.421708570,0.862624346,0.907024128,106,0.234513274,81.078130234,true,COMPLETE
1.0,OP_AVAIL_MLE_BASE_CAPACITY_AVAIL_SEVERE_JOINT_30_17,09dd6a02704a76b898325b52b4363a32298cf6aae27d0251169ccffc8a2245ac,TASK3_OPERATIONAL_POOLED_V1,CAPACITY_AVAIL_SEVERE_JOINT_30_17,LOCAL_WINDOW_HPP_BASE,47,300.000000000,334.574566537,385,341,0,24,3,17,44,385,0,0,0,1.300614373,4.606451042,4.364296778,8.549638900,5.664911151,10.302588185,0.000000000,0.000000000,0.000000000,40.483092969,45.120770003,0.836883696,0.879958593,44,0.114285714,34.574566537,true,COMPLETE
1.0,OP_AVAIL_MLE_BASE_CAPACITY_AVAIL_SEVERE_JOINT_30_17,09dd6a02704a76b898325b52b4363a32298cf6aae27d0251169ccffc8a2245ac,TASK3_OPERATIONAL_POOLED_V1,CAPACITY_AVAIL_SEVERE_JOINT_30_17,LOCAL_WINDOW_HPP_BASE,48,300.000000000,351.662411593,416,348,7,30,14,17,68,416,0,0,0,4.669238507,13.880378532,4.988708396,11.543438695,9.657946903,19.844546953,0.000000000,0.000000000,0.000000000,44.476128721,54.662728771,0.860329238,0.904610890,68,0.163461538,51.662411593,true,COMPLETE
1.0,OP_AVAIL_MLE_BASE_CAPACITY_AVAIL_SEVERE_JOINT_30_17,09dd6a02704a76b898325b52b4363a32298cf6aae27d0251169ccffc8a2245ac,TASK3_OPERATIONAL_POOLED_V1,CAPACITY_AVAIL_SEVERE_JOINT_30_17,LOCAL_WINDOW_HPP_BASE,49,300.000000000,360.162061883,423,344,14,30,18,17,79,423,0,0,0,8.467847565,14.485345829,7.433410859,14.927986418,15.901258424,26.288110743,0.000000000,0.000000000,0.000000000,50.719440242,61.106292561,0.854160935,0.898125101,79,0.186761229,60.162061883,true,COMPLETE
1.0,OP_AVAIL_MLE_BASE_CAPACITY_AVAIL_SEVERE_JOINT_30_17,09dd6a02704a76b898325b52b4363a32298cf6aae27d0251169ccffc8a2245ac,TASK3_OPERATIONAL_POOLED_V1,CAPACITY_AVAIL_SEVERE_JOINT_30_17,LOCAL_WINDOW_HPP_BASE,50,300.000000000,357.740819574,414,338,15,30,14,17,76,414,0,0,0,4.234177349,11.349180233,5.578401649,12.546028981,9.812578998,22.653720526,0.000000000,0.000000000,0.000000000,44.630760816,57.471902344,0.841645383,0.884965366,76,0.183574879,57.740819574,true,COMPLETE
1.0,OP_AVAIL_EXACT95_HIGH_CAPACITY_AVAIL_SEVERE_JOINT_30_17,a057757b86744a2376d6921c93be4ae7953b03831df8f0f4d342c33923c7e7f5,TASK3_OPERATIONAL_POOLED_V1,CAPACITY_AVAIL_SEVERE_JOINT_30_17,LOCAL_WINDOW_HPP_EXACT95_HIGH,1,300.000000000,467.437841854,564,346,156,30,15,17,218,564,0,0,0,53.484913374,105.942784976,9.630392373,19.090909094,63.115305747,124.697981612,0.000000000,0.000000000,0.000000000,97.933487565,159.516163430,0.877510936,0.922676940,218,0.386524823,167.437841854,true,COMPLETE
1.0,OP_AVAIL_EXACT95_HIGH_CAPACITY_AVAIL_SEVERE_JOINT_30_17,a057757b86744a2376d6921c93be4ae7953b03831df8f0f4d342c33923c7e7f5,TASK3_OPERATIONAL_POOLED_V1,CAPACITY_AVAIL_SEVERE_JOINT_30_17,LOCAL_WINDOW_HPP_EXACT95_HIGH,2,300.000000000,486.796284050,593,348,173,30,25,17,245,593,0,0,0,64.077132297,125.230575671,12.952842347,23.996432343,77.029974644,149.147013530,0.000000000,0.000000000,0.000000000,111.848156462,183.965195348,0.885940878,0.931540776,245,0.413153457,186.796284050,true,COMPLETE
1.0,OP_AVAIL_EXACT95_HIGH_CAPACITY_AVAIL_SEVERE_JOINT_30_17,a057757b86744a2376d6921c93be4ae7953b03831df8f0f4d342c33923c7e7f5,TASK3_OPERATIONAL_POOLED_V1,CAPACITY_AVAIL_SEVERE_JOINT_30_17,LOCAL_WINDOW_HPP_EXACT95_HIGH,3,300.000000000,505.269343786,617,349,197,30,24,17,268,617,0,0,0,64.356172093,135.294812446,14.415620751,26.771026525,78.771792843,159.772720921,0.000000000,0.000000000,0.000000000,113.589974661,194.590902739,0.888095188,0.933805969,268,0.434359806,205.269343786,true,COMPLETE
1.0,OP_AVAIL_EXACT95_HIGH_CAPACITY_AVAIL_SEVERE_JOINT_30_17,a057757b86744a2376d6921c93be4ae7953b03831df8f0f4d342c33923c7e7f5,TASK3_OPERATIONAL_POOLED_V1,CAPACITY_AVAIL_SEVERE_JOINT_30_17,LOCAL_WINDOW_HPP_EXACT95_HIGH,4,300.000000000,464.889755364,562,349,142,30,24,17,213,562,0,0,0,48.877792175,94.181837480,13.928437275,25.173292441,62.806229450,118.539553346,0.000000000,0.000000000,0.000000000,97.624411268,153.357735164,0.879191826,0.924444346,213,0.379003559,164.889755364,true,COMPLETE
1.0,OP_AVAIL_EXACT95_HIGH_CAPACITY_AVAIL_SEVERE_JOINT_30_17,a057757b86744a2376d6921c93be4ae7953b03831df8f0f4d342c33923c7e7f5,TASK3_OPERATIONAL_POOLED_V1,CAPACITY_AVAIL_SEVERE_JOINT_30_17,LOCAL_WINDOW_HPP_EXACT95_HIGH,5,300.000000000,484.932196309,591,347,172,30,25,17,244,591,0,0,0,60.733700053,120.292754082,12.039330953,22.415033892,72.773031007,144.055550522,0.000000000,0.000000000,0.000000000,107.591212825,178.873732340,0.886346968,0.931967768,244,0.412859560,184.932196309,true,COMPLETE
1.0,OP_AVAIL_EXACT95_HIGH_CAPACITY_AVAIL_SEVERE_JOINT_30_17,a057757b86744a2376d6921c93be4ae7953b03831df8f0f4d342c33923c7e7f5,TASK3_OPERATIONAL_POOLED_V1,CAPACITY_AVAIL_SEVERE_JOINT_30_17,LOCAL_WINDOW_HPP_EXACT95_HIGH,6,300.000000000,469.456955958,571,349,151,30,24,17,222,571,0,0,0,53.467033833,105.840632188,13.771792417,25.835131318,67.238826250,127.422549304,0.000000000,0.000000000,0.000000000,102.057008068,162.240731122,0.884581051,0.930110958,222,0.388791594,169.456955958,true,COMPLETE
1.0,OP_AVAIL_EXACT95_HIGH_CAPACITY_AVAIL_SEVERE_JOINT_30_17,a057757b86744a2376d6921c93be4ae7953b03831df8f0f4d342c33923c7e7f5,TASK3_OPERATIONAL_POOLED_V1,CAPACITY_AVAIL_SEVERE_JOINT_30_17,LOCAL_WINDOW_HPP_EXACT95_HIGH,7,300.000000000,471.374341241,574,346,154,30,27,17,228,574,0,0,0,53.496494300,107.329045162,12.744555146,24.151175078,66.241049447,128.335573818,0.000000000,0.000000000,0.000000000,101.059231265,163.153755636,0.885611517,0.931194463,228,0.397212544,171.374341241,true,COMPLETE
1.0,OP_AVAIL_EXACT95_HIGH_CAPACITY_AVAIL_SEVERE_JOINT_30_17,a057757b86744a2376d6921c93be4ae7953b03831df8f0f4d342c33923c7e7f5,TASK3_OPERATIONAL_POOLED_V1,CAPACITY_AVAIL_SEVERE_JOINT_30_17,LOCAL_WINDOW_HPP_EXACT95_HIGH,8,300.000000000,460.894774842,559,349,139,30,24,17,210,559,0,0,0,52.240669285,98.523039949,12.468469304,22.604672332,64.709138589,120.721298657,0.000000000,0.000000000,0.000000000,99.527320407,155.539480475,0.882078680,0.927479788,210,0.375670841,160.894774842,true,COMPLETE
1.0,OP_AVAIL_EXACT95_HIGH_CAPACITY_AVAIL_SEVERE_JOINT_30_17,a057757b86744a2376d6921c93be4ae7953b03831df8f0f4d342c33923c7e7f5,TASK3_OPERATIONAL_POOLED_V1,CAPACITY_AVAIL_SEVERE_JOINT_30_17,LOCAL_WINDOW_HPP_EXACT95_HIGH,9,300.000000000,501.659127920,612,345,195,30,25,17,267,612,0,0,0,65.918006414,136.047660125,12.493465594,23.310309801,78.411472009,158.327823036,0.000000000,0.000000000,0.000000000,113.229653827,193.146004854,0.887237736,0.932904385,267,0.436274510,201.659127920,true,COMPLETE
1.0,OP_AVAIL_EXACT95_HIGH_CAPACITY_AVAIL_SEVERE_JOINT_30_17,a057757b86744a2376d6921c93be4ae7953b03831df8f0f4d342c33923c7e7f5,TASK3_OPERATIONAL_POOLED_V1,CAPACITY_AVAIL_SEVERE_JOINT_30_17,LOCAL_WINDOW_HPP_EXACT95_HIGH,10,300.000000000,461.044396202,560,349,140,30,24,17,211,560,0,0,0,54.288290562,96.137563382,16.038383760,29.069220204,70.326674322,120.065032359,0.000000000,0.000000000,0.000000000,105.144856140,154.883214177,0.883369868,0.928837434,211,0.376785714,161.044396202,true,COMPLETE
1.0,OP_AVAIL_EXACT95_HIGH_CAPACITY_AVAIL_SEVERE_JOINT_30_17,a057757b86744a2376d6921c93be4ae7953b03831df8f0f4d342c33923c7e7f5,TASK3_OPERATIONAL_POOLED_V1,CAPACITY_AVAIL_SEVERE_JOINT_30_17,LOCAL_WINDOW_HPP_EXACT95_HIGH,11,300.000000000,441.185091683,534,349,114,30,24,17,185,534,0,0,0,47.706330228,84.353652127,12.761300767,23.031844358,60.467630995,106.387083606,0.000000000,0.000000000,0.000000000,95.285812813,141.205265424,0.880273708,0.925581913,185,0.346441948,141.185091683,true,COMPLETE
1.0,OP_AVAIL_EXACT95_HIGH_CAPACITY_AVAIL_SEVERE_JOINT_30_17,a057757b86744a2376d6921c93be4ae7953b03831df8f0f4d342c33923c7e7f5,TASK3_OPERATIONAL_POOLED_V1,CAPACITY_AVAIL_SEVERE_JOINT_30_17,LOCAL_WINDOW_HPP_EXACT95_HIGH,12,300.000000000,474.558600874,577,349,157,30,24,17,228,577,0,0,0,61.690380501,111.554845764,13.230350646,24.810151406,74.920731148,133.248934852,0.000000000,0.000000000,0.000000000,109.738912966,168.067116670,0.884266691,0.929780418,228,0.395147314,174.558600874,true,COMPLETE
1.0,OP_AVAIL_EXACT95_HIGH_CAPACITY_AVAIL_SEVERE_JOINT_30_17,a057757b86744a2376d6921c93be4ae7953b03831df8f0f4d342c33923c7e7f5,TASK3_OPERATIONAL_POOLED_V1,CAPACITY_AVAIL_SEVERE_JOINT_30_17,LOCAL_WINDOW_HPP_EXACT95_HIGH,13,300.000000000,486.904775963,594,347,176,30,24,17,247,594,0,0,0,61.710231742,122.924648410,12.589768658,23.508055622,74.300000400,146.339395991,0.000000000,0.000000000,0.000000000,109.118182218,181.157577809,0.887237138,0.932903756,247,0.415824916,186.904775963,true,COMPLETE
1.0,OP_AVAIL_EXACT95_HIGH_CAPACITY_AVAIL_SEVERE_JOINT_30_17,a057757b86744a2376d6921c93be4ae7953b03831df8f0f4d342c33923c7e7f5,TASK3_OPERATIONAL_POOLED_V1,CAPACITY_AVAIL_SEVERE_JOINT_30_17,LOCAL_WINDOW_HPP_EXACT95_HIGH,14,300.000000000,474.443844307,577,349,159,30,22,17,228,577,0,0,0,51.171005272,108.258179820,12.654296975,22.821316344,63.825302247,130.299184179,0.000000000,0.000000000,0.000000000,98.643484065,165.117365997,0.884480574,0.930005309,228,0.395147314,174.443844307,true,COMPLETE
1.0,OP_AVAIL_EXACT95_HIGH_CAPACITY_AVAIL_SEVERE_JOINT_30_17,a057757b86744a2376d6921c93be4ae7953b03831df8f0f4d342c33923c7e7f5,TASK3_OPERATIONAL_POOLED_V1,CAPACITY_AVAIL_SEVERE_JOINT_30_17,LOCAL_WINDOW_HPP_EXACT95_HIGH,15,300.000000000,495.181710451,604,348,184,30,25,17,256,604,0,0,0,69.482770707,132.224789850,12.865228280,23.883804205,82.347998986,155.405385159,0.000000000,0.000000000,0.000000000,117.166180804,190.223566977,0.887094006,0.932753256,256,0.423841060,195.181710451,true,COMPLETE
1.0,OP_AVAIL_EXACT95_HIGH_CAPACITY_AVAIL_SEVERE_JOINT_30_17,a057757b86744a2376d6921c93be4ae7953b03831df8f0f4d342c33923c7e7f5,TASK3_OPERATIONAL_POOLED_V1,CAPACITY_AVAIL_SEVERE_JOINT_30_17,LOCAL_WINDOW_HPP_EXACT95_HIGH,16,300.000000000,454.951506737,549,347,134,30,21,17,202,549,0,0,0,44.972671039,94.631272889,11.136900627,20.514306442,56.109571666,114.155450064,0.000000000,0.000000000,0.000000000,90.927753484,148.973631882,0.877616013,0.922787425,202,0.367941712,154.951506737,true,COMPLETE
1.0,OP_AVAIL_EXACT95_HIGH_CAPACITY_AVAIL_SEVERE_JOINT_30_17,a057757b86744a2376d6921c93be4ae7953b03831df8f0f4d342c33923c7e7f5,TASK3_OPERATIONAL_POOLED_V1,CAPACITY_AVAIL_SEVERE_JOINT_30_17,LOCAL_WINDOW_HPP_EXACT95_HIGH,17,300.000000000,453.604600084,550,348,135,30,20,17,202,550,0,0,0,49.771246623,95.891031898,11.221747459,20.787320543,60.992994083,115.712814656,0.000000000,0.000000000,0.000000000,95.811175901,150.530996474,0.881825272,0.927213338,202,0.367272727,153.604600084,true,COMPLETE
1.0,OP_AVAIL_EXACT95_HIGH_CAPACITY_AVAIL_SEVERE_JOINT_30_17,a057757b86744a2376d6921c93be4ae7953b03831df8f0f4d342c33923c7e7f5,TASK3_OPERATIONAL_POOLED_V1,CAPACITY_AVAIL_SEVERE_JOINT_30_17,LOCAL_WINDOW_HPP_EXACT95_HIGH,18,300.000000000,491.576061119,598,349,178,30,24,17,249,598,0,0,0,57.134471477,121.365480264,12.795282203,24.168625194,69.929753680,146.120212213,0.000000000,0.000000000,0.000000000,104.747935498,180.938394031,0.884723902,0.930261162,249,0.416387960,191.576061119,true,COMPLETE
1.0,OP_AVAIL_EXACT95_HIGH_CAPACITY_AVAIL_SEVERE_JOINT_30_17,a057757b86744a2376d6921c93be4ae7953b03831df8f0f4d342c33923c7e7f5,TASK3_OPERATIONAL_POOLED_V1,CAPACITY_AVAIL_SEVERE_JOINT_30_17,LOCAL_WINDOW_HPP_EXACT95_HIGH,19,300.000000000,455.451331238,550,347,132,30,24,17,203,550,0,0,0,44.637882676,90.575523549,11.644943614,21.391908241,56.282826290,110.323675840,0.000000000,0.000000000,0.000000000,91.101008108,145.141857658,0.878249711,0.923453740,203,0.369090909,155.451331238,true,COMPLETE
1.0,OP_AVAIL_EXACT95_HIGH_CAPACITY_AVAIL_SEVERE_JOINT_30_17,a057757b86744a2376d6921c93be4ae7953b03831df8f0f4d342c33923c7e7f5,TASK3_OPERATIONAL_POOLED_V1,CAPACITY_AVAIL_SEVERE_JOINT_30_17,LOCAL_WINDOW_HPP_EXACT95_HIGH,20,300.000000000,478.478644455,581,347,165,30,22,17,234,581,0,0,0,48.308070223,111.297204181,11.782959104,21.702068444,60.091029327,132.452692072,0.000000000,0.000000000,0.000000000,94.909211145,167.270873890,0.883102014,0.928555794,234,0.402753873,178.478644455,true,COMPLETE
1.0,OP_AVAIL_EXACT95_HIGH_CAPACITY_AVAIL_SEVERE_JOINT_30_17,a057757b86744a2376d6921c93be4ae7953b03831df8f0f4d342c33923c7e7f5,TASK3_OPERATIONAL_POOLED_V1,CAPACITY_AVAIL_SEVERE_JOINT_30_17,LOCAL_WINDOW_HPP_EXACT95_HIGH,21,300.000000000,458.125250058,556,349,138,30,22,17,207,556,0,0,0,46.660218910,94.534445229,12.163258105,22.752101006,58.823477015,117.288764428,0.000000000,0.000000000,0.000000000,93.641658833,152.106946246,0.882648656,0.928079102,207,0.372302158,158.125250058,true,COMPLETE
1.0,OP_AVAIL_EXACT95_HIGH_CAPACITY_AVAIL_SEVERE_JOINT_30_17,a057757b86744a2376d6921c93be4ae7953b03831df8f0f4d342c33923c7e7f5,TASK3_OPERATIONAL_POOLED_V1,CAPACITY_AVAIL_SEVERE_JOINT_30_17,LOCAL_WINDOW_HPP_EXACT95_HIGH,22,300.000000000,445.277519021,537,346,118,30,26,17,191,537,0,0,0,45.230786536,85.065695139,11.485828663,21.499155850,56.716615199,105.902110800,0.000000000,0.000000000,0.000000000,91.534797017,140.720292618,0.877083252,0.922227243,191,0.355679702,145.277519021,true,COMPLETE
1.0,OP_AVAIL_EXACT95_HIGH_CAPACITY_AVAIL_SEVERE_JOINT_30_17,a057757b86744a2376d6921c93be4ae7953b03831df8f0f4d342c33923c7e7f5,TASK3_OPERATIONAL_POOLED_V1,CAPACITY_AVAIL_SEVERE_JOINT_30_17,LOCAL_WINDOW_HPP_EXACT95_HIGH,23,300.000000000,475.016093399,576,346,162,30,21,17,230,576,0,0,0,52.135128767,113.664549630,11.545721134,21.482362642,63.680849901,135.547695439,0.000000000,0.000000000,0.000000000,98.499031719,170.365877257,0.881883997,0.927275085,230,0.399305556,175.016093399,true,COMPLETE
1.0,OP_AVAIL_EXACT95_HIGH_CAPACITY_AVAIL_SEVERE_JOINT_30_17,a057757b86744a2376d6921c93be4ae7953b03831df8f0f4d342c33923c7e7f5,TASK3_OPERATIONAL_POOLED_V1,CAPACITY_AVAIL_SEVERE_JOINT_30_17,LOCAL_WINDOW_HPP_EXACT95_HIGH,24,300.000000000,466.617213821,565,349,145,30,24,17,216,565,0,0,0,54.897504868,101.067367624,13.090389866,24.177755171,67.987894735,122.661494932,0.000000000,0.000000000,0.000000000,102.806076553,157.479676750,0.880612799,0.925938458,216,0.382300885,166.617213821,true,COMPLETE
1.0,OP_AVAIL_EXACT95_HIGH_CAPACITY_AVAIL_SEVERE_JOINT_30_17,a057757b86744a2376d6921c93be4ae7953b03831df8f0f4d342c33923c7e7f5,TASK3_OPERATIONAL_POOLED_V1,CAPACITY_AVAIL_SEVERE_JOINT_30_17,LOCAL_WINDOW_HPP_EXACT95_HIGH,25,300.000000000,439.931982460,530,347,111,30,25,17,183,530,0,0,0,41.684597757,78.897637685,11.228278551,20.445140176,52.912876308,100.649436398,0.000000000,0.000000000,0.000000000,87.731058126,135.467618216,0.876168501,0.921265409,183,0.345283019,139.931982460,true,COMPLETE
1.0,OP_AVAIL_EXACT95_HIGH_CAPACITY_AVAIL_SEVERE_JOINT_30_17,a057757b86744a2376d6921c93be4ae7953b03831df8f0f4d342c33923c7e7f5,TASK3_OPERATIONAL_POOLED_V1,CAPACITY_AVAIL_SEVERE_JOINT_30_17,LOCAL_WINDOW_HPP_EXACT95_HIGH,26,300.000000000,480.393615383,582,348,162,30,25,17,234,582,0,0,0,64.335178935,114.129502430,13.901247737,25.469898946,78.236426673,137.028673873,0.000000000,0.000000000,0.000000000,113.054608491,171.846855691,0.881095655,0.926446167,234,0.402061856,180.393615383,true,COMPLETE
1.0,OP_AVAIL_EXACT95_HIGH_CAPACITY_AVAIL_SEVERE_JOINT_30_17,a057757b86744a2376d6921c93be4ae7953b03831df8f0f4d342c33923c7e7f5,TASK3_OPERATIONAL_POOLED_V1,CAPACITY_AVAIL_SEVERE_JOINT_30_17,LOCAL_WINDOW_HPP_EXACT95_HIGH,27,300.000000000,465.295534958,563,348,148,30,20,17,215,563,0,0,0,56.025105275,99.946926758,10.973059870,20.568709636,66.998165146,121.324024083,0.000000000,0.000000000,0.000000000,101.816346964,156.142205901,0.879988125,0.925281632,215,0.381882771,165.295534958,true,COMPLETE
1.0,OP_AVAIL_EXACT95_HIGH_CAPACITY_AVAIL_SEVERE_JOINT_30_17,a057757b86744a2376d6921c93be4ae7953b03831df8f0f4d342c33923c7e7f5,TASK3_OPERATIONAL_POOLED_V1,CAPACITY_AVAIL_SEVERE_JOINT_30_17,LOCAL_WINDOW_HPP_EXACT95_HIGH,28,300.000000000,474.117145201,575,349,155,30,24,17,226,575,0,0,0,49.368265376,109.455181891,12.966803992,23.102097255,62.335069368,130.943950799,0.000000000,0.000000000,0.000000000,97.153251186,165.762132617,0.882022138,0.927420337,226,0.393043478,174.117145201,true,COMPLETE
1.0,OP_AVAIL_EXACT95_HIGH_CAPACITY_AVAIL_SEVERE_JOINT_30_17,a057757b86744a2376d6921c93be4ae7953b03831df8f0f4d342c33923c7e7f5,TASK3_OPERATIONAL_POOLED_V1,CAPACITY_AVAIL_SEVERE_JOINT_30_17,LOCAL_WINDOW_HPP_EXACT95_HIGH,29,300.000000000,426.939685907,513,349,98,30,19,17,164,513,0,0,0,39.173272668,70.865829393,10.548003455,20.040233987,49.721276123,90.821015332,0.000000000,0.000000000,0.000000000,84.539457941,125.639197150,0.873872637,0.918851375,164,0.319688109,126.939685907,true,COMPLETE
1.0,OP_AVAIL_EXACT95_HIGH_CAPACITY_AVAIL_SEVERE_JOINT_30_17,a057757b86744a2376d6921c93be4ae7953b03831df8f0f4d342c33923c7e7f5,TASK3_OPERATIONAL_POOLED_V1,CAPACITY_AVAIL_SEVERE_JOINT_30_17,LOCAL_WINDOW_HPP_EXACT95_HIGH,30,300.000000000,484.410334305,591,348,177,30,19,17,243,591,0,0,0,59.241074336,120.520709429,11.281859573,21.492660713,70.522933909,140.818288677,0.000000000,0.000000000,0.000000000,105.341115727,175.636470495,0.887301842,0.932971790,243,0.411167513,184.410334305,true,COMPLETE
1.0,OP_AVAIL_EXACT95_HIGH_CAPACITY_AVAIL_SEVERE_JOINT_30_17,a057757b86744a2376d6921c93be4ae7953b03831df8f0f4d342c33923c7e7f5,TASK3_OPERATIONAL_POOLED_V1,CAPACITY_AVAIL_SEVERE_JOINT_30_17,LOCAL_WINDOW_HPP_EXACT95_HIGH,31,300.000000000,495.933528267,606,349,186,30,24,17,257,606,0,0,0,68.379185459,130.727342745,14.379000090,25.929889168,82.758185549,154.832398141,0.000000000,0.000000000,0.000000000,117.576367367,189.650579959,0.888682147,0.934423140,257,0.424092409,195.933528267,true,COMPLETE
1.0,OP_AVAIL_EXACT95_HIGH_CAPACITY_AVAIL_SEVERE_JOINT_30_17,a057757b86744a2376d6921c93be4ae7953b03831df8f0f4d342c33923c7e7f5,TASK3_OPERATIONAL_POOLED_V1,CAPACITY_AVAIL_SEVERE_JOINT_30_17,LOCAL_WINDOW_HPP_EXACT95_HIGH,32,300.000000000,455.011405676,551,349,131,30,24,17,202,551,0,0,0,51.513917851,92.547149162,13.386518266,24.200745786,64.900436117,113.235004479,0.000000000,0.000000000,0.000000000,99.718617935,148.053186297,0.880697204,0.926027207,202,0.366606171,155.011405676,true,COMPLETE
1.0,OP_AVAIL_EXACT95_HIGH_CAPACITY_AVAIL_SEVERE_JOINT_30_17,a057757b86744a2376d6921c93be4ae7953b03831df8f0f4d342c33923c7e7f5,TASK3_OPERATIONAL_POOLED_V1,CAPACITY_AVAIL_SEVERE_JOINT_30_17,LOCAL_WINDOW_HPP_EXACT95_HIGH,33,300.000000000,471.513270510,573,348,156,30,22,17,225,573,0,0,0,52.158032268,110.021816447,12.000239275,22.402451572,64.158271543,130.748918095,0.000000000,0.000000000,0.000000000,98.976453361,165.567099913,0.883808153,0.929298279,225,0.392670157,171.513270510,true,COMPLETE
1.0,OP_AVAIL_EXACT95_HIGH_CAPACITY_AVAIL_SEVERE_JOINT_30_17,a057757b86744a2376d6921c93be4ae7953b03831df8f0f4d342c33923c7e7f5,TASK3_OPERATIONAL_POOLED_V1,CAPACITY_AVAIL_SEVERE_JOINT_30_17,LOCAL_WINDOW_HPP_EXACT95_HIGH,34,300.000000000,482.475660103,587,348,167,30,25,17,239,587,0,0,0,60.644471486,119.276020893,13.440659584,25.067401719,74.085131071,141.518056805,0.000000000,0.000000000,0.000000000,108.903312889,176.336238623,0.884830316,0.930373053,239,0.407155026,182.475660103,true,COMPLETE
1.0,OP_AVAIL_EXACT95_HIGH_CAPACITY_AVAIL_SEVERE_JOINT_30_17,a057757b86744a2376d6921c93be4ae7953b03831df8f0f4d342c33923c7e7f5,TASK3_OPERATIONAL_POOLED_V1,CAPACITY_AVAIL_SEVERE_JOINT_30_17,LOCAL_WINDOW_HPP_EXACT95_HIGH,35,300.000000000,453.243325526,548,349,128,30,24,17,199,548,0,0,0,42.576272517,90.348806458,12.323046695,22.521321853,54.899319212,110.292910963,0.000000000,0.000000000,0.000000000,89.717501030,145.111092781,0.879318971,0.924578036,199,0.363138686,153.243325526,true,COMPLETE
1.0,OP_AVAIL_EXACT95_HIGH_CAPACITY_AVAIL_SEVERE_JOINT_30_17,a057757b86744a2376d6921c93be4ae7953b03831df8f0f4d342c33923c7e7f5,TASK3_OPERATIONAL_POOLED_V1,CAPACITY_AVAIL_SEVERE_JOINT_30_17,LOCAL_WINDOW_HPP_EXACT95_HIGH,36,300.000000000,468.518863758,567,347,152,30,21,17,220,567,0,0,0,52.883796119,106.903328009,11.811988433,21.726110377,64.695784553,128.435048369,0.000000000,0.000000000,0.000000000,99.513966371,163.253230187,0.880143081,0.925444563,220,0.388007055,168.518863758,true,COMPLETE
1.0,OP_AVAIL_EXACT95_HIGH_CAPACITY_AVAIL_SEVERE_JOINT_30_17,a057757b86744a2376d6921c93be4ae7953b03831df8f0f4d342c33923c7e7f5,TASK3_OPERATIONAL_POOLED_V1,CAPACITY_AVAIL_SEVERE_JOINT_30_17,LOCAL_WINDOW_HPP_EXACT95_HIGH,37,300.000000000,458.962434282,556,348,143,30,18,17,208,556,0,0,0,49.501400006,102.363084097,10.511243630,19.657931354,60.012643636,123.097571150,0.000000000,0.000000000,0.000000000,94.830825454,157.915752968,0.881038634,0.926386211,208,0.374100719,158.962434282,true,COMPLETE
1.0,OP_AVAIL_EXACT95_HIGH_CAPACITY_AVAIL_SEVERE_JOINT_30_17,a057757b86744a2376d6921c93be4ae7953b03831df8f0f4d342c33923c7e7f5,TASK3_OPERATIONAL_POOLED_V1,CAPACITY_AVAIL_SEVERE_JOINT_30_17,LOCAL_WINDOW_HPP_EXACT95_HIGH,38,300.000000000,454.760768785,550,346,140,30,17,17,204,550,0,0,0,50.542470951,97.136494808,9.725369247,19.244308886,60.267840199,114.518591556,0.000000000,0.000000000,0.000000000,95.086022017,149.336773374,0.879583349,0.924856021,204,0.370909091,154.760768785,true,COMPLETE
1.0,OP_AVAIL_EXACT95_HIGH_CAPACITY_AVAIL_SEVERE_JOINT_30_17,a057757b86744a2376d6921c93be4ae7953b03831df8f0f4d342c33923c7e7f5,TASK3_OPERATIONAL_POOLED_V1,CAPACITY_AVAIL_SEVERE_JOINT_30_17,LOCAL_WINDOW_HPP_EXACT95_HIGH,39,300.000000000,478.299460375,581,348,162,30,24,17,233,581,0,0,0,57.258495041,115.782007768,12.365479141,22.798246570,69.623974183,137.966476534,0.000000000,0.000000000,0.000000000,104.442156001,172.784658352,0.883432848,0.928903657,233,0.401032702,178.299460375,true,COMPLETE
1.0,OP_AVAIL_EXACT95_HIGH_CAPACITY_AVAIL_SEVERE_JOINT_30_17,a057757b86744a2376d6921c93be4ae7953b03831df8f0f4d342c33923c7e7f5,TASK3_OPERATIONAL_POOLED_V1,CAPACITY_AVAIL_SEVERE_JOINT_30_17,LOCAL_WINDOW_HPP_EXACT95_HIGH,40,300.000000000,491.201149903,596,349,180,30,20,17,247,596,0,0,0,61.076596276,122.645026408,11.626097921,21.919132511,72.702694197,145.579673491,0.000000000,0.000000000,0.000000000,107.520876015,180.397855309,0.882437970,0.927857571,247,0.414429530,191.201149903,true,COMPLETE
1.0,OP_AVAIL_EXACT95_HIGH_CAPACITY_AVAIL_SEVERE_JOINT_30_17,a057757b86744a2376d6921c93be4ae7953b03831df8f0f4d342c33923c7e7f5,TASK3_OPERATIONAL_POOLED_V1,CAPACITY_AVAIL_SEVERE_JOINT_30_17,LOCAL_WINDOW_HPP_EXACT95_HIGH,41,300.000000000,465.205101519,562,349,142,30,24,17,213,562,0,0,0,52.372241903,102.518306653,12.900916863,23.733962235,65.273158766,126.282958781,0.000000000,0.000000000,0.000000000,100.091340584,161.101140599,0.878595852,0.923817698,213,0.379003559,165.205101519,true,COMPLETE
1.0,OP_AVAIL_EXACT95_HIGH_CAPACITY_AVAIL_SEVERE_JOINT_30_17,a057757b86744a2376d6921c93be4ae7953b03831df8f0f4d342c33923c7e7f5,TASK3_OPERATIONAL_POOLED_V1,CAPACITY_AVAIL_SEVERE_JOINT_30_17,LOCAL_WINDOW_HPP_EXACT95_HIGH,42,300.000000000,483.992763615,591,348,172,30,24,17,243,591,0,0,0,64.607065264,123.265053832,12.173811676,22.550943403,76.780876940,143.897126653,0.000000000,0.000000000,0.000000000,111.599058758,178.715308471,0.888067372,0.933776722,243,0.411167513,183.992763615,true,COMPLETE
1.0,OP_AVAIL_EXACT95_HIGH_CAPACITY_AVAIL_SEVERE_JOINT_30_17,a057757b86744a2376d6921c93be4ae7953b03831df8f0f4d342c33923c7e7f5,TASK3_OPERATIONAL_POOLED_V1,CAPACITY_AVAIL_SEVERE_JOINT_30_17,LOCAL_WINDOW_HPP_EXACT95_HIGH,43,300.000000000,465.197227725,562,349,144,30,22,17,213,562,0,0,0,53.042814134,99.405901381,11.594122136,21.518934091,64.636936270,120.246848569,0.000000000,0.000000000,0.000000000,99.455118088,155.065030387,0.878610723,0.923833334,213,0.379003559,165.197227725,true,COMPLETE
1.0,OP_AVAIL_EXACT95_HIGH_CAPACITY_AVAIL_SEVERE_JOINT_30_17,a057757b86744a2376d6921c93be4ae7953b03831df8f0f4d342c33923c7e7f5,TASK3_OPERATIONAL_POOLED_V1,CAPACITY_AVAIL_SEVERE_JOINT_30_17,LOCAL_WINDOW_HPP_EXACT95_HIGH,44,300.000000000,486.589130622,591,345,179,30,20,17,246,591,0,0,0,59.772219985,123.607563430,11.455546057,21.547034364,71.227766042,145.553092262,0.000000000,0.000000000,0.000000000,106.045947860,180.371274080,0.883328777,0.928794229,246,0.416243655,186.589130622,true,COMPLETE
1.0,OP_AVAIL_EXACT95_HIGH_CAPACITY_AVAIL_SEVERE_JOINT_30_17,a057757b86744a2376d6921c93be4ae7953b03831df8f0f4d342c33923c7e7f5,TASK3_OPERATIONAL_POOLED_V1,CAPACITY_AVAIL_SEVERE_JOINT_30_17,LOCAL_WINDOW_HPP_EXACT95_HIGH,45,300.000000000,499.880615718,609,349,189,30,24,17,260,609,0,0,0,66.751235696,132.985470344,13.081830381,23.689396889,79.833066077,156.378890004,0.000000000,0.000000000,0.000000000,114.651247895,191.197071822,0.886029738,0.931634210,260,0.426929392,199.880615718,true,COMPLETE
1.0,OP_AVAIL_EXACT95_HIGH_CAPACITY_AVAIL_SEVERE_JOINT_30_17,a057757b86744a2376d6921c93be4ae7953b03831df8f0f4d342c33923c7e7f5,TASK3_OPERATIONAL_POOLED_V1,CAPACITY_AVAIL_SEVERE_JOINT_30_17,LOCAL_WINDOW_HPP_EXACT95_HIGH,46,300.000000000,468.223660150,564,345,144,30,28,17,219,564,0,0,0,51.233776093,105.690970167,13.064532490,24.275373653,64.298308583,126.381316943,0.000000000,0.000000000,0.000000000,99.116490401,161.199498761,0.876038212,0.921128414,219,0.388297872,168.223660150,true,COMPLETE
1.0,OP_AVAIL_EXACT95_HIGH_CAPACITY_AVAIL_SEVERE_JOINT_30_17,a057757b86744a2376d6921c93be4ae7953b03831df8f0f4d342c33923c7e7f5,TASK3_OPERATIONAL_POOLED_V1,CAPACITY_AVAIL_SEVERE_JOINT_30_17,LOCAL_WINDOW_HPP_EXACT95_HIGH,47,300.000000000,431.122991686,521,349,101,30,24,17,172,521,0,0,0,34.713971132,73.754709613,11.078258694,20.265418545,45.792229827,93.668021107,0.000000000,0.000000000,0.000000000,80.610411645,128.486202925,0.878888619,0.924125534,172,0.330134357,131.122991686,true,COMPLETE
1.0,OP_AVAIL_EXACT95_HIGH_CAPACITY_AVAIL_SEVERE_JOINT_30_17,a057757b86744a2376d6921c93be4ae7953b03831df8f0f4d342c33923c7e7f5,TASK3_OPERATIONAL_POOLED_V1,CAPACITY_AVAIL_SEVERE_JOINT_30_17,LOCAL_WINDOW_HPP_EXACT95_HIGH,48,300.000000000,453.573320219,548,349,132,30,20,17,199,548,0,0,0,50.657053197,93.819729586,10.712885123,20.298901485,61.369938320,114.175603691,0.000000000,0.000000000,0.000000000,96.188120138,148.993785509,0.878679227,0.923905364,199,0.363138686,153.573320219,true,COMPLETE
1.0,OP_AVAIL_EXACT95_HIGH_CAPACITY_AVAIL_SEVERE_JOINT_30_17,a057757b86744a2376d6921c93be4ae7953b03831df8f0f4d342c33923c7e7f5,TASK3_OPERATIONAL_POOLED_V1,CAPACITY_AVAIL_SEVERE_JOINT_30_17,LOCAL_WINDOW_HPP_EXACT95_HIGH,49,300.000000000,467.773432792,569,349,150,30,23,17,220,569,0,0,0,58.372872764,106.049243095,12.107611113,22.935930191,70.480483876,125.755848446,0.000000000,0.000000000,0.000000000,105.298665694,160.574030264,0.884655162,0.930188883,220,0.386643234,167.773432792,true,COMPLETE
1.0,OP_AVAIL_EXACT95_HIGH_CAPACITY_AVAIL_SEVERE_JOINT_30_17,a057757b86744a2376d6921c93be4ae7953b03831df8f0f4d342c33923c7e7f5,TASK3_OPERATIONAL_POOLED_V1,CAPACITY_AVAIL_SEVERE_JOINT_30_17,LOCAL_WINDOW_HPP_EXACT95_HIGH,50,300.000000000,483.507307034,589,349,169,30,24,17,240,589,0,0,0,57.340830331,116.593352236,14.121539832,25.655871776,71.462370162,141.144890504,0.000000000,0.000000000,0.000000000,106.280551980,175.963072322,0.885950698,0.931551102,240,0.407470289,183.507307034,true,COMPLETE
1.0,OP_AVAIL_EXACT95_LOW_CAPACITY_AVAIL_SEVERE_JOINT_30_17,81780aaca4c91f52a7bd742048fa471e5f30c577c67881ba50fbd8b7f3cfb3f3,TASK3_OPERATIONAL_POOLED_V1,CAPACITY_AVAIL_SEVERE_JOINT_30_17,LOCAL_WINDOW_HPP_EXACT95_LOW,1,300.000000000,333.378284734,313,277,0,22,0,14,36,313,0,0,0,0.067198823,0.000000000,0.198567889,1.649433408,0.265766712,2.637833767,0.000000000,0.000000000,0.000000000,35.083948530,37.456015585,0.682817010,0.717962003,36,0.115015974,33.378284734,true,COMPLETE
1.0,OP_AVAIL_EXACT95_LOW_CAPACITY_AVAIL_SEVERE_JOINT_30_17,81780aaca4c91f52a7bd742048fa471e5f30c577c67881ba50fbd8b7f3cfb3f3,TASK3_OPERATIONAL_POOLED_V1,CAPACITY_AVAIL_SEVERE_JOINT_30_17,LOCAL_WINDOW_HPP_EXACT95_LOW,2,300.000000000,332.283944051,299,263,0,20,0,16,36,299,0,0,0,0.000000000,0.000000000,0.125041947,1.064845499,0.125041947,1.064845499,0.000000000,0.000000000,0.000000000,34.943223765,35.883027317,0.654423873,0.688107454,36,0.120401338,32.283944051,true,COMPLETE
1.0,OP_AVAIL_EXACT95_LOW_CAPACITY_AVAIL_SEVERE_JOINT_30_17,81780aaca4c91f52a7bd742048fa471e5f30c577c67881ba50fbd8b7f3cfb3f3,TASK3_OPERATIONAL_POOLED_V1,CAPACITY_AVAIL_SEVERE_JOINT_30_17,LOCAL_WINDOW_HPP_EXACT95_LOW,3,300.000000000,334.763588245,285,251,0,27,0,7,34,285,0,0,0,0.269998723,2.311199420,0.661971826,3.699182788,0.931970549,4.818278657,0.000000000,0.000000000,0.000000000,35.750152367,39.636460475,0.619161505,0.651030112,34,0.119298246,34.763588245,true,COMPLETE
1.0,OP_AVAIL_EXACT95_LOW_CAPACITY_AVAIL_SEVERE_JOINT_30_17,81780aaca4c91f52a7bd742048fa471e5f30c577c67881ba50fbd8b7f3cfb3f3,TASK3_OPERATIONAL_POOLED_V1,CAPACITY_AVAIL_SEVERE_JOINT_30_17,LOCAL_WINDOW_HPP_EXACT95_LOW,4,300.000000000,334.214032222,293,254,0,27,0,12,39,293,0,0,0,0.002969327,0.000000000,0.201257558,2.023381399,0.204226885,2.042748728,0.000000000,0.000000000,0.000000000,35.022408703,36.860930546,0.637588158,0.670405195,39,0.133105802,34.214032222,true,COMPLETE
1.0,OP_AVAIL_EXACT95_LOW_CAPACITY_AVAIL_SEVERE_JOINT_30_17,81780aaca4c91f52a7bd742048fa471e5f30c577c67881ba50fbd8b7f3cfb3f3,TASK3_OPERATIONAL_POOLED_V1,CAPACITY_AVAIL_SEVERE_JOINT_30_17,LOCAL_WINDOW_HPP_EXACT95_LOW,5,300.000000000,333.398993631,289,253,0,23,0,13,36,289,0,0,0,0.002180620,0.000000000,0.126717886,0.672901737,0.128898506,0.672901737,0.000000000,0.000000000,0.000000000,34.947080324,35.491083555,0.630421274,0.662869427,36,0.124567474,33.398993631,true,COMPLETE
1.0,OP_AVAIL_EXACT95_LOW_CAPACITY_AVAIL_SEVERE_JOINT_30_17,81780aaca4c91f52a7bd742048fa471e5f30c577c67881ba50fbd8b7f3cfb3f3,TASK3_OPERATIONAL_POOLED_V1,CAPACITY_AVAIL_SEVERE_JOINT_30_17,LOCAL_WINDOW_HPP_EXACT95_LOW,6,300.000000000,334.503790859,310,286,0,15,0,9,24,310,0,0,0,0.001727007,0.000000000,0.198807912,1.754868896,0.200534919,1.754868896,0.000000000,0.000000000,0.000000000,35.018716737,36.573050714,0.673996982,0.708688003,24,0.077419355,34.503790859,true,COMPLETE
1.0,OP_AVAIL_EXACT95_LOW_CAPACITY_AVAIL_SEVERE_JOINT_30_17,81780aaca4c91f52a7bd742048fa471e5f30c577c67881ba50fbd8b7f3cfb3f3,TASK3_OPERATIONAL_POOLED_V1,CAPACITY_AVAIL_SEVERE_JOINT_30_17,LOCAL_WINDOW_HPP_EXACT95_LOW,7,300.000000000,334.009467665,254,220,0,19,0,15,34,254,0,0,0,0.000000000,0.000000000,0.020420444,0.000000000,0.020420444,0.000000000,0.000000000,0.000000000,0.000000000,34.838602262,34.818181818,0.553059990,0.581526313,34,0.133858268,34.009467665,true,COMPLETE
1.0,OP_AVAIL_EXACT95_LOW_CAPACITY_AVAIL_SEVERE_JOINT_30_17,81780aaca4c91f52a7bd742048fa471e5f30c577c67881ba50fbd8b7f3cfb3f3,TASK3_OPERATIONAL_POOLED_V1,CAPACITY_AVAIL_SEVERE_JOINT_30_17,LOCAL_WINDOW_HPP_EXACT95_LOW,8,300.000000000,335.206263678,279,242,0,26,0,11,37,279,0,0,0,0.000000000,0.000000000,0.087754189,0.385717970,0.087754189,0.385717970,0.000000000,0.000000000,0.000000000,34.905936007,35.203899788,0.605326072,0.636482561,37,0.132616487,35.206263678,true,COMPLETE
1.0,OP_AVAIL_EXACT95_LOW_CAPACITY_AVAIL_SEVERE_JOINT_30_17,81780aaca4c91f52a7bd742048fa471e5f30c577c67881ba50fbd8b7f3cfb3f3,TASK3_OPERATIONAL_POOLED_V1,CAPACITY_AVAIL_SEVERE_JOINT_30_17,LOCAL_WINDOW_HPP_EXACT95_LOW,9,300.000000000,334.651209542,271,235,0,22,0,14,36,271,0,0,0,0.012293644,0.000000000,0.115090630,0.000000000,0.127384274,0.000000000,0.000000000,0.000000000,0.000000000,34.945566092,34.818181818,0.588944260,0.619257568,36,0.132841328,34.651209542,true,COMPLETE
1.0,OP_AVAIL_EXACT95_LOW_CAPACITY_AVAIL_SEVERE_JOINT_30_17,81780aaca4c91f52a7bd742048fa471e5f30c577c67881ba50fbd8b7f3cfb3f3,TASK3_OPERATIONAL_POOLED_V1,CAPACITY_AVAIL_SEVERE_JOINT_30_17,LOCAL_WINDOW_HPP_EXACT95_LOW,10,300.000000000,333.986965101,321,285,0,22,0,14,36,321,0,0,0,0.110383432,0.821966324,0.387635407,2.448142886,0.498018839,3.148176628,0.000000000,0.000000000,0.000000000,35.316200657,37.966358446,0.698992984,0.734970564,36,0.112149533,33.986965101,true,COMPLETE
1.0,OP_AVAIL_EXACT95_LOW_CAPACITY_AVAIL_SEVERE_JOINT_30_17,81780aaca4c91f52a7bd742048fa471e5f30c577c67881ba50fbd8b7f3cfb3f3,TASK3_OPERATIONAL_POOLED_V1,CAPACITY_AVAIL_SEVERE_JOINT_30_17,LOCAL_WINDOW_HPP_EXACT95_LOW,11,300.000000000,334.383425690,276,248,0,19,0,9,28,276,0,0,0,0.000000000,0.000000000,0.025069700,0.000000000,0.025069700,0.000000000,0.000000000,0.000000000,0.000000000,34.843251518,34.818181818,0.600290736,0.631188053,28,0.101449275,34.383425690,true,COMPLETE
1.0,OP_AVAIL_EXACT95_LOW_CAPACITY_AVAIL_SEVERE_JOINT_30_17,81780aaca4c91f52a7bd742048fa471e5f30c577c67881ba50fbd8b7f3cfb3f3,TASK3_OPERATIONAL_POOLED_V1,CAPACITY_AVAIL_SEVERE_JOINT_30_17,LOCAL_WINDOW_HPP_EXACT95_LOW,12,300.000000000,338.053368109,299,251,3,30,0,15,48,299,0,0,0,0.161473533,1.347191325,0.223817023,1.977975165,0.385290555,3.402733227,0.000000000,0.000000000,0.000000000,35.203472373,38.220915045,0.643255077,0.676363795,48,0.160535117,38.053368109,true,COMPLETE
1.0,OP_AVAIL_EXACT95_LOW_CAPACITY_AVAIL_SEVERE_JOINT_30_17,81780aaca4c91f52a7bd742048fa471e5f30c577c67881ba50fbd8b7f3cfb3f3,TASK3_OPERATIONAL_POOLED_V1,CAPACITY_AVAIL_SEVERE_JOINT_30_17,LOCAL_WINDOW_HPP_EXACT95_LOW,13,300.000000000,334.664495631,286,256,0,19,0,11,30,286,0,0,0,0.000000000,0.000000000,0.037102799,0.000000000,0.037102799,0.000000000,0.000000000,0.000000000,0.000000000,34.855284617,34.818181818,0.621517976,0.653507872,30,0.104895105,34.664495631,true,COMPLETE
1.0,OP_AVAIL_EXACT95_LOW_CAPACITY_AVAIL_SEVERE_JOINT_30_17,81780aaca4c91f52a7bd742048fa471e5f30c577c67881ba50fbd8b7f3cfb3f3,TASK3_OPERATIONAL_POOLED_V1,CAPACITY_AVAIL_SEVERE_JOINT_30_17,LOCAL_WINDOW_HPP_EXACT95_LOW,14,300.000000000,334.504039286,264,224,0,27,0,13,40,264,0,0,0,0.013095851,0.000000000,0.150222763,1.384855031,0.163318614,1.588364765,0.000000000,0.000000000,0.000000000,34.981500432,36.406546583,0.573984100,0.603527399,40,0.151515152,34.504039286,true,COMPLETE
1.0,OP_AVAIL_EXACT95_LOW_CAPACITY_AVAIL_SEVERE_JOINT_30_17,81780aaca4c91f52a7bd742048fa471e5f30c577c67881ba50fbd8b7f3cfb3f3,TASK3_OPERATIONAL_POOLED_V1,CAPACITY_AVAIL_SEVERE_JOINT_30_17,LOCAL_WINDOW_HPP_EXACT95_LOW,15,300.000000000,334.767924815,296,263,0,21,0,12,33,296,0,0,0,0.030828098,0.000000000,0.255848889,2.153227423,0.286676986,2.248299183,0.000000000,0.000000000,0.000000000,35.104858804,37.066481001,0.643050637,0.676148831,33,0.111486486,34.767924815,true,COMPLETE
1.0,OP_AVAIL_EXACT95_LOW_CAPACITY_AVAIL_SEVERE_JOINT_30_17,81780aaca4c91f52a7bd742048fa471e5f30c577c67881ba50fbd8b7f3cfb3f3,TASK3_OPERATIONAL_POOLED_V1,CAPACITY_AVAIL_SEVERE_JOINT_30_17,LOCAL_WINDOW_HPP_EXACT95_LOW,16,300.000000000,334.544973640,278,244,0,26,0,8,34,278,0,0,0,0.000000000,0.000000000,0.029643304,0.000000000,0.029643304,0.000000000,0.000000000,0.000000000,0.000000000,34.847825122,34.818181818,0.604348695,0.635454878,34,0.122302158,34.544973640,true,COMPLETE
1.0,OP_AVAIL_EXACT95_LOW_CAPACITY_AVAIL_SEVERE_JOINT_30_17,81780aaca4c91f52a7bd742048fa471e5f30c577c67881ba50fbd8b7f3cfb3f3,TASK3_OPERATIONAL_POOLED_V1,CAPACITY_AVAIL_SEVERE_JOINT_30_17,LOCAL_WINDOW_HPP_EXACT95_LOW,17,300.000000000,336.437182875,310,271,0,28,0,11,39,310,0,0,0,0.601336151,3.740783762,0.664780898,2.805334091,1.266117049,6.254162021,0.000000000,0.000000000,0.000000000,36.084298867,41.072343839,0.670123747,0.704615410,39,0.125806452,36.437182875,true,COMPLETE
1.0,OP_AVAIL_EXACT95_LOW_CAPACITY_AVAIL_SEVERE_JOINT_30_17,81780aaca4c91f52a7bd742048fa471e5f30c577c67881ba50fbd8b7f3cfb3f3,TASK3_OPERATIONAL_POOLED_V1,CAPACITY_AVAIL_SEVERE_JOINT_30_17,LOCAL_WINDOW_HPP_EXACT95_LOW,18,300.000000000,333.369913239,298,259,0,20,2,17,39,298,0,0,0,0.000000000,0.000000000,0.048317579,0.237714611,0.048317579,0.237714611,0.000000000,0.000000000,0.000000000,34.866499397,35.055896429,0.650110475,0.683572044,39,0.130872483,33.369913239,true,COMPLETE
1.0,OP_AVAIL_EXACT95_LOW_CAPACITY_AVAIL_SEVERE_JOINT_30_17,81780aaca4c91f52a7bd742048fa471e5f30c577c67881ba50fbd8b7f3cfb3f3,TASK3_OPERATIONAL_POOLED_V1,CAPACITY_AVAIL_SEVERE_JOINT_30_17,LOCAL_WINDOW_HPP_EXACT95_LOW,19,300.000000000,334.345704763,272,241,0,25,0,6,31,272,0,0,0,0.000000000,0.000000000,0.089083646,0.442325223,0.089083646,0.442325223,0.000000000,0.000000000,0.000000000,34.907265464,35.260507041,0.591657614,0.622110579,31,0.113970588,34.345704763,true,COMPLETE
1.0,OP_AVAIL_EXACT95_LOW_CAPACITY_AVAIL_SEVERE_JOINT_30_17,81780aaca4c91f52a7bd742048fa471e5f30c577c67881ba50fbd8b7f3cfb3f3,TASK3_OPERATIONAL_POOLED_V1,CAPACITY_AVAIL_SEVERE_JOINT_30_17,LOCAL_WINDOW_HPP_EXACT95_LOW,20,300.000000000,333.059981036,280,251,0,16,0,13,29,280,0,0,0,0.000000000,0.000000000,0.160644220,1.391513246,0.160644220,1.391513246,0.000000000,0.000000000,0.000000000,34.978826038,36.209695064,0.611410482,0.642880139,29,0.103571429,33.059981036,true,COMPLETE
1.0,OP_AVAIL_EXACT95_LOW_CAPACITY_AVAIL_SEVERE_JOINT_30_17,81780aaca4c91f52a7bd742048fa471e5f30c577c67881ba50fbd8b7f3cfb3f3,TASK3_OPERATIONAL_POOLED_V1,CAPACITY_AVAIL_SEVERE_JOINT_30_17,LOCAL_WINDOW_HPP_EXACT95_LOW,21,300.000000000,334.383882730,272,248,0,14,0,10,24,272,0,0,0,0.020871958,0.000000000,0.156377968,1.420386072,0.177249926,1.502996792,0.000000000,0.000000000,0.000000000,34.995431744,36.321178610,0.591590062,0.622039550,24,0.088235294,34.383882730,true,COMPLETE
1.0,OP_AVAIL_EXACT95_LOW_CAPACITY_AVAIL_SEVERE_JOINT_30_17,81780aaca4c91f52a7bd742048fa471e5f30c577c67881ba50fbd8b7f3cfb3f3,TASK3_OPERATIONAL_POOLED_V1,CAPACITY_AVAIL_SEVERE_JOINT_30_17,LOCAL_WINDOW_HPP_EXACT95_LOW,22,300.000000000,338.742073855,312,265,4,30,0,13,47,312,0,0,0,0.239956580,2.428226127,0.430880058,2.696044257,0.670836638,3.988101271,0.000000000,0.000000000,0.000000000,35.489018456,38.806283089,0.669858008,0.704335994,47,0.150641026,38.742073855,true,COMPLETE
1.0,OP_AVAIL_EXACT95_LOW_CAPACITY_AVAIL_SEVERE_JOINT_30_17,81780aaca4c91f52a7bd742048fa471e5f30c577c67881ba50fbd8b7f3cfb3f3,TASK3_OPERATIONAL_POOLED_V1,CAPACITY_AVAIL_SEVERE_JOINT_30_17,LOCAL_WINDOW_HPP_EXACT95_LOW,23,300.000000000,333.884950245,296,268,0,19,0,9,28,296,0,0,0,0.017608043,0.000000000,0.224226529,1.798923246,0.241834572,2.030611720,0.000000000,0.000000000,0.000000000,35.060016390,36.848793538,0.644751215,0.677936939,28,0.094594595,33.884950245,true,COMPLETE
1.0,OP_AVAIL_EXACT95_LOW_CAPACITY_AVAIL_SEVERE_JOINT_30_17,81780aaca4c91f52a7bd742048fa471e5f30c577c67881ba50fbd8b7f3cfb3f3,TASK3_OPERATIONAL_POOLED_V1,CAPACITY_AVAIL_SEVERE_JOINT_30_17,LOCAL_WINDOW_HPP_EXACT95_LOW,24,300.000000000,336.116740444,299,253,0,30,0,16,46,299,0,0,0,0.010393748,0.000000000,0.123427080,0.787581499,0.133820829,0.928629034,0.000000000,0.000000000,0.000000000,34.952002647,35.746810852,0.646961366,0.680260848,46,0.153846154,36.116740444,true,COMPLETE
1.0,OP_AVAIL_EXACT95_LOW_CAPACITY_AVAIL_SEVERE_JOINT_30_17,81780aaca4c91f52a7bd742048fa471e5f30c577c67881ba50fbd8b7f3cfb3f3,TASK3_OPERATIONAL_POOLED_V1,CAPACITY_AVAIL_SEVERE_JOINT_30_17,LOCAL_WINDOW_HPP_EXACT95_LOW,25,300.000000000,333.803665910,291,256,0,24,0,11,35,291,0,0,0,0.017496808,0.000000000,0.076868760,0.596245084,0.094365568,0.596245084,0.000000000,0.000000000,0.000000000,34.912547386,35.414426902,0.634014498,0.666647597,35,0.120274914,33.803665910,true,COMPLETE
1.0,OP_AVAIL_EXACT95_LOW_CAPACITY_AVAIL_SEVERE_JOINT_30_17,81780aaca4c91f52a7bd742048fa471e5f30c577c67881ba50fbd8b7f3cfb3f3,TASK3_OPERATIONAL_POOLED_V1,CAPACITY_AVAIL_SEVERE_JOINT_30_17,LOCAL_WINDOW_HPP_EXACT95_LOW,26,300.000000000,334.692628558,273,240,0,20,0,13,33,273,0,0,0,0.000000000,0.000000000,0.103749808,0.822786308,0.103749808,0.822786308,0.000000000,0.000000000,0.000000000,34.921931626,35.640968126,0.593217291,0.623750534,33,0.120879121,34.692628558,true,COMPLETE
1.0,OP_AVAIL_EXACT95_LOW_CAPACITY_AVAIL_SEVERE_JOINT_30_17,81780aaca4c91f52a7bd742048fa471e5f30c577c67881ba50fbd8b7f3cfb3f3,TASK3_OPERATIONAL_POOLED_V1,CAPACITY_AVAIL_SEVERE_JOINT_30_17,LOCAL_WINDOW_HPP_EXACT95_LOW,27,300.000000000,332.497741530,272,244,0,18,0,10,28,272,0,0,0,0.000000000,0.000000000,0.060202855,0.498108533,0.060202855,0.498108533,0.000000000,0.000000000,0.000000000,34.878384673,35.316290351,0.594945941,0.625568159,28,0.102941176,32.497741530,true,COMPLETE
1.0,OP_AVAIL_EXACT95_LOW_CAPACITY_AVAIL_SEVERE_JOINT_30_17,81780aaca4c91f52a7bd742048fa471e5f30c577c67881ba50fbd8b7f3cfb3f3,TASK3_OPERATIONAL_POOLED_V1,CAPACITY_AVAIL_SEVERE_JOINT_30_17,LOCAL_WINDOW_HPP_EXACT95_LOW,28,300.000000000,334.557393197,258,233,0,16,0,9,25,258,0,0,0,0.000000000,0.000000000,0.023989881,0.000000000,0.023989881,0.000000000,0.000000000,0.000000000,0.000000000,34.842171699,34.818181818,0.560849551,0.589716807,25,0.096899225,34.557393197,true,COMPLETE
1.0,OP_AVAIL_EXACT95_LOW_CAPACITY_AVAIL_SEVERE_JOINT_30_17,81780aaca4c91f52a7bd742048fa471e5f30c577c67881ba50fbd8b7f3cfb3f3,TASK3_OPERATIONAL_POOLED_V1,CAPACITY_AVAIL_SEVERE_JOINT_30_17,LOCAL_WINDOW_HPP_EXACT95_LOW,29,300.000000000,334.055309304,300,264,0,20,0,16,36,300,0,0,0,0.351848635,2.902380236,0.523268736,3.251253319,0.875117371,4.620799662,0.000000000,0.000000000,0.000000000,35.693299189,39.438981480,0.653130820,0.686747848,36,0.120000000,34.055309304,true,COMPLETE
1.0,OP_AVAIL_EXACT95_LOW_CAPACITY_AVAIL_SEVERE_JOINT_30_17,81780aaca4c91f52a7bd742048fa471e5f30c577c67881ba50fbd8b7f3cfb3f3,TASK3_OPERATIONAL_POOLED_V1,CAPACITY_AVAIL_SEVERE_JOINT_30_17,LOCAL_WINDOW_HPP_EXACT95_LOW,30,300.000000000,333.547081962,267,232,0,27,0,8,35,267,0,0,0,0.000000000,0.000000000,0.082132827,0.000000000,0.082132827,0.000000000,0.000000000,0.000000000,0.000000000,34.900314645,34.818181818,0.582172139,0.612136882,35,0.131086142,33.547081962,true,COMPLETE
1.0,OP_AVAIL_EXACT95_LOW_CAPACITY_AVAIL_SEVERE_JOINT_30_17,81780aaca4c91f52a7bd742048fa471e5f30c577c67881ba50fbd8b7f3cfb3f3,TASK3_OPERATIONAL_POOLED_V1,CAPACITY_AVAIL_SEVERE_JOINT_30_17,LOCAL_WINDOW_HPP_EXACT95_LOW,31,300.000000000,332.500307393,296,270,0,17,0,9,26,296,0,0,0,0.009462906,0.000000000,0.159688721,1.248233617,0.169151627,1.319033224,0.000000000,0.000000000,0.000000000,34.987333445,36.137215042,0.647436175,0.680760096,26,0.087837838,32.500307393,true,COMPLETE
1.0,OP_AVAIL_EXACT95_LOW_CAPACITY_AVAIL_SEVERE_JOINT_30_17,81780aaca4c91f52a7bd742048fa471e5f30c577c67881ba50fbd8b7f3cfb3f3,TASK3_OPERATIONAL_POOLED_V1,CAPACITY_AVAIL_SEVERE_JOINT_30_17,LOCAL_WINDOW_HPP_EXACT95_LOW,32,300.000000000,335.824442622,288,245,0,29,0,14,43,288,0,0,0,0.000748593,0.000000000,0.093737510,0.653438739,0.094486103,0.653438739,0.000000000,0.000000000,0.000000000,34.912667921,35.471620557,0.623702503,0.655804838,43,0.149305556,35.824442622,true,COMPLETE
1.0,OP_AVAIL_EXACT95_LOW_CAPACITY_AVAIL_SEVERE_JOINT_30_17,81780aaca4c91f52a7bd742048fa471e5f30c577c67881ba50fbd8b7f3cfb3f3,TASK3_OPERATIONAL_POOLED_V1,CAPACITY_AVAIL_SEVERE_JOINT_30_17,LOCAL_WINDOW_HPP_EXACT95_LOW,33,300.000000000,333.353517328,263,238,0,17,0,8,25,263,0,0,0,0.000000000,0.000000000,0.003944375,0.000000000,0.003944375,0.000000000,0.000000000,0.000000000,0.000000000,34.822126193,34.818181818,0.573783438,0.603316409,25,0.095057034,33.353517328,true,COMPLETE
1.0,OP_AVAIL_EXACT95_LOW_CAPACITY_AVAIL_SEVERE_JOINT_30_17,81780aaca4c91f52a7bd742048fa471e5f30c577c67881ba50fbd8b7f3cfb3f3,TASK3_OPERATIONAL_POOLED_V1,CAPACITY_AVAIL_SEVERE_JOINT_30_17,LOCAL_WINDOW_HPP_EXACT95_LOW,34,300.000000000,333.918653247,282,249,0,15,1,17,33,282,0,0,0,0.008763311,0.000000000,0.226188502,1.639148518,0.234951813,1.910286116,0.000000000,0.000000000,0.000000000,35.053133631,36.728467934,0.614194227,0.645807165,33,0.117021277,33.918653247,true,COMPLETE
1.0,OP_AVAIL_EXACT95_LOW_CAPACITY_AVAIL_SEVERE_JOINT_30_17,81780aaca4c91f52a7bd742048fa471e5f30c577c67881ba50fbd8b7f3cfb3f3,TASK3_OPERATIONAL_POOLED_V1,CAPACITY_AVAIL_SEVERE_JOINT_30_17,LOCAL_WINDOW_HPP_EXACT95_LOW,35,300.000000000,334.031797309,280,251,0,18,0,11,29,280,0,0,0,0.000000000,0.000000000,0.026036488,0.000000000,0.026036488,0.000000000,0.000000000,0.000000000,0.000000000,34.844218306,34.818181818,0.609631674,0.641009774,29,0.103571429,34.031797309,true,COMPLETE
1.0,OP_AVAIL_EXACT95_LOW_CAPACITY_AVAIL_SEVERE_JOINT_30_17,81780aaca4c91f52a7bd742048fa471e5f30c577c67881ba50fbd8b7f3cfb3f3,TASK3_OPERATIONAL_POOLED_V1,CAPACITY_AVAIL_SEVERE_JOINT_30_17,LOCAL_WINDOW_HPP_EXACT95_LOW,36,300.000000000,334.046219248,272,235,0,21,0,16,37,272,0,0,0,0.000000000,0.000000000,0.002158995,0.000000000,0.002158995,0.000000000,0.000000000,0.000000000,0.000000000,34.820340813,34.818181818,0.592188058,0.622668326,37,0.136029412,34.046219248,true,COMPLETE
1.0,OP_AVAIL_EXACT95_LOW_CAPACITY_AVAIL_SEVERE_JOINT_30_17,81780aaca4c91f52a7bd742048fa471e5f30c577c67881ba50fbd8b7f3cfb3f3,TASK3_OPERATIONAL_POOLED_V1,CAPACITY_AVAIL_SEVERE_JOINT_30_17,LOCAL_WINDOW_HPP_EXACT95_LOW,37,300.000000000,334.078766339,266,237,0,16,0,13,29,266,0,0,0,0.003761918,0.000000000,0.119239501,0.000000000,0.123001419,0.000000000,0.000000000,0.000000000,0.000000000,34.941183237,34.818181818,0.579068666,0.608873671,29,0.109022556,34.078766339,true,COMPLETE
1.0,OP_AVAIL_EXACT95_LOW_CAPACITY_AVAIL_SEVERE_JOINT_30_17,81780aaca4c91f52a7bd742048fa471e5f30c577c67881ba50fbd8b7f3cfb3f3,TASK3_OPERATIONAL_POOLED_V1,CAPACITY_AVAIL_SEVERE_JOINT_30_17,LOCAL_WINDOW_HPP_EXACT95_LOW,38,300.000000000,333.973818889,341,298,0,23,3,17,43,341,0,0,0,0.070932450,0.303949459,0.379511174,2.616944312,0.450443623,2.794019355,0.000000000,0.000000000,0.000000000,35.268625441,37.612201173,0.742573178,0.780793856,43,0.126099707,33.973818889,true,COMPLETE
1.0,OP_AVAIL_EXACT95_LOW_CAPACITY_AVAIL_SEVERE_JOINT_30_17,81780aaca4c91f52a7bd742048fa471e5f30c577c67881ba50fbd8b7f3cfb3f3,TASK3_OPERATIONAL_POOLED_V1,CAPACITY_AVAIL_SEVERE_JOINT_30_17,LOCAL_WINDOW_HPP_EXACT95_LOW,39,300.000000000,334.225256811,256,218,0,24,0,14,38,256,0,0,0,0.000000000,0.000000000,0.081088423,0.714070840,0.081088423,0.714070840,0.000000000,0.000000000,0.000000000,34.899270241,35.532252658,0.557054904,0.585726847,38,0.148437500,34.225256811,true,COMPLETE
1.0,OP_AVAIL_EXACT95_LOW_CAPACITY_AVAIL_SEVERE_JOINT_30_17,81780aaca4c91f52a7bd742048fa471e5f30c577c67881ba50fbd8b7f3cfb3f3,TASK3_OPERATIONAL_POOLED_V1,CAPACITY_AVAIL_SEVERE_JOINT_30_17,LOCAL_WINDOW_HPP_EXACT95_LOW,40,300.000000000,334.470914622,276,253,0,13,0,10,23,276,0,0,0,0.004024949,0.000000000,0.182846417,1.772147708,0.186871367,1.772147708,0.000000000,0.000000000,0.000000000,35.005053185,36.590329526,0.600133716,0.631022951,23,0.083333333,34.470914622,true,COMPLETE
1.0,OP_AVAIL_EXACT95_LOW_CAPACITY_AVAIL_SEVERE_JOINT_30_17,81780aaca4c91f52a7bd742048fa471e5f30c577c67881ba50fbd8b7f3cfb3f3,TASK3_OPERATIONAL_POOLED_V1,CAPACITY_AVAIL_SEVERE_JOINT_30_17,LOCAL_WINDOW_HPP_EXACT95_LOW,41,300.000000000,334.039386969,305,267,0,22,0,16,38,305,0,0,0,0.121882629,0.868219675,0.247866619,1.915622922,0.369749247,3.139591742,0.000000000,0.000000000,0.000000000,35.187931065,37.957773560,0.664047985,0.698226925,38,0.124590164,34.039386969,true,COMPLETE
1.0,OP_AVAIL_EXACT95_LOW_CAPACITY_AVAIL_SEVERE_JOINT_30_17,81780aaca4c91f52a7bd742048fa471e5f30c577c67881ba50fbd8b7f3cfb3f3,TASK3_OPERATIONAL_POOLED_V1,CAPACITY_AVAIL_SEVERE_JOINT_30_17,LOCAL_WINDOW_HPP_EXACT95_LOW,42,300.000000000,334.117691289,298,260,0,25,0,13,38,298,0,0,0,0.001535734,0.000000000,0.148111989,1.655062497,0.149647723,1.655062497,0.000000000,0.000000000,0.000000000,34.967829541,36.473244315,0.648655484,0.682042163,38,0.127516779,34.117691289,true,COMPLETE
1.0,OP_AVAIL_EXACT95_LOW_CAPACITY_AVAIL_SEVERE_JOINT_30_17,81780aaca4c91f52a7bd742048fa471e5f30c577c67881ba50fbd8b7f3cfb3f3,TASK3_OPERATIONAL_POOLED_V1,CAPACITY_AVAIL_SEVERE_JOINT_30_17,LOCAL_WINDOW_HPP_EXACT95_LOW,43,300.000000000,334.595220486,274,248,0,20,0,6,26,274,0,0,0,0.019085905,0.000000000,0.255859321,2.280755871,0.274945226,2.309751086,0.000000000,0.000000000,0.000000000,35.093127044,37.127932904,0.595563580,0.626217588,26,0.094890511,34.595220486,true,COMPLETE
1.0,OP_AVAIL_EXACT95_LOW_CAPACITY_AVAIL_SEVERE_JOINT_30_17,81780aaca4c91f52a7bd742048fa471e5f30c577c67881ba50fbd8b7f3cfb3f3,TASK3_OPERATIONAL_POOLED_V1,CAPACITY_AVAIL_SEVERE_JOINT_30_17,LOCAL_WINDOW_HPP_EXACT95_LOW,44,300.000000000,333.612131684,288,252,0,19,0,17,36,288,0,0,0,0.019914664,0.000000000,0.161632726,1.304923444,0.181547390,1.545121210,0.000000000,0.000000000,0.000000000,34.999729208,36.363303028,0.627838515,0.660153733,36,0.125000000,33.612131684,true,COMPLETE
1.0,OP_AVAIL_EXACT95_LOW_CAPACITY_AVAIL_SEVERE_JOINT_30_17,81780aaca4c91f52a7bd742048fa471e5f30c577c67881ba50fbd8b7f3cfb3f3,TASK3_OPERATIONAL_POOLED_V1,CAPACITY_AVAIL_SEVERE_JOINT_30_17,LOCAL_WINDOW_HPP_EXACT95_LOW,45,300.000000000,335.302534977,294,252,0,27,0,15,42,294,0,0,0,0.027298592,0.000000000,0.154535795,1.437510656,0.181834387,1.595310118,0.000000000,0.000000000,0.000000000,35.000016205,36.413491936,0.637687341,0.670509483,42,0.142857143,35.302534977,true,COMPLETE
1.0,OP_AVAIL_EXACT95_LOW_CAPACITY_AVAIL_SEVERE_JOINT_30_17,81780aaca4c91f52a7bd742048fa471e5f30c577c67881ba50fbd8b7f3cfb3f3,TASK3_OPERATIONAL_POOLED_V1,CAPACITY_AVAIL_SEVERE_JOINT_30_17,LOCAL_WINDOW_HPP_EXACT95_LOW,46,300.000000000,335.533043953,296,252,0,26,1,17,44,296,0,0,0,0.095897292,0.545467477,0.265115778,1.860250639,0.361013070,2.951201921,0.000000000,0.000000000,0.000000000,35.179194888,37.769383739,0.641584283,0.674607003,44,0.148648649,35.533043953,true,COMPLETE
1.0,OP_AVAIL_EXACT95_LOW_CAPACITY_AVAIL_SEVERE_JOINT_30_17,81780aaca4c91f52a7bd742048fa471e5f30c577c67881ba50fbd8b7f3cfb3f3,TASK3_OPERATIONAL_POOLED_V1,CAPACITY_AVAIL_SEVERE_JOINT_30_17,LOCAL_WINDOW_HPP_EXACT95_LOW,47,300.000000000,329.184016045,265,230,0,16,2,17,35,265,0,0,0,0.059284046,0.000000000,0.279973336,2.065135588,0.339257382,3.143611611,0.000000000,0.000000000,0.000000000,35.157439200,37.961793429,0.585469717,0.615604188,35,0.132075472,29.184016045,true,COMPLETE
1.0,OP_AVAIL_EXACT95_LOW_CAPACITY_AVAIL_SEVERE_JOINT_30_17,81780aaca4c91f52a7bd742048fa471e5f30c577c67881ba50fbd8b7f3cfb3f3,TASK3_OPERATIONAL_POOLED_V1,CAPACITY_AVAIL_SEVERE_JOINT_30_17,LOCAL_WINDOW_HPP_EXACT95_LOW,48,300.000000000,334.462782154,296,264,0,14,1,17,32,296,0,0,0,0.077859008,0.000000000,0.225082100,1.887891794,0.302941108,2.221124727,0.000000000,0.000000000,0.000000000,35.121122926,37.039306545,0.643637316,0.676765707,32,0.108108108,34.462782154,true,COMPLETE
1.0,OP_AVAIL_EXACT95_LOW_CAPACITY_AVAIL_SEVERE_JOINT_30_17,81780aaca4c91f52a7bd742048fa471e5f30c577c67881ba50fbd8b7f3cfb3f3,TASK3_OPERATIONAL_POOLED_V1,CAPACITY_AVAIL_SEVERE_JOINT_30_17,LOCAL_WINDOW_HPP_EXACT95_LOW,49,300.000000000,330.242669127,247,233,0,11,0,3,14,247,0,0,0,0.000000000,0.000000000,0.116015690,0.839156920,0.116015690,0.839156920,0.000000000,0.000000000,0.000000000,34.934197508,35.657338738,0.543952616,0.571950177,14,0.056680162,30.242669127,true,COMPLETE
1.0,OP_AVAIL_EXACT95_LOW_CAPACITY_AVAIL_SEVERE_JOINT_30_17,81780aaca4c91f52a7bd742048fa471e5f30c577c67881ba50fbd8b7f3cfb3f3,TASK3_OPERATIONAL_POOLED_V1,CAPACITY_AVAIL_SEVERE_JOINT_30_17,LOCAL_WINDOW_HPP_EXACT95_LOW,50,300.000000000,334.204179571,295,266,0,17,0,12,29,295,0,0,0,0.064748337,0.413666843,0.275696546,1.766018899,0.340444883,1.939562880,0.000000000,0.000000000,0.000000000,35.158626701,36.757744698,0.641959220,0.675001239,29,0.098305085,34.204179571,true,COMPLETE
1.0,OP_CONFIRM_MLE_BASE_REFERENCE_ASSUMPTION_SANDBOX_V1,369372d7e06066baf12416f63c9b12a0af11b1ef17459431e126a703ba4c7eae,TASK3_OPERATIONAL_POOLED_V1,REFERENCE_ASSUMPTION_SANDBOX_V1,LOCAL_WINDOW_HPP_BASE,1,300.000000000,334.701527801,396,354,0,24,0,18,42,396,0,0,0,0.057488243,0.190262896,0.329950203,2.059438287,0.387438447,2.208553338,0.000000000,0.000000000,0.000000000,35.205620265,37.026735156,0.717056781,0.732422283,42,0.106060606,34.701527801,true,COMPLETE
1.0,OP_CONFIRM_MLE_BASE_REFERENCE_ASSUMPTION_SANDBOX_V1,369372d7e06066baf12416f63c9b12a0af11b1ef17459431e126a703ba4c7eae,TASK3_OPERATIONAL_POOLED_V1,REFERENCE_ASSUMPTION_SANDBOX_V1,LOCAL_WINDOW_HPP_BASE,2,300.000000000,340.938161730,442,377,8,36,0,21,65,442,0,0,0,0.365808343,2.433340877,0.598487048,2.636590984,0.964295391,3.486699562,0.000000000,0.000000000,0.000000000,35.782477209,38.304881380,0.785710777,0.802547436,65,0.147058824,40.938161730,true,COMPLETE
1.0,OP_CONFIRM_MLE_BASE_REFERENCE_ASSUMPTION_SANDBOX_V1,369372d7e06066baf12416f63c9b12a0af11b1ef17459431e126a703ba4c7eae,TASK3_OPERATIONAL_POOLED_V1,REFERENCE_ASSUMPTION_SANDBOX_V1,LOCAL_WINDOW_HPP_BASE,3,300.000000000,334.760392420,393,350,0,29,0,14,43,393,0,0,0,0.084898731,0.481609869,0.315424672,2.234494812,0.400323403,2.365394881,0.000000000,0.000000000,0.000000000,35.218505221,37.183576699,0.711499399,0.726745815,43,0.109414758,34.760392420,true,COMPLETE
1.0,OP_CONFIRM_MLE_BASE_REFERENCE_ASSUMPTION_SANDBOX_V1,369372d7e06066baf12416f63c9b12a0af11b1ef17459431e126a703ba4c7eae,TASK3_OPERATIONAL_POOLED_V1,REFERENCE_ASSUMPTION_SANDBOX_V1,LOCAL_WINDOW_HPP_BASE,4,300.000000000,335.403470296,410,356,0,35,0,19,54,410,0,0,0,0.031298571,0.000000000,0.134950367,1.210164980,0.166248938,1.430620064,0.000000000,0.000000000,0.000000000,34.984430756,36.248801882,0.740853541,0.756728974,54,0.131707317,35.403470296,true,COMPLETE
1.0,OP_CONFIRM_MLE_BASE_REFERENCE_ASSUMPTION_SANDBOX_V1,369372d7e06066baf12416f63c9b12a0af11b1ef17459431e126a703ba4c7eae,TASK3_OPERATIONAL_POOLED_V1,REFERENCE_ASSUMPTION_SANDBOX_V1,LOCAL_WINDOW_HPP_BASE,5,300.000000000,333.557018640,388,356,0,18,0,14,32,388,0,0,0,0.098018246,0.858015621,0.210945841,1.304149833,0.308964087,1.915322452,0.000000000,0.000000000,0.000000000,35.127145905,36.733504270,0.704981463,0.720088209,32,0.082474227,33.557018640,true,COMPLETE
1.0,OP_CONFIRM_MLE_BASE_REFERENCE_ASSUMPTION_SANDBOX_V1,369372d7e06066baf12416f63c9b12a0af11b1ef17459431e126a703ba4c7eae,TASK3_OPERATIONAL_POOLED_V1,REFERENCE_ASSUMPTION_SANDBOX_V1,LOCAL_WINDOW_HPP_BASE,6,300.000000000,332.893710211,419,368,0,33,0,18,51,419,0,0,0,0.101817006,0.855258499,0.320182870,1.801874664,0.421999876,2.201837100,0.000000000,0.000000000,0.000000000,35.240181694,37.020018918,0.762824247,0.779170481,51,0.121718377,32.893710211,true,COMPLETE
1.0,OP_CONFIRM_MLE_BASE_REFERENCE_ASSUMPTION_SANDBOX_V1,369372d7e06066baf12416f63c9b12a0af11b1ef17459431e126a703ba4c7eae,TASK3_OPERATIONAL_POOLED_V1,REFERENCE_ASSUMPTION_SANDBOX_V1,LOCAL_WINDOW_HPP_BASE,7,300.000000000,334.942694913,408,352,0,33,2,21,56,408,0,0,0,0.161438120,1.333000691,0.280520617,1.842807980,0.441958737,2.579075458,0.000000000,0.000000000,0.000000000,35.260140555,37.397257276,0.738253830,0.754073555,56,0.137254902,34.942694913,true,COMPLETE
1.0,OP_CONFIRM_MLE_BASE_REFERENCE_ASSUMPTION_SANDBOX_V1,369372d7e06066baf12416f63c9b12a0af11b1ef17459431e126a703ba4c7eae,TASK3_OPERATIONAL_POOLED_V1,REFERENCE_ASSUMPTION_SANDBOX_V1,LOCAL_WINDOW_HPP_BASE,8,300.000000000,333.652413957,442,400,0,21,0,21,42,442,0,0,0,1.042778706,5.258285645,1.094578776,4.542101351,2.137357482,7.716276927,0.000000000,0.000000000,0.000000000,36.955539300,42.534458745,0.802867825,0.820072135,42,0.095022624,33.652413957,true,COMPLETE
1.0,OP_CONFIRM_MLE_BASE_REFERENCE_ASSUMPTION_SANDBOX_V1,369372d7e06066baf12416f63c9b12a0af11b1ef17459431e126a703ba4c7eae,TASK3_OPERATIONAL_POOLED_V1,REFERENCE_ASSUMPTION_SANDBOX_V1,LOCAL_WINDOW_HPP_BASE,9,300.000000000,333.857083782,395,343,0,33,0,19,52,395,0,0,0,0.337787869,2.427248770,0.399465342,2.405600435,0.737253211,4.277478309,0.000000000,0.000000000,0.000000000,35.555435029,39.095660127,0.717055144,0.732420612,52,0.131645570,33.857083782,true,COMPLETE
1.0,OP_CONFIRM_MLE_BASE_REFERENCE_ASSUMPTION_SANDBOX_V1,369372d7e06066baf12416f63c9b12a0af11b1ef17459431e126a703ba4c7eae,TASK3_OPERATIONAL_POOLED_V1,REFERENCE_ASSUMPTION_SANDBOX_V1,LOCAL_WINDOW_HPP_BASE,10,300.000000000,334.733050789,394,344,0,31,0,19,50,394,0,0,0,0.063241865,0.165118014,0.203454382,1.377630124,0.266696246,2.046929136,0.000000000,0.000000000,0.000000000,35.084878064,36.865110954,0.713368095,0.728654554,50,0.126903553,34.733050789,true,COMPLETE
1.0,OP_CONFIRM_MLE_BASE_REFERENCE_ASSUMPTION_SANDBOX_V1,369372d7e06066baf12416f63c9b12a0af11b1ef17459431e126a703ba4c7eae,TASK3_OPERATIONAL_POOLED_V1,REFERENCE_ASSUMPTION_SANDBOX_V1,LOCAL_WINDOW_HPP_BASE,11,300.000000000,334.795505588,409,367,0,18,3,21,42,409,0,0,0,0.288482419,2.482026498,0.525974858,2.555758440,0.814457277,3.727629041,0.000000000,0.000000000,0.000000000,35.632639095,38.545810859,0.740388636,0.756254107,42,0.102689487,34.795505588,true,COMPLETE
1.0,OP_CONFIRM_MLE_BASE_REFERENCE_ASSUMPTION_SANDBOX_V1,369372d7e06066baf12416f63c9b12a0af11b1ef17459431e126a703ba4c7eae,TASK3_OPERATIONAL_POOLED_V1,REFERENCE_ASSUMPTION_SANDBOX_V1,LOCAL_WINDOW_HPP_BASE,12,300.000000000,334.673639871,423,371,0,28,3,21,52,423,0,0,0,0.429529951,3.594318012,0.449053144,2.055972591,0.878583095,5.195606570,0.000000000,0.000000000,0.000000000,35.696764913,40.013788388,0.766010841,0.782425359,52,0.122931442,34.673639871,true,COMPLETE
1.0,OP_CONFIRM_MLE_BASE_REFERENCE_ASSUMPTION_SANDBOX_V1,369372d7e06066baf12416f63c9b12a0af11b1ef17459431e126a703ba4c7eae,TASK3_OPERATIONAL_POOLED_V1,REFERENCE_ASSUMPTION_SANDBOX_V1,LOCAL_WINDOW_HPP_BASE,13,300.000000000,334.623415863,455,400,0,32,2,21,55,455,0,0,0,4.913418186,15.311140781,1.962693278,6.027288013,6.876111464,18.740817072,0.000000000,0.000000000,0.000000000,41.694293282,53.558998890,0.824083321,0.841742249,55,0.120879121,34.623415863,true,COMPLETE
1.0,OP_CONFIRM_MLE_BASE_REFERENCE_ASSUMPTION_SANDBOX_V1,369372d7e06066baf12416f63c9b12a0af11b1ef17459431e126a703ba4c7eae,TASK3_OPERATIONAL_POOLED_V1,REFERENCE_ASSUMPTION_SANDBOX_V1,LOCAL_WINDOW_HPP_BASE,14,300.000000000,333.719484820,374,343,0,17,0,14,31,374,0,0,0,0.105689980,0.485602555,0.319834253,2.495840322,0.425524233,3.122620386,0.000000000,0.000000000,0.000000000,35.243706051,37.940802204,0.679213162,0.693767730,31,0.082887701,33.719484820,true,COMPLETE
1.0,OP_CONFIRM_MLE_BASE_REFERENCE_ASSUMPTION_SANDBOX_V1,369372d7e06066baf12416f63c9b12a0af11b1ef17459431e126a703ba4c7eae,TASK3_OPERATIONAL_POOLED_V1,REFERENCE_ASSUMPTION_SANDBOX_V1,LOCAL_WINDOW_HPP_BASE,15,300.000000000,333.864251907,386,347,0,29,0,10,39,386,0,0,0,0.167013951,1.783448807,0.165661403,1.304406501,0.332675354,2.620723817,0.000000000,0.000000000,0.000000000,35.150857172,37.438905635,0.700702134,0.715717180,39,0.101036269,33.864251907,true,COMPLETE
1.0,OP_CONFIRM_MLE_BASE_REFERENCE_ASSUMPTION_SANDBOX_V1,369372d7e06066baf12416f63c9b12a0af11b1ef17459431e126a703ba4c7eae,TASK3_OPERATIONAL_POOLED_V1,REFERENCE_ASSUMPTION_SANDBOX_V1,LOCAL_WINDOW_HPP_BASE,16,300.000000000,336.858360916,401,343,1,36,0,21,58,401,0,0,0,0.085959710,0.815556016,0.216005807,1.411975456,0.301965517,1.998925238,0.000000000,0.000000000,0.000000000,35.120147335,36.817107056,0.721461395,0.736921282,58,0.144638404,36.858360916,true,COMPLETE
1.0,OP_CONFIRM_MLE_BASE_REFERENCE_ASSUMPTION_SANDBOX_V1,369372d7e06066baf12416f63c9b12a0af11b1ef17459431e126a703ba4c7eae,TASK3_OPERATIONAL_POOLED_V1,REFERENCE_ASSUMPTION_SANDBOX_V1,LOCAL_WINDOW_HPP_BASE,17,300.000000000,334.256800365,429,377,0,35,0,17,52,429,0,0,0,0.630204668,4.648105409,0.480358520,2.369988104,1.110563188,5.150024982,0.000000000,0.000000000,0.000000000,35.928745006,39.968206800,0.777845057,0.794513166,52,0.121212121,34.256800365,true,COMPLETE
1.0,OP_CONFIRM_MLE_BASE_REFERENCE_ASSUMPTION_SANDBOX_V1,369372d7e06066baf12416f63c9b12a0af11b1ef17459431e126a703ba4c7eae,TASK3_OPERATIONAL_POOLED_V1,REFERENCE_ASSUMPTION_SANDBOX_V1,LOCAL_WINDOW_HPP_BASE,18,300.000000000,334.189920297,419,371,0,31,0,17,48,419,0,0,0,0.336319219,3.064540122,0.396337084,2.304944522,0.732656303,4.213769509,0.000000000,0.000000000,0.000000000,35.550838121,39.031951327,0.759865509,0.776148341,48,0.114558473,34.189920297,true,COMPLETE
1.0,OP_CONFIRM_MLE_BASE_REFERENCE_ASSUMPTION_SANDBOX_V1,369372d7e06066baf12416f63c9b12a0af11b1ef17459431e126a703ba4c7eae,TASK3_OPERATIONAL_POOLED_V1,REFERENCE_ASSUMPTION_SANDBOX_V1,LOCAL_WINDOW_HPP_BASE,19,300.000000000,337.327171625,445,385,3,36,0,21,60,445,0,0,0,0.154371984,1.066559726,0.533658188,2.193269734,0.688030172,2.431020745,0.000000000,0.000000000,0.000000000,35.506211990,37.249202563,0.799511550,0.816643940,60,0.134831461,37.327171625,true,COMPLETE
1.0,OP_CONFIRM_MLE_BASE_REFERENCE_ASSUMPTION_SANDBOX_V1,369372d7e06066baf12416f63c9b12a0af11b1ef17459431e126a703ba4c7eae,TASK3_OPERATIONAL_POOLED_V1,REFERENCE_ASSUMPTION_SANDBOX_V1,LOCAL_WINDOW_HPP_BASE,20,300.000000000,333.821416391,418,370,0,29,0,19,48,418,0,0,0,0.231818304,2.136083862,0.374115948,1.820072900,0.605934252,3.101551374,0.000000000,0.000000000,0.000000000,35.424116070,37.919733192,0.758888798,0.775150701,48,0.114832536,33.821416391,true,COMPLETE
1.0,OP_CONFIRM_MLE_BASE_REFERENCE_ASSUMPTION_SANDBOX_V1,369372d7e06066baf12416f63c9b12a0af11b1ef17459431e126a703ba4c7eae,TASK3_OPERATIONAL_POOLED_V1,REFERENCE_ASSUMPTION_SANDBOX_V1,LOCAL_WINDOW_HPP_BASE,21,300.000000000,336.725252561,417,364,3,36,0,14,53,417,0,0,0,0.767110510,4.499269471,0.794701132,3.481812779,1.561811642,5.966949004,0.000000000,0.000000000,0.000000000,36.379993460,40.785130822,0.750544460,0.766627555,53,0.127098321,36.725252561,true,COMPLETE
1.0,OP_CONFIRM_MLE_BASE_REFERENCE_ASSUMPTION_SANDBOX_V1,369372d7e06066baf12416f63c9b12a0af11b1ef17459431e126a703ba4c7eae,TASK3_OPERATIONAL_POOLED_V1,REFERENCE_ASSUMPTION_SANDBOX_V1,LOCAL_WINDOW_HPP_BASE,22,300.000000000,334.412573287,410,364,0,26,0,20,46,410,0,0,0,0.140851409,0.927556248,0.295627448,2.135937816,0.436478857,3.265712575,0.000000000,0.000000000,0.000000000,35.254660675,38.083894393,0.743048762,0.758971235,46,0.112195122,34.412573287,true,COMPLETE
1.0,OP_CONFIRM_MLE_BASE_REFERENCE_ASSUMPTION_SANDBOX_V1,369372d7e06066baf12416f63c9b12a0af11b1ef17459431e126a703ba4c7eae,TASK3_OPERATIONAL_POOLED_V1,REFERENCE_ASSUMPTION_SANDBOX_V1,LOCAL_WINDOW_HPP_BASE,23,300.000000000,334.747190250,439,395,0,23,0,21,44,439,0,0,0,0.506416382,3.407615906,0.588779807,2.460072360,1.095196189,4.291825544,0.000000000,0.000000000,0.000000000,35.913378007,39.110007362,0.794810573,0.811842228,44,0.100227790,34.747190250,true,COMPLETE
1.0,OP_CONFIRM_MLE_BASE_REFERENCE_ASSUMPTION_SANDBOX_V1,369372d7e06066baf12416f63c9b12a0af11b1ef17459431e126a703ba4c7eae,TASK3_OPERATIONAL_POOLED_V1,REFERENCE_ASSUMPTION_SANDBOX_V1,LOCAL_WINDOW_HPP_BASE,24,300.000000000,338.467134862,412,354,2,36,0,20,58,412,0,0,0,0.086121886,0.884047014,0.439212648,2.860519587,0.525334534,3.664500747,0.000000000,0.000000000,0.000000000,35.343516352,38.482682565,0.737728849,0.753537324,58,0.140776699,38.467134862,true,COMPLETE
1.0,OP_CONFIRM_MLE_BASE_REFERENCE_ASSUMPTION_SANDBOX_V1,369372d7e06066baf12416f63c9b12a0af11b1ef17459431e126a703ba4c7eae,TASK3_OPERATIONAL_POOLED_V1,REFERENCE_ASSUMPTION_SANDBOX_V1,LOCAL_WINDOW_HPP_BASE,25,300.000000000,338.371411118,424,366,3,36,0,19,58,424,0,0,0,0.246661377,1.872722035,0.364439084,2.236029802,0.611100461,3.302210024,0.000000000,0.000000000,0.000000000,35.429282279,38.120391842,0.759430875,0.775704394,58,0.136792453,38.371411118,true,COMPLETE
1.0,OP_CONFIRM_MLE_BASE_REFERENCE_ASSUMPTION_SANDBOX_V1,369372d7e06066baf12416f63c9b12a0af11b1ef17459431e126a703ba4c7eae,TASK3_OPERATIONAL_POOLED_V1,REFERENCE_ASSUMPTION_SANDBOX_V1,LOCAL_WINDOW_HPP_BASE,26,300.000000000,334.010066237,419,371,0,26,1,21,48,419,0,0,0,0.412170644,2.721603685,0.571787120,2.634491925,0.983957764,3.967644885,0.000000000,0.000000000,0.000000000,35.802139582,38.785826703,0.760274673,0.776566273,48,0.114558473,34.010066237,true,COMPLETE
1.0,OP_CONFIRM_MLE_BASE_REFERENCE_ASSUMPTION_SANDBOX_V1,369372d7e06066baf12416f63c9b12a0af11b1ef17459431e126a703ba4c7eae,TASK3_OPERATIONAL_POOLED_V1,REFERENCE_ASSUMPTION_SANDBOX_V1,LOCAL_WINDOW_HPP_BASE,27,300.000000000,336.064699825,410,356,0,35,0,19,54,410,0,0,0,0.138510288,1.212038067,0.369329381,1.821233174,0.507839670,2.352481438,0.000000000,0.000000000,0.000000000,35.326021488,37.170663256,0.739395862,0.755240059,54,0.131707317,36.064699825,true,COMPLETE
1.0,OP_CONFIRM_MLE_BASE_REFERENCE_ASSUMPTION_SANDBOX_V1,369372d7e06066baf12416f63c9b12a0af11b1ef17459431e126a703ba4c7eae,TASK3_OPERATIONAL_POOLED_V1,REFERENCE_ASSUMPTION_SANDBOX_V1,LOCAL_WINDOW_HPP_BASE,28,300.000000000,333.879729785,392,339,0,30,2,21,53,392,0,0,0,0.136576794,0.924675318,0.323684647,2.012914607,0.460261441,2.721259981,0.000000000,0.000000000,0.000000000,35.278443259,37.539441799,0.711560890,0.726808623,53,0.135204082,33.879729785,true,COMPLETE
1.0,OP_CONFIRM_MLE_BASE_REFERENCE_ASSUMPTION_SANDBOX_V1,369372d7e06066baf12416f63c9b12a0af11b1ef17459431e126a703ba4c7eae,TASK3_OPERATIONAL_POOLED_V1,REFERENCE_ASSUMPTION_SANDBOX_V1,LOCAL_WINDOW_HPP_BASE,29,300.000000000,333.984371011,424,376,0,35,0,13,48,424,0,0,0,0.213736905,1.355665930,0.636556799,3.188673153,0.850293704,3.836327174,0.000000000,0.000000000,0.000000000,35.668475522,38.654508992,0.769406353,0.785893632,48,0.113207547,33.984371011,true,COMPLETE
1.0,OP_CONFIRM_MLE_BASE_REFERENCE_ASSUMPTION_SANDBOX_V1,369372d7e06066baf12416f63c9b12a0af11b1ef17459431e126a703ba4c7eae,TASK3_OPERATIONAL_POOLED_V1,REFERENCE_ASSUMPTION_SANDBOX_V1,LOCAL_WINDOW_HPP_BASE,30,300.000000000,337.163838330,408,349,1,36,1,21,59,408,0,0,0,0.241386823,2.158309030,0.414010306,2.207119989,0.655397129,3.421875062,0.000000000,0.000000000,0.000000000,35.473578947,38.240056880,0.733390415,0.749105924,59,0.144607843,37.163838330,true,COMPLETE
1.0,OP_CONFIRM_MLE_BASE_REFERENCE_ASSUMPTION_SANDBOX_V1,369372d7e06066baf12416f63c9b12a0af11b1ef17459431e126a703ba4c7eae,TASK3_OPERATIONAL_POOLED_V1,REFERENCE_ASSUMPTION_SANDBOX_V1,LOCAL_WINDOW_HPP_BASE,31,300.000000000,335.252251167,425,370,0,35,0,20,55,425,0,0,0,0.706755577,5.500617391,0.408165260,2.379463177,1.114920836,6.688150287,0.000000000,0.000000000,0.000000000,35.933102654,41.506332105,0.768304334,0.784767998,55,0.129411765,35.252251167,true,COMPLETE
1.0,OP_CONFIRM_MLE_BASE_REFERENCE_ASSUMPTION_SANDBOX_V1,369372d7e06066baf12416f63c9b12a0af11b1ef17459431e126a703ba4c7eae,TASK3_OPERATIONAL_POOLED_V1,REFERENCE_ASSUMPTION_SANDBOX_V1,LOCAL_WINDOW_HPP_BASE,32,300.000000000,335.608438186,395,342,0,29,3,21,53,395,0,0,0,0.092584783,0.736922897,0.230167883,1.744442409,0.322752666,2.334757964,0.000000000,0.000000000,0.000000000,35.140934484,37.152939782,0.713313231,0.728598515,53,0.134177215,35.608438186,true,COMPLETE
1.0,OP_CONFIRM_MLE_BASE_REFERENCE_ASSUMPTION_SANDBOX_V1,369372d7e06066baf12416f63c9b12a0af11b1ef17459431e126a703ba4c7eae,TASK3_OPERATIONAL_POOLED_V1,REFERENCE_ASSUMPTION_SANDBOX_V1,LOCAL_WINDOW_HPP_BASE,33,300.000000000,336.695958027,428,384,0,28,0,16,44,428,0,0,0,0.252568882,1.747668934,0.368329701,1.898600893,0.620898583,2.875025779,0.000000000,0.000000000,0.000000000,35.439080401,37.693207597,0.770410019,0.786918805,44,0.102803738,36.695958027,true,COMPLETE
1.0,OP_CONFIRM_MLE_BASE_REFERENCE_ASSUMPTION_SANDBOX_V1,369372d7e06066baf12416f63c9b12a0af11b1ef17459431e126a703ba4c7eae,TASK3_OPERATIONAL_POOLED_V1,REFERENCE_ASSUMPTION_SANDBOX_V1,LOCAL_WINDOW_HPP_BASE,34,300.000000000,338.339499534,426,365,5,36,0,20,61,426,0,0,0,0.293635486,2.795498228,0.252187219,1.772256117,0.545822705,3.394021009,0.000000000,0.000000000,0.000000000,35.364004523,38.212202827,0.763085063,0.779436885,61,0.143192488,38.339499534,true,COMPLETE
1.0,OP_CONFIRM_MLE_BASE_REFERENCE_ASSUMPTION_SANDBOX_V1,369372d7e06066baf12416f63c9b12a0af11b1ef17459431e126a703ba4c7eae,TASK3_OPERATIONAL_POOLED_V1,REFERENCE_ASSUMPTION_SANDBOX_V1,LOCAL_WINDOW_HPP_BASE,35,300.000000000,343.481421421,451,380,14,36,0,21,71,451,0,0,0,0.714420340,4.388955314,0.719895337,3.175401204,1.434315677,6.044732340,0.000000000,0.000000000,0.000000000,36.252497495,40.862914158,0.795773268,0.812825553,71,0.157427938,43.481421421,true,COMPLETE
1.0,OP_CONFIRM_MLE_BASE_REFERENCE_ASSUMPTION_SANDBOX_V1,369372d7e06066baf12416f63c9b12a0af11b1ef17459431e126a703ba4c7eae,TASK3_OPERATIONAL_POOLED_V1,REFERENCE_ASSUMPTION_SANDBOX_V1,LOCAL_WINDOW_HPP_BASE,36,300.000000000,335.262134136,414,369,0,32,0,13,45,414,0,0,0,0.019958639,0.000000000,0.228818411,2.008872078,0.248777050,2.042239207,0.000000000,0.000000000,0.000000000,35.066958868,36.860421025,0.748396748,0.764433821,45,0.108695652,35.262134136,true,COMPLETE
1.0,OP_CONFIRM_MLE_BASE_REFERENCE_ASSUMPTION_SANDBOX_V1,369372d7e06066baf12416f63c9b12a0af11b1ef17459431e126a703ba4c7eae,TASK3_OPERATIONAL_POOLED_V1,REFERENCE_ASSUMPTION_SANDBOX_V1,LOCAL_WINDOW_HPP_BASE,37,300.000000000,334.323681021,408,354,0,31,2,21,54,408,0,0,0,0.224417226,1.819087687,0.416254231,2.586335656,0.640671457,3.804652912,0.000000000,0.000000000,0.000000000,35.458853275,38.622834730,0.739620737,0.755469753,54,0.132352941,34.323681021,true,COMPLETE
1.0,OP_CONFIRM_MLE_BASE_REFERENCE_ASSUMPTION_SANDBOX_V1,369372d7e06066baf12416f63c9b12a0af11b1ef17459431e126a703ba4c7eae,TASK3_OPERATIONAL_POOLED_V1,REFERENCE_ASSUMPTION_SANDBOX_V1,LOCAL_WINDOW_HPP_BASE,38,300.000000000,334.203534405,406,362,0,23,0,21,44,406,0,0,0,0.038421401,0.000106175,0.181880696,1.581876790,0.220302097,1.642636100,0.000000000,0.000000000,0.000000000,35.038483915,36.460817918,0.736259736,0.752036730,44,0.108374384,34.203534405,true,COMPLETE
1.0,OP_CONFIRM_MLE_BASE_REFERENCE_ASSUMPTION_SANDBOX_V1,369372d7e06066baf12416f63c9b12a0af11b1ef17459431e126a703ba4c7eae,TASK3_OPERATIONAL_POOLED_V1,REFERENCE_ASSUMPTION_SANDBOX_V1,LOCAL_WINDOW_HPP_BASE,39,300.000000000,341.633966433,388,323,6,36,2,21,65,388,0,0,0,0.304203842,2.636532528,0.443926885,3.084772047,0.748130727,4.834022532,0.000000000,0.000000000,0.000000000,35.566312545,39.652204350,0.688314214,0.703063805,65,0.167525773,41.633966433,true,COMPLETE
1.0,OP_CONFIRM_MLE_BASE_REFERENCE_ASSUMPTION_SANDBOX_V1,369372d7e06066baf12416f63c9b12a0af11b1ef17459431e126a703ba4c7eae,TASK3_OPERATIONAL_POOLED_V1,REFERENCE_ASSUMPTION_SANDBOX_V1,LOCAL_WINDOW_HPP_BASE,40,300.000000000,335.272774441,399,345,0,32,1,21,54,399,0,0,0,0.185522511,0.000000000,0.208354540,1.525687464,0.393877051,3.522165706,0.000000000,0.000000000,0.000000000,35.212058869,38.340347524,0.721258033,0.736713562,54,0.135338346,35.272774441,true,COMPLETE
1.0,OP_CONFIRM_MLE_BASE_REFERENCE_ASSUMPTION_SANDBOX_V1,369372d7e06066baf12416f63c9b12a0af11b1ef17459431e126a703ba4c7eae,TASK3_OPERATIONAL_POOLED_V1,REFERENCE_ASSUMPTION_SANDBOX_V1,LOCAL_WINDOW_HPP_BASE,41,300.000000000,334.367218497,416,371,0,27,0,18,45,416,0,0,0,0.256580394,1.992863908,0.323780329,2.004773285,0.580360724,3.239797144,0.000000000,0.000000000,0.000000000,35.398542542,38.057978962,0.754024911,0.770182588,45,0.108173077,34.367218497,true,COMPLETE
1.0,OP_CONFIRM_MLE_BASE_REFERENCE_ASSUMPTION_SANDBOX_V1,369372d7e06066baf12416f63c9b12a0af11b1ef17459431e126a703ba4c7eae,TASK3_OPERATIONAL_POOLED_V1,REFERENCE_ASSUMPTION_SANDBOX_V1,LOCAL_WINDOW_HPP_BASE,42,300.000000000,334.308413002,403,350,0,27,5,21,53,403,0,0,0,0.704166854,4.879852137,0.568126626,3.162145925,1.272293480,7.511248252,0.000000000,0.000000000,0.000000000,36.090475298,42.329430070,0.730590122,0.746245625,53,0.131513648,34.308413002,true,COMPLETE
1.0,OP_CONFIRM_MLE_BASE_REFERENCE_ASSUMPTION_SANDBOX_V1,369372d7e06066baf12416f63c9b12a0af11b1ef17459431e126a703ba4c7eae,TASK3_OPERATIONAL_POOLED_V1,REFERENCE_ASSUMPTION_SANDBOX_V1,LOCAL_WINDOW_HPP_BASE,43,300.000000000,334.691888900,407,353,0,30,3,21,54,407,0,0,0,0.443681966,3.034400344,0.300855433,1.843778269,0.744537398,4.160249958,0.000000000,0.000000000,0.000000000,35.562719216,38.978431776,0.736996249,0.752789026,54,0.132678133,34.691888900,true,COMPLETE
1.0,OP_CONFIRM_MLE_BASE_REFERENCE_ASSUMPTION_SANDBOX_V1,369372d7e06066baf12416f63c9b12a0af11b1ef17459431e126a703ba4c7eae,TASK3_OPERATIONAL_POOLED_V1,REFERENCE_ASSUMPTION_SANDBOX_V1,LOCAL_WINDOW_HPP_BASE,44,300.000000000,333.476554778,366,324,0,31,0,11,42,366,0,0,0,0.000000000,0.000000000,0.069226095,0.485576818,0.069226095,0.485576818,0.000000000,0.000000000,0.000000000,34.887407913,35.303758636,0.665168746,0.679422362,42,0.114754098,33.476554778,true,COMPLETE
1.0,OP_CONFIRM_MLE_BASE_REFERENCE_ASSUMPTION_SANDBOX_V1,369372d7e06066baf12416f63c9b12a0af11b1ef17459431e126a703ba4c7eae,TASK3_OPERATIONAL_POOLED_V1,REFERENCE_ASSUMPTION_SANDBOX_V1,LOCAL_WINDOW_HPP_BASE,45,300.000000000,333.751947751,399,349,0,28,1,21,50,399,0,0,0,0.105258593,0.463305091,0.192837514,1.415413735,0.298096107,1.989322874,0.000000000,0.000000000,0.000000000,35.116277925,36.807504692,0.724544631,0.740070587,50,0.125313283,33.751947751,true,COMPLETE
1.0,OP_CONFIRM_MLE_BASE_REFERENCE_ASSUMPTION_SANDBOX_V1,369372d7e06066baf12416f63c9b12a0af11b1ef17459431e126a703ba4c7eae,TASK3_OPERATIONAL_POOLED_V1,REFERENCE_ASSUMPTION_SANDBOX_V1,LOCAL_WINDOW_HPP_BASE,46,300.000000000,336.152675771,452,394,0,29,8,21,58,452,0,0,0,0.962802658,5.151774543,1.030865891,3.566823307,1.993668549,6.871251009,0.000000000,0.000000000,0.000000000,36.811850367,41.689432827,0.814925520,0.832388209,58,0.128318584,36.152675771,true,COMPLETE
1.0,OP_CONFIRM_MLE_BASE_REFERENCE_ASSUMPTION_SANDBOX_V1,369372d7e06066baf12416f63c9b12a0af11b1ef17459431e126a703ba4c7eae,TASK3_OPERATIONAL_POOLED_V1,REFERENCE_ASSUMPTION_SANDBOX_V1,LOCAL_WINDOW_HPP_BASE,47,300.000000000,334.574566537,385,347,0,24,0,14,38,385,0,0,0,0.006965283,0.000000000,0.134085678,1.442984503,0.141050961,1.442984503,0.000000000,0.000000000,0.000000000,34.959232779,36.261166321,0.697403080,0.712347432,38,0.098701299,34.574566537,true,COMPLETE
1.0,OP_CONFIRM_MLE_BASE_REFERENCE_ASSUMPTION_SANDBOX_V1,369372d7e06066baf12416f63c9b12a0af11b1ef17459431e126a703ba4c7eae,TASK3_OPERATIONAL_POOLED_V1,REFERENCE_ASSUMPTION_SANDBOX_V1,LOCAL_WINDOW_HPP_BASE,48,300.000000000,334.182435039,416,364,0,31,0,21,52,416,0,0,0,0.806591890,5.519534372,0.676575086,4.011203747,1.483166976,7.285356425,0.000000000,0.000000000,0.000000000,36.301348794,42.103538243,0.754441843,0.770608454,52,0.125000000,34.182435039,true,COMPLETE
1.0,OP_CONFIRM_MLE_BASE_REFERENCE_ASSUMPTION_SANDBOX_V1,369372d7e06066baf12416f63c9b12a0af11b1ef17459431e126a703ba4c7eae,TASK3_OPERATIONAL_POOLED_V1,REFERENCE_ASSUMPTION_SANDBOX_V1,LOCAL_WINDOW_HPP_BASE,49,300.000000000,332.907357814,423,374,0,27,1,21,49,423,0,0,0,0.485690711,3.429093407,0.621721652,2.909285339,1.107412363,4.875148937,0.000000000,0.000000000,0.000000000,35.925594181,39.693330755,0.770075008,0.786576616,49,0.115839243,32.907357814,true,COMPLETE
1.0,OP_CONFIRM_MLE_BASE_REFERENCE_ASSUMPTION_SANDBOX_V1,369372d7e06066baf12416f63c9b12a0af11b1ef17459431e126a703ba4c7eae,TASK3_OPERATIONAL_POOLED_V1,REFERENCE_ASSUMPTION_SANDBOX_V1,LOCAL_WINDOW_HPP_BASE,50,300.000000000,334.347157797,414,361,0,29,3,21,53,414,0,0,0,0.304832146,2.494612443,0.591074867,3.155862343,0.895907013,4.074617586,0.000000000,0.000000000,0.000000000,35.714088831,38.892799404,0.750444815,0.766525775,53,0.128019324,34.347157797,true,COMPLETE
1.0,OP_CONFIRM_EXACT95_HIGH_REFERENCE_ASSUMPTION_SANDBOX_V1,eed4ac1694a3cbb110169bff620757a2aa7b14be5e0738f9318b5c1a3c59b08f,TASK3_OPERATIONAL_POOLED_V1,REFERENCE_ASSUMPTION_SANDBOX_V1,LOCAL_WINDOW_HPP_EXACT95_HIGH,1,300.000000000,392.308479524,564,414,84,36,9,21,150,564,0,0,0,25.148823269,47.773035370,3.900948017,8.103148667,29.049771286,54.507395958,0.000000000,0.000000000,0.000000000,63.867953104,89.325577776,0.871299499,0.889970203,150,0.265957447,92.308479524,true,COMPLETE
1.0,OP_CONFIRM_EXACT95_HIGH_REFERENCE_ASSUMPTION_SANDBOX_V1,eed4ac1694a3cbb110169bff620757a2aa7b14be5e0738f9318b5c1a3c59b08f,TASK3_OPERATIONAL_POOLED_V1,REFERENCE_ASSUMPTION_SANDBOX_V1,LOCAL_WINDOW_HPP_EXACT95_HIGH,2,300.000000000,401.299059471,593,428,94,36,14,21,165,593,0,0,0,29.775737016,59.425971598,4.852932694,8.937424450,34.628669709,67.189468577,0.000000000,0.000000000,0.000000000,69.446851527,102.007650395,0.895576331,0.914767253,165,0.278246206,101.299059471,true,COMPLETE
1.0,OP_CONFIRM_EXACT95_HIGH_REFERENCE_ASSUMPTION_SANDBOX_V1,eed4ac1694a3cbb110169bff620757a2aa7b14be5e0738f9318b5c1a3c59b08f,TASK3_OPERATIONAL_POOLED_V1,REFERENCE_ASSUMPTION_SANDBOX_V1,LOCAL_WINDOW_HPP_EXACT95_HIGH,3,300.000000000,414.723889240,617,429,113,36,18,21,188,617,0,0,0,28.216695750,67.132764008,6.417245623,11.803338856,34.633941373,76.583369955,0.000000000,0.000000000,0.000000000,69.452123191,111.401551773,0.901658679,0.920979936,188,0.304700162,114.723889240,true,COMPLETE
1.0,OP_CONFIRM_EXACT95_HIGH_REFERENCE_ASSUMPTION_SANDBOX_V1,eed4ac1694a3cbb110169bff620757a2aa7b14be5e0738f9318b5c1a3c59b08f,TASK3_OPERATIONAL_POOLED_V1,REFERENCE_ASSUMPTION_SANDBOX_V1,LOCAL_WINDOW_HPP_EXACT95_HIGH,4,300.000000000,382.707937182,562,429,58,36,18,21,133,562,0,0,0,16.276378176,33.602322788,6.378815344,11.187433296,22.655193520,41.894864622,0.000000000,0.000000000,0.000000000,57.473375338,76.713046440,0.889989539,0.909060743,133,0.236654804,82.707937182,true,COMPLETE
1.0,OP_CONFIRM_EXACT95_HIGH_REFERENCE_ASSUMPTION_SANDBOX_V1,eed4ac1694a3cbb110169bff620757a2aa7b14be5e0738f9318b5c1a3c59b08f,TASK3_OPERATIONAL_POOLED_V1,REFERENCE_ASSUMPTION_SANDBOX_V1,LOCAL_WINDOW_HPP_EXACT95_HIGH,5,300.000000000,400.637730253,591,427,94,36,13,21,164,591,0,0,0,26.218468140,54.369752983,4.580592104,8.952311539,30.799060244,62.354155384,0.000000000,0.000000000,0.000000000,65.617242062,97.172337202,0.894029172,0.913186940,164,0.277495770,100.637730253,true,COMPLETE
1.0,OP_CONFIRM_EXACT95_HIGH_REFERENCE_ASSUMPTION_SANDBOX_V1,eed4ac1694a3cbb110169bff620757a2aa7b14be5e0738f9318b5c1a3c59b08f,TASK3_OPERATIONAL_POOLED_V1,REFERENCE_ASSUMPTION_SANDBOX_V1,LOCAL_WINDOW_HPP_EXACT95_HIGH,6,300.000000000,388.740233840,571,429,73,36,12,21,142,571,0,0,0,20.831649187,41.283741585,5.638745657,10.258427510,26.470394844,49.658411985,0.000000000,0.000000000,0.000000000,61.288576662,84.476593803,0.890210418,0.909286356,142,0.248686515,88.740233840,true,COMPLETE
1.0,OP_CONFIRM_EXACT95_HIGH_REFERENCE_ASSUMPTION_SANDBOX_V1,eed4ac1694a3cbb110169bff620757a2aa7b14be5e0738f9318b5c1a3c59b08f,TASK3_OPERATIONAL_POOLED_V1,REFERENCE_ASSUMPTION_SANDBOX_V1,LOCAL_WINDOW_HPP_EXACT95_HIGH,7,300.000000000,391.156461325,574,426,70,36,21,21,148,574,0,0,0,19.806608625,42.284548510,5.720330681,11.655999168,25.526939306,50.264338956,0.000000000,0.000000000,0.000000000,60.345121124,85.082520774,0.889359687,0.908417394,148,0.257839721,91.156461325,true,COMPLETE
1.0,OP_CONFIRM_EXACT95_HIGH_REFERENCE_ASSUMPTION_SANDBOX_V1,eed4ac1694a3cbb110169bff620757a2aa7b14be5e0738f9318b5c1a3c59b08f,TASK3_OPERATIONAL_POOLED_V1,REFERENCE_ASSUMPTION_SANDBOX_V1,LOCAL_WINDOW_HPP_EXACT95_HIGH,8,300.000000000,379.999579591,559,429,56,36,17,21,130,559,0,0,0,19.677689595,38.017263967,5.095585712,9.619583600,24.773275307,44.847921708,0.000000000,0.000000000,0.000000000,59.591457125,79.666103526,0.891548036,0.910652637,130,0.232558140,79.999579591,true,COMPLETE
1.0,OP_CONFIRM_EXACT95_HIGH_REFERENCE_ASSUMPTION_SANDBOX_V1,eed4ac1694a3cbb110169bff620757a2aa7b14be5e0738f9318b5c1a3c59b08f,TASK3_OPERATIONAL_POOLED_V1,REFERENCE_ASSUMPTION_SANDBOX_V1,LOCAL_WINDOW_HPP_EXACT95_HIGH,9,300.000000000,415.496360198,612,424,117,36,14,21,188,612,0,0,0,30.373261916,67.466457373,4.921705450,9.331895622,35.294967366,74.989463247,0.000000000,0.000000000,0.000000000,70.113149184,109.807645065,0.892689146,0.911818199,188,0.307189542,115.496360198,true,COMPLETE
1.0,OP_CONFIRM_EXACT95_HIGH_REFERENCE_ASSUMPTION_SANDBOX_V1,eed4ac1694a3cbb110169bff620757a2aa7b14be5e0738f9318b5c1a3c59b08f,TASK3_OPERATIONAL_POOLED_V1,REFERENCE_ASSUMPTION_SANDBOX_V1,LOCAL_WINDOW_HPP_EXACT95_HIGH,10,300.000000000,379.471014182,560,429,56,36,18,21,131,560,0,0,0,21.160038596,36.425575287,9.085943902,16.399735881,30.245982498,44.068989168,0.000000000,0.000000000,0.000000000,65.064164316,78.887170986,0.894386993,0.913552429,131,0.233928571,79.471014182,true,COMPLETE
1.0,OP_CONFIRM_EXACT95_HIGH_REFERENCE_ASSUMPTION_SANDBOX_V1,eed4ac1694a3cbb110169bff620757a2aa7b14be5e0738f9318b5c1a3c59b08f,TASK3_OPERATIONAL_POOLED_V1,REFERENCE_ASSUMPTION_SANDBOX_V1,LOCAL_WINDOW_HPP_EXACT95_HIGH,11,300.000000000,364.365296511,534,429,30,36,18,21,105,534,0,0,0,16.533073249,26.287529058,5.798693766,10.627992438,22.331767015,34.265943551,0.000000000,0.000000000,0.000000000,57.149948833,69.084125369,0.888219506,0.907252781,105,0.196629213,64.365296511,true,COMPLETE
1.0,OP_CONFIRM_EXACT95_HIGH_REFERENCE_ASSUMPTION_SANDBOX_V1,eed4ac1694a3cbb110169bff620757a2aa7b14be5e0738f9318b5c1a3c59b08f,TASK3_OPERATIONAL_POOLED_V1,REFERENCE_ASSUMPTION_SANDBOX_V1,LOCAL_WINDOW_HPP_EXACT95_HIGH,12,300.000000000,391.476368860,577,429,76,36,15,21,148,577,0,0,0,28.191799398,46.780632166,5.487816839,9.846320977,33.679616236,55.223825805,0.000000000,0.000000000,0.000000000,68.497798054,90.042007623,0.893277341,0.912418998,148,0.256499133,91.476368860,true,COMPLETE
1.0,OP_CONFIRM_EXACT95_HIGH_REFERENCE_ASSUMPTION_SANDBOX_V1,eed4ac1694a3cbb110169bff620757a2aa7b14be5e0738f9318b5c1a3c59b08f,TASK3_OPERATIONAL_POOLED_V1,REFERENCE_ASSUMPTION_SANDBOX_V1,LOCAL_WINDOW_HPP_EXACT95_HIGH,13,300.000000000,403.984669825,594,426,104,36,7,21,168,594,0,0,0,29.242925259,58.939100622,4.114130338,8.304084947,33.357055597,66.772723835,0.000000000,0.000000000,0.000000000,68.175237415,101.590905653,0.891122923,0.910218415,168,0.282828283,103.984669825,true,COMPLETE
1.0,OP_CONFIRM_EXACT95_HIGH_REFERENCE_ASSUMPTION_SANDBOX_V1,eed4ac1694a3cbb110169bff620757a2aa7b14be5e0738f9318b5c1a3c59b08f,TASK3_OPERATIONAL_POOLED_V1,REFERENCE_ASSUMPTION_SANDBOX_V1,LOCAL_WINDOW_HPP_EXACT95_HIGH,14,300.000000000,392.441797872,577,427,83,36,10,21,150,577,0,0,0,19.780675836,44.985938130,3.612761470,7.080649074,23.393437306,51.847167367,0.000000000,0.000000000,0.000000000,58.211619124,86.665349185,0.891079828,0.910174396,150,0.259965338,92.441797872,true,COMPLETE
1.0,OP_CONFIRM_EXACT95_HIGH_REFERENCE_ASSUMPTION_SANDBOX_V1,eed4ac1694a3cbb110169bff620757a2aa7b14be5e0738f9318b5c1a3c59b08f,TASK3_OPERATIONAL_POOLED_V1,REFERENCE_ASSUMPTION_SANDBOX_V1,LOCAL_WINDOW_HPP_EXACT95_HIGH,15,300.000000000,408.772583593,604,428,104,36,15,21,176,604,0,0,0,34.231105955,63.578879024,5.326971843,9.947735984,39.558077798,71.934475130,0.000000000,0.000000000,0.000000000,74.376259616,106.752656948,0.895511638,0.914701173,176,0.291390728,108.772583593,true,COMPLETE
1.0,OP_CONFIRM_EXACT95_HIGH_REFERENCE_ASSUMPTION_SANDBOX_V1,eed4ac1694a3cbb110169bff620757a2aa7b14be5e0738f9318b5c1a3c59b08f,TASK3_OPERATIONAL_POOLED_V1,REFERENCE_ASSUMPTION_SANDBOX_V1,LOCAL_WINDOW_HPP_EXACT95_HIGH,16,300.000000000,377.682265286,549,424,56,36,12,21,125,549,0,0,0,14.514458183,33.780705237,3.835547676,7.842199481,18.350005859,41.070409078,0.000000000,0.000000000,0.000000000,53.168187677,75.888590896,0.880971397,0.899849355,125,0.227686703,77.682265286,true,COMPLETE
1.0,OP_CONFIRM_EXACT95_HIGH_REFERENCE_ASSUMPTION_SANDBOX_V1,eed4ac1694a3cbb110169bff620757a2aa7b14be5e0738f9318b5c1a3c59b08f,TASK3_OPERATIONAL_POOLED_V1,REFERENCE_ASSUMPTION_SANDBOX_V1,LOCAL_WINDOW_HPP_EXACT95_HIGH,17,300.000000000,374.929084336,550,428,57,36,8,21,122,550,0,0,0,18.136867675,33.854964739,3.955697800,7.503507361,22.092565475,41.008657033,0.000000000,0.000000000,0.000000000,56.910747293,75.826838851,0.889057017,0.908108239,122,0.221818182,74.929084336,true,COMPLETE
1.0,OP_CONFIRM_EXACT95_HIGH_REFERENCE_ASSUMPTION_SANDBOX_V1,eed4ac1694a3cbb110169bff620757a2aa7b14be5e0738f9318b5c1a3c59b08f,TASK3_OPERATIONAL_POOLED_V1,REFERENCE_ASSUMPTION_SANDBOX_V1,LOCAL_WINDOW_HPP_EXACT95_HIGH,18,300.000000000,405.955538258,598,428,100,36,13,21,170,598,0,0,0,22.492959277,55.591150814,4.914570893,9.057433919,27.407530170,64.245620451,0.000000000,0.000000000,0.000000000,62.225711988,99.063802269,0.892768316,0.911899066,170,0.284280936,105.955538258,true,COMPLETE
1.0,OP_CONFIRM_EXACT95_HIGH_REFERENCE_ASSUMPTION_SANDBOX_V1,eed4ac1694a3cbb110169bff620757a2aa7b14be5e0738f9318b5c1a3c59b08f,TASK3_OPERATIONAL_POOLED_V1,REFERENCE_ASSUMPTION_SANDBOX_V1,LOCAL_WINDOW_HPP_EXACT95_HIGH,19,300.000000000,376.758593930,550,426,57,36,10,21,124,550,0,0,0,13.922475604,30.631665826,3.947085392,7.685701067,17.869560996,37.146839478,0.000000000,0.000000000,0.000000000,52.687742814,71.965021296,0.884739827,0.903698538,124,0.225454545,76.758593930,true,COMPLETE
1.0,OP_CONFIRM_EXACT95_HIGH_REFERENCE_ASSUMPTION_SANDBOX_V1,eed4ac1694a3cbb110169bff620757a2aa7b14be5e0738f9318b5c1a3c59b08f,TASK3_OPERATIONAL_POOLED_V1,REFERENCE_ASSUMPTION_SANDBOX_V1,LOCAL_WINDOW_HPP_EXACT95_HIGH,20,300.000000000,395.395693231,581,426,91,36,7,21,155,581,0,0,0,17.143556805,48.342921974,2.705283015,5.969576486,19.848839820,54.429442261,0.000000000,0.000000000,0.000000000,54.667021638,89.247624079,0.890553990,0.909637289,155,0.266781411,95.395693231,true,COMPLETE
1.0,OP_CONFIRM_EXACT95_HIGH_REFERENCE_ASSUMPTION_SANDBOX_V1,eed4ac1694a3cbb110169bff620757a2aa7b14be5e0738f9318b5c1a3c59b08f,TASK3_OPERATIONAL_POOLED_V1,REFERENCE_ASSUMPTION_SANDBOX_V1,LOCAL_WINDOW_HPP_EXACT95_HIGH,21,300.000000000,378.879858447,556,429,60,36,10,21,127,556,0,0,0,14.636835979,32.628675690,4.512030278,8.701762470,19.148866257,40.333561371,0.000000000,0.000000000,0.000000000,53.967048075,75.151743189,0.889384034,0.908442263,127,0.228417266,78.879858447,true,COMPLETE
1.0,OP_CONFIRM_EXACT95_HIGH_REFERENCE_ASSUMPTION_SANDBOX_V1,eed4ac1694a3cbb110169bff620757a2aa7b14be5e0738f9318b5c1a3c59b08f,TASK3_OPERATIONAL_POOLED_V1,REFERENCE_ASSUMPTION_SANDBOX_V1,LOCAL_WINDOW_HPP_EXACT95_HIGH,22,300.000000000,369.149014919,537,426,40,36,14,21,111,537,0,0,0,14.141394632,27.554968843,4.792506538,9.170704234,18.933901170,34.324042471,0.000000000,0.000000000,0.000000000,53.752082988,69.142224289,0.881634604,0.900526774,111,0.206703911,69.149014919,true,COMPLETE
1.0,OP_CONFIRM_EXACT95_HIGH_REFERENCE_ASSUMPTION_SANDBOX_V1,eed4ac1694a3cbb110169bff620757a2aa7b14be5e0738f9318b5c1a3c59b08f,TASK3_OPERATIONAL_POOLED_V1,REFERENCE_ASSUMPTION_SANDBOX_V1,LOCAL_WINDOW_HPP_EXACT95_HIGH,23,300.000000000,392.810269830,576,425,84,36,10,21,151,576,0,0,0,19.003746089,48.270247160,3.906055556,7.455226574,22.909801646,55.284045513,0.000000000,0.000000000,0.000000000,57.727983464,90.102227331,0.888701075,0.907744670,151,0.262152778,92.810269830,true,COMPLETE
1.0,OP_CONFIRM_EXACT95_HIGH_REFERENCE_ASSUMPTION_SANDBOX_V1,eed4ac1694a3cbb110169bff620757a2aa7b14be5e0738f9318b5c1a3c59b08f,TASK3_OPERATIONAL_POOLED_V1,REFERENCE_ASSUMPTION_SANDBOX_V1,LOCAL_WINDOW_HPP_EXACT95_HIGH,24,300.000000000,384.435395639,565,429,63,36,16,21,136,565,0,0,0,22.047656678,38.688978234,5.640654715,10.215602057,27.688311393,46.510665610,0.000000000,0.000000000,0.000000000,62.506493211,81.328847428,0.890719862,0.909806716,136,0.240707965,84.435395639,true,COMPLETE
1.0,OP_CONFIRM_EXACT95_HIGH_REFERENCE_ASSUMPTION_SANDBOX_V1,eed4ac1694a3cbb110169bff620757a2aa7b14be5e0738f9318b5c1a3c59b08f,TASK3_OPERATIONAL_POOLED_V1,REFERENCE_ASSUMPTION_SANDBOX_V1,LOCAL_WINDOW_HPP_EXACT95_HIGH,25,300.000000000,363.108962628,530,427,33,36,13,21,103,530,0,0,0,11.116612909,19.845088128,4.303318932,7.930651596,15.419931842,27.796426775,0.000000000,0.000000000,0.000000000,50.238113660,62.614608593,0.884616339,0.903572404,103,0.194339623,63.108962628,true,COMPLETE
1.0,OP_CONFIRM_EXACT95_HIGH_REFERENCE_ASSUMPTION_SANDBOX_V1,eed4ac1694a3cbb110169bff620757a2aa7b14be5e0738f9318b5c1a3c59b08f,TASK3_OPERATIONAL_POOLED_V1,REFERENCE_ASSUMPTION_SANDBOX_V1,LOCAL_WINDOW_HPP_EXACT95_HIGH,26,300.000000000,394.576244678,582,428,78,36,19,21,154,582,0,0,0,29.897855587,48.226053245,6.756069506,13.367596529,36.653925093,57.712153548,0.000000000,0.000000000,0.000000000,71.472106911,92.530335366,0.893939454,0.913095299,154,0.264604811,94.576244678,true,COMPLETE
1.0,OP_CONFIRM_EXACT95_HIGH_REFERENCE_ASSUMPTION_SANDBOX_V1,eed4ac1694a3cbb110169bff620757a2aa7b14be5e0738f9318b5c1a3c59b08f,TASK3_OPERATIONAL_POOLED_V1,REFERENCE_ASSUMPTION_SANDBOX_V1,LOCAL_WINDOW_HPP_EXACT95_HIGH,27,300.000000000,383.691597895,563,427,70,36,9,21,136,563,0,0,0,23.440629108,38.257837990,3.912729514,7.266565677,27.353358622,45.153385587,0.000000000,0.000000000,0.000000000,62.171540440,79.971567405,0.889287446,0.908343606,136,0.241563055,83.691597895,true,COMPLETE
1.0,OP_CONFIRM_EXACT95_HIGH_REFERENCE_ASSUMPTION_SANDBOX_V1,eed4ac1694a3cbb110169bff620757a2aa7b14be5e0738f9318b5c1a3c59b08f,TASK3_OPERATIONAL_POOLED_V1,REFERENCE_ASSUMPTION_SANDBOX_V1,LOCAL_WINDOW_HPP_EXACT95_HIGH,28,300.000000000,391.932595937,575,426,83,36,9,21,149,575,0,0,0,19.055605835,46.826662342,3.244629098,6.848596709,22.300234933,53.510463602,0.000000000,0.000000000,0.000000000,57.118416751,88.328645420,0.889144848,0.908197952,149,0.259130435,91.932595937,true,COMPLETE
1.0,OP_CONFIRM_EXACT95_HIGH_REFERENCE_ASSUMPTION_SANDBOX_V1,eed4ac1694a3cbb110169bff620757a2aa7b14be5e0738f9318b5c1a3c59b08f,TASK3_OPERATIONAL_POOLED_V1,REFERENCE_ASSUMPTION_SANDBOX_V1,LOCAL_WINDOW_HPP_EXACT95_HIGH,29,300.000000000,352.834659171,513,428,20,36,8,21,85,513,0,0,0,9.931339773,18.807702503,3.614505037,6.877365747,13.545844810,24.331515420,0.000000000,0.000000000,0.000000000,48.364026628,59.149697238,0.881175029,0.900057351,85,0.165692008,52.834659171,true,COMPLETE
1.0,OP_CONFIRM_EXACT95_HIGH_REFERENCE_ASSUMPTION_SANDBOX_V1,eed4ac1694a3cbb110169bff620757a2aa7b14be5e0738f9318b5c1a3c59b08f,TASK3_OPERATIONAL_POOLED_V1,REFERENCE_ASSUMPTION_SANDBOX_V1,LOCAL_WINDOW_HPP_EXACT95_HIGH,30,300.000000000,401.123862064,591,424,99,36,11,21,167,591,0,0,0,25.169175519,56.175753095,4.799444675,9.392264870,29.968620193,63.968111947,0.000000000,0.000000000,0.000000000,64.786802011,98.786293765,0.892945676,0.912080226,167,0.282571912,101.123862064,true,COMPLETE
1.0,OP_CONFIRM_EXACT95_HIGH_REFERENCE_ASSUMPTION_SANDBOX_V1,eed4ac1694a3cbb110169bff620757a2aa7b14be5e0738f9318b5c1a3c59b08f,TASK3_OPERATIONAL_POOLED_V1,REFERENCE_ASSUMPTION_SANDBOX_V1,LOCAL_WINDOW_HPP_EXACT95_HIGH,31,300.000000000,409.465136274,606,429,105,36,15,21,177,606,0,0,0,33.180871213,62.005610953,6.346991870,10.993202036,39.527863083,71.895753308,0.000000000,0.000000000,0.000000000,74.346044901,106.713935126,0.896957261,0.916177774,177,0.292079208,109.465136274,true,COMPLETE
1.0,OP_CONFIRM_EXACT95_HIGH_REFERENCE_ASSUMPTION_SANDBOX_V1,eed4ac1694a3cbb110169bff620757a2aa7b14be5e0738f9318b5c1a3c59b08f,TASK3_OPERATIONAL_POOLED_V1,REFERENCE_ASSUMPTION_SANDBOX_V1,LOCAL_WINDOW_HPP_EXACT95_HIGH,32,300.000000000,376.030865180,551,429,50,36,15,21,122,551,0,0,0,19.709138517,32.974537334,5.863045701,10.322944559,25.572184217,39.927779155,0.000000000,0.000000000,0.000000000,60.390366035,74.745960973,0.888063786,0.907093725,122,0.221415608,76.030865180,true,COMPLETE
1.0,OP_CONFIRM_EXACT95_HIGH_REFERENCE_ASSUMPTION_SANDBOX_V1,eed4ac1694a3cbb110169bff620757a2aa7b14be5e0738f9318b5c1a3c59b08f,TASK3_OPERATIONAL_POOLED_V1,REFERENCE_ASSUMPTION_SANDBOX_V1,LOCAL_WINDOW_HPP_EXACT95_HIGH,33,300.000000000,389.502690959,573,428,79,36,9,21,145,573,0,0,0,19.495173394,44.567270993,3.847059558,7.245695929,23.342232952,51.741554875,0.000000000,0.000000000,0.000000000,58.160414770,86.559736693,0.891579790,0.910685071,145,0.253054101,89.502690959,true,COMPLETE
1.0,OP_CONFIRM_EXACT95_HIGH_REFERENCE_ASSUMPTION_SANDBOX_V1,eed4ac1694a3cbb110169bff620757a2aa7b14be5e0738f9318b5c1a3c59b08f,TASK3_OPERATIONAL_POOLED_V1,REFERENCE_ASSUMPTION_SANDBOX_V1,LOCAL_WINDOW_HPP_EXACT95_HIGH,34,300.000000000,398.115360883,587,428,87,36,15,21,159,587,0,0,0,26.497180050,52.400650499,5.666547239,10.473173804,32.163727289,61.905412613,0.000000000,0.000000000,0.000000000,66.981909107,96.723594431,0.893604243,0.912752906,159,0.270868825,98.115360883,true,COMPLETE
1.0,OP_CONFIRM_EXACT95_HIGH_REFERENCE_ASSUMPTION_SANDBOX_V1,eed4ac1694a3cbb110169bff620757a2aa7b14be5e0738f9318b5c1a3c59b08f,TASK3_OPERATIONAL_POOLED_V1,REFERENCE_ASSUMPTION_SANDBOX_V1,LOCAL_WINDOW_HPP_EXACT95_HIGH,35,300.000000000,374.502972463,548,429,50,36,12,21,119,548,0,0,0,11.707916304,28.437331157,3.999211002,7.454228451,15.707127307,36.154348622,0.000000000,0.000000000,0.000000000,50.525309125,70.972530440,0.886831979,0.905835521,119,0.217153285,74.502972463,true,COMPLETE
1.0,OP_CONFIRM_EXACT95_HIGH_REFERENCE_ASSUMPTION_SANDBOX_V1,eed4ac1694a3cbb110169bff620757a2aa7b14be5e0738f9318b5c1a3c59b08f,TASK3_OPERATIONAL_POOLED_V1,REFERENCE_ASSUMPTION_SANDBOX_V1,LOCAL_WINDOW_HPP_EXACT95_HIGH,36,300.000000000,387.271942947,567,424,75,36,11,21,143,567,0,0,0,21.349963675,45.001368468,3.494649950,7.036454667,24.844613625,51.876956243,0.000000000,0.000000000,0.000000000,59.662795443,86.695138061,0.887325741,0.906339864,143,0.252204586,87.271942947,true,COMPLETE
1.0,OP_CONFIRM_EXACT95_HIGH_REFERENCE_ASSUMPTION_SANDBOX_V1,eed4ac1694a3cbb110169bff620757a2aa7b14be5e0738f9318b5c1a3c59b08f,TASK3_OPERATIONAL_POOLED_V1,REFERENCE_ASSUMPTION_SANDBOX_V1,LOCAL_WINDOW_HPP_EXACT95_HIGH,37,300.000000000,379.780010275,556,427,65,36,7,21,129,556,0,0,0,17.210077301,38.987886450,4.550138002,8.764255869,21.760215303,47.044212325,0.000000000,0.000000000,0.000000000,56.578397121,81.862394143,0.887276023,0.906289080,129,0.232014388,79.780010275,true,COMPLETE
1.0,OP_CONFIRM_EXACT95_HIGH_REFERENCE_ASSUMPTION_SANDBOX_V1,eed4ac1694a3cbb110169bff620757a2aa7b14be5e0738f9318b5c1a3c59b08f,TASK3_OPERATIONAL_POOLED_V1,REFERENCE_ASSUMPTION_SANDBOX_V1,LOCAL_WINDOW_HPP_EXACT95_HIGH,38,300.000000000,380.379357627,550,418,65,36,10,21,132,550,0,0,0,22.019965862,38.958211926,3.610479370,7.262074667,25.630445232,45.368261160,0.000000000,0.000000000,0.000000000,60.448627050,80.186442978,0.876318146,0.895096392,132,0.240000000,80.379357627,true,COMPLETE
1.0,OP_CONFIRM_EXACT95_HIGH_REFERENCE_ASSUMPTION_SANDBOX_V1,eed4ac1694a3cbb110169bff620757a2aa7b14be5e0738f9318b5c1a3c59b08f,TASK3_OPERATIONAL_POOLED_V1,REFERENCE_ASSUMPTION_SANDBOX_V1,LOCAL_WINDOW_HPP_EXACT95_HIGH,39,300.000000000,394.863209740,581,428,87,36,9,21,153,581,0,0,0,24.286193275,50.092782961,4.060797928,7.870334704,28.346991204,57.630953306,0.000000000,0.000000000,0.000000000,63.165173022,92.449135124,0.891754925,0.910863959,153,0.263339071,94.863209740,true,COMPLETE
1.0,OP_CONFIRM_EXACT95_HIGH_REFERENCE_ASSUMPTION_SANDBOX_V1,eed4ac1694a3cbb110169bff620757a2aa7b14be5e0738f9318b5c1a3c59b08f,TASK3_OPERATIONAL_POOLED_V1,REFERENCE_ASSUMPTION_SANDBOX_V1,LOCAL_WINDOW_HPP_EXACT95_HIGH,40,300.000000000,404.349550656,596,427,102,36,10,21,169,596,0,0,0,26.410391362,57.044605234,4.499994789,8.412720540,30.910386151,65.467530476,0.000000000,0.000000000,0.000000000,65.728567969,100.285712294,0.893316490,0.912458986,169,0.283557047,104.349550656,true,COMPLETE
1.0,OP_CONFIRM_EXACT95_HIGH_REFERENCE_ASSUMPTION_SANDBOX_V1,eed4ac1694a3cbb110169bff620757a2aa7b14be5e0738f9318b5c1a3c59b08f,TASK3_OPERATIONAL_POOLED_V1,REFERENCE_ASSUMPTION_SANDBOX_V1,LOCAL_WINDOW_HPP_EXACT95_HIGH,41,300.000000000,383.023283337,562,426,71,36,8,21,136,562,0,0,0,22.654165815,42.967854779,3.398716923,6.831187654,26.052882738,49.211955766,0.000000000,0.000000000,0.000000000,60.871064556,84.030137584,0.889256803,0.908312306,136,0.241992883,83.023283337,true,COMPLETE
1.0,OP_CONFIRM_EXACT95_HIGH_REFERENCE_ASSUMPTION_SANDBOX_V1,eed4ac1694a3cbb110169bff620757a2aa7b14be5e0738f9318b5c1a3c59b08f,TASK3_OPERATIONAL_POOLED_V1,REFERENCE_ASSUMPTION_SANDBOX_V1,LOCAL_WINDOW_HPP_EXACT95_HIGH,42,300.000000000,401.093140972,591,428,94,36,12,21,163,591,0,0,0,30.519884883,56.206632241,4.154809824,7.746285774,34.674694706,63.797378273,0.000000000,0.000000000,0.000000000,69.492876524,98.615560091,0.893014070,0.912150086,163,0.275803723,101.093140972,true,COMPLETE
1.0,OP_CONFIRM_EXACT95_HIGH_REFERENCE_ASSUMPTION_SANDBOX_V1,eed4ac1694a3cbb110169bff620757a2aa7b14be5e0738f9318b5c1a3c59b08f,TASK3_OPERATIONAL_POOLED_V1,REFERENCE_ASSUMPTION_SANDBOX_V1,LOCAL_WINDOW_HPP_EXACT95_HIGH,43,300.000000000,384.279235744,562,427,66,36,12,21,135,562,0,0,0,22.222016370,39.140469699,3.892537388,7.766956969,26.114553758,45.883911428,0.000000000,0.000000000,0.000000000,60.932735576,80.702093246,0.886350416,0.905343640,135,0.240213523,84.279235744,true,COMPLETE
1.0,OP_CONFIRM_EXACT95_HIGH_REFERENCE_ASSUMPTION_SANDBOX_V1,eed4ac1694a3cbb110169bff620757a2aa7b14be5e0738f9318b5c1a3c59b08f,TASK3_OPERATIONAL_POOLED_V1,REFERENCE_ASSUMPTION_SANDBOX_V1,LOCAL_WINDOW_HPP_EXACT95_HIGH,44,300.000000000,403.196860816,591,425,101,36,8,21,166,591,0,0,0,25.718215306,57.934455652,3.935509883,7.507709782,29.653725189,64.810293400,0.000000000,0.000000000,0.000000000,64.471907007,99.628475218,0.888354680,0.907390851,166,0.280879865,103.196860816,true,COMPLETE
1.0,OP_CONFIRM_EXACT95_HIGH_REFERENCE_ASSUMPTION_SANDBOX_V1,eed4ac1694a3cbb110169bff620757a2aa7b14be5e0738f9318b5c1a3c59b08f,TASK3_OPERATIONAL_POOLED_V1,REFERENCE_ASSUMPTION_SANDBOX_V1,LOCAL_WINDOW_HPP_EXACT95_HIGH,45,300.000000000,411.125786211,609,429,110,36,13,21,180,609,0,0,0,31.369417822,64.774336333,4.936209959,9.199673132,36.305627782,71.780154733,0.000000000,0.000000000,0.000000000,71.123809600,106.598336551,0.897756651,0.916994294,180,0.295566502,111.125786211,true,COMPLETE
1.0,OP_CONFIRM_EXACT95_HIGH_REFERENCE_ASSUMPTION_SANDBOX_V1,eed4ac1694a3cbb110169bff620757a2aa7b14be5e0738f9318b5c1a3c59b08f,TASK3_OPERATIONAL_POOLED_V1,REFERENCE_ASSUMPTION_SANDBOX_V1,LOCAL_WINDOW_HPP_EXACT95_HIGH,46,300.000000000,386.041841968,564,425,62,36,20,21,139,564,0,0,0,18.053179373,41.219765034,6.099850761,11.885081087,24.153030134,49.567043622,0.000000000,0.000000000,0.000000000,58.971211952,84.385225440,0.885443350,0.904417136,139,0.246453901,86.041841968,true,COMPLETE
1.0,OP_CONFIRM_EXACT95_HIGH_REFERENCE_ASSUMPTION_SANDBOX_V1,eed4ac1694a3cbb110169bff620757a2aa7b14be5e0738f9318b5c1a3c59b08f,TASK3_OPERATIONAL_POOLED_V1,REFERENCE_ASSUMPTION_SANDBOX_V1,LOCAL_WINDOW_HPP_EXACT95_HIGH,47,300.000000000,358.608965153,521,424,30,36,10,21,97,521,0,0,0,8.115897380,20.021633914,2.605065749,5.708433313,10.720963129,25.014114037,0.000000000,0.000000000,0.000000000,45.539144947,59.832295855,0.880506642,0.899374642,97,0.186180422,58.608965153,true,COMPLETE
1.0,OP_CONFIRM_EXACT95_HIGH_REFERENCE_ASSUMPTION_SANDBOX_V1,eed4ac1694a3cbb110169bff620757a2aa7b14be5e0738f9318b5c1a3c59b08f,TASK3_OPERATIONAL_POOLED_V1,REFERENCE_ASSUMPTION_SANDBOX_V1,LOCAL_WINDOW_HPP_EXACT95_HIGH,48,300.000000000,375.071942142,548,426,54,36,11,21,122,548,0,0,0,19.482904238,33.587058802,4.070400523,7.786493385,23.553304761,40.912584766,0.000000000,0.000000000,0.000000000,58.371486579,75.730766584,0.885486689,0.904461404,122,0.222627737,75.071942142,true,COMPLETE
1.0,OP_CONFIRM_EXACT95_HIGH_REFERENCE_ASSUMPTION_SANDBOX_V1,eed4ac1694a3cbb110169bff620757a2aa7b14be5e0738f9318b5c1a3c59b08f,TASK3_OPERATIONAL_POOLED_V1,REFERENCE_ASSUMPTION_SANDBOX_V1,LOCAL_WINDOW_HPP_EXACT95_HIGH,49,300.000000000,387.520436238,569,429,72,36,11,21,140,569,0,0,0,25.529330687,42.503589836,4.551638855,8.539698920,30.080969542,49.763570026,0.000000000,0.000000000,0.000000000,64.899151360,84.581751844,0.889884642,0.908953599,140,0.246045694,87.520436238,true,COMPLETE
1.0,OP_CONFIRM_EXACT95_HIGH_REFERENCE_ASSUMPTION_SANDBOX_V1,eed4ac1694a3cbb110169bff620757a2aa7b14be5e0738f9318b5c1a3c59b08f,TASK3_OPERATIONAL_POOLED_V1,REFERENCE_ASSUMPTION_SANDBOX_V1,LOCAL_WINDOW_HPP_EXACT95_HIGH,50,300.000000000,400.107643702,589,429,87,36,16,21,160,589,0,0,0,23.164409025,50.693213876,6.283125095,11.230151843,29.447534120,60.586302345,0.000000000,0.000000000,0.000000000,64.265715938,95.404484163,0.892184147,0.911302379,160,0.271646859,100.107643702,true,COMPLETE
1.0,OP_CONFIRM_EXACT95_LOW_REFERENCE_ASSUMPTION_SANDBOX_V1,32b9044b5bbd75968a07e8c7fc390d8c3419cadcce37bf0965896dd768445e2b,TASK3_OPERATIONAL_POOLED_V1,REFERENCE_ASSUMPTION_SANDBOX_V1,LOCAL_WINDOW_HPP_EXACT95_LOW,1,300.000000000,333.378284734,313,277,0,22,0,14,36,313,0,0,0,0.000000000,0.000000000,0.034405505,0.000000000,0.034405505,0.000000000,0.000000000,0.000000000,0.000000000,34.852587323,34.818181818,0.569014175,0.581207336,36,0.115015974,33.378284734,true,COMPLETE
1.0,OP_CONFIRM_EXACT95_LOW_REFERENCE_ASSUMPTION_SANDBOX_V1,32b9044b5bbd75968a07e8c7fc390d8c3419cadcce37bf0965896dd768445e2b,TASK3_OPERATIONAL_POOLED_V1,REFERENCE_ASSUMPTION_SANDBOX_V1,LOCAL_WINDOW_HPP_EXACT95_LOW,2,300.000000000,332.283944051,299,263,0,20,0,16,36,299,0,0,0,0.000000000,0.000000000,0.000900810,0.000000000,0.000900810,0.000000000,0.000000000,0.000000000,0.000000000,34.819082628,34.818181818,0.545353227,0.557039368,36,0.120401338,32.283944051,true,COMPLETE
1.0,OP_CONFIRM_EXACT95_LOW_REFERENCE_ASSUMPTION_SANDBOX_V1,32b9044b5bbd75968a07e8c7fc390d8c3419cadcce37bf0965896dd768445e2b,TASK3_OPERATIONAL_POOLED_V1,REFERENCE_ASSUMPTION_SANDBOX_V1,LOCAL_WINDOW_HPP_EXACT95_LOW,3,300.000000000,334.763588245,285,251,0,27,0,7,34,285,0,0,0,0.016208119,0.000000000,0.094619435,0.680083802,0.110827555,0.894984763,0.000000000,0.000000000,0.000000000,34.929009373,35.713166581,0.515967921,0.527024377,34,0.119298246,34.763588245,true,COMPLETE
1.0,OP_CONFIRM_EXACT95_LOW_REFERENCE_ASSUMPTION_SANDBOX_V1,32b9044b5bbd75968a07e8c7fc390d8c3419cadcce37bf0965896dd768445e2b,TASK3_OPERATIONAL_POOLED_V1,REFERENCE_ASSUMPTION_SANDBOX_V1,LOCAL_WINDOW_HPP_EXACT95_LOW,4,300.000000000,334.214032222,293,254,0,27,0,12,39,293,0,0,0,0.000000000,0.000000000,0.000000000,0.000000000,0.000000000,0.000000000,0.000000000,0.000000000,0.000000000,34.818181818,34.818181818,0.531323465,0.542708968,39,0.133105802,34.214032222,true,COMPLETE
1.0,OP_CONFIRM_EXACT95_LOW_REFERENCE_ASSUMPTION_SANDBOX_V1,32b9044b5bbd75968a07e8c7fc390d8c3419cadcce37bf0965896dd768445e2b,TASK3_OPERATIONAL_POOLED_V1,REFERENCE_ASSUMPTION_SANDBOX_V1,LOCAL_WINDOW_HPP_EXACT95_LOW,5,300.000000000,333.398993631,289,254,0,23,0,12,35,289,0,0,0,0.000000000,0.000000000,0.003926900,0.000000000,0.003926900,0.000000000,0.000000000,0.000000000,0.000000000,34.822108718,34.818181818,0.525351061,0.536608584,35,0.121107266,33.398993631,true,COMPLETE
1.0,OP_CONFIRM_EXACT95_LOW_REFERENCE_ASSUMPTION_SANDBOX_V1,32b9044b5bbd75968a07e8c7fc390d8c3419cadcce37bf0965896dd768445e2b,TASK3_OPERATIONAL_POOLED_V1,REFERENCE_ASSUMPTION_SANDBOX_V1,LOCAL_WINDOW_HPP_EXACT95_LOW,6,300.000000000,334.503790859,310,286,0,15,0,9,24,310,0,0,0,0.000000000,0.000000000,0.001133148,0.000000000,0.001133148,0.000000000,0.000000000,0.000000000,0.000000000,34.819314966,34.818181818,0.561664152,0.573699812,24,0.077419355,34.503790859,true,COMPLETE
1.0,OP_CONFIRM_EXACT95_LOW_REFERENCE_ASSUMPTION_SANDBOX_V1,32b9044b5bbd75968a07e8c7fc390d8c3419cadcce37bf0965896dd768445e2b,TASK3_OPERATIONAL_POOLED_V1,REFERENCE_ASSUMPTION_SANDBOX_V1,LOCAL_WINDOW_HPP_EXACT95_LOW,7,300.000000000,334.009467665,254,220,0,19,0,15,34,254,0,0,0,0.000000000,0.000000000,0.000000000,0.000000000,0.000000000,0.000000000,0.000000000,0.000000000,0.000000000,34.818181818,34.818181818,0.460883325,0.470759396,34,0.133858268,34.009467665,true,COMPLETE
1.0,OP_CONFIRM_EXACT95_LOW_REFERENCE_ASSUMPTION_SANDBOX_V1,32b9044b5bbd75968a07e8c7fc390d8c3419cadcce37bf0965896dd768445e2b,TASK3_OPERATIONAL_POOLED_V1,REFERENCE_ASSUMPTION_SANDBOX_V1,LOCAL_WINDOW_HPP_EXACT95_LOW,8,300.000000000,334.204293046,279,242,0,26,0,11,37,279,0,0,0,0.000000000,0.000000000,0.000000000,0.000000000,0.000000000,0.000000000,0.000000000,0.000000000,0.000000000,34.818181818,34.818181818,0.505950739,0.516792541,37,0.132616487,34.204293046,true,COMPLETE
1.0,OP_CONFIRM_EXACT95_LOW_REFERENCE_ASSUMPTION_SANDBOX_V1,32b9044b5bbd75968a07e8c7fc390d8c3419cadcce37bf0965896dd768445e2b,TASK3_OPERATIONAL_POOLED_V1,REFERENCE_ASSUMPTION_SANDBOX_V1,LOCAL_WINDOW_HPP_EXACT95_LOW,9,300.000000000,334.651209542,271,235,0,22,0,14,36,271,0,0,0,0.000000000,0.000000000,0.007156757,0.000000000,0.007156757,0.000000000,0.000000000,0.000000000,0.000000000,34.825338575,34.818181818,0.490786884,0.501303745,36,0.132841328,34.651209542,true,COMPLETE
1.0,OP_CONFIRM_EXACT95_LOW_REFERENCE_ASSUMPTION_SANDBOX_V1,32b9044b5bbd75968a07e8c7fc390d8c3419cadcce37bf0965896dd768445e2b,TASK3_OPERATIONAL_POOLED_V1,REFERENCE_ASSUMPTION_SANDBOX_V1,LOCAL_WINDOW_HPP_EXACT95_LOW,10,300.000000000,333.986965101,321,285,0,22,0,14,36,321,0,0,0,0.000000000,0.000000000,0.017432566,0.000000000,0.017432566,0.000000000,0.000000000,0.000000000,0.000000000,34.835614384,34.818181818,0.582494154,0.594976171,36,0.112149533,33.986965101,true,COMPLETE
1.0,OP_CONFIRM_EXACT95_LOW_REFERENCE_ASSUMPTION_SANDBOX_V1,32b9044b5bbd75968a07e8c7fc390d8c3419cadcce37bf0965896dd768445e2b,TASK3_OPERATIONAL_POOLED_V1,REFERENCE_ASSUMPTION_SANDBOX_V1,LOCAL_WINDOW_HPP_EXACT95_LOW,11,300.000000000,334.383425690,276,248,0,19,0,9,28,276,0,0,0,0.000000000,0.000000000,0.000000000,0.000000000,0.000000000,0.000000000,0.000000000,0.000000000,0.000000000,34.818181818,34.818181818,0.500242280,0.510961757,28,0.101449275,34.383425690,true,COMPLETE
1.0,OP_CONFIRM_EXACT95_LOW_REFERENCE_ASSUMPTION_SANDBOX_V1,32b9044b5bbd75968a07e8c7fc390d8c3419cadcce37bf0965896dd768445e2b,TASK3_OPERATIONAL_POOLED_V1,REFERENCE_ASSUMPTION_SANDBOX_V1,LOCAL_WINDOW_HPP_EXACT95_LOW,12,300.000000000,334.365001603,299,251,0,33,0,15,48,299,0,0,0,0.000000000,0.000000000,0.053231757,0.189676011,0.053231757,0.189676011,0.000000000,0.000000000,0.000000000,34.871413575,35.007857829,0.541958998,0.553572405,48,0.160535117,34.365001603,true,COMPLETE
1.0,OP_CONFIRM_EXACT95_LOW_REFERENCE_ASSUMPTION_SANDBOX_V1,32b9044b5bbd75968a07e8c7fc390d8c3419cadcce37bf0965896dd768445e2b,TASK3_OPERATIONAL_POOLED_V1,REFERENCE_ASSUMPTION_SANDBOX_V1,LOCAL_WINDOW_HPP_EXACT95_LOW,13,300.000000000,334.664495631,286,256,0,19,0,11,30,286,0,0,0,0.000000000,0.000000000,0.000000000,0.000000000,0.000000000,0.000000000,0.000000000,0.000000000,0.000000000,34.818181818,34.818181818,0.517931647,0.529030182,30,0.104895105,34.664495631,true,COMPLETE
1.0,OP_CONFIRM_EXACT95_LOW_REFERENCE_ASSUMPTION_SANDBOX_V1,32b9044b5bbd75968a07e8c7fc390d8c3419cadcce37bf0965896dd768445e2b,TASK3_OPERATIONAL_POOLED_V1,REFERENCE_ASSUMPTION_SANDBOX_V1,LOCAL_WINDOW_HPP_EXACT95_LOW,14,300.000000000,334.504039286,264,224,0,27,0,13,40,264,0,0,0,0.000000000,0.000000000,0.006418947,0.000000000,0.006418947,0.000000000,0.000000000,0.000000000,0.000000000,34.824600765,34.818181818,0.478320083,0.488569800,40,0.151515152,34.504039286,true,COMPLETE
1.0,OP_CONFIRM_EXACT95_LOW_REFERENCE_ASSUMPTION_SANDBOX_V1,32b9044b5bbd75968a07e8c7fc390d8c3419cadcce37bf0965896dd768445e2b,TASK3_OPERATIONAL_POOLED_V1,REFERENCE_ASSUMPTION_SANDBOX_V1,LOCAL_WINDOW_HPP_EXACT95_LOW,15,300.000000000,334.767924815,296,263,0,21,0,12,33,296,0,0,0,0.000000000,0.000000000,0.001106328,0.000000000,0.001106328,0.000000000,0.000000000,0.000000000,0.000000000,34.819288146,34.818181818,0.535875531,0.547358578,33,0.111486486,34.767924815,true,COMPLETE
1.0,OP_CONFIRM_EXACT95_LOW_REFERENCE_ASSUMPTION_SANDBOX_V1,32b9044b5bbd75968a07e8c7fc390d8c3419cadcce37bf0965896dd768445e2b,TASK3_OPERATIONAL_POOLED_V1,REFERENCE_ASSUMPTION_SANDBOX_V1,LOCAL_WINDOW_HPP_EXACT95_LOW,16,300.000000000,334.431918804,278,244,0,26,0,8,34,278,0,0,0,0.000000000,0.000000000,0.000000000,0.000000000,0.000000000,0.000000000,0.000000000,0.000000000,0.000000000,34.818181818,34.818181818,0.503794163,0.514589752,34,0.122302158,34.431918804,true,COMPLETE
1.0,OP_CONFIRM_EXACT95_LOW_REFERENCE_ASSUMPTION_SANDBOX_V1,32b9044b5bbd75968a07e8c7fc390d8c3419cadcce37bf0965896dd768445e2b,TASK3_OPERATIONAL_POOLED_V1,REFERENCE_ASSUMPTION_SANDBOX_V1,LOCAL_WINDOW_HPP_EXACT95_LOW,17,300.000000000,334.762375366,310,271,0,28,0,11,39,310,0,0,0,0.018116860,0.000000000,0.078090549,0.739365637,0.096207409,0.913788785,0.000000000,0.000000000,0.000000000,34.914389227,35.731970603,0.561230299,0.573256662,39,0.125806452,34.762375366,true,COMPLETE
1.0,OP_CONFIRM_EXACT95_LOW_REFERENCE_ASSUMPTION_SANDBOX_V1,32b9044b5bbd75968a07e8c7fc390d8c3419cadcce37bf0965896dd768445e2b,TASK3_OPERATIONAL_POOLED_V1,REFERENCE_ASSUMPTION_SANDBOX_V1,LOCAL_WINDOW_HPP_EXACT95_LOW,18,300.000000000,333.369913239,298,259,0,20,0,19,39,298,0,0,0,0.000000000,0.000000000,0.000000000,0.000000000,0.000000000,0.000000000,0.000000000,0.000000000,0.000000000,34.818181818,34.818181818,0.541758729,0.553367845,39,0.130872483,33.369913239,true,COMPLETE
1.0,OP_CONFIRM_EXACT95_LOW_REFERENCE_ASSUMPTION_SANDBOX_V1,32b9044b5bbd75968a07e8c7fc390d8c3419cadcce37bf0965896dd768445e2b,TASK3_OPERATIONAL_POOLED_V1,REFERENCE_ASSUMPTION_SANDBOX_V1,LOCAL_WINDOW_HPP_EXACT95_LOW,19,300.000000000,334.345704763,272,241,0,25,0,6,31,272,0,0,0,0.000000000,0.000000000,0.000000000,0.000000000,0.000000000,0.000000000,0.000000000,0.000000000,0.000000000,34.818181818,34.818181818,0.493048011,0.503613326,31,0.113970588,34.345704763,true,COMPLETE
1.0,OP_CONFIRM_EXACT95_LOW_REFERENCE_ASSUMPTION_SANDBOX_V1,32b9044b5bbd75968a07e8c7fc390d8c3419cadcce37bf0965896dd768445e2b,TASK3_OPERATIONAL_POOLED_V1,REFERENCE_ASSUMPTION_SANDBOX_V1,LOCAL_WINDOW_HPP_EXACT95_LOW,20,300.000000000,333.059981036,280,252,0,16,0,12,28,280,0,0,0,0.000000000,0.000000000,0.000000000,0.000000000,0.000000000,0.000000000,0.000000000,0.000000000,0.000000000,34.818181818,34.818181818,0.509508735,0.520426780,28,0.100000000,33.059981036,true,COMPLETE
1.0,OP_CONFIRM_EXACT95_LOW_REFERENCE_ASSUMPTION_SANDBOX_V1,32b9044b5bbd75968a07e8c7fc390d8c3419cadcce37bf0965896dd768445e2b,TASK3_OPERATIONAL_POOLED_V1,REFERENCE_ASSUMPTION_SANDBOX_V1,LOCAL_WINDOW_HPP_EXACT95_LOW,21,300.000000000,334.383882730,272,248,0,14,0,10,24,272,0,0,0,0.000000000,0.000000000,0.004148657,0.000000000,0.004148657,0.000000000,0.000000000,0.000000000,0.000000000,34.822330475,34.818181818,0.492991718,0.503555826,24,0.088235294,34.383882730,true,COMPLETE
1.0,OP_CONFIRM_EXACT95_LOW_REFERENCE_ASSUMPTION_SANDBOX_V1,32b9044b5bbd75968a07e8c7fc390d8c3419cadcce37bf0965896dd768445e2b,TASK3_OPERATIONAL_POOLED_V1,REFERENCE_ASSUMPTION_SANDBOX_V1,LOCAL_WINDOW_HPP_EXACT95_LOW,22,300.000000000,334.375348407,312,265,0,34,0,13,47,312,0,0,0,0.000000000,0.000000000,0.083946701,0.569649471,0.083946701,0.569649471,0.000000000,0.000000000,0.000000000,34.902128519,35.387831289,0.565504933,0.577622896,47,0.150641026,34.375348407,true,COMPLETE
1.0,OP_CONFIRM_EXACT95_LOW_REFERENCE_ASSUMPTION_SANDBOX_V1,32b9044b5bbd75968a07e8c7fc390d8c3419cadcce37bf0965896dd768445e2b,TASK3_OPERATIONAL_POOLED_V1,REFERENCE_ASSUMPTION_SANDBOX_V1,LOCAL_WINDOW_HPP_EXACT95_LOW,23,300.000000000,333.884950245,296,268,0,19,0,9,28,296,0,0,0,0.000000000,0.000000000,0.001057158,0.000000000,0.001057158,0.000000000,0.000000000,0.000000000,0.000000000,34.819238976,34.818181818,0.537292679,0.548806094,28,0.094594595,33.884950245,true,COMPLETE
1.0,OP_CONFIRM_EXACT95_LOW_REFERENCE_ASSUMPTION_SANDBOX_V1,32b9044b5bbd75968a07e8c7fc390d8c3419cadcce37bf0965896dd768445e2b,TASK3_OPERATIONAL_POOLED_V1,REFERENCE_ASSUMPTION_SANDBOX_V1,LOCAL_WINDOW_HPP_EXACT95_LOW,24,300.000000000,334.544159448,299,253,0,30,0,16,46,299,0,0,0,0.000000000,0.000000000,0.000000000,0.000000000,0.000000000,0.000000000,0.000000000,0.000000000,0.000000000,34.818181818,34.818181818,0.541668764,0.553275951,46,0.153846154,34.544159448,true,COMPLETE
1.0,OP_CONFIRM_EXACT95_LOW_REFERENCE_ASSUMPTION_SANDBOX_V1,32b9044b5bbd75968a07e8c7fc390d8c3419cadcce37bf0965896dd768445e2b,TASK3_OPERATIONAL_POOLED_V1,REFERENCE_ASSUMPTION_SANDBOX_V1,LOCAL_WINDOW_HPP_EXACT95_LOW,25,300.000000000,333.803665910,291,256,0,24,0,11,35,291,0,0,0,0.000000000,0.000000000,0.000000000,0.000000000,0.000000000,0.000000000,0.000000000,0.000000000,0.000000000,34.818181818,34.818181818,0.528345415,0.539667102,35,0.120274914,33.803665910,true,COMPLETE
1.0,OP_CONFIRM_EXACT95_LOW_REFERENCE_ASSUMPTION_SANDBOX_V1,32b9044b5bbd75968a07e8c7fc390d8c3419cadcce37bf0965896dd768445e2b,TASK3_OPERATIONAL_POOLED_V1,REFERENCE_ASSUMPTION_SANDBOX_V1,LOCAL_WINDOW_HPP_EXACT95_LOW,26,300.000000000,334.692628558,273,240,0,20,0,13,33,273,0,0,0,0.000000000,0.000000000,0.002945248,0.000000000,0.002945248,0.000000000,0.000000000,0.000000000,0.000000000,34.821127066,34.818181818,0.494347743,0.504940909,33,0.120879121,34.692628558,true,COMPLETE
1.0,OP_CONFIRM_EXACT95_LOW_REFERENCE_ASSUMPTION_SANDBOX_V1,32b9044b5bbd75968a07e8c7fc390d8c3419cadcce37bf0965896dd768445e2b,TASK3_OPERATIONAL_POOLED_V1,REFERENCE_ASSUMPTION_SANDBOX_V1,LOCAL_WINDOW_HPP_EXACT95_LOW,27,300.000000000,332.497741530,272,244,0,18,0,10,28,272,0,0,0,0.000000000,0.000000000,0.000000000,0.000000000,0.000000000,0.000000000,0.000000000,0.000000000,0.000000000,34.818181818,34.818181818,0.495788284,0.506412319,28,0.102941176,32.497741530,true,COMPLETE
1.0,OP_CONFIRM_EXACT95_LOW_REFERENCE_ASSUMPTION_SANDBOX_V1,32b9044b5bbd75968a07e8c7fc390d8c3419cadcce37bf0965896dd768445e2b,TASK3_OPERATIONAL_POOLED_V1,REFERENCE_ASSUMPTION_SANDBOX_V1,LOCAL_WINDOW_HPP_EXACT95_LOW,28,300.000000000,334.557393197,258,233,0,16,0,9,25,258,0,0,0,0.000000000,0.000000000,0.000000000,0.000000000,0.000000000,0.000000000,0.000000000,0.000000000,0.000000000,34.818181818,34.818181818,0.467374626,0.477389796,25,0.096899225,34.557393197,true,COMPLETE
1.0,OP_CONFIRM_EXACT95_LOW_REFERENCE_ASSUMPTION_SANDBOX_V1,32b9044b5bbd75968a07e8c7fc390d8c3419cadcce37bf0965896dd768445e2b,TASK3_OPERATIONAL_POOLED_V1,REFERENCE_ASSUMPTION_SANDBOX_V1,LOCAL_WINDOW_HPP_EXACT95_LOW,29,300.000000000,334.055309304,300,264,0,20,0,16,36,300,0,0,0,0.009986572,0.000000000,0.073013585,0.522597260,0.083000157,0.634141485,0.000000000,0.000000000,0.000000000,34.901181975,35.452323303,0.544275684,0.555938734,36,0.120000000,34.055309304,true,COMPLETE
1.0,OP_CONFIRM_EXACT95_LOW_REFERENCE_ASSUMPTION_SANDBOX_V1,32b9044b5bbd75968a07e8c7fc390d8c3419cadcce37bf0965896dd768445e2b,TASK3_OPERATIONAL_POOLED_V1,REFERENCE_ASSUMPTION_SANDBOX_V1,LOCAL_WINDOW_HPP_EXACT95_LOW,30,300.000000000,333.547081962,267,232,0,27,0,8,35,267,0,0,0,0.000000000,0.000000000,0.000000000,0.000000000,0.000000000,0.000000000,0.000000000,0.000000000,0.000000000,34.818181818,34.818181818,0.485143449,0.495539380,35,0.131086142,33.547081962,true,COMPLETE
1.0,OP_CONFIRM_EXACT95_LOW_REFERENCE_ASSUMPTION_SANDBOX_V1,32b9044b5bbd75968a07e8c7fc390d8c3419cadcce37bf0965896dd768445e2b,TASK3_OPERATIONAL_POOLED_V1,REFERENCE_ASSUMPTION_SANDBOX_V1,LOCAL_WINDOW_HPP_EXACT95_LOW,31,300.000000000,332.500307393,296,270,0,17,0,9,26,296,0,0,0,0.000000000,0.000000000,0.000006871,0.000000000,0.000006871,0.000000000,0.000000000,0.000000000,0.000000000,34.818188689,34.818181818,0.539530146,0.551091506,26,0.087837838,32.500307393,true,COMPLETE
1.0,OP_CONFIRM_EXACT95_LOW_REFERENCE_ASSUMPTION_SANDBOX_V1,32b9044b5bbd75968a07e8c7fc390d8c3419cadcce37bf0965896dd768445e2b,TASK3_OPERATIONAL_POOLED_V1,REFERENCE_ASSUMPTION_SANDBOX_V1,LOCAL_WINDOW_HPP_EXACT95_LOW,32,300.000000000,333.258766840,288,245,0,29,0,14,43,288,0,0,0,0.000000000,0.000000000,0.000000000,0.000000000,0.000000000,0.000000000,0.000000000,0.000000000,0.000000000,34.818181818,34.818181818,0.523753527,0.534976817,43,0.149305556,33.258766840,true,COMPLETE
1.0,OP_CONFIRM_EXACT95_LOW_REFERENCE_ASSUMPTION_SANDBOX_V1,32b9044b5bbd75968a07e8c7fc390d8c3419cadcce37bf0965896dd768445e2b,TASK3_OPERATIONAL_POOLED_V1,REFERENCE_ASSUMPTION_SANDBOX_V1,LOCAL_WINDOW_HPP_EXACT95_LOW,33,300.000000000,333.353517328,263,238,0,17,0,8,25,263,0,0,0,0.000000000,0.000000000,0.000000000,0.000000000,0.000000000,0.000000000,0.000000000,0.000000000,0.000000000,34.818181818,34.818181818,0.478152865,0.488398998,25,0.095057034,33.353517328,true,COMPLETE
1.0,OP_CONFIRM_EXACT95_LOW_REFERENCE_ASSUMPTION_SANDBOX_V1,32b9044b5bbd75968a07e8c7fc390d8c3419cadcce37bf0965896dd768445e2b,TASK3_OPERATIONAL_POOLED_V1,REFERENCE_ASSUMPTION_SANDBOX_V1,LOCAL_WINDOW_HPP_EXACT95_LOW,34,300.000000000,333.918653247,282,249,0,15,0,18,33,282,0,0,0,0.000000000,0.000000000,0.001002814,0.000000000,0.001002814,0.000000000,0.000000000,0.000000000,0.000000000,34.819184632,34.818181818,0.511828522,0.522796277,33,0.117021277,33.918653247,true,COMPLETE
1.0,OP_CONFIRM_EXACT95_LOW_REFERENCE_ASSUMPTION_SANDBOX_V1,32b9044b5bbd75968a07e8c7fc390d8c3419cadcce37bf0965896dd768445e2b,TASK3_OPERATIONAL_POOLED_V1,REFERENCE_ASSUMPTION_SANDBOX_V1,LOCAL_WINDOW_HPP_EXACT95_LOW,35,300.000000000,334.031797309,280,251,0,18,0,11,29,280,0,0,0,0.000000000,0.000000000,0.000000000,0.000000000,0.000000000,0.000000000,0.000000000,0.000000000,0.000000000,34.818181818,34.818181818,0.508026395,0.518912675,29,0.103571429,34.031797309,true,COMPLETE
1.0,OP_CONFIRM_EXACT95_LOW_REFERENCE_ASSUMPTION_SANDBOX_V1,32b9044b5bbd75968a07e8c7fc390d8c3419cadcce37bf0965896dd768445e2b,TASK3_OPERATIONAL_POOLED_V1,REFERENCE_ASSUMPTION_SANDBOX_V1,LOCAL_WINDOW_HPP_EXACT95_LOW,36,300.000000000,334.046219248,272,235,0,21,0,16,37,272,0,0,0,0.000000000,0.000000000,0.000000000,0.000000000,0.000000000,0.000000000,0.000000000,0.000000000,0.000000000,34.818181818,34.818181818,0.493490048,0.504064835,37,0.136029412,34.046219248,true,COMPLETE
1.0,OP_CONFIRM_EXACT95_LOW_REFERENCE_ASSUMPTION_SANDBOX_V1,32b9044b5bbd75968a07e8c7fc390d8c3419cadcce37bf0965896dd768445e2b,TASK3_OPERATIONAL_POOLED_V1,REFERENCE_ASSUMPTION_SANDBOX_V1,LOCAL_WINDOW_HPP_EXACT95_LOW,37,300.000000000,334.078766339,266,237,0,16,0,13,29,266,0,0,0,0.000000000,0.000000000,0.001079612,0.000000000,0.001079612,0.000000000,0.000000000,0.000000000,0.000000000,34.819261430,34.818181818,0.482557221,0.492897733,29,0.109022556,34.078766339,true,COMPLETE
1.0,OP_CONFIRM_EXACT95_LOW_REFERENCE_ASSUMPTION_SANDBOX_V1,32b9044b5bbd75968a07e8c7fc390d8c3419cadcce37bf0965896dd768445e2b,TASK3_OPERATIONAL_POOLED_V1,REFERENCE_ASSUMPTION_SANDBOX_V1,LOCAL_WINDOW_HPP_EXACT95_LOW,38,300.000000000,333.973818889,341,302,0,23,0,16,39,341,0,0,0,0.000000000,0.000000000,0.006774636,0.000000000,0.006774636,0.000000000,0.000000000,0.000000000,0.000000000,34.824956454,34.818181818,0.618810982,0.632071217,39,0.114369501,33.973818889,true,COMPLETE
1.0,OP_CONFIRM_EXACT95_LOW_REFERENCE_ASSUMPTION_SANDBOX_V1,32b9044b5bbd75968a07e8c7fc390d8c3419cadcce37bf0965896dd768445e2b,TASK3_OPERATIONAL_POOLED_V1,REFERENCE_ASSUMPTION_SANDBOX_V1,LOCAL_WINDOW_HPP_EXACT95_LOW,39,300.000000000,333.227369168,256,218,0,24,0,14,38,256,0,0,0,0.000000000,0.000000000,0.000000000,0.000000000,0.000000000,0.000000000,0.000000000,0.000000000,0.000000000,34.818181818,34.818181818,0.465602557,0.475579755,38,0.148437500,33.227369168,true,COMPLETE
1.0,OP_CONFIRM_EXACT95_LOW_REFERENCE_ASSUMPTION_SANDBOX_V1,32b9044b5bbd75968a07e8c7fc390d8c3419cadcce37bf0965896dd768445e2b,TASK3_OPERATIONAL_POOLED_V1,REFERENCE_ASSUMPTION_SANDBOX_V1,LOCAL_WINDOW_HPP_EXACT95_LOW,40,300.000000000,334.470914622,276,253,0,13,0,10,23,276,0,0,0,0.000000000,0.000000000,0.000000000,0.000000000,0.000000000,0.000000000,0.000000000,0.000000000,0.000000000,34.818181818,34.818181818,0.500111430,0.510828103,23,0.083333333,34.470914622,true,COMPLETE
1.0,OP_CONFIRM_EXACT95_LOW_REFERENCE_ASSUMPTION_SANDBOX_V1,32b9044b5bbd75968a07e8c7fc390d8c3419cadcce37bf0965896dd768445e2b,TASK3_OPERATIONAL_POOLED_V1,REFERENCE_ASSUMPTION_SANDBOX_V1,LOCAL_WINDOW_HPP_EXACT95_LOW,41,300.000000000,334.039386969,305,267,0,22,0,16,38,305,0,0,0,0.000000000,0.000000000,0.016411942,0.000000000,0.016411942,0.000000000,0.000000000,0.000000000,0.000000000,34.834593760,34.818181818,0.553373321,0.565231321,38,0.124590164,34.039386969,true,COMPLETE
1.0,OP_CONFIRM_EXACT95_LOW_REFERENCE_ASSUMPTION_SANDBOX_V1,32b9044b5bbd75968a07e8c7fc390d8c3419cadcce37bf0965896dd768445e2b,TASK3_OPERATIONAL_POOLED_V1,REFERENCE_ASSUMPTION_SANDBOX_V1,LOCAL_WINDOW_HPP_EXACT95_LOW,42,300.000000000,334.117691289,298,260,0,25,0,13,38,298,0,0,0,0.000000000,0.000000000,0.000000000,0.000000000,0.000000000,0.000000000,0.000000000,0.000000000,0.000000000,34.818181818,34.818181818,0.540546237,0.552129370,38,0.127516779,34.117691289,true,COMPLETE
1.0,OP_CONFIRM_EXACT95_LOW_REFERENCE_ASSUMPTION_SANDBOX_V1,32b9044b5bbd75968a07e8c7fc390d8c3419cadcce37bf0965896dd768445e2b,TASK3_OPERATIONAL_POOLED_V1,REFERENCE_ASSUMPTION_SANDBOX_V1,LOCAL_WINDOW_HPP_EXACT95_LOW,43,300.000000000,334.595220486,274,248,0,20,0,6,26,274,0,0,0,0.000000000,0.000000000,0.012639421,0.000000000,0.012639421,0.000000000,0.000000000,0.000000000,0.000000000,34.830821239,34.818181818,0.496302983,0.506938047,26,0.094890511,34.595220486,true,COMPLETE
1.0,OP_CONFIRM_EXACT95_LOW_REFERENCE_ASSUMPTION_SANDBOX_V1,32b9044b5bbd75968a07e8c7fc390d8c3419cadcce37bf0965896dd768445e2b,TASK3_OPERATIONAL_POOLED_V1,REFERENCE_ASSUMPTION_SANDBOX_V1,LOCAL_WINDOW_HPP_EXACT95_LOW,44,300.000000000,333.612131684,288,252,0,19,0,17,36,288,0,0,0,0.000000000,0.000000000,0.000000000,0.000000000,0.000000000,0.000000000,0.000000000,0.000000000,0.000000000,34.818181818,34.818181818,0.523198763,0.534410165,36,0.125000000,33.612131684,true,COMPLETE
1.0,OP_CONFIRM_EXACT95_LOW_REFERENCE_ASSUMPTION_SANDBOX_V1,32b9044b5bbd75968a07e8c7fc390d8c3419cadcce37bf0965896dd768445e2b,TASK3_OPERATIONAL_POOLED_V1,REFERENCE_ASSUMPTION_SANDBOX_V1,LOCAL_WINDOW_HPP_EXACT95_LOW,45,300.000000000,332.705388082,294,252,0,27,0,15,42,294,0,0,0,0.000000000,0.000000000,0.000000000,0.000000000,0.000000000,0.000000000,0.000000000,0.000000000,0.000000000,34.818181818,34.818181818,0.535554351,0.547030516,42,0.142857143,32.705388082,true,COMPLETE
1.0,OP_CONFIRM_EXACT95_LOW_REFERENCE_ASSUMPTION_SANDBOX_V1,32b9044b5bbd75968a07e8c7fc390d8c3419cadcce37bf0965896dd768445e2b,TASK3_OPERATIONAL_POOLED_V1,REFERENCE_ASSUMPTION_SANDBOX_V1,LOCAL_WINDOW_HPP_EXACT95_LOW,46,300.000000000,334.547763371,296,252,0,26,0,18,44,296,0,0,0,0.000000000,0.000000000,0.044006599,0.000000000,0.044006599,0.000000000,0.000000000,0.000000000,0.000000000,34.862188417,34.818181818,0.536228183,0.547718787,44,0.148648649,34.547763371,true,COMPLETE
1.0,OP_CONFIRM_EXACT95_LOW_REFERENCE_ASSUMPTION_SANDBOX_V1,32b9044b5bbd75968a07e8c7fc390d8c3419cadcce37bf0965896dd768445e2b,TASK3_OPERATIONAL_POOLED_V1,REFERENCE_ASSUMPTION_SANDBOX_V1,LOCAL_WINDOW_HPP_EXACT95_LOW,47,300.000000000,329.184016045,265,230,0,13,1,21,35,265,0,0,0,0.000000000,0.000000000,0.040889074,0.142978644,0.040889074,0.142978644,0.000000000,0.000000000,0.000000000,34.859070892,34.961160462,0.487891431,0.498346247,35,0.132075472,29.184016045,true,COMPLETE
1.0,OP_CONFIRM_EXACT95_LOW_REFERENCE_ASSUMPTION_SANDBOX_V1,32b9044b5bbd75968a07e8c7fc390d8c3419cadcce37bf0965896dd768445e2b,TASK3_OPERATIONAL_POOLED_V1,REFERENCE_ASSUMPTION_SANDBOX_V1,LOCAL_WINDOW_HPP_EXACT95_LOW,48,300.000000000,334.462782154,296,264,0,14,0,18,32,296,0,0,0,0.000000000,0.000000000,0.016813924,0.000000000,0.016813924,0.000000000,0.000000000,0.000000000,0.000000000,34.834995742,34.818181818,0.536364430,0.547857953,32,0.108108108,34.462782154,true,COMPLETE
1.0,OP_CONFIRM_EXACT95_LOW_REFERENCE_ASSUMPTION_SANDBOX_V1,32b9044b5bbd75968a07e8c7fc390d8c3419cadcce37bf0965896dd768445e2b,TASK3_OPERATIONAL_POOLED_V1,REFERENCE_ASSUMPTION_SANDBOX_V1,LOCAL_WINDOW_HPP_EXACT95_LOW,49,300.000000000,330.242669127,247,233,0,11,0,3,14,247,0,0,0,0.000000000,0.000000000,0.001144174,0.000000000,0.001144174,0.000000000,0.000000000,0.000000000,0.000000000,34.819325992,34.818181818,0.453293846,0.463007286,14,0.056680162,30.242669127,true,COMPLETE
1.0,OP_CONFIRM_EXACT95_LOW_REFERENCE_ASSUMPTION_SANDBOX_V1,32b9044b5bbd75968a07e8c7fc390d8c3419cadcce37bf0965896dd768445e2b,TASK3_OPERATIONAL_POOLED_V1,REFERENCE_ASSUMPTION_SANDBOX_V1,LOCAL_WINDOW_HPP_EXACT95_LOW,50,300.000000000,334.204179571,295,266,0,17,0,12,29,295,0,0,0,0.000000000,0.000000000,0.000000000,0.000000000,0.000000000,0.000000000,0.000000000,0.000000000,0.000000000,34.818181818,34.818181818,0.534966017,0.546429574,29,0.098305085,34.204179571,true,COMPLETE
