schema_version,config_id,config_sha256,model_version,scenario_id,scenario_family,reference_scenario_id,input_sample_id,replication_id,master_seed,arrival_seed,service_seed,routing_seed,tie_seed,start_state,arrival_mode,arrival_cutoff_seconds,drain_end_seconds,drain_rule,engine_name,engine_version,calibration_status,claim_ceiling,crn_alignment_status,run_status
1.0,OP_AVAIL_MLE_BASE_CAPACITY_AVAIL_IMMIGRATION_MINUS_3,01537ae28094b776ba547aac84a146217f6fda92b8c6379ea55746cde1b4c754,TASK3_OPERATIONAL_POOLED_V1,CAPACITY_AVAIL_IMMIGRATION_MINUS_3,CAPACITY,REFERENCE_ASSUMPTION_SANDBOX_V1,LOCAL_WINDOW_HPP_BASE,1,202607290000,202609290011,202609290012,202609290013,202609290014,EMPTY_AND_IDLE,HPP,300.000000000,334.854323649,FULL_DRAIN,AnyLogic,8.9.9.202607020720,NOT_CALIBRATED,COMPARATIVE_WHAT_IF_ONLY,PENDING_VALIDATION,COMPLETE
1.0,OP_AVAIL_MLE_BASE_CAPACITY_AVAIL_IMMIGRATION_MINUS_3,01537ae28094b776ba547aac84a146217f6fda92b8c6379ea55746cde1b4c754,TASK3_OPERATIONAL_POOLED_V1,CAPACITY_AVAIL_IMMIGRATION_MINUS_3,CAPACITY,REFERENCE_ASSUMPTION_SANDBOX_V1,LOCAL_WINDOW_HPP_BASE,2,202607290000,202609290021,202609290022,202609290023,202609290024,EMPTY_AND_IDLE,HPP,300.000000000,353.697626202,FULL_DRAIN,AnyLogic,8.9.9.202607020720,NOT_CALIBRATED,COMPARATIVE_WHAT_IF_ONLY,PENDING_VALIDATION,COMPLETE
1.0,OP_AVAIL_MLE_BASE_CAPACITY_AVAIL_IMMIGRATION_MINUS_3,01537ae28094b776ba547aac84a146217f6fda92b8c6379ea55746cde1b4c754,TASK3_OPERATIONAL_POOLED_V1,CAPACITY_AVAIL_IMMIGRATION_MINUS_3,CAPACITY,REFERENCE_ASSUMPTION_SANDBOX_V1,LOCAL_WINDOW_HPP_BASE,3,202607290000,202609290031,202609290032,202609290033,202609290034,EMPTY_AND_IDLE,HPP,300.000000000,334.760392420,FULL_DRAIN,AnyLogic,8.9.9.202607020720,NOT_CALIBRATED,COMPARATIVE_WHAT_IF_ONLY,PENDING_VALIDATION,COMPLETE
1.0,OP_AVAIL_MLE_BASE_CAPACITY_AVAIL_IMMIGRATION_MINUS_3,01537ae28094b776ba547aac84a146217f6fda92b8c6379ea55746cde1b4c754,TASK3_OPERATIONAL_POOLED_V1,CAPACITY_AVAIL_IMMIGRATION_MINUS_3,CAPACITY,REFERENCE_ASSUMPTION_SANDBOX_V1,LOCAL_WINDOW_HPP_BASE,4,202607290000,202609290041,202609290042,202609290043,202609290044,EMPTY_AND_IDLE,HPP,300.000000000,344.663925773,FULL_DRAIN,AnyLogic,8.9.9.202607020720,NOT_CALIBRATED,COMPARATIVE_WHAT_IF_ONLY,PENDING_VALIDATION,COMPLETE
1.0,OP_AVAIL_MLE_BASE_CAPACITY_AVAIL_IMMIGRATION_MINUS_3,01537ae28094b776ba547aac84a146217f6fda92b8c6379ea55746cde1b4c754,TASK3_OPERATIONAL_POOLED_V1,CAPACITY_AVAIL_IMMIGRATION_MINUS_3,CAPACITY,REFERENCE_ASSUMPTION_SANDBOX_V1,LOCAL_WINDOW_HPP_BASE,5,202607290000,202609290051,202609290052,202609290053,202609290054,EMPTY_AND_IDLE,HPP,300.000000000,333.557018640,FULL_DRAIN,AnyLogic,8.9.9.202607020720,NOT_CALIBRATED,COMPARATIVE_WHAT_IF_ONLY,PENDING_VALIDATION,COMPLETE
1.0,OP_AVAIL_MLE_BASE_CAPACITY_AVAIL_IMMIGRATION_MINUS_3,01537ae28094b776ba547aac84a146217f6fda92b8c6379ea55746cde1b4c754,TASK3_OPERATIONAL_POOLED_V1,CAPACITY_AVAIL_IMMIGRATION_MINUS_3,CAPACITY,REFERENCE_ASSUMPTION_SANDBOX_V1,LOCAL_WINDOW_HPP_BASE,6,202607290000,202609290061,202609290062,202609290063,202609290064,EMPTY_AND_IDLE,HPP,300.000000000,346.321962930,FULL_DRAIN,AnyLogic,8.9.9.202607020720,NOT_CALIBRATED,COMPARATIVE_WHAT_IF_ONLY,PENDING_VALIDATION,COMPLETE
1.0,OP_AVAIL_MLE_BASE_CAPACITY_AVAIL_IMMIGRATION_MINUS_3,01537ae28094b776ba547aac84a146217f6fda92b8c6379ea55746cde1b4c754,TASK3_OPERATIONAL_POOLED_V1,CAPACITY_AVAIL_IMMIGRATION_MINUS_3,CAPACITY,REFERENCE_ASSUMPTION_SANDBOX_V1,LOCAL_WINDOW_HPP_BASE,7,202607290000,202609290071,202609290072,202609290073,202609290074,EMPTY_AND_IDLE,HPP,300.000000000,339.866615257,FULL_DRAIN,AnyLogic,8.9.9.202607020720,NOT_CALIBRATED,COMPARATIVE_WHAT_IF_ONLY,PENDING_VALIDATION,COMPLETE
1.0,OP_AVAIL_MLE_BASE_CAPACITY_AVAIL_IMMIGRATION_MINUS_3,01537ae28094b776ba547aac84a146217f6fda92b8c6379ea55746cde1b4c754,TASK3_OPERATIONAL_POOLED_V1,CAPACITY_AVAIL_IMMIGRATION_MINUS_3,CAPACITY,REFERENCE_ASSUMPTION_SANDBOX_V1,LOCAL_WINDOW_HPP_BASE,8,202607290000,202609290081,202609290082,202609290083,202609290084,EMPTY_AND_IDLE,HPP,300.000000000,353.825816755,FULL_DRAIN,AnyLogic,8.9.9.202607020720,NOT_CALIBRATED,COMPARATIVE_WHAT_IF_ONLY,PENDING_VALIDATION,COMPLETE
1.0,OP_AVAIL_MLE_BASE_CAPACITY_AVAIL_IMMIGRATION_MINUS_3,01537ae28094b776ba547aac84a146217f6fda92b8c6379ea55746cde1b4c754,TASK3_OPERATIONAL_POOLED_V1,CAPACITY_AVAIL_IMMIGRATION_MINUS_3,CAPACITY,REFERENCE_ASSUMPTION_SANDBOX_V1,LOCAL_WINDOW_HPP_BASE,9,202607290000,202609290091,202609290092,202609290093,202609290094,EMPTY_AND_IDLE,HPP,300.000000000,337.741384818,FULL_DRAIN,AnyLogic,8.9.9.202607020720,NOT_CALIBRATED,COMPARATIVE_WHAT_IF_ONLY,PENDING_VALIDATION,COMPLETE
1.0,OP_AVAIL_MLE_BASE_CAPACITY_AVAIL_IMMIGRATION_MINUS_3,01537ae28094b776ba547aac84a146217f6fda92b8c6379ea55746cde1b4c754,TASK3_OPERATIONAL_POOLED_V1,CAPACITY_AVAIL_IMMIGRATION_MINUS_3,CAPACITY,REFERENCE_ASSUMPTION_SANDBOX_V1,LOCAL_WINDOW_HPP_BASE,10,202607290000,202609290101,202609290102,202609290103,202609290104,EMPTY_AND_IDLE,HPP,300.000000000,335.366355807,FULL_DRAIN,AnyLogic,8.9.9.202607020720,NOT_CALIBRATED,COMPARATIVE_WHAT_IF_ONLY,PENDING_VALIDATION,COMPLETE
1.0,OP_AVAIL_MLE_BASE_CAPACITY_AVAIL_IMMIGRATION_MINUS_3,01537ae28094b776ba547aac84a146217f6fda92b8c6379ea55746cde1b4c754,TASK3_OPERATIONAL_POOLED_V1,CAPACITY_AVAIL_IMMIGRATION_MINUS_3,CAPACITY,REFERENCE_ASSUMPTION_SANDBOX_V1,LOCAL_WINDOW_HPP_BASE,11,202607290000,202609290111,202609290112,202609290113,202609290114,EMPTY_AND_IDLE,HPP,300.000000000,334.795505588,FULL_DRAIN,AnyLogic,8.9.9.202607020720,NOT_CALIBRATED,COMPARATIVE_WHAT_IF_ONLY,PENDING_VALIDATION,COMPLETE
1.0,OP_AVAIL_MLE_BASE_CAPACITY_AVAIL_IMMIGRATION_MINUS_3,01537ae28094b776ba547aac84a146217f6fda92b8c6379ea55746cde1b4c754,TASK3_OPERATIONAL_POOLED_V1,CAPACITY_AVAIL_IMMIGRATION_MINUS_3,CAPACITY,REFERENCE_ASSUMPTION_SANDBOX_V1,LOCAL_WINDOW_HPP_BASE,12,202607290000,202609290121,202609290122,202609290123,202609290124,EMPTY_AND_IDLE,HPP,300.000000000,346.243858147,FULL_DRAIN,AnyLogic,8.9.9.202607020720,NOT_CALIBRATED,COMPARATIVE_WHAT_IF_ONLY,PENDING_VALIDATION,COMPLETE
1.0,OP_AVAIL_MLE_BASE_CAPACITY_AVAIL_IMMIGRATION_MINUS_3,01537ae28094b776ba547aac84a146217f6fda92b8c6379ea55746cde1b4c754,TASK3_OPERATIONAL_POOLED_V1,CAPACITY_AVAIL_IMMIGRATION_MINUS_3,CAPACITY,REFERENCE_ASSUMPTION_SANDBOX_V1,LOCAL_WINDOW_HPP_BASE,13,202607290000,202609290131,202609290132,202609290133,202609290134,EMPTY_AND_IDLE,HPP,300.000000000,363.845803722,FULL_DRAIN,AnyLogic,8.9.9.202607020720,NOT_CALIBRATED,COMPARATIVE_WHAT_IF_ONLY,PENDING_VALIDATION,COMPLETE
1.0,OP_AVAIL_MLE_BASE_CAPACITY_AVAIL_IMMIGRATION_MINUS_3,01537ae28094b776ba547aac84a146217f6fda92b8c6379ea55746cde1b4c754,TASK3_OPERATIONAL_POOLED_V1,CAPACITY_AVAIL_IMMIGRATION_MINUS_3,CAPACITY,REFERENCE_ASSUMPTION_SANDBOX_V1,LOCAL_WINDOW_HPP_BASE,14,202607290000,202609290141,202609290142,202609290143,202609290144,EMPTY_AND_IDLE,HPP,300.000000000,333.719484820,FULL_DRAIN,AnyLogic,8.9.9.202607020720,NOT_CALIBRATED,COMPARATIVE_WHAT_IF_ONLY,PENDING_VALIDATION,COMPLETE
1.0,OP_AVAIL_MLE_BASE_CAPACITY_AVAIL_IMMIGRATION_MINUS_3,01537ae28094b776ba547aac84a146217f6fda92b8c6379ea55746cde1b4c754,TASK3_OPERATIONAL_POOLED_V1,CAPACITY_AVAIL_IMMIGRATION_MINUS_3,CAPACITY,REFERENCE_ASSUMPTION_SANDBOX_V1,LOCAL_WINDOW_HPP_BASE,15,202607290000,202609290151,202609290152,202609290153,202609290154,EMPTY_AND_IDLE,HPP,300.000000000,334.257636044,FULL_DRAIN,AnyLogic,8.9.9.202607020720,NOT_CALIBRATED,COMPARATIVE_WHAT_IF_ONLY,PENDING_VALIDATION,COMPLETE
1.0,OP_AVAIL_MLE_BASE_CAPACITY_AVAIL_IMMIGRATION_MINUS_3,01537ae28094b776ba547aac84a146217f6fda92b8c6379ea55746cde1b4c754,TASK3_OPERATIONAL_POOLED_V1,CAPACITY_AVAIL_IMMIGRATION_MINUS_3,CAPACITY,REFERENCE_ASSUMPTION_SANDBOX_V1,LOCAL_WINDOW_HPP_BASE,16,202607290000,202609290161,202609290162,202609290163,202609290164,EMPTY_AND_IDLE,HPP,300.000000000,347.236135759,FULL_DRAIN,AnyLogic,8.9.9.202607020720,NOT_CALIBRATED,COMPARATIVE_WHAT_IF_ONLY,PENDING_VALIDATION,COMPLETE
1.0,OP_AVAIL_MLE_BASE_CAPACITY_AVAIL_IMMIGRATION_MINUS_3,01537ae28094b776ba547aac84a146217f6fda92b8c6379ea55746cde1b4c754,TASK3_OPERATIONAL_POOLED_V1,CAPACITY_AVAIL_IMMIGRATION_MINUS_3,CAPACITY,REFERENCE_ASSUMPTION_SANDBOX_V1,LOCAL_WINDOW_HPP_BASE,17,202607290000,202609290171,202609290172,202609290173,202609290174,EMPTY_AND_IDLE,HPP,300.000000000,350.573784907,FULL_DRAIN,AnyLogic,8.9.9.202607020720,NOT_CALIBRATED,COMPARATIVE_WHAT_IF_ONLY,PENDING_VALIDATION,COMPLETE
1.0,OP_AVAIL_MLE_BASE_CAPACITY_AVAIL_IMMIGRATION_MINUS_3,01537ae28094b776ba547aac84a146217f6fda92b8c6379ea55746cde1b4c754,TASK3_OPERATIONAL_POOLED_V1,CAPACITY_AVAIL_IMMIGRATION_MINUS_3,CAPACITY,REFERENCE_ASSUMPTION_SANDBOX_V1,LOCAL_WINDOW_HPP_BASE,18,202607290000,202609290181,202609290182,202609290183,202609290184,EMPTY_AND_IDLE,HPP,300.000000000,343.342444453,FULL_DRAIN,AnyLogic,8.9.9.202607020720,NOT_CALIBRATED,COMPARATIVE_WHAT_IF_ONLY,PENDING_VALIDATION,COMPLETE
1.0,OP_AVAIL_MLE_BASE_CAPACITY_AVAIL_IMMIGRATION_MINUS_3,01537ae28094b776ba547aac84a146217f6fda92b8c6379ea55746cde1b4c754,TASK3_OPERATIONAL_POOLED_V1,CAPACITY_AVAIL_IMMIGRATION_MINUS_3,CAPACITY,REFERENCE_ASSUMPTION_SANDBOX_V1,LOCAL_WINDOW_HPP_BASE,19,202607290000,202609290191,202609290192,202609290193,202609290194,EMPTY_AND_IDLE,HPP,300.000000000,361.027069672,FULL_DRAIN,AnyLogic,8.9.9.202607020720,NOT_CALIBRATED,COMPARATIVE_WHAT_IF_ONLY,PENDING_VALIDATION,COMPLETE
1.0,OP_AVAIL_MLE_BASE_CAPACITY_AVAIL_IMMIGRATION_MINUS_3,01537ae28094b776ba547aac84a146217f6fda92b8c6379ea55746cde1b4c754,TASK3_OPERATIONAL_POOLED_V1,CAPACITY_AVAIL_IMMIGRATION_MINUS_3,CAPACITY,REFERENCE_ASSUMPTION_SANDBOX_V1,LOCAL_WINDOW_HPP_BASE,20,202607290000,202609290201,202609290202,202609290203,202609290204,EMPTY_AND_IDLE,HPP,300.000000000,339.280402270,FULL_DRAIN,AnyLogic,8.9.9.202607020720,NOT_CALIBRATED,COMPARATIVE_WHAT_IF_ONLY,PENDING_VALIDATION,COMPLETE
1.0,OP_AVAIL_MLE_BASE_CAPACITY_AVAIL_IMMIGRATION_MINUS_3,01537ae28094b776ba547aac84a146217f6fda92b8c6379ea55746cde1b4c754,TASK3_OPERATIONAL_POOLED_V1,CAPACITY_AVAIL_IMMIGRATION_MINUS_3,CAPACITY,REFERENCE_ASSUMPTION_SANDBOX_V1,LOCAL_WINDOW_HPP_BASE,21,202607290000,202609290211,202609290212,202609290213,202609290214,EMPTY_AND_IDLE,HPP,300.000000000,354.162995222,FULL_DRAIN,AnyLogic,8.9.9.202607020720,NOT_CALIBRATED,COMPARATIVE_WHAT_IF_ONLY,PENDING_VALIDATION,COMPLETE
1.0,OP_AVAIL_MLE_BASE_CAPACITY_AVAIL_IMMIGRATION_MINUS_3,01537ae28094b776ba547aac84a146217f6fda92b8c6379ea55746cde1b4c754,TASK3_OPERATIONAL_POOLED_V1,CAPACITY_AVAIL_IMMIGRATION_MINUS_3,CAPACITY,REFERENCE_ASSUMPTION_SANDBOX_V1,LOCAL_WINDOW_HPP_BASE,22,202607290000,202609290221,202609290222,202609290223,202609290224,EMPTY_AND_IDLE,HPP,300.000000000,335.352518491,FULL_DRAIN,AnyLogic,8.9.9.202607020720,NOT_CALIBRATED,COMPARATIVE_WHAT_IF_ONLY,PENDING_VALIDATION,COMPLETE
1.0,OP_AVAIL_MLE_BASE_CAPACITY_AVAIL_IMMIGRATION_MINUS_3,01537ae28094b776ba547aac84a146217f6fda92b8c6379ea55746cde1b4c754,TASK3_OPERATIONAL_POOLED_V1,CAPACITY_AVAIL_IMMIGRATION_MINUS_3,CAPACITY,REFERENCE_ASSUMPTION_SANDBOX_V1,LOCAL_WINDOW_HPP_BASE,23,202607290000,202609290231,202609290232,202609290233,202609290234,EMPTY_AND_IDLE,HPP,300.000000000,351.331844884,FULL_DRAIN,AnyLogic,8.9.9.202607020720,NOT_CALIBRATED,COMPARATIVE_WHAT_IF_ONLY,PENDING_VALIDATION,COMPLETE
1.0,OP_AVAIL_MLE_BASE_CAPACITY_AVAIL_IMMIGRATION_MINUS_3,01537ae28094b776ba547aac84a146217f6fda92b8c6379ea55746cde1b4c754,TASK3_OPERATIONAL_POOLED_V1,CAPACITY_AVAIL_IMMIGRATION_MINUS_3,CAPACITY,REFERENCE_ASSUMPTION_SANDBOX_V1,LOCAL_WINDOW_HPP_BASE,24,202607290000,202609290241,202609290242,202609290243,202609290244,EMPTY_AND_IDLE,HPP,300.000000000,343.933393179,FULL_DRAIN,AnyLogic,8.9.9.202607020720,NOT_CALIBRATED,COMPARATIVE_WHAT_IF_ONLY,PENDING_VALIDATION,COMPLETE
1.0,OP_AVAIL_MLE_BASE_CAPACITY_AVAIL_IMMIGRATION_MINUS_3,01537ae28094b776ba547aac84a146217f6fda92b8c6379ea55746cde1b4c754,TASK3_OPERATIONAL_POOLED_V1,CAPACITY_AVAIL_IMMIGRATION_MINUS_3,CAPACITY,REFERENCE_ASSUMPTION_SANDBOX_V1,LOCAL_WINDOW_HPP_BASE,25,202607290000,202609290251,202609290252,202609290253,202609290254,EMPTY_AND_IDLE,HPP,300.000000000,344.731841048,FULL_DRAIN,AnyLogic,8.9.9.202607020720,NOT_CALIBRATED,COMPARATIVE_WHAT_IF_ONLY,PENDING_VALIDATION,COMPLETE
1.0,OP_AVAIL_MLE_BASE_CAPACITY_AVAIL_IMMIGRATION_MINUS_3,01537ae28094b776ba547aac84a146217f6fda92b8c6379ea55746cde1b4c754,TASK3_OPERATIONAL_POOLED_V1,CAPACITY_AVAIL_IMMIGRATION_MINUS_3,CAPACITY,REFERENCE_ASSUMPTION_SANDBOX_V1,LOCAL_WINDOW_HPP_BASE,26,202607290000,202609290261,202609290262,202609290263,202609290264,EMPTY_AND_IDLE,HPP,300.000000000,344.886365373,FULL_DRAIN,AnyLogic,8.9.9.202607020720,NOT_CALIBRATED,COMPARATIVE_WHAT_IF_ONLY,PENDING_VALIDATION,COMPLETE
1.0,OP_AVAIL_MLE_BASE_CAPACITY_AVAIL_IMMIGRATION_MINUS_3,01537ae28094b776ba547aac84a146217f6fda92b8c6379ea55746cde1b4c754,TASK3_OPERATIONAL_POOLED_V1,CAPACITY_AVAIL_IMMIGRATION_MINUS_3,CAPACITY,REFERENCE_ASSUMPTION_SANDBOX_V1,LOCAL_WINDOW_HPP_BASE,27,202607290000,202609290271,202609290272,202609290273,202609290274,EMPTY_AND_IDLE,HPP,300.000000000,343.057810857,FULL_DRAIN,AnyLogic,8.9.9.202607020720,NOT_CALIBRATED,COMPARATIVE_WHAT_IF_ONLY,PENDING_VALIDATION,COMPLETE
1.0,OP_AVAIL_MLE_BASE_CAPACITY_AVAIL_IMMIGRATION_MINUS_3,01537ae28094b776ba547aac84a146217f6fda92b8c6379ea55746cde1b4c754,TASK3_OPERATIONAL_POOLED_V1,CAPACITY_AVAIL_IMMIGRATION_MINUS_3,CAPACITY,REFERENCE_ASSUMPTION_SANDBOX_V1,LOCAL_WINDOW_HPP_BASE,28,202607290000,202609290281,202609290282,202609290283,202609290284,EMPTY_AND_IDLE,HPP,300.000000000,341.678126683,FULL_DRAIN,AnyLogic,8.9.9.202607020720,NOT_CALIBRATED,COMPARATIVE_WHAT_IF_ONLY,PENDING_VALIDATION,COMPLETE
1.0,OP_AVAIL_MLE_BASE_CAPACITY_AVAIL_IMMIGRATION_MINUS_3,01537ae28094b776ba547aac84a146217f6fda92b8c6379ea55746cde1b4c754,TASK3_OPERATIONAL_POOLED_V1,CAPACITY_AVAIL_IMMIGRATION_MINUS_3,CAPACITY,REFERENCE_ASSUMPTION_SANDBOX_V1,LOCAL_WINDOW_HPP_BASE,29,202607290000,202609290291,202609290292,202609290293,202609290294,EMPTY_AND_IDLE,HPP,300.000000000,345.964172658,FULL_DRAIN,AnyLogic,8.9.9.202607020720,NOT_CALIBRATED,COMPARATIVE_WHAT_IF_ONLY,PENDING_VALIDATION,COMPLETE
1.0,OP_AVAIL_MLE_BASE_CAPACITY_AVAIL_IMMIGRATION_MINUS_3,01537ae28094b776ba547aac84a146217f6fda92b8c6379ea55746cde1b4c754,TASK3_OPERATIONAL_POOLED_V1,CAPACITY_AVAIL_IMMIGRATION_MINUS_3,CAPACITY,REFERENCE_ASSUMPTION_SANDBOX_V1,LOCAL_WINDOW_HPP_BASE,30,202607290000,202609290301,202609290302,202609290303,202609290304,EMPTY_AND_IDLE,HPP,300.000000000,347.522255445,FULL_DRAIN,AnyLogic,8.9.9.202607020720,NOT_CALIBRATED,COMPARATIVE_WHAT_IF_ONLY,PENDING_VALIDATION,COMPLETE
1.0,OP_AVAIL_MLE_BASE_CAPACITY_AVAIL_IMMIGRATION_MINUS_3,01537ae28094b776ba547aac84a146217f6fda92b8c6379ea55746cde1b4c754,TASK3_OPERATIONAL_POOLED_V1,CAPACITY_AVAIL_IMMIGRATION_MINUS_3,CAPACITY,REFERENCE_ASSUMPTION_SANDBOX_V1,LOCAL_WINDOW_HPP_BASE,31,202607290000,202609290311,202609290312,202609290313,202609290314,EMPTY_AND_IDLE,HPP,300.000000000,345.337290332,FULL_DRAIN,AnyLogic,8.9.9.202607020720,NOT_CALIBRATED,COMPARATIVE_WHAT_IF_ONLY,PENDING_VALIDATION,COMPLETE
1.0,OP_AVAIL_MLE_BASE_CAPACITY_AVAIL_IMMIGRATION_MINUS_3,01537ae28094b776ba547aac84a146217f6fda92b8c6379ea55746cde1b4c754,TASK3_OPERATIONAL_POOLED_V1,CAPACITY_AVAIL_IMMIGRATION_MINUS_3,CAPACITY,REFERENCE_ASSUMPTION_SANDBOX_V1,LOCAL_WINDOW_HPP_BASE,32,202607290000,202609290321,202609290322,202609290323,202609290324,EMPTY_AND_IDLE,HPP,300.000000000,341.449810648,FULL_DRAIN,AnyLogic,8.9.9.202607020720,NOT_CALIBRATED,COMPARATIVE_WHAT_IF_ONLY,PENDING_VALIDATION,COMPLETE
1.0,OP_AVAIL_MLE_BASE_CAPACITY_AVAIL_IMMIGRATION_MINUS_3,01537ae28094b776ba547aac84a146217f6fda92b8c6379ea55746cde1b4c754,TASK3_OPERATIONAL_POOLED_V1,CAPACITY_AVAIL_IMMIGRATION_MINUS_3,CAPACITY,REFERENCE_ASSUMPTION_SANDBOX_V1,LOCAL_WINDOW_HPP_BASE,33,202607290000,202609290331,202609290332,202609290333,202609290334,EMPTY_AND_IDLE,HPP,300.000000000,342.828519755,FULL_DRAIN,AnyLogic,8.9.9.202607020720,NOT_CALIBRATED,COMPARATIVE_WHAT_IF_ONLY,PENDING_VALIDATION,COMPLETE
1.0,OP_AVAIL_MLE_BASE_CAPACITY_AVAIL_IMMIGRATION_MINUS_3,01537ae28094b776ba547aac84a146217f6fda92b8c6379ea55746cde1b4c754,TASK3_OPERATIONAL_POOLED_V1,CAPACITY_AVAIL_IMMIGRATION_MINUS_3,CAPACITY,REFERENCE_ASSUMPTION_SANDBOX_V1,LOCAL_WINDOW_HPP_BASE,34,202607290000,202609290341,202609290342,202609290343,202609290344,EMPTY_AND_IDLE,HPP,300.000000000,347.453048921,FULL_DRAIN,AnyLogic,8.9.9.202607020720,NOT_CALIBRATED,COMPARATIVE_WHAT_IF_ONLY,PENDING_VALIDATION,COMPLETE
1.0,OP_AVAIL_MLE_BASE_CAPACITY_AVAIL_IMMIGRATION_MINUS_3,01537ae28094b776ba547aac84a146217f6fda92b8c6379ea55746cde1b4c754,TASK3_OPERATIONAL_POOLED_V1,CAPACITY_AVAIL_IMMIGRATION_MINUS_3,CAPACITY,REFERENCE_ASSUMPTION_SANDBOX_V1,LOCAL_WINDOW_HPP_BASE,35,202607290000,202609290351,202609290352,202609290353,202609290354,EMPTY_AND_IDLE,HPP,300.000000000,360.762598077,FULL_DRAIN,AnyLogic,8.9.9.202607020720,NOT_CALIBRATED,COMPARATIVE_WHAT_IF_ONLY,PENDING_VALIDATION,COMPLETE
1.0,OP_AVAIL_MLE_BASE_CAPACITY_AVAIL_IMMIGRATION_MINUS_3,01537ae28094b776ba547aac84a146217f6fda92b8c6379ea55746cde1b4c754,TASK3_OPERATIONAL_POOLED_V1,CAPACITY_AVAIL_IMMIGRATION_MINUS_3,CAPACITY,REFERENCE_ASSUMPTION_SANDBOX_V1,LOCAL_WINDOW_HPP_BASE,36,202607290000,202609290361,202609290362,202609290363,202609290364,EMPTY_AND_IDLE,HPP,300.000000000,337.485430772,FULL_DRAIN,AnyLogic,8.9.9.202607020720,NOT_CALIBRATED,COMPARATIVE_WHAT_IF_ONLY,PENDING_VALIDATION,COMPLETE
1.0,OP_AVAIL_MLE_BASE_CAPACITY_AVAIL_IMMIGRATION_MINUS_3,01537ae28094b776ba547aac84a146217f6fda92b8c6379ea55746cde1b4c754,TASK3_OPERATIONAL_POOLED_V1,CAPACITY_AVAIL_IMMIGRATION_MINUS_3,CAPACITY,REFERENCE_ASSUMPTION_SANDBOX_V1,LOCAL_WINDOW_HPP_BASE,37,202607290000,202609290371,202609290372,202609290373,202609290374,EMPTY_AND_IDLE,HPP,300.000000000,339.106219354,FULL_DRAIN,AnyLogic,8.9.9.202607020720,NOT_CALIBRATED,COMPARATIVE_WHAT_IF_ONLY,PENDING_VALIDATION,COMPLETE
1.0,OP_AVAIL_MLE_BASE_CAPACITY_AVAIL_IMMIGRATION_MINUS_3,01537ae28094b776ba547aac84a146217f6fda92b8c6379ea55746cde1b4c754,TASK3_OPERATIONAL_POOLED_V1,CAPACITY_AVAIL_IMMIGRATION_MINUS_3,CAPACITY,REFERENCE_ASSUMPTION_SANDBOX_V1,LOCAL_WINDOW_HPP_BASE,38,202607290000,202609290381,202609290382,202609290383,202609290384,EMPTY_AND_IDLE,HPP,300.000000000,335.743759459,FULL_DRAIN,AnyLogic,8.9.9.202607020720,NOT_CALIBRATED,COMPARATIVE_WHAT_IF_ONLY,PENDING_VALIDATION,COMPLETE
1.0,OP_AVAIL_MLE_BASE_CAPACITY_AVAIL_IMMIGRATION_MINUS_3,01537ae28094b776ba547aac84a146217f6fda92b8c6379ea55746cde1b4c754,TASK3_OPERATIONAL_POOLED_V1,CAPACITY_AVAIL_IMMIGRATION_MINUS_3,CAPACITY,REFERENCE_ASSUMPTION_SANDBOX_V1,LOCAL_WINDOW_HPP_BASE,39,202607290000,202609290391,202609290392,202609290393,202609290394,EMPTY_AND_IDLE,HPP,300.000000000,345.087175709,FULL_DRAIN,AnyLogic,8.9.9.202607020720,NOT_CALIBRATED,COMPARATIVE_WHAT_IF_ONLY,PENDING_VALIDATION,COMPLETE
1.0,OP_AVAIL_MLE_BASE_CAPACITY_AVAIL_IMMIGRATION_MINUS_3,01537ae28094b776ba547aac84a146217f6fda92b8c6379ea55746cde1b4c754,TASK3_OPERATIONAL_POOLED_V1,CAPACITY_AVAIL_IMMIGRATION_MINUS_3,CAPACITY,REFERENCE_ASSUMPTION_SANDBOX_V1,LOCAL_WINDOW_HPP_BASE,40,202607290000,202609290401,202609290402,202609290403,202609290404,EMPTY_AND_IDLE,HPP,300.000000000,343.886767291,FULL_DRAIN,AnyLogic,8.9.9.202607020720,NOT_CALIBRATED,COMPARATIVE_WHAT_IF_ONLY,PENDING_VALIDATION,COMPLETE
1.0,OP_AVAIL_MLE_BASE_CAPACITY_AVAIL_IMMIGRATION_MINUS_3,01537ae28094b776ba547aac84a146217f6fda92b8c6379ea55746cde1b4c754,TASK3_OPERATIONAL_POOLED_V1,CAPACITY_AVAIL_IMMIGRATION_MINUS_3,CAPACITY,REFERENCE_ASSUMPTION_SANDBOX_V1,LOCAL_WINDOW_HPP_BASE,41,202607290000,202609290411,202609290412,202609290413,202609290414,EMPTY_AND_IDLE,HPP,300.000000000,335.221238276,FULL_DRAIN,AnyLogic,8.9.9.202607020720,NOT_CALIBRATED,COMPARATIVE_WHAT_IF_ONLY,PENDING_VALIDATION,COMPLETE
1.0,OP_AVAIL_MLE_BASE_CAPACITY_AVAIL_IMMIGRATION_MINUS_3,01537ae28094b776ba547aac84a146217f6fda92b8c6379ea55746cde1b4c754,TASK3_OPERATIONAL_POOLED_V1,CAPACITY_AVAIL_IMMIGRATION_MINUS_3,CAPACITY,REFERENCE_ASSUMPTION_SANDBOX_V1,LOCAL_WINDOW_HPP_BASE,42,202607290000,202609290421,202609290422,202609290423,202609290424,EMPTY_AND_IDLE,HPP,300.000000000,345.231418235,FULL_DRAIN,AnyLogic,8.9.9.202607020720,NOT_CALIBRATED,COMPARATIVE_WHAT_IF_ONLY,PENDING_VALIDATION,COMPLETE
1.0,OP_AVAIL_MLE_BASE_CAPACITY_AVAIL_IMMIGRATION_MINUS_3,01537ae28094b776ba547aac84a146217f6fda92b8c6379ea55746cde1b4c754,TASK3_OPERATIONAL_POOLED_V1,CAPACITY_AVAIL_IMMIGRATION_MINUS_3,CAPACITY,REFERENCE_ASSUMPTION_SANDBOX_V1,LOCAL_WINDOW_HPP_BASE,43,202607290000,202609290431,202609290432,202609290433,202609290434,EMPTY_AND_IDLE,HPP,300.000000000,339.804868899,FULL_DRAIN,AnyLogic,8.9.9.202607020720,NOT_CALIBRATED,COMPARATIVE_WHAT_IF_ONLY,PENDING_VALIDATION,COMPLETE
1.0,OP_AVAIL_MLE_BASE_CAPACITY_AVAIL_IMMIGRATION_MINUS_3,01537ae28094b776ba547aac84a146217f6fda92b8c6379ea55746cde1b4c754,TASK3_OPERATIONAL_POOLED_V1,CAPACITY_AVAIL_IMMIGRATION_MINUS_3,CAPACITY,REFERENCE_ASSUMPTION_SANDBOX_V1,LOCAL_WINDOW_HPP_BASE,44,202607290000,202609290441,202609290442,202609290443,202609290444,EMPTY_AND_IDLE,HPP,300.000000000,333.476554778,FULL_DRAIN,AnyLogic,8.9.9.202607020720,NOT_CALIBRATED,COMPARATIVE_WHAT_IF_ONLY,PENDING_VALIDATION,COMPLETE
1.0,OP_AVAIL_MLE_BASE_CAPACITY_AVAIL_IMMIGRATION_MINUS_3,01537ae28094b776ba547aac84a146217f6fda92b8c6379ea55746cde1b4c754,TASK3_OPERATIONAL_POOLED_V1,CAPACITY_AVAIL_IMMIGRATION_MINUS_3,CAPACITY,REFERENCE_ASSUMPTION_SANDBOX_V1,LOCAL_WINDOW_HPP_BASE,45,202607290000,202609290451,202609290452,202609290453,202609290454,EMPTY_AND_IDLE,HPP,300.000000000,336.315929561,FULL_DRAIN,AnyLogic,8.9.9.202607020720,NOT_CALIBRATED,COMPARATIVE_WHAT_IF_ONLY,PENDING_VALIDATION,COMPLETE
1.0,OP_AVAIL_MLE_BASE_CAPACITY_AVAIL_IMMIGRATION_MINUS_3,01537ae28094b776ba547aac84a146217f6fda92b8c6379ea55746cde1b4c754,TASK3_OPERATIONAL_POOLED_V1,CAPACITY_AVAIL_IMMIGRATION_MINUS_3,CAPACITY,REFERENCE_ASSUMPTION_SANDBOX_V1,LOCAL_WINDOW_HPP_BASE,46,202607290000,202609290461,202609290462,202609290463,202609290464,EMPTY_AND_IDLE,HPP,300.000000000,363.725614992,FULL_DRAIN,AnyLogic,8.9.9.202607020720,NOT_CALIBRATED,COMPARATIVE_WHAT_IF_ONLY,PENDING_VALIDATION,COMPLETE
1.0,OP_AVAIL_MLE_BASE_CAPACITY_AVAIL_IMMIGRATION_MINUS_3,01537ae28094b776ba547aac84a146217f6fda92b8c6379ea55746cde1b4c754,TASK3_OPERATIONAL_POOLED_V1,CAPACITY_AVAIL_IMMIGRATION_MINUS_3,CAPACITY,REFERENCE_ASSUMPTION_SANDBOX_V1,LOCAL_WINDOW_HPP_BASE,47,202607290000,202609290471,202609290472,202609290473,202609290474,EMPTY_AND_IDLE,HPP,300.000000000,334.574566537,FULL_DRAIN,AnyLogic,8.9.9.202607020720,NOT_CALIBRATED,COMPARATIVE_WHAT_IF_ONLY,PENDING_VALIDATION,COMPLETE
1.0,OP_AVAIL_MLE_BASE_CAPACITY_AVAIL_IMMIGRATION_MINUS_3,01537ae28094b776ba547aac84a146217f6fda92b8c6379ea55746cde1b4c754,TASK3_OPERATIONAL_POOLED_V1,CAPACITY_AVAIL_IMMIGRATION_MINUS_3,CAPACITY,REFERENCE_ASSUMPTION_SANDBOX_V1,LOCAL_WINDOW_HPP_BASE,48,202607290000,202609290481,202609290482,202609290483,202609290484,EMPTY_AND_IDLE,HPP,300.000000000,338.677014095,FULL_DRAIN,AnyLogic,8.9.9.202607020720,NOT_CALIBRATED,COMPARATIVE_WHAT_IF_ONLY,PENDING_VALIDATION,COMPLETE
1.0,OP_AVAIL_MLE_BASE_CAPACITY_AVAIL_IMMIGRATION_MINUS_3,01537ae28094b776ba547aac84a146217f6fda92b8c6379ea55746cde1b4c754,TASK3_OPERATIONAL_POOLED_V1,CAPACITY_AVAIL_IMMIGRATION_MINUS_3,CAPACITY,REFERENCE_ASSUMPTION_SANDBOX_V1,LOCAL_WINDOW_HPP_BASE,49,202607290000,202609290491,202609290492,202609290493,202609290494,EMPTY_AND_IDLE,HPP,300.000000000,344.618163383,FULL_DRAIN,AnyLogic,8.9.9.202607020720,NOT_CALIBRATED,COMPARATIVE_WHAT_IF_ONLY,PENDING_VALIDATION,COMPLETE
1.0,OP_AVAIL_MLE_BASE_CAPACITY_AVAIL_IMMIGRATION_MINUS_3,01537ae28094b776ba547aac84a146217f6fda92b8c6379ea55746cde1b4c754,TASK3_OPERATIONAL_POOLED_V1,CAPACITY_AVAIL_IMMIGRATION_MINUS_3,CAPACITY,REFERENCE_ASSUMPTION_SANDBOX_V1,LOCAL_WINDOW_HPP_BASE,50,202607290000,202609290501,202609290502,202609290503,202609290504,EMPTY_AND_IDLE,HPP,300.000000000,344.531321189,FULL_DRAIN,AnyLogic,8.9.9.202607020720,NOT_CALIBRATED,COMPARATIVE_WHAT_IF_ONLY,PENDING_VALIDATION,COMPLETE
1.0,OP_AVAIL_EXACT95_HIGH_CAPACITY_AVAIL_IMMIGRATION_MINUS_3,a9a556ddf714e12731bb4977820418b0a0cfcd436c6b20c623fc6b3a6fdae119,TASK3_OPERATIONAL_POOLED_V1,CAPACITY_AVAIL_IMMIGRATION_MINUS_3,CAPACITY,REFERENCE_ASSUMPTION_SANDBOX_V1,LOCAL_WINDOW_HPP_EXACT95_HIGH,1,202607290000,202610290011,202610290012,202610290013,202610290014,EMPTY_AND_IDLE,HPP,300.000000000,444.164843707,FULL_DRAIN,AnyLogic,8.9.9.202607020720,NOT_CALIBRATED,COMPARATIVE_WHAT_IF_ONLY,PENDING_VALIDATION,COMPLETE
1.0,OP_AVAIL_EXACT95_HIGH_CAPACITY_AVAIL_IMMIGRATION_MINUS_3,a9a556ddf714e12731bb4977820418b0a0cfcd436c6b20c623fc6b3a6fdae119,TASK3_OPERATIONAL_POOLED_V1,CAPACITY_AVAIL_IMMIGRATION_MINUS_3,CAPACITY,REFERENCE_ASSUMPTION_SANDBOX_V1,LOCAL_WINDOW_HPP_EXACT95_HIGH,2,202607290000,202610290021,202610290022,202610290023,202610290024,EMPTY_AND_IDLE,HPP,300.000000000,458.981436034,FULL_DRAIN,AnyLogic,8.9.9.202607020720,NOT_CALIBRATED,COMPARATIVE_WHAT_IF_ONLY,PENDING_VALIDATION,COMPLETE
1.0,OP_AVAIL_EXACT95_HIGH_CAPACITY_AVAIL_IMMIGRATION_MINUS_3,a9a556ddf714e12731bb4977820418b0a0cfcd436c6b20c623fc6b3a6fdae119,TASK3_OPERATIONAL_POOLED_V1,CAPACITY_AVAIL_IMMIGRATION_MINUS_3,CAPACITY,REFERENCE_ASSUMPTION_SANDBOX_V1,LOCAL_WINDOW_HPP_EXACT95_HIGH,3,202607290000,202610290031,202610290032,202610290033,202610290034,EMPTY_AND_IDLE,HPP,300.000000000,479.269343786,FULL_DRAIN,AnyLogic,8.9.9.202607020720,NOT_CALIBRATED,COMPARATIVE_WHAT_IF_ONLY,PENDING_VALIDATION,COMPLETE
1.0,OP_AVAIL_EXACT95_HIGH_CAPACITY_AVAIL_IMMIGRATION_MINUS_3,a9a556ddf714e12731bb4977820418b0a0cfcd436c6b20c623fc6b3a6fdae119,TASK3_OPERATIONAL_POOLED_V1,CAPACITY_AVAIL_IMMIGRATION_MINUS_3,CAPACITY,REFERENCE_ASSUMPTION_SANDBOX_V1,LOCAL_WINDOW_HPP_EXACT95_HIGH,4,202607290000,202610290041,202610290042,202610290043,202610290044,EMPTY_AND_IDLE,HPP,300.000000000,440.648312142,FULL_DRAIN,AnyLogic,8.9.9.202607020720,NOT_CALIBRATED,COMPARATIVE_WHAT_IF_ONLY,PENDING_VALIDATION,COMPLETE
1.0,OP_AVAIL_EXACT95_HIGH_CAPACITY_AVAIL_IMMIGRATION_MINUS_3,a9a556ddf714e12731bb4977820418b0a0cfcd436c6b20c623fc6b3a6fdae119,TASK3_OPERATIONAL_POOLED_V1,CAPACITY_AVAIL_IMMIGRATION_MINUS_3,CAPACITY,REFERENCE_ASSUMPTION_SANDBOX_V1,LOCAL_WINDOW_HPP_EXACT95_HIGH,5,202607290000,202610290051,202610290052,202610290053,202610290054,EMPTY_AND_IDLE,HPP,300.000000000,459.858049254,FULL_DRAIN,AnyLogic,8.9.9.202607020720,NOT_CALIBRATED,COMPARATIVE_WHAT_IF_ONLY,PENDING_VALIDATION,COMPLETE
1.0,OP_AVAIL_EXACT95_HIGH_CAPACITY_AVAIL_IMMIGRATION_MINUS_3,a9a556ddf714e12731bb4977820418b0a0cfcd436c6b20c623fc6b3a6fdae119,TASK3_OPERATIONAL_POOLED_V1,CAPACITY_AVAIL_IMMIGRATION_MINUS_3,CAPACITY,REFERENCE_ASSUMPTION_SANDBOX_V1,LOCAL_WINDOW_HPP_EXACT95_HIGH,6,202607290000,202610290061,202610290062,202610290063,202610290064,EMPTY_AND_IDLE,HPP,300.000000000,444.040114590,FULL_DRAIN,AnyLogic,8.9.9.202607020720,NOT_CALIBRATED,COMPARATIVE_WHAT_IF_ONLY,PENDING_VALIDATION,COMPLETE
1.0,OP_AVAIL_EXACT95_HIGH_CAPACITY_AVAIL_IMMIGRATION_MINUS_3,a9a556ddf714e12731bb4977820418b0a0cfcd436c6b20c623fc6b3a6fdae119,TASK3_OPERATIONAL_POOLED_V1,CAPACITY_AVAIL_IMMIGRATION_MINUS_3,CAPACITY,REFERENCE_ASSUMPTION_SANDBOX_V1,LOCAL_WINDOW_HPP_EXACT95_HIGH,7,202607290000,202610290071,202610290072,202610290073,202610290074,EMPTY_AND_IDLE,HPP,300.000000000,446.236641250,FULL_DRAIN,AnyLogic,8.9.9.202607020720,NOT_CALIBRATED,COMPARATIVE_WHAT_IF_ONLY,PENDING_VALIDATION,COMPLETE
1.0,OP_AVAIL_EXACT95_HIGH_CAPACITY_AVAIL_IMMIGRATION_MINUS_3,a9a556ddf714e12731bb4977820418b0a0cfcd436c6b20c623fc6b3a6fdae119,TASK3_OPERATIONAL_POOLED_V1,CAPACITY_AVAIL_IMMIGRATION_MINUS_3,CAPACITY,REFERENCE_ASSUMPTION_SANDBOX_V1,LOCAL_WINDOW_HPP_EXACT95_HIGH,8,202607290000,202610290081,202610290082,202610290083,202610290084,EMPTY_AND_IDLE,HPP,300.000000000,438.826983777,FULL_DRAIN,AnyLogic,8.9.9.202607020720,NOT_CALIBRATED,COMPARATIVE_WHAT_IF_ONLY,PENDING_VALIDATION,COMPLETE
1.0,OP_AVAIL_EXACT95_HIGH_CAPACITY_AVAIL_IMMIGRATION_MINUS_3,a9a556ddf714e12731bb4977820418b0a0cfcd436c6b20c623fc6b3a6fdae119,TASK3_OPERATIONAL_POOLED_V1,CAPACITY_AVAIL_IMMIGRATION_MINUS_3,CAPACITY,REFERENCE_ASSUMPTION_SANDBOX_V1,LOCAL_WINDOW_HPP_EXACT95_HIGH,9,202607290000,202610290091,202610290092,202610290093,202610290094,EMPTY_AND_IDLE,HPP,300.000000000,475.974015608,FULL_DRAIN,AnyLogic,8.9.9.202607020720,NOT_CALIBRATED,COMPARATIVE_WHAT_IF_ONLY,PENDING_VALIDATION,COMPLETE
1.0,OP_AVAIL_EXACT95_HIGH_CAPACITY_AVAIL_IMMIGRATION_MINUS_3,a9a556ddf714e12731bb4977820418b0a0cfcd436c6b20c623fc6b3a6fdae119,TASK3_OPERATIONAL_POOLED_V1,CAPACITY_AVAIL_IMMIGRATION_MINUS_3,CAPACITY,REFERENCE_ASSUMPTION_SANDBOX_V1,LOCAL_WINDOW_HPP_EXACT95_HIGH,10,202607290000,202610290101,202610290102,202610290103,202610290104,EMPTY_AND_IDLE,HPP,300.000000000,439.102743325,FULL_DRAIN,AnyLogic,8.9.9.202607020720,NOT_CALIBRATED,COMPARATIVE_WHAT_IF_ONLY,PENDING_VALIDATION,COMPLETE
1.0,OP_AVAIL_EXACT95_HIGH_CAPACITY_AVAIL_IMMIGRATION_MINUS_3,a9a556ddf714e12731bb4977820418b0a0cfcd436c6b20c623fc6b3a6fdae119,TASK3_OPERATIONAL_POOLED_V1,CAPACITY_AVAIL_IMMIGRATION_MINUS_3,CAPACITY,REFERENCE_ASSUMPTION_SANDBOX_V1,LOCAL_WINDOW_HPP_EXACT95_HIGH,11,202607290000,202610290111,202610290112,202610290113,202610290114,EMPTY_AND_IDLE,HPP,300.000000000,417.532427245,FULL_DRAIN,AnyLogic,8.9.9.202607020720,NOT_CALIBRATED,COMPARATIVE_WHAT_IF_ONLY,PENDING_VALIDATION,COMPLETE
1.0,OP_AVAIL_EXACT95_HIGH_CAPACITY_AVAIL_IMMIGRATION_MINUS_3,a9a556ddf714e12731bb4977820418b0a0cfcd436c6b20c623fc6b3a6fdae119,TASK3_OPERATIONAL_POOLED_V1,CAPACITY_AVAIL_IMMIGRATION_MINUS_3,CAPACITY,REFERENCE_ASSUMPTION_SANDBOX_V1,LOCAL_WINDOW_HPP_EXACT95_HIGH,12,202607290000,202610290121,202610290122,202610290123,202610290124,EMPTY_AND_IDLE,HPP,300.000000000,451.840005224,FULL_DRAIN,AnyLogic,8.9.9.202607020720,NOT_CALIBRATED,COMPARATIVE_WHAT_IF_ONLY,PENDING_VALIDATION,COMPLETE
1.0,OP_AVAIL_EXACT95_HIGH_CAPACITY_AVAIL_IMMIGRATION_MINUS_3,a9a556ddf714e12731bb4977820418b0a0cfcd436c6b20c623fc6b3a6fdae119,TASK3_OPERATIONAL_POOLED_V1,CAPACITY_AVAIL_IMMIGRATION_MINUS_3,CAPACITY,REFERENCE_ASSUMPTION_SANDBOX_V1,LOCAL_WINDOW_HPP_EXACT95_HIGH,13,202607290000,202610290131,202610290132,202610290133,202610290134,EMPTY_AND_IDLE,HPP,300.000000000,460.166488007,FULL_DRAIN,AnyLogic,8.9.9.202607020720,NOT_CALIBRATED,COMPARATIVE_WHAT_IF_ONLY,PENDING_VALIDATION,COMPLETE
1.0,OP_AVAIL_EXACT95_HIGH_CAPACITY_AVAIL_IMMIGRATION_MINUS_3,a9a556ddf714e12731bb4977820418b0a0cfcd436c6b20c623fc6b3a6fdae119,TASK3_OPERATIONAL_POOLED_V1,CAPACITY_AVAIL_IMMIGRATION_MINUS_3,CAPACITY,REFERENCE_ASSUMPTION_SANDBOX_V1,LOCAL_WINDOW_HPP_EXACT95_HIGH,14,202607290000,202610290141,202610290142,202610290143,202610290144,EMPTY_AND_IDLE,HPP,300.000000000,451.836064722,FULL_DRAIN,AnyLogic,8.9.9.202607020720,NOT_CALIBRATED,COMPARATIVE_WHAT_IF_ONLY,PENDING_VALIDATION,COMPLETE
1.0,OP_AVAIL_EXACT95_HIGH_CAPACITY_AVAIL_IMMIGRATION_MINUS_3,a9a556ddf714e12731bb4977820418b0a0cfcd436c6b20c623fc6b3a6fdae119,TASK3_OPERATIONAL_POOLED_V1,CAPACITY_AVAIL_IMMIGRATION_MINUS_3,CAPACITY,REFERENCE_ASSUMPTION_SANDBOX_V1,LOCAL_WINDOW_HPP_EXACT95_HIGH,15,202607290000,202610290151,202610290152,202610290153,202610290154,EMPTY_AND_IDLE,HPP,300.000000000,469.709659988,FULL_DRAIN,AnyLogic,8.9.9.202607020720,NOT_CALIBRATED,COMPARATIVE_WHAT_IF_ONLY,PENDING_VALIDATION,COMPLETE
1.0,OP_AVAIL_EXACT95_HIGH_CAPACITY_AVAIL_IMMIGRATION_MINUS_3,a9a556ddf714e12731bb4977820418b0a0cfcd436c6b20c623fc6b3a6fdae119,TASK3_OPERATIONAL_POOLED_V1,CAPACITY_AVAIL_IMMIGRATION_MINUS_3,CAPACITY,REFERENCE_ASSUMPTION_SANDBOX_V1,LOCAL_WINDOW_HPP_EXACT95_HIGH,16,202607290000,202610290161,202610290162,202610290163,202610290164,EMPTY_AND_IDLE,HPP,300.000000000,431.709927571,FULL_DRAIN,AnyLogic,8.9.9.202607020720,NOT_CALIBRATED,COMPARATIVE_WHAT_IF_ONLY,PENDING_VALIDATION,COMPLETE
1.0,OP_AVAIL_EXACT95_HIGH_CAPACITY_AVAIL_IMMIGRATION_MINUS_3,a9a556ddf714e12731bb4977820418b0a0cfcd436c6b20c623fc6b3a6fdae119,TASK3_OPERATIONAL_POOLED_V1,CAPACITY_AVAIL_IMMIGRATION_MINUS_3,CAPACITY,REFERENCE_ASSUMPTION_SANDBOX_V1,LOCAL_WINDOW_HPP_EXACT95_HIGH,17,202607290000,202610290171,202610290172,202610290173,202610290174,EMPTY_AND_IDLE,HPP,300.000000000,430.540599391,FULL_DRAIN,AnyLogic,8.9.9.202607020720,NOT_CALIBRATED,COMPARATIVE_WHAT_IF_ONLY,PENDING_VALIDATION,COMPLETE
1.0,OP_AVAIL_EXACT95_HIGH_CAPACITY_AVAIL_IMMIGRATION_MINUS_3,a9a556ddf714e12731bb4977820418b0a0cfcd436c6b20c623fc6b3a6fdae119,TASK3_OPERATIONAL_POOLED_V1,CAPACITY_AVAIL_IMMIGRATION_MINUS_3,CAPACITY,REFERENCE_ASSUMPTION_SANDBOX_V1,LOCAL_WINDOW_HPP_EXACT95_HIGH,18,202607290000,202610290181,202610290182,202610290183,202610290184,EMPTY_AND_IDLE,HPP,300.000000000,466.554550376,FULL_DRAIN,AnyLogic,8.9.9.202607020720,NOT_CALIBRATED,COMPARATIVE_WHAT_IF_ONLY,PENDING_VALIDATION,COMPLETE
1.0,OP_AVAIL_EXACT95_HIGH_CAPACITY_AVAIL_IMMIGRATION_MINUS_3,a9a556ddf714e12731bb4977820418b0a0cfcd436c6b20c623fc6b3a6fdae119,TASK3_OPERATIONAL_POOLED_V1,CAPACITY_AVAIL_IMMIGRATION_MINUS_3,CAPACITY,REFERENCE_ASSUMPTION_SANDBOX_V1,LOCAL_WINDOW_HPP_EXACT95_HIGH,19,202607290000,202610290191,202610290192,202610290193,202610290194,EMPTY_AND_IDLE,HPP,300.000000000,430.895347706,FULL_DRAIN,AnyLogic,8.9.9.202607020720,NOT_CALIBRATED,COMPARATIVE_WHAT_IF_ONLY,PENDING_VALIDATION,COMPLETE
1.0,OP_AVAIL_EXACT95_HIGH_CAPACITY_AVAIL_IMMIGRATION_MINUS_3,a9a556ddf714e12731bb4977820418b0a0cfcd436c6b20c623fc6b3a6fdae119,TASK3_OPERATIONAL_POOLED_V1,CAPACITY_AVAIL_IMMIGRATION_MINUS_3,CAPACITY,REFERENCE_ASSUMPTION_SANDBOX_V1,LOCAL_WINDOW_HPP_EXACT95_HIGH,20,202607290000,202610290201,202610290202,202610290203,202610290204,EMPTY_AND_IDLE,HPP,300.000000000,452.760226876,FULL_DRAIN,AnyLogic,8.9.9.202607020720,NOT_CALIBRATED,COMPARATIVE_WHAT_IF_ONLY,PENDING_VALIDATION,COMPLETE
1.0,OP_AVAIL_EXACT95_HIGH_CAPACITY_AVAIL_IMMIGRATION_MINUS_3,a9a556ddf714e12731bb4977820418b0a0cfcd436c6b20c623fc6b3a6fdae119,TASK3_OPERATIONAL_POOLED_V1,CAPACITY_AVAIL_IMMIGRATION_MINUS_3,CAPACITY,REFERENCE_ASSUMPTION_SANDBOX_V1,LOCAL_WINDOW_HPP_EXACT95_HIGH,21,202607290000,202610290211,202610290212,202610290213,202610290214,EMPTY_AND_IDLE,HPP,300.000000000,432.295742521,FULL_DRAIN,AnyLogic,8.9.9.202607020720,NOT_CALIBRATED,COMPARATIVE_WHAT_IF_ONLY,PENDING_VALIDATION,COMPLETE
1.0,OP_AVAIL_EXACT95_HIGH_CAPACITY_AVAIL_IMMIGRATION_MINUS_3,a9a556ddf714e12731bb4977820418b0a0cfcd436c6b20c623fc6b3a6fdae119,TASK3_OPERATIONAL_POOLED_V1,CAPACITY_AVAIL_IMMIGRATION_MINUS_3,CAPACITY,REFERENCE_ASSUMPTION_SANDBOX_V1,LOCAL_WINDOW_HPP_EXACT95_HIGH,22,202607290000,202610290221,202610290222,202610290223,202610290224,EMPTY_AND_IDLE,HPP,300.000000000,421.994994188,FULL_DRAIN,AnyLogic,8.9.9.202607020720,NOT_CALIBRATED,COMPARATIVE_WHAT_IF_ONLY,PENDING_VALIDATION,COMPLETE
1.0,OP_AVAIL_EXACT95_HIGH_CAPACITY_AVAIL_IMMIGRATION_MINUS_3,a9a556ddf714e12731bb4977820418b0a0cfcd436c6b20c623fc6b3a6fdae119,TASK3_OPERATIONAL_POOLED_V1,CAPACITY_AVAIL_IMMIGRATION_MINUS_3,CAPACITY,REFERENCE_ASSUMPTION_SANDBOX_V1,LOCAL_WINDOW_HPP_EXACT95_HIGH,23,202607290000,202610290231,202610290232,202610290233,202610290234,EMPTY_AND_IDLE,HPP,300.000000000,449.940737246,FULL_DRAIN,AnyLogic,8.9.9.202607020720,NOT_CALIBRATED,COMPARATIVE_WHAT_IF_ONLY,PENDING_VALIDATION,COMPLETE
1.0,OP_AVAIL_EXACT95_HIGH_CAPACITY_AVAIL_IMMIGRATION_MINUS_3,a9a556ddf714e12731bb4977820418b0a0cfcd436c6b20c623fc6b3a6fdae119,TASK3_OPERATIONAL_POOLED_V1,CAPACITY_AVAIL_IMMIGRATION_MINUS_3,CAPACITY,REFERENCE_ASSUMPTION_SANDBOX_V1,LOCAL_WINDOW_HPP_EXACT95_HIGH,24,202607290000,202610290241,202610290242,202610290243,202610290244,EMPTY_AND_IDLE,HPP,300.000000000,441.731040129,FULL_DRAIN,AnyLogic,8.9.9.202607020720,NOT_CALIBRATED,COMPARATIVE_WHAT_IF_ONLY,PENDING_VALIDATION,COMPLETE
1.0,OP_AVAIL_EXACT95_HIGH_CAPACITY_AVAIL_IMMIGRATION_MINUS_3,a9a556ddf714e12731bb4977820418b0a0cfcd436c6b20c623fc6b3a6fdae119,TASK3_OPERATIONAL_POOLED_V1,CAPACITY_AVAIL_IMMIGRATION_MINUS_3,CAPACITY,REFERENCE_ASSUMPTION_SANDBOX_V1,LOCAL_WINDOW_HPP_EXACT95_HIGH,25,202607290000,202610290251,202610290252,202610290253,202610290254,EMPTY_AND_IDLE,HPP,300.000000000,418.116416487,FULL_DRAIN,AnyLogic,8.9.9.202607020720,NOT_CALIBRATED,COMPARATIVE_WHAT_IF_ONLY,PENDING_VALIDATION,COMPLETE
1.0,OP_AVAIL_EXACT95_HIGH_CAPACITY_AVAIL_IMMIGRATION_MINUS_3,a9a556ddf714e12731bb4977820418b0a0cfcd436c6b20c623fc6b3a6fdae119,TASK3_OPERATIONAL_POOLED_V1,CAPACITY_AVAIL_IMMIGRATION_MINUS_3,CAPACITY,REFERENCE_ASSUMPTION_SANDBOX_V1,LOCAL_WINDOW_HPP_EXACT95_HIGH,26,202607290000,202610290261,202610290262,202610290263,202610290264,EMPTY_AND_IDLE,HPP,300.000000000,454.939881042,FULL_DRAIN,AnyLogic,8.9.9.202607020720,NOT_CALIBRATED,COMPARATIVE_WHAT_IF_ONLY,PENDING_VALIDATION,COMPLETE
1.0,OP_AVAIL_EXACT95_HIGH_CAPACITY_AVAIL_IMMIGRATION_MINUS_3,a9a556ddf714e12731bb4977820418b0a0cfcd436c6b20c623fc6b3a6fdae119,TASK3_OPERATIONAL_POOLED_V1,CAPACITY_AVAIL_IMMIGRATION_MINUS_3,CAPACITY,REFERENCE_ASSUMPTION_SANDBOX_V1,LOCAL_WINDOW_HPP_EXACT95_HIGH,27,202607290000,202610290271,202610290272,202610290273,202610290274,EMPTY_AND_IDLE,HPP,300.000000000,441.055812430,FULL_DRAIN,AnyLogic,8.9.9.202607020720,NOT_CALIBRATED,COMPARATIVE_WHAT_IF_ONLY,PENDING_VALIDATION,COMPLETE
1.0,OP_AVAIL_EXACT95_HIGH_CAPACITY_AVAIL_IMMIGRATION_MINUS_3,a9a556ddf714e12731bb4977820418b0a0cfcd436c6b20c623fc6b3a6fdae119,TASK3_OPERATIONAL_POOLED_V1,CAPACITY_AVAIL_IMMIGRATION_MINUS_3,CAPACITY,REFERENCE_ASSUMPTION_SANDBOX_V1,LOCAL_WINDOW_HPP_EXACT95_HIGH,28,202607290000,202610290281,202610290282,202610290283,202610290284,EMPTY_AND_IDLE,HPP,300.000000000,445.289123107,FULL_DRAIN,AnyLogic,8.9.9.202607020720,NOT_CALIBRATED,COMPARATIVE_WHAT_IF_ONLY,PENDING_VALIDATION,COMPLETE
1.0,OP_AVAIL_EXACT95_HIGH_CAPACITY_AVAIL_IMMIGRATION_MINUS_3,a9a556ddf714e12731bb4977820418b0a0cfcd436c6b20c623fc6b3a6fdae119,TASK3_OPERATIONAL_POOLED_V1,CAPACITY_AVAIL_IMMIGRATION_MINUS_3,CAPACITY,REFERENCE_ASSUMPTION_SANDBOX_V1,LOCAL_WINDOW_HPP_EXACT95_HIGH,29,202607290000,202610290291,202610290292,202610290293,202610290294,EMPTY_AND_IDLE,HPP,300.000000000,403.394738619,FULL_DRAIN,AnyLogic,8.9.9.202607020720,NOT_CALIBRATED,COMPARATIVE_WHAT_IF_ONLY,PENDING_VALIDATION,COMPLETE
1.0,OP_AVAIL_EXACT95_HIGH_CAPACITY_AVAIL_IMMIGRATION_MINUS_3,a9a556ddf714e12731bb4977820418b0a0cfcd436c6b20c623fc6b3a6fdae119,TASK3_OPERATIONAL_POOLED_V1,CAPACITY_AVAIL_IMMIGRATION_MINUS_3,CAPACITY,REFERENCE_ASSUMPTION_SANDBOX_V1,LOCAL_WINDOW_HPP_EXACT95_HIGH,30,202607290000,202610290301,202610290302,202610290303,202610290304,EMPTY_AND_IDLE,HPP,300.000000000,460.099889842,FULL_DRAIN,AnyLogic,8.9.9.202607020720,NOT_CALIBRATED,COMPARATIVE_WHAT_IF_ONLY,PENDING_VALIDATION,COMPLETE
1.0,OP_AVAIL_EXACT95_HIGH_CAPACITY_AVAIL_IMMIGRATION_MINUS_3,a9a556ddf714e12731bb4977820418b0a0cfcd436c6b20c623fc6b3a6fdae119,TASK3_OPERATIONAL_POOLED_V1,CAPACITY_AVAIL_IMMIGRATION_MINUS_3,CAPACITY,REFERENCE_ASSUMPTION_SANDBOX_V1,LOCAL_WINDOW_HPP_EXACT95_HIGH,31,202607290000,202610290311,202610290312,202610290313,202610290314,EMPTY_AND_IDLE,HPP,300.000000000,468.635399072,FULL_DRAIN,AnyLogic,8.9.9.202607020720,NOT_CALIBRATED,COMPARATIVE_WHAT_IF_ONLY,PENDING_VALIDATION,COMPLETE
1.0,OP_AVAIL_EXACT95_HIGH_CAPACITY_AVAIL_IMMIGRATION_MINUS_3,a9a556ddf714e12731bb4977820418b0a0cfcd436c6b20c623fc6b3a6fdae119,TASK3_OPERATIONAL_POOLED_V1,CAPACITY_AVAIL_IMMIGRATION_MINUS_3,CAPACITY,REFERENCE_ASSUMPTION_SANDBOX_V1,LOCAL_WINDOW_HPP_EXACT95_HIGH,32,202607290000,202610290321,202610290322,202610290323,202610290324,EMPTY_AND_IDLE,HPP,300.000000000,430.228623197,FULL_DRAIN,AnyLogic,8.9.9.202607020720,NOT_CALIBRATED,COMPARATIVE_WHAT_IF_ONLY,PENDING_VALIDATION,COMPLETE
1.0,OP_AVAIL_EXACT95_HIGH_CAPACITY_AVAIL_IMMIGRATION_MINUS_3,a9a556ddf714e12731bb4977820418b0a0cfcd436c6b20c623fc6b3a6fdae119,TASK3_OPERATIONAL_POOLED_V1,CAPACITY_AVAIL_IMMIGRATION_MINUS_3,CAPACITY,REFERENCE_ASSUMPTION_SANDBOX_V1,LOCAL_WINDOW_HPP_EXACT95_HIGH,33,202607290000,202610290331,202610290332,202610290333,202610290334,EMPTY_AND_IDLE,HPP,300.000000000,447.269482143,FULL_DRAIN,AnyLogic,8.9.9.202607020720,NOT_CALIBRATED,COMPARATIVE_WHAT_IF_ONLY,PENDING_VALIDATION,COMPLETE
1.0,OP_AVAIL_EXACT95_HIGH_CAPACITY_AVAIL_IMMIGRATION_MINUS_3,a9a556ddf714e12731bb4977820418b0a0cfcd436c6b20c623fc6b3a6fdae119,TASK3_OPERATIONAL_POOLED_V1,CAPACITY_AVAIL_IMMIGRATION_MINUS_3,CAPACITY,REFERENCE_ASSUMPTION_SANDBOX_V1,LOCAL_WINDOW_HPP_EXACT95_HIGH,34,202607290000,202610290341,202610290342,202610290343,202610290344,EMPTY_AND_IDLE,HPP,300.000000000,457.128176487,FULL_DRAIN,AnyLogic,8.9.9.202607020720,NOT_CALIBRATED,COMPARATIVE_WHAT_IF_ONLY,PENDING_VALIDATION,COMPLETE
1.0,OP_AVAIL_EXACT95_HIGH_CAPACITY_AVAIL_IMMIGRATION_MINUS_3,a9a556ddf714e12731bb4977820418b0a0cfcd436c6b20c623fc6b3a6fdae119,TASK3_OPERATIONAL_POOLED_V1,CAPACITY_AVAIL_IMMIGRATION_MINUS_3,CAPACITY,REFERENCE_ASSUMPTION_SANDBOX_V1,LOCAL_WINDOW_HPP_EXACT95_HIGH,35,202607290000,202610290351,202610290352,202610290353,202610290354,EMPTY_AND_IDLE,HPP,300.000000000,429.619430736,FULL_DRAIN,AnyLogic,8.9.9.202607020720,NOT_CALIBRATED,COMPARATIVE_WHAT_IF_ONLY,PENDING_VALIDATION,COMPLETE
1.0,OP_AVAIL_EXACT95_HIGH_CAPACITY_AVAIL_IMMIGRATION_MINUS_3,a9a556ddf714e12731bb4977820418b0a0cfcd436c6b20c623fc6b3a6fdae119,TASK3_OPERATIONAL_POOLED_V1,CAPACITY_AVAIL_IMMIGRATION_MINUS_3,CAPACITY,REFERENCE_ASSUMPTION_SANDBOX_V1,LOCAL_WINDOW_HPP_EXACT95_HIGH,36,202607290000,202610290361,202610290362,202610290363,202610290364,EMPTY_AND_IDLE,HPP,300.000000000,443.417306464,FULL_DRAIN,AnyLogic,8.9.9.202607020720,NOT_CALIBRATED,COMPARATIVE_WHAT_IF_ONLY,PENDING_VALIDATION,COMPLETE
1.0,OP_AVAIL_EXACT95_HIGH_CAPACITY_AVAIL_IMMIGRATION_MINUS_3,a9a556ddf714e12731bb4977820418b0a0cfcd436c6b20c623fc6b3a6fdae119,TASK3_OPERATIONAL_POOLED_V1,CAPACITY_AVAIL_IMMIGRATION_MINUS_3,CAPACITY,REFERENCE_ASSUMPTION_SANDBOX_V1,LOCAL_WINDOW_HPP_EXACT95_HIGH,37,202607290000,202610290371,202610290372,202610290373,202610290374,EMPTY_AND_IDLE,HPP,300.000000000,435.576234927,FULL_DRAIN,AnyLogic,8.9.9.202607020720,NOT_CALIBRATED,COMPARATIVE_WHAT_IF_ONLY,PENDING_VALIDATION,COMPLETE
1.0,OP_AVAIL_EXACT95_HIGH_CAPACITY_AVAIL_IMMIGRATION_MINUS_3,a9a556ddf714e12731bb4977820418b0a0cfcd436c6b20c623fc6b3a6fdae119,TASK3_OPERATIONAL_POOLED_V1,CAPACITY_AVAIL_IMMIGRATION_MINUS_3,CAPACITY,REFERENCE_ASSUMPTION_SANDBOX_V1,LOCAL_WINDOW_HPP_EXACT95_HIGH,38,202607290000,202610290381,202610290382,202610290383,202610290384,EMPTY_AND_IDLE,HPP,300.000000000,432.379357627,FULL_DRAIN,AnyLogic,8.9.9.202607020720,NOT_CALIBRATED,COMPARATIVE_WHAT_IF_ONLY,PENDING_VALIDATION,COMPLETE
1.0,OP_AVAIL_EXACT95_HIGH_CAPACITY_AVAIL_IMMIGRATION_MINUS_3,a9a556ddf714e12731bb4977820418b0a0cfcd436c6b20c623fc6b3a6fdae119,TASK3_OPERATIONAL_POOLED_V1,CAPACITY_AVAIL_IMMIGRATION_MINUS_3,CAPACITY,REFERENCE_ASSUMPTION_SANDBOX_V1,LOCAL_WINDOW_HPP_EXACT95_HIGH,39,202607290000,202610290391,202610290392,202610290393,202610290394,EMPTY_AND_IDLE,HPP,300.000000000,454.927267320,FULL_DRAIN,AnyLogic,8.9.9.202607020720,NOT_CALIBRATED,COMPARATIVE_WHAT_IF_ONLY,PENDING_VALIDATION,COMPLETE
1.0,OP_AVAIL_EXACT95_HIGH_CAPACITY_AVAIL_IMMIGRATION_MINUS_3,a9a556ddf714e12731bb4977820418b0a0cfcd436c6b20c623fc6b3a6fdae119,TASK3_OPERATIONAL_POOLED_V1,CAPACITY_AVAIL_IMMIGRATION_MINUS_3,CAPACITY,REFERENCE_ASSUMPTION_SANDBOX_V1,LOCAL_WINDOW_HPP_EXACT95_HIGH,40,202607290000,202610290401,202610290402,202610290403,202610290404,EMPTY_AND_IDLE,HPP,300.000000000,465.401683575,FULL_DRAIN,AnyLogic,8.9.9.202607020720,NOT_CALIBRATED,COMPARATIVE_WHAT_IF_ONLY,PENDING_VALIDATION,COMPLETE
1.0,OP_AVAIL_EXACT95_HIGH_CAPACITY_AVAIL_IMMIGRATION_MINUS_3,a9a556ddf714e12731bb4977820418b0a0cfcd436c6b20c623fc6b3a6fdae119,TASK3_OPERATIONAL_POOLED_V1,CAPACITY_AVAIL_IMMIGRATION_MINUS_3,CAPACITY,REFERENCE_ASSUMPTION_SANDBOX_V1,LOCAL_WINDOW_HPP_EXACT95_HIGH,41,202607290000,202610290411,202610290412,202610290413,202610290414,EMPTY_AND_IDLE,HPP,300.000000000,439.910128993,FULL_DRAIN,AnyLogic,8.9.9.202607020720,NOT_CALIBRATED,COMPARATIVE_WHAT_IF_ONLY,PENDING_VALIDATION,COMPLETE
1.0,OP_AVAIL_EXACT95_HIGH_CAPACITY_AVAIL_IMMIGRATION_MINUS_3,a9a556ddf714e12731bb4977820418b0a0cfcd436c6b20c623fc6b3a6fdae119,TASK3_OPERATIONAL_POOLED_V1,CAPACITY_AVAIL_IMMIGRATION_MINUS_3,CAPACITY,REFERENCE_ASSUMPTION_SANDBOX_V1,LOCAL_WINDOW_HPP_EXACT95_HIGH,42,202607290000,202610290421,202610290422,202610290423,202610290424,EMPTY_AND_IDLE,HPP,300.000000000,459.518645585,FULL_DRAIN,AnyLogic,8.9.9.202607020720,NOT_CALIBRATED,COMPARATIVE_WHAT_IF_ONLY,PENDING_VALIDATION,COMPLETE
1.0,OP_AVAIL_EXACT95_HIGH_CAPACITY_AVAIL_IMMIGRATION_MINUS_3,a9a556ddf714e12731bb4977820418b0a0cfcd436c6b20c623fc6b3a6fdae119,TASK3_OPERATIONAL_POOLED_V1,CAPACITY_AVAIL_IMMIGRATION_MINUS_3,CAPACITY,REFERENCE_ASSUMPTION_SANDBOX_V1,LOCAL_WINDOW_HPP_EXACT95_HIGH,43,202607290000,202610290431,202610290432,202610290433,202610290434,EMPTY_AND_IDLE,HPP,300.000000000,440.231839824,FULL_DRAIN,AnyLogic,8.9.9.202607020720,NOT_CALIBRATED,COMPARATIVE_WHAT_IF_ONLY,PENDING_VALIDATION,COMPLETE
1.0,OP_AVAIL_EXACT95_HIGH_CAPACITY_AVAIL_IMMIGRATION_MINUS_3,a9a556ddf714e12731bb4977820418b0a0cfcd436c6b20c623fc6b3a6fdae119,TASK3_OPERATIONAL_POOLED_V1,CAPACITY_AVAIL_IMMIGRATION_MINUS_3,CAPACITY,REFERENCE_ASSUMPTION_SANDBOX_V1,LOCAL_WINDOW_HPP_EXACT95_HIGH,44,202607290000,202610290441,202610290442,202610290443,202610290444,EMPTY_AND_IDLE,HPP,300.000000000,461.379238512,FULL_DRAIN,AnyLogic,8.9.9.202607020720,NOT_CALIBRATED,COMPARATIVE_WHAT_IF_ONLY,PENDING_VALIDATION,COMPLETE
1.0,OP_AVAIL_EXACT95_HIGH_CAPACITY_AVAIL_IMMIGRATION_MINUS_3,a9a556ddf714e12731bb4977820418b0a0cfcd436c6b20c623fc6b3a6fdae119,TASK3_OPERATIONAL_POOLED_V1,CAPACITY_AVAIL_IMMIGRATION_MINUS_3,CAPACITY,REFERENCE_ASSUMPTION_SANDBOX_V1,LOCAL_WINDOW_HPP_EXACT95_HIGH,45,202607290000,202610290451,202610290452,202610290453,202610290454,EMPTY_AND_IDLE,HPP,300.000000000,471.004973945,FULL_DRAIN,AnyLogic,8.9.9.202607020720,NOT_CALIBRATED,COMPARATIVE_WHAT_IF_ONLY,PENDING_VALIDATION,COMPLETE
1.0,OP_AVAIL_EXACT95_HIGH_CAPACITY_AVAIL_IMMIGRATION_MINUS_3,a9a556ddf714e12731bb4977820418b0a0cfcd436c6b20c623fc6b3a6fdae119,TASK3_OPERATIONAL_POOLED_V1,CAPACITY_AVAIL_IMMIGRATION_MINUS_3,CAPACITY,REFERENCE_ASSUMPTION_SANDBOX_V1,LOCAL_WINDOW_HPP_EXACT95_HIGH,46,202607290000,202610290461,202610290462,202610290463,202610290464,EMPTY_AND_IDLE,HPP,300.000000000,443.318935807,FULL_DRAIN,AnyLogic,8.9.9.202607020720,NOT_CALIBRATED,COMPARATIVE_WHAT_IF_ONLY,PENDING_VALIDATION,COMPLETE
1.0,OP_AVAIL_EXACT95_HIGH_CAPACITY_AVAIL_IMMIGRATION_MINUS_3,a9a556ddf714e12731bb4977820418b0a0cfcd436c6b20c623fc6b3a6fdae119,TASK3_OPERATIONAL_POOLED_V1,CAPACITY_AVAIL_IMMIGRATION_MINUS_3,CAPACITY,REFERENCE_ASSUMPTION_SANDBOX_V1,LOCAL_WINDOW_HPP_EXACT95_HIGH,47,202607290000,202610290471,202610290472,202610290473,202610290474,EMPTY_AND_IDLE,HPP,300.000000000,408.498626853,FULL_DRAIN,AnyLogic,8.9.9.202607020720,NOT_CALIBRATED,COMPARATIVE_WHAT_IF_ONLY,PENDING_VALIDATION,COMPLETE
1.0,OP_AVAIL_EXACT95_HIGH_CAPACITY_AVAIL_IMMIGRATION_MINUS_3,a9a556ddf714e12731bb4977820418b0a0cfcd436c6b20c623fc6b3a6fdae119,TASK3_OPERATIONAL_POOLED_V1,CAPACITY_AVAIL_IMMIGRATION_MINUS_3,CAPACITY,REFERENCE_ASSUMPTION_SANDBOX_V1,LOCAL_WINDOW_HPP_EXACT95_HIGH,48,202607290000,202610290481,202610290482,202610290483,202610290484,EMPTY_AND_IDLE,HPP,300.000000000,428.151805842,FULL_DRAIN,AnyLogic,8.9.9.202607020720,NOT_CALIBRATED,COMPARATIVE_WHAT_IF_ONLY,PENDING_VALIDATION,COMPLETE
1.0,OP_AVAIL_EXACT95_HIGH_CAPACITY_AVAIL_IMMIGRATION_MINUS_3,a9a556ddf714e12731bb4977820418b0a0cfcd436c6b20c623fc6b3a6fdae119,TASK3_OPERATIONAL_POOLED_V1,CAPACITY_AVAIL_IMMIGRATION_MINUS_3,CAPACITY,REFERENCE_ASSUMPTION_SANDBOX_V1,LOCAL_WINDOW_HPP_EXACT95_HIGH,49,202607290000,202610290491,202610290492,202610290493,202610290494,EMPTY_AND_IDLE,HPP,300.000000000,444.805295452,FULL_DRAIN,AnyLogic,8.9.9.202607020720,NOT_CALIBRATED,COMPARATIVE_WHAT_IF_ONLY,PENDING_VALIDATION,COMPLETE
1.0,OP_AVAIL_EXACT95_HIGH_CAPACITY_AVAIL_IMMIGRATION_MINUS_3,a9a556ddf714e12731bb4977820418b0a0cfcd436c6b20c623fc6b3a6fdae119,TASK3_OPERATIONAL_POOLED_V1,CAPACITY_AVAIL_IMMIGRATION_MINUS_3,CAPACITY,REFERENCE_ASSUMPTION_SANDBOX_V1,LOCAL_WINDOW_HPP_EXACT95_HIGH,50,202607290000,202610290501,202610290502,202610290503,202610290504,EMPTY_AND_IDLE,HPP,300.000000000,456.813422386,FULL_DRAIN,AnyLogic,8.9.9.202607020720,NOT_CALIBRATED,COMPARATIVE_WHAT_IF_ONLY,PENDING_VALIDATION,COMPLETE
1.0,OP_AVAIL_EXACT95_LOW_CAPACITY_AVAIL_IMMIGRATION_MINUS_3,adddb2957e2ff950388b3585d73083e35714c7580c83d613a5983ffb1effca18,TASK3_OPERATIONAL_POOLED_V1,CAPACITY_AVAIL_IMMIGRATION_MINUS_3,CAPACITY,REFERENCE_ASSUMPTION_SANDBOX_V1,LOCAL_WINDOW_HPP_EXACT95_LOW,1,202607290000,202608290011,202608290012,202608290013,202608290014,EMPTY_AND_IDLE,HPP,300.000000000,333.378284734,FULL_DRAIN,AnyLogic,8.9.9.202607020720,NOT_CALIBRATED,COMPARATIVE_WHAT_IF_ONLY,PENDING_VALIDATION,COMPLETE
1.0,OP_AVAIL_EXACT95_LOW_CAPACITY_AVAIL_IMMIGRATION_MINUS_3,adddb2957e2ff950388b3585d73083e35714c7580c83d613a5983ffb1effca18,TASK3_OPERATIONAL_POOLED_V1,CAPACITY_AVAIL_IMMIGRATION_MINUS_3,CAPACITY,REFERENCE_ASSUMPTION_SANDBOX_V1,LOCAL_WINDOW_HPP_EXACT95_LOW,2,202607290000,202608290021,202608290022,202608290023,202608290024,EMPTY_AND_IDLE,HPP,300.000000000,332.283944051,FULL_DRAIN,AnyLogic,8.9.9.202607020720,NOT_CALIBRATED,COMPARATIVE_WHAT_IF_ONLY,PENDING_VALIDATION,COMPLETE
1.0,OP_AVAIL_EXACT95_LOW_CAPACITY_AVAIL_IMMIGRATION_MINUS_3,adddb2957e2ff950388b3585d73083e35714c7580c83d613a5983ffb1effca18,TASK3_OPERATIONAL_POOLED_V1,CAPACITY_AVAIL_IMMIGRATION_MINUS_3,CAPACITY,REFERENCE_ASSUMPTION_SANDBOX_V1,LOCAL_WINDOW_HPP_EXACT95_LOW,3,202607290000,202608290031,202608290032,202608290033,202608290034,EMPTY_AND_IDLE,HPP,300.000000000,334.763588245,FULL_DRAIN,AnyLogic,8.9.9.202607020720,NOT_CALIBRATED,COMPARATIVE_WHAT_IF_ONLY,PENDING_VALIDATION,COMPLETE
1.0,OP_AVAIL_EXACT95_LOW_CAPACITY_AVAIL_IMMIGRATION_MINUS_3,adddb2957e2ff950388b3585d73083e35714c7580c83d613a5983ffb1effca18,TASK3_OPERATIONAL_POOLED_V1,CAPACITY_AVAIL_IMMIGRATION_MINUS_3,CAPACITY,REFERENCE_ASSUMPTION_SANDBOX_V1,LOCAL_WINDOW_HPP_EXACT95_LOW,4,202607290000,202608290041,202608290042,202608290043,202608290044,EMPTY_AND_IDLE,HPP,300.000000000,334.214032222,FULL_DRAIN,AnyLogic,8.9.9.202607020720,NOT_CALIBRATED,COMPARATIVE_WHAT_IF_ONLY,PENDING_VALIDATION,COMPLETE
1.0,OP_AVAIL_EXACT95_LOW_CAPACITY_AVAIL_IMMIGRATION_MINUS_3,adddb2957e2ff950388b3585d73083e35714c7580c83d613a5983ffb1effca18,TASK3_OPERATIONAL_POOLED_V1,CAPACITY_AVAIL_IMMIGRATION_MINUS_3,CAPACITY,REFERENCE_ASSUMPTION_SANDBOX_V1,LOCAL_WINDOW_HPP_EXACT95_LOW,5,202607290000,202608290051,202608290052,202608290053,202608290054,EMPTY_AND_IDLE,HPP,300.000000000,333.398993631,FULL_DRAIN,AnyLogic,8.9.9.202607020720,NOT_CALIBRATED,COMPARATIVE_WHAT_IF_ONLY,PENDING_VALIDATION,COMPLETE
1.0,OP_AVAIL_EXACT95_LOW_CAPACITY_AVAIL_IMMIGRATION_MINUS_3,adddb2957e2ff950388b3585d73083e35714c7580c83d613a5983ffb1effca18,TASK3_OPERATIONAL_POOLED_V1,CAPACITY_AVAIL_IMMIGRATION_MINUS_3,CAPACITY,REFERENCE_ASSUMPTION_SANDBOX_V1,LOCAL_WINDOW_HPP_EXACT95_LOW,6,202607290000,202608290061,202608290062,202608290063,202608290064,EMPTY_AND_IDLE,HPP,300.000000000,334.503790859,FULL_DRAIN,AnyLogic,8.9.9.202607020720,NOT_CALIBRATED,COMPARATIVE_WHAT_IF_ONLY,PENDING_VALIDATION,COMPLETE
1.0,OP_AVAIL_EXACT95_LOW_CAPACITY_AVAIL_IMMIGRATION_MINUS_3,adddb2957e2ff950388b3585d73083e35714c7580c83d613a5983ffb1effca18,TASK3_OPERATIONAL_POOLED_V1,CAPACITY_AVAIL_IMMIGRATION_MINUS_3,CAPACITY,REFERENCE_ASSUMPTION_SANDBOX_V1,LOCAL_WINDOW_HPP_EXACT95_LOW,7,202607290000,202608290071,202608290072,202608290073,202608290074,EMPTY_AND_IDLE,HPP,300.000000000,334.009467665,FULL_DRAIN,AnyLogic,8.9.9.202607020720,NOT_CALIBRATED,COMPARATIVE_WHAT_IF_ONLY,PENDING_VALIDATION,COMPLETE
1.0,OP_AVAIL_EXACT95_LOW_CAPACITY_AVAIL_IMMIGRATION_MINUS_3,adddb2957e2ff950388b3585d73083e35714c7580c83d613a5983ffb1effca18,TASK3_OPERATIONAL_POOLED_V1,CAPACITY_AVAIL_IMMIGRATION_MINUS_3,CAPACITY,REFERENCE_ASSUMPTION_SANDBOX_V1,LOCAL_WINDOW_HPP_EXACT95_LOW,8,202607290000,202608290081,202608290082,202608290083,202608290084,EMPTY_AND_IDLE,HPP,300.000000000,334.204293046,FULL_DRAIN,AnyLogic,8.9.9.202607020720,NOT_CALIBRATED,COMPARATIVE_WHAT_IF_ONLY,PENDING_VALIDATION,COMPLETE
1.0,OP_AVAIL_EXACT95_LOW_CAPACITY_AVAIL_IMMIGRATION_MINUS_3,adddb2957e2ff950388b3585d73083e35714c7580c83d613a5983ffb1effca18,TASK3_OPERATIONAL_POOLED_V1,CAPACITY_AVAIL_IMMIGRATION_MINUS_3,CAPACITY,REFERENCE_ASSUMPTION_SANDBOX_V1,LOCAL_WINDOW_HPP_EXACT95_LOW,9,202607290000,202608290091,202608290092,202608290093,202608290094,EMPTY_AND_IDLE,HPP,300.000000000,334.651209542,FULL_DRAIN,AnyLogic,8.9.9.202607020720,NOT_CALIBRATED,COMPARATIVE_WHAT_IF_ONLY,PENDING_VALIDATION,COMPLETE
1.0,OP_AVAIL_EXACT95_LOW_CAPACITY_AVAIL_IMMIGRATION_MINUS_3,adddb2957e2ff950388b3585d73083e35714c7580c83d613a5983ffb1effca18,TASK3_OPERATIONAL_POOLED_V1,CAPACITY_AVAIL_IMMIGRATION_MINUS_3,CAPACITY,REFERENCE_ASSUMPTION_SANDBOX_V1,LOCAL_WINDOW_HPP_EXACT95_LOW,10,202607290000,202608290101,202608290102,202608290103,202608290104,EMPTY_AND_IDLE,HPP,300.000000000,333.986965101,FULL_DRAIN,AnyLogic,8.9.9.202607020720,NOT_CALIBRATED,COMPARATIVE_WHAT_IF_ONLY,PENDING_VALIDATION,COMPLETE
1.0,OP_AVAIL_EXACT95_LOW_CAPACITY_AVAIL_IMMIGRATION_MINUS_3,adddb2957e2ff950388b3585d73083e35714c7580c83d613a5983ffb1effca18,TASK3_OPERATIONAL_POOLED_V1,CAPACITY_AVAIL_IMMIGRATION_MINUS_3,CAPACITY,REFERENCE_ASSUMPTION_SANDBOX_V1,LOCAL_WINDOW_HPP_EXACT95_LOW,11,202607290000,202608290111,202608290112,202608290113,202608290114,EMPTY_AND_IDLE,HPP,300.000000000,334.383425690,FULL_DRAIN,AnyLogic,8.9.9.202607020720,NOT_CALIBRATED,COMPARATIVE_WHAT_IF_ONLY,PENDING_VALIDATION,COMPLETE
1.0,OP_AVAIL_EXACT95_LOW_CAPACITY_AVAIL_IMMIGRATION_MINUS_3,adddb2957e2ff950388b3585d73083e35714c7580c83d613a5983ffb1effca18,TASK3_OPERATIONAL_POOLED_V1,CAPACITY_AVAIL_IMMIGRATION_MINUS_3,CAPACITY,REFERENCE_ASSUMPTION_SANDBOX_V1,LOCAL_WINDOW_HPP_EXACT95_LOW,12,202607290000,202608290121,202608290122,202608290123,202608290124,EMPTY_AND_IDLE,HPP,300.000000000,336.675944538,FULL_DRAIN,AnyLogic,8.9.9.202607020720,NOT_CALIBRATED,COMPARATIVE_WHAT_IF_ONLY,PENDING_VALIDATION,COMPLETE
1.0,OP_AVAIL_EXACT95_LOW_CAPACITY_AVAIL_IMMIGRATION_MINUS_3,adddb2957e2ff950388b3585d73083e35714c7580c83d613a5983ffb1effca18,TASK3_OPERATIONAL_POOLED_V1,CAPACITY_AVAIL_IMMIGRATION_MINUS_3,CAPACITY,REFERENCE_ASSUMPTION_SANDBOX_V1,LOCAL_WINDOW_HPP_EXACT95_LOW,13,202607290000,202608290131,202608290132,202608290133,202608290134,EMPTY_AND_IDLE,HPP,300.000000000,334.664495631,FULL_DRAIN,AnyLogic,8.9.9.202607020720,NOT_CALIBRATED,COMPARATIVE_WHAT_IF_ONLY,PENDING_VALIDATION,COMPLETE
1.0,OP_AVAIL_EXACT95_LOW_CAPACITY_AVAIL_IMMIGRATION_MINUS_3,adddb2957e2ff950388b3585d73083e35714c7580c83d613a5983ffb1effca18,TASK3_OPERATIONAL_POOLED_V1,CAPACITY_AVAIL_IMMIGRATION_MINUS_3,CAPACITY,REFERENCE_ASSUMPTION_SANDBOX_V1,LOCAL_WINDOW_HPP_EXACT95_LOW,14,202607290000,202608290141,202608290142,202608290143,202608290144,EMPTY_AND_IDLE,HPP,300.000000000,334.504039286,FULL_DRAIN,AnyLogic,8.9.9.202607020720,NOT_CALIBRATED,COMPARATIVE_WHAT_IF_ONLY,PENDING_VALIDATION,COMPLETE
1.0,OP_AVAIL_EXACT95_LOW_CAPACITY_AVAIL_IMMIGRATION_MINUS_3,adddb2957e2ff950388b3585d73083e35714c7580c83d613a5983ffb1effca18,TASK3_OPERATIONAL_POOLED_V1,CAPACITY_AVAIL_IMMIGRATION_MINUS_3,CAPACITY,REFERENCE_ASSUMPTION_SANDBOX_V1,LOCAL_WINDOW_HPP_EXACT95_LOW,15,202607290000,202608290151,202608290152,202608290153,202608290154,EMPTY_AND_IDLE,HPP,300.000000000,334.767924815,FULL_DRAIN,AnyLogic,8.9.9.202607020720,NOT_CALIBRATED,COMPARATIVE_WHAT_IF_ONLY,PENDING_VALIDATION,COMPLETE
1.0,OP_AVAIL_EXACT95_LOW_CAPACITY_AVAIL_IMMIGRATION_MINUS_3,adddb2957e2ff950388b3585d73083e35714c7580c83d613a5983ffb1effca18,TASK3_OPERATIONAL_POOLED_V1,CAPACITY_AVAIL_IMMIGRATION_MINUS_3,CAPACITY,REFERENCE_ASSUMPTION_SANDBOX_V1,LOCAL_WINDOW_HPP_EXACT95_LOW,16,202607290000,202608290161,202608290162,202608290163,202608290164,EMPTY_AND_IDLE,HPP,300.000000000,334.431918804,FULL_DRAIN,AnyLogic,8.9.9.202607020720,NOT_CALIBRATED,COMPARATIVE_WHAT_IF_ONLY,PENDING_VALIDATION,COMPLETE
1.0,OP_AVAIL_EXACT95_LOW_CAPACITY_AVAIL_IMMIGRATION_MINUS_3,adddb2957e2ff950388b3585d73083e35714c7580c83d613a5983ffb1effca18,TASK3_OPERATIONAL_POOLED_V1,CAPACITY_AVAIL_IMMIGRATION_MINUS_3,CAPACITY,REFERENCE_ASSUMPTION_SANDBOX_V1,LOCAL_WINDOW_HPP_EXACT95_LOW,17,202607290000,202608290171,202608290172,202608290173,202608290174,EMPTY_AND_IDLE,HPP,300.000000000,335.939427486,FULL_DRAIN,AnyLogic,8.9.9.202607020720,NOT_CALIBRATED,COMPARATIVE_WHAT_IF_ONLY,PENDING_VALIDATION,COMPLETE
1.0,OP_AVAIL_EXACT95_LOW_CAPACITY_AVAIL_IMMIGRATION_MINUS_3,adddb2957e2ff950388b3585d73083e35714c7580c83d613a5983ffb1effca18,TASK3_OPERATIONAL_POOLED_V1,CAPACITY_AVAIL_IMMIGRATION_MINUS_3,CAPACITY,REFERENCE_ASSUMPTION_SANDBOX_V1,LOCAL_WINDOW_HPP_EXACT95_LOW,18,202607290000,202608290181,202608290182,202608290183,202608290184,EMPTY_AND_IDLE,HPP,300.000000000,333.369913239,FULL_DRAIN,AnyLogic,8.9.9.202607020720,NOT_CALIBRATED,COMPARATIVE_WHAT_IF_ONLY,PENDING_VALIDATION,COMPLETE
1.0,OP_AVAIL_EXACT95_LOW_CAPACITY_AVAIL_IMMIGRATION_MINUS_3,adddb2957e2ff950388b3585d73083e35714c7580c83d613a5983ffb1effca18,TASK3_OPERATIONAL_POOLED_V1,CAPACITY_AVAIL_IMMIGRATION_MINUS_3,CAPACITY,REFERENCE_ASSUMPTION_SANDBOX_V1,LOCAL_WINDOW_HPP_EXACT95_LOW,19,202607290000,202608290191,202608290192,202608290193,202608290194,EMPTY_AND_IDLE,HPP,300.000000000,334.345704763,FULL_DRAIN,AnyLogic,8.9.9.202607020720,NOT_CALIBRATED,COMPARATIVE_WHAT_IF_ONLY,PENDING_VALIDATION,COMPLETE
1.0,OP_AVAIL_EXACT95_LOW_CAPACITY_AVAIL_IMMIGRATION_MINUS_3,adddb2957e2ff950388b3585d73083e35714c7580c83d613a5983ffb1effca18,TASK3_OPERATIONAL_POOLED_V1,CAPACITY_AVAIL_IMMIGRATION_MINUS_3,CAPACITY,REFERENCE_ASSUMPTION_SANDBOX_V1,LOCAL_WINDOW_HPP_EXACT95_LOW,20,202607290000,202608290201,202608290202,202608290203,202608290204,EMPTY_AND_IDLE,HPP,300.000000000,333.059981036,FULL_DRAIN,AnyLogic,8.9.9.202607020720,NOT_CALIBRATED,COMPARATIVE_WHAT_IF_ONLY,PENDING_VALIDATION,COMPLETE
1.0,OP_AVAIL_EXACT95_LOW_CAPACITY_AVAIL_IMMIGRATION_MINUS_3,adddb2957e2ff950388b3585d73083e35714c7580c83d613a5983ffb1effca18,TASK3_OPERATIONAL_POOLED_V1,CAPACITY_AVAIL_IMMIGRATION_MINUS_3,CAPACITY,REFERENCE_ASSUMPTION_SANDBOX_V1,LOCAL_WINDOW_HPP_EXACT95_LOW,21,202607290000,202608290211,202608290212,202608290213,202608290214,EMPTY_AND_IDLE,HPP,300.000000000,334.383882730,FULL_DRAIN,AnyLogic,8.9.9.202607020720,NOT_CALIBRATED,COMPARATIVE_WHAT_IF_ONLY,PENDING_VALIDATION,COMPLETE
1.0,OP_AVAIL_EXACT95_LOW_CAPACITY_AVAIL_IMMIGRATION_MINUS_3,adddb2957e2ff950388b3585d73083e35714c7580c83d613a5983ffb1effca18,TASK3_OPERATIONAL_POOLED_V1,CAPACITY_AVAIL_IMMIGRATION_MINUS_3,CAPACITY,REFERENCE_ASSUMPTION_SANDBOX_V1,LOCAL_WINDOW_HPP_EXACT95_LOW,22,202607290000,202608290221,202608290222,202608290223,202608290224,EMPTY_AND_IDLE,HPP,300.000000000,336.567106151,FULL_DRAIN,AnyLogic,8.9.9.202607020720,NOT_CALIBRATED,COMPARATIVE_WHAT_IF_ONLY,PENDING_VALIDATION,COMPLETE
1.0,OP_AVAIL_EXACT95_LOW_CAPACITY_AVAIL_IMMIGRATION_MINUS_3,adddb2957e2ff950388b3585d73083e35714c7580c83d613a5983ffb1effca18,TASK3_OPERATIONAL_POOLED_V1,CAPACITY_AVAIL_IMMIGRATION_MINUS_3,CAPACITY,REFERENCE_ASSUMPTION_SANDBOX_V1,LOCAL_WINDOW_HPP_EXACT95_LOW,23,202607290000,202608290231,202608290232,202608290233,202608290234,EMPTY_AND_IDLE,HPP,300.000000000,333.884950245,FULL_DRAIN,AnyLogic,8.9.9.202607020720,NOT_CALIBRATED,COMPARATIVE_WHAT_IF_ONLY,PENDING_VALIDATION,COMPLETE
1.0,OP_AVAIL_EXACT95_LOW_CAPACITY_AVAIL_IMMIGRATION_MINUS_3,adddb2957e2ff950388b3585d73083e35714c7580c83d613a5983ffb1effca18,TASK3_OPERATIONAL_POOLED_V1,CAPACITY_AVAIL_IMMIGRATION_MINUS_3,CAPACITY,REFERENCE_ASSUMPTION_SANDBOX_V1,LOCAL_WINDOW_HPP_EXACT95_LOW,24,202607290000,202608290241,202608290242,202608290243,202608290244,EMPTY_AND_IDLE,HPP,300.000000000,335.637443270,FULL_DRAIN,AnyLogic,8.9.9.202607020720,NOT_CALIBRATED,COMPARATIVE_WHAT_IF_ONLY,PENDING_VALIDATION,COMPLETE
1.0,OP_AVAIL_EXACT95_LOW_CAPACITY_AVAIL_IMMIGRATION_MINUS_3,adddb2957e2ff950388b3585d73083e35714c7580c83d613a5983ffb1effca18,TASK3_OPERATIONAL_POOLED_V1,CAPACITY_AVAIL_IMMIGRATION_MINUS_3,CAPACITY,REFERENCE_ASSUMPTION_SANDBOX_V1,LOCAL_WINDOW_HPP_EXACT95_LOW,25,202607290000,202608290251,202608290252,202608290253,202608290254,EMPTY_AND_IDLE,HPP,300.000000000,333.803665910,FULL_DRAIN,AnyLogic,8.9.9.202607020720,NOT_CALIBRATED,COMPARATIVE_WHAT_IF_ONLY,PENDING_VALIDATION,COMPLETE
1.0,OP_AVAIL_EXACT95_LOW_CAPACITY_AVAIL_IMMIGRATION_MINUS_3,adddb2957e2ff950388b3585d73083e35714c7580c83d613a5983ffb1effca18,TASK3_OPERATIONAL_POOLED_V1,CAPACITY_AVAIL_IMMIGRATION_MINUS_3,CAPACITY,REFERENCE_ASSUMPTION_SANDBOX_V1,LOCAL_WINDOW_HPP_EXACT95_LOW,26,202607290000,202608290261,202608290262,202608290263,202608290264,EMPTY_AND_IDLE,HPP,300.000000000,334.692628558,FULL_DRAIN,AnyLogic,8.9.9.202607020720,NOT_CALIBRATED,COMPARATIVE_WHAT_IF_ONLY,PENDING_VALIDATION,COMPLETE
1.0,OP_AVAIL_EXACT95_LOW_CAPACITY_AVAIL_IMMIGRATION_MINUS_3,adddb2957e2ff950388b3585d73083e35714c7580c83d613a5983ffb1effca18,TASK3_OPERATIONAL_POOLED_V1,CAPACITY_AVAIL_IMMIGRATION_MINUS_3,CAPACITY,REFERENCE_ASSUMPTION_SANDBOX_V1,LOCAL_WINDOW_HPP_EXACT95_LOW,27,202607290000,202608290271,202608290272,202608290273,202608290274,EMPTY_AND_IDLE,HPP,300.000000000,332.497741530,FULL_DRAIN,AnyLogic,8.9.9.202607020720,NOT_CALIBRATED,COMPARATIVE_WHAT_IF_ONLY,PENDING_VALIDATION,COMPLETE
1.0,OP_AVAIL_EXACT95_LOW_CAPACITY_AVAIL_IMMIGRATION_MINUS_3,adddb2957e2ff950388b3585d73083e35714c7580c83d613a5983ffb1effca18,TASK3_OPERATIONAL_POOLED_V1,CAPACITY_AVAIL_IMMIGRATION_MINUS_3,CAPACITY,REFERENCE_ASSUMPTION_SANDBOX_V1,LOCAL_WINDOW_HPP_EXACT95_LOW,28,202607290000,202608290281,202608290282,202608290283,202608290284,EMPTY_AND_IDLE,HPP,300.000000000,334.557393197,FULL_DRAIN,AnyLogic,8.9.9.202607020720,NOT_CALIBRATED,COMPARATIVE_WHAT_IF_ONLY,PENDING_VALIDATION,COMPLETE
1.0,OP_AVAIL_EXACT95_LOW_CAPACITY_AVAIL_IMMIGRATION_MINUS_3,adddb2957e2ff950388b3585d73083e35714c7580c83d613a5983ffb1effca18,TASK3_OPERATIONAL_POOLED_V1,CAPACITY_AVAIL_IMMIGRATION_MINUS_3,CAPACITY,REFERENCE_ASSUMPTION_SANDBOX_V1,LOCAL_WINDOW_HPP_EXACT95_LOW,29,202607290000,202608290291,202608290292,202608290293,202608290294,EMPTY_AND_IDLE,HPP,300.000000000,334.055309304,FULL_DRAIN,AnyLogic,8.9.9.202607020720,NOT_CALIBRATED,COMPARATIVE_WHAT_IF_ONLY,PENDING_VALIDATION,COMPLETE
1.0,OP_AVAIL_EXACT95_LOW_CAPACITY_AVAIL_IMMIGRATION_MINUS_3,adddb2957e2ff950388b3585d73083e35714c7580c83d613a5983ffb1effca18,TASK3_OPERATIONAL_POOLED_V1,CAPACITY_AVAIL_IMMIGRATION_MINUS_3,CAPACITY,REFERENCE_ASSUMPTION_SANDBOX_V1,LOCAL_WINDOW_HPP_EXACT95_LOW,30,202607290000,202608290301,202608290302,202608290303,202608290304,EMPTY_AND_IDLE,HPP,300.000000000,333.547081962,FULL_DRAIN,AnyLogic,8.9.9.202607020720,NOT_CALIBRATED,COMPARATIVE_WHAT_IF_ONLY,PENDING_VALIDATION,COMPLETE
1.0,OP_AVAIL_EXACT95_LOW_CAPACITY_AVAIL_IMMIGRATION_MINUS_3,adddb2957e2ff950388b3585d73083e35714c7580c83d613a5983ffb1effca18,TASK3_OPERATIONAL_POOLED_V1,CAPACITY_AVAIL_IMMIGRATION_MINUS_3,CAPACITY,REFERENCE_ASSUMPTION_SANDBOX_V1,LOCAL_WINDOW_HPP_EXACT95_LOW,31,202607290000,202608290311,202608290312,202608290313,202608290314,EMPTY_AND_IDLE,HPP,300.000000000,332.500307393,FULL_DRAIN,AnyLogic,8.9.9.202607020720,NOT_CALIBRATED,COMPARATIVE_WHAT_IF_ONLY,PENDING_VALIDATION,COMPLETE
1.0,OP_AVAIL_EXACT95_LOW_CAPACITY_AVAIL_IMMIGRATION_MINUS_3,adddb2957e2ff950388b3585d73083e35714c7580c83d613a5983ffb1effca18,TASK3_OPERATIONAL_POOLED_V1,CAPACITY_AVAIL_IMMIGRATION_MINUS_3,CAPACITY,REFERENCE_ASSUMPTION_SANDBOX_V1,LOCAL_WINDOW_HPP_EXACT95_LOW,32,202607290000,202608290321,202608290322,202608290323,202608290324,EMPTY_AND_IDLE,HPP,300.000000000,335.188766742,FULL_DRAIN,AnyLogic,8.9.9.202607020720,NOT_CALIBRATED,COMPARATIVE_WHAT_IF_ONLY,PENDING_VALIDATION,COMPLETE
1.0,OP_AVAIL_EXACT95_LOW_CAPACITY_AVAIL_IMMIGRATION_MINUS_3,adddb2957e2ff950388b3585d73083e35714c7580c83d613a5983ffb1effca18,TASK3_OPERATIONAL_POOLED_V1,CAPACITY_AVAIL_IMMIGRATION_MINUS_3,CAPACITY,REFERENCE_ASSUMPTION_SANDBOX_V1,LOCAL_WINDOW_HPP_EXACT95_LOW,33,202607290000,202608290331,202608290332,202608290333,202608290334,EMPTY_AND_IDLE,HPP,300.000000000,333.353517328,FULL_DRAIN,AnyLogic,8.9.9.202607020720,NOT_CALIBRATED,COMPARATIVE_WHAT_IF_ONLY,PENDING_VALIDATION,COMPLETE
1.0,OP_AVAIL_EXACT95_LOW_CAPACITY_AVAIL_IMMIGRATION_MINUS_3,adddb2957e2ff950388b3585d73083e35714c7580c83d613a5983ffb1effca18,TASK3_OPERATIONAL_POOLED_V1,CAPACITY_AVAIL_IMMIGRATION_MINUS_3,CAPACITY,REFERENCE_ASSUMPTION_SANDBOX_V1,LOCAL_WINDOW_HPP_EXACT95_LOW,34,202607290000,202608290341,202608290342,202608290343,202608290344,EMPTY_AND_IDLE,HPP,300.000000000,333.918653247,FULL_DRAIN,AnyLogic,8.9.9.202607020720,NOT_CALIBRATED,COMPARATIVE_WHAT_IF_ONLY,PENDING_VALIDATION,COMPLETE
1.0,OP_AVAIL_EXACT95_LOW_CAPACITY_AVAIL_IMMIGRATION_MINUS_3,adddb2957e2ff950388b3585d73083e35714c7580c83d613a5983ffb1effca18,TASK3_OPERATIONAL_POOLED_V1,CAPACITY_AVAIL_IMMIGRATION_MINUS_3,CAPACITY,REFERENCE_ASSUMPTION_SANDBOX_V1,LOCAL_WINDOW_HPP_EXACT95_LOW,35,202607290000,202608290351,202608290352,202608290353,202608290354,EMPTY_AND_IDLE,HPP,300.000000000,334.031797309,FULL_DRAIN,AnyLogic,8.9.9.202607020720,NOT_CALIBRATED,COMPARATIVE_WHAT_IF_ONLY,PENDING_VALIDATION,COMPLETE
1.0,OP_AVAIL_EXACT95_LOW_CAPACITY_AVAIL_IMMIGRATION_MINUS_3,adddb2957e2ff950388b3585d73083e35714c7580c83d613a5983ffb1effca18,TASK3_OPERATIONAL_POOLED_V1,CAPACITY_AVAIL_IMMIGRATION_MINUS_3,CAPACITY,REFERENCE_ASSUMPTION_SANDBOX_V1,LOCAL_WINDOW_HPP_EXACT95_LOW,36,202607290000,202608290361,202608290362,202608290363,202608290364,EMPTY_AND_IDLE,HPP,300.000000000,334.046219248,FULL_DRAIN,AnyLogic,8.9.9.202607020720,NOT_CALIBRATED,COMPARATIVE_WHAT_IF_ONLY,PENDING_VALIDATION,COMPLETE
1.0,OP_AVAIL_EXACT95_LOW_CAPACITY_AVAIL_IMMIGRATION_MINUS_3,adddb2957e2ff950388b3585d73083e35714c7580c83d613a5983ffb1effca18,TASK3_OPERATIONAL_POOLED_V1,CAPACITY_AVAIL_IMMIGRATION_MINUS_3,CAPACITY,REFERENCE_ASSUMPTION_SANDBOX_V1,LOCAL_WINDOW_HPP_EXACT95_LOW,37,202607290000,202608290371,202608290372,202608290373,202608290374,EMPTY_AND_IDLE,HPP,300.000000000,334.078766339,FULL_DRAIN,AnyLogic,8.9.9.202607020720,NOT_CALIBRATED,COMPARATIVE_WHAT_IF_ONLY,PENDING_VALIDATION,COMPLETE
1.0,OP_AVAIL_EXACT95_LOW_CAPACITY_AVAIL_IMMIGRATION_MINUS_3,adddb2957e2ff950388b3585d73083e35714c7580c83d613a5983ffb1effca18,TASK3_OPERATIONAL_POOLED_V1,CAPACITY_AVAIL_IMMIGRATION_MINUS_3,CAPACITY,REFERENCE_ASSUMPTION_SANDBOX_V1,LOCAL_WINDOW_HPP_EXACT95_LOW,38,202607290000,202608290381,202608290382,202608290383,202608290384,EMPTY_AND_IDLE,HPP,300.000000000,333.973818889,FULL_DRAIN,AnyLogic,8.9.9.202607020720,NOT_CALIBRATED,COMPARATIVE_WHAT_IF_ONLY,PENDING_VALIDATION,COMPLETE
1.0,OP_AVAIL_EXACT95_LOW_CAPACITY_AVAIL_IMMIGRATION_MINUS_3,adddb2957e2ff950388b3585d73083e35714c7580c83d613a5983ffb1effca18,TASK3_OPERATIONAL_POOLED_V1,CAPACITY_AVAIL_IMMIGRATION_MINUS_3,CAPACITY,REFERENCE_ASSUMPTION_SANDBOX_V1,LOCAL_WINDOW_HPP_EXACT95_LOW,39,202607290000,202608290391,202608290392,202608290393,202608290394,EMPTY_AND_IDLE,HPP,300.000000000,333.227369168,FULL_DRAIN,AnyLogic,8.9.9.202607020720,NOT_CALIBRATED,COMPARATIVE_WHAT_IF_ONLY,PENDING_VALIDATION,COMPLETE
1.0,OP_AVAIL_EXACT95_LOW_CAPACITY_AVAIL_IMMIGRATION_MINUS_3,adddb2957e2ff950388b3585d73083e35714c7580c83d613a5983ffb1effca18,TASK3_OPERATIONAL_POOLED_V1,CAPACITY_AVAIL_IMMIGRATION_MINUS_3,CAPACITY,REFERENCE_ASSUMPTION_SANDBOX_V1,LOCAL_WINDOW_HPP_EXACT95_LOW,40,202607290000,202608290401,202608290402,202608290403,202608290404,EMPTY_AND_IDLE,HPP,300.000000000,334.470914622,FULL_DRAIN,AnyLogic,8.9.9.202607020720,NOT_CALIBRATED,COMPARATIVE_WHAT_IF_ONLY,PENDING_VALIDATION,COMPLETE
1.0,OP_AVAIL_EXACT95_LOW_CAPACITY_AVAIL_IMMIGRATION_MINUS_3,adddb2957e2ff950388b3585d73083e35714c7580c83d613a5983ffb1effca18,TASK3_OPERATIONAL_POOLED_V1,CAPACITY_AVAIL_IMMIGRATION_MINUS_3,CAPACITY,REFERENCE_ASSUMPTION_SANDBOX_V1,LOCAL_WINDOW_HPP_EXACT95_LOW,41,202607290000,202608290411,202608290412,202608290413,202608290414,EMPTY_AND_IDLE,HPP,300.000000000,334.039386969,FULL_DRAIN,AnyLogic,8.9.9.202607020720,NOT_CALIBRATED,COMPARATIVE_WHAT_IF_ONLY,PENDING_VALIDATION,COMPLETE
1.0,OP_AVAIL_EXACT95_LOW_CAPACITY_AVAIL_IMMIGRATION_MINUS_3,adddb2957e2ff950388b3585d73083e35714c7580c83d613a5983ffb1effca18,TASK3_OPERATIONAL_POOLED_V1,CAPACITY_AVAIL_IMMIGRATION_MINUS_3,CAPACITY,REFERENCE_ASSUMPTION_SANDBOX_V1,LOCAL_WINDOW_HPP_EXACT95_LOW,42,202607290000,202608290421,202608290422,202608290423,202608290424,EMPTY_AND_IDLE,HPP,300.000000000,334.117691289,FULL_DRAIN,AnyLogic,8.9.9.202607020720,NOT_CALIBRATED,COMPARATIVE_WHAT_IF_ONLY,PENDING_VALIDATION,COMPLETE
1.0,OP_AVAIL_EXACT95_LOW_CAPACITY_AVAIL_IMMIGRATION_MINUS_3,adddb2957e2ff950388b3585d73083e35714c7580c83d613a5983ffb1effca18,TASK3_OPERATIONAL_POOLED_V1,CAPACITY_AVAIL_IMMIGRATION_MINUS_3,CAPACITY,REFERENCE_ASSUMPTION_SANDBOX_V1,LOCAL_WINDOW_HPP_EXACT95_LOW,43,202607290000,202608290431,202608290432,202608290433,202608290434,EMPTY_AND_IDLE,HPP,300.000000000,334.595220486,FULL_DRAIN,AnyLogic,8.9.9.202607020720,NOT_CALIBRATED,COMPARATIVE_WHAT_IF_ONLY,PENDING_VALIDATION,COMPLETE
1.0,OP_AVAIL_EXACT95_LOW_CAPACITY_AVAIL_IMMIGRATION_MINUS_3,adddb2957e2ff950388b3585d73083e35714c7580c83d613a5983ffb1effca18,TASK3_OPERATIONAL_POOLED_V1,CAPACITY_AVAIL_IMMIGRATION_MINUS_3,CAPACITY,REFERENCE_ASSUMPTION_SANDBOX_V1,LOCAL_WINDOW_HPP_EXACT95_LOW,44,202607290000,202608290441,202608290442,202608290443,202608290444,EMPTY_AND_IDLE,HPP,300.000000000,333.612131684,FULL_DRAIN,AnyLogic,8.9.9.202607020720,NOT_CALIBRATED,COMPARATIVE_WHAT_IF_ONLY,PENDING_VALIDATION,COMPLETE
1.0,OP_AVAIL_EXACT95_LOW_CAPACITY_AVAIL_IMMIGRATION_MINUS_3,adddb2957e2ff950388b3585d73083e35714c7580c83d613a5983ffb1effca18,TASK3_OPERATIONAL_POOLED_V1,CAPACITY_AVAIL_IMMIGRATION_MINUS_3,CAPACITY,REFERENCE_ASSUMPTION_SANDBOX_V1,LOCAL_WINDOW_HPP_EXACT95_LOW,45,202607290000,202608290451,202608290452,202608290453,202608290454,EMPTY_AND_IDLE,HPP,300.000000000,335.272545013,FULL_DRAIN,AnyLogic,8.9.9.202607020720,NOT_CALIBRATED,COMPARATIVE_WHAT_IF_ONLY,PENDING_VALIDATION,COMPLETE
1.0,OP_AVAIL_EXACT95_LOW_CAPACITY_AVAIL_IMMIGRATION_MINUS_3,adddb2957e2ff950388b3585d73083e35714c7580c83d613a5983ffb1effca18,TASK3_OPERATIONAL_POOLED_V1,CAPACITY_AVAIL_IMMIGRATION_MINUS_3,CAPACITY,REFERENCE_ASSUMPTION_SANDBOX_V1,LOCAL_WINDOW_HPP_EXACT95_LOW,46,202607290000,202608290461,202608290462,202608290463,202608290464,EMPTY_AND_IDLE,HPP,300.000000000,335.230534980,FULL_DRAIN,AnyLogic,8.9.9.202607020720,NOT_CALIBRATED,COMPARATIVE_WHAT_IF_ONLY,PENDING_VALIDATION,COMPLETE
1.0,OP_AVAIL_EXACT95_LOW_CAPACITY_AVAIL_IMMIGRATION_MINUS_3,adddb2957e2ff950388b3585d73083e35714c7580c83d613a5983ffb1effca18,TASK3_OPERATIONAL_POOLED_V1,CAPACITY_AVAIL_IMMIGRATION_MINUS_3,CAPACITY,REFERENCE_ASSUMPTION_SANDBOX_V1,LOCAL_WINDOW_HPP_EXACT95_LOW,47,202607290000,202608290471,202608290472,202608290473,202608290474,EMPTY_AND_IDLE,HPP,300.000000000,329.184016045,FULL_DRAIN,AnyLogic,8.9.9.202607020720,NOT_CALIBRATED,COMPARATIVE_WHAT_IF_ONLY,PENDING_VALIDATION,COMPLETE
1.0,OP_AVAIL_EXACT95_LOW_CAPACITY_AVAIL_IMMIGRATION_MINUS_3,adddb2957e2ff950388b3585d73083e35714c7580c83d613a5983ffb1effca18,TASK3_OPERATIONAL_POOLED_V1,CAPACITY_AVAIL_IMMIGRATION_MINUS_3,CAPACITY,REFERENCE_ASSUMPTION_SANDBOX_V1,LOCAL_WINDOW_HPP_EXACT95_LOW,48,202607290000,202608290481,202608290482,202608290483,202608290484,EMPTY_AND_IDLE,HPP,300.000000000,334.462782154,FULL_DRAIN,AnyLogic,8.9.9.202607020720,NOT_CALIBRATED,COMPARATIVE_WHAT_IF_ONLY,PENDING_VALIDATION,COMPLETE
1.0,OP_AVAIL_EXACT95_LOW_CAPACITY_AVAIL_IMMIGRATION_MINUS_3,adddb2957e2ff950388b3585d73083e35714c7580c83d613a5983ffb1effca18,TASK3_OPERATIONAL_POOLED_V1,CAPACITY_AVAIL_IMMIGRATION_MINUS_3,CAPACITY,REFERENCE_ASSUMPTION_SANDBOX_V1,LOCAL_WINDOW_HPP_EXACT95_LOW,49,202607290000,202608290491,202608290492,202608290493,202608290494,EMPTY_AND_IDLE,HPP,300.000000000,330.242669127,FULL_DRAIN,AnyLogic,8.9.9.202607020720,NOT_CALIBRATED,COMPARATIVE_WHAT_IF_ONLY,PENDING_VALIDATION,COMPLETE
1.0,OP_AVAIL_EXACT95_LOW_CAPACITY_AVAIL_IMMIGRATION_MINUS_3,adddb2957e2ff950388b3585d73083e35714c7580c83d613a5983ffb1effca18,TASK3_OPERATIONAL_POOLED_V1,CAPACITY_AVAIL_IMMIGRATION_MINUS_3,CAPACITY,REFERENCE_ASSUMPTION_SANDBOX_V1,LOCAL_WINDOW_HPP_EXACT95_LOW,50,202607290000,202608290501,202608290502,202608290503,202608290504,EMPTY_AND_IDLE,HPP,300.000000000,334.204179571,FULL_DRAIN,AnyLogic,8.9.9.202607020720,NOT_CALIBRATED,COMPARATIVE_WHAT_IF_ONLY,PENDING_VALIDATION,COMPLETE
1.0,OP_AVAIL_MLE_BASE_CAPACITY_AVAIL_JOINT_MINUS_4_MINUS_3,7071f2692250bebc24fff2d420e42302f29c9fdd5e46636e2e812df089e0568a,TASK3_OPERATIONAL_POOLED_V1,CAPACITY_AVAIL_JOINT_MINUS_4_MINUS_3,CAPACITY,REFERENCE_ASSUMPTION_SANDBOX_V1,LOCAL_WINDOW_HPP_BASE,1,202607290000,202609290011,202609290012,202609290013,202609290014,EMPTY_AND_IDLE,HPP,300.000000000,334.854323649,FULL_DRAIN,AnyLogic,8.9.9.202607020720,NOT_CALIBRATED,COMPARATIVE_WHAT_IF_ONLY,PENDING_VALIDATION,COMPLETE
1.0,OP_AVAIL_MLE_BASE_CAPACITY_AVAIL_JOINT_MINUS_4_MINUS_3,7071f2692250bebc24fff2d420e42302f29c9fdd5e46636e2e812df089e0568a,TASK3_OPERATIONAL_POOLED_V1,CAPACITY_AVAIL_JOINT_MINUS_4_MINUS_3,CAPACITY,REFERENCE_ASSUMPTION_SANDBOX_V1,LOCAL_WINDOW_HPP_BASE,2,202607290000,202609290021,202609290022,202609290023,202609290024,EMPTY_AND_IDLE,HPP,300.000000000,353.943303908,FULL_DRAIN,AnyLogic,8.9.9.202607020720,NOT_CALIBRATED,COMPARATIVE_WHAT_IF_ONLY,PENDING_VALIDATION,COMPLETE
1.0,OP_AVAIL_MLE_BASE_CAPACITY_AVAIL_JOINT_MINUS_4_MINUS_3,7071f2692250bebc24fff2d420e42302f29c9fdd5e46636e2e812df089e0568a,TASK3_OPERATIONAL_POOLED_V1,CAPACITY_AVAIL_JOINT_MINUS_4_MINUS_3,CAPACITY,REFERENCE_ASSUMPTION_SANDBOX_V1,LOCAL_WINDOW_HPP_BASE,3,202607290000,202609290031,202609290032,202609290033,202609290034,EMPTY_AND_IDLE,HPP,300.000000000,334.760392420,FULL_DRAIN,AnyLogic,8.9.9.202607020720,NOT_CALIBRATED,COMPARATIVE_WHAT_IF_ONLY,PENDING_VALIDATION,COMPLETE
1.0,OP_AVAIL_MLE_BASE_CAPACITY_AVAIL_JOINT_MINUS_4_MINUS_3,7071f2692250bebc24fff2d420e42302f29c9fdd5e46636e2e812df089e0568a,TASK3_OPERATIONAL_POOLED_V1,CAPACITY_AVAIL_JOINT_MINUS_4_MINUS_3,CAPACITY,REFERENCE_ASSUMPTION_SANDBOX_V1,LOCAL_WINDOW_HPP_BASE,4,202607290000,202609290041,202609290042,202609290043,202609290044,EMPTY_AND_IDLE,HPP,300.000000000,344.663925773,FULL_DRAIN,AnyLogic,8.9.9.202607020720,NOT_CALIBRATED,COMPARATIVE_WHAT_IF_ONLY,PENDING_VALIDATION,COMPLETE
1.0,OP_AVAIL_MLE_BASE_CAPACITY_AVAIL_JOINT_MINUS_4_MINUS_3,7071f2692250bebc24fff2d420e42302f29c9fdd5e46636e2e812df089e0568a,TASK3_OPERATIONAL_POOLED_V1,CAPACITY_AVAIL_JOINT_MINUS_4_MINUS_3,CAPACITY,REFERENCE_ASSUMPTION_SANDBOX_V1,LOCAL_WINDOW_HPP_BASE,5,202607290000,202609290051,202609290052,202609290053,202609290054,EMPTY_AND_IDLE,HPP,300.000000000,333.557018640,FULL_DRAIN,AnyLogic,8.9.9.202607020720,NOT_CALIBRATED,COMPARATIVE_WHAT_IF_ONLY,PENDING_VALIDATION,COMPLETE
1.0,OP_AVAIL_MLE_BASE_CAPACITY_AVAIL_JOINT_MINUS_4_MINUS_3,7071f2692250bebc24fff2d420e42302f29c9fdd5e46636e2e812df089e0568a,TASK3_OPERATIONAL_POOLED_V1,CAPACITY_AVAIL_JOINT_MINUS_4_MINUS_3,CAPACITY,REFERENCE_ASSUMPTION_SANDBOX_V1,LOCAL_WINDOW_HPP_BASE,6,202607290000,202609290061,202609290062,202609290063,202609290064,EMPTY_AND_IDLE,HPP,300.000000000,346.321962930,FULL_DRAIN,AnyLogic,8.9.9.202607020720,NOT_CALIBRATED,COMPARATIVE_WHAT_IF_ONLY,PENDING_VALIDATION,COMPLETE
1.0,OP_AVAIL_MLE_BASE_CAPACITY_AVAIL_JOINT_MINUS_4_MINUS_3,7071f2692250bebc24fff2d420e42302f29c9fdd5e46636e2e812df089e0568a,TASK3_OPERATIONAL_POOLED_V1,CAPACITY_AVAIL_JOINT_MINUS_4_MINUS_3,CAPACITY,REFERENCE_ASSUMPTION_SANDBOX_V1,LOCAL_WINDOW_HPP_BASE,7,202607290000,202609290071,202609290072,202609290073,202609290074,EMPTY_AND_IDLE,HPP,300.000000000,339.866615257,FULL_DRAIN,AnyLogic,8.9.9.202607020720,NOT_CALIBRATED,COMPARATIVE_WHAT_IF_ONLY,PENDING_VALIDATION,COMPLETE
1.0,OP_AVAIL_MLE_BASE_CAPACITY_AVAIL_JOINT_MINUS_4_MINUS_3,7071f2692250bebc24fff2d420e42302f29c9fdd5e46636e2e812df089e0568a,TASK3_OPERATIONAL_POOLED_V1,CAPACITY_AVAIL_JOINT_MINUS_4_MINUS_3,CAPACITY,REFERENCE_ASSUMPTION_SANDBOX_V1,LOCAL_WINDOW_HPP_BASE,8,202607290000,202609290081,202609290082,202609290083,202609290084,EMPTY_AND_IDLE,HPP,300.000000000,353.825816755,FULL_DRAIN,AnyLogic,8.9.9.202607020720,NOT_CALIBRATED,COMPARATIVE_WHAT_IF_ONLY,PENDING_VALIDATION,COMPLETE
1.0,OP_AVAIL_MLE_BASE_CAPACITY_AVAIL_JOINT_MINUS_4_MINUS_3,7071f2692250bebc24fff2d420e42302f29c9fdd5e46636e2e812df089e0568a,TASK3_OPERATIONAL_POOLED_V1,CAPACITY_AVAIL_JOINT_MINUS_4_MINUS_3,CAPACITY,REFERENCE_ASSUMPTION_SANDBOX_V1,LOCAL_WINDOW_HPP_BASE,9,202607290000,202609290091,202609290092,202609290093,202609290094,EMPTY_AND_IDLE,HPP,300.000000000,337.741384818,FULL_DRAIN,AnyLogic,8.9.9.202607020720,NOT_CALIBRATED,COMPARATIVE_WHAT_IF_ONLY,PENDING_VALIDATION,COMPLETE
1.0,OP_AVAIL_MLE_BASE_CAPACITY_AVAIL_JOINT_MINUS_4_MINUS_3,7071f2692250bebc24fff2d420e42302f29c9fdd5e46636e2e812df089e0568a,TASK3_OPERATIONAL_POOLED_V1,CAPACITY_AVAIL_JOINT_MINUS_4_MINUS_3,CAPACITY,REFERENCE_ASSUMPTION_SANDBOX_V1,LOCAL_WINDOW_HPP_BASE,10,202607290000,202609290101,202609290102,202609290103,202609290104,EMPTY_AND_IDLE,HPP,300.000000000,336.189013621,FULL_DRAIN,AnyLogic,8.9.9.202607020720,NOT_CALIBRATED,COMPARATIVE_WHAT_IF_ONLY,PENDING_VALIDATION,COMPLETE
1.0,OP_AVAIL_MLE_BASE_CAPACITY_AVAIL_JOINT_MINUS_4_MINUS_3,7071f2692250bebc24fff2d420e42302f29c9fdd5e46636e2e812df089e0568a,TASK3_OPERATIONAL_POOLED_V1,CAPACITY_AVAIL_JOINT_MINUS_4_MINUS_3,CAPACITY,REFERENCE_ASSUMPTION_SANDBOX_V1,LOCAL_WINDOW_HPP_BASE,11,202607290000,202609290111,202609290112,202609290113,202609290114,EMPTY_AND_IDLE,HPP,300.000000000,334.795505588,FULL_DRAIN,AnyLogic,8.9.9.202607020720,NOT_CALIBRATED,COMPARATIVE_WHAT_IF_ONLY,PENDING_VALIDATION,COMPLETE
1.0,OP_AVAIL_MLE_BASE_CAPACITY_AVAIL_JOINT_MINUS_4_MINUS_3,7071f2692250bebc24fff2d420e42302f29c9fdd5e46636e2e812df089e0568a,TASK3_OPERATIONAL_POOLED_V1,CAPACITY_AVAIL_JOINT_MINUS_4_MINUS_3,CAPACITY,REFERENCE_ASSUMPTION_SANDBOX_V1,LOCAL_WINDOW_HPP_BASE,12,202607290000,202609290121,202609290122,202609290123,202609290124,EMPTY_AND_IDLE,HPP,300.000000000,346.243858147,FULL_DRAIN,AnyLogic,8.9.9.202607020720,NOT_CALIBRATED,COMPARATIVE_WHAT_IF_ONLY,PENDING_VALIDATION,COMPLETE
1.0,OP_AVAIL_MLE_BASE_CAPACITY_AVAIL_JOINT_MINUS_4_MINUS_3,7071f2692250bebc24fff2d420e42302f29c9fdd5e46636e2e812df089e0568a,TASK3_OPERATIONAL_POOLED_V1,CAPACITY_AVAIL_JOINT_MINUS_4_MINUS_3,CAPACITY,REFERENCE_ASSUMPTION_SANDBOX_V1,LOCAL_WINDOW_HPP_BASE,13,202607290000,202609290131,202609290132,202609290133,202609290134,EMPTY_AND_IDLE,HPP,300.000000000,363.994850644,FULL_DRAIN,AnyLogic,8.9.9.202607020720,NOT_CALIBRATED,COMPARATIVE_WHAT_IF_ONLY,PENDING_VALIDATION,COMPLETE
1.0,OP_AVAIL_MLE_BASE_CAPACITY_AVAIL_JOINT_MINUS_4_MINUS_3,7071f2692250bebc24fff2d420e42302f29c9fdd5e46636e2e812df089e0568a,TASK3_OPERATIONAL_POOLED_V1,CAPACITY_AVAIL_JOINT_MINUS_4_MINUS_3,CAPACITY,REFERENCE_ASSUMPTION_SANDBOX_V1,LOCAL_WINDOW_HPP_BASE,14,202607290000,202609290141,202609290142,202609290143,202609290144,EMPTY_AND_IDLE,HPP,300.000000000,333.719484820,FULL_DRAIN,AnyLogic,8.9.9.202607020720,NOT_CALIBRATED,COMPARATIVE_WHAT_IF_ONLY,PENDING_VALIDATION,COMPLETE
1.0,OP_AVAIL_MLE_BASE_CAPACITY_AVAIL_JOINT_MINUS_4_MINUS_3,7071f2692250bebc24fff2d420e42302f29c9fdd5e46636e2e812df089e0568a,TASK3_OPERATIONAL_POOLED_V1,CAPACITY_AVAIL_JOINT_MINUS_4_MINUS_3,CAPACITY,REFERENCE_ASSUMPTION_SANDBOX_V1,LOCAL_WINDOW_HPP_BASE,15,202607290000,202609290151,202609290152,202609290153,202609290154,EMPTY_AND_IDLE,HPP,300.000000000,334.257636044,FULL_DRAIN,AnyLogic,8.9.9.202607020720,NOT_CALIBRATED,COMPARATIVE_WHAT_IF_ONLY,PENDING_VALIDATION,COMPLETE
1.0,OP_AVAIL_MLE_BASE_CAPACITY_AVAIL_JOINT_MINUS_4_MINUS_3,7071f2692250bebc24fff2d420e42302f29c9fdd5e46636e2e812df089e0568a,TASK3_OPERATIONAL_POOLED_V1,CAPACITY_AVAIL_JOINT_MINUS_4_MINUS_3,CAPACITY,REFERENCE_ASSUMPTION_SANDBOX_V1,LOCAL_WINDOW_HPP_BASE,16,202607290000,202609290161,202609290162,202609290163,202609290164,EMPTY_AND_IDLE,HPP,300.000000000,347.236135759,FULL_DRAIN,AnyLogic,8.9.9.202607020720,NOT_CALIBRATED,COMPARATIVE_WHAT_IF_ONLY,PENDING_VALIDATION,COMPLETE
1.0,OP_AVAIL_MLE_BASE_CAPACITY_AVAIL_JOINT_MINUS_4_MINUS_3,7071f2692250bebc24fff2d420e42302f29c9fdd5e46636e2e812df089e0568a,TASK3_OPERATIONAL_POOLED_V1,CAPACITY_AVAIL_JOINT_MINUS_4_MINUS_3,CAPACITY,REFERENCE_ASSUMPTION_SANDBOX_V1,LOCAL_WINDOW_HPP_BASE,17,202607290000,202609290171,202609290172,202609290173,202609290174,EMPTY_AND_IDLE,HPP,300.000000000,350.573784907,FULL_DRAIN,AnyLogic,8.9.9.202607020720,NOT_CALIBRATED,COMPARATIVE_WHAT_IF_ONLY,PENDING_VALIDATION,COMPLETE
1.0,OP_AVAIL_MLE_BASE_CAPACITY_AVAIL_JOINT_MINUS_4_MINUS_3,7071f2692250bebc24fff2d420e42302f29c9fdd5e46636e2e812df089e0568a,TASK3_OPERATIONAL_POOLED_V1,CAPACITY_AVAIL_JOINT_MINUS_4_MINUS_3,CAPACITY,REFERENCE_ASSUMPTION_SANDBOX_V1,LOCAL_WINDOW_HPP_BASE,18,202607290000,202609290181,202609290182,202609290183,202609290184,EMPTY_AND_IDLE,HPP,300.000000000,343.342444453,FULL_DRAIN,AnyLogic,8.9.9.202607020720,NOT_CALIBRATED,COMPARATIVE_WHAT_IF_ONLY,PENDING_VALIDATION,COMPLETE
1.0,OP_AVAIL_MLE_BASE_CAPACITY_AVAIL_JOINT_MINUS_4_MINUS_3,7071f2692250bebc24fff2d420e42302f29c9fdd5e46636e2e812df089e0568a,TASK3_OPERATIONAL_POOLED_V1,CAPACITY_AVAIL_JOINT_MINUS_4_MINUS_3,CAPACITY,REFERENCE_ASSUMPTION_SANDBOX_V1,LOCAL_WINDOW_HPP_BASE,19,202607290000,202609290191,202609290192,202609290193,202609290194,EMPTY_AND_IDLE,HPP,300.000000000,361.027069672,FULL_DRAIN,AnyLogic,8.9.9.202607020720,NOT_CALIBRATED,COMPARATIVE_WHAT_IF_ONLY,PENDING_VALIDATION,COMPLETE
1.0,OP_AVAIL_MLE_BASE_CAPACITY_AVAIL_JOINT_MINUS_4_MINUS_3,7071f2692250bebc24fff2d420e42302f29c9fdd5e46636e2e812df089e0568a,TASK3_OPERATIONAL_POOLED_V1,CAPACITY_AVAIL_JOINT_MINUS_4_MINUS_3,CAPACITY,REFERENCE_ASSUMPTION_SANDBOX_V1,LOCAL_WINDOW_HPP_BASE,20,202607290000,202609290201,202609290202,202609290203,202609290204,EMPTY_AND_IDLE,HPP,300.000000000,339.280402270,FULL_DRAIN,AnyLogic,8.9.9.202607020720,NOT_CALIBRATED,COMPARATIVE_WHAT_IF_ONLY,PENDING_VALIDATION,COMPLETE
1.0,OP_AVAIL_MLE_BASE_CAPACITY_AVAIL_JOINT_MINUS_4_MINUS_3,7071f2692250bebc24fff2d420e42302f29c9fdd5e46636e2e812df089e0568a,TASK3_OPERATIONAL_POOLED_V1,CAPACITY_AVAIL_JOINT_MINUS_4_MINUS_3,CAPACITY,REFERENCE_ASSUMPTION_SANDBOX_V1,LOCAL_WINDOW_HPP_BASE,21,202607290000,202609290211,202609290212,202609290213,202609290214,EMPTY_AND_IDLE,HPP,300.000000000,354.162995222,FULL_DRAIN,AnyLogic,8.9.9.202607020720,NOT_CALIBRATED,COMPARATIVE_WHAT_IF_ONLY,PENDING_VALIDATION,COMPLETE
1.0,OP_AVAIL_MLE_BASE_CAPACITY_AVAIL_JOINT_MINUS_4_MINUS_3,7071f2692250bebc24fff2d420e42302f29c9fdd5e46636e2e812df089e0568a,TASK3_OPERATIONAL_POOLED_V1,CAPACITY_AVAIL_JOINT_MINUS_4_MINUS_3,CAPACITY,REFERENCE_ASSUMPTION_SANDBOX_V1,LOCAL_WINDOW_HPP_BASE,22,202607290000,202609290221,202609290222,202609290223,202609290224,EMPTY_AND_IDLE,HPP,300.000000000,335.352518491,FULL_DRAIN,AnyLogic,8.9.9.202607020720,NOT_CALIBRATED,COMPARATIVE_WHAT_IF_ONLY,PENDING_VALIDATION,COMPLETE
1.0,OP_AVAIL_MLE_BASE_CAPACITY_AVAIL_JOINT_MINUS_4_MINUS_3,7071f2692250bebc24fff2d420e42302f29c9fdd5e46636e2e812df089e0568a,TASK3_OPERATIONAL_POOLED_V1,CAPACITY_AVAIL_JOINT_MINUS_4_MINUS_3,CAPACITY,REFERENCE_ASSUMPTION_SANDBOX_V1,LOCAL_WINDOW_HPP_BASE,23,202607290000,202609290231,202609290232,202609290233,202609290234,EMPTY_AND_IDLE,HPP,300.000000000,351.331844884,FULL_DRAIN,AnyLogic,8.9.9.202607020720,NOT_CALIBRATED,COMPARATIVE_WHAT_IF_ONLY,PENDING_VALIDATION,COMPLETE
1.0,OP_AVAIL_MLE_BASE_CAPACITY_AVAIL_JOINT_MINUS_4_MINUS_3,7071f2692250bebc24fff2d420e42302f29c9fdd5e46636e2e812df089e0568a,TASK3_OPERATIONAL_POOLED_V1,CAPACITY_AVAIL_JOINT_MINUS_4_MINUS_3,CAPACITY,REFERENCE_ASSUMPTION_SANDBOX_V1,LOCAL_WINDOW_HPP_BASE,24,202607290000,202609290241,202609290242,202609290243,202609290244,EMPTY_AND_IDLE,HPP,300.000000000,343.933393179,FULL_DRAIN,AnyLogic,8.9.9.202607020720,NOT_CALIBRATED,COMPARATIVE_WHAT_IF_ONLY,PENDING_VALIDATION,COMPLETE
1.0,OP_AVAIL_MLE_BASE_CAPACITY_AVAIL_JOINT_MINUS_4_MINUS_3,7071f2692250bebc24fff2d420e42302f29c9fdd5e46636e2e812df089e0568a,TASK3_OPERATIONAL_POOLED_V1,CAPACITY_AVAIL_JOINT_MINUS_4_MINUS_3,CAPACITY,REFERENCE_ASSUMPTION_SANDBOX_V1,LOCAL_WINDOW_HPP_BASE,25,202607290000,202609290251,202609290252,202609290253,202609290254,EMPTY_AND_IDLE,HPP,300.000000000,345.497586915,FULL_DRAIN,AnyLogic,8.9.9.202607020720,NOT_CALIBRATED,COMPARATIVE_WHAT_IF_ONLY,PENDING_VALIDATION,COMPLETE
1.0,OP_AVAIL_MLE_BASE_CAPACITY_AVAIL_JOINT_MINUS_4_MINUS_3,7071f2692250bebc24fff2d420e42302f29c9fdd5e46636e2e812df089e0568a,TASK3_OPERATIONAL_POOLED_V1,CAPACITY_AVAIL_JOINT_MINUS_4_MINUS_3,CAPACITY,REFERENCE_ASSUMPTION_SANDBOX_V1,LOCAL_WINDOW_HPP_BASE,26,202607290000,202609290261,202609290262,202609290263,202609290264,EMPTY_AND_IDLE,HPP,300.000000000,344.886365373,FULL_DRAIN,AnyLogic,8.9.9.202607020720,NOT_CALIBRATED,COMPARATIVE_WHAT_IF_ONLY,PENDING_VALIDATION,COMPLETE
1.0,OP_AVAIL_MLE_BASE_CAPACITY_AVAIL_JOINT_MINUS_4_MINUS_3,7071f2692250bebc24fff2d420e42302f29c9fdd5e46636e2e812df089e0568a,TASK3_OPERATIONAL_POOLED_V1,CAPACITY_AVAIL_JOINT_MINUS_4_MINUS_3,CAPACITY,REFERENCE_ASSUMPTION_SANDBOX_V1,LOCAL_WINDOW_HPP_BASE,27,202607290000,202609290271,202609290272,202609290273,202609290274,EMPTY_AND_IDLE,HPP,300.000000000,343.057810857,FULL_DRAIN,AnyLogic,8.9.9.202607020720,NOT_CALIBRATED,COMPARATIVE_WHAT_IF_ONLY,PENDING_VALIDATION,COMPLETE
1.0,OP_AVAIL_MLE_BASE_CAPACITY_AVAIL_JOINT_MINUS_4_MINUS_3,7071f2692250bebc24fff2d420e42302f29c9fdd5e46636e2e812df089e0568a,TASK3_OPERATIONAL_POOLED_V1,CAPACITY_AVAIL_JOINT_MINUS_4_MINUS_3,CAPACITY,REFERENCE_ASSUMPTION_SANDBOX_V1,LOCAL_WINDOW_HPP_BASE,28,202607290000,202609290281,202609290282,202609290283,202609290284,EMPTY_AND_IDLE,HPP,300.000000000,341.678126683,FULL_DRAIN,AnyLogic,8.9.9.202607020720,NOT_CALIBRATED,COMPARATIVE_WHAT_IF_ONLY,PENDING_VALIDATION,COMPLETE
1.0,OP_AVAIL_MLE_BASE_CAPACITY_AVAIL_JOINT_MINUS_4_MINUS_3,7071f2692250bebc24fff2d420e42302f29c9fdd5e46636e2e812df089e0568a,TASK3_OPERATIONAL_POOLED_V1,CAPACITY_AVAIL_JOINT_MINUS_4_MINUS_3,CAPACITY,REFERENCE_ASSUMPTION_SANDBOX_V1,LOCAL_WINDOW_HPP_BASE,29,202607290000,202609290291,202609290292,202609290293,202609290294,EMPTY_AND_IDLE,HPP,300.000000000,345.964172658,FULL_DRAIN,AnyLogic,8.9.9.202607020720,NOT_CALIBRATED,COMPARATIVE_WHAT_IF_ONLY,PENDING_VALIDATION,COMPLETE
1.0,OP_AVAIL_MLE_BASE_CAPACITY_AVAIL_JOINT_MINUS_4_MINUS_3,7071f2692250bebc24fff2d420e42302f29c9fdd5e46636e2e812df089e0568a,TASK3_OPERATIONAL_POOLED_V1,CAPACITY_AVAIL_JOINT_MINUS_4_MINUS_3,CAPACITY,REFERENCE_ASSUMPTION_SANDBOX_V1,LOCAL_WINDOW_HPP_BASE,30,202607290000,202609290301,202609290302,202609290303,202609290304,EMPTY_AND_IDLE,HPP,300.000000000,347.522255445,FULL_DRAIN,AnyLogic,8.9.9.202607020720,NOT_CALIBRATED,COMPARATIVE_WHAT_IF_ONLY,PENDING_VALIDATION,COMPLETE
1.0,OP_AVAIL_MLE_BASE_CAPACITY_AVAIL_JOINT_MINUS_4_MINUS_3,7071f2692250bebc24fff2d420e42302f29c9fdd5e46636e2e812df089e0568a,TASK3_OPERATIONAL_POOLED_V1,CAPACITY_AVAIL_JOINT_MINUS_4_MINUS_3,CAPACITY,REFERENCE_ASSUMPTION_SANDBOX_V1,LOCAL_WINDOW_HPP_BASE,31,202607290000,202609290311,202609290312,202609290313,202609290314,EMPTY_AND_IDLE,HPP,300.000000000,345.337290332,FULL_DRAIN,AnyLogic,8.9.9.202607020720,NOT_CALIBRATED,COMPARATIVE_WHAT_IF_ONLY,PENDING_VALIDATION,COMPLETE
1.0,OP_AVAIL_MLE_BASE_CAPACITY_AVAIL_JOINT_MINUS_4_MINUS_3,7071f2692250bebc24fff2d420e42302f29c9fdd5e46636e2e812df089e0568a,TASK3_OPERATIONAL_POOLED_V1,CAPACITY_AVAIL_JOINT_MINUS_4_MINUS_3,CAPACITY,REFERENCE_ASSUMPTION_SANDBOX_V1,LOCAL_WINDOW_HPP_BASE,32,202607290000,202609290321,202609290322,202609290323,202609290324,EMPTY_AND_IDLE,HPP,300.000000000,341.449810648,FULL_DRAIN,AnyLogic,8.9.9.202607020720,NOT_CALIBRATED,COMPARATIVE_WHAT_IF_ONLY,PENDING_VALIDATION,COMPLETE
1.0,OP_AVAIL_MLE_BASE_CAPACITY_AVAIL_JOINT_MINUS_4_MINUS_3,7071f2692250bebc24fff2d420e42302f29c9fdd5e46636e2e812df089e0568a,TASK3_OPERATIONAL_POOLED_V1,CAPACITY_AVAIL_JOINT_MINUS_4_MINUS_3,CAPACITY,REFERENCE_ASSUMPTION_SANDBOX_V1,LOCAL_WINDOW_HPP_BASE,33,202607290000,202609290331,202609290332,202609290333,202609290334,EMPTY_AND_IDLE,HPP,300.000000000,342.828519755,FULL_DRAIN,AnyLogic,8.9.9.202607020720,NOT_CALIBRATED,COMPARATIVE_WHAT_IF_ONLY,PENDING_VALIDATION,COMPLETE
1.0,OP_AVAIL_MLE_BASE_CAPACITY_AVAIL_JOINT_MINUS_4_MINUS_3,7071f2692250bebc24fff2d420e42302f29c9fdd5e46636e2e812df089e0568a,TASK3_OPERATIONAL_POOLED_V1,CAPACITY_AVAIL_JOINT_MINUS_4_MINUS_3,CAPACITY,REFERENCE_ASSUMPTION_SANDBOX_V1,LOCAL_WINDOW_HPP_BASE,34,202607290000,202609290341,202609290342,202609290343,202609290344,EMPTY_AND_IDLE,HPP,300.000000000,347.453048921,FULL_DRAIN,AnyLogic,8.9.9.202607020720,NOT_CALIBRATED,COMPARATIVE_WHAT_IF_ONLY,PENDING_VALIDATION,COMPLETE
1.0,OP_AVAIL_MLE_BASE_CAPACITY_AVAIL_JOINT_MINUS_4_MINUS_3,7071f2692250bebc24fff2d420e42302f29c9fdd5e46636e2e812df089e0568a,TASK3_OPERATIONAL_POOLED_V1,CAPACITY_AVAIL_JOINT_MINUS_4_MINUS_3,CAPACITY,REFERENCE_ASSUMPTION_SANDBOX_V1,LOCAL_WINDOW_HPP_BASE,35,202607290000,202609290351,202609290352,202609290353,202609290354,EMPTY_AND_IDLE,HPP,300.000000000,360.762598077,FULL_DRAIN,AnyLogic,8.9.9.202607020720,NOT_CALIBRATED,COMPARATIVE_WHAT_IF_ONLY,PENDING_VALIDATION,COMPLETE
1.0,OP_AVAIL_MLE_BASE_CAPACITY_AVAIL_JOINT_MINUS_4_MINUS_3,7071f2692250bebc24fff2d420e42302f29c9fdd5e46636e2e812df089e0568a,TASK3_OPERATIONAL_POOLED_V1,CAPACITY_AVAIL_JOINT_MINUS_4_MINUS_3,CAPACITY,REFERENCE_ASSUMPTION_SANDBOX_V1,LOCAL_WINDOW_HPP_BASE,36,202607290000,202609290361,202609290362,202609290363,202609290364,EMPTY_AND_IDLE,HPP,300.000000000,337.485430772,FULL_DRAIN,AnyLogic,8.9.9.202607020720,NOT_CALIBRATED,COMPARATIVE_WHAT_IF_ONLY,PENDING_VALIDATION,COMPLETE
1.0,OP_AVAIL_MLE_BASE_CAPACITY_AVAIL_JOINT_MINUS_4_MINUS_3,7071f2692250bebc24fff2d420e42302f29c9fdd5e46636e2e812df089e0568a,TASK3_OPERATIONAL_POOLED_V1,CAPACITY_AVAIL_JOINT_MINUS_4_MINUS_3,CAPACITY,REFERENCE_ASSUMPTION_SANDBOX_V1,LOCAL_WINDOW_HPP_BASE,37,202607290000,202609290371,202609290372,202609290373,202609290374,EMPTY_AND_IDLE,HPP,300.000000000,339.106219354,FULL_DRAIN,AnyLogic,8.9.9.202607020720,NOT_CALIBRATED,COMPARATIVE_WHAT_IF_ONLY,PENDING_VALIDATION,COMPLETE
1.0,OP_AVAIL_MLE_BASE_CAPACITY_AVAIL_JOINT_MINUS_4_MINUS_3,7071f2692250bebc24fff2d420e42302f29c9fdd5e46636e2e812df089e0568a,TASK3_OPERATIONAL_POOLED_V1,CAPACITY_AVAIL_JOINT_MINUS_4_MINUS_3,CAPACITY,REFERENCE_ASSUMPTION_SANDBOX_V1,LOCAL_WINDOW_HPP_BASE,38,202607290000,202609290381,202609290382,202609290383,202609290384,EMPTY_AND_IDLE,HPP,300.000000000,335.743759459,FULL_DRAIN,AnyLogic,8.9.9.202607020720,NOT_CALIBRATED,COMPARATIVE_WHAT_IF_ONLY,PENDING_VALIDATION,COMPLETE
1.0,OP_AVAIL_MLE_BASE_CAPACITY_AVAIL_JOINT_MINUS_4_MINUS_3,7071f2692250bebc24fff2d420e42302f29c9fdd5e46636e2e812df089e0568a,TASK3_OPERATIONAL_POOLED_V1,CAPACITY_AVAIL_JOINT_MINUS_4_MINUS_3,CAPACITY,REFERENCE_ASSUMPTION_SANDBOX_V1,LOCAL_WINDOW_HPP_BASE,39,202607290000,202609290391,202609290392,202609290393,202609290394,EMPTY_AND_IDLE,HPP,300.000000000,345.214385693,FULL_DRAIN,AnyLogic,8.9.9.202607020720,NOT_CALIBRATED,COMPARATIVE_WHAT_IF_ONLY,PENDING_VALIDATION,COMPLETE
1.0,OP_AVAIL_MLE_BASE_CAPACITY_AVAIL_JOINT_MINUS_4_MINUS_3,7071f2692250bebc24fff2d420e42302f29c9fdd5e46636e2e812df089e0568a,TASK3_OPERATIONAL_POOLED_V1,CAPACITY_AVAIL_JOINT_MINUS_4_MINUS_3,CAPACITY,REFERENCE_ASSUMPTION_SANDBOX_V1,LOCAL_WINDOW_HPP_BASE,40,202607290000,202609290401,202609290402,202609290403,202609290404,EMPTY_AND_IDLE,HPP,300.000000000,343.886767291,FULL_DRAIN,AnyLogic,8.9.9.202607020720,NOT_CALIBRATED,COMPARATIVE_WHAT_IF_ONLY,PENDING_VALIDATION,COMPLETE
1.0,OP_AVAIL_MLE_BASE_CAPACITY_AVAIL_JOINT_MINUS_4_MINUS_3,7071f2692250bebc24fff2d420e42302f29c9fdd5e46636e2e812df089e0568a,TASK3_OPERATIONAL_POOLED_V1,CAPACITY_AVAIL_JOINT_MINUS_4_MINUS_3,CAPACITY,REFERENCE_ASSUMPTION_SANDBOX_V1,LOCAL_WINDOW_HPP_BASE,41,202607290000,202609290411,202609290412,202609290413,202609290414,EMPTY_AND_IDLE,HPP,300.000000000,335.221238276,FULL_DRAIN,AnyLogic,8.9.9.202607020720,NOT_CALIBRATED,COMPARATIVE_WHAT_IF_ONLY,PENDING_VALIDATION,COMPLETE
1.0,OP_AVAIL_MLE_BASE_CAPACITY_AVAIL_JOINT_MINUS_4_MINUS_3,7071f2692250bebc24fff2d420e42302f29c9fdd5e46636e2e812df089e0568a,TASK3_OPERATIONAL_POOLED_V1,CAPACITY_AVAIL_JOINT_MINUS_4_MINUS_3,CAPACITY,REFERENCE_ASSUMPTION_SANDBOX_V1,LOCAL_WINDOW_HPP_BASE,42,202607290000,202609290421,202609290422,202609290423,202609290424,EMPTY_AND_IDLE,HPP,300.000000000,345.231418235,FULL_DRAIN,AnyLogic,8.9.9.202607020720,NOT_CALIBRATED,COMPARATIVE_WHAT_IF_ONLY,PENDING_VALIDATION,COMPLETE
1.0,OP_AVAIL_MLE_BASE_CAPACITY_AVAIL_JOINT_MINUS_4_MINUS_3,7071f2692250bebc24fff2d420e42302f29c9fdd5e46636e2e812df089e0568a,TASK3_OPERATIONAL_POOLED_V1,CAPACITY_AVAIL_JOINT_MINUS_4_MINUS_3,CAPACITY,REFERENCE_ASSUMPTION_SANDBOX_V1,LOCAL_WINDOW_HPP_BASE,43,202607290000,202609290431,202609290432,202609290433,202609290434,EMPTY_AND_IDLE,HPP,300.000000000,339.804868899,FULL_DRAIN,AnyLogic,8.9.9.202607020720,NOT_CALIBRATED,COMPARATIVE_WHAT_IF_ONLY,PENDING_VALIDATION,COMPLETE
1.0,OP_AVAIL_MLE_BASE_CAPACITY_AVAIL_JOINT_MINUS_4_MINUS_3,7071f2692250bebc24fff2d420e42302f29c9fdd5e46636e2e812df089e0568a,TASK3_OPERATIONAL_POOLED_V1,CAPACITY_AVAIL_JOINT_MINUS_4_MINUS_3,CAPACITY,REFERENCE_ASSUMPTION_SANDBOX_V1,LOCAL_WINDOW_HPP_BASE,44,202607290000,202609290441,202609290442,202609290443,202609290444,EMPTY_AND_IDLE,HPP,300.000000000,333.476554778,FULL_DRAIN,AnyLogic,8.9.9.202607020720,NOT_CALIBRATED,COMPARATIVE_WHAT_IF_ONLY,PENDING_VALIDATION,COMPLETE
1.0,OP_AVAIL_MLE_BASE_CAPACITY_AVAIL_JOINT_MINUS_4_MINUS_3,7071f2692250bebc24fff2d420e42302f29c9fdd5e46636e2e812df089e0568a,TASK3_OPERATIONAL_POOLED_V1,CAPACITY_AVAIL_JOINT_MINUS_4_MINUS_3,CAPACITY,REFERENCE_ASSUMPTION_SANDBOX_V1,LOCAL_WINDOW_HPP_BASE,45,202607290000,202609290451,202609290452,202609290453,202609290454,EMPTY_AND_IDLE,HPP,300.000000000,336.315929561,FULL_DRAIN,AnyLogic,8.9.9.202607020720,NOT_CALIBRATED,COMPARATIVE_WHAT_IF_ONLY,PENDING_VALIDATION,COMPLETE
1.0,OP_AVAIL_MLE_BASE_CAPACITY_AVAIL_JOINT_MINUS_4_MINUS_3,7071f2692250bebc24fff2d420e42302f29c9fdd5e46636e2e812df089e0568a,TASK3_OPERATIONAL_POOLED_V1,CAPACITY_AVAIL_JOINT_MINUS_4_MINUS_3,CAPACITY,REFERENCE_ASSUMPTION_SANDBOX_V1,LOCAL_WINDOW_HPP_BASE,46,202607290000,202609290461,202609290462,202609290463,202609290464,EMPTY_AND_IDLE,HPP,300.000000000,363.725614992,FULL_DRAIN,AnyLogic,8.9.9.202607020720,NOT_CALIBRATED,COMPARATIVE_WHAT_IF_ONLY,PENDING_VALIDATION,COMPLETE
1.0,OP_AVAIL_MLE_BASE_CAPACITY_AVAIL_JOINT_MINUS_4_MINUS_3,7071f2692250bebc24fff2d420e42302f29c9fdd5e46636e2e812df089e0568a,TASK3_OPERATIONAL_POOLED_V1,CAPACITY_AVAIL_JOINT_MINUS_4_MINUS_3,CAPACITY,REFERENCE_ASSUMPTION_SANDBOX_V1,LOCAL_WINDOW_HPP_BASE,47,202607290000,202609290471,202609290472,202609290473,202609290474,EMPTY_AND_IDLE,HPP,300.000000000,334.574566537,FULL_DRAIN,AnyLogic,8.9.9.202607020720,NOT_CALIBRATED,COMPARATIVE_WHAT_IF_ONLY,PENDING_VALIDATION,COMPLETE
1.0,OP_AVAIL_MLE_BASE_CAPACITY_AVAIL_JOINT_MINUS_4_MINUS_3,7071f2692250bebc24fff2d420e42302f29c9fdd5e46636e2e812df089e0568a,TASK3_OPERATIONAL_POOLED_V1,CAPACITY_AVAIL_JOINT_MINUS_4_MINUS_3,CAPACITY,REFERENCE_ASSUMPTION_SANDBOX_V1,LOCAL_WINDOW_HPP_BASE,48,202607290000,202609290481,202609290482,202609290483,202609290484,EMPTY_AND_IDLE,HPP,300.000000000,338.912601178,FULL_DRAIN,AnyLogic,8.9.9.202607020720,NOT_CALIBRATED,COMPARATIVE_WHAT_IF_ONLY,PENDING_VALIDATION,COMPLETE
1.0,OP_AVAIL_MLE_BASE_CAPACITY_AVAIL_JOINT_MINUS_4_MINUS_3,7071f2692250bebc24fff2d420e42302f29c9fdd5e46636e2e812df089e0568a,TASK3_OPERATIONAL_POOLED_V1,CAPACITY_AVAIL_JOINT_MINUS_4_MINUS_3,CAPACITY,REFERENCE_ASSUMPTION_SANDBOX_V1,LOCAL_WINDOW_HPP_BASE,49,202607290000,202609290491,202609290492,202609290493,202609290494,EMPTY_AND_IDLE,HPP,300.000000000,344.618163383,FULL_DRAIN,AnyLogic,8.9.9.202607020720,NOT_CALIBRATED,COMPARATIVE_WHAT_IF_ONLY,PENDING_VALIDATION,COMPLETE
1.0,OP_AVAIL_MLE_BASE_CAPACITY_AVAIL_JOINT_MINUS_4_MINUS_3,7071f2692250bebc24fff2d420e42302f29c9fdd5e46636e2e812df089e0568a,TASK3_OPERATIONAL_POOLED_V1,CAPACITY_AVAIL_JOINT_MINUS_4_MINUS_3,CAPACITY,REFERENCE_ASSUMPTION_SANDBOX_V1,LOCAL_WINDOW_HPP_BASE,50,202607290000,202609290501,202609290502,202609290503,202609290504,EMPTY_AND_IDLE,HPP,300.000000000,344.531321189,FULL_DRAIN,AnyLogic,8.9.9.202607020720,NOT_CALIBRATED,COMPARATIVE_WHAT_IF_ONLY,PENDING_VALIDATION,COMPLETE
1.0,OP_AVAIL_EXACT95_HIGH_CAPACITY_AVAIL_JOINT_MINUS_4_MINUS_3,dc4a91ba879f2f54ce9baa11f589bf64abfe8cebb9ad907b6d1711f7bbb179ff,TASK3_OPERATIONAL_POOLED_V1,CAPACITY_AVAIL_JOINT_MINUS_4_MINUS_3,CAPACITY,REFERENCE_ASSUMPTION_SANDBOX_V1,LOCAL_WINDOW_HPP_EXACT95_HIGH,1,202607290000,202610290011,202610290012,202610290013,202610290014,EMPTY_AND_IDLE,HPP,300.000000000,444.589443762,FULL_DRAIN,AnyLogic,8.9.9.202607020720,NOT_CALIBRATED,COMPARATIVE_WHAT_IF_ONLY,PENDING_VALIDATION,COMPLETE
1.0,OP_AVAIL_EXACT95_HIGH_CAPACITY_AVAIL_JOINT_MINUS_4_MINUS_3,dc4a91ba879f2f54ce9baa11f589bf64abfe8cebb9ad907b6d1711f7bbb179ff,TASK3_OPERATIONAL_POOLED_V1,CAPACITY_AVAIL_JOINT_MINUS_4_MINUS_3,CAPACITY,REFERENCE_ASSUMPTION_SANDBOX_V1,LOCAL_WINDOW_HPP_EXACT95_HIGH,2,202607290000,202610290021,202610290022,202610290023,202610290024,EMPTY_AND_IDLE,HPP,300.000000000,461.261258602,FULL_DRAIN,AnyLogic,8.9.9.202607020720,NOT_CALIBRATED,COMPARATIVE_WHAT_IF_ONLY,PENDING_VALIDATION,COMPLETE
1.0,OP_AVAIL_EXACT95_HIGH_CAPACITY_AVAIL_JOINT_MINUS_4_MINUS_3,dc4a91ba879f2f54ce9baa11f589bf64abfe8cebb9ad907b6d1711f7bbb179ff,TASK3_OPERATIONAL_POOLED_V1,CAPACITY_AVAIL_JOINT_MINUS_4_MINUS_3,CAPACITY,REFERENCE_ASSUMPTION_SANDBOX_V1,LOCAL_WINDOW_HPP_EXACT95_HIGH,3,202607290000,202610290031,202610290032,202610290033,202610290034,EMPTY_AND_IDLE,HPP,300.000000000,479.269343786,FULL_DRAIN,AnyLogic,8.9.9.202607020720,NOT_CALIBRATED,COMPARATIVE_WHAT_IF_ONLY,PENDING_VALIDATION,COMPLETE
1.0,OP_AVAIL_EXACT95_HIGH_CAPACITY_AVAIL_JOINT_MINUS_4_MINUS_3,dc4a91ba879f2f54ce9baa11f589bf64abfe8cebb9ad907b6d1711f7bbb179ff,TASK3_OPERATIONAL_POOLED_V1,CAPACITY_AVAIL_JOINT_MINUS_4_MINUS_3,CAPACITY,REFERENCE_ASSUMPTION_SANDBOX_V1,LOCAL_WINDOW_HPP_EXACT95_HIGH,4,202607290000,202610290041,202610290042,202610290043,202610290044,EMPTY_AND_IDLE,HPP,300.000000000,440.648312142,FULL_DRAIN,AnyLogic,8.9.9.202607020720,NOT_CALIBRATED,COMPARATIVE_WHAT_IF_ONLY,PENDING_VALIDATION,COMPLETE
1.0,OP_AVAIL_EXACT95_HIGH_CAPACITY_AVAIL_JOINT_MINUS_4_MINUS_3,dc4a91ba879f2f54ce9baa11f589bf64abfe8cebb9ad907b6d1711f7bbb179ff,TASK3_OPERATIONAL_POOLED_V1,CAPACITY_AVAIL_JOINT_MINUS_4_MINUS_3,CAPACITY,REFERENCE_ASSUMPTION_SANDBOX_V1,LOCAL_WINDOW_HPP_EXACT95_HIGH,5,202607290000,202610290051,202610290052,202610290053,202610290054,EMPTY_AND_IDLE,HPP,300.000000000,460.634345973,FULL_DRAIN,AnyLogic,8.9.9.202607020720,NOT_CALIBRATED,COMPARATIVE_WHAT_IF_ONLY,PENDING_VALIDATION,COMPLETE
1.0,OP_AVAIL_EXACT95_HIGH_CAPACITY_AVAIL_JOINT_MINUS_4_MINUS_3,dc4a91ba879f2f54ce9baa11f589bf64abfe8cebb9ad907b6d1711f7bbb179ff,TASK3_OPERATIONAL_POOLED_V1,CAPACITY_AVAIL_JOINT_MINUS_4_MINUS_3,CAPACITY,REFERENCE_ASSUMPTION_SANDBOX_V1,LOCAL_WINDOW_HPP_EXACT95_HIGH,6,202607290000,202610290061,202610290062,202610290063,202610290064,EMPTY_AND_IDLE,HPP,300.000000000,445.002581578,FULL_DRAIN,AnyLogic,8.9.9.202607020720,NOT_CALIBRATED,COMPARATIVE_WHAT_IF_ONLY,PENDING_VALIDATION,COMPLETE
1.0,OP_AVAIL_EXACT95_HIGH_CAPACITY_AVAIL_JOINT_MINUS_4_MINUS_3,dc4a91ba879f2f54ce9baa11f589bf64abfe8cebb9ad907b6d1711f7bbb179ff,TASK3_OPERATIONAL_POOLED_V1,CAPACITY_AVAIL_JOINT_MINUS_4_MINUS_3,CAPACITY,REFERENCE_ASSUMPTION_SANDBOX_V1,LOCAL_WINDOW_HPP_EXACT95_HIGH,7,202607290000,202610290071,202610290072,202610290073,202610290074,EMPTY_AND_IDLE,HPP,300.000000000,447.733198566,FULL_DRAIN,AnyLogic,8.9.9.202607020720,NOT_CALIBRATED,COMPARATIVE_WHAT_IF_ONLY,PENDING_VALIDATION,COMPLETE
1.0,OP_AVAIL_EXACT95_HIGH_CAPACITY_AVAIL_JOINT_MINUS_4_MINUS_3,dc4a91ba879f2f54ce9baa11f589bf64abfe8cebb9ad907b6d1711f7bbb179ff,TASK3_OPERATIONAL_POOLED_V1,CAPACITY_AVAIL_JOINT_MINUS_4_MINUS_3,CAPACITY,REFERENCE_ASSUMPTION_SANDBOX_V1,LOCAL_WINDOW_HPP_EXACT95_HIGH,8,202607290000,202610290081,202610290082,202610290083,202610290084,EMPTY_AND_IDLE,HPP,300.000000000,438.826983777,FULL_DRAIN,AnyLogic,8.9.9.202607020720,NOT_CALIBRATED,COMPARATIVE_WHAT_IF_ONLY,PENDING_VALIDATION,COMPLETE
1.0,OP_AVAIL_EXACT95_HIGH_CAPACITY_AVAIL_JOINT_MINUS_4_MINUS_3,dc4a91ba879f2f54ce9baa11f589bf64abfe8cebb9ad907b6d1711f7bbb179ff,TASK3_OPERATIONAL_POOLED_V1,CAPACITY_AVAIL_JOINT_MINUS_4_MINUS_3,CAPACITY,REFERENCE_ASSUMPTION_SANDBOX_V1,LOCAL_WINDOW_HPP_EXACT95_HIGH,9,202607290000,202610290091,202610290092,202610290093,202610290094,EMPTY_AND_IDLE,HPP,300.000000000,475.974015608,FULL_DRAIN,AnyLogic,8.9.9.202607020720,NOT_CALIBRATED,COMPARATIVE_WHAT_IF_ONLY,PENDING_VALIDATION,COMPLETE
1.0,OP_AVAIL_EXACT95_HIGH_CAPACITY_AVAIL_JOINT_MINUS_4_MINUS_3,dc4a91ba879f2f54ce9baa11f589bf64abfe8cebb9ad907b6d1711f7bbb179ff,TASK3_OPERATIONAL_POOLED_V1,CAPACITY_AVAIL_JOINT_MINUS_4_MINUS_3,CAPACITY,REFERENCE_ASSUMPTION_SANDBOX_V1,LOCAL_WINDOW_HPP_EXACT95_HIGH,10,202607290000,202610290101,202610290102,202610290103,202610290104,EMPTY_AND_IDLE,HPP,300.000000000,439.102743325,FULL_DRAIN,AnyLogic,8.9.9.202607020720,NOT_CALIBRATED,COMPARATIVE_WHAT_IF_ONLY,PENDING_VALIDATION,COMPLETE
1.0,OP_AVAIL_EXACT95_HIGH_CAPACITY_AVAIL_JOINT_MINUS_4_MINUS_3,dc4a91ba879f2f54ce9baa11f589bf64abfe8cebb9ad907b6d1711f7bbb179ff,TASK3_OPERATIONAL_POOLED_V1,CAPACITY_AVAIL_JOINT_MINUS_4_MINUS_3,CAPACITY,REFERENCE_ASSUMPTION_SANDBOX_V1,LOCAL_WINDOW_HPP_EXACT95_HIGH,11,202607290000,202610290111,202610290112,202610290113,202610290114,EMPTY_AND_IDLE,HPP,300.000000000,417.725813919,FULL_DRAIN,AnyLogic,8.9.9.202607020720,NOT_CALIBRATED,COMPARATIVE_WHAT_IF_ONLY,PENDING_VALIDATION,COMPLETE
1.0,OP_AVAIL_EXACT95_HIGH_CAPACITY_AVAIL_JOINT_MINUS_4_MINUS_3,dc4a91ba879f2f54ce9baa11f589bf64abfe8cebb9ad907b6d1711f7bbb179ff,TASK3_OPERATIONAL_POOLED_V1,CAPACITY_AVAIL_JOINT_MINUS_4_MINUS_3,CAPACITY,REFERENCE_ASSUMPTION_SANDBOX_V1,LOCAL_WINDOW_HPP_EXACT95_HIGH,12,202607290000,202610290121,202610290122,202610290123,202610290124,EMPTY_AND_IDLE,HPP,300.000000000,451.840005224,FULL_DRAIN,AnyLogic,8.9.9.202607020720,NOT_CALIBRATED,COMPARATIVE_WHAT_IF_ONLY,PENDING_VALIDATION,COMPLETE
1.0,OP_AVAIL_EXACT95_HIGH_CAPACITY_AVAIL_JOINT_MINUS_4_MINUS_3,dc4a91ba879f2f54ce9baa11f589bf64abfe8cebb9ad907b6d1711f7bbb179ff,TASK3_OPERATIONAL_POOLED_V1,CAPACITY_AVAIL_JOINT_MINUS_4_MINUS_3,CAPACITY,REFERENCE_ASSUMPTION_SANDBOX_V1,LOCAL_WINDOW_HPP_EXACT95_HIGH,13,202607290000,202610290131,202610290132,202610290133,202610290134,EMPTY_AND_IDLE,HPP,300.000000000,462.181532938,FULL_DRAIN,AnyLogic,8.9.9.202607020720,NOT_CALIBRATED,COMPARATIVE_WHAT_IF_ONLY,PENDING_VALIDATION,COMPLETE
1.0,OP_AVAIL_EXACT95_HIGH_CAPACITY_AVAIL_JOINT_MINUS_4_MINUS_3,dc4a91ba879f2f54ce9baa11f589bf64abfe8cebb9ad907b6d1711f7bbb179ff,TASK3_OPERATIONAL_POOLED_V1,CAPACITY_AVAIL_JOINT_MINUS_4_MINUS_3,CAPACITY,REFERENCE_ASSUMPTION_SANDBOX_V1,LOCAL_WINDOW_HPP_EXACT95_HIGH,14,202607290000,202610290141,202610290142,202610290143,202610290144,EMPTY_AND_IDLE,HPP,300.000000000,451.836064722,FULL_DRAIN,AnyLogic,8.9.9.202607020720,NOT_CALIBRATED,COMPARATIVE_WHAT_IF_ONLY,PENDING_VALIDATION,COMPLETE
1.0,OP_AVAIL_EXACT95_HIGH_CAPACITY_AVAIL_JOINT_MINUS_4_MINUS_3,dc4a91ba879f2f54ce9baa11f589bf64abfe8cebb9ad907b6d1711f7bbb179ff,TASK3_OPERATIONAL_POOLED_V1,CAPACITY_AVAIL_JOINT_MINUS_4_MINUS_3,CAPACITY,REFERENCE_ASSUMPTION_SANDBOX_V1,LOCAL_WINDOW_HPP_EXACT95_HIGH,15,202607290000,202610290151,202610290152,202610290153,202610290154,EMPTY_AND_IDLE,HPP,300.000000000,469.709659988,FULL_DRAIN,AnyLogic,8.9.9.202607020720,NOT_CALIBRATED,COMPARATIVE_WHAT_IF_ONLY,PENDING_VALIDATION,COMPLETE
1.0,OP_AVAIL_EXACT95_HIGH_CAPACITY_AVAIL_JOINT_MINUS_4_MINUS_3,dc4a91ba879f2f54ce9baa11f589bf64abfe8cebb9ad907b6d1711f7bbb179ff,TASK3_OPERATIONAL_POOLED_V1,CAPACITY_AVAIL_JOINT_MINUS_4_MINUS_3,CAPACITY,REFERENCE_ASSUMPTION_SANDBOX_V1,LOCAL_WINDOW_HPP_EXACT95_HIGH,16,202607290000,202610290161,202610290162,202610290163,202610290164,EMPTY_AND_IDLE,HPP,300.000000000,431.709927571,FULL_DRAIN,AnyLogic,8.9.9.202607020720,NOT_CALIBRATED,COMPARATIVE_WHAT_IF_ONLY,PENDING_VALIDATION,COMPLETE
1.0,OP_AVAIL_EXACT95_HIGH_CAPACITY_AVAIL_JOINT_MINUS_4_MINUS_3,dc4a91ba879f2f54ce9baa11f589bf64abfe8cebb9ad907b6d1711f7bbb179ff,TASK3_OPERATIONAL_POOLED_V1,CAPACITY_AVAIL_JOINT_MINUS_4_MINUS_3,CAPACITY,REFERENCE_ASSUMPTION_SANDBOX_V1,LOCAL_WINDOW_HPP_EXACT95_HIGH,17,202607290000,202610290171,202610290172,202610290173,202610290174,EMPTY_AND_IDLE,HPP,300.000000000,430.540599391,FULL_DRAIN,AnyLogic,8.9.9.202607020720,NOT_CALIBRATED,COMPARATIVE_WHAT_IF_ONLY,PENDING_VALIDATION,COMPLETE
1.0,OP_AVAIL_EXACT95_HIGH_CAPACITY_AVAIL_JOINT_MINUS_4_MINUS_3,dc4a91ba879f2f54ce9baa11f589bf64abfe8cebb9ad907b6d1711f7bbb179ff,TASK3_OPERATIONAL_POOLED_V1,CAPACITY_AVAIL_JOINT_MINUS_4_MINUS_3,CAPACITY,REFERENCE_ASSUMPTION_SANDBOX_V1,LOCAL_WINDOW_HPP_EXACT95_HIGH,18,202607290000,202610290181,202610290182,202610290183,202610290184,EMPTY_AND_IDLE,HPP,300.000000000,466.554550376,FULL_DRAIN,AnyLogic,8.9.9.202607020720,NOT_CALIBRATED,COMPARATIVE_WHAT_IF_ONLY,PENDING_VALIDATION,COMPLETE
1.0,OP_AVAIL_EXACT95_HIGH_CAPACITY_AVAIL_JOINT_MINUS_4_MINUS_3,dc4a91ba879f2f54ce9baa11f589bf64abfe8cebb9ad907b6d1711f7bbb179ff,TASK3_OPERATIONAL_POOLED_V1,CAPACITY_AVAIL_JOINT_MINUS_4_MINUS_3,CAPACITY,REFERENCE_ASSUMPTION_SANDBOX_V1,LOCAL_WINDOW_HPP_EXACT95_HIGH,19,202607290000,202610290191,202610290192,202610290193,202610290194,EMPTY_AND_IDLE,HPP,300.000000000,430.895347706,FULL_DRAIN,AnyLogic,8.9.9.202607020720,NOT_CALIBRATED,COMPARATIVE_WHAT_IF_ONLY,PENDING_VALIDATION,COMPLETE
1.0,OP_AVAIL_EXACT95_HIGH_CAPACITY_AVAIL_JOINT_MINUS_4_MINUS_3,dc4a91ba879f2f54ce9baa11f589bf64abfe8cebb9ad907b6d1711f7bbb179ff,TASK3_OPERATIONAL_POOLED_V1,CAPACITY_AVAIL_JOINT_MINUS_4_MINUS_3,CAPACITY,REFERENCE_ASSUMPTION_SANDBOX_V1,LOCAL_WINDOW_HPP_EXACT95_HIGH,20,202607290000,202610290201,202610290202,202610290203,202610290204,EMPTY_AND_IDLE,HPP,300.000000000,452.760226876,FULL_DRAIN,AnyLogic,8.9.9.202607020720,NOT_CALIBRATED,COMPARATIVE_WHAT_IF_ONLY,PENDING_VALIDATION,COMPLETE
1.0,OP_AVAIL_EXACT95_HIGH_CAPACITY_AVAIL_JOINT_MINUS_4_MINUS_3,dc4a91ba879f2f54ce9baa11f589bf64abfe8cebb9ad907b6d1711f7bbb179ff,TASK3_OPERATIONAL_POOLED_V1,CAPACITY_AVAIL_JOINT_MINUS_4_MINUS_3,CAPACITY,REFERENCE_ASSUMPTION_SANDBOX_V1,LOCAL_WINDOW_HPP_EXACT95_HIGH,21,202607290000,202610290211,202610290212,202610290213,202610290214,EMPTY_AND_IDLE,HPP,300.000000000,435.921765988,FULL_DRAIN,AnyLogic,8.9.9.202607020720,NOT_CALIBRATED,COMPARATIVE_WHAT_IF_ONLY,PENDING_VALIDATION,COMPLETE
1.0,OP_AVAIL_EXACT95_HIGH_CAPACITY_AVAIL_JOINT_MINUS_4_MINUS_3,dc4a91ba879f2f54ce9baa11f589bf64abfe8cebb9ad907b6d1711f7bbb179ff,TASK3_OPERATIONAL_POOLED_V1,CAPACITY_AVAIL_JOINT_MINUS_4_MINUS_3,CAPACITY,REFERENCE_ASSUMPTION_SANDBOX_V1,LOCAL_WINDOW_HPP_EXACT95_HIGH,22,202607290000,202610290221,202610290222,202610290223,202610290224,EMPTY_AND_IDLE,HPP,300.000000000,422.071730585,FULL_DRAIN,AnyLogic,8.9.9.202607020720,NOT_CALIBRATED,COMPARATIVE_WHAT_IF_ONLY,PENDING_VALIDATION,COMPLETE
1.0,OP_AVAIL_EXACT95_HIGH_CAPACITY_AVAIL_JOINT_MINUS_4_MINUS_3,dc4a91ba879f2f54ce9baa11f589bf64abfe8cebb9ad907b6d1711f7bbb179ff,TASK3_OPERATIONAL_POOLED_V1,CAPACITY_AVAIL_JOINT_MINUS_4_MINUS_3,CAPACITY,REFERENCE_ASSUMPTION_SANDBOX_V1,LOCAL_WINDOW_HPP_EXACT95_HIGH,23,202607290000,202610290231,202610290232,202610290233,202610290234,EMPTY_AND_IDLE,HPP,300.000000000,450.426869897,FULL_DRAIN,AnyLogic,8.9.9.202607020720,NOT_CALIBRATED,COMPARATIVE_WHAT_IF_ONLY,PENDING_VALIDATION,COMPLETE
1.0,OP_AVAIL_EXACT95_HIGH_CAPACITY_AVAIL_JOINT_MINUS_4_MINUS_3,dc4a91ba879f2f54ce9baa11f589bf64abfe8cebb9ad907b6d1711f7bbb179ff,TASK3_OPERATIONAL_POOLED_V1,CAPACITY_AVAIL_JOINT_MINUS_4_MINUS_3,CAPACITY,REFERENCE_ASSUMPTION_SANDBOX_V1,LOCAL_WINDOW_HPP_EXACT95_HIGH,24,202607290000,202610290241,202610290242,202610290243,202610290244,EMPTY_AND_IDLE,HPP,300.000000000,441.731040129,FULL_DRAIN,AnyLogic,8.9.9.202607020720,NOT_CALIBRATED,COMPARATIVE_WHAT_IF_ONLY,PENDING_VALIDATION,COMPLETE
1.0,OP_AVAIL_EXACT95_HIGH_CAPACITY_AVAIL_JOINT_MINUS_4_MINUS_3,dc4a91ba879f2f54ce9baa11f589bf64abfe8cebb9ad907b6d1711f7bbb179ff,TASK3_OPERATIONAL_POOLED_V1,CAPACITY_AVAIL_JOINT_MINUS_4_MINUS_3,CAPACITY,REFERENCE_ASSUMPTION_SANDBOX_V1,LOCAL_WINDOW_HPP_EXACT95_HIGH,25,202607290000,202610290251,202610290252,202610290253,202610290254,EMPTY_AND_IDLE,HPP,300.000000000,418.116416487,FULL_DRAIN,AnyLogic,8.9.9.202607020720,NOT_CALIBRATED,COMPARATIVE_WHAT_IF_ONLY,PENDING_VALIDATION,COMPLETE
1.0,OP_AVAIL_EXACT95_HIGH_CAPACITY_AVAIL_JOINT_MINUS_4_MINUS_3,dc4a91ba879f2f54ce9baa11f589bf64abfe8cebb9ad907b6d1711f7bbb179ff,TASK3_OPERATIONAL_POOLED_V1,CAPACITY_AVAIL_JOINT_MINUS_4_MINUS_3,CAPACITY,REFERENCE_ASSUMPTION_SANDBOX_V1,LOCAL_WINDOW_HPP_EXACT95_HIGH,26,202607290000,202610290261,202610290262,202610290263,202610290264,EMPTY_AND_IDLE,HPP,300.000000000,454.939881042,FULL_DRAIN,AnyLogic,8.9.9.202607020720,NOT_CALIBRATED,COMPARATIVE_WHAT_IF_ONLY,PENDING_VALIDATION,COMPLETE
1.0,OP_AVAIL_EXACT95_HIGH_CAPACITY_AVAIL_JOINT_MINUS_4_MINUS_3,dc4a91ba879f2f54ce9baa11f589bf64abfe8cebb9ad907b6d1711f7bbb179ff,TASK3_OPERATIONAL_POOLED_V1,CAPACITY_AVAIL_JOINT_MINUS_4_MINUS_3,CAPACITY,REFERENCE_ASSUMPTION_SANDBOX_V1,LOCAL_WINDOW_HPP_EXACT95_HIGH,27,202607290000,202610290271,202610290272,202610290273,202610290274,EMPTY_AND_IDLE,HPP,300.000000000,441.055812430,FULL_DRAIN,AnyLogic,8.9.9.202607020720,NOT_CALIBRATED,COMPARATIVE_WHAT_IF_ONLY,PENDING_VALIDATION,COMPLETE
1.0,OP_AVAIL_EXACT95_HIGH_CAPACITY_AVAIL_JOINT_MINUS_4_MINUS_3,dc4a91ba879f2f54ce9baa11f589bf64abfe8cebb9ad907b6d1711f7bbb179ff,TASK3_OPERATIONAL_POOLED_V1,CAPACITY_AVAIL_JOINT_MINUS_4_MINUS_3,CAPACITY,REFERENCE_ASSUMPTION_SANDBOX_V1,LOCAL_WINDOW_HPP_EXACT95_HIGH,28,202607290000,202610290281,202610290282,202610290283,202610290284,EMPTY_AND_IDLE,HPP,300.000000000,448.475815200,FULL_DRAIN,AnyLogic,8.9.9.202607020720,NOT_CALIBRATED,COMPARATIVE_WHAT_IF_ONLY,PENDING_VALIDATION,COMPLETE
1.0,OP_AVAIL_EXACT95_HIGH_CAPACITY_AVAIL_JOINT_MINUS_4_MINUS_3,dc4a91ba879f2f54ce9baa11f589bf64abfe8cebb9ad907b6d1711f7bbb179ff,TASK3_OPERATIONAL_POOLED_V1,CAPACITY_AVAIL_JOINT_MINUS_4_MINUS_3,CAPACITY,REFERENCE_ASSUMPTION_SANDBOX_V1,LOCAL_WINDOW_HPP_EXACT95_HIGH,29,202607290000,202610290291,202610290292,202610290293,202610290294,EMPTY_AND_IDLE,HPP,300.000000000,403.394738619,FULL_DRAIN,AnyLogic,8.9.9.202607020720,NOT_CALIBRATED,COMPARATIVE_WHAT_IF_ONLY,PENDING_VALIDATION,COMPLETE
1.0,OP_AVAIL_EXACT95_HIGH_CAPACITY_AVAIL_JOINT_MINUS_4_MINUS_3,dc4a91ba879f2f54ce9baa11f589bf64abfe8cebb9ad907b6d1711f7bbb179ff,TASK3_OPERATIONAL_POOLED_V1,CAPACITY_AVAIL_JOINT_MINUS_4_MINUS_3,CAPACITY,REFERENCE_ASSUMPTION_SANDBOX_V1,LOCAL_WINDOW_HPP_EXACT95_HIGH,30,202607290000,202610290301,202610290302,202610290303,202610290304,EMPTY_AND_IDLE,HPP,300.000000000,461.107742357,FULL_DRAIN,AnyLogic,8.9.9.202607020720,NOT_CALIBRATED,COMPARATIVE_WHAT_IF_ONLY,PENDING_VALIDATION,COMPLETE
1.0,OP_AVAIL_EXACT95_HIGH_CAPACITY_AVAIL_JOINT_MINUS_4_MINUS_3,dc4a91ba879f2f54ce9baa11f589bf64abfe8cebb9ad907b6d1711f7bbb179ff,TASK3_OPERATIONAL_POOLED_V1,CAPACITY_AVAIL_JOINT_MINUS_4_MINUS_3,CAPACITY,REFERENCE_ASSUMPTION_SANDBOX_V1,LOCAL_WINDOW_HPP_EXACT95_HIGH,31,202607290000,202610290311,202610290312,202610290313,202610290314,EMPTY_AND_IDLE,HPP,300.000000000,469.933528267,FULL_DRAIN,AnyLogic,8.9.9.202607020720,NOT_CALIBRATED,COMPARATIVE_WHAT_IF_ONLY,PENDING_VALIDATION,COMPLETE
1.0,OP_AVAIL_EXACT95_HIGH_CAPACITY_AVAIL_JOINT_MINUS_4_MINUS_3,dc4a91ba879f2f54ce9baa11f589bf64abfe8cebb9ad907b6d1711f7bbb179ff,TASK3_OPERATIONAL_POOLED_V1,CAPACITY_AVAIL_JOINT_MINUS_4_MINUS_3,CAPACITY,REFERENCE_ASSUMPTION_SANDBOX_V1,LOCAL_WINDOW_HPP_EXACT95_HIGH,32,202607290000,202610290321,202610290322,202610290323,202610290324,EMPTY_AND_IDLE,HPP,300.000000000,430.768737775,FULL_DRAIN,AnyLogic,8.9.9.202607020720,NOT_CALIBRATED,COMPARATIVE_WHAT_IF_ONLY,PENDING_VALIDATION,COMPLETE
1.0,OP_AVAIL_EXACT95_HIGH_CAPACITY_AVAIL_JOINT_MINUS_4_MINUS_3,dc4a91ba879f2f54ce9baa11f589bf64abfe8cebb9ad907b6d1711f7bbb179ff,TASK3_OPERATIONAL_POOLED_V1,CAPACITY_AVAIL_JOINT_MINUS_4_MINUS_3,CAPACITY,REFERENCE_ASSUMPTION_SANDBOX_V1,LOCAL_WINDOW_HPP_EXACT95_HIGH,33,202607290000,202610290331,202610290332,202610290333,202610290334,EMPTY_AND_IDLE,HPP,300.000000000,447.954020490,FULL_DRAIN,AnyLogic,8.9.9.202607020720,NOT_CALIBRATED,COMPARATIVE_WHAT_IF_ONLY,PENDING_VALIDATION,COMPLETE
1.0,OP_AVAIL_EXACT95_HIGH_CAPACITY_AVAIL_JOINT_MINUS_4_MINUS_3,dc4a91ba879f2f54ce9baa11f589bf64abfe8cebb9ad907b6d1711f7bbb179ff,TASK3_OPERATIONAL_POOLED_V1,CAPACITY_AVAIL_JOINT_MINUS_4_MINUS_3,CAPACITY,REFERENCE_ASSUMPTION_SANDBOX_V1,LOCAL_WINDOW_HPP_EXACT95_HIGH,34,202607290000,202610290341,202610290342,202610290343,202610290344,EMPTY_AND_IDLE,HPP,300.000000000,457.128176487,FULL_DRAIN,AnyLogic,8.9.9.202607020720,NOT_CALIBRATED,COMPARATIVE_WHAT_IF_ONLY,PENDING_VALIDATION,COMPLETE
1.0,OP_AVAIL_EXACT95_HIGH_CAPACITY_AVAIL_JOINT_MINUS_4_MINUS_3,dc4a91ba879f2f54ce9baa11f589bf64abfe8cebb9ad907b6d1711f7bbb179ff,TASK3_OPERATIONAL_POOLED_V1,CAPACITY_AVAIL_JOINT_MINUS_4_MINUS_3,CAPACITY,REFERENCE_ASSUMPTION_SANDBOX_V1,LOCAL_WINDOW_HPP_EXACT95_HIGH,35,202607290000,202610290351,202610290352,202610290353,202610290354,EMPTY_AND_IDLE,HPP,300.000000000,429.619430736,FULL_DRAIN,AnyLogic,8.9.9.202607020720,NOT_CALIBRATED,COMPARATIVE_WHAT_IF_ONLY,PENDING_VALIDATION,COMPLETE
1.0,OP_AVAIL_EXACT95_HIGH_CAPACITY_AVAIL_JOINT_MINUS_4_MINUS_3,dc4a91ba879f2f54ce9baa11f589bf64abfe8cebb9ad907b6d1711f7bbb179ff,TASK3_OPERATIONAL_POOLED_V1,CAPACITY_AVAIL_JOINT_MINUS_4_MINUS_3,CAPACITY,REFERENCE_ASSUMPTION_SANDBOX_V1,LOCAL_WINDOW_HPP_EXACT95_HIGH,36,202607290000,202610290361,202610290362,202610290363,202610290364,EMPTY_AND_IDLE,HPP,300.000000000,443.417306464,FULL_DRAIN,AnyLogic,8.9.9.202607020720,NOT_CALIBRATED,COMPARATIVE_WHAT_IF_ONLY,PENDING_VALIDATION,COMPLETE
1.0,OP_AVAIL_EXACT95_HIGH_CAPACITY_AVAIL_JOINT_MINUS_4_MINUS_3,dc4a91ba879f2f54ce9baa11f589bf64abfe8cebb9ad907b6d1711f7bbb179ff,TASK3_OPERATIONAL_POOLED_V1,CAPACITY_AVAIL_JOINT_MINUS_4_MINUS_3,CAPACITY,REFERENCE_ASSUMPTION_SANDBOX_V1,LOCAL_WINDOW_HPP_EXACT95_HIGH,37,202607290000,202610290371,202610290372,202610290373,202610290374,EMPTY_AND_IDLE,HPP,300.000000000,435.576234927,FULL_DRAIN,AnyLogic,8.9.9.202607020720,NOT_CALIBRATED,COMPARATIVE_WHAT_IF_ONLY,PENDING_VALIDATION,COMPLETE
1.0,OP_AVAIL_EXACT95_HIGH_CAPACITY_AVAIL_JOINT_MINUS_4_MINUS_3,dc4a91ba879f2f54ce9baa11f589bf64abfe8cebb9ad907b6d1711f7bbb179ff,TASK3_OPERATIONAL_POOLED_V1,CAPACITY_AVAIL_JOINT_MINUS_4_MINUS_3,CAPACITY,REFERENCE_ASSUMPTION_SANDBOX_V1,LOCAL_WINDOW_HPP_EXACT95_HIGH,38,202607290000,202610290381,202610290382,202610290383,202610290384,EMPTY_AND_IDLE,HPP,300.000000000,432.379357627,FULL_DRAIN,AnyLogic,8.9.9.202607020720,NOT_CALIBRATED,COMPARATIVE_WHAT_IF_ONLY,PENDING_VALIDATION,COMPLETE
1.0,OP_AVAIL_EXACT95_HIGH_CAPACITY_AVAIL_JOINT_MINUS_4_MINUS_3,dc4a91ba879f2f54ce9baa11f589bf64abfe8cebb9ad907b6d1711f7bbb179ff,TASK3_OPERATIONAL_POOLED_V1,CAPACITY_AVAIL_JOINT_MINUS_4_MINUS_3,CAPACITY,REFERENCE_ASSUMPTION_SANDBOX_V1,LOCAL_WINDOW_HPP_EXACT95_HIGH,39,202607290000,202610290391,202610290392,202610290393,202610290394,EMPTY_AND_IDLE,HPP,300.000000000,454.927267320,FULL_DRAIN,AnyLogic,8.9.9.202607020720,NOT_CALIBRATED,COMPARATIVE_WHAT_IF_ONLY,PENDING_VALIDATION,COMPLETE
1.0,OP_AVAIL_EXACT95_HIGH_CAPACITY_AVAIL_JOINT_MINUS_4_MINUS_3,dc4a91ba879f2f54ce9baa11f589bf64abfe8cebb9ad907b6d1711f7bbb179ff,TASK3_OPERATIONAL_POOLED_V1,CAPACITY_AVAIL_JOINT_MINUS_4_MINUS_3,CAPACITY,REFERENCE_ASSUMPTION_SANDBOX_V1,LOCAL_WINDOW_HPP_EXACT95_HIGH,40,202607290000,202610290401,202610290402,202610290403,202610290404,EMPTY_AND_IDLE,HPP,300.000000000,465.401683575,FULL_DRAIN,AnyLogic,8.9.9.202607020720,NOT_CALIBRATED,COMPARATIVE_WHAT_IF_ONLY,PENDING_VALIDATION,COMPLETE
1.0,OP_AVAIL_EXACT95_HIGH_CAPACITY_AVAIL_JOINT_MINUS_4_MINUS_3,dc4a91ba879f2f54ce9baa11f589bf64abfe8cebb9ad907b6d1711f7bbb179ff,TASK3_OPERATIONAL_POOLED_V1,CAPACITY_AVAIL_JOINT_MINUS_4_MINUS_3,CAPACITY,REFERENCE_ASSUMPTION_SANDBOX_V1,LOCAL_WINDOW_HPP_EXACT95_HIGH,41,202607290000,202610290411,202610290412,202610290413,202610290414,EMPTY_AND_IDLE,HPP,300.000000000,439.910128993,FULL_DRAIN,AnyLogic,8.9.9.202607020720,NOT_CALIBRATED,COMPARATIVE_WHAT_IF_ONLY,PENDING_VALIDATION,COMPLETE
1.0,OP_AVAIL_EXACT95_HIGH_CAPACITY_AVAIL_JOINT_MINUS_4_MINUS_3,dc4a91ba879f2f54ce9baa11f589bf64abfe8cebb9ad907b6d1711f7bbb179ff,TASK3_OPERATIONAL_POOLED_V1,CAPACITY_AVAIL_JOINT_MINUS_4_MINUS_3,CAPACITY,REFERENCE_ASSUMPTION_SANDBOX_V1,LOCAL_WINDOW_HPP_EXACT95_HIGH,42,202607290000,202610290421,202610290422,202610290423,202610290424,EMPTY_AND_IDLE,HPP,300.000000000,461.011516581,FULL_DRAIN,AnyLogic,8.9.9.202607020720,NOT_CALIBRATED,COMPARATIVE_WHAT_IF_ONLY,PENDING_VALIDATION,COMPLETE
1.0,OP_AVAIL_EXACT95_HIGH_CAPACITY_AVAIL_JOINT_MINUS_4_MINUS_3,dc4a91ba879f2f54ce9baa11f589bf64abfe8cebb9ad907b6d1711f7bbb179ff,TASK3_OPERATIONAL_POOLED_V1,CAPACITY_AVAIL_JOINT_MINUS_4_MINUS_3,CAPACITY,REFERENCE_ASSUMPTION_SANDBOX_V1,LOCAL_WINDOW_HPP_EXACT95_HIGH,43,202607290000,202610290431,202610290432,202610290433,202610290434,EMPTY_AND_IDLE,HPP,300.000000000,440.231839824,FULL_DRAIN,AnyLogic,8.9.9.202607020720,NOT_CALIBRATED,COMPARATIVE_WHAT_IF_ONLY,PENDING_VALIDATION,COMPLETE
1.0,OP_AVAIL_EXACT95_HIGH_CAPACITY_AVAIL_JOINT_MINUS_4_MINUS_3,dc4a91ba879f2f54ce9baa11f589bf64abfe8cebb9ad907b6d1711f7bbb179ff,TASK3_OPERATIONAL_POOLED_V1,CAPACITY_AVAIL_JOINT_MINUS_4_MINUS_3,CAPACITY,REFERENCE_ASSUMPTION_SANDBOX_V1,LOCAL_WINDOW_HPP_EXACT95_HIGH,44,202607290000,202610290441,202610290442,202610290443,202610290444,EMPTY_AND_IDLE,HPP,300.000000000,461.379238512,FULL_DRAIN,AnyLogic,8.9.9.202607020720,NOT_CALIBRATED,COMPARATIVE_WHAT_IF_ONLY,PENDING_VALIDATION,COMPLETE
1.0,OP_AVAIL_EXACT95_HIGH_CAPACITY_AVAIL_JOINT_MINUS_4_MINUS_3,dc4a91ba879f2f54ce9baa11f589bf64abfe8cebb9ad907b6d1711f7bbb179ff,TASK3_OPERATIONAL_POOLED_V1,CAPACITY_AVAIL_JOINT_MINUS_4_MINUS_3,CAPACITY,REFERENCE_ASSUMPTION_SANDBOX_V1,LOCAL_WINDOW_HPP_EXACT95_HIGH,45,202607290000,202610290451,202610290452,202610290453,202610290454,EMPTY_AND_IDLE,HPP,300.000000000,473.880615718,FULL_DRAIN,AnyLogic,8.9.9.202607020720,NOT_CALIBRATED,COMPARATIVE_WHAT_IF_ONLY,PENDING_VALIDATION,COMPLETE
1.0,OP_AVAIL_EXACT95_HIGH_CAPACITY_AVAIL_JOINT_MINUS_4_MINUS_3,dc4a91ba879f2f54ce9baa11f589bf64abfe8cebb9ad907b6d1711f7bbb179ff,TASK3_OPERATIONAL_POOLED_V1,CAPACITY_AVAIL_JOINT_MINUS_4_MINUS_3,CAPACITY,REFERENCE_ASSUMPTION_SANDBOX_V1,LOCAL_WINDOW_HPP_EXACT95_HIGH,46,202607290000,202610290461,202610290462,202610290463,202610290464,EMPTY_AND_IDLE,HPP,300.000000000,443.318935807,FULL_DRAIN,AnyLogic,8.9.9.202607020720,NOT_CALIBRATED,COMPARATIVE_WHAT_IF_ONLY,PENDING_VALIDATION,COMPLETE
1.0,OP_AVAIL_EXACT95_HIGH_CAPACITY_AVAIL_JOINT_MINUS_4_MINUS_3,dc4a91ba879f2f54ce9baa11f589bf64abfe8cebb9ad907b6d1711f7bbb179ff,TASK3_OPERATIONAL_POOLED_V1,CAPACITY_AVAIL_JOINT_MINUS_4_MINUS_3,CAPACITY,REFERENCE_ASSUMPTION_SANDBOX_V1,LOCAL_WINDOW_HPP_EXACT95_HIGH,47,202607290000,202610290471,202610290472,202610290473,202610290474,EMPTY_AND_IDLE,HPP,300.000000000,409.445476927,FULL_DRAIN,AnyLogic,8.9.9.202607020720,NOT_CALIBRATED,COMPARATIVE_WHAT_IF_ONLY,PENDING_VALIDATION,COMPLETE
1.0,OP_AVAIL_EXACT95_HIGH_CAPACITY_AVAIL_JOINT_MINUS_4_MINUS_3,dc4a91ba879f2f54ce9baa11f589bf64abfe8cebb9ad907b6d1711f7bbb179ff,TASK3_OPERATIONAL_POOLED_V1,CAPACITY_AVAIL_JOINT_MINUS_4_MINUS_3,CAPACITY,REFERENCE_ASSUMPTION_SANDBOX_V1,LOCAL_WINDOW_HPP_EXACT95_HIGH,48,202607290000,202610290481,202610290482,202610290483,202610290484,EMPTY_AND_IDLE,HPP,300.000000000,429.236886788,FULL_DRAIN,AnyLogic,8.9.9.202607020720,NOT_CALIBRATED,COMPARATIVE_WHAT_IF_ONLY,PENDING_VALIDATION,COMPLETE
1.0,OP_AVAIL_EXACT95_HIGH_CAPACITY_AVAIL_JOINT_MINUS_4_MINUS_3,dc4a91ba879f2f54ce9baa11f589bf64abfe8cebb9ad907b6d1711f7bbb179ff,TASK3_OPERATIONAL_POOLED_V1,CAPACITY_AVAIL_JOINT_MINUS_4_MINUS_3,CAPACITY,REFERENCE_ASSUMPTION_SANDBOX_V1,LOCAL_WINDOW_HPP_EXACT95_HIGH,49,202607290000,202610290491,202610290492,202610290493,202610290494,EMPTY_AND_IDLE,HPP,300.000000000,444.805295452,FULL_DRAIN,AnyLogic,8.9.9.202607020720,NOT_CALIBRATED,COMPARATIVE_WHAT_IF_ONLY,PENDING_VALIDATION,COMPLETE
1.0,OP_AVAIL_EXACT95_HIGH_CAPACITY_AVAIL_JOINT_MINUS_4_MINUS_3,dc4a91ba879f2f54ce9baa11f589bf64abfe8cebb9ad907b6d1711f7bbb179ff,TASK3_OPERATIONAL_POOLED_V1,CAPACITY_AVAIL_JOINT_MINUS_4_MINUS_3,CAPACITY,REFERENCE_ASSUMPTION_SANDBOX_V1,LOCAL_WINDOW_HPP_EXACT95_HIGH,50,202607290000,202610290501,202610290502,202610290503,202610290504,EMPTY_AND_IDLE,HPP,300.000000000,458.485612709,FULL_DRAIN,AnyLogic,8.9.9.202607020720,NOT_CALIBRATED,COMPARATIVE_WHAT_IF_ONLY,PENDING_VALIDATION,COMPLETE
1.0,OP_AVAIL_EXACT95_LOW_CAPACITY_AVAIL_JOINT_MINUS_4_MINUS_3,56b5c732766e7dd4952e1300365fcd02ef95a48a8e68991d791c227fc21e1360,TASK3_OPERATIONAL_POOLED_V1,CAPACITY_AVAIL_JOINT_MINUS_4_MINUS_3,CAPACITY,REFERENCE_ASSUMPTION_SANDBOX_V1,LOCAL_WINDOW_HPP_EXACT95_LOW,1,202607290000,202608290011,202608290012,202608290013,202608290014,EMPTY_AND_IDLE,HPP,300.000000000,333.378284734,FULL_DRAIN,AnyLogic,8.9.9.202607020720,NOT_CALIBRATED,COMPARATIVE_WHAT_IF_ONLY,PENDING_VALIDATION,COMPLETE
1.0,OP_AVAIL_EXACT95_LOW_CAPACITY_AVAIL_JOINT_MINUS_4_MINUS_3,56b5c732766e7dd4952e1300365fcd02ef95a48a8e68991d791c227fc21e1360,TASK3_OPERATIONAL_POOLED_V1,CAPACITY_AVAIL_JOINT_MINUS_4_MINUS_3,CAPACITY,REFERENCE_ASSUMPTION_SANDBOX_V1,LOCAL_WINDOW_HPP_EXACT95_LOW,2,202607290000,202608290021,202608290022,202608290023,202608290024,EMPTY_AND_IDLE,HPP,300.000000000,332.283944051,FULL_DRAIN,AnyLogic,8.9.9.202607020720,NOT_CALIBRATED,COMPARATIVE_WHAT_IF_ONLY,PENDING_VALIDATION,COMPLETE
1.0,OP_AVAIL_EXACT95_LOW_CAPACITY_AVAIL_JOINT_MINUS_4_MINUS_3,56b5c732766e7dd4952e1300365fcd02ef95a48a8e68991d791c227fc21e1360,TASK3_OPERATIONAL_POOLED_V1,CAPACITY_AVAIL_JOINT_MINUS_4_MINUS_3,CAPACITY,REFERENCE_ASSUMPTION_SANDBOX_V1,LOCAL_WINDOW_HPP_EXACT95_LOW,3,202607290000,202608290031,202608290032,202608290033,202608290034,EMPTY_AND_IDLE,HPP,300.000000000,334.763588245,FULL_DRAIN,AnyLogic,8.9.9.202607020720,NOT_CALIBRATED,COMPARATIVE_WHAT_IF_ONLY,PENDING_VALIDATION,COMPLETE
1.0,OP_AVAIL_EXACT95_LOW_CAPACITY_AVAIL_JOINT_MINUS_4_MINUS_3,56b5c732766e7dd4952e1300365fcd02ef95a48a8e68991d791c227fc21e1360,TASK3_OPERATIONAL_POOLED_V1,CAPACITY_AVAIL_JOINT_MINUS_4_MINUS_3,CAPACITY,REFERENCE_ASSUMPTION_SANDBOX_V1,LOCAL_WINDOW_HPP_EXACT95_LOW,4,202607290000,202608290041,202608290042,202608290043,202608290044,EMPTY_AND_IDLE,HPP,300.000000000,334.214032222,FULL_DRAIN,AnyLogic,8.9.9.202607020720,NOT_CALIBRATED,COMPARATIVE_WHAT_IF_ONLY,PENDING_VALIDATION,COMPLETE
1.0,OP_AVAIL_EXACT95_LOW_CAPACITY_AVAIL_JOINT_MINUS_4_MINUS_3,56b5c732766e7dd4952e1300365fcd02ef95a48a8e68991d791c227fc21e1360,TASK3_OPERATIONAL_POOLED_V1,CAPACITY_AVAIL_JOINT_MINUS_4_MINUS_3,CAPACITY,REFERENCE_ASSUMPTION_SANDBOX_V1,LOCAL_WINDOW_HPP_EXACT95_LOW,5,202607290000,202608290051,202608290052,202608290053,202608290054,EMPTY_AND_IDLE,HPP,300.000000000,333.398993631,FULL_DRAIN,AnyLogic,8.9.9.202607020720,NOT_CALIBRATED,COMPARATIVE_WHAT_IF_ONLY,PENDING_VALIDATION,COMPLETE
1.0,OP_AVAIL_EXACT95_LOW_CAPACITY_AVAIL_JOINT_MINUS_4_MINUS_3,56b5c732766e7dd4952e1300365fcd02ef95a48a8e68991d791c227fc21e1360,TASK3_OPERATIONAL_POOLED_V1,CAPACITY_AVAIL_JOINT_MINUS_4_MINUS_3,CAPACITY,REFERENCE_ASSUMPTION_SANDBOX_V1,LOCAL_WINDOW_HPP_EXACT95_LOW,6,202607290000,202608290061,202608290062,202608290063,202608290064,EMPTY_AND_IDLE,HPP,300.000000000,334.503790859,FULL_DRAIN,AnyLogic,8.9.9.202607020720,NOT_CALIBRATED,COMPARATIVE_WHAT_IF_ONLY,PENDING_VALIDATION,COMPLETE
1.0,OP_AVAIL_EXACT95_LOW_CAPACITY_AVAIL_JOINT_MINUS_4_MINUS_3,56b5c732766e7dd4952e1300365fcd02ef95a48a8e68991d791c227fc21e1360,TASK3_OPERATIONAL_POOLED_V1,CAPACITY_AVAIL_JOINT_MINUS_4_MINUS_3,CAPACITY,REFERENCE_ASSUMPTION_SANDBOX_V1,LOCAL_WINDOW_HPP_EXACT95_LOW,7,202607290000,202608290071,202608290072,202608290073,202608290074,EMPTY_AND_IDLE,HPP,300.000000000,334.009467665,FULL_DRAIN,AnyLogic,8.9.9.202607020720,NOT_CALIBRATED,COMPARATIVE_WHAT_IF_ONLY,PENDING_VALIDATION,COMPLETE
1.0,OP_AVAIL_EXACT95_LOW_CAPACITY_AVAIL_JOINT_MINUS_4_MINUS_3,56b5c732766e7dd4952e1300365fcd02ef95a48a8e68991d791c227fc21e1360,TASK3_OPERATIONAL_POOLED_V1,CAPACITY_AVAIL_JOINT_MINUS_4_MINUS_3,CAPACITY,REFERENCE_ASSUMPTION_SANDBOX_V1,LOCAL_WINDOW_HPP_EXACT95_LOW,8,202607290000,202608290081,202608290082,202608290083,202608290084,EMPTY_AND_IDLE,HPP,300.000000000,334.204293046,FULL_DRAIN,AnyLogic,8.9.9.202607020720,NOT_CALIBRATED,COMPARATIVE_WHAT_IF_ONLY,PENDING_VALIDATION,COMPLETE
1.0,OP_AVAIL_EXACT95_LOW_CAPACITY_AVAIL_JOINT_MINUS_4_MINUS_3,56b5c732766e7dd4952e1300365fcd02ef95a48a8e68991d791c227fc21e1360,TASK3_OPERATIONAL_POOLED_V1,CAPACITY_AVAIL_JOINT_MINUS_4_MINUS_3,CAPACITY,REFERENCE_ASSUMPTION_SANDBOX_V1,LOCAL_WINDOW_HPP_EXACT95_LOW,9,202607290000,202608290091,202608290092,202608290093,202608290094,EMPTY_AND_IDLE,HPP,300.000000000,334.651209542,FULL_DRAIN,AnyLogic,8.9.9.202607020720,NOT_CALIBRATED,COMPARATIVE_WHAT_IF_ONLY,PENDING_VALIDATION,COMPLETE
1.0,OP_AVAIL_EXACT95_LOW_CAPACITY_AVAIL_JOINT_MINUS_4_MINUS_3,56b5c732766e7dd4952e1300365fcd02ef95a48a8e68991d791c227fc21e1360,TASK3_OPERATIONAL_POOLED_V1,CAPACITY_AVAIL_JOINT_MINUS_4_MINUS_3,CAPACITY,REFERENCE_ASSUMPTION_SANDBOX_V1,LOCAL_WINDOW_HPP_EXACT95_LOW,10,202607290000,202608290101,202608290102,202608290103,202608290104,EMPTY_AND_IDLE,HPP,300.000000000,333.986965101,FULL_DRAIN,AnyLogic,8.9.9.202607020720,NOT_CALIBRATED,COMPARATIVE_WHAT_IF_ONLY,PENDING_VALIDATION,COMPLETE
1.0,OP_AVAIL_EXACT95_LOW_CAPACITY_AVAIL_JOINT_MINUS_4_MINUS_3,56b5c732766e7dd4952e1300365fcd02ef95a48a8e68991d791c227fc21e1360,TASK3_OPERATIONAL_POOLED_V1,CAPACITY_AVAIL_JOINT_MINUS_4_MINUS_3,CAPACITY,REFERENCE_ASSUMPTION_SANDBOX_V1,LOCAL_WINDOW_HPP_EXACT95_LOW,11,202607290000,202608290111,202608290112,202608290113,202608290114,EMPTY_AND_IDLE,HPP,300.000000000,334.383425690,FULL_DRAIN,AnyLogic,8.9.9.202607020720,NOT_CALIBRATED,COMPARATIVE_WHAT_IF_ONLY,PENDING_VALIDATION,COMPLETE
1.0,OP_AVAIL_EXACT95_LOW_CAPACITY_AVAIL_JOINT_MINUS_4_MINUS_3,56b5c732766e7dd4952e1300365fcd02ef95a48a8e68991d791c227fc21e1360,TASK3_OPERATIONAL_POOLED_V1,CAPACITY_AVAIL_JOINT_MINUS_4_MINUS_3,CAPACITY,REFERENCE_ASSUMPTION_SANDBOX_V1,LOCAL_WINDOW_HPP_EXACT95_LOW,12,202607290000,202608290121,202608290122,202608290123,202608290124,EMPTY_AND_IDLE,HPP,300.000000000,336.675944538,FULL_DRAIN,AnyLogic,8.9.9.202607020720,NOT_CALIBRATED,COMPARATIVE_WHAT_IF_ONLY,PENDING_VALIDATION,COMPLETE
1.0,OP_AVAIL_EXACT95_LOW_CAPACITY_AVAIL_JOINT_MINUS_4_MINUS_3,56b5c732766e7dd4952e1300365fcd02ef95a48a8e68991d791c227fc21e1360,TASK3_OPERATIONAL_POOLED_V1,CAPACITY_AVAIL_JOINT_MINUS_4_MINUS_3,CAPACITY,REFERENCE_ASSUMPTION_SANDBOX_V1,LOCAL_WINDOW_HPP_EXACT95_LOW,13,202607290000,202608290131,202608290132,202608290133,202608290134,EMPTY_AND_IDLE,HPP,300.000000000,334.664495631,FULL_DRAIN,AnyLogic,8.9.9.202607020720,NOT_CALIBRATED,COMPARATIVE_WHAT_IF_ONLY,PENDING_VALIDATION,COMPLETE
1.0,OP_AVAIL_EXACT95_LOW_CAPACITY_AVAIL_JOINT_MINUS_4_MINUS_3,56b5c732766e7dd4952e1300365fcd02ef95a48a8e68991d791c227fc21e1360,TASK3_OPERATIONAL_POOLED_V1,CAPACITY_AVAIL_JOINT_MINUS_4_MINUS_3,CAPACITY,REFERENCE_ASSUMPTION_SANDBOX_V1,LOCAL_WINDOW_HPP_EXACT95_LOW,14,202607290000,202608290141,202608290142,202608290143,202608290144,EMPTY_AND_IDLE,HPP,300.000000000,334.504039286,FULL_DRAIN,AnyLogic,8.9.9.202607020720,NOT_CALIBRATED,COMPARATIVE_WHAT_IF_ONLY,PENDING_VALIDATION,COMPLETE
1.0,OP_AVAIL_EXACT95_LOW_CAPACITY_AVAIL_JOINT_MINUS_4_MINUS_3,56b5c732766e7dd4952e1300365fcd02ef95a48a8e68991d791c227fc21e1360,TASK3_OPERATIONAL_POOLED_V1,CAPACITY_AVAIL_JOINT_MINUS_4_MINUS_3,CAPACITY,REFERENCE_ASSUMPTION_SANDBOX_V1,LOCAL_WINDOW_HPP_EXACT95_LOW,15,202607290000,202608290151,202608290152,202608290153,202608290154,EMPTY_AND_IDLE,HPP,300.000000000,334.767924815,FULL_DRAIN,AnyLogic,8.9.9.202607020720,NOT_CALIBRATED,COMPARATIVE_WHAT_IF_ONLY,PENDING_VALIDATION,COMPLETE
1.0,OP_AVAIL_EXACT95_LOW_CAPACITY_AVAIL_JOINT_MINUS_4_MINUS_3,56b5c732766e7dd4952e1300365fcd02ef95a48a8e68991d791c227fc21e1360,TASK3_OPERATIONAL_POOLED_V1,CAPACITY_AVAIL_JOINT_MINUS_4_MINUS_3,CAPACITY,REFERENCE_ASSUMPTION_SANDBOX_V1,LOCAL_WINDOW_HPP_EXACT95_LOW,16,202607290000,202608290161,202608290162,202608290163,202608290164,EMPTY_AND_IDLE,HPP,300.000000000,334.431918804,FULL_DRAIN,AnyLogic,8.9.9.202607020720,NOT_CALIBRATED,COMPARATIVE_WHAT_IF_ONLY,PENDING_VALIDATION,COMPLETE
1.0,OP_AVAIL_EXACT95_LOW_CAPACITY_AVAIL_JOINT_MINUS_4_MINUS_3,56b5c732766e7dd4952e1300365fcd02ef95a48a8e68991d791c227fc21e1360,TASK3_OPERATIONAL_POOLED_V1,CAPACITY_AVAIL_JOINT_MINUS_4_MINUS_3,CAPACITY,REFERENCE_ASSUMPTION_SANDBOX_V1,LOCAL_WINDOW_HPP_EXACT95_LOW,17,202607290000,202608290171,202608290172,202608290173,202608290174,EMPTY_AND_IDLE,HPP,300.000000000,335.939427486,FULL_DRAIN,AnyLogic,8.9.9.202607020720,NOT_CALIBRATED,COMPARATIVE_WHAT_IF_ONLY,PENDING_VALIDATION,COMPLETE
1.0,OP_AVAIL_EXACT95_LOW_CAPACITY_AVAIL_JOINT_MINUS_4_MINUS_3,56b5c732766e7dd4952e1300365fcd02ef95a48a8e68991d791c227fc21e1360,TASK3_OPERATIONAL_POOLED_V1,CAPACITY_AVAIL_JOINT_MINUS_4_MINUS_3,CAPACITY,REFERENCE_ASSUMPTION_SANDBOX_V1,LOCAL_WINDOW_HPP_EXACT95_LOW,18,202607290000,202608290181,202608290182,202608290183,202608290184,EMPTY_AND_IDLE,HPP,300.000000000,333.369913239,FULL_DRAIN,AnyLogic,8.9.9.202607020720,NOT_CALIBRATED,COMPARATIVE_WHAT_IF_ONLY,PENDING_VALIDATION,COMPLETE
1.0,OP_AVAIL_EXACT95_LOW_CAPACITY_AVAIL_JOINT_MINUS_4_MINUS_3,56b5c732766e7dd4952e1300365fcd02ef95a48a8e68991d791c227fc21e1360,TASK3_OPERATIONAL_POOLED_V1,CAPACITY_AVAIL_JOINT_MINUS_4_MINUS_3,CAPACITY,REFERENCE_ASSUMPTION_SANDBOX_V1,LOCAL_WINDOW_HPP_EXACT95_LOW,19,202607290000,202608290191,202608290192,202608290193,202608290194,EMPTY_AND_IDLE,HPP,300.000000000,334.345704763,FULL_DRAIN,AnyLogic,8.9.9.202607020720,NOT_CALIBRATED,COMPARATIVE_WHAT_IF_ONLY,PENDING_VALIDATION,COMPLETE
1.0,OP_AVAIL_EXACT95_LOW_CAPACITY_AVAIL_JOINT_MINUS_4_MINUS_3,56b5c732766e7dd4952e1300365fcd02ef95a48a8e68991d791c227fc21e1360,TASK3_OPERATIONAL_POOLED_V1,CAPACITY_AVAIL_JOINT_MINUS_4_MINUS_3,CAPACITY,REFERENCE_ASSUMPTION_SANDBOX_V1,LOCAL_WINDOW_HPP_EXACT95_LOW,20,202607290000,202608290201,202608290202,202608290203,202608290204,EMPTY_AND_IDLE,HPP,300.000000000,333.059981036,FULL_DRAIN,AnyLogic,8.9.9.202607020720,NOT_CALIBRATED,COMPARATIVE_WHAT_IF_ONLY,PENDING_VALIDATION,COMPLETE
1.0,OP_AVAIL_EXACT95_LOW_CAPACITY_AVAIL_JOINT_MINUS_4_MINUS_3,56b5c732766e7dd4952e1300365fcd02ef95a48a8e68991d791c227fc21e1360,TASK3_OPERATIONAL_POOLED_V1,CAPACITY_AVAIL_JOINT_MINUS_4_MINUS_3,CAPACITY,REFERENCE_ASSUMPTION_SANDBOX_V1,LOCAL_WINDOW_HPP_EXACT95_LOW,21,202607290000,202608290211,202608290212,202608290213,202608290214,EMPTY_AND_IDLE,HPP,300.000000000,334.383882730,FULL_DRAIN,AnyLogic,8.9.9.202607020720,NOT_CALIBRATED,COMPARATIVE_WHAT_IF_ONLY,PENDING_VALIDATION,COMPLETE
1.0,OP_AVAIL_EXACT95_LOW_CAPACITY_AVAIL_JOINT_MINUS_4_MINUS_3,56b5c732766e7dd4952e1300365fcd02ef95a48a8e68991d791c227fc21e1360,TASK3_OPERATIONAL_POOLED_V1,CAPACITY_AVAIL_JOINT_MINUS_4_MINUS_3,CAPACITY,REFERENCE_ASSUMPTION_SANDBOX_V1,LOCAL_WINDOW_HPP_EXACT95_LOW,22,202607290000,202608290221,202608290222,202608290223,202608290224,EMPTY_AND_IDLE,HPP,300.000000000,336.567106151,FULL_DRAIN,AnyLogic,8.9.9.202607020720,NOT_CALIBRATED,COMPARATIVE_WHAT_IF_ONLY,PENDING_VALIDATION,COMPLETE
1.0,OP_AVAIL_EXACT95_LOW_CAPACITY_AVAIL_JOINT_MINUS_4_MINUS_3,56b5c732766e7dd4952e1300365fcd02ef95a48a8e68991d791c227fc21e1360,TASK3_OPERATIONAL_POOLED_V1,CAPACITY_AVAIL_JOINT_MINUS_4_MINUS_3,CAPACITY,REFERENCE_ASSUMPTION_SANDBOX_V1,LOCAL_WINDOW_HPP_EXACT95_LOW,23,202607290000,202608290231,202608290232,202608290233,202608290234,EMPTY_AND_IDLE,HPP,300.000000000,333.884950245,FULL_DRAIN,AnyLogic,8.9.9.202607020720,NOT_CALIBRATED,COMPARATIVE_WHAT_IF_ONLY,PENDING_VALIDATION,COMPLETE
1.0,OP_AVAIL_EXACT95_LOW_CAPACITY_AVAIL_JOINT_MINUS_4_MINUS_3,56b5c732766e7dd4952e1300365fcd02ef95a48a8e68991d791c227fc21e1360,TASK3_OPERATIONAL_POOLED_V1,CAPACITY_AVAIL_JOINT_MINUS_4_MINUS_3,CAPACITY,REFERENCE_ASSUMPTION_SANDBOX_V1,LOCAL_WINDOW_HPP_EXACT95_LOW,24,202607290000,202608290241,202608290242,202608290243,202608290244,EMPTY_AND_IDLE,HPP,300.000000000,335.637443270,FULL_DRAIN,AnyLogic,8.9.9.202607020720,NOT_CALIBRATED,COMPARATIVE_WHAT_IF_ONLY,PENDING_VALIDATION,COMPLETE
1.0,OP_AVAIL_EXACT95_LOW_CAPACITY_AVAIL_JOINT_MINUS_4_MINUS_3,56b5c732766e7dd4952e1300365fcd02ef95a48a8e68991d791c227fc21e1360,TASK3_OPERATIONAL_POOLED_V1,CAPACITY_AVAIL_JOINT_MINUS_4_MINUS_3,CAPACITY,REFERENCE_ASSUMPTION_SANDBOX_V1,LOCAL_WINDOW_HPP_EXACT95_LOW,25,202607290000,202608290251,202608290252,202608290253,202608290254,EMPTY_AND_IDLE,HPP,300.000000000,333.803665910,FULL_DRAIN,AnyLogic,8.9.9.202607020720,NOT_CALIBRATED,COMPARATIVE_WHAT_IF_ONLY,PENDING_VALIDATION,COMPLETE
1.0,OP_AVAIL_EXACT95_LOW_CAPACITY_AVAIL_JOINT_MINUS_4_MINUS_3,56b5c732766e7dd4952e1300365fcd02ef95a48a8e68991d791c227fc21e1360,TASK3_OPERATIONAL_POOLED_V1,CAPACITY_AVAIL_JOINT_MINUS_4_MINUS_3,CAPACITY,REFERENCE_ASSUMPTION_SANDBOX_V1,LOCAL_WINDOW_HPP_EXACT95_LOW,26,202607290000,202608290261,202608290262,202608290263,202608290264,EMPTY_AND_IDLE,HPP,300.000000000,334.692628558,FULL_DRAIN,AnyLogic,8.9.9.202607020720,NOT_CALIBRATED,COMPARATIVE_WHAT_IF_ONLY,PENDING_VALIDATION,COMPLETE
1.0,OP_AVAIL_EXACT95_LOW_CAPACITY_AVAIL_JOINT_MINUS_4_MINUS_3,56b5c732766e7dd4952e1300365fcd02ef95a48a8e68991d791c227fc21e1360,TASK3_OPERATIONAL_POOLED_V1,CAPACITY_AVAIL_JOINT_MINUS_4_MINUS_3,CAPACITY,REFERENCE_ASSUMPTION_SANDBOX_V1,LOCAL_WINDOW_HPP_EXACT95_LOW,27,202607290000,202608290271,202608290272,202608290273,202608290274,EMPTY_AND_IDLE,HPP,300.000000000,332.497741530,FULL_DRAIN,AnyLogic,8.9.9.202607020720,NOT_CALIBRATED,COMPARATIVE_WHAT_IF_ONLY,PENDING_VALIDATION,COMPLETE
1.0,OP_AVAIL_EXACT95_LOW_CAPACITY_AVAIL_JOINT_MINUS_4_MINUS_3,56b5c732766e7dd4952e1300365fcd02ef95a48a8e68991d791c227fc21e1360,TASK3_OPERATIONAL_POOLED_V1,CAPACITY_AVAIL_JOINT_MINUS_4_MINUS_3,CAPACITY,REFERENCE_ASSUMPTION_SANDBOX_V1,LOCAL_WINDOW_HPP_EXACT95_LOW,28,202607290000,202608290281,202608290282,202608290283,202608290284,EMPTY_AND_IDLE,HPP,300.000000000,334.557393197,FULL_DRAIN,AnyLogic,8.9.9.202607020720,NOT_CALIBRATED,COMPARATIVE_WHAT_IF_ONLY,PENDING_VALIDATION,COMPLETE
1.0,OP_AVAIL_EXACT95_LOW_CAPACITY_AVAIL_JOINT_MINUS_4_MINUS_3,56b5c732766e7dd4952e1300365fcd02ef95a48a8e68991d791c227fc21e1360,TASK3_OPERATIONAL_POOLED_V1,CAPACITY_AVAIL_JOINT_MINUS_4_MINUS_3,CAPACITY,REFERENCE_ASSUMPTION_SANDBOX_V1,LOCAL_WINDOW_HPP_EXACT95_LOW,29,202607290000,202608290291,202608290292,202608290293,202608290294,EMPTY_AND_IDLE,HPP,300.000000000,334.055309304,FULL_DRAIN,AnyLogic,8.9.9.202607020720,NOT_CALIBRATED,COMPARATIVE_WHAT_IF_ONLY,PENDING_VALIDATION,COMPLETE
1.0,OP_AVAIL_EXACT95_LOW_CAPACITY_AVAIL_JOINT_MINUS_4_MINUS_3,56b5c732766e7dd4952e1300365fcd02ef95a48a8e68991d791c227fc21e1360,TASK3_OPERATIONAL_POOLED_V1,CAPACITY_AVAIL_JOINT_MINUS_4_MINUS_3,CAPACITY,REFERENCE_ASSUMPTION_SANDBOX_V1,LOCAL_WINDOW_HPP_EXACT95_LOW,30,202607290000,202608290301,202608290302,202608290303,202608290304,EMPTY_AND_IDLE,HPP,300.000000000,333.547081962,FULL_DRAIN,AnyLogic,8.9.9.202607020720,NOT_CALIBRATED,COMPARATIVE_WHAT_IF_ONLY,PENDING_VALIDATION,COMPLETE
1.0,OP_AVAIL_EXACT95_LOW_CAPACITY_AVAIL_JOINT_MINUS_4_MINUS_3,56b5c732766e7dd4952e1300365fcd02ef95a48a8e68991d791c227fc21e1360,TASK3_OPERATIONAL_POOLED_V1,CAPACITY_AVAIL_JOINT_MINUS_4_MINUS_3,CAPACITY,REFERENCE_ASSUMPTION_SANDBOX_V1,LOCAL_WINDOW_HPP_EXACT95_LOW,31,202607290000,202608290311,202608290312,202608290313,202608290314,EMPTY_AND_IDLE,HPP,300.000000000,332.500307393,FULL_DRAIN,AnyLogic,8.9.9.202607020720,NOT_CALIBRATED,COMPARATIVE_WHAT_IF_ONLY,PENDING_VALIDATION,COMPLETE
1.0,OP_AVAIL_EXACT95_LOW_CAPACITY_AVAIL_JOINT_MINUS_4_MINUS_3,56b5c732766e7dd4952e1300365fcd02ef95a48a8e68991d791c227fc21e1360,TASK3_OPERATIONAL_POOLED_V1,CAPACITY_AVAIL_JOINT_MINUS_4_MINUS_3,CAPACITY,REFERENCE_ASSUMPTION_SANDBOX_V1,LOCAL_WINDOW_HPP_EXACT95_LOW,32,202607290000,202608290321,202608290322,202608290323,202608290324,EMPTY_AND_IDLE,HPP,300.000000000,335.188766742,FULL_DRAIN,AnyLogic,8.9.9.202607020720,NOT_CALIBRATED,COMPARATIVE_WHAT_IF_ONLY,PENDING_VALIDATION,COMPLETE
1.0,OP_AVAIL_EXACT95_LOW_CAPACITY_AVAIL_JOINT_MINUS_4_MINUS_3,56b5c732766e7dd4952e1300365fcd02ef95a48a8e68991d791c227fc21e1360,TASK3_OPERATIONAL_POOLED_V1,CAPACITY_AVAIL_JOINT_MINUS_4_MINUS_3,CAPACITY,REFERENCE_ASSUMPTION_SANDBOX_V1,LOCAL_WINDOW_HPP_EXACT95_LOW,33,202607290000,202608290331,202608290332,202608290333,202608290334,EMPTY_AND_IDLE,HPP,300.000000000,333.353517328,FULL_DRAIN,AnyLogic,8.9.9.202607020720,NOT_CALIBRATED,COMPARATIVE_WHAT_IF_ONLY,PENDING_VALIDATION,COMPLETE
1.0,OP_AVAIL_EXACT95_LOW_CAPACITY_AVAIL_JOINT_MINUS_4_MINUS_3,56b5c732766e7dd4952e1300365fcd02ef95a48a8e68991d791c227fc21e1360,TASK3_OPERATIONAL_POOLED_V1,CAPACITY_AVAIL_JOINT_MINUS_4_MINUS_3,CAPACITY,REFERENCE_ASSUMPTION_SANDBOX_V1,LOCAL_WINDOW_HPP_EXACT95_LOW,34,202607290000,202608290341,202608290342,202608290343,202608290344,EMPTY_AND_IDLE,HPP,300.000000000,333.918653247,FULL_DRAIN,AnyLogic,8.9.9.202607020720,NOT_CALIBRATED,COMPARATIVE_WHAT_IF_ONLY,PENDING_VALIDATION,COMPLETE
1.0,OP_AVAIL_EXACT95_LOW_CAPACITY_AVAIL_JOINT_MINUS_4_MINUS_3,56b5c732766e7dd4952e1300365fcd02ef95a48a8e68991d791c227fc21e1360,TASK3_OPERATIONAL_POOLED_V1,CAPACITY_AVAIL_JOINT_MINUS_4_MINUS_3,CAPACITY,REFERENCE_ASSUMPTION_SANDBOX_V1,LOCAL_WINDOW_HPP_EXACT95_LOW,35,202607290000,202608290351,202608290352,202608290353,202608290354,EMPTY_AND_IDLE,HPP,300.000000000,334.031797309,FULL_DRAIN,AnyLogic,8.9.9.202607020720,NOT_CALIBRATED,COMPARATIVE_WHAT_IF_ONLY,PENDING_VALIDATION,COMPLETE
1.0,OP_AVAIL_EXACT95_LOW_CAPACITY_AVAIL_JOINT_MINUS_4_MINUS_3,56b5c732766e7dd4952e1300365fcd02ef95a48a8e68991d791c227fc21e1360,TASK3_OPERATIONAL_POOLED_V1,CAPACITY_AVAIL_JOINT_MINUS_4_MINUS_3,CAPACITY,REFERENCE_ASSUMPTION_SANDBOX_V1,LOCAL_WINDOW_HPP_EXACT95_LOW,36,202607290000,202608290361,202608290362,202608290363,202608290364,EMPTY_AND_IDLE,HPP,300.000000000,334.046219248,FULL_DRAIN,AnyLogic,8.9.9.202607020720,NOT_CALIBRATED,COMPARATIVE_WHAT_IF_ONLY,PENDING_VALIDATION,COMPLETE
1.0,OP_AVAIL_EXACT95_LOW_CAPACITY_AVAIL_JOINT_MINUS_4_MINUS_3,56b5c732766e7dd4952e1300365fcd02ef95a48a8e68991d791c227fc21e1360,TASK3_OPERATIONAL_POOLED_V1,CAPACITY_AVAIL_JOINT_MINUS_4_MINUS_3,CAPACITY,REFERENCE_ASSUMPTION_SANDBOX_V1,LOCAL_WINDOW_HPP_EXACT95_LOW,37,202607290000,202608290371,202608290372,202608290373,202608290374,EMPTY_AND_IDLE,HPP,300.000000000,334.078766339,FULL_DRAIN,AnyLogic,8.9.9.202607020720,NOT_CALIBRATED,COMPARATIVE_WHAT_IF_ONLY,PENDING_VALIDATION,COMPLETE
1.0,OP_AVAIL_EXACT95_LOW_CAPACITY_AVAIL_JOINT_MINUS_4_MINUS_3,56b5c732766e7dd4952e1300365fcd02ef95a48a8e68991d791c227fc21e1360,TASK3_OPERATIONAL_POOLED_V1,CAPACITY_AVAIL_JOINT_MINUS_4_MINUS_3,CAPACITY,REFERENCE_ASSUMPTION_SANDBOX_V1,LOCAL_WINDOW_HPP_EXACT95_LOW,38,202607290000,202608290381,202608290382,202608290383,202608290384,EMPTY_AND_IDLE,HPP,300.000000000,333.973818889,FULL_DRAIN,AnyLogic,8.9.9.202607020720,NOT_CALIBRATED,COMPARATIVE_WHAT_IF_ONLY,PENDING_VALIDATION,COMPLETE
1.0,OP_AVAIL_EXACT95_LOW_CAPACITY_AVAIL_JOINT_MINUS_4_MINUS_3,56b5c732766e7dd4952e1300365fcd02ef95a48a8e68991d791c227fc21e1360,TASK3_OPERATIONAL_POOLED_V1,CAPACITY_AVAIL_JOINT_MINUS_4_MINUS_3,CAPACITY,REFERENCE_ASSUMPTION_SANDBOX_V1,LOCAL_WINDOW_HPP_EXACT95_LOW,39,202607290000,202608290391,202608290392,202608290393,202608290394,EMPTY_AND_IDLE,HPP,300.000000000,333.227369168,FULL_DRAIN,AnyLogic,8.9.9.202607020720,NOT_CALIBRATED,COMPARATIVE_WHAT_IF_ONLY,PENDING_VALIDATION,COMPLETE
1.0,OP_AVAIL_EXACT95_LOW_CAPACITY_AVAIL_JOINT_MINUS_4_MINUS_3,56b5c732766e7dd4952e1300365fcd02ef95a48a8e68991d791c227fc21e1360,TASK3_OPERATIONAL_POOLED_V1,CAPACITY_AVAIL_JOINT_MINUS_4_MINUS_3,CAPACITY,REFERENCE_ASSUMPTION_SANDBOX_V1,LOCAL_WINDOW_HPP_EXACT95_LOW,40,202607290000,202608290401,202608290402,202608290403,202608290404,EMPTY_AND_IDLE,HPP,300.000000000,334.470914622,FULL_DRAIN,AnyLogic,8.9.9.202607020720,NOT_CALIBRATED,COMPARATIVE_WHAT_IF_ONLY,PENDING_VALIDATION,COMPLETE
1.0,OP_AVAIL_EXACT95_LOW_CAPACITY_AVAIL_JOINT_MINUS_4_MINUS_3,56b5c732766e7dd4952e1300365fcd02ef95a48a8e68991d791c227fc21e1360,TASK3_OPERATIONAL_POOLED_V1,CAPACITY_AVAIL_JOINT_MINUS_4_MINUS_3,CAPACITY,REFERENCE_ASSUMPTION_SANDBOX_V1,LOCAL_WINDOW_HPP_EXACT95_LOW,41,202607290000,202608290411,202608290412,202608290413,202608290414,EMPTY_AND_IDLE,HPP,300.000000000,334.039386969,FULL_DRAIN,AnyLogic,8.9.9.202607020720,NOT_CALIBRATED,COMPARATIVE_WHAT_IF_ONLY,PENDING_VALIDATION,COMPLETE
1.0,OP_AVAIL_EXACT95_LOW_CAPACITY_AVAIL_JOINT_MINUS_4_MINUS_3,56b5c732766e7dd4952e1300365fcd02ef95a48a8e68991d791c227fc21e1360,TASK3_OPERATIONAL_POOLED_V1,CAPACITY_AVAIL_JOINT_MINUS_4_MINUS_3,CAPACITY,REFERENCE_ASSUMPTION_SANDBOX_V1,LOCAL_WINDOW_HPP_EXACT95_LOW,42,202607290000,202608290421,202608290422,202608290423,202608290424,EMPTY_AND_IDLE,HPP,300.000000000,334.117691289,FULL_DRAIN,AnyLogic,8.9.9.202607020720,NOT_CALIBRATED,COMPARATIVE_WHAT_IF_ONLY,PENDING_VALIDATION,COMPLETE
1.0,OP_AVAIL_EXACT95_LOW_CAPACITY_AVAIL_JOINT_MINUS_4_MINUS_3,56b5c732766e7dd4952e1300365fcd02ef95a48a8e68991d791c227fc21e1360,TASK3_OPERATIONAL_POOLED_V1,CAPACITY_AVAIL_JOINT_MINUS_4_MINUS_3,CAPACITY,REFERENCE_ASSUMPTION_SANDBOX_V1,LOCAL_WINDOW_HPP_EXACT95_LOW,43,202607290000,202608290431,202608290432,202608290433,202608290434,EMPTY_AND_IDLE,HPP,300.000000000,334.595220486,FULL_DRAIN,AnyLogic,8.9.9.202607020720,NOT_CALIBRATED,COMPARATIVE_WHAT_IF_ONLY,PENDING_VALIDATION,COMPLETE
1.0,OP_AVAIL_EXACT95_LOW_CAPACITY_AVAIL_JOINT_MINUS_4_MINUS_3,56b5c732766e7dd4952e1300365fcd02ef95a48a8e68991d791c227fc21e1360,TASK3_OPERATIONAL_POOLED_V1,CAPACITY_AVAIL_JOINT_MINUS_4_MINUS_3,CAPACITY,REFERENCE_ASSUMPTION_SANDBOX_V1,LOCAL_WINDOW_HPP_EXACT95_LOW,44,202607290000,202608290441,202608290442,202608290443,202608290444,EMPTY_AND_IDLE,HPP,300.000000000,333.612131684,FULL_DRAIN,AnyLogic,8.9.9.202607020720,NOT_CALIBRATED,COMPARATIVE_WHAT_IF_ONLY,PENDING_VALIDATION,COMPLETE
1.0,OP_AVAIL_EXACT95_LOW_CAPACITY_AVAIL_JOINT_MINUS_4_MINUS_3,56b5c732766e7dd4952e1300365fcd02ef95a48a8e68991d791c227fc21e1360,TASK3_OPERATIONAL_POOLED_V1,CAPACITY_AVAIL_JOINT_MINUS_4_MINUS_3,CAPACITY,REFERENCE_ASSUMPTION_SANDBOX_V1,LOCAL_WINDOW_HPP_EXACT95_LOW,45,202607290000,202608290451,202608290452,202608290453,202608290454,EMPTY_AND_IDLE,HPP,300.000000000,335.272545013,FULL_DRAIN,AnyLogic,8.9.9.202607020720,NOT_CALIBRATED,COMPARATIVE_WHAT_IF_ONLY,PENDING_VALIDATION,COMPLETE
1.0,OP_AVAIL_EXACT95_LOW_CAPACITY_AVAIL_JOINT_MINUS_4_MINUS_3,56b5c732766e7dd4952e1300365fcd02ef95a48a8e68991d791c227fc21e1360,TASK3_OPERATIONAL_POOLED_V1,CAPACITY_AVAIL_JOINT_MINUS_4_MINUS_3,CAPACITY,REFERENCE_ASSUMPTION_SANDBOX_V1,LOCAL_WINDOW_HPP_EXACT95_LOW,46,202607290000,202608290461,202608290462,202608290463,202608290464,EMPTY_AND_IDLE,HPP,300.000000000,335.230534980,FULL_DRAIN,AnyLogic,8.9.9.202607020720,NOT_CALIBRATED,COMPARATIVE_WHAT_IF_ONLY,PENDING_VALIDATION,COMPLETE
1.0,OP_AVAIL_EXACT95_LOW_CAPACITY_AVAIL_JOINT_MINUS_4_MINUS_3,56b5c732766e7dd4952e1300365fcd02ef95a48a8e68991d791c227fc21e1360,TASK3_OPERATIONAL_POOLED_V1,CAPACITY_AVAIL_JOINT_MINUS_4_MINUS_3,CAPACITY,REFERENCE_ASSUMPTION_SANDBOX_V1,LOCAL_WINDOW_HPP_EXACT95_LOW,47,202607290000,202608290471,202608290472,202608290473,202608290474,EMPTY_AND_IDLE,HPP,300.000000000,329.184016045,FULL_DRAIN,AnyLogic,8.9.9.202607020720,NOT_CALIBRATED,COMPARATIVE_WHAT_IF_ONLY,PENDING_VALIDATION,COMPLETE
1.0,OP_AVAIL_EXACT95_LOW_CAPACITY_AVAIL_JOINT_MINUS_4_MINUS_3,56b5c732766e7dd4952e1300365fcd02ef95a48a8e68991d791c227fc21e1360,TASK3_OPERATIONAL_POOLED_V1,CAPACITY_AVAIL_JOINT_MINUS_4_MINUS_3,CAPACITY,REFERENCE_ASSUMPTION_SANDBOX_V1,LOCAL_WINDOW_HPP_EXACT95_LOW,48,202607290000,202608290481,202608290482,202608290483,202608290484,EMPTY_AND_IDLE,HPP,300.000000000,334.462782154,FULL_DRAIN,AnyLogic,8.9.9.202607020720,NOT_CALIBRATED,COMPARATIVE_WHAT_IF_ONLY,PENDING_VALIDATION,COMPLETE
1.0,OP_AVAIL_EXACT95_LOW_CAPACITY_AVAIL_JOINT_MINUS_4_MINUS_3,56b5c732766e7dd4952e1300365fcd02ef95a48a8e68991d791c227fc21e1360,TASK3_OPERATIONAL_POOLED_V1,CAPACITY_AVAIL_JOINT_MINUS_4_MINUS_3,CAPACITY,REFERENCE_ASSUMPTION_SANDBOX_V1,LOCAL_WINDOW_HPP_EXACT95_LOW,49,202607290000,202608290491,202608290492,202608290493,202608290494,EMPTY_AND_IDLE,HPP,300.000000000,330.242669127,FULL_DRAIN,AnyLogic,8.9.9.202607020720,NOT_CALIBRATED,COMPARATIVE_WHAT_IF_ONLY,PENDING_VALIDATION,COMPLETE
1.0,OP_AVAIL_EXACT95_LOW_CAPACITY_AVAIL_JOINT_MINUS_4_MINUS_3,56b5c732766e7dd4952e1300365fcd02ef95a48a8e68991d791c227fc21e1360,TASK3_OPERATIONAL_POOLED_V1,CAPACITY_AVAIL_JOINT_MINUS_4_MINUS_3,CAPACITY,REFERENCE_ASSUMPTION_SANDBOX_V1,LOCAL_WINDOW_HPP_EXACT95_LOW,50,202607290000,202608290501,202608290502,202608290503,202608290504,EMPTY_AND_IDLE,HPP,300.000000000,334.204179571,FULL_DRAIN,AnyLogic,8.9.9.202607020720,NOT_CALIBRATED,COMPARATIVE_WHAT_IF_ONLY,PENDING_VALIDATION,COMPLETE
1.0,OP_AVAIL_MLE_BASE_CAPACITY_AVAIL_SECURITY_MINUS_4,da5bd870243fa0197cda05e57cb667262cafbf6211ff72afe0c1b06720b41654,TASK3_OPERATIONAL_POOLED_V1,CAPACITY_AVAIL_SECURITY_MINUS_4,CAPACITY,REFERENCE_ASSUMPTION_SANDBOX_V1,LOCAL_WINDOW_HPP_BASE,1,202607290000,202609290011,202609290012,202609290013,202609290014,EMPTY_AND_IDLE,HPP,300.000000000,334.701527801,FULL_DRAIN,AnyLogic,8.9.9.202607020720,NOT_CALIBRATED,COMPARATIVE_WHAT_IF_ONLY,PENDING_VALIDATION,COMPLETE
1.0,OP_AVAIL_MLE_BASE_CAPACITY_AVAIL_SECURITY_MINUS_4,da5bd870243fa0197cda05e57cb667262cafbf6211ff72afe0c1b06720b41654,TASK3_OPERATIONAL_POOLED_V1,CAPACITY_AVAIL_SECURITY_MINUS_4,CAPACITY,REFERENCE_ASSUMPTION_SANDBOX_V1,LOCAL_WINDOW_HPP_BASE,2,202607290000,202609290021,202609290022,202609290023,202609290024,EMPTY_AND_IDLE,HPP,300.000000000,345.414014306,FULL_DRAIN,AnyLogic,8.9.9.202607020720,NOT_CALIBRATED,COMPARATIVE_WHAT_IF_ONLY,PENDING_VALIDATION,COMPLETE
1.0,OP_AVAIL_MLE_BASE_CAPACITY_AVAIL_SECURITY_MINUS_4,da5bd870243fa0197cda05e57cb667262cafbf6211ff72afe0c1b06720b41654,TASK3_OPERATIONAL_POOLED_V1,CAPACITY_AVAIL_SECURITY_MINUS_4,CAPACITY,REFERENCE_ASSUMPTION_SANDBOX_V1,LOCAL_WINDOW_HPP_BASE,3,202607290000,202609290031,202609290032,202609290033,202609290034,EMPTY_AND_IDLE,HPP,300.000000000,334.760392420,FULL_DRAIN,AnyLogic,8.9.9.202607020720,NOT_CALIBRATED,COMPARATIVE_WHAT_IF_ONLY,PENDING_VALIDATION,COMPLETE
1.0,OP_AVAIL_MLE_BASE_CAPACITY_AVAIL_SECURITY_MINUS_4,da5bd870243fa0197cda05e57cb667262cafbf6211ff72afe0c1b06720b41654,TASK3_OPERATIONAL_POOLED_V1,CAPACITY_AVAIL_SECURITY_MINUS_4,CAPACITY,REFERENCE_ASSUMPTION_SANDBOX_V1,LOCAL_WINDOW_HPP_BASE,4,202607290000,202609290041,202609290042,202609290043,202609290044,EMPTY_AND_IDLE,HPP,300.000000000,338.422838153,FULL_DRAIN,AnyLogic,8.9.9.202607020720,NOT_CALIBRATED,COMPARATIVE_WHAT_IF_ONLY,PENDING_VALIDATION,COMPLETE
1.0,OP_AVAIL_MLE_BASE_CAPACITY_AVAIL_SECURITY_MINUS_4,da5bd870243fa0197cda05e57cb667262cafbf6211ff72afe0c1b06720b41654,TASK3_OPERATIONAL_POOLED_V1,CAPACITY_AVAIL_SECURITY_MINUS_4,CAPACITY,REFERENCE_ASSUMPTION_SANDBOX_V1,LOCAL_WINDOW_HPP_BASE,5,202607290000,202609290051,202609290052,202609290053,202609290054,EMPTY_AND_IDLE,HPP,300.000000000,333.557018640,FULL_DRAIN,AnyLogic,8.9.9.202607020720,NOT_CALIBRATED,COMPARATIVE_WHAT_IF_ONLY,PENDING_VALIDATION,COMPLETE
1.0,OP_AVAIL_MLE_BASE_CAPACITY_AVAIL_SECURITY_MINUS_4,da5bd870243fa0197cda05e57cb667262cafbf6211ff72afe0c1b06720b41654,TASK3_OPERATIONAL_POOLED_V1,CAPACITY_AVAIL_SECURITY_MINUS_4,CAPACITY,REFERENCE_ASSUMPTION_SANDBOX_V1,LOCAL_WINDOW_HPP_BASE,6,202607290000,202609290061,202609290062,202609290063,202609290064,EMPTY_AND_IDLE,HPP,300.000000000,335.215399713,FULL_DRAIN,AnyLogic,8.9.9.202607020720,NOT_CALIBRATED,COMPARATIVE_WHAT_IF_ONLY,PENDING_VALIDATION,COMPLETE
1.0,OP_AVAIL_MLE_BASE_CAPACITY_AVAIL_SECURITY_MINUS_4,da5bd870243fa0197cda05e57cb667262cafbf6211ff72afe0c1b06720b41654,TASK3_OPERATIONAL_POOLED_V1,CAPACITY_AVAIL_SECURITY_MINUS_4,CAPACITY,REFERENCE_ASSUMPTION_SANDBOX_V1,LOCAL_WINDOW_HPP_BASE,7,202607290000,202609290071,202609290072,202609290073,202609290074,EMPTY_AND_IDLE,HPP,300.000000000,336.195485526,FULL_DRAIN,AnyLogic,8.9.9.202607020720,NOT_CALIBRATED,COMPARATIVE_WHAT_IF_ONLY,PENDING_VALIDATION,COMPLETE
1.0,OP_AVAIL_MLE_BASE_CAPACITY_AVAIL_SECURITY_MINUS_4,da5bd870243fa0197cda05e57cb667262cafbf6211ff72afe0c1b06720b41654,TASK3_OPERATIONAL_POOLED_V1,CAPACITY_AVAIL_SECURITY_MINUS_4,CAPACITY,REFERENCE_ASSUMPTION_SANDBOX_V1,LOCAL_WINDOW_HPP_BASE,8,202607290000,202609290081,202609290082,202609290083,202609290084,EMPTY_AND_IDLE,HPP,300.000000000,334.244707308,FULL_DRAIN,AnyLogic,8.9.9.202607020720,NOT_CALIBRATED,COMPARATIVE_WHAT_IF_ONLY,PENDING_VALIDATION,COMPLETE
1.0,OP_AVAIL_MLE_BASE_CAPACITY_AVAIL_SECURITY_MINUS_4,da5bd870243fa0197cda05e57cb667262cafbf6211ff72afe0c1b06720b41654,TASK3_OPERATIONAL_POOLED_V1,CAPACITY_AVAIL_SECURITY_MINUS_4,CAPACITY,REFERENCE_ASSUMPTION_SANDBOX_V1,LOCAL_WINDOW_HPP_BASE,9,202607290000,202609290091,202609290092,202609290093,202609290094,EMPTY_AND_IDLE,HPP,300.000000000,335.697720904,FULL_DRAIN,AnyLogic,8.9.9.202607020720,NOT_CALIBRATED,COMPARATIVE_WHAT_IF_ONLY,PENDING_VALIDATION,COMPLETE
1.0,OP_AVAIL_MLE_BASE_CAPACITY_AVAIL_SECURITY_MINUS_4,da5bd870243fa0197cda05e57cb667262cafbf6211ff72afe0c1b06720b41654,TASK3_OPERATIONAL_POOLED_V1,CAPACITY_AVAIL_SECURITY_MINUS_4,CAPACITY,REFERENCE_ASSUMPTION_SANDBOX_V1,LOCAL_WINDOW_HPP_BASE,10,202607290000,202609290101,202609290102,202609290103,202609290104,EMPTY_AND_IDLE,HPP,300.000000000,334.733050789,FULL_DRAIN,AnyLogic,8.9.9.202607020720,NOT_CALIBRATED,COMPARATIVE_WHAT_IF_ONLY,PENDING_VALIDATION,COMPLETE
1.0,OP_AVAIL_MLE_BASE_CAPACITY_AVAIL_SECURITY_MINUS_4,da5bd870243fa0197cda05e57cb667262cafbf6211ff72afe0c1b06720b41654,TASK3_OPERATIONAL_POOLED_V1,CAPACITY_AVAIL_SECURITY_MINUS_4,CAPACITY,REFERENCE_ASSUMPTION_SANDBOX_V1,LOCAL_WINDOW_HPP_BASE,11,202607290000,202609290111,202609290112,202609290113,202609290114,EMPTY_AND_IDLE,HPP,300.000000000,334.795505588,FULL_DRAIN,AnyLogic,8.9.9.202607020720,NOT_CALIBRATED,COMPARATIVE_WHAT_IF_ONLY,PENDING_VALIDATION,COMPLETE
1.0,OP_AVAIL_MLE_BASE_CAPACITY_AVAIL_SECURITY_MINUS_4,da5bd870243fa0197cda05e57cb667262cafbf6211ff72afe0c1b06720b41654,TASK3_OPERATIONAL_POOLED_V1,CAPACITY_AVAIL_SECURITY_MINUS_4,CAPACITY,REFERENCE_ASSUMPTION_SANDBOX_V1,LOCAL_WINDOW_HPP_BASE,12,202607290000,202609290121,202609290122,202609290123,202609290124,EMPTY_AND_IDLE,HPP,300.000000000,334.904198232,FULL_DRAIN,AnyLogic,8.9.9.202607020720,NOT_CALIBRATED,COMPARATIVE_WHAT_IF_ONLY,PENDING_VALIDATION,COMPLETE
1.0,OP_AVAIL_MLE_BASE_CAPACITY_AVAIL_SECURITY_MINUS_4,da5bd870243fa0197cda05e57cb667262cafbf6211ff72afe0c1b06720b41654,TASK3_OPERATIONAL_POOLED_V1,CAPACITY_AVAIL_SECURITY_MINUS_4,CAPACITY,REFERENCE_ASSUMPTION_SANDBOX_V1,LOCAL_WINDOW_HPP_BASE,13,202607290000,202609290131,202609290132,202609290133,202609290134,EMPTY_AND_IDLE,HPP,300.000000000,346.813913514,FULL_DRAIN,AnyLogic,8.9.9.202607020720,NOT_CALIBRATED,COMPARATIVE_WHAT_IF_ONLY,PENDING_VALIDATION,COMPLETE
1.0,OP_AVAIL_MLE_BASE_CAPACITY_AVAIL_SECURITY_MINUS_4,da5bd870243fa0197cda05e57cb667262cafbf6211ff72afe0c1b06720b41654,TASK3_OPERATIONAL_POOLED_V1,CAPACITY_AVAIL_SECURITY_MINUS_4,CAPACITY,REFERENCE_ASSUMPTION_SANDBOX_V1,LOCAL_WINDOW_HPP_BASE,14,202607290000,202609290141,202609290142,202609290143,202609290144,EMPTY_AND_IDLE,HPP,300.000000000,333.719484820,FULL_DRAIN,AnyLogic,8.9.9.202607020720,NOT_CALIBRATED,COMPARATIVE_WHAT_IF_ONLY,PENDING_VALIDATION,COMPLETE
1.0,OP_AVAIL_MLE_BASE_CAPACITY_AVAIL_SECURITY_MINUS_4,da5bd870243fa0197cda05e57cb667262cafbf6211ff72afe0c1b06720b41654,TASK3_OPERATIONAL_POOLED_V1,CAPACITY_AVAIL_SECURITY_MINUS_4,CAPACITY,REFERENCE_ASSUMPTION_SANDBOX_V1,LOCAL_WINDOW_HPP_BASE,15,202607290000,202609290151,202609290152,202609290153,202609290154,EMPTY_AND_IDLE,HPP,300.000000000,333.864251907,FULL_DRAIN,AnyLogic,8.9.9.202607020720,NOT_CALIBRATED,COMPARATIVE_WHAT_IF_ONLY,PENDING_VALIDATION,COMPLETE
1.0,OP_AVAIL_MLE_BASE_CAPACITY_AVAIL_SECURITY_MINUS_4,da5bd870243fa0197cda05e57cb667262cafbf6211ff72afe0c1b06720b41654,TASK3_OPERATIONAL_POOLED_V1,CAPACITY_AVAIL_SECURITY_MINUS_4,CAPACITY,REFERENCE_ASSUMPTION_SANDBOX_V1,LOCAL_WINDOW_HPP_BASE,16,202607290000,202609290161,202609290162,202609290163,202609290164,EMPTY_AND_IDLE,HPP,300.000000000,342.114473978,FULL_DRAIN,AnyLogic,8.9.9.202607020720,NOT_CALIBRATED,COMPARATIVE_WHAT_IF_ONLY,PENDING_VALIDATION,COMPLETE
1.0,OP_AVAIL_MLE_BASE_CAPACITY_AVAIL_SECURITY_MINUS_4,da5bd870243fa0197cda05e57cb667262cafbf6211ff72afe0c1b06720b41654,TASK3_OPERATIONAL_POOLED_V1,CAPACITY_AVAIL_SECURITY_MINUS_4,CAPACITY,REFERENCE_ASSUMPTION_SANDBOX_V1,LOCAL_WINDOW_HPP_BASE,17,202607290000,202609290171,202609290172,202609290173,202609290174,EMPTY_AND_IDLE,HPP,300.000000000,338.937421269,FULL_DRAIN,AnyLogic,8.9.9.202607020720,NOT_CALIBRATED,COMPARATIVE_WHAT_IF_ONLY,PENDING_VALIDATION,COMPLETE
1.0,OP_AVAIL_MLE_BASE_CAPACITY_AVAIL_SECURITY_MINUS_4,da5bd870243fa0197cda05e57cb667262cafbf6211ff72afe0c1b06720b41654,TASK3_OPERATIONAL_POOLED_V1,CAPACITY_AVAIL_SECURITY_MINUS_4,CAPACITY,REFERENCE_ASSUMPTION_SANDBOX_V1,LOCAL_WINDOW_HPP_BASE,18,202607290000,202609290181,202609290182,202609290183,202609290184,EMPTY_AND_IDLE,HPP,300.000000000,334.785950482,FULL_DRAIN,AnyLogic,8.9.9.202607020720,NOT_CALIBRATED,COMPARATIVE_WHAT_IF_ONLY,PENDING_VALIDATION,COMPLETE
1.0,OP_AVAIL_MLE_BASE_CAPACITY_AVAIL_SECURITY_MINUS_4,da5bd870243fa0197cda05e57cb667262cafbf6211ff72afe0c1b06720b41654,TASK3_OPERATIONAL_POOLED_V1,CAPACITY_AVAIL_SECURITY_MINUS_4,CAPACITY,REFERENCE_ASSUMPTION_SANDBOX_V1,LOCAL_WINDOW_HPP_BASE,19,202607290000,202609290191,202609290192,202609290193,202609290194,EMPTY_AND_IDLE,HPP,300.000000000,349.889878929,FULL_DRAIN,AnyLogic,8.9.9.202607020720,NOT_CALIBRATED,COMPARATIVE_WHAT_IF_ONLY,PENDING_VALIDATION,COMPLETE
1.0,OP_AVAIL_MLE_BASE_CAPACITY_AVAIL_SECURITY_MINUS_4,da5bd870243fa0197cda05e57cb667262cafbf6211ff72afe0c1b06720b41654,TASK3_OPERATIONAL_POOLED_V1,CAPACITY_AVAIL_SECURITY_MINUS_4,CAPACITY,REFERENCE_ASSUMPTION_SANDBOX_V1,LOCAL_WINDOW_HPP_BASE,20,202607290000,202609290201,202609290202,202609290203,202609290204,EMPTY_AND_IDLE,HPP,300.000000000,333.821416391,FULL_DRAIN,AnyLogic,8.9.9.202607020720,NOT_CALIBRATED,COMPARATIVE_WHAT_IF_ONLY,PENDING_VALIDATION,COMPLETE
1.0,OP_AVAIL_MLE_BASE_CAPACITY_AVAIL_SECURITY_MINUS_4,da5bd870243fa0197cda05e57cb667262cafbf6211ff72afe0c1b06720b41654,TASK3_OPERATIONAL_POOLED_V1,CAPACITY_AVAIL_SECURITY_MINUS_4,CAPACITY,REFERENCE_ASSUMPTION_SANDBOX_V1,LOCAL_WINDOW_HPP_BASE,21,202607290000,202609290211,202609290212,202609290213,202609290214,EMPTY_AND_IDLE,HPP,300.000000000,344.964082096,FULL_DRAIN,AnyLogic,8.9.9.202607020720,NOT_CALIBRATED,COMPARATIVE_WHAT_IF_ONLY,PENDING_VALIDATION,COMPLETE
1.0,OP_AVAIL_MLE_BASE_CAPACITY_AVAIL_SECURITY_MINUS_4,da5bd870243fa0197cda05e57cb667262cafbf6211ff72afe0c1b06720b41654,TASK3_OPERATIONAL_POOLED_V1,CAPACITY_AVAIL_SECURITY_MINUS_4,CAPACITY,REFERENCE_ASSUMPTION_SANDBOX_V1,LOCAL_WINDOW_HPP_BASE,22,202607290000,202609290221,202609290222,202609290223,202609290224,EMPTY_AND_IDLE,HPP,300.000000000,334.412573287,FULL_DRAIN,AnyLogic,8.9.9.202607020720,NOT_CALIBRATED,COMPARATIVE_WHAT_IF_ONLY,PENDING_VALIDATION,COMPLETE
1.0,OP_AVAIL_MLE_BASE_CAPACITY_AVAIL_SECURITY_MINUS_4,da5bd870243fa0197cda05e57cb667262cafbf6211ff72afe0c1b06720b41654,TASK3_OPERATIONAL_POOLED_V1,CAPACITY_AVAIL_SECURITY_MINUS_4,CAPACITY,REFERENCE_ASSUMPTION_SANDBOX_V1,LOCAL_WINDOW_HPP_BASE,23,202607290000,202609290231,202609290232,202609290233,202609290234,EMPTY_AND_IDLE,HPP,300.000000000,334.747190250,FULL_DRAIN,AnyLogic,8.9.9.202607020720,NOT_CALIBRATED,COMPARATIVE_WHAT_IF_ONLY,PENDING_VALIDATION,COMPLETE
1.0,OP_AVAIL_MLE_BASE_CAPACITY_AVAIL_SECURITY_MINUS_4,da5bd870243fa0197cda05e57cb667262cafbf6211ff72afe0c1b06720b41654,TASK3_OPERATIONAL_POOLED_V1,CAPACITY_AVAIL_SECURITY_MINUS_4,CAPACITY,REFERENCE_ASSUMPTION_SANDBOX_V1,LOCAL_WINDOW_HPP_BASE,24,202607290000,202609290241,202609290242,202609290243,202609290244,EMPTY_AND_IDLE,HPP,300.000000000,339.459621168,FULL_DRAIN,AnyLogic,8.9.9.202607020720,NOT_CALIBRATED,COMPARATIVE_WHAT_IF_ONLY,PENDING_VALIDATION,COMPLETE
1.0,OP_AVAIL_MLE_BASE_CAPACITY_AVAIL_SECURITY_MINUS_4,da5bd870243fa0197cda05e57cb667262cafbf6211ff72afe0c1b06720b41654,TASK3_OPERATIONAL_POOLED_V1,CAPACITY_AVAIL_SECURITY_MINUS_4,CAPACITY,REFERENCE_ASSUMPTION_SANDBOX_V1,LOCAL_WINDOW_HPP_BASE,25,202607290000,202609290251,202609290252,202609290253,202609290254,EMPTY_AND_IDLE,HPP,300.000000000,338.643240250,FULL_DRAIN,AnyLogic,8.9.9.202607020720,NOT_CALIBRATED,COMPARATIVE_WHAT_IF_ONLY,PENDING_VALIDATION,COMPLETE
1.0,OP_AVAIL_MLE_BASE_CAPACITY_AVAIL_SECURITY_MINUS_4,da5bd870243fa0197cda05e57cb667262cafbf6211ff72afe0c1b06720b41654,TASK3_OPERATIONAL_POOLED_V1,CAPACITY_AVAIL_SECURITY_MINUS_4,CAPACITY,REFERENCE_ASSUMPTION_SANDBOX_V1,LOCAL_WINDOW_HPP_BASE,26,202607290000,202609290261,202609290262,202609290263,202609290264,EMPTY_AND_IDLE,HPP,300.000000000,334.010066237,FULL_DRAIN,AnyLogic,8.9.9.202607020720,NOT_CALIBRATED,COMPARATIVE_WHAT_IF_ONLY,PENDING_VALIDATION,COMPLETE
1.0,OP_AVAIL_MLE_BASE_CAPACITY_AVAIL_SECURITY_MINUS_4,da5bd870243fa0197cda05e57cb667262cafbf6211ff72afe0c1b06720b41654,TASK3_OPERATIONAL_POOLED_V1,CAPACITY_AVAIL_SECURITY_MINUS_4,CAPACITY,REFERENCE_ASSUMPTION_SANDBOX_V1,LOCAL_WINDOW_HPP_BASE,27,202607290000,202609290271,202609290272,202609290273,202609290274,EMPTY_AND_IDLE,HPP,300.000000000,338.409393290,FULL_DRAIN,AnyLogic,8.9.9.202607020720,NOT_CALIBRATED,COMPARATIVE_WHAT_IF_ONLY,PENDING_VALIDATION,COMPLETE
1.0,OP_AVAIL_MLE_BASE_CAPACITY_AVAIL_SECURITY_MINUS_4,da5bd870243fa0197cda05e57cb667262cafbf6211ff72afe0c1b06720b41654,TASK3_OPERATIONAL_POOLED_V1,CAPACITY_AVAIL_SECURITY_MINUS_4,CAPACITY,REFERENCE_ASSUMPTION_SANDBOX_V1,LOCAL_WINDOW_HPP_BASE,28,202607290000,202609290281,202609290282,202609290283,202609290284,EMPTY_AND_IDLE,HPP,300.000000000,338.475902327,FULL_DRAIN,AnyLogic,8.9.9.202607020720,NOT_CALIBRATED,COMPARATIVE_WHAT_IF_ONLY,PENDING_VALIDATION,COMPLETE
1.0,OP_AVAIL_MLE_BASE_CAPACITY_AVAIL_SECURITY_MINUS_4,da5bd870243fa0197cda05e57cb667262cafbf6211ff72afe0c1b06720b41654,TASK3_OPERATIONAL_POOLED_V1,CAPACITY_AVAIL_SECURITY_MINUS_4,CAPACITY,REFERENCE_ASSUMPTION_SANDBOX_V1,LOCAL_WINDOW_HPP_BASE,29,202607290000,202609290291,202609290292,202609290293,202609290294,EMPTY_AND_IDLE,HPP,300.000000000,336.659504304,FULL_DRAIN,AnyLogic,8.9.9.202607020720,NOT_CALIBRATED,COMPARATIVE_WHAT_IF_ONLY,PENDING_VALIDATION,COMPLETE
1.0,OP_AVAIL_MLE_BASE_CAPACITY_AVAIL_SECURITY_MINUS_4,da5bd870243fa0197cda05e57cb667262cafbf6211ff72afe0c1b06720b41654,TASK3_OPERATIONAL_POOLED_V1,CAPACITY_AVAIL_SECURITY_MINUS_4,CAPACITY,REFERENCE_ASSUMPTION_SANDBOX_V1,LOCAL_WINDOW_HPP_BASE,30,202607290000,202609290301,202609290302,202609290303,202609290304,EMPTY_AND_IDLE,HPP,300.000000000,342.034673593,FULL_DRAIN,AnyLogic,8.9.9.202607020720,NOT_CALIBRATED,COMPARATIVE_WHAT_IF_ONLY,PENDING_VALIDATION,COMPLETE
1.0,OP_AVAIL_MLE_BASE_CAPACITY_AVAIL_SECURITY_MINUS_4,da5bd870243fa0197cda05e57cb667262cafbf6211ff72afe0c1b06720b41654,TASK3_OPERATIONAL_POOLED_V1,CAPACITY_AVAIL_SECURITY_MINUS_4,CAPACITY,REFERENCE_ASSUMPTION_SANDBOX_V1,LOCAL_WINDOW_HPP_BASE,31,202607290000,202609290311,202609290312,202609290313,202609290314,EMPTY_AND_IDLE,HPP,300.000000000,339.303413612,FULL_DRAIN,AnyLogic,8.9.9.202607020720,NOT_CALIBRATED,COMPARATIVE_WHAT_IF_ONLY,PENDING_VALIDATION,COMPLETE
1.0,OP_AVAIL_MLE_BASE_CAPACITY_AVAIL_SECURITY_MINUS_4,da5bd870243fa0197cda05e57cb667262cafbf6211ff72afe0c1b06720b41654,TASK3_OPERATIONAL_POOLED_V1,CAPACITY_AVAIL_SECURITY_MINUS_4,CAPACITY,REFERENCE_ASSUMPTION_SANDBOX_V1,LOCAL_WINDOW_HPP_BASE,32,202607290000,202609290321,202609290322,202609290323,202609290324,EMPTY_AND_IDLE,HPP,300.000000000,336.069784835,FULL_DRAIN,AnyLogic,8.9.9.202607020720,NOT_CALIBRATED,COMPARATIVE_WHAT_IF_ONLY,PENDING_VALIDATION,COMPLETE
1.0,OP_AVAIL_MLE_BASE_CAPACITY_AVAIL_SECURITY_MINUS_4,da5bd870243fa0197cda05e57cb667262cafbf6211ff72afe0c1b06720b41654,TASK3_OPERATIONAL_POOLED_V1,CAPACITY_AVAIL_SECURITY_MINUS_4,CAPACITY,REFERENCE_ASSUMPTION_SANDBOX_V1,LOCAL_WINDOW_HPP_BASE,33,202607290000,202609290331,202609290332,202609290333,202609290334,EMPTY_AND_IDLE,HPP,300.000000000,336.695958027,FULL_DRAIN,AnyLogic,8.9.9.202607020720,NOT_CALIBRATED,COMPARATIVE_WHAT_IF_ONLY,PENDING_VALIDATION,COMPLETE
1.0,OP_AVAIL_MLE_BASE_CAPACITY_AVAIL_SECURITY_MINUS_4,da5bd870243fa0197cda05e57cb667262cafbf6211ff72afe0c1b06720b41654,TASK3_OPERATIONAL_POOLED_V1,CAPACITY_AVAIL_SECURITY_MINUS_4,CAPACITY,REFERENCE_ASSUMPTION_SANDBOX_V1,LOCAL_WINDOW_HPP_BASE,34,202607290000,202609290341,202609290342,202609290343,202609290344,EMPTY_AND_IDLE,HPP,300.000000000,342.361326542,FULL_DRAIN,AnyLogic,8.9.9.202607020720,NOT_CALIBRATED,COMPARATIVE_WHAT_IF_ONLY,PENDING_VALIDATION,COMPLETE
1.0,OP_AVAIL_MLE_BASE_CAPACITY_AVAIL_SECURITY_MINUS_4,da5bd870243fa0197cda05e57cb667262cafbf6211ff72afe0c1b06720b41654,TASK3_OPERATIONAL_POOLED_V1,CAPACITY_AVAIL_SECURITY_MINUS_4,CAPACITY,REFERENCE_ASSUMPTION_SANDBOX_V1,LOCAL_WINDOW_HPP_BASE,35,202607290000,202609290351,202609290352,202609290353,202609290354,EMPTY_AND_IDLE,HPP,300.000000000,348.469733894,FULL_DRAIN,AnyLogic,8.9.9.202607020720,NOT_CALIBRATED,COMPARATIVE_WHAT_IF_ONLY,PENDING_VALIDATION,COMPLETE
1.0,OP_AVAIL_MLE_BASE_CAPACITY_AVAIL_SECURITY_MINUS_4,da5bd870243fa0197cda05e57cb667262cafbf6211ff72afe0c1b06720b41654,TASK3_OPERATIONAL_POOLED_V1,CAPACITY_AVAIL_SECURITY_MINUS_4,CAPACITY,REFERENCE_ASSUMPTION_SANDBOX_V1,LOCAL_WINDOW_HPP_BASE,36,202607290000,202609290361,202609290362,202609290363,202609290364,EMPTY_AND_IDLE,HPP,300.000000000,335.262134136,FULL_DRAIN,AnyLogic,8.9.9.202607020720,NOT_CALIBRATED,COMPARATIVE_WHAT_IF_ONLY,PENDING_VALIDATION,COMPLETE
1.0,OP_AVAIL_MLE_BASE_CAPACITY_AVAIL_SECURITY_MINUS_4,da5bd870243fa0197cda05e57cb667262cafbf6211ff72afe0c1b06720b41654,TASK3_OPERATIONAL_POOLED_V1,CAPACITY_AVAIL_SECURITY_MINUS_4,CAPACITY,REFERENCE_ASSUMPTION_SANDBOX_V1,LOCAL_WINDOW_HPP_BASE,37,202607290000,202609290371,202609290372,202609290373,202609290374,EMPTY_AND_IDLE,HPP,300.000000000,335.001619793,FULL_DRAIN,AnyLogic,8.9.9.202607020720,NOT_CALIBRATED,COMPARATIVE_WHAT_IF_ONLY,PENDING_VALIDATION,COMPLETE
1.0,OP_AVAIL_MLE_BASE_CAPACITY_AVAIL_SECURITY_MINUS_4,da5bd870243fa0197cda05e57cb667262cafbf6211ff72afe0c1b06720b41654,TASK3_OPERATIONAL_POOLED_V1,CAPACITY_AVAIL_SECURITY_MINUS_4,CAPACITY,REFERENCE_ASSUMPTION_SANDBOX_V1,LOCAL_WINDOW_HPP_BASE,38,202607290000,202609290381,202609290382,202609290383,202609290384,EMPTY_AND_IDLE,HPP,300.000000000,334.203534405,FULL_DRAIN,AnyLogic,8.9.9.202607020720,NOT_CALIBRATED,COMPARATIVE_WHAT_IF_ONLY,PENDING_VALIDATION,COMPLETE
1.0,OP_AVAIL_MLE_BASE_CAPACITY_AVAIL_SECURITY_MINUS_4,da5bd870243fa0197cda05e57cb667262cafbf6211ff72afe0c1b06720b41654,TASK3_OPERATIONAL_POOLED_V1,CAPACITY_AVAIL_SECURITY_MINUS_4,CAPACITY,REFERENCE_ASSUMPTION_SANDBOX_V1,LOCAL_WINDOW_HPP_BASE,39,202607290000,202609290391,202609290392,202609290393,202609290394,EMPTY_AND_IDLE,HPP,300.000000000,345.214385693,FULL_DRAIN,AnyLogic,8.9.9.202607020720,NOT_CALIBRATED,COMPARATIVE_WHAT_IF_ONLY,PENDING_VALIDATION,COMPLETE
1.0,OP_AVAIL_MLE_BASE_CAPACITY_AVAIL_SECURITY_MINUS_4,da5bd870243fa0197cda05e57cb667262cafbf6211ff72afe0c1b06720b41654,TASK3_OPERATIONAL_POOLED_V1,CAPACITY_AVAIL_SECURITY_MINUS_4,CAPACITY,REFERENCE_ASSUMPTION_SANDBOX_V1,LOCAL_WINDOW_HPP_BASE,40,202607290000,202609290401,202609290402,202609290403,202609290404,EMPTY_AND_IDLE,HPP,300.000000000,337.425824529,FULL_DRAIN,AnyLogic,8.9.9.202607020720,NOT_CALIBRATED,COMPARATIVE_WHAT_IF_ONLY,PENDING_VALIDATION,COMPLETE
1.0,OP_AVAIL_MLE_BASE_CAPACITY_AVAIL_SECURITY_MINUS_4,da5bd870243fa0197cda05e57cb667262cafbf6211ff72afe0c1b06720b41654,TASK3_OPERATIONAL_POOLED_V1,CAPACITY_AVAIL_SECURITY_MINUS_4,CAPACITY,REFERENCE_ASSUMPTION_SANDBOX_V1,LOCAL_WINDOW_HPP_BASE,41,202607290000,202609290411,202609290412,202609290413,202609290414,EMPTY_AND_IDLE,HPP,300.000000000,334.367218497,FULL_DRAIN,AnyLogic,8.9.9.202607020720,NOT_CALIBRATED,COMPARATIVE_WHAT_IF_ONLY,PENDING_VALIDATION,COMPLETE
1.0,OP_AVAIL_MLE_BASE_CAPACITY_AVAIL_SECURITY_MINUS_4,da5bd870243fa0197cda05e57cb667262cafbf6211ff72afe0c1b06720b41654,TASK3_OPERATIONAL_POOLED_V1,CAPACITY_AVAIL_SECURITY_MINUS_4,CAPACITY,REFERENCE_ASSUMPTION_SANDBOX_V1,LOCAL_WINDOW_HPP_BASE,42,202607290000,202609290421,202609290422,202609290423,202609290424,EMPTY_AND_IDLE,HPP,300.000000000,341.251730791,FULL_DRAIN,AnyLogic,8.9.9.202607020720,NOT_CALIBRATED,COMPARATIVE_WHAT_IF_ONLY,PENDING_VALIDATION,COMPLETE
1.0,OP_AVAIL_MLE_BASE_CAPACITY_AVAIL_SECURITY_MINUS_4,da5bd870243fa0197cda05e57cb667262cafbf6211ff72afe0c1b06720b41654,TASK3_OPERATIONAL_POOLED_V1,CAPACITY_AVAIL_SECURITY_MINUS_4,CAPACITY,REFERENCE_ASSUMPTION_SANDBOX_V1,LOCAL_WINDOW_HPP_BASE,43,202607290000,202609290431,202609290432,202609290433,202609290434,EMPTY_AND_IDLE,HPP,300.000000000,336.489486448,FULL_DRAIN,AnyLogic,8.9.9.202607020720,NOT_CALIBRATED,COMPARATIVE_WHAT_IF_ONLY,PENDING_VALIDATION,COMPLETE
1.0,OP_AVAIL_MLE_BASE_CAPACITY_AVAIL_SECURITY_MINUS_4,da5bd870243fa0197cda05e57cb667262cafbf6211ff72afe0c1b06720b41654,TASK3_OPERATIONAL_POOLED_V1,CAPACITY_AVAIL_SECURITY_MINUS_4,CAPACITY,REFERENCE_ASSUMPTION_SANDBOX_V1,LOCAL_WINDOW_HPP_BASE,44,202607290000,202609290441,202609290442,202609290443,202609290444,EMPTY_AND_IDLE,HPP,300.000000000,333.476554778,FULL_DRAIN,AnyLogic,8.9.9.202607020720,NOT_CALIBRATED,COMPARATIVE_WHAT_IF_ONLY,PENDING_VALIDATION,COMPLETE
1.0,OP_AVAIL_MLE_BASE_CAPACITY_AVAIL_SECURITY_MINUS_4,da5bd870243fa0197cda05e57cb667262cafbf6211ff72afe0c1b06720b41654,TASK3_OPERATIONAL_POOLED_V1,CAPACITY_AVAIL_SECURITY_MINUS_4,CAPACITY,REFERENCE_ASSUMPTION_SANDBOX_V1,LOCAL_WINDOW_HPP_BASE,45,202607290000,202609290451,202609290452,202609290453,202609290454,EMPTY_AND_IDLE,HPP,300.000000000,333.751947751,FULL_DRAIN,AnyLogic,8.9.9.202607020720,NOT_CALIBRATED,COMPARATIVE_WHAT_IF_ONLY,PENDING_VALIDATION,COMPLETE
1.0,OP_AVAIL_MLE_BASE_CAPACITY_AVAIL_SECURITY_MINUS_4,da5bd870243fa0197cda05e57cb667262cafbf6211ff72afe0c1b06720b41654,TASK3_OPERATIONAL_POOLED_V1,CAPACITY_AVAIL_SECURITY_MINUS_4,CAPACITY,REFERENCE_ASSUMPTION_SANDBOX_V1,LOCAL_WINDOW_HPP_BASE,46,202607290000,202609290461,202609290462,202609290463,202609290464,EMPTY_AND_IDLE,HPP,300.000000000,350.678129901,FULL_DRAIN,AnyLogic,8.9.9.202607020720,NOT_CALIBRATED,COMPARATIVE_WHAT_IF_ONLY,PENDING_VALIDATION,COMPLETE
1.0,OP_AVAIL_MLE_BASE_CAPACITY_AVAIL_SECURITY_MINUS_4,da5bd870243fa0197cda05e57cb667262cafbf6211ff72afe0c1b06720b41654,TASK3_OPERATIONAL_POOLED_V1,CAPACITY_AVAIL_SECURITY_MINUS_4,CAPACITY,REFERENCE_ASSUMPTION_SANDBOX_V1,LOCAL_WINDOW_HPP_BASE,47,202607290000,202609290471,202609290472,202609290473,202609290474,EMPTY_AND_IDLE,HPP,300.000000000,334.574566537,FULL_DRAIN,AnyLogic,8.9.9.202607020720,NOT_CALIBRATED,COMPARATIVE_WHAT_IF_ONLY,PENDING_VALIDATION,COMPLETE
1.0,OP_AVAIL_MLE_BASE_CAPACITY_AVAIL_SECURITY_MINUS_4,da5bd870243fa0197cda05e57cb667262cafbf6211ff72afe0c1b06720b41654,TASK3_OPERATIONAL_POOLED_V1,CAPACITY_AVAIL_SECURITY_MINUS_4,CAPACITY,REFERENCE_ASSUMPTION_SANDBOX_V1,LOCAL_WINDOW_HPP_BASE,48,202607290000,202609290481,202609290482,202609290483,202609290484,EMPTY_AND_IDLE,HPP,300.000000000,335.696776980,FULL_DRAIN,AnyLogic,8.9.9.202607020720,NOT_CALIBRATED,COMPARATIVE_WHAT_IF_ONLY,PENDING_VALIDATION,COMPLETE
1.0,OP_AVAIL_MLE_BASE_CAPACITY_AVAIL_SECURITY_MINUS_4,da5bd870243fa0197cda05e57cb667262cafbf6211ff72afe0c1b06720b41654,TASK3_OPERATIONAL_POOLED_V1,CAPACITY_AVAIL_SECURITY_MINUS_4,CAPACITY,REFERENCE_ASSUMPTION_SANDBOX_V1,LOCAL_WINDOW_HPP_BASE,49,202607290000,202609290491,202609290492,202609290493,202609290494,EMPTY_AND_IDLE,HPP,300.000000000,334.868020176,FULL_DRAIN,AnyLogic,8.9.9.202607020720,NOT_CALIBRATED,COMPARATIVE_WHAT_IF_ONLY,PENDING_VALIDATION,COMPLETE
1.0,OP_AVAIL_MLE_BASE_CAPACITY_AVAIL_SECURITY_MINUS_4,da5bd870243fa0197cda05e57cb667262cafbf6211ff72afe0c1b06720b41654,TASK3_OPERATIONAL_POOLED_V1,CAPACITY_AVAIL_SECURITY_MINUS_4,CAPACITY,REFERENCE_ASSUMPTION_SANDBOX_V1,LOCAL_WINDOW_HPP_BASE,50,202607290000,202609290501,202609290502,202609290503,202609290504,EMPTY_AND_IDLE,HPP,300.000000000,338.746081835,FULL_DRAIN,AnyLogic,8.9.9.202607020720,NOT_CALIBRATED,COMPARATIVE_WHAT_IF_ONLY,PENDING_VALIDATION,COMPLETE
1.0,OP_AVAIL_EXACT95_HIGH_CAPACITY_AVAIL_SECURITY_MINUS_4,589b062d9b0bda26fb40ffbf1e6daee79255a17de3ea358d1917d113d2f4d80a,TASK3_OPERATIONAL_POOLED_V1,CAPACITY_AVAIL_SECURITY_MINUS_4,CAPACITY,REFERENCE_ASSUMPTION_SANDBOX_V1,LOCAL_WINDOW_HPP_EXACT95_HIGH,1,202607290000,202610290011,202610290012,202610290013,202610290014,EMPTY_AND_IDLE,HPP,300.000000000,424.638741127,FULL_DRAIN,AnyLogic,8.9.9.202607020720,NOT_CALIBRATED,COMPARATIVE_WHAT_IF_ONLY,PENDING_VALIDATION,COMPLETE
1.0,OP_AVAIL_EXACT95_HIGH_CAPACITY_AVAIL_SECURITY_MINUS_4,589b062d9b0bda26fb40ffbf1e6daee79255a17de3ea358d1917d113d2f4d80a,TASK3_OPERATIONAL_POOLED_V1,CAPACITY_AVAIL_SECURITY_MINUS_4,CAPACITY,REFERENCE_ASSUMPTION_SANDBOX_V1,LOCAL_WINDOW_HPP_EXACT95_HIGH,2,202607290000,202610290021,202610290022,202610290023,202610290024,EMPTY_AND_IDLE,HPP,300.000000000,435.708708758,FULL_DRAIN,AnyLogic,8.9.9.202607020720,NOT_CALIBRATED,COMPARATIVE_WHAT_IF_ONLY,PENDING_VALIDATION,COMPLETE
1.0,OP_AVAIL_EXACT95_HIGH_CAPACITY_AVAIL_SECURITY_MINUS_4,589b062d9b0bda26fb40ffbf1e6daee79255a17de3ea358d1917d113d2f4d80a,TASK3_OPERATIONAL_POOLED_V1,CAPACITY_AVAIL_SECURITY_MINUS_4,CAPACITY,REFERENCE_ASSUMPTION_SANDBOX_V1,LOCAL_WINDOW_HPP_EXACT95_HIGH,3,202607290000,202610290031,202610290032,202610290033,202610290034,EMPTY_AND_IDLE,HPP,300.000000000,452.472983083,FULL_DRAIN,AnyLogic,8.9.9.202607020720,NOT_CALIBRATED,COMPARATIVE_WHAT_IF_ONLY,PENDING_VALIDATION,COMPLETE
1.0,OP_AVAIL_EXACT95_HIGH_CAPACITY_AVAIL_SECURITY_MINUS_4,589b062d9b0bda26fb40ffbf1e6daee79255a17de3ea358d1917d113d2f4d80a,TASK3_OPERATIONAL_POOLED_V1,CAPACITY_AVAIL_SECURITY_MINUS_4,CAPACITY,REFERENCE_ASSUMPTION_SANDBOX_V1,LOCAL_WINDOW_HPP_EXACT95_HIGH,4,202607290000,202610290041,202610290042,202610290043,202610290044,EMPTY_AND_IDLE,HPP,300.000000000,413.768590615,FULL_DRAIN,AnyLogic,8.9.9.202607020720,NOT_CALIBRATED,COMPARATIVE_WHAT_IF_ONLY,PENDING_VALIDATION,COMPLETE
1.0,OP_AVAIL_EXACT95_HIGH_CAPACITY_AVAIL_SECURITY_MINUS_4,589b062d9b0bda26fb40ffbf1e6daee79255a17de3ea358d1917d113d2f4d80a,TASK3_OPERATIONAL_POOLED_V1,CAPACITY_AVAIL_SECURITY_MINUS_4,CAPACITY,REFERENCE_ASSUMPTION_SANDBOX_V1,LOCAL_WINDOW_HPP_EXACT95_HIGH,5,202607290000,202610290051,202610290052,202610290053,202610290054,EMPTY_AND_IDLE,HPP,300.000000000,436.585321978,FULL_DRAIN,AnyLogic,8.9.9.202607020720,NOT_CALIBRATED,COMPARATIVE_WHAT_IF_ONLY,PENDING_VALIDATION,COMPLETE
1.0,OP_AVAIL_EXACT95_HIGH_CAPACITY_AVAIL_SECURITY_MINUS_4,589b062d9b0bda26fb40ffbf1e6daee79255a17de3ea358d1917d113d2f4d80a,TASK3_OPERATIONAL_POOLED_V1,CAPACITY_AVAIL_SECURITY_MINUS_4,CAPACITY,REFERENCE_ASSUMPTION_SANDBOX_V1,LOCAL_WINDOW_HPP_EXACT95_HIGH,6,202607290000,202610290061,202610290062,202610290063,202610290064,EMPTY_AND_IDLE,HPP,300.000000000,422.393865704,FULL_DRAIN,AnyLogic,8.9.9.202607020720,NOT_CALIBRATED,COMPARATIVE_WHAT_IF_ONLY,PENDING_VALIDATION,COMPLETE
1.0,OP_AVAIL_EXACT95_HIGH_CAPACITY_AVAIL_SECURITY_MINUS_4,589b062d9b0bda26fb40ffbf1e6daee79255a17de3ea358d1917d113d2f4d80a,TASK3_OPERATIONAL_POOLED_V1,CAPACITY_AVAIL_SECURITY_MINUS_4,CAPACITY,REFERENCE_ASSUMPTION_SANDBOX_V1,LOCAL_WINDOW_HPP_EXACT95_HIGH,7,202607290000,202610290071,202610290072,202610290073,202610290074,EMPTY_AND_IDLE,HPP,300.000000000,425.571399751,FULL_DRAIN,AnyLogic,8.9.9.202607020720,NOT_CALIBRATED,COMPARATIVE_WHAT_IF_ONLY,PENDING_VALIDATION,COMPLETE
1.0,OP_AVAIL_EXACT95_HIGH_CAPACITY_AVAIL_SECURITY_MINUS_4,589b062d9b0bda26fb40ffbf1e6daee79255a17de3ea358d1917d113d2f4d80a,TASK3_OPERATIONAL_POOLED_V1,CAPACITY_AVAIL_SECURITY_MINUS_4,CAPACITY,REFERENCE_ASSUMPTION_SANDBOX_V1,LOCAL_WINDOW_HPP_EXACT95_HIGH,8,202607290000,202610290081,202610290082,202610290083,202610290084,EMPTY_AND_IDLE,HPP,300.000000000,412.532361979,FULL_DRAIN,AnyLogic,8.9.9.202607020720,NOT_CALIBRATED,COMPARATIVE_WHAT_IF_ONLY,PENDING_VALIDATION,COMPLETE
1.0,OP_AVAIL_EXACT95_HIGH_CAPACITY_AVAIL_SECURITY_MINUS_4,589b062d9b0bda26fb40ffbf1e6daee79255a17de3ea358d1917d113d2f4d80a,TASK3_OPERATIONAL_POOLED_V1,CAPACITY_AVAIL_SECURITY_MINUS_4,CAPACITY,REFERENCE_ASSUMPTION_SANDBOX_V1,LOCAL_WINDOW_HPP_EXACT95_HIGH,9,202607290000,202610290091,202610290092,202610290093,202610290094,EMPTY_AND_IDLE,HPP,300.000000000,452.223219599,FULL_DRAIN,AnyLogic,8.9.9.202607020720,NOT_CALIBRATED,COMPARATIVE_WHAT_IF_ONLY,PENDING_VALIDATION,COMPLETE
1.0,OP_AVAIL_EXACT95_HIGH_CAPACITY_AVAIL_SECURITY_MINUS_4,589b062d9b0bda26fb40ffbf1e6daee79255a17de3ea358d1917d113d2f4d80a,TASK3_OPERATIONAL_POOLED_V1,CAPACITY_AVAIL_SECURITY_MINUS_4,CAPACITY,REFERENCE_ASSUMPTION_SANDBOX_V1,LOCAL_WINDOW_HPP_EXACT95_HIGH,10,202607290000,202610290101,202610290102,202610290103,202610290104,EMPTY_AND_IDLE,HPP,300.000000000,411.973776764,FULL_DRAIN,AnyLogic,8.9.9.202607020720,NOT_CALIBRATED,COMPARATIVE_WHAT_IF_ONLY,PENDING_VALIDATION,COMPLETE
1.0,OP_AVAIL_EXACT95_HIGH_CAPACITY_AVAIL_SECURITY_MINUS_4,589b062d9b0bda26fb40ffbf1e6daee79255a17de3ea358d1917d113d2f4d80a,TASK3_OPERATIONAL_POOLED_V1,CAPACITY_AVAIL_SECURITY_MINUS_4,CAPACITY,REFERENCE_ASSUMPTION_SANDBOX_V1,LOCAL_WINDOW_HPP_EXACT95_HIGH,11,202607290000,202610290111,202610290112,202610290113,202610290114,EMPTY_AND_IDLE,HPP,300.000000000,397.915967222,FULL_DRAIN,AnyLogic,8.9.9.202607020720,NOT_CALIBRATED,COMPARATIVE_WHAT_IF_ONLY,PENDING_VALIDATION,COMPLETE
1.0,OP_AVAIL_EXACT95_HIGH_CAPACITY_AVAIL_SECURITY_MINUS_4,589b062d9b0bda26fb40ffbf1e6daee79255a17de3ea358d1917d113d2f4d80a,TASK3_OPERATIONAL_POOLED_V1,CAPACITY_AVAIL_SECURITY_MINUS_4,CAPACITY,REFERENCE_ASSUMPTION_SANDBOX_V1,LOCAL_WINDOW_HPP_EXACT95_HIGH,12,202607290000,202610290121,202610290122,202610290123,202610290124,EMPTY_AND_IDLE,HPP,300.000000000,428.567277948,FULL_DRAIN,AnyLogic,8.9.9.202607020720,NOT_CALIBRATED,COMPARATIVE_WHAT_IF_ONLY,PENDING_VALIDATION,COMPLETE
1.0,OP_AVAIL_EXACT95_HIGH_CAPACITY_AVAIL_SECURITY_MINUS_4,589b062d9b0bda26fb40ffbf1e6daee79255a17de3ea358d1917d113d2f4d80a,TASK3_OPERATIONAL_POOLED_V1,CAPACITY_AVAIL_SECURITY_MINUS_4,CAPACITY,REFERENCE_ASSUMPTION_SANDBOX_V1,LOCAL_WINDOW_HPP_EXACT95_HIGH,13,202607290000,202610290131,202610290132,202610290133,202610290134,EMPTY_AND_IDLE,HPP,300.000000000,437.553049640,FULL_DRAIN,AnyLogic,8.9.9.202607020720,NOT_CALIBRATED,COMPARATIVE_WHAT_IF_ONLY,PENDING_VALIDATION,COMPLETE
1.0,OP_AVAIL_EXACT95_HIGH_CAPACITY_AVAIL_SECURITY_MINUS_4,589b062d9b0bda26fb40ffbf1e6daee79255a17de3ea358d1917d113d2f4d80a,TASK3_OPERATIONAL_POOLED_V1,CAPACITY_AVAIL_SECURITY_MINUS_4,CAPACITY,REFERENCE_ASSUMPTION_SANDBOX_V1,LOCAL_WINDOW_HPP_EXACT95_HIGH,14,202607290000,202610290141,202610290142,202610290143,202610290144,EMPTY_AND_IDLE,HPP,300.000000000,428.563337446,FULL_DRAIN,AnyLogic,8.9.9.202607020720,NOT_CALIBRATED,COMPARATIVE_WHAT_IF_ONLY,PENDING_VALIDATION,COMPLETE
1.0,OP_AVAIL_EXACT95_HIGH_CAPACITY_AVAIL_SECURITY_MINUS_4,589b062d9b0bda26fb40ffbf1e6daee79255a17de3ea358d1917d113d2f4d80a,TASK3_OPERATIONAL_POOLED_V1,CAPACITY_AVAIL_SECURITY_MINUS_4,CAPACITY,REFERENCE_ASSUMPTION_SANDBOX_V1,LOCAL_WINDOW_HPP_EXACT95_HIGH,15,202607290000,202610290151,202610290152,202610290153,202610290154,EMPTY_AND_IDLE,HPP,300.000000000,443.640759903,FULL_DRAIN,AnyLogic,8.9.9.202607020720,NOT_CALIBRATED,COMPARATIVE_WHAT_IF_ONLY,PENDING_VALIDATION,COMPLETE
1.0,OP_AVAIL_EXACT95_HIGH_CAPACITY_AVAIL_SECURITY_MINUS_4,589b062d9b0bda26fb40ffbf1e6daee79255a17de3ea358d1917d113d2f4d80a,TASK3_OPERATIONAL_POOLED_V1,CAPACITY_AVAIL_SECURITY_MINUS_4,CAPACITY,REFERENCE_ASSUMPTION_SANDBOX_V1,LOCAL_WINDOW_HPP_EXACT95_HIGH,16,202607290000,202610290161,202610290162,202610290163,202610290164,EMPTY_AND_IDLE,HPP,300.000000000,409.860597643,FULL_DRAIN,AnyLogic,8.9.9.202607020720,NOT_CALIBRATED,COMPARATIVE_WHAT_IF_ONLY,PENDING_VALIDATION,COMPLETE
1.0,OP_AVAIL_EXACT95_HIGH_CAPACITY_AVAIL_SECURITY_MINUS_4,589b062d9b0bda26fb40ffbf1e6daee79255a17de3ea358d1917d113d2f4d80a,TASK3_OPERATIONAL_POOLED_V1,CAPACITY_AVAIL_SECURITY_MINUS_4,CAPACITY,REFERENCE_ASSUMPTION_SANDBOX_V1,LOCAL_WINDOW_HPP_EXACT95_HIGH,17,202607290000,202610290171,202610290172,202610290173,202610290174,EMPTY_AND_IDLE,HPP,300.000000000,408.513690990,FULL_DRAIN,AnyLogic,8.9.9.202607020720,NOT_CALIBRATED,COMPARATIVE_WHAT_IF_ONLY,PENDING_VALIDATION,COMPLETE
1.0,OP_AVAIL_EXACT95_HIGH_CAPACITY_AVAIL_SECURITY_MINUS_4,589b062d9b0bda26fb40ffbf1e6daee79255a17de3ea358d1917d113d2f4d80a,TASK3_OPERATIONAL_POOLED_V1,CAPACITY_AVAIL_SECURITY_MINUS_4,CAPACITY,REFERENCE_ASSUMPTION_SANDBOX_V1,LOCAL_WINDOW_HPP_EXACT95_HIGH,18,202607290000,202610290181,202610290182,202610290183,202610290184,EMPTY_AND_IDLE,HPP,300.000000000,441.952592029,FULL_DRAIN,AnyLogic,8.9.9.202607020720,NOT_CALIBRATED,COMPARATIVE_WHAT_IF_ONLY,PENDING_VALIDATION,COMPLETE
1.0,OP_AVAIL_EXACT95_HIGH_CAPACITY_AVAIL_SECURITY_MINUS_4,589b062d9b0bda26fb40ffbf1e6daee79255a17de3ea358d1917d113d2f4d80a,TASK3_OPERATIONAL_POOLED_V1,CAPACITY_AVAIL_SECURITY_MINUS_4,CAPACITY,REFERENCE_ASSUMPTION_SANDBOX_V1,LOCAL_WINDOW_HPP_EXACT95_HIGH,19,202607290000,202610290191,202610290192,202610290193,202610290194,EMPTY_AND_IDLE,HPP,300.000000000,410.360422144,FULL_DRAIN,AnyLogic,8.9.9.202607020720,NOT_CALIBRATED,COMPARATIVE_WHAT_IF_ONLY,PENDING_VALIDATION,COMPLETE
1.0,OP_AVAIL_EXACT95_HIGH_CAPACITY_AVAIL_SECURITY_MINUS_4,589b062d9b0bda26fb40ffbf1e6daee79255a17de3ea358d1917d113d2f4d80a,TASK3_OPERATIONAL_POOLED_V1,CAPACITY_AVAIL_SECURITY_MINUS_4,CAPACITY,REFERENCE_ASSUMPTION_SANDBOX_V1,LOCAL_WINDOW_HPP_EXACT95_HIGH,20,202607290000,202610290201,202610290202,202610290203,202610290204,EMPTY_AND_IDLE,HPP,300.000000000,429.487499600,FULL_DRAIN,AnyLogic,8.9.9.202607020720,NOT_CALIBRATED,COMPARATIVE_WHAT_IF_ONLY,PENDING_VALIDATION,COMPLETE
1.0,OP_AVAIL_EXACT95_HIGH_CAPACITY_AVAIL_SECURITY_MINUS_4,589b062d9b0bda26fb40ffbf1e6daee79255a17de3ea358d1917d113d2f4d80a,TASK3_OPERATIONAL_POOLED_V1,CAPACITY_AVAIL_SECURITY_MINUS_4,CAPACITY,REFERENCE_ASSUMPTION_SANDBOX_V1,LOCAL_WINDOW_HPP_EXACT95_HIGH,21,202607290000,202610290211,202610290212,202610290213,202610290214,EMPTY_AND_IDLE,HPP,300.000000000,412.194493258,FULL_DRAIN,AnyLogic,8.9.9.202607020720,NOT_CALIBRATED,COMPARATIVE_WHAT_IF_ONLY,PENDING_VALIDATION,COMPLETE
1.0,OP_AVAIL_EXACT95_HIGH_CAPACITY_AVAIL_SECURITY_MINUS_4,589b062d9b0bda26fb40ffbf1e6daee79255a17de3ea358d1917d113d2f4d80a,TASK3_OPERATIONAL_POOLED_V1,CAPACITY_AVAIL_SECURITY_MINUS_4,CAPACITY,REFERENCE_ASSUMPTION_SANDBOX_V1,LOCAL_WINDOW_HPP_EXACT95_HIGH,22,202607290000,202610290221,202610290222,202610290223,202610290224,EMPTY_AND_IDLE,HPP,300.000000000,399.467878938,FULL_DRAIN,AnyLogic,8.9.9.202607020720,NOT_CALIBRATED,COMPARATIVE_WHAT_IF_ONLY,PENDING_VALIDATION,COMPLETE
1.0,OP_AVAIL_EXACT95_HIGH_CAPACITY_AVAIL_SECURITY_MINUS_4,589b062d9b0bda26fb40ffbf1e6daee79255a17de3ea358d1917d113d2f4d80a,TASK3_OPERATIONAL_POOLED_V1,CAPACITY_AVAIL_SECURITY_MINUS_4,CAPACITY,REFERENCE_ASSUMPTION_SANDBOX_V1,LOCAL_WINDOW_HPP_EXACT95_HIGH,23,202607290000,202610290231,202610290232,202610290233,202610290234,EMPTY_AND_IDLE,HPP,300.000000000,426.829803489,FULL_DRAIN,AnyLogic,8.9.9.202607020720,NOT_CALIBRATED,COMPARATIVE_WHAT_IF_ONLY,PENDING_VALIDATION,COMPLETE
1.0,OP_AVAIL_EXACT95_HIGH_CAPACITY_AVAIL_SECURITY_MINUS_4,589b062d9b0bda26fb40ffbf1e6daee79255a17de3ea358d1917d113d2f4d80a,TASK3_OPERATIONAL_POOLED_V1,CAPACITY_AVAIL_SECURITY_MINUS_4,CAPACITY,REFERENCE_ASSUMPTION_SANDBOX_V1,LOCAL_WINDOW_HPP_EXACT95_HIGH,24,202607290000,202610290241,202610290242,202610290243,202610290244,EMPTY_AND_IDLE,HPP,300.000000000,415.540981746,FULL_DRAIN,AnyLogic,8.9.9.202607020720,NOT_CALIBRATED,COMPARATIVE_WHAT_IF_ONLY,PENDING_VALIDATION,COMPLETE
1.0,OP_AVAIL_EXACT95_HIGH_CAPACITY_AVAIL_SECURITY_MINUS_4,589b062d9b0bda26fb40ffbf1e6daee79255a17de3ea358d1917d113d2f4d80a,TASK3_OPERATIONAL_POOLED_V1,CAPACITY_AVAIL_SECURITY_MINUS_4,CAPACITY,REFERENCE_ASSUMPTION_SANDBOX_V1,LOCAL_WINDOW_HPP_EXACT95_HIGH,25,202607290000,202610290251,202610290252,202610290253,202610290254,EMPTY_AND_IDLE,HPP,300.000000000,394.389143757,FULL_DRAIN,AnyLogic,8.9.9.202607020720,NOT_CALIBRATED,COMPARATIVE_WHAT_IF_ONLY,PENDING_VALIDATION,COMPLETE
1.0,OP_AVAIL_EXACT95_HIGH_CAPACITY_AVAIL_SECURITY_MINUS_4,589b062d9b0bda26fb40ffbf1e6daee79255a17de3ea358d1917d113d2f4d80a,TASK3_OPERATIONAL_POOLED_V1,CAPACITY_AVAIL_SECURITY_MINUS_4,CAPACITY,REFERENCE_ASSUMPTION_SANDBOX_V1,LOCAL_WINDOW_HPP_EXACT95_HIGH,26,202607290000,202610290261,202610290262,202610290263,202610290264,EMPTY_AND_IDLE,HPP,300.000000000,431.667153766,FULL_DRAIN,AnyLogic,8.9.9.202607020720,NOT_CALIBRATED,COMPARATIVE_WHAT_IF_ONLY,PENDING_VALIDATION,COMPLETE
1.0,OP_AVAIL_EXACT95_HIGH_CAPACITY_AVAIL_SECURITY_MINUS_4,589b062d9b0bda26fb40ffbf1e6daee79255a17de3ea358d1917d113d2f4d80a,TASK3_OPERATIONAL_POOLED_V1,CAPACITY_AVAIL_SECURITY_MINUS_4,CAPACITY,REFERENCE_ASSUMPTION_SANDBOX_V1,LOCAL_WINDOW_HPP_EXACT95_HIGH,27,202607290000,202610290271,202610290272,202610290273,202610290274,EMPTY_AND_IDLE,HPP,300.000000000,418.184285192,FULL_DRAIN,AnyLogic,8.9.9.202607020720,NOT_CALIBRATED,COMPARATIVE_WHAT_IF_ONLY,PENDING_VALIDATION,COMPLETE
1.0,OP_AVAIL_EXACT95_HIGH_CAPACITY_AVAIL_SECURITY_MINUS_4,589b062d9b0bda26fb40ffbf1e6daee79255a17de3ea358d1917d113d2f4d80a,TASK3_OPERATIONAL_POOLED_V1,CAPACITY_AVAIL_SECURITY_MINUS_4,CAPACITY,REFERENCE_ASSUMPTION_SANDBOX_V1,LOCAL_WINDOW_HPP_EXACT95_HIGH,28,202607290000,202610290281,202610290282,202610290283,202610290284,EMPTY_AND_IDLE,HPP,300.000000000,423.422085884,FULL_DRAIN,AnyLogic,8.9.9.202607020720,NOT_CALIBRATED,COMPARATIVE_WHAT_IF_ONLY,PENDING_VALIDATION,COMPLETE
1.0,OP_AVAIL_EXACT95_HIGH_CAPACITY_AVAIL_SECURITY_MINUS_4,589b062d9b0bda26fb40ffbf1e6daee79255a17de3ea358d1917d113d2f4d80a,TASK3_OPERATIONAL_POOLED_V1,CAPACITY_AVAIL_SECURITY_MINUS_4,CAPACITY,REFERENCE_ASSUMPTION_SANDBOX_V1,LOCAL_WINDOW_HPP_EXACT95_HIGH,29,202607290000,202610290291,202610290292,202610290293,202610290294,EMPTY_AND_IDLE,HPP,300.000000000,385.369708367,FULL_DRAIN,AnyLogic,8.9.9.202607020720,NOT_CALIBRATED,COMPARATIVE_WHAT_IF_ONLY,PENDING_VALIDATION,COMPLETE
1.0,OP_AVAIL_EXACT95_HIGH_CAPACITY_AVAIL_SECURITY_MINUS_4,589b062d9b0bda26fb40ffbf1e6daee79255a17de3ea358d1917d113d2f4d80a,TASK3_OPERATIONAL_POOLED_V1,CAPACITY_AVAIL_SECURITY_MINUS_4,CAPACITY,REFERENCE_ASSUMPTION_SANDBOX_V1,LOCAL_WINDOW_HPP_EXACT95_HIGH,30,202607290000,202610290301,202610290302,202610290303,202610290304,EMPTY_AND_IDLE,HPP,300.000000000,437.136560985,FULL_DRAIN,AnyLogic,8.9.9.202607020720,NOT_CALIBRATED,COMPARATIVE_WHAT_IF_ONLY,PENDING_VALIDATION,COMPLETE
1.0,OP_AVAIL_EXACT95_HIGH_CAPACITY_AVAIL_SECURITY_MINUS_4,589b062d9b0bda26fb40ffbf1e6daee79255a17de3ea358d1917d113d2f4d80a,TASK3_OPERATIONAL_POOLED_V1,CAPACITY_AVAIL_SECURITY_MINUS_4,CAPACITY,REFERENCE_ASSUMPTION_SANDBOX_V1,LOCAL_WINDOW_HPP_EXACT95_HIGH,31,202607290000,202610290311,202610290312,202610290313,202610290314,EMPTY_AND_IDLE,HPP,300.000000000,444.686093441,FULL_DRAIN,AnyLogic,8.9.9.202607020720,NOT_CALIBRATED,COMPARATIVE_WHAT_IF_ONLY,PENDING_VALIDATION,COMPLETE
1.0,OP_AVAIL_EXACT95_HIGH_CAPACITY_AVAIL_SECURITY_MINUS_4,589b062d9b0bda26fb40ffbf1e6daee79255a17de3ea358d1917d113d2f4d80a,TASK3_OPERATIONAL_POOLED_V1,CAPACITY_AVAIL_SECURITY_MINUS_4,CAPACITY,REFERENCE_ASSUMPTION_SANDBOX_V1,LOCAL_WINDOW_HPP_EXACT95_HIGH,32,202607290000,202610290321,202610290322,202610290323,202610290324,EMPTY_AND_IDLE,HPP,300.000000000,409.920496582,FULL_DRAIN,AnyLogic,8.9.9.202607020720,NOT_CALIBRATED,COMPARATIVE_WHAT_IF_ONLY,PENDING_VALIDATION,COMPLETE
1.0,OP_AVAIL_EXACT95_HIGH_CAPACITY_AVAIL_SECURITY_MINUS_4,589b062d9b0bda26fb40ffbf1e6daee79255a17de3ea358d1917d113d2f4d80a,TASK3_OPERATIONAL_POOLED_V1,CAPACITY_AVAIL_SECURITY_MINUS_4,CAPACITY,REFERENCE_ASSUMPTION_SANDBOX_V1,LOCAL_WINDOW_HPP_EXACT95_HIGH,33,202607290000,202610290331,202610290332,202610290333,202610290334,EMPTY_AND_IDLE,HPP,300.000000000,423.057935644,FULL_DRAIN,AnyLogic,8.9.9.202607020720,NOT_CALIBRATED,COMPARATIVE_WHAT_IF_ONLY,PENDING_VALIDATION,COMPLETE
1.0,OP_AVAIL_EXACT95_HIGH_CAPACITY_AVAIL_SECURITY_MINUS_4,589b062d9b0bda26fb40ffbf1e6daee79255a17de3ea358d1917d113d2f4d80a,TASK3_OPERATIONAL_POOLED_V1,CAPACITY_AVAIL_SECURITY_MINUS_4,CAPACITY,REFERENCE_ASSUMPTION_SANDBOX_V1,LOCAL_WINDOW_HPP_EXACT95_HIGH,34,202607290000,202610290341,202610290342,202610290343,202610290344,EMPTY_AND_IDLE,HPP,300.000000000,433.855449211,FULL_DRAIN,AnyLogic,8.9.9.202607020720,NOT_CALIBRATED,COMPARATIVE_WHAT_IF_ONLY,PENDING_VALIDATION,COMPLETE
1.0,OP_AVAIL_EXACT95_HIGH_CAPACITY_AVAIL_SECURITY_MINUS_4,589b062d9b0bda26fb40ffbf1e6daee79255a17de3ea358d1917d113d2f4d80a,TASK3_OPERATIONAL_POOLED_V1,CAPACITY_AVAIL_SECURITY_MINUS_4,CAPACITY,REFERENCE_ASSUMPTION_SANDBOX_V1,LOCAL_WINDOW_HPP_EXACT95_HIGH,35,202607290000,202610290351,202610290352,202610290353,202610290354,EMPTY_AND_IDLE,HPP,300.000000000,408.152416432,FULL_DRAIN,AnyLogic,8.9.9.202607020720,NOT_CALIBRATED,COMPARATIVE_WHAT_IF_ONLY,PENDING_VALIDATION,COMPLETE
1.0,OP_AVAIL_EXACT95_HIGH_CAPACITY_AVAIL_SECURITY_MINUS_4,589b062d9b0bda26fb40ffbf1e6daee79255a17de3ea358d1917d113d2f4d80a,TASK3_OPERATIONAL_POOLED_V1,CAPACITY_AVAIL_SECURITY_MINUS_4,CAPACITY,REFERENCE_ASSUMPTION_SANDBOX_V1,LOCAL_WINDOW_HPP_EXACT95_HIGH,36,202607290000,202610290361,202610290362,202610290363,202610290364,EMPTY_AND_IDLE,HPP,300.000000000,420.455398523,FULL_DRAIN,AnyLogic,8.9.9.202607020720,NOT_CALIBRATED,COMPARATIVE_WHAT_IF_ONLY,PENDING_VALIDATION,COMPLETE
1.0,OP_AVAIL_EXACT95_HIGH_CAPACITY_AVAIL_SECURITY_MINUS_4,589b062d9b0bda26fb40ffbf1e6daee79255a17de3ea358d1917d113d2f4d80a,TASK3_OPERATIONAL_POOLED_V1,CAPACITY_AVAIL_SECURITY_MINUS_4,CAPACITY,REFERENCE_ASSUMPTION_SANDBOX_V1,LOCAL_WINDOW_HPP_EXACT95_HIGH,37,202607290000,202610290371,202610290372,202610290373,202610290374,EMPTY_AND_IDLE,HPP,300.000000000,413.871525188,FULL_DRAIN,AnyLogic,8.9.9.202607020720,NOT_CALIBRATED,COMPARATIVE_WHAT_IF_ONLY,PENDING_VALIDATION,COMPLETE
1.0,OP_AVAIL_EXACT95_HIGH_CAPACITY_AVAIL_SECURITY_MINUS_4,589b062d9b0bda26fb40ffbf1e6daee79255a17de3ea358d1917d113d2f4d80a,TASK3_OPERATIONAL_POOLED_V1,CAPACITY_AVAIL_SECURITY_MINUS_4,CAPACITY,REFERENCE_ASSUMPTION_SANDBOX_V1,LOCAL_WINDOW_HPP_EXACT95_HIGH,38,202607290000,202610290381,202610290382,202610290383,202610290384,EMPTY_AND_IDLE,HPP,300.000000000,411.468730831,FULL_DRAIN,AnyLogic,8.9.9.202607020720,NOT_CALIBRATED,COMPARATIVE_WHAT_IF_ONLY,PENDING_VALIDATION,COMPLETE
1.0,OP_AVAIL_EXACT95_HIGH_CAPACITY_AVAIL_SECURITY_MINUS_4,589b062d9b0bda26fb40ffbf1e6daee79255a17de3ea358d1917d113d2f4d80a,TASK3_OPERATIONAL_POOLED_V1,CAPACITY_AVAIL_SECURITY_MINUS_4,CAPACITY,REFERENCE_ASSUMPTION_SANDBOX_V1,LOCAL_WINDOW_HPP_EXACT95_HIGH,39,202607290000,202610290391,202610290392,202610290393,202610290394,EMPTY_AND_IDLE,HPP,300.000000000,431.654540044,FULL_DRAIN,AnyLogic,8.9.9.202607020720,NOT_CALIBRATED,COMPARATIVE_WHAT_IF_ONLY,PENDING_VALIDATION,COMPLETE
1.0,OP_AVAIL_EXACT95_HIGH_CAPACITY_AVAIL_SECURITY_MINUS_4,589b062d9b0bda26fb40ffbf1e6daee79255a17de3ea358d1917d113d2f4d80a,TASK3_OPERATIONAL_POOLED_V1,CAPACITY_AVAIL_SECURITY_MINUS_4,CAPACITY,REFERENCE_ASSUMPTION_SANDBOX_V1,LOCAL_WINDOW_HPP_EXACT95_HIGH,40,202607290000,202610290401,202610290402,202610290403,202610290404,EMPTY_AND_IDLE,HPP,300.000000000,441.440459744,FULL_DRAIN,AnyLogic,8.9.9.202607020720,NOT_CALIBRATED,COMPARATIVE_WHAT_IF_ONLY,PENDING_VALIDATION,COMPLETE
1.0,OP_AVAIL_EXACT95_HIGH_CAPACITY_AVAIL_SECURITY_MINUS_4,589b062d9b0bda26fb40ffbf1e6daee79255a17de3ea358d1917d113d2f4d80a,TASK3_OPERATIONAL_POOLED_V1,CAPACITY_AVAIL_SECURITY_MINUS_4,CAPACITY,REFERENCE_ASSUMPTION_SANDBOX_V1,LOCAL_WINDOW_HPP_EXACT95_HIGH,41,202607290000,202610290411,202610290412,202610290413,202610290414,EMPTY_AND_IDLE,HPP,300.000000000,414.282396902,FULL_DRAIN,AnyLogic,8.9.9.202607020720,NOT_CALIBRATED,COMPARATIVE_WHAT_IF_ONLY,PENDING_VALIDATION,COMPLETE
1.0,OP_AVAIL_EXACT95_HIGH_CAPACITY_AVAIL_SECURITY_MINUS_4,589b062d9b0bda26fb40ffbf1e6daee79255a17de3ea358d1917d113d2f4d80a,TASK3_OPERATIONAL_POOLED_V1,CAPACITY_AVAIL_SECURITY_MINUS_4,CAPACITY,REFERENCE_ASSUMPTION_SANDBOX_V1,LOCAL_WINDOW_HPP_EXACT95_HIGH,42,202607290000,202610290421,202610290422,202610290423,202610290424,EMPTY_AND_IDLE,HPP,300.000000000,436.245918309,FULL_DRAIN,AnyLogic,8.9.9.202607020720,NOT_CALIBRATED,COMPARATIVE_WHAT_IF_ONLY,PENDING_VALIDATION,COMPLETE
1.0,OP_AVAIL_EXACT95_HIGH_CAPACITY_AVAIL_SECURITY_MINUS_4,589b062d9b0bda26fb40ffbf1e6daee79255a17de3ea358d1917d113d2f4d80a,TASK3_OPERATIONAL_POOLED_V1,CAPACITY_AVAIL_SECURITY_MINUS_4,CAPACITY,REFERENCE_ASSUMPTION_SANDBOX_V1,LOCAL_WINDOW_HPP_EXACT95_HIGH,43,202607290000,202610290431,202610290432,202610290433,202610290434,EMPTY_AND_IDLE,HPP,300.000000000,415.409725550,FULL_DRAIN,AnyLogic,8.9.9.202607020720,NOT_CALIBRATED,COMPARATIVE_WHAT_IF_ONLY,PENDING_VALIDATION,COMPLETE
1.0,OP_AVAIL_EXACT95_HIGH_CAPACITY_AVAIL_SECURITY_MINUS_4,589b062d9b0bda26fb40ffbf1e6daee79255a17de3ea358d1917d113d2f4d80a,TASK3_OPERATIONAL_POOLED_V1,CAPACITY_AVAIL_SECURITY_MINUS_4,CAPACITY,REFERENCE_ASSUMPTION_SANDBOX_V1,LOCAL_WINDOW_HPP_EXACT95_HIGH,44,202607290000,202610290441,202610290442,202610290443,202610290444,EMPTY_AND_IDLE,HPP,300.000000000,438.106511236,FULL_DRAIN,AnyLogic,8.9.9.202607020720,NOT_CALIBRATED,COMPARATIVE_WHAT_IF_ONLY,PENDING_VALIDATION,COMPLETE
1.0,OP_AVAIL_EXACT95_HIGH_CAPACITY_AVAIL_SECURITY_MINUS_4,589b062d9b0bda26fb40ffbf1e6daee79255a17de3ea358d1917d113d2f4d80a,TASK3_OPERATIONAL_POOLED_V1,CAPACITY_AVAIL_SECURITY_MINUS_4,CAPACITY,REFERENCE_ASSUMPTION_SANDBOX_V1,LOCAL_WINDOW_HPP_EXACT95_HIGH,45,202607290000,202610290451,202610290452,202610290453,202610290454,EMPTY_AND_IDLE,HPP,300.000000000,450.607888442,FULL_DRAIN,AnyLogic,8.9.9.202607020720,NOT_CALIBRATED,COMPARATIVE_WHAT_IF_ONLY,PENDING_VALIDATION,COMPLETE
1.0,OP_AVAIL_EXACT95_HIGH_CAPACITY_AVAIL_SECURITY_MINUS_4,589b062d9b0bda26fb40ffbf1e6daee79255a17de3ea358d1917d113d2f4d80a,TASK3_OPERATIONAL_POOLED_V1,CAPACITY_AVAIL_SECURITY_MINUS_4,CAPACITY,REFERENCE_ASSUMPTION_SANDBOX_V1,LOCAL_WINDOW_HPP_EXACT95_HIGH,46,202607290000,202610290461,202610290462,202610290463,202610290464,EMPTY_AND_IDLE,HPP,300.000000000,417.473424267,FULL_DRAIN,AnyLogic,8.9.9.202607020720,NOT_CALIBRATED,COMPARATIVE_WHAT_IF_ONLY,PENDING_VALIDATION,COMPLETE
1.0,OP_AVAIL_EXACT95_HIGH_CAPACITY_AVAIL_SECURITY_MINUS_4,589b062d9b0bda26fb40ffbf1e6daee79255a17de3ea358d1917d113d2f4d80a,TASK3_OPERATIONAL_POOLED_V1,CAPACITY_AVAIL_SECURITY_MINUS_4,CAPACITY,REFERENCE_ASSUMPTION_SANDBOX_V1,LOCAL_WINDOW_HPP_EXACT95_HIGH,47,202607290000,202610290471,202610290472,202610290473,202610290474,EMPTY_AND_IDLE,HPP,300.000000000,388.878586157,FULL_DRAIN,AnyLogic,8.9.9.202607020720,NOT_CALIBRATED,COMPARATIVE_WHAT_IF_ONLY,PENDING_VALIDATION,COMPLETE
1.0,OP_AVAIL_EXACT95_HIGH_CAPACITY_AVAIL_SECURITY_MINUS_4,589b062d9b0bda26fb40ffbf1e6daee79255a17de3ea358d1917d113d2f4d80a,TASK3_OPERATIONAL_POOLED_V1,CAPACITY_AVAIL_SECURITY_MINUS_4,CAPACITY,REFERENCE_ASSUMPTION_SANDBOX_V1,LOCAL_WINDOW_HPP_EXACT95_HIGH,48,202607290000,202610290481,202610290482,202610290483,202610290484,EMPTY_AND_IDLE,HPP,300.000000000,408.482411125,FULL_DRAIN,AnyLogic,8.9.9.202607020720,NOT_CALIBRATED,COMPARATIVE_WHAT_IF_ONLY,PENDING_VALIDATION,COMPLETE
1.0,OP_AVAIL_EXACT95_HIGH_CAPACITY_AVAIL_SECURITY_MINUS_4,589b062d9b0bda26fb40ffbf1e6daee79255a17de3ea358d1917d113d2f4d80a,TASK3_OPERATIONAL_POOLED_V1,CAPACITY_AVAIL_SECURITY_MINUS_4,CAPACITY,REFERENCE_ASSUMPTION_SANDBOX_V1,LOCAL_WINDOW_HPP_EXACT95_HIGH,49,202607290000,202610290491,202610290492,202610290493,202610290494,EMPTY_AND_IDLE,HPP,300.000000000,420.487366041,FULL_DRAIN,AnyLogic,8.9.9.202607020720,NOT_CALIBRATED,COMPARATIVE_WHAT_IF_ONLY,PENDING_VALIDATION,COMPLETE
1.0,OP_AVAIL_EXACT95_HIGH_CAPACITY_AVAIL_SECURITY_MINUS_4,589b062d9b0bda26fb40ffbf1e6daee79255a17de3ea358d1917d113d2f4d80a,TASK3_OPERATIONAL_POOLED_V1,CAPACITY_AVAIL_SECURITY_MINUS_4,CAPACITY,REFERENCE_ASSUMPTION_SANDBOX_V1,LOCAL_WINDOW_HPP_EXACT95_HIGH,50,202607290000,202610290501,202610290502,202610290503,202610290504,EMPTY_AND_IDLE,HPP,300.000000000,434.758339979,FULL_DRAIN,AnyLogic,8.9.9.202607020720,NOT_CALIBRATED,COMPARATIVE_WHAT_IF_ONLY,PENDING_VALIDATION,COMPLETE
1.0,OP_AVAIL_EXACT95_LOW_CAPACITY_AVAIL_SECURITY_MINUS_4,1f8092810bbef01772ff3ebb85a2552e0d06505aad1d15e7efe3bd284da3ac20,TASK3_OPERATIONAL_POOLED_V1,CAPACITY_AVAIL_SECURITY_MINUS_4,CAPACITY,REFERENCE_ASSUMPTION_SANDBOX_V1,LOCAL_WINDOW_HPP_EXACT95_LOW,1,202607290000,202608290011,202608290012,202608290013,202608290014,EMPTY_AND_IDLE,HPP,300.000000000,333.378284734,FULL_DRAIN,AnyLogic,8.9.9.202607020720,NOT_CALIBRATED,COMPARATIVE_WHAT_IF_ONLY,PENDING_VALIDATION,COMPLETE
1.0,OP_AVAIL_EXACT95_LOW_CAPACITY_AVAIL_SECURITY_MINUS_4,1f8092810bbef01772ff3ebb85a2552e0d06505aad1d15e7efe3bd284da3ac20,TASK3_OPERATIONAL_POOLED_V1,CAPACITY_AVAIL_SECURITY_MINUS_4,CAPACITY,REFERENCE_ASSUMPTION_SANDBOX_V1,LOCAL_WINDOW_HPP_EXACT95_LOW,2,202607290000,202608290021,202608290022,202608290023,202608290024,EMPTY_AND_IDLE,HPP,300.000000000,332.283944051,FULL_DRAIN,AnyLogic,8.9.9.202607020720,NOT_CALIBRATED,COMPARATIVE_WHAT_IF_ONLY,PENDING_VALIDATION,COMPLETE
1.0,OP_AVAIL_EXACT95_LOW_CAPACITY_AVAIL_SECURITY_MINUS_4,1f8092810bbef01772ff3ebb85a2552e0d06505aad1d15e7efe3bd284da3ac20,TASK3_OPERATIONAL_POOLED_V1,CAPACITY_AVAIL_SECURITY_MINUS_4,CAPACITY,REFERENCE_ASSUMPTION_SANDBOX_V1,LOCAL_WINDOW_HPP_EXACT95_LOW,3,202607290000,202608290031,202608290032,202608290033,202608290034,EMPTY_AND_IDLE,HPP,300.000000000,334.763588245,FULL_DRAIN,AnyLogic,8.9.9.202607020720,NOT_CALIBRATED,COMPARATIVE_WHAT_IF_ONLY,PENDING_VALIDATION,COMPLETE
1.0,OP_AVAIL_EXACT95_LOW_CAPACITY_AVAIL_SECURITY_MINUS_4,1f8092810bbef01772ff3ebb85a2552e0d06505aad1d15e7efe3bd284da3ac20,TASK3_OPERATIONAL_POOLED_V1,CAPACITY_AVAIL_SECURITY_MINUS_4,CAPACITY,REFERENCE_ASSUMPTION_SANDBOX_V1,LOCAL_WINDOW_HPP_EXACT95_LOW,4,202607290000,202608290041,202608290042,202608290043,202608290044,EMPTY_AND_IDLE,HPP,300.000000000,334.214032222,FULL_DRAIN,AnyLogic,8.9.9.202607020720,NOT_CALIBRATED,COMPARATIVE_WHAT_IF_ONLY,PENDING_VALIDATION,COMPLETE
1.0,OP_AVAIL_EXACT95_LOW_CAPACITY_AVAIL_SECURITY_MINUS_4,1f8092810bbef01772ff3ebb85a2552e0d06505aad1d15e7efe3bd284da3ac20,TASK3_OPERATIONAL_POOLED_V1,CAPACITY_AVAIL_SECURITY_MINUS_4,CAPACITY,REFERENCE_ASSUMPTION_SANDBOX_V1,LOCAL_WINDOW_HPP_EXACT95_LOW,5,202607290000,202608290051,202608290052,202608290053,202608290054,EMPTY_AND_IDLE,HPP,300.000000000,333.398993631,FULL_DRAIN,AnyLogic,8.9.9.202607020720,NOT_CALIBRATED,COMPARATIVE_WHAT_IF_ONLY,PENDING_VALIDATION,COMPLETE
1.0,OP_AVAIL_EXACT95_LOW_CAPACITY_AVAIL_SECURITY_MINUS_4,1f8092810bbef01772ff3ebb85a2552e0d06505aad1d15e7efe3bd284da3ac20,TASK3_OPERATIONAL_POOLED_V1,CAPACITY_AVAIL_SECURITY_MINUS_4,CAPACITY,REFERENCE_ASSUMPTION_SANDBOX_V1,LOCAL_WINDOW_HPP_EXACT95_LOW,6,202607290000,202608290061,202608290062,202608290063,202608290064,EMPTY_AND_IDLE,HPP,300.000000000,334.503790859,FULL_DRAIN,AnyLogic,8.9.9.202607020720,NOT_CALIBRATED,COMPARATIVE_WHAT_IF_ONLY,PENDING_VALIDATION,COMPLETE
1.0,OP_AVAIL_EXACT95_LOW_CAPACITY_AVAIL_SECURITY_MINUS_4,1f8092810bbef01772ff3ebb85a2552e0d06505aad1d15e7efe3bd284da3ac20,TASK3_OPERATIONAL_POOLED_V1,CAPACITY_AVAIL_SECURITY_MINUS_4,CAPACITY,REFERENCE_ASSUMPTION_SANDBOX_V1,LOCAL_WINDOW_HPP_EXACT95_LOW,7,202607290000,202608290071,202608290072,202608290073,202608290074,EMPTY_AND_IDLE,HPP,300.000000000,334.009467665,FULL_DRAIN,AnyLogic,8.9.9.202607020720,NOT_CALIBRATED,COMPARATIVE_WHAT_IF_ONLY,PENDING_VALIDATION,COMPLETE
1.0,OP_AVAIL_EXACT95_LOW_CAPACITY_AVAIL_SECURITY_MINUS_4,1f8092810bbef01772ff3ebb85a2552e0d06505aad1d15e7efe3bd284da3ac20,TASK3_OPERATIONAL_POOLED_V1,CAPACITY_AVAIL_SECURITY_MINUS_4,CAPACITY,REFERENCE_ASSUMPTION_SANDBOX_V1,LOCAL_WINDOW_HPP_EXACT95_LOW,8,202607290000,202608290081,202608290082,202608290083,202608290084,EMPTY_AND_IDLE,HPP,300.000000000,334.204293046,FULL_DRAIN,AnyLogic,8.9.9.202607020720,NOT_CALIBRATED,COMPARATIVE_WHAT_IF_ONLY,PENDING_VALIDATION,COMPLETE
1.0,OP_AVAIL_EXACT95_LOW_CAPACITY_AVAIL_SECURITY_MINUS_4,1f8092810bbef01772ff3ebb85a2552e0d06505aad1d15e7efe3bd284da3ac20,TASK3_OPERATIONAL_POOLED_V1,CAPACITY_AVAIL_SECURITY_MINUS_4,CAPACITY,REFERENCE_ASSUMPTION_SANDBOX_V1,LOCAL_WINDOW_HPP_EXACT95_LOW,9,202607290000,202608290091,202608290092,202608290093,202608290094,EMPTY_AND_IDLE,HPP,300.000000000,334.651209542,FULL_DRAIN,AnyLogic,8.9.9.202607020720,NOT_CALIBRATED,COMPARATIVE_WHAT_IF_ONLY,PENDING_VALIDATION,COMPLETE
1.0,OP_AVAIL_EXACT95_LOW_CAPACITY_AVAIL_SECURITY_MINUS_4,1f8092810bbef01772ff3ebb85a2552e0d06505aad1d15e7efe3bd284da3ac20,TASK3_OPERATIONAL_POOLED_V1,CAPACITY_AVAIL_SECURITY_MINUS_4,CAPACITY,REFERENCE_ASSUMPTION_SANDBOX_V1,LOCAL_WINDOW_HPP_EXACT95_LOW,10,202607290000,202608290101,202608290102,202608290103,202608290104,EMPTY_AND_IDLE,HPP,300.000000000,333.986965101,FULL_DRAIN,AnyLogic,8.9.9.202607020720,NOT_CALIBRATED,COMPARATIVE_WHAT_IF_ONLY,PENDING_VALIDATION,COMPLETE
1.0,OP_AVAIL_EXACT95_LOW_CAPACITY_AVAIL_SECURITY_MINUS_4,1f8092810bbef01772ff3ebb85a2552e0d06505aad1d15e7efe3bd284da3ac20,TASK3_OPERATIONAL_POOLED_V1,CAPACITY_AVAIL_SECURITY_MINUS_4,CAPACITY,REFERENCE_ASSUMPTION_SANDBOX_V1,LOCAL_WINDOW_HPP_EXACT95_LOW,11,202607290000,202608290111,202608290112,202608290113,202608290114,EMPTY_AND_IDLE,HPP,300.000000000,334.383425690,FULL_DRAIN,AnyLogic,8.9.9.202607020720,NOT_CALIBRATED,COMPARATIVE_WHAT_IF_ONLY,PENDING_VALIDATION,COMPLETE
1.0,OP_AVAIL_EXACT95_LOW_CAPACITY_AVAIL_SECURITY_MINUS_4,1f8092810bbef01772ff3ebb85a2552e0d06505aad1d15e7efe3bd284da3ac20,TASK3_OPERATIONAL_POOLED_V1,CAPACITY_AVAIL_SECURITY_MINUS_4,CAPACITY,REFERENCE_ASSUMPTION_SANDBOX_V1,LOCAL_WINDOW_HPP_EXACT95_LOW,12,202607290000,202608290121,202608290122,202608290123,202608290124,EMPTY_AND_IDLE,HPP,300.000000000,334.957549603,FULL_DRAIN,AnyLogic,8.9.9.202607020720,NOT_CALIBRATED,COMPARATIVE_WHAT_IF_ONLY,PENDING_VALIDATION,COMPLETE
1.0,OP_AVAIL_EXACT95_LOW_CAPACITY_AVAIL_SECURITY_MINUS_4,1f8092810bbef01772ff3ebb85a2552e0d06505aad1d15e7efe3bd284da3ac20,TASK3_OPERATIONAL_POOLED_V1,CAPACITY_AVAIL_SECURITY_MINUS_4,CAPACITY,REFERENCE_ASSUMPTION_SANDBOX_V1,LOCAL_WINDOW_HPP_EXACT95_LOW,13,202607290000,202608290131,202608290132,202608290133,202608290134,EMPTY_AND_IDLE,HPP,300.000000000,334.664495631,FULL_DRAIN,AnyLogic,8.9.9.202607020720,NOT_CALIBRATED,COMPARATIVE_WHAT_IF_ONLY,PENDING_VALIDATION,COMPLETE
1.0,OP_AVAIL_EXACT95_LOW_CAPACITY_AVAIL_SECURITY_MINUS_4,1f8092810bbef01772ff3ebb85a2552e0d06505aad1d15e7efe3bd284da3ac20,TASK3_OPERATIONAL_POOLED_V1,CAPACITY_AVAIL_SECURITY_MINUS_4,CAPACITY,REFERENCE_ASSUMPTION_SANDBOX_V1,LOCAL_WINDOW_HPP_EXACT95_LOW,14,202607290000,202608290141,202608290142,202608290143,202608290144,EMPTY_AND_IDLE,HPP,300.000000000,334.504039286,FULL_DRAIN,AnyLogic,8.9.9.202607020720,NOT_CALIBRATED,COMPARATIVE_WHAT_IF_ONLY,PENDING_VALIDATION,COMPLETE
1.0,OP_AVAIL_EXACT95_LOW_CAPACITY_AVAIL_SECURITY_MINUS_4,1f8092810bbef01772ff3ebb85a2552e0d06505aad1d15e7efe3bd284da3ac20,TASK3_OPERATIONAL_POOLED_V1,CAPACITY_AVAIL_SECURITY_MINUS_4,CAPACITY,REFERENCE_ASSUMPTION_SANDBOX_V1,LOCAL_WINDOW_HPP_EXACT95_LOW,15,202607290000,202608290151,202608290152,202608290153,202608290154,EMPTY_AND_IDLE,HPP,300.000000000,334.767924815,FULL_DRAIN,AnyLogic,8.9.9.202607020720,NOT_CALIBRATED,COMPARATIVE_WHAT_IF_ONLY,PENDING_VALIDATION,COMPLETE
1.0,OP_AVAIL_EXACT95_LOW_CAPACITY_AVAIL_SECURITY_MINUS_4,1f8092810bbef01772ff3ebb85a2552e0d06505aad1d15e7efe3bd284da3ac20,TASK3_OPERATIONAL_POOLED_V1,CAPACITY_AVAIL_SECURITY_MINUS_4,CAPACITY,REFERENCE_ASSUMPTION_SANDBOX_V1,LOCAL_WINDOW_HPP_EXACT95_LOW,16,202607290000,202608290161,202608290162,202608290163,202608290164,EMPTY_AND_IDLE,HPP,300.000000000,334.431918804,FULL_DRAIN,AnyLogic,8.9.9.202607020720,NOT_CALIBRATED,COMPARATIVE_WHAT_IF_ONLY,PENDING_VALIDATION,COMPLETE
1.0,OP_AVAIL_EXACT95_LOW_CAPACITY_AVAIL_SECURITY_MINUS_4,1f8092810bbef01772ff3ebb85a2552e0d06505aad1d15e7efe3bd284da3ac20,TASK3_OPERATIONAL_POOLED_V1,CAPACITY_AVAIL_SECURITY_MINUS_4,CAPACITY,REFERENCE_ASSUMPTION_SANDBOX_V1,LOCAL_WINDOW_HPP_EXACT95_LOW,17,202607290000,202608290171,202608290172,202608290173,202608290174,EMPTY_AND_IDLE,HPP,300.000000000,334.762375366,FULL_DRAIN,AnyLogic,8.9.9.202607020720,NOT_CALIBRATED,COMPARATIVE_WHAT_IF_ONLY,PENDING_VALIDATION,COMPLETE
1.0,OP_AVAIL_EXACT95_LOW_CAPACITY_AVAIL_SECURITY_MINUS_4,1f8092810bbef01772ff3ebb85a2552e0d06505aad1d15e7efe3bd284da3ac20,TASK3_OPERATIONAL_POOLED_V1,CAPACITY_AVAIL_SECURITY_MINUS_4,CAPACITY,REFERENCE_ASSUMPTION_SANDBOX_V1,LOCAL_WINDOW_HPP_EXACT95_LOW,18,202607290000,202608290181,202608290182,202608290183,202608290184,EMPTY_AND_IDLE,HPP,300.000000000,333.369913239,FULL_DRAIN,AnyLogic,8.9.9.202607020720,NOT_CALIBRATED,COMPARATIVE_WHAT_IF_ONLY,PENDING_VALIDATION,COMPLETE
1.0,OP_AVAIL_EXACT95_LOW_CAPACITY_AVAIL_SECURITY_MINUS_4,1f8092810bbef01772ff3ebb85a2552e0d06505aad1d15e7efe3bd284da3ac20,TASK3_OPERATIONAL_POOLED_V1,CAPACITY_AVAIL_SECURITY_MINUS_4,CAPACITY,REFERENCE_ASSUMPTION_SANDBOX_V1,LOCAL_WINDOW_HPP_EXACT95_LOW,19,202607290000,202608290191,202608290192,202608290193,202608290194,EMPTY_AND_IDLE,HPP,300.000000000,334.345704763,FULL_DRAIN,AnyLogic,8.9.9.202607020720,NOT_CALIBRATED,COMPARATIVE_WHAT_IF_ONLY,PENDING_VALIDATION,COMPLETE
1.0,OP_AVAIL_EXACT95_LOW_CAPACITY_AVAIL_SECURITY_MINUS_4,1f8092810bbef01772ff3ebb85a2552e0d06505aad1d15e7efe3bd284da3ac20,TASK3_OPERATIONAL_POOLED_V1,CAPACITY_AVAIL_SECURITY_MINUS_4,CAPACITY,REFERENCE_ASSUMPTION_SANDBOX_V1,LOCAL_WINDOW_HPP_EXACT95_LOW,20,202607290000,202608290201,202608290202,202608290203,202608290204,EMPTY_AND_IDLE,HPP,300.000000000,333.059981036,FULL_DRAIN,AnyLogic,8.9.9.202607020720,NOT_CALIBRATED,COMPARATIVE_WHAT_IF_ONLY,PENDING_VALIDATION,COMPLETE
1.0,OP_AVAIL_EXACT95_LOW_CAPACITY_AVAIL_SECURITY_MINUS_4,1f8092810bbef01772ff3ebb85a2552e0d06505aad1d15e7efe3bd284da3ac20,TASK3_OPERATIONAL_POOLED_V1,CAPACITY_AVAIL_SECURITY_MINUS_4,CAPACITY,REFERENCE_ASSUMPTION_SANDBOX_V1,LOCAL_WINDOW_HPP_EXACT95_LOW,21,202607290000,202608290211,202608290212,202608290213,202608290214,EMPTY_AND_IDLE,HPP,300.000000000,334.383882730,FULL_DRAIN,AnyLogic,8.9.9.202607020720,NOT_CALIBRATED,COMPARATIVE_WHAT_IF_ONLY,PENDING_VALIDATION,COMPLETE
1.0,OP_AVAIL_EXACT95_LOW_CAPACITY_AVAIL_SECURITY_MINUS_4,1f8092810bbef01772ff3ebb85a2552e0d06505aad1d15e7efe3bd284da3ac20,TASK3_OPERATIONAL_POOLED_V1,CAPACITY_AVAIL_SECURITY_MINUS_4,CAPACITY,REFERENCE_ASSUMPTION_SANDBOX_V1,LOCAL_WINDOW_HPP_EXACT95_LOW,22,202607290000,202608290221,202608290222,202608290223,202608290224,EMPTY_AND_IDLE,HPP,300.000000000,335.603625809,FULL_DRAIN,AnyLogic,8.9.9.202607020720,NOT_CALIBRATED,COMPARATIVE_WHAT_IF_ONLY,PENDING_VALIDATION,COMPLETE
1.0,OP_AVAIL_EXACT95_LOW_CAPACITY_AVAIL_SECURITY_MINUS_4,1f8092810bbef01772ff3ebb85a2552e0d06505aad1d15e7efe3bd284da3ac20,TASK3_OPERATIONAL_POOLED_V1,CAPACITY_AVAIL_SECURITY_MINUS_4,CAPACITY,REFERENCE_ASSUMPTION_SANDBOX_V1,LOCAL_WINDOW_HPP_EXACT95_LOW,23,202607290000,202608290231,202608290232,202608290233,202608290234,EMPTY_AND_IDLE,HPP,300.000000000,333.884950245,FULL_DRAIN,AnyLogic,8.9.9.202607020720,NOT_CALIBRATED,COMPARATIVE_WHAT_IF_ONLY,PENDING_VALIDATION,COMPLETE
1.0,OP_AVAIL_EXACT95_LOW_CAPACITY_AVAIL_SECURITY_MINUS_4,1f8092810bbef01772ff3ebb85a2552e0d06505aad1d15e7efe3bd284da3ac20,TASK3_OPERATIONAL_POOLED_V1,CAPACITY_AVAIL_SECURITY_MINUS_4,CAPACITY,REFERENCE_ASSUMPTION_SANDBOX_V1,LOCAL_WINDOW_HPP_EXACT95_LOW,24,202607290000,202608290241,202608290242,202608290243,202608290244,EMPTY_AND_IDLE,HPP,300.000000000,334.544159448,FULL_DRAIN,AnyLogic,8.9.9.202607020720,NOT_CALIBRATED,COMPARATIVE_WHAT_IF_ONLY,PENDING_VALIDATION,COMPLETE
1.0,OP_AVAIL_EXACT95_LOW_CAPACITY_AVAIL_SECURITY_MINUS_4,1f8092810bbef01772ff3ebb85a2552e0d06505aad1d15e7efe3bd284da3ac20,TASK3_OPERATIONAL_POOLED_V1,CAPACITY_AVAIL_SECURITY_MINUS_4,CAPACITY,REFERENCE_ASSUMPTION_SANDBOX_V1,LOCAL_WINDOW_HPP_EXACT95_LOW,25,202607290000,202608290251,202608290252,202608290253,202608290254,EMPTY_AND_IDLE,HPP,300.000000000,333.803665910,FULL_DRAIN,AnyLogic,8.9.9.202607020720,NOT_CALIBRATED,COMPARATIVE_WHAT_IF_ONLY,PENDING_VALIDATION,COMPLETE
1.0,OP_AVAIL_EXACT95_LOW_CAPACITY_AVAIL_SECURITY_MINUS_4,1f8092810bbef01772ff3ebb85a2552e0d06505aad1d15e7efe3bd284da3ac20,TASK3_OPERATIONAL_POOLED_V1,CAPACITY_AVAIL_SECURITY_MINUS_4,CAPACITY,REFERENCE_ASSUMPTION_SANDBOX_V1,LOCAL_WINDOW_HPP_EXACT95_LOW,26,202607290000,202608290261,202608290262,202608290263,202608290264,EMPTY_AND_IDLE,HPP,300.000000000,334.692628558,FULL_DRAIN,AnyLogic,8.9.9.202607020720,NOT_CALIBRATED,COMPARATIVE_WHAT_IF_ONLY,PENDING_VALIDATION,COMPLETE
1.0,OP_AVAIL_EXACT95_LOW_CAPACITY_AVAIL_SECURITY_MINUS_4,1f8092810bbef01772ff3ebb85a2552e0d06505aad1d15e7efe3bd284da3ac20,TASK3_OPERATIONAL_POOLED_V1,CAPACITY_AVAIL_SECURITY_MINUS_4,CAPACITY,REFERENCE_ASSUMPTION_SANDBOX_V1,LOCAL_WINDOW_HPP_EXACT95_LOW,27,202607290000,202608290271,202608290272,202608290273,202608290274,EMPTY_AND_IDLE,HPP,300.000000000,332.497741530,FULL_DRAIN,AnyLogic,8.9.9.202607020720,NOT_CALIBRATED,COMPARATIVE_WHAT_IF_ONLY,PENDING_VALIDATION,COMPLETE
1.0,OP_AVAIL_EXACT95_LOW_CAPACITY_AVAIL_SECURITY_MINUS_4,1f8092810bbef01772ff3ebb85a2552e0d06505aad1d15e7efe3bd284da3ac20,TASK3_OPERATIONAL_POOLED_V1,CAPACITY_AVAIL_SECURITY_MINUS_4,CAPACITY,REFERENCE_ASSUMPTION_SANDBOX_V1,LOCAL_WINDOW_HPP_EXACT95_LOW,28,202607290000,202608290281,202608290282,202608290283,202608290284,EMPTY_AND_IDLE,HPP,300.000000000,334.557393197,FULL_DRAIN,AnyLogic,8.9.9.202607020720,NOT_CALIBRATED,COMPARATIVE_WHAT_IF_ONLY,PENDING_VALIDATION,COMPLETE
1.0,OP_AVAIL_EXACT95_LOW_CAPACITY_AVAIL_SECURITY_MINUS_4,1f8092810bbef01772ff3ebb85a2552e0d06505aad1d15e7efe3bd284da3ac20,TASK3_OPERATIONAL_POOLED_V1,CAPACITY_AVAIL_SECURITY_MINUS_4,CAPACITY,REFERENCE_ASSUMPTION_SANDBOX_V1,LOCAL_WINDOW_HPP_EXACT95_LOW,29,202607290000,202608290291,202608290292,202608290293,202608290294,EMPTY_AND_IDLE,HPP,300.000000000,334.055309304,FULL_DRAIN,AnyLogic,8.9.9.202607020720,NOT_CALIBRATED,COMPARATIVE_WHAT_IF_ONLY,PENDING_VALIDATION,COMPLETE
1.0,OP_AVAIL_EXACT95_LOW_CAPACITY_AVAIL_SECURITY_MINUS_4,1f8092810bbef01772ff3ebb85a2552e0d06505aad1d15e7efe3bd284da3ac20,TASK3_OPERATIONAL_POOLED_V1,CAPACITY_AVAIL_SECURITY_MINUS_4,CAPACITY,REFERENCE_ASSUMPTION_SANDBOX_V1,LOCAL_WINDOW_HPP_EXACT95_LOW,30,202607290000,202608290301,202608290302,202608290303,202608290304,EMPTY_AND_IDLE,HPP,300.000000000,333.547081962,FULL_DRAIN,AnyLogic,8.9.9.202607020720,NOT_CALIBRATED,COMPARATIVE_WHAT_IF_ONLY,PENDING_VALIDATION,COMPLETE
1.0,OP_AVAIL_EXACT95_LOW_CAPACITY_AVAIL_SECURITY_MINUS_4,1f8092810bbef01772ff3ebb85a2552e0d06505aad1d15e7efe3bd284da3ac20,TASK3_OPERATIONAL_POOLED_V1,CAPACITY_AVAIL_SECURITY_MINUS_4,CAPACITY,REFERENCE_ASSUMPTION_SANDBOX_V1,LOCAL_WINDOW_HPP_EXACT95_LOW,31,202607290000,202608290311,202608290312,202608290313,202608290314,EMPTY_AND_IDLE,HPP,300.000000000,332.500307393,FULL_DRAIN,AnyLogic,8.9.9.202607020720,NOT_CALIBRATED,COMPARATIVE_WHAT_IF_ONLY,PENDING_VALIDATION,COMPLETE
1.0,OP_AVAIL_EXACT95_LOW_CAPACITY_AVAIL_SECURITY_MINUS_4,1f8092810bbef01772ff3ebb85a2552e0d06505aad1d15e7efe3bd284da3ac20,TASK3_OPERATIONAL_POOLED_V1,CAPACITY_AVAIL_SECURITY_MINUS_4,CAPACITY,REFERENCE_ASSUMPTION_SANDBOX_V1,LOCAL_WINDOW_HPP_EXACT95_LOW,32,202607290000,202608290321,202608290322,202608290323,202608290324,EMPTY_AND_IDLE,HPP,300.000000000,333.258766840,FULL_DRAIN,AnyLogic,8.9.9.202607020720,NOT_CALIBRATED,COMPARATIVE_WHAT_IF_ONLY,PENDING_VALIDATION,COMPLETE
1.0,OP_AVAIL_EXACT95_LOW_CAPACITY_AVAIL_SECURITY_MINUS_4,1f8092810bbef01772ff3ebb85a2552e0d06505aad1d15e7efe3bd284da3ac20,TASK3_OPERATIONAL_POOLED_V1,CAPACITY_AVAIL_SECURITY_MINUS_4,CAPACITY,REFERENCE_ASSUMPTION_SANDBOX_V1,LOCAL_WINDOW_HPP_EXACT95_LOW,33,202607290000,202608290331,202608290332,202608290333,202608290334,EMPTY_AND_IDLE,HPP,300.000000000,333.353517328,FULL_DRAIN,AnyLogic,8.9.9.202607020720,NOT_CALIBRATED,COMPARATIVE_WHAT_IF_ONLY,PENDING_VALIDATION,COMPLETE
1.0,OP_AVAIL_EXACT95_LOW_CAPACITY_AVAIL_SECURITY_MINUS_4,1f8092810bbef01772ff3ebb85a2552e0d06505aad1d15e7efe3bd284da3ac20,TASK3_OPERATIONAL_POOLED_V1,CAPACITY_AVAIL_SECURITY_MINUS_4,CAPACITY,REFERENCE_ASSUMPTION_SANDBOX_V1,LOCAL_WINDOW_HPP_EXACT95_LOW,34,202607290000,202608290341,202608290342,202608290343,202608290344,EMPTY_AND_IDLE,HPP,300.000000000,333.918653247,FULL_DRAIN,AnyLogic,8.9.9.202607020720,NOT_CALIBRATED,COMPARATIVE_WHAT_IF_ONLY,PENDING_VALIDATION,COMPLETE
1.0,OP_AVAIL_EXACT95_LOW_CAPACITY_AVAIL_SECURITY_MINUS_4,1f8092810bbef01772ff3ebb85a2552e0d06505aad1d15e7efe3bd284da3ac20,TASK3_OPERATIONAL_POOLED_V1,CAPACITY_AVAIL_SECURITY_MINUS_4,CAPACITY,REFERENCE_ASSUMPTION_SANDBOX_V1,LOCAL_WINDOW_HPP_EXACT95_LOW,35,202607290000,202608290351,202608290352,202608290353,202608290354,EMPTY_AND_IDLE,HPP,300.000000000,334.031797309,FULL_DRAIN,AnyLogic,8.9.9.202607020720,NOT_CALIBRATED,COMPARATIVE_WHAT_IF_ONLY,PENDING_VALIDATION,COMPLETE
1.0,OP_AVAIL_EXACT95_LOW_CAPACITY_AVAIL_SECURITY_MINUS_4,1f8092810bbef01772ff3ebb85a2552e0d06505aad1d15e7efe3bd284da3ac20,TASK3_OPERATIONAL_POOLED_V1,CAPACITY_AVAIL_SECURITY_MINUS_4,CAPACITY,REFERENCE_ASSUMPTION_SANDBOX_V1,LOCAL_WINDOW_HPP_EXACT95_LOW,36,202607290000,202608290361,202608290362,202608290363,202608290364,EMPTY_AND_IDLE,HPP,300.000000000,334.046219248,FULL_DRAIN,AnyLogic,8.9.9.202607020720,NOT_CALIBRATED,COMPARATIVE_WHAT_IF_ONLY,PENDING_VALIDATION,COMPLETE
1.0,OP_AVAIL_EXACT95_LOW_CAPACITY_AVAIL_SECURITY_MINUS_4,1f8092810bbef01772ff3ebb85a2552e0d06505aad1d15e7efe3bd284da3ac20,TASK3_OPERATIONAL_POOLED_V1,CAPACITY_AVAIL_SECURITY_MINUS_4,CAPACITY,REFERENCE_ASSUMPTION_SANDBOX_V1,LOCAL_WINDOW_HPP_EXACT95_LOW,37,202607290000,202608290371,202608290372,202608290373,202608290374,EMPTY_AND_IDLE,HPP,300.000000000,334.078766339,FULL_DRAIN,AnyLogic,8.9.9.202607020720,NOT_CALIBRATED,COMPARATIVE_WHAT_IF_ONLY,PENDING_VALIDATION,COMPLETE
1.0,OP_AVAIL_EXACT95_LOW_CAPACITY_AVAIL_SECURITY_MINUS_4,1f8092810bbef01772ff3ebb85a2552e0d06505aad1d15e7efe3bd284da3ac20,TASK3_OPERATIONAL_POOLED_V1,CAPACITY_AVAIL_SECURITY_MINUS_4,CAPACITY,REFERENCE_ASSUMPTION_SANDBOX_V1,LOCAL_WINDOW_HPP_EXACT95_LOW,38,202607290000,202608290381,202608290382,202608290383,202608290384,EMPTY_AND_IDLE,HPP,300.000000000,333.973818889,FULL_DRAIN,AnyLogic,8.9.9.202607020720,NOT_CALIBRATED,COMPARATIVE_WHAT_IF_ONLY,PENDING_VALIDATION,COMPLETE
1.0,OP_AVAIL_EXACT95_LOW_CAPACITY_AVAIL_SECURITY_MINUS_4,1f8092810bbef01772ff3ebb85a2552e0d06505aad1d15e7efe3bd284da3ac20,TASK3_OPERATIONAL_POOLED_V1,CAPACITY_AVAIL_SECURITY_MINUS_4,CAPACITY,REFERENCE_ASSUMPTION_SANDBOX_V1,LOCAL_WINDOW_HPP_EXACT95_LOW,39,202607290000,202608290391,202608290392,202608290393,202608290394,EMPTY_AND_IDLE,HPP,300.000000000,333.227369168,FULL_DRAIN,AnyLogic,8.9.9.202607020720,NOT_CALIBRATED,COMPARATIVE_WHAT_IF_ONLY,PENDING_VALIDATION,COMPLETE
1.0,OP_AVAIL_EXACT95_LOW_CAPACITY_AVAIL_SECURITY_MINUS_4,1f8092810bbef01772ff3ebb85a2552e0d06505aad1d15e7efe3bd284da3ac20,TASK3_OPERATIONAL_POOLED_V1,CAPACITY_AVAIL_SECURITY_MINUS_4,CAPACITY,REFERENCE_ASSUMPTION_SANDBOX_V1,LOCAL_WINDOW_HPP_EXACT95_LOW,40,202607290000,202608290401,202608290402,202608290403,202608290404,EMPTY_AND_IDLE,HPP,300.000000000,334.470914622,FULL_DRAIN,AnyLogic,8.9.9.202607020720,NOT_CALIBRATED,COMPARATIVE_WHAT_IF_ONLY,PENDING_VALIDATION,COMPLETE
1.0,OP_AVAIL_EXACT95_LOW_CAPACITY_AVAIL_SECURITY_MINUS_4,1f8092810bbef01772ff3ebb85a2552e0d06505aad1d15e7efe3bd284da3ac20,TASK3_OPERATIONAL_POOLED_V1,CAPACITY_AVAIL_SECURITY_MINUS_4,CAPACITY,REFERENCE_ASSUMPTION_SANDBOX_V1,LOCAL_WINDOW_HPP_EXACT95_LOW,41,202607290000,202608290411,202608290412,202608290413,202608290414,EMPTY_AND_IDLE,HPP,300.000000000,334.039386969,FULL_DRAIN,AnyLogic,8.9.9.202607020720,NOT_CALIBRATED,COMPARATIVE_WHAT_IF_ONLY,PENDING_VALIDATION,COMPLETE
1.0,OP_AVAIL_EXACT95_LOW_CAPACITY_AVAIL_SECURITY_MINUS_4,1f8092810bbef01772ff3ebb85a2552e0d06505aad1d15e7efe3bd284da3ac20,TASK3_OPERATIONAL_POOLED_V1,CAPACITY_AVAIL_SECURITY_MINUS_4,CAPACITY,REFERENCE_ASSUMPTION_SANDBOX_V1,LOCAL_WINDOW_HPP_EXACT95_LOW,42,202607290000,202608290421,202608290422,202608290423,202608290424,EMPTY_AND_IDLE,HPP,300.000000000,334.117691289,FULL_DRAIN,AnyLogic,8.9.9.202607020720,NOT_CALIBRATED,COMPARATIVE_WHAT_IF_ONLY,PENDING_VALIDATION,COMPLETE
1.0,OP_AVAIL_EXACT95_LOW_CAPACITY_AVAIL_SECURITY_MINUS_4,1f8092810bbef01772ff3ebb85a2552e0d06505aad1d15e7efe3bd284da3ac20,TASK3_OPERATIONAL_POOLED_V1,CAPACITY_AVAIL_SECURITY_MINUS_4,CAPACITY,REFERENCE_ASSUMPTION_SANDBOX_V1,LOCAL_WINDOW_HPP_EXACT95_LOW,43,202607290000,202608290431,202608290432,202608290433,202608290434,EMPTY_AND_IDLE,HPP,300.000000000,334.595220486,FULL_DRAIN,AnyLogic,8.9.9.202607020720,NOT_CALIBRATED,COMPARATIVE_WHAT_IF_ONLY,PENDING_VALIDATION,COMPLETE
1.0,OP_AVAIL_EXACT95_LOW_CAPACITY_AVAIL_SECURITY_MINUS_4,1f8092810bbef01772ff3ebb85a2552e0d06505aad1d15e7efe3bd284da3ac20,TASK3_OPERATIONAL_POOLED_V1,CAPACITY_AVAIL_SECURITY_MINUS_4,CAPACITY,REFERENCE_ASSUMPTION_SANDBOX_V1,LOCAL_WINDOW_HPP_EXACT95_LOW,44,202607290000,202608290441,202608290442,202608290443,202608290444,EMPTY_AND_IDLE,HPP,300.000000000,333.612131684,FULL_DRAIN,AnyLogic,8.9.9.202607020720,NOT_CALIBRATED,COMPARATIVE_WHAT_IF_ONLY,PENDING_VALIDATION,COMPLETE
1.0,OP_AVAIL_EXACT95_LOW_CAPACITY_AVAIL_SECURITY_MINUS_4,1f8092810bbef01772ff3ebb85a2552e0d06505aad1d15e7efe3bd284da3ac20,TASK3_OPERATIONAL_POOLED_V1,CAPACITY_AVAIL_SECURITY_MINUS_4,CAPACITY,REFERENCE_ASSUMPTION_SANDBOX_V1,LOCAL_WINDOW_HPP_EXACT95_LOW,45,202607290000,202608290451,202608290452,202608290453,202608290454,EMPTY_AND_IDLE,HPP,300.000000000,332.705388082,FULL_DRAIN,AnyLogic,8.9.9.202607020720,NOT_CALIBRATED,COMPARATIVE_WHAT_IF_ONLY,PENDING_VALIDATION,COMPLETE
1.0,OP_AVAIL_EXACT95_LOW_CAPACITY_AVAIL_SECURITY_MINUS_4,1f8092810bbef01772ff3ebb85a2552e0d06505aad1d15e7efe3bd284da3ac20,TASK3_OPERATIONAL_POOLED_V1,CAPACITY_AVAIL_SECURITY_MINUS_4,CAPACITY,REFERENCE_ASSUMPTION_SANDBOX_V1,LOCAL_WINDOW_HPP_EXACT95_LOW,46,202607290000,202608290461,202608290462,202608290463,202608290464,EMPTY_AND_IDLE,HPP,300.000000000,334.547763371,FULL_DRAIN,AnyLogic,8.9.9.202607020720,NOT_CALIBRATED,COMPARATIVE_WHAT_IF_ONLY,PENDING_VALIDATION,COMPLETE
1.0,OP_AVAIL_EXACT95_LOW_CAPACITY_AVAIL_SECURITY_MINUS_4,1f8092810bbef01772ff3ebb85a2552e0d06505aad1d15e7efe3bd284da3ac20,TASK3_OPERATIONAL_POOLED_V1,CAPACITY_AVAIL_SECURITY_MINUS_4,CAPACITY,REFERENCE_ASSUMPTION_SANDBOX_V1,LOCAL_WINDOW_HPP_EXACT95_LOW,47,202607290000,202608290471,202608290472,202608290473,202608290474,EMPTY_AND_IDLE,HPP,300.000000000,329.184016045,FULL_DRAIN,AnyLogic,8.9.9.202607020720,NOT_CALIBRATED,COMPARATIVE_WHAT_IF_ONLY,PENDING_VALIDATION,COMPLETE
1.0,OP_AVAIL_EXACT95_LOW_CAPACITY_AVAIL_SECURITY_MINUS_4,1f8092810bbef01772ff3ebb85a2552e0d06505aad1d15e7efe3bd284da3ac20,TASK3_OPERATIONAL_POOLED_V1,CAPACITY_AVAIL_SECURITY_MINUS_4,CAPACITY,REFERENCE_ASSUMPTION_SANDBOX_V1,LOCAL_WINDOW_HPP_EXACT95_LOW,48,202607290000,202608290481,202608290482,202608290483,202608290484,EMPTY_AND_IDLE,HPP,300.000000000,334.462782154,FULL_DRAIN,AnyLogic,8.9.9.202607020720,NOT_CALIBRATED,COMPARATIVE_WHAT_IF_ONLY,PENDING_VALIDATION,COMPLETE
1.0,OP_AVAIL_EXACT95_LOW_CAPACITY_AVAIL_SECURITY_MINUS_4,1f8092810bbef01772ff3ebb85a2552e0d06505aad1d15e7efe3bd284da3ac20,TASK3_OPERATIONAL_POOLED_V1,CAPACITY_AVAIL_SECURITY_MINUS_4,CAPACITY,REFERENCE_ASSUMPTION_SANDBOX_V1,LOCAL_WINDOW_HPP_EXACT95_LOW,49,202607290000,202608290491,202608290492,202608290493,202608290494,EMPTY_AND_IDLE,HPP,300.000000000,330.242669127,FULL_DRAIN,AnyLogic,8.9.9.202607020720,NOT_CALIBRATED,COMPARATIVE_WHAT_IF_ONLY,PENDING_VALIDATION,COMPLETE
1.0,OP_AVAIL_EXACT95_LOW_CAPACITY_AVAIL_SECURITY_MINUS_4,1f8092810bbef01772ff3ebb85a2552e0d06505aad1d15e7efe3bd284da3ac20,TASK3_OPERATIONAL_POOLED_V1,CAPACITY_AVAIL_SECURITY_MINUS_4,CAPACITY,REFERENCE_ASSUMPTION_SANDBOX_V1,LOCAL_WINDOW_HPP_EXACT95_LOW,50,202607290000,202608290501,202608290502,202608290503,202608290504,EMPTY_AND_IDLE,HPP,300.000000000,334.204179571,FULL_DRAIN,AnyLogic,8.9.9.202607020720,NOT_CALIBRATED,COMPARATIVE_WHAT_IF_ONLY,PENDING_VALIDATION,COMPLETE
1.0,OP_AVAIL_MLE_BASE_CAPACITY_AVAIL_SEVERE_JOINT_30_17,09dd6a02704a76b898325b52b4363a32298cf6aae27d0251169ccffc8a2245ac,TASK3_OPERATIONAL_POOLED_V1,CAPACITY_AVAIL_SEVERE_JOINT_30_17,CAPACITY,REFERENCE_ASSUMPTION_SANDBOX_V1,LOCAL_WINDOW_HPP_BASE,1,202607290000,202609290011,202609290012,202609290013,202609290014,EMPTY_AND_IDLE,HPP,300.000000000,337.728547501,FULL_DRAIN,AnyLogic,8.9.9.202607020720,NOT_CALIBRATED,COMPARATIVE_WHAT_IF_ONLY,PENDING_VALIDATION,COMPLETE
1.0,OP_AVAIL_MLE_BASE_CAPACITY_AVAIL_SEVERE_JOINT_30_17,09dd6a02704a76b898325b52b4363a32298cf6aae27d0251169ccffc8a2245ac,TASK3_OPERATIONAL_POOLED_V1,CAPACITY_AVAIL_SEVERE_JOINT_30_17,CAPACITY,REFERENCE_ASSUMPTION_SANDBOX_V1,LOCAL_WINDOW_HPP_BASE,2,202607290000,202609290021,202609290022,202609290023,202609290024,EMPTY_AND_IDLE,HPP,300.000000000,372.650665034,FULL_DRAIN,AnyLogic,8.9.9.202607020720,NOT_CALIBRATED,COMPARATIVE_WHAT_IF_ONLY,PENDING_VALIDATION,COMPLETE
1.0,OP_AVAIL_MLE_BASE_CAPACITY_AVAIL_SEVERE_JOINT_30_17,09dd6a02704a76b898325b52b4363a32298cf6aae27d0251169ccffc8a2245ac,TASK3_OPERATIONAL_POOLED_V1,CAPACITY_AVAIL_SEVERE_JOINT_30_17,CAPACITY,REFERENCE_ASSUMPTION_SANDBOX_V1,LOCAL_WINDOW_HPP_BASE,3,202607290000,202609290031,202609290032,202609290033,202609290034,EMPTY_AND_IDLE,HPP,300.000000000,334.877888735,FULL_DRAIN,AnyLogic,8.9.9.202607020720,NOT_CALIBRATED,COMPARATIVE_WHAT_IF_ONLY,PENDING_VALIDATION,COMPLETE
1.0,OP_AVAIL_MLE_BASE_CAPACITY_AVAIL_SEVERE_JOINT_30_17,09dd6a02704a76b898325b52b4363a32298cf6aae27d0251169ccffc8a2245ac,TASK3_OPERATIONAL_POOLED_V1,CAPACITY_AVAIL_SEVERE_JOINT_30_17,CAPACITY,REFERENCE_ASSUMPTION_SANDBOX_V1,LOCAL_WINDOW_HPP_BASE,4,202607290000,202609290041,202609290042,202609290043,202609290044,EMPTY_AND_IDLE,HPP,300.000000000,352.969422529,FULL_DRAIN,AnyLogic,8.9.9.202607020720,NOT_CALIBRATED,COMPARATIVE_WHAT_IF_ONLY,PENDING_VALIDATION,COMPLETE
1.0,OP_AVAIL_MLE_BASE_CAPACITY_AVAIL_SEVERE_JOINT_30_17,09dd6a02704a76b898325b52b4363a32298cf6aae27d0251169ccffc8a2245ac,TASK3_OPERATIONAL_POOLED_V1,CAPACITY_AVAIL_SEVERE_JOINT_30_17,CAPACITY,REFERENCE_ASSUMPTION_SANDBOX_V1,LOCAL_WINDOW_HPP_BASE,5,202607290000,202609290051,202609290052,202609290053,202609290054,EMPTY_AND_IDLE,HPP,300.000000000,337.900644286,FULL_DRAIN,AnyLogic,8.9.9.202607020720,NOT_CALIBRATED,COMPARATIVE_WHAT_IF_ONLY,PENDING_VALIDATION,COMPLETE
1.0,OP_AVAIL_MLE_BASE_CAPACITY_AVAIL_SEVERE_JOINT_30_17,09dd6a02704a76b898325b52b4363a32298cf6aae27d0251169ccffc8a2245ac,TASK3_OPERATIONAL_POOLED_V1,CAPACITY_AVAIL_SEVERE_JOINT_30_17,CAPACITY,REFERENCE_ASSUMPTION_SANDBOX_V1,LOCAL_WINDOW_HPP_BASE,6,202607290000,202609290061,202609290062,202609290063,202609290064,EMPTY_AND_IDLE,HPP,300.000000000,360.215133000,FULL_DRAIN,AnyLogic,8.9.9.202607020720,NOT_CALIBRATED,COMPARATIVE_WHAT_IF_ONLY,PENDING_VALIDATION,COMPLETE
1.0,OP_AVAIL_MLE_BASE_CAPACITY_AVAIL_SEVERE_JOINT_30_17,09dd6a02704a76b898325b52b4363a32298cf6aae27d0251169ccffc8a2245ac,TASK3_OPERATIONAL_POOLED_V1,CAPACITY_AVAIL_SEVERE_JOINT_30_17,CAPACITY,REFERENCE_ASSUMPTION_SANDBOX_V1,LOCAL_WINDOW_HPP_BASE,7,202607290000,202609290071,202609290072,202609290073,202609290074,EMPTY_AND_IDLE,HPP,300.000000000,351.778930379,FULL_DRAIN,AnyLogic,8.9.9.202607020720,NOT_CALIBRATED,COMPARATIVE_WHAT_IF_ONLY,PENDING_VALIDATION,COMPLETE
1.0,OP_AVAIL_MLE_BASE_CAPACITY_AVAIL_SEVERE_JOINT_30_17,09dd6a02704a76b898325b52b4363a32298cf6aae27d0251169ccffc8a2245ac,TASK3_OPERATIONAL_POOLED_V1,CAPACITY_AVAIL_SEVERE_JOINT_30_17,CAPACITY,REFERENCE_ASSUMPTION_SANDBOX_V1,LOCAL_WINDOW_HPP_BASE,8,202607290000,202609290081,202609290082,202609290083,202609290084,EMPTY_AND_IDLE,HPP,300.000000000,370.672458542,FULL_DRAIN,AnyLogic,8.9.9.202607020720,NOT_CALIBRATED,COMPARATIVE_WHAT_IF_ONLY,PENDING_VALIDATION,COMPLETE
1.0,OP_AVAIL_MLE_BASE_CAPACITY_AVAIL_SEVERE_JOINT_30_17,09dd6a02704a76b898325b52b4363a32298cf6aae27d0251169ccffc8a2245ac,TASK3_OPERATIONAL_POOLED_V1,CAPACITY_AVAIL_SEVERE_JOINT_30_17,CAPACITY,REFERENCE_ASSUMPTION_SANDBOX_V1,LOCAL_WINDOW_HPP_BASE,9,202607290000,202609290091,202609290092,202609290093,202609290094,EMPTY_AND_IDLE,HPP,300.000000000,339.319370597,FULL_DRAIN,AnyLogic,8.9.9.202607020720,NOT_CALIBRATED,COMPARATIVE_WHAT_IF_ONLY,PENDING_VALIDATION,COMPLETE
1.0,OP_AVAIL_MLE_BASE_CAPACITY_AVAIL_SEVERE_JOINT_30_17,09dd6a02704a76b898325b52b4363a32298cf6aae27d0251169ccffc8a2245ac,TASK3_OPERATIONAL_POOLED_V1,CAPACITY_AVAIL_SEVERE_JOINT_30_17,CAPACITY,REFERENCE_ASSUMPTION_SANDBOX_V1,LOCAL_WINDOW_HPP_BASE,10,202607290000,202609290101,202609290102,202609290103,202609290104,EMPTY_AND_IDLE,HPP,300.000000000,345.764377073,FULL_DRAIN,AnyLogic,8.9.9.202607020720,NOT_CALIBRATED,COMPARATIVE_WHAT_IF_ONLY,PENDING_VALIDATION,COMPLETE
1.0,OP_AVAIL_MLE_BASE_CAPACITY_AVAIL_SEVERE_JOINT_30_17,09dd6a02704a76b898325b52b4363a32298cf6aae27d0251169ccffc8a2245ac,TASK3_OPERATIONAL_POOLED_V1,CAPACITY_AVAIL_SEVERE_JOINT_30_17,CAPACITY,REFERENCE_ASSUMPTION_SANDBOX_V1,LOCAL_WINDOW_HPP_BASE,11,202607290000,202609290111,202609290112,202609290113,202609290114,EMPTY_AND_IDLE,HPP,300.000000000,347.680162227,FULL_DRAIN,AnyLogic,8.9.9.202607020720,NOT_CALIBRATED,COMPARATIVE_WHAT_IF_ONLY,PENDING_VALIDATION,COMPLETE
1.0,OP_AVAIL_MLE_BASE_CAPACITY_AVAIL_SEVERE_JOINT_30_17,09dd6a02704a76b898325b52b4363a32298cf6aae27d0251169ccffc8a2245ac,TASK3_OPERATIONAL_POOLED_V1,CAPACITY_AVAIL_SEVERE_JOINT_30_17,CAPACITY,REFERENCE_ASSUMPTION_SANDBOX_V1,LOCAL_WINDOW_HPP_BASE,12,202607290000,202609290121,202609290122,202609290123,202609290124,EMPTY_AND_IDLE,HPP,300.000000000,357.532139471,FULL_DRAIN,AnyLogic,8.9.9.202607020720,NOT_CALIBRATED,COMPARATIVE_WHAT_IF_ONLY,PENDING_VALIDATION,COMPLETE
1.0,OP_AVAIL_MLE_BASE_CAPACITY_AVAIL_SEVERE_JOINT_30_17,09dd6a02704a76b898325b52b4363a32298cf6aae27d0251169ccffc8a2245ac,TASK3_OPERATIONAL_POOLED_V1,CAPACITY_AVAIL_SEVERE_JOINT_30_17,CAPACITY,REFERENCE_ASSUMPTION_SANDBOX_V1,LOCAL_WINDOW_HPP_BASE,13,202607290000,202609290131,202609290132,202609290133,202609290134,EMPTY_AND_IDLE,HPP,300.000000000,381.600724639,FULL_DRAIN,AnyLogic,8.9.9.202607020720,NOT_CALIBRATED,COMPARATIVE_WHAT_IF_ONLY,PENDING_VALIDATION,COMPLETE
1.0,OP_AVAIL_MLE_BASE_CAPACITY_AVAIL_SEVERE_JOINT_30_17,09dd6a02704a76b898325b52b4363a32298cf6aae27d0251169ccffc8a2245ac,TASK3_OPERATIONAL_POOLED_V1,CAPACITY_AVAIL_SEVERE_JOINT_30_17,CAPACITY,REFERENCE_ASSUMPTION_SANDBOX_V1,LOCAL_WINDOW_HPP_BASE,14,202607290000,202609290141,202609290142,202609290143,202609290144,EMPTY_AND_IDLE,HPP,300.000000000,333.719484820,FULL_DRAIN,AnyLogic,8.9.9.202607020720,NOT_CALIBRATED,COMPARATIVE_WHAT_IF_ONLY,PENDING_VALIDATION,COMPLETE
1.0,OP_AVAIL_MLE_BASE_CAPACITY_AVAIL_SEVERE_JOINT_30_17,09dd6a02704a76b898325b52b4363a32298cf6aae27d0251169ccffc8a2245ac,TASK3_OPERATIONAL_POOLED_V1,CAPACITY_AVAIL_SEVERE_JOINT_30_17,CAPACITY,REFERENCE_ASSUMPTION_SANDBOX_V1,LOCAL_WINDOW_HPP_BASE,15,202607290000,202609290151,202609290152,202609290153,202609290154,EMPTY_AND_IDLE,HPP,300.000000000,342.169131789,FULL_DRAIN,AnyLogic,8.9.9.202607020720,NOT_CALIBRATED,COMPARATIVE_WHAT_IF_ONLY,PENDING_VALIDATION,COMPLETE
1.0,OP_AVAIL_MLE_BASE_CAPACITY_AVAIL_SEVERE_JOINT_30_17,09dd6a02704a76b898325b52b4363a32298cf6aae27d0251169ccffc8a2245ac,TASK3_OPERATIONAL_POOLED_V1,CAPACITY_AVAIL_SEVERE_JOINT_30_17,CAPACITY,REFERENCE_ASSUMPTION_SANDBOX_V1,LOCAL_WINDOW_HPP_BASE,16,202607290000,202609290161,202609290162,202609290163,202609290164,EMPTY_AND_IDLE,HPP,300.000000000,353.422708657,FULL_DRAIN,AnyLogic,8.9.9.202607020720,NOT_CALIBRATED,COMPARATIVE_WHAT_IF_ONLY,PENDING_VALIDATION,COMPLETE
1.0,OP_AVAIL_MLE_BASE_CAPACITY_AVAIL_SEVERE_JOINT_30_17,09dd6a02704a76b898325b52b4363a32298cf6aae27d0251169ccffc8a2245ac,TASK3_OPERATIONAL_POOLED_V1,CAPACITY_AVAIL_SEVERE_JOINT_30_17,CAPACITY,REFERENCE_ASSUMPTION_SANDBOX_V1,LOCAL_WINDOW_HPP_BASE,17,202607290000,202609290171,202609290172,202609290173,202609290174,EMPTY_AND_IDLE,HPP,300.000000000,365.712680929,FULL_DRAIN,AnyLogic,8.9.9.202607020720,NOT_CALIBRATED,COMPARATIVE_WHAT_IF_ONLY,PENDING_VALIDATION,COMPLETE
1.0,OP_AVAIL_MLE_BASE_CAPACITY_AVAIL_SEVERE_JOINT_30_17,09dd6a02704a76b898325b52b4363a32298cf6aae27d0251169ccffc8a2245ac,TASK3_OPERATIONAL_POOLED_V1,CAPACITY_AVAIL_SEVERE_JOINT_30_17,CAPACITY,REFERENCE_ASSUMPTION_SANDBOX_V1,LOCAL_WINDOW_HPP_BASE,18,202607290000,202609290181,202609290182,202609290183,202609290184,EMPTY_AND_IDLE,HPP,300.000000000,358.222272470,FULL_DRAIN,AnyLogic,8.9.9.202607020720,NOT_CALIBRATED,COMPARATIVE_WHAT_IF_ONLY,PENDING_VALIDATION,COMPLETE
1.0,OP_AVAIL_MLE_BASE_CAPACITY_AVAIL_SEVERE_JOINT_30_17,09dd6a02704a76b898325b52b4363a32298cf6aae27d0251169ccffc8a2245ac,TASK3_OPERATIONAL_POOLED_V1,CAPACITY_AVAIL_SEVERE_JOINT_30_17,CAPACITY,REFERENCE_ASSUMPTION_SANDBOX_V1,LOCAL_WINDOW_HPP_BASE,19,202607290000,202609290191,202609290192,202609290193,202609290194,EMPTY_AND_IDLE,HPP,300.000000000,375.003366816,FULL_DRAIN,AnyLogic,8.9.9.202607020720,NOT_CALIBRATED,COMPARATIVE_WHAT_IF_ONLY,PENDING_VALIDATION,COMPLETE
1.0,OP_AVAIL_MLE_BASE_CAPACITY_AVAIL_SEVERE_JOINT_30_17,09dd6a02704a76b898325b52b4363a32298cf6aae27d0251169ccffc8a2245ac,TASK3_OPERATIONAL_POOLED_V1,CAPACITY_AVAIL_SEVERE_JOINT_30_17,CAPACITY,REFERENCE_ASSUMPTION_SANDBOX_V1,LOCAL_WINDOW_HPP_BASE,20,202607290000,202609290201,202609290202,202609290203,202609290204,EMPTY_AND_IDLE,HPP,300.000000000,353.148662811,FULL_DRAIN,AnyLogic,8.9.9.202607020720,NOT_CALIBRATED,COMPARATIVE_WHAT_IF_ONLY,PENDING_VALIDATION,COMPLETE
1.0,OP_AVAIL_MLE_BASE_CAPACITY_AVAIL_SEVERE_JOINT_30_17,09dd6a02704a76b898325b52b4363a32298cf6aae27d0251169ccffc8a2245ac,TASK3_OPERATIONAL_POOLED_V1,CAPACITY_AVAIL_SEVERE_JOINT_30_17,CAPACITY,REFERENCE_ASSUMPTION_SANDBOX_V1,LOCAL_WINDOW_HPP_BASE,21,202607290000,202609290211,202609290212,202609290213,202609290214,EMPTY_AND_IDLE,HPP,300.000000000,362.590975411,FULL_DRAIN,AnyLogic,8.9.9.202607020720,NOT_CALIBRATED,COMPARATIVE_WHAT_IF_ONLY,PENDING_VALIDATION,COMPLETE
1.0,OP_AVAIL_MLE_BASE_CAPACITY_AVAIL_SEVERE_JOINT_30_17,09dd6a02704a76b898325b52b4363a32298cf6aae27d0251169ccffc8a2245ac,TASK3_OPERATIONAL_POOLED_V1,CAPACITY_AVAIL_SEVERE_JOINT_30_17,CAPACITY,REFERENCE_ASSUMPTION_SANDBOX_V1,LOCAL_WINDOW_HPP_BASE,22,202607290000,202609290221,202609290222,202609290223,202609290224,EMPTY_AND_IDLE,HPP,300.000000000,349.925709029,FULL_DRAIN,AnyLogic,8.9.9.202607020720,NOT_CALIBRATED,COMPARATIVE_WHAT_IF_ONLY,PENDING_VALIDATION,COMPLETE
1.0,OP_AVAIL_MLE_BASE_CAPACITY_AVAIL_SEVERE_JOINT_30_17,09dd6a02704a76b898325b52b4363a32298cf6aae27d0251169ccffc8a2245ac,TASK3_OPERATIONAL_POOLED_V1,CAPACITY_AVAIL_SEVERE_JOINT_30_17,CAPACITY,REFERENCE_ASSUMPTION_SANDBOX_V1,LOCAL_WINDOW_HPP_BASE,23,202607290000,202609290231,202609290232,202609290233,202609290234,EMPTY_AND_IDLE,HPP,300.000000000,369.389074341,FULL_DRAIN,AnyLogic,8.9.9.202607020720,NOT_CALIBRATED,COMPARATIVE_WHAT_IF_ONLY,PENDING_VALIDATION,COMPLETE
1.0,OP_AVAIL_MLE_BASE_CAPACITY_AVAIL_SEVERE_JOINT_30_17,09dd6a02704a76b898325b52b4363a32298cf6aae27d0251169ccffc8a2245ac,TASK3_OPERATIONAL_POOLED_V1,CAPACITY_AVAIL_SEVERE_JOINT_30_17,CAPACITY,REFERENCE_ASSUMPTION_SANDBOX_V1,LOCAL_WINDOW_HPP_BASE,24,202607290000,202609290241,202609290242,202609290243,202609290244,EMPTY_AND_IDLE,HPP,300.000000000,350.045517808,FULL_DRAIN,AnyLogic,8.9.9.202607020720,NOT_CALIBRATED,COMPARATIVE_WHAT_IF_ONLY,PENDING_VALIDATION,COMPLETE
1.0,OP_AVAIL_MLE_BASE_CAPACITY_AVAIL_SEVERE_JOINT_30_17,09dd6a02704a76b898325b52b4363a32298cf6aae27d0251169ccffc8a2245ac,TASK3_OPERATIONAL_POOLED_V1,CAPACITY_AVAIL_SEVERE_JOINT_30_17,CAPACITY,REFERENCE_ASSUMPTION_SANDBOX_V1,LOCAL_WINDOW_HPP_BASE,25,202607290000,202609290251,202609290252,202609290253,202609290254,EMPTY_AND_IDLE,HPP,300.000000000,362.219966741,FULL_DRAIN,AnyLogic,8.9.9.202607020720,NOT_CALIBRATED,COMPARATIVE_WHAT_IF_ONLY,PENDING_VALIDATION,COMPLETE
1.0,OP_AVAIL_MLE_BASE_CAPACITY_AVAIL_SEVERE_JOINT_30_17,09dd6a02704a76b898325b52b4363a32298cf6aae27d0251169ccffc8a2245ac,TASK3_OPERATIONAL_POOLED_V1,CAPACITY_AVAIL_SEVERE_JOINT_30_17,CAPACITY,REFERENCE_ASSUMPTION_SANDBOX_V1,LOCAL_WINDOW_HPP_BASE,26,202607290000,202609290261,202609290262,202609290263,202609290264,EMPTY_AND_IDLE,HPP,300.000000000,358.033691652,FULL_DRAIN,AnyLogic,8.9.9.202607020720,NOT_CALIBRATED,COMPARATIVE_WHAT_IF_ONLY,PENDING_VALIDATION,COMPLETE
1.0,OP_AVAIL_MLE_BASE_CAPACITY_AVAIL_SEVERE_JOINT_30_17,09dd6a02704a76b898325b52b4363a32298cf6aae27d0251169ccffc8a2245ac,TASK3_OPERATIONAL_POOLED_V1,CAPACITY_AVAIL_SEVERE_JOINT_30_17,CAPACITY,REFERENCE_ASSUMPTION_SANDBOX_V1,LOCAL_WINDOW_HPP_BASE,27,202607290000,202609290271,202609290272,202609290273,202609290274,EMPTY_AND_IDLE,HPP,300.000000000,347.952570623,FULL_DRAIN,AnyLogic,8.9.9.202607020720,NOT_CALIBRATED,COMPARATIVE_WHAT_IF_ONLY,PENDING_VALIDATION,COMPLETE
1.0,OP_AVAIL_MLE_BASE_CAPACITY_AVAIL_SEVERE_JOINT_30_17,09dd6a02704a76b898325b52b4363a32298cf6aae27d0251169ccffc8a2245ac,TASK3_OPERATIONAL_POOLED_V1,CAPACITY_AVAIL_SEVERE_JOINT_30_17,CAPACITY,REFERENCE_ASSUMPTION_SANDBOX_V1,LOCAL_WINDOW_HPP_BASE,28,202607290000,202609290281,202609290282,202609290283,202609290284,EMPTY_AND_IDLE,HPP,300.000000000,347.012909406,FULL_DRAIN,AnyLogic,8.9.9.202607020720,NOT_CALIBRATED,COMPARATIVE_WHAT_IF_ONLY,PENDING_VALIDATION,COMPLETE
1.0,OP_AVAIL_MLE_BASE_CAPACITY_AVAIL_SEVERE_JOINT_30_17,09dd6a02704a76b898325b52b4363a32298cf6aae27d0251169ccffc8a2245ac,TASK3_OPERATIONAL_POOLED_V1,CAPACITY_AVAIL_SEVERE_JOINT_30_17,CAPACITY,REFERENCE_ASSUMPTION_SANDBOX_V1,LOCAL_WINDOW_HPP_BASE,29,202607290000,202609290291,202609290292,202609290293,202609290294,EMPTY_AND_IDLE,HPP,300.000000000,359.546544739,FULL_DRAIN,AnyLogic,8.9.9.202607020720,NOT_CALIBRATED,COMPARATIVE_WHAT_IF_ONLY,PENDING_VALIDATION,COMPLETE
1.0,OP_AVAIL_MLE_BASE_CAPACITY_AVAIL_SEVERE_JOINT_30_17,09dd6a02704a76b898325b52b4363a32298cf6aae27d0251169ccffc8a2245ac,TASK3_OPERATIONAL_POOLED_V1,CAPACITY_AVAIL_SEVERE_JOINT_30_17,CAPACITY,REFERENCE_ASSUMPTION_SANDBOX_V1,LOCAL_WINDOW_HPP_BASE,30,202607290000,202609290301,202609290302,202609290303,202609290304,EMPTY_AND_IDLE,HPP,300.000000000,354.937186002,FULL_DRAIN,AnyLogic,8.9.9.202607020720,NOT_CALIBRATED,COMPARATIVE_WHAT_IF_ONLY,PENDING_VALIDATION,COMPLETE
1.0,OP_AVAIL_MLE_BASE_CAPACITY_AVAIL_SEVERE_JOINT_30_17,09dd6a02704a76b898325b52b4363a32298cf6aae27d0251169ccffc8a2245ac,TASK3_OPERATIONAL_POOLED_V1,CAPACITY_AVAIL_SEVERE_JOINT_30_17,CAPACITY,REFERENCE_ASSUMPTION_SANDBOX_V1,LOCAL_WINDOW_HPP_BASE,31,202607290000,202609290311,202609290312,202609290313,202609290314,EMPTY_AND_IDLE,HPP,300.000000000,360.569233200,FULL_DRAIN,AnyLogic,8.9.9.202607020720,NOT_CALIBRATED,COMPARATIVE_WHAT_IF_ONLY,PENDING_VALIDATION,COMPLETE
1.0,OP_AVAIL_MLE_BASE_CAPACITY_AVAIL_SEVERE_JOINT_30_17,09dd6a02704a76b898325b52b4363a32298cf6aae27d0251169ccffc8a2245ac,TASK3_OPERATIONAL_POOLED_V1,CAPACITY_AVAIL_SEVERE_JOINT_30_17,CAPACITY,REFERENCE_ASSUMPTION_SANDBOX_V1,LOCAL_WINDOW_HPP_BASE,32,202607290000,202609290321,202609290322,202609290323,202609290324,EMPTY_AND_IDLE,HPP,300.000000000,346.305022347,FULL_DRAIN,AnyLogic,8.9.9.202607020720,NOT_CALIBRATED,COMPARATIVE_WHAT_IF_ONLY,PENDING_VALIDATION,COMPLETE
1.0,OP_AVAIL_MLE_BASE_CAPACITY_AVAIL_SEVERE_JOINT_30_17,09dd6a02704a76b898325b52b4363a32298cf6aae27d0251169ccffc8a2245ac,TASK3_OPERATIONAL_POOLED_V1,CAPACITY_AVAIL_SEVERE_JOINT_30_17,CAPACITY,REFERENCE_ASSUMPTION_SANDBOX_V1,LOCAL_WINDOW_HPP_BASE,33,202607290000,202609290331,202609290332,202609290333,202609290334,EMPTY_AND_IDLE,HPP,300.000000000,360.861114514,FULL_DRAIN,AnyLogic,8.9.9.202607020720,NOT_CALIBRATED,COMPARATIVE_WHAT_IF_ONLY,PENDING_VALIDATION,COMPLETE
1.0,OP_AVAIL_MLE_BASE_CAPACITY_AVAIL_SEVERE_JOINT_30_17,09dd6a02704a76b898325b52b4363a32298cf6aae27d0251169ccffc8a2245ac,TASK3_OPERATIONAL_POOLED_V1,CAPACITY_AVAIL_SEVERE_JOINT_30_17,CAPACITY,REFERENCE_ASSUMPTION_SANDBOX_V1,LOCAL_WINDOW_HPP_BASE,34,202607290000,202609290341,202609290342,202609290343,202609290344,EMPTY_AND_IDLE,HPP,300.000000000,360.761170524,FULL_DRAIN,AnyLogic,8.9.9.202607020720,NOT_CALIBRATED,COMPARATIVE_WHAT_IF_ONLY,PENDING_VALIDATION,COMPLETE
1.0,OP_AVAIL_MLE_BASE_CAPACITY_AVAIL_SEVERE_JOINT_30_17,09dd6a02704a76b898325b52b4363a32298cf6aae27d0251169ccffc8a2245ac,TASK3_OPERATIONAL_POOLED_V1,CAPACITY_AVAIL_SEVERE_JOINT_30_17,CAPACITY,REFERENCE_ASSUMPTION_SANDBOX_V1,LOCAL_WINDOW_HPP_BASE,35,202607290000,202609290351,202609290352,202609290353,202609290354,EMPTY_AND_IDLE,HPP,300.000000000,376.880421961,FULL_DRAIN,AnyLogic,8.9.9.202607020720,NOT_CALIBRATED,COMPARATIVE_WHAT_IF_ONLY,PENDING_VALIDATION,COMPLETE
1.0,OP_AVAIL_MLE_BASE_CAPACITY_AVAIL_SEVERE_JOINT_30_17,09dd6a02704a76b898325b52b4363a32298cf6aae27d0251169ccffc8a2245ac,TASK3_OPERATIONAL_POOLED_V1,CAPACITY_AVAIL_SEVERE_JOINT_30_17,CAPACITY,REFERENCE_ASSUMPTION_SANDBOX_V1,LOCAL_WINDOW_HPP_BASE,36,202607290000,202609290361,202609290362,202609290363,202609290364,EMPTY_AND_IDLE,HPP,300.000000000,351.043401001,FULL_DRAIN,AnyLogic,8.9.9.202607020720,NOT_CALIBRATED,COMPARATIVE_WHAT_IF_ONLY,PENDING_VALIDATION,COMPLETE
1.0,OP_AVAIL_MLE_BASE_CAPACITY_AVAIL_SEVERE_JOINT_30_17,09dd6a02704a76b898325b52b4363a32298cf6aae27d0251169ccffc8a2245ac,TASK3_OPERATIONAL_POOLED_V1,CAPACITY_AVAIL_SEVERE_JOINT_30_17,CAPACITY,REFERENCE_ASSUMPTION_SANDBOX_V1,LOCAL_WINDOW_HPP_BASE,37,202607290000,202609290371,202609290372,202609290373,202609290374,EMPTY_AND_IDLE,HPP,300.000000000,349.203060787,FULL_DRAIN,AnyLogic,8.9.9.202607020720,NOT_CALIBRATED,COMPARATIVE_WHAT_IF_ONLY,PENDING_VALIDATION,COMPLETE
1.0,OP_AVAIL_MLE_BASE_CAPACITY_AVAIL_SEVERE_JOINT_30_17,09dd6a02704a76b898325b52b4363a32298cf6aae27d0251169ccffc8a2245ac,TASK3_OPERATIONAL_POOLED_V1,CAPACITY_AVAIL_SEVERE_JOINT_30_17,CAPACITY,REFERENCE_ASSUMPTION_SANDBOX_V1,LOCAL_WINDOW_HPP_BASE,38,202607290000,202609290381,202609290382,202609290383,202609290384,EMPTY_AND_IDLE,HPP,300.000000000,348.670093102,FULL_DRAIN,AnyLogic,8.9.9.202607020720,NOT_CALIBRATED,COMPARATIVE_WHAT_IF_ONLY,PENDING_VALIDATION,COMPLETE
1.0,OP_AVAIL_MLE_BASE_CAPACITY_AVAIL_SEVERE_JOINT_30_17,09dd6a02704a76b898325b52b4363a32298cf6aae27d0251169ccffc8a2245ac,TASK3_OPERATIONAL_POOLED_V1,CAPACITY_AVAIL_SEVERE_JOINT_30_17,CAPACITY,REFERENCE_ASSUMPTION_SANDBOX_V1,LOCAL_WINDOW_HPP_BASE,39,202607290000,202609290391,202609290392,202609290393,202609290394,EMPTY_AND_IDLE,HPP,300.000000000,349.396203875,FULL_DRAIN,AnyLogic,8.9.9.202607020720,NOT_CALIBRATED,COMPARATIVE_WHAT_IF_ONLY,PENDING_VALIDATION,COMPLETE
1.0,OP_AVAIL_MLE_BASE_CAPACITY_AVAIL_SEVERE_JOINT_30_17,09dd6a02704a76b898325b52b4363a32298cf6aae27d0251169ccffc8a2245ac,TASK3_OPERATIONAL_POOLED_V1,CAPACITY_AVAIL_SEVERE_JOINT_30_17,CAPACITY,REFERENCE_ASSUMPTION_SANDBOX_V1,LOCAL_WINDOW_HPP_BASE,40,202607290000,202609290401,202609290402,202609290403,202609290404,EMPTY_AND_IDLE,HPP,300.000000000,349.480204171,FULL_DRAIN,AnyLogic,8.9.9.202607020720,NOT_CALIBRATED,COMPARATIVE_WHAT_IF_ONLY,PENDING_VALIDATION,COMPLETE
1.0,OP_AVAIL_MLE_BASE_CAPACITY_AVAIL_SEVERE_JOINT_30_17,09dd6a02704a76b898325b52b4363a32298cf6aae27d0251169ccffc8a2245ac,TASK3_OPERATIONAL_POOLED_V1,CAPACITY_AVAIL_SEVERE_JOINT_30_17,CAPACITY,REFERENCE_ASSUMPTION_SANDBOX_V1,LOCAL_WINDOW_HPP_BASE,41,202607290000,202609290411,202609290412,202609290413,202609290414,EMPTY_AND_IDLE,HPP,300.000000000,350.933531791,FULL_DRAIN,AnyLogic,8.9.9.202607020720,NOT_CALIBRATED,COMPARATIVE_WHAT_IF_ONLY,PENDING_VALIDATION,COMPLETE
1.0,OP_AVAIL_MLE_BASE_CAPACITY_AVAIL_SEVERE_JOINT_30_17,09dd6a02704a76b898325b52b4363a32298cf6aae27d0251169ccffc8a2245ac,TASK3_OPERATIONAL_POOLED_V1,CAPACITY_AVAIL_SEVERE_JOINT_30_17,CAPACITY,REFERENCE_ASSUMPTION_SANDBOX_V1,LOCAL_WINDOW_HPP_BASE,42,202607290000,202609290421,202609290422,202609290423,202609290424,EMPTY_AND_IDLE,HPP,300.000000000,351.415583679,FULL_DRAIN,AnyLogic,8.9.9.202607020720,NOT_CALIBRATED,COMPARATIVE_WHAT_IF_ONLY,PENDING_VALIDATION,COMPLETE
1.0,OP_AVAIL_MLE_BASE_CAPACITY_AVAIL_SEVERE_JOINT_30_17,09dd6a02704a76b898325b52b4363a32298cf6aae27d0251169ccffc8a2245ac,TASK3_OPERATIONAL_POOLED_V1,CAPACITY_AVAIL_SEVERE_JOINT_30_17,CAPACITY,REFERENCE_ASSUMPTION_SANDBOX_V1,LOCAL_WINDOW_HPP_BASE,43,202607290000,202609290431,202609290432,202609290433,202609290434,EMPTY_AND_IDLE,HPP,300.000000000,344.846124232,FULL_DRAIN,AnyLogic,8.9.9.202607020720,NOT_CALIBRATED,COMPARATIVE_WHAT_IF_ONLY,PENDING_VALIDATION,COMPLETE
1.0,OP_AVAIL_MLE_BASE_CAPACITY_AVAIL_SEVERE_JOINT_30_17,09dd6a02704a76b898325b52b4363a32298cf6aae27d0251169ccffc8a2245ac,TASK3_OPERATIONAL_POOLED_V1,CAPACITY_AVAIL_SEVERE_JOINT_30_17,CAPACITY,REFERENCE_ASSUMPTION_SANDBOX_V1,LOCAL_WINDOW_HPP_BASE,44,202607290000,202609290441,202609290442,202609290443,202609290444,EMPTY_AND_IDLE,HPP,300.000000000,334.992089443,FULL_DRAIN,AnyLogic,8.9.9.202607020720,NOT_CALIBRATED,COMPARATIVE_WHAT_IF_ONLY,PENDING_VALIDATION,COMPLETE
1.0,OP_AVAIL_MLE_BASE_CAPACITY_AVAIL_SEVERE_JOINT_30_17,09dd6a02704a76b898325b52b4363a32298cf6aae27d0251169ccffc8a2245ac,TASK3_OPERATIONAL_POOLED_V1,CAPACITY_AVAIL_SEVERE_JOINT_30_17,CAPACITY,REFERENCE_ASSUMPTION_SANDBOX_V1,LOCAL_WINDOW_HPP_BASE,45,202607290000,202609290451,202609290452,202609290453,202609290454,EMPTY_AND_IDLE,HPP,300.000000000,341.435147802,FULL_DRAIN,AnyLogic,8.9.9.202607020720,NOT_CALIBRATED,COMPARATIVE_WHAT_IF_ONLY,PENDING_VALIDATION,COMPLETE
1.0,OP_AVAIL_MLE_BASE_CAPACITY_AVAIL_SEVERE_JOINT_30_17,09dd6a02704a76b898325b52b4363a32298cf6aae27d0251169ccffc8a2245ac,TASK3_OPERATIONAL_POOLED_V1,CAPACITY_AVAIL_SEVERE_JOINT_30_17,CAPACITY,REFERENCE_ASSUMPTION_SANDBOX_V1,LOCAL_WINDOW_HPP_BASE,46,202607290000,202609290461,202609290462,202609290463,202609290464,EMPTY_AND_IDLE,HPP,300.000000000,381.078130234,FULL_DRAIN,AnyLogic,8.9.9.202607020720,NOT_CALIBRATED,COMPARATIVE_WHAT_IF_ONLY,PENDING_VALIDATION,COMPLETE
1.0,OP_AVAIL_MLE_BASE_CAPACITY_AVAIL_SEVERE_JOINT_30_17,09dd6a02704a76b898325b52b4363a32298cf6aae27d0251169ccffc8a2245ac,TASK3_OPERATIONAL_POOLED_V1,CAPACITY_AVAIL_SEVERE_JOINT_30_17,CAPACITY,REFERENCE_ASSUMPTION_SANDBOX_V1,LOCAL_WINDOW_HPP_BASE,47,202607290000,202609290471,202609290472,202609290473,202609290474,EMPTY_AND_IDLE,HPP,300.000000000,334.574566537,FULL_DRAIN,AnyLogic,8.9.9.202607020720,NOT_CALIBRATED,COMPARATIVE_WHAT_IF_ONLY,PENDING_VALIDATION,COMPLETE
1.0,OP_AVAIL_MLE_BASE_CAPACITY_AVAIL_SEVERE_JOINT_30_17,09dd6a02704a76b898325b52b4363a32298cf6aae27d0251169ccffc8a2245ac,TASK3_OPERATIONAL_POOLED_V1,CAPACITY_AVAIL_SEVERE_JOINT_30_17,CAPACITY,REFERENCE_ASSUMPTION_SANDBOX_V1,LOCAL_WINDOW_HPP_BASE,48,202607290000,202609290481,202609290482,202609290483,202609290484,EMPTY_AND_IDLE,HPP,300.000000000,351.662411593,FULL_DRAIN,AnyLogic,8.9.9.202607020720,NOT_CALIBRATED,COMPARATIVE_WHAT_IF_ONLY,PENDING_VALIDATION,COMPLETE
1.0,OP_AVAIL_MLE_BASE_CAPACITY_AVAIL_SEVERE_JOINT_30_17,09dd6a02704a76b898325b52b4363a32298cf6aae27d0251169ccffc8a2245ac,TASK3_OPERATIONAL_POOLED_V1,CAPACITY_AVAIL_SEVERE_JOINT_30_17,CAPACITY,REFERENCE_ASSUMPTION_SANDBOX_V1,LOCAL_WINDOW_HPP_BASE,49,202607290000,202609290491,202609290492,202609290493,202609290494,EMPTY_AND_IDLE,HPP,300.000000000,360.162061883,FULL_DRAIN,AnyLogic,8.9.9.202607020720,NOT_CALIBRATED,COMPARATIVE_WHAT_IF_ONLY,PENDING_VALIDATION,COMPLETE
1.0,OP_AVAIL_MLE_BASE_CAPACITY_AVAIL_SEVERE_JOINT_30_17,09dd6a02704a76b898325b52b4363a32298cf6aae27d0251169ccffc8a2245ac,TASK3_OPERATIONAL_POOLED_V1,CAPACITY_AVAIL_SEVERE_JOINT_30_17,CAPACITY,REFERENCE_ASSUMPTION_SANDBOX_V1,LOCAL_WINDOW_HPP_BASE,50,202607290000,202609290501,202609290502,202609290503,202609290504,EMPTY_AND_IDLE,HPP,300.000000000,357.740819574,FULL_DRAIN,AnyLogic,8.9.9.202607020720,NOT_CALIBRATED,COMPARATIVE_WHAT_IF_ONLY,PENDING_VALIDATION,COMPLETE
1.0,OP_AVAIL_EXACT95_HIGH_CAPACITY_AVAIL_SEVERE_JOINT_30_17,a057757b86744a2376d6921c93be4ae7953b03831df8f0f4d342c33923c7e7f5,TASK3_OPERATIONAL_POOLED_V1,CAPACITY_AVAIL_SEVERE_JOINT_30_17,CAPACITY,REFERENCE_ASSUMPTION_SANDBOX_V1,LOCAL_WINDOW_HPP_EXACT95_HIGH,1,202607290000,202610290011,202610290012,202610290013,202610290014,EMPTY_AND_IDLE,HPP,300.000000000,467.437841854,FULL_DRAIN,AnyLogic,8.9.9.202607020720,NOT_CALIBRATED,COMPARATIVE_WHAT_IF_ONLY,PENDING_VALIDATION,COMPLETE
1.0,OP_AVAIL_EXACT95_HIGH_CAPACITY_AVAIL_SEVERE_JOINT_30_17,a057757b86744a2376d6921c93be4ae7953b03831df8f0f4d342c33923c7e7f5,TASK3_OPERATIONAL_POOLED_V1,CAPACITY_AVAIL_SEVERE_JOINT_30_17,CAPACITY,REFERENCE_ASSUMPTION_SANDBOX_V1,LOCAL_WINDOW_HPP_EXACT95_HIGH,2,202607290000,202610290021,202610290022,202610290023,202610290024,EMPTY_AND_IDLE,HPP,300.000000000,486.796284050,FULL_DRAIN,AnyLogic,8.9.9.202607020720,NOT_CALIBRATED,COMPARATIVE_WHAT_IF_ONLY,PENDING_VALIDATION,COMPLETE
1.0,OP_AVAIL_EXACT95_HIGH_CAPACITY_AVAIL_SEVERE_JOINT_30_17,a057757b86744a2376d6921c93be4ae7953b03831df8f0f4d342c33923c7e7f5,TASK3_OPERATIONAL_POOLED_V1,CAPACITY_AVAIL_SEVERE_JOINT_30_17,CAPACITY,REFERENCE_ASSUMPTION_SANDBOX_V1,LOCAL_WINDOW_HPP_EXACT95_HIGH,3,202607290000,202610290031,202610290032,202610290033,202610290034,EMPTY_AND_IDLE,HPP,300.000000000,505.269343786,FULL_DRAIN,AnyLogic,8.9.9.202607020720,NOT_CALIBRATED,COMPARATIVE_WHAT_IF_ONLY,PENDING_VALIDATION,COMPLETE
1.0,OP_AVAIL_EXACT95_HIGH_CAPACITY_AVAIL_SEVERE_JOINT_30_17,a057757b86744a2376d6921c93be4ae7953b03831df8f0f4d342c33923c7e7f5,TASK3_OPERATIONAL_POOLED_V1,CAPACITY_AVAIL_SEVERE_JOINT_30_17,CAPACITY,REFERENCE_ASSUMPTION_SANDBOX_V1,LOCAL_WINDOW_HPP_EXACT95_HIGH,4,202607290000,202610290041,202610290042,202610290043,202610290044,EMPTY_AND_IDLE,HPP,300.000000000,464.889755364,FULL_DRAIN,AnyLogic,8.9.9.202607020720,NOT_CALIBRATED,COMPARATIVE_WHAT_IF_ONLY,PENDING_VALIDATION,COMPLETE
1.0,OP_AVAIL_EXACT95_HIGH_CAPACITY_AVAIL_SEVERE_JOINT_30_17,a057757b86744a2376d6921c93be4ae7953b03831df8f0f4d342c33923c7e7f5,TASK3_OPERATIONAL_POOLED_V1,CAPACITY_AVAIL_SEVERE_JOINT_30_17,CAPACITY,REFERENCE_ASSUMPTION_SANDBOX_V1,LOCAL_WINDOW_HPP_EXACT95_HIGH,5,202607290000,202610290051,202610290052,202610290053,202610290054,EMPTY_AND_IDLE,HPP,300.000000000,484.932196309,FULL_DRAIN,AnyLogic,8.9.9.202607020720,NOT_CALIBRATED,COMPARATIVE_WHAT_IF_ONLY,PENDING_VALIDATION,COMPLETE
1.0,OP_AVAIL_EXACT95_HIGH_CAPACITY_AVAIL_SEVERE_JOINT_30_17,a057757b86744a2376d6921c93be4ae7953b03831df8f0f4d342c33923c7e7f5,TASK3_OPERATIONAL_POOLED_V1,CAPACITY_AVAIL_SEVERE_JOINT_30_17,CAPACITY,REFERENCE_ASSUMPTION_SANDBOX_V1,LOCAL_WINDOW_HPP_EXACT95_HIGH,6,202607290000,202610290061,202610290062,202610290063,202610290064,EMPTY_AND_IDLE,HPP,300.000000000,469.456955958,FULL_DRAIN,AnyLogic,8.9.9.202607020720,NOT_CALIBRATED,COMPARATIVE_WHAT_IF_ONLY,PENDING_VALIDATION,COMPLETE
1.0,OP_AVAIL_EXACT95_HIGH_CAPACITY_AVAIL_SEVERE_JOINT_30_17,a057757b86744a2376d6921c93be4ae7953b03831df8f0f4d342c33923c7e7f5,TASK3_OPERATIONAL_POOLED_V1,CAPACITY_AVAIL_SEVERE_JOINT_30_17,CAPACITY,REFERENCE_ASSUMPTION_SANDBOX_V1,LOCAL_WINDOW_HPP_EXACT95_HIGH,7,202607290000,202610290071,202610290072,202610290073,202610290074,EMPTY_AND_IDLE,HPP,300.000000000,471.374341241,FULL_DRAIN,AnyLogic,8.9.9.202607020720,NOT_CALIBRATED,COMPARATIVE_WHAT_IF_ONLY,PENDING_VALIDATION,COMPLETE
1.0,OP_AVAIL_EXACT95_HIGH_CAPACITY_AVAIL_SEVERE_JOINT_30_17,a057757b86744a2376d6921c93be4ae7953b03831df8f0f4d342c33923c7e7f5,TASK3_OPERATIONAL_POOLED_V1,CAPACITY_AVAIL_SEVERE_JOINT_30_17,CAPACITY,REFERENCE_ASSUMPTION_SANDBOX_V1,LOCAL_WINDOW_HPP_EXACT95_HIGH,8,202607290000,202610290081,202610290082,202610290083,202610290084,EMPTY_AND_IDLE,HPP,300.000000000,460.894774842,FULL_DRAIN,AnyLogic,8.9.9.202607020720,NOT_CALIBRATED,COMPARATIVE_WHAT_IF_ONLY,PENDING_VALIDATION,COMPLETE
1.0,OP_AVAIL_EXACT95_HIGH_CAPACITY_AVAIL_SEVERE_JOINT_30_17,a057757b86744a2376d6921c93be4ae7953b03831df8f0f4d342c33923c7e7f5,TASK3_OPERATIONAL_POOLED_V1,CAPACITY_AVAIL_SEVERE_JOINT_30_17,CAPACITY,REFERENCE_ASSUMPTION_SANDBOX_V1,LOCAL_WINDOW_HPP_EXACT95_HIGH,9,202607290000,202610290091,202610290092,202610290093,202610290094,EMPTY_AND_IDLE,HPP,300.000000000,501.659127920,FULL_DRAIN,AnyLogic,8.9.9.202607020720,NOT_CALIBRATED,COMPARATIVE_WHAT_IF_ONLY,PENDING_VALIDATION,COMPLETE
1.0,OP_AVAIL_EXACT95_HIGH_CAPACITY_AVAIL_SEVERE_JOINT_30_17,a057757b86744a2376d6921c93be4ae7953b03831df8f0f4d342c33923c7e7f5,TASK3_OPERATIONAL_POOLED_V1,CAPACITY_AVAIL_SEVERE_JOINT_30_17,CAPACITY,REFERENCE_ASSUMPTION_SANDBOX_V1,LOCAL_WINDOW_HPP_EXACT95_HIGH,10,202607290000,202610290101,202610290102,202610290103,202610290104,EMPTY_AND_IDLE,HPP,300.000000000,461.044396202,FULL_DRAIN,AnyLogic,8.9.9.202607020720,NOT_CALIBRATED,COMPARATIVE_WHAT_IF_ONLY,PENDING_VALIDATION,COMPLETE
1.0,OP_AVAIL_EXACT95_HIGH_CAPACITY_AVAIL_SEVERE_JOINT_30_17,a057757b86744a2376d6921c93be4ae7953b03831df8f0f4d342c33923c7e7f5,TASK3_OPERATIONAL_POOLED_V1,CAPACITY_AVAIL_SEVERE_JOINT_30_17,CAPACITY,REFERENCE_ASSUMPTION_SANDBOX_V1,LOCAL_WINDOW_HPP_EXACT95_HIGH,11,202607290000,202610290111,202610290112,202610290113,202610290114,EMPTY_AND_IDLE,HPP,300.000000000,441.185091683,FULL_DRAIN,AnyLogic,8.9.9.202607020720,NOT_CALIBRATED,COMPARATIVE_WHAT_IF_ONLY,PENDING_VALIDATION,COMPLETE
1.0,OP_AVAIL_EXACT95_HIGH_CAPACITY_AVAIL_SEVERE_JOINT_30_17,a057757b86744a2376d6921c93be4ae7953b03831df8f0f4d342c33923c7e7f5,TASK3_OPERATIONAL_POOLED_V1,CAPACITY_AVAIL_SEVERE_JOINT_30_17,CAPACITY,REFERENCE_ASSUMPTION_SANDBOX_V1,LOCAL_WINDOW_HPP_EXACT95_HIGH,12,202607290000,202610290121,202610290122,202610290123,202610290124,EMPTY_AND_IDLE,HPP,300.000000000,474.558600874,FULL_DRAIN,AnyLogic,8.9.9.202607020720,NOT_CALIBRATED,COMPARATIVE_WHAT_IF_ONLY,PENDING_VALIDATION,COMPLETE
1.0,OP_AVAIL_EXACT95_HIGH_CAPACITY_AVAIL_SEVERE_JOINT_30_17,a057757b86744a2376d6921c93be4ae7953b03831df8f0f4d342c33923c7e7f5,TASK3_OPERATIONAL_POOLED_V1,CAPACITY_AVAIL_SEVERE_JOINT_30_17,CAPACITY,REFERENCE_ASSUMPTION_SANDBOX_V1,LOCAL_WINDOW_HPP_EXACT95_HIGH,13,202607290000,202610290131,202610290132,202610290133,202610290134,EMPTY_AND_IDLE,HPP,300.000000000,486.904775963,FULL_DRAIN,AnyLogic,8.9.9.202607020720,NOT_CALIBRATED,COMPARATIVE_WHAT_IF_ONLY,PENDING_VALIDATION,COMPLETE
1.0,OP_AVAIL_EXACT95_HIGH_CAPACITY_AVAIL_SEVERE_JOINT_30_17,a057757b86744a2376d6921c93be4ae7953b03831df8f0f4d342c33923c7e7f5,TASK3_OPERATIONAL_POOLED_V1,CAPACITY_AVAIL_SEVERE_JOINT_30_17,CAPACITY,REFERENCE_ASSUMPTION_SANDBOX_V1,LOCAL_WINDOW_HPP_EXACT95_HIGH,14,202607290000,202610290141,202610290142,202610290143,202610290144,EMPTY_AND_IDLE,HPP,300.000000000,474.443844307,FULL_DRAIN,AnyLogic,8.9.9.202607020720,NOT_CALIBRATED,COMPARATIVE_WHAT_IF_ONLY,PENDING_VALIDATION,COMPLETE
1.0,OP_AVAIL_EXACT95_HIGH_CAPACITY_AVAIL_SEVERE_JOINT_30_17,a057757b86744a2376d6921c93be4ae7953b03831df8f0f4d342c33923c7e7f5,TASK3_OPERATIONAL_POOLED_V1,CAPACITY_AVAIL_SEVERE_JOINT_30_17,CAPACITY,REFERENCE_ASSUMPTION_SANDBOX_V1,LOCAL_WINDOW_HPP_EXACT95_HIGH,15,202607290000,202610290151,202610290152,202610290153,202610290154,EMPTY_AND_IDLE,HPP,300.000000000,495.181710451,FULL_DRAIN,AnyLogic,8.9.9.202607020720,NOT_CALIBRATED,COMPARATIVE_WHAT_IF_ONLY,PENDING_VALIDATION,COMPLETE
1.0,OP_AVAIL_EXACT95_HIGH_CAPACITY_AVAIL_SEVERE_JOINT_30_17,a057757b86744a2376d6921c93be4ae7953b03831df8f0f4d342c33923c7e7f5,TASK3_OPERATIONAL_POOLED_V1,CAPACITY_AVAIL_SEVERE_JOINT_30_17,CAPACITY,REFERENCE_ASSUMPTION_SANDBOX_V1,LOCAL_WINDOW_HPP_EXACT95_HIGH,16,202607290000,202610290161,202610290162,202610290163,202610290164,EMPTY_AND_IDLE,HPP,300.000000000,454.951506737,FULL_DRAIN,AnyLogic,8.9.9.202607020720,NOT_CALIBRATED,COMPARATIVE_WHAT_IF_ONLY,PENDING_VALIDATION,COMPLETE
1.0,OP_AVAIL_EXACT95_HIGH_CAPACITY_AVAIL_SEVERE_JOINT_30_17,a057757b86744a2376d6921c93be4ae7953b03831df8f0f4d342c33923c7e7f5,TASK3_OPERATIONAL_POOLED_V1,CAPACITY_AVAIL_SEVERE_JOINT_30_17,CAPACITY,REFERENCE_ASSUMPTION_SANDBOX_V1,LOCAL_WINDOW_HPP_EXACT95_HIGH,17,202607290000,202610290171,202610290172,202610290173,202610290174,EMPTY_AND_IDLE,HPP,300.000000000,453.604600084,FULL_DRAIN,AnyLogic,8.9.9.202607020720,NOT_CALIBRATED,COMPARATIVE_WHAT_IF_ONLY,PENDING_VALIDATION,COMPLETE
1.0,OP_AVAIL_EXACT95_HIGH_CAPACITY_AVAIL_SEVERE_JOINT_30_17,a057757b86744a2376d6921c93be4ae7953b03831df8f0f4d342c33923c7e7f5,TASK3_OPERATIONAL_POOLED_V1,CAPACITY_AVAIL_SEVERE_JOINT_30_17,CAPACITY,REFERENCE_ASSUMPTION_SANDBOX_V1,LOCAL_WINDOW_HPP_EXACT95_HIGH,18,202607290000,202610290181,202610290182,202610290183,202610290184,EMPTY_AND_IDLE,HPP,300.000000000,491.576061119,FULL_DRAIN,AnyLogic,8.9.9.202607020720,NOT_CALIBRATED,COMPARATIVE_WHAT_IF_ONLY,PENDING_VALIDATION,COMPLETE
1.0,OP_AVAIL_EXACT95_HIGH_CAPACITY_AVAIL_SEVERE_JOINT_30_17,a057757b86744a2376d6921c93be4ae7953b03831df8f0f4d342c33923c7e7f5,TASK3_OPERATIONAL_POOLED_V1,CAPACITY_AVAIL_SEVERE_JOINT_30_17,CAPACITY,REFERENCE_ASSUMPTION_SANDBOX_V1,LOCAL_WINDOW_HPP_EXACT95_HIGH,19,202607290000,202610290191,202610290192,202610290193,202610290194,EMPTY_AND_IDLE,HPP,300.000000000,455.451331238,FULL_DRAIN,AnyLogic,8.9.9.202607020720,NOT_CALIBRATED,COMPARATIVE_WHAT_IF_ONLY,PENDING_VALIDATION,COMPLETE
1.0,OP_AVAIL_EXACT95_HIGH_CAPACITY_AVAIL_SEVERE_JOINT_30_17,a057757b86744a2376d6921c93be4ae7953b03831df8f0f4d342c33923c7e7f5,TASK3_OPERATIONAL_POOLED_V1,CAPACITY_AVAIL_SEVERE_JOINT_30_17,CAPACITY,REFERENCE_ASSUMPTION_SANDBOX_V1,LOCAL_WINDOW_HPP_EXACT95_HIGH,20,202607290000,202610290201,202610290202,202610290203,202610290204,EMPTY_AND_IDLE,HPP,300.000000000,478.478644455,FULL_DRAIN,AnyLogic,8.9.9.202607020720,NOT_CALIBRATED,COMPARATIVE_WHAT_IF_ONLY,PENDING_VALIDATION,COMPLETE
1.0,OP_AVAIL_EXACT95_HIGH_CAPACITY_AVAIL_SEVERE_JOINT_30_17,a057757b86744a2376d6921c93be4ae7953b03831df8f0f4d342c33923c7e7f5,TASK3_OPERATIONAL_POOLED_V1,CAPACITY_AVAIL_SEVERE_JOINT_30_17,CAPACITY,REFERENCE_ASSUMPTION_SANDBOX_V1,LOCAL_WINDOW_HPP_EXACT95_HIGH,21,202607290000,202610290211,202610290212,202610290213,202610290214,EMPTY_AND_IDLE,HPP,300.000000000,458.125250058,FULL_DRAIN,AnyLogic,8.9.9.202607020720,NOT_CALIBRATED,COMPARATIVE_WHAT_IF_ONLY,PENDING_VALIDATION,COMPLETE
1.0,OP_AVAIL_EXACT95_HIGH_CAPACITY_AVAIL_SEVERE_JOINT_30_17,a057757b86744a2376d6921c93be4ae7953b03831df8f0f4d342c33923c7e7f5,TASK3_OPERATIONAL_POOLED_V1,CAPACITY_AVAIL_SEVERE_JOINT_30_17,CAPACITY,REFERENCE_ASSUMPTION_SANDBOX_V1,LOCAL_WINDOW_HPP_EXACT95_HIGH,22,202607290000,202610290221,202610290222,202610290223,202610290224,EMPTY_AND_IDLE,HPP,300.000000000,445.277519021,FULL_DRAIN,AnyLogic,8.9.9.202607020720,NOT_CALIBRATED,COMPARATIVE_WHAT_IF_ONLY,PENDING_VALIDATION,COMPLETE
1.0,OP_AVAIL_EXACT95_HIGH_CAPACITY_AVAIL_SEVERE_JOINT_30_17,a057757b86744a2376d6921c93be4ae7953b03831df8f0f4d342c33923c7e7f5,TASK3_OPERATIONAL_POOLED_V1,CAPACITY_AVAIL_SEVERE_JOINT_30_17,CAPACITY,REFERENCE_ASSUMPTION_SANDBOX_V1,LOCAL_WINDOW_HPP_EXACT95_HIGH,23,202607290000,202610290231,202610290232,202610290233,202610290234,EMPTY_AND_IDLE,HPP,300.000000000,475.016093399,FULL_DRAIN,AnyLogic,8.9.9.202607020720,NOT_CALIBRATED,COMPARATIVE_WHAT_IF_ONLY,PENDING_VALIDATION,COMPLETE
1.0,OP_AVAIL_EXACT95_HIGH_CAPACITY_AVAIL_SEVERE_JOINT_30_17,a057757b86744a2376d6921c93be4ae7953b03831df8f0f4d342c33923c7e7f5,TASK3_OPERATIONAL_POOLED_V1,CAPACITY_AVAIL_SEVERE_JOINT_30_17,CAPACITY,REFERENCE_ASSUMPTION_SANDBOX_V1,LOCAL_WINDOW_HPP_EXACT95_HIGH,24,202607290000,202610290241,202610290242,202610290243,202610290244,EMPTY_AND_IDLE,HPP,300.000000000,466.617213821,FULL_DRAIN,AnyLogic,8.9.9.202607020720,NOT_CALIBRATED,COMPARATIVE_WHAT_IF_ONLY,PENDING_VALIDATION,COMPLETE
1.0,OP_AVAIL_EXACT95_HIGH_CAPACITY_AVAIL_SEVERE_JOINT_30_17,a057757b86744a2376d6921c93be4ae7953b03831df8f0f4d342c33923c7e7f5,TASK3_OPERATIONAL_POOLED_V1,CAPACITY_AVAIL_SEVERE_JOINT_30_17,CAPACITY,REFERENCE_ASSUMPTION_SANDBOX_V1,LOCAL_WINDOW_HPP_EXACT95_HIGH,25,202607290000,202610290251,202610290252,202610290253,202610290254,EMPTY_AND_IDLE,HPP,300.000000000,439.931982460,FULL_DRAIN,AnyLogic,8.9.9.202607020720,NOT_CALIBRATED,COMPARATIVE_WHAT_IF_ONLY,PENDING_VALIDATION,COMPLETE
1.0,OP_AVAIL_EXACT95_HIGH_CAPACITY_AVAIL_SEVERE_JOINT_30_17,a057757b86744a2376d6921c93be4ae7953b03831df8f0f4d342c33923c7e7f5,TASK3_OPERATIONAL_POOLED_V1,CAPACITY_AVAIL_SEVERE_JOINT_30_17,CAPACITY,REFERENCE_ASSUMPTION_SANDBOX_V1,LOCAL_WINDOW_HPP_EXACT95_HIGH,26,202607290000,202610290261,202610290262,202610290263,202610290264,EMPTY_AND_IDLE,HPP,300.000000000,480.393615383,FULL_DRAIN,AnyLogic,8.9.9.202607020720,NOT_CALIBRATED,COMPARATIVE_WHAT_IF_ONLY,PENDING_VALIDATION,COMPLETE
1.0,OP_AVAIL_EXACT95_HIGH_CAPACITY_AVAIL_SEVERE_JOINT_30_17,a057757b86744a2376d6921c93be4ae7953b03831df8f0f4d342c33923c7e7f5,TASK3_OPERATIONAL_POOLED_V1,CAPACITY_AVAIL_SEVERE_JOINT_30_17,CAPACITY,REFERENCE_ASSUMPTION_SANDBOX_V1,LOCAL_WINDOW_HPP_EXACT95_HIGH,27,202607290000,202610290271,202610290272,202610290273,202610290274,EMPTY_AND_IDLE,HPP,300.000000000,465.295534958,FULL_DRAIN,AnyLogic,8.9.9.202607020720,NOT_CALIBRATED,COMPARATIVE_WHAT_IF_ONLY,PENDING_VALIDATION,COMPLETE
1.0,OP_AVAIL_EXACT95_HIGH_CAPACITY_AVAIL_SEVERE_JOINT_30_17,a057757b86744a2376d6921c93be4ae7953b03831df8f0f4d342c33923c7e7f5,TASK3_OPERATIONAL_POOLED_V1,CAPACITY_AVAIL_SEVERE_JOINT_30_17,CAPACITY,REFERENCE_ASSUMPTION_SANDBOX_V1,LOCAL_WINDOW_HPP_EXACT95_HIGH,28,202607290000,202610290281,202610290282,202610290283,202610290284,EMPTY_AND_IDLE,HPP,300.000000000,474.117145201,FULL_DRAIN,AnyLogic,8.9.9.202607020720,NOT_CALIBRATED,COMPARATIVE_WHAT_IF_ONLY,PENDING_VALIDATION,COMPLETE
1.0,OP_AVAIL_EXACT95_HIGH_CAPACITY_AVAIL_SEVERE_JOINT_30_17,a057757b86744a2376d6921c93be4ae7953b03831df8f0f4d342c33923c7e7f5,TASK3_OPERATIONAL_POOLED_V1,CAPACITY_AVAIL_SEVERE_JOINT_30_17,CAPACITY,REFERENCE_ASSUMPTION_SANDBOX_V1,LOCAL_WINDOW_HPP_EXACT95_HIGH,29,202607290000,202610290291,202610290292,202610290293,202610290294,EMPTY_AND_IDLE,HPP,300.000000000,426.939685907,FULL_DRAIN,AnyLogic,8.9.9.202607020720,NOT_CALIBRATED,COMPARATIVE_WHAT_IF_ONLY,PENDING_VALIDATION,COMPLETE
1.0,OP_AVAIL_EXACT95_HIGH_CAPACITY_AVAIL_SEVERE_JOINT_30_17,a057757b86744a2376d6921c93be4ae7953b03831df8f0f4d342c33923c7e7f5,TASK3_OPERATIONAL_POOLED_V1,CAPACITY_AVAIL_SEVERE_JOINT_30_17,CAPACITY,REFERENCE_ASSUMPTION_SANDBOX_V1,LOCAL_WINDOW_HPP_EXACT95_HIGH,30,202607290000,202610290301,202610290302,202610290303,202610290304,EMPTY_AND_IDLE,HPP,300.000000000,484.410334305,FULL_DRAIN,AnyLogic,8.9.9.202607020720,NOT_CALIBRATED,COMPARATIVE_WHAT_IF_ONLY,PENDING_VALIDATION,COMPLETE
1.0,OP_AVAIL_EXACT95_HIGH_CAPACITY_AVAIL_SEVERE_JOINT_30_17,a057757b86744a2376d6921c93be4ae7953b03831df8f0f4d342c33923c7e7f5,TASK3_OPERATIONAL_POOLED_V1,CAPACITY_AVAIL_SEVERE_JOINT_30_17,CAPACITY,REFERENCE_ASSUMPTION_SANDBOX_V1,LOCAL_WINDOW_HPP_EXACT95_HIGH,31,202607290000,202610290311,202610290312,202610290313,202610290314,EMPTY_AND_IDLE,HPP,300.000000000,495.933528267,FULL_DRAIN,AnyLogic,8.9.9.202607020720,NOT_CALIBRATED,COMPARATIVE_WHAT_IF_ONLY,PENDING_VALIDATION,COMPLETE
1.0,OP_AVAIL_EXACT95_HIGH_CAPACITY_AVAIL_SEVERE_JOINT_30_17,a057757b86744a2376d6921c93be4ae7953b03831df8f0f4d342c33923c7e7f5,TASK3_OPERATIONAL_POOLED_V1,CAPACITY_AVAIL_SEVERE_JOINT_30_17,CAPACITY,REFERENCE_ASSUMPTION_SANDBOX_V1,LOCAL_WINDOW_HPP_EXACT95_HIGH,32,202607290000,202610290321,202610290322,202610290323,202610290324,EMPTY_AND_IDLE,HPP,300.000000000,455.011405676,FULL_DRAIN,AnyLogic,8.9.9.202607020720,NOT_CALIBRATED,COMPARATIVE_WHAT_IF_ONLY,PENDING_VALIDATION,COMPLETE
1.0,OP_AVAIL_EXACT95_HIGH_CAPACITY_AVAIL_SEVERE_JOINT_30_17,a057757b86744a2376d6921c93be4ae7953b03831df8f0f4d342c33923c7e7f5,TASK3_OPERATIONAL_POOLED_V1,CAPACITY_AVAIL_SEVERE_JOINT_30_17,CAPACITY,REFERENCE_ASSUMPTION_SANDBOX_V1,LOCAL_WINDOW_HPP_EXACT95_HIGH,33,202607290000,202610290331,202610290332,202610290333,202610290334,EMPTY_AND_IDLE,HPP,300.000000000,471.513270510,FULL_DRAIN,AnyLogic,8.9.9.202607020720,NOT_CALIBRATED,COMPARATIVE_WHAT_IF_ONLY,PENDING_VALIDATION,COMPLETE
1.0,OP_AVAIL_EXACT95_HIGH_CAPACITY_AVAIL_SEVERE_JOINT_30_17,a057757b86744a2376d6921c93be4ae7953b03831df8f0f4d342c33923c7e7f5,TASK3_OPERATIONAL_POOLED_V1,CAPACITY_AVAIL_SEVERE_JOINT_30_17,CAPACITY,REFERENCE_ASSUMPTION_SANDBOX_V1,LOCAL_WINDOW_HPP_EXACT95_HIGH,34,202607290000,202610290341,202610290342,202610290343,202610290344,EMPTY_AND_IDLE,HPP,300.000000000,482.475660103,FULL_DRAIN,AnyLogic,8.9.9.202607020720,NOT_CALIBRATED,COMPARATIVE_WHAT_IF_ONLY,PENDING_VALIDATION,COMPLETE
1.0,OP_AVAIL_EXACT95_HIGH_CAPACITY_AVAIL_SEVERE_JOINT_30_17,a057757b86744a2376d6921c93be4ae7953b03831df8f0f4d342c33923c7e7f5,TASK3_OPERATIONAL_POOLED_V1,CAPACITY_AVAIL_SEVERE_JOINT_30_17,CAPACITY,REFERENCE_ASSUMPTION_SANDBOX_V1,LOCAL_WINDOW_HPP_EXACT95_HIGH,35,202607290000,202610290351,202610290352,202610290353,202610290354,EMPTY_AND_IDLE,HPP,300.000000000,453.243325526,FULL_DRAIN,AnyLogic,8.9.9.202607020720,NOT_CALIBRATED,COMPARATIVE_WHAT_IF_ONLY,PENDING_VALIDATION,COMPLETE
1.0,OP_AVAIL_EXACT95_HIGH_CAPACITY_AVAIL_SEVERE_JOINT_30_17,a057757b86744a2376d6921c93be4ae7953b03831df8f0f4d342c33923c7e7f5,TASK3_OPERATIONAL_POOLED_V1,CAPACITY_AVAIL_SEVERE_JOINT_30_17,CAPACITY,REFERENCE_ASSUMPTION_SANDBOX_V1,LOCAL_WINDOW_HPP_EXACT95_HIGH,36,202607290000,202610290361,202610290362,202610290363,202610290364,EMPTY_AND_IDLE,HPP,300.000000000,468.518863758,FULL_DRAIN,AnyLogic,8.9.9.202607020720,NOT_CALIBRATED,COMPARATIVE_WHAT_IF_ONLY,PENDING_VALIDATION,COMPLETE
1.0,OP_AVAIL_EXACT95_HIGH_CAPACITY_AVAIL_SEVERE_JOINT_30_17,a057757b86744a2376d6921c93be4ae7953b03831df8f0f4d342c33923c7e7f5,TASK3_OPERATIONAL_POOLED_V1,CAPACITY_AVAIL_SEVERE_JOINT_30_17,CAPACITY,REFERENCE_ASSUMPTION_SANDBOX_V1,LOCAL_WINDOW_HPP_EXACT95_HIGH,37,202607290000,202610290371,202610290372,202610290373,202610290374,EMPTY_AND_IDLE,HPP,300.000000000,458.962434282,FULL_DRAIN,AnyLogic,8.9.9.202607020720,NOT_CALIBRATED,COMPARATIVE_WHAT_IF_ONLY,PENDING_VALIDATION,COMPLETE
1.0,OP_AVAIL_EXACT95_HIGH_CAPACITY_AVAIL_SEVERE_JOINT_30_17,a057757b86744a2376d6921c93be4ae7953b03831df8f0f4d342c33923c7e7f5,TASK3_OPERATIONAL_POOLED_V1,CAPACITY_AVAIL_SEVERE_JOINT_30_17,CAPACITY,REFERENCE_ASSUMPTION_SANDBOX_V1,LOCAL_WINDOW_HPP_EXACT95_HIGH,38,202607290000,202610290381,202610290382,202610290383,202610290384,EMPTY_AND_IDLE,HPP,300.000000000,454.760768785,FULL_DRAIN,AnyLogic,8.9.9.202607020720,NOT_CALIBRATED,COMPARATIVE_WHAT_IF_ONLY,PENDING_VALIDATION,COMPLETE
1.0,OP_AVAIL_EXACT95_HIGH_CAPACITY_AVAIL_SEVERE_JOINT_30_17,a057757b86744a2376d6921c93be4ae7953b03831df8f0f4d342c33923c7e7f5,TASK3_OPERATIONAL_POOLED_V1,CAPACITY_AVAIL_SEVERE_JOINT_30_17,CAPACITY,REFERENCE_ASSUMPTION_SANDBOX_V1,LOCAL_WINDOW_HPP_EXACT95_HIGH,39,202607290000,202610290391,202610290392,202610290393,202610290394,EMPTY_AND_IDLE,HPP,300.000000000,478.299460375,FULL_DRAIN,AnyLogic,8.9.9.202607020720,NOT_CALIBRATED,COMPARATIVE_WHAT_IF_ONLY,PENDING_VALIDATION,COMPLETE
1.0,OP_AVAIL_EXACT95_HIGH_CAPACITY_AVAIL_SEVERE_JOINT_30_17,a057757b86744a2376d6921c93be4ae7953b03831df8f0f4d342c33923c7e7f5,TASK3_OPERATIONAL_POOLED_V1,CAPACITY_AVAIL_SEVERE_JOINT_30_17,CAPACITY,REFERENCE_ASSUMPTION_SANDBOX_V1,LOCAL_WINDOW_HPP_EXACT95_HIGH,40,202607290000,202610290401,202610290402,202610290403,202610290404,EMPTY_AND_IDLE,HPP,300.000000000,491.201149903,FULL_DRAIN,AnyLogic,8.9.9.202607020720,NOT_CALIBRATED,COMPARATIVE_WHAT_IF_ONLY,PENDING_VALIDATION,COMPLETE
1.0,OP_AVAIL_EXACT95_HIGH_CAPACITY_AVAIL_SEVERE_JOINT_30_17,a057757b86744a2376d6921c93be4ae7953b03831df8f0f4d342c33923c7e7f5,TASK3_OPERATIONAL_POOLED_V1,CAPACITY_AVAIL_SEVERE_JOINT_30_17,CAPACITY,REFERENCE_ASSUMPTION_SANDBOX_V1,LOCAL_WINDOW_HPP_EXACT95_HIGH,41,202607290000,202610290411,202610290412,202610290413,202610290414,EMPTY_AND_IDLE,HPP,300.000000000,465.205101519,FULL_DRAIN,AnyLogic,8.9.9.202607020720,NOT_CALIBRATED,COMPARATIVE_WHAT_IF_ONLY,PENDING_VALIDATION,COMPLETE
1.0,OP_AVAIL_EXACT95_HIGH_CAPACITY_AVAIL_SEVERE_JOINT_30_17,a057757b86744a2376d6921c93be4ae7953b03831df8f0f4d342c33923c7e7f5,TASK3_OPERATIONAL_POOLED_V1,CAPACITY_AVAIL_SEVERE_JOINT_30_17,CAPACITY,REFERENCE_ASSUMPTION_SANDBOX_V1,LOCAL_WINDOW_HPP_EXACT95_HIGH,42,202607290000,202610290421,202610290422,202610290423,202610290424,EMPTY_AND_IDLE,HPP,300.000000000,483.992763615,FULL_DRAIN,AnyLogic,8.9.9.202607020720,NOT_CALIBRATED,COMPARATIVE_WHAT_IF_ONLY,PENDING_VALIDATION,COMPLETE
1.0,OP_AVAIL_EXACT95_HIGH_CAPACITY_AVAIL_SEVERE_JOINT_30_17,a057757b86744a2376d6921c93be4ae7953b03831df8f0f4d342c33923c7e7f5,TASK3_OPERATIONAL_POOLED_V1,CAPACITY_AVAIL_SEVERE_JOINT_30_17,CAPACITY,REFERENCE_ASSUMPTION_SANDBOX_V1,LOCAL_WINDOW_HPP_EXACT95_HIGH,43,202607290000,202610290431,202610290432,202610290433,202610290434,EMPTY_AND_IDLE,HPP,300.000000000,465.197227725,FULL_DRAIN,AnyLogic,8.9.9.202607020720,NOT_CALIBRATED,COMPARATIVE_WHAT_IF_ONLY,PENDING_VALIDATION,COMPLETE
1.0,OP_AVAIL_EXACT95_HIGH_CAPACITY_AVAIL_SEVERE_JOINT_30_17,a057757b86744a2376d6921c93be4ae7953b03831df8f0f4d342c33923c7e7f5,TASK3_OPERATIONAL_POOLED_V1,CAPACITY_AVAIL_SEVERE_JOINT_30_17,CAPACITY,REFERENCE_ASSUMPTION_SANDBOX_V1,LOCAL_WINDOW_HPP_EXACT95_HIGH,44,202607290000,202610290441,202610290442,202610290443,202610290444,EMPTY_AND_IDLE,HPP,300.000000000,486.589130622,FULL_DRAIN,AnyLogic,8.9.9.202607020720,NOT_CALIBRATED,COMPARATIVE_WHAT_IF_ONLY,PENDING_VALIDATION,COMPLETE
1.0,OP_AVAIL_EXACT95_HIGH_CAPACITY_AVAIL_SEVERE_JOINT_30_17,a057757b86744a2376d6921c93be4ae7953b03831df8f0f4d342c33923c7e7f5,TASK3_OPERATIONAL_POOLED_V1,CAPACITY_AVAIL_SEVERE_JOINT_30_17,CAPACITY,REFERENCE_ASSUMPTION_SANDBOX_V1,LOCAL_WINDOW_HPP_EXACT95_HIGH,45,202607290000,202610290451,202610290452,202610290453,202610290454,EMPTY_AND_IDLE,HPP,300.000000000,499.880615718,FULL_DRAIN,AnyLogic,8.9.9.202607020720,NOT_CALIBRATED,COMPARATIVE_WHAT_IF_ONLY,PENDING_VALIDATION,COMPLETE
1.0,OP_AVAIL_EXACT95_HIGH_CAPACITY_AVAIL_SEVERE_JOINT_30_17,a057757b86744a2376d6921c93be4ae7953b03831df8f0f4d342c33923c7e7f5,TASK3_OPERATIONAL_POOLED_V1,CAPACITY_AVAIL_SEVERE_JOINT_30_17,CAPACITY,REFERENCE_ASSUMPTION_SANDBOX_V1,LOCAL_WINDOW_HPP_EXACT95_HIGH,46,202607290000,202610290461,202610290462,202610290463,202610290464,EMPTY_AND_IDLE,HPP,300.000000000,468.223660150,FULL_DRAIN,AnyLogic,8.9.9.202607020720,NOT_CALIBRATED,COMPARATIVE_WHAT_IF_ONLY,PENDING_VALIDATION,COMPLETE
1.0,OP_AVAIL_EXACT95_HIGH_CAPACITY_AVAIL_SEVERE_JOINT_30_17,a057757b86744a2376d6921c93be4ae7953b03831df8f0f4d342c33923c7e7f5,TASK3_OPERATIONAL_POOLED_V1,CAPACITY_AVAIL_SEVERE_JOINT_30_17,CAPACITY,REFERENCE_ASSUMPTION_SANDBOX_V1,LOCAL_WINDOW_HPP_EXACT95_HIGH,47,202607290000,202610290471,202610290472,202610290473,202610290474,EMPTY_AND_IDLE,HPP,300.000000000,431.122991686,FULL_DRAIN,AnyLogic,8.9.9.202607020720,NOT_CALIBRATED,COMPARATIVE_WHAT_IF_ONLY,PENDING_VALIDATION,COMPLETE
1.0,OP_AVAIL_EXACT95_HIGH_CAPACITY_AVAIL_SEVERE_JOINT_30_17,a057757b86744a2376d6921c93be4ae7953b03831df8f0f4d342c33923c7e7f5,TASK3_OPERATIONAL_POOLED_V1,CAPACITY_AVAIL_SEVERE_JOINT_30_17,CAPACITY,REFERENCE_ASSUMPTION_SANDBOX_V1,LOCAL_WINDOW_HPP_EXACT95_HIGH,48,202607290000,202610290481,202610290482,202610290483,202610290484,EMPTY_AND_IDLE,HPP,300.000000000,453.573320219,FULL_DRAIN,AnyLogic,8.9.9.202607020720,NOT_CALIBRATED,COMPARATIVE_WHAT_IF_ONLY,PENDING_VALIDATION,COMPLETE
1.0,OP_AVAIL_EXACT95_HIGH_CAPACITY_AVAIL_SEVERE_JOINT_30_17,a057757b86744a2376d6921c93be4ae7953b03831df8f0f4d342c33923c7e7f5,TASK3_OPERATIONAL_POOLED_V1,CAPACITY_AVAIL_SEVERE_JOINT_30_17,CAPACITY,REFERENCE_ASSUMPTION_SANDBOX_V1,LOCAL_WINDOW_HPP_EXACT95_HIGH,49,202607290000,202610290491,202610290492,202610290493,202610290494,EMPTY_AND_IDLE,HPP,300.000000000,467.773432792,FULL_DRAIN,AnyLogic,8.9.9.202607020720,NOT_CALIBRATED,COMPARATIVE_WHAT_IF_ONLY,PENDING_VALIDATION,COMPLETE
1.0,OP_AVAIL_EXACT95_HIGH_CAPACITY_AVAIL_SEVERE_JOINT_30_17,a057757b86744a2376d6921c93be4ae7953b03831df8f0f4d342c33923c7e7f5,TASK3_OPERATIONAL_POOLED_V1,CAPACITY_AVAIL_SEVERE_JOINT_30_17,CAPACITY,REFERENCE_ASSUMPTION_SANDBOX_V1,LOCAL_WINDOW_HPP_EXACT95_HIGH,50,202607290000,202610290501,202610290502,202610290503,202610290504,EMPTY_AND_IDLE,HPP,300.000000000,483.507307034,FULL_DRAIN,AnyLogic,8.9.9.202607020720,NOT_CALIBRATED,COMPARATIVE_WHAT_IF_ONLY,PENDING_VALIDATION,COMPLETE
1.0,OP_AVAIL_EXACT95_LOW_CAPACITY_AVAIL_SEVERE_JOINT_30_17,81780aaca4c91f52a7bd742048fa471e5f30c577c67881ba50fbd8b7f3cfb3f3,TASK3_OPERATIONAL_POOLED_V1,CAPACITY_AVAIL_SEVERE_JOINT_30_17,CAPACITY,REFERENCE_ASSUMPTION_SANDBOX_V1,LOCAL_WINDOW_HPP_EXACT95_LOW,1,202607290000,202608290011,202608290012,202608290013,202608290014,EMPTY_AND_IDLE,HPP,300.000000000,333.378284734,FULL_DRAIN,AnyLogic,8.9.9.202607020720,NOT_CALIBRATED,COMPARATIVE_WHAT_IF_ONLY,PENDING_VALIDATION,COMPLETE
1.0,OP_AVAIL_EXACT95_LOW_CAPACITY_AVAIL_SEVERE_JOINT_30_17,81780aaca4c91f52a7bd742048fa471e5f30c577c67881ba50fbd8b7f3cfb3f3,TASK3_OPERATIONAL_POOLED_V1,CAPACITY_AVAIL_SEVERE_JOINT_30_17,CAPACITY,REFERENCE_ASSUMPTION_SANDBOX_V1,LOCAL_WINDOW_HPP_EXACT95_LOW,2,202607290000,202608290021,202608290022,202608290023,202608290024,EMPTY_AND_IDLE,HPP,300.000000000,332.283944051,FULL_DRAIN,AnyLogic,8.9.9.202607020720,NOT_CALIBRATED,COMPARATIVE_WHAT_IF_ONLY,PENDING_VALIDATION,COMPLETE
1.0,OP_AVAIL_EXACT95_LOW_CAPACITY_AVAIL_SEVERE_JOINT_30_17,81780aaca4c91f52a7bd742048fa471e5f30c577c67881ba50fbd8b7f3cfb3f3,TASK3_OPERATIONAL_POOLED_V1,CAPACITY_AVAIL_SEVERE_JOINT_30_17,CAPACITY,REFERENCE_ASSUMPTION_SANDBOX_V1,LOCAL_WINDOW_HPP_EXACT95_LOW,3,202607290000,202608290031,202608290032,202608290033,202608290034,EMPTY_AND_IDLE,HPP,300.000000000,334.763588245,FULL_DRAIN,AnyLogic,8.9.9.202607020720,NOT_CALIBRATED,COMPARATIVE_WHAT_IF_ONLY,PENDING_VALIDATION,COMPLETE
1.0,OP_AVAIL_EXACT95_LOW_CAPACITY_AVAIL_SEVERE_JOINT_30_17,81780aaca4c91f52a7bd742048fa471e5f30c577c67881ba50fbd8b7f3cfb3f3,TASK3_OPERATIONAL_POOLED_V1,CAPACITY_AVAIL_SEVERE_JOINT_30_17,CAPACITY,REFERENCE_ASSUMPTION_SANDBOX_V1,LOCAL_WINDOW_HPP_EXACT95_LOW,4,202607290000,202608290041,202608290042,202608290043,202608290044,EMPTY_AND_IDLE,HPP,300.000000000,334.214032222,FULL_DRAIN,AnyLogic,8.9.9.202607020720,NOT_CALIBRATED,COMPARATIVE_WHAT_IF_ONLY,PENDING_VALIDATION,COMPLETE
1.0,OP_AVAIL_EXACT95_LOW_CAPACITY_AVAIL_SEVERE_JOINT_30_17,81780aaca4c91f52a7bd742048fa471e5f30c577c67881ba50fbd8b7f3cfb3f3,TASK3_OPERATIONAL_POOLED_V1,CAPACITY_AVAIL_SEVERE_JOINT_30_17,CAPACITY,REFERENCE_ASSUMPTION_SANDBOX_V1,LOCAL_WINDOW_HPP_EXACT95_LOW,5,202607290000,202608290051,202608290052,202608290053,202608290054,EMPTY_AND_IDLE,HPP,300.000000000,333.398993631,FULL_DRAIN,AnyLogic,8.9.9.202607020720,NOT_CALIBRATED,COMPARATIVE_WHAT_IF_ONLY,PENDING_VALIDATION,COMPLETE
1.0,OP_AVAIL_EXACT95_LOW_CAPACITY_AVAIL_SEVERE_JOINT_30_17,81780aaca4c91f52a7bd742048fa471e5f30c577c67881ba50fbd8b7f3cfb3f3,TASK3_OPERATIONAL_POOLED_V1,CAPACITY_AVAIL_SEVERE_JOINT_30_17,CAPACITY,REFERENCE_ASSUMPTION_SANDBOX_V1,LOCAL_WINDOW_HPP_EXACT95_LOW,6,202607290000,202608290061,202608290062,202608290063,202608290064,EMPTY_AND_IDLE,HPP,300.000000000,334.503790859,FULL_DRAIN,AnyLogic,8.9.9.202607020720,NOT_CALIBRATED,COMPARATIVE_WHAT_IF_ONLY,PENDING_VALIDATION,COMPLETE
1.0,OP_AVAIL_EXACT95_LOW_CAPACITY_AVAIL_SEVERE_JOINT_30_17,81780aaca4c91f52a7bd742048fa471e5f30c577c67881ba50fbd8b7f3cfb3f3,TASK3_OPERATIONAL_POOLED_V1,CAPACITY_AVAIL_SEVERE_JOINT_30_17,CAPACITY,REFERENCE_ASSUMPTION_SANDBOX_V1,LOCAL_WINDOW_HPP_EXACT95_LOW,7,202607290000,202608290071,202608290072,202608290073,202608290074,EMPTY_AND_IDLE,HPP,300.000000000,334.009467665,FULL_DRAIN,AnyLogic,8.9.9.202607020720,NOT_CALIBRATED,COMPARATIVE_WHAT_IF_ONLY,PENDING_VALIDATION,COMPLETE
1.0,OP_AVAIL_EXACT95_LOW_CAPACITY_AVAIL_SEVERE_JOINT_30_17,81780aaca4c91f52a7bd742048fa471e5f30c577c67881ba50fbd8b7f3cfb3f3,TASK3_OPERATIONAL_POOLED_V1,CAPACITY_AVAIL_SEVERE_JOINT_30_17,CAPACITY,REFERENCE_ASSUMPTION_SANDBOX_V1,LOCAL_WINDOW_HPP_EXACT95_LOW,8,202607290000,202608290081,202608290082,202608290083,202608290084,EMPTY_AND_IDLE,HPP,300.000000000,335.206263678,FULL_DRAIN,AnyLogic,8.9.9.202607020720,NOT_CALIBRATED,COMPARATIVE_WHAT_IF_ONLY,PENDING_VALIDATION,COMPLETE
1.0,OP_AVAIL_EXACT95_LOW_CAPACITY_AVAIL_SEVERE_JOINT_30_17,81780aaca4c91f52a7bd742048fa471e5f30c577c67881ba50fbd8b7f3cfb3f3,TASK3_OPERATIONAL_POOLED_V1,CAPACITY_AVAIL_SEVERE_JOINT_30_17,CAPACITY,REFERENCE_ASSUMPTION_SANDBOX_V1,LOCAL_WINDOW_HPP_EXACT95_LOW,9,202607290000,202608290091,202608290092,202608290093,202608290094,EMPTY_AND_IDLE,HPP,300.000000000,334.651209542,FULL_DRAIN,AnyLogic,8.9.9.202607020720,NOT_CALIBRATED,COMPARATIVE_WHAT_IF_ONLY,PENDING_VALIDATION,COMPLETE
1.0,OP_AVAIL_EXACT95_LOW_CAPACITY_AVAIL_SEVERE_JOINT_30_17,81780aaca4c91f52a7bd742048fa471e5f30c577c67881ba50fbd8b7f3cfb3f3,TASK3_OPERATIONAL_POOLED_V1,CAPACITY_AVAIL_SEVERE_JOINT_30_17,CAPACITY,REFERENCE_ASSUMPTION_SANDBOX_V1,LOCAL_WINDOW_HPP_EXACT95_LOW,10,202607290000,202608290101,202608290102,202608290103,202608290104,EMPTY_AND_IDLE,HPP,300.000000000,333.986965101,FULL_DRAIN,AnyLogic,8.9.9.202607020720,NOT_CALIBRATED,COMPARATIVE_WHAT_IF_ONLY,PENDING_VALIDATION,COMPLETE
1.0,OP_AVAIL_EXACT95_LOW_CAPACITY_AVAIL_SEVERE_JOINT_30_17,81780aaca4c91f52a7bd742048fa471e5f30c577c67881ba50fbd8b7f3cfb3f3,TASK3_OPERATIONAL_POOLED_V1,CAPACITY_AVAIL_SEVERE_JOINT_30_17,CAPACITY,REFERENCE_ASSUMPTION_SANDBOX_V1,LOCAL_WINDOW_HPP_EXACT95_LOW,11,202607290000,202608290111,202608290112,202608290113,202608290114,EMPTY_AND_IDLE,HPP,300.000000000,334.383425690,FULL_DRAIN,AnyLogic,8.9.9.202607020720,NOT_CALIBRATED,COMPARATIVE_WHAT_IF_ONLY,PENDING_VALIDATION,COMPLETE
1.0,OP_AVAIL_EXACT95_LOW_CAPACITY_AVAIL_SEVERE_JOINT_30_17,81780aaca4c91f52a7bd742048fa471e5f30c577c67881ba50fbd8b7f3cfb3f3,TASK3_OPERATIONAL_POOLED_V1,CAPACITY_AVAIL_SEVERE_JOINT_30_17,CAPACITY,REFERENCE_ASSUMPTION_SANDBOX_V1,LOCAL_WINDOW_HPP_EXACT95_LOW,12,202607290000,202608290121,202608290122,202608290123,202608290124,EMPTY_AND_IDLE,HPP,300.000000000,338.053368109,FULL_DRAIN,AnyLogic,8.9.9.202607020720,NOT_CALIBRATED,COMPARATIVE_WHAT_IF_ONLY,PENDING_VALIDATION,COMPLETE
1.0,OP_AVAIL_EXACT95_LOW_CAPACITY_AVAIL_SEVERE_JOINT_30_17,81780aaca4c91f52a7bd742048fa471e5f30c577c67881ba50fbd8b7f3cfb3f3,TASK3_OPERATIONAL_POOLED_V1,CAPACITY_AVAIL_SEVERE_JOINT_30_17,CAPACITY,REFERENCE_ASSUMPTION_SANDBOX_V1,LOCAL_WINDOW_HPP_EXACT95_LOW,13,202607290000,202608290131,202608290132,202608290133,202608290134,EMPTY_AND_IDLE,HPP,300.000000000,334.664495631,FULL_DRAIN,AnyLogic,8.9.9.202607020720,NOT_CALIBRATED,COMPARATIVE_WHAT_IF_ONLY,PENDING_VALIDATION,COMPLETE
1.0,OP_AVAIL_EXACT95_LOW_CAPACITY_AVAIL_SEVERE_JOINT_30_17,81780aaca4c91f52a7bd742048fa471e5f30c577c67881ba50fbd8b7f3cfb3f3,TASK3_OPERATIONAL_POOLED_V1,CAPACITY_AVAIL_SEVERE_JOINT_30_17,CAPACITY,REFERENCE_ASSUMPTION_SANDBOX_V1,LOCAL_WINDOW_HPP_EXACT95_LOW,14,202607290000,202608290141,202608290142,202608290143,202608290144,EMPTY_AND_IDLE,HPP,300.000000000,334.504039286,FULL_DRAIN,AnyLogic,8.9.9.202607020720,NOT_CALIBRATED,COMPARATIVE_WHAT_IF_ONLY,PENDING_VALIDATION,COMPLETE
1.0,OP_AVAIL_EXACT95_LOW_CAPACITY_AVAIL_SEVERE_JOINT_30_17,81780aaca4c91f52a7bd742048fa471e5f30c577c67881ba50fbd8b7f3cfb3f3,TASK3_OPERATIONAL_POOLED_V1,CAPACITY_AVAIL_SEVERE_JOINT_30_17,CAPACITY,REFERENCE_ASSUMPTION_SANDBOX_V1,LOCAL_WINDOW_HPP_EXACT95_LOW,15,202607290000,202608290151,202608290152,202608290153,202608290154,EMPTY_AND_IDLE,HPP,300.000000000,334.767924815,FULL_DRAIN,AnyLogic,8.9.9.202607020720,NOT_CALIBRATED,COMPARATIVE_WHAT_IF_ONLY,PENDING_VALIDATION,COMPLETE
1.0,OP_AVAIL_EXACT95_LOW_CAPACITY_AVAIL_SEVERE_JOINT_30_17,81780aaca4c91f52a7bd742048fa471e5f30c577c67881ba50fbd8b7f3cfb3f3,TASK3_OPERATIONAL_POOLED_V1,CAPACITY_AVAIL_SEVERE_JOINT_30_17,CAPACITY,REFERENCE_ASSUMPTION_SANDBOX_V1,LOCAL_WINDOW_HPP_EXACT95_LOW,16,202607290000,202608290161,202608290162,202608290163,202608290164,EMPTY_AND_IDLE,HPP,300.000000000,334.544973640,FULL_DRAIN,AnyLogic,8.9.9.202607020720,NOT_CALIBRATED,COMPARATIVE_WHAT_IF_ONLY,PENDING_VALIDATION,COMPLETE
1.0,OP_AVAIL_EXACT95_LOW_CAPACITY_AVAIL_SEVERE_JOINT_30_17,81780aaca4c91f52a7bd742048fa471e5f30c577c67881ba50fbd8b7f3cfb3f3,TASK3_OPERATIONAL_POOLED_V1,CAPACITY_AVAIL_SEVERE_JOINT_30_17,CAPACITY,REFERENCE_ASSUMPTION_SANDBOX_V1,LOCAL_WINDOW_HPP_EXACT95_LOW,17,202607290000,202608290171,202608290172,202608290173,202608290174,EMPTY_AND_IDLE,HPP,300.000000000,336.437182875,FULL_DRAIN,AnyLogic,8.9.9.202607020720,NOT_CALIBRATED,COMPARATIVE_WHAT_IF_ONLY,PENDING_VALIDATION,COMPLETE
1.0,OP_AVAIL_EXACT95_LOW_CAPACITY_AVAIL_SEVERE_JOINT_30_17,81780aaca4c91f52a7bd742048fa471e5f30c577c67881ba50fbd8b7f3cfb3f3,TASK3_OPERATIONAL_POOLED_V1,CAPACITY_AVAIL_SEVERE_JOINT_30_17,CAPACITY,REFERENCE_ASSUMPTION_SANDBOX_V1,LOCAL_WINDOW_HPP_EXACT95_LOW,18,202607290000,202608290181,202608290182,202608290183,202608290184,EMPTY_AND_IDLE,HPP,300.000000000,333.369913239,FULL_DRAIN,AnyLogic,8.9.9.202607020720,NOT_CALIBRATED,COMPARATIVE_WHAT_IF_ONLY,PENDING_VALIDATION,COMPLETE
1.0,OP_AVAIL_EXACT95_LOW_CAPACITY_AVAIL_SEVERE_JOINT_30_17,81780aaca4c91f52a7bd742048fa471e5f30c577c67881ba50fbd8b7f3cfb3f3,TASK3_OPERATIONAL_POOLED_V1,CAPACITY_AVAIL_SEVERE_JOINT_30_17,CAPACITY,REFERENCE_ASSUMPTION_SANDBOX_V1,LOCAL_WINDOW_HPP_EXACT95_LOW,19,202607290000,202608290191,202608290192,202608290193,202608290194,EMPTY_AND_IDLE,HPP,300.000000000,334.345704763,FULL_DRAIN,AnyLogic,8.9.9.202607020720,NOT_CALIBRATED,COMPARATIVE_WHAT_IF_ONLY,PENDING_VALIDATION,COMPLETE
1.0,OP_AVAIL_EXACT95_LOW_CAPACITY_AVAIL_SEVERE_JOINT_30_17,81780aaca4c91f52a7bd742048fa471e5f30c577c67881ba50fbd8b7f3cfb3f3,TASK3_OPERATIONAL_POOLED_V1,CAPACITY_AVAIL_SEVERE_JOINT_30_17,CAPACITY,REFERENCE_ASSUMPTION_SANDBOX_V1,LOCAL_WINDOW_HPP_EXACT95_LOW,20,202607290000,202608290201,202608290202,202608290203,202608290204,EMPTY_AND_IDLE,HPP,300.000000000,333.059981036,FULL_DRAIN,AnyLogic,8.9.9.202607020720,NOT_CALIBRATED,COMPARATIVE_WHAT_IF_ONLY,PENDING_VALIDATION,COMPLETE
1.0,OP_AVAIL_EXACT95_LOW_CAPACITY_AVAIL_SEVERE_JOINT_30_17,81780aaca4c91f52a7bd742048fa471e5f30c577c67881ba50fbd8b7f3cfb3f3,TASK3_OPERATIONAL_POOLED_V1,CAPACITY_AVAIL_SEVERE_JOINT_30_17,CAPACITY,REFERENCE_ASSUMPTION_SANDBOX_V1,LOCAL_WINDOW_HPP_EXACT95_LOW,21,202607290000,202608290211,202608290212,202608290213,202608290214,EMPTY_AND_IDLE,HPP,300.000000000,334.383882730,FULL_DRAIN,AnyLogic,8.9.9.202607020720,NOT_CALIBRATED,COMPARATIVE_WHAT_IF_ONLY,PENDING_VALIDATION,COMPLETE
1.0,OP_AVAIL_EXACT95_LOW_CAPACITY_AVAIL_SEVERE_JOINT_30_17,81780aaca4c91f52a7bd742048fa471e5f30c577c67881ba50fbd8b7f3cfb3f3,TASK3_OPERATIONAL_POOLED_V1,CAPACITY_AVAIL_SEVERE_JOINT_30_17,CAPACITY,REFERENCE_ASSUMPTION_SANDBOX_V1,LOCAL_WINDOW_HPP_EXACT95_LOW,22,202607290000,202608290221,202608290222,202608290223,202608290224,EMPTY_AND_IDLE,HPP,300.000000000,338.742073855,FULL_DRAIN,AnyLogic,8.9.9.202607020720,NOT_CALIBRATED,COMPARATIVE_WHAT_IF_ONLY,PENDING_VALIDATION,COMPLETE
1.0,OP_AVAIL_EXACT95_LOW_CAPACITY_AVAIL_SEVERE_JOINT_30_17,81780aaca4c91f52a7bd742048fa471e5f30c577c67881ba50fbd8b7f3cfb3f3,TASK3_OPERATIONAL_POOLED_V1,CAPACITY_AVAIL_SEVERE_JOINT_30_17,CAPACITY,REFERENCE_ASSUMPTION_SANDBOX_V1,LOCAL_WINDOW_HPP_EXACT95_LOW,23,202607290000,202608290231,202608290232,202608290233,202608290234,EMPTY_AND_IDLE,HPP,300.000000000,333.884950245,FULL_DRAIN,AnyLogic,8.9.9.202607020720,NOT_CALIBRATED,COMPARATIVE_WHAT_IF_ONLY,PENDING_VALIDATION,COMPLETE
1.0,OP_AVAIL_EXACT95_LOW_CAPACITY_AVAIL_SEVERE_JOINT_30_17,81780aaca4c91f52a7bd742048fa471e5f30c577c67881ba50fbd8b7f3cfb3f3,TASK3_OPERATIONAL_POOLED_V1,CAPACITY_AVAIL_SEVERE_JOINT_30_17,CAPACITY,REFERENCE_ASSUMPTION_SANDBOX_V1,LOCAL_WINDOW_HPP_EXACT95_LOW,24,202607290000,202608290241,202608290242,202608290243,202608290244,EMPTY_AND_IDLE,HPP,300.000000000,336.116740444,FULL_DRAIN,AnyLogic,8.9.9.202607020720,NOT_CALIBRATED,COMPARATIVE_WHAT_IF_ONLY,PENDING_VALIDATION,COMPLETE
1.0,OP_AVAIL_EXACT95_LOW_CAPACITY_AVAIL_SEVERE_JOINT_30_17,81780aaca4c91f52a7bd742048fa471e5f30c577c67881ba50fbd8b7f3cfb3f3,TASK3_OPERATIONAL_POOLED_V1,CAPACITY_AVAIL_SEVERE_JOINT_30_17,CAPACITY,REFERENCE_ASSUMPTION_SANDBOX_V1,LOCAL_WINDOW_HPP_EXACT95_LOW,25,202607290000,202608290251,202608290252,202608290253,202608290254,EMPTY_AND_IDLE,HPP,300.000000000,333.803665910,FULL_DRAIN,AnyLogic,8.9.9.202607020720,NOT_CALIBRATED,COMPARATIVE_WHAT_IF_ONLY,PENDING_VALIDATION,COMPLETE
1.0,OP_AVAIL_EXACT95_LOW_CAPACITY_AVAIL_SEVERE_JOINT_30_17,81780aaca4c91f52a7bd742048fa471e5f30c577c67881ba50fbd8b7f3cfb3f3,TASK3_OPERATIONAL_POOLED_V1,CAPACITY_AVAIL_SEVERE_JOINT_30_17,CAPACITY,REFERENCE_ASSUMPTION_SANDBOX_V1,LOCAL_WINDOW_HPP_EXACT95_LOW,26,202607290000,202608290261,202608290262,202608290263,202608290264,EMPTY_AND_IDLE,HPP,300.000000000,334.692628558,FULL_DRAIN,AnyLogic,8.9.9.202607020720,NOT_CALIBRATED,COMPARATIVE_WHAT_IF_ONLY,PENDING_VALIDATION,COMPLETE
1.0,OP_AVAIL_EXACT95_LOW_CAPACITY_AVAIL_SEVERE_JOINT_30_17,81780aaca4c91f52a7bd742048fa471e5f30c577c67881ba50fbd8b7f3cfb3f3,TASK3_OPERATIONAL_POOLED_V1,CAPACITY_AVAIL_SEVERE_JOINT_30_17,CAPACITY,REFERENCE_ASSUMPTION_SANDBOX_V1,LOCAL_WINDOW_HPP_EXACT95_LOW,27,202607290000,202608290271,202608290272,202608290273,202608290274,EMPTY_AND_IDLE,HPP,300.000000000,332.497741530,FULL_DRAIN,AnyLogic,8.9.9.202607020720,NOT_CALIBRATED,COMPARATIVE_WHAT_IF_ONLY,PENDING_VALIDATION,COMPLETE
1.0,OP_AVAIL_EXACT95_LOW_CAPACITY_AVAIL_SEVERE_JOINT_30_17,81780aaca4c91f52a7bd742048fa471e5f30c577c67881ba50fbd8b7f3cfb3f3,TASK3_OPERATIONAL_POOLED_V1,CAPACITY_AVAIL_SEVERE_JOINT_30_17,CAPACITY,REFERENCE_ASSUMPTION_SANDBOX_V1,LOCAL_WINDOW_HPP_EXACT95_LOW,28,202607290000,202608290281,202608290282,202608290283,202608290284,EMPTY_AND_IDLE,HPP,300.000000000,334.557393197,FULL_DRAIN,AnyLogic,8.9.9.202607020720,NOT_CALIBRATED,COMPARATIVE_WHAT_IF_ONLY,PENDING_VALIDATION,COMPLETE
1.0,OP_AVAIL_EXACT95_LOW_CAPACITY_AVAIL_SEVERE_JOINT_30_17,81780aaca4c91f52a7bd742048fa471e5f30c577c67881ba50fbd8b7f3cfb3f3,TASK3_OPERATIONAL_POOLED_V1,CAPACITY_AVAIL_SEVERE_JOINT_30_17,CAPACITY,REFERENCE_ASSUMPTION_SANDBOX_V1,LOCAL_WINDOW_HPP_EXACT95_LOW,29,202607290000,202608290291,202608290292,202608290293,202608290294,EMPTY_AND_IDLE,HPP,300.000000000,334.055309304,FULL_DRAIN,AnyLogic,8.9.9.202607020720,NOT_CALIBRATED,COMPARATIVE_WHAT_IF_ONLY,PENDING_VALIDATION,COMPLETE
1.0,OP_AVAIL_EXACT95_LOW_CAPACITY_AVAIL_SEVERE_JOINT_30_17,81780aaca4c91f52a7bd742048fa471e5f30c577c67881ba50fbd8b7f3cfb3f3,TASK3_OPERATIONAL_POOLED_V1,CAPACITY_AVAIL_SEVERE_JOINT_30_17,CAPACITY,REFERENCE_ASSUMPTION_SANDBOX_V1,LOCAL_WINDOW_HPP_EXACT95_LOW,30,202607290000,202608290301,202608290302,202608290303,202608290304,EMPTY_AND_IDLE,HPP,300.000000000,333.547081962,FULL_DRAIN,AnyLogic,8.9.9.202607020720,NOT_CALIBRATED,COMPARATIVE_WHAT_IF_ONLY,PENDING_VALIDATION,COMPLETE
1.0,OP_AVAIL_EXACT95_LOW_CAPACITY_AVAIL_SEVERE_JOINT_30_17,81780aaca4c91f52a7bd742048fa471e5f30c577c67881ba50fbd8b7f3cfb3f3,TASK3_OPERATIONAL_POOLED_V1,CAPACITY_AVAIL_SEVERE_JOINT_30_17,CAPACITY,REFERENCE_ASSUMPTION_SANDBOX_V1,LOCAL_WINDOW_HPP_EXACT95_LOW,31,202607290000,202608290311,202608290312,202608290313,202608290314,EMPTY_AND_IDLE,HPP,300.000000000,332.500307393,FULL_DRAIN,AnyLogic,8.9.9.202607020720,NOT_CALIBRATED,COMPARATIVE_WHAT_IF_ONLY,PENDING_VALIDATION,COMPLETE
1.0,OP_AVAIL_EXACT95_LOW_CAPACITY_AVAIL_SEVERE_JOINT_30_17,81780aaca4c91f52a7bd742048fa471e5f30c577c67881ba50fbd8b7f3cfb3f3,TASK3_OPERATIONAL_POOLED_V1,CAPACITY_AVAIL_SEVERE_JOINT_30_17,CAPACITY,REFERENCE_ASSUMPTION_SANDBOX_V1,LOCAL_WINDOW_HPP_EXACT95_LOW,32,202607290000,202608290321,202608290322,202608290323,202608290324,EMPTY_AND_IDLE,HPP,300.000000000,335.824442622,FULL_DRAIN,AnyLogic,8.9.9.202607020720,NOT_CALIBRATED,COMPARATIVE_WHAT_IF_ONLY,PENDING_VALIDATION,COMPLETE
1.0,OP_AVAIL_EXACT95_LOW_CAPACITY_AVAIL_SEVERE_JOINT_30_17,81780aaca4c91f52a7bd742048fa471e5f30c577c67881ba50fbd8b7f3cfb3f3,TASK3_OPERATIONAL_POOLED_V1,CAPACITY_AVAIL_SEVERE_JOINT_30_17,CAPACITY,REFERENCE_ASSUMPTION_SANDBOX_V1,LOCAL_WINDOW_HPP_EXACT95_LOW,33,202607290000,202608290331,202608290332,202608290333,202608290334,EMPTY_AND_IDLE,HPP,300.000000000,333.353517328,FULL_DRAIN,AnyLogic,8.9.9.202607020720,NOT_CALIBRATED,COMPARATIVE_WHAT_IF_ONLY,PENDING_VALIDATION,COMPLETE
1.0,OP_AVAIL_EXACT95_LOW_CAPACITY_AVAIL_SEVERE_JOINT_30_17,81780aaca4c91f52a7bd742048fa471e5f30c577c67881ba50fbd8b7f3cfb3f3,TASK3_OPERATIONAL_POOLED_V1,CAPACITY_AVAIL_SEVERE_JOINT_30_17,CAPACITY,REFERENCE_ASSUMPTION_SANDBOX_V1,LOCAL_WINDOW_HPP_EXACT95_LOW,34,202607290000,202608290341,202608290342,202608290343,202608290344,EMPTY_AND_IDLE,HPP,300.000000000,333.918653247,FULL_DRAIN,AnyLogic,8.9.9.202607020720,NOT_CALIBRATED,COMPARATIVE_WHAT_IF_ONLY,PENDING_VALIDATION,COMPLETE
1.0,OP_AVAIL_EXACT95_LOW_CAPACITY_AVAIL_SEVERE_JOINT_30_17,81780aaca4c91f52a7bd742048fa471e5f30c577c67881ba50fbd8b7f3cfb3f3,TASK3_OPERATIONAL_POOLED_V1,CAPACITY_AVAIL_SEVERE_JOINT_30_17,CAPACITY,REFERENCE_ASSUMPTION_SANDBOX_V1,LOCAL_WINDOW_HPP_EXACT95_LOW,35,202607290000,202608290351,202608290352,202608290353,202608290354,EMPTY_AND_IDLE,HPP,300.000000000,334.031797309,FULL_DRAIN,AnyLogic,8.9.9.202607020720,NOT_CALIBRATED,COMPARATIVE_WHAT_IF_ONLY,PENDING_VALIDATION,COMPLETE
1.0,OP_AVAIL_EXACT95_LOW_CAPACITY_AVAIL_SEVERE_JOINT_30_17,81780aaca4c91f52a7bd742048fa471e5f30c577c67881ba50fbd8b7f3cfb3f3,TASK3_OPERATIONAL_POOLED_V1,CAPACITY_AVAIL_SEVERE_JOINT_30_17,CAPACITY,REFERENCE_ASSUMPTION_SANDBOX_V1,LOCAL_WINDOW_HPP_EXACT95_LOW,36,202607290000,202608290361,202608290362,202608290363,202608290364,EMPTY_AND_IDLE,HPP,300.000000000,334.046219248,FULL_DRAIN,AnyLogic,8.9.9.202607020720,NOT_CALIBRATED,COMPARATIVE_WHAT_IF_ONLY,PENDING_VALIDATION,COMPLETE
1.0,OP_AVAIL_EXACT95_LOW_CAPACITY_AVAIL_SEVERE_JOINT_30_17,81780aaca4c91f52a7bd742048fa471e5f30c577c67881ba50fbd8b7f3cfb3f3,TASK3_OPERATIONAL_POOLED_V1,CAPACITY_AVAIL_SEVERE_JOINT_30_17,CAPACITY,REFERENCE_ASSUMPTION_SANDBOX_V1,LOCAL_WINDOW_HPP_EXACT95_LOW,37,202607290000,202608290371,202608290372,202608290373,202608290374,EMPTY_AND_IDLE,HPP,300.000000000,334.078766339,FULL_DRAIN,AnyLogic,8.9.9.202607020720,NOT_CALIBRATED,COMPARATIVE_WHAT_IF_ONLY,PENDING_VALIDATION,COMPLETE
1.0,OP_AVAIL_EXACT95_LOW_CAPACITY_AVAIL_SEVERE_JOINT_30_17,81780aaca4c91f52a7bd742048fa471e5f30c577c67881ba50fbd8b7f3cfb3f3,TASK3_OPERATIONAL_POOLED_V1,CAPACITY_AVAIL_SEVERE_JOINT_30_17,CAPACITY,REFERENCE_ASSUMPTION_SANDBOX_V1,LOCAL_WINDOW_HPP_EXACT95_LOW,38,202607290000,202608290381,202608290382,202608290383,202608290384,EMPTY_AND_IDLE,HPP,300.000000000,333.973818889,FULL_DRAIN,AnyLogic,8.9.9.202607020720,NOT_CALIBRATED,COMPARATIVE_WHAT_IF_ONLY,PENDING_VALIDATION,COMPLETE
1.0,OP_AVAIL_EXACT95_LOW_CAPACITY_AVAIL_SEVERE_JOINT_30_17,81780aaca4c91f52a7bd742048fa471e5f30c577c67881ba50fbd8b7f3cfb3f3,TASK3_OPERATIONAL_POOLED_V1,CAPACITY_AVAIL_SEVERE_JOINT_30_17,CAPACITY,REFERENCE_ASSUMPTION_SANDBOX_V1,LOCAL_WINDOW_HPP_EXACT95_LOW,39,202607290000,202608290391,202608290392,202608290393,202608290394,EMPTY_AND_IDLE,HPP,300.000000000,334.225256811,FULL_DRAIN,AnyLogic,8.9.9.202607020720,NOT_CALIBRATED,COMPARATIVE_WHAT_IF_ONLY,PENDING_VALIDATION,COMPLETE
1.0,OP_AVAIL_EXACT95_LOW_CAPACITY_AVAIL_SEVERE_JOINT_30_17,81780aaca4c91f52a7bd742048fa471e5f30c577c67881ba50fbd8b7f3cfb3f3,TASK3_OPERATIONAL_POOLED_V1,CAPACITY_AVAIL_SEVERE_JOINT_30_17,CAPACITY,REFERENCE_ASSUMPTION_SANDBOX_V1,LOCAL_WINDOW_HPP_EXACT95_LOW,40,202607290000,202608290401,202608290402,202608290403,202608290404,EMPTY_AND_IDLE,HPP,300.000000000,334.470914622,FULL_DRAIN,AnyLogic,8.9.9.202607020720,NOT_CALIBRATED,COMPARATIVE_WHAT_IF_ONLY,PENDING_VALIDATION,COMPLETE
1.0,OP_AVAIL_EXACT95_LOW_CAPACITY_AVAIL_SEVERE_JOINT_30_17,81780aaca4c91f52a7bd742048fa471e5f30c577c67881ba50fbd8b7f3cfb3f3,TASK3_OPERATIONAL_POOLED_V1,CAPACITY_AVAIL_SEVERE_JOINT_30_17,CAPACITY,REFERENCE_ASSUMPTION_SANDBOX_V1,LOCAL_WINDOW_HPP_EXACT95_LOW,41,202607290000,202608290411,202608290412,202608290413,202608290414,EMPTY_AND_IDLE,HPP,300.000000000,334.039386969,FULL_DRAIN,AnyLogic,8.9.9.202607020720,NOT_CALIBRATED,COMPARATIVE_WHAT_IF_ONLY,PENDING_VALIDATION,COMPLETE
1.0,OP_AVAIL_EXACT95_LOW_CAPACITY_AVAIL_SEVERE_JOINT_30_17,81780aaca4c91f52a7bd742048fa471e5f30c577c67881ba50fbd8b7f3cfb3f3,TASK3_OPERATIONAL_POOLED_V1,CAPACITY_AVAIL_SEVERE_JOINT_30_17,CAPACITY,REFERENCE_ASSUMPTION_SANDBOX_V1,LOCAL_WINDOW_HPP_EXACT95_LOW,42,202607290000,202608290421,202608290422,202608290423,202608290424,EMPTY_AND_IDLE,HPP,300.000000000,334.117691289,FULL_DRAIN,AnyLogic,8.9.9.202607020720,NOT_CALIBRATED,COMPARATIVE_WHAT_IF_ONLY,PENDING_VALIDATION,COMPLETE
1.0,OP_AVAIL_EXACT95_LOW_CAPACITY_AVAIL_SEVERE_JOINT_30_17,81780aaca4c91f52a7bd742048fa471e5f30c577c67881ba50fbd8b7f3cfb3f3,TASK3_OPERATIONAL_POOLED_V1,CAPACITY_AVAIL_SEVERE_JOINT_30_17,CAPACITY,REFERENCE_ASSUMPTION_SANDBOX_V1,LOCAL_WINDOW_HPP_EXACT95_LOW,43,202607290000,202608290431,202608290432,202608290433,202608290434,EMPTY_AND_IDLE,HPP,300.000000000,334.595220486,FULL_DRAIN,AnyLogic,8.9.9.202607020720,NOT_CALIBRATED,COMPARATIVE_WHAT_IF_ONLY,PENDING_VALIDATION,COMPLETE
1.0,OP_AVAIL_EXACT95_LOW_CAPACITY_AVAIL_SEVERE_JOINT_30_17,81780aaca4c91f52a7bd742048fa471e5f30c577c67881ba50fbd8b7f3cfb3f3,TASK3_OPERATIONAL_POOLED_V1,CAPACITY_AVAIL_SEVERE_JOINT_30_17,CAPACITY,REFERENCE_ASSUMPTION_SANDBOX_V1,LOCAL_WINDOW_HPP_EXACT95_LOW,44,202607290000,202608290441,202608290442,202608290443,202608290444,EMPTY_AND_IDLE,HPP,300.000000000,333.612131684,FULL_DRAIN,AnyLogic,8.9.9.202607020720,NOT_CALIBRATED,COMPARATIVE_WHAT_IF_ONLY,PENDING_VALIDATION,COMPLETE
1.0,OP_AVAIL_EXACT95_LOW_CAPACITY_AVAIL_SEVERE_JOINT_30_17,81780aaca4c91f52a7bd742048fa471e5f30c577c67881ba50fbd8b7f3cfb3f3,TASK3_OPERATIONAL_POOLED_V1,CAPACITY_AVAIL_SEVERE_JOINT_30_17,CAPACITY,REFERENCE_ASSUMPTION_SANDBOX_V1,LOCAL_WINDOW_HPP_EXACT95_LOW,45,202607290000,202608290451,202608290452,202608290453,202608290454,EMPTY_AND_IDLE,HPP,300.000000000,335.302534977,FULL_DRAIN,AnyLogic,8.9.9.202607020720,NOT_CALIBRATED,COMPARATIVE_WHAT_IF_ONLY,PENDING_VALIDATION,COMPLETE
1.0,OP_AVAIL_EXACT95_LOW_CAPACITY_AVAIL_SEVERE_JOINT_30_17,81780aaca4c91f52a7bd742048fa471e5f30c577c67881ba50fbd8b7f3cfb3f3,TASK3_OPERATIONAL_POOLED_V1,CAPACITY_AVAIL_SEVERE_JOINT_30_17,CAPACITY,REFERENCE_ASSUMPTION_SANDBOX_V1,LOCAL_WINDOW_HPP_EXACT95_LOW,46,202607290000,202608290461,202608290462,202608290463,202608290464,EMPTY_AND_IDLE,HPP,300.000000000,335.533043953,FULL_DRAIN,AnyLogic,8.9.9.202607020720,NOT_CALIBRATED,COMPARATIVE_WHAT_IF_ONLY,PENDING_VALIDATION,COMPLETE
1.0,OP_AVAIL_EXACT95_LOW_CAPACITY_AVAIL_SEVERE_JOINT_30_17,81780aaca4c91f52a7bd742048fa471e5f30c577c67881ba50fbd8b7f3cfb3f3,TASK3_OPERATIONAL_POOLED_V1,CAPACITY_AVAIL_SEVERE_JOINT_30_17,CAPACITY,REFERENCE_ASSUMPTION_SANDBOX_V1,LOCAL_WINDOW_HPP_EXACT95_LOW,47,202607290000,202608290471,202608290472,202608290473,202608290474,EMPTY_AND_IDLE,HPP,300.000000000,329.184016045,FULL_DRAIN,AnyLogic,8.9.9.202607020720,NOT_CALIBRATED,COMPARATIVE_WHAT_IF_ONLY,PENDING_VALIDATION,COMPLETE
1.0,OP_AVAIL_EXACT95_LOW_CAPACITY_AVAIL_SEVERE_JOINT_30_17,81780aaca4c91f52a7bd742048fa471e5f30c577c67881ba50fbd8b7f3cfb3f3,TASK3_OPERATIONAL_POOLED_V1,CAPACITY_AVAIL_SEVERE_JOINT_30_17,CAPACITY,REFERENCE_ASSUMPTION_SANDBOX_V1,LOCAL_WINDOW_HPP_EXACT95_LOW,48,202607290000,202608290481,202608290482,202608290483,202608290484,EMPTY_AND_IDLE,HPP,300.000000000,334.462782154,FULL_DRAIN,AnyLogic,8.9.9.202607020720,NOT_CALIBRATED,COMPARATIVE_WHAT_IF_ONLY,PENDING_VALIDATION,COMPLETE
1.0,OP_AVAIL_EXACT95_LOW_CAPACITY_AVAIL_SEVERE_JOINT_30_17,81780aaca4c91f52a7bd742048fa471e5f30c577c67881ba50fbd8b7f3cfb3f3,TASK3_OPERATIONAL_POOLED_V1,CAPACITY_AVAIL_SEVERE_JOINT_30_17,CAPACITY,REFERENCE_ASSUMPTION_SANDBOX_V1,LOCAL_WINDOW_HPP_EXACT95_LOW,49,202607290000,202608290491,202608290492,202608290493,202608290494,EMPTY_AND_IDLE,HPP,300.000000000,330.242669127,FULL_DRAIN,AnyLogic,8.9.9.202607020720,NOT_CALIBRATED,COMPARATIVE_WHAT_IF_ONLY,PENDING_VALIDATION,COMPLETE
1.0,OP_AVAIL_EXACT95_LOW_CAPACITY_AVAIL_SEVERE_JOINT_30_17,81780aaca4c91f52a7bd742048fa471e5f30c577c67881ba50fbd8b7f3cfb3f3,TASK3_OPERATIONAL_POOLED_V1,CAPACITY_AVAIL_SEVERE_JOINT_30_17,CAPACITY,REFERENCE_ASSUMPTION_SANDBOX_V1,LOCAL_WINDOW_HPP_EXACT95_LOW,50,202607290000,202608290501,202608290502,202608290503,202608290504,EMPTY_AND_IDLE,HPP,300.000000000,334.204179571,FULL_DRAIN,AnyLogic,8.9.9.202607020720,NOT_CALIBRATED,COMPARATIVE_WHAT_IF_ONLY,PENDING_VALIDATION,COMPLETE
1.0,OP_CONFIRM_MLE_BASE_REFERENCE_ASSUMPTION_SANDBOX_V1,369372d7e06066baf12416f63c9b12a0af11b1ef17459431e126a703ba4c7eae,TASK3_OPERATIONAL_POOLED_V1,REFERENCE_ASSUMPTION_SANDBOX_V1,REFERENCE,REFERENCE_ASSUMPTION_SANDBOX_V1,LOCAL_WINDOW_HPP_BASE,1,202607290000,202609290011,202609290012,202609290013,202609290014,EMPTY_AND_IDLE,HPP,300.000000000,334.701527801,FULL_DRAIN,AnyLogic,8.9.9.202607020720,NOT_CALIBRATED,COMPARATIVE_WHAT_IF_ONLY,PENDING_VALIDATION,COMPLETE
1.0,OP_CONFIRM_MLE_BASE_REFERENCE_ASSUMPTION_SANDBOX_V1,369372d7e06066baf12416f63c9b12a0af11b1ef17459431e126a703ba4c7eae,TASK3_OPERATIONAL_POOLED_V1,REFERENCE_ASSUMPTION_SANDBOX_V1,REFERENCE,REFERENCE_ASSUMPTION_SANDBOX_V1,LOCAL_WINDOW_HPP_BASE,2,202607290000,202609290021,202609290022,202609290023,202609290024,EMPTY_AND_IDLE,HPP,300.000000000,340.938161730,FULL_DRAIN,AnyLogic,8.9.9.202607020720,NOT_CALIBRATED,COMPARATIVE_WHAT_IF_ONLY,PENDING_VALIDATION,COMPLETE
1.0,OP_CONFIRM_MLE_BASE_REFERENCE_ASSUMPTION_SANDBOX_V1,369372d7e06066baf12416f63c9b12a0af11b1ef17459431e126a703ba4c7eae,TASK3_OPERATIONAL_POOLED_V1,REFERENCE_ASSUMPTION_SANDBOX_V1,REFERENCE,REFERENCE_ASSUMPTION_SANDBOX_V1,LOCAL_WINDOW_HPP_BASE,3,202607290000,202609290031,202609290032,202609290033,202609290034,EMPTY_AND_IDLE,HPP,300.000000000,334.760392420,FULL_DRAIN,AnyLogic,8.9.9.202607020720,NOT_CALIBRATED,COMPARATIVE_WHAT_IF_ONLY,PENDING_VALIDATION,COMPLETE
1.0,OP_CONFIRM_MLE_BASE_REFERENCE_ASSUMPTION_SANDBOX_V1,369372d7e06066baf12416f63c9b12a0af11b1ef17459431e126a703ba4c7eae,TASK3_OPERATIONAL_POOLED_V1,REFERENCE_ASSUMPTION_SANDBOX_V1,REFERENCE,REFERENCE_ASSUMPTION_SANDBOX_V1,LOCAL_WINDOW_HPP_BASE,4,202607290000,202609290041,202609290042,202609290043,202609290044,EMPTY_AND_IDLE,HPP,300.000000000,335.403470296,FULL_DRAIN,AnyLogic,8.9.9.202607020720,NOT_CALIBRATED,COMPARATIVE_WHAT_IF_ONLY,PENDING_VALIDATION,COMPLETE
1.0,OP_CONFIRM_MLE_BASE_REFERENCE_ASSUMPTION_SANDBOX_V1,369372d7e06066baf12416f63c9b12a0af11b1ef17459431e126a703ba4c7eae,TASK3_OPERATIONAL_POOLED_V1,REFERENCE_ASSUMPTION_SANDBOX_V1,REFERENCE,REFERENCE_ASSUMPTION_SANDBOX_V1,LOCAL_WINDOW_HPP_BASE,5,202607290000,202609290051,202609290052,202609290053,202609290054,EMPTY_AND_IDLE,HPP,300.000000000,333.557018640,FULL_DRAIN,AnyLogic,8.9.9.202607020720,NOT_CALIBRATED,COMPARATIVE_WHAT_IF_ONLY,PENDING_VALIDATION,COMPLETE
1.0,OP_CONFIRM_MLE_BASE_REFERENCE_ASSUMPTION_SANDBOX_V1,369372d7e06066baf12416f63c9b12a0af11b1ef17459431e126a703ba4c7eae,TASK3_OPERATIONAL_POOLED_V1,REFERENCE_ASSUMPTION_SANDBOX_V1,REFERENCE,REFERENCE_ASSUMPTION_SANDBOX_V1,LOCAL_WINDOW_HPP_BASE,6,202607290000,202609290061,202609290062,202609290063,202609290064,EMPTY_AND_IDLE,HPP,300.000000000,332.893710211,FULL_DRAIN,AnyLogic,8.9.9.202607020720,NOT_CALIBRATED,COMPARATIVE_WHAT_IF_ONLY,PENDING_VALIDATION,COMPLETE
1.0,OP_CONFIRM_MLE_BASE_REFERENCE_ASSUMPTION_SANDBOX_V1,369372d7e06066baf12416f63c9b12a0af11b1ef17459431e126a703ba4c7eae,TASK3_OPERATIONAL_POOLED_V1,REFERENCE_ASSUMPTION_SANDBOX_V1,REFERENCE,REFERENCE_ASSUMPTION_SANDBOX_V1,LOCAL_WINDOW_HPP_BASE,7,202607290000,202609290071,202609290072,202609290073,202609290074,EMPTY_AND_IDLE,HPP,300.000000000,334.942694913,FULL_DRAIN,AnyLogic,8.9.9.202607020720,NOT_CALIBRATED,COMPARATIVE_WHAT_IF_ONLY,PENDING_VALIDATION,COMPLETE
1.0,OP_CONFIRM_MLE_BASE_REFERENCE_ASSUMPTION_SANDBOX_V1,369372d7e06066baf12416f63c9b12a0af11b1ef17459431e126a703ba4c7eae,TASK3_OPERATIONAL_POOLED_V1,REFERENCE_ASSUMPTION_SANDBOX_V1,REFERENCE,REFERENCE_ASSUMPTION_SANDBOX_V1,LOCAL_WINDOW_HPP_BASE,8,202607290000,202609290081,202609290082,202609290083,202609290084,EMPTY_AND_IDLE,HPP,300.000000000,333.652413957,FULL_DRAIN,AnyLogic,8.9.9.202607020720,NOT_CALIBRATED,COMPARATIVE_WHAT_IF_ONLY,PENDING_VALIDATION,COMPLETE
1.0,OP_CONFIRM_MLE_BASE_REFERENCE_ASSUMPTION_SANDBOX_V1,369372d7e06066baf12416f63c9b12a0af11b1ef17459431e126a703ba4c7eae,TASK3_OPERATIONAL_POOLED_V1,REFERENCE_ASSUMPTION_SANDBOX_V1,REFERENCE,REFERENCE_ASSUMPTION_SANDBOX_V1,LOCAL_WINDOW_HPP_BASE,9,202607290000,202609290091,202609290092,202609290093,202609290094,EMPTY_AND_IDLE,HPP,300.000000000,333.857083782,FULL_DRAIN,AnyLogic,8.9.9.202607020720,NOT_CALIBRATED,COMPARATIVE_WHAT_IF_ONLY,PENDING_VALIDATION,COMPLETE
1.0,OP_CONFIRM_MLE_BASE_REFERENCE_ASSUMPTION_SANDBOX_V1,369372d7e06066baf12416f63c9b12a0af11b1ef17459431e126a703ba4c7eae,TASK3_OPERATIONAL_POOLED_V1,REFERENCE_ASSUMPTION_SANDBOX_V1,REFERENCE,REFERENCE_ASSUMPTION_SANDBOX_V1,LOCAL_WINDOW_HPP_BASE,10,202607290000,202609290101,202609290102,202609290103,202609290104,EMPTY_AND_IDLE,HPP,300.000000000,334.733050789,FULL_DRAIN,AnyLogic,8.9.9.202607020720,NOT_CALIBRATED,COMPARATIVE_WHAT_IF_ONLY,PENDING_VALIDATION,COMPLETE
1.0,OP_CONFIRM_MLE_BASE_REFERENCE_ASSUMPTION_SANDBOX_V1,369372d7e06066baf12416f63c9b12a0af11b1ef17459431e126a703ba4c7eae,TASK3_OPERATIONAL_POOLED_V1,REFERENCE_ASSUMPTION_SANDBOX_V1,REFERENCE,REFERENCE_ASSUMPTION_SANDBOX_V1,LOCAL_WINDOW_HPP_BASE,11,202607290000,202609290111,202609290112,202609290113,202609290114,EMPTY_AND_IDLE,HPP,300.000000000,334.795505588,FULL_DRAIN,AnyLogic,8.9.9.202607020720,NOT_CALIBRATED,COMPARATIVE_WHAT_IF_ONLY,PENDING_VALIDATION,COMPLETE
1.0,OP_CONFIRM_MLE_BASE_REFERENCE_ASSUMPTION_SANDBOX_V1,369372d7e06066baf12416f63c9b12a0af11b1ef17459431e126a703ba4c7eae,TASK3_OPERATIONAL_POOLED_V1,REFERENCE_ASSUMPTION_SANDBOX_V1,REFERENCE,REFERENCE_ASSUMPTION_SANDBOX_V1,LOCAL_WINDOW_HPP_BASE,12,202607290000,202609290121,202609290122,202609290123,202609290124,EMPTY_AND_IDLE,HPP,300.000000000,334.673639871,FULL_DRAIN,AnyLogic,8.9.9.202607020720,NOT_CALIBRATED,COMPARATIVE_WHAT_IF_ONLY,PENDING_VALIDATION,COMPLETE
1.0,OP_CONFIRM_MLE_BASE_REFERENCE_ASSUMPTION_SANDBOX_V1,369372d7e06066baf12416f63c9b12a0af11b1ef17459431e126a703ba4c7eae,TASK3_OPERATIONAL_POOLED_V1,REFERENCE_ASSUMPTION_SANDBOX_V1,REFERENCE,REFERENCE_ASSUMPTION_SANDBOX_V1,LOCAL_WINDOW_HPP_BASE,13,202607290000,202609290131,202609290132,202609290133,202609290134,EMPTY_AND_IDLE,HPP,300.000000000,334.623415863,FULL_DRAIN,AnyLogic,8.9.9.202607020720,NOT_CALIBRATED,COMPARATIVE_WHAT_IF_ONLY,PENDING_VALIDATION,COMPLETE
1.0,OP_CONFIRM_MLE_BASE_REFERENCE_ASSUMPTION_SANDBOX_V1,369372d7e06066baf12416f63c9b12a0af11b1ef17459431e126a703ba4c7eae,TASK3_OPERATIONAL_POOLED_V1,REFERENCE_ASSUMPTION_SANDBOX_V1,REFERENCE,REFERENCE_ASSUMPTION_SANDBOX_V1,LOCAL_WINDOW_HPP_BASE,14,202607290000,202609290141,202609290142,202609290143,202609290144,EMPTY_AND_IDLE,HPP,300.000000000,333.719484820,FULL_DRAIN,AnyLogic,8.9.9.202607020720,NOT_CALIBRATED,COMPARATIVE_WHAT_IF_ONLY,PENDING_VALIDATION,COMPLETE
1.0,OP_CONFIRM_MLE_BASE_REFERENCE_ASSUMPTION_SANDBOX_V1,369372d7e06066baf12416f63c9b12a0af11b1ef17459431e126a703ba4c7eae,TASK3_OPERATIONAL_POOLED_V1,REFERENCE_ASSUMPTION_SANDBOX_V1,REFERENCE,REFERENCE_ASSUMPTION_SANDBOX_V1,LOCAL_WINDOW_HPP_BASE,15,202607290000,202609290151,202609290152,202609290153,202609290154,EMPTY_AND_IDLE,HPP,300.000000000,333.864251907,FULL_DRAIN,AnyLogic,8.9.9.202607020720,NOT_CALIBRATED,COMPARATIVE_WHAT_IF_ONLY,PENDING_VALIDATION,COMPLETE
1.0,OP_CONFIRM_MLE_BASE_REFERENCE_ASSUMPTION_SANDBOX_V1,369372d7e06066baf12416f63c9b12a0af11b1ef17459431e126a703ba4c7eae,TASK3_OPERATIONAL_POOLED_V1,REFERENCE_ASSUMPTION_SANDBOX_V1,REFERENCE,REFERENCE_ASSUMPTION_SANDBOX_V1,LOCAL_WINDOW_HPP_BASE,16,202607290000,202609290161,202609290162,202609290163,202609290164,EMPTY_AND_IDLE,HPP,300.000000000,336.858360916,FULL_DRAIN,AnyLogic,8.9.9.202607020720,NOT_CALIBRATED,COMPARATIVE_WHAT_IF_ONLY,PENDING_VALIDATION,COMPLETE
1.0,OP_CONFIRM_MLE_BASE_REFERENCE_ASSUMPTION_SANDBOX_V1,369372d7e06066baf12416f63c9b12a0af11b1ef17459431e126a703ba4c7eae,TASK3_OPERATIONAL_POOLED_V1,REFERENCE_ASSUMPTION_SANDBOX_V1,REFERENCE,REFERENCE_ASSUMPTION_SANDBOX_V1,LOCAL_WINDOW_HPP_BASE,17,202607290000,202609290171,202609290172,202609290173,202609290174,EMPTY_AND_IDLE,HPP,300.000000000,334.256800365,FULL_DRAIN,AnyLogic,8.9.9.202607020720,NOT_CALIBRATED,COMPARATIVE_WHAT_IF_ONLY,PENDING_VALIDATION,COMPLETE
1.0,OP_CONFIRM_MLE_BASE_REFERENCE_ASSUMPTION_SANDBOX_V1,369372d7e06066baf12416f63c9b12a0af11b1ef17459431e126a703ba4c7eae,TASK3_OPERATIONAL_POOLED_V1,REFERENCE_ASSUMPTION_SANDBOX_V1,REFERENCE,REFERENCE_ASSUMPTION_SANDBOX_V1,LOCAL_WINDOW_HPP_BASE,18,202607290000,202609290181,202609290182,202609290183,202609290184,EMPTY_AND_IDLE,HPP,300.000000000,334.189920297,FULL_DRAIN,AnyLogic,8.9.9.202607020720,NOT_CALIBRATED,COMPARATIVE_WHAT_IF_ONLY,PENDING_VALIDATION,COMPLETE
1.0,OP_CONFIRM_MLE_BASE_REFERENCE_ASSUMPTION_SANDBOX_V1,369372d7e06066baf12416f63c9b12a0af11b1ef17459431e126a703ba4c7eae,TASK3_OPERATIONAL_POOLED_V1,REFERENCE_ASSUMPTION_SANDBOX_V1,REFERENCE,REFERENCE_ASSUMPTION_SANDBOX_V1,LOCAL_WINDOW_HPP_BASE,19,202607290000,202609290191,202609290192,202609290193,202609290194,EMPTY_AND_IDLE,HPP,300.000000000,337.327171625,FULL_DRAIN,AnyLogic,8.9.9.202607020720,NOT_CALIBRATED,COMPARATIVE_WHAT_IF_ONLY,PENDING_VALIDATION,COMPLETE
1.0,OP_CONFIRM_MLE_BASE_REFERENCE_ASSUMPTION_SANDBOX_V1,369372d7e06066baf12416f63c9b12a0af11b1ef17459431e126a703ba4c7eae,TASK3_OPERATIONAL_POOLED_V1,REFERENCE_ASSUMPTION_SANDBOX_V1,REFERENCE,REFERENCE_ASSUMPTION_SANDBOX_V1,LOCAL_WINDOW_HPP_BASE,20,202607290000,202609290201,202609290202,202609290203,202609290204,EMPTY_AND_IDLE,HPP,300.000000000,333.821416391,FULL_DRAIN,AnyLogic,8.9.9.202607020720,NOT_CALIBRATED,COMPARATIVE_WHAT_IF_ONLY,PENDING_VALIDATION,COMPLETE
1.0,OP_CONFIRM_MLE_BASE_REFERENCE_ASSUMPTION_SANDBOX_V1,369372d7e06066baf12416f63c9b12a0af11b1ef17459431e126a703ba4c7eae,TASK3_OPERATIONAL_POOLED_V1,REFERENCE_ASSUMPTION_SANDBOX_V1,REFERENCE,REFERENCE_ASSUMPTION_SANDBOX_V1,LOCAL_WINDOW_HPP_BASE,21,202607290000,202609290211,202609290212,202609290213,202609290214,EMPTY_AND_IDLE,HPP,300.000000000,336.725252561,FULL_DRAIN,AnyLogic,8.9.9.202607020720,NOT_CALIBRATED,COMPARATIVE_WHAT_IF_ONLY,PENDING_VALIDATION,COMPLETE
1.0,OP_CONFIRM_MLE_BASE_REFERENCE_ASSUMPTION_SANDBOX_V1,369372d7e06066baf12416f63c9b12a0af11b1ef17459431e126a703ba4c7eae,TASK3_OPERATIONAL_POOLED_V1,REFERENCE_ASSUMPTION_SANDBOX_V1,REFERENCE,REFERENCE_ASSUMPTION_SANDBOX_V1,LOCAL_WINDOW_HPP_BASE,22,202607290000,202609290221,202609290222,202609290223,202609290224,EMPTY_AND_IDLE,HPP,300.000000000,334.412573287,FULL_DRAIN,AnyLogic,8.9.9.202607020720,NOT_CALIBRATED,COMPARATIVE_WHAT_IF_ONLY,PENDING_VALIDATION,COMPLETE
1.0,OP_CONFIRM_MLE_BASE_REFERENCE_ASSUMPTION_SANDBOX_V1,369372d7e06066baf12416f63c9b12a0af11b1ef17459431e126a703ba4c7eae,TASK3_OPERATIONAL_POOLED_V1,REFERENCE_ASSUMPTION_SANDBOX_V1,REFERENCE,REFERENCE_ASSUMPTION_SANDBOX_V1,LOCAL_WINDOW_HPP_BASE,23,202607290000,202609290231,202609290232,202609290233,202609290234,EMPTY_AND_IDLE,HPP,300.000000000,334.747190250,FULL_DRAIN,AnyLogic,8.9.9.202607020720,NOT_CALIBRATED,COMPARATIVE_WHAT_IF_ONLY,PENDING_VALIDATION,COMPLETE
1.0,OP_CONFIRM_MLE_BASE_REFERENCE_ASSUMPTION_SANDBOX_V1,369372d7e06066baf12416f63c9b12a0af11b1ef17459431e126a703ba4c7eae,TASK3_OPERATIONAL_POOLED_V1,REFERENCE_ASSUMPTION_SANDBOX_V1,REFERENCE,REFERENCE_ASSUMPTION_SANDBOX_V1,LOCAL_WINDOW_HPP_BASE,24,202607290000,202609290241,202609290242,202609290243,202609290244,EMPTY_AND_IDLE,HPP,300.000000000,338.467134862,FULL_DRAIN,AnyLogic,8.9.9.202607020720,NOT_CALIBRATED,COMPARATIVE_WHAT_IF_ONLY,PENDING_VALIDATION,COMPLETE
1.0,OP_CONFIRM_MLE_BASE_REFERENCE_ASSUMPTION_SANDBOX_V1,369372d7e06066baf12416f63c9b12a0af11b1ef17459431e126a703ba4c7eae,TASK3_OPERATIONAL_POOLED_V1,REFERENCE_ASSUMPTION_SANDBOX_V1,REFERENCE,REFERENCE_ASSUMPTION_SANDBOX_V1,LOCAL_WINDOW_HPP_BASE,25,202607290000,202609290251,202609290252,202609290253,202609290254,EMPTY_AND_IDLE,HPP,300.000000000,338.371411118,FULL_DRAIN,AnyLogic,8.9.9.202607020720,NOT_CALIBRATED,COMPARATIVE_WHAT_IF_ONLY,PENDING_VALIDATION,COMPLETE
1.0,OP_CONFIRM_MLE_BASE_REFERENCE_ASSUMPTION_SANDBOX_V1,369372d7e06066baf12416f63c9b12a0af11b1ef17459431e126a703ba4c7eae,TASK3_OPERATIONAL_POOLED_V1,REFERENCE_ASSUMPTION_SANDBOX_V1,REFERENCE,REFERENCE_ASSUMPTION_SANDBOX_V1,LOCAL_WINDOW_HPP_BASE,26,202607290000,202609290261,202609290262,202609290263,202609290264,EMPTY_AND_IDLE,HPP,300.000000000,334.010066237,FULL_DRAIN,AnyLogic,8.9.9.202607020720,NOT_CALIBRATED,COMPARATIVE_WHAT_IF_ONLY,PENDING_VALIDATION,COMPLETE
1.0,OP_CONFIRM_MLE_BASE_REFERENCE_ASSUMPTION_SANDBOX_V1,369372d7e06066baf12416f63c9b12a0af11b1ef17459431e126a703ba4c7eae,TASK3_OPERATIONAL_POOLED_V1,REFERENCE_ASSUMPTION_SANDBOX_V1,REFERENCE,REFERENCE_ASSUMPTION_SANDBOX_V1,LOCAL_WINDOW_HPP_BASE,27,202607290000,202609290271,202609290272,202609290273,202609290274,EMPTY_AND_IDLE,HPP,300.000000000,336.064699825,FULL_DRAIN,AnyLogic,8.9.9.202607020720,NOT_CALIBRATED,COMPARATIVE_WHAT_IF_ONLY,PENDING_VALIDATION,COMPLETE
1.0,OP_CONFIRM_MLE_BASE_REFERENCE_ASSUMPTION_SANDBOX_V1,369372d7e06066baf12416f63c9b12a0af11b1ef17459431e126a703ba4c7eae,TASK3_OPERATIONAL_POOLED_V1,REFERENCE_ASSUMPTION_SANDBOX_V1,REFERENCE,REFERENCE_ASSUMPTION_SANDBOX_V1,LOCAL_WINDOW_HPP_BASE,28,202607290000,202609290281,202609290282,202609290283,202609290284,EMPTY_AND_IDLE,HPP,300.000000000,333.879729785,FULL_DRAIN,AnyLogic,8.9.9.202607020720,NOT_CALIBRATED,COMPARATIVE_WHAT_IF_ONLY,PENDING_VALIDATION,COMPLETE
1.0,OP_CONFIRM_MLE_BASE_REFERENCE_ASSUMPTION_SANDBOX_V1,369372d7e06066baf12416f63c9b12a0af11b1ef17459431e126a703ba4c7eae,TASK3_OPERATIONAL_POOLED_V1,REFERENCE_ASSUMPTION_SANDBOX_V1,REFERENCE,REFERENCE_ASSUMPTION_SANDBOX_V1,LOCAL_WINDOW_HPP_BASE,29,202607290000,202609290291,202609290292,202609290293,202609290294,EMPTY_AND_IDLE,HPP,300.000000000,333.984371011,FULL_DRAIN,AnyLogic,8.9.9.202607020720,NOT_CALIBRATED,COMPARATIVE_WHAT_IF_ONLY,PENDING_VALIDATION,COMPLETE
1.0,OP_CONFIRM_MLE_BASE_REFERENCE_ASSUMPTION_SANDBOX_V1,369372d7e06066baf12416f63c9b12a0af11b1ef17459431e126a703ba4c7eae,TASK3_OPERATIONAL_POOLED_V1,REFERENCE_ASSUMPTION_SANDBOX_V1,REFERENCE,REFERENCE_ASSUMPTION_SANDBOX_V1,LOCAL_WINDOW_HPP_BASE,30,202607290000,202609290301,202609290302,202609290303,202609290304,EMPTY_AND_IDLE,HPP,300.000000000,337.163838330,FULL_DRAIN,AnyLogic,8.9.9.202607020720,NOT_CALIBRATED,COMPARATIVE_WHAT_IF_ONLY,PENDING_VALIDATION,COMPLETE
1.0,OP_CONFIRM_MLE_BASE_REFERENCE_ASSUMPTION_SANDBOX_V1,369372d7e06066baf12416f63c9b12a0af11b1ef17459431e126a703ba4c7eae,TASK3_OPERATIONAL_POOLED_V1,REFERENCE_ASSUMPTION_SANDBOX_V1,REFERENCE,REFERENCE_ASSUMPTION_SANDBOX_V1,LOCAL_WINDOW_HPP_BASE,31,202607290000,202609290311,202609290312,202609290313,202609290314,EMPTY_AND_IDLE,HPP,300.000000000,335.252251167,FULL_DRAIN,AnyLogic,8.9.9.202607020720,NOT_CALIBRATED,COMPARATIVE_WHAT_IF_ONLY,PENDING_VALIDATION,COMPLETE
1.0,OP_CONFIRM_MLE_BASE_REFERENCE_ASSUMPTION_SANDBOX_V1,369372d7e06066baf12416f63c9b12a0af11b1ef17459431e126a703ba4c7eae,TASK3_OPERATIONAL_POOLED_V1,REFERENCE_ASSUMPTION_SANDBOX_V1,REFERENCE,REFERENCE_ASSUMPTION_SANDBOX_V1,LOCAL_WINDOW_HPP_BASE,32,202607290000,202609290321,202609290322,202609290323,202609290324,EMPTY_AND_IDLE,HPP,300.000000000,335.608438186,FULL_DRAIN,AnyLogic,8.9.9.202607020720,NOT_CALIBRATED,COMPARATIVE_WHAT_IF_ONLY,PENDING_VALIDATION,COMPLETE
1.0,OP_CONFIRM_MLE_BASE_REFERENCE_ASSUMPTION_SANDBOX_V1,369372d7e06066baf12416f63c9b12a0af11b1ef17459431e126a703ba4c7eae,TASK3_OPERATIONAL_POOLED_V1,REFERENCE_ASSUMPTION_SANDBOX_V1,REFERENCE,REFERENCE_ASSUMPTION_SANDBOX_V1,LOCAL_WINDOW_HPP_BASE,33,202607290000,202609290331,202609290332,202609290333,202609290334,EMPTY_AND_IDLE,HPP,300.000000000,336.695958027,FULL_DRAIN,AnyLogic,8.9.9.202607020720,NOT_CALIBRATED,COMPARATIVE_WHAT_IF_ONLY,PENDING_VALIDATION,COMPLETE
1.0,OP_CONFIRM_MLE_BASE_REFERENCE_ASSUMPTION_SANDBOX_V1,369372d7e06066baf12416f63c9b12a0af11b1ef17459431e126a703ba4c7eae,TASK3_OPERATIONAL_POOLED_V1,REFERENCE_ASSUMPTION_SANDBOX_V1,REFERENCE,REFERENCE_ASSUMPTION_SANDBOX_V1,LOCAL_WINDOW_HPP_BASE,34,202607290000,202609290341,202609290342,202609290343,202609290344,EMPTY_AND_IDLE,HPP,300.000000000,338.339499534,FULL_DRAIN,AnyLogic,8.9.9.202607020720,NOT_CALIBRATED,COMPARATIVE_WHAT_IF_ONLY,PENDING_VALIDATION,COMPLETE
1.0,OP_CONFIRM_MLE_BASE_REFERENCE_ASSUMPTION_SANDBOX_V1,369372d7e06066baf12416f63c9b12a0af11b1ef17459431e126a703ba4c7eae,TASK3_OPERATIONAL_POOLED_V1,REFERENCE_ASSUMPTION_SANDBOX_V1,REFERENCE,REFERENCE_ASSUMPTION_SANDBOX_V1,LOCAL_WINDOW_HPP_BASE,35,202607290000,202609290351,202609290352,202609290353,202609290354,EMPTY_AND_IDLE,HPP,300.000000000,343.481421421,FULL_DRAIN,AnyLogic,8.9.9.202607020720,NOT_CALIBRATED,COMPARATIVE_WHAT_IF_ONLY,PENDING_VALIDATION,COMPLETE
1.0,OP_CONFIRM_MLE_BASE_REFERENCE_ASSUMPTION_SANDBOX_V1,369372d7e06066baf12416f63c9b12a0af11b1ef17459431e126a703ba4c7eae,TASK3_OPERATIONAL_POOLED_V1,REFERENCE_ASSUMPTION_SANDBOX_V1,REFERENCE,REFERENCE_ASSUMPTION_SANDBOX_V1,LOCAL_WINDOW_HPP_BASE,36,202607290000,202609290361,202609290362,202609290363,202609290364,EMPTY_AND_IDLE,HPP,300.000000000,335.262134136,FULL_DRAIN,AnyLogic,8.9.9.202607020720,NOT_CALIBRATED,COMPARATIVE_WHAT_IF_ONLY,PENDING_VALIDATION,COMPLETE
1.0,OP_CONFIRM_MLE_BASE_REFERENCE_ASSUMPTION_SANDBOX_V1,369372d7e06066baf12416f63c9b12a0af11b1ef17459431e126a703ba4c7eae,TASK3_OPERATIONAL_POOLED_V1,REFERENCE_ASSUMPTION_SANDBOX_V1,REFERENCE,REFERENCE_ASSUMPTION_SANDBOX_V1,LOCAL_WINDOW_HPP_BASE,37,202607290000,202609290371,202609290372,202609290373,202609290374,EMPTY_AND_IDLE,HPP,300.000000000,334.323681021,FULL_DRAIN,AnyLogic,8.9.9.202607020720,NOT_CALIBRATED,COMPARATIVE_WHAT_IF_ONLY,PENDING_VALIDATION,COMPLETE
1.0,OP_CONFIRM_MLE_BASE_REFERENCE_ASSUMPTION_SANDBOX_V1,369372d7e06066baf12416f63c9b12a0af11b1ef17459431e126a703ba4c7eae,TASK3_OPERATIONAL_POOLED_V1,REFERENCE_ASSUMPTION_SANDBOX_V1,REFERENCE,REFERENCE_ASSUMPTION_SANDBOX_V1,LOCAL_WINDOW_HPP_BASE,38,202607290000,202609290381,202609290382,202609290383,202609290384,EMPTY_AND_IDLE,HPP,300.000000000,334.203534405,FULL_DRAIN,AnyLogic,8.9.9.202607020720,NOT_CALIBRATED,COMPARATIVE_WHAT_IF_ONLY,PENDING_VALIDATION,COMPLETE
1.0,OP_CONFIRM_MLE_BASE_REFERENCE_ASSUMPTION_SANDBOX_V1,369372d7e06066baf12416f63c9b12a0af11b1ef17459431e126a703ba4c7eae,TASK3_OPERATIONAL_POOLED_V1,REFERENCE_ASSUMPTION_SANDBOX_V1,REFERENCE,REFERENCE_ASSUMPTION_SANDBOX_V1,LOCAL_WINDOW_HPP_BASE,39,202607290000,202609290391,202609290392,202609290393,202609290394,EMPTY_AND_IDLE,HPP,300.000000000,341.633966433,FULL_DRAIN,AnyLogic,8.9.9.202607020720,NOT_CALIBRATED,COMPARATIVE_WHAT_IF_ONLY,PENDING_VALIDATION,COMPLETE
1.0,OP_CONFIRM_MLE_BASE_REFERENCE_ASSUMPTION_SANDBOX_V1,369372d7e06066baf12416f63c9b12a0af11b1ef17459431e126a703ba4c7eae,TASK3_OPERATIONAL_POOLED_V1,REFERENCE_ASSUMPTION_SANDBOX_V1,REFERENCE,REFERENCE_ASSUMPTION_SANDBOX_V1,LOCAL_WINDOW_HPP_BASE,40,202607290000,202609290401,202609290402,202609290403,202609290404,EMPTY_AND_IDLE,HPP,300.000000000,335.272774441,FULL_DRAIN,AnyLogic,8.9.9.202607020720,NOT_CALIBRATED,COMPARATIVE_WHAT_IF_ONLY,PENDING_VALIDATION,COMPLETE
1.0,OP_CONFIRM_MLE_BASE_REFERENCE_ASSUMPTION_SANDBOX_V1,369372d7e06066baf12416f63c9b12a0af11b1ef17459431e126a703ba4c7eae,TASK3_OPERATIONAL_POOLED_V1,REFERENCE_ASSUMPTION_SANDBOX_V1,REFERENCE,REFERENCE_ASSUMPTION_SANDBOX_V1,LOCAL_WINDOW_HPP_BASE,41,202607290000,202609290411,202609290412,202609290413,202609290414,EMPTY_AND_IDLE,HPP,300.000000000,334.367218497,FULL_DRAIN,AnyLogic,8.9.9.202607020720,NOT_CALIBRATED,COMPARATIVE_WHAT_IF_ONLY,PENDING_VALIDATION,COMPLETE
1.0,OP_CONFIRM_MLE_BASE_REFERENCE_ASSUMPTION_SANDBOX_V1,369372d7e06066baf12416f63c9b12a0af11b1ef17459431e126a703ba4c7eae,TASK3_OPERATIONAL_POOLED_V1,REFERENCE_ASSUMPTION_SANDBOX_V1,REFERENCE,REFERENCE_ASSUMPTION_SANDBOX_V1,LOCAL_WINDOW_HPP_BASE,42,202607290000,202609290421,202609290422,202609290423,202609290424,EMPTY_AND_IDLE,HPP,300.000000000,334.308413002,FULL_DRAIN,AnyLogic,8.9.9.202607020720,NOT_CALIBRATED,COMPARATIVE_WHAT_IF_ONLY,PENDING_VALIDATION,COMPLETE
1.0,OP_CONFIRM_MLE_BASE_REFERENCE_ASSUMPTION_SANDBOX_V1,369372d7e06066baf12416f63c9b12a0af11b1ef17459431e126a703ba4c7eae,TASK3_OPERATIONAL_POOLED_V1,REFERENCE_ASSUMPTION_SANDBOX_V1,REFERENCE,REFERENCE_ASSUMPTION_SANDBOX_V1,LOCAL_WINDOW_HPP_BASE,43,202607290000,202609290431,202609290432,202609290433,202609290434,EMPTY_AND_IDLE,HPP,300.000000000,334.691888900,FULL_DRAIN,AnyLogic,8.9.9.202607020720,NOT_CALIBRATED,COMPARATIVE_WHAT_IF_ONLY,PENDING_VALIDATION,COMPLETE
1.0,OP_CONFIRM_MLE_BASE_REFERENCE_ASSUMPTION_SANDBOX_V1,369372d7e06066baf12416f63c9b12a0af11b1ef17459431e126a703ba4c7eae,TASK3_OPERATIONAL_POOLED_V1,REFERENCE_ASSUMPTION_SANDBOX_V1,REFERENCE,REFERENCE_ASSUMPTION_SANDBOX_V1,LOCAL_WINDOW_HPP_BASE,44,202607290000,202609290441,202609290442,202609290443,202609290444,EMPTY_AND_IDLE,HPP,300.000000000,333.476554778,FULL_DRAIN,AnyLogic,8.9.9.202607020720,NOT_CALIBRATED,COMPARATIVE_WHAT_IF_ONLY,PENDING_VALIDATION,COMPLETE
1.0,OP_CONFIRM_MLE_BASE_REFERENCE_ASSUMPTION_SANDBOX_V1,369372d7e06066baf12416f63c9b12a0af11b1ef17459431e126a703ba4c7eae,TASK3_OPERATIONAL_POOLED_V1,REFERENCE_ASSUMPTION_SANDBOX_V1,REFERENCE,REFERENCE_ASSUMPTION_SANDBOX_V1,LOCAL_WINDOW_HPP_BASE,45,202607290000,202609290451,202609290452,202609290453,202609290454,EMPTY_AND_IDLE,HPP,300.000000000,333.751947751,FULL_DRAIN,AnyLogic,8.9.9.202607020720,NOT_CALIBRATED,COMPARATIVE_WHAT_IF_ONLY,PENDING_VALIDATION,COMPLETE
1.0,OP_CONFIRM_MLE_BASE_REFERENCE_ASSUMPTION_SANDBOX_V1,369372d7e06066baf12416f63c9b12a0af11b1ef17459431e126a703ba4c7eae,TASK3_OPERATIONAL_POOLED_V1,REFERENCE_ASSUMPTION_SANDBOX_V1,REFERENCE,REFERENCE_ASSUMPTION_SANDBOX_V1,LOCAL_WINDOW_HPP_BASE,46,202607290000,202609290461,202609290462,202609290463,202609290464,EMPTY_AND_IDLE,HPP,300.000000000,336.152675771,FULL_DRAIN,AnyLogic,8.9.9.202607020720,NOT_CALIBRATED,COMPARATIVE_WHAT_IF_ONLY,PENDING_VALIDATION,COMPLETE
1.0,OP_CONFIRM_MLE_BASE_REFERENCE_ASSUMPTION_SANDBOX_V1,369372d7e06066baf12416f63c9b12a0af11b1ef17459431e126a703ba4c7eae,TASK3_OPERATIONAL_POOLED_V1,REFERENCE_ASSUMPTION_SANDBOX_V1,REFERENCE,REFERENCE_ASSUMPTION_SANDBOX_V1,LOCAL_WINDOW_HPP_BASE,47,202607290000,202609290471,202609290472,202609290473,202609290474,EMPTY_AND_IDLE,HPP,300.000000000,334.574566537,FULL_DRAIN,AnyLogic,8.9.9.202607020720,NOT_CALIBRATED,COMPARATIVE_WHAT_IF_ONLY,PENDING_VALIDATION,COMPLETE
1.0,OP_CONFIRM_MLE_BASE_REFERENCE_ASSUMPTION_SANDBOX_V1,369372d7e06066baf12416f63c9b12a0af11b1ef17459431e126a703ba4c7eae,TASK3_OPERATIONAL_POOLED_V1,REFERENCE_ASSUMPTION_SANDBOX_V1,REFERENCE,REFERENCE_ASSUMPTION_SANDBOX_V1,LOCAL_WINDOW_HPP_BASE,48,202607290000,202609290481,202609290482,202609290483,202609290484,EMPTY_AND_IDLE,HPP,300.000000000,334.182435039,FULL_DRAIN,AnyLogic,8.9.9.202607020720,NOT_CALIBRATED,COMPARATIVE_WHAT_IF_ONLY,PENDING_VALIDATION,COMPLETE
1.0,OP_CONFIRM_MLE_BASE_REFERENCE_ASSUMPTION_SANDBOX_V1,369372d7e06066baf12416f63c9b12a0af11b1ef17459431e126a703ba4c7eae,TASK3_OPERATIONAL_POOLED_V1,REFERENCE_ASSUMPTION_SANDBOX_V1,REFERENCE,REFERENCE_ASSUMPTION_SANDBOX_V1,LOCAL_WINDOW_HPP_BASE,49,202607290000,202609290491,202609290492,202609290493,202609290494,EMPTY_AND_IDLE,HPP,300.000000000,332.907357814,FULL_DRAIN,AnyLogic,8.9.9.202607020720,NOT_CALIBRATED,COMPARATIVE_WHAT_IF_ONLY,PENDING_VALIDATION,COMPLETE
1.0,OP_CONFIRM_MLE_BASE_REFERENCE_ASSUMPTION_SANDBOX_V1,369372d7e06066baf12416f63c9b12a0af11b1ef17459431e126a703ba4c7eae,TASK3_OPERATIONAL_POOLED_V1,REFERENCE_ASSUMPTION_SANDBOX_V1,REFERENCE,REFERENCE_ASSUMPTION_SANDBOX_V1,LOCAL_WINDOW_HPP_BASE,50,202607290000,202609290501,202609290502,202609290503,202609290504,EMPTY_AND_IDLE,HPP,300.000000000,334.347157797,FULL_DRAIN,AnyLogic,8.9.9.202607020720,NOT_CALIBRATED,COMPARATIVE_WHAT_IF_ONLY,PENDING_VALIDATION,COMPLETE
1.0,OP_CONFIRM_EXACT95_HIGH_REFERENCE_ASSUMPTION_SANDBOX_V1,eed4ac1694a3cbb110169bff620757a2aa7b14be5e0738f9318b5c1a3c59b08f,TASK3_OPERATIONAL_POOLED_V1,REFERENCE_ASSUMPTION_SANDBOX_V1,REFERENCE,REFERENCE_ASSUMPTION_SANDBOX_V1,LOCAL_WINDOW_HPP_EXACT95_HIGH,1,202607290000,202610290011,202610290012,202610290013,202610290014,EMPTY_AND_IDLE,HPP,300.000000000,392.308479524,FULL_DRAIN,AnyLogic,8.9.9.202607020720,NOT_CALIBRATED,COMPARATIVE_WHAT_IF_ONLY,PENDING_VALIDATION,COMPLETE
1.0,OP_CONFIRM_EXACT95_HIGH_REFERENCE_ASSUMPTION_SANDBOX_V1,eed4ac1694a3cbb110169bff620757a2aa7b14be5e0738f9318b5c1a3c59b08f,TASK3_OPERATIONAL_POOLED_V1,REFERENCE_ASSUMPTION_SANDBOX_V1,REFERENCE,REFERENCE_ASSUMPTION_SANDBOX_V1,LOCAL_WINDOW_HPP_EXACT95_HIGH,2,202607290000,202610290021,202610290022,202610290023,202610290024,EMPTY_AND_IDLE,HPP,300.000000000,401.299059471,FULL_DRAIN,AnyLogic,8.9.9.202607020720,NOT_CALIBRATED,COMPARATIVE_WHAT_IF_ONLY,PENDING_VALIDATION,COMPLETE
1.0,OP_CONFIRM_EXACT95_HIGH_REFERENCE_ASSUMPTION_SANDBOX_V1,eed4ac1694a3cbb110169bff620757a2aa7b14be5e0738f9318b5c1a3c59b08f,TASK3_OPERATIONAL_POOLED_V1,REFERENCE_ASSUMPTION_SANDBOX_V1,REFERENCE,REFERENCE_ASSUMPTION_SANDBOX_V1,LOCAL_WINDOW_HPP_EXACT95_HIGH,3,202607290000,202610290031,202610290032,202610290033,202610290034,EMPTY_AND_IDLE,HPP,300.000000000,414.723889240,FULL_DRAIN,AnyLogic,8.9.9.202607020720,NOT_CALIBRATED,COMPARATIVE_WHAT_IF_ONLY,PENDING_VALIDATION,COMPLETE
1.0,OP_CONFIRM_EXACT95_HIGH_REFERENCE_ASSUMPTION_SANDBOX_V1,eed4ac1694a3cbb110169bff620757a2aa7b14be5e0738f9318b5c1a3c59b08f,TASK3_OPERATIONAL_POOLED_V1,REFERENCE_ASSUMPTION_SANDBOX_V1,REFERENCE,REFERENCE_ASSUMPTION_SANDBOX_V1,LOCAL_WINDOW_HPP_EXACT95_HIGH,4,202607290000,202610290041,202610290042,202610290043,202610290044,EMPTY_AND_IDLE,HPP,300.000000000,382.707937182,FULL_DRAIN,AnyLogic,8.9.9.202607020720,NOT_CALIBRATED,COMPARATIVE_WHAT_IF_ONLY,PENDING_VALIDATION,COMPLETE
1.0,OP_CONFIRM_EXACT95_HIGH_REFERENCE_ASSUMPTION_SANDBOX_V1,eed4ac1694a3cbb110169bff620757a2aa7b14be5e0738f9318b5c1a3c59b08f,TASK3_OPERATIONAL_POOLED_V1,REFERENCE_ASSUMPTION_SANDBOX_V1,REFERENCE,REFERENCE_ASSUMPTION_SANDBOX_V1,LOCAL_WINDOW_HPP_EXACT95_HIGH,5,202607290000,202610290051,202610290052,202610290053,202610290054,EMPTY_AND_IDLE,HPP,300.000000000,400.637730253,FULL_DRAIN,AnyLogic,8.9.9.202607020720,NOT_CALIBRATED,COMPARATIVE_WHAT_IF_ONLY,PENDING_VALIDATION,COMPLETE
1.0,OP_CONFIRM_EXACT95_HIGH_REFERENCE_ASSUMPTION_SANDBOX_V1,eed4ac1694a3cbb110169bff620757a2aa7b14be5e0738f9318b5c1a3c59b08f,TASK3_OPERATIONAL_POOLED_V1,REFERENCE_ASSUMPTION_SANDBOX_V1,REFERENCE,REFERENCE_ASSUMPTION_SANDBOX_V1,LOCAL_WINDOW_HPP_EXACT95_HIGH,6,202607290000,202610290061,202610290062,202610290063,202610290064,EMPTY_AND_IDLE,HPP,300.000000000,388.740233840,FULL_DRAIN,AnyLogic,8.9.9.202607020720,NOT_CALIBRATED,COMPARATIVE_WHAT_IF_ONLY,PENDING_VALIDATION,COMPLETE
1.0,OP_CONFIRM_EXACT95_HIGH_REFERENCE_ASSUMPTION_SANDBOX_V1,eed4ac1694a3cbb110169bff620757a2aa7b14be5e0738f9318b5c1a3c59b08f,TASK3_OPERATIONAL_POOLED_V1,REFERENCE_ASSUMPTION_SANDBOX_V1,REFERENCE,REFERENCE_ASSUMPTION_SANDBOX_V1,LOCAL_WINDOW_HPP_EXACT95_HIGH,7,202607290000,202610290071,202610290072,202610290073,202610290074,EMPTY_AND_IDLE,HPP,300.000000000,391.156461325,FULL_DRAIN,AnyLogic,8.9.9.202607020720,NOT_CALIBRATED,COMPARATIVE_WHAT_IF_ONLY,PENDING_VALIDATION,COMPLETE
1.0,OP_CONFIRM_EXACT95_HIGH_REFERENCE_ASSUMPTION_SANDBOX_V1,eed4ac1694a3cbb110169bff620757a2aa7b14be5e0738f9318b5c1a3c59b08f,TASK3_OPERATIONAL_POOLED_V1,REFERENCE_ASSUMPTION_SANDBOX_V1,REFERENCE,REFERENCE_ASSUMPTION_SANDBOX_V1,LOCAL_WINDOW_HPP_EXACT95_HIGH,8,202607290000,202610290081,202610290082,202610290083,202610290084,EMPTY_AND_IDLE,HPP,300.000000000,379.999579591,FULL_DRAIN,AnyLogic,8.9.9.202607020720,NOT_CALIBRATED,COMPARATIVE_WHAT_IF_ONLY,PENDING_VALIDATION,COMPLETE
1.0,OP_CONFIRM_EXACT95_HIGH_REFERENCE_ASSUMPTION_SANDBOX_V1,eed4ac1694a3cbb110169bff620757a2aa7b14be5e0738f9318b5c1a3c59b08f,TASK3_OPERATIONAL_POOLED_V1,REFERENCE_ASSUMPTION_SANDBOX_V1,REFERENCE,REFERENCE_ASSUMPTION_SANDBOX_V1,LOCAL_WINDOW_HPP_EXACT95_HIGH,9,202607290000,202610290091,202610290092,202610290093,202610290094,EMPTY_AND_IDLE,HPP,300.000000000,415.496360198,FULL_DRAIN,AnyLogic,8.9.9.202607020720,NOT_CALIBRATED,COMPARATIVE_WHAT_IF_ONLY,PENDING_VALIDATION,COMPLETE
1.0,OP_CONFIRM_EXACT95_HIGH_REFERENCE_ASSUMPTION_SANDBOX_V1,eed4ac1694a3cbb110169bff620757a2aa7b14be5e0738f9318b5c1a3c59b08f,TASK3_OPERATIONAL_POOLED_V1,REFERENCE_ASSUMPTION_SANDBOX_V1,REFERENCE,REFERENCE_ASSUMPTION_SANDBOX_V1,LOCAL_WINDOW_HPP_EXACT95_HIGH,10,202607290000,202610290101,202610290102,202610290103,202610290104,EMPTY_AND_IDLE,HPP,300.000000000,379.471014182,FULL_DRAIN,AnyLogic,8.9.9.202607020720,NOT_CALIBRATED,COMPARATIVE_WHAT_IF_ONLY,PENDING_VALIDATION,COMPLETE
1.0,OP_CONFIRM_EXACT95_HIGH_REFERENCE_ASSUMPTION_SANDBOX_V1,eed4ac1694a3cbb110169bff620757a2aa7b14be5e0738f9318b5c1a3c59b08f,TASK3_OPERATIONAL_POOLED_V1,REFERENCE_ASSUMPTION_SANDBOX_V1,REFERENCE,REFERENCE_ASSUMPTION_SANDBOX_V1,LOCAL_WINDOW_HPP_EXACT95_HIGH,11,202607290000,202610290111,202610290112,202610290113,202610290114,EMPTY_AND_IDLE,HPP,300.000000000,364.365296511,FULL_DRAIN,AnyLogic,8.9.9.202607020720,NOT_CALIBRATED,COMPARATIVE_WHAT_IF_ONLY,PENDING_VALIDATION,COMPLETE
1.0,OP_CONFIRM_EXACT95_HIGH_REFERENCE_ASSUMPTION_SANDBOX_V1,eed4ac1694a3cbb110169bff620757a2aa7b14be5e0738f9318b5c1a3c59b08f,TASK3_OPERATIONAL_POOLED_V1,REFERENCE_ASSUMPTION_SANDBOX_V1,REFERENCE,REFERENCE_ASSUMPTION_SANDBOX_V1,LOCAL_WINDOW_HPP_EXACT95_HIGH,12,202607290000,202610290121,202610290122,202610290123,202610290124,EMPTY_AND_IDLE,HPP,300.000000000,391.476368860,FULL_DRAIN,AnyLogic,8.9.9.202607020720,NOT_CALIBRATED,COMPARATIVE_WHAT_IF_ONLY,PENDING_VALIDATION,COMPLETE
1.0,OP_CONFIRM_EXACT95_HIGH_REFERENCE_ASSUMPTION_SANDBOX_V1,eed4ac1694a3cbb110169bff620757a2aa7b14be5e0738f9318b5c1a3c59b08f,TASK3_OPERATIONAL_POOLED_V1,REFERENCE_ASSUMPTION_SANDBOX_V1,REFERENCE,REFERENCE_ASSUMPTION_SANDBOX_V1,LOCAL_WINDOW_HPP_EXACT95_HIGH,13,202607290000,202610290131,202610290132,202610290133,202610290134,EMPTY_AND_IDLE,HPP,300.000000000,403.984669825,FULL_DRAIN,AnyLogic,8.9.9.202607020720,NOT_CALIBRATED,COMPARATIVE_WHAT_IF_ONLY,PENDING_VALIDATION,COMPLETE
1.0,OP_CONFIRM_EXACT95_HIGH_REFERENCE_ASSUMPTION_SANDBOX_V1,eed4ac1694a3cbb110169bff620757a2aa7b14be5e0738f9318b5c1a3c59b08f,TASK3_OPERATIONAL_POOLED_V1,REFERENCE_ASSUMPTION_SANDBOX_V1,REFERENCE,REFERENCE_ASSUMPTION_SANDBOX_V1,LOCAL_WINDOW_HPP_EXACT95_HIGH,14,202607290000,202610290141,202610290142,202610290143,202610290144,EMPTY_AND_IDLE,HPP,300.000000000,392.441797872,FULL_DRAIN,AnyLogic,8.9.9.202607020720,NOT_CALIBRATED,COMPARATIVE_WHAT_IF_ONLY,PENDING_VALIDATION,COMPLETE
1.0,OP_CONFIRM_EXACT95_HIGH_REFERENCE_ASSUMPTION_SANDBOX_V1,eed4ac1694a3cbb110169bff620757a2aa7b14be5e0738f9318b5c1a3c59b08f,TASK3_OPERATIONAL_POOLED_V1,REFERENCE_ASSUMPTION_SANDBOX_V1,REFERENCE,REFERENCE_ASSUMPTION_SANDBOX_V1,LOCAL_WINDOW_HPP_EXACT95_HIGH,15,202607290000,202610290151,202610290152,202610290153,202610290154,EMPTY_AND_IDLE,HPP,300.000000000,408.772583593,FULL_DRAIN,AnyLogic,8.9.9.202607020720,NOT_CALIBRATED,COMPARATIVE_WHAT_IF_ONLY,PENDING_VALIDATION,COMPLETE
1.0,OP_CONFIRM_EXACT95_HIGH_REFERENCE_ASSUMPTION_SANDBOX_V1,eed4ac1694a3cbb110169bff620757a2aa7b14be5e0738f9318b5c1a3c59b08f,TASK3_OPERATIONAL_POOLED_V1,REFERENCE_ASSUMPTION_SANDBOX_V1,REFERENCE,REFERENCE_ASSUMPTION_SANDBOX_V1,LOCAL_WINDOW_HPP_EXACT95_HIGH,16,202607290000,202610290161,202610290162,202610290163,202610290164,EMPTY_AND_IDLE,HPP,300.000000000,377.682265286,FULL_DRAIN,AnyLogic,8.9.9.202607020720,NOT_CALIBRATED,COMPARATIVE_WHAT_IF_ONLY,PENDING_VALIDATION,COMPLETE
1.0,OP_CONFIRM_EXACT95_HIGH_REFERENCE_ASSUMPTION_SANDBOX_V1,eed4ac1694a3cbb110169bff620757a2aa7b14be5e0738f9318b5c1a3c59b08f,TASK3_OPERATIONAL_POOLED_V1,REFERENCE_ASSUMPTION_SANDBOX_V1,REFERENCE,REFERENCE_ASSUMPTION_SANDBOX_V1,LOCAL_WINDOW_HPP_EXACT95_HIGH,17,202607290000,202610290171,202610290172,202610290173,202610290174,EMPTY_AND_IDLE,HPP,300.000000000,374.929084336,FULL_DRAIN,AnyLogic,8.9.9.202607020720,NOT_CALIBRATED,COMPARATIVE_WHAT_IF_ONLY,PENDING_VALIDATION,COMPLETE
1.0,OP_CONFIRM_EXACT95_HIGH_REFERENCE_ASSUMPTION_SANDBOX_V1,eed4ac1694a3cbb110169bff620757a2aa7b14be5e0738f9318b5c1a3c59b08f,TASK3_OPERATIONAL_POOLED_V1,REFERENCE_ASSUMPTION_SANDBOX_V1,REFERENCE,REFERENCE_ASSUMPTION_SANDBOX_V1,LOCAL_WINDOW_HPP_EXACT95_HIGH,18,202607290000,202610290181,202610290182,202610290183,202610290184,EMPTY_AND_IDLE,HPP,300.000000000,405.955538258,FULL_DRAIN,AnyLogic,8.9.9.202607020720,NOT_CALIBRATED,COMPARATIVE_WHAT_IF_ONLY,PENDING_VALIDATION,COMPLETE
1.0,OP_CONFIRM_EXACT95_HIGH_REFERENCE_ASSUMPTION_SANDBOX_V1,eed4ac1694a3cbb110169bff620757a2aa7b14be5e0738f9318b5c1a3c59b08f,TASK3_OPERATIONAL_POOLED_V1,REFERENCE_ASSUMPTION_SANDBOX_V1,REFERENCE,REFERENCE_ASSUMPTION_SANDBOX_V1,LOCAL_WINDOW_HPP_EXACT95_HIGH,19,202607290000,202610290191,202610290192,202610290193,202610290194,EMPTY_AND_IDLE,HPP,300.000000000,376.758593930,FULL_DRAIN,AnyLogic,8.9.9.202607020720,NOT_CALIBRATED,COMPARATIVE_WHAT_IF_ONLY,PENDING_VALIDATION,COMPLETE
1.0,OP_CONFIRM_EXACT95_HIGH_REFERENCE_ASSUMPTION_SANDBOX_V1,eed4ac1694a3cbb110169bff620757a2aa7b14be5e0738f9318b5c1a3c59b08f,TASK3_OPERATIONAL_POOLED_V1,REFERENCE_ASSUMPTION_SANDBOX_V1,REFERENCE,REFERENCE_ASSUMPTION_SANDBOX_V1,LOCAL_WINDOW_HPP_EXACT95_HIGH,20,202607290000,202610290201,202610290202,202610290203,202610290204,EMPTY_AND_IDLE,HPP,300.000000000,395.395693231,FULL_DRAIN,AnyLogic,8.9.9.202607020720,NOT_CALIBRATED,COMPARATIVE_WHAT_IF_ONLY,PENDING_VALIDATION,COMPLETE
1.0,OP_CONFIRM_EXACT95_HIGH_REFERENCE_ASSUMPTION_SANDBOX_V1,eed4ac1694a3cbb110169bff620757a2aa7b14be5e0738f9318b5c1a3c59b08f,TASK3_OPERATIONAL_POOLED_V1,REFERENCE_ASSUMPTION_SANDBOX_V1,REFERENCE,REFERENCE_ASSUMPTION_SANDBOX_V1,LOCAL_WINDOW_HPP_EXACT95_HIGH,21,202607290000,202610290211,202610290212,202610290213,202610290214,EMPTY_AND_IDLE,HPP,300.000000000,378.879858447,FULL_DRAIN,AnyLogic,8.9.9.202607020720,NOT_CALIBRATED,COMPARATIVE_WHAT_IF_ONLY,PENDING_VALIDATION,COMPLETE
1.0,OP_CONFIRM_EXACT95_HIGH_REFERENCE_ASSUMPTION_SANDBOX_V1,eed4ac1694a3cbb110169bff620757a2aa7b14be5e0738f9318b5c1a3c59b08f,TASK3_OPERATIONAL_POOLED_V1,REFERENCE_ASSUMPTION_SANDBOX_V1,REFERENCE,REFERENCE_ASSUMPTION_SANDBOX_V1,LOCAL_WINDOW_HPP_EXACT95_HIGH,22,202607290000,202610290221,202610290222,202610290223,202610290224,EMPTY_AND_IDLE,HPP,300.000000000,369.149014919,FULL_DRAIN,AnyLogic,8.9.9.202607020720,NOT_CALIBRATED,COMPARATIVE_WHAT_IF_ONLY,PENDING_VALIDATION,COMPLETE
1.0,OP_CONFIRM_EXACT95_HIGH_REFERENCE_ASSUMPTION_SANDBOX_V1,eed4ac1694a3cbb110169bff620757a2aa7b14be5e0738f9318b5c1a3c59b08f,TASK3_OPERATIONAL_POOLED_V1,REFERENCE_ASSUMPTION_SANDBOX_V1,REFERENCE,REFERENCE_ASSUMPTION_SANDBOX_V1,LOCAL_WINDOW_HPP_EXACT95_HIGH,23,202607290000,202610290231,202610290232,202610290233,202610290234,EMPTY_AND_IDLE,HPP,300.000000000,392.810269830,FULL_DRAIN,AnyLogic,8.9.9.202607020720,NOT_CALIBRATED,COMPARATIVE_WHAT_IF_ONLY,PENDING_VALIDATION,COMPLETE
1.0,OP_CONFIRM_EXACT95_HIGH_REFERENCE_ASSUMPTION_SANDBOX_V1,eed4ac1694a3cbb110169bff620757a2aa7b14be5e0738f9318b5c1a3c59b08f,TASK3_OPERATIONAL_POOLED_V1,REFERENCE_ASSUMPTION_SANDBOX_V1,REFERENCE,REFERENCE_ASSUMPTION_SANDBOX_V1,LOCAL_WINDOW_HPP_EXACT95_HIGH,24,202607290000,202610290241,202610290242,202610290243,202610290244,EMPTY_AND_IDLE,HPP,300.000000000,384.435395639,FULL_DRAIN,AnyLogic,8.9.9.202607020720,NOT_CALIBRATED,COMPARATIVE_WHAT_IF_ONLY,PENDING_VALIDATION,COMPLETE
1.0,OP_CONFIRM_EXACT95_HIGH_REFERENCE_ASSUMPTION_SANDBOX_V1,eed4ac1694a3cbb110169bff620757a2aa7b14be5e0738f9318b5c1a3c59b08f,TASK3_OPERATIONAL_POOLED_V1,REFERENCE_ASSUMPTION_SANDBOX_V1,REFERENCE,REFERENCE_ASSUMPTION_SANDBOX_V1,LOCAL_WINDOW_HPP_EXACT95_HIGH,25,202607290000,202610290251,202610290252,202610290253,202610290254,EMPTY_AND_IDLE,HPP,300.000000000,363.108962628,FULL_DRAIN,AnyLogic,8.9.9.202607020720,NOT_CALIBRATED,COMPARATIVE_WHAT_IF_ONLY,PENDING_VALIDATION,COMPLETE
1.0,OP_CONFIRM_EXACT95_HIGH_REFERENCE_ASSUMPTION_SANDBOX_V1,eed4ac1694a3cbb110169bff620757a2aa7b14be5e0738f9318b5c1a3c59b08f,TASK3_OPERATIONAL_POOLED_V1,REFERENCE_ASSUMPTION_SANDBOX_V1,REFERENCE,REFERENCE_ASSUMPTION_SANDBOX_V1,LOCAL_WINDOW_HPP_EXACT95_HIGH,26,202607290000,202610290261,202610290262,202610290263,202610290264,EMPTY_AND_IDLE,HPP,300.000000000,394.576244678,FULL_DRAIN,AnyLogic,8.9.9.202607020720,NOT_CALIBRATED,COMPARATIVE_WHAT_IF_ONLY,PENDING_VALIDATION,COMPLETE
1.0,OP_CONFIRM_EXACT95_HIGH_REFERENCE_ASSUMPTION_SANDBOX_V1,eed4ac1694a3cbb110169bff620757a2aa7b14be5e0738f9318b5c1a3c59b08f,TASK3_OPERATIONAL_POOLED_V1,REFERENCE_ASSUMPTION_SANDBOX_V1,REFERENCE,REFERENCE_ASSUMPTION_SANDBOX_V1,LOCAL_WINDOW_HPP_EXACT95_HIGH,27,202607290000,202610290271,202610290272,202610290273,202610290274,EMPTY_AND_IDLE,HPP,300.000000000,383.691597895,FULL_DRAIN,AnyLogic,8.9.9.202607020720,NOT_CALIBRATED,COMPARATIVE_WHAT_IF_ONLY,PENDING_VALIDATION,COMPLETE
1.0,OP_CONFIRM_EXACT95_HIGH_REFERENCE_ASSUMPTION_SANDBOX_V1,eed4ac1694a3cbb110169bff620757a2aa7b14be5e0738f9318b5c1a3c59b08f,TASK3_OPERATIONAL_POOLED_V1,REFERENCE_ASSUMPTION_SANDBOX_V1,REFERENCE,REFERENCE_ASSUMPTION_SANDBOX_V1,LOCAL_WINDOW_HPP_EXACT95_HIGH,28,202607290000,202610290281,202610290282,202610290283,202610290284,EMPTY_AND_IDLE,HPP,300.000000000,391.932595937,FULL_DRAIN,AnyLogic,8.9.9.202607020720,NOT_CALIBRATED,COMPARATIVE_WHAT_IF_ONLY,PENDING_VALIDATION,COMPLETE
1.0,OP_CONFIRM_EXACT95_HIGH_REFERENCE_ASSUMPTION_SANDBOX_V1,eed4ac1694a3cbb110169bff620757a2aa7b14be5e0738f9318b5c1a3c59b08f,TASK3_OPERATIONAL_POOLED_V1,REFERENCE_ASSUMPTION_SANDBOX_V1,REFERENCE,REFERENCE_ASSUMPTION_SANDBOX_V1,LOCAL_WINDOW_HPP_EXACT95_HIGH,29,202607290000,202610290291,202610290292,202610290293,202610290294,EMPTY_AND_IDLE,HPP,300.000000000,352.834659171,FULL_DRAIN,AnyLogic,8.9.9.202607020720,NOT_CALIBRATED,COMPARATIVE_WHAT_IF_ONLY,PENDING_VALIDATION,COMPLETE
1.0,OP_CONFIRM_EXACT95_HIGH_REFERENCE_ASSUMPTION_SANDBOX_V1,eed4ac1694a3cbb110169bff620757a2aa7b14be5e0738f9318b5c1a3c59b08f,TASK3_OPERATIONAL_POOLED_V1,REFERENCE_ASSUMPTION_SANDBOX_V1,REFERENCE,REFERENCE_ASSUMPTION_SANDBOX_V1,LOCAL_WINDOW_HPP_EXACT95_HIGH,30,202607290000,202610290301,202610290302,202610290303,202610290304,EMPTY_AND_IDLE,HPP,300.000000000,401.123862064,FULL_DRAIN,AnyLogic,8.9.9.202607020720,NOT_CALIBRATED,COMPARATIVE_WHAT_IF_ONLY,PENDING_VALIDATION,COMPLETE
1.0,OP_CONFIRM_EXACT95_HIGH_REFERENCE_ASSUMPTION_SANDBOX_V1,eed4ac1694a3cbb110169bff620757a2aa7b14be5e0738f9318b5c1a3c59b08f,TASK3_OPERATIONAL_POOLED_V1,REFERENCE_ASSUMPTION_SANDBOX_V1,REFERENCE,REFERENCE_ASSUMPTION_SANDBOX_V1,LOCAL_WINDOW_HPP_EXACT95_HIGH,31,202607290000,202610290311,202610290312,202610290313,202610290314,EMPTY_AND_IDLE,HPP,300.000000000,409.465136274,FULL_DRAIN,AnyLogic,8.9.9.202607020720,NOT_CALIBRATED,COMPARATIVE_WHAT_IF_ONLY,PENDING_VALIDATION,COMPLETE
1.0,OP_CONFIRM_EXACT95_HIGH_REFERENCE_ASSUMPTION_SANDBOX_V1,eed4ac1694a3cbb110169bff620757a2aa7b14be5e0738f9318b5c1a3c59b08f,TASK3_OPERATIONAL_POOLED_V1,REFERENCE_ASSUMPTION_SANDBOX_V1,REFERENCE,REFERENCE_ASSUMPTION_SANDBOX_V1,LOCAL_WINDOW_HPP_EXACT95_HIGH,32,202607290000,202610290321,202610290322,202610290323,202610290324,EMPTY_AND_IDLE,HPP,300.000000000,376.030865180,FULL_DRAIN,AnyLogic,8.9.9.202607020720,NOT_CALIBRATED,COMPARATIVE_WHAT_IF_ONLY,PENDING_VALIDATION,COMPLETE
1.0,OP_CONFIRM_EXACT95_HIGH_REFERENCE_ASSUMPTION_SANDBOX_V1,eed4ac1694a3cbb110169bff620757a2aa7b14be5e0738f9318b5c1a3c59b08f,TASK3_OPERATIONAL_POOLED_V1,REFERENCE_ASSUMPTION_SANDBOX_V1,REFERENCE,REFERENCE_ASSUMPTION_SANDBOX_V1,LOCAL_WINDOW_HPP_EXACT95_HIGH,33,202607290000,202610290331,202610290332,202610290333,202610290334,EMPTY_AND_IDLE,HPP,300.000000000,389.502690959,FULL_DRAIN,AnyLogic,8.9.9.202607020720,NOT_CALIBRATED,COMPARATIVE_WHAT_IF_ONLY,PENDING_VALIDATION,COMPLETE
1.0,OP_CONFIRM_EXACT95_HIGH_REFERENCE_ASSUMPTION_SANDBOX_V1,eed4ac1694a3cbb110169bff620757a2aa7b14be5e0738f9318b5c1a3c59b08f,TASK3_OPERATIONAL_POOLED_V1,REFERENCE_ASSUMPTION_SANDBOX_V1,REFERENCE,REFERENCE_ASSUMPTION_SANDBOX_V1,LOCAL_WINDOW_HPP_EXACT95_HIGH,34,202607290000,202610290341,202610290342,202610290343,202610290344,EMPTY_AND_IDLE,HPP,300.000000000,398.115360883,FULL_DRAIN,AnyLogic,8.9.9.202607020720,NOT_CALIBRATED,COMPARATIVE_WHAT_IF_ONLY,PENDING_VALIDATION,COMPLETE
1.0,OP_CONFIRM_EXACT95_HIGH_REFERENCE_ASSUMPTION_SANDBOX_V1,eed4ac1694a3cbb110169bff620757a2aa7b14be5e0738f9318b5c1a3c59b08f,TASK3_OPERATIONAL_POOLED_V1,REFERENCE_ASSUMPTION_SANDBOX_V1,REFERENCE,REFERENCE_ASSUMPTION_SANDBOX_V1,LOCAL_WINDOW_HPP_EXACT95_HIGH,35,202607290000,202610290351,202610290352,202610290353,202610290354,EMPTY_AND_IDLE,HPP,300.000000000,374.502972463,FULL_DRAIN,AnyLogic,8.9.9.202607020720,NOT_CALIBRATED,COMPARATIVE_WHAT_IF_ONLY,PENDING_VALIDATION,COMPLETE
1.0,OP_CONFIRM_EXACT95_HIGH_REFERENCE_ASSUMPTION_SANDBOX_V1,eed4ac1694a3cbb110169bff620757a2aa7b14be5e0738f9318b5c1a3c59b08f,TASK3_OPERATIONAL_POOLED_V1,REFERENCE_ASSUMPTION_SANDBOX_V1,REFERENCE,REFERENCE_ASSUMPTION_SANDBOX_V1,LOCAL_WINDOW_HPP_EXACT95_HIGH,36,202607290000,202610290361,202610290362,202610290363,202610290364,EMPTY_AND_IDLE,HPP,300.000000000,387.271942947,FULL_DRAIN,AnyLogic,8.9.9.202607020720,NOT_CALIBRATED,COMPARATIVE_WHAT_IF_ONLY,PENDING_VALIDATION,COMPLETE
1.0,OP_CONFIRM_EXACT95_HIGH_REFERENCE_ASSUMPTION_SANDBOX_V1,eed4ac1694a3cbb110169bff620757a2aa7b14be5e0738f9318b5c1a3c59b08f,TASK3_OPERATIONAL_POOLED_V1,REFERENCE_ASSUMPTION_SANDBOX_V1,REFERENCE,REFERENCE_ASSUMPTION_SANDBOX_V1,LOCAL_WINDOW_HPP_EXACT95_HIGH,37,202607290000,202610290371,202610290372,202610290373,202610290374,EMPTY_AND_IDLE,HPP,300.000000000,379.780010275,FULL_DRAIN,AnyLogic,8.9.9.202607020720,NOT_CALIBRATED,COMPARATIVE_WHAT_IF_ONLY,PENDING_VALIDATION,COMPLETE
1.0,OP_CONFIRM_EXACT95_HIGH_REFERENCE_ASSUMPTION_SANDBOX_V1,eed4ac1694a3cbb110169bff620757a2aa7b14be5e0738f9318b5c1a3c59b08f,TASK3_OPERATIONAL_POOLED_V1,REFERENCE_ASSUMPTION_SANDBOX_V1,REFERENCE,REFERENCE_ASSUMPTION_SANDBOX_V1,LOCAL_WINDOW_HPP_EXACT95_HIGH,38,202607290000,202610290381,202610290382,202610290383,202610290384,EMPTY_AND_IDLE,HPP,300.000000000,380.379357627,FULL_DRAIN,AnyLogic,8.9.9.202607020720,NOT_CALIBRATED,COMPARATIVE_WHAT_IF_ONLY,PENDING_VALIDATION,COMPLETE
1.0,OP_CONFIRM_EXACT95_HIGH_REFERENCE_ASSUMPTION_SANDBOX_V1,eed4ac1694a3cbb110169bff620757a2aa7b14be5e0738f9318b5c1a3c59b08f,TASK3_OPERATIONAL_POOLED_V1,REFERENCE_ASSUMPTION_SANDBOX_V1,REFERENCE,REFERENCE_ASSUMPTION_SANDBOX_V1,LOCAL_WINDOW_HPP_EXACT95_HIGH,39,202607290000,202610290391,202610290392,202610290393,202610290394,EMPTY_AND_IDLE,HPP,300.000000000,394.863209740,FULL_DRAIN,AnyLogic,8.9.9.202607020720,NOT_CALIBRATED,COMPARATIVE_WHAT_IF_ONLY,PENDING_VALIDATION,COMPLETE
1.0,OP_CONFIRM_EXACT95_HIGH_REFERENCE_ASSUMPTION_SANDBOX_V1,eed4ac1694a3cbb110169bff620757a2aa7b14be5e0738f9318b5c1a3c59b08f,TASK3_OPERATIONAL_POOLED_V1,REFERENCE_ASSUMPTION_SANDBOX_V1,REFERENCE,REFERENCE_ASSUMPTION_SANDBOX_V1,LOCAL_WINDOW_HPP_EXACT95_HIGH,40,202607290000,202610290401,202610290402,202610290403,202610290404,EMPTY_AND_IDLE,HPP,300.000000000,404.349550656,FULL_DRAIN,AnyLogic,8.9.9.202607020720,NOT_CALIBRATED,COMPARATIVE_WHAT_IF_ONLY,PENDING_VALIDATION,COMPLETE
1.0,OP_CONFIRM_EXACT95_HIGH_REFERENCE_ASSUMPTION_SANDBOX_V1,eed4ac1694a3cbb110169bff620757a2aa7b14be5e0738f9318b5c1a3c59b08f,TASK3_OPERATIONAL_POOLED_V1,REFERENCE_ASSUMPTION_SANDBOX_V1,REFERENCE,REFERENCE_ASSUMPTION_SANDBOX_V1,LOCAL_WINDOW_HPP_EXACT95_HIGH,41,202607290000,202610290411,202610290412,202610290413,202610290414,EMPTY_AND_IDLE,HPP,300.000000000,383.023283337,FULL_DRAIN,AnyLogic,8.9.9.202607020720,NOT_CALIBRATED,COMPARATIVE_WHAT_IF_ONLY,PENDING_VALIDATION,COMPLETE
1.0,OP_CONFIRM_EXACT95_HIGH_REFERENCE_ASSUMPTION_SANDBOX_V1,eed4ac1694a3cbb110169bff620757a2aa7b14be5e0738f9318b5c1a3c59b08f,TASK3_OPERATIONAL_POOLED_V1,REFERENCE_ASSUMPTION_SANDBOX_V1,REFERENCE,REFERENCE_ASSUMPTION_SANDBOX_V1,LOCAL_WINDOW_HPP_EXACT95_HIGH,42,202607290000,202610290421,202610290422,202610290423,202610290424,EMPTY_AND_IDLE,HPP,300.000000000,401.093140972,FULL_DRAIN,AnyLogic,8.9.9.202607020720,NOT_CALIBRATED,COMPARATIVE_WHAT_IF_ONLY,PENDING_VALIDATION,COMPLETE
1.0,OP_CONFIRM_EXACT95_HIGH_REFERENCE_ASSUMPTION_SANDBOX_V1,eed4ac1694a3cbb110169bff620757a2aa7b14be5e0738f9318b5c1a3c59b08f,TASK3_OPERATIONAL_POOLED_V1,REFERENCE_ASSUMPTION_SANDBOX_V1,REFERENCE,REFERENCE_ASSUMPTION_SANDBOX_V1,LOCAL_WINDOW_HPP_EXACT95_HIGH,43,202607290000,202610290431,202610290432,202610290433,202610290434,EMPTY_AND_IDLE,HPP,300.000000000,384.279235744,FULL_DRAIN,AnyLogic,8.9.9.202607020720,NOT_CALIBRATED,COMPARATIVE_WHAT_IF_ONLY,PENDING_VALIDATION,COMPLETE
1.0,OP_CONFIRM_EXACT95_HIGH_REFERENCE_ASSUMPTION_SANDBOX_V1,eed4ac1694a3cbb110169bff620757a2aa7b14be5e0738f9318b5c1a3c59b08f,TASK3_OPERATIONAL_POOLED_V1,REFERENCE_ASSUMPTION_SANDBOX_V1,REFERENCE,REFERENCE_ASSUMPTION_SANDBOX_V1,LOCAL_WINDOW_HPP_EXACT95_HIGH,44,202607290000,202610290441,202610290442,202610290443,202610290444,EMPTY_AND_IDLE,HPP,300.000000000,403.196860816,FULL_DRAIN,AnyLogic,8.9.9.202607020720,NOT_CALIBRATED,COMPARATIVE_WHAT_IF_ONLY,PENDING_VALIDATION,COMPLETE
1.0,OP_CONFIRM_EXACT95_HIGH_REFERENCE_ASSUMPTION_SANDBOX_V1,eed4ac1694a3cbb110169bff620757a2aa7b14be5e0738f9318b5c1a3c59b08f,TASK3_OPERATIONAL_POOLED_V1,REFERENCE_ASSUMPTION_SANDBOX_V1,REFERENCE,REFERENCE_ASSUMPTION_SANDBOX_V1,LOCAL_WINDOW_HPP_EXACT95_HIGH,45,202607290000,202610290451,202610290452,202610290453,202610290454,EMPTY_AND_IDLE,HPP,300.000000000,411.125786211,FULL_DRAIN,AnyLogic,8.9.9.202607020720,NOT_CALIBRATED,COMPARATIVE_WHAT_IF_ONLY,PENDING_VALIDATION,COMPLETE
1.0,OP_CONFIRM_EXACT95_HIGH_REFERENCE_ASSUMPTION_SANDBOX_V1,eed4ac1694a3cbb110169bff620757a2aa7b14be5e0738f9318b5c1a3c59b08f,TASK3_OPERATIONAL_POOLED_V1,REFERENCE_ASSUMPTION_SANDBOX_V1,REFERENCE,REFERENCE_ASSUMPTION_SANDBOX_V1,LOCAL_WINDOW_HPP_EXACT95_HIGH,46,202607290000,202610290461,202610290462,202610290463,202610290464,EMPTY_AND_IDLE,HPP,300.000000000,386.041841968,FULL_DRAIN,AnyLogic,8.9.9.202607020720,NOT_CALIBRATED,COMPARATIVE_WHAT_IF_ONLY,PENDING_VALIDATION,COMPLETE
1.0,OP_CONFIRM_EXACT95_HIGH_REFERENCE_ASSUMPTION_SANDBOX_V1,eed4ac1694a3cbb110169bff620757a2aa7b14be5e0738f9318b5c1a3c59b08f,TASK3_OPERATIONAL_POOLED_V1,REFERENCE_ASSUMPTION_SANDBOX_V1,REFERENCE,REFERENCE_ASSUMPTION_SANDBOX_V1,LOCAL_WINDOW_HPP_EXACT95_HIGH,47,202607290000,202610290471,202610290472,202610290473,202610290474,EMPTY_AND_IDLE,HPP,300.000000000,358.608965153,FULL_DRAIN,AnyLogic,8.9.9.202607020720,NOT_CALIBRATED,COMPARATIVE_WHAT_IF_ONLY,PENDING_VALIDATION,COMPLETE
1.0,OP_CONFIRM_EXACT95_HIGH_REFERENCE_ASSUMPTION_SANDBOX_V1,eed4ac1694a3cbb110169bff620757a2aa7b14be5e0738f9318b5c1a3c59b08f,TASK3_OPERATIONAL_POOLED_V1,REFERENCE_ASSUMPTION_SANDBOX_V1,REFERENCE,REFERENCE_ASSUMPTION_SANDBOX_V1,LOCAL_WINDOW_HPP_EXACT95_HIGH,48,202607290000,202610290481,202610290482,202610290483,202610290484,EMPTY_AND_IDLE,HPP,300.000000000,375.071942142,FULL_DRAIN,AnyLogic,8.9.9.202607020720,NOT_CALIBRATED,COMPARATIVE_WHAT_IF_ONLY,PENDING_VALIDATION,COMPLETE
1.0,OP_CONFIRM_EXACT95_HIGH_REFERENCE_ASSUMPTION_SANDBOX_V1,eed4ac1694a3cbb110169bff620757a2aa7b14be5e0738f9318b5c1a3c59b08f,TASK3_OPERATIONAL_POOLED_V1,REFERENCE_ASSUMPTION_SANDBOX_V1,REFERENCE,REFERENCE_ASSUMPTION_SANDBOX_V1,LOCAL_WINDOW_HPP_EXACT95_HIGH,49,202607290000,202610290491,202610290492,202610290493,202610290494,EMPTY_AND_IDLE,HPP,300.000000000,387.520436238,FULL_DRAIN,AnyLogic,8.9.9.202607020720,NOT_CALIBRATED,COMPARATIVE_WHAT_IF_ONLY,PENDING_VALIDATION,COMPLETE
1.0,OP_CONFIRM_EXACT95_HIGH_REFERENCE_ASSUMPTION_SANDBOX_V1,eed4ac1694a3cbb110169bff620757a2aa7b14be5e0738f9318b5c1a3c59b08f,TASK3_OPERATIONAL_POOLED_V1,REFERENCE_ASSUMPTION_SANDBOX_V1,REFERENCE,REFERENCE_ASSUMPTION_SANDBOX_V1,LOCAL_WINDOW_HPP_EXACT95_HIGH,50,202607290000,202610290501,202610290502,202610290503,202610290504,EMPTY_AND_IDLE,HPP,300.000000000,400.107643702,FULL_DRAIN,AnyLogic,8.9.9.202607020720,NOT_CALIBRATED,COMPARATIVE_WHAT_IF_ONLY,PENDING_VALIDATION,COMPLETE
1.0,OP_CONFIRM_EXACT95_LOW_REFERENCE_ASSUMPTION_SANDBOX_V1,32b9044b5bbd75968a07e8c7fc390d8c3419cadcce37bf0965896dd768445e2b,TASK3_OPERATIONAL_POOLED_V1,REFERENCE_ASSUMPTION_SANDBOX_V1,REFERENCE,REFERENCE_ASSUMPTION_SANDBOX_V1,LOCAL_WINDOW_HPP_EXACT95_LOW,1,202607290000,202608290011,202608290012,202608290013,202608290014,EMPTY_AND_IDLE,HPP,300.000000000,333.378284734,FULL_DRAIN,AnyLogic,8.9.9.202607020720,NOT_CALIBRATED,COMPARATIVE_WHAT_IF_ONLY,PENDING_VALIDATION,COMPLETE
1.0,OP_CONFIRM_EXACT95_LOW_REFERENCE_ASSUMPTION_SANDBOX_V1,32b9044b5bbd75968a07e8c7fc390d8c3419cadcce37bf0965896dd768445e2b,TASK3_OPERATIONAL_POOLED_V1,REFERENCE_ASSUMPTION_SANDBOX_V1,REFERENCE,REFERENCE_ASSUMPTION_SANDBOX_V1,LOCAL_WINDOW_HPP_EXACT95_LOW,2,202607290000,202608290021,202608290022,202608290023,202608290024,EMPTY_AND_IDLE,HPP,300.000000000,332.283944051,FULL_DRAIN,AnyLogic,8.9.9.202607020720,NOT_CALIBRATED,COMPARATIVE_WHAT_IF_ONLY,PENDING_VALIDATION,COMPLETE
1.0,OP_CONFIRM_EXACT95_LOW_REFERENCE_ASSUMPTION_SANDBOX_V1,32b9044b5bbd75968a07e8c7fc390d8c3419cadcce37bf0965896dd768445e2b,TASK3_OPERATIONAL_POOLED_V1,REFERENCE_ASSUMPTION_SANDBOX_V1,REFERENCE,REFERENCE_ASSUMPTION_SANDBOX_V1,LOCAL_WINDOW_HPP_EXACT95_LOW,3,202607290000,202608290031,202608290032,202608290033,202608290034,EMPTY_AND_IDLE,HPP,300.000000000,334.763588245,FULL_DRAIN,AnyLogic,8.9.9.202607020720,NOT_CALIBRATED,COMPARATIVE_WHAT_IF_ONLY,PENDING_VALIDATION,COMPLETE
1.0,OP_CONFIRM_EXACT95_LOW_REFERENCE_ASSUMPTION_SANDBOX_V1,32b9044b5bbd75968a07e8c7fc390d8c3419cadcce37bf0965896dd768445e2b,TASK3_OPERATIONAL_POOLED_V1,REFERENCE_ASSUMPTION_SANDBOX_V1,REFERENCE,REFERENCE_ASSUMPTION_SANDBOX_V1,LOCAL_WINDOW_HPP_EXACT95_LOW,4,202607290000,202608290041,202608290042,202608290043,202608290044,EMPTY_AND_IDLE,HPP,300.000000000,334.214032222,FULL_DRAIN,AnyLogic,8.9.9.202607020720,NOT_CALIBRATED,COMPARATIVE_WHAT_IF_ONLY,PENDING_VALIDATION,COMPLETE
1.0,OP_CONFIRM_EXACT95_LOW_REFERENCE_ASSUMPTION_SANDBOX_V1,32b9044b5bbd75968a07e8c7fc390d8c3419cadcce37bf0965896dd768445e2b,TASK3_OPERATIONAL_POOLED_V1,REFERENCE_ASSUMPTION_SANDBOX_V1,REFERENCE,REFERENCE_ASSUMPTION_SANDBOX_V1,LOCAL_WINDOW_HPP_EXACT95_LOW,5,202607290000,202608290051,202608290052,202608290053,202608290054,EMPTY_AND_IDLE,HPP,300.000000000,333.398993631,FULL_DRAIN,AnyLogic,8.9.9.202607020720,NOT_CALIBRATED,COMPARATIVE_WHAT_IF_ONLY,PENDING_VALIDATION,COMPLETE
1.0,OP_CONFIRM_EXACT95_LOW_REFERENCE_ASSUMPTION_SANDBOX_V1,32b9044b5bbd75968a07e8c7fc390d8c3419cadcce37bf0965896dd768445e2b,TASK3_OPERATIONAL_POOLED_V1,REFERENCE_ASSUMPTION_SANDBOX_V1,REFERENCE,REFERENCE_ASSUMPTION_SANDBOX_V1,LOCAL_WINDOW_HPP_EXACT95_LOW,6,202607290000,202608290061,202608290062,202608290063,202608290064,EMPTY_AND_IDLE,HPP,300.000000000,334.503790859,FULL_DRAIN,AnyLogic,8.9.9.202607020720,NOT_CALIBRATED,COMPARATIVE_WHAT_IF_ONLY,PENDING_VALIDATION,COMPLETE
1.0,OP_CONFIRM_EXACT95_LOW_REFERENCE_ASSUMPTION_SANDBOX_V1,32b9044b5bbd75968a07e8c7fc390d8c3419cadcce37bf0965896dd768445e2b,TASK3_OPERATIONAL_POOLED_V1,REFERENCE_ASSUMPTION_SANDBOX_V1,REFERENCE,REFERENCE_ASSUMPTION_SANDBOX_V1,LOCAL_WINDOW_HPP_EXACT95_LOW,7,202607290000,202608290071,202608290072,202608290073,202608290074,EMPTY_AND_IDLE,HPP,300.000000000,334.009467665,FULL_DRAIN,AnyLogic,8.9.9.202607020720,NOT_CALIBRATED,COMPARATIVE_WHAT_IF_ONLY,PENDING_VALIDATION,COMPLETE
1.0,OP_CONFIRM_EXACT95_LOW_REFERENCE_ASSUMPTION_SANDBOX_V1,32b9044b5bbd75968a07e8c7fc390d8c3419cadcce37bf0965896dd768445e2b,TASK3_OPERATIONAL_POOLED_V1,REFERENCE_ASSUMPTION_SANDBOX_V1,REFERENCE,REFERENCE_ASSUMPTION_SANDBOX_V1,LOCAL_WINDOW_HPP_EXACT95_LOW,8,202607290000,202608290081,202608290082,202608290083,202608290084,EMPTY_AND_IDLE,HPP,300.000000000,334.204293046,FULL_DRAIN,AnyLogic,8.9.9.202607020720,NOT_CALIBRATED,COMPARATIVE_WHAT_IF_ONLY,PENDING_VALIDATION,COMPLETE
1.0,OP_CONFIRM_EXACT95_LOW_REFERENCE_ASSUMPTION_SANDBOX_V1,32b9044b5bbd75968a07e8c7fc390d8c3419cadcce37bf0965896dd768445e2b,TASK3_OPERATIONAL_POOLED_V1,REFERENCE_ASSUMPTION_SANDBOX_V1,REFERENCE,REFERENCE_ASSUMPTION_SANDBOX_V1,LOCAL_WINDOW_HPP_EXACT95_LOW,9,202607290000,202608290091,202608290092,202608290093,202608290094,EMPTY_AND_IDLE,HPP,300.000000000,334.651209542,FULL_DRAIN,AnyLogic,8.9.9.202607020720,NOT_CALIBRATED,COMPARATIVE_WHAT_IF_ONLY,PENDING_VALIDATION,COMPLETE
1.0,OP_CONFIRM_EXACT95_LOW_REFERENCE_ASSUMPTION_SANDBOX_V1,32b9044b5bbd75968a07e8c7fc390d8c3419cadcce37bf0965896dd768445e2b,TASK3_OPERATIONAL_POOLED_V1,REFERENCE_ASSUMPTION_SANDBOX_V1,REFERENCE,REFERENCE_ASSUMPTION_SANDBOX_V1,LOCAL_WINDOW_HPP_EXACT95_LOW,10,202607290000,202608290101,202608290102,202608290103,202608290104,EMPTY_AND_IDLE,HPP,300.000000000,333.986965101,FULL_DRAIN,AnyLogic,8.9.9.202607020720,NOT_CALIBRATED,COMPARATIVE_WHAT_IF_ONLY,PENDING_VALIDATION,COMPLETE
1.0,OP_CONFIRM_EXACT95_LOW_REFERENCE_ASSUMPTION_SANDBOX_V1,32b9044b5bbd75968a07e8c7fc390d8c3419cadcce37bf0965896dd768445e2b,TASK3_OPERATIONAL_POOLED_V1,REFERENCE_ASSUMPTION_SANDBOX_V1,REFERENCE,REFERENCE_ASSUMPTION_SANDBOX_V1,LOCAL_WINDOW_HPP_EXACT95_LOW,11,202607290000,202608290111,202608290112,202608290113,202608290114,EMPTY_AND_IDLE,HPP,300.000000000,334.383425690,FULL_DRAIN,AnyLogic,8.9.9.202607020720,NOT_CALIBRATED,COMPARATIVE_WHAT_IF_ONLY,PENDING_VALIDATION,COMPLETE
1.0,OP_CONFIRM_EXACT95_LOW_REFERENCE_ASSUMPTION_SANDBOX_V1,32b9044b5bbd75968a07e8c7fc390d8c3419cadcce37bf0965896dd768445e2b,TASK3_OPERATIONAL_POOLED_V1,REFERENCE_ASSUMPTION_SANDBOX_V1,REFERENCE,REFERENCE_ASSUMPTION_SANDBOX_V1,LOCAL_WINDOW_HPP_EXACT95_LOW,12,202607290000,202608290121,202608290122,202608290123,202608290124,EMPTY_AND_IDLE,HPP,300.000000000,334.365001603,FULL_DRAIN,AnyLogic,8.9.9.202607020720,NOT_CALIBRATED,COMPARATIVE_WHAT_IF_ONLY,PENDING_VALIDATION,COMPLETE
1.0,OP_CONFIRM_EXACT95_LOW_REFERENCE_ASSUMPTION_SANDBOX_V1,32b9044b5bbd75968a07e8c7fc390d8c3419cadcce37bf0965896dd768445e2b,TASK3_OPERATIONAL_POOLED_V1,REFERENCE_ASSUMPTION_SANDBOX_V1,REFERENCE,REFERENCE_ASSUMPTION_SANDBOX_V1,LOCAL_WINDOW_HPP_EXACT95_LOW,13,202607290000,202608290131,202608290132,202608290133,202608290134,EMPTY_AND_IDLE,HPP,300.000000000,334.664495631,FULL_DRAIN,AnyLogic,8.9.9.202607020720,NOT_CALIBRATED,COMPARATIVE_WHAT_IF_ONLY,PENDING_VALIDATION,COMPLETE
1.0,OP_CONFIRM_EXACT95_LOW_REFERENCE_ASSUMPTION_SANDBOX_V1,32b9044b5bbd75968a07e8c7fc390d8c3419cadcce37bf0965896dd768445e2b,TASK3_OPERATIONAL_POOLED_V1,REFERENCE_ASSUMPTION_SANDBOX_V1,REFERENCE,REFERENCE_ASSUMPTION_SANDBOX_V1,LOCAL_WINDOW_HPP_EXACT95_LOW,14,202607290000,202608290141,202608290142,202608290143,202608290144,EMPTY_AND_IDLE,HPP,300.000000000,334.504039286,FULL_DRAIN,AnyLogic,8.9.9.202607020720,NOT_CALIBRATED,COMPARATIVE_WHAT_IF_ONLY,PENDING_VALIDATION,COMPLETE
1.0,OP_CONFIRM_EXACT95_LOW_REFERENCE_ASSUMPTION_SANDBOX_V1,32b9044b5bbd75968a07e8c7fc390d8c3419cadcce37bf0965896dd768445e2b,TASK3_OPERATIONAL_POOLED_V1,REFERENCE_ASSUMPTION_SANDBOX_V1,REFERENCE,REFERENCE_ASSUMPTION_SANDBOX_V1,LOCAL_WINDOW_HPP_EXACT95_LOW,15,202607290000,202608290151,202608290152,202608290153,202608290154,EMPTY_AND_IDLE,HPP,300.000000000,334.767924815,FULL_DRAIN,AnyLogic,8.9.9.202607020720,NOT_CALIBRATED,COMPARATIVE_WHAT_IF_ONLY,PENDING_VALIDATION,COMPLETE
1.0,OP_CONFIRM_EXACT95_LOW_REFERENCE_ASSUMPTION_SANDBOX_V1,32b9044b5bbd75968a07e8c7fc390d8c3419cadcce37bf0965896dd768445e2b,TASK3_OPERATIONAL_POOLED_V1,REFERENCE_ASSUMPTION_SANDBOX_V1,REFERENCE,REFERENCE_ASSUMPTION_SANDBOX_V1,LOCAL_WINDOW_HPP_EXACT95_LOW,16,202607290000,202608290161,202608290162,202608290163,202608290164,EMPTY_AND_IDLE,HPP,300.000000000,334.431918804,FULL_DRAIN,AnyLogic,8.9.9.202607020720,NOT_CALIBRATED,COMPARATIVE_WHAT_IF_ONLY,PENDING_VALIDATION,COMPLETE
1.0,OP_CONFIRM_EXACT95_LOW_REFERENCE_ASSUMPTION_SANDBOX_V1,32b9044b5bbd75968a07e8c7fc390d8c3419cadcce37bf0965896dd768445e2b,TASK3_OPERATIONAL_POOLED_V1,REFERENCE_ASSUMPTION_SANDBOX_V1,REFERENCE,REFERENCE_ASSUMPTION_SANDBOX_V1,LOCAL_WINDOW_HPP_EXACT95_LOW,17,202607290000,202608290171,202608290172,202608290173,202608290174,EMPTY_AND_IDLE,HPP,300.000000000,334.762375366,FULL_DRAIN,AnyLogic,8.9.9.202607020720,NOT_CALIBRATED,COMPARATIVE_WHAT_IF_ONLY,PENDING_VALIDATION,COMPLETE
1.0,OP_CONFIRM_EXACT95_LOW_REFERENCE_ASSUMPTION_SANDBOX_V1,32b9044b5bbd75968a07e8c7fc390d8c3419cadcce37bf0965896dd768445e2b,TASK3_OPERATIONAL_POOLED_V1,REFERENCE_ASSUMPTION_SANDBOX_V1,REFERENCE,REFERENCE_ASSUMPTION_SANDBOX_V1,LOCAL_WINDOW_HPP_EXACT95_LOW,18,202607290000,202608290181,202608290182,202608290183,202608290184,EMPTY_AND_IDLE,HPP,300.000000000,333.369913239,FULL_DRAIN,AnyLogic,8.9.9.202607020720,NOT_CALIBRATED,COMPARATIVE_WHAT_IF_ONLY,PENDING_VALIDATION,COMPLETE
1.0,OP_CONFIRM_EXACT95_LOW_REFERENCE_ASSUMPTION_SANDBOX_V1,32b9044b5bbd75968a07e8c7fc390d8c3419cadcce37bf0965896dd768445e2b,TASK3_OPERATIONAL_POOLED_V1,REFERENCE_ASSUMPTION_SANDBOX_V1,REFERENCE,REFERENCE_ASSUMPTION_SANDBOX_V1,LOCAL_WINDOW_HPP_EXACT95_LOW,19,202607290000,202608290191,202608290192,202608290193,202608290194,EMPTY_AND_IDLE,HPP,300.000000000,334.345704763,FULL_DRAIN,AnyLogic,8.9.9.202607020720,NOT_CALIBRATED,COMPARATIVE_WHAT_IF_ONLY,PENDING_VALIDATION,COMPLETE
1.0,OP_CONFIRM_EXACT95_LOW_REFERENCE_ASSUMPTION_SANDBOX_V1,32b9044b5bbd75968a07e8c7fc390d8c3419cadcce37bf0965896dd768445e2b,TASK3_OPERATIONAL_POOLED_V1,REFERENCE_ASSUMPTION_SANDBOX_V1,REFERENCE,REFERENCE_ASSUMPTION_SANDBOX_V1,LOCAL_WINDOW_HPP_EXACT95_LOW,20,202607290000,202608290201,202608290202,202608290203,202608290204,EMPTY_AND_IDLE,HPP,300.000000000,333.059981036,FULL_DRAIN,AnyLogic,8.9.9.202607020720,NOT_CALIBRATED,COMPARATIVE_WHAT_IF_ONLY,PENDING_VALIDATION,COMPLETE
1.0,OP_CONFIRM_EXACT95_LOW_REFERENCE_ASSUMPTION_SANDBOX_V1,32b9044b5bbd75968a07e8c7fc390d8c3419cadcce37bf0965896dd768445e2b,TASK3_OPERATIONAL_POOLED_V1,REFERENCE_ASSUMPTION_SANDBOX_V1,REFERENCE,REFERENCE_ASSUMPTION_SANDBOX_V1,LOCAL_WINDOW_HPP_EXACT95_LOW,21,202607290000,202608290211,202608290212,202608290213,202608290214,EMPTY_AND_IDLE,HPP,300.000000000,334.383882730,FULL_DRAIN,AnyLogic,8.9.9.202607020720,NOT_CALIBRATED,COMPARATIVE_WHAT_IF_ONLY,PENDING_VALIDATION,COMPLETE
1.0,OP_CONFIRM_EXACT95_LOW_REFERENCE_ASSUMPTION_SANDBOX_V1,32b9044b5bbd75968a07e8c7fc390d8c3419cadcce37bf0965896dd768445e2b,TASK3_OPERATIONAL_POOLED_V1,REFERENCE_ASSUMPTION_SANDBOX_V1,REFERENCE,REFERENCE_ASSUMPTION_SANDBOX_V1,LOCAL_WINDOW_HPP_EXACT95_LOW,22,202607290000,202608290221,202608290222,202608290223,202608290224,EMPTY_AND_IDLE,HPP,300.000000000,334.375348407,FULL_DRAIN,AnyLogic,8.9.9.202607020720,NOT_CALIBRATED,COMPARATIVE_WHAT_IF_ONLY,PENDING_VALIDATION,COMPLETE
1.0,OP_CONFIRM_EXACT95_LOW_REFERENCE_ASSUMPTION_SANDBOX_V1,32b9044b5bbd75968a07e8c7fc390d8c3419cadcce37bf0965896dd768445e2b,TASK3_OPERATIONAL_POOLED_V1,REFERENCE_ASSUMPTION_SANDBOX_V1,REFERENCE,REFERENCE_ASSUMPTION_SANDBOX_V1,LOCAL_WINDOW_HPP_EXACT95_LOW,23,202607290000,202608290231,202608290232,202608290233,202608290234,EMPTY_AND_IDLE,HPP,300.000000000,333.884950245,FULL_DRAIN,AnyLogic,8.9.9.202607020720,NOT_CALIBRATED,COMPARATIVE_WHAT_IF_ONLY,PENDING_VALIDATION,COMPLETE
1.0,OP_CONFIRM_EXACT95_LOW_REFERENCE_ASSUMPTION_SANDBOX_V1,32b9044b5bbd75968a07e8c7fc390d8c3419cadcce37bf0965896dd768445e2b,TASK3_OPERATIONAL_POOLED_V1,REFERENCE_ASSUMPTION_SANDBOX_V1,REFERENCE,REFERENCE_ASSUMPTION_SANDBOX_V1,LOCAL_WINDOW_HPP_EXACT95_LOW,24,202607290000,202608290241,202608290242,202608290243,202608290244,EMPTY_AND_IDLE,HPP,300.000000000,334.544159448,FULL_DRAIN,AnyLogic,8.9.9.202607020720,NOT_CALIBRATED,COMPARATIVE_WHAT_IF_ONLY,PENDING_VALIDATION,COMPLETE
1.0,OP_CONFIRM_EXACT95_LOW_REFERENCE_ASSUMPTION_SANDBOX_V1,32b9044b5bbd75968a07e8c7fc390d8c3419cadcce37bf0965896dd768445e2b,TASK3_OPERATIONAL_POOLED_V1,REFERENCE_ASSUMPTION_SANDBOX_V1,REFERENCE,REFERENCE_ASSUMPTION_SANDBOX_V1,LOCAL_WINDOW_HPP_EXACT95_LOW,25,202607290000,202608290251,202608290252,202608290253,202608290254,EMPTY_AND_IDLE,HPP,300.000000000,333.803665910,FULL_DRAIN,AnyLogic,8.9.9.202607020720,NOT_CALIBRATED,COMPARATIVE_WHAT_IF_ONLY,PENDING_VALIDATION,COMPLETE
1.0,OP_CONFIRM_EXACT95_LOW_REFERENCE_ASSUMPTION_SANDBOX_V1,32b9044b5bbd75968a07e8c7fc390d8c3419cadcce37bf0965896dd768445e2b,TASK3_OPERATIONAL_POOLED_V1,REFERENCE_ASSUMPTION_SANDBOX_V1,REFERENCE,REFERENCE_ASSUMPTION_SANDBOX_V1,LOCAL_WINDOW_HPP_EXACT95_LOW,26,202607290000,202608290261,202608290262,202608290263,202608290264,EMPTY_AND_IDLE,HPP,300.000000000,334.692628558,FULL_DRAIN,AnyLogic,8.9.9.202607020720,NOT_CALIBRATED,COMPARATIVE_WHAT_IF_ONLY,PENDING_VALIDATION,COMPLETE
1.0,OP_CONFIRM_EXACT95_LOW_REFERENCE_ASSUMPTION_SANDBOX_V1,32b9044b5bbd75968a07e8c7fc390d8c3419cadcce37bf0965896dd768445e2b,TASK3_OPERATIONAL_POOLED_V1,REFERENCE_ASSUMPTION_SANDBOX_V1,REFERENCE,REFERENCE_ASSUMPTION_SANDBOX_V1,LOCAL_WINDOW_HPP_EXACT95_LOW,27,202607290000,202608290271,202608290272,202608290273,202608290274,EMPTY_AND_IDLE,HPP,300.000000000,332.497741530,FULL_DRAIN,AnyLogic,8.9.9.202607020720,NOT_CALIBRATED,COMPARATIVE_WHAT_IF_ONLY,PENDING_VALIDATION,COMPLETE
1.0,OP_CONFIRM_EXACT95_LOW_REFERENCE_ASSUMPTION_SANDBOX_V1,32b9044b5bbd75968a07e8c7fc390d8c3419cadcce37bf0965896dd768445e2b,TASK3_OPERATIONAL_POOLED_V1,REFERENCE_ASSUMPTION_SANDBOX_V1,REFERENCE,REFERENCE_ASSUMPTION_SANDBOX_V1,LOCAL_WINDOW_HPP_EXACT95_LOW,28,202607290000,202608290281,202608290282,202608290283,202608290284,EMPTY_AND_IDLE,HPP,300.000000000,334.557393197,FULL_DRAIN,AnyLogic,8.9.9.202607020720,NOT_CALIBRATED,COMPARATIVE_WHAT_IF_ONLY,PENDING_VALIDATION,COMPLETE
1.0,OP_CONFIRM_EXACT95_LOW_REFERENCE_ASSUMPTION_SANDBOX_V1,32b9044b5bbd75968a07e8c7fc390d8c3419cadcce37bf0965896dd768445e2b,TASK3_OPERATIONAL_POOLED_V1,REFERENCE_ASSUMPTION_SANDBOX_V1,REFERENCE,REFERENCE_ASSUMPTION_SANDBOX_V1,LOCAL_WINDOW_HPP_EXACT95_LOW,29,202607290000,202608290291,202608290292,202608290293,202608290294,EMPTY_AND_IDLE,HPP,300.000000000,334.055309304,FULL_DRAIN,AnyLogic,8.9.9.202607020720,NOT_CALIBRATED,COMPARATIVE_WHAT_IF_ONLY,PENDING_VALIDATION,COMPLETE
1.0,OP_CONFIRM_EXACT95_LOW_REFERENCE_ASSUMPTION_SANDBOX_V1,32b9044b5bbd75968a07e8c7fc390d8c3419cadcce37bf0965896dd768445e2b,TASK3_OPERATIONAL_POOLED_V1,REFERENCE_ASSUMPTION_SANDBOX_V1,REFERENCE,REFERENCE_ASSUMPTION_SANDBOX_V1,LOCAL_WINDOW_HPP_EXACT95_LOW,30,202607290000,202608290301,202608290302,202608290303,202608290304,EMPTY_AND_IDLE,HPP,300.000000000,333.547081962,FULL_DRAIN,AnyLogic,8.9.9.202607020720,NOT_CALIBRATED,COMPARATIVE_WHAT_IF_ONLY,PENDING_VALIDATION,COMPLETE
1.0,OP_CONFIRM_EXACT95_LOW_REFERENCE_ASSUMPTION_SANDBOX_V1,32b9044b5bbd75968a07e8c7fc390d8c3419cadcce37bf0965896dd768445e2b,TASK3_OPERATIONAL_POOLED_V1,REFERENCE_ASSUMPTION_SANDBOX_V1,REFERENCE,REFERENCE_ASSUMPTION_SANDBOX_V1,LOCAL_WINDOW_HPP_EXACT95_LOW,31,202607290000,202608290311,202608290312,202608290313,202608290314,EMPTY_AND_IDLE,HPP,300.000000000,332.500307393,FULL_DRAIN,AnyLogic,8.9.9.202607020720,NOT_CALIBRATED,COMPARATIVE_WHAT_IF_ONLY,PENDING_VALIDATION,COMPLETE
1.0,OP_CONFIRM_EXACT95_LOW_REFERENCE_ASSUMPTION_SANDBOX_V1,32b9044b5bbd75968a07e8c7fc390d8c3419cadcce37bf0965896dd768445e2b,TASK3_OPERATIONAL_POOLED_V1,REFERENCE_ASSUMPTION_SANDBOX_V1,REFERENCE,REFERENCE_ASSUMPTION_SANDBOX_V1,LOCAL_WINDOW_HPP_EXACT95_LOW,32,202607290000,202608290321,202608290322,202608290323,202608290324,EMPTY_AND_IDLE,HPP,300.000000000,333.258766840,FULL_DRAIN,AnyLogic,8.9.9.202607020720,NOT_CALIBRATED,COMPARATIVE_WHAT_IF_ONLY,PENDING_VALIDATION,COMPLETE
1.0,OP_CONFIRM_EXACT95_LOW_REFERENCE_ASSUMPTION_SANDBOX_V1,32b9044b5bbd75968a07e8c7fc390d8c3419cadcce37bf0965896dd768445e2b,TASK3_OPERATIONAL_POOLED_V1,REFERENCE_ASSUMPTION_SANDBOX_V1,REFERENCE,REFERENCE_ASSUMPTION_SANDBOX_V1,LOCAL_WINDOW_HPP_EXACT95_LOW,33,202607290000,202608290331,202608290332,202608290333,202608290334,EMPTY_AND_IDLE,HPP,300.000000000,333.353517328,FULL_DRAIN,AnyLogic,8.9.9.202607020720,NOT_CALIBRATED,COMPARATIVE_WHAT_IF_ONLY,PENDING_VALIDATION,COMPLETE
1.0,OP_CONFIRM_EXACT95_LOW_REFERENCE_ASSUMPTION_SANDBOX_V1,32b9044b5bbd75968a07e8c7fc390d8c3419cadcce37bf0965896dd768445e2b,TASK3_OPERATIONAL_POOLED_V1,REFERENCE_ASSUMPTION_SANDBOX_V1,REFERENCE,REFERENCE_ASSUMPTION_SANDBOX_V1,LOCAL_WINDOW_HPP_EXACT95_LOW,34,202607290000,202608290341,202608290342,202608290343,202608290344,EMPTY_AND_IDLE,HPP,300.000000000,333.918653247,FULL_DRAIN,AnyLogic,8.9.9.202607020720,NOT_CALIBRATED,COMPARATIVE_WHAT_IF_ONLY,PENDING_VALIDATION,COMPLETE
1.0,OP_CONFIRM_EXACT95_LOW_REFERENCE_ASSUMPTION_SANDBOX_V1,32b9044b5bbd75968a07e8c7fc390d8c3419cadcce37bf0965896dd768445e2b,TASK3_OPERATIONAL_POOLED_V1,REFERENCE_ASSUMPTION_SANDBOX_V1,REFERENCE,REFERENCE_ASSUMPTION_SANDBOX_V1,LOCAL_WINDOW_HPP_EXACT95_LOW,35,202607290000,202608290351,202608290352,202608290353,202608290354,EMPTY_AND_IDLE,HPP,300.000000000,334.031797309,FULL_DRAIN,AnyLogic,8.9.9.202607020720,NOT_CALIBRATED,COMPARATIVE_WHAT_IF_ONLY,PENDING_VALIDATION,COMPLETE
1.0,OP_CONFIRM_EXACT95_LOW_REFERENCE_ASSUMPTION_SANDBOX_V1,32b9044b5bbd75968a07e8c7fc390d8c3419cadcce37bf0965896dd768445e2b,TASK3_OPERATIONAL_POOLED_V1,REFERENCE_ASSUMPTION_SANDBOX_V1,REFERENCE,REFERENCE_ASSUMPTION_SANDBOX_V1,LOCAL_WINDOW_HPP_EXACT95_LOW,36,202607290000,202608290361,202608290362,202608290363,202608290364,EMPTY_AND_IDLE,HPP,300.000000000,334.046219248,FULL_DRAIN,AnyLogic,8.9.9.202607020720,NOT_CALIBRATED,COMPARATIVE_WHAT_IF_ONLY,PENDING_VALIDATION,COMPLETE
1.0,OP_CONFIRM_EXACT95_LOW_REFERENCE_ASSUMPTION_SANDBOX_V1,32b9044b5bbd75968a07e8c7fc390d8c3419cadcce37bf0965896dd768445e2b,TASK3_OPERATIONAL_POOLED_V1,REFERENCE_ASSUMPTION_SANDBOX_V1,REFERENCE,REFERENCE_ASSUMPTION_SANDBOX_V1,LOCAL_WINDOW_HPP_EXACT95_LOW,37,202607290000,202608290371,202608290372,202608290373,202608290374,EMPTY_AND_IDLE,HPP,300.000000000,334.078766339,FULL_DRAIN,AnyLogic,8.9.9.202607020720,NOT_CALIBRATED,COMPARATIVE_WHAT_IF_ONLY,PENDING_VALIDATION,COMPLETE
1.0,OP_CONFIRM_EXACT95_LOW_REFERENCE_ASSUMPTION_SANDBOX_V1,32b9044b5bbd75968a07e8c7fc390d8c3419cadcce37bf0965896dd768445e2b,TASK3_OPERATIONAL_POOLED_V1,REFERENCE_ASSUMPTION_SANDBOX_V1,REFERENCE,REFERENCE_ASSUMPTION_SANDBOX_V1,LOCAL_WINDOW_HPP_EXACT95_LOW,38,202607290000,202608290381,202608290382,202608290383,202608290384,EMPTY_AND_IDLE,HPP,300.000000000,333.973818889,FULL_DRAIN,AnyLogic,8.9.9.202607020720,NOT_CALIBRATED,COMPARATIVE_WHAT_IF_ONLY,PENDING_VALIDATION,COMPLETE
1.0,OP_CONFIRM_EXACT95_LOW_REFERENCE_ASSUMPTION_SANDBOX_V1,32b9044b5bbd75968a07e8c7fc390d8c3419cadcce37bf0965896dd768445e2b,TASK3_OPERATIONAL_POOLED_V1,REFERENCE_ASSUMPTION_SANDBOX_V1,REFERENCE,REFERENCE_ASSUMPTION_SANDBOX_V1,LOCAL_WINDOW_HPP_EXACT95_LOW,39,202607290000,202608290391,202608290392,202608290393,202608290394,EMPTY_AND_IDLE,HPP,300.000000000,333.227369168,FULL_DRAIN,AnyLogic,8.9.9.202607020720,NOT_CALIBRATED,COMPARATIVE_WHAT_IF_ONLY,PENDING_VALIDATION,COMPLETE
1.0,OP_CONFIRM_EXACT95_LOW_REFERENCE_ASSUMPTION_SANDBOX_V1,32b9044b5bbd75968a07e8c7fc390d8c3419cadcce37bf0965896dd768445e2b,TASK3_OPERATIONAL_POOLED_V1,REFERENCE_ASSUMPTION_SANDBOX_V1,REFERENCE,REFERENCE_ASSUMPTION_SANDBOX_V1,LOCAL_WINDOW_HPP_EXACT95_LOW,40,202607290000,202608290401,202608290402,202608290403,202608290404,EMPTY_AND_IDLE,HPP,300.000000000,334.470914622,FULL_DRAIN,AnyLogic,8.9.9.202607020720,NOT_CALIBRATED,COMPARATIVE_WHAT_IF_ONLY,PENDING_VALIDATION,COMPLETE
1.0,OP_CONFIRM_EXACT95_LOW_REFERENCE_ASSUMPTION_SANDBOX_V1,32b9044b5bbd75968a07e8c7fc390d8c3419cadcce37bf0965896dd768445e2b,TASK3_OPERATIONAL_POOLED_V1,REFERENCE_ASSUMPTION_SANDBOX_V1,REFERENCE,REFERENCE_ASSUMPTION_SANDBOX_V1,LOCAL_WINDOW_HPP_EXACT95_LOW,41,202607290000,202608290411,202608290412,202608290413,202608290414,EMPTY_AND_IDLE,HPP,300.000000000,334.039386969,FULL_DRAIN,AnyLogic,8.9.9.202607020720,NOT_CALIBRATED,COMPARATIVE_WHAT_IF_ONLY,PENDING_VALIDATION,COMPLETE
1.0,OP_CONFIRM_EXACT95_LOW_REFERENCE_ASSUMPTION_SANDBOX_V1,32b9044b5bbd75968a07e8c7fc390d8c3419cadcce37bf0965896dd768445e2b,TASK3_OPERATIONAL_POOLED_V1,REFERENCE_ASSUMPTION_SANDBOX_V1,REFERENCE,REFERENCE_ASSUMPTION_SANDBOX_V1,LOCAL_WINDOW_HPP_EXACT95_LOW,42,202607290000,202608290421,202608290422,202608290423,202608290424,EMPTY_AND_IDLE,HPP,300.000000000,334.117691289,FULL_DRAIN,AnyLogic,8.9.9.202607020720,NOT_CALIBRATED,COMPARATIVE_WHAT_IF_ONLY,PENDING_VALIDATION,COMPLETE
1.0,OP_CONFIRM_EXACT95_LOW_REFERENCE_ASSUMPTION_SANDBOX_V1,32b9044b5bbd75968a07e8c7fc390d8c3419cadcce37bf0965896dd768445e2b,TASK3_OPERATIONAL_POOLED_V1,REFERENCE_ASSUMPTION_SANDBOX_V1,REFERENCE,REFERENCE_ASSUMPTION_SANDBOX_V1,LOCAL_WINDOW_HPP_EXACT95_LOW,43,202607290000,202608290431,202608290432,202608290433,202608290434,EMPTY_AND_IDLE,HPP,300.000000000,334.595220486,FULL_DRAIN,AnyLogic,8.9.9.202607020720,NOT_CALIBRATED,COMPARATIVE_WHAT_IF_ONLY,PENDING_VALIDATION,COMPLETE
1.0,OP_CONFIRM_EXACT95_LOW_REFERENCE_ASSUMPTION_SANDBOX_V1,32b9044b5bbd75968a07e8c7fc390d8c3419cadcce37bf0965896dd768445e2b,TASK3_OPERATIONAL_POOLED_V1,REFERENCE_ASSUMPTION_SANDBOX_V1,REFERENCE,REFERENCE_ASSUMPTION_SANDBOX_V1,LOCAL_WINDOW_HPP_EXACT95_LOW,44,202607290000,202608290441,202608290442,202608290443,202608290444,EMPTY_AND_IDLE,HPP,300.000000000,333.612131684,FULL_DRAIN,AnyLogic,8.9.9.202607020720,NOT_CALIBRATED,COMPARATIVE_WHAT_IF_ONLY,PENDING_VALIDATION,COMPLETE
1.0,OP_CONFIRM_EXACT95_LOW_REFERENCE_ASSUMPTION_SANDBOX_V1,32b9044b5bbd75968a07e8c7fc390d8c3419cadcce37bf0965896dd768445e2b,TASK3_OPERATIONAL_POOLED_V1,REFERENCE_ASSUMPTION_SANDBOX_V1,REFERENCE,REFERENCE_ASSUMPTION_SANDBOX_V1,LOCAL_WINDOW_HPP_EXACT95_LOW,45,202607290000,202608290451,202608290452,202608290453,202608290454,EMPTY_AND_IDLE,HPP,300.000000000,332.705388082,FULL_DRAIN,AnyLogic,8.9.9.202607020720,NOT_CALIBRATED,COMPARATIVE_WHAT_IF_ONLY,PENDING_VALIDATION,COMPLETE
1.0,OP_CONFIRM_EXACT95_LOW_REFERENCE_ASSUMPTION_SANDBOX_V1,32b9044b5bbd75968a07e8c7fc390d8c3419cadcce37bf0965896dd768445e2b,TASK3_OPERATIONAL_POOLED_V1,REFERENCE_ASSUMPTION_SANDBOX_V1,REFERENCE,REFERENCE_ASSUMPTION_SANDBOX_V1,LOCAL_WINDOW_HPP_EXACT95_LOW,46,202607290000,202608290461,202608290462,202608290463,202608290464,EMPTY_AND_IDLE,HPP,300.000000000,334.547763371,FULL_DRAIN,AnyLogic,8.9.9.202607020720,NOT_CALIBRATED,COMPARATIVE_WHAT_IF_ONLY,PENDING_VALIDATION,COMPLETE
1.0,OP_CONFIRM_EXACT95_LOW_REFERENCE_ASSUMPTION_SANDBOX_V1,32b9044b5bbd75968a07e8c7fc390d8c3419cadcce37bf0965896dd768445e2b,TASK3_OPERATIONAL_POOLED_V1,REFERENCE_ASSUMPTION_SANDBOX_V1,REFERENCE,REFERENCE_ASSUMPTION_SANDBOX_V1,LOCAL_WINDOW_HPP_EXACT95_LOW,47,202607290000,202608290471,202608290472,202608290473,202608290474,EMPTY_AND_IDLE,HPP,300.000000000,329.184016045,FULL_DRAIN,AnyLogic,8.9.9.202607020720,NOT_CALIBRATED,COMPARATIVE_WHAT_IF_ONLY,PENDING_VALIDATION,COMPLETE
1.0,OP_CONFIRM_EXACT95_LOW_REFERENCE_ASSUMPTION_SANDBOX_V1,32b9044b5bbd75968a07e8c7fc390d8c3419cadcce37bf0965896dd768445e2b,TASK3_OPERATIONAL_POOLED_V1,REFERENCE_ASSUMPTION_SANDBOX_V1,REFERENCE,REFERENCE_ASSUMPTION_SANDBOX_V1,LOCAL_WINDOW_HPP_EXACT95_LOW,48,202607290000,202608290481,202608290482,202608290483,202608290484,EMPTY_AND_IDLE,HPP,300.000000000,334.462782154,FULL_DRAIN,AnyLogic,8.9.9.202607020720,NOT_CALIBRATED,COMPARATIVE_WHAT_IF_ONLY,PENDING_VALIDATION,COMPLETE
1.0,OP_CONFIRM_EXACT95_LOW_REFERENCE_ASSUMPTION_SANDBOX_V1,32b9044b5bbd75968a07e8c7fc390d8c3419cadcce37bf0965896dd768445e2b,TASK3_OPERATIONAL_POOLED_V1,REFERENCE_ASSUMPTION_SANDBOX_V1,REFERENCE,REFERENCE_ASSUMPTION_SANDBOX_V1,LOCAL_WINDOW_HPP_EXACT95_LOW,49,202607290000,202608290491,202608290492,202608290493,202608290494,EMPTY_AND_IDLE,HPP,300.000000000,330.242669127,FULL_DRAIN,AnyLogic,8.9.9.202607020720,NOT_CALIBRATED,COMPARATIVE_WHAT_IF_ONLY,PENDING_VALIDATION,COMPLETE
1.0,OP_CONFIRM_EXACT95_LOW_REFERENCE_ASSUMPTION_SANDBOX_V1,32b9044b5bbd75968a07e8c7fc390d8c3419cadcce37bf0965896dd768445e2b,TASK3_OPERATIONAL_POOLED_V1,REFERENCE_ASSUMPTION_SANDBOX_V1,REFERENCE,REFERENCE_ASSUMPTION_SANDBOX_V1,LOCAL_WINDOW_HPP_EXACT95_LOW,50,202607290000,202608290501,202608290502,202608290503,202608290504,EMPTY_AND_IDLE,HPP,300.000000000,334.204179571,FULL_DRAIN,AnyLogic,8.9.9.202607020720,NOT_CALIBRATED,COMPARATIVE_WHAT_IF_ONLY,PENDING_VALIDATION,COMPLETE
