schema_version,study_id,axis,fixed_security_capacity,fixed_immigration_capacity,higher_capacity,lower_capacity,higher_scenario_id,lower_scenario_id,metric,contrast,n_pairs,mean_penalty,standard_deviation,standard_error,ci_level,ci_low,ci_high,crn_alignment_status,analysis_role
1.0,TASK3_CAPACITY_RESPONSE_SURFACE_EXPLORATORY_V1,SECURITY,,21,36,35,CAPACITY_RESPONSE_S36_I21,CAPACITY_RESPONSE_S35_I21,total_queue_wait_p95_seconds,LOWER_CAPACITY_MINUS_HIGHER_CAPACITY,50,0.29101293706,0.276502849833,0.0391034080269,0.95,0.212431696602,0.369594177518,PASS,EXPLORATORY_SENSITIVITY_NOT_CONFIRMATORY
1.0,TASK3_CAPACITY_RESPONSE_SURFACE_EXPLORATORY_V1,SECURITY,,21,36,35,CAPACITY_RESPONSE_S36_I21,CAPACITY_RESPONSE_S35_I21,total_queue_wait_mean_seconds,LOWER_CAPACITY_MINUS_HIGHER_CAPACITY,50,0.0910782995,0.0832741361929,0.0117767412799,0.95,0.0674120518499,0.11474454715,PASS,EXPLORATORY_SENSITIVITY_NOT_CONFIRMATORY
1.0,TASK3_CAPACITY_RESPONSE_SURFACE_EXPLORATORY_V1,SECURITY,,21,36,35,CAPACITY_RESPONSE_S36_I21,CAPACITY_RESPONSE_S35_I21,peak_total_waiting_queue,LOWER_CAPACITY_MINUS_HIGHER_CAPACITY,50,0.7,0.580288457474,0.0820651806648,0.95,0.535083845105,0.864916154895,PASS,EXPLORATORY_SENSITIVITY_NOT_CONFIRMATORY
1.0,TASK3_CAPACITY_RESPONSE_SURFACE_EXPLORATORY_V1,SECURITY,,21,36,35,CAPACITY_RESPONSE_S36_I21,CAPACITY_RESPONSE_S35_I21,time_weighted_mean_total_waiting_queue,LOWER_CAPACITY_MINUS_HIGHER_CAPACITY,50,0.140209965985,0.134136263755,0.0189697323409,0.95,0.102088861618,0.178331070353,PASS,EXPLORATORY_SENSITIVITY_NOT_CONFIRMATORY
1.0,TASK3_CAPACITY_RESPONSE_SURFACE_EXPLORATORY_V1,SECURITY,,21,36,35,CAPACITY_RESPONSE_S36_I21,CAPACITY_RESPONSE_S35_I21,cutoff_backlog,LOWER_CAPACITY_MINUS_HIGHER_CAPACITY,50,0.2,0.494871659305,0.0699854212224,0.95,0.0593590305515,0.340640969449,PASS,EXPLORATORY_SENSITIVITY_NOT_CONFIRMATORY
1.0,TASK3_CAPACITY_RESPONSE_SURFACE_EXPLORATORY_V1,SECURITY,,21,36,35,CAPACITY_RESPONSE_S36_I21,CAPACITY_RESPONSE_S35_I21,cohort_clear_time_after_cutoff_seconds,LOWER_CAPACITY_MINUS_HIGHER_CAPACITY,50,0.10628217722,0.404486018346,0.0572029612935,0.95,-0.00867147728593,0.221235831726,PASS,EXPLORATORY_SENSITIVITY_NOT_CONFIRMATORY
1.0,TASK3_CAPACITY_RESPONSE_SURFACE_EXPLORATORY_V1,SECURITY,,21,36,35,CAPACITY_RESPONSE_S36_I21,CAPACITY_RESPONSE_S35_I21,security_wait_p95_seconds,LOWER_CAPACITY_MINUS_HIGHER_CAPACITY,50,0.80939368966,0.389667058801,0.0551072439367,0.95,0.698651536858,0.920135842462,PASS,EXPLORATORY_SENSITIVITY_NOT_CONFIRMATORY
1.0,TASK3_CAPACITY_RESPONSE_SURFACE_EXPLORATORY_V1,SECURITY,,21,36,35,CAPACITY_RESPONSE_S36_I21,CAPACITY_RESPONSE_S35_I21,immigration_wait_p95_seconds,LOWER_CAPACITY_MINUS_HIGHER_CAPACITY,50,-0.30344742716,0.249348136191,0.0352631515954,0.95,-0.374311383389,-0.232583470931,PASS,EXPLORATORY_SENSITIVITY_NOT_CONFIRMATORY
1.0,TASK3_CAPACITY_RESPONSE_SURFACE_EXPLORATORY_V1,SECURITY,,21,35,34,CAPACITY_RESPONSE_S35_I21,CAPACITY_RESPONSE_S34_I21,total_queue_wait_p95_seconds,LOWER_CAPACITY_MINUS_HIGHER_CAPACITY,50,0.55659931824,0.411640042733,0.0582146931248,0.95,0.439612512499,0.673586123981,PASS,EXPLORATORY_SENSITIVITY_NOT_CONFIRMATORY
1.0,TASK3_CAPACITY_RESPONSE_SURFACE_EXPLORATORY_V1,SECURITY,,21,35,34,CAPACITY_RESPONSE_S35_I21,CAPACITY_RESPONSE_S34_I21,total_queue_wait_mean_seconds,LOWER_CAPACITY_MINUS_HIGHER_CAPACITY,50,0.20450446448,0.230751868333,0.032633242174,0.95,0.1389255091,0.27008341986,PASS,EXPLORATORY_SENSITIVITY_NOT_CONFIRMATORY
1.0,TASK3_CAPACITY_RESPONSE_SURFACE_EXPLORATORY_V1,SECURITY,,21,35,34,CAPACITY_RESPONSE_S35_I21,CAPACITY_RESPONSE_S34_I21,peak_total_waiting_queue,LOWER_CAPACITY_MINUS_HIGHER_CAPACITY,50,1.16,0.765586343256,0.10827025898,0.95,0.942422768636,1.37757723136,PASS,EXPLORATORY_SENSITIVITY_NOT_CONFIRMATORY
1.0,TASK3_CAPACITY_RESPONSE_SURFACE_EXPLORATORY_V1,SECURITY,,21,35,34,CAPACITY_RESPONSE_S35_I21,CAPACITY_RESPONSE_S34_I21,time_weighted_mean_total_waiting_queue,LOWER_CAPACITY_MINUS_HIGHER_CAPACITY,50,0.300528698832,0.354251863804,0.0500987790288,0.95,0.199851433085,0.401205964579,PASS,EXPLORATORY_SENSITIVITY_NOT_CONFIRMATORY
1.0,TASK3_CAPACITY_RESPONSE_SURFACE_EXPLORATORY_V1,SECURITY,,21,35,34,CAPACITY_RESPONSE_S35_I21,CAPACITY_RESPONSE_S34_I21,cutoff_backlog,LOWER_CAPACITY_MINUS_HIGHER_CAPACITY,50,0.38,0.805339325112,0.113892179589,0.95,0.151125096196,0.608874903804,PASS,EXPLORATORY_SENSITIVITY_NOT_CONFIRMATORY
1.0,TASK3_CAPACITY_RESPONSE_SURFACE_EXPLORATORY_V1,SECURITY,,21,35,34,CAPACITY_RESPONSE_S35_I21,CAPACITY_RESPONSE_S34_I21,cohort_clear_time_after_cutoff_seconds,LOWER_CAPACITY_MINUS_HIGHER_CAPACITY,50,0.36116366712,0.615811625421,0.0870889152537,0.95,0.186151939598,0.536175394642,PASS,EXPLORATORY_SENSITIVITY_NOT_CONFIRMATORY
1.0,TASK3_CAPACITY_RESPONSE_SURFACE_EXPLORATORY_V1,SECURITY,,21,35,34,CAPACITY_RESPONSE_S35_I21,CAPACITY_RESPONSE_S34_I21,security_wait_p95_seconds,LOWER_CAPACITY_MINUS_HIGHER_CAPACITY,50,0.95226825266,0.589747206013,0.0834028497115,0.95,0.784663951174,1.11987255415,PASS,EXPLORATORY_SENSITIVITY_NOT_CONFIRMATORY
1.0,TASK3_CAPACITY_RESPONSE_SURFACE_EXPLORATORY_V1,SECURITY,,21,35,34,CAPACITY_RESPONSE_S35_I21,CAPACITY_RESPONSE_S34_I21,immigration_wait_p95_seconds,LOWER_CAPACITY_MINUS_HIGHER_CAPACITY,50,-0.29595505664,0.26283702261,0.0371707682069,0.95,-0.370652511974,-0.221257601306,PASS,EXPLORATORY_SENSITIVITY_NOT_CONFIRMATORY
1.0,TASK3_CAPACITY_RESPONSE_SURFACE_EXPLORATORY_V1,SECURITY,,21,34,33,CAPACITY_RESPONSE_S34_I21,CAPACITY_RESPONSE_S33_I21,total_queue_wait_p95_seconds,LOWER_CAPACITY_MINUS_HIGHER_CAPACITY,50,0.92501687138,0.753530252784,0.106565270315,0.95,0.710865943018,1.13916779974,PASS,EXPLORATORY_SENSITIVITY_NOT_CONFIRMATORY
1.0,TASK3_CAPACITY_RESPONSE_SURFACE_EXPLORATORY_V1,SECURITY,,21,34,33,CAPACITY_RESPONSE_S34_I21,CAPACITY_RESPONSE_S33_I21,total_queue_wait_mean_seconds,LOWER_CAPACITY_MINUS_HIGHER_CAPACITY,50,0.38345736916,0.438383932636,0.061996850306,0.95,0.258870034005,0.508044704315,PASS,EXPLORATORY_SENSITIVITY_NOT_CONFIRMATORY
1.0,TASK3_CAPACITY_RESPONSE_SURFACE_EXPLORATORY_V1,SECURITY,,21,34,33,CAPACITY_RESPONSE_S34_I21,CAPACITY_RESPONSE_S33_I21,peak_total_waiting_queue,LOWER_CAPACITY_MINUS_HIGHER_CAPACITY,50,1.6,1.34011878852,0.189521416592,0.95,1.21914245431,1.98085754569,PASS,EXPLORATORY_SENSITIVITY_NOT_CONFIRMATORY
1.0,TASK3_CAPACITY_RESPONSE_SURFACE_EXPLORATORY_V1,SECURITY,,21,34,33,CAPACITY_RESPONSE_S34_I21,CAPACITY_RESPONSE_S33_I21,time_weighted_mean_total_waiting_queue,LOWER_CAPACITY_MINUS_HIGHER_CAPACITY,50,0.538310177524,0.626970331265,0.088666994568,0.95,0.360127180889,0.716493174158,PASS,EXPLORATORY_SENSITIVITY_NOT_CONFIRMATORY
1.0,TASK3_CAPACITY_RESPONSE_SURFACE_EXPLORATORY_V1,SECURITY,,21,34,33,CAPACITY_RESPONSE_S34_I21,CAPACITY_RESPONSE_S33_I21,cutoff_backlog,LOWER_CAPACITY_MINUS_HIGHER_CAPACITY,50,0.92,1.74776825625,0.247171757187,0.95,0.423289757439,1.41671024256,PASS,EXPLORATORY_SENSITIVITY_NOT_CONFIRMATORY
1.0,TASK3_CAPACITY_RESPONSE_SURFACE_EXPLORATORY_V1,SECURITY,,21,34,33,CAPACITY_RESPONSE_S34_I21,CAPACITY_RESPONSE_S33_I21,cohort_clear_time_after_cutoff_seconds,LOWER_CAPACITY_MINUS_HIGHER_CAPACITY,50,0.85504750986,1.54581488152,0.218611237036,0.95,0.415731781353,1.29436323837,PASS,EXPLORATORY_SENSITIVITY_NOT_CONFIRMATORY
1.0,TASK3_CAPACITY_RESPONSE_SURFACE_EXPLORATORY_V1,SECURITY,,21,34,33,CAPACITY_RESPONSE_S34_I21,CAPACITY_RESPONSE_S33_I21,security_wait_p95_seconds,LOWER_CAPACITY_MINUS_HIGHER_CAPACITY,50,1.2485991073,0.78915198579,0.111602944108,0.95,1.02432459443,1.47287362017,PASS,EXPLORATORY_SENSITIVITY_NOT_CONFIRMATORY
1.0,TASK3_CAPACITY_RESPONSE_SURFACE_EXPLORATORY_V1,SECURITY,,21,34,33,CAPACITY_RESPONSE_S34_I21,CAPACITY_RESPONSE_S33_I21,immigration_wait_p95_seconds,LOWER_CAPACITY_MINUS_HIGHER_CAPACITY,50,-0.3252853213,0.280334723593,0.0396453168109,0.95,-0.404955568231,-0.245615074369,PASS,EXPLORATORY_SENSITIVITY_NOT_CONFIRMATORY
1.0,TASK3_CAPACITY_RESPONSE_SURFACE_EXPLORATORY_V1,SECURITY,,21,33,32,CAPACITY_RESPONSE_S33_I21,CAPACITY_RESPONSE_S32_I21,total_queue_wait_p95_seconds,LOWER_CAPACITY_MINUS_HIGHER_CAPACITY,50,1.39264428294,1.0094160025,0.142752980082,0.95,1.10577142914,1.67951713674,PASS,EXPLORATORY_SENSITIVITY_NOT_CONFIRMATORY
1.0,TASK3_CAPACITY_RESPONSE_SURFACE_EXPLORATORY_V1,SECURITY,,21,33,32,CAPACITY_RESPONSE_S33_I21,CAPACITY_RESPONSE_S32_I21,total_queue_wait_mean_seconds,LOWER_CAPACITY_MINUS_HIGHER_CAPACITY,50,0.64980056378,0.615131432499,0.0869927214483,0.95,0.474982144947,0.824618982613,PASS,EXPLORATORY_SENSITIVITY_NOT_CONFIRMATORY
1.0,TASK3_CAPACITY_RESPONSE_SURFACE_EXPLORATORY_V1,SECURITY,,21,33,32,CAPACITY_RESPONSE_S33_I21,CAPACITY_RESPONSE_S32_I21,peak_total_waiting_queue,LOWER_CAPACITY_MINUS_HIGHER_CAPACITY,50,1.88,1.31924530064,0.186569459626,0.95,1.50507463393,2.25492536607,PASS,EXPLORATORY_SENSITIVITY_NOT_CONFIRMATORY
1.0,TASK3_CAPACITY_RESPONSE_SURFACE_EXPLORATORY_V1,SECURITY,,21,33,32,CAPACITY_RESPONSE_S33_I21,CAPACITY_RESPONSE_S32_I21,time_weighted_mean_total_waiting_queue,LOWER_CAPACITY_MINUS_HIGHER_CAPACITY,50,0.893822972213,0.877285242963,0.124066868867,0.95,0.64450126479,1.14314467964,PASS,EXPLORATORY_SENSITIVITY_NOT_CONFIRMATORY
1.0,TASK3_CAPACITY_RESPONSE_SURFACE_EXPLORATORY_V1,SECURITY,,21,33,32,CAPACITY_RESPONSE_S33_I21,CAPACITY_RESPONSE_S32_I21,cutoff_backlog,LOWER_CAPACITY_MINUS_HIGHER_CAPACITY,50,1.24,2.15292871243,0.304470098394,0.95,0.62814442982,1.85185557018,PASS,EXPLORATORY_SENSITIVITY_NOT_CONFIRMATORY
1.0,TASK3_CAPACITY_RESPONSE_SURFACE_EXPLORATORY_V1,SECURITY,,21,33,32,CAPACITY_RESPONSE_S33_I21,CAPACITY_RESPONSE_S32_I21,cohort_clear_time_after_cutoff_seconds,LOWER_CAPACITY_MINUS_HIGHER_CAPACITY,50,1.15917649634,1.61420835902,0.228283535383,0.95,0.700423556591,1.61792943609,PASS,EXPLORATORY_SENSITIVITY_NOT_CONFIRMATORY
1.0,TASK3_CAPACITY_RESPONSE_SURFACE_EXPLORATORY_V1,SECURITY,,21,33,32,CAPACITY_RESPONSE_S33_I21,CAPACITY_RESPONSE_S32_I21,security_wait_p95_seconds,LOWER_CAPACITY_MINUS_HIGHER_CAPACITY,50,1.56868896072,0.985450406578,0.139363733003,0.95,1.28862705392,1.84875086752,PASS,EXPLORATORY_SENSITIVITY_NOT_CONFIRMATORY
1.0,TASK3_CAPACITY_RESPONSE_SURFACE_EXPLORATORY_V1,SECURITY,,21,33,32,CAPACITY_RESPONSE_S33_I21,CAPACITY_RESPONSE_S32_I21,immigration_wait_p95_seconds,LOWER_CAPACITY_MINUS_HIGHER_CAPACITY,50,-0.34262880484,0.291818434021,0.0412693587143,0.95,-0.425562686164,-0.259694923516,PASS,EXPLORATORY_SENSITIVITY_NOT_CONFIRMATORY
1.0,TASK3_CAPACITY_RESPONSE_SURFACE_EXPLORATORY_V1,SECURITY,,21,32,31,CAPACITY_RESPONSE_S32_I21,CAPACITY_RESPONSE_S31_I21,total_queue_wait_p95_seconds,LOWER_CAPACITY_MINUS_HIGHER_CAPACITY,50,2.23799982338,1.52797106206,0.216087739888,0.95,1.80375525225,2.67224439451,PASS,EXPLORATORY_SENSITIVITY_NOT_CONFIRMATORY
1.0,TASK3_CAPACITY_RESPONSE_SURFACE_EXPLORATORY_V1,SECURITY,,21,32,31,CAPACITY_RESPONSE_S32_I21,CAPACITY_RESPONSE_S31_I21,total_queue_wait_mean_seconds,LOWER_CAPACITY_MINUS_HIGHER_CAPACITY,50,1.12368125034,0.976541633308,0.138103842205,0.95,0.846151188893,1.40121131179,PASS,EXPLORATORY_SENSITIVITY_NOT_CONFIRMATORY
1.0,TASK3_CAPACITY_RESPONSE_SURFACE_EXPLORATORY_V1,SECURITY,,21,32,31,CAPACITY_RESPONSE_S32_I21,CAPACITY_RESPONSE_S31_I21,peak_total_waiting_queue,LOWER_CAPACITY_MINUS_HIGHER_CAPACITY,50,2.94,2.23524641385,0.316111579371,0.95,2.30474999793,3.57525000207,PASS,EXPLORATORY_SENSITIVITY_NOT_CONFIRMATORY
1.0,TASK3_CAPACITY_RESPONSE_SURFACE_EXPLORATORY_V1,SECURITY,,21,32,31,CAPACITY_RESPONSE_S32_I21,CAPACITY_RESPONSE_S31_I21,time_weighted_mean_total_waiting_queue,LOWER_CAPACITY_MINUS_HIGHER_CAPACITY,50,1.51213815941,1.36106473585,0.192483620871,0.95,1.12532784136,1.89894847747,PASS,EXPLORATORY_SENSITIVITY_NOT_CONFIRMATORY
1.0,TASK3_CAPACITY_RESPONSE_SURFACE_EXPLORATORY_V1,SECURITY,,21,32,31,CAPACITY_RESPONSE_S32_I21,CAPACITY_RESPONSE_S31_I21,cutoff_backlog,LOWER_CAPACITY_MINUS_HIGHER_CAPACITY,50,2.42,3.14344150412,0.444549760765,0.95,1.5266438091,3.3133561909,PASS,EXPLORATORY_SENSITIVITY_NOT_CONFIRMATORY
1.0,TASK3_CAPACITY_RESPONSE_SURFACE_EXPLORATORY_V1,SECURITY,,21,32,31,CAPACITY_RESPONSE_S32_I21,CAPACITY_RESPONSE_S31_I21,cohort_clear_time_after_cutoff_seconds,LOWER_CAPACITY_MINUS_HIGHER_CAPACITY,50,2.36096482782,2.66434848682,0.376795776495,0.95,1.60376536592,3.11816428972,PASS,EXPLORATORY_SENSITIVITY_NOT_CONFIRMATORY
1.0,TASK3_CAPACITY_RESPONSE_SURFACE_EXPLORATORY_V1,SECURITY,,21,32,31,CAPACITY_RESPONSE_S32_I21,CAPACITY_RESPONSE_S31_I21,security_wait_p95_seconds,LOWER_CAPACITY_MINUS_HIGHER_CAPACITY,50,2.32603468422,1.4657736414,0.207291696303,0.95,1.90946642447,2.74260294397,PASS,EXPLORATORY_SENSITIVITY_NOT_CONFIRMATORY
1.0,TASK3_CAPACITY_RESPONSE_SURFACE_EXPLORATORY_V1,SECURITY,,21,32,31,CAPACITY_RESPONSE_S32_I21,CAPACITY_RESPONSE_S31_I21,immigration_wait_p95_seconds,LOWER_CAPACITY_MINUS_HIGHER_CAPACITY,50,-0.30980814554,0.350359829309,0.0495483622319,0.95,-0.409379307322,-0.210236983758,PASS,EXPLORATORY_SENSITIVITY_NOT_CONFIRMATORY
1.0,TASK3_CAPACITY_RESPONSE_SURFACE_EXPLORATORY_V1,SECURITY,,21,31,30,CAPACITY_RESPONSE_S31_I21,CAPACITY_RESPONSE_S30_I21,total_queue_wait_p95_seconds,LOWER_CAPACITY_MINUS_HIGHER_CAPACITY,50,3.27922313344,2.01868190207,0.285484732402,0.95,2.70552008463,3.85292618225,PASS,EXPLORATORY_SENSITIVITY_NOT_CONFIRMATORY
1.0,TASK3_CAPACITY_RESPONSE_SURFACE_EXPLORATORY_V1,SECURITY,,21,31,30,CAPACITY_RESPONSE_S31_I21,CAPACITY_RESPONSE_S30_I21,total_queue_wait_mean_seconds,LOWER_CAPACITY_MINUS_HIGHER_CAPACITY,50,1.80342588888,1.27916695047,0.180901524989,0.95,1.4398906639,2.16696111386,PASS,EXPLORATORY_SENSITIVITY_NOT_CONFIRMATORY
1.0,TASK3_CAPACITY_RESPONSE_SURFACE_EXPLORATORY_V1,SECURITY,,21,31,30,CAPACITY_RESPONSE_S31_I21,CAPACITY_RESPONSE_S30_I21,peak_total_waiting_queue,LOWER_CAPACITY_MINUS_HIGHER_CAPACITY,50,4.2,3.09706905553,0.437991706193,0.95,3.31982271317,5.08017728683,PASS,EXPLORATORY_SENSITIVITY_NOT_CONFIRMATORY
1.0,TASK3_CAPACITY_RESPONSE_SURFACE_EXPLORATORY_V1,SECURITY,,21,31,30,CAPACITY_RESPONSE_S31_I21,CAPACITY_RESPONSE_S30_I21,time_weighted_mean_total_waiting_queue,LOWER_CAPACITY_MINUS_HIGHER_CAPACITY,50,2.34739648806,1.70611120029,0.241280559837,0.95,1.86252504981,2.83226792631,PASS,EXPLORATORY_SENSITIVITY_NOT_CONFIRMATORY
1.0,TASK3_CAPACITY_RESPONSE_SURFACE_EXPLORATORY_V1,SECURITY,,21,31,30,CAPACITY_RESPONSE_S31_I21,CAPACITY_RESPONSE_S30_I21,cutoff_backlog,LOWER_CAPACITY_MINUS_HIGHER_CAPACITY,50,3.98,3.51956629981,0.497741839487,0.95,2.97975032488,4.98024967512,PASS,EXPLORATORY_SENSITIVITY_NOT_CONFIRMATORY
1.0,TASK3_CAPACITY_RESPONSE_SURFACE_EXPLORATORY_V1,SECURITY,,21,31,30,CAPACITY_RESPONSE_S31_I21,CAPACITY_RESPONSE_S30_I21,cohort_clear_time_after_cutoff_seconds,LOWER_CAPACITY_MINUS_HIGHER_CAPACITY,50,3.8831742352,3.28866214711,0.46508706105,0.95,2.9485467942,4.8178016762,PASS,EXPLORATORY_SENSITIVITY_NOT_CONFIRMATORY
1.0,TASK3_CAPACITY_RESPONSE_SURFACE_EXPLORATORY_V1,SECURITY,,21,31,30,CAPACITY_RESPONSE_S31_I21,CAPACITY_RESPONSE_S30_I21,security_wait_p95_seconds,LOWER_CAPACITY_MINUS_HIGHER_CAPACITY,50,3.33639769996,2.00763789363,0.28392287375,0.95,2.76583332362,3.9069620763,PASS,EXPLORATORY_SENSITIVITY_NOT_CONFIRMATORY
1.0,TASK3_CAPACITY_RESPONSE_SURFACE_EXPLORATORY_V1,SECURITY,,21,31,30,CAPACITY_RESPONSE_S31_I21,CAPACITY_RESPONSE_S30_I21,immigration_wait_p95_seconds,LOWER_CAPACITY_MINUS_HIGHER_CAPACITY,50,-0.28223188346,0.460658517823,0.0651469523527,0.95,-0.413149585682,-0.151314181238,PASS,EXPLORATORY_SENSITIVITY_NOT_CONFIRMATORY
1.0,TASK3_CAPACITY_RESPONSE_SURFACE_EXPLORATORY_V1,SECURITY,,21,30,29,CAPACITY_RESPONSE_S30_I21,CAPACITY_RESPONSE_S29_I21,total_queue_wait_p95_seconds,LOWER_CAPACITY_MINUS_HIGHER_CAPACITY,50,4.8474993939,2.51704619527,0.355964086647,0.95,4.13216278007,5.56283600773,PASS,EXPLORATORY_SENSITIVITY_NOT_CONFIRMATORY
1.0,TASK3_CAPACITY_RESPONSE_SURFACE_EXPLORATORY_V1,SECURITY,,21,30,29,CAPACITY_RESPONSE_S30_I21,CAPACITY_RESPONSE_S29_I21,total_queue_wait_mean_seconds,LOWER_CAPACITY_MINUS_HIGHER_CAPACITY,50,2.7154428973,1.46997593264,0.20788599003,0.95,2.29768035959,3.13320543501,PASS,EXPLORATORY_SENSITIVITY_NOT_CONFIRMATORY
1.0,TASK3_CAPACITY_RESPONSE_SURFACE_EXPLORATORY_V1,SECURITY,,21,30,29,CAPACITY_RESPONSE_S30_I21,CAPACITY_RESPONSE_S29_I21,peak_total_waiting_queue,LOWER_CAPACITY_MINUS_HIGHER_CAPACITY,50,6.24,3.41401672581,0.48281487558,0.95,5.26974718192,7.21025281808,PASS,EXPLORATORY_SENSITIVITY_NOT_CONFIRMATORY
1.0,TASK3_CAPACITY_RESPONSE_SURFACE_EXPLORATORY_V1,SECURITY,,21,30,29,CAPACITY_RESPONSE_S30_I21,CAPACITY_RESPONSE_S29_I21,time_weighted_mean_total_waiting_queue,LOWER_CAPACITY_MINUS_HIGHER_CAPACITY,50,3.39453662944,1.86225581763,0.26336274339,0.95,2.86528938194,3.92378387694,PASS,EXPLORATORY_SENSITIVITY_NOT_CONFIRMATORY
1.0,TASK3_CAPACITY_RESPONSE_SURFACE_EXPLORATORY_V1,SECURITY,,21,30,29,CAPACITY_RESPONSE_S30_I21,CAPACITY_RESPONSE_S29_I21,cutoff_backlog,LOWER_CAPACITY_MINUS_HIGHER_CAPACITY,50,6.36,3.98855505523,0.564066865337,0.95,5.22646519533,7.49353480467,PASS,EXPLORATORY_SENSITIVITY_NOT_CONFIRMATORY
1.0,TASK3_CAPACITY_RESPONSE_SURFACE_EXPLORATORY_V1,SECURITY,,21,30,29,CAPACITY_RESPONSE_S30_I21,CAPACITY_RESPONSE_S29_I21,cohort_clear_time_after_cutoff_seconds,LOWER_CAPACITY_MINUS_HIGHER_CAPACITY,50,5.81681523516,3.43872251198,0.486308801369,0.95,4.83954111033,6.79408935999,PASS,EXPLORATORY_SENSITIVITY_NOT_CONFIRMATORY
1.0,TASK3_CAPACITY_RESPONSE_SURFACE_EXPLORATORY_V1,SECURITY,,21,30,29,CAPACITY_RESPONSE_S30_I21,CAPACITY_RESPONSE_S29_I21,security_wait_p95_seconds,LOWER_CAPACITY_MINUS_HIGHER_CAPACITY,50,4.8848994665,2.48349994253,0.351219930088,0.95,4.17909659221,5.59070234079,PASS,EXPLORATORY_SENSITIVITY_NOT_CONFIRMATORY
1.0,TASK3_CAPACITY_RESPONSE_SURFACE_EXPLORATORY_V1,SECURITY,,21,30,29,CAPACITY_RESPONSE_S30_I21,CAPACITY_RESPONSE_S29_I21,immigration_wait_p95_seconds,LOWER_CAPACITY_MINUS_HIGHER_CAPACITY,50,-0.11373067088,0.312803504539,0.0442370958477,0.95,-0.202628443258,-0.024832898502,PASS,EXPLORATORY_SENSITIVITY_NOT_CONFIRMATORY
1.0,TASK3_CAPACITY_RESPONSE_SURFACE_EXPLORATORY_V1,SECURITY,,21,29,28,CAPACITY_RESPONSE_S29_I21,CAPACITY_RESPONSE_S28_I21,total_queue_wait_p95_seconds,LOWER_CAPACITY_MINUS_HIGHER_CAPACITY,50,6.97533792496,2.69816879949,0.381578690981,0.95,6.20852683655,7.74214901337,PASS,EXPLORATORY_SENSITIVITY_NOT_CONFIRMATORY
1.0,TASK3_CAPACITY_RESPONSE_SURFACE_EXPLORATORY_V1,SECURITY,,21,29,28,CAPACITY_RESPONSE_S29_I21,CAPACITY_RESPONSE_S28_I21,total_queue_wait_mean_seconds,LOWER_CAPACITY_MINUS_HIGHER_CAPACITY,50,3.79903438046,1.44432009356,0.204257706473,0.95,3.38856315154,4.20950560938,PASS,EXPLORATORY_SENSITIVITY_NOT_CONFIRMATORY
1.0,TASK3_CAPACITY_RESPONSE_SURFACE_EXPLORATORY_V1,SECURITY,,21,29,28,CAPACITY_RESPONSE_S29_I21,CAPACITY_RESPONSE_S28_I21,peak_total_waiting_queue,LOWER_CAPACITY_MINUS_HIGHER_CAPACITY,50,8.44,3.39363149058,0.479931967968,0.95,7.47554060166,9.40445939834,PASS,EXPLORATORY_SENSITIVITY_NOT_CONFIRMATORY
1.0,TASK3_CAPACITY_RESPONSE_SURFACE_EXPLORATORY_V1,SECURITY,,21,29,28,CAPACITY_RESPONSE_S29_I21,CAPACITY_RESPONSE_S28_I21,time_weighted_mean_total_waiting_queue,LOWER_CAPACITY_MINUS_HIGHER_CAPACITY,50,4.53684077021,1.72608279856,0.24410497035,0.95,4.04629346653,5.02738807388,PASS,EXPLORATORY_SENSITIVITY_NOT_CONFIRMATORY
1.0,TASK3_CAPACITY_RESPONSE_SURFACE_EXPLORATORY_V1,SECURITY,,21,29,28,CAPACITY_RESPONSE_S29_I21,CAPACITY_RESPONSE_S28_I21,cutoff_backlog,LOWER_CAPACITY_MINUS_HIGHER_CAPACITY,50,8.8,3.52831115292,0.498978548474,0.95,7.79726506513,9.80273493487,PASS,EXPLORATORY_SENSITIVITY_NOT_CONFIRMATORY
1.0,TASK3_CAPACITY_RESPONSE_SURFACE_EXPLORATORY_V1,SECURITY,,21,29,28,CAPACITY_RESPONSE_S29_I21,CAPACITY_RESPONSE_S28_I21,cohort_clear_time_after_cutoff_seconds,LOWER_CAPACITY_MINUS_HIGHER_CAPACITY,50,8.17286377244,3.465246478,0.490059856616,0.95,7.18805161987,9.15767592501,PASS,EXPLORATORY_SENSITIVITY_NOT_CONFIRMATORY
1.0,TASK3_CAPACITY_RESPONSE_SURFACE_EXPLORATORY_V1,SECURITY,,21,29,28,CAPACITY_RESPONSE_S29_I21,CAPACITY_RESPONSE_S28_I21,security_wait_p95_seconds,LOWER_CAPACITY_MINUS_HIGHER_CAPACITY,50,6.97863121378,2.68296074237,0.379427946918,0.95,6.21614220738,7.74112022018,PASS,EXPLORATORY_SENSITIVITY_NOT_CONFIRMATORY
1.0,TASK3_CAPACITY_RESPONSE_SURFACE_EXPLORATORY_V1,SECURITY,,21,29,28,CAPACITY_RESPONSE_S29_I21,CAPACITY_RESPONSE_S28_I21,immigration_wait_p95_seconds,LOWER_CAPACITY_MINUS_HIGHER_CAPACITY,50,-0.09131064916,0.393925609875,0.0557094940051,0.95,-0.203263068786,0.0206417704656,PASS,EXPLORATORY_SENSITIVITY_NOT_CONFIRMATORY
1.0,TASK3_CAPACITY_RESPONSE_SURFACE_EXPLORATORY_V1,SECURITY,,20,36,35,CAPACITY_RESPONSE_S36_I20,CAPACITY_RESPONSE_S35_I20,total_queue_wait_p95_seconds,LOWER_CAPACITY_MINUS_HIGHER_CAPACITY,50,0.0995221652,0.161675972405,0.0228644352884,0.95,0.0535743622334,0.145469968167,PASS,EXPLORATORY_SENSITIVITY_NOT_CONFIRMATORY
1.0,TASK3_CAPACITY_RESPONSE_SURFACE_EXPLORATORY_V1,SECURITY,,20,36,35,CAPACITY_RESPONSE_S36_I20,CAPACITY_RESPONSE_S35_I20,total_queue_wait_mean_seconds,LOWER_CAPACITY_MINUS_HIGHER_CAPACITY,50,0.03652202662,0.0331222677685,0.00468419602947,0.95,0.0271087822733,0.0459352709667,PASS,EXPLORATORY_SENSITIVITY_NOT_CONFIRMATORY
1.0,TASK3_CAPACITY_RESPONSE_SURFACE_EXPLORATORY_V1,SECURITY,,20,36,35,CAPACITY_RESPONSE_S36_I20,CAPACITY_RESPONSE_S35_I20,peak_total_waiting_queue,LOWER_CAPACITY_MINUS_HIGHER_CAPACITY,50,0.44,0.67491496063,0.0954473890771,0.95,0.248191290462,0.631808709538,PASS,EXPLORATORY_SENSITIVITY_NOT_CONFIRMATORY
1.0,TASK3_CAPACITY_RESPONSE_SURFACE_EXPLORATORY_V1,SECURITY,,20,36,35,CAPACITY_RESPONSE_S36_I20,CAPACITY_RESPONSE_S35_I20,time_weighted_mean_total_waiting_queue,LOWER_CAPACITY_MINUS_HIGHER_CAPACITY,50,0.0727760271742,0.0644907516603,0.00912036956456,0.95,0.0544479583438,0.0911040960046,PASS,EXPLORATORY_SENSITIVITY_NOT_CONFIRMATORY
1.0,TASK3_CAPACITY_RESPONSE_SURFACE_EXPLORATORY_V1,SECURITY,,20,36,35,CAPACITY_RESPONSE_S36_I20,CAPACITY_RESPONSE_S35_I20,cutoff_backlog,LOWER_CAPACITY_MINUS_HIGHER_CAPACITY,50,0.08,0.340467865366,0.0481494272753,0.95,-0.0167598967344,0.176759896734,PASS,EXPLORATORY_SENSITIVITY_NOT_CONFIRMATORY
1.0,TASK3_CAPACITY_RESPONSE_SURFACE_EXPLORATORY_V1,SECURITY,,20,36,35,CAPACITY_RESPONSE_S36_I20,CAPACITY_RESPONSE_S35_I20,cohort_clear_time_after_cutoff_seconds,LOWER_CAPACITY_MINUS_HIGHER_CAPACITY,50,0.0575484872,0.188499644413,0.0266578753631,0.95,0.0039774809959,0.111119493404,PASS,EXPLORATORY_SENSITIVITY_NOT_CONFIRMATORY
1.0,TASK3_CAPACITY_RESPONSE_SURFACE_EXPLORATORY_V1,SECURITY,,20,36,35,CAPACITY_RESPONSE_S36_I20,CAPACITY_RESPONSE_S35_I20,security_wait_p95_seconds,LOWER_CAPACITY_MINUS_HIGHER_CAPACITY,50,0.80939368966,0.389667058801,0.0551072439367,0.95,0.698651536858,0.920135842462,PASS,EXPLORATORY_SENSITIVITY_NOT_CONFIRMATORY
1.0,TASK3_CAPACITY_RESPONSE_SURFACE_EXPLORATORY_V1,SECURITY,,20,36,35,CAPACITY_RESPONSE_S36_I20,CAPACITY_RESPONSE_S35_I20,immigration_wait_p95_seconds,LOWER_CAPACITY_MINUS_HIGHER_CAPACITY,50,-0.41814464526,0.354527561999,0.0501377686414,0.95,-0.518900263567,-0.317389026953,PASS,EXPLORATORY_SENSITIVITY_NOT_CONFIRMATORY
1.0,TASK3_CAPACITY_RESPONSE_SURFACE_EXPLORATORY_V1,SECURITY,,20,35,34,CAPACITY_RESPONSE_S35_I20,CAPACITY_RESPONSE_S34_I20,total_queue_wait_p95_seconds,LOWER_CAPACITY_MINUS_HIGHER_CAPACITY,50,0.22509213056,0.1639177756,0.0231814741367,0.95,0.178507214175,0.271677046945,PASS,EXPLORATORY_SENSITIVITY_NOT_CONFIRMATORY
1.0,TASK3_CAPACITY_RESPONSE_SURFACE_EXPLORATORY_V1,SECURITY,,20,35,34,CAPACITY_RESPONSE_S35_I20,CAPACITY_RESPONSE_S34_I20,total_queue_wait_mean_seconds,LOWER_CAPACITY_MINUS_HIGHER_CAPACITY,50,0.08875620102,0.063980535353,0.00904821408242,0.95,0.0705731340597,0.10693926798,PASS,EXPLORATORY_SENSITIVITY_NOT_CONFIRMATORY
1.0,TASK3_CAPACITY_RESPONSE_SURFACE_EXPLORATORY_V1,SECURITY,,20,35,34,CAPACITY_RESPONSE_S35_I20,CAPACITY_RESPONSE_S34_I20,peak_total_waiting_queue,LOWER_CAPACITY_MINUS_HIGHER_CAPACITY,50,0.82,0.628896020087,0.088939328093,0.95,0.641269728657,0.998730271343,PASS,EXPLORATORY_SENSITIVITY_NOT_CONFIRMATORY
1.0,TASK3_CAPACITY_RESPONSE_SURFACE_EXPLORATORY_V1,SECURITY,,20,35,34,CAPACITY_RESPONSE_S35_I20,CAPACITY_RESPONSE_S34_I20,time_weighted_mean_total_waiting_queue,LOWER_CAPACITY_MINUS_HIGHER_CAPACITY,50,0.153972447079,0.116203964556,0.0164337222677,0.95,0.120947645756,0.186997248402,PASS,EXPLORATORY_SENSITIVITY_NOT_CONFIRMATORY
1.0,TASK3_CAPACITY_RESPONSE_SURFACE_EXPLORATORY_V1,SECURITY,,20,35,34,CAPACITY_RESPONSE_S35_I20,CAPACITY_RESPONSE_S34_I20,cutoff_backlog,LOWER_CAPACITY_MINUS_HIGHER_CAPACITY,50,0.28,0.607436903585,0.0859045507336,0.95,0.107368342089,0.452631657911,PASS,EXPLORATORY_SENSITIVITY_NOT_CONFIRMATORY
1.0,TASK3_CAPACITY_RESPONSE_SURFACE_EXPLORATORY_V1,SECURITY,,20,35,34,CAPACITY_RESPONSE_S35_I20,CAPACITY_RESPONSE_S34_I20,cohort_clear_time_after_cutoff_seconds,LOWER_CAPACITY_MINUS_HIGHER_CAPACITY,50,0.14682663988,0.367954810978,0.0520366684026,0.95,0.0422550396354,0.251398240125,PASS,EXPLORATORY_SENSITIVITY_NOT_CONFIRMATORY
1.0,TASK3_CAPACITY_RESPONSE_SURFACE_EXPLORATORY_V1,SECURITY,,20,35,34,CAPACITY_RESPONSE_S35_I20,CAPACITY_RESPONSE_S34_I20,security_wait_p95_seconds,LOWER_CAPACITY_MINUS_HIGHER_CAPACITY,50,0.95226825266,0.589747206013,0.0834028497115,0.95,0.784663951174,1.11987255415,PASS,EXPLORATORY_SENSITIVITY_NOT_CONFIRMATORY
1.0,TASK3_CAPACITY_RESPONSE_SURFACE_EXPLORATORY_V1,SECURITY,,20,35,34,CAPACITY_RESPONSE_S35_I20,CAPACITY_RESPONSE_S34_I20,immigration_wait_p95_seconds,LOWER_CAPACITY_MINUS_HIGHER_CAPACITY,50,-0.6203199653,0.609131683304,0.0861442287799,0.95,-0.793433274278,-0.447206656322,PASS,EXPLORATORY_SENSITIVITY_NOT_CONFIRMATORY
1.0,TASK3_CAPACITY_RESPONSE_SURFACE_EXPLORATORY_V1,SECURITY,,20,34,33,CAPACITY_RESPONSE_S34_I20,CAPACITY_RESPONSE_S33_I20,total_queue_wait_p95_seconds,LOWER_CAPACITY_MINUS_HIGHER_CAPACITY,50,0.5809603465,0.452783408088,0.0640332436535,0.95,0.452280725701,0.709639967299,PASS,EXPLORATORY_SENSITIVITY_NOT_CONFIRMATORY
1.0,TASK3_CAPACITY_RESPONSE_SURFACE_EXPLORATORY_V1,SECURITY,,20,34,33,CAPACITY_RESPONSE_S34_I20,CAPACITY_RESPONSE_S33_I20,total_queue_wait_mean_seconds,LOWER_CAPACITY_MINUS_HIGHER_CAPACITY,50,0.26052896278,0.268670918624,0.0379958056933,0.95,0.184173532544,0.336884393016,PASS,EXPLORATORY_SENSITIVITY_NOT_CONFIRMATORY
1.0,TASK3_CAPACITY_RESPONSE_SURFACE_EXPLORATORY_V1,SECURITY,,20,34,33,CAPACITY_RESPONSE_S34_I20,CAPACITY_RESPONSE_S33_I20,peak_total_waiting_queue,LOWER_CAPACITY_MINUS_HIGHER_CAPACITY,50,1.36,0.942424142998,0.133278900454,0.95,1.09216602202,1.62783397798,PASS,EXPLORATORY_SENSITIVITY_NOT_CONFIRMATORY
1.0,TASK3_CAPACITY_RESPONSE_SURFACE_EXPLORATORY_V1,SECURITY,,20,34,33,CAPACITY_RESPONSE_S34_I20,CAPACITY_RESPONSE_S33_I20,time_weighted_mean_total_waiting_queue,LOWER_CAPACITY_MINUS_HIGHER_CAPACITY,50,0.393314601702,0.418362092982,0.0591653345879,0.95,0.274417410418,0.512211792986,PASS,EXPLORATORY_SENSITIVITY_NOT_CONFIRMATORY
1.0,TASK3_CAPACITY_RESPONSE_SURFACE_EXPLORATORY_V1,SECURITY,,20,34,33,CAPACITY_RESPONSE_S34_I20,CAPACITY_RESPONSE_S33_I20,cutoff_backlog,LOWER_CAPACITY_MINUS_HIGHER_CAPACITY,50,0.58,1.08965450432,0.15410041783,0.95,0.270323616297,0.889676383703,PASS,EXPLORATORY_SENSITIVITY_NOT_CONFIRMATORY
1.0,TASK3_CAPACITY_RESPONSE_SURFACE_EXPLORATORY_V1,SECURITY,,20,34,33,CAPACITY_RESPONSE_S34_I20,CAPACITY_RESPONSE_S33_I20,cohort_clear_time_after_cutoff_seconds,LOWER_CAPACITY_MINUS_HIGHER_CAPACITY,50,0.5576435006,0.976611384968,0.138113706579,0.95,0.280093615951,0.835193385249,PASS,EXPLORATORY_SENSITIVITY_NOT_CONFIRMATORY
1.0,TASK3_CAPACITY_RESPONSE_SURFACE_EXPLORATORY_V1,SECURITY,,20,34,33,CAPACITY_RESPONSE_S34_I20,CAPACITY_RESPONSE_S33_I20,security_wait_p95_seconds,LOWER_CAPACITY_MINUS_HIGHER_CAPACITY,50,1.2485991073,0.78915198579,0.111602944108,0.95,1.02432459443,1.47287362017,PASS,EXPLORATORY_SENSITIVITY_NOT_CONFIRMATORY
1.0,TASK3_CAPACITY_RESPONSE_SURFACE_EXPLORATORY_V1,SECURITY,,20,34,33,CAPACITY_RESPONSE_S34_I20,CAPACITY_RESPONSE_S33_I20,immigration_wait_p95_seconds,LOWER_CAPACITY_MINUS_HIGHER_CAPACITY,50,-0.47298334876,0.384022001106,0.0543089122214,0.95,-0.582121193915,-0.363845503605,PASS,EXPLORATORY_SENSITIVITY_NOT_CONFIRMATORY
1.0,TASK3_CAPACITY_RESPONSE_SURFACE_EXPLORATORY_V1,SECURITY,,20,33,32,CAPACITY_RESPONSE_S33_I20,CAPACITY_RESPONSE_S32_I20,total_queue_wait_p95_seconds,LOWER_CAPACITY_MINUS_HIGHER_CAPACITY,50,1.21771564166,0.984455544678,0.139223038284,0.95,0.937936471487,1.49749481183,PASS,EXPLORATORY_SENSITIVITY_NOT_CONFIRMATORY
1.0,TASK3_CAPACITY_RESPONSE_SURFACE_EXPLORATORY_V1,SECURITY,,20,33,32,CAPACITY_RESPONSE_S33_I20,CAPACITY_RESPONSE_S32_I20,total_queue_wait_mean_seconds,LOWER_CAPACITY_MINUS_HIGHER_CAPACITY,50,0.5813198644,0.57469417749,0.0812740300024,0.95,0.417993586286,0.744646142514,PASS,EXPLORATORY_SENSITIVITY_NOT_CONFIRMATORY
1.0,TASK3_CAPACITY_RESPONSE_SURFACE_EXPLORATORY_V1,SECURITY,,20,33,32,CAPACITY_RESPONSE_S33_I20,CAPACITY_RESPONSE_S32_I20,peak_total_waiting_queue,LOWER_CAPACITY_MINUS_HIGHER_CAPACITY,50,1.76,1.33340135881,0.188571428571,0.95,1.38105152671,2.13894847329,PASS,EXPLORATORY_SENSITIVITY_NOT_CONFIRMATORY
1.0,TASK3_CAPACITY_RESPONSE_SURFACE_EXPLORATORY_V1,SECURITY,,20,33,32,CAPACITY_RESPONSE_S33_I20,CAPACITY_RESPONSE_S32_I20,time_weighted_mean_total_waiting_queue,LOWER_CAPACITY_MINUS_HIGHER_CAPACITY,50,0.811198061146,0.818231971165,0.115715475079,0.95,0.578659107874,1.04373701442,PASS,EXPLORATORY_SENSITIVITY_NOT_CONFIRMATORY
1.0,TASK3_CAPACITY_RESPONSE_SURFACE_EXPLORATORY_V1,SECURITY,,20,33,32,CAPACITY_RESPONSE_S33_I20,CAPACITY_RESPONSE_S32_I20,cutoff_backlog,LOWER_CAPACITY_MINUS_HIGHER_CAPACITY,50,1.18,2.02726315962,0.286698305484,0.95,0.603858184773,1.75614181523,PASS,EXPLORATORY_SENSITIVITY_NOT_CONFIRMATORY
1.0,TASK3_CAPACITY_RESPONSE_SURFACE_EXPLORATORY_V1,SECURITY,,20,33,32,CAPACITY_RESPONSE_S33_I20,CAPACITY_RESPONSE_S32_I20,cohort_clear_time_after_cutoff_seconds,LOWER_CAPACITY_MINUS_HIGHER_CAPACITY,50,1.14449946164,1.49559350314,0.211508861594,0.95,0.719456490947,1.56954243233,PASS,EXPLORATORY_SENSITIVITY_NOT_CONFIRMATORY
1.0,TASK3_CAPACITY_RESPONSE_SURFACE_EXPLORATORY_V1,SECURITY,,20,33,32,CAPACITY_RESPONSE_S33_I20,CAPACITY_RESPONSE_S32_I20,security_wait_p95_seconds,LOWER_CAPACITY_MINUS_HIGHER_CAPACITY,50,1.56868896072,0.985450406578,0.139363733003,0.95,1.28862705392,1.84875086752,PASS,EXPLORATORY_SENSITIVITY_NOT_CONFIRMATORY
1.0,TASK3_CAPACITY_RESPONSE_SURFACE_EXPLORATORY_V1,SECURITY,,20,33,32,CAPACITY_RESPONSE_S33_I20,CAPACITY_RESPONSE_S32_I20,immigration_wait_p95_seconds,LOWER_CAPACITY_MINUS_HIGHER_CAPACITY,50,-0.3742072063,0.301860580181,0.0426895326438,0.95,-0.459995033986,-0.288419378614,PASS,EXPLORATORY_SENSITIVITY_NOT_CONFIRMATORY
1.0,TASK3_CAPACITY_RESPONSE_SURFACE_EXPLORATORY_V1,SECURITY,,20,32,31,CAPACITY_RESPONSE_S32_I20,CAPACITY_RESPONSE_S31_I20,total_queue_wait_p95_seconds,LOWER_CAPACITY_MINUS_HIGHER_CAPACITY,50,2.11929392512,1.53510491656,0.217096619267,0.95,1.68302193498,2.55556591526,PASS,EXPLORATORY_SENSITIVITY_NOT_CONFIRMATORY
1.0,TASK3_CAPACITY_RESPONSE_SURFACE_EXPLORATORY_V1,SECURITY,,20,32,31,CAPACITY_RESPONSE_S32_I20,CAPACITY_RESPONSE_S31_I20,total_queue_wait_mean_seconds,LOWER_CAPACITY_MINUS_HIGHER_CAPACITY,50,1.0857997759,0.975735456793,0.137989831629,0.95,0.808498827284,1.36310072452,PASS,EXPLORATORY_SENSITIVITY_NOT_CONFIRMATORY
1.0,TASK3_CAPACITY_RESPONSE_SURFACE_EXPLORATORY_V1,SECURITY,,20,32,31,CAPACITY_RESPONSE_S32_I20,CAPACITY_RESPONSE_S31_I20,peak_total_waiting_queue,LOWER_CAPACITY_MINUS_HIGHER_CAPACITY,50,2.9,2.25198325292,0.318478525852,0.95,2.25999344089,3.54000655911,PASS,EXPLORATORY_SENSITIVITY_NOT_CONFIRMATORY
1.0,TASK3_CAPACITY_RESPONSE_SURFACE_EXPLORATORY_V1,SECURITY,,20,32,31,CAPACITY_RESPONSE_S32_I20,CAPACITY_RESPONSE_S31_I20,time_weighted_mean_total_waiting_queue,LOWER_CAPACITY_MINUS_HIGHER_CAPACITY,50,1.46402128938,1.35565288293,0.191718269291,0.95,1.07874900291,1.84929357585,PASS,EXPLORATORY_SENSITIVITY_NOT_CONFIRMATORY
1.0,TASK3_CAPACITY_RESPONSE_SURFACE_EXPLORATORY_V1,SECURITY,,20,32,31,CAPACITY_RESPONSE_S32_I20,CAPACITY_RESPONSE_S31_I20,cutoff_backlog,LOWER_CAPACITY_MINUS_HIGHER_CAPACITY,50,2.4,3.09706905553,0.437991706193,0.95,1.51982271317,3.28017728683,PASS,EXPLORATORY_SENSITIVITY_NOT_CONFIRMATORY
1.0,TASK3_CAPACITY_RESPONSE_SURFACE_EXPLORATORY_V1,SECURITY,,20,32,31,CAPACITY_RESPONSE_S32_I20,CAPACITY_RESPONSE_S31_I20,cohort_clear_time_after_cutoff_seconds,LOWER_CAPACITY_MINUS_HIGHER_CAPACITY,50,2.30596606138,2.63720946088,0.372957738639,0.95,1.55647942532,3.05545269744,PASS,EXPLORATORY_SENSITIVITY_NOT_CONFIRMATORY
1.0,TASK3_CAPACITY_RESPONSE_SURFACE_EXPLORATORY_V1,SECURITY,,20,32,31,CAPACITY_RESPONSE_S32_I20,CAPACITY_RESPONSE_S31_I20,security_wait_p95_seconds,LOWER_CAPACITY_MINUS_HIGHER_CAPACITY,50,2.32603468422,1.4657736414,0.207291696303,0.95,1.90946642447,2.74260294397,PASS,EXPLORATORY_SENSITIVITY_NOT_CONFIRMATORY
1.0,TASK3_CAPACITY_RESPONSE_SURFACE_EXPLORATORY_V1,SECURITY,,20,32,31,CAPACITY_RESPONSE_S32_I20,CAPACITY_RESPONSE_S31_I20,immigration_wait_p95_seconds,LOWER_CAPACITY_MINUS_HIGHER_CAPACITY,50,-0.38931630162,0.352879363203,0.0499046781323,0.95,-0.489603507012,-0.289029096228,PASS,EXPLORATORY_SENSITIVITY_NOT_CONFIRMATORY
1.0,TASK3_CAPACITY_RESPONSE_SURFACE_EXPLORATORY_V1,SECURITY,,20,31,30,CAPACITY_RESPONSE_S31_I20,CAPACITY_RESPONSE_S30_I20,total_queue_wait_p95_seconds,LOWER_CAPACITY_MINUS_HIGHER_CAPACITY,50,3.20987877392,2.03951639234,0.288431174273,0.95,2.63025462848,3.78950291936,PASS,EXPLORATORY_SENSITIVITY_NOT_CONFIRMATORY
1.0,TASK3_CAPACITY_RESPONSE_SURFACE_EXPLORATORY_V1,SECURITY,,20,31,30,CAPACITY_RESPONSE_S31_I20,CAPACITY_RESPONSE_S30_I20,total_queue_wait_mean_seconds,LOWER_CAPACITY_MINUS_HIGHER_CAPACITY,50,1.76039485822,1.26966047592,0.179557106465,0.95,1.39956134342,2.12122837302,PASS,EXPLORATORY_SENSITIVITY_NOT_CONFIRMATORY
1.0,TASK3_CAPACITY_RESPONSE_SURFACE_EXPLORATORY_V1,SECURITY,,20,31,30,CAPACITY_RESPONSE_S31_I20,CAPACITY_RESPONSE_S30_I20,peak_total_waiting_queue,LOWER_CAPACITY_MINUS_HIGHER_CAPACITY,50,4.12,3.11441677313,0.440445043944,0.95,3.23489254637,5.00510745363,PASS,EXPLORATORY_SENSITIVITY_NOT_CONFIRMATORY
1.0,TASK3_CAPACITY_RESPONSE_SURFACE_EXPLORATORY_V1,SECURITY,,20,31,30,CAPACITY_RESPONSE_S31_I20,CAPACITY_RESPONSE_S30_I20,time_weighted_mean_total_waiting_queue,LOWER_CAPACITY_MINUS_HIGHER_CAPACITY,50,2.29527877745,1.68875791584,0.238826434814,0.95,1.81533908808,2.77521846683,PASS,EXPLORATORY_SENSITIVITY_NOT_CONFIRMATORY
1.0,TASK3_CAPACITY_RESPONSE_SURFACE_EXPLORATORY_V1,SECURITY,,20,31,30,CAPACITY_RESPONSE_S31_I20,CAPACITY_RESPONSE_S30_I20,cutoff_backlog,LOWER_CAPACITY_MINUS_HIGHER_CAPACITY,50,3.96,3.5396298665,0.500579256299,0.95,2.95404832232,4.96595167768,PASS,EXPLORATORY_SENSITIVITY_NOT_CONFIRMATORY
1.0,TASK3_CAPACITY_RESPONSE_SURFACE_EXPLORATORY_V1,SECURITY,,20,31,30,CAPACITY_RESPONSE_S31_I20,CAPACITY_RESPONSE_S30_I20,cohort_clear_time_after_cutoff_seconds,LOWER_CAPACITY_MINUS_HIGHER_CAPACITY,50,3.75490071008,3.18039122634,0.449775240595,0.95,2.85104352431,4.65875789585,PASS,EXPLORATORY_SENSITIVITY_NOT_CONFIRMATORY
1.0,TASK3_CAPACITY_RESPONSE_SURFACE_EXPLORATORY_V1,SECURITY,,20,31,30,CAPACITY_RESPONSE_S31_I20,CAPACITY_RESPONSE_S30_I20,security_wait_p95_seconds,LOWER_CAPACITY_MINUS_HIGHER_CAPACITY,50,3.33639769996,2.00763789363,0.28392287375,0.95,2.76583332362,3.9069620763,PASS,EXPLORATORY_SENSITIVITY_NOT_CONFIRMATORY
1.0,TASK3_CAPACITY_RESPONSE_SURFACE_EXPLORATORY_V1,SECURITY,,20,31,30,CAPACITY_RESPONSE_S31_I20,CAPACITY_RESPONSE_S30_I20,immigration_wait_p95_seconds,LOWER_CAPACITY_MINUS_HIGHER_CAPACITY,50,-0.4295747311,0.555196589901,0.0785166547221,0.95,-0.587359856132,-0.271789606068,PASS,EXPLORATORY_SENSITIVITY_NOT_CONFIRMATORY
1.0,TASK3_CAPACITY_RESPONSE_SURFACE_EXPLORATORY_V1,SECURITY,,20,30,29,CAPACITY_RESPONSE_S30_I20,CAPACITY_RESPONSE_S29_I20,total_queue_wait_p95_seconds,LOWER_CAPACITY_MINUS_HIGHER_CAPACITY,50,4.82073849932,2.49621548144,0.353018178846,0.95,4.11132190885,5.53015508979,PASS,EXPLORATORY_SENSITIVITY_NOT_CONFIRMATORY
1.0,TASK3_CAPACITY_RESPONSE_SURFACE_EXPLORATORY_V1,SECURITY,,20,30,29,CAPACITY_RESPONSE_S30_I20,CAPACITY_RESPONSE_S29_I20,total_queue_wait_mean_seconds,LOWER_CAPACITY_MINUS_HIGHER_CAPACITY,50,2.69131995636,1.46488743921,0.207166368387,0.95,2.27500355248,3.10763636024,PASS,EXPLORATORY_SENSITIVITY_NOT_CONFIRMATORY
1.0,TASK3_CAPACITY_RESPONSE_SURFACE_EXPLORATORY_V1,SECURITY,,20,30,29,CAPACITY_RESPONSE_S30_I20,CAPACITY_RESPONSE_S29_I20,peak_total_waiting_queue,LOWER_CAPACITY_MINUS_HIGHER_CAPACITY,50,6.24,3.43784460239,0.486184646204,0.95,5.26297537432,7.21702462568,PASS,EXPLORATORY_SENSITIVITY_NOT_CONFIRMATORY
1.0,TASK3_CAPACITY_RESPONSE_SURFACE_EXPLORATORY_V1,SECURITY,,20,30,29,CAPACITY_RESPONSE_S30_I20,CAPACITY_RESPONSE_S29_I20,time_weighted_mean_total_waiting_queue,LOWER_CAPACITY_MINUS_HIGHER_CAPACITY,50,3.3647242015,1.85253639904,0.261988210031,0.95,2.8382391822,3.8912092208,PASS,EXPLORATORY_SENSITIVITY_NOT_CONFIRMATORY
1.0,TASK3_CAPACITY_RESPONSE_SURFACE_EXPLORATORY_V1,SECURITY,,20,30,29,CAPACITY_RESPONSE_S30_I20,CAPACITY_RESPONSE_S29_I20,cutoff_backlog,LOWER_CAPACITY_MINUS_HIGHER_CAPACITY,50,6.24,3.92563526641,0.555168663469,0.95,5.12434680146,7.35565319854,PASS,EXPLORATORY_SENSITIVITY_NOT_CONFIRMATORY
1.0,TASK3_CAPACITY_RESPONSE_SURFACE_EXPLORATORY_V1,SECURITY,,20,30,29,CAPACITY_RESPONSE_S30_I20,CAPACITY_RESPONSE_S29_I20,cohort_clear_time_after_cutoff_seconds,LOWER_CAPACITY_MINUS_HIGHER_CAPACITY,50,5.76268792464,3.41977364336,0.483629026668,0.95,4.79079900869,6.73457684059,PASS,EXPLORATORY_SENSITIVITY_NOT_CONFIRMATORY
1.0,TASK3_CAPACITY_RESPONSE_SURFACE_EXPLORATORY_V1,SECURITY,,20,30,29,CAPACITY_RESPONSE_S30_I20,CAPACITY_RESPONSE_S29_I20,security_wait_p95_seconds,LOWER_CAPACITY_MINUS_HIGHER_CAPACITY,50,4.8848994665,2.48349994253,0.351219930088,0.95,4.17909659221,5.59070234079,PASS,EXPLORATORY_SENSITIVITY_NOT_CONFIRMATORY
1.0,TASK3_CAPACITY_RESPONSE_SURFACE_EXPLORATORY_V1,SECURITY,,20,30,29,CAPACITY_RESPONSE_S30_I20,CAPACITY_RESPONSE_S29_I20,immigration_wait_p95_seconds,LOWER_CAPACITY_MINUS_HIGHER_CAPACITY,50,-0.2586903882,0.533300090245,0.0754200220439,0.95,-0.410252596883,-0.107128179517,PASS,EXPLORATORY_SENSITIVITY_NOT_CONFIRMATORY
1.0,TASK3_CAPACITY_RESPONSE_SURFACE_EXPLORATORY_V1,SECURITY,,20,29,28,CAPACITY_RESPONSE_S29_I20,CAPACITY_RESPONSE_S28_I20,total_queue_wait_p95_seconds,LOWER_CAPACITY_MINUS_HIGHER_CAPACITY,50,6.96474650038,2.73831666631,0.387256456757,0.95,6.18652551446,7.7429674863,PASS,EXPLORATORY_SENSITIVITY_NOT_CONFIRMATORY
1.0,TASK3_CAPACITY_RESPONSE_SURFACE_EXPLORATORY_V1,SECURITY,,20,29,28,CAPACITY_RESPONSE_S29_I20,CAPACITY_RESPONSE_S28_I20,total_queue_wait_mean_seconds,LOWER_CAPACITY_MINUS_HIGHER_CAPACITY,50,3.79413832332,1.44873207406,0.204881654738,0.95,3.38241322342,4.20586342322,PASS,EXPLORATORY_SENSITIVITY_NOT_CONFIRMATORY
1.0,TASK3_CAPACITY_RESPONSE_SURFACE_EXPLORATORY_V1,SECURITY,,20,29,28,CAPACITY_RESPONSE_S29_I20,CAPACITY_RESPONSE_S28_I20,peak_total_waiting_queue,LOWER_CAPACITY_MINUS_HIGHER_CAPACITY,50,8.44,3.35127146143,0.473941355194,0.95,7.48757918875,9.39242081125,PASS,EXPLORATORY_SENSITIVITY_NOT_CONFIRMATORY
1.0,TASK3_CAPACITY_RESPONSE_SURFACE_EXPLORATORY_V1,SECURITY,,20,29,28,CAPACITY_RESPONSE_S29_I20,CAPACITY_RESPONSE_S28_I20,time_weighted_mean_total_waiting_queue,LOWER_CAPACITY_MINUS_HIGHER_CAPACITY,50,4.52924302894,1.73091434142,0.244788253694,0.95,4.03732261598,5.02116344191,PASS,EXPLORATORY_SENSITIVITY_NOT_CONFIRMATORY
1.0,TASK3_CAPACITY_RESPONSE_SURFACE_EXPLORATORY_V1,SECURITY,,20,29,28,CAPACITY_RESPONSE_S29_I20,CAPACITY_RESPONSE_S28_I20,cutoff_backlog,LOWER_CAPACITY_MINUS_HIGHER_CAPACITY,50,8.78,3.52420203734,0.498397431775,0.95,7.77843286286,9.78156713714,PASS,EXPLORATORY_SENSITIVITY_NOT_CONFIRMATORY
1.0,TASK3_CAPACITY_RESPONSE_SURFACE_EXPLORATORY_V1,SECURITY,,20,29,28,CAPACITY_RESPONSE_S29_I20,CAPACITY_RESPONSE_S28_I20,cohort_clear_time_after_cutoff_seconds,LOWER_CAPACITY_MINUS_HIGHER_CAPACITY,50,8.16037750554,3.43871378123,0.486307566654,0.95,7.18310586196,9.13764914912,PASS,EXPLORATORY_SENSITIVITY_NOT_CONFIRMATORY
1.0,TASK3_CAPACITY_RESPONSE_SURFACE_EXPLORATORY_V1,SECURITY,,20,29,28,CAPACITY_RESPONSE_S29_I20,CAPACITY_RESPONSE_S28_I20,security_wait_p95_seconds,LOWER_CAPACITY_MINUS_HIGHER_CAPACITY,50,6.97863121378,2.68296074237,0.379427946918,0.95,6.21614220738,7.74112022018,PASS,EXPLORATORY_SENSITIVITY_NOT_CONFIRMATORY
1.0,TASK3_CAPACITY_RESPONSE_SURFACE_EXPLORATORY_V1,SECURITY,,20,29,28,CAPACITY_RESPONSE_S29_I20,CAPACITY_RESPONSE_S28_I20,immigration_wait_p95_seconds,LOWER_CAPACITY_MINUS_HIGHER_CAPACITY,50,-0.13651230606,0.597693775726,0.0845266643777,0.95,-0.306374997671,0.0333503855506,PASS,EXPLORATORY_SENSITIVITY_NOT_CONFIRMATORY
1.0,TASK3_CAPACITY_RESPONSE_SURFACE_EXPLORATORY_V1,SECURITY,,19,36,35,CAPACITY_RESPONSE_S36_I19,CAPACITY_RESPONSE_S35_I19,total_queue_wait_p95_seconds,LOWER_CAPACITY_MINUS_HIGHER_CAPACITY,50,0.0086411821,0.0356036999973,0.00503512354068,0.95,-0.00147727748324,0.0187596416832,PASS,EXPLORATORY_SENSITIVITY_NOT_CONFIRMATORY
1.0,TASK3_CAPACITY_RESPONSE_SURFACE_EXPLORATORY_V1,SECURITY,,19,36,35,CAPACITY_RESPONSE_S36_I19,CAPACITY_RESPONSE_S35_I19,total_queue_wait_mean_seconds,LOWER_CAPACITY_MINUS_HIGHER_CAPACITY,50,0.0064693513,0.0106715145633,0.00150918006265,0.95,0.00343654041773,0.00950216218227,PASS,EXPLORATORY_SENSITIVITY_NOT_CONFIRMATORY
1.0,TASK3_CAPACITY_RESPONSE_SURFACE_EXPLORATORY_V1,SECURITY,,19,36,35,CAPACITY_RESPONSE_S36_I19,CAPACITY_RESPONSE_S35_I19,peak_total_waiting_queue,LOWER_CAPACITY_MINUS_HIGHER_CAPACITY,50,-0.26,0.852607046364,0.120576844834,0.95,-0.50230824155,-0.0176917584497,PASS,EXPLORATORY_SENSITIVITY_NOT_CONFIRMATORY
1.0,TASK3_CAPACITY_RESPONSE_SURFACE_EXPLORATORY_V1,SECURITY,,19,36,35,CAPACITY_RESPONSE_S36_I19,CAPACITY_RESPONSE_S35_I19,time_weighted_mean_total_waiting_queue,LOWER_CAPACITY_MINUS_HIGHER_CAPACITY,50,0.0357583019102,0.0411886157535,0.0058249499014,0.95,0.0240526268308,0.0474639769896,PASS,EXPLORATORY_SENSITIVITY_NOT_CONFIRMATORY
1.0,TASK3_CAPACITY_RESPONSE_SURFACE_EXPLORATORY_V1,SECURITY,,19,36,35,CAPACITY_RESPONSE_S36_I19,CAPACITY_RESPONSE_S35_I19,cutoff_backlog,LOWER_CAPACITY_MINUS_HIGHER_CAPACITY,50,0.02,0.141421356237,0.02,0.95,-0.0201915047426,0.0601915047426,PASS,EXPLORATORY_SENSITIVITY_NOT_CONFIRMATORY
1.0,TASK3_CAPACITY_RESPONSE_SURFACE_EXPLORATORY_V1,SECURITY,,19,36,35,CAPACITY_RESPONSE_S36_I19,CAPACITY_RESPONSE_S35_I19,cohort_clear_time_after_cutoff_seconds,LOWER_CAPACITY_MINUS_HIGHER_CAPACITY,50,0,0,0,0.95,0,0,PASS,EXPLORATORY_SENSITIVITY_NOT_CONFIRMATORY
1.0,TASK3_CAPACITY_RESPONSE_SURFACE_EXPLORATORY_V1,SECURITY,,19,36,35,CAPACITY_RESPONSE_S36_I19,CAPACITY_RESPONSE_S35_I19,security_wait_p95_seconds,LOWER_CAPACITY_MINUS_HIGHER_CAPACITY,50,0.80939368966,0.389667058801,0.0551072439367,0.95,0.698651536858,0.920135842462,PASS,EXPLORATORY_SENSITIVITY_NOT_CONFIRMATORY
1.0,TASK3_CAPACITY_RESPONSE_SURFACE_EXPLORATORY_V1,SECURITY,,19,36,35,CAPACITY_RESPONSE_S36_I19,CAPACITY_RESPONSE_S35_I19,immigration_wait_p95_seconds,LOWER_CAPACITY_MINUS_HIGHER_CAPACITY,50,-0.4616328726,0.411054252046,0.0581318498115,0.95,-0.57845319847,-0.34481254673,PASS,EXPLORATORY_SENSITIVITY_NOT_CONFIRMATORY
1.0,TASK3_CAPACITY_RESPONSE_SURFACE_EXPLORATORY_V1,SECURITY,,19,35,34,CAPACITY_RESPONSE_S35_I19,CAPACITY_RESPONSE_S34_I19,total_queue_wait_p95_seconds,LOWER_CAPACITY_MINUS_HIGHER_CAPACITY,50,0.02940549528,0.0547926589965,0.00774885214713,0.95,0.0138335938889,0.0449773966711,PASS,EXPLORATORY_SENSITIVITY_NOT_CONFIRMATORY
1.0,TASK3_CAPACITY_RESPONSE_SURFACE_EXPLORATORY_V1,SECURITY,,19,35,34,CAPACITY_RESPONSE_S35_I19,CAPACITY_RESPONSE_S34_I19,total_queue_wait_mean_seconds,LOWER_CAPACITY_MINUS_HIGHER_CAPACITY,50,0.02532304062,0.0330462115285,0.00467344005286,0.95,0.0159314112176,0.0347146700224,PASS,EXPLORATORY_SENSITIVITY_NOT_CONFIRMATORY
1.0,TASK3_CAPACITY_RESPONSE_SURFACE_EXPLORATORY_V1,SECURITY,,19,35,34,CAPACITY_RESPONSE_S35_I19,CAPACITY_RESPONSE_S34_I19,peak_total_waiting_queue,LOWER_CAPACITY_MINUS_HIGHER_CAPACITY,50,0.32,0.819158353533,0.11584648533,0.95,0.0871977717728,0.552802228227,PASS,EXPLORATORY_SENSITIVITY_NOT_CONFIRMATORY
1.0,TASK3_CAPACITY_RESPONSE_SURFACE_EXPLORATORY_V1,SECURITY,,19,35,34,CAPACITY_RESPONSE_S35_I19,CAPACITY_RESPONSE_S34_I19,time_weighted_mean_total_waiting_queue,LOWER_CAPACITY_MINUS_HIGHER_CAPACITY,50,0.0758398893546,0.0756478707285,0.0106982244749,0.95,0.0543410023686,0.0973387763406,PASS,EXPLORATORY_SENSITIVITY_NOT_CONFIRMATORY
1.0,TASK3_CAPACITY_RESPONSE_SURFACE_EXPLORATORY_V1,SECURITY,,19,35,34,CAPACITY_RESPONSE_S35_I19,CAPACITY_RESPONSE_S34_I19,cutoff_backlog,LOWER_CAPACITY_MINUS_HIGHER_CAPACITY,50,0.1,0.303045763366,0.0428571428571,0.95,0.0138753469802,0.18612465302,PASS,EXPLORATORY_SENSITIVITY_NOT_CONFIRMATORY
1.0,TASK3_CAPACITY_RESPONSE_SURFACE_EXPLORATORY_V1,SECURITY,,19,35,34,CAPACITY_RESPONSE_S35_I19,CAPACITY_RESPONSE_S34_I19,cohort_clear_time_after_cutoff_seconds,LOWER_CAPACITY_MINUS_HIGHER_CAPACITY,50,0.00989306438,0.0565321380235,0.00799485163028,0.95,-0.00617319148073,0.0259593202407,PASS,EXPLORATORY_SENSITIVITY_NOT_CONFIRMATORY
1.0,TASK3_CAPACITY_RESPONSE_SURFACE_EXPLORATORY_V1,SECURITY,,19,35,34,CAPACITY_RESPONSE_S35_I19,CAPACITY_RESPONSE_S34_I19,security_wait_p95_seconds,LOWER_CAPACITY_MINUS_HIGHER_CAPACITY,50,0.95226825266,0.589747206013,0.0834028497115,0.95,0.784663951174,1.11987255415,PASS,EXPLORATORY_SENSITIVITY_NOT_CONFIRMATORY
1.0,TASK3_CAPACITY_RESPONSE_SURFACE_EXPLORATORY_V1,SECURITY,,19,35,34,CAPACITY_RESPONSE_S35_I19,CAPACITY_RESPONSE_S34_I19,immigration_wait_p95_seconds,LOWER_CAPACITY_MINUS_HIGHER_CAPACITY,50,-0.738725791,0.579624371655,0.0819712647476,0.95,-0.903453214793,-0.573998367207,PASS,EXPLORATORY_SENSITIVITY_NOT_CONFIRMATORY
1.0,TASK3_CAPACITY_RESPONSE_SURFACE_EXPLORATORY_V1,SECURITY,,19,34,33,CAPACITY_RESPONSE_S34_I19,CAPACITY_RESPONSE_S33_I19,total_queue_wait_p95_seconds,LOWER_CAPACITY_MINUS_HIGHER_CAPACITY,50,0.11393597328,0.1136057586,0.0160662804576,0.95,0.0816495739197,0.14622237264,PASS,EXPLORATORY_SENSITIVITY_NOT_CONFIRMATORY
1.0,TASK3_CAPACITY_RESPONSE_SURFACE_EXPLORATORY_V1,SECURITY,,19,34,33,CAPACITY_RESPONSE_S34_I19,CAPACITY_RESPONSE_S33_I19,total_queue_wait_mean_seconds,LOWER_CAPACITY_MINUS_HIGHER_CAPACITY,50,0.07238326474,0.0595617421817,0.00842330235919,0.95,0.0554560049041,0.0893105245759,PASS,EXPLORATORY_SENSITIVITY_NOT_CONFIRMATORY
1.0,TASK3_CAPACITY_RESPONSE_SURFACE_EXPLORATORY_V1,SECURITY,,19,34,33,CAPACITY_RESPONSE_S34_I19,CAPACITY_RESPONSE_S33_I19,peak_total_waiting_queue,LOWER_CAPACITY_MINUS_HIGHER_CAPACITY,50,0.8,0.571428571429,0.0808122035642,0.95,0.63760179686,0.96239820314,PASS,EXPLORATORY_SENSITIVITY_NOT_CONFIRMATORY
1.0,TASK3_CAPACITY_RESPONSE_SURFACE_EXPLORATORY_V1,SECURITY,,19,34,33,CAPACITY_RESPONSE_S34_I19,CAPACITY_RESPONSE_S33_I19,time_weighted_mean_total_waiting_queue,LOWER_CAPACITY_MINUS_HIGHER_CAPACITY,50,0.175047894555,0.162150425774,0.0229315331274,0.95,0.128965253433,0.221130535677,PASS,EXPLORATORY_SENSITIVITY_NOT_CONFIRMATORY
1.0,TASK3_CAPACITY_RESPONSE_SURFACE_EXPLORATORY_V1,SECURITY,,19,34,33,CAPACITY_RESPONSE_S34_I19,CAPACITY_RESPONSE_S33_I19,cutoff_backlog,LOWER_CAPACITY_MINUS_HIGHER_CAPACITY,50,0.18,0.43752550946,0.0618754509363,0.95,0.0556566260122,0.304343373988,PASS,EXPLORATORY_SENSITIVITY_NOT_CONFIRMATORY
1.0,TASK3_CAPACITY_RESPONSE_SURFACE_EXPLORATORY_V1,SECURITY,,19,34,33,CAPACITY_RESPONSE_S34_I19,CAPACITY_RESPONSE_S33_I19,cohort_clear_time_after_cutoff_seconds,LOWER_CAPACITY_MINUS_HIGHER_CAPACITY,50,0.12687950734,0.345870017247,0.0489134069209,0.95,0.0285843360281,0.225174678652,PASS,EXPLORATORY_SENSITIVITY_NOT_CONFIRMATORY
1.0,TASK3_CAPACITY_RESPONSE_SURFACE_EXPLORATORY_V1,SECURITY,,19,34,33,CAPACITY_RESPONSE_S34_I19,CAPACITY_RESPONSE_S33_I19,security_wait_p95_seconds,LOWER_CAPACITY_MINUS_HIGHER_CAPACITY,50,1.2485991073,0.78915198579,0.111602944108,0.95,1.02432459443,1.47287362017,PASS,EXPLORATORY_SENSITIVITY_NOT_CONFIRMATORY
1.0,TASK3_CAPACITY_RESPONSE_SURFACE_EXPLORATORY_V1,SECURITY,,19,34,33,CAPACITY_RESPONSE_S34_I19,CAPACITY_RESPONSE_S33_I19,immigration_wait_p95_seconds,LOWER_CAPACITY_MINUS_HIGHER_CAPACITY,50,-1.03587700254,1.01021358967,0.14286577594,0.95,-1.3229765281,-0.748777476977,PASS,EXPLORATORY_SENSITIVITY_NOT_CONFIRMATORY
1.0,TASK3_CAPACITY_RESPONSE_SURFACE_EXPLORATORY_V1,SECURITY,,19,33,32,CAPACITY_RESPONSE_S33_I19,CAPACITY_RESPONSE_S32_I19,total_queue_wait_p95_seconds,LOWER_CAPACITY_MINUS_HIGHER_CAPACITY,50,0.38784996106,0.183824096209,0.025996652995,0.95,0.335607730953,0.440092191167,PASS,EXPLORATORY_SENSITIVITY_NOT_CONFIRMATORY
1.0,TASK3_CAPACITY_RESPONSE_SURFACE_EXPLORATORY_V1,SECURITY,,19,33,32,CAPACITY_RESPONSE_S33_I19,CAPACITY_RESPONSE_S32_I19,total_queue_wait_mean_seconds,LOWER_CAPACITY_MINUS_HIGHER_CAPACITY,50,0.1990191691,0.105603036786,0.014934524685,0.95,0.169007118115,0.229031220085,PASS,EXPLORATORY_SENSITIVITY_NOT_CONFIRMATORY
1.0,TASK3_CAPACITY_RESPONSE_SURFACE_EXPLORATORY_V1,SECURITY,,19,33,32,CAPACITY_RESPONSE_S33_I19,CAPACITY_RESPONSE_S32_I19,peak_total_waiting_queue,LOWER_CAPACITY_MINUS_HIGHER_CAPACITY,50,1.22,0.648074069841,0.0916515138991,0.95,1.03581938722,1.40418061278,PASS,EXPLORATORY_SENSITIVITY_NOT_CONFIRMATORY
1.0,TASK3_CAPACITY_RESPONSE_SURFACE_EXPLORATORY_V1,SECURITY,,19,33,32,CAPACITY_RESPONSE_S33_I19,CAPACITY_RESPONSE_S32_I19,time_weighted_mean_total_waiting_queue,LOWER_CAPACITY_MINUS_HIGHER_CAPACITY,50,0.372810934,0.269593761544,0.0381263153906,0.95,0.296193234708,0.449428633292,PASS,EXPLORATORY_SENSITIVITY_NOT_CONFIRMATORY
1.0,TASK3_CAPACITY_RESPONSE_SURFACE_EXPLORATORY_V1,SECURITY,,19,33,32,CAPACITY_RESPONSE_S33_I19,CAPACITY_RESPONSE_S32_I19,cutoff_backlog,LOWER_CAPACITY_MINUS_HIGHER_CAPACITY,50,0.52,0.735124590301,0.103962316564,0.95,0.311079903039,0.728920096961,PASS,EXPLORATORY_SENSITIVITY_NOT_CONFIRMATORY
1.0,TASK3_CAPACITY_RESPONSE_SURFACE_EXPLORATORY_V1,SECURITY,,19,33,32,CAPACITY_RESPONSE_S33_I19,CAPACITY_RESPONSE_S32_I19,cohort_clear_time_after_cutoff_seconds,LOWER_CAPACITY_MINUS_HIGHER_CAPACITY,50,0.37709835466,0.555366542751,0.0785406896847,0.95,0.219264929563,0.534931779757,PASS,EXPLORATORY_SENSITIVITY_NOT_CONFIRMATORY
1.0,TASK3_CAPACITY_RESPONSE_SURFACE_EXPLORATORY_V1,SECURITY,,19,33,32,CAPACITY_RESPONSE_S33_I19,CAPACITY_RESPONSE_S32_I19,security_wait_p95_seconds,LOWER_CAPACITY_MINUS_HIGHER_CAPACITY,50,1.56868896072,0.985450406578,0.139363733003,0.95,1.28862705392,1.84875086752,PASS,EXPLORATORY_SENSITIVITY_NOT_CONFIRMATORY
1.0,TASK3_CAPACITY_RESPONSE_SURFACE_EXPLORATORY_V1,SECURITY,,19,33,32,CAPACITY_RESPONSE_S33_I19,CAPACITY_RESPONSE_S32_I19,immigration_wait_p95_seconds,LOWER_CAPACITY_MINUS_HIGHER_CAPACITY,50,-1.1836964794,1.21101387184,0.171263224178,0.95,-1.52786281374,-0.839530145062,PASS,EXPLORATORY_SENSITIVITY_NOT_CONFIRMATORY
1.0,TASK3_CAPACITY_RESPONSE_SURFACE_EXPLORATORY_V1,SECURITY,,19,32,31,CAPACITY_RESPONSE_S32_I19,CAPACITY_RESPONSE_S31_I19,total_queue_wait_p95_seconds,LOWER_CAPACITY_MINUS_HIGHER_CAPACITY,50,1.70363553554,1.38352619081,0.195660150294,0.95,1.31044174262,2.09682932846,PASS,EXPLORATORY_SENSITIVITY_NOT_CONFIRMATORY
1.0,TASK3_CAPACITY_RESPONSE_SURFACE_EXPLORATORY_V1,SECURITY,,19,32,31,CAPACITY_RESPONSE_S32_I19,CAPACITY_RESPONSE_S31_I19,total_queue_wait_mean_seconds,LOWER_CAPACITY_MINUS_HIGHER_CAPACITY,50,0.89236784692,0.832158338798,0.117684960877,0.95,0.655871063759,1.12886463008,PASS,EXPLORATORY_SENSITIVITY_NOT_CONFIRMATORY
1.0,TASK3_CAPACITY_RESPONSE_SURFACE_EXPLORATORY_V1,SECURITY,,19,32,31,CAPACITY_RESPONSE_S32_I19,CAPACITY_RESPONSE_S31_I19,peak_total_waiting_queue,LOWER_CAPACITY_MINUS_HIGHER_CAPACITY,50,2.58,1.90691544926,0.269678569064,0.95,2.03806062563,3.12193937437,PASS,EXPLORATORY_SENSITIVITY_NOT_CONFIRMATORY
1.0,TASK3_CAPACITY_RESPONSE_SURFACE_EXPLORATORY_V1,SECURITY,,19,32,31,CAPACITY_RESPONSE_S32_I19,CAPACITY_RESPONSE_S31_I19,time_weighted_mean_total_waiting_queue,LOWER_CAPACITY_MINUS_HIGHER_CAPACITY,50,1.2318384838,1.15985733278,0.164028597044,0.95,0.902210676997,1.5614662906,PASS,EXPLORATORY_SENSITIVITY_NOT_CONFIRMATORY
1.0,TASK3_CAPACITY_RESPONSE_SURFACE_EXPLORATORY_V1,SECURITY,,19,32,31,CAPACITY_RESPONSE_S32_I19,CAPACITY_RESPONSE_S31_I19,cutoff_backlog,LOWER_CAPACITY_MINUS_HIGHER_CAPACITY,50,1.98,2.65337674733,0.375244138216,0.95,1.22591867196,2.73408132804,PASS,EXPLORATORY_SENSITIVITY_NOT_CONFIRMATORY
1.0,TASK3_CAPACITY_RESPONSE_SURFACE_EXPLORATORY_V1,SECURITY,,19,32,31,CAPACITY_RESPONSE_S32_I19,CAPACITY_RESPONSE_S31_I19,cohort_clear_time_after_cutoff_seconds,LOWER_CAPACITY_MINUS_HIGHER_CAPACITY,50,2.05470922624,2.32096655597,0.328234238127,0.95,1.39509782932,2.71432062316,PASS,EXPLORATORY_SENSITIVITY_NOT_CONFIRMATORY
1.0,TASK3_CAPACITY_RESPONSE_SURFACE_EXPLORATORY_V1,SECURITY,,19,32,31,CAPACITY_RESPONSE_S32_I19,CAPACITY_RESPONSE_S31_I19,security_wait_p95_seconds,LOWER_CAPACITY_MINUS_HIGHER_CAPACITY,50,2.32603468422,1.4657736414,0.207291696303,0.95,1.90946642447,2.74260294397,PASS,EXPLORATORY_SENSITIVITY_NOT_CONFIRMATORY
1.0,TASK3_CAPACITY_RESPONSE_SURFACE_EXPLORATORY_V1,SECURITY,,19,32,31,CAPACITY_RESPONSE_S32_I19,CAPACITY_RESPONSE_S31_I19,immigration_wait_p95_seconds,LOWER_CAPACITY_MINUS_HIGHER_CAPACITY,50,-0.5773843139,0.389477403501,0.0550804226268,0.95,-0.688072567262,-0.466696060538,PASS,EXPLORATORY_SENSITIVITY_NOT_CONFIRMATORY
1.0,TASK3_CAPACITY_RESPONSE_SURFACE_EXPLORATORY_V1,SECURITY,,19,31,30,CAPACITY_RESPONSE_S31_I19,CAPACITY_RESPONSE_S30_I19,total_queue_wait_p95_seconds,LOWER_CAPACITY_MINUS_HIGHER_CAPACITY,50,3.02185420708,2.07484336377,0.293427162484,0.95,2.43219024745,3.61151816671,PASS,EXPLORATORY_SENSITIVITY_NOT_CONFIRMATORY
1.0,TASK3_CAPACITY_RESPONSE_SURFACE_EXPLORATORY_V1,SECURITY,,19,31,30,CAPACITY_RESPONSE_S31_I19,CAPACITY_RESPONSE_S30_I19,total_queue_wait_mean_seconds,LOWER_CAPACITY_MINUS_HIGHER_CAPACITY,50,1.65608672374,1.24007345642,0.175372870041,0.95,1.30366174684,2.00851170064,PASS,EXPLORATORY_SENSITIVITY_NOT_CONFIRMATORY
1.0,TASK3_CAPACITY_RESPONSE_SURFACE_EXPLORATORY_V1,SECURITY,,19,31,30,CAPACITY_RESPONSE_S31_I19,CAPACITY_RESPONSE_S30_I19,peak_total_waiting_queue,LOWER_CAPACITY_MINUS_HIGHER_CAPACITY,50,3.94,2.97890542834,0.421280845779,0.95,3.09340444445,4.78659555555,PASS,EXPLORATORY_SENSITIVITY_NOT_CONFIRMATORY
1.0,TASK3_CAPACITY_RESPONSE_SURFACE_EXPLORATORY_V1,SECURITY,,19,31,30,CAPACITY_RESPONSE_S31_I19,CAPACITY_RESPONSE_S30_I19,time_weighted_mean_total_waiting_queue,LOWER_CAPACITY_MINUS_HIGHER_CAPACITY,50,2.16847556673,1.64398614697,0.23249475054,0.95,1.70125987328,2.63569126018,PASS,EXPLORATORY_SENSITIVITY_NOT_CONFIRMATORY
1.0,TASK3_CAPACITY_RESPONSE_SURFACE_EXPLORATORY_V1,SECURITY,,19,31,30,CAPACITY_RESPONSE_S31_I19,CAPACITY_RESPONSE_S30_I19,cutoff_backlog,LOWER_CAPACITY_MINUS_HIGHER_CAPACITY,50,3.9,3.53553390593,0.5,0.95,2.89521238144,4.90478761856,PASS,EXPLORATORY_SENSITIVITY_NOT_CONFIRMATORY
1.0,TASK3_CAPACITY_RESPONSE_SURFACE_EXPLORATORY_V1,SECURITY,,19,31,30,CAPACITY_RESPONSE_S31_I19,CAPACITY_RESPONSE_S30_I19,cohort_clear_time_after_cutoff_seconds,LOWER_CAPACITY_MINUS_HIGHER_CAPACITY,50,3.4965654569,2.93143626435,0.414567692227,0.95,2.66346048849,4.32967042531,PASS,EXPLORATORY_SENSITIVITY_NOT_CONFIRMATORY
1.0,TASK3_CAPACITY_RESPONSE_SURFACE_EXPLORATORY_V1,SECURITY,,19,31,30,CAPACITY_RESPONSE_S31_I19,CAPACITY_RESPONSE_S30_I19,security_wait_p95_seconds,LOWER_CAPACITY_MINUS_HIGHER_CAPACITY,50,3.33639769996,2.00763789363,0.28392287375,0.95,2.76583332362,3.9069620763,PASS,EXPLORATORY_SENSITIVITY_NOT_CONFIRMATORY
1.0,TASK3_CAPACITY_RESPONSE_SURFACE_EXPLORATORY_V1,SECURITY,,19,31,30,CAPACITY_RESPONSE_S31_I19,CAPACITY_RESPONSE_S30_I19,immigration_wait_p95_seconds,LOWER_CAPACITY_MINUS_HIGHER_CAPACITY,50,-0.45700141622,0.45339686607,0.0641199997134,0.95,-0.585855379849,-0.328147452591,PASS,EXPLORATORY_SENSITIVITY_NOT_CONFIRMATORY
1.0,TASK3_CAPACITY_RESPONSE_SURFACE_EXPLORATORY_V1,SECURITY,,19,30,29,CAPACITY_RESPONSE_S30_I19,CAPACITY_RESPONSE_S29_I19,total_queue_wait_p95_seconds,LOWER_CAPACITY_MINUS_HIGHER_CAPACITY,50,4.70013210006,2.5036425255,0.354068521489,0.95,3.98860476703,5.41165943309,PASS,EXPLORATORY_SENSITIVITY_NOT_CONFIRMATORY
1.0,TASK3_CAPACITY_RESPONSE_SURFACE_EXPLORATORY_V1,SECURITY,,19,30,29,CAPACITY_RESPONSE_S30_I19,CAPACITY_RESPONSE_S29_I19,total_queue_wait_mean_seconds,LOWER_CAPACITY_MINUS_HIGHER_CAPACITY,50,2.6313671504,1.44740589046,0.204694104055,0.95,2.2200189477,3.0427153531,PASS,EXPLORATORY_SENSITIVITY_NOT_CONFIRMATORY
1.0,TASK3_CAPACITY_RESPONSE_SURFACE_EXPLORATORY_V1,SECURITY,,19,30,29,CAPACITY_RESPONSE_S30_I19,CAPACITY_RESPONSE_S29_I19,peak_total_waiting_queue,LOWER_CAPACITY_MINUS_HIGHER_CAPACITY,50,6.18,3.46816425005,0.490472491895,0.95,5.19435862579,7.16564137421,PASS,EXPLORATORY_SENSITIVITY_NOT_CONFIRMATORY
1.0,TASK3_CAPACITY_RESPONSE_SURFACE_EXPLORATORY_V1,SECURITY,,19,30,29,CAPACITY_RESPONSE_S30_I19,CAPACITY_RESPONSE_S29_I19,time_weighted_mean_total_waiting_queue,LOWER_CAPACITY_MINUS_HIGHER_CAPACITY,50,3.29131508556,1.82436158782,0.258003690017,0.95,2.77283725902,3.80979291211,PASS,EXPLORATORY_SENSITIVITY_NOT_CONFIRMATORY
1.0,TASK3_CAPACITY_RESPONSE_SURFACE_EXPLORATORY_V1,SECURITY,,19,30,29,CAPACITY_RESPONSE_S30_I19,CAPACITY_RESPONSE_S29_I19,cutoff_backlog,LOWER_CAPACITY_MINUS_HIGHER_CAPACITY,50,6.08,3.94782295987,0.558306477169,0.95,4.95804112875,7.20195887125,PASS,EXPLORATORY_SENSITIVITY_NOT_CONFIRMATORY
1.0,TASK3_CAPACITY_RESPONSE_SURFACE_EXPLORATORY_V1,SECURITY,,19,30,29,CAPACITY_RESPONSE_S30_I19,CAPACITY_RESPONSE_S29_I19,cohort_clear_time_after_cutoff_seconds,LOWER_CAPACITY_MINUS_HIGHER_CAPACITY,50,5.62603619304,3.41557701519,0.483035533821,0.95,4.65533994562,6.59673244046,PASS,EXPLORATORY_SENSITIVITY_NOT_CONFIRMATORY
1.0,TASK3_CAPACITY_RESPONSE_SURFACE_EXPLORATORY_V1,SECURITY,,19,30,29,CAPACITY_RESPONSE_S30_I19,CAPACITY_RESPONSE_S29_I19,security_wait_p95_seconds,LOWER_CAPACITY_MINUS_HIGHER_CAPACITY,50,4.8848994665,2.48349994253,0.351219930088,0.95,4.17909659221,5.59070234079,PASS,EXPLORATORY_SENSITIVITY_NOT_CONFIRMATORY
1.0,TASK3_CAPACITY_RESPONSE_SURFACE_EXPLORATORY_V1,SECURITY,,19,30,29,CAPACITY_RESPONSE_S30_I19,CAPACITY_RESPONSE_S29_I19,immigration_wait_p95_seconds,LOWER_CAPACITY_MINUS_HIGHER_CAPACITY,50,-0.33733301766,0.455326682056,0.0643929169073,0.95,-0.466735428923,-0.207930606397,PASS,EXPLORATORY_SENSITIVITY_NOT_CONFIRMATORY
1.0,TASK3_CAPACITY_RESPONSE_SURFACE_EXPLORATORY_V1,SECURITY,,19,29,28,CAPACITY_RESPONSE_S29_I19,CAPACITY_RESPONSE_S28_I19,total_queue_wait_p95_seconds,LOWER_CAPACITY_MINUS_HIGHER_CAPACITY,50,6.9534272096,2.73580643723,0.386901456756,0.95,6.17591962289,7.73093479631,PASS,EXPLORATORY_SENSITIVITY_NOT_CONFIRMATORY
1.0,TASK3_CAPACITY_RESPONSE_SURFACE_EXPLORATORY_V1,SECURITY,,19,29,28,CAPACITY_RESPONSE_S29_I19,CAPACITY_RESPONSE_S28_I19,total_queue_wait_mean_seconds,LOWER_CAPACITY_MINUS_HIGHER_CAPACITY,50,3.77392667456,1.45109718289,0.205216131636,0.95,3.36152941816,4.18632393096,PASS,EXPLORATORY_SENSITIVITY_NOT_CONFIRMATORY
1.0,TASK3_CAPACITY_RESPONSE_SURFACE_EXPLORATORY_V1,SECURITY,,19,29,28,CAPACITY_RESPONSE_S29_I19,CAPACITY_RESPONSE_S28_I19,peak_total_waiting_queue,LOWER_CAPACITY_MINUS_HIGHER_CAPACITY,50,8.42,3.3325237112,0.471290022931,0.95,7.47290724041,9.36709275959,PASS,EXPLORATORY_SENSITIVITY_NOT_CONFIRMATORY
1.0,TASK3_CAPACITY_RESPONSE_SURFACE_EXPLORATORY_V1,SECURITY,,19,29,28,CAPACITY_RESPONSE_S29_I19,CAPACITY_RESPONSE_S28_I19,time_weighted_mean_total_waiting_queue,LOWER_CAPACITY_MINUS_HIGHER_CAPACITY,50,4.50077933482,1.7325518253,0.245019828885,0.95,4.00839355408,4.99316511555,PASS,EXPLORATORY_SENSITIVITY_NOT_CONFIRMATORY
1.0,TASK3_CAPACITY_RESPONSE_SURFACE_EXPLORATORY_V1,SECURITY,,19,29,28,CAPACITY_RESPONSE_S29_I19,CAPACITY_RESPONSE_S28_I19,cutoff_backlog,LOWER_CAPACITY_MINUS_HIGHER_CAPACITY,50,8.68,3.47844675635,0.491926657882,0.95,7.69143636984,9.66856363016,PASS,EXPLORATORY_SENSITIVITY_NOT_CONFIRMATORY
1.0,TASK3_CAPACITY_RESPONSE_SURFACE_EXPLORATORY_V1,SECURITY,,19,29,28,CAPACITY_RESPONSE_S29_I19,CAPACITY_RESPONSE_S28_I19,cohort_clear_time_after_cutoff_seconds,LOWER_CAPACITY_MINUS_HIGHER_CAPACITY,50,8.22062078744,3.41185898292,0.482509724655,0.95,7.2509811931,9.19026038178,PASS,EXPLORATORY_SENSITIVITY_NOT_CONFIRMATORY
1.0,TASK3_CAPACITY_RESPONSE_SURFACE_EXPLORATORY_V1,SECURITY,,19,29,28,CAPACITY_RESPONSE_S29_I19,CAPACITY_RESPONSE_S28_I19,security_wait_p95_seconds,LOWER_CAPACITY_MINUS_HIGHER_CAPACITY,50,6.97863121378,2.68296074237,0.379427946918,0.95,6.21614220738,7.74112022018,PASS,EXPLORATORY_SENSITIVITY_NOT_CONFIRMATORY
1.0,TASK3_CAPACITY_RESPONSE_SURFACE_EXPLORATORY_V1,SECURITY,,19,29,28,CAPACITY_RESPONSE_S29_I19,CAPACITY_RESPONSE_S28_I19,immigration_wait_p95_seconds,LOWER_CAPACITY_MINUS_HIGHER_CAPACITY,50,-0.2294401789,0.700476736961,0.0990623701537,0.95,-0.428513464892,-0.0303668929078,PASS,EXPLORATORY_SENSITIVITY_NOT_CONFIRMATORY
1.0,TASK3_CAPACITY_RESPONSE_SURFACE_EXPLORATORY_V1,SECURITY,,18,36,35,CAPACITY_RESPONSE_S36_I18,CAPACITY_RESPONSE_S35_I18,total_queue_wait_p95_seconds,LOWER_CAPACITY_MINUS_HIGHER_CAPACITY,50,0,0,0,0.95,0,0,PASS,EXPLORATORY_SENSITIVITY_NOT_CONFIRMATORY
1.0,TASK3_CAPACITY_RESPONSE_SURFACE_EXPLORATORY_V1,SECURITY,,18,36,35,CAPACITY_RESPONSE_S36_I18,CAPACITY_RESPONSE_S35_I18,total_queue_wait_mean_seconds,LOWER_CAPACITY_MINUS_HIGHER_CAPACITY,50,0.00022120168,0.00117257739776,0.000165827485885,0.95,-0.000112041129269,0.000554444489269,PASS,EXPLORATORY_SENSITIVITY_NOT_CONFIRMATORY
1.0,TASK3_CAPACITY_RESPONSE_SURFACE_EXPLORATORY_V1,SECURITY,,18,36,35,CAPACITY_RESPONSE_S36_I18,CAPACITY_RESPONSE_S35_I18,peak_total_waiting_queue,LOWER_CAPACITY_MINUS_HIGHER_CAPACITY,50,-0.5,0.839095723176,0.118666055185,0.95,-0.738468365987,-0.261531634013,PASS,EXPLORATORY_SENSITIVITY_NOT_CONFIRMATORY
1.0,TASK3_CAPACITY_RESPONSE_SURFACE_EXPLORATORY_V1,SECURITY,,18,36,35,CAPACITY_RESPONSE_S36_I18,CAPACITY_RESPONSE_S35_I18,time_weighted_mean_total_waiting_queue,LOWER_CAPACITY_MINUS_HIGHER_CAPACITY,50,0.0283911586772,0.0410778160913,0.0058092804629,0.95,0.0167169725134,0.040065344841,PASS,EXPLORATORY_SENSITIVITY_NOT_CONFIRMATORY
1.0,TASK3_CAPACITY_RESPONSE_SURFACE_EXPLORATORY_V1,SECURITY,,18,36,35,CAPACITY_RESPONSE_S36_I18,CAPACITY_RESPONSE_S35_I18,cutoff_backlog,LOWER_CAPACITY_MINUS_HIGHER_CAPACITY,50,0,0,0,0.95,0,0,PASS,EXPLORATORY_SENSITIVITY_NOT_CONFIRMATORY
1.0,TASK3_CAPACITY_RESPONSE_SURFACE_EXPLORATORY_V1,SECURITY,,18,36,35,CAPACITY_RESPONSE_S36_I18,CAPACITY_RESPONSE_S35_I18,cohort_clear_time_after_cutoff_seconds,LOWER_CAPACITY_MINUS_HIGHER_CAPACITY,50,0,0,0,0.95,0,0,PASS,EXPLORATORY_SENSITIVITY_NOT_CONFIRMATORY
1.0,TASK3_CAPACITY_RESPONSE_SURFACE_EXPLORATORY_V1,SECURITY,,18,36,35,CAPACITY_RESPONSE_S36_I18,CAPACITY_RESPONSE_S35_I18,security_wait_p95_seconds,LOWER_CAPACITY_MINUS_HIGHER_CAPACITY,50,0.80939368966,0.389667058801,0.0551072439367,0.95,0.698651536858,0.920135842462,PASS,EXPLORATORY_SENSITIVITY_NOT_CONFIRMATORY
1.0,TASK3_CAPACITY_RESPONSE_SURFACE_EXPLORATORY_V1,SECURITY,,18,36,35,CAPACITY_RESPONSE_S36_I18,CAPACITY_RESPONSE_S35_I18,immigration_wait_p95_seconds,LOWER_CAPACITY_MINUS_HIGHER_CAPACITY,50,-0.46958870746,0.417205317347,0.0590017418086,0.95,-0.588157146746,-0.351020268174,PASS,EXPLORATORY_SENSITIVITY_NOT_CONFIRMATORY
1.0,TASK3_CAPACITY_RESPONSE_SURFACE_EXPLORATORY_V1,SECURITY,,18,35,34,CAPACITY_RESPONSE_S35_I18,CAPACITY_RESPONSE_S34_I18,total_queue_wait_p95_seconds,LOWER_CAPACITY_MINUS_HIGHER_CAPACITY,50,0,0,0,0.95,0,0,PASS,EXPLORATORY_SENSITIVITY_NOT_CONFIRMATORY
1.0,TASK3_CAPACITY_RESPONSE_SURFACE_EXPLORATORY_V1,SECURITY,,18,35,34,CAPACITY_RESPONSE_S35_I18,CAPACITY_RESPONSE_S34_I18,total_queue_wait_mean_seconds,LOWER_CAPACITY_MINUS_HIGHER_CAPACITY,50,0.0039703895,0.0100715242271,0.00142432861557,0.95,0.00110809398462,0.00683268501538,PASS,EXPLORATORY_SENSITIVITY_NOT_CONFIRMATORY
1.0,TASK3_CAPACITY_RESPONSE_SURFACE_EXPLORATORY_V1,SECURITY,,18,35,34,CAPACITY_RESPONSE_S35_I18,CAPACITY_RESPONSE_S34_I18,peak_total_waiting_queue,LOWER_CAPACITY_MINUS_HIGHER_CAPACITY,50,-0.4,0.880630571853,0.124539969815,0.95,-0.650272439374,-0.149727560626,PASS,EXPLORATORY_SENSITIVITY_NOT_CONFIRMATORY
1.0,TASK3_CAPACITY_RESPONSE_SURFACE_EXPLORATORY_V1,SECURITY,,18,35,34,CAPACITY_RESPONSE_S35_I18,CAPACITY_RESPONSE_S34_I18,time_weighted_mean_total_waiting_queue,LOWER_CAPACITY_MINUS_HIGHER_CAPACITY,50,0.0495946235513,0.0623094810566,0.00881189131747,0.95,0.0318864649675,0.0673027821352,PASS,EXPLORATORY_SENSITIVITY_NOT_CONFIRMATORY
1.0,TASK3_CAPACITY_RESPONSE_SURFACE_EXPLORATORY_V1,SECURITY,,18,35,34,CAPACITY_RESPONSE_S35_I18,CAPACITY_RESPONSE_S34_I18,cutoff_backlog,LOWER_CAPACITY_MINUS_HIGHER_CAPACITY,50,0,0,0,0.95,0,0,PASS,EXPLORATORY_SENSITIVITY_NOT_CONFIRMATORY
1.0,TASK3_CAPACITY_RESPONSE_SURFACE_EXPLORATORY_V1,SECURITY,,18,35,34,CAPACITY_RESPONSE_S35_I18,CAPACITY_RESPONSE_S34_I18,cohort_clear_time_after_cutoff_seconds,LOWER_CAPACITY_MINUS_HIGHER_CAPACITY,50,0,0,0,0.95,0,0,PASS,EXPLORATORY_SENSITIVITY_NOT_CONFIRMATORY
1.0,TASK3_CAPACITY_RESPONSE_SURFACE_EXPLORATORY_V1,SECURITY,,18,35,34,CAPACITY_RESPONSE_S35_I18,CAPACITY_RESPONSE_S34_I18,security_wait_p95_seconds,LOWER_CAPACITY_MINUS_HIGHER_CAPACITY,50,0.95226825266,0.589747206013,0.0834028497115,0.95,0.784663951174,1.11987255415,PASS,EXPLORATORY_SENSITIVITY_NOT_CONFIRMATORY
1.0,TASK3_CAPACITY_RESPONSE_SURFACE_EXPLORATORY_V1,SECURITY,,18,35,34,CAPACITY_RESPONSE_S35_I18,CAPACITY_RESPONSE_S34_I18,immigration_wait_p95_seconds,LOWER_CAPACITY_MINUS_HIGHER_CAPACITY,50,-0.6186686555,0.523870549923,0.0740864836629,0.95,-0.767551018475,-0.469786292525,PASS,EXPLORATORY_SENSITIVITY_NOT_CONFIRMATORY
1.0,TASK3_CAPACITY_RESPONSE_SURFACE_EXPLORATORY_V1,SECURITY,,18,34,33,CAPACITY_RESPONSE_S34_I18,CAPACITY_RESPONSE_S33_I18,total_queue_wait_p95_seconds,LOWER_CAPACITY_MINUS_HIGHER_CAPACITY,50,0.01433478106,0.0409280541414,0.00578810092482,0.95,0.00270315677147,0.0259664053485,PASS,EXPLORATORY_SENSITIVITY_NOT_CONFIRMATORY
1.0,TASK3_CAPACITY_RESPONSE_SURFACE_EXPLORATORY_V1,SECURITY,,18,34,33,CAPACITY_RESPONSE_S34_I18,CAPACITY_RESPONSE_S33_I18,total_queue_wait_mean_seconds,LOWER_CAPACITY_MINUS_HIGHER_CAPACITY,50,0.01359012918,0.021561330539,0.00304923260711,0.95,0.00746246684051,0.0197177915195,PASS,EXPLORATORY_SENSITIVITY_NOT_CONFIRMATORY
1.0,TASK3_CAPACITY_RESPONSE_SURFACE_EXPLORATORY_V1,SECURITY,,18,34,33,CAPACITY_RESPONSE_S34_I18,CAPACITY_RESPONSE_S33_I18,peak_total_waiting_queue,LOWER_CAPACITY_MINUS_HIGHER_CAPACITY,50,0,1.16057691495,0.16413036133,0.95,-0.329832309789,0.329832309789,PASS,EXPLORATORY_SENSITIVITY_NOT_CONFIRMATORY
1.0,TASK3_CAPACITY_RESPONSE_SURFACE_EXPLORATORY_V1,SECURITY,,18,34,33,CAPACITY_RESPONSE_S34_I18,CAPACITY_RESPONSE_S33_I18,time_weighted_mean_total_waiting_queue,LOWER_CAPACITY_MINUS_HIGHER_CAPACITY,50,0.10320298367,0.124596027223,0.0176205391516,0.95,0.0677931845261,0.138612782814,PASS,EXPLORATORY_SENSITIVITY_NOT_CONFIRMATORY
1.0,TASK3_CAPACITY_RESPONSE_SURFACE_EXPLORATORY_V1,SECURITY,,18,34,33,CAPACITY_RESPONSE_S34_I18,CAPACITY_RESPONSE_S33_I18,cutoff_backlog,LOWER_CAPACITY_MINUS_HIGHER_CAPACITY,50,0.02,0.141421356237,0.02,0.95,-0.0201915047426,0.0601915047426,PASS,EXPLORATORY_SENSITIVITY_NOT_CONFIRMATORY
1.0,TASK3_CAPACITY_RESPONSE_SURFACE_EXPLORATORY_V1,SECURITY,,18,34,33,CAPACITY_RESPONSE_S34_I18,CAPACITY_RESPONSE_S33_I18,cohort_clear_time_after_cutoff_seconds,LOWER_CAPACITY_MINUS_HIGHER_CAPACITY,50,0.01341829586,0.0948816799457,0.01341829586,0.95,-0.0135467792247,0.0403833709447,PASS,EXPLORATORY_SENSITIVITY_NOT_CONFIRMATORY
1.0,TASK3_CAPACITY_RESPONSE_SURFACE_EXPLORATORY_V1,SECURITY,,18,34,33,CAPACITY_RESPONSE_S34_I18,CAPACITY_RESPONSE_S33_I18,security_wait_p95_seconds,LOWER_CAPACITY_MINUS_HIGHER_CAPACITY,50,1.2485991073,0.78915198579,0.111602944108,0.95,1.02432459443,1.47287362017,PASS,EXPLORATORY_SENSITIVITY_NOT_CONFIRMATORY
1.0,TASK3_CAPACITY_RESPONSE_SURFACE_EXPLORATORY_V1,SECURITY,,18,34,33,CAPACITY_RESPONSE_S34_I18,CAPACITY_RESPONSE_S33_I18,immigration_wait_p95_seconds,LOWER_CAPACITY_MINUS_HIGHER_CAPACITY,50,-1.03120132578,1.08728120503,0.153764782627,0.95,-1.34020322529,-0.72219942627,PASS,EXPLORATORY_SENSITIVITY_NOT_CONFIRMATORY
1.0,TASK3_CAPACITY_RESPONSE_SURFACE_EXPLORATORY_V1,SECURITY,,18,33,32,CAPACITY_RESPONSE_S33_I18,CAPACITY_RESPONSE_S32_I18,total_queue_wait_p95_seconds,LOWER_CAPACITY_MINUS_HIGHER_CAPACITY,50,0.0574189758,0.0807058294125,0.0114135278518,0.95,0.0344826328608,0.0803553187392,PASS,EXPLORATORY_SENSITIVITY_NOT_CONFIRMATORY
1.0,TASK3_CAPACITY_RESPONSE_SURFACE_EXPLORATORY_V1,SECURITY,,18,33,32,CAPACITY_RESPONSE_S33_I18,CAPACITY_RESPONSE_S32_I18,total_queue_wait_mean_seconds,LOWER_CAPACITY_MINUS_HIGHER_CAPACITY,50,0.05516877348,0.0634492257808,0.00897307556213,0.95,0.0371367030294,0.0732008439306,PASS,EXPLORATORY_SENSITIVITY_NOT_CONFIRMATORY
1.0,TASK3_CAPACITY_RESPONSE_SURFACE_EXPLORATORY_V1,SECURITY,,18,33,32,CAPACITY_RESPONSE_S33_I18,CAPACITY_RESPONSE_S32_I18,peak_total_waiting_queue,LOWER_CAPACITY_MINUS_HIGHER_CAPACITY,50,0.74,0.59965976748,0.084804697598,0.95,0.569578579715,0.910421420285,PASS,EXPLORATORY_SENSITIVITY_NOT_CONFIRMATORY
1.0,TASK3_CAPACITY_RESPONSE_SURFACE_EXPLORATORY_V1,SECURITY,,18,33,32,CAPACITY_RESPONSE_S33_I18,CAPACITY_RESPONSE_S32_I18,time_weighted_mean_total_waiting_queue,LOWER_CAPACITY_MINUS_HIGHER_CAPACITY,50,0.199176457203,0.181506787161,0.0256689360065,0.95,0.147592799041,0.250760115366,PASS,EXPLORATORY_SENSITIVITY_NOT_CONFIRMATORY
1.0,TASK3_CAPACITY_RESPONSE_SURFACE_EXPLORATORY_V1,SECURITY,,18,33,32,CAPACITY_RESPONSE_S33_I18,CAPACITY_RESPONSE_S32_I18,cutoff_backlog,LOWER_CAPACITY_MINUS_HIGHER_CAPACITY,50,0.14,0.404565778814,0.0572142411271,0.95,0.0250236778197,0.25497632218,PASS,EXPLORATORY_SENSITIVITY_NOT_CONFIRMATORY
1.0,TASK3_CAPACITY_RESPONSE_SURFACE_EXPLORATORY_V1,SECURITY,,18,33,32,CAPACITY_RESPONSE_S33_I18,CAPACITY_RESPONSE_S32_I18,cohort_clear_time_after_cutoff_seconds,LOWER_CAPACITY_MINUS_HIGHER_CAPACITY,50,0.03350021166,0.120164482687,0.0169938241132,0.95,-0.000650156461991,0.067650579782,PASS,EXPLORATORY_SENSITIVITY_NOT_CONFIRMATORY
1.0,TASK3_CAPACITY_RESPONSE_SURFACE_EXPLORATORY_V1,SECURITY,,18,33,32,CAPACITY_RESPONSE_S33_I18,CAPACITY_RESPONSE_S32_I18,security_wait_p95_seconds,LOWER_CAPACITY_MINUS_HIGHER_CAPACITY,50,1.56868896072,0.985450406578,0.139363733003,0.95,1.28862705392,1.84875086752,PASS,EXPLORATORY_SENSITIVITY_NOT_CONFIRMATORY
1.0,TASK3_CAPACITY_RESPONSE_SURFACE_EXPLORATORY_V1,SECURITY,,18,33,32,CAPACITY_RESPONSE_S33_I18,CAPACITY_RESPONSE_S32_I18,immigration_wait_p95_seconds,LOWER_CAPACITY_MINUS_HIGHER_CAPACITY,50,-1.65194642158,1.53321199747,0.216828920081,0.95,-2.08768045007,-1.21621239309,PASS,EXPLORATORY_SENSITIVITY_NOT_CONFIRMATORY
1.0,TASK3_CAPACITY_RESPONSE_SURFACE_EXPLORATORY_V1,SECURITY,,18,32,31,CAPACITY_RESPONSE_S32_I18,CAPACITY_RESPONSE_S31_I18,total_queue_wait_p95_seconds,LOWER_CAPACITY_MINUS_HIGHER_CAPACITY,50,0.2005246224,0.160860697221,0.0227491379662,0.95,0.154808518077,0.246240726723,PASS,EXPLORATORY_SENSITIVITY_NOT_CONFIRMATORY
1.0,TASK3_CAPACITY_RESPONSE_SURFACE_EXPLORATORY_V1,SECURITY,,18,32,31,CAPACITY_RESPONSE_S32_I18,CAPACITY_RESPONSE_S31_I18,total_queue_wait_mean_seconds,LOWER_CAPACITY_MINUS_HIGHER_CAPACITY,50,0.14783111988,0.102415875174,0.0144837919673,0.95,0.118724850203,0.176937389557,PASS,EXPLORATORY_SENSITIVITY_NOT_CONFIRMATORY
1.0,TASK3_CAPACITY_RESPONSE_SURFACE_EXPLORATORY_V1,SECURITY,,18,32,31,CAPACITY_RESPONSE_S32_I18,CAPACITY_RESPONSE_S31_I18,peak_total_waiting_queue,LOWER_CAPACITY_MINUS_HIGHER_CAPACITY,50,1.14,0.495283880667,0.0700437181265,0.95,0.999241878537,1.28075812146,PASS,EXPLORATORY_SENSITIVITY_NOT_CONFIRMATORY
1.0,TASK3_CAPACITY_RESPONSE_SURFACE_EXPLORATORY_V1,SECURITY,,18,32,31,CAPACITY_RESPONSE_S32_I18,CAPACITY_RESPONSE_S31_I18,time_weighted_mean_total_waiting_queue,LOWER_CAPACITY_MINUS_HIGHER_CAPACITY,50,0.39195544463,0.273361291308,0.0386591245595,0.95,0.314267025226,0.469643864033,PASS,EXPLORATORY_SENSITIVITY_NOT_CONFIRMATORY
1.0,TASK3_CAPACITY_RESPONSE_SURFACE_EXPLORATORY_V1,SECURITY,,18,32,31,CAPACITY_RESPONSE_S32_I18,CAPACITY_RESPONSE_S31_I18,cutoff_backlog,LOWER_CAPACITY_MINUS_HIGHER_CAPACITY,50,0.4,0.606091526731,0.0857142857143,0.95,0.22775069396,0.57224930604,PASS,EXPLORATORY_SENSITIVITY_NOT_CONFIRMATORY
1.0,TASK3_CAPACITY_RESPONSE_SURFACE_EXPLORATORY_V1,SECURITY,,18,32,31,CAPACITY_RESPONSE_S32_I18,CAPACITY_RESPONSE_S31_I18,cohort_clear_time_after_cutoff_seconds,LOWER_CAPACITY_MINUS_HIGHER_CAPACITY,50,0.2175581058,0.486123869621,0.0687482969411,0.95,0.0794032306723,0.355712980928,PASS,EXPLORATORY_SENSITIVITY_NOT_CONFIRMATORY
1.0,TASK3_CAPACITY_RESPONSE_SURFACE_EXPLORATORY_V1,SECURITY,,18,32,31,CAPACITY_RESPONSE_S32_I18,CAPACITY_RESPONSE_S31_I18,security_wait_p95_seconds,LOWER_CAPACITY_MINUS_HIGHER_CAPACITY,50,2.32603468422,1.4657736414,0.207291696303,0.95,1.90946642447,2.74260294397,PASS,EXPLORATORY_SENSITIVITY_NOT_CONFIRMATORY
1.0,TASK3_CAPACITY_RESPONSE_SURFACE_EXPLORATORY_V1,SECURITY,,18,32,31,CAPACITY_RESPONSE_S32_I18,CAPACITY_RESPONSE_S31_I18,immigration_wait_p95_seconds,LOWER_CAPACITY_MINUS_HIGHER_CAPACITY,50,-2.35263229996,1.86068296395,0.26314030829,0.95,-2.88143254739,-1.82383205253,PASS,EXPLORATORY_SENSITIVITY_NOT_CONFIRMATORY
1.0,TASK3_CAPACITY_RESPONSE_SURFACE_EXPLORATORY_V1,SECURITY,,18,31,30,CAPACITY_RESPONSE_S31_I18,CAPACITY_RESPONSE_S30_I18,total_queue_wait_p95_seconds,LOWER_CAPACITY_MINUS_HIGHER_CAPACITY,50,1.03601699944,0.574461370625,0.0812411061397,0.95,0.872756884305,1.19927711458,PASS,EXPLORATORY_SENSITIVITY_NOT_CONFIRMATORY
1.0,TASK3_CAPACITY_RESPONSE_SURFACE_EXPLORATORY_V1,SECURITY,,18,31,30,CAPACITY_RESPONSE_S31_I18,CAPACITY_RESPONSE_S30_I18,total_queue_wait_mean_seconds,LOWER_CAPACITY_MINUS_HIGHER_CAPACITY,50,0.62746645072,0.353722562326,0.0500239244959,0.95,0.526939610789,0.727993290651,PASS,EXPLORATORY_SENSITIVITY_NOT_CONFIRMATORY
1.0,TASK3_CAPACITY_RESPONSE_SURFACE_EXPLORATORY_V1,SECURITY,,18,31,30,CAPACITY_RESPONSE_S31_I18,CAPACITY_RESPONSE_S30_I18,peak_total_waiting_queue,LOWER_CAPACITY_MINUS_HIGHER_CAPACITY,50,1.9,1.01519074311,0.14356965173,0.95,1.61148598308,2.18851401692,PASS,EXPLORATORY_SENSITIVITY_NOT_CONFIRMATORY
1.0,TASK3_CAPACITY_RESPONSE_SURFACE_EXPLORATORY_V1,SECURITY,,18,31,30,CAPACITY_RESPONSE_S31_I18,CAPACITY_RESPONSE_S30_I18,time_weighted_mean_total_waiting_queue,LOWER_CAPACITY_MINUS_HIGHER_CAPACITY,50,1.04701416942,0.630082968306,0.0891071879199,0.95,0.86794657113,1.22608176772,PASS,EXPLORATORY_SENSITIVITY_NOT_CONFIRMATORY
1.0,TASK3_CAPACITY_RESPONSE_SURFACE_EXPLORATORY_V1,SECURITY,,18,31,30,CAPACITY_RESPONSE_S31_I18,CAPACITY_RESPONSE_S30_I18,cutoff_backlog,LOWER_CAPACITY_MINUS_HIGHER_CAPACITY,50,1.48,1.21621695165,0.17199905078,0.95,1.13435496674,1.82564503326,PASS,EXPLORATORY_SENSITIVITY_NOT_CONFIRMATORY
1.0,TASK3_CAPACITY_RESPONSE_SURFACE_EXPLORATORY_V1,SECURITY,,18,31,30,CAPACITY_RESPONSE_S31_I18,CAPACITY_RESPONSE_S30_I18,cohort_clear_time_after_cutoff_seconds,LOWER_CAPACITY_MINUS_HIGHER_CAPACITY,50,1.1468277859,0.873125036561,0.123478526835,0.95,0.898688396055,1.39496717575,PASS,EXPLORATORY_SENSITIVITY_NOT_CONFIRMATORY
1.0,TASK3_CAPACITY_RESPONSE_SURFACE_EXPLORATORY_V1,SECURITY,,18,31,30,CAPACITY_RESPONSE_S31_I18,CAPACITY_RESPONSE_S30_I18,security_wait_p95_seconds,LOWER_CAPACITY_MINUS_HIGHER_CAPACITY,50,3.33639769996,2.00763789363,0.28392287375,0.95,2.76583332362,3.9069620763,PASS,EXPLORATORY_SENSITIVITY_NOT_CONFIRMATORY
1.0,TASK3_CAPACITY_RESPONSE_SURFACE_EXPLORATORY_V1,SECURITY,,18,31,30,CAPACITY_RESPONSE_S31_I18,CAPACITY_RESPONSE_S30_I18,immigration_wait_p95_seconds,LOWER_CAPACITY_MINUS_HIGHER_CAPACITY,50,-2.15831138084,1.50724554292,0.213156708862,0.95,-2.5866658246,-1.72995693708,PASS,EXPLORATORY_SENSITIVITY_NOT_CONFIRMATORY
1.0,TASK3_CAPACITY_RESPONSE_SURFACE_EXPLORATORY_V1,SECURITY,,18,30,29,CAPACITY_RESPONSE_S30_I18,CAPACITY_RESPONSE_S29_I18,total_queue_wait_p95_seconds,LOWER_CAPACITY_MINUS_HIGHER_CAPACITY,50,4.3302953682,2.49299233282,0.352562356796,0.95,3.62179478644,5.03879594996,PASS,EXPLORATORY_SENSITIVITY_NOT_CONFIRMATORY
1.0,TASK3_CAPACITY_RESPONSE_SURFACE_EXPLORATORY_V1,SECURITY,,18,30,29,CAPACITY_RESPONSE_S30_I18,CAPACITY_RESPONSE_S29_I18,total_queue_wait_mean_seconds,LOWER_CAPACITY_MINUS_HIGHER_CAPACITY,50,2.41201208684,1.38575377219,0.195975177874,0.95,2.01818522229,2.80583895139,PASS,EXPLORATORY_SENSITIVITY_NOT_CONFIRMATORY
1.0,TASK3_CAPACITY_RESPONSE_SURFACE_EXPLORATORY_V1,SECURITY,,18,30,29,CAPACITY_RESPONSE_S30_I18,CAPACITY_RESPONSE_S29_I18,peak_total_waiting_queue,LOWER_CAPACITY_MINUS_HIGHER_CAPACITY,50,5.92,3.37965099031,0.477954826659,0.95,4.95951381588,6.88048618412,PASS,EXPLORATORY_SENSITIVITY_NOT_CONFIRMATORY
1.0,TASK3_CAPACITY_RESPONSE_SURFACE_EXPLORATORY_V1,SECURITY,,18,30,29,CAPACITY_RESPONSE_S30_I18,CAPACITY_RESPONSE_S29_I18,time_weighted_mean_total_waiting_queue,LOWER_CAPACITY_MINUS_HIGHER_CAPACITY,50,3.02605810344,1.73355806135,0.245162132152,0.95,2.53338635359,3.5187298533,PASS,EXPLORATORY_SENSITIVITY_NOT_CONFIRMATORY
1.0,TASK3_CAPACITY_RESPONSE_SURFACE_EXPLORATORY_V1,SECURITY,,18,30,29,CAPACITY_RESPONSE_S30_I18,CAPACITY_RESPONSE_S29_I18,cutoff_backlog,LOWER_CAPACITY_MINUS_HIGHER_CAPACITY,50,5.68,3.95092342603,0.558744949299,0.95,4.55715998602,6.80284001398,PASS,EXPLORATORY_SENSITIVITY_NOT_CONFIRMATORY
1.0,TASK3_CAPACITY_RESPONSE_SURFACE_EXPLORATORY_V1,SECURITY,,18,30,29,CAPACITY_RESPONSE_S30_I18,CAPACITY_RESPONSE_S29_I18,cohort_clear_time_after_cutoff_seconds,LOWER_CAPACITY_MINUS_HIGHER_CAPACITY,50,5.33410392062,3.34845959583,0.473543697348,0.95,4.38248223273,6.28572560851,PASS,EXPLORATORY_SENSITIVITY_NOT_CONFIRMATORY
1.0,TASK3_CAPACITY_RESPONSE_SURFACE_EXPLORATORY_V1,SECURITY,,18,30,29,CAPACITY_RESPONSE_S30_I18,CAPACITY_RESPONSE_S29_I18,security_wait_p95_seconds,LOWER_CAPACITY_MINUS_HIGHER_CAPACITY,50,4.8848994665,2.48349994253,0.351219930088,0.95,4.17909659221,5.59070234079,PASS,EXPLORATORY_SENSITIVITY_NOT_CONFIRMATORY
1.0,TASK3_CAPACITY_RESPONSE_SURFACE_EXPLORATORY_V1,SECURITY,,18,30,29,CAPACITY_RESPONSE_S30_I18,CAPACITY_RESPONSE_S29_I18,immigration_wait_p95_seconds,LOWER_CAPACITY_MINUS_HIGHER_CAPACITY,50,-0.53107107438,0.484973311009,0.0685855833817,0.95,-0.668898964368,-0.393243184392,PASS,EXPLORATORY_SENSITIVITY_NOT_CONFIRMATORY
1.0,TASK3_CAPACITY_RESPONSE_SURFACE_EXPLORATORY_V1,SECURITY,,18,29,28,CAPACITY_RESPONSE_S29_I18,CAPACITY_RESPONSE_S28_I18,total_queue_wait_p95_seconds,LOWER_CAPACITY_MINUS_HIGHER_CAPACITY,50,6.85534963562,2.70141430513,0.38203767479,0.95,6.08761618471,7.62308308653,PASS,EXPLORATORY_SENSITIVITY_NOT_CONFIRMATORY
1.0,TASK3_CAPACITY_RESPONSE_SURFACE_EXPLORATORY_V1,SECURITY,,18,29,28,CAPACITY_RESPONSE_S29_I18,CAPACITY_RESPONSE_S28_I18,total_queue_wait_mean_seconds,LOWER_CAPACITY_MINUS_HIGHER_CAPACITY,50,3.68351188372,1.4393757899,0.203558476342,0.95,3.27444581035,4.09257795709,PASS,EXPLORATORY_SENSITIVITY_NOT_CONFIRMATORY
1.0,TASK3_CAPACITY_RESPONSE_SURFACE_EXPLORATORY_V1,SECURITY,,18,29,28,CAPACITY_RESPONSE_S29_I18,CAPACITY_RESPONSE_S28_I18,peak_total_waiting_queue,LOWER_CAPACITY_MINUS_HIGHER_CAPACITY,50,8.3,3.39417267729,0.480008503326,0.95,7.3353867981,9.2646132019,PASS,EXPLORATORY_SENSITIVITY_NOT_CONFIRMATORY
1.0,TASK3_CAPACITY_RESPONSE_SURFACE_EXPLORATORY_V1,SECURITY,,18,29,28,CAPACITY_RESPONSE_S29_I18,CAPACITY_RESPONSE_S28_I18,time_weighted_mean_total_waiting_queue,LOWER_CAPACITY_MINUS_HIGHER_CAPACITY,50,4.38510546074,1.71300056618,0.242254863304,0.95,3.89827608637,4.87193483511,PASS,EXPLORATORY_SENSITIVITY_NOT_CONFIRMATORY
1.0,TASK3_CAPACITY_RESPONSE_SURFACE_EXPLORATORY_V1,SECURITY,,18,29,28,CAPACITY_RESPONSE_S29_I18,CAPACITY_RESPONSE_S28_I18,cutoff_backlog,LOWER_CAPACITY_MINUS_HIGHER_CAPACITY,50,8.48,3.45371731115,0.488429386202,0.95,7.4984644004,9.4615355996,PASS,EXPLORATORY_SENSITIVITY_NOT_CONFIRMATORY
1.0,TASK3_CAPACITY_RESPONSE_SURFACE_EXPLORATORY_V1,SECURITY,,18,29,28,CAPACITY_RESPONSE_S29_I18,CAPACITY_RESPONSE_S28_I18,cohort_clear_time_after_cutoff_seconds,LOWER_CAPACITY_MINUS_HIGHER_CAPACITY,50,8.28831011392,3.28008957461,0.463874716222,0.95,7.35611897107,9.22050125677,PASS,EXPLORATORY_SENSITIVITY_NOT_CONFIRMATORY
1.0,TASK3_CAPACITY_RESPONSE_SURFACE_EXPLORATORY_V1,SECURITY,,18,29,28,CAPACITY_RESPONSE_S29_I18,CAPACITY_RESPONSE_S28_I18,security_wait_p95_seconds,LOWER_CAPACITY_MINUS_HIGHER_CAPACITY,50,6.97863121378,2.68296074237,0.379427946918,0.95,6.21614220738,7.74112022018,PASS,EXPLORATORY_SENSITIVITY_NOT_CONFIRMATORY
1.0,TASK3_CAPACITY_RESPONSE_SURFACE_EXPLORATORY_V1,SECURITY,,18,29,28,CAPACITY_RESPONSE_S29_I18,CAPACITY_RESPONSE_S28_I18,immigration_wait_p95_seconds,LOWER_CAPACITY_MINUS_HIGHER_CAPACITY,50,-0.23486572824,0.718759548571,0.101647950167,0.95,-0.439134931802,-0.0305965246785,PASS,EXPLORATORY_SENSITIVITY_NOT_CONFIRMATORY
1.0,TASK3_CAPACITY_RESPONSE_SURFACE_EXPLORATORY_V1,SECURITY,,17,36,35,CAPACITY_RESPONSE_S36_I17,CAPACITY_RESPONSE_S35_I17,total_queue_wait_p95_seconds,LOWER_CAPACITY_MINUS_HIGHER_CAPACITY,50,0,0,0,0.95,0,0,PASS,EXPLORATORY_SENSITIVITY_NOT_CONFIRMATORY
1.0,TASK3_CAPACITY_RESPONSE_SURFACE_EXPLORATORY_V1,SECURITY,,17,36,35,CAPACITY_RESPONSE_S36_I17,CAPACITY_RESPONSE_S35_I17,total_queue_wait_mean_seconds,LOWER_CAPACITY_MINUS_HIGHER_CAPACITY,50,0,0,0,0.95,0,0,PASS,EXPLORATORY_SENSITIVITY_NOT_CONFIRMATORY
1.0,TASK3_CAPACITY_RESPONSE_SURFACE_EXPLORATORY_V1,SECURITY,,17,36,35,CAPACITY_RESPONSE_S36_I17,CAPACITY_RESPONSE_S35_I17,peak_total_waiting_queue,LOWER_CAPACITY_MINUS_HIGHER_CAPACITY,50,-0.46,0.676425177243,0.0956609659588,0.95,-0.652237908351,-0.267762091649,PASS,EXPLORATORY_SENSITIVITY_NOT_CONFIRMATORY
1.0,TASK3_CAPACITY_RESPONSE_SURFACE_EXPLORATORY_V1,SECURITY,,17,36,35,CAPACITY_RESPONSE_S36_I17,CAPACITY_RESPONSE_S35_I17,time_weighted_mean_total_waiting_queue,LOWER_CAPACITY_MINUS_HIGHER_CAPACITY,50,0.0280993220147,0.0412397335863,0.00583217905464,0.95,0.016379119408,0.0398195246214,PASS,EXPLORATORY_SENSITIVITY_NOT_CONFIRMATORY
1.0,TASK3_CAPACITY_RESPONSE_SURFACE_EXPLORATORY_V1,SECURITY,,17,36,35,CAPACITY_RESPONSE_S36_I17,CAPACITY_RESPONSE_S35_I17,cutoff_backlog,LOWER_CAPACITY_MINUS_HIGHER_CAPACITY,50,0,0,0,0.95,0,0,PASS,EXPLORATORY_SENSITIVITY_NOT_CONFIRMATORY
1.0,TASK3_CAPACITY_RESPONSE_SURFACE_EXPLORATORY_V1,SECURITY,,17,36,35,CAPACITY_RESPONSE_S36_I17,CAPACITY_RESPONSE_S35_I17,cohort_clear_time_after_cutoff_seconds,LOWER_CAPACITY_MINUS_HIGHER_CAPACITY,50,0,0,0,0.95,0,0,PASS,EXPLORATORY_SENSITIVITY_NOT_CONFIRMATORY
1.0,TASK3_CAPACITY_RESPONSE_SURFACE_EXPLORATORY_V1,SECURITY,,17,36,35,CAPACITY_RESPONSE_S36_I17,CAPACITY_RESPONSE_S35_I17,security_wait_p95_seconds,LOWER_CAPACITY_MINUS_HIGHER_CAPACITY,50,0.80939368966,0.389667058801,0.0551072439367,0.95,0.698651536858,0.920135842462,PASS,EXPLORATORY_SENSITIVITY_NOT_CONFIRMATORY
1.0,TASK3_CAPACITY_RESPONSE_SURFACE_EXPLORATORY_V1,SECURITY,,17,36,35,CAPACITY_RESPONSE_S36_I17,CAPACITY_RESPONSE_S35_I17,immigration_wait_p95_seconds,LOWER_CAPACITY_MINUS_HIGHER_CAPACITY,50,-0.33866222464,0.364281676179,0.0515172086977,0.95,-0.442189931525,-0.235134517755,PASS,EXPLORATORY_SENSITIVITY_NOT_CONFIRMATORY
1.0,TASK3_CAPACITY_RESPONSE_SURFACE_EXPLORATORY_V1,SECURITY,,17,35,34,CAPACITY_RESPONSE_S35_I17,CAPACITY_RESPONSE_S34_I17,total_queue_wait_p95_seconds,LOWER_CAPACITY_MINUS_HIGHER_CAPACITY,50,0,0,0,0.95,0,0,PASS,EXPLORATORY_SENSITIVITY_NOT_CONFIRMATORY
1.0,TASK3_CAPACITY_RESPONSE_SURFACE_EXPLORATORY_V1,SECURITY,,17,35,34,CAPACITY_RESPONSE_S35_I17,CAPACITY_RESPONSE_S34_I17,total_queue_wait_mean_seconds,LOWER_CAPACITY_MINUS_HIGHER_CAPACITY,50,0,0,0,0.95,0,0,PASS,EXPLORATORY_SENSITIVITY_NOT_CONFIRMATORY
1.0,TASK3_CAPACITY_RESPONSE_SURFACE_EXPLORATORY_V1,SECURITY,,17,35,34,CAPACITY_RESPONSE_S35_I17,CAPACITY_RESPONSE_S34_I17,peak_total_waiting_queue,LOWER_CAPACITY_MINUS_HIGHER_CAPACITY,50,-0.52,0.838852471766,0.11863165424,0.95,-0.758399234701,-0.281600765299,PASS,EXPLORATORY_SENSITIVITY_NOT_CONFIRMATORY
1.0,TASK3_CAPACITY_RESPONSE_SURFACE_EXPLORATORY_V1,SECURITY,,17,35,34,CAPACITY_RESPONSE_S35_I17,CAPACITY_RESPONSE_S34_I17,time_weighted_mean_total_waiting_queue,LOWER_CAPACITY_MINUS_HIGHER_CAPACITY,50,0.0443902877027,0.06347898789,0.00897728455997,0.95,0.0263497589543,0.0624308164511,PASS,EXPLORATORY_SENSITIVITY_NOT_CONFIRMATORY
1.0,TASK3_CAPACITY_RESPONSE_SURFACE_EXPLORATORY_V1,SECURITY,,17,35,34,CAPACITY_RESPONSE_S35_I17,CAPACITY_RESPONSE_S34_I17,cutoff_backlog,LOWER_CAPACITY_MINUS_HIGHER_CAPACITY,50,0,0,0,0.95,0,0,PASS,EXPLORATORY_SENSITIVITY_NOT_CONFIRMATORY
1.0,TASK3_CAPACITY_RESPONSE_SURFACE_EXPLORATORY_V1,SECURITY,,17,35,34,CAPACITY_RESPONSE_S35_I17,CAPACITY_RESPONSE_S34_I17,cohort_clear_time_after_cutoff_seconds,LOWER_CAPACITY_MINUS_HIGHER_CAPACITY,50,0,0,0,0.95,0,0,PASS,EXPLORATORY_SENSITIVITY_NOT_CONFIRMATORY
1.0,TASK3_CAPACITY_RESPONSE_SURFACE_EXPLORATORY_V1,SECURITY,,17,35,34,CAPACITY_RESPONSE_S35_I17,CAPACITY_RESPONSE_S34_I17,security_wait_p95_seconds,LOWER_CAPACITY_MINUS_HIGHER_CAPACITY,50,0.95226825266,0.589747206013,0.0834028497115,0.95,0.784663951174,1.11987255415,PASS,EXPLORATORY_SENSITIVITY_NOT_CONFIRMATORY
1.0,TASK3_CAPACITY_RESPONSE_SURFACE_EXPLORATORY_V1,SECURITY,,17,35,34,CAPACITY_RESPONSE_S35_I17,CAPACITY_RESPONSE_S34_I17,immigration_wait_p95_seconds,LOWER_CAPACITY_MINUS_HIGHER_CAPACITY,50,-0.4950454466,0.544886724566,0.0770586195838,0.95,-0.649900540323,-0.340190352877,PASS,EXPLORATORY_SENSITIVITY_NOT_CONFIRMATORY
1.0,TASK3_CAPACITY_RESPONSE_SURFACE_EXPLORATORY_V1,SECURITY,,17,34,33,CAPACITY_RESPONSE_S34_I17,CAPACITY_RESPONSE_S33_I17,total_queue_wait_p95_seconds,LOWER_CAPACITY_MINUS_HIGHER_CAPACITY,50,0.00062660522,0.00443076800189,0.00062660522,0.95,-0.000632605113568,0.00188581555357,PASS,EXPLORATORY_SENSITIVITY_NOT_CONFIRMATORY
1.0,TASK3_CAPACITY_RESPONSE_SURFACE_EXPLORATORY_V1,SECURITY,,17,34,33,CAPACITY_RESPONSE_S34_I17,CAPACITY_RESPONSE_S33_I17,total_queue_wait_mean_seconds,LOWER_CAPACITY_MINUS_HIGHER_CAPACITY,50,0.00276864462,0.0102995827093,0.00145658095543,0.95,-0.000158464398907,0.00569575363891,PASS,EXPLORATORY_SENSITIVITY_NOT_CONFIRMATORY
1.0,TASK3_CAPACITY_RESPONSE_SURFACE_EXPLORATORY_V1,SECURITY,,17,34,33,CAPACITY_RESPONSE_S34_I17,CAPACITY_RESPONSE_S33_I17,peak_total_waiting_queue,LOWER_CAPACITY_MINUS_HIGHER_CAPACITY,50,-0.48,1.12920416259,0.159693584143,0.95,-0.800916272221,-0.159083727779,PASS,EXPLORATORY_SENSITIVITY_NOT_CONFIRMATORY
1.0,TASK3_CAPACITY_RESPONSE_SURFACE_EXPLORATORY_V1,SECURITY,,17,34,33,CAPACITY_RESPONSE_S34_I17,CAPACITY_RESPONSE_S33_I17,time_weighted_mean_total_waiting_queue,LOWER_CAPACITY_MINUS_HIGHER_CAPACITY,50,0.0892640764449,0.125386340794,0.0177323063688,0.95,0.053629672669,0.124898480221,PASS,EXPLORATORY_SENSITIVITY_NOT_CONFIRMATORY
1.0,TASK3_CAPACITY_RESPONSE_SURFACE_EXPLORATORY_V1,SECURITY,,17,34,33,CAPACITY_RESPONSE_S34_I17,CAPACITY_RESPONSE_S33_I17,cutoff_backlog,LOWER_CAPACITY_MINUS_HIGHER_CAPACITY,50,0.02,0.141421356237,0.02,0.95,-0.0201915047426,0.0601915047426,PASS,EXPLORATORY_SENSITIVITY_NOT_CONFIRMATORY
1.0,TASK3_CAPACITY_RESPONSE_SURFACE_EXPLORATORY_V1,SECURITY,,17,34,33,CAPACITY_RESPONSE_S34_I17,CAPACITY_RESPONSE_S33_I17,cohort_clear_time_after_cutoff_seconds,LOWER_CAPACITY_MINUS_HIGHER_CAPACITY,50,0,0,0,0.95,0,0,PASS,EXPLORATORY_SENSITIVITY_NOT_CONFIRMATORY
1.0,TASK3_CAPACITY_RESPONSE_SURFACE_EXPLORATORY_V1,SECURITY,,17,34,33,CAPACITY_RESPONSE_S34_I17,CAPACITY_RESPONSE_S33_I17,security_wait_p95_seconds,LOWER_CAPACITY_MINUS_HIGHER_CAPACITY,50,1.2485991073,0.78915198579,0.111602944108,0.95,1.02432459443,1.47287362017,PASS,EXPLORATORY_SENSITIVITY_NOT_CONFIRMATORY
1.0,TASK3_CAPACITY_RESPONSE_SURFACE_EXPLORATORY_V1,SECURITY,,17,34,33,CAPACITY_RESPONSE_S34_I17,CAPACITY_RESPONSE_S33_I17,immigration_wait_p95_seconds,LOWER_CAPACITY_MINUS_HIGHER_CAPACITY,50,-0.93490664092,1.15566232375,0.163435333176,0.95,-1.26334223934,-0.606471042497,PASS,EXPLORATORY_SENSITIVITY_NOT_CONFIRMATORY
1.0,TASK3_CAPACITY_RESPONSE_SURFACE_EXPLORATORY_V1,SECURITY,,17,33,32,CAPACITY_RESPONSE_S33_I17,CAPACITY_RESPONSE_S32_I17,total_queue_wait_p95_seconds,LOWER_CAPACITY_MINUS_HIGHER_CAPACITY,50,0.00335234962,0.0157163612236,0.00222262911935,0.95,-0.00111419081958,0.00781889005958,PASS,EXPLORATORY_SENSITIVITY_NOT_CONFIRMATORY
1.0,TASK3_CAPACITY_RESPONSE_SURFACE_EXPLORATORY_V1,SECURITY,,17,33,32,CAPACITY_RESPONSE_S33_I17,CAPACITY_RESPONSE_S32_I17,total_queue_wait_mean_seconds,LOWER_CAPACITY_MINUS_HIGHER_CAPACITY,50,0.01067831792,0.023375638257,0.00330581446522,0.95,0.00403503503214,0.0173216008079,PASS,EXPLORATORY_SENSITIVITY_NOT_CONFIRMATORY
1.0,TASK3_CAPACITY_RESPONSE_SURFACE_EXPLORATORY_V1,SECURITY,,17,33,32,CAPACITY_RESPONSE_S33_I17,CAPACITY_RESPONSE_S32_I17,peak_total_waiting_queue,LOWER_CAPACITY_MINUS_HIGHER_CAPACITY,50,-0.18,1.04373739758,0.147606758321,0.95,-0.476626886355,0.116626886355,PASS,EXPLORATORY_SENSITIVITY_NOT_CONFIRMATORY
1.0,TASK3_CAPACITY_RESPONSE_SURFACE_EXPLORATORY_V1,SECURITY,,17,33,32,CAPACITY_RESPONSE_S33_I17,CAPACITY_RESPONSE_S32_I17,time_weighted_mean_total_waiting_queue,LOWER_CAPACITY_MINUS_HIGHER_CAPACITY,50,0.144581984731,0.168057914732,0.0237669782279,0.95,0.0968204538233,0.19234351564,PASS,EXPLORATORY_SENSITIVITY_NOT_CONFIRMATORY
1.0,TASK3_CAPACITY_RESPONSE_SURFACE_EXPLORATORY_V1,SECURITY,,17,33,32,CAPACITY_RESPONSE_S33_I17,CAPACITY_RESPONSE_S32_I17,cutoff_backlog,LOWER_CAPACITY_MINUS_HIGHER_CAPACITY,50,0.02,0.141421356237,0.02,0.95,-0.0201915047426,0.0601915047426,PASS,EXPLORATORY_SENSITIVITY_NOT_CONFIRMATORY
1.0,TASK3_CAPACITY_RESPONSE_SURFACE_EXPLORATORY_V1,SECURITY,,17,33,32,CAPACITY_RESPONSE_S33_I17,CAPACITY_RESPONSE_S32_I17,cohort_clear_time_after_cutoff_seconds,LOWER_CAPACITY_MINUS_HIGHER_CAPACITY,50,0,0,0,0.95,0,0,PASS,EXPLORATORY_SENSITIVITY_NOT_CONFIRMATORY
1.0,TASK3_CAPACITY_RESPONSE_SURFACE_EXPLORATORY_V1,SECURITY,,17,33,32,CAPACITY_RESPONSE_S33_I17,CAPACITY_RESPONSE_S32_I17,security_wait_p95_seconds,LOWER_CAPACITY_MINUS_HIGHER_CAPACITY,50,1.56868896072,0.985450406578,0.139363733003,0.95,1.28862705392,1.84875086752,PASS,EXPLORATORY_SENSITIVITY_NOT_CONFIRMATORY
1.0,TASK3_CAPACITY_RESPONSE_SURFACE_EXPLORATORY_V1,SECURITY,,17,33,32,CAPACITY_RESPONSE_S33_I17,CAPACITY_RESPONSE_S32_I17,immigration_wait_p95_seconds,LOWER_CAPACITY_MINUS_HIGHER_CAPACITY,50,-1.4549298968,1.51584344523,0.214372635868,0.95,-1.88572783736,-1.02413195624,PASS,EXPLORATORY_SENSITIVITY_NOT_CONFIRMATORY
1.0,TASK3_CAPACITY_RESPONSE_SURFACE_EXPLORATORY_V1,SECURITY,,17,32,31,CAPACITY_RESPONSE_S32_I17,CAPACITY_RESPONSE_S31_I17,total_queue_wait_p95_seconds,LOWER_CAPACITY_MINUS_HIGHER_CAPACITY,50,0.0259301607,0.079111336981,0.0111880325696,0.95,0.00344696749594,0.0484133539041,PASS,EXPLORATORY_SENSITIVITY_NOT_CONFIRMATORY
1.0,TASK3_CAPACITY_RESPONSE_SURFACE_EXPLORATORY_V1,SECURITY,,17,32,31,CAPACITY_RESPONSE_S32_I17,CAPACITY_RESPONSE_S31_I17,total_queue_wait_mean_seconds,LOWER_CAPACITY_MINUS_HIGHER_CAPACITY,50,0.03700859114,0.0550382579595,0.00778358508557,0.95,0.021366891296,0.052650290984,PASS,EXPLORATORY_SENSITIVITY_NOT_CONFIRMATORY
1.0,TASK3_CAPACITY_RESPONSE_SURFACE_EXPLORATORY_V1,SECURITY,,17,32,31,CAPACITY_RESPONSE_S32_I17,CAPACITY_RESPONSE_S31_I17,peak_total_waiting_queue,LOWER_CAPACITY_MINUS_HIGHER_CAPACITY,50,0.56,0.760236268323,0.107513644127,0.95,0.343943243109,0.776056756891,PASS,EXPLORATORY_SENSITIVITY_NOT_CONFIRMATORY
1.0,TASK3_CAPACITY_RESPONSE_SURFACE_EXPLORATORY_V1,SECURITY,,17,32,31,CAPACITY_RESPONSE_S32_I17,CAPACITY_RESPONSE_S31_I17,time_weighted_mean_total_waiting_queue,LOWER_CAPACITY_MINUS_HIGHER_CAPACITY,50,0.258913132691,0.236582655832,0.03345784005,0.95,0.191677085839,0.326149179544,PASS,EXPLORATORY_SENSITIVITY_NOT_CONFIRMATORY
1.0,TASK3_CAPACITY_RESPONSE_SURFACE_EXPLORATORY_V1,SECURITY,,17,32,31,CAPACITY_RESPONSE_S32_I17,CAPACITY_RESPONSE_S31_I17,cutoff_backlog,LOWER_CAPACITY_MINUS_HIGHER_CAPACITY,50,0.06,0.239897937482,0.0339266916773,0.95,-0.00817823947232,0.128178239472,PASS,EXPLORATORY_SENSITIVITY_NOT_CONFIRMATORY
1.0,TASK3_CAPACITY_RESPONSE_SURFACE_EXPLORATORY_V1,SECURITY,,17,32,31,CAPACITY_RESPONSE_S32_I17,CAPACITY_RESPONSE_S31_I17,cohort_clear_time_after_cutoff_seconds,LOWER_CAPACITY_MINUS_HIGHER_CAPACITY,50,0.03500221282,0.188830351054,0.0267046443448,0.95,-0.0186627791716,0.0886672048116,PASS,EXPLORATORY_SENSITIVITY_NOT_CONFIRMATORY
1.0,TASK3_CAPACITY_RESPONSE_SURFACE_EXPLORATORY_V1,SECURITY,,17,32,31,CAPACITY_RESPONSE_S32_I17,CAPACITY_RESPONSE_S31_I17,security_wait_p95_seconds,LOWER_CAPACITY_MINUS_HIGHER_CAPACITY,50,2.32603468422,1.4657736414,0.207291696303,0.95,1.90946642447,2.74260294397,PASS,EXPLORATORY_SENSITIVITY_NOT_CONFIRMATORY
1.0,TASK3_CAPACITY_RESPONSE_SURFACE_EXPLORATORY_V1,SECURITY,,17,32,31,CAPACITY_RESPONSE_S32_I17,CAPACITY_RESPONSE_S31_I17,immigration_wait_p95_seconds,LOWER_CAPACITY_MINUS_HIGHER_CAPACITY,50,-2.39875087558,2.00790387449,0.283960489125,0.95,-2.96939084285,-1.82811090831,PASS,EXPLORATORY_SENSITIVITY_NOT_CONFIRMATORY
1.0,TASK3_CAPACITY_RESPONSE_SURFACE_EXPLORATORY_V1,SECURITY,,17,31,30,CAPACITY_RESPONSE_S31_I17,CAPACITY_RESPONSE_S30_I17,total_queue_wait_p95_seconds,LOWER_CAPACITY_MINUS_HIGHER_CAPACITY,50,0.12783823136,0.210509170973,0.0297704924594,0.95,0.0680121869165,0.187664275803,PASS,EXPLORATORY_SENSITIVITY_NOT_CONFIRMATORY
1.0,TASK3_CAPACITY_RESPONSE_SURFACE_EXPLORATORY_V1,SECURITY,,17,31,30,CAPACITY_RESPONSE_S31_I17,CAPACITY_RESPONSE_S30_I17,total_queue_wait_mean_seconds,LOWER_CAPACITY_MINUS_HIGHER_CAPACITY,50,0.10660059372,0.0951828181494,0.0134608832332,0.95,0.0795499361047,0.133651251335,PASS,EXPLORATORY_SENSITIVITY_NOT_CONFIRMATORY
1.0,TASK3_CAPACITY_RESPONSE_SURFACE_EXPLORATORY_V1,SECURITY,,17,31,30,CAPACITY_RESPONSE_S31_I17,CAPACITY_RESPONSE_S30_I17,peak_total_waiting_queue,LOWER_CAPACITY_MINUS_HIGHER_CAPACITY,50,0.96,0.449943307086,0.0636315927181,0.95,0.832127526975,1.08787247303,PASS,EXPLORATORY_SENSITIVITY_NOT_CONFIRMATORY
1.0,TASK3_CAPACITY_RESPONSE_SURFACE_EXPLORATORY_V1,SECURITY,,17,31,30,CAPACITY_RESPONSE_S31_I17,CAPACITY_RESPONSE_S30_I17,time_weighted_mean_total_waiting_queue,LOWER_CAPACITY_MINUS_HIGHER_CAPACITY,50,0.472545491753,0.315980078839,0.0446863312934,0.95,0.382744946948,0.562346036559,PASS,EXPLORATORY_SENSITIVITY_NOT_CONFIRMATORY
1.0,TASK3_CAPACITY_RESPONSE_SURFACE_EXPLORATORY_V1,SECURITY,,17,31,30,CAPACITY_RESPONSE_S31_I17,CAPACITY_RESPONSE_S30_I17,cutoff_backlog,LOWER_CAPACITY_MINUS_HIGHER_CAPACITY,50,0.24,0.476380914301,0.067370434986,0.95,0.104614042137,0.375385957863,PASS,EXPLORATORY_SENSITIVITY_NOT_CONFIRMATORY
1.0,TASK3_CAPACITY_RESPONSE_SURFACE_EXPLORATORY_V1,SECURITY,,17,31,30,CAPACITY_RESPONSE_S31_I17,CAPACITY_RESPONSE_S30_I17,cohort_clear_time_after_cutoff_seconds,LOWER_CAPACITY_MINUS_HIGHER_CAPACITY,50,0.19391853934,0.430944454164,0.0609447491708,0.95,0.0714454805733,0.316391598107,PASS,EXPLORATORY_SENSITIVITY_NOT_CONFIRMATORY
1.0,TASK3_CAPACITY_RESPONSE_SURFACE_EXPLORATORY_V1,SECURITY,,17,31,30,CAPACITY_RESPONSE_S31_I17,CAPACITY_RESPONSE_S30_I17,security_wait_p95_seconds,LOWER_CAPACITY_MINUS_HIGHER_CAPACITY,50,3.33639769996,2.00763789363,0.28392287375,0.95,2.76583332362,3.9069620763,PASS,EXPLORATORY_SENSITIVITY_NOT_CONFIRMATORY
1.0,TASK3_CAPACITY_RESPONSE_SURFACE_EXPLORATORY_V1,SECURITY,,17,31,30,CAPACITY_RESPONSE_S31_I17,CAPACITY_RESPONSE_S30_I17,immigration_wait_p95_seconds,LOWER_CAPACITY_MINUS_HIGHER_CAPACITY,50,-3.78790708128,2.51621523082,0.355846570528,0.95,-4.50300753763,-3.07280662493,PASS,EXPLORATORY_SENSITIVITY_NOT_CONFIRMATORY
1.0,TASK3_CAPACITY_RESPONSE_SURFACE_EXPLORATORY_V1,SECURITY,,17,30,29,CAPACITY_RESPONSE_S30_I17,CAPACITY_RESPONSE_S29_I17,total_queue_wait_p95_seconds,LOWER_CAPACITY_MINUS_HIGHER_CAPACITY,50,0.30934229016,0.188363423295,0.0266386107879,0.95,0.255809997569,0.362874582751,PASS,EXPLORATORY_SENSITIVITY_NOT_CONFIRMATORY
1.0,TASK3_CAPACITY_RESPONSE_SURFACE_EXPLORATORY_V1,SECURITY,,17,30,29,CAPACITY_RESPONSE_S30_I17,CAPACITY_RESPONSE_S29_I17,total_queue_wait_mean_seconds,LOWER_CAPACITY_MINUS_HIGHER_CAPACITY,50,0.29954256324,0.148412572373,0.0209887072676,0.95,0.257364176856,0.341720949624,PASS,EXPLORATORY_SENSITIVITY_NOT_CONFIRMATORY
1.0,TASK3_CAPACITY_RESPONSE_SURFACE_EXPLORATORY_V1,SECURITY,,17,30,29,CAPACITY_RESPONSE_S30_I17,CAPACITY_RESPONSE_S29_I17,peak_total_waiting_queue,LOWER_CAPACITY_MINUS_HIGHER_CAPACITY,50,1.26,0.564602081296,0.0798467920713,0.95,1.09954186389,1.42045813611,PASS,EXPLORATORY_SENSITIVITY_NOT_CONFIRMATORY
1.0,TASK3_CAPACITY_RESPONSE_SURFACE_EXPLORATORY_V1,SECURITY,,17,30,29,CAPACITY_RESPONSE_S30_I17,CAPACITY_RESPONSE_S29_I17,time_weighted_mean_total_waiting_queue,LOWER_CAPACITY_MINUS_HIGHER_CAPACITY,50,0.859410268972,0.393501167778,0.0556494688281,0.95,0.747578474455,0.971242063488,PASS,EXPLORATORY_SENSITIVITY_NOT_CONFIRMATORY
1.0,TASK3_CAPACITY_RESPONSE_SURFACE_EXPLORATORY_V1,SECURITY,,17,30,29,CAPACITY_RESPONSE_S30_I17,CAPACITY_RESPONSE_S29_I17,cutoff_backlog,LOWER_CAPACITY_MINUS_HIGHER_CAPACITY,50,0.54,0.676425177243,0.0956609659588,0.95,0.347762091649,0.732237908351,PASS,EXPLORATORY_SENSITIVITY_NOT_CONFIRMATORY
1.0,TASK3_CAPACITY_RESPONSE_SURFACE_EXPLORATORY_V1,SECURITY,,17,30,29,CAPACITY_RESPONSE_S30_I17,CAPACITY_RESPONSE_S29_I17,cohort_clear_time_after_cutoff_seconds,LOWER_CAPACITY_MINUS_HIGHER_CAPACITY,50,0.36645085234,0.51759978328,0.0731996633396,0.95,0.219350621527,0.513551083153,PASS,EXPLORATORY_SENSITIVITY_NOT_CONFIRMATORY
1.0,TASK3_CAPACITY_RESPONSE_SURFACE_EXPLORATORY_V1,SECURITY,,17,30,29,CAPACITY_RESPONSE_S30_I17,CAPACITY_RESPONSE_S29_I17,security_wait_p95_seconds,LOWER_CAPACITY_MINUS_HIGHER_CAPACITY,50,4.8848994665,2.48349994253,0.351219930088,0.95,4.17909659221,5.59070234079,PASS,EXPLORATORY_SENSITIVITY_NOT_CONFIRMATORY
1.0,TASK3_CAPACITY_RESPONSE_SURFACE_EXPLORATORY_V1,SECURITY,,17,30,29,CAPACITY_RESPONSE_S30_I17,CAPACITY_RESPONSE_S29_I17,immigration_wait_p95_seconds,LOWER_CAPACITY_MINUS_HIGHER_CAPACITY,50,-5.18167977668,2.62177909391,0.370775555215,0.95,-5.92678115097,-4.43657840239,PASS,EXPLORATORY_SENSITIVITY_NOT_CONFIRMATORY
1.0,TASK3_CAPACITY_RESPONSE_SURFACE_EXPLORATORY_V1,SECURITY,,17,29,28,CAPACITY_RESPONSE_S29_I17,CAPACITY_RESPONSE_S28_I17,total_queue_wait_p95_seconds,LOWER_CAPACITY_MINUS_HIGHER_CAPACITY,50,3.9840462353,1.48170977104,0.20954540537,0.95,3.56294897761,4.40514349299,PASS,EXPLORATORY_SENSITIVITY_NOT_CONFIRMATORY
1.0,TASK3_CAPACITY_RESPONSE_SURFACE_EXPLORATORY_V1,SECURITY,,17,29,28,CAPACITY_RESPONSE_S29_I17,CAPACITY_RESPONSE_S28_I17,total_queue_wait_mean_seconds,LOWER_CAPACITY_MINUS_HIGHER_CAPACITY,50,2.16026743366,0.790060615444,0.111731443746,0.95,1.9357346911,2.38480017622,PASS,EXPLORATORY_SENSITIVITY_NOT_CONFIRMATORY
1.0,TASK3_CAPACITY_RESPONSE_SURFACE_EXPLORATORY_V1,SECURITY,,17,29,28,CAPACITY_RESPONSE_S29_I17,CAPACITY_RESPONSE_S28_I17,peak_total_waiting_queue,LOWER_CAPACITY_MINUS_HIGHER_CAPACITY,50,5.18,1.83714507887,0.259811548658,0.95,4.6578891455,5.7021108545,PASS,EXPLORATORY_SENSITIVITY_NOT_CONFIRMATORY
1.0,TASK3_CAPACITY_RESPONSE_SURFACE_EXPLORATORY_V1,SECURITY,,17,29,28,CAPACITY_RESPONSE_S29_I17,CAPACITY_RESPONSE_S28_I17,time_weighted_mean_total_waiting_queue,LOWER_CAPACITY_MINUS_HIGHER_CAPACITY,50,2.82609531308,1.02372405615,0.144776444434,0.95,2.53515615543,3.11703447073,PASS,EXPLORATORY_SENSITIVITY_NOT_CONFIRMATORY
1.0,TASK3_CAPACITY_RESPONSE_SURFACE_EXPLORATORY_V1,SECURITY,,17,29,28,CAPACITY_RESPONSE_S29_I17,CAPACITY_RESPONSE_S28_I17,cutoff_backlog,LOWER_CAPACITY_MINUS_HIGHER_CAPACITY,50,4.48,2.08238481809,0.294493685182,0.95,3.88819278277,5.07180721723,PASS,EXPLORATORY_SENSITIVITY_NOT_CONFIRMATORY
1.0,TASK3_CAPACITY_RESPONSE_SURFACE_EXPLORATORY_V1,SECURITY,,17,29,28,CAPACITY_RESPONSE_S29_I17,CAPACITY_RESPONSE_S28_I17,cohort_clear_time_after_cutoff_seconds,LOWER_CAPACITY_MINUS_HIGHER_CAPACITY,50,4.86137612698,1.64682689448,0.232896492905,0.95,4.39335310202,5.32939915194,PASS,EXPLORATORY_SENSITIVITY_NOT_CONFIRMATORY
1.0,TASK3_CAPACITY_RESPONSE_SURFACE_EXPLORATORY_V1,SECURITY,,17,29,28,CAPACITY_RESPONSE_S29_I17,CAPACITY_RESPONSE_S28_I17,security_wait_p95_seconds,LOWER_CAPACITY_MINUS_HIGHER_CAPACITY,50,6.97863121378,2.68296074237,0.379427946918,0.95,6.21614220738,7.74112022018,PASS,EXPLORATORY_SENSITIVITY_NOT_CONFIRMATORY
1.0,TASK3_CAPACITY_RESPONSE_SURFACE_EXPLORATORY_V1,SECURITY,,17,29,28,CAPACITY_RESPONSE_S29_I17,CAPACITY_RESPONSE_S28_I17,immigration_wait_p95_seconds,LOWER_CAPACITY_MINUS_HIGHER_CAPACITY,50,-2.45573984198,1.18197761363,0.167156877162,0.95,-2.79165416304,-2.11982552092,PASS,EXPLORATORY_SENSITIVITY_NOT_CONFIRMATORY
1.0,TASK3_CAPACITY_RESPONSE_SURFACE_EXPLORATORY_V1,SECURITY,,16,36,35,CAPACITY_RESPONSE_S36_I16,CAPACITY_RESPONSE_S35_I16,total_queue_wait_p95_seconds,LOWER_CAPACITY_MINUS_HIGHER_CAPACITY,50,0,0,0,0.95,0,0,PASS,EXPLORATORY_SENSITIVITY_NOT_CONFIRMATORY
1.0,TASK3_CAPACITY_RESPONSE_SURFACE_EXPLORATORY_V1,SECURITY,,16,36,35,CAPACITY_RESPONSE_S36_I16,CAPACITY_RESPONSE_S35_I16,total_queue_wait_mean_seconds,LOWER_CAPACITY_MINUS_HIGHER_CAPACITY,50,0,0,0,0.95,0,0,PASS,EXPLORATORY_SENSITIVITY_NOT_CONFIRMATORY
1.0,TASK3_CAPACITY_RESPONSE_SURFACE_EXPLORATORY_V1,SECURITY,,16,36,35,CAPACITY_RESPONSE_S36_I16,CAPACITY_RESPONSE_S35_I16,peak_total_waiting_queue,LOWER_CAPACITY_MINUS_HIGHER_CAPACITY,50,-0.32,0.551065757771,0.0779324668399,0.95,-0.47661115553,-0.16338884447,PASS,EXPLORATORY_SENSITIVITY_NOT_CONFIRMATORY
1.0,TASK3_CAPACITY_RESPONSE_SURFACE_EXPLORATORY_V1,SECURITY,,16,36,35,CAPACITY_RESPONSE_S36_I16,CAPACITY_RESPONSE_S35_I16,time_weighted_mean_total_waiting_queue,LOWER_CAPACITY_MINUS_HIGHER_CAPACITY,50,0.0280993220147,0.0412397335863,0.00583217905464,0.95,0.016379119408,0.0398195246214,PASS,EXPLORATORY_SENSITIVITY_NOT_CONFIRMATORY
1.0,TASK3_CAPACITY_RESPONSE_SURFACE_EXPLORATORY_V1,SECURITY,,16,36,35,CAPACITY_RESPONSE_S36_I16,CAPACITY_RESPONSE_S35_I16,cutoff_backlog,LOWER_CAPACITY_MINUS_HIGHER_CAPACITY,50,0,0,0,0.95,0,0,PASS,EXPLORATORY_SENSITIVITY_NOT_CONFIRMATORY
1.0,TASK3_CAPACITY_RESPONSE_SURFACE_EXPLORATORY_V1,SECURITY,,16,36,35,CAPACITY_RESPONSE_S36_I16,CAPACITY_RESPONSE_S35_I16,cohort_clear_time_after_cutoff_seconds,LOWER_CAPACITY_MINUS_HIGHER_CAPACITY,50,0,0,0,0.95,0,0,PASS,EXPLORATORY_SENSITIVITY_NOT_CONFIRMATORY
1.0,TASK3_CAPACITY_RESPONSE_SURFACE_EXPLORATORY_V1,SECURITY,,16,36,35,CAPACITY_RESPONSE_S36_I16,CAPACITY_RESPONSE_S35_I16,security_wait_p95_seconds,LOWER_CAPACITY_MINUS_HIGHER_CAPACITY,50,0.80939368966,0.389667058801,0.0551072439367,0.95,0.698651536858,0.920135842462,PASS,EXPLORATORY_SENSITIVITY_NOT_CONFIRMATORY
1.0,TASK3_CAPACITY_RESPONSE_SURFACE_EXPLORATORY_V1,SECURITY,,16,36,35,CAPACITY_RESPONSE_S36_I16,CAPACITY_RESPONSE_S35_I16,immigration_wait_p95_seconds,LOWER_CAPACITY_MINUS_HIGHER_CAPACITY,50,-0.30357625914,0.403483392041,0.0570611685217,0.95,-0.418244970403,-0.188907547877,PASS,EXPLORATORY_SENSITIVITY_NOT_CONFIRMATORY
1.0,TASK3_CAPACITY_RESPONSE_SURFACE_EXPLORATORY_V1,SECURITY,,16,35,34,CAPACITY_RESPONSE_S35_I16,CAPACITY_RESPONSE_S34_I16,total_queue_wait_p95_seconds,LOWER_CAPACITY_MINUS_HIGHER_CAPACITY,50,0,0,0,0.95,0,0,PASS,EXPLORATORY_SENSITIVITY_NOT_CONFIRMATORY
1.0,TASK3_CAPACITY_RESPONSE_SURFACE_EXPLORATORY_V1,SECURITY,,16,35,34,CAPACITY_RESPONSE_S35_I16,CAPACITY_RESPONSE_S34_I16,total_queue_wait_mean_seconds,LOWER_CAPACITY_MINUS_HIGHER_CAPACITY,50,0,0,0,0.95,0,0,PASS,EXPLORATORY_SENSITIVITY_NOT_CONFIRMATORY
1.0,TASK3_CAPACITY_RESPONSE_SURFACE_EXPLORATORY_V1,SECURITY,,16,35,34,CAPACITY_RESPONSE_S35_I16,CAPACITY_RESPONSE_S34_I16,peak_total_waiting_queue,LOWER_CAPACITY_MINUS_HIGHER_CAPACITY,50,-0.52,0.862838221174,0.122023751452,0.95,-0.765215909259,-0.274784090741,PASS,EXPLORATORY_SENSITIVITY_NOT_CONFIRMATORY
1.0,TASK3_CAPACITY_RESPONSE_SURFACE_EXPLORATORY_V1,SECURITY,,16,35,34,CAPACITY_RESPONSE_S35_I16,CAPACITY_RESPONSE_S34_I16,time_weighted_mean_total_waiting_queue,LOWER_CAPACITY_MINUS_HIGHER_CAPACITY,50,0.0443902877027,0.06347898789,0.00897728455997,0.95,0.0263497589543,0.0624308164511,PASS,EXPLORATORY_SENSITIVITY_NOT_CONFIRMATORY
1.0,TASK3_CAPACITY_RESPONSE_SURFACE_EXPLORATORY_V1,SECURITY,,16,35,34,CAPACITY_RESPONSE_S35_I16,CAPACITY_RESPONSE_S34_I16,cutoff_backlog,LOWER_CAPACITY_MINUS_HIGHER_CAPACITY,50,0,0,0,0.95,0,0,PASS,EXPLORATORY_SENSITIVITY_NOT_CONFIRMATORY
1.0,TASK3_CAPACITY_RESPONSE_SURFACE_EXPLORATORY_V1,SECURITY,,16,35,34,CAPACITY_RESPONSE_S35_I16,CAPACITY_RESPONSE_S34_I16,cohort_clear_time_after_cutoff_seconds,LOWER_CAPACITY_MINUS_HIGHER_CAPACITY,50,0,0,0,0.95,0,0,PASS,EXPLORATORY_SENSITIVITY_NOT_CONFIRMATORY
1.0,TASK3_CAPACITY_RESPONSE_SURFACE_EXPLORATORY_V1,SECURITY,,16,35,34,CAPACITY_RESPONSE_S35_I16,CAPACITY_RESPONSE_S34_I16,security_wait_p95_seconds,LOWER_CAPACITY_MINUS_HIGHER_CAPACITY,50,0.95226825266,0.589747206013,0.0834028497115,0.95,0.784663951174,1.11987255415,PASS,EXPLORATORY_SENSITIVITY_NOT_CONFIRMATORY
1.0,TASK3_CAPACITY_RESPONSE_SURFACE_EXPLORATORY_V1,SECURITY,,16,35,34,CAPACITY_RESPONSE_S35_I16,CAPACITY_RESPONSE_S34_I16,immigration_wait_p95_seconds,LOWER_CAPACITY_MINUS_HIGHER_CAPACITY,50,-0.43848020594,0.583632093246,0.0825380421705,0.95,-0.604346611607,-0.272613800273,PASS,EXPLORATORY_SENSITIVITY_NOT_CONFIRMATORY
1.0,TASK3_CAPACITY_RESPONSE_SURFACE_EXPLORATORY_V1,SECURITY,,16,34,33,CAPACITY_RESPONSE_S34_I16,CAPACITY_RESPONSE_S33_I16,total_queue_wait_p95_seconds,LOWER_CAPACITY_MINUS_HIGHER_CAPACITY,50,0,0,0,0.95,0,0,PASS,EXPLORATORY_SENSITIVITY_NOT_CONFIRMATORY
1.0,TASK3_CAPACITY_RESPONSE_SURFACE_EXPLORATORY_V1,SECURITY,,16,34,33,CAPACITY_RESPONSE_S34_I16,CAPACITY_RESPONSE_S33_I16,total_queue_wait_mean_seconds,LOWER_CAPACITY_MINUS_HIGHER_CAPACITY,50,0,0,0,0.95,0,0,PASS,EXPLORATORY_SENSITIVITY_NOT_CONFIRMATORY
1.0,TASK3_CAPACITY_RESPONSE_SURFACE_EXPLORATORY_V1,SECURITY,,16,34,33,CAPACITY_RESPONSE_S34_I16,CAPACITY_RESPONSE_S33_I16,peak_total_waiting_queue,LOWER_CAPACITY_MINUS_HIGHER_CAPACITY,50,-0.8,1.21218305346,0.171428571429,0.95,-1.14449861208,-0.455501387921,PASS,EXPLORATORY_SENSITIVITY_NOT_CONFIRMATORY
1.0,TASK3_CAPACITY_RESPONSE_SURFACE_EXPLORATORY_V1,SECURITY,,16,34,33,CAPACITY_RESPONSE_S34_I16,CAPACITY_RESPONSE_S33_I16,time_weighted_mean_total_waiting_queue,LOWER_CAPACITY_MINUS_HIGHER_CAPACITY,50,0.0858383105875,0.126868492677,0.0179419142981,0.95,0.0497826839074,0.121893937268,PASS,EXPLORATORY_SENSITIVITY_NOT_CONFIRMATORY
1.0,TASK3_CAPACITY_RESPONSE_SURFACE_EXPLORATORY_V1,SECURITY,,16,34,33,CAPACITY_RESPONSE_S34_I16,CAPACITY_RESPONSE_S33_I16,cutoff_backlog,LOWER_CAPACITY_MINUS_HIGHER_CAPACITY,50,0,0,0,0.95,0,0,PASS,EXPLORATORY_SENSITIVITY_NOT_CONFIRMATORY
1.0,TASK3_CAPACITY_RESPONSE_SURFACE_EXPLORATORY_V1,SECURITY,,16,34,33,CAPACITY_RESPONSE_S34_I16,CAPACITY_RESPONSE_S33_I16,cohort_clear_time_after_cutoff_seconds,LOWER_CAPACITY_MINUS_HIGHER_CAPACITY,50,0,0,0,0.95,0,0,PASS,EXPLORATORY_SENSITIVITY_NOT_CONFIRMATORY
1.0,TASK3_CAPACITY_RESPONSE_SURFACE_EXPLORATORY_V1,SECURITY,,16,34,33,CAPACITY_RESPONSE_S34_I16,CAPACITY_RESPONSE_S33_I16,security_wait_p95_seconds,LOWER_CAPACITY_MINUS_HIGHER_CAPACITY,50,1.2485991073,0.78915198579,0.111602944108,0.95,1.02432459443,1.47287362017,PASS,EXPLORATORY_SENSITIVITY_NOT_CONFIRMATORY
1.0,TASK3_CAPACITY_RESPONSE_SURFACE_EXPLORATORY_V1,SECURITY,,16,34,33,CAPACITY_RESPONSE_S34_I16,CAPACITY_RESPONSE_S33_I16,immigration_wait_p95_seconds,LOWER_CAPACITY_MINUS_HIGHER_CAPACITY,50,-0.86670368256,1.16782065402,0.165154780734,0.95,-1.19859464022,-0.534812724903,PASS,EXPLORATORY_SENSITIVITY_NOT_CONFIRMATORY
1.0,TASK3_CAPACITY_RESPONSE_SURFACE_EXPLORATORY_V1,SECURITY,,16,33,32,CAPACITY_RESPONSE_S33_I16,CAPACITY_RESPONSE_S32_I16,total_queue_wait_p95_seconds,LOWER_CAPACITY_MINUS_HIGHER_CAPACITY,50,0,0,0,0.95,0,0,PASS,EXPLORATORY_SENSITIVITY_NOT_CONFIRMATORY
1.0,TASK3_CAPACITY_RESPONSE_SURFACE_EXPLORATORY_V1,SECURITY,,16,33,32,CAPACITY_RESPONSE_S33_I16,CAPACITY_RESPONSE_S32_I16,total_queue_wait_mean_seconds,LOWER_CAPACITY_MINUS_HIGHER_CAPACITY,50,0,0,0,0.95,0,0,PASS,EXPLORATORY_SENSITIVITY_NOT_CONFIRMATORY
1.0,TASK3_CAPACITY_RESPONSE_SURFACE_EXPLORATORY_V1,SECURITY,,16,33,32,CAPACITY_RESPONSE_S33_I16,CAPACITY_RESPONSE_S32_I16,peak_total_waiting_queue,LOWER_CAPACITY_MINUS_HIGHER_CAPACITY,50,-0.58,1.26313506961,0.178634274655,0.95,-0.93897901485,-0.22102098515,PASS,EXPLORATORY_SENSITIVITY_NOT_CONFIRMATORY
1.0,TASK3_CAPACITY_RESPONSE_SURFACE_EXPLORATORY_V1,SECURITY,,16,33,32,CAPACITY_RESPONSE_S33_I16,CAPACITY_RESPONSE_S32_I16,time_weighted_mean_total_waiting_queue,LOWER_CAPACITY_MINUS_HIGHER_CAPACITY,50,0.13132743457,0.168391745477,0.0238141890246,0.95,0.0834710300142,0.179183839126,PASS,EXPLORATORY_SENSITIVITY_NOT_CONFIRMATORY
1.0,TASK3_CAPACITY_RESPONSE_SURFACE_EXPLORATORY_V1,SECURITY,,16,33,32,CAPACITY_RESPONSE_S33_I16,CAPACITY_RESPONSE_S32_I16,cutoff_backlog,LOWER_CAPACITY_MINUS_HIGHER_CAPACITY,50,0,0,0,0.95,0,0,PASS,EXPLORATORY_SENSITIVITY_NOT_CONFIRMATORY
1.0,TASK3_CAPACITY_RESPONSE_SURFACE_EXPLORATORY_V1,SECURITY,,16,33,32,CAPACITY_RESPONSE_S33_I16,CAPACITY_RESPONSE_S32_I16,cohort_clear_time_after_cutoff_seconds,LOWER_CAPACITY_MINUS_HIGHER_CAPACITY,50,0,0,0,0.95,0,0,PASS,EXPLORATORY_SENSITIVITY_NOT_CONFIRMATORY
1.0,TASK3_CAPACITY_RESPONSE_SURFACE_EXPLORATORY_V1,SECURITY,,16,33,32,CAPACITY_RESPONSE_S33_I16,CAPACITY_RESPONSE_S32_I16,security_wait_p95_seconds,LOWER_CAPACITY_MINUS_HIGHER_CAPACITY,50,1.56868896072,0.985450406578,0.139363733003,0.95,1.28862705392,1.84875086752,PASS,EXPLORATORY_SENSITIVITY_NOT_CONFIRMATORY
1.0,TASK3_CAPACITY_RESPONSE_SURFACE_EXPLORATORY_V1,SECURITY,,16,33,32,CAPACITY_RESPONSE_S33_I16,CAPACITY_RESPONSE_S32_I16,immigration_wait_p95_seconds,LOWER_CAPACITY_MINUS_HIGHER_CAPACITY,50,-1.43735749726,1.54951570307,0.219134612239,0.95,-1.87772498761,-0.996990006906,PASS,EXPLORATORY_SENSITIVITY_NOT_CONFIRMATORY
1.0,TASK3_CAPACITY_RESPONSE_SURFACE_EXPLORATORY_V1,SECURITY,,16,32,31,CAPACITY_RESPONSE_S32_I16,CAPACITY_RESPONSE_S31_I16,total_queue_wait_p95_seconds,LOWER_CAPACITY_MINUS_HIGHER_CAPACITY,50,0.00344060042,0.0181767408215,0.00257057933895,0.95,-0.00172517216463,0.00860637300463,PASS,EXPLORATORY_SENSITIVITY_NOT_CONFIRMATORY
1.0,TASK3_CAPACITY_RESPONSE_SURFACE_EXPLORATORY_V1,SECURITY,,16,32,31,CAPACITY_RESPONSE_S32_I16,CAPACITY_RESPONSE_S31_I16,total_queue_wait_mean_seconds,LOWER_CAPACITY_MINUS_HIGHER_CAPACITY,50,0.00983308616,0.0221746951597,0.00313597546364,0.95,0.00353110752403,0.016135064796,PASS,EXPLORATORY_SENSITIVITY_NOT_CONFIRMATORY
1.0,TASK3_CAPACITY_RESPONSE_SURFACE_EXPLORATORY_V1,SECURITY,,16,32,31,CAPACITY_RESPONSE_S32_I16,CAPACITY_RESPONSE_S31_I16,peak_total_waiting_queue,LOWER_CAPACITY_MINUS_HIGHER_CAPACITY,50,0.02,1.18648855959,0.167794821257,0.95,-0.317196317717,0.357196317717,PASS,EXPLORATORY_SENSITIVITY_NOT_CONFIRMATORY
1.0,TASK3_CAPACITY_RESPONSE_SURFACE_EXPLORATORY_V1,SECURITY,,16,32,31,CAPACITY_RESPONSE_S32_I16,CAPACITY_RESPONSE_S31_I16,time_weighted_mean_total_waiting_queue,LOWER_CAPACITY_MINUS_HIGHER_CAPACITY,50,0.225367478302,0.216631890388,0.0306363757429,0.95,0.163801376254,0.28693358035,PASS,EXPLORATORY_SENSITIVITY_NOT_CONFIRMATORY
1.0,TASK3_CAPACITY_RESPONSE_SURFACE_EXPLORATORY_V1,SECURITY,,16,32,31,CAPACITY_RESPONSE_S32_I16,CAPACITY_RESPONSE_S31_I16,cutoff_backlog,LOWER_CAPACITY_MINUS_HIGHER_CAPACITY,50,0.02,0.141421356237,0.02,0.95,-0.0201915047426,0.0601915047426,PASS,EXPLORATORY_SENSITIVITY_NOT_CONFIRMATORY
1.0,TASK3_CAPACITY_RESPONSE_SURFACE_EXPLORATORY_V1,SECURITY,,16,32,31,CAPACITY_RESPONSE_S32_I16,CAPACITY_RESPONSE_S31_I16,cohort_clear_time_after_cutoff_seconds,LOWER_CAPACITY_MINUS_HIGHER_CAPACITY,50,0.03721850732,0.19427120185,0.0274740968435,0.95,-0.0179927573591,0.0924297719991,PASS,EXPLORATORY_SENSITIVITY_NOT_CONFIRMATORY
1.0,TASK3_CAPACITY_RESPONSE_SURFACE_EXPLORATORY_V1,SECURITY,,16,32,31,CAPACITY_RESPONSE_S32_I16,CAPACITY_RESPONSE_S31_I16,security_wait_p95_seconds,LOWER_CAPACITY_MINUS_HIGHER_CAPACITY,50,2.32603468422,1.4657736414,0.207291696303,0.95,1.90946642447,2.74260294397,PASS,EXPLORATORY_SENSITIVITY_NOT_CONFIRMATORY
1.0,TASK3_CAPACITY_RESPONSE_SURFACE_EXPLORATORY_V1,SECURITY,,16,32,31,CAPACITY_RESPONSE_S32_I16,CAPACITY_RESPONSE_S31_I16,immigration_wait_p95_seconds,LOWER_CAPACITY_MINUS_HIGHER_CAPACITY,50,-2.31612271756,2.11798786152,0.29952871587,0.95,-2.91804820778,-1.71419722734,PASS,EXPLORATORY_SENSITIVITY_NOT_CONFIRMATORY
1.0,TASK3_CAPACITY_RESPONSE_SURFACE_EXPLORATORY_V1,SECURITY,,16,31,30,CAPACITY_RESPONSE_S31_I16,CAPACITY_RESPONSE_S30_I16,total_queue_wait_p95_seconds,LOWER_CAPACITY_MINUS_HIGHER_CAPACITY,50,0.02908487932,0.090298189474,0.0127700924212,0.95,0.00342241781452,0.0547473408255,PASS,EXPLORATORY_SENSITIVITY_NOT_CONFIRMATORY
1.0,TASK3_CAPACITY_RESPONSE_SURFACE_EXPLORATORY_V1,SECURITY,,16,31,30,CAPACITY_RESPONSE_S31_I16,CAPACITY_RESPONSE_S30_I16,total_queue_wait_mean_seconds,LOWER_CAPACITY_MINUS_HIGHER_CAPACITY,50,0.0328451193,0.0488439645603,0.00690757971212,0.95,0.018963818162,0.046726420438,PASS,EXPLORATORY_SENSITIVITY_NOT_CONFIRMATORY
1.0,TASK3_CAPACITY_RESPONSE_SURFACE_EXPLORATORY_V1,SECURITY,,16,31,30,CAPACITY_RESPONSE_S31_I16,CAPACITY_RESPONSE_S30_I16,peak_total_waiting_queue,LOWER_CAPACITY_MINUS_HIGHER_CAPACITY,50,0.4,1.06904496765,0.151185789204,0.95,0.0961807818104,0.70381921819,PASS,EXPLORATORY_SENSITIVITY_NOT_CONFIRMATORY
1.0,TASK3_CAPACITY_RESPONSE_SURFACE_EXPLORATORY_V1,SECURITY,,16,31,30,CAPACITY_RESPONSE_S31_I16,CAPACITY_RESPONSE_S30_I16,time_weighted_mean_total_waiting_queue,LOWER_CAPACITY_MINUS_HIGHER_CAPACITY,50,0.383460137924,0.276151032706,0.0390536535716,0.95,0.304978882787,0.461941393061,PASS,EXPLORATORY_SENSITIVITY_NOT_CONFIRMATORY
1.0,TASK3_CAPACITY_RESPONSE_SURFACE_EXPLORATORY_V1,SECURITY,,16,31,30,CAPACITY_RESPONSE_S31_I16,CAPACITY_RESPONSE_S30_I16,cutoff_backlog,LOWER_CAPACITY_MINUS_HIGHER_CAPACITY,50,0.02,0.141421356237,0.02,0.95,-0.0201915047426,0.0601915047426,PASS,EXPLORATORY_SENSITIVITY_NOT_CONFIRMATORY
1.0,TASK3_CAPACITY_RESPONSE_SURFACE_EXPLORATORY_V1,SECURITY,,16,31,30,CAPACITY_RESPONSE_S31_I16,CAPACITY_RESPONSE_S30_I16,cohort_clear_time_after_cutoff_seconds,LOWER_CAPACITY_MINUS_HIGHER_CAPACITY,50,0.04133089382,0.143651441154,0.0203153816335,0.95,0.000505605956564,0.0821561816834,PASS,EXPLORATORY_SENSITIVITY_NOT_CONFIRMATORY
1.0,TASK3_CAPACITY_RESPONSE_SURFACE_EXPLORATORY_V1,SECURITY,,16,31,30,CAPACITY_RESPONSE_S31_I16,CAPACITY_RESPONSE_S30_I16,security_wait_p95_seconds,LOWER_CAPACITY_MINUS_HIGHER_CAPACITY,50,3.33639769996,2.00763789363,0.28392287375,0.95,2.76583332362,3.9069620763,PASS,EXPLORATORY_SENSITIVITY_NOT_CONFIRMATORY
1.0,TASK3_CAPACITY_RESPONSE_SURFACE_EXPLORATORY_V1,SECURITY,,16,31,30,CAPACITY_RESPONSE_S31_I16,CAPACITY_RESPONSE_S30_I16,immigration_wait_p95_seconds,LOWER_CAPACITY_MINUS_HIGHER_CAPACITY,50,-3.80047600424,2.57660326373,0.364386728043,0.95,-4.53273854965,-3.06821345883,PASS,EXPLORATORY_SENSITIVITY_NOT_CONFIRMATORY
1.0,TASK3_CAPACITY_RESPONSE_SURFACE_EXPLORATORY_V1,SECURITY,,16,30,29,CAPACITY_RESPONSE_S30_I16,CAPACITY_RESPONSE_S29_I16,total_queue_wait_p95_seconds,LOWER_CAPACITY_MINUS_HIGHER_CAPACITY,50,0.09246160346,0.200260527569,0.0283211154096,0.95,0.0355481912451,0.149375015675,PASS,EXPLORATORY_SENSITIVITY_NOT_CONFIRMATORY
1.0,TASK3_CAPACITY_RESPONSE_SURFACE_EXPLORATORY_V1,SECURITY,,16,30,29,CAPACITY_RESPONSE_S30_I16,CAPACITY_RESPONSE_S29_I16,total_queue_wait_mean_seconds,LOWER_CAPACITY_MINUS_HIGHER_CAPACITY,50,0.08526629988,0.096230849348,0.0136090972267,0.95,0.0579177950936,0.112614804666,PASS,EXPLORATORY_SENSITIVITY_NOT_CONFIRMATORY
1.0,TASK3_CAPACITY_RESPONSE_SURFACE_EXPLORATORY_V1,SECURITY,,16,30,29,CAPACITY_RESPONSE_S30_I16,CAPACITY_RESPONSE_S29_I16,peak_total_waiting_queue,LOWER_CAPACITY_MINUS_HIGHER_CAPACITY,50,0.82,0.595561816734,0.0842251598456,0.95,0.650743204431,0.989256795569,PASS,EXPLORATORY_SENSITIVITY_NOT_CONFIRMATORY
1.0,TASK3_CAPACITY_RESPONSE_SURFACE_EXPLORATORY_V1,SECURITY,,16,30,29,CAPACITY_RESPONSE_S30_I16,CAPACITY_RESPONSE_S29_I16,time_weighted_mean_total_waiting_queue,LOWER_CAPACITY_MINUS_HIGHER_CAPACITY,50,0.606227359093,0.337149593135,0.047680152716,0.95,0.510410504892,0.702044213293,PASS,EXPLORATORY_SENSITIVITY_NOT_CONFIRMATORY
1.0,TASK3_CAPACITY_RESPONSE_SURFACE_EXPLORATORY_V1,SECURITY,,16,30,29,CAPACITY_RESPONSE_S30_I16,CAPACITY_RESPONSE_S29_I16,cutoff_backlog,LOWER_CAPACITY_MINUS_HIGHER_CAPACITY,50,0.14,0.404565778814,0.0572142411271,0.95,0.0250236778197,0.25497632218,PASS,EXPLORATORY_SENSITIVITY_NOT_CONFIRMATORY
1.0,TASK3_CAPACITY_RESPONSE_SURFACE_EXPLORATORY_V1,SECURITY,,16,30,29,CAPACITY_RESPONSE_S30_I16,CAPACITY_RESPONSE_S29_I16,cohort_clear_time_after_cutoff_seconds,LOWER_CAPACITY_MINUS_HIGHER_CAPACITY,50,0.08539559996,0.304502134877,0.0430631048914,0.95,-0.00114294926365,0.171934149184,PASS,EXPLORATORY_SENSITIVITY_NOT_CONFIRMATORY
1.0,TASK3_CAPACITY_RESPONSE_SURFACE_EXPLORATORY_V1,SECURITY,,16,30,29,CAPACITY_RESPONSE_S30_I16,CAPACITY_RESPONSE_S29_I16,security_wait_p95_seconds,LOWER_CAPACITY_MINUS_HIGHER_CAPACITY,50,4.8848994665,2.48349994253,0.351219930088,0.95,4.17909659221,5.59070234079,PASS,EXPLORATORY_SENSITIVITY_NOT_CONFIRMATORY
1.0,TASK3_CAPACITY_RESPONSE_SURFACE_EXPLORATORY_V1,SECURITY,,16,30,29,CAPACITY_RESPONSE_S30_I16,CAPACITY_RESPONSE_S29_I16,immigration_wait_p95_seconds,LOWER_CAPACITY_MINUS_HIGHER_CAPACITY,50,-5.6626992745,3.02761736526,0.428169753963,0.95,-6.52313860935,-4.80225993965,PASS,EXPLORATORY_SENSITIVITY_NOT_CONFIRMATORY
1.0,TASK3_CAPACITY_RESPONSE_SURFACE_EXPLORATORY_V1,SECURITY,,16,29,28,CAPACITY_RESPONSE_S29_I16,CAPACITY_RESPONSE_S28_I16,total_queue_wait_p95_seconds,LOWER_CAPACITY_MINUS_HIGHER_CAPACITY,50,0.18583980238,0.245046136016,0.0346547568961,0.95,0.116198461073,0.255481143687,PASS,EXPLORATORY_SENSITIVITY_NOT_CONFIRMATORY
1.0,TASK3_CAPACITY_RESPONSE_SURFACE_EXPLORATORY_V1,SECURITY,,16,29,28,CAPACITY_RESPONSE_S29_I16,CAPACITY_RESPONSE_S28_I16,total_queue_wait_mean_seconds,LOWER_CAPACITY_MINUS_HIGHER_CAPACITY,50,0.20934512038,0.152721813154,0.0215981259432,0.95,0.165942061316,0.252748179444,PASS,EXPLORATORY_SENSITIVITY_NOT_CONFIRMATORY
1.0,TASK3_CAPACITY_RESPONSE_SURFACE_EXPLORATORY_V1,SECURITY,,16,29,28,CAPACITY_RESPONSE_S29_I16,CAPACITY_RESPONSE_S28_I16,peak_total_waiting_queue,LOWER_CAPACITY_MINUS_HIGHER_CAPACITY,50,1.1,0.364215679542,0.0515078753638,0.95,0.996491049152,1.20350895085,PASS,EXPLORATORY_SENSITIVITY_NOT_CONFIRMATORY
1.0,TASK3_CAPACITY_RESPONSE_SURFACE_EXPLORATORY_V1,SECURITY,,16,29,28,CAPACITY_RESPONSE_S29_I16,CAPACITY_RESPONSE_S28_I16,time_weighted_mean_total_waiting_queue,LOWER_CAPACITY_MINUS_HIGHER_CAPACITY,50,0.914347528607,0.332313083201,0.0469961669216,0.95,0.819905195321,1.00878986189,PASS,EXPLORATORY_SENSITIVITY_NOT_CONFIRMATORY
1.0,TASK3_CAPACITY_RESPONSE_SURFACE_EXPLORATORY_V1,SECURITY,,16,29,28,CAPACITY_RESPONSE_S29_I16,CAPACITY_RESPONSE_S28_I16,cutoff_backlog,LOWER_CAPACITY_MINUS_HIGHER_CAPACITY,50,0.38,0.666700679404,0.0942857142857,0.95,0.190525763356,0.569474236644,PASS,EXPLORATORY_SENSITIVITY_NOT_CONFIRMATORY
1.0,TASK3_CAPACITY_RESPONSE_SURFACE_EXPLORATORY_V1,SECURITY,,16,29,28,CAPACITY_RESPONSE_S29_I16,CAPACITY_RESPONSE_S28_I16,cohort_clear_time_after_cutoff_seconds,LOWER_CAPACITY_MINUS_HIGHER_CAPACITY,50,0.20361938008,0.40544873324,0.0573391097396,0.95,0.0883921250284,0.318846635132,PASS,EXPLORATORY_SENSITIVITY_NOT_CONFIRMATORY
1.0,TASK3_CAPACITY_RESPONSE_SURFACE_EXPLORATORY_V1,SECURITY,,16,29,28,CAPACITY_RESPONSE_S29_I16,CAPACITY_RESPONSE_S28_I16,security_wait_p95_seconds,LOWER_CAPACITY_MINUS_HIGHER_CAPACITY,50,6.97863121378,2.68296074237,0.379427946918,0.95,6.21614220738,7.74112022018,PASS,EXPLORATORY_SENSITIVITY_NOT_CONFIRMATORY
1.0,TASK3_CAPACITY_RESPONSE_SURFACE_EXPLORATORY_V1,SECURITY,,16,29,28,CAPACITY_RESPONSE_S29_I16,CAPACITY_RESPONSE_S28_I16,immigration_wait_p95_seconds,LOWER_CAPACITY_MINUS_HIGHER_CAPACITY,50,-7.44783450148,2.49979726246,0.353524719176,0.95,-8.15826902285,-6.73739998011,PASS,EXPLORATORY_SENSITIVITY_NOT_CONFIRMATORY
1.0,TASK3_CAPACITY_RESPONSE_SURFACE_EXPLORATORY_V1,IMMIGRATION,36,,21,20,CAPACITY_RESPONSE_S36_I21,CAPACITY_RESPONSE_S36_I20,total_queue_wait_p95_seconds,LOWER_CAPACITY_MINUS_HIGHER_CAPACITY,50,1.31254302848,0.842986860753,0.119216345138,0.95,1.07296881343,1.55211724353,PASS,EXPLORATORY_SENSITIVITY_NOT_CONFIRMATORY
1.0,TASK3_CAPACITY_RESPONSE_SURFACE_EXPLORATORY_V1,IMMIGRATION,36,,21,20,CAPACITY_RESPONSE_S36_I21,CAPACITY_RESPONSE_S36_I20,total_queue_wait_mean_seconds,LOWER_CAPACITY_MINUS_HIGHER_CAPACITY,50,0.53037759426,0.478654991408,0.0676920380547,0.95,0.394345350834,0.666409837686,PASS,EXPLORATORY_SENSITIVITY_NOT_CONFIRMATORY
1.0,TASK3_CAPACITY_RESPONSE_SURFACE_EXPLORATORY_V1,IMMIGRATION,36,,21,20,CAPACITY_RESPONSE_S36_I21,CAPACITY_RESPONSE_S36_I20,peak_total_waiting_queue,LOWER_CAPACITY_MINUS_HIGHER_CAPACITY,50,1.1,1.07380688417,0.151859225896,0.95,0.794827460109,1.40517253989,PASS,EXPLORATORY_SENSITIVITY_NOT_CONFIRMATORY
1.0,TASK3_CAPACITY_RESPONSE_SURFACE_EXPLORATORY_V1,IMMIGRATION,36,,21,20,CAPACITY_RESPONSE_S36_I21,CAPACITY_RESPONSE_S36_I20,time_weighted_mean_total_waiting_queue,LOWER_CAPACITY_MINUS_HIGHER_CAPACITY,50,0.649920909302,0.65807918543,0.0930664509151,0.95,0.462896874135,0.836944944468,PASS,EXPLORATORY_SENSITIVITY_NOT_CONFIRMATORY
1.0,TASK3_CAPACITY_RESPONSE_SURFACE_EXPLORATORY_V1,IMMIGRATION,36,,21,20,CAPACITY_RESPONSE_S36_I21,CAPACITY_RESPONSE_S36_I20,cutoff_backlog,LOWER_CAPACITY_MINUS_HIGHER_CAPACITY,50,0.8,1.41421356237,0.2,0.95,0.398084952574,1.20191504743,PASS,EXPLORATORY_SENSITIVITY_NOT_CONFIRMATORY
1.0,TASK3_CAPACITY_RESPONSE_SURFACE_EXPLORATORY_V1,IMMIGRATION,36,,21,20,CAPACITY_RESPONSE_S36_I21,CAPACITY_RESPONSE_S36_I20,cohort_clear_time_after_cutoff_seconds,LOWER_CAPACITY_MINUS_HIGHER_CAPACITY,50,0.84949154492,1.18146628557,0.167084564454,0.95,0.513722541687,1.18526054815,PASS,EXPLORATORY_SENSITIVITY_NOT_CONFIRMATORY
1.0,TASK3_CAPACITY_RESPONSE_SURFACE_EXPLORATORY_V1,IMMIGRATION,36,,21,20,CAPACITY_RESPONSE_S36_I21,CAPACITY_RESPONSE_S36_I20,security_wait_p95_seconds,LOWER_CAPACITY_MINUS_HIGHER_CAPACITY,50,0,0,0,0.95,0,0,PASS,EXPLORATORY_SENSITIVITY_NOT_CONFIRMATORY
1.0,TASK3_CAPACITY_RESPONSE_SURFACE_EXPLORATORY_V1,IMMIGRATION,36,,21,20,CAPACITY_RESPONSE_S36_I21,CAPACITY_RESPONSE_S36_I20,immigration_wait_p95_seconds,LOWER_CAPACITY_MINUS_HIGHER_CAPACITY,50,1.41797672516,0.839881556501,0.118777188799,0.95,1.17928502781,1.65666842251,PASS,EXPLORATORY_SENSITIVITY_NOT_CONFIRMATORY
1.0,TASK3_CAPACITY_RESPONSE_SURFACE_EXPLORATORY_V1,IMMIGRATION,36,,20,19,CAPACITY_RESPONSE_S36_I20,CAPACITY_RESPONSE_S36_I19,total_queue_wait_p95_seconds,LOWER_CAPACITY_MINUS_HIGHER_CAPACITY,50,2.38591032892,1.5748269635,0.222714165017,0.95,1.93834945794,2.8334711999,PASS,EXPLORATORY_SENSITIVITY_NOT_CONFIRMATORY
1.0,TASK3_CAPACITY_RESPONSE_SURFACE_EXPLORATORY_V1,IMMIGRATION,36,,20,19,CAPACITY_RESPONSE_S36_I20,CAPACITY_RESPONSE_S36_I19,total_queue_wait_mean_seconds,LOWER_CAPACITY_MINUS_HIGHER_CAPACITY,50,1.15341800624,0.99149497404,0.140218563931,0.95,0.871638252378,1.4351977601,PASS,EXPLORATORY_SENSITIVITY_NOT_CONFIRMATORY
1.0,TASK3_CAPACITY_RESPONSE_SURFACE_EXPLORATORY_V1,IMMIGRATION,36,,20,19,CAPACITY_RESPONSE_S36_I20,CAPACITY_RESPONSE_S36_I19,peak_total_waiting_queue,LOWER_CAPACITY_MINUS_HIGHER_CAPACITY,50,2.94,2.54277688477,0.359602955653,0.95,2.21735080512,3.66264919488,PASS,EXPLORATORY_SENSITIVITY_NOT_CONFIRMATORY
1.0,TASK3_CAPACITY_RESPONSE_SURFACE_EXPLORATORY_V1,IMMIGRATION,36,,20,19,CAPACITY_RESPONSE_S36_I20,CAPACITY_RESPONSE_S36_I19,time_weighted_mean_total_waiting_queue,LOWER_CAPACITY_MINUS_HIGHER_CAPACITY,50,1.36523828606,1.22105007896,0.1726825582,0.95,1.01821969322,1.7122568789,PASS,EXPLORATORY_SENSITIVITY_NOT_CONFIRMATORY
1.0,TASK3_CAPACITY_RESPONSE_SURFACE_EXPLORATORY_V1,IMMIGRATION,36,,20,19,CAPACITY_RESPONSE_S36_I20,CAPACITY_RESPONSE_S36_I19,cutoff_backlog,LOWER_CAPACITY_MINUS_HIGHER_CAPACITY,50,2.06,3.33448279501,0.47156707922,0.95,1.11235047495,3.00764952505,PASS,EXPLORATORY_SENSITIVITY_NOT_CONFIRMATORY
1.0,TASK3_CAPACITY_RESPONSE_SURFACE_EXPLORATORY_V1,IMMIGRATION,36,,20,19,CAPACITY_RESPONSE_S36_I20,CAPACITY_RESPONSE_S36_I19,cohort_clear_time_after_cutoff_seconds,LOWER_CAPACITY_MINUS_HIGHER_CAPACITY,50,2.0926823336,2.68394682156,0.379567399574,0.95,1.3299130866,2.8554515806,PASS,EXPLORATORY_SENSITIVITY_NOT_CONFIRMATORY
1.0,TASK3_CAPACITY_RESPONSE_SURFACE_EXPLORATORY_V1,IMMIGRATION,36,,20,19,CAPACITY_RESPONSE_S36_I20,CAPACITY_RESPONSE_S36_I19,security_wait_p95_seconds,LOWER_CAPACITY_MINUS_HIGHER_CAPACITY,50,0,0,0,0.95,0,0,PASS,EXPLORATORY_SENSITIVITY_NOT_CONFIRMATORY
1.0,TASK3_CAPACITY_RESPONSE_SURFACE_EXPLORATORY_V1,IMMIGRATION,36,,20,19,CAPACITY_RESPONSE_S36_I20,CAPACITY_RESPONSE_S36_I19,immigration_wait_p95_seconds,LOWER_CAPACITY_MINUS_HIGHER_CAPACITY,50,2.56063321064,1.85433336711,0.262242339693,0.95,2.03363749867,3.08762892261,PASS,EXPLORATORY_SENSITIVITY_NOT_CONFIRMATORY
1.0,TASK3_CAPACITY_RESPONSE_SURFACE_EXPLORATORY_V1,IMMIGRATION,36,,19,18,CAPACITY_RESPONSE_S36_I19,CAPACITY_RESPONSE_S36_I18,total_queue_wait_p95_seconds,LOWER_CAPACITY_MINUS_HIGHER_CAPACITY,50,4.6206010064,2.89037950258,0.408761389295,0.95,3.79916424058,5.44203777222,PASS,EXPLORATORY_SENSITIVITY_NOT_CONFIRMATORY
1.0,TASK3_CAPACITY_RESPONSE_SURFACE_EXPLORATORY_V1,IMMIGRATION,36,,19,18,CAPACITY_RESPONSE_S36_I19,CAPACITY_RESPONSE_S36_I18,total_queue_wait_mean_seconds,LOWER_CAPACITY_MINUS_HIGHER_CAPACITY,50,2.53282924082,1.8842043095,0.266466728878,0.95,1.99734430095,3.06831418069,PASS,EXPLORATORY_SENSITIVITY_NOT_CONFIRMATORY
1.0,TASK3_CAPACITY_RESPONSE_SURFACE_EXPLORATORY_V1,IMMIGRATION,36,,19,18,CAPACITY_RESPONSE_S36_I19,CAPACITY_RESPONSE_S36_I18,peak_total_waiting_queue,LOWER_CAPACITY_MINUS_HIGHER_CAPACITY,50,6.22,4.38592368044,0.620263275241,0.95,4.97353428158,7.46646571842,PASS,EXPLORATORY_SENSITIVITY_NOT_CONFIRMATORY
1.0,TASK3_CAPACITY_RESPONSE_SURFACE_EXPLORATORY_V1,IMMIGRATION,36,,19,18,CAPACITY_RESPONSE_S36_I19,CAPACITY_RESPONSE_S36_I18,time_weighted_mean_total_waiting_queue,LOWER_CAPACITY_MINUS_HIGHER_CAPACITY,50,2.8798150448,2.24910589377,0.318071605818,0.95,2.24062622211,3.51900386749,PASS,EXPLORATORY_SENSITIVITY_NOT_CONFIRMATORY
1.0,TASK3_CAPACITY_RESPONSE_SURFACE_EXPLORATORY_V1,IMMIGRATION,36,,19,18,CAPACITY_RESPONSE_S36_I19,CAPACITY_RESPONSE_S36_I18,cutoff_backlog,LOWER_CAPACITY_MINUS_HIGHER_CAPACITY,50,5.44,5.55183367392,0.78514784777,0.95,3.86218632764,7.01781367236,PASS,EXPLORATORY_SENSITIVITY_NOT_CONFIRMATORY
1.0,TASK3_CAPACITY_RESPONSE_SURFACE_EXPLORATORY_V1,IMMIGRATION,36,,19,18,CAPACITY_RESPONSE_S36_I19,CAPACITY_RESPONSE_S36_I18,cohort_clear_time_after_cutoff_seconds,LOWER_CAPACITY_MINUS_HIGHER_CAPACITY,50,5.2315570741,4.65393662484,0.658166029328,0.95,3.90892291964,6.55419122856,PASS,EXPLORATORY_SENSITIVITY_NOT_CONFIRMATORY
1.0,TASK3_CAPACITY_RESPONSE_SURFACE_EXPLORATORY_V1,IMMIGRATION,36,,19,18,CAPACITY_RESPONSE_S36_I19,CAPACITY_RESPONSE_S36_I18,security_wait_p95_seconds,LOWER_CAPACITY_MINUS_HIGHER_CAPACITY,50,0,0,0,0.95,0,0,PASS,EXPLORATORY_SENSITIVITY_NOT_CONFIRMATORY
1.0,TASK3_CAPACITY_RESPONSE_SURFACE_EXPLORATORY_V1,IMMIGRATION,36,,19,18,CAPACITY_RESPONSE_S36_I19,CAPACITY_RESPONSE_S36_I18,immigration_wait_p95_seconds,LOWER_CAPACITY_MINUS_HIGHER_CAPACITY,50,4.87051084236,3.15032952003,0.445523873318,0.95,3.97519709899,5.76582458573,PASS,EXPLORATORY_SENSITIVITY_NOT_CONFIRMATORY
1.0,TASK3_CAPACITY_RESPONSE_SURFACE_EXPLORATORY_V1,IMMIGRATION,36,,18,17,CAPACITY_RESPONSE_S36_I18,CAPACITY_RESPONSE_S36_I17,total_queue_wait_p95_seconds,LOWER_CAPACITY_MINUS_HIGHER_CAPACITY,50,8.67888359758,4.21463047743,0.596038758158,0.95,7.48109886882,9.87666832634,PASS,EXPLORATORY_SENSITIVITY_NOT_CONFIRMATORY
1.0,TASK3_CAPACITY_RESPONSE_SURFACE_EXPLORATORY_V1,IMMIGRATION,36,,18,17,CAPACITY_RESPONSE_S36_I18,CAPACITY_RESPONSE_S36_I17,total_queue_wait_mean_seconds,LOWER_CAPACITY_MINUS_HIGHER_CAPACITY,50,4.9139667943,2.41627560697,0.341712973381,0.95,4.22726886479,5.60066472381,PASS,EXPLORATORY_SENSITIVITY_NOT_CONFIRMATORY
1.0,TASK3_CAPACITY_RESPONSE_SURFACE_EXPLORATORY_V1,IMMIGRATION,36,,18,17,CAPACITY_RESPONSE_S36_I18,CAPACITY_RESPONSE_S36_I17,peak_total_waiting_queue,LOWER_CAPACITY_MINUS_HIGHER_CAPACITY,50,11.28,5.49968459207,0.777772853888,0.95,9.71700693272,12.8429930673,PASS,EXPLORATORY_SENSITIVITY_NOT_CONFIRMATORY
1.0,TASK3_CAPACITY_RESPONSE_SURFACE_EXPLORATORY_V1,IMMIGRATION,36,,18,17,CAPACITY_RESPONSE_S36_I18,CAPACITY_RESPONSE_S36_I17,time_weighted_mean_total_waiting_queue,LOWER_CAPACITY_MINUS_HIGHER_CAPACITY,50,5.18788008414,2.60315217399,0.368141310938,0.95,4.44807242191,5.92768774636,PASS,EXPLORATORY_SENSITIVITY_NOT_CONFIRMATORY
1.0,TASK3_CAPACITY_RESPONSE_SURFACE_EXPLORATORY_V1,IMMIGRATION,36,,18,17,CAPACITY_RESPONSE_S36_I18,CAPACITY_RESPONSE_S36_I17,cutoff_backlog,LOWER_CAPACITY_MINUS_HIGHER_CAPACITY,50,11.64,6.05673853098,0.856552177426,0.95,9.91869395494,13.3613060451,PASS,EXPLORATORY_SENSITIVITY_NOT_CONFIRMATORY
1.0,TASK3_CAPACITY_RESPONSE_SURFACE_EXPLORATORY_V1,IMMIGRATION,36,,18,17,CAPACITY_RESPONSE_S36_I18,CAPACITY_RESPONSE_S36_I17,cohort_clear_time_after_cutoff_seconds,LOWER_CAPACITY_MINUS_HIGHER_CAPACITY,50,10.1478218193,5.51947524756,0.780571675228,0.95,8.57920430992,11.7164393286,PASS,EXPLORATORY_SENSITIVITY_NOT_CONFIRMATORY
1.0,TASK3_CAPACITY_RESPONSE_SURFACE_EXPLORATORY_V1,IMMIGRATION,36,,18,17,CAPACITY_RESPONSE_S36_I18,CAPACITY_RESPONSE_S36_I17,security_wait_p95_seconds,LOWER_CAPACITY_MINUS_HIGHER_CAPACITY,50,0,0,0,0.95,0,0,PASS,EXPLORATORY_SENSITIVITY_NOT_CONFIRMATORY
1.0,TASK3_CAPACITY_RESPONSE_SURFACE_EXPLORATORY_V1,IMMIGRATION,36,,18,17,CAPACITY_RESPONSE_S36_I18,CAPACITY_RESPONSE_S36_I17,immigration_wait_p95_seconds,LOWER_CAPACITY_MINUS_HIGHER_CAPACITY,50,8.95572285516,4.24929095005,0.600940489203,0.95,7.74808772907,10.1633579813,PASS,EXPLORATORY_SENSITIVITY_NOT_CONFIRMATORY
1.0,TASK3_CAPACITY_RESPONSE_SURFACE_EXPLORATORY_V1,IMMIGRATION,36,,17,16,CAPACITY_RESPONSE_S36_I17,CAPACITY_RESPONSE_S36_I16,total_queue_wait_p95_seconds,LOWER_CAPACITY_MINUS_HIGHER_CAPACITY,50,14.6824988805,4.02260836691,0.56888273086,0.95,13.5392862318,15.8257115293,PASS,EXPLORATORY_SENSITIVITY_NOT_CONFIRMATORY
1.0,TASK3_CAPACITY_RESPONSE_SURFACE_EXPLORATORY_V1,IMMIGRATION,36,,17,16,CAPACITY_RESPONSE_S36_I17,CAPACITY_RESPONSE_S36_I16,total_queue_wait_mean_seconds,LOWER_CAPACITY_MINUS_HIGHER_CAPACITY,50,7.8531668141,2.1995067578,0.311057228741,0.95,7.22807390989,8.47825971831,PASS,EXPLORATORY_SENSITIVITY_NOT_CONFIRMATORY
1.0,TASK3_CAPACITY_RESPONSE_SURFACE_EXPLORATORY_V1,IMMIGRATION,36,,17,16,CAPACITY_RESPONSE_S36_I17,CAPACITY_RESPONSE_S36_I16,peak_total_waiting_queue,LOWER_CAPACITY_MINUS_HIGHER_CAPACITY,50,17.42,4.80684036408,0.679789883504,0.95,16.0539110837,18.7860889163,PASS,EXPLORATORY_SENSITIVITY_NOT_CONFIRMATORY
1.0,TASK3_CAPACITY_RESPONSE_SURFACE_EXPLORATORY_V1,IMMIGRATION,36,,17,16,CAPACITY_RESPONSE_S36_I17,CAPACITY_RESPONSE_S36_I16,time_weighted_mean_total_waiting_queue,LOWER_CAPACITY_MINUS_HIGHER_CAPACITY,50,7.58963552248,2.1729099095,0.307295866383,0.95,6.97210135893,8.20716968604,PASS,EXPLORATORY_SENSITIVITY_NOT_CONFIRMATORY
1.0,TASK3_CAPACITY_RESPONSE_SURFACE_EXPLORATORY_V1,IMMIGRATION,36,,17,16,CAPACITY_RESPONSE_S36_I17,CAPACITY_RESPONSE_S36_I16,cutoff_backlog,LOWER_CAPACITY_MINUS_HIGHER_CAPACITY,50,16.5,4.59036257516,0.649175301,0.95,15.1954333906,17.8045666094,PASS,EXPLORATORY_SENSITIVITY_NOT_CONFIRMATORY
1.0,TASK3_CAPACITY_RESPONSE_SURFACE_EXPLORATORY_V1,IMMIGRATION,36,,17,16,CAPACITY_RESPONSE_S36_I17,CAPACITY_RESPONSE_S36_I16,cohort_clear_time_after_cutoff_seconds,LOWER_CAPACITY_MINUS_HIGHER_CAPACITY,50,16.7344314076,4.35205801964,0.615473947561,0.95,15.4975902035,17.9712726117,PASS,EXPLORATORY_SENSITIVITY_NOT_CONFIRMATORY
1.0,TASK3_CAPACITY_RESPONSE_SURFACE_EXPLORATORY_V1,IMMIGRATION,36,,17,16,CAPACITY_RESPONSE_S36_I17,CAPACITY_RESPONSE_S36_I16,security_wait_p95_seconds,LOWER_CAPACITY_MINUS_HIGHER_CAPACITY,50,0,0,0,0.95,0,0,PASS,EXPLORATORY_SENSITIVITY_NOT_CONFIRMATORY
1.0,TASK3_CAPACITY_RESPONSE_SURFACE_EXPLORATORY_V1,IMMIGRATION,36,,17,16,CAPACITY_RESPONSE_S36_I17,CAPACITY_RESPONSE_S36_I16,immigration_wait_p95_seconds,LOWER_CAPACITY_MINUS_HIGHER_CAPACITY,50,14.9262602405,3.9654911311,0.560805133907,0.95,13.7992801305,16.0532403505,PASS,EXPLORATORY_SENSITIVITY_NOT_CONFIRMATORY
1.0,TASK3_CAPACITY_RESPONSE_SURFACE_EXPLORATORY_V1,IMMIGRATION,35,,21,20,CAPACITY_RESPONSE_S35_I21,CAPACITY_RESPONSE_S35_I20,total_queue_wait_p95_seconds,LOWER_CAPACITY_MINUS_HIGHER_CAPACITY,50,1.12105225662,0.706436521233,0.0999052109283,0.95,0.920285218678,1.32181929456,PASS,EXPLORATORY_SENSITIVITY_NOT_CONFIRMATORY
1.0,TASK3_CAPACITY_RESPONSE_SURFACE_EXPLORATORY_V1,IMMIGRATION,35,,21,20,CAPACITY_RESPONSE_S35_I21,CAPACITY_RESPONSE_S35_I20,total_queue_wait_mean_seconds,LOWER_CAPACITY_MINUS_HIGHER_CAPACITY,50,0.47582132138,0.422906480356,0.0598080080135,0.95,0.355632629494,0.596010013266,PASS,EXPLORATORY_SENSITIVITY_NOT_CONFIRMATORY
1.0,TASK3_CAPACITY_RESPONSE_SURFACE_EXPLORATORY_V1,IMMIGRATION,35,,21,20,CAPACITY_RESPONSE_S35_I21,CAPACITY_RESPONSE_S35_I20,peak_total_waiting_queue,LOWER_CAPACITY_MINUS_HIGHER_CAPACITY,50,0.84,0.976457570893,0.138091953984,0.95,0.562493828827,1.11750617117,PASS,EXPLORATORY_SENSITIVITY_NOT_CONFIRMATORY
1.0,TASK3_CAPACITY_RESPONSE_SURFACE_EXPLORATORY_V1,IMMIGRATION,35,,21,20,CAPACITY_RESPONSE_S35_I21,CAPACITY_RESPONSE_S35_I20,time_weighted_mean_total_waiting_queue,LOWER_CAPACITY_MINUS_HIGHER_CAPACITY,50,0.58248697049,0.577078764363,0.081611261512,0.95,0.418483000285,0.746490940696,PASS,EXPLORATORY_SENSITIVITY_NOT_CONFIRMATORY
1.0,TASK3_CAPACITY_RESPONSE_SURFACE_EXPLORATORY_V1,IMMIGRATION,35,,21,20,CAPACITY_RESPONSE_S35_I21,CAPACITY_RESPONSE_S35_I20,cutoff_backlog,LOWER_CAPACITY_MINUS_HIGHER_CAPACITY,50,0.68,1.23618900873,0.17482352618,0.95,0.32867897092,1.03132102908,PASS,EXPLORATORY_SENSITIVITY_NOT_CONFIRMATORY
1.0,TASK3_CAPACITY_RESPONSE_SURFACE_EXPLORATORY_V1,IMMIGRATION,35,,21,20,CAPACITY_RESPONSE_S35_I21,CAPACITY_RESPONSE_S35_I20,cohort_clear_time_after_cutoff_seconds,LOWER_CAPACITY_MINUS_HIGHER_CAPACITY,50,0.8007578549,1.13093559055,0.159938445033,0.95,0.479349516296,1.1221661935,PASS,EXPLORATORY_SENSITIVITY_NOT_CONFIRMATORY
1.0,TASK3_CAPACITY_RESPONSE_SURFACE_EXPLORATORY_V1,IMMIGRATION,35,,21,20,CAPACITY_RESPONSE_S35_I21,CAPACITY_RESPONSE_S35_I20,security_wait_p95_seconds,LOWER_CAPACITY_MINUS_HIGHER_CAPACITY,50,0,0,0,0.95,0,0,PASS,EXPLORATORY_SENSITIVITY_NOT_CONFIRMATORY
1.0,TASK3_CAPACITY_RESPONSE_SURFACE_EXPLORATORY_V1,IMMIGRATION,35,,21,20,CAPACITY_RESPONSE_S35_I21,CAPACITY_RESPONSE_S35_I20,immigration_wait_p95_seconds,LOWER_CAPACITY_MINUS_HIGHER_CAPACITY,50,1.30327950706,0.669665686472,0.0947050296064,0.95,1.11296262473,1.49359638939,PASS,EXPLORATORY_SENSITIVITY_NOT_CONFIRMATORY
1.0,TASK3_CAPACITY_RESPONSE_SURFACE_EXPLORATORY_V1,IMMIGRATION,35,,20,19,CAPACITY_RESPONSE_S35_I20,CAPACITY_RESPONSE_S35_I19,total_queue_wait_p95_seconds,LOWER_CAPACITY_MINUS_HIGHER_CAPACITY,50,2.29502934582,1.55805000827,0.220341545255,0.95,1.85223643277,2.73782225887,PASS,EXPLORATORY_SENSITIVITY_NOT_CONFIRMATORY
1.0,TASK3_CAPACITY_RESPONSE_SURFACE_EXPLORATORY_V1,IMMIGRATION,35,,20,19,CAPACITY_RESPONSE_S35_I20,CAPACITY_RESPONSE_S35_I19,total_queue_wait_mean_seconds,LOWER_CAPACITY_MINUS_HIGHER_CAPACITY,50,1.12336533092,0.966901748811,0.136740556665,0.95,0.848574894335,1.39815576751,PASS,EXPLORATORY_SENSITIVITY_NOT_CONFIRMATORY
1.0,TASK3_CAPACITY_RESPONSE_SURFACE_EXPLORATORY_V1,IMMIGRATION,35,,20,19,CAPACITY_RESPONSE_S35_I20,CAPACITY_RESPONSE_S35_I19,peak_total_waiting_queue,LOWER_CAPACITY_MINUS_HIGHER_CAPACITY,50,2.24,2.23661551895,0.316305200071,0.95,1.60436090256,2.87563909744,PASS,EXPLORATORY_SENSITIVITY_NOT_CONFIRMATORY
1.0,TASK3_CAPACITY_RESPONSE_SURFACE_EXPLORATORY_V1,IMMIGRATION,35,,20,19,CAPACITY_RESPONSE_S35_I20,CAPACITY_RESPONSE_S35_I19,time_weighted_mean_total_waiting_queue,LOWER_CAPACITY_MINUS_HIGHER_CAPACITY,50,1.32822056079,1.18561876879,0.167671814263,0.95,0.991271434887,1.6651696867,PASS,EXPLORATORY_SENSITIVITY_NOT_CONFIRMATORY
1.0,TASK3_CAPACITY_RESPONSE_SURFACE_EXPLORATORY_V1,IMMIGRATION,35,,20,19,CAPACITY_RESPONSE_S35_I20,CAPACITY_RESPONSE_S35_I19,cutoff_backlog,LOWER_CAPACITY_MINUS_HIGHER_CAPACITY,50,2,3.1815796359,0.449943307086,0.95,1.09580507197,2.90419492803,PASS,EXPLORATORY_SENSITIVITY_NOT_CONFIRMATORY
1.0,TASK3_CAPACITY_RESPONSE_SURFACE_EXPLORATORY_V1,IMMIGRATION,35,,20,19,CAPACITY_RESPONSE_S35_I20,CAPACITY_RESPONSE_S35_I19,cohort_clear_time_after_cutoff_seconds,LOWER_CAPACITY_MINUS_HIGHER_CAPACITY,50,2.0351338464,2.64788799317,0.374467911159,0.95,1.28261240504,2.78765528776,PASS,EXPLORATORY_SENSITIVITY_NOT_CONFIRMATORY
1.0,TASK3_CAPACITY_RESPONSE_SURFACE_EXPLORATORY_V1,IMMIGRATION,35,,20,19,CAPACITY_RESPONSE_S35_I20,CAPACITY_RESPONSE_S35_I19,security_wait_p95_seconds,LOWER_CAPACITY_MINUS_HIGHER_CAPACITY,50,0,0,0,0.95,0,0,PASS,EXPLORATORY_SENSITIVITY_NOT_CONFIRMATORY
1.0,TASK3_CAPACITY_RESPONSE_SURFACE_EXPLORATORY_V1,IMMIGRATION,35,,20,19,CAPACITY_RESPONSE_S35_I20,CAPACITY_RESPONSE_S35_I19,immigration_wait_p95_seconds,LOWER_CAPACITY_MINUS_HIGHER_CAPACITY,50,2.5171449833,1.84534846532,0.260971682697,0.95,1.99270275216,3.04158721444,PASS,EXPLORATORY_SENSITIVITY_NOT_CONFIRMATORY
1.0,TASK3_CAPACITY_RESPONSE_SURFACE_EXPLORATORY_V1,IMMIGRATION,35,,19,18,CAPACITY_RESPONSE_S35_I19,CAPACITY_RESPONSE_S35_I18,total_queue_wait_p95_seconds,LOWER_CAPACITY_MINUS_HIGHER_CAPACITY,50,4.6119598243,2.8854863283,0.408069389952,0.95,3.79191368322,5.43200596538,PASS,EXPLORATORY_SENSITIVITY_NOT_CONFIRMATORY
1.0,TASK3_CAPACITY_RESPONSE_SURFACE_EXPLORATORY_V1,IMMIGRATION,35,,19,18,CAPACITY_RESPONSE_S35_I19,CAPACITY_RESPONSE_S35_I18,total_queue_wait_mean_seconds,LOWER_CAPACITY_MINUS_HIGHER_CAPACITY,50,2.5265810912,1.8834359485,0.266358066224,0.95,1.99131451711,3.06184766529,PASS,EXPLORATORY_SENSITIVITY_NOT_CONFIRMATORY
1.0,TASK3_CAPACITY_RESPONSE_SURFACE_EXPLORATORY_V1,IMMIGRATION,35,,19,18,CAPACITY_RESPONSE_S35_I19,CAPACITY_RESPONSE_S35_I18,peak_total_waiting_queue,LOWER_CAPACITY_MINUS_HIGHER_CAPACITY,50,5.98,4.47893026587,0.633416392692,0.95,4.70710210245,7.25289789755,PASS,EXPLORATORY_SENSITIVITY_NOT_CONFIRMATORY
1.0,TASK3_CAPACITY_RESPONSE_SURFACE_EXPLORATORY_V1,IMMIGRATION,35,,19,18,CAPACITY_RESPONSE_S35_I19,CAPACITY_RESPONSE_S35_I18,time_weighted_mean_total_waiting_queue,LOWER_CAPACITY_MINUS_HIGHER_CAPACITY,50,2.87244790157,2.24716693814,0.317797396083,0.95,2.23381012398,3.51108567916,PASS,EXPLORATORY_SENSITIVITY_NOT_CONFIRMATORY
1.0,TASK3_CAPACITY_RESPONSE_SURFACE_EXPLORATORY_V1,IMMIGRATION,35,,19,18,CAPACITY_RESPONSE_S35_I19,CAPACITY_RESPONSE_S35_I18,cutoff_backlog,LOWER_CAPACITY_MINUS_HIGHER_CAPACITY,50,5.42,5.54053706967,0.783550266676,0.95,3.84539678704,6.99460321296,PASS,EXPLORATORY_SENSITIVITY_NOT_CONFIRMATORY
1.0,TASK3_CAPACITY_RESPONSE_SURFACE_EXPLORATORY_V1,IMMIGRATION,35,,19,18,CAPACITY_RESPONSE_S35_I19,CAPACITY_RESPONSE_S35_I18,cohort_clear_time_after_cutoff_seconds,LOWER_CAPACITY_MINUS_HIGHER_CAPACITY,50,5.2315570741,4.65393662484,0.658166029328,0.95,3.90892291964,6.55419122856,PASS,EXPLORATORY_SENSITIVITY_NOT_CONFIRMATORY
1.0,TASK3_CAPACITY_RESPONSE_SURFACE_EXPLORATORY_V1,IMMIGRATION,35,,19,18,CAPACITY_RESPONSE_S35_I19,CAPACITY_RESPONSE_S35_I18,security_wait_p95_seconds,LOWER_CAPACITY_MINUS_HIGHER_CAPACITY,50,0,0,0,0.95,0,0,PASS,EXPLORATORY_SENSITIVITY_NOT_CONFIRMATORY
1.0,TASK3_CAPACITY_RESPONSE_SURFACE_EXPLORATORY_V1,IMMIGRATION,35,,19,18,CAPACITY_RESPONSE_S35_I19,CAPACITY_RESPONSE_S35_I18,immigration_wait_p95_seconds,LOWER_CAPACITY_MINUS_HIGHER_CAPACITY,50,4.8625550075,3.18869532548,0.450949617556,0.95,3.95633782287,5.76877219213,PASS,EXPLORATORY_SENSITIVITY_NOT_CONFIRMATORY
1.0,TASK3_CAPACITY_RESPONSE_SURFACE_EXPLORATORY_V1,IMMIGRATION,35,,18,17,CAPACITY_RESPONSE_S35_I18,CAPACITY_RESPONSE_S35_I17,total_queue_wait_p95_seconds,LOWER_CAPACITY_MINUS_HIGHER_CAPACITY,50,8.67888359758,4.21463047743,0.596038758158,0.95,7.48109886882,9.87666832634,PASS,EXPLORATORY_SENSITIVITY_NOT_CONFIRMATORY
1.0,TASK3_CAPACITY_RESPONSE_SURFACE_EXPLORATORY_V1,IMMIGRATION,35,,18,17,CAPACITY_RESPONSE_S35_I18,CAPACITY_RESPONSE_S35_I17,total_queue_wait_mean_seconds,LOWER_CAPACITY_MINUS_HIGHER_CAPACITY,50,4.91374559262,2.41642260868,0.341733762562,0.95,4.22700588568,5.60048529956,PASS,EXPLORATORY_SENSITIVITY_NOT_CONFIRMATORY
1.0,TASK3_CAPACITY_RESPONSE_SURFACE_EXPLORATORY_V1,IMMIGRATION,35,,18,17,CAPACITY_RESPONSE_S35_I18,CAPACITY_RESPONSE_S35_I17,peak_total_waiting_queue,LOWER_CAPACITY_MINUS_HIGHER_CAPACITY,50,11.32,5.43022531197,0.767949828293,0.95,9.7767470417,12.8632529583,PASS,EXPLORATORY_SENSITIVITY_NOT_CONFIRMATORY
1.0,TASK3_CAPACITY_RESPONSE_SURFACE_EXPLORATORY_V1,IMMIGRATION,35,,18,17,CAPACITY_RESPONSE_S35_I18,CAPACITY_RESPONSE_S35_I17,time_weighted_mean_total_waiting_queue,LOWER_CAPACITY_MINUS_HIGHER_CAPACITY,50,5.18758824748,2.60330071179,0.368162317355,0.95,4.44773837128,5.92743812368,PASS,EXPLORATORY_SENSITIVITY_NOT_CONFIRMATORY
1.0,TASK3_CAPACITY_RESPONSE_SURFACE_EXPLORATORY_V1,IMMIGRATION,35,,18,17,CAPACITY_RESPONSE_S35_I18,CAPACITY_RESPONSE_S35_I17,cutoff_backlog,LOWER_CAPACITY_MINUS_HIGHER_CAPACITY,50,11.64,6.05673853098,0.856552177426,0.95,9.91869395494,13.3613060451,PASS,EXPLORATORY_SENSITIVITY_NOT_CONFIRMATORY
1.0,TASK3_CAPACITY_RESPONSE_SURFACE_EXPLORATORY_V1,IMMIGRATION,35,,18,17,CAPACITY_RESPONSE_S35_I18,CAPACITY_RESPONSE_S35_I17,cohort_clear_time_after_cutoff_seconds,LOWER_CAPACITY_MINUS_HIGHER_CAPACITY,50,10.1478218193,5.51947524756,0.780571675228,0.95,8.57920430992,11.7164393286,PASS,EXPLORATORY_SENSITIVITY_NOT_CONFIRMATORY
1.0,TASK3_CAPACITY_RESPONSE_SURFACE_EXPLORATORY_V1,IMMIGRATION,35,,18,17,CAPACITY_RESPONSE_S35_I18,CAPACITY_RESPONSE_S35_I17,security_wait_p95_seconds,LOWER_CAPACITY_MINUS_HIGHER_CAPACITY,50,0,0,0,0.95,0,0,PASS,EXPLORATORY_SENSITIVITY_NOT_CONFIRMATORY
1.0,TASK3_CAPACITY_RESPONSE_SURFACE_EXPLORATORY_V1,IMMIGRATION,35,,18,17,CAPACITY_RESPONSE_S35_I18,CAPACITY_RESPONSE_S35_I17,immigration_wait_p95_seconds,LOWER_CAPACITY_MINUS_HIGHER_CAPACITY,50,9.08664933798,4.2369144841,0.599190192603,0.95,7.88253156459,10.2907671114,PASS,EXPLORATORY_SENSITIVITY_NOT_CONFIRMATORY
1.0,TASK3_CAPACITY_RESPONSE_SURFACE_EXPLORATORY_V1,IMMIGRATION,35,,17,16,CAPACITY_RESPONSE_S35_I17,CAPACITY_RESPONSE_S35_I16,total_queue_wait_p95_seconds,LOWER_CAPACITY_MINUS_HIGHER_CAPACITY,50,14.6824988805,4.02260836691,0.56888273086,0.95,13.5392862318,15.8257115293,PASS,EXPLORATORY_SENSITIVITY_NOT_CONFIRMATORY
1.0,TASK3_CAPACITY_RESPONSE_SURFACE_EXPLORATORY_V1,IMMIGRATION,35,,17,16,CAPACITY_RESPONSE_S35_I17,CAPACITY_RESPONSE_S35_I16,total_queue_wait_mean_seconds,LOWER_CAPACITY_MINUS_HIGHER_CAPACITY,50,7.8531668141,2.1995067578,0.311057228741,0.95,7.22807390989,8.47825971831,PASS,EXPLORATORY_SENSITIVITY_NOT_CONFIRMATORY
1.0,TASK3_CAPACITY_RESPONSE_SURFACE_EXPLORATORY_V1,IMMIGRATION,35,,17,16,CAPACITY_RESPONSE_S35_I17,CAPACITY_RESPONSE_S35_I16,peak_total_waiting_queue,LOWER_CAPACITY_MINUS_HIGHER_CAPACITY,50,17.56,4.81562084073,0.68103163042,0.95,16.1914156998,18.9285843002,PASS,EXPLORATORY_SENSITIVITY_NOT_CONFIRMATORY
1.0,TASK3_CAPACITY_RESPONSE_SURFACE_EXPLORATORY_V1,IMMIGRATION,35,,17,16,CAPACITY_RESPONSE_S35_I17,CAPACITY_RESPONSE_S35_I16,time_weighted_mean_total_waiting_queue,LOWER_CAPACITY_MINUS_HIGHER_CAPACITY,50,7.58963552248,2.1729099095,0.307295866383,0.95,6.97210135893,8.20716968604,PASS,EXPLORATORY_SENSITIVITY_NOT_CONFIRMATORY
1.0,TASK3_CAPACITY_RESPONSE_SURFACE_EXPLORATORY_V1,IMMIGRATION,35,,17,16,CAPACITY_RESPONSE_S35_I17,CAPACITY_RESPONSE_S35_I16,cutoff_backlog,LOWER_CAPACITY_MINUS_HIGHER_CAPACITY,50,16.5,4.59036257516,0.649175301,0.95,15.1954333906,17.8045666094,PASS,EXPLORATORY_SENSITIVITY_NOT_CONFIRMATORY
1.0,TASK3_CAPACITY_RESPONSE_SURFACE_EXPLORATORY_V1,IMMIGRATION,35,,17,16,CAPACITY_RESPONSE_S35_I17,CAPACITY_RESPONSE_S35_I16,cohort_clear_time_after_cutoff_seconds,LOWER_CAPACITY_MINUS_HIGHER_CAPACITY,50,16.7344314076,4.35205801964,0.615473947561,0.95,15.4975902035,17.9712726117,PASS,EXPLORATORY_SENSITIVITY_NOT_CONFIRMATORY
1.0,TASK3_CAPACITY_RESPONSE_SURFACE_EXPLORATORY_V1,IMMIGRATION,35,,17,16,CAPACITY_RESPONSE_S35_I17,CAPACITY_RESPONSE_S35_I16,security_wait_p95_seconds,LOWER_CAPACITY_MINUS_HIGHER_CAPACITY,50,0,0,0,0.95,0,0,PASS,EXPLORATORY_SENSITIVITY_NOT_CONFIRMATORY
1.0,TASK3_CAPACITY_RESPONSE_SURFACE_EXPLORATORY_V1,IMMIGRATION,35,,17,16,CAPACITY_RESPONSE_S35_I17,CAPACITY_RESPONSE_S35_I16,immigration_wait_p95_seconds,LOWER_CAPACITY_MINUS_HIGHER_CAPACITY,50,14.961346206,4.00242521403,0.566028402007,0.95,13.8238695458,16.0988228662,PASS,EXPLORATORY_SENSITIVITY_NOT_CONFIRMATORY
1.0,TASK3_CAPACITY_RESPONSE_SURFACE_EXPLORATORY_V1,IMMIGRATION,34,,21,20,CAPACITY_RESPONSE_S34_I21,CAPACITY_RESPONSE_S34_I20,total_queue_wait_p95_seconds,LOWER_CAPACITY_MINUS_HIGHER_CAPACITY,50,0.78954506894,0.394450241388,0.0557836881052,0.95,0.677443550688,0.901646587192,PASS,EXPLORATORY_SENSITIVITY_NOT_CONFIRMATORY
1.0,TASK3_CAPACITY_RESPONSE_SURFACE_EXPLORATORY_V1,IMMIGRATION,34,,21,20,CAPACITY_RESPONSE_S34_I21,CAPACITY_RESPONSE_S34_I20,total_queue_wait_mean_seconds,LOWER_CAPACITY_MINUS_HIGHER_CAPACITY,50,0.36007305792,0.250801930889,0.0354687492132,0.95,0.288795937809,0.431350178031,PASS,EXPLORATORY_SENSITIVITY_NOT_CONFIRMATORY
1.0,TASK3_CAPACITY_RESPONSE_SURFACE_EXPLORATORY_V1,IMMIGRATION,34,,21,20,CAPACITY_RESPONSE_S34_I21,CAPACITY_RESPONSE_S34_I20,peak_total_waiting_queue,LOWER_CAPACITY_MINUS_HIGHER_CAPACITY,50,0.5,0.735402152928,0.104001569847,0.95,0.291001020613,0.708998979387,PASS,EXPLORATORY_SENSITIVITY_NOT_CONFIRMATORY
1.0,TASK3_CAPACITY_RESPONSE_SURFACE_EXPLORATORY_V1,IMMIGRATION,34,,21,20,CAPACITY_RESPONSE_S34_I21,CAPACITY_RESPONSE_S34_I20,time_weighted_mean_total_waiting_queue,LOWER_CAPACITY_MINUS_HIGHER_CAPACITY,50,0.435930718737,0.328382641675,0.0464403185505,0.95,0.342605404574,0.529256032901,PASS,EXPLORATORY_SENSITIVITY_NOT_CONFIRMATORY
1.0,TASK3_CAPACITY_RESPONSE_SURFACE_EXPLORATORY_V1,IMMIGRATION,34,,21,20,CAPACITY_RESPONSE_S34_I21,CAPACITY_RESPONSE_S34_I20,cutoff_backlog,LOWER_CAPACITY_MINUS_HIGHER_CAPACITY,50,0.58,0.970798114745,0.13729158602,0.95,0.304102228468,0.855897771532,PASS,EXPLORATORY_SENSITIVITY_NOT_CONFIRMATORY
1.0,TASK3_CAPACITY_RESPONSE_SURFACE_EXPLORATORY_V1,IMMIGRATION,34,,21,20,CAPACITY_RESPONSE_S34_I21,CAPACITY_RESPONSE_S34_I20,cohort_clear_time_after_cutoff_seconds,LOWER_CAPACITY_MINUS_HIGHER_CAPACITY,50,0.58642082766,0.859564311789,0.121560750746,0.95,0.342135353153,0.830706302167,PASS,EXPLORATORY_SENSITIVITY_NOT_CONFIRMATORY
1.0,TASK3_CAPACITY_RESPONSE_SURFACE_EXPLORATORY_V1,IMMIGRATION,34,,21,20,CAPACITY_RESPONSE_S34_I21,CAPACITY_RESPONSE_S34_I20,security_wait_p95_seconds,LOWER_CAPACITY_MINUS_HIGHER_CAPACITY,50,0,0,0,0.95,0,0,PASS,EXPLORATORY_SENSITIVITY_NOT_CONFIRMATORY
1.0,TASK3_CAPACITY_RESPONSE_SURFACE_EXPLORATORY_V1,IMMIGRATION,34,,21,20,CAPACITY_RESPONSE_S34_I21,CAPACITY_RESPONSE_S34_I20,immigration_wait_p95_seconds,LOWER_CAPACITY_MINUS_HIGHER_CAPACITY,50,0.9789145984,0.277572535236,0.0392546843873,0.95,0.900029356714,1.05779984009,PASS,EXPLORATORY_SENSITIVITY_NOT_CONFIRMATORY
1.0,TASK3_CAPACITY_RESPONSE_SURFACE_EXPLORATORY_V1,IMMIGRATION,34,,20,19,CAPACITY_RESPONSE_S34_I20,CAPACITY_RESPONSE_S34_I19,total_queue_wait_p95_seconds,LOWER_CAPACITY_MINUS_HIGHER_CAPACITY,50,2.09934271054,1.54232336198,0.218117461607,0.95,1.66101926091,2.53766616017,PASS,EXPLORATORY_SENSITIVITY_NOT_CONFIRMATORY
1.0,TASK3_CAPACITY_RESPONSE_SURFACE_EXPLORATORY_V1,IMMIGRATION,34,,20,19,CAPACITY_RESPONSE_S34_I20,CAPACITY_RESPONSE_S34_I19,total_queue_wait_mean_seconds,LOWER_CAPACITY_MINUS_HIGHER_CAPACITY,50,1.05993217052,0.921660775261,0.130342516828,0.95,0.797999076357,1.32186526468,PASS,EXPLORATORY_SENSITIVITY_NOT_CONFIRMATORY
1.0,TASK3_CAPACITY_RESPONSE_SURFACE_EXPLORATORY_V1,IMMIGRATION,34,,20,19,CAPACITY_RESPONSE_S34_I20,CAPACITY_RESPONSE_S34_I19,peak_total_waiting_queue,LOWER_CAPACITY_MINUS_HIGHER_CAPACITY,50,1.74,2.01838488674,0.285442728092,0.95,1.16638136201,2.31361863799,PASS,EXPLORATORY_SENSITIVITY_NOT_CONFIRMATORY
1.0,TASK3_CAPACITY_RESPONSE_SURFACE_EXPLORATORY_V1,IMMIGRATION,34,,20,19,CAPACITY_RESPONSE_S34_I20,CAPACITY_RESPONSE_S34_I19,time_weighted_mean_total_waiting_queue,LOWER_CAPACITY_MINUS_HIGHER_CAPACITY,50,1.25008800307,1.12165795348,0.158626389016,0.95,0.931316339749,1.56885966639,PASS,EXPLORATORY_SENSITIVITY_NOT_CONFIRMATORY
1.0,TASK3_CAPACITY_RESPONSE_SURFACE_EXPLORATORY_V1,IMMIGRATION,34,,20,19,CAPACITY_RESPONSE_S34_I20,CAPACITY_RESPONSE_S34_I19,cutoff_backlog,LOWER_CAPACITY_MINUS_HIGHER_CAPACITY,50,1.82,2.95331014564,0.417661126185,0.95,0.980678543306,2.65932145669,PASS,EXPLORATORY_SENSITIVITY_NOT_CONFIRMATORY
1.0,TASK3_CAPACITY_RESPONSE_SURFACE_EXPLORATORY_V1,IMMIGRATION,34,,20,19,CAPACITY_RESPONSE_S34_I20,CAPACITY_RESPONSE_S34_I19,cohort_clear_time_after_cutoff_seconds,LOWER_CAPACITY_MINUS_HIGHER_CAPACITY,50,1.8982002709,2.58120704986,0.36503780172,0.95,1.16462934395,2.63177119785,PASS,EXPLORATORY_SENSITIVITY_NOT_CONFIRMATORY
1.0,TASK3_CAPACITY_RESPONSE_SURFACE_EXPLORATORY_V1,IMMIGRATION,34,,20,19,CAPACITY_RESPONSE_S34_I20,CAPACITY_RESPONSE_S34_I19,security_wait_p95_seconds,LOWER_CAPACITY_MINUS_HIGHER_CAPACITY,50,0,0,0,0.95,0,0,PASS,EXPLORATORY_SENSITIVITY_NOT_CONFIRMATORY
1.0,TASK3_CAPACITY_RESPONSE_SURFACE_EXPLORATORY_V1,IMMIGRATION,34,,20,19,CAPACITY_RESPONSE_S34_I20,CAPACITY_RESPONSE_S34_I19,immigration_wait_p95_seconds,LOWER_CAPACITY_MINUS_HIGHER_CAPACITY,50,2.3987391576,1.90381518029,0.269240124822,0.95,1.85768086992,2.93979744528,PASS,EXPLORATORY_SENSITIVITY_NOT_CONFIRMATORY
1.0,TASK3_CAPACITY_RESPONSE_SURFACE_EXPLORATORY_V1,IMMIGRATION,34,,19,18,CAPACITY_RESPONSE_S34_I19,CAPACITY_RESPONSE_S34_I18,total_queue_wait_p95_seconds,LOWER_CAPACITY_MINUS_HIGHER_CAPACITY,50,4.58255432902,2.89201846794,0.408993174,0.95,3.76065177439,5.40445688365,PASS,EXPLORATORY_SENSITIVITY_NOT_CONFIRMATORY
1.0,TASK3_CAPACITY_RESPONSE_SURFACE_EXPLORATORY_V1,IMMIGRATION,34,,19,18,CAPACITY_RESPONSE_S34_I19,CAPACITY_RESPONSE_S34_I18,total_queue_wait_mean_seconds,LOWER_CAPACITY_MINUS_HIGHER_CAPACITY,50,2.50522844008,1.87570553016,0.265264819977,0.95,1.97215882657,3.03829805359,PASS,EXPLORATORY_SENSITIVITY_NOT_CONFIRMATORY
1.0,TASK3_CAPACITY_RESPONSE_SURFACE_EXPLORATORY_V1,IMMIGRATION,34,,19,18,CAPACITY_RESPONSE_S34_I19,CAPACITY_RESPONSE_S34_I18,peak_total_waiting_queue,LOWER_CAPACITY_MINUS_HIGHER_CAPACITY,50,5.26,4.36502799393,0.617308178915,0.95,4.01947276998,6.50052723002,PASS,EXPLORATORY_SENSITIVITY_NOT_CONFIRMATORY
1.0,TASK3_CAPACITY_RESPONSE_SURFACE_EXPLORATORY_V1,IMMIGRATION,34,,19,18,CAPACITY_RESPONSE_S34_I19,CAPACITY_RESPONSE_S34_I18,time_weighted_mean_total_waiting_queue,LOWER_CAPACITY_MINUS_HIGHER_CAPACITY,50,2.84620263576,2.23491837391,0.316065187518,0.95,2.21104586161,3.48135940992,PASS,EXPLORATORY_SENSITIVITY_NOT_CONFIRMATORY
1.0,TASK3_CAPACITY_RESPONSE_SURFACE_EXPLORATORY_V1,IMMIGRATION,34,,19,18,CAPACITY_RESPONSE_S34_I19,CAPACITY_RESPONSE_S34_I18,cutoff_backlog,LOWER_CAPACITY_MINUS_HIGHER_CAPACITY,50,5.32,5.48630949152,0.775881329028,0.95,3.76080809423,6.87919190577,PASS,EXPLORATORY_SENSITIVITY_NOT_CONFIRMATORY
1.0,TASK3_CAPACITY_RESPONSE_SURFACE_EXPLORATORY_V1,IMMIGRATION,34,,19,18,CAPACITY_RESPONSE_S34_I19,CAPACITY_RESPONSE_S34_I18,cohort_clear_time_after_cutoff_seconds,LOWER_CAPACITY_MINUS_HIGHER_CAPACITY,50,5.22166400972,4.63879615434,0.656024843455,0.95,3.90333272937,6.53999529007,PASS,EXPLORATORY_SENSITIVITY_NOT_CONFIRMATORY
1.0,TASK3_CAPACITY_RESPONSE_SURFACE_EXPLORATORY_V1,IMMIGRATION,34,,19,18,CAPACITY_RESPONSE_S34_I19,CAPACITY_RESPONSE_S34_I18,security_wait_p95_seconds,LOWER_CAPACITY_MINUS_HIGHER_CAPACITY,50,0,0,0,0.95,0,0,PASS,EXPLORATORY_SENSITIVITY_NOT_CONFIRMATORY
1.0,TASK3_CAPACITY_RESPONSE_SURFACE_EXPLORATORY_V1,IMMIGRATION,34,,19,18,CAPACITY_RESPONSE_S34_I19,CAPACITY_RESPONSE_S34_I18,immigration_wait_p95_seconds,LOWER_CAPACITY_MINUS_HIGHER_CAPACITY,50,4.982612143,3.34129058491,0.472529846101,0.95,4.03302786547,5.93219642053,PASS,EXPLORATORY_SENSITIVITY_NOT_CONFIRMATORY
1.0,TASK3_CAPACITY_RESPONSE_SURFACE_EXPLORATORY_V1,IMMIGRATION,34,,18,17,CAPACITY_RESPONSE_S34_I18,CAPACITY_RESPONSE_S34_I17,total_queue_wait_p95_seconds,LOWER_CAPACITY_MINUS_HIGHER_CAPACITY,50,8.67888359758,4.21463047743,0.596038758158,0.95,7.48109886882,9.87666832634,PASS,EXPLORATORY_SENSITIVITY_NOT_CONFIRMATORY
1.0,TASK3_CAPACITY_RESPONSE_SURFACE_EXPLORATORY_V1,IMMIGRATION,34,,18,17,CAPACITY_RESPONSE_S34_I18,CAPACITY_RESPONSE_S34_I17,total_queue_wait_mean_seconds,LOWER_CAPACITY_MINUS_HIGHER_CAPACITY,50,4.90977520312,2.41432745576,0.341437463194,0.95,4.22363093206,5.59591947418,PASS,EXPLORATORY_SENSITIVITY_NOT_CONFIRMATORY
1.0,TASK3_CAPACITY_RESPONSE_SURFACE_EXPLORATORY_V1,IMMIGRATION,34,,18,17,CAPACITY_RESPONSE_S34_I18,CAPACITY_RESPONSE_S34_I17,peak_total_waiting_queue,LOWER_CAPACITY_MINUS_HIGHER_CAPACITY,50,11.2,5.64602081296,0.798467920713,0.95,9.59541863889,12.8045813611,PASS,EXPLORATORY_SENSITIVITY_NOT_CONFIRMATORY
1.0,TASK3_CAPACITY_RESPONSE_SURFACE_EXPLORATORY_V1,IMMIGRATION,34,,18,17,CAPACITY_RESPONSE_S34_I18,CAPACITY_RESPONSE_S34_I17,time_weighted_mean_total_waiting_queue,LOWER_CAPACITY_MINUS_HIGHER_CAPACITY,50,5.18238391163,2.60026189486,0.367732563743,0.95,4.44339765764,5.92137016561,PASS,EXPLORATORY_SENSITIVITY_NOT_CONFIRMATORY
1.0,TASK3_CAPACITY_RESPONSE_SURFACE_EXPLORATORY_V1,IMMIGRATION,34,,18,17,CAPACITY_RESPONSE_S34_I18,CAPACITY_RESPONSE_S34_I17,cutoff_backlog,LOWER_CAPACITY_MINUS_HIGHER_CAPACITY,50,11.64,6.05673853098,0.856552177426,0.95,9.91869395494,13.3613060451,PASS,EXPLORATORY_SENSITIVITY_NOT_CONFIRMATORY
1.0,TASK3_CAPACITY_RESPONSE_SURFACE_EXPLORATORY_V1,IMMIGRATION,34,,18,17,CAPACITY_RESPONSE_S34_I18,CAPACITY_RESPONSE_S34_I17,cohort_clear_time_after_cutoff_seconds,LOWER_CAPACITY_MINUS_HIGHER_CAPACITY,50,10.1478218193,5.51947524756,0.780571675228,0.95,8.57920430992,11.7164393286,PASS,EXPLORATORY_SENSITIVITY_NOT_CONFIRMATORY
1.0,TASK3_CAPACITY_RESPONSE_SURFACE_EXPLORATORY_V1,IMMIGRATION,34,,18,17,CAPACITY_RESPONSE_S34_I18,CAPACITY_RESPONSE_S34_I17,security_wait_p95_seconds,LOWER_CAPACITY_MINUS_HIGHER_CAPACITY,50,0,0,0,0.95,0,0,PASS,EXPLORATORY_SENSITIVITY_NOT_CONFIRMATORY
1.0,TASK3_CAPACITY_RESPONSE_SURFACE_EXPLORATORY_V1,IMMIGRATION,34,,18,17,CAPACITY_RESPONSE_S34_I18,CAPACITY_RESPONSE_S34_I17,immigration_wait_p95_seconds,LOWER_CAPACITY_MINUS_HIGHER_CAPACITY,50,9.21027254688,4.23262798109,0.598583989534,0.95,8.00737298417,10.4131721096,PASS,EXPLORATORY_SENSITIVITY_NOT_CONFIRMATORY
1.0,TASK3_CAPACITY_RESPONSE_SURFACE_EXPLORATORY_V1,IMMIGRATION,34,,17,16,CAPACITY_RESPONSE_S34_I17,CAPACITY_RESPONSE_S34_I16,total_queue_wait_p95_seconds,LOWER_CAPACITY_MINUS_HIGHER_CAPACITY,50,14.6824988805,4.02260836691,0.56888273086,0.95,13.5392862318,15.8257115293,PASS,EXPLORATORY_SENSITIVITY_NOT_CONFIRMATORY
1.0,TASK3_CAPACITY_RESPONSE_SURFACE_EXPLORATORY_V1,IMMIGRATION,34,,17,16,CAPACITY_RESPONSE_S34_I17,CAPACITY_RESPONSE_S34_I16,total_queue_wait_mean_seconds,LOWER_CAPACITY_MINUS_HIGHER_CAPACITY,50,7.8531668141,2.1995067578,0.311057228741,0.95,7.22807390989,8.47825971831,PASS,EXPLORATORY_SENSITIVITY_NOT_CONFIRMATORY
1.0,TASK3_CAPACITY_RESPONSE_SURFACE_EXPLORATORY_V1,IMMIGRATION,34,,17,16,CAPACITY_RESPONSE_S34_I17,CAPACITY_RESPONSE_S34_I16,peak_total_waiting_queue,LOWER_CAPACITY_MINUS_HIGHER_CAPACITY,50,17.56,4.66930926151,0.660340048454,0.95,16.2329969905,18.8870030095,PASS,EXPLORATORY_SENSITIVITY_NOT_CONFIRMATORY
1.0,TASK3_CAPACITY_RESPONSE_SURFACE_EXPLORATORY_V1,IMMIGRATION,34,,17,16,CAPACITY_RESPONSE_S34_I17,CAPACITY_RESPONSE_S34_I16,time_weighted_mean_total_waiting_queue,LOWER_CAPACITY_MINUS_HIGHER_CAPACITY,50,7.58963552248,2.1729099095,0.307295866383,0.95,6.97210135893,8.20716968604,PASS,EXPLORATORY_SENSITIVITY_NOT_CONFIRMATORY
1.0,TASK3_CAPACITY_RESPONSE_SURFACE_EXPLORATORY_V1,IMMIGRATION,34,,17,16,CAPACITY_RESPONSE_S34_I17,CAPACITY_RESPONSE_S34_I16,cutoff_backlog,LOWER_CAPACITY_MINUS_HIGHER_CAPACITY,50,16.5,4.59036257516,0.649175301,0.95,15.1954333906,17.8045666094,PASS,EXPLORATORY_SENSITIVITY_NOT_CONFIRMATORY
1.0,TASK3_CAPACITY_RESPONSE_SURFACE_EXPLORATORY_V1,IMMIGRATION,34,,17,16,CAPACITY_RESPONSE_S34_I17,CAPACITY_RESPONSE_S34_I16,cohort_clear_time_after_cutoff_seconds,LOWER_CAPACITY_MINUS_HIGHER_CAPACITY,50,16.7344314076,4.35205801964,0.615473947561,0.95,15.4975902035,17.9712726117,PASS,EXPLORATORY_SENSITIVITY_NOT_CONFIRMATORY
1.0,TASK3_CAPACITY_RESPONSE_SURFACE_EXPLORATORY_V1,IMMIGRATION,34,,17,16,CAPACITY_RESPONSE_S34_I17,CAPACITY_RESPONSE_S34_I16,security_wait_p95_seconds,LOWER_CAPACITY_MINUS_HIGHER_CAPACITY,50,0,0,0,0.95,0,0,PASS,EXPLORATORY_SENSITIVITY_NOT_CONFIRMATORY
1.0,TASK3_CAPACITY_RESPONSE_SURFACE_EXPLORATORY_V1,IMMIGRATION,34,,17,16,CAPACITY_RESPONSE_S34_I17,CAPACITY_RESPONSE_S34_I16,immigration_wait_p95_seconds,LOWER_CAPACITY_MINUS_HIGHER_CAPACITY,50,15.0179114467,4.02976183979,0.569894384696,0.95,13.8726658034,16.1631570899,PASS,EXPLORATORY_SENSITIVITY_NOT_CONFIRMATORY
1.0,TASK3_CAPACITY_RESPONSE_SURFACE_EXPLORATORY_V1,IMMIGRATION,33,,21,20,CAPACITY_RESPONSE_S33_I21,CAPACITY_RESPONSE_S33_I20,total_queue_wait_p95_seconds,LOWER_CAPACITY_MINUS_HIGHER_CAPACITY,50,0.44548854406,0.231799579734,0.0327814109413,0.95,0.379611832394,0.511365255726,PASS,EXPLORATORY_SENSITIVITY_NOT_CONFIRMATORY
1.0,TASK3_CAPACITY_RESPONSE_SURFACE_EXPLORATORY_V1,IMMIGRATION,33,,21,20,CAPACITY_RESPONSE_S33_I21,CAPACITY_RESPONSE_S33_I20,total_queue_wait_mean_seconds,LOWER_CAPACITY_MINUS_HIGHER_CAPACITY,50,0.23714465154,0.100477045868,0.0142096000974,0.95,0.208589391055,0.265699912025,PASS,EXPLORATORY_SENSITIVITY_NOT_CONFIRMATORY
1.0,TASK3_CAPACITY_RESPONSE_SURFACE_EXPLORATORY_V1,IMMIGRATION,33,,21,20,CAPACITY_RESPONSE_S33_I21,CAPACITY_RESPONSE_S33_I20,peak_total_waiting_queue,LOWER_CAPACITY_MINUS_HIGHER_CAPACITY,50,0.26,0.486973158545,0.0688684045325,0.95,0.121603759631,0.398396240369,PASS,EXPLORATORY_SENSITIVITY_NOT_CONFIRMATORY
1.0,TASK3_CAPACITY_RESPONSE_SURFACE_EXPLORATORY_V1,IMMIGRATION,33,,21,20,CAPACITY_RESPONSE_S33_I21,CAPACITY_RESPONSE_S33_I20,time_weighted_mean_total_waiting_queue,LOWER_CAPACITY_MINUS_HIGHER_CAPACITY,50,0.290935142916,0.143538960274,0.0202994744349,0.95,0.250141821764,0.331728464067,PASS,EXPLORATORY_SENSITIVITY_NOT_CONFIRMATORY
1.0,TASK3_CAPACITY_RESPONSE_SURFACE_EXPLORATORY_V1,IMMIGRATION,33,,21,20,CAPACITY_RESPONSE_S33_I21,CAPACITY_RESPONSE_S33_I20,cutoff_backlog,LOWER_CAPACITY_MINUS_HIGHER_CAPACITY,50,0.24,0.517450579322,0.0731785627135,0.95,0.0929421724822,0.387057827518,PASS,EXPLORATORY_SENSITIVITY_NOT_CONFIRMATORY
1.0,TASK3_CAPACITY_RESPONSE_SURFACE_EXPLORATORY_V1,IMMIGRATION,33,,21,20,CAPACITY_RESPONSE_S33_I21,CAPACITY_RESPONSE_S33_I20,cohort_clear_time_after_cutoff_seconds,LOWER_CAPACITY_MINUS_HIGHER_CAPACITY,50,0.2890168184,0.47435580728,0.0670840416046,0.95,0.154206389585,0.423827247215,PASS,EXPLORATORY_SENSITIVITY_NOT_CONFIRMATORY
1.0,TASK3_CAPACITY_RESPONSE_SURFACE_EXPLORATORY_V1,IMMIGRATION,33,,21,20,CAPACITY_RESPONSE_S33_I21,CAPACITY_RESPONSE_S33_I20,security_wait_p95_seconds,LOWER_CAPACITY_MINUS_HIGHER_CAPACITY,50,0,0,0,0.95,0,0,PASS,EXPLORATORY_SENSITIVITY_NOT_CONFIRMATORY
1.0,TASK3_CAPACITY_RESPONSE_SURFACE_EXPLORATORY_V1,IMMIGRATION,33,,21,20,CAPACITY_RESPONSE_S33_I21,CAPACITY_RESPONSE_S33_I20,immigration_wait_p95_seconds,LOWER_CAPACITY_MINUS_HIGHER_CAPACITY,50,0.83121657094,0.180211818461,0.0254857997767,0.95,0.78000093881,0.88243220307,PASS,EXPLORATORY_SENSITIVITY_NOT_CONFIRMATORY
1.0,TASK3_CAPACITY_RESPONSE_SURFACE_EXPLORATORY_V1,IMMIGRATION,33,,20,19,CAPACITY_RESPONSE_S33_I20,CAPACITY_RESPONSE_S33_I19,total_queue_wait_p95_seconds,LOWER_CAPACITY_MINUS_HIGHER_CAPACITY,50,1.63231833732,1.14407257966,0.161796295849,0.95,1.30717650772,1.95746016692,PASS,EXPLORATORY_SENSITIVITY_NOT_CONFIRMATORY
1.0,TASK3_CAPACITY_RESPONSE_SURFACE_EXPLORATORY_V1,IMMIGRATION,33,,20,19,CAPACITY_RESPONSE_S33_I20,CAPACITY_RESPONSE_S33_I19,total_queue_wait_mean_seconds,LOWER_CAPACITY_MINUS_HIGHER_CAPACITY,50,0.87178647248,0.701558858888,0.0992154053042,0.95,0.672405650839,1.07116729412,PASS,EXPLORATORY_SENSITIVITY_NOT_CONFIRMATORY
1.0,TASK3_CAPACITY_RESPONSE_SURFACE_EXPLORATORY_V1,IMMIGRATION,33,,20,19,CAPACITY_RESPONSE_S33_I20,CAPACITY_RESPONSE_S33_I19,peak_total_waiting_queue,LOWER_CAPACITY_MINUS_HIGHER_CAPACITY,50,1.18,1.50766747809,0.213216379506,0.95,0.751525643594,1.60847435641,PASS,EXPLORATORY_SENSITIVITY_NOT_CONFIRMATORY
1.0,TASK3_CAPACITY_RESPONSE_SURFACE_EXPLORATORY_V1,IMMIGRATION,33,,20,19,CAPACITY_RESPONSE_S33_I20,CAPACITY_RESPONSE_S33_I19,time_weighted_mean_total_waiting_queue,LOWER_CAPACITY_MINUS_HIGHER_CAPACITY,50,1.03182129592,0.868632196529,0.122843143305,0.95,0.784958757088,1.27868383476,PASS,EXPLORATORY_SENSITIVITY_NOT_CONFIRMATORY
1.0,TASK3_CAPACITY_RESPONSE_SURFACE_EXPLORATORY_V1,IMMIGRATION,33,,20,19,CAPACITY_RESPONSE_S33_I20,CAPACITY_RESPONSE_S33_I19,cutoff_backlog,LOWER_CAPACITY_MINUS_HIGHER_CAPACITY,50,1.42,2.2954257975,0.324622229425,0.95,0.767647206326,2.07235279367,PASS,EXPLORATORY_SENSITIVITY_NOT_CONFIRMATORY
1.0,TASK3_CAPACITY_RESPONSE_SURFACE_EXPLORATORY_V1,IMMIGRATION,33,,20,19,CAPACITY_RESPONSE_S33_I20,CAPACITY_RESPONSE_S33_I19,cohort_clear_time_after_cutoff_seconds,LOWER_CAPACITY_MINUS_HIGHER_CAPACITY,50,1.46743627764,1.74488760332,0.246764371343,0.95,0.971544707582,1.9633278477,PASS,EXPLORATORY_SENSITIVITY_NOT_CONFIRMATORY
1.0,TASK3_CAPACITY_RESPONSE_SURFACE_EXPLORATORY_V1,IMMIGRATION,33,,20,19,CAPACITY_RESPONSE_S33_I20,CAPACITY_RESPONSE_S33_I19,security_wait_p95_seconds,LOWER_CAPACITY_MINUS_HIGHER_CAPACITY,50,0,0,0,0.95,0,0,PASS,EXPLORATORY_SENSITIVITY_NOT_CONFIRMATORY
1.0,TASK3_CAPACITY_RESPONSE_SURFACE_EXPLORATORY_V1,IMMIGRATION,33,,20,19,CAPACITY_RESPONSE_S33_I20,CAPACITY_RESPONSE_S33_I19,immigration_wait_p95_seconds,LOWER_CAPACITY_MINUS_HIGHER_CAPACITY,50,1.83584550382,1.23151155801,0.174162034756,0.95,1.48585379153,2.18583721611,PASS,EXPLORATORY_SENSITIVITY_NOT_CONFIRMATORY
1.0,TASK3_CAPACITY_RESPONSE_SURFACE_EXPLORATORY_V1,IMMIGRATION,33,,19,18,CAPACITY_RESPONSE_S33_I19,CAPACITY_RESPONSE_S33_I18,total_queue_wait_p95_seconds,LOWER_CAPACITY_MINUS_HIGHER_CAPACITY,50,4.4829531368,2.90391664973,0.410675831005,0.95,3.65766915632,5.30823711728,PASS,EXPLORATORY_SENSITIVITY_NOT_CONFIRMATORY
1.0,TASK3_CAPACITY_RESPONSE_SURFACE_EXPLORATORY_V1,IMMIGRATION,33,,19,18,CAPACITY_RESPONSE_S33_I19,CAPACITY_RESPONSE_S33_I18,total_queue_wait_mean_seconds,LOWER_CAPACITY_MINUS_HIGHER_CAPACITY,50,2.44643530452,1.8506994004,0.261728419192,0.95,1.92047235446,2.97239825458,PASS,EXPLORATORY_SENSITIVITY_NOT_CONFIRMATORY
1.0,TASK3_CAPACITY_RESPONSE_SURFACE_EXPLORATORY_V1,IMMIGRATION,33,,19,18,CAPACITY_RESPONSE_S33_I19,CAPACITY_RESPONSE_S33_I18,peak_total_waiting_queue,LOWER_CAPACITY_MINUS_HIGHER_CAPACITY,50,4.46,4.11175517416,0.581489993246,0.95,3.29145210893,5.62854789107,PASS,EXPLORATORY_SENSITIVITY_NOT_CONFIRMATORY
1.0,TASK3_CAPACITY_RESPONSE_SURFACE_EXPLORATORY_V1,IMMIGRATION,33,,19,18,CAPACITY_RESPONSE_S33_I19,CAPACITY_RESPONSE_S33_I18,time_weighted_mean_total_waiting_queue,LOWER_CAPACITY_MINUS_HIGHER_CAPACITY,50,2.77435772488,2.19820648367,0.310873342211,0.95,2.14963435449,3.39908109527,PASS,EXPLORATORY_SENSITIVITY_NOT_CONFIRMATORY
1.0,TASK3_CAPACITY_RESPONSE_SURFACE_EXPLORATORY_V1,IMMIGRATION,33,,19,18,CAPACITY_RESPONSE_S33_I19,CAPACITY_RESPONSE_S33_I18,cutoff_backlog,LOWER_CAPACITY_MINUS_HIGHER_CAPACITY,50,5.16,5.36565038757,0.758817554905,0.95,3.63509903216,6.68490096784,PASS,EXPLORATORY_SENSITIVITY_NOT_CONFIRMATORY
1.0,TASK3_CAPACITY_RESPONSE_SURFACE_EXPLORATORY_V1,IMMIGRATION,33,,19,18,CAPACITY_RESPONSE_S33_I19,CAPACITY_RESPONSE_S33_I18,cohort_clear_time_after_cutoff_seconds,LOWER_CAPACITY_MINUS_HIGHER_CAPACITY,50,5.10820279824,4.59232781021,0.649453227207,0.95,3.80307767517,6.41332792131,PASS,EXPLORATORY_SENSITIVITY_NOT_CONFIRMATORY
1.0,TASK3_CAPACITY_RESPONSE_SURFACE_EXPLORATORY_V1,IMMIGRATION,33,,19,18,CAPACITY_RESPONSE_S33_I19,CAPACITY_RESPONSE_S33_I18,security_wait_p95_seconds,LOWER_CAPACITY_MINUS_HIGHER_CAPACITY,50,0,0,0,0.95,0,0,PASS,EXPLORATORY_SENSITIVITY_NOT_CONFIRMATORY
1.0,TASK3_CAPACITY_RESPONSE_SURFACE_EXPLORATORY_V1,IMMIGRATION,33,,19,18,CAPACITY_RESPONSE_S33_I19,CAPACITY_RESPONSE_S33_I18,immigration_wait_p95_seconds,LOWER_CAPACITY_MINUS_HIGHER_CAPACITY,50,4.98728781976,3.44305729975,0.486921832933,0.95,4.00878176188,5.96579387764,PASS,EXPLORATORY_SENSITIVITY_NOT_CONFIRMATORY
1.0,TASK3_CAPACITY_RESPONSE_SURFACE_EXPLORATORY_V1,IMMIGRATION,33,,18,17,CAPACITY_RESPONSE_S33_I18,CAPACITY_RESPONSE_S33_I17,total_queue_wait_p95_seconds,LOWER_CAPACITY_MINUS_HIGHER_CAPACITY,50,8.66517542174,4.21602714728,0.596236277101,0.95,7.4669937638,9.86335707968,PASS,EXPLORATORY_SENSITIVITY_NOT_CONFIRMATORY
1.0,TASK3_CAPACITY_RESPONSE_SURFACE_EXPLORATORY_V1,IMMIGRATION,33,,18,17,CAPACITY_RESPONSE_S33_I18,CAPACITY_RESPONSE_S33_I17,total_queue_wait_mean_seconds,LOWER_CAPACITY_MINUS_HIGHER_CAPACITY,50,4.89895371856,2.41232866522,0.341154791526,0.95,4.21337749748,5.58452993964,PASS,EXPLORATORY_SENSITIVITY_NOT_CONFIRMATORY
1.0,TASK3_CAPACITY_RESPONSE_SURFACE_EXPLORATORY_V1,IMMIGRATION,33,,18,17,CAPACITY_RESPONSE_S33_I18,CAPACITY_RESPONSE_S33_I17,peak_total_waiting_queue,LOWER_CAPACITY_MINUS_HIGHER_CAPACITY,50,10.72,5.70370448901,0.806625624413,0.95,9.09902511955,12.3409748805,PASS,EXPLORATORY_SENSITIVITY_NOT_CONFIRMATORY
1.0,TASK3_CAPACITY_RESPONSE_SURFACE_EXPLORATORY_V1,IMMIGRATION,33,,18,17,CAPACITY_RESPONSE_S33_I18,CAPACITY_RESPONSE_S33_I17,time_weighted_mean_total_waiting_queue,LOWER_CAPACITY_MINUS_HIGHER_CAPACITY,50,5.1684450044,2.59681907035,0.367245674832,0.95,4.43043719032,5.90645281849,PASS,EXPLORATORY_SENSITIVITY_NOT_CONFIRMATORY
1.0,TASK3_CAPACITY_RESPONSE_SURFACE_EXPLORATORY_V1,IMMIGRATION,33,,18,17,CAPACITY_RESPONSE_S33_I18,CAPACITY_RESPONSE_S33_I17,cutoff_backlog,LOWER_CAPACITY_MINUS_HIGHER_CAPACITY,50,11.64,6.05673853098,0.856552177426,0.95,9.91869395494,13.3613060451,PASS,EXPLORATORY_SENSITIVITY_NOT_CONFIRMATORY
1.0,TASK3_CAPACITY_RESPONSE_SURFACE_EXPLORATORY_V1,IMMIGRATION,33,,18,17,CAPACITY_RESPONSE_S33_I18,CAPACITY_RESPONSE_S33_I17,cohort_clear_time_after_cutoff_seconds,LOWER_CAPACITY_MINUS_HIGHER_CAPACITY,50,10.1344035234,5.5196700998,0.780599231496,0.95,8.56573063766,11.7030764091,PASS,EXPLORATORY_SENSITIVITY_NOT_CONFIRMATORY
1.0,TASK3_CAPACITY_RESPONSE_SURFACE_EXPLORATORY_V1,IMMIGRATION,33,,18,17,CAPACITY_RESPONSE_S33_I18,CAPACITY_RESPONSE_S33_I17,security_wait_p95_seconds,LOWER_CAPACITY_MINUS_HIGHER_CAPACITY,50,0,0,0,0.95,0,0,PASS,EXPLORATORY_SENSITIVITY_NOT_CONFIRMATORY
1.0,TASK3_CAPACITY_RESPONSE_SURFACE_EXPLORATORY_V1,IMMIGRATION,33,,18,17,CAPACITY_RESPONSE_S33_I18,CAPACITY_RESPONSE_S33_I17,immigration_wait_p95_seconds,LOWER_CAPACITY_MINUS_HIGHER_CAPACITY,50,9.30656723174,4.18693837624,0.59212250365,0.95,8.11665251106,10.4964819524,PASS,EXPLORATORY_SENSITIVITY_NOT_CONFIRMATORY
1.0,TASK3_CAPACITY_RESPONSE_SURFACE_EXPLORATORY_V1,IMMIGRATION,33,,17,16,CAPACITY_RESPONSE_S33_I17,CAPACITY_RESPONSE_S33_I16,total_queue_wait_p95_seconds,LOWER_CAPACITY_MINUS_HIGHER_CAPACITY,50,14.6818722753,4.02244325257,0.568859380166,0.95,13.5387065515,15.8250379991,PASS,EXPLORATORY_SENSITIVITY_NOT_CONFIRMATORY
1.0,TASK3_CAPACITY_RESPONSE_SURFACE_EXPLORATORY_V1,IMMIGRATION,33,,17,16,CAPACITY_RESPONSE_S33_I17,CAPACITY_RESPONSE_S33_I16,total_queue_wait_mean_seconds,LOWER_CAPACITY_MINUS_HIGHER_CAPACITY,50,7.85039816948,2.19800705435,0.310845138646,0.95,7.22573147628,8.47506486268,PASS,EXPLORATORY_SENSITIVITY_NOT_CONFIRMATORY
1.0,TASK3_CAPACITY_RESPONSE_SURFACE_EXPLORATORY_V1,IMMIGRATION,33,,17,16,CAPACITY_RESPONSE_S33_I17,CAPACITY_RESPONSE_S33_I16,peak_total_waiting_queue,LOWER_CAPACITY_MINUS_HIGHER_CAPACITY,50,17.24,4.74475005256,0.671008987439,0.95,15.891556955,18.588443045,PASS,EXPLORATORY_SENSITIVITY_NOT_CONFIRMATORY
1.0,TASK3_CAPACITY_RESPONSE_SURFACE_EXPLORATORY_V1,IMMIGRATION,33,,17,16,CAPACITY_RESPONSE_S33_I17,CAPACITY_RESPONSE_S33_I16,time_weighted_mean_total_waiting_queue,LOWER_CAPACITY_MINUS_HIGHER_CAPACITY,50,7.58620975662,2.17066259901,0.306978048686,0.95,6.96931427164,8.20310524161,PASS,EXPLORATORY_SENSITIVITY_NOT_CONFIRMATORY
1.0,TASK3_CAPACITY_RESPONSE_SURFACE_EXPLORATORY_V1,IMMIGRATION,33,,17,16,CAPACITY_RESPONSE_S33_I17,CAPACITY_RESPONSE_S33_I16,cutoff_backlog,LOWER_CAPACITY_MINUS_HIGHER_CAPACITY,50,16.48,4.57696093806,0.647280023306,0.95,15.1792420937,17.7807579063,PASS,EXPLORATORY_SENSITIVITY_NOT_CONFIRMATORY
1.0,TASK3_CAPACITY_RESPONSE_SURFACE_EXPLORATORY_V1,IMMIGRATION,33,,17,16,CAPACITY_RESPONSE_S33_I17,CAPACITY_RESPONSE_S33_I16,cohort_clear_time_after_cutoff_seconds,LOWER_CAPACITY_MINUS_HIGHER_CAPACITY,50,16.7344314076,4.35205801964,0.615473947561,0.95,15.4975902035,17.9712726117,PASS,EXPLORATORY_SENSITIVITY_NOT_CONFIRMATORY
1.0,TASK3_CAPACITY_RESPONSE_SURFACE_EXPLORATORY_V1,IMMIGRATION,33,,17,16,CAPACITY_RESPONSE_S33_I17,CAPACITY_RESPONSE_S33_I16,security_wait_p95_seconds,LOWER_CAPACITY_MINUS_HIGHER_CAPACITY,50,0,0,0,0.95,0,0,PASS,EXPLORATORY_SENSITIVITY_NOT_CONFIRMATORY
1.0,TASK3_CAPACITY_RESPONSE_SURFACE_EXPLORATORY_V1,IMMIGRATION,33,,17,16,CAPACITY_RESPONSE_S33_I17,CAPACITY_RESPONSE_S33_I16,immigration_wait_p95_seconds,LOWER_CAPACITY_MINUS_HIGHER_CAPACITY,50,15.086114405,4.00529452971,0.566434184521,0.95,13.9478222943,16.2244065157,PASS,EXPLORATORY_SENSITIVITY_NOT_CONFIRMATORY
1.0,TASK3_CAPACITY_RESPONSE_SURFACE_EXPLORATORY_V1,IMMIGRATION,32,,21,20,CAPACITY_RESPONSE_S32_I21,CAPACITY_RESPONSE_S32_I20,total_queue_wait_p95_seconds,LOWER_CAPACITY_MINUS_HIGHER_CAPACITY,50,0.27055990278,0.199754242761,0.0282495159254,0.95,0.213790375115,0.327329430445,PASS,EXPLORATORY_SENSITIVITY_NOT_CONFIRMATORY
1.0,TASK3_CAPACITY_RESPONSE_SURFACE_EXPLORATORY_V1,IMMIGRATION,32,,21,20,CAPACITY_RESPONSE_S32_I21,CAPACITY_RESPONSE_S32_I20,total_queue_wait_mean_seconds,LOWER_CAPACITY_MINUS_HIGHER_CAPACITY,50,0.16866395216,0.0682528513276,0.00965241080182,0.95,0.149266706434,0.188061197886,PASS,EXPLORATORY_SENSITIVITY_NOT_CONFIRMATORY
1.0,TASK3_CAPACITY_RESPONSE_SURFACE_EXPLORATORY_V1,IMMIGRATION,32,,21,20,CAPACITY_RESPONSE_S32_I21,CAPACITY_RESPONSE_S32_I20,peak_total_waiting_queue,LOWER_CAPACITY_MINUS_HIGHER_CAPACITY,50,0.14,0.350509832754,0.0495695759226,0.95,0.040386207711,0.239613792289,PASS,EXPLORATORY_SENSITIVITY_NOT_CONFIRMATORY
1.0,TASK3_CAPACITY_RESPONSE_SURFACE_EXPLORATORY_V1,IMMIGRATION,32,,21,20,CAPACITY_RESPONSE_S32_I21,CAPACITY_RESPONSE_S32_I20,time_weighted_mean_total_waiting_queue,LOWER_CAPACITY_MINUS_HIGHER_CAPACITY,50,0.208310231848,0.0944056660016,0.0133509773224,0.95,0.18148043843,0.235140025267,PASS,EXPLORATORY_SENSITIVITY_NOT_CONFIRMATORY
1.0,TASK3_CAPACITY_RESPONSE_SURFACE_EXPLORATORY_V1,IMMIGRATION,32,,21,20,CAPACITY_RESPONSE_S32_I21,CAPACITY_RESPONSE_S32_I20,cutoff_backlog,LOWER_CAPACITY_MINUS_HIGHER_CAPACITY,50,0.18,0.43752550946,0.0618754509363,0.95,0.0556566260122,0.304343373988,PASS,EXPLORATORY_SENSITIVITY_NOT_CONFIRMATORY
1.0,TASK3_CAPACITY_RESPONSE_SURFACE_EXPLORATORY_V1,IMMIGRATION,32,,21,20,CAPACITY_RESPONSE_S32_I21,CAPACITY_RESPONSE_S32_I20,cohort_clear_time_after_cutoff_seconds,LOWER_CAPACITY_MINUS_HIGHER_CAPACITY,50,0.2743397837,0.49375413716,0.0698273797249,0.95,0.134016410531,0.414663156869,PASS,EXPLORATORY_SENSITIVITY_NOT_CONFIRMATORY
1.0,TASK3_CAPACITY_RESPONSE_SURFACE_EXPLORATORY_V1,IMMIGRATION,32,,21,20,CAPACITY_RESPONSE_S32_I21,CAPACITY_RESPONSE_S32_I20,security_wait_p95_seconds,LOWER_CAPACITY_MINUS_HIGHER_CAPACITY,50,0,0,0,0.95,0,0,PASS,EXPLORATORY_SENSITIVITY_NOT_CONFIRMATORY
1.0,TASK3_CAPACITY_RESPONSE_SURFACE_EXPLORATORY_V1,IMMIGRATION,32,,21,20,CAPACITY_RESPONSE_S32_I21,CAPACITY_RESPONSE_S32_I20,immigration_wait_p95_seconds,LOWER_CAPACITY_MINUS_HIGHER_CAPACITY,50,0.79963816948,0.206759316345,0.0292401829322,0.95,0.74087782193,0.85839851703,PASS,EXPLORATORY_SENSITIVITY_NOT_CONFIRMATORY
1.0,TASK3_CAPACITY_RESPONSE_SURFACE_EXPLORATORY_V1,IMMIGRATION,32,,20,19,CAPACITY_RESPONSE_S32_I20,CAPACITY_RESPONSE_S32_I19,total_queue_wait_p95_seconds,LOWER_CAPACITY_MINUS_HIGHER_CAPACITY,50,0.80245265672,0.289342444751,0.0409192009537,0.95,0.72022244376,0.88468286968,PASS,EXPLORATORY_SENSITIVITY_NOT_CONFIRMATORY
1.0,TASK3_CAPACITY_RESPONSE_SURFACE_EXPLORATORY_V1,IMMIGRATION,32,,20,19,CAPACITY_RESPONSE_S32_I20,CAPACITY_RESPONSE_S32_I19,total_queue_wait_mean_seconds,LOWER_CAPACITY_MINUS_HIGHER_CAPACITY,50,0.48948577718,0.234703090304,0.0331920293439,0.95,0.42278389694,0.55618765742,PASS,EXPLORATORY_SENSITIVITY_NOT_CONFIRMATORY
1.0,TASK3_CAPACITY_RESPONSE_SURFACE_EXPLORATORY_V1,IMMIGRATION,32,,20,19,CAPACITY_RESPONSE_S32_I20,CAPACITY_RESPONSE_S32_I19,peak_total_waiting_queue,LOWER_CAPACITY_MINUS_HIGHER_CAPACITY,50,0.64,0.776175868983,0.10976784407,0.95,0.419413258723,0.860586741277,PASS,EXPLORATORY_SENSITIVITY_NOT_CONFIRMATORY
1.0,TASK3_CAPACITY_RESPONSE_SURFACE_EXPLORATORY_V1,IMMIGRATION,32,,20,19,CAPACITY_RESPONSE_S32_I20,CAPACITY_RESPONSE_S32_I19,time_weighted_mean_total_waiting_queue,LOWER_CAPACITY_MINUS_HIGHER_CAPACITY,50,0.593434168778,0.323564167601,0.0457588834119,0.95,0.501478249795,0.685390087761,PASS,EXPLORATORY_SENSITIVITY_NOT_CONFIRMATORY
1.0,TASK3_CAPACITY_RESPONSE_SURFACE_EXPLORATORY_V1,IMMIGRATION,32,,20,19,CAPACITY_RESPONSE_S32_I20,CAPACITY_RESPONSE_S32_I19,cutoff_backlog,LOWER_CAPACITY_MINUS_HIGHER_CAPACITY,50,0.76,0.893514044064,0.126361967929,0.95,0.506066118336,1.01393388166,PASS,EXPLORATORY_SENSITIVITY_NOT_CONFIRMATORY
1.0,TASK3_CAPACITY_RESPONSE_SURFACE_EXPLORATORY_V1,IMMIGRATION,32,,20,19,CAPACITY_RESPONSE_S32_I20,CAPACITY_RESPONSE_S32_I19,cohort_clear_time_after_cutoff_seconds,LOWER_CAPACITY_MINUS_HIGHER_CAPACITY,50,0.70003517066,0.826282954791,0.116854056102,0.95,0.465208153159,0.934862188161,PASS,EXPLORATORY_SENSITIVITY_NOT_CONFIRMATORY
1.0,TASK3_CAPACITY_RESPONSE_SURFACE_EXPLORATORY_V1,IMMIGRATION,32,,20,19,CAPACITY_RESPONSE_S32_I20,CAPACITY_RESPONSE_S32_I19,security_wait_p95_seconds,LOWER_CAPACITY_MINUS_HIGHER_CAPACITY,50,0,0,0,0.95,0,0,PASS,EXPLORATORY_SENSITIVITY_NOT_CONFIRMATORY
1.0,TASK3_CAPACITY_RESPONSE_SURFACE_EXPLORATORY_V1,IMMIGRATION,32,,20,19,CAPACITY_RESPONSE_S32_I20,CAPACITY_RESPONSE_S32_I19,immigration_wait_p95_seconds,LOWER_CAPACITY_MINUS_HIGHER_CAPACITY,50,1.02635623072,0.366207538943,0.0517895668217,0.95,0.922281199693,1.13043126175,PASS,EXPLORATORY_SENSITIVITY_NOT_CONFIRMATORY
1.0,TASK3_CAPACITY_RESPONSE_SURFACE_EXPLORATORY_V1,IMMIGRATION,32,,19,18,CAPACITY_RESPONSE_S32_I19,CAPACITY_RESPONSE_S32_I18,total_queue_wait_p95_seconds,LOWER_CAPACITY_MINUS_HIGHER_CAPACITY,50,4.15252215154,2.9107370354,0.411640379197,0.95,3.3252998389,4.97974446418,PASS,EXPLORATORY_SENSITIVITY_NOT_CONFIRMATORY
1.0,TASK3_CAPACITY_RESPONSE_SURFACE_EXPLORATORY_V1,IMMIGRATION,32,,19,18,CAPACITY_RESPONSE_S32_I19,CAPACITY_RESPONSE_S32_I18,total_queue_wait_mean_seconds,LOWER_CAPACITY_MINUS_HIGHER_CAPACITY,50,2.3025849089,1.78315066226,0.252175585032,0.95,1.79581909781,2.80935071999,PASS,EXPLORATORY_SENSITIVITY_NOT_CONFIRMATORY
1.0,TASK3_CAPACITY_RESPONSE_SURFACE_EXPLORATORY_V1,IMMIGRATION,32,,19,18,CAPACITY_RESPONSE_S32_I19,CAPACITY_RESPONSE_S32_I18,peak_total_waiting_queue,LOWER_CAPACITY_MINUS_HIGHER_CAPACITY,50,3.98,3.91485918635,0.553644695612,0.95,2.86740932953,5.09259067047,PASS,EXPLORATORY_SENSITIVITY_NOT_CONFIRMATORY
1.0,TASK3_CAPACITY_RESPONSE_SURFACE_EXPLORATORY_V1,IMMIGRATION,32,,19,18,CAPACITY_RESPONSE_S32_I19,CAPACITY_RESPONSE_S32_I18,time_weighted_mean_total_waiting_queue,LOWER_CAPACITY_MINUS_HIGHER_CAPACITY,50,2.60072324808,2.10158387412,0.297208841724,0.95,2.0034597195,3.19798677667,PASS,EXPLORATORY_SENSITIVITY_NOT_CONFIRMATORY
1.0,TASK3_CAPACITY_RESPONSE_SURFACE_EXPLORATORY_V1,IMMIGRATION,32,,19,18,CAPACITY_RESPONSE_S32_I19,CAPACITY_RESPONSE_S32_I18,cutoff_backlog,LOWER_CAPACITY_MINUS_HIGHER_CAPACITY,50,4.78,5.06806729656,0.716732950581,0.95,3.33967121088,6.22032878912,PASS,EXPLORATORY_SENSITIVITY_NOT_CONFIRMATORY
1.0,TASK3_CAPACITY_RESPONSE_SURFACE_EXPLORATORY_V1,IMMIGRATION,32,,19,18,CAPACITY_RESPONSE_S32_I19,CAPACITY_RESPONSE_S32_I18,cohort_clear_time_after_cutoff_seconds,LOWER_CAPACITY_MINUS_HIGHER_CAPACITY,50,4.76460465524,4.49167929507,0.635219377692,0.95,3.48808352369,6.04112578679,PASS,EXPLORATORY_SENSITIVITY_NOT_CONFIRMATORY
1.0,TASK3_CAPACITY_RESPONSE_SURFACE_EXPLORATORY_V1,IMMIGRATION,32,,19,18,CAPACITY_RESPONSE_S32_I19,CAPACITY_RESPONSE_S32_I18,security_wait_p95_seconds,LOWER_CAPACITY_MINUS_HIGHER_CAPACITY,50,0,0,0,0.95,0,0,PASS,EXPLORATORY_SENSITIVITY_NOT_CONFIRMATORY
1.0,TASK3_CAPACITY_RESPONSE_SURFACE_EXPLORATORY_V1,IMMIGRATION,32,,19,18,CAPACITY_RESPONSE_S32_I19,CAPACITY_RESPONSE_S32_I18,immigration_wait_p95_seconds,LOWER_CAPACITY_MINUS_HIGHER_CAPACITY,50,4.51903787758,3.18548040348,0.450494958927,0.95,3.61373436367,5.42434139149,PASS,EXPLORATORY_SENSITIVITY_NOT_CONFIRMATORY
1.0,TASK3_CAPACITY_RESPONSE_SURFACE_EXPLORATORY_V1,IMMIGRATION,32,,18,17,CAPACITY_RESPONSE_S32_I18,CAPACITY_RESPONSE_S32_I17,total_queue_wait_p95_seconds,LOWER_CAPACITY_MINUS_HIGHER_CAPACITY,50,8.61110879556,4.2152989724,0.596133297622,0.95,7.41313408263,9.80908350849,PASS,EXPLORATORY_SENSITIVITY_NOT_CONFIRMATORY
1.0,TASK3_CAPACITY_RESPONSE_SURFACE_EXPLORATORY_V1,IMMIGRATION,32,,18,17,CAPACITY_RESPONSE_S32_I18,CAPACITY_RESPONSE_S32_I17,total_queue_wait_mean_seconds,LOWER_CAPACITY_MINUS_HIGHER_CAPACITY,50,4.854463263,2.39141013702,0.338196464897,0.95,4.17483202186,5.53409450414,PASS,EXPLORATORY_SENSITIVITY_NOT_CONFIRMATORY
1.0,TASK3_CAPACITY_RESPONSE_SURFACE_EXPLORATORY_V1,IMMIGRATION,32,,18,17,CAPACITY_RESPONSE_S32_I18,CAPACITY_RESPONSE_S32_I17,peak_total_waiting_queue,LOWER_CAPACITY_MINUS_HIGHER_CAPACITY,50,9.8,5.60975826173,0.793339621538,0.95,8.20572434192,11.3942756581,PASS,EXPLORATORY_SENSITIVITY_NOT_CONFIRMATORY
1.0,TASK3_CAPACITY_RESPONSE_SURFACE_EXPLORATORY_V1,IMMIGRATION,32,,18,17,CAPACITY_RESPONSE_S32_I18,CAPACITY_RESPONSE_S32_I17,time_weighted_mean_total_waiting_queue,LOWER_CAPACITY_MINUS_HIGHER_CAPACITY,50,5.11385053193,2.56957182609,0.363392332595,0.95,4.38358629899,5.84411476488,PASS,EXPLORATORY_SENSITIVITY_NOT_CONFIRMATORY
1.0,TASK3_CAPACITY_RESPONSE_SURFACE_EXPLORATORY_V1,IMMIGRATION,32,,18,17,CAPACITY_RESPONSE_S32_I18,CAPACITY_RESPONSE_S32_I17,cutoff_backlog,LOWER_CAPACITY_MINUS_HIGHER_CAPACITY,50,11.52,6.0177967356,0.851044975909,0.95,9.80976109073,13.2302389093,PASS,EXPLORATORY_SENSITIVITY_NOT_CONFIRMATORY
1.0,TASK3_CAPACITY_RESPONSE_SURFACE_EXPLORATORY_V1,IMMIGRATION,32,,18,17,CAPACITY_RESPONSE_S32_I18,CAPACITY_RESPONSE_S32_I17,cohort_clear_time_after_cutoff_seconds,LOWER_CAPACITY_MINUS_HIGHER_CAPACITY,50,10.1009033117,5.49363179684,0.776916859377,0.95,8.53963042983,11.6621761937,PASS,EXPLORATORY_SENSITIVITY_NOT_CONFIRMATORY
1.0,TASK3_CAPACITY_RESPONSE_SURFACE_EXPLORATORY_V1,IMMIGRATION,32,,18,17,CAPACITY_RESPONSE_S32_I18,CAPACITY_RESPONSE_S32_I17,security_wait_p95_seconds,LOWER_CAPACITY_MINUS_HIGHER_CAPACITY,50,0,0,0,0.95,0,0,PASS,EXPLORATORY_SENSITIVITY_NOT_CONFIRMATORY
1.0,TASK3_CAPACITY_RESPONSE_SURFACE_EXPLORATORY_V1,IMMIGRATION,32,,18,17,CAPACITY_RESPONSE_S32_I18,CAPACITY_RESPONSE_S32_I17,immigration_wait_p95_seconds,LOWER_CAPACITY_MINUS_HIGHER_CAPACITY,50,9.50358375652,4.29764245305,0.607778424334,0.95,8.28220728532,10.7249602277,PASS,EXPLORATORY_SENSITIVITY_NOT_CONFIRMATORY
1.0,TASK3_CAPACITY_RESPONSE_SURFACE_EXPLORATORY_V1,IMMIGRATION,32,,17,16,CAPACITY_RESPONSE_S32_I17,CAPACITY_RESPONSE_S32_I16,total_queue_wait_p95_seconds,LOWER_CAPACITY_MINUS_HIGHER_CAPACITY,50,14.6785199257,4.02092966803,0.568645326987,0.95,13.5357843579,15.8212554935,PASS,EXPLORATORY_SENSITIVITY_NOT_CONFIRMATORY
1.0,TASK3_CAPACITY_RESPONSE_SURFACE_EXPLORATORY_V1,IMMIGRATION,32,,17,16,CAPACITY_RESPONSE_S32_I17,CAPACITY_RESPONSE_S32_I16,total_queue_wait_mean_seconds,LOWER_CAPACITY_MINUS_HIGHER_CAPACITY,50,7.83971985156,2.19321221803,0.31016704639,0.95,7.21641583576,8.46302386736,PASS,EXPLORATORY_SENSITIVITY_NOT_CONFIRMATORY
1.0,TASK3_CAPACITY_RESPONSE_SURFACE_EXPLORATORY_V1,IMMIGRATION,32,,17,16,CAPACITY_RESPONSE_S32_I17,CAPACITY_RESPONSE_S32_I16,peak_total_waiting_queue,LOWER_CAPACITY_MINUS_HIGHER_CAPACITY,50,16.84,4.8291631083,0.682946796266,0.95,15.4675670299,18.2124329701,PASS,EXPLORATORY_SENSITIVITY_NOT_CONFIRMATORY
1.0,TASK3_CAPACITY_RESPONSE_SURFACE_EXPLORATORY_V1,IMMIGRATION,32,,17,16,CAPACITY_RESPONSE_S32_I17,CAPACITY_RESPONSE_S32_I16,time_weighted_mean_total_waiting_queue,LOWER_CAPACITY_MINUS_HIGHER_CAPACITY,50,7.57295520646,2.16369383347,0.305992516411,0.95,6.95804022274,8.18787019019,PASS,EXPLORATORY_SENSITIVITY_NOT_CONFIRMATORY
1.0,TASK3_CAPACITY_RESPONSE_SURFACE_EXPLORATORY_V1,IMMIGRATION,32,,17,16,CAPACITY_RESPONSE_S32_I17,CAPACITY_RESPONSE_S32_I16,cutoff_backlog,LOWER_CAPACITY_MINUS_HIGHER_CAPACITY,50,16.46,4.56790042423,0.645998673152,0.95,15.1618170632,17.7581829368,PASS,EXPLORATORY_SENSITIVITY_NOT_CONFIRMATORY
1.0,TASK3_CAPACITY_RESPONSE_SURFACE_EXPLORATORY_V1,IMMIGRATION,32,,17,16,CAPACITY_RESPONSE_S32_I17,CAPACITY_RESPONSE_S32_I16,cohort_clear_time_after_cutoff_seconds,LOWER_CAPACITY_MINUS_HIGHER_CAPACITY,50,16.7344314076,4.35205801964,0.615473947561,0.95,15.4975902035,17.9712726117,PASS,EXPLORATORY_SENSITIVITY_NOT_CONFIRMATORY
1.0,TASK3_CAPACITY_RESPONSE_SURFACE_EXPLORATORY_V1,IMMIGRATION,32,,17,16,CAPACITY_RESPONSE_S32_I17,CAPACITY_RESPONSE_S32_I16,security_wait_p95_seconds,LOWER_CAPACITY_MINUS_HIGHER_CAPACITY,50,0,0,0,0.95,0,0,PASS,EXPLORATORY_SENSITIVITY_NOT_CONFIRMATORY
1.0,TASK3_CAPACITY_RESPONSE_SURFACE_EXPLORATORY_V1,IMMIGRATION,32,,17,16,CAPACITY_RESPONSE_S32_I17,CAPACITY_RESPONSE_S32_I16,immigration_wait_p95_seconds,LOWER_CAPACITY_MINUS_HIGHER_CAPACITY,50,15.1036868046,4.03158316051,0.570151958343,0.95,13.9579235477,16.2494500614,PASS,EXPLORATORY_SENSITIVITY_NOT_CONFIRMATORY
1.0,TASK3_CAPACITY_RESPONSE_SURFACE_EXPLORATORY_V1,IMMIGRATION,31,,21,20,CAPACITY_RESPONSE_S31_I21,CAPACITY_RESPONSE_S31_I20,total_queue_wait_p95_seconds,LOWER_CAPACITY_MINUS_HIGHER_CAPACITY,50,0.15185400452,0.144158723445,0.0203871221831,0.95,0.110884548625,0.192823460415,PASS,EXPLORATORY_SENSITIVITY_NOT_CONFIRMATORY
1.0,TASK3_CAPACITY_RESPONSE_SURFACE_EXPLORATORY_V1,IMMIGRATION,31,,21,20,CAPACITY_RESPONSE_S31_I21,CAPACITY_RESPONSE_S31_I20,total_queue_wait_mean_seconds,LOWER_CAPACITY_MINUS_HIGHER_CAPACITY,50,0.13078247772,0.060118109246,0.00850198454399,0.95,0.113697100114,0.147867855326,PASS,EXPLORATORY_SENSITIVITY_NOT_CONFIRMATORY
1.0,TASK3_CAPACITY_RESPONSE_SURFACE_EXPLORATORY_V1,IMMIGRATION,31,,21,20,CAPACITY_RESPONSE_S31_I21,CAPACITY_RESPONSE_S31_I20,peak_total_waiting_queue,LOWER_CAPACITY_MINUS_HIGHER_CAPACITY,50,0.1,0.303045763366,0.0428571428571,0.95,0.0138753469802,0.18612465302,PASS,EXPLORATORY_SENSITIVITY_NOT_CONFIRMATORY
1.0,TASK3_CAPACITY_RESPONSE_SURFACE_EXPLORATORY_V1,IMMIGRATION,31,,21,20,CAPACITY_RESPONSE_S31_I21,CAPACITY_RESPONSE_S31_I20,time_weighted_mean_total_waiting_queue,LOWER_CAPACITY_MINUS_HIGHER_CAPACITY,50,0.160193361817,0.0819896424891,0.0115950864382,0.95,0.136892163238,0.183494560396,PASS,EXPLORATORY_SENSITIVITY_NOT_CONFIRMATORY
1.0,TASK3_CAPACITY_RESPONSE_SURFACE_EXPLORATORY_V1,IMMIGRATION,31,,21,20,CAPACITY_RESPONSE_S31_I21,CAPACITY_RESPONSE_S31_I20,cutoff_backlog,LOWER_CAPACITY_MINUS_HIGHER_CAPACITY,50,0.16,0.421852087435,0.0596588943366,0.95,0.0401109632666,0.279889036733,PASS,EXPLORATORY_SENSITIVITY_NOT_CONFIRMATORY
1.0,TASK3_CAPACITY_RESPONSE_SURFACE_EXPLORATORY_V1,IMMIGRATION,31,,21,20,CAPACITY_RESPONSE_S31_I21,CAPACITY_RESPONSE_S31_I20,cohort_clear_time_after_cutoff_seconds,LOWER_CAPACITY_MINUS_HIGHER_CAPACITY,50,0.21934101726,0.390766546265,0.055262734945,0.95,0.108286393579,0.330395640941,PASS,EXPLORATORY_SENSITIVITY_NOT_CONFIRMATORY
1.0,TASK3_CAPACITY_RESPONSE_SURFACE_EXPLORATORY_V1,IMMIGRATION,31,,21,20,CAPACITY_RESPONSE_S31_I21,CAPACITY_RESPONSE_S31_I20,security_wait_p95_seconds,LOWER_CAPACITY_MINUS_HIGHER_CAPACITY,50,0,0,0,0.95,0,0,PASS,EXPLORATORY_SENSITIVITY_NOT_CONFIRMATORY
1.0,TASK3_CAPACITY_RESPONSE_SURFACE_EXPLORATORY_V1,IMMIGRATION,31,,21,20,CAPACITY_RESPONSE_S31_I21,CAPACITY_RESPONSE_S31_I20,immigration_wait_p95_seconds,LOWER_CAPACITY_MINUS_HIGHER_CAPACITY,50,0.7201300134,0.226669811825,0.0320559522063,0.95,0.655711165644,0.784548861156,PASS,EXPLORATORY_SENSITIVITY_NOT_CONFIRMATORY
1.0,TASK3_CAPACITY_RESPONSE_SURFACE_EXPLORATORY_V1,IMMIGRATION,31,,20,19,CAPACITY_RESPONSE_S31_I20,CAPACITY_RESPONSE_S31_I19,total_queue_wait_p95_seconds,LOWER_CAPACITY_MINUS_HIGHER_CAPACITY,50,0.38679426714,0.206792155938,0.0292448271519,0.95,0.328024586681,0.445563947599,PASS,EXPLORATORY_SENSITIVITY_NOT_CONFIRMATORY
1.0,TASK3_CAPACITY_RESPONSE_SURFACE_EXPLORATORY_V1,IMMIGRATION,31,,20,19,CAPACITY_RESPONSE_S31_I20,CAPACITY_RESPONSE_S31_I19,total_queue_wait_mean_seconds,LOWER_CAPACITY_MINUS_HIGHER_CAPACITY,50,0.2960538482,0.112442411021,0.0159017582652,0.95,0.264098068563,0.328009627837,PASS,EXPLORATORY_SENSITIVITY_NOT_CONFIRMATORY
1.0,TASK3_CAPACITY_RESPONSE_SURFACE_EXPLORATORY_V1,IMMIGRATION,31,,20,19,CAPACITY_RESPONSE_S31_I20,CAPACITY_RESPONSE_S31_I19,peak_total_waiting_queue,LOWER_CAPACITY_MINUS_HIGHER_CAPACITY,50,0.32,0.512695955569,0.072506157374,0.95,0.174293421602,0.465706578398,PASS,EXPLORATORY_SENSITIVITY_NOT_CONFIRMATORY
1.0,TASK3_CAPACITY_RESPONSE_SURFACE_EXPLORATORY_V1,IMMIGRATION,31,,20,19,CAPACITY_RESPONSE_S31_I20,CAPACITY_RESPONSE_S31_I19,time_weighted_mean_total_waiting_queue,LOWER_CAPACITY_MINUS_HIGHER_CAPACITY,50,0.361251363194,0.155081145738,0.0219317859572,0.95,0.317177789228,0.405324937159,PASS,EXPLORATORY_SENSITIVITY_NOT_CONFIRMATORY
1.0,TASK3_CAPACITY_RESPONSE_SURFACE_EXPLORATORY_V1,IMMIGRATION,31,,20,19,CAPACITY_RESPONSE_S31_I20,CAPACITY_RESPONSE_S31_I19,cutoff_backlog,LOWER_CAPACITY_MINUS_HIGHER_CAPACITY,50,0.34,0.557325977232,0.0788177955665,0.95,0.181609709784,0.498390290216,PASS,EXPLORATORY_SENSITIVITY_NOT_CONFIRMATORY
1.0,TASK3_CAPACITY_RESPONSE_SURFACE_EXPLORATORY_V1,IMMIGRATION,31,,20,19,CAPACITY_RESPONSE_S31_I20,CAPACITY_RESPONSE_S31_I19,cohort_clear_time_after_cutoff_seconds,LOWER_CAPACITY_MINUS_HIGHER_CAPACITY,50,0.44877833552,0.545575675029,0.0771560518926,0.95,0.293727444242,0.603829226798,PASS,EXPLORATORY_SENSITIVITY_NOT_CONFIRMATORY
1.0,TASK3_CAPACITY_RESPONSE_SURFACE_EXPLORATORY_V1,IMMIGRATION,31,,20,19,CAPACITY_RESPONSE_S31_I20,CAPACITY_RESPONSE_S31_I19,security_wait_p95_seconds,LOWER_CAPACITY_MINUS_HIGHER_CAPACITY,50,0,0,0,0.95,0,0,PASS,EXPLORATORY_SENSITIVITY_NOT_CONFIRMATORY
1.0,TASK3_CAPACITY_RESPONSE_SURFACE_EXPLORATORY_V1,IMMIGRATION,31,,20,19,CAPACITY_RESPONSE_S31_I20,CAPACITY_RESPONSE_S31_I19,immigration_wait_p95_seconds,LOWER_CAPACITY_MINUS_HIGHER_CAPACITY,50,0.83828821844,0.23905377361,0.0338073088776,0.95,0.770349887686,0.906226549194,PASS,EXPLORATORY_SENSITIVITY_NOT_CONFIRMATORY
1.0,TASK3_CAPACITY_RESPONSE_SURFACE_EXPLORATORY_V1,IMMIGRATION,31,,19,18,CAPACITY_RESPONSE_S31_I19,CAPACITY_RESPONSE_S31_I18,total_queue_wait_p95_seconds,LOWER_CAPACITY_MINUS_HIGHER_CAPACITY,50,2.6494112384,1.60668268444,0.227219244277,0.95,2.1927970717,3.1060254051,PASS,EXPLORATORY_SENSITIVITY_NOT_CONFIRMATORY
1.0,TASK3_CAPACITY_RESPONSE_SURFACE_EXPLORATORY_V1,IMMIGRATION,31,,19,18,CAPACITY_RESPONSE_S31_I19,CAPACITY_RESPONSE_S31_I18,total_queue_wait_mean_seconds,LOWER_CAPACITY_MINUS_HIGHER_CAPACITY,50,1.55804818186,1.03510759888,0.146386320485,0.95,1.26387385716,1.85222250656,PASS,EXPLORATORY_SENSITIVITY_NOT_CONFIRMATORY
1.0,TASK3_CAPACITY_RESPONSE_SURFACE_EXPLORATORY_V1,IMMIGRATION,31,,19,18,CAPACITY_RESPONSE_S31_I19,CAPACITY_RESPONSE_S31_I18,peak_total_waiting_queue,LOWER_CAPACITY_MINUS_HIGHER_CAPACITY,50,2.54,2.46783388453,0.349004414919,0.95,1.83864937013,3.24135062987,PASS,EXPLORATORY_SENSITIVITY_NOT_CONFIRMATORY
1.0,TASK3_CAPACITY_RESPONSE_SURFACE_EXPLORATORY_V1,IMMIGRATION,31,,19,18,CAPACITY_RESPONSE_S31_I19,CAPACITY_RESPONSE_S31_I18,time_weighted_mean_total_waiting_queue,LOWER_CAPACITY_MINUS_HIGHER_CAPACITY,50,1.76084020892,1.2141904494,0.171712460084,0.95,1.41577110122,2.10590931661,PASS,EXPLORATORY_SENSITIVITY_NOT_CONFIRMATORY
1.0,TASK3_CAPACITY_RESPONSE_SURFACE_EXPLORATORY_V1,IMMIGRATION,31,,19,18,CAPACITY_RESPONSE_S31_I19,CAPACITY_RESPONSE_S31_I18,cutoff_backlog,LOWER_CAPACITY_MINUS_HIGHER_CAPACITY,50,3.2,2.99659670906,0.423782770691,0.95,2.3483766381,4.0516233619,PASS,EXPLORATORY_SENSITIVITY_NOT_CONFIRMATORY
1.0,TASK3_CAPACITY_RESPONSE_SURFACE_EXPLORATORY_V1,IMMIGRATION,31,,19,18,CAPACITY_RESPONSE_S31_I19,CAPACITY_RESPONSE_S31_I18,cohort_clear_time_after_cutoff_seconds,LOWER_CAPACITY_MINUS_HIGHER_CAPACITY,50,2.9274535348,2.44082471941,0.345184742157,0.95,2.23377882473,3.62112824487,PASS,EXPLORATORY_SENSITIVITY_NOT_CONFIRMATORY
1.0,TASK3_CAPACITY_RESPONSE_SURFACE_EXPLORATORY_V1,IMMIGRATION,31,,19,18,CAPACITY_RESPONSE_S31_I19,CAPACITY_RESPONSE_S31_I18,security_wait_p95_seconds,LOWER_CAPACITY_MINUS_HIGHER_CAPACITY,50,0,0,0,0.95,0,0,PASS,EXPLORATORY_SENSITIVITY_NOT_CONFIRMATORY
1.0,TASK3_CAPACITY_RESPONSE_SURFACE_EXPLORATORY_V1,IMMIGRATION,31,,19,18,CAPACITY_RESPONSE_S31_I19,CAPACITY_RESPONSE_S31_I18,immigration_wait_p95_seconds,LOWER_CAPACITY_MINUS_HIGHER_CAPACITY,50,2.74378989152,1.63126217807,0.230695309601,0.95,2.28019031002,3.20738947302,PASS,EXPLORATORY_SENSITIVITY_NOT_CONFIRMATORY
1.0,TASK3_CAPACITY_RESPONSE_SURFACE_EXPLORATORY_V1,IMMIGRATION,31,,18,17,CAPACITY_RESPONSE_S31_I18,CAPACITY_RESPONSE_S31_I17,total_queue_wait_p95_seconds,LOWER_CAPACITY_MINUS_HIGHER_CAPACITY,50,8.43651433386,4.21590956873,0.596219648984,0.95,7.23836609137,9.63466257635,PASS,EXPLORATORY_SENSITIVITY_NOT_CONFIRMATORY
1.0,TASK3_CAPACITY_RESPONSE_SURFACE_EXPLORATORY_V1,IMMIGRATION,31,,18,17,CAPACITY_RESPONSE_S31_I18,CAPACITY_RESPONSE_S31_I17,total_queue_wait_mean_seconds,LOWER_CAPACITY_MINUS_HIGHER_CAPACITY,50,4.74364073426,2.35488475035,0.333030995177,0.95,4.07438989316,5.41289157536,PASS,EXPLORATORY_SENSITIVITY_NOT_CONFIRMATORY
1.0,TASK3_CAPACITY_RESPONSE_SURFACE_EXPLORATORY_V1,IMMIGRATION,31,,18,17,CAPACITY_RESPONSE_S31_I18,CAPACITY_RESPONSE_S31_I17,peak_total_waiting_queue,LOWER_CAPACITY_MINUS_HIGHER_CAPACITY,50,9.22,5.55231152452,0.78521542605,0.95,7.642050524,10.797949476,PASS,EXPLORATORY_SENSITIVITY_NOT_CONFIRMATORY
1.0,TASK3_CAPACITY_RESPONSE_SURFACE_EXPLORATORY_V1,IMMIGRATION,31,,18,17,CAPACITY_RESPONSE_S31_I18,CAPACITY_RESPONSE_S31_I17,time_weighted_mean_total_waiting_queue,LOWER_CAPACITY_MINUS_HIGHER_CAPACITY,50,4.98080821999,2.51791980983,0.356087634402,0.95,4.26522332765,5.69639311233,PASS,EXPLORATORY_SENSITIVITY_NOT_CONFIRMATORY
1.0,TASK3_CAPACITY_RESPONSE_SURFACE_EXPLORATORY_V1,IMMIGRATION,31,,18,17,CAPACITY_RESPONSE_S31_I18,CAPACITY_RESPONSE_S31_I17,cutoff_backlog,LOWER_CAPACITY_MINUS_HIGHER_CAPACITY,50,11.18,5.92362960988,0.837727733277,0.95,9.49652309175,12.8634769083,PASS,EXPLORATORY_SENSITIVITY_NOT_CONFIRMATORY
1.0,TASK3_CAPACITY_RESPONSE_SURFACE_EXPLORATORY_V1,IMMIGRATION,31,,18,17,CAPACITY_RESPONSE_S31_I18,CAPACITY_RESPONSE_S31_I17,cohort_clear_time_after_cutoff_seconds,LOWER_CAPACITY_MINUS_HIGHER_CAPACITY,50,9.91834741876,5.50845680053,0.779013431506,0.95,8.35286131741,11.4838335201,PASS,EXPLORATORY_SENSITIVITY_NOT_CONFIRMATORY
1.0,TASK3_CAPACITY_RESPONSE_SURFACE_EXPLORATORY_V1,IMMIGRATION,31,,18,17,CAPACITY_RESPONSE_S31_I18,CAPACITY_RESPONSE_S31_I17,security_wait_p95_seconds,LOWER_CAPACITY_MINUS_HIGHER_CAPACITY,50,0,0,0,0.95,0,0,PASS,EXPLORATORY_SENSITIVITY_NOT_CONFIRMATORY
1.0,TASK3_CAPACITY_RESPONSE_SURFACE_EXPLORATORY_V1,IMMIGRATION,31,,18,17,CAPACITY_RESPONSE_S31_I18,CAPACITY_RESPONSE_S31_I17,immigration_wait_p95_seconds,LOWER_CAPACITY_MINUS_HIGHER_CAPACITY,50,9.4574651809,4.4179298067,0.624789625025,0.95,8.20190342204,10.7130269398,PASS,EXPLORATORY_SENSITIVITY_NOT_CONFIRMATORY
1.0,TASK3_CAPACITY_RESPONSE_SURFACE_EXPLORATORY_V1,IMMIGRATION,31,,17,16,CAPACITY_RESPONSE_S31_I17,CAPACITY_RESPONSE_S31_I16,total_queue_wait_p95_seconds,LOWER_CAPACITY_MINUS_HIGHER_CAPACITY,50,14.6560303654,4.00729985445,0.566717780267,0.95,13.5171683477,15.7948923831,PASS,EXPLORATORY_SENSITIVITY_NOT_CONFIRMATORY
1.0,TASK3_CAPACITY_RESPONSE_SURFACE_EXPLORATORY_V1,IMMIGRATION,31,,17,16,CAPACITY_RESPONSE_S31_I17,CAPACITY_RESPONSE_S31_I16,total_queue_wait_mean_seconds,LOWER_CAPACITY_MINUS_HIGHER_CAPACITY,50,7.81254434658,2.17980874383,0.30827150889,0.95,7.193049556,8.43203913716,PASS,EXPLORATORY_SENSITIVITY_NOT_CONFIRMATORY
1.0,TASK3_CAPACITY_RESPONSE_SURFACE_EXPLORATORY_V1,IMMIGRATION,31,,17,16,CAPACITY_RESPONSE_S31_I17,CAPACITY_RESPONSE_S31_I16,peak_total_waiting_queue,LOWER_CAPACITY_MINUS_HIGHER_CAPACITY,50,16.3,4.66970260819,0.660395676076,0.95,14.9728852027,17.6271147973,PASS,EXPLORATORY_SENSITIVITY_NOT_CONFIRMATORY
1.0,TASK3_CAPACITY_RESPONSE_SURFACE_EXPLORATORY_V1,IMMIGRATION,31,,17,16,CAPACITY_RESPONSE_S31_I17,CAPACITY_RESPONSE_S31_I16,time_weighted_mean_total_waiting_queue,LOWER_CAPACITY_MINUS_HIGHER_CAPACITY,50,7.53940955207,2.14793744815,0.303764227031,0.95,6.92897248351,8.14984662064,PASS,EXPLORATORY_SENSITIVITY_NOT_CONFIRMATORY
1.0,TASK3_CAPACITY_RESPONSE_SURFACE_EXPLORATORY_V1,IMMIGRATION,31,,17,16,CAPACITY_RESPONSE_S31_I17,CAPACITY_RESPONSE_S31_I16,cutoff_backlog,LOWER_CAPACITY_MINUS_HIGHER_CAPACITY,50,16.42,4.56289381862,0.645290632196,0.95,15.1232399248,17.7167600752,PASS,EXPLORATORY_SENSITIVITY_NOT_CONFIRMATORY
1.0,TASK3_CAPACITY_RESPONSE_SURFACE_EXPLORATORY_V1,IMMIGRATION,31,,17,16,CAPACITY_RESPONSE_S31_I17,CAPACITY_RESPONSE_S31_I16,cohort_clear_time_after_cutoff_seconds,LOWER_CAPACITY_MINUS_HIGHER_CAPACITY,50,16.7366477021,4.33947484664,0.613694418169,0.95,15.5033825962,17.969912808,PASS,EXPLORATORY_SENSITIVITY_NOT_CONFIRMATORY
1.0,TASK3_CAPACITY_RESPONSE_SURFACE_EXPLORATORY_V1,IMMIGRATION,31,,17,16,CAPACITY_RESPONSE_S31_I17,CAPACITY_RESPONSE_S31_I16,security_wait_p95_seconds,LOWER_CAPACITY_MINUS_HIGHER_CAPACITY,50,0,0,0,0.95,0,0,PASS,EXPLORATORY_SENSITIVITY_NOT_CONFIRMATORY
1.0,TASK3_CAPACITY_RESPONSE_SURFACE_EXPLORATORY_V1,IMMIGRATION,31,,17,16,CAPACITY_RESPONSE_S31_I17,CAPACITY_RESPONSE_S31_I16,immigration_wait_p95_seconds,LOWER_CAPACITY_MINUS_HIGHER_CAPACITY,50,15.1863149626,3.94560223884,0.557992419789,0.95,14.0649872133,16.3076427119,PASS,EXPLORATORY_SENSITIVITY_NOT_CONFIRMATORY
1.0,TASK3_CAPACITY_RESPONSE_SURFACE_EXPLORATORY_V1,IMMIGRATION,30,,21,20,CAPACITY_RESPONSE_S30_I21,CAPACITY_RESPONSE_S30_I20,total_queue_wait_p95_seconds,LOWER_CAPACITY_MINUS_HIGHER_CAPACITY,50,0.082509645,0.141537611039,0.0200164409117,0.95,0.0422851010085,0.122734188992,PASS,EXPLORATORY_SENSITIVITY_NOT_CONFIRMATORY
1.0,TASK3_CAPACITY_RESPONSE_SURFACE_EXPLORATORY_V1,IMMIGRATION,30,,21,20,CAPACITY_RESPONSE_S30_I21,CAPACITY_RESPONSE_S30_I20,total_queue_wait_mean_seconds,LOWER_CAPACITY_MINUS_HIGHER_CAPACITY,50,0.08775144706,0.0573759639908,0.008114186643,0.95,0.0714453785128,0.104057515607,PASS,EXPLORATORY_SENSITIVITY_NOT_CONFIRMATORY
1.0,TASK3_CAPACITY_RESPONSE_SURFACE_EXPLORATORY_V1,IMMIGRATION,30,,21,20,CAPACITY_RESPONSE_S30_I21,CAPACITY_RESPONSE_S30_I20,peak_total_waiting_queue,LOWER_CAPACITY_MINUS_HIGHER_CAPACITY,50,0.02,0.141421356237,0.02,0.95,-0.0201915047426,0.0601915047426,PASS,EXPLORATORY_SENSITIVITY_NOT_CONFIRMATORY
1.0,TASK3_CAPACITY_RESPONSE_SURFACE_EXPLORATORY_V1,IMMIGRATION,30,,21,20,CAPACITY_RESPONSE_S30_I21,CAPACITY_RESPONSE_S30_I20,time_weighted_mean_total_waiting_queue,LOWER_CAPACITY_MINUS_HIGHER_CAPACITY,50,0.108075651206,0.0738815777979,0.0104484329331,0.95,0.0870787391172,0.129072563296,PASS,EXPLORATORY_SENSITIVITY_NOT_CONFIRMATORY
1.0,TASK3_CAPACITY_RESPONSE_SURFACE_EXPLORATORY_V1,IMMIGRATION,30,,21,20,CAPACITY_RESPONSE_S30_I21,CAPACITY_RESPONSE_S30_I20,cutoff_backlog,LOWER_CAPACITY_MINUS_HIGHER_CAPACITY,50,0.14,0.350509832754,0.0495695759226,0.95,0.040386207711,0.239613792289,PASS,EXPLORATORY_SENSITIVITY_NOT_CONFIRMATORY
1.0,TASK3_CAPACITY_RESPONSE_SURFACE_EXPLORATORY_V1,IMMIGRATION,30,,21,20,CAPACITY_RESPONSE_S30_I21,CAPACITY_RESPONSE_S30_I20,cohort_clear_time_after_cutoff_seconds,LOWER_CAPACITY_MINUS_HIGHER_CAPACITY,50,0.09106749214,0.219247807442,0.0310063222805,0.95,0.0287579546907,0.153377029589,PASS,EXPLORATORY_SENSITIVITY_NOT_CONFIRMATORY
1.0,TASK3_CAPACITY_RESPONSE_SURFACE_EXPLORATORY_V1,IMMIGRATION,30,,21,20,CAPACITY_RESPONSE_S30_I21,CAPACITY_RESPONSE_S30_I20,security_wait_p95_seconds,LOWER_CAPACITY_MINUS_HIGHER_CAPACITY,50,0,0,0,0.95,0,0,PASS,EXPLORATORY_SENSITIVITY_NOT_CONFIRMATORY
1.0,TASK3_CAPACITY_RESPONSE_SURFACE_EXPLORATORY_V1,IMMIGRATION,30,,21,20,CAPACITY_RESPONSE_S30_I21,CAPACITY_RESPONSE_S30_I20,immigration_wait_p95_seconds,LOWER_CAPACITY_MINUS_HIGHER_CAPACITY,50,0.57278716576,0.3481362407,0.0492338993152,0.95,0.473847940869,0.671726390651,PASS,EXPLORATORY_SENSITIVITY_NOT_CONFIRMATORY
1.0,TASK3_CAPACITY_RESPONSE_SURFACE_EXPLORATORY_V1,IMMIGRATION,30,,20,19,CAPACITY_RESPONSE_S30_I20,CAPACITY_RESPONSE_S30_I19,total_queue_wait_p95_seconds,LOWER_CAPACITY_MINUS_HIGHER_CAPACITY,50,0.1987697003,0.175033903129,0.024753531968,0.95,0.149025615426,0.248513785174,PASS,EXPLORATORY_SENSITIVITY_NOT_CONFIRMATORY
1.0,TASK3_CAPACITY_RESPONSE_SURFACE_EXPLORATORY_V1,IMMIGRATION,30,,20,19,CAPACITY_RESPONSE_S30_I20,CAPACITY_RESPONSE_S30_I19,total_queue_wait_mean_seconds,LOWER_CAPACITY_MINUS_HIGHER_CAPACITY,50,0.19174571372,0.0799153240171,0.0113017335066,0.95,0.169034029928,0.214457397512,PASS,EXPLORATORY_SENSITIVITY_NOT_CONFIRMATORY
1.0,TASK3_CAPACITY_RESPONSE_SURFACE_EXPLORATORY_V1,IMMIGRATION,30,,20,19,CAPACITY_RESPONSE_S30_I20,CAPACITY_RESPONSE_S30_I19,peak_total_waiting_queue,LOWER_CAPACITY_MINUS_HIGHER_CAPACITY,50,0.14,0.350509832754,0.0495695759226,0.95,0.040386207711,0.239613792289,PASS,EXPLORATORY_SENSITIVITY_NOT_CONFIRMATORY
1.0,TASK3_CAPACITY_RESPONSE_SURFACE_EXPLORATORY_V1,IMMIGRATION,30,,20,19,CAPACITY_RESPONSE_S30_I20,CAPACITY_RESPONSE_S30_I19,time_weighted_mean_total_waiting_queue,LOWER_CAPACITY_MINUS_HIGHER_CAPACITY,50,0.234448152472,0.104768112947,0.0148164486233,0.95,0.204673384216,0.264222920727,PASS,EXPLORATORY_SENSITIVITY_NOT_CONFIRMATORY
1.0,TASK3_CAPACITY_RESPONSE_SURFACE_EXPLORATORY_V1,IMMIGRATION,30,,20,19,CAPACITY_RESPONSE_S30_I20,CAPACITY_RESPONSE_S30_I19,cutoff_backlog,LOWER_CAPACITY_MINUS_HIGHER_CAPACITY,50,0.28,0.536047515408,0.0758085666367,0.95,0.127656981725,0.432343018275,PASS,EXPLORATORY_SENSITIVITY_NOT_CONFIRMATORY
1.0,TASK3_CAPACITY_RESPONSE_SURFACE_EXPLORATORY_V1,IMMIGRATION,30,,20,19,CAPACITY_RESPONSE_S30_I20,CAPACITY_RESPONSE_S30_I19,cohort_clear_time_after_cutoff_seconds,LOWER_CAPACITY_MINUS_HIGHER_CAPACITY,50,0.19044308234,0.43523341063,0.0615512992111,0.95,0.0667511156323,0.314135049048,PASS,EXPLORATORY_SENSITIVITY_NOT_CONFIRMATORY
1.0,TASK3_CAPACITY_RESPONSE_SURFACE_EXPLORATORY_V1,IMMIGRATION,30,,20,19,CAPACITY_RESPONSE_S30_I20,CAPACITY_RESPONSE_S30_I19,security_wait_p95_seconds,LOWER_CAPACITY_MINUS_HIGHER_CAPACITY,50,0,0,0,0.95,0,0,PASS,EXPLORATORY_SENSITIVITY_NOT_CONFIRMATORY
1.0,TASK3_CAPACITY_RESPONSE_SURFACE_EXPLORATORY_V1,IMMIGRATION,30,,20,19,CAPACITY_RESPONSE_S30_I20,CAPACITY_RESPONSE_S30_I19,immigration_wait_p95_seconds,LOWER_CAPACITY_MINUS_HIGHER_CAPACITY,50,0.81086153332,0.338312406591,0.047844599372,0.95,0.714714211192,0.907008855448,PASS,EXPLORATORY_SENSITIVITY_NOT_CONFIRMATORY
1.0,TASK3_CAPACITY_RESPONSE_SURFACE_EXPLORATORY_V1,IMMIGRATION,30,,19,18,CAPACITY_RESPONSE_S30_I19,CAPACITY_RESPONSE_S30_I18,total_queue_wait_p95_seconds,LOWER_CAPACITY_MINUS_HIGHER_CAPACITY,50,0.66357403076,0.283942973487,0.0401556004046,0.95,0.582878330555,0.744269730965,PASS,EXPLORATORY_SENSITIVITY_NOT_CONFIRMATORY
1.0,TASK3_CAPACITY_RESPONSE_SURFACE_EXPLORATORY_V1,IMMIGRATION,30,,19,18,CAPACITY_RESPONSE_S30_I19,CAPACITY_RESPONSE_S30_I18,total_queue_wait_mean_seconds,LOWER_CAPACITY_MINUS_HIGHER_CAPACITY,50,0.52942790884,0.176019947967,0.0248929797663,0.95,0.479403593123,0.579452224557,PASS,EXPLORATORY_SENSITIVITY_NOT_CONFIRMATORY
1.0,TASK3_CAPACITY_RESPONSE_SURFACE_EXPLORATORY_V1,IMMIGRATION,30,,19,18,CAPACITY_RESPONSE_S30_I19,CAPACITY_RESPONSE_S30_I18,peak_total_waiting_queue,LOWER_CAPACITY_MINUS_HIGHER_CAPACITY,50,0.5,0.614451804789,0.0868966075757,0.95,0.325374729225,0.674625270775,PASS,EXPLORATORY_SENSITIVITY_NOT_CONFIRMATORY
1.0,TASK3_CAPACITY_RESPONSE_SURFACE_EXPLORATORY_V1,IMMIGRATION,30,,19,18,CAPACITY_RESPONSE_S30_I19,CAPACITY_RESPONSE_S30_I18,time_weighted_mean_total_waiting_queue,LOWER_CAPACITY_MINUS_HIGHER_CAPACITY,50,0.63937881161,0.232943521422,0.0329431887262,0.95,0.573176995314,0.705580627907,PASS,EXPLORATORY_SENSITIVITY_NOT_CONFIRMATORY
1.0,TASK3_CAPACITY_RESPONSE_SURFACE_EXPLORATORY_V1,IMMIGRATION,30,,19,18,CAPACITY_RESPONSE_S30_I19,CAPACITY_RESPONSE_S30_I18,cutoff_backlog,LOWER_CAPACITY_MINUS_HIGHER_CAPACITY,50,0.78,0.910034760493,0.128698350052,0.95,0.521370982676,1.03862901732,PASS,EXPLORATORY_SENSITIVITY_NOT_CONFIRMATORY
1.0,TASK3_CAPACITY_RESPONSE_SURFACE_EXPLORATORY_V1,IMMIGRATION,30,,19,18,CAPACITY_RESPONSE_S30_I19,CAPACITY_RESPONSE_S30_I18,cohort_clear_time_after_cutoff_seconds,LOWER_CAPACITY_MINUS_HIGHER_CAPACITY,50,0.5777158638,0.640042581215,0.090515689885,0.95,0.395817774835,0.759613952765,PASS,EXPLORATORY_SENSITIVITY_NOT_CONFIRMATORY
1.0,TASK3_CAPACITY_RESPONSE_SURFACE_EXPLORATORY_V1,IMMIGRATION,30,,19,18,CAPACITY_RESPONSE_S30_I19,CAPACITY_RESPONSE_S30_I18,security_wait_p95_seconds,LOWER_CAPACITY_MINUS_HIGHER_CAPACITY,50,0,0,0,0.95,0,0,PASS,EXPLORATORY_SENSITIVITY_NOT_CONFIRMATORY
1.0,TASK3_CAPACITY_RESPONSE_SURFACE_EXPLORATORY_V1,IMMIGRATION,30,,19,18,CAPACITY_RESPONSE_S30_I19,CAPACITY_RESPONSE_S30_I18,immigration_wait_p95_seconds,LOWER_CAPACITY_MINUS_HIGHER_CAPACITY,50,1.0424799269,0.431757037989,0.0610596658774,0.95,0.919775934365,1.16518391943,PASS,EXPLORATORY_SENSITIVITY_NOT_CONFIRMATORY
1.0,TASK3_CAPACITY_RESPONSE_SURFACE_EXPLORATORY_V1,IMMIGRATION,30,,18,17,CAPACITY_RESPONSE_S30_I18,CAPACITY_RESPONSE_S30_I17,total_queue_wait_p95_seconds,LOWER_CAPACITY_MINUS_HIGHER_CAPACITY,50,7.52833556578,3.7219526017,0.526363584784,0.95,6.47056834007,8.58610279149,PASS,EXPLORATORY_SENSITIVITY_NOT_CONFIRMATORY
1.0,TASK3_CAPACITY_RESPONSE_SURFACE_EXPLORATORY_V1,IMMIGRATION,30,,18,17,CAPACITY_RESPONSE_S30_I18,CAPACITY_RESPONSE_S30_I17,total_queue_wait_mean_seconds,LOWER_CAPACITY_MINUS_HIGHER_CAPACITY,50,4.22277487726,2.06712875008,0.292336151353,0.95,3.63530338658,4.81024636794,PASS,EXPLORATORY_SENSITIVITY_NOT_CONFIRMATORY
1.0,TASK3_CAPACITY_RESPONSE_SURFACE_EXPLORATORY_V1,IMMIGRATION,30,,18,17,CAPACITY_RESPONSE_S30_I18,CAPACITY_RESPONSE_S30_I17,peak_total_waiting_queue,LOWER_CAPACITY_MINUS_HIGHER_CAPACITY,50,8.28,4.96123750198,0.701624936145,0.95,6.87003190257,9.68996809743,PASS,EXPLORATORY_SENSITIVITY_NOT_CONFIRMATORY
1.0,TASK3_CAPACITY_RESPONSE_SURFACE_EXPLORATORY_V1,IMMIGRATION,30,,18,17,CAPACITY_RESPONSE_S30_I18,CAPACITY_RESPONSE_S30_I17,time_weighted_mean_total_waiting_queue,LOWER_CAPACITY_MINUS_HIGHER_CAPACITY,50,4.40633954232,2.19062295758,0.309800869665,0.95,3.7837713862,5.02890769844,PASS,EXPLORATORY_SENSITIVITY_NOT_CONFIRMATORY
1.0,TASK3_CAPACITY_RESPONSE_SURFACE_EXPLORATORY_V1,IMMIGRATION,30,,18,17,CAPACITY_RESPONSE_S30_I18,CAPACITY_RESPONSE_S30_I17,cutoff_backlog,LOWER_CAPACITY_MINUS_HIGHER_CAPACITY,50,9.94,5.27377028901,0.745823746756,0.95,8.44121106726,11.4387889327,PASS,EXPLORATORY_SENSITIVITY_NOT_CONFIRMATORY
1.0,TASK3_CAPACITY_RESPONSE_SURFACE_EXPLORATORY_V1,IMMIGRATION,30,,18,17,CAPACITY_RESPONSE_S30_I18,CAPACITY_RESPONSE_S30_I17,cohort_clear_time_after_cutoff_seconds,LOWER_CAPACITY_MINUS_HIGHER_CAPACITY,50,8.9654381722,4.94966959486,0.699988987031,0.95,7.5587576376,10.3721187068,PASS,EXPLORATORY_SENSITIVITY_NOT_CONFIRMATORY
1.0,TASK3_CAPACITY_RESPONSE_SURFACE_EXPLORATORY_V1,IMMIGRATION,30,,18,17,CAPACITY_RESPONSE_S30_I18,CAPACITY_RESPONSE_S30_I17,security_wait_p95_seconds,LOWER_CAPACITY_MINUS_HIGHER_CAPACITY,50,0,0,0,0.95,0,0,PASS,EXPLORATORY_SENSITIVITY_NOT_CONFIRMATORY
1.0,TASK3_CAPACITY_RESPONSE_SURFACE_EXPLORATORY_V1,IMMIGRATION,30,,18,17,CAPACITY_RESPONSE_S30_I18,CAPACITY_RESPONSE_S30_I17,immigration_wait_p95_seconds,LOWER_CAPACITY_MINUS_HIGHER_CAPACITY,50,7.82786948046,3.64981046127,0.516161145442,0.95,6.79060482421,8.86513413671,PASS,EXPLORATORY_SENSITIVITY_NOT_CONFIRMATORY
1.0,TASK3_CAPACITY_RESPONSE_SURFACE_EXPLORATORY_V1,IMMIGRATION,30,,17,16,CAPACITY_RESPONSE_S30_I17,CAPACITY_RESPONSE_S30_I16,total_queue_wait_p95_seconds,LOWER_CAPACITY_MINUS_HIGHER_CAPACITY,50,14.5572770134,4.05450940595,0.573394219066,0.95,13.4049981896,15.7095558371,PASS,EXPLORATORY_SENSITIVITY_NOT_CONFIRMATORY
1.0,TASK3_CAPACITY_RESPONSE_SURFACE_EXPLORATORY_V1,IMMIGRATION,30,,17,16,CAPACITY_RESPONSE_S30_I17,CAPACITY_RESPONSE_S30_I16,total_queue_wait_mean_seconds,LOWER_CAPACITY_MINUS_HIGHER_CAPACITY,50,7.73878887216,2.16385246672,0.30601495054,0.95,7.12382880536,8.35374893896,PASS,EXPLORATORY_SENSITIVITY_NOT_CONFIRMATORY
1.0,TASK3_CAPACITY_RESPONSE_SURFACE_EXPLORATORY_V1,IMMIGRATION,30,,17,16,CAPACITY_RESPONSE_S30_I17,CAPACITY_RESPONSE_S30_I16,peak_total_waiting_queue,LOWER_CAPACITY_MINUS_HIGHER_CAPACITY,50,15.74,4.61501542218,0.65266174006,0.95,14.428427129,17.051572871,PASS,EXPLORATORY_SENSITIVITY_NOT_CONFIRMATORY
1.0,TASK3_CAPACITY_RESPONSE_SURFACE_EXPLORATORY_V1,IMMIGRATION,30,,17,16,CAPACITY_RESPONSE_S30_I17,CAPACITY_RESPONSE_S30_I16,time_weighted_mean_total_waiting_queue,LOWER_CAPACITY_MINUS_HIGHER_CAPACITY,50,7.45032419824,2.12781443938,0.300918403838,0.95,6.84560602549,8.055042371,PASS,EXPLORATORY_SENSITIVITY_NOT_CONFIRMATORY
1.0,TASK3_CAPACITY_RESPONSE_SURFACE_EXPLORATORY_V1,IMMIGRATION,30,,17,16,CAPACITY_RESPONSE_S30_I17,CAPACITY_RESPONSE_S30_I16,cutoff_backlog,LOWER_CAPACITY_MINUS_HIGHER_CAPACITY,50,16.2,4.55801603816,0.644600809867,0.95,14.9046261747,17.4953738253,PASS,EXPLORATORY_SENSITIVITY_NOT_CONFIRMATORY
1.0,TASK3_CAPACITY_RESPONSE_SURFACE_EXPLORATORY_V1,IMMIGRATION,30,,17,16,CAPACITY_RESPONSE_S30_I17,CAPACITY_RESPONSE_S30_I16,cohort_clear_time_after_cutoff_seconds,LOWER_CAPACITY_MINUS_HIGHER_CAPACITY,50,16.5840600566,4.35497389996,0.615886315311,0.95,15.3463901685,17.8217299447,PASS,EXPLORATORY_SENSITIVITY_NOT_CONFIRMATORY
1.0,TASK3_CAPACITY_RESPONSE_SURFACE_EXPLORATORY_V1,IMMIGRATION,30,,17,16,CAPACITY_RESPONSE_S30_I17,CAPACITY_RESPONSE_S30_I16,security_wait_p95_seconds,LOWER_CAPACITY_MINUS_HIGHER_CAPACITY,50,0,0,0,0.95,0,0,PASS,EXPLORATORY_SENSITIVITY_NOT_CONFIRMATORY
1.0,TASK3_CAPACITY_RESPONSE_SURFACE_EXPLORATORY_V1,IMMIGRATION,30,,17,16,CAPACITY_RESPONSE_S30_I17,CAPACITY_RESPONSE_S30_I16,immigration_wait_p95_seconds,LOWER_CAPACITY_MINUS_HIGHER_CAPACITY,50,15.1737460396,3.98611147914,0.563721291493,0.95,14.0409056916,16.3065863876,PASS,EXPLORATORY_SENSITIVITY_NOT_CONFIRMATORY
1.0,TASK3_CAPACITY_RESPONSE_SURFACE_EXPLORATORY_V1,IMMIGRATION,29,,21,20,CAPACITY_RESPONSE_S29_I21,CAPACITY_RESPONSE_S29_I20,total_queue_wait_p95_seconds,LOWER_CAPACITY_MINUS_HIGHER_CAPACITY,50,0.05574875042,0.120187369905,0.0169970608545,0.95,0.0215918778228,0.0899056230172,PASS,EXPLORATORY_SENSITIVITY_NOT_CONFIRMATORY
1.0,TASK3_CAPACITY_RESPONSE_SURFACE_EXPLORATORY_V1,IMMIGRATION,29,,21,20,CAPACITY_RESPONSE_S29_I21,CAPACITY_RESPONSE_S29_I20,total_queue_wait_mean_seconds,LOWER_CAPACITY_MINUS_HIGHER_CAPACITY,50,0.06362850612,0.0573261477387,0.00810714156106,0.95,0.047336595195,0.079920417045,PASS,EXPLORATORY_SENSITIVITY_NOT_CONFIRMATORY
1.0,TASK3_CAPACITY_RESPONSE_SURFACE_EXPLORATORY_V1,IMMIGRATION,29,,21,20,CAPACITY_RESPONSE_S29_I21,CAPACITY_RESPONSE_S29_I20,peak_total_waiting_queue,LOWER_CAPACITY_MINUS_HIGHER_CAPACITY,50,0.02,0.141421356237,0.02,0.95,-0.0201915047426,0.0601915047426,PASS,EXPLORATORY_SENSITIVITY_NOT_CONFIRMATORY
1.0,TASK3_CAPACITY_RESPONSE_SURFACE_EXPLORATORY_V1,IMMIGRATION,29,,21,20,CAPACITY_RESPONSE_S29_I21,CAPACITY_RESPONSE_S29_I20,time_weighted_mean_total_waiting_queue,LOWER_CAPACITY_MINUS_HIGHER_CAPACITY,50,0.0782632232669,0.0716841604497,0.0101376711915,0.95,0.0578908102782,0.0986356362555,PASS,EXPLORATORY_SENSITIVITY_NOT_CONFIRMATORY
1.0,TASK3_CAPACITY_RESPONSE_SURFACE_EXPLORATORY_V1,IMMIGRATION,29,,21,20,CAPACITY_RESPONSE_S29_I21,CAPACITY_RESPONSE_S29_I20,cutoff_backlog,LOWER_CAPACITY_MINUS_HIGHER_CAPACITY,50,0.02,0.141421356237,0.02,0.95,-0.0201915047426,0.0601915047426,PASS,EXPLORATORY_SENSITIVITY_NOT_CONFIRMATORY
1.0,TASK3_CAPACITY_RESPONSE_SURFACE_EXPLORATORY_V1,IMMIGRATION,29,,21,20,CAPACITY_RESPONSE_S29_I21,CAPACITY_RESPONSE_S29_I20,cohort_clear_time_after_cutoff_seconds,LOWER_CAPACITY_MINUS_HIGHER_CAPACITY,50,0.03694018162,0.168849951798,0.0238789891839,0.95,-0.0110464437316,0.0849268069716,PASS,EXPLORATORY_SENSITIVITY_NOT_CONFIRMATORY
1.0,TASK3_CAPACITY_RESPONSE_SURFACE_EXPLORATORY_V1,IMMIGRATION,29,,21,20,CAPACITY_RESPONSE_S29_I21,CAPACITY_RESPONSE_S29_I20,security_wait_p95_seconds,LOWER_CAPACITY_MINUS_HIGHER_CAPACITY,50,0,0,0,0.95,0,0,PASS,EXPLORATORY_SENSITIVITY_NOT_CONFIRMATORY
1.0,TASK3_CAPACITY_RESPONSE_SURFACE_EXPLORATORY_V1,IMMIGRATION,29,,21,20,CAPACITY_RESPONSE_S29_I21,CAPACITY_RESPONSE_S29_I20,immigration_wait_p95_seconds,LOWER_CAPACITY_MINUS_HIGHER_CAPACITY,50,0.42782744844,0.4523348841,0.0639698127828,0.95,0.299275296748,0.556379600132,PASS,EXPLORATORY_SENSITIVITY_NOT_CONFIRMATORY
1.0,TASK3_CAPACITY_RESPONSE_SURFACE_EXPLORATORY_V1,IMMIGRATION,29,,20,19,CAPACITY_RESPONSE_S29_I20,CAPACITY_RESPONSE_S29_I19,total_queue_wait_p95_seconds,LOWER_CAPACITY_MINUS_HIGHER_CAPACITY,50,0.07816330104,0.0931354194464,0.0131713373318,0.95,0.051694507698,0.104632094382,PASS,EXPLORATORY_SENSITIVITY_NOT_CONFIRMATORY
1.0,TASK3_CAPACITY_RESPONSE_SURFACE_EXPLORATORY_V1,IMMIGRATION,29,,20,19,CAPACITY_RESPONSE_S29_I20,CAPACITY_RESPONSE_S29_I19,total_queue_wait_mean_seconds,LOWER_CAPACITY_MINUS_HIGHER_CAPACITY,50,0.13179290776,0.0768687475839,0.0108708825356,0.95,0.109947051411,0.153638764109,PASS,EXPLORATORY_SENSITIVITY_NOT_CONFIRMATORY
1.0,TASK3_CAPACITY_RESPONSE_SURFACE_EXPLORATORY_V1,IMMIGRATION,29,,20,19,CAPACITY_RESPONSE_S29_I20,CAPACITY_RESPONSE_S29_I19,peak_total_waiting_queue,LOWER_CAPACITY_MINUS_HIGHER_CAPACITY,50,0.08,0.274047515618,0.0387561713321,0.95,0.00211655780498,0.157883442195,PASS,EXPLORATORY_SENSITIVITY_NOT_CONFIRMATORY
1.0,TASK3_CAPACITY_RESPONSE_SURFACE_EXPLORATORY_V1,IMMIGRATION,29,,20,19,CAPACITY_RESPONSE_S29_I20,CAPACITY_RESPONSE_S29_I19,time_weighted_mean_total_waiting_queue,LOWER_CAPACITY_MINUS_HIGHER_CAPACITY,50,0.161039036533,0.0960373277431,0.0135817291388,0.95,0.133745529978,0.188332543088,PASS,EXPLORATORY_SENSITIVITY_NOT_CONFIRMATORY
1.0,TASK3_CAPACITY_RESPONSE_SURFACE_EXPLORATORY_V1,IMMIGRATION,29,,20,19,CAPACITY_RESPONSE_S29_I20,CAPACITY_RESPONSE_S29_I19,cutoff_backlog,LOWER_CAPACITY_MINUS_HIGHER_CAPACITY,50,0.12,0.328260722659,0.0464230765979,0.95,0.0267093348375,0.213290665163,PASS,EXPLORATORY_SENSITIVITY_NOT_CONFIRMATORY
1.0,TASK3_CAPACITY_RESPONSE_SURFACE_EXPLORATORY_V1,IMMIGRATION,29,,20,19,CAPACITY_RESPONSE_S29_I20,CAPACITY_RESPONSE_S29_I19,cohort_clear_time_after_cutoff_seconds,LOWER_CAPACITY_MINUS_HIGHER_CAPACITY,50,0.05379135074,0.205569736362,0.0290719509177,0.95,-0.00463092191925,0.112213623399,PASS,EXPLORATORY_SENSITIVITY_NOT_CONFIRMATORY
1.0,TASK3_CAPACITY_RESPONSE_SURFACE_EXPLORATORY_V1,IMMIGRATION,29,,20,19,CAPACITY_RESPONSE_S29_I20,CAPACITY_RESPONSE_S29_I19,security_wait_p95_seconds,LOWER_CAPACITY_MINUS_HIGHER_CAPACITY,50,0,0,0,0.95,0,0,PASS,EXPLORATORY_SENSITIVITY_NOT_CONFIRMATORY
1.0,TASK3_CAPACITY_RESPONSE_SURFACE_EXPLORATORY_V1,IMMIGRATION,29,,20,19,CAPACITY_RESPONSE_S29_I20,CAPACITY_RESPONSE_S29_I19,immigration_wait_p95_seconds,LOWER_CAPACITY_MINUS_HIGHER_CAPACITY,50,0.73221890386,0.328388832503,0.0464411940658,0.95,0.638891830283,0.825545977437,PASS,EXPLORATORY_SENSITIVITY_NOT_CONFIRMATORY
1.0,TASK3_CAPACITY_RESPONSE_SURFACE_EXPLORATORY_V1,IMMIGRATION,29,,19,18,CAPACITY_RESPONSE_S29_I19,CAPACITY_RESPONSE_S29_I18,total_queue_wait_p95_seconds,LOWER_CAPACITY_MINUS_HIGHER_CAPACITY,50,0.2937372989,0.234263779456,0.0331299014079,0.95,0.227160269422,0.360314328378,PASS,EXPLORATORY_SENSITIVITY_NOT_CONFIRMATORY
1.0,TASK3_CAPACITY_RESPONSE_SURFACE_EXPLORATORY_V1,IMMIGRATION,29,,19,18,CAPACITY_RESPONSE_S29_I19,CAPACITY_RESPONSE_S29_I18,total_queue_wait_mean_seconds,LOWER_CAPACITY_MINUS_HIGHER_CAPACITY,50,0.31007284528,0.14004669477,0.019805593511,0.95,0.270272015004,0.349873675556,PASS,EXPLORATORY_SENSITIVITY_NOT_CONFIRMATORY
1.0,TASK3_CAPACITY_RESPONSE_SURFACE_EXPLORATORY_V1,IMMIGRATION,29,,19,18,CAPACITY_RESPONSE_S29_I19,CAPACITY_RESPONSE_S29_I18,peak_total_waiting_queue,LOWER_CAPACITY_MINUS_HIGHER_CAPACITY,50,0.24,0.431419110587,0.0610118757259,0.95,0.11739204537,0.36260795463,PASS,EXPLORATORY_SENSITIVITY_NOT_CONFIRMATORY
1.0,TASK3_CAPACITY_RESPONSE_SURFACE_EXPLORATORY_V1,IMMIGRATION,29,,19,18,CAPACITY_RESPONSE_S29_I19,CAPACITY_RESPONSE_S29_I18,time_weighted_mean_total_waiting_queue,LOWER_CAPACITY_MINUS_HIGHER_CAPACITY,50,0.374121829494,0.17551794004,0.0248219851245,0.95,0.324240182852,0.424003476137,PASS,EXPLORATORY_SENSITIVITY_NOT_CONFIRMATORY
1.0,TASK3_CAPACITY_RESPONSE_SURFACE_EXPLORATORY_V1,IMMIGRATION,29,,19,18,CAPACITY_RESPONSE_S29_I19,CAPACITY_RESPONSE_S29_I18,cutoff_backlog,LOWER_CAPACITY_MINUS_HIGHER_CAPACITY,50,0.38,0.63535302737,0.0898524868201,0.95,0.199434667492,0.560565332508,PASS,EXPLORATORY_SENSITIVITY_NOT_CONFIRMATORY
1.0,TASK3_CAPACITY_RESPONSE_SURFACE_EXPLORATORY_V1,IMMIGRATION,29,,19,18,CAPACITY_RESPONSE_S29_I19,CAPACITY_RESPONSE_S29_I18,cohort_clear_time_after_cutoff_seconds,LOWER_CAPACITY_MINUS_HIGHER_CAPACITY,50,0.28578359138,0.392637082383,0.0555272686997,0.95,0.174197367216,0.397369815544,PASS,EXPLORATORY_SENSITIVITY_NOT_CONFIRMATORY
1.0,TASK3_CAPACITY_RESPONSE_SURFACE_EXPLORATORY_V1,IMMIGRATION,29,,19,18,CAPACITY_RESPONSE_S29_I19,CAPACITY_RESPONSE_S29_I18,security_wait_p95_seconds,LOWER_CAPACITY_MINUS_HIGHER_CAPACITY,50,0,0,0,0.95,0,0,PASS,EXPLORATORY_SENSITIVITY_NOT_CONFIRMATORY
1.0,TASK3_CAPACITY_RESPONSE_SURFACE_EXPLORATORY_V1,IMMIGRATION,29,,19,18,CAPACITY_RESPONSE_S29_I19,CAPACITY_RESPONSE_S29_I18,immigration_wait_p95_seconds,LOWER_CAPACITY_MINUS_HIGHER_CAPACITY,50,0.84874187018,0.479700348771,0.0678398739107,0.95,0.712412539479,0.985071200881,PASS,EXPLORATORY_SENSITIVITY_NOT_CONFIRMATORY
1.0,TASK3_CAPACITY_RESPONSE_SURFACE_EXPLORATORY_V1,IMMIGRATION,29,,18,17,CAPACITY_RESPONSE_S29_I18,CAPACITY_RESPONSE_S29_I17,total_queue_wait_p95_seconds,LOWER_CAPACITY_MINUS_HIGHER_CAPACITY,50,3.50738248774,1.33488493796,0.188781238347,0.95,3.12801238592,3.88675258956,PASS,EXPLORATORY_SENSITIVITY_NOT_CONFIRMATORY
1.0,TASK3_CAPACITY_RESPONSE_SURFACE_EXPLORATORY_V1,IMMIGRATION,29,,18,17,CAPACITY_RESPONSE_S29_I18,CAPACITY_RESPONSE_S29_I17,total_queue_wait_mean_seconds,LOWER_CAPACITY_MINUS_HIGHER_CAPACITY,50,2.11030535366,0.798779125719,0.112964427293,0.95,1.88329483789,2.33731586943,PASS,EXPLORATORY_SENSITIVITY_NOT_CONFIRMATORY
1.0,TASK3_CAPACITY_RESPONSE_SURFACE_EXPLORATORY_V1,IMMIGRATION,29,,18,17,CAPACITY_RESPONSE_S29_I18,CAPACITY_RESPONSE_S29_I17,peak_total_waiting_queue,LOWER_CAPACITY_MINUS_HIGHER_CAPACITY,50,3.62,1.87235527764,0.264791022722,0.95,3.08788251772,4.15211748228,PASS,EXPLORATORY_SENSITIVITY_NOT_CONFIRMATORY
1.0,TASK3_CAPACITY_RESPONSE_SURFACE_EXPLORATORY_V1,IMMIGRATION,29,,18,17,CAPACITY_RESPONSE_S29_I18,CAPACITY_RESPONSE_S29_I17,time_weighted_mean_total_waiting_queue,LOWER_CAPACITY_MINUS_HIGHER_CAPACITY,50,2.23969170785,0.866277351554,0.122510117934,0.95,1.99349840855,2.48588500715,PASS,EXPLORATORY_SENSITIVITY_NOT_CONFIRMATORY
1.0,TASK3_CAPACITY_RESPONSE_SURFACE_EXPLORATORY_V1,IMMIGRATION,29,,18,17,CAPACITY_RESPONSE_S29_I18,CAPACITY_RESPONSE_S29_I17,cutoff_backlog,LOWER_CAPACITY_MINUS_HIGHER_CAPACITY,50,4.8,2.09956263667,0.296922995583,0.95,4.20331090074,5.39668909926,PASS,EXPLORATORY_SENSITIVITY_NOT_CONFIRMATORY
1.0,TASK3_CAPACITY_RESPONSE_SURFACE_EXPLORATORY_V1,IMMIGRATION,29,,18,17,CAPACITY_RESPONSE_S29_I18,CAPACITY_RESPONSE_S29_I17,cohort_clear_time_after_cutoff_seconds,LOWER_CAPACITY_MINUS_HIGHER_CAPACITY,50,3.99778510392,2.02562096155,0.286466063605,0.95,3.42210999622,4.57346021162,PASS,EXPLORATORY_SENSITIVITY_NOT_CONFIRMATORY
1.0,TASK3_CAPACITY_RESPONSE_SURFACE_EXPLORATORY_V1,IMMIGRATION,29,,18,17,CAPACITY_RESPONSE_S29_I18,CAPACITY_RESPONSE_S29_I17,security_wait_p95_seconds,LOWER_CAPACITY_MINUS_HIGHER_CAPACITY,50,0,0,0,0.95,0,0,PASS,EXPLORATORY_SENSITIVITY_NOT_CONFIRMATORY
1.0,TASK3_CAPACITY_RESPONSE_SURFACE_EXPLORATORY_V1,IMMIGRATION,29,,18,17,CAPACITY_RESPONSE_S29_I18,CAPACITY_RESPONSE_S29_I17,immigration_wait_p95_seconds,LOWER_CAPACITY_MINUS_HIGHER_CAPACITY,50,3.17726077816,1.20936804248,0.171030468758,0.95,2.83356218335,3.52095937297,PASS,EXPLORATORY_SENSITIVITY_NOT_CONFIRMATORY
1.0,TASK3_CAPACITY_RESPONSE_SURFACE_EXPLORATORY_V1,IMMIGRATION,29,,17,16,CAPACITY_RESPONSE_S29_I17,CAPACITY_RESPONSE_S29_I16,total_queue_wait_p95_seconds,LOWER_CAPACITY_MINUS_HIGHER_CAPACITY,50,14.3403963267,4.06978765369,0.575554889582,0.95,13.1837754729,15.4970171804,PASS,EXPLORATORY_SENSITIVITY_NOT_CONFIRMATORY
1.0,TASK3_CAPACITY_RESPONSE_SURFACE_EXPLORATORY_V1,IMMIGRATION,29,,17,16,CAPACITY_RESPONSE_S29_I17,CAPACITY_RESPONSE_S29_I16,total_queue_wait_mean_seconds,LOWER_CAPACITY_MINUS_HIGHER_CAPACITY,50,7.5245126088,2.13662525278,0.30216444102,0.95,6.91729043059,8.13173478701,PASS,EXPLORATORY_SENSITIVITY_NOT_CONFIRMATORY
1.0,TASK3_CAPACITY_RESPONSE_SURFACE_EXPLORATORY_V1,IMMIGRATION,29,,17,16,CAPACITY_RESPONSE_S29_I17,CAPACITY_RESPONSE_S29_I16,peak_total_waiting_queue,LOWER_CAPACITY_MINUS_HIGHER_CAPACITY,50,15.3,4.6434065609,0.656676853403,0.95,13.9803584566,16.6196415434,PASS,EXPLORATORY_SENSITIVITY_NOT_CONFIRMATORY
1.0,TASK3_CAPACITY_RESPONSE_SURFACE_EXPLORATORY_V1,IMMIGRATION,29,,17,16,CAPACITY_RESPONSE_S29_I17,CAPACITY_RESPONSE_S29_I16,time_weighted_mean_total_waiting_queue,LOWER_CAPACITY_MINUS_HIGHER_CAPACITY,50,7.19714128837,2.08799098054,0.29528651628,0.95,6.60374081739,7.79054175934,PASS,EXPLORATORY_SENSITIVITY_NOT_CONFIRMATORY
1.0,TASK3_CAPACITY_RESPONSE_SURFACE_EXPLORATORY_V1,IMMIGRATION,29,,17,16,CAPACITY_RESPONSE_S29_I17,CAPACITY_RESPONSE_S29_I16,cutoff_backlog,LOWER_CAPACITY_MINUS_HIGHER_CAPACITY,50,15.8,4.46757022032,0.631809839643,0.95,14.5303305917,17.0696694083,PASS,EXPLORATORY_SENSITIVITY_NOT_CONFIRMATORY
1.0,TASK3_CAPACITY_RESPONSE_SURFACE_EXPLORATORY_V1,IMMIGRATION,29,,17,16,CAPACITY_RESPONSE_S29_I17,CAPACITY_RESPONSE_S29_I16,cohort_clear_time_after_cutoff_seconds,LOWER_CAPACITY_MINUS_HIGHER_CAPACITY,50,16.3030048042,4.29874726407,0.607934668206,0.95,15.0813143492,17.5246952592,PASS,EXPLORATORY_SENSITIVITY_NOT_CONFIRMATORY
1.0,TASK3_CAPACITY_RESPONSE_SURFACE_EXPLORATORY_V1,IMMIGRATION,29,,17,16,CAPACITY_RESPONSE_S29_I17,CAPACITY_RESPONSE_S29_I16,security_wait_p95_seconds,LOWER_CAPACITY_MINUS_HIGHER_CAPACITY,50,0,0,0,0.95,0,0,PASS,EXPLORATORY_SENSITIVITY_NOT_CONFIRMATORY
1.0,TASK3_CAPACITY_RESPONSE_SURFACE_EXPLORATORY_V1,IMMIGRATION,29,,17,16,CAPACITY_RESPONSE_S29_I17,CAPACITY_RESPONSE_S29_I16,immigration_wait_p95_seconds,LOWER_CAPACITY_MINUS_HIGHER_CAPACITY,50,14.6927265418,3.80035728791,0.537451681842,0.95,13.6126769508,15.7727761328,PASS,EXPLORATORY_SENSITIVITY_NOT_CONFIRMATORY
1.0,TASK3_CAPACITY_RESPONSE_SURFACE_EXPLORATORY_V1,IMMIGRATION,28,,21,20,CAPACITY_RESPONSE_S28_I21,CAPACITY_RESPONSE_S28_I20,total_queue_wait_p95_seconds,LOWER_CAPACITY_MINUS_HIGHER_CAPACITY,50,0.04515732584,0.0935204965289,0.0132257954551,0.95,0.0185790948021,0.0717355568779,PASS,EXPLORATORY_SENSITIVITY_NOT_CONFIRMATORY
1.0,TASK3_CAPACITY_RESPONSE_SURFACE_EXPLORATORY_V1,IMMIGRATION,28,,21,20,CAPACITY_RESPONSE_S28_I21,CAPACITY_RESPONSE_S28_I20,total_queue_wait_mean_seconds,LOWER_CAPACITY_MINUS_HIGHER_CAPACITY,50,0.05873244898,0.0628231663918,0.00888453739425,0.95,0.0408783026392,0.0765865953208,PASS,EXPLORATORY_SENSITIVITY_NOT_CONFIRMATORY
1.0,TASK3_CAPACITY_RESPONSE_SURFACE_EXPLORATORY_V1,IMMIGRATION,28,,21,20,CAPACITY_RESPONSE_S28_I21,CAPACITY_RESPONSE_S28_I20,peak_total_waiting_queue,LOWER_CAPACITY_MINUS_HIGHER_CAPACITY,50,0.02,0.141421356237,0.02,0.95,-0.0201915047426,0.0601915047426,PASS,EXPLORATORY_SENSITIVITY_NOT_CONFIRMATORY
1.0,TASK3_CAPACITY_RESPONSE_SURFACE_EXPLORATORY_V1,IMMIGRATION,28,,21,20,CAPACITY_RESPONSE_S28_I21,CAPACITY_RESPONSE_S28_I20,time_weighted_mean_total_waiting_queue,LOWER_CAPACITY_MINUS_HIGHER_CAPACITY,50,0.0706654820051,0.0764245315273,0.0108080608984,0.95,0.0489458704624,0.0923850935479,PASS,EXPLORATORY_SENSITIVITY_NOT_CONFIRMATORY
1.0,TASK3_CAPACITY_RESPONSE_SURFACE_EXPLORATORY_V1,IMMIGRATION,28,,21,20,CAPACITY_RESPONSE_S28_I21,CAPACITY_RESPONSE_S28_I20,cutoff_backlog,LOWER_CAPACITY_MINUS_HIGHER_CAPACITY,50,0,0,0,0.95,0,0,PASS,EXPLORATORY_SENSITIVITY_NOT_CONFIRMATORY
1.0,TASK3_CAPACITY_RESPONSE_SURFACE_EXPLORATORY_V1,IMMIGRATION,28,,21,20,CAPACITY_RESPONSE_S28_I21,CAPACITY_RESPONSE_S28_I20,cohort_clear_time_after_cutoff_seconds,LOWER_CAPACITY_MINUS_HIGHER_CAPACITY,50,0.02445391472,0.0853478034803,0.0120700021201,0.95,0.000198337347421,0.0487094920926,PASS,EXPLORATORY_SENSITIVITY_NOT_CONFIRMATORY
1.0,TASK3_CAPACITY_RESPONSE_SURFACE_EXPLORATORY_V1,IMMIGRATION,28,,21,20,CAPACITY_RESPONSE_S28_I21,CAPACITY_RESPONSE_S28_I20,security_wait_p95_seconds,LOWER_CAPACITY_MINUS_HIGHER_CAPACITY,50,0,0,0,0.95,0,0,PASS,EXPLORATORY_SENSITIVITY_NOT_CONFIRMATORY
1.0,TASK3_CAPACITY_RESPONSE_SURFACE_EXPLORATORY_V1,IMMIGRATION,28,,21,20,CAPACITY_RESPONSE_S28_I21,CAPACITY_RESPONSE_S28_I20,immigration_wait_p95_seconds,LOWER_CAPACITY_MINUS_HIGHER_CAPACITY,50,0.38262579154,0.416593632562,0.0589152365168,0.95,0.264231191146,0.501020391934,PASS,EXPLORATORY_SENSITIVITY_NOT_CONFIRMATORY
1.0,TASK3_CAPACITY_RESPONSE_SURFACE_EXPLORATORY_V1,IMMIGRATION,28,,20,19,CAPACITY_RESPONSE_S28_I20,CAPACITY_RESPONSE_S28_I19,total_queue_wait_p95_seconds,LOWER_CAPACITY_MINUS_HIGHER_CAPACITY,50,0.06684401026,0.0911135909826,0.0128854076084,0.95,0.0409498142098,0.0927382063102,PASS,EXPLORATORY_SENSITIVITY_NOT_CONFIRMATORY
1.0,TASK3_CAPACITY_RESPONSE_SURFACE_EXPLORATORY_V1,IMMIGRATION,28,,20,19,CAPACITY_RESPONSE_S28_I20,CAPACITY_RESPONSE_S28_I19,total_queue_wait_mean_seconds,LOWER_CAPACITY_MINUS_HIGHER_CAPACITY,50,0.111581259,0.0796392623315,0.0112626924887,0.95,0.0889480310714,0.134214486929,PASS,EXPLORATORY_SENSITIVITY_NOT_CONFIRMATORY
1.0,TASK3_CAPACITY_RESPONSE_SURFACE_EXPLORATORY_V1,IMMIGRATION,28,,20,19,CAPACITY_RESPONSE_S28_I20,CAPACITY_RESPONSE_S28_I19,peak_total_waiting_queue,LOWER_CAPACITY_MINUS_HIGHER_CAPACITY,50,0.06,0.239897937482,0.0339266916773,0.95,-0.00817823947232,0.128178239472,PASS,EXPLORATORY_SENSITIVITY_NOT_CONFIRMATORY
1.0,TASK3_CAPACITY_RESPONSE_SURFACE_EXPLORATORY_V1,IMMIGRATION,28,,20,19,CAPACITY_RESPONSE_S28_I20,CAPACITY_RESPONSE_S28_I19,time_weighted_mean_total_waiting_queue,LOWER_CAPACITY_MINUS_HIGHER_CAPACITY,50,0.132575342407,0.0969520072322,0.0137110843527,0.95,0.105021886818,0.160128797996,PASS,EXPLORATORY_SENSITIVITY_NOT_CONFIRMATORY
1.0,TASK3_CAPACITY_RESPONSE_SURFACE_EXPLORATORY_V1,IMMIGRATION,28,,20,19,CAPACITY_RESPONSE_S28_I20,CAPACITY_RESPONSE_S28_I19,cutoff_backlog,LOWER_CAPACITY_MINUS_HIGHER_CAPACITY,50,0.02,0.141421356237,0.02,0.95,-0.0201915047426,0.0601915047426,PASS,EXPLORATORY_SENSITIVITY_NOT_CONFIRMATORY
1.0,TASK3_CAPACITY_RESPONSE_SURFACE_EXPLORATORY_V1,IMMIGRATION,28,,20,19,CAPACITY_RESPONSE_S28_I20,CAPACITY_RESPONSE_S28_I19,cohort_clear_time_after_cutoff_seconds,LOWER_CAPACITY_MINUS_HIGHER_CAPACITY,50,0.11403463264,0.3183716798,0.0450245547448,0.95,0.023554402362,0.204514862918,PASS,EXPLORATORY_SENSITIVITY_NOT_CONFIRMATORY
1.0,TASK3_CAPACITY_RESPONSE_SURFACE_EXPLORATORY_V1,IMMIGRATION,28,,20,19,CAPACITY_RESPONSE_S28_I20,CAPACITY_RESPONSE_S28_I19,security_wait_p95_seconds,LOWER_CAPACITY_MINUS_HIGHER_CAPACITY,50,0,0,0,0.95,0,0,PASS,EXPLORATORY_SENSITIVITY_NOT_CONFIRMATORY
1.0,TASK3_CAPACITY_RESPONSE_SURFACE_EXPLORATORY_V1,IMMIGRATION,28,,20,19,CAPACITY_RESPONSE_S28_I20,CAPACITY_RESPONSE_S28_I19,immigration_wait_p95_seconds,LOWER_CAPACITY_MINUS_HIGHER_CAPACITY,50,0.63929103102,0.480080811809,0.0678936795095,0.95,0.50285357392,0.77572848812,PASS,EXPLORATORY_SENSITIVITY_NOT_CONFIRMATORY
1.0,TASK3_CAPACITY_RESPONSE_SURFACE_EXPLORATORY_V1,IMMIGRATION,28,,19,18,CAPACITY_RESPONSE_S28_I19,CAPACITY_RESPONSE_S28_I18,total_queue_wait_p95_seconds,LOWER_CAPACITY_MINUS_HIGHER_CAPACITY,50,0.19565972492,0.191348272961,0.0270607322758,0.95,0.14127914744,0.2500403024,PASS,EXPLORATORY_SENSITIVITY_NOT_CONFIRMATORY
1.0,TASK3_CAPACITY_RESPONSE_SURFACE_EXPLORATORY_V1,IMMIGRATION,28,,19,18,CAPACITY_RESPONSE_S28_I19,CAPACITY_RESPONSE_S28_I18,total_queue_wait_mean_seconds,LOWER_CAPACITY_MINUS_HIGHER_CAPACITY,50,0.21965805444,0.113472326601,0.0160474103233,0.95,0.187409576034,0.251906532846,PASS,EXPLORATORY_SENSITIVITY_NOT_CONFIRMATORY
1.0,TASK3_CAPACITY_RESPONSE_SURFACE_EXPLORATORY_V1,IMMIGRATION,28,,19,18,CAPACITY_RESPONSE_S28_I19,CAPACITY_RESPONSE_S28_I18,peak_total_waiting_queue,LOWER_CAPACITY_MINUS_HIGHER_CAPACITY,50,0.12,0.328260722659,0.0464230765979,0.95,0.0267093348375,0.213290665163,PASS,EXPLORATORY_SENSITIVITY_NOT_CONFIRMATORY
1.0,TASK3_CAPACITY_RESPONSE_SURFACE_EXPLORATORY_V1,IMMIGRATION,28,,19,18,CAPACITY_RESPONSE_S28_I19,CAPACITY_RESPONSE_S28_I18,time_weighted_mean_total_waiting_queue,LOWER_CAPACITY_MINUS_HIGHER_CAPACITY,50,0.258447955421,0.136212288475,0.0192633265723,0.95,0.219736851356,0.297159059485,PASS,EXPLORATORY_SENSITIVITY_NOT_CONFIRMATORY
1.0,TASK3_CAPACITY_RESPONSE_SURFACE_EXPLORATORY_V1,IMMIGRATION,28,,19,18,CAPACITY_RESPONSE_S28_I19,CAPACITY_RESPONSE_S28_I18,cutoff_backlog,LOWER_CAPACITY_MINUS_HIGHER_CAPACITY,50,0.18,0.43752550946,0.0618754509363,0.95,0.0556566260122,0.304343373988,PASS,EXPLORATORY_SENSITIVITY_NOT_CONFIRMATORY
1.0,TASK3_CAPACITY_RESPONSE_SURFACE_EXPLORATORY_V1,IMMIGRATION,28,,19,18,CAPACITY_RESPONSE_S28_I19,CAPACITY_RESPONSE_S28_I18,cohort_clear_time_after_cutoff_seconds,LOWER_CAPACITY_MINUS_HIGHER_CAPACITY,50,0.35347291786,0.731641701686,0.103469761732,0.95,0.145542646891,0.561403188829,PASS,EXPLORATORY_SENSITIVITY_NOT_CONFIRMATORY
1.0,TASK3_CAPACITY_RESPONSE_SURFACE_EXPLORATORY_V1,IMMIGRATION,28,,19,18,CAPACITY_RESPONSE_S28_I19,CAPACITY_RESPONSE_S28_I18,security_wait_p95_seconds,LOWER_CAPACITY_MINUS_HIGHER_CAPACITY,50,0,0,0,0.95,0,0,PASS,EXPLORATORY_SENSITIVITY_NOT_CONFIRMATORY
1.0,TASK3_CAPACITY_RESPONSE_SURFACE_EXPLORATORY_V1,IMMIGRATION,28,,19,18,CAPACITY_RESPONSE_S28_I19,CAPACITY_RESPONSE_S28_I18,immigration_wait_p95_seconds,LOWER_CAPACITY_MINUS_HIGHER_CAPACITY,50,0.84331632084,0.472051945363,0.0667582263277,0.95,0.709160642337,0.977471999343,PASS,EXPLORATORY_SENSITIVITY_NOT_CONFIRMATORY
1.0,TASK3_CAPACITY_RESPONSE_SURFACE_EXPLORATORY_V1,IMMIGRATION,28,,18,17,CAPACITY_RESPONSE_S28_I18,CAPACITY_RESPONSE_S28_I17,total_queue_wait_p95_seconds,LOWER_CAPACITY_MINUS_HIGHER_CAPACITY,50,0.63607908742,0.432294827947,0.0611357208626,0.95,0.51322225667,0.75893591817,PASS,EXPLORATORY_SENSITIVITY_NOT_CONFIRMATORY
1.0,TASK3_CAPACITY_RESPONSE_SURFACE_EXPLORATORY_V1,IMMIGRATION,28,,18,17,CAPACITY_RESPONSE_S28_I18,CAPACITY_RESPONSE_S28_I17,total_queue_wait_mean_seconds,LOWER_CAPACITY_MINUS_HIGHER_CAPACITY,50,0.5870609036,0.230385458616,0.0325814240149,0.95,0.521586080709,0.652535726491,PASS,EXPLORATORY_SENSITIVITY_NOT_CONFIRMATORY
1.0,TASK3_CAPACITY_RESPONSE_SURFACE_EXPLORATORY_V1,IMMIGRATION,28,,18,17,CAPACITY_RESPONSE_S28_I18,CAPACITY_RESPONSE_S28_I17,peak_total_waiting_queue,LOWER_CAPACITY_MINUS_HIGHER_CAPACITY,50,0.5,0.646813224153,0.0914732033919,0.95,0.316177715603,0.683822284397,PASS,EXPLORATORY_SENSITIVITY_NOT_CONFIRMATORY
1.0,TASK3_CAPACITY_RESPONSE_SURFACE_EXPLORATORY_V1,IMMIGRATION,28,,18,17,CAPACITY_RESPONSE_S28_I18,CAPACITY_RESPONSE_S28_I17,time_weighted_mean_total_waiting_queue,LOWER_CAPACITY_MINUS_HIGHER_CAPACITY,50,0.680681560184,0.276957113513,0.0391676506126,0.95,0.601971219416,0.759391900951,PASS,EXPLORATORY_SENSITIVITY_NOT_CONFIRMATORY
1.0,TASK3_CAPACITY_RESPONSE_SURFACE_EXPLORATORY_V1,IMMIGRATION,28,,18,17,CAPACITY_RESPONSE_S28_I18,CAPACITY_RESPONSE_S28_I17,cutoff_backlog,LOWER_CAPACITY_MINUS_HIGHER_CAPACITY,50,0.8,0.925820099773,0.130930734142,0.95,0.53688483889,1.06311516111,PASS,EXPLORATORY_SENSITIVITY_NOT_CONFIRMATORY
1.0,TASK3_CAPACITY_RESPONSE_SURFACE_EXPLORATORY_V1,IMMIGRATION,28,,18,17,CAPACITY_RESPONSE_S28_I18,CAPACITY_RESPONSE_S28_I17,cohort_clear_time_after_cutoff_seconds,LOWER_CAPACITY_MINUS_HIGHER_CAPACITY,50,0.57085111698,0.691070773609,0.0977321660598,0.95,0.374450976195,0.767251257765,PASS,EXPLORATORY_SENSITIVITY_NOT_CONFIRMATORY
1.0,TASK3_CAPACITY_RESPONSE_SURFACE_EXPLORATORY_V1,IMMIGRATION,28,,18,17,CAPACITY_RESPONSE_S28_I18,CAPACITY_RESPONSE_S28_I17,security_wait_p95_seconds,LOWER_CAPACITY_MINUS_HIGHER_CAPACITY,50,0,0,0,0.95,0,0,PASS,EXPLORATORY_SENSITIVITY_NOT_CONFIRMATORY
1.0,TASK3_CAPACITY_RESPONSE_SURFACE_EXPLORATORY_V1,IMMIGRATION,28,,18,17,CAPACITY_RESPONSE_S28_I18,CAPACITY_RESPONSE_S28_I17,immigration_wait_p95_seconds,LOWER_CAPACITY_MINUS_HIGHER_CAPACITY,50,0.95638666442,0.49330787307,0.0697642684522,0.95,0.816190118102,1.09658321074,PASS,EXPLORATORY_SENSITIVITY_NOT_CONFIRMATORY
1.0,TASK3_CAPACITY_RESPONSE_SURFACE_EXPLORATORY_V1,IMMIGRATION,28,,17,16,CAPACITY_RESPONSE_S28_I17,CAPACITY_RESPONSE_S28_I16,total_queue_wait_p95_seconds,LOWER_CAPACITY_MINUS_HIGHER_CAPACITY,50,10.5421898937,2.78551925168,0.393931910398,0.95,9.75055408149,11.333825706,PASS,EXPLORATORY_SENSITIVITY_NOT_CONFIRMATORY
1.0,TASK3_CAPACITY_RESPONSE_SURFACE_EXPLORATORY_V1,IMMIGRATION,28,,17,16,CAPACITY_RESPONSE_S28_I17,CAPACITY_RESPONSE_S28_I16,total_queue_wait_mean_seconds,LOWER_CAPACITY_MINUS_HIGHER_CAPACITY,50,5.57359029552,1.44493937842,0.204345286577,0.95,5.16294306779,5.98423752325,PASS,EXPLORATORY_SENSITIVITY_NOT_CONFIRMATORY
1.0,TASK3_CAPACITY_RESPONSE_SURFACE_EXPLORATORY_V1,IMMIGRATION,28,,17,16,CAPACITY_RESPONSE_S28_I17,CAPACITY_RESPONSE_S28_I16,peak_total_waiting_queue,LOWER_CAPACITY_MINUS_HIGHER_CAPACITY,50,11.22,3.20261372848,0.452917976987,0.95,10.309827249,12.130172751,PASS,EXPLORATORY_SENSITIVITY_NOT_CONFIRMATORY
1.0,TASK3_CAPACITY_RESPONSE_SURFACE_EXPLORATORY_V1,IMMIGRATION,28,,17,16,CAPACITY_RESPONSE_S28_I17,CAPACITY_RESPONSE_S28_I16,time_weighted_mean_total_waiting_queue,LOWER_CAPACITY_MINUS_HIGHER_CAPACITY,50,5.28539350389,1.39537802116,0.197336252216,0.95,4.88883145805,5.68195554973,PASS,EXPLORATORY_SENSITIVITY_NOT_CONFIRMATORY
1.0,TASK3_CAPACITY_RESPONSE_SURFACE_EXPLORATORY_V1,IMMIGRATION,28,,17,16,CAPACITY_RESPONSE_S28_I17,CAPACITY_RESPONSE_S28_I16,cutoff_backlog,LOWER_CAPACITY_MINUS_HIGHER_CAPACITY,50,11.7,2.97780908367,0.421125799228,0.95,10.8537160222,12.5462839778,PASS,EXPLORATORY_SENSITIVITY_NOT_CONFIRMATORY
1.0,TASK3_CAPACITY_RESPONSE_SURFACE_EXPLORATORY_V1,IMMIGRATION,28,,17,16,CAPACITY_RESPONSE_S28_I17,CAPACITY_RESPONSE_S28_I16,cohort_clear_time_after_cutoff_seconds,LOWER_CAPACITY_MINUS_HIGHER_CAPACITY,50,11.6452480573,2.85316095343,0.403497891598,0.95,10.8343886861,12.4561074285,PASS,EXPLORATORY_SENSITIVITY_NOT_CONFIRMATORY
1.0,TASK3_CAPACITY_RESPONSE_SURFACE_EXPLORATORY_V1,IMMIGRATION,28,,17,16,CAPACITY_RESPONSE_S28_I17,CAPACITY_RESPONSE_S28_I16,security_wait_p95_seconds,LOWER_CAPACITY_MINUS_HIGHER_CAPACITY,50,0,0,0,0.95,0,0,PASS,EXPLORATORY_SENSITIVITY_NOT_CONFIRMATORY
1.0,TASK3_CAPACITY_RESPONSE_SURFACE_EXPLORATORY_V1,IMMIGRATION,28,,17,16,CAPACITY_RESPONSE_S28_I17,CAPACITY_RESPONSE_S28_I16,immigration_wait_p95_seconds,LOWER_CAPACITY_MINUS_HIGHER_CAPACITY,50,9.7006318823,2.33632476476,0.330406216842,0.95,9.03665573074,10.3646080339,PASS,EXPLORATORY_SENSITIVITY_NOT_CONFIRMATORY
