schema_version,study_id,security_capacity,immigration_capacity,scenario_id,metric,estimand,n_replications,mean,standard_deviation,standard_error,ci_level,ci_low,ci_high,analysis_role
1.0,TASK3_CAPACITY_RESPONSE_SURFACE_EXPLORATORY_V1,36,21,CAPACITY_RESPONSE_S36_I21,total_queue_wait_p95_seconds,MEAN_OF_REPLICATION_LEVEL_METRIC,50,3.92879239474,2.71633559336,0.384147863609,0.95,3.15681836064,4.70076642884,EXPLORATORY_SENSITIVITY_NOT_CONFIRMATORY
1.0,TASK3_CAPACITY_RESPONSE_SURFACE_EXPLORATORY_V1,36,21,CAPACITY_RESPONSE_S36_I21,total_queue_wait_mean_seconds,MEAN_OF_REPLICATION_LEVEL_METRIC,50,0.83125793158,0.982496499935,0.138945987519,0.95,0.552035515763,1.1104803474,EXPLORATORY_SENSITIVITY_NOT_CONFIRMATORY
1.0,TASK3_CAPACITY_RESPONSE_SURFACE_EXPLORATORY_V1,36,21,CAPACITY_RESPONSE_S36_I21,peak_total_waiting_queue,MEAN_OF_REPLICATION_LEVEL_METRIC,50,9.34,5.00860484057,0.70832368941,0.95,7.91657025389,10.7634297461,EXPLORATORY_SENSITIVITY_NOT_CONFIRMATORY
1.0,TASK3_CAPACITY_RESPONSE_SURFACE_EXPLORATORY_V1,36,21,CAPACITY_RESPONSE_S36_I21,time_weighted_mean_total_waiting_queue,MEAN_OF_REPLICATION_LEVEL_METRIC,50,1.10549531215,1.47459377567,0.208539051654,0.95,0.686420397974,1.52457022633,EXPLORATORY_SENSITIVITY_NOT_CONFIRMATORY
1.0,TASK3_CAPACITY_RESPONSE_SURFACE_EXPLORATORY_V1,36,21,CAPACITY_RESPONSE_S36_I21,cutoff_backlog,MEAN_OF_REPLICATION_LEVEL_METRIC,50,50.66,7.95551406772,1.12507958902,0.95,48.3990679181,52.9209320819,EXPLORATORY_SENSITIVITY_NOT_CONFIRMATORY
1.0,TASK3_CAPACITY_RESPONSE_SURFACE_EXPLORATORY_V1,36,21,CAPACITY_RESPONSE_S36_I21,cohort_clear_time_after_cutoff_seconds,MEAN_OF_REPLICATION_LEVEL_METRIC,50,35.3645926821,2.17902231585,0.308160291179,0.95,34.7453213919,35.9838639723,EXPLORATORY_SENSITIVITY_NOT_CONFIRMATORY
1.0,TASK3_CAPACITY_RESPONSE_SURFACE_EXPLORATORY_V1,36,21,CAPACITY_RESPONSE_S36_I21,security_wait_p95_seconds,MEAN_OF_REPLICATION_LEVEL_METRIC,50,2.31887701546,2.49509732502,0.352860047649,0.95,1.60977820153,3.02797582939,EXPLORATORY_SENSITIVITY_NOT_CONFIRMATORY
1.0,TASK3_CAPACITY_RESPONSE_SURFACE_EXPLORATORY_V1,36,21,CAPACITY_RESPONSE_S36_I21,immigration_wait_p95_seconds,MEAN_OF_REPLICATION_LEVEL_METRIC,50,2.33497460662,0.93257298203,0.131885735909,0.95,2.06994029761,2.60000891563,EXPLORATORY_SENSITIVITY_NOT_CONFIRMATORY
1.0,TASK3_CAPACITY_RESPONSE_SURFACE_EXPLORATORY_V1,36,20,CAPACITY_RESPONSE_S36_I20,total_queue_wait_p95_seconds,MEAN_OF_REPLICATION_LEVEL_METRIC,50,5.24133542322,3.43275754731,0.485465227974,0.95,4.2657565226,6.21691432384,EXPLORATORY_SENSITIVITY_NOT_CONFIRMATORY
1.0,TASK3_CAPACITY_RESPONSE_SURFACE_EXPLORATORY_V1,36,20,CAPACITY_RESPONSE_S36_I20,total_queue_wait_mean_seconds,MEAN_OF_REPLICATION_LEVEL_METRIC,50,1.36163552584,1.42978601069,0.202202276761,0.95,0.955294837569,1.76797621411,EXPLORATORY_SENSITIVITY_NOT_CONFIRMATORY
1.0,TASK3_CAPACITY_RESPONSE_SURFACE_EXPLORATORY_V1,36,20,CAPACITY_RESPONSE_S36_I20,peak_total_waiting_queue,MEAN_OF_REPLICATION_LEVEL_METRIC,50,10.44,5.38008421146,0.760858805856,0.95,8.9109969848,11.9690030152,EXPLORATORY_SENSITIVITY_NOT_CONFIRMATORY
1.0,TASK3_CAPACITY_RESPONSE_SURFACE_EXPLORATORY_V1,36,20,CAPACITY_RESPONSE_S36_I20,time_weighted_mean_total_waiting_queue,MEAN_OF_REPLICATION_LEVEL_METRIC,50,1.75541622145,2.0967548049,0.296525908206,0.95,1.15952509916,2.35130734375,EXPLORATORY_SENSITIVITY_NOT_CONFIRMATORY
1.0,TASK3_CAPACITY_RESPONSE_SURFACE_EXPLORATORY_V1,36,20,CAPACITY_RESPONSE_S36_I20,cutoff_backlog,MEAN_OF_REPLICATION_LEVEL_METRIC,50,51.46,8.43996808196,1.19359173275,0.95,49.0613876106,53.8586123894,EXPLORATORY_SENSITIVITY_NOT_CONFIRMATORY
1.0,TASK3_CAPACITY_RESPONSE_SURFACE_EXPLORATORY_V1,36,20,CAPACITY_RESPONSE_S36_I20,cohort_clear_time_after_cutoff_seconds,MEAN_OF_REPLICATION_LEVEL_METRIC,50,36.214084227,2.86642159657,0.405373229735,0.95,35.3994562227,37.0287122313,EXPLORATORY_SENSITIVITY_NOT_CONFIRMATORY
1.0,TASK3_CAPACITY_RESPONSE_SURFACE_EXPLORATORY_V1,36,20,CAPACITY_RESPONSE_S36_I20,security_wait_p95_seconds,MEAN_OF_REPLICATION_LEVEL_METRIC,50,2.31887701546,2.49509732502,0.352860047649,0.95,1.60977820153,3.02797582939,EXPLORATORY_SENSITIVITY_NOT_CONFIRMATORY
1.0,TASK3_CAPACITY_RESPONSE_SURFACE_EXPLORATORY_V1,36,20,CAPACITY_RESPONSE_S36_I20,immigration_wait_p95_seconds,MEAN_OF_REPLICATION_LEVEL_METRIC,50,3.75295133178,1.59887005545,0.226114371689,0.95,3.29855748968,4.20734517388,EXPLORATORY_SENSITIVITY_NOT_CONFIRMATORY
1.0,TASK3_CAPACITY_RESPONSE_SURFACE_EXPLORATORY_V1,36,19,CAPACITY_RESPONSE_S36_I19,total_queue_wait_p95_seconds,MEAN_OF_REPLICATION_LEVEL_METRIC,50,7.62724575214,4.5169943237,0.638799463373,0.95,6.34353016905,8.91096133523,EXPLORATORY_SENSITIVITY_NOT_CONFIRMATORY
1.0,TASK3_CAPACITY_RESPONSE_SURFACE_EXPLORATORY_V1,36,19,CAPACITY_RESPONSE_S36_I19,total_queue_wait_mean_seconds,MEAN_OF_REPLICATION_LEVEL_METRIC,50,2.51505353208,2.3339236977,0.330066654683,0.95,1.85175975623,3.17834730793,EXPLORATORY_SENSITIVITY_NOT_CONFIRMATORY
1.0,TASK3_CAPACITY_RESPONSE_SURFACE_EXPLORATORY_V1,36,19,CAPACITY_RESPONSE_S36_I19,peak_total_waiting_queue,MEAN_OF_REPLICATION_LEVEL_METRIC,50,13.38,6.3724214473,0.901196483593,0.95,11.5689778628,15.1910221372,EXPLORATORY_SENSITIVITY_NOT_CONFIRMATORY
1.0,TASK3_CAPACITY_RESPONSE_SURFACE_EXPLORATORY_V1,36,19,CAPACITY_RESPONSE_S36_I19,time_weighted_mean_total_waiting_queue,MEAN_OF_REPLICATION_LEVEL_METRIC,50,3.12065450751,3.17079541169,0.448418187473,0.95,2.21952442209,4.02178459294,EXPLORATORY_SENSITIVITY_NOT_CONFIRMATORY
1.0,TASK3_CAPACITY_RESPONSE_SURFACE_EXPLORATORY_V1,36,19,CAPACITY_RESPONSE_S36_I19,cutoff_backlog,MEAN_OF_REPLICATION_LEVEL_METRIC,50,53.52,9.78178231746,1.38335292175,0.95,50.7400482242,56.2999517758,EXPLORATORY_SENSITIVITY_NOT_CONFIRMATORY
1.0,TASK3_CAPACITY_RESPONSE_SURFACE_EXPLORATORY_V1,36,19,CAPACITY_RESPONSE_S36_I19,cohort_clear_time_after_cutoff_seconds,MEAN_OF_REPLICATION_LEVEL_METRIC,50,38.3067665606,4.67260079702,0.66080554187,0.95,36.9788281071,39.6347050141,EXPLORATORY_SENSITIVITY_NOT_CONFIRMATORY
1.0,TASK3_CAPACITY_RESPONSE_SURFACE_EXPLORATORY_V1,36,19,CAPACITY_RESPONSE_S36_I19,security_wait_p95_seconds,MEAN_OF_REPLICATION_LEVEL_METRIC,50,2.31887701546,2.49509732502,0.352860047649,0.95,1.60977820153,3.02797582939,EXPLORATORY_SENSITIVITY_NOT_CONFIRMATORY
1.0,TASK3_CAPACITY_RESPONSE_SURFACE_EXPLORATORY_V1,36,19,CAPACITY_RESPONSE_S36_I19,immigration_wait_p95_seconds,MEAN_OF_REPLICATION_LEVEL_METRIC,50,6.31358454242,3.28373050816,0.464389621982,0.95,5.3803586577,7.24681042714,EXPLORATORY_SENSITIVITY_NOT_CONFIRMATORY
1.0,TASK3_CAPACITY_RESPONSE_SURFACE_EXPLORATORY_V1,36,18,CAPACITY_RESPONSE_S36_I18,total_queue_wait_p95_seconds,MEAN_OF_REPLICATION_LEVEL_METRIC,50,12.2478467585,6.63015058961,0.93764488844,0.95,10.3635788095,14.1321147076,EXPLORATORY_SENSITIVITY_NOT_CONFIRMATORY
1.0,TASK3_CAPACITY_RESPONSE_SURFACE_EXPLORATORY_V1,36,18,CAPACITY_RESPONSE_S36_I18,total_queue_wait_mean_seconds,MEAN_OF_REPLICATION_LEVEL_METRIC,50,5.0478827729,3.9009453227,0.551676978144,0.95,3.93924637873,6.15651916707,EXPLORATORY_SENSITIVITY_NOT_CONFIRMATORY
1.0,TASK3_CAPACITY_RESPONSE_SURFACE_EXPLORATORY_V1,36,18,CAPACITY_RESPONSE_S36_I18,peak_total_waiting_queue,MEAN_OF_REPLICATION_LEVEL_METRIC,50,19.6,8.92828570971,1.26265027394,0.95,17.0626092763,22.1373907237,EXPLORATORY_SENSITIVITY_NOT_CONFIRMATORY
1.0,TASK3_CAPACITY_RESPONSE_SURFACE_EXPLORATORY_V1,36,18,CAPACITY_RESPONSE_S36_I18,time_weighted_mean_total_waiting_queue,MEAN_OF_REPLICATION_LEVEL_METRIC,50,6.00046955231,4.97470880961,0.703530066741,0.95,4.58667295162,7.41426615301,EXPLORATORY_SENSITIVITY_NOT_CONFIRMATORY
1.0,TASK3_CAPACITY_RESPONSE_SURFACE_EXPLORATORY_V1,36,18,CAPACITY_RESPONSE_S36_I18,cutoff_backlog,MEAN_OF_REPLICATION_LEVEL_METRIC,50,58.96,12.6474325861,1.78861706925,0.95,55.3656394289,62.5543605711,EXPLORATORY_SENSITIVITY_NOT_CONFIRMATORY
1.0,TASK3_CAPACITY_RESPONSE_SURFACE_EXPLORATORY_V1,36,18,CAPACITY_RESPONSE_S36_I18,cohort_clear_time_after_cutoff_seconds,MEAN_OF_REPLICATION_LEVEL_METRIC,50,43.5383236347,7.96943207749,1.12704789284,0.95,41.2734360982,45.8032111712,EXPLORATORY_SENSITIVITY_NOT_CONFIRMATORY
1.0,TASK3_CAPACITY_RESPONSE_SURFACE_EXPLORATORY_V1,36,18,CAPACITY_RESPONSE_S36_I18,security_wait_p95_seconds,MEAN_OF_REPLICATION_LEVEL_METRIC,50,2.31887701546,2.49509732502,0.352860047649,0.95,1.60977820153,3.02797582939,EXPLORATORY_SENSITIVITY_NOT_CONFIRMATORY
1.0,TASK3_CAPACITY_RESPONSE_SURFACE_EXPLORATORY_V1,36,18,CAPACITY_RESPONSE_S36_I18,immigration_wait_p95_seconds,MEAN_OF_REPLICATION_LEVEL_METRIC,50,11.1840953848,5.96953278019,0.844219421878,0.95,9.48757293987,12.8806178297,EXPLORATORY_SENSITIVITY_NOT_CONFIRMATORY
1.0,TASK3_CAPACITY_RESPONSE_SURFACE_EXPLORATORY_V1,36,17,CAPACITY_RESPONSE_S36_I17,total_queue_wait_p95_seconds,MEAN_OF_REPLICATION_LEVEL_METRIC,50,20.9267303561,9.8332808811,1.39063591847,0.95,18.1321428505,23.7213178617,EXPLORATORY_SENSITIVITY_NOT_CONFIRMATORY
1.0,TASK3_CAPACITY_RESPONSE_SURFACE_EXPLORATORY_V1,36,17,CAPACITY_RESPONSE_S36_I17,total_queue_wait_mean_seconds,MEAN_OF_REPLICATION_LEVEL_METRIC,50,9.9618495672,5.88853127165,0.832764078683,0.95,8.28834749631,11.6353516381,EXPLORATORY_SENSITIVITY_NOT_CONFIRMATORY
1.0,TASK3_CAPACITY_RESPONSE_SURFACE_EXPLORATORY_V1,36,17,CAPACITY_RESPONSE_S36_I17,peak_total_waiting_queue,MEAN_OF_REPLICATION_LEVEL_METRIC,50,30.88,13.0206116036,1.84139255201,0.95,27.1795831256,34.5804168744,EXPLORATORY_SENSITIVITY_NOT_CONFIRMATORY
1.0,TASK3_CAPACITY_RESPONSE_SURFACE_EXPLORATORY_V1,36,17,CAPACITY_RESPONSE_S36_I17,time_weighted_mean_total_waiting_queue,MEAN_OF_REPLICATION_LEVEL_METRIC,50,11.1883496365,7.0386855396,0.995420455139,0.95,9.18797733927,13.1887219336,EXPLORATORY_SENSITIVITY_NOT_CONFIRMATORY
1.0,TASK3_CAPACITY_RESPONSE_SURFACE_EXPLORATORY_V1,36,17,CAPACITY_RESPONSE_S36_I17,cutoff_backlog,MEAN_OF_REPLICATION_LEVEL_METRIC,50,70.6,15.9207219609,2.25153009198,0.95,66.0753808815,75.1246191185,EXPLORATORY_SENSITIVITY_NOT_CONFIRMATORY
1.0,TASK3_CAPACITY_RESPONSE_SURFACE_EXPLORATORY_V1,36,17,CAPACITY_RESPONSE_S36_I17,cohort_clear_time_after_cutoff_seconds,MEAN_OF_REPLICATION_LEVEL_METRIC,50,53.686145454,11.8843898098,1.68070652496,0.95,50.3086392405,57.0636516674,EXPLORATORY_SENSITIVITY_NOT_CONFIRMATORY
1.0,TASK3_CAPACITY_RESPONSE_SURFACE_EXPLORATORY_V1,36,17,CAPACITY_RESPONSE_S36_I17,security_wait_p95_seconds,MEAN_OF_REPLICATION_LEVEL_METRIC,50,2.31887701546,2.49509732502,0.352860047649,0.95,1.60977820153,3.02797582939,EXPLORATORY_SENSITIVITY_NOT_CONFIRMATORY
1.0,TASK3_CAPACITY_RESPONSE_SURFACE_EXPLORATORY_V1,36,17,CAPACITY_RESPONSE_S36_I17,immigration_wait_p95_seconds,MEAN_OF_REPLICATION_LEVEL_METRIC,50,20.1398182399,9.47825802338,1.34042810443,0.95,17.4461271141,22.8335093658,EXPLORATORY_SENSITIVITY_NOT_CONFIRMATORY
1.0,TASK3_CAPACITY_RESPONSE_SURFACE_EXPLORATORY_V1,36,16,CAPACITY_RESPONSE_S36_I16,total_queue_wait_p95_seconds,MEAN_OF_REPLICATION_LEVEL_METRIC,50,35.6092292366,12.9909422968,1.83719667842,0.95,31.917244286,39.3012141873,EXPLORATORY_SENSITIVITY_NOT_CONFIRMATORY
1.0,TASK3_CAPACITY_RESPONSE_SURFACE_EXPLORATORY_V1,36,16,CAPACITY_RESPONSE_S36_I16,total_queue_wait_mean_seconds,MEAN_OF_REPLICATION_LEVEL_METRIC,50,17.8150163813,7.59116908408,1.0735534273,0.95,15.6576299981,19.9724027645,EXPLORATORY_SENSITIVITY_NOT_CONFIRMATORY
1.0,TASK3_CAPACITY_RESPONSE_SURFACE_EXPLORATORY_V1,36,16,CAPACITY_RESPONSE_S36_I16,peak_total_waiting_queue,MEAN_OF_REPLICATION_LEVEL_METRIC,50,48.3,16.2270245742,2.29484782297,0.95,43.688330642,52.911669358,EXPLORATORY_SENSITIVITY_NOT_CONFIRMATORY
1.0,TASK3_CAPACITY_RESPONSE_SURFACE_EXPLORATORY_V1,36,16,CAPACITY_RESPONSE_S36_I16,time_weighted_mean_total_waiting_queue,MEAN_OF_REPLICATION_LEVEL_METRIC,50,18.7779851589,8.57625531064,1.21286565747,0.95,16.3406403677,21.2153299501,EXPLORATORY_SENSITIVITY_NOT_CONFIRMATORY
1.0,TASK3_CAPACITY_RESPONSE_SURFACE_EXPLORATORY_V1,36,16,CAPACITY_RESPONSE_S36_I16,cutoff_backlog,MEAN_OF_REPLICATION_LEVEL_METRIC,50,87.1,18.153821209,2.56733801627,0.95,81.9407410972,92.2592589028,EXPLORATORY_SENSITIVITY_NOT_CONFIRMATORY
1.0,TASK3_CAPACITY_RESPONSE_SURFACE_EXPLORATORY_V1,36,16,CAPACITY_RESPONSE_S36_I16,cohort_clear_time_after_cutoff_seconds,MEAN_OF_REPLICATION_LEVEL_METRIC,50,70.4205768616,14.6152549934,2.06690918293,0.95,66.2669673502,74.574186373,EXPLORATORY_SENSITIVITY_NOT_CONFIRMATORY
1.0,TASK3_CAPACITY_RESPONSE_SURFACE_EXPLORATORY_V1,36,16,CAPACITY_RESPONSE_S36_I16,security_wait_p95_seconds,MEAN_OF_REPLICATION_LEVEL_METRIC,50,2.31887701546,2.49509732502,0.352860047649,0.95,1.60977820153,3.02797582939,EXPLORATORY_SENSITIVITY_NOT_CONFIRMATORY
1.0,TASK3_CAPACITY_RESPONSE_SURFACE_EXPLORATORY_V1,36,16,CAPACITY_RESPONSE_S36_I16,immigration_wait_p95_seconds,MEAN_OF_REPLICATION_LEVEL_METRIC,50,35.0660784804,12.6729454741,1.79222513647,0.95,31.4644672268,38.6676897341,EXPLORATORY_SENSITIVITY_NOT_CONFIRMATORY
1.0,TASK3_CAPACITY_RESPONSE_SURFACE_EXPLORATORY_V1,35,21,CAPACITY_RESPONSE_S35_I21,total_queue_wait_p95_seconds,MEAN_OF_REPLICATION_LEVEL_METRIC,50,4.2198053318,2.94068500055,0.415875661045,0.95,3.38407190164,5.05553876196,EXPLORATORY_SENSITIVITY_NOT_CONFIRMATORY
1.0,TASK3_CAPACITY_RESPONSE_SURFACE_EXPLORATORY_V1,35,21,CAPACITY_RESPONSE_S35_I21,total_queue_wait_mean_seconds,MEAN_OF_REPLICATION_LEVEL_METRIC,50,0.92233623108,1.06166159272,0.150141622308,0.95,0.620615344827,1.22405711733,EXPLORATORY_SENSITIVITY_NOT_CONFIRMATORY
1.0,TASK3_CAPACITY_RESPONSE_SURFACE_EXPLORATORY_V1,35,21,CAPACITY_RESPONSE_S35_I21,peak_total_waiting_queue,MEAN_OF_REPLICATION_LEVEL_METRIC,50,10.04,5.26428086838,0.744481740021,0.95,8.54390793076,11.5360920692,EXPLORATORY_SENSITIVITY_NOT_CONFIRMATORY
1.0,TASK3_CAPACITY_RESPONSE_SURFACE_EXPLORATORY_V1,35,21,CAPACITY_RESPONSE_S35_I21,time_weighted_mean_total_waiting_queue,MEAN_OF_REPLICATION_LEVEL_METRIC,50,1.24570527814,1.59797346598,0.22598757479,0.95,0.791566243942,1.69984431233,EXPLORATORY_SENSITIVITY_NOT_CONFIRMATORY
1.0,TASK3_CAPACITY_RESPONSE_SURFACE_EXPLORATORY_V1,35,21,CAPACITY_RESPONSE_S35_I21,cutoff_backlog,MEAN_OF_REPLICATION_LEVEL_METRIC,50,50.86,8.02295176989,1.13461672032,0.95,48.5799023352,53.1400976648,EXPLORATORY_SENSITIVITY_NOT_CONFIRMATORY
1.0,TASK3_CAPACITY_RESPONSE_SURFACE_EXPLORATORY_V1,35,21,CAPACITY_RESPONSE_S35_I21,cohort_clear_time_after_cutoff_seconds,MEAN_OF_REPLICATION_LEVEL_METRIC,50,35.4708748593,2.42149220828,0.342450712214,0.95,34.7826943881,36.1590553305,EXPLORATORY_SENSITIVITY_NOT_CONFIRMATORY
1.0,TASK3_CAPACITY_RESPONSE_SURFACE_EXPLORATORY_V1,35,21,CAPACITY_RESPONSE_S35_I21,security_wait_p95_seconds,MEAN_OF_REPLICATION_LEVEL_METRIC,50,3.12827070512,2.7414955337,0.387706016495,0.95,2.34914629509,3.90739511515,EXPLORATORY_SENSITIVITY_NOT_CONFIRMATORY
1.0,TASK3_CAPACITY_RESPONSE_SURFACE_EXPLORATORY_V1,35,21,CAPACITY_RESPONSE_S35_I21,immigration_wait_p95_seconds,MEAN_OF_REPLICATION_LEVEL_METRIC,50,2.03152717946,0.800820442671,0.113253113105,0.95,1.80393652784,2.25911783108,EXPLORATORY_SENSITIVITY_NOT_CONFIRMATORY
1.0,TASK3_CAPACITY_RESPONSE_SURFACE_EXPLORATORY_V1,35,20,CAPACITY_RESPONSE_S35_I20,total_queue_wait_p95_seconds,MEAN_OF_REPLICATION_LEVEL_METRIC,50,5.34085758842,3.50153835583,0.495192303199,0.95,4.34573139829,6.33598377855,EXPLORATORY_SENSITIVITY_NOT_CONFIRMATORY
1.0,TASK3_CAPACITY_RESPONSE_SURFACE_EXPLORATORY_V1,35,20,CAPACITY_RESPONSE_S35_I20,total_queue_wait_mean_seconds,MEAN_OF_REPLICATION_LEVEL_METRIC,50,1.39815755246,1.45537997221,0.20582180951,0.95,0.984543140807,1.81177196411,EXPLORATORY_SENSITIVITY_NOT_CONFIRMATORY
1.0,TASK3_CAPACITY_RESPONSE_SURFACE_EXPLORATORY_V1,35,20,CAPACITY_RESPONSE_S35_I20,peak_total_waiting_queue,MEAN_OF_REPLICATION_LEVEL_METRIC,50,10.88,5.68793926314,0.804396084789,0.95,9.26350554716,12.4964944528,EXPLORATORY_SENSITIVITY_NOT_CONFIRMATORY
1.0,TASK3_CAPACITY_RESPONSE_SURFACE_EXPLORATORY_V1,35,20,CAPACITY_RESPONSE_S35_I20,time_weighted_mean_total_waiting_queue,MEAN_OF_REPLICATION_LEVEL_METRIC,50,1.82819224863,2.14116554345,0.302806535083,0.95,1.21967973408,2.43670476317,EXPLORATORY_SENSITIVITY_NOT_CONFIRMATORY
1.0,TASK3_CAPACITY_RESPONSE_SURFACE_EXPLORATORY_V1,35,20,CAPACITY_RESPONSE_S35_I20,cutoff_backlog,MEAN_OF_REPLICATION_LEVEL_METRIC,50,51.54,8.4689348293,1.19768824944,0.95,49.1331553521,53.9468446479,EXPLORATORY_SENSITIVITY_NOT_CONFIRMATORY
1.0,TASK3_CAPACITY_RESPONSE_SURFACE_EXPLORATORY_V1,35,20,CAPACITY_RESPONSE_S35_I20,cohort_clear_time_after_cutoff_seconds,MEAN_OF_REPLICATION_LEVEL_METRIC,50,36.2716327142,2.91579889851,0.412356234742,0.95,35.442971836,37.1002935924,EXPLORATORY_SENSITIVITY_NOT_CONFIRMATORY
1.0,TASK3_CAPACITY_RESPONSE_SURFACE_EXPLORATORY_V1,35,20,CAPACITY_RESPONSE_S35_I20,security_wait_p95_seconds,MEAN_OF_REPLICATION_LEVEL_METRIC,50,3.12827070512,2.7414955337,0.387706016495,0.95,2.34914629509,3.90739511515,EXPLORATORY_SENSITIVITY_NOT_CONFIRMATORY
1.0,TASK3_CAPACITY_RESPONSE_SURFACE_EXPLORATORY_V1,35,20,CAPACITY_RESPONSE_S35_I20,immigration_wait_p95_seconds,MEAN_OF_REPLICATION_LEVEL_METRIC,50,3.33480668652,1.30464358075,0.184504464595,0.95,2.96403108333,3.70558228971,EXPLORATORY_SENSITIVITY_NOT_CONFIRMATORY
1.0,TASK3_CAPACITY_RESPONSE_SURFACE_EXPLORATORY_V1,35,19,CAPACITY_RESPONSE_S35_I19,total_queue_wait_p95_seconds,MEAN_OF_REPLICATION_LEVEL_METRIC,50,7.63588693424,4.52116640726,0.639389485089,0.95,6.35098565812,8.92078821036,EXPLORATORY_SENSITIVITY_NOT_CONFIRMATORY
1.0,TASK3_CAPACITY_RESPONSE_SURFACE_EXPLORATORY_V1,35,19,CAPACITY_RESPONSE_S35_I19,total_queue_wait_mean_seconds,MEAN_OF_REPLICATION_LEVEL_METRIC,50,2.52152288338,2.33403408997,0.330082266507,0.95,1.85819773439,3.18484803237,EXPLORATORY_SENSITIVITY_NOT_CONFIRMATORY
1.0,TASK3_CAPACITY_RESPONSE_SURFACE_EXPLORATORY_V1,35,19,CAPACITY_RESPONSE_S35_I19,peak_total_waiting_queue,MEAN_OF_REPLICATION_LEVEL_METRIC,50,13.12,6.5141603998,0.921241398487,0.95,11.2686960982,14.9713039018,EXPLORATORY_SENSITIVITY_NOT_CONFIRMATORY
1.0,TASK3_CAPACITY_RESPONSE_SURFACE_EXPLORATORY_V1,35,19,CAPACITY_RESPONSE_S35_I19,time_weighted_mean_total_waiting_queue,MEAN_OF_REPLICATION_LEVEL_METRIC,50,3.15641280942,3.17982270361,0.449694839339,0.95,2.25271719602,4.06010842282,EXPLORATORY_SENSITIVITY_NOT_CONFIRMATORY
1.0,TASK3_CAPACITY_RESPONSE_SURFACE_EXPLORATORY_V1,35,19,CAPACITY_RESPONSE_S35_I19,cutoff_backlog,MEAN_OF_REPLICATION_LEVEL_METRIC,50,53.54,9.77754612177,1.38275383321,0.95,50.7612521377,56.3187478623,EXPLORATORY_SENSITIVITY_NOT_CONFIRMATORY
1.0,TASK3_CAPACITY_RESPONSE_SURFACE_EXPLORATORY_V1,35,19,CAPACITY_RESPONSE_S35_I19,cohort_clear_time_after_cutoff_seconds,MEAN_OF_REPLICATION_LEVEL_METRIC,50,38.3067665606,4.67260079702,0.66080554187,0.95,36.9788281071,39.6347050141,EXPLORATORY_SENSITIVITY_NOT_CONFIRMATORY
1.0,TASK3_CAPACITY_RESPONSE_SURFACE_EXPLORATORY_V1,35,19,CAPACITY_RESPONSE_S35_I19,security_wait_p95_seconds,MEAN_OF_REPLICATION_LEVEL_METRIC,50,3.12827070512,2.7414955337,0.387706016495,0.95,2.34914629509,3.90739511515,EXPLORATORY_SENSITIVITY_NOT_CONFIRMATORY
1.0,TASK3_CAPACITY_RESPONSE_SURFACE_EXPLORATORY_V1,35,19,CAPACITY_RESPONSE_S35_I19,immigration_wait_p95_seconds,MEAN_OF_REPLICATION_LEVEL_METRIC,50,5.85195166982,2.97905732361,0.421302327013,0.95,5.00531294611,6.69859039353,EXPLORATORY_SENSITIVITY_NOT_CONFIRMATORY
1.0,TASK3_CAPACITY_RESPONSE_SURFACE_EXPLORATORY_V1,35,18,CAPACITY_RESPONSE_S35_I18,total_queue_wait_p95_seconds,MEAN_OF_REPLICATION_LEVEL_METRIC,50,12.2478467585,6.63015058961,0.93764488844,0.95,10.3635788095,14.1321147076,EXPLORATORY_SENSITIVITY_NOT_CONFIRMATORY
1.0,TASK3_CAPACITY_RESPONSE_SURFACE_EXPLORATORY_V1,35,18,CAPACITY_RESPONSE_S35_I18,total_queue_wait_mean_seconds,MEAN_OF_REPLICATION_LEVEL_METRIC,50,5.04810397458,3.90078701325,0.551654589806,0.95,3.93951257146,6.1566953777,EXPLORATORY_SENSITIVITY_NOT_CONFIRMATORY
1.0,TASK3_CAPACITY_RESPONSE_SURFACE_EXPLORATORY_V1,35,18,CAPACITY_RESPONSE_S35_I18,peak_total_waiting_queue,MEAN_OF_REPLICATION_LEVEL_METRIC,50,19.1,8.95168437006,1.26595934422,0.95,16.5559594506,21.6440405494,EXPLORATORY_SENSITIVITY_NOT_CONFIRMATORY
1.0,TASK3_CAPACITY_RESPONSE_SURFACE_EXPLORATORY_V1,35,18,CAPACITY_RESPONSE_S35_I18,time_weighted_mean_total_waiting_queue,MEAN_OF_REPLICATION_LEVEL_METRIC,50,6.02886071099,4.98063169731,0.704367689553,0.95,4.61338084423,7.44434057775,EXPLORATORY_SENSITIVITY_NOT_CONFIRMATORY
1.0,TASK3_CAPACITY_RESPONSE_SURFACE_EXPLORATORY_V1,35,18,CAPACITY_RESPONSE_S35_I18,cutoff_backlog,MEAN_OF_REPLICATION_LEVEL_METRIC,50,58.96,12.6474325861,1.78861706925,0.95,55.3656394289,62.5543605711,EXPLORATORY_SENSITIVITY_NOT_CONFIRMATORY
1.0,TASK3_CAPACITY_RESPONSE_SURFACE_EXPLORATORY_V1,35,18,CAPACITY_RESPONSE_S35_I18,cohort_clear_time_after_cutoff_seconds,MEAN_OF_REPLICATION_LEVEL_METRIC,50,43.5383236347,7.96943207749,1.12704789284,0.95,41.2734360982,45.8032111712,EXPLORATORY_SENSITIVITY_NOT_CONFIRMATORY
1.0,TASK3_CAPACITY_RESPONSE_SURFACE_EXPLORATORY_V1,35,18,CAPACITY_RESPONSE_S35_I18,security_wait_p95_seconds,MEAN_OF_REPLICATION_LEVEL_METRIC,50,3.12827070512,2.7414955337,0.387706016495,0.95,2.34914629509,3.90739511515,EXPLORATORY_SENSITIVITY_NOT_CONFIRMATORY
1.0,TASK3_CAPACITY_RESPONSE_SURFACE_EXPLORATORY_V1,35,18,CAPACITY_RESPONSE_S35_I18,immigration_wait_p95_seconds,MEAN_OF_REPLICATION_LEVEL_METRIC,50,10.7145066773,5.77153538632,0.816218361905,0.95,9.07425446914,12.3547588855,EXPLORATORY_SENSITIVITY_NOT_CONFIRMATORY
1.0,TASK3_CAPACITY_RESPONSE_SURFACE_EXPLORATORY_V1,35,17,CAPACITY_RESPONSE_S35_I17,total_queue_wait_p95_seconds,MEAN_OF_REPLICATION_LEVEL_METRIC,50,20.9267303561,9.8332808811,1.39063591847,0.95,18.1321428505,23.7213178617,EXPLORATORY_SENSITIVITY_NOT_CONFIRMATORY
1.0,TASK3_CAPACITY_RESPONSE_SURFACE_EXPLORATORY_V1,35,17,CAPACITY_RESPONSE_S35_I17,total_queue_wait_mean_seconds,MEAN_OF_REPLICATION_LEVEL_METRIC,50,9.9618495672,5.88853127165,0.832764078683,0.95,8.28834749631,11.6353516381,EXPLORATORY_SENSITIVITY_NOT_CONFIRMATORY
1.0,TASK3_CAPACITY_RESPONSE_SURFACE_EXPLORATORY_V1,35,17,CAPACITY_RESPONSE_S35_I17,peak_total_waiting_queue,MEAN_OF_REPLICATION_LEVEL_METRIC,50,30.42,12.9915042883,1.83727615602,0.95,26.7278553331,34.1121446669,EXPLORATORY_SENSITIVITY_NOT_CONFIRMATORY
1.0,TASK3_CAPACITY_RESPONSE_SURFACE_EXPLORATORY_V1,35,17,CAPACITY_RESPONSE_S35_I17,time_weighted_mean_total_waiting_queue,MEAN_OF_REPLICATION_LEVEL_METRIC,50,11.2164489585,7.04456986958,0.996252625064,0.95,9.21440435321,13.2184935637,EXPLORATORY_SENSITIVITY_NOT_CONFIRMATORY
1.0,TASK3_CAPACITY_RESPONSE_SURFACE_EXPLORATORY_V1,35,17,CAPACITY_RESPONSE_S35_I17,cutoff_backlog,MEAN_OF_REPLICATION_LEVEL_METRIC,50,70.6,15.9207219609,2.25153009198,0.95,66.0753808815,75.1246191185,EXPLORATORY_SENSITIVITY_NOT_CONFIRMATORY
1.0,TASK3_CAPACITY_RESPONSE_SURFACE_EXPLORATORY_V1,35,17,CAPACITY_RESPONSE_S35_I17,cohort_clear_time_after_cutoff_seconds,MEAN_OF_REPLICATION_LEVEL_METRIC,50,53.686145454,11.8843898098,1.68070652496,0.95,50.3086392405,57.0636516674,EXPLORATORY_SENSITIVITY_NOT_CONFIRMATORY
1.0,TASK3_CAPACITY_RESPONSE_SURFACE_EXPLORATORY_V1,35,17,CAPACITY_RESPONSE_S35_I17,security_wait_p95_seconds,MEAN_OF_REPLICATION_LEVEL_METRIC,50,3.12827070512,2.7414955337,0.387706016495,0.95,2.34914629509,3.90739511515,EXPLORATORY_SENSITIVITY_NOT_CONFIRMATORY
1.0,TASK3_CAPACITY_RESPONSE_SURFACE_EXPLORATORY_V1,35,17,CAPACITY_RESPONSE_S35_I17,immigration_wait_p95_seconds,MEAN_OF_REPLICATION_LEVEL_METRIC,50,19.8011560153,9.34852390194,1.32208092903,0.95,17.1443349188,22.4579771118,EXPLORATORY_SENSITIVITY_NOT_CONFIRMATORY
1.0,TASK3_CAPACITY_RESPONSE_SURFACE_EXPLORATORY_V1,35,16,CAPACITY_RESPONSE_S35_I16,total_queue_wait_p95_seconds,MEAN_OF_REPLICATION_LEVEL_METRIC,50,35.6092292366,12.9909422968,1.83719667842,0.95,31.917244286,39.3012141873,EXPLORATORY_SENSITIVITY_NOT_CONFIRMATORY
1.0,TASK3_CAPACITY_RESPONSE_SURFACE_EXPLORATORY_V1,35,16,CAPACITY_RESPONSE_S35_I16,total_queue_wait_mean_seconds,MEAN_OF_REPLICATION_LEVEL_METRIC,50,17.8150163813,7.59116908408,1.0735534273,0.95,15.6576299981,19.9724027645,EXPLORATORY_SENSITIVITY_NOT_CONFIRMATORY
1.0,TASK3_CAPACITY_RESPONSE_SURFACE_EXPLORATORY_V1,35,16,CAPACITY_RESPONSE_S35_I16,peak_total_waiting_queue,MEAN_OF_REPLICATION_LEVEL_METRIC,50,47.98,16.1693713987,2.28669443271,0.95,43.3847154932,52.5752845068,EXPLORATORY_SENSITIVITY_NOT_CONFIRMATORY
1.0,TASK3_CAPACITY_RESPONSE_SURFACE_EXPLORATORY_V1,35,16,CAPACITY_RESPONSE_S35_I16,time_weighted_mean_total_waiting_queue,MEAN_OF_REPLICATION_LEVEL_METRIC,50,18.8060844809,8.58213430808,1.21369707326,0.95,16.3670688972,21.2451000647,EXPLORATORY_SENSITIVITY_NOT_CONFIRMATORY
1.0,TASK3_CAPACITY_RESPONSE_SURFACE_EXPLORATORY_V1,35,16,CAPACITY_RESPONSE_S35_I16,cutoff_backlog,MEAN_OF_REPLICATION_LEVEL_METRIC,50,87.1,18.153821209,2.56733801627,0.95,81.9407410972,92.2592589028,EXPLORATORY_SENSITIVITY_NOT_CONFIRMATORY
1.0,TASK3_CAPACITY_RESPONSE_SURFACE_EXPLORATORY_V1,35,16,CAPACITY_RESPONSE_S35_I16,cohort_clear_time_after_cutoff_seconds,MEAN_OF_REPLICATION_LEVEL_METRIC,50,70.4205768616,14.6152549934,2.06690918293,0.95,66.2669673502,74.574186373,EXPLORATORY_SENSITIVITY_NOT_CONFIRMATORY
1.0,TASK3_CAPACITY_RESPONSE_SURFACE_EXPLORATORY_V1,35,16,CAPACITY_RESPONSE_S35_I16,security_wait_p95_seconds,MEAN_OF_REPLICATION_LEVEL_METRIC,50,3.12827070512,2.7414955337,0.387706016495,0.95,2.34914629509,3.90739511515,EXPLORATORY_SENSITIVITY_NOT_CONFIRMATORY
1.0,TASK3_CAPACITY_RESPONSE_SURFACE_EXPLORATORY_V1,35,16,CAPACITY_RESPONSE_S35_I16,immigration_wait_p95_seconds,MEAN_OF_REPLICATION_LEVEL_METRIC,50,34.7625022213,12.5395760899,1.77336385727,0.95,31.1987941273,38.3262103153,EXPLORATORY_SENSITIVITY_NOT_CONFIRMATORY
1.0,TASK3_CAPACITY_RESPONSE_SURFACE_EXPLORATORY_V1,34,21,CAPACITY_RESPONSE_S34_I21,total_queue_wait_p95_seconds,MEAN_OF_REPLICATION_LEVEL_METRIC,50,4.77640465004,3.27885595769,0.463700256443,0.95,3.84456409724,5.70824520284,EXPLORATORY_SENSITIVITY_NOT_CONFIRMATORY
1.0,TASK3_CAPACITY_RESPONSE_SURFACE_EXPLORATORY_V1,34,21,CAPACITY_RESPONSE_S34_I21,total_queue_wait_mean_seconds,MEAN_OF_REPLICATION_LEVEL_METRIC,50,1.12684069556,1.27948172814,0.180946041275,0.95,0.763216011758,1.49046537936,EXPLORATORY_SENSITIVITY_NOT_CONFIRMATORY
1.0,TASK3_CAPACITY_RESPONSE_SURFACE_EXPLORATORY_V1,34,21,CAPACITY_RESPONSE_S34_I21,peak_total_waiting_queue,MEAN_OF_REPLICATION_LEVEL_METRIC,50,11.2,5.71428571429,0.808122035642,0.95,9.5760179686,12.8239820314,EXPLORATORY_SENSITIVITY_NOT_CONFIRMATORY
1.0,TASK3_CAPACITY_RESPONSE_SURFACE_EXPLORATORY_V1,34,21,CAPACITY_RESPONSE_S34_I21,time_weighted_mean_total_waiting_queue,MEAN_OF_REPLICATION_LEVEL_METRIC,50,1.54623397697,1.93246160315,0.273291340794,0.95,0.99703446599,2.09543348795,EXPLORATORY_SENSITIVITY_NOT_CONFIRMATORY
1.0,TASK3_CAPACITY_RESPONSE_SURFACE_EXPLORATORY_V1,34,21,CAPACITY_RESPONSE_S34_I21,cutoff_backlog,MEAN_OF_REPLICATION_LEVEL_METRIC,50,51.24,8.23769335656,1.16498576675,0.95,48.8988734515,53.5811265485,EXPLORATORY_SENSITIVITY_NOT_CONFIRMATORY
1.0,TASK3_CAPACITY_RESPONSE_SURFACE_EXPLORATORY_V1,34,21,CAPACITY_RESPONSE_S34_I21,cohort_clear_time_after_cutoff_seconds,MEAN_OF_REPLICATION_LEVEL_METRIC,50,35.8320385264,2.77291711323,0.392149698887,0.95,35.0439842023,36.6200928506,EXPLORATORY_SENSITIVITY_NOT_CONFIRMATORY
1.0,TASK3_CAPACITY_RESPONSE_SURFACE_EXPLORATORY_V1,34,21,CAPACITY_RESPONSE_S34_I21,security_wait_p95_seconds,MEAN_OF_REPLICATION_LEVEL_METRIC,50,4.08053895778,3.23095116607,0.456925495843,0.95,3.16231279612,4.99876511944,EXPLORATORY_SENSITIVITY_NOT_CONFIRMATORY
1.0,TASK3_CAPACITY_RESPONSE_SURFACE_EXPLORATORY_V1,34,21,CAPACITY_RESPONSE_S34_I21,immigration_wait_p95_seconds,MEAN_OF_REPLICATION_LEVEL_METRIC,50,1.73557212282,0.767146816763,0.10849094326,0.95,1.51755140979,1.95359283585,EXPLORATORY_SENSITIVITY_NOT_CONFIRMATORY
1.0,TASK3_CAPACITY_RESPONSE_SURFACE_EXPLORATORY_V1,34,20,CAPACITY_RESPONSE_S34_I20,total_queue_wait_p95_seconds,MEAN_OF_REPLICATION_LEVEL_METRIC,50,5.56594971898,3.54328936814,0.501096787984,0.95,4.55895802244,6.57294141552,EXPLORATORY_SENSITIVITY_NOT_CONFIRMATORY
1.0,TASK3_CAPACITY_RESPONSE_SURFACE_EXPLORATORY_V1,34,20,CAPACITY_RESPONSE_S34_I20,total_queue_wait_mean_seconds,MEAN_OF_REPLICATION_LEVEL_METRIC,50,1.48691375348,1.50835313716,0.213313346342,0.95,1.05824453492,1.91558297204,EXPLORATORY_SENSITIVITY_NOT_CONFIRMATORY
1.0,TASK3_CAPACITY_RESPONSE_SURFACE_EXPLORATORY_V1,34,20,CAPACITY_RESPONSE_S34_I20,peak_total_waiting_queue,MEAN_OF_REPLICATION_LEVEL_METRIC,50,11.7,5.88061498936,0.831644547304,0.95,10.0287477116,13.3712522884,EXPLORATORY_SENSITIVITY_NOT_CONFIRMATORY
1.0,TASK3_CAPACITY_RESPONSE_SURFACE_EXPLORATORY_V1,34,20,CAPACITY_RESPONSE_S34_I20,time_weighted_mean_total_waiting_queue,MEAN_OF_REPLICATION_LEVEL_METRIC,50,1.98216469571,2.22958838493,0.315311413248,0.95,1.34852268766,2.61580670375,EXPLORATORY_SENSITIVITY_NOT_CONFIRMATORY
1.0,TASK3_CAPACITY_RESPONSE_SURFACE_EXPLORATORY_V1,34,20,CAPACITY_RESPONSE_S34_I20,cutoff_backlog,MEAN_OF_REPLICATION_LEVEL_METRIC,50,51.82,8.594469033,1.21544146679,0.95,49.3774789262,54.2625210738,EXPLORATORY_SENSITIVITY_NOT_CONFIRMATORY
1.0,TASK3_CAPACITY_RESPONSE_SURFACE_EXPLORATORY_V1,34,20,CAPACITY_RESPONSE_S34_I20,cohort_clear_time_after_cutoff_seconds,MEAN_OF_REPLICATION_LEVEL_METRIC,50,36.4184593541,3.06831403609,0.433925132345,0.95,35.5464541534,37.2904645548,EXPLORATORY_SENSITIVITY_NOT_CONFIRMATORY
1.0,TASK3_CAPACITY_RESPONSE_SURFACE_EXPLORATORY_V1,34,20,CAPACITY_RESPONSE_S34_I20,security_wait_p95_seconds,MEAN_OF_REPLICATION_LEVEL_METRIC,50,4.08053895778,3.23095116607,0.456925495843,0.95,3.16231279612,4.99876511944,EXPLORATORY_SENSITIVITY_NOT_CONFIRMATORY
1.0,TASK3_CAPACITY_RESPONSE_SURFACE_EXPLORATORY_V1,34,20,CAPACITY_RESPONSE_S34_I20,immigration_wait_p95_seconds,MEAN_OF_REPLICATION_LEVEL_METRIC,50,2.71448672122,0.867506336042,0.122683922587,0.95,2.46794414839,2.96102929405,EXPLORATORY_SENSITIVITY_NOT_CONFIRMATORY
1.0,TASK3_CAPACITY_RESPONSE_SURFACE_EXPLORATORY_V1,34,19,CAPACITY_RESPONSE_S34_I19,total_queue_wait_p95_seconds,MEAN_OF_REPLICATION_LEVEL_METRIC,50,7.66529242952,4.52399855011,0.639790010573,0.95,6.37958626731,8.95099859173,EXPLORATORY_SENSITIVITY_NOT_CONFIRMATORY
1.0,TASK3_CAPACITY_RESPONSE_SURFACE_EXPLORATORY_V1,34,19,CAPACITY_RESPONSE_S34_I19,total_queue_wait_mean_seconds,MEAN_OF_REPLICATION_LEVEL_METRIC,50,2.546845924,2.34413108052,0.331510196605,0.95,1.88065124205,3.21304060595,EXPLORATORY_SENSITIVITY_NOT_CONFIRMATORY
1.0,TASK3_CAPACITY_RESPONSE_SURFACE_EXPLORATORY_V1,34,19,CAPACITY_RESPONSE_S34_I19,peak_total_waiting_queue,MEAN_OF_REPLICATION_LEVEL_METRIC,50,13.44,6.80683929768,0.962632445168,0.95,11.5055176757,15.3744823243,EXPLORATORY_SENSITIVITY_NOT_CONFIRMATORY
1.0,TASK3_CAPACITY_RESPONSE_SURFACE_EXPLORATORY_V1,34,19,CAPACITY_RESPONSE_S34_I19,time_weighted_mean_total_waiting_queue,MEAN_OF_REPLICATION_LEVEL_METRIC,50,3.23225269878,3.20998611852,0.453960590384,0.95,2.31998473771,4.14452065985,EXPLORATORY_SENSITIVITY_NOT_CONFIRMATORY
1.0,TASK3_CAPACITY_RESPONSE_SURFACE_EXPLORATORY_V1,34,19,CAPACITY_RESPONSE_S34_I19,cutoff_backlog,MEAN_OF_REPLICATION_LEVEL_METRIC,50,53.64,9.82242332625,1.38910042833,0.95,50.8484981773,56.4315018227,EXPLORATORY_SENSITIVITY_NOT_CONFIRMATORY
1.0,TASK3_CAPACITY_RESPONSE_SURFACE_EXPLORATORY_V1,34,19,CAPACITY_RESPONSE_S34_I19,cohort_clear_time_after_cutoff_seconds,MEAN_OF_REPLICATION_LEVEL_METRIC,50,38.316659625,4.69146524173,0.663473377226,0.95,36.9833599556,39.6499592944,EXPLORATORY_SENSITIVITY_NOT_CONFIRMATORY
1.0,TASK3_CAPACITY_RESPONSE_SURFACE_EXPLORATORY_V1,34,19,CAPACITY_RESPONSE_S34_I19,security_wait_p95_seconds,MEAN_OF_REPLICATION_LEVEL_METRIC,50,4.08053895778,3.23095116607,0.456925495843,0.95,3.16231279612,4.99876511944,EXPLORATORY_SENSITIVITY_NOT_CONFIRMATORY
1.0,TASK3_CAPACITY_RESPONSE_SURFACE_EXPLORATORY_V1,34,19,CAPACITY_RESPONSE_S34_I19,immigration_wait_p95_seconds,MEAN_OF_REPLICATION_LEVEL_METRIC,50,5.11322587882,2.55420982356,0.361219817362,0.95,4.38732747869,5.83912427895,EXPLORATORY_SENSITIVITY_NOT_CONFIRMATORY
1.0,TASK3_CAPACITY_RESPONSE_SURFACE_EXPLORATORY_V1,34,18,CAPACITY_RESPONSE_S34_I18,total_queue_wait_p95_seconds,MEAN_OF_REPLICATION_LEVEL_METRIC,50,12.2478467585,6.63015058961,0.93764488844,0.95,10.3635788095,14.1321147076,EXPLORATORY_SENSITIVITY_NOT_CONFIRMATORY
1.0,TASK3_CAPACITY_RESPONSE_SURFACE_EXPLORATORY_V1,34,18,CAPACITY_RESPONSE_S34_I18,total_queue_wait_mean_seconds,MEAN_OF_REPLICATION_LEVEL_METRIC,50,5.05207436408,3.90215843647,0.551848538338,0.95,3.94309320679,6.16105552137,EXPLORATORY_SENSITIVITY_NOT_CONFIRMATORY
1.0,TASK3_CAPACITY_RESPONSE_SURFACE_EXPLORATORY_V1,34,18,CAPACITY_RESPONSE_S34_I18,peak_total_waiting_queue,MEAN_OF_REPLICATION_LEVEL_METRIC,50,18.7,8.96307618476,1.26757039011,0.95,16.1527219327,21.2472780673,EXPLORATORY_SENSITIVITY_NOT_CONFIRMATORY
1.0,TASK3_CAPACITY_RESPONSE_SURFACE_EXPLORATORY_V1,34,18,CAPACITY_RESPONSE_S34_I18,time_weighted_mean_total_waiting_queue,MEAN_OF_REPLICATION_LEVEL_METRIC,50,6.07845533454,4.99391431697,0.706246135638,0.95,4.65920058905,7.49771008004,EXPLORATORY_SENSITIVITY_NOT_CONFIRMATORY
1.0,TASK3_CAPACITY_RESPONSE_SURFACE_EXPLORATORY_V1,34,18,CAPACITY_RESPONSE_S34_I18,cutoff_backlog,MEAN_OF_REPLICATION_LEVEL_METRIC,50,58.96,12.6474325861,1.78861706925,0.95,55.3656394289,62.5543605711,EXPLORATORY_SENSITIVITY_NOT_CONFIRMATORY
1.0,TASK3_CAPACITY_RESPONSE_SURFACE_EXPLORATORY_V1,34,18,CAPACITY_RESPONSE_S34_I18,cohort_clear_time_after_cutoff_seconds,MEAN_OF_REPLICATION_LEVEL_METRIC,50,43.5383236347,7.96943207749,1.12704789284,0.95,41.2734360982,45.8032111712,EXPLORATORY_SENSITIVITY_NOT_CONFIRMATORY
1.0,TASK3_CAPACITY_RESPONSE_SURFACE_EXPLORATORY_V1,34,18,CAPACITY_RESPONSE_S34_I18,security_wait_p95_seconds,MEAN_OF_REPLICATION_LEVEL_METRIC,50,4.08053895778,3.23095116607,0.456925495843,0.95,3.16231279612,4.99876511944,EXPLORATORY_SENSITIVITY_NOT_CONFIRMATORY
1.0,TASK3_CAPACITY_RESPONSE_SURFACE_EXPLORATORY_V1,34,18,CAPACITY_RESPONSE_S34_I18,immigration_wait_p95_seconds,MEAN_OF_REPLICATION_LEVEL_METRIC,50,10.0958380218,5.55401032615,0.785455672881,0.95,8.51740575174,11.6742702919,EXPLORATORY_SENSITIVITY_NOT_CONFIRMATORY
1.0,TASK3_CAPACITY_RESPONSE_SURFACE_EXPLORATORY_V1,34,17,CAPACITY_RESPONSE_S34_I17,total_queue_wait_p95_seconds,MEAN_OF_REPLICATION_LEVEL_METRIC,50,20.9267303561,9.8332808811,1.39063591847,0.95,18.1321428505,23.7213178617,EXPLORATORY_SENSITIVITY_NOT_CONFIRMATORY
1.0,TASK3_CAPACITY_RESPONSE_SURFACE_EXPLORATORY_V1,34,17,CAPACITY_RESPONSE_S34_I17,total_queue_wait_mean_seconds,MEAN_OF_REPLICATION_LEVEL_METRIC,50,9.9618495672,5.88853127165,0.832764078683,0.95,8.28834749631,11.6353516381,EXPLORATORY_SENSITIVITY_NOT_CONFIRMATORY
1.0,TASK3_CAPACITY_RESPONSE_SURFACE_EXPLORATORY_V1,34,17,CAPACITY_RESPONSE_S34_I17,peak_total_waiting_queue,MEAN_OF_REPLICATION_LEVEL_METRIC,50,29.9,13.0450553616,1.84484942143,0.95,26.1926362865,33.6073637135,EXPLORATORY_SENSITIVITY_NOT_CONFIRMATORY
1.0,TASK3_CAPACITY_RESPONSE_SURFACE_EXPLORATORY_V1,34,17,CAPACITY_RESPONSE_S34_I17,time_weighted_mean_total_waiting_queue,MEAN_OF_REPLICATION_LEVEL_METRIC,50,11.2608392462,7.05411611707,0.997602668332,0.95,9.2560816274,13.2655968649,EXPLORATORY_SENSITIVITY_NOT_CONFIRMATORY
1.0,TASK3_CAPACITY_RESPONSE_SURFACE_EXPLORATORY_V1,34,17,CAPACITY_RESPONSE_S34_I17,cutoff_backlog,MEAN_OF_REPLICATION_LEVEL_METRIC,50,70.6,15.9207219609,2.25153009198,0.95,66.0753808815,75.1246191185,EXPLORATORY_SENSITIVITY_NOT_CONFIRMATORY
1.0,TASK3_CAPACITY_RESPONSE_SURFACE_EXPLORATORY_V1,34,17,CAPACITY_RESPONSE_S34_I17,cohort_clear_time_after_cutoff_seconds,MEAN_OF_REPLICATION_LEVEL_METRIC,50,53.686145454,11.8843898098,1.68070652496,0.95,50.3086392405,57.0636516674,EXPLORATORY_SENSITIVITY_NOT_CONFIRMATORY
1.0,TASK3_CAPACITY_RESPONSE_SURFACE_EXPLORATORY_V1,34,17,CAPACITY_RESPONSE_S34_I17,security_wait_p95_seconds,MEAN_OF_REPLICATION_LEVEL_METRIC,50,4.08053895778,3.23095116607,0.456925495843,0.95,3.16231279612,4.99876511944,EXPLORATORY_SENSITIVITY_NOT_CONFIRMATORY
1.0,TASK3_CAPACITY_RESPONSE_SURFACE_EXPLORATORY_V1,34,17,CAPACITY_RESPONSE_S34_I17,immigration_wait_p95_seconds,MEAN_OF_REPLICATION_LEVEL_METRIC,50,19.3061105687,9.14332018535,1.29306074112,0.95,16.7076077232,21.9046134142,EXPLORATORY_SENSITIVITY_NOT_CONFIRMATORY
1.0,TASK3_CAPACITY_RESPONSE_SURFACE_EXPLORATORY_V1,34,16,CAPACITY_RESPONSE_S34_I16,total_queue_wait_p95_seconds,MEAN_OF_REPLICATION_LEVEL_METRIC,50,35.6092292366,12.9909422968,1.83719667842,0.95,31.917244286,39.3012141873,EXPLORATORY_SENSITIVITY_NOT_CONFIRMATORY
1.0,TASK3_CAPACITY_RESPONSE_SURFACE_EXPLORATORY_V1,34,16,CAPACITY_RESPONSE_S34_I16,total_queue_wait_mean_seconds,MEAN_OF_REPLICATION_LEVEL_METRIC,50,17.8150163813,7.59116908408,1.0735534273,0.95,15.6576299981,19.9724027645,EXPLORATORY_SENSITIVITY_NOT_CONFIRMATORY
1.0,TASK3_CAPACITY_RESPONSE_SURFACE_EXPLORATORY_V1,34,16,CAPACITY_RESPONSE_S34_I16,peak_total_waiting_queue,MEAN_OF_REPLICATION_LEVEL_METRIC,50,47.46,15.9887843343,2.26115556515,0.95,42.916037769,52.003962231,EXPLORATORY_SENSITIVITY_NOT_CONFIRMATORY
1.0,TASK3_CAPACITY_RESPONSE_SURFACE_EXPLORATORY_V1,34,16,CAPACITY_RESPONSE_S34_I16,time_weighted_mean_total_waiting_queue,MEAN_OF_REPLICATION_LEVEL_METRIC,50,18.8504747687,8.59138115021,1.21500477421,0.95,16.4088312614,21.2921182759,EXPLORATORY_SENSITIVITY_NOT_CONFIRMATORY
1.0,TASK3_CAPACITY_RESPONSE_SURFACE_EXPLORATORY_V1,34,16,CAPACITY_RESPONSE_S34_I16,cutoff_backlog,MEAN_OF_REPLICATION_LEVEL_METRIC,50,87.1,18.153821209,2.56733801627,0.95,81.9407410972,92.2592589028,EXPLORATORY_SENSITIVITY_NOT_CONFIRMATORY
1.0,TASK3_CAPACITY_RESPONSE_SURFACE_EXPLORATORY_V1,34,16,CAPACITY_RESPONSE_S34_I16,cohort_clear_time_after_cutoff_seconds,MEAN_OF_REPLICATION_LEVEL_METRIC,50,70.4205768616,14.6152549934,2.06690918293,0.95,66.2669673502,74.574186373,EXPLORATORY_SENSITIVITY_NOT_CONFIRMATORY
1.0,TASK3_CAPACITY_RESPONSE_SURFACE_EXPLORATORY_V1,34,16,CAPACITY_RESPONSE_S34_I16,security_wait_p95_seconds,MEAN_OF_REPLICATION_LEVEL_METRIC,50,4.08053895778,3.23095116607,0.456925495843,0.95,3.16231279612,4.99876511944,EXPLORATORY_SENSITIVITY_NOT_CONFIRMATORY
1.0,TASK3_CAPACITY_RESPONSE_SURFACE_EXPLORATORY_V1,34,16,CAPACITY_RESPONSE_S34_I16,immigration_wait_p95_seconds,MEAN_OF_REPLICATION_LEVEL_METRIC,50,34.3240220154,12.3537082017,1.74707816844,0.95,30.8131369907,37.83490704,EXPLORATORY_SENSITIVITY_NOT_CONFIRMATORY
1.0,TASK3_CAPACITY_RESPONSE_SURFACE_EXPLORATORY_V1,33,21,CAPACITY_RESPONSE_S33_I21,total_queue_wait_p95_seconds,MEAN_OF_REPLICATION_LEVEL_METRIC,50,5.70142152142,3.74058135049,0.528998087703,0.95,4.63836006388,6.76448297896,EXPLORATORY_SENSITIVITY_NOT_CONFIRMATORY
1.0,TASK3_CAPACITY_RESPONSE_SURFACE_EXPLORATORY_V1,33,21,CAPACITY_RESPONSE_S33_I21,total_queue_wait_mean_seconds,MEAN_OF_REPLICATION_LEVEL_METRIC,50,1.51029806472,1.68545371786,0.238359150655,0.95,1.03129741802,1.98929871142,EXPLORATORY_SENSITIVITY_NOT_CONFIRMATORY
1.0,TASK3_CAPACITY_RESPONSE_SURFACE_EXPLORATORY_V1,33,21,CAPACITY_RESPONSE_S33_I21,peak_total_waiting_queue,MEAN_OF_REPLICATION_LEVEL_METRIC,50,12.8,6.31163486696,0.892599962961,0.95,11.0062532178,14.5937467822,EXPLORATORY_SENSITIVITY_NOT_CONFIRMATORY
1.0,TASK3_CAPACITY_RESPONSE_SURFACE_EXPLORATORY_V1,33,21,CAPACITY_RESPONSE_S33_I21,time_weighted_mean_total_waiting_queue,MEAN_OF_REPLICATION_LEVEL_METRIC,50,2.08454415449,2.51780083243,0.356070808457,0.95,1.36899307515,2.80009523383,EXPLORATORY_SENSITIVITY_NOT_CONFIRMATORY
1.0,TASK3_CAPACITY_RESPONSE_SURFACE_EXPLORATORY_V1,33,21,CAPACITY_RESPONSE_S33_I21,cutoff_backlog,MEAN_OF_REPLICATION_LEVEL_METRIC,50,52.16,8.94281150148,1.26470453111,0.95,49.618481092,54.701518908,EXPLORATORY_SENSITIVITY_NOT_CONFIRMATORY
1.0,TASK3_CAPACITY_RESPONSE_SURFACE_EXPLORATORY_V1,33,21,CAPACITY_RESPONSE_S33_I21,cohort_clear_time_after_cutoff_seconds,MEAN_OF_REPLICATION_LEVEL_METRIC,50,36.6870860363,3.37678415883,0.477549395463,0.95,35.7274145967,37.6467574759,EXPLORATORY_SENSITIVITY_NOT_CONFIRMATORY
1.0,TASK3_CAPACITY_RESPONSE_SURFACE_EXPLORATORY_V1,33,21,CAPACITY_RESPONSE_S33_I21,security_wait_p95_seconds,MEAN_OF_REPLICATION_LEVEL_METRIC,50,5.32913806508,3.78654549219,0.53549839896,0.95,4.25301374301,6.40526238715,EXPLORATORY_SENSITIVITY_NOT_CONFIRMATORY
1.0,TASK3_CAPACITY_RESPONSE_SURFACE_EXPLORATORY_V1,33,21,CAPACITY_RESPONSE_S33_I21,immigration_wait_p95_seconds,MEAN_OF_REPLICATION_LEVEL_METRIC,50,1.41028680152,0.678729559177,0.0959868547772,0.95,1.21739399507,1.60317960797,EXPLORATORY_SENSITIVITY_NOT_CONFIRMATORY
1.0,TASK3_CAPACITY_RESPONSE_SURFACE_EXPLORATORY_V1,33,20,CAPACITY_RESPONSE_S33_I20,total_queue_wait_p95_seconds,MEAN_OF_REPLICATION_LEVEL_METRIC,50,6.14691006548,3.77126289219,0.533337112941,0.95,5.07512901027,7.21869112069,EXPLORATORY_SENSITIVITY_NOT_CONFIRMATORY
1.0,TASK3_CAPACITY_RESPONSE_SURFACE_EXPLORATORY_V1,33,20,CAPACITY_RESPONSE_S33_I20,total_queue_wait_mean_seconds,MEAN_OF_REPLICATION_LEVEL_METRIC,50,1.74744271626,1.75809193014,0.24863174515,0.95,1.24779851804,2.24708691448,EXPLORATORY_SENSITIVITY_NOT_CONFIRMATORY
1.0,TASK3_CAPACITY_RESPONSE_SURFACE_EXPLORATORY_V1,33,20,CAPACITY_RESPONSE_S33_I20,peak_total_waiting_queue,MEAN_OF_REPLICATION_LEVEL_METRIC,50,13.06,6.27079398026,0.886824189373,0.95,11.2778600693,14.8421399307,EXPLORATORY_SENSITIVITY_NOT_CONFIRMATORY
1.0,TASK3_CAPACITY_RESPONSE_SURFACE_EXPLORATORY_V1,33,20,CAPACITY_RESPONSE_S33_I20,time_weighted_mean_total_waiting_queue,MEAN_OF_REPLICATION_LEVEL_METRIC,50,2.37547929741,2.62011547584,0.370540284091,0.95,1.63085071814,3.12010787668,EXPLORATORY_SENSITIVITY_NOT_CONFIRMATORY
1.0,TASK3_CAPACITY_RESPONSE_SURFACE_EXPLORATORY_V1,33,20,CAPACITY_RESPONSE_S33_I20,cutoff_backlog,MEAN_OF_REPLICATION_LEVEL_METRIC,50,52.4,9.00566714999,1.27359366217,0.95,49.8406177143,54.9593822857,EXPLORATORY_SENSITIVITY_NOT_CONFIRMATORY
1.0,TASK3_CAPACITY_RESPONSE_SURFACE_EXPLORATORY_V1,33,20,CAPACITY_RESPONSE_S33_I20,cohort_clear_time_after_cutoff_seconds,MEAN_OF_REPLICATION_LEVEL_METRIC,50,36.9761028547,3.55282801698,0.502445756639,0.95,35.9664003042,37.9858054052,EXPLORATORY_SENSITIVITY_NOT_CONFIRMATORY
1.0,TASK3_CAPACITY_RESPONSE_SURFACE_EXPLORATORY_V1,33,20,CAPACITY_RESPONSE_S33_I20,security_wait_p95_seconds,MEAN_OF_REPLICATION_LEVEL_METRIC,50,5.32913806508,3.78654549219,0.53549839896,0.95,4.25301374301,6.40526238715,EXPLORATORY_SENSITIVITY_NOT_CONFIRMATORY
1.0,TASK3_CAPACITY_RESPONSE_SURFACE_EXPLORATORY_V1,33,20,CAPACITY_RESPONSE_S33_I20,immigration_wait_p95_seconds,MEAN_OF_REPLICATION_LEVEL_METRIC,50,2.24150337246,0.686282657891,0.0970550242411,0.95,2.04646399911,2.43654274581,EXPLORATORY_SENSITIVITY_NOT_CONFIRMATORY
1.0,TASK3_CAPACITY_RESPONSE_SURFACE_EXPLORATORY_V1,33,19,CAPACITY_RESPONSE_S33_I19,total_queue_wait_p95_seconds,MEAN_OF_REPLICATION_LEVEL_METRIC,50,7.7792284028,4.55403210378,0.644037396465,0.95,6.48498679908,9.07347000652,EXPLORATORY_SENSITIVITY_NOT_CONFIRMATORY
1.0,TASK3_CAPACITY_RESPONSE_SURFACE_EXPLORATORY_V1,33,19,CAPACITY_RESPONSE_S33_I19,total_queue_wait_mean_seconds,MEAN_OF_REPLICATION_LEVEL_METRIC,50,2.61922918874,2.37592007676,0.336005839568,0.95,1.94400017401,3.29445820347,EXPLORATORY_SENSITIVITY_NOT_CONFIRMATORY
1.0,TASK3_CAPACITY_RESPONSE_SURFACE_EXPLORATORY_V1,33,19,CAPACITY_RESPONSE_S33_I19,peak_total_waiting_queue,MEAN_OF_REPLICATION_LEVEL_METRIC,50,14.24,7.03217097143,0.994499156072,0.95,12.2414791226,16.2385208774,EXPLORATORY_SENSITIVITY_NOT_CONFIRMATORY
1.0,TASK3_CAPACITY_RESPONSE_SURFACE_EXPLORATORY_V1,33,19,CAPACITY_RESPONSE_S33_I19,time_weighted_mean_total_waiting_queue,MEAN_OF_REPLICATION_LEVEL_METRIC,50,3.40730059333,3.34316187969,0.472794487146,0.95,2.45718449971,4.35741668695,EXPLORATORY_SENSITIVITY_NOT_CONFIRMATORY
1.0,TASK3_CAPACITY_RESPONSE_SURFACE_EXPLORATORY_V1,33,19,CAPACITY_RESPONSE_S33_I19,cutoff_backlog,MEAN_OF_REPLICATION_LEVEL_METRIC,50,53.82,9.99120020982,1.41296908411,0.95,50.9805323177,56.6594676823,EXPLORATORY_SENSITIVITY_NOT_CONFIRMATORY
1.0,TASK3_CAPACITY_RESPONSE_SURFACE_EXPLORATORY_V1,33,19,CAPACITY_RESPONSE_S33_I19,cohort_clear_time_after_cutoff_seconds,MEAN_OF_REPLICATION_LEVEL_METRIC,50,38.4435391323,4.7127807036,0.666487838752,0.95,37.1041816757,39.7828965889,EXPLORATORY_SENSITIVITY_NOT_CONFIRMATORY
1.0,TASK3_CAPACITY_RESPONSE_SURFACE_EXPLORATORY_V1,33,19,CAPACITY_RESPONSE_S33_I19,security_wait_p95_seconds,MEAN_OF_REPLICATION_LEVEL_METRIC,50,5.32913806508,3.78654549219,0.53549839896,0.95,4.25301374301,6.40526238715,EXPLORATORY_SENSITIVITY_NOT_CONFIRMATORY
1.0,TASK3_CAPACITY_RESPONSE_SURFACE_EXPLORATORY_V1,33,19,CAPACITY_RESPONSE_S33_I19,immigration_wait_p95_seconds,MEAN_OF_REPLICATION_LEVEL_METRIC,50,4.07734887628,1.65089354348,0.233471603922,0.95,3.60817012247,4.54652763009,EXPLORATORY_SENSITIVITY_NOT_CONFIRMATORY
1.0,TASK3_CAPACITY_RESPONSE_SURFACE_EXPLORATORY_V1,33,18,CAPACITY_RESPONSE_S33_I18,total_queue_wait_p95_seconds,MEAN_OF_REPLICATION_LEVEL_METRIC,50,12.2621815396,6.6295233187,0.937556178937,0.95,10.378091859,14.1462712202,EXPLORATORY_SENSITIVITY_NOT_CONFIRMATORY
1.0,TASK3_CAPACITY_RESPONSE_SURFACE_EXPLORATORY_V1,33,18,CAPACITY_RESPONSE_S33_I18,total_queue_wait_mean_seconds,MEAN_OF_REPLICATION_LEVEL_METRIC,50,5.06566449326,3.90513196746,0.552269059124,0.95,3.95583826781,6.17549071871,EXPLORATORY_SENSITIVITY_NOT_CONFIRMATORY
1.0,TASK3_CAPACITY_RESPONSE_SURFACE_EXPLORATORY_V1,33,18,CAPACITY_RESPONSE_S33_I18,peak_total_waiting_queue,MEAN_OF_REPLICATION_LEVEL_METRIC,50,18.7,9.21899104666,1.30376221696,0.95,16.0799917337,21.3200082663,EXPLORATORY_SENSITIVITY_NOT_CONFIRMATORY
1.0,TASK3_CAPACITY_RESPONSE_SURFACE_EXPLORATORY_V1,33,18,CAPACITY_RESPONSE_S33_I18,time_weighted_mean_total_waiting_queue,MEAN_OF_REPLICATION_LEVEL_METRIC,50,6.18165831821,5.06629933173,0.716482922598,0.95,4.74183197913,7.62148465729,EXPLORATORY_SENSITIVITY_NOT_CONFIRMATORY
1.0,TASK3_CAPACITY_RESPONSE_SURFACE_EXPLORATORY_V1,33,18,CAPACITY_RESPONSE_S33_I18,cutoff_backlog,MEAN_OF_REPLICATION_LEVEL_METRIC,50,58.98,12.6208282661,1.78485465023,0.95,55.393200293,62.566799707,EXPLORATORY_SENSITIVITY_NOT_CONFIRMATORY
1.0,TASK3_CAPACITY_RESPONSE_SURFACE_EXPLORATORY_V1,33,18,CAPACITY_RESPONSE_S33_I18,cohort_clear_time_after_cutoff_seconds,MEAN_OF_REPLICATION_LEVEL_METRIC,50,43.5517419306,7.95594537048,1.12514058444,0.95,41.2906872738,45.8127965874,EXPLORATORY_SENSITIVITY_NOT_CONFIRMATORY
1.0,TASK3_CAPACITY_RESPONSE_SURFACE_EXPLORATORY_V1,33,18,CAPACITY_RESPONSE_S33_I18,security_wait_p95_seconds,MEAN_OF_REPLICATION_LEVEL_METRIC,50,5.32913806508,3.78654549219,0.53549839896,0.95,4.25301374301,6.40526238715,EXPLORATORY_SENSITIVITY_NOT_CONFIRMATORY
1.0,TASK3_CAPACITY_RESPONSE_SURFACE_EXPLORATORY_V1,33,18,CAPACITY_RESPONSE_S33_I18,immigration_wait_p95_seconds,MEAN_OF_REPLICATION_LEVEL_METRIC,50,9.06463669604,4.7864962674,0.67691279376,0.95,7.704329508,10.4249438841,EXPLORATORY_SENSITIVITY_NOT_CONFIRMATORY
1.0,TASK3_CAPACITY_RESPONSE_SURFACE_EXPLORATORY_V1,33,17,CAPACITY_RESPONSE_S33_I17,total_queue_wait_p95_seconds,MEAN_OF_REPLICATION_LEVEL_METRIC,50,20.9273569613,9.83322687726,1.39062828117,0.95,18.1327848034,23.7219291192,EXPLORATORY_SENSITIVITY_NOT_CONFIRMATORY
1.0,TASK3_CAPACITY_RESPONSE_SURFACE_EXPLORATORY_V1,33,17,CAPACITY_RESPONSE_S33_I17,total_queue_wait_mean_seconds,MEAN_OF_REPLICATION_LEVEL_METRIC,50,9.96461821182,5.89018762166,0.832998321947,0.95,8.29064541146,11.6385910122,EXPLORATORY_SENSITIVITY_NOT_CONFIRMATORY
1.0,TASK3_CAPACITY_RESPONSE_SURFACE_EXPLORATORY_V1,33,17,CAPACITY_RESPONSE_S33_I17,peak_total_waiting_queue,MEAN_OF_REPLICATION_LEVEL_METRIC,50,29.42,12.9048163766,1.82501663398,0.95,25.752491765,33.087508235,EXPLORATORY_SENSITIVITY_NOT_CONFIRMATORY
1.0,TASK3_CAPACITY_RESPONSE_SURFACE_EXPLORATORY_V1,33,17,CAPACITY_RESPONSE_S33_I17,time_weighted_mean_total_waiting_queue,MEAN_OF_REPLICATION_LEVEL_METRIC,50,11.3501033226,7.1085540782,1.00530135863,0.95,9.32987460647,13.3703320388,EXPLORATORY_SENSITIVITY_NOT_CONFIRMATORY
1.0,TASK3_CAPACITY_RESPONSE_SURFACE_EXPLORATORY_V1,33,17,CAPACITY_RESPONSE_S33_I17,cutoff_backlog,MEAN_OF_REPLICATION_LEVEL_METRIC,50,70.62,15.9077570604,2.24969657818,0.95,66.0990654654,75.1409345346,EXPLORATORY_SENSITIVITY_NOT_CONFIRMATORY
1.0,TASK3_CAPACITY_RESPONSE_SURFACE_EXPLORATORY_V1,33,17,CAPACITY_RESPONSE_S33_I17,cohort_clear_time_after_cutoff_seconds,MEAN_OF_REPLICATION_LEVEL_METRIC,50,53.686145454,11.8843898098,1.68070652496,0.95,50.3086392405,57.0636516674,EXPLORATORY_SENSITIVITY_NOT_CONFIRMATORY
1.0,TASK3_CAPACITY_RESPONSE_SURFACE_EXPLORATORY_V1,33,17,CAPACITY_RESPONSE_S33_I17,security_wait_p95_seconds,MEAN_OF_REPLICATION_LEVEL_METRIC,50,5.32913806508,3.78654549219,0.53549839896,0.95,4.25301374301,6.40526238715,EXPLORATORY_SENSITIVITY_NOT_CONFIRMATORY
1.0,TASK3_CAPACITY_RESPONSE_SURFACE_EXPLORATORY_V1,33,17,CAPACITY_RESPONSE_S33_I17,immigration_wait_p95_seconds,MEAN_OF_REPLICATION_LEVEL_METRIC,50,18.3712039278,8.48082548458,1.19936984204,0.95,15.9609799931,20.7814278625,EXPLORATORY_SENSITIVITY_NOT_CONFIRMATORY
1.0,TASK3_CAPACITY_RESPONSE_SURFACE_EXPLORATORY_V1,33,16,CAPACITY_RESPONSE_S33_I16,total_queue_wait_p95_seconds,MEAN_OF_REPLICATION_LEVEL_METRIC,50,35.6092292366,12.9909422968,1.83719667842,0.95,31.917244286,39.3012141873,EXPLORATORY_SENSITIVITY_NOT_CONFIRMATORY
1.0,TASK3_CAPACITY_RESPONSE_SURFACE_EXPLORATORY_V1,33,16,CAPACITY_RESPONSE_S33_I16,total_queue_wait_mean_seconds,MEAN_OF_REPLICATION_LEVEL_METRIC,50,17.8150163813,7.59116908408,1.0735534273,0.95,15.6576299981,19.9724027645,EXPLORATORY_SENSITIVITY_NOT_CONFIRMATORY
1.0,TASK3_CAPACITY_RESPONSE_SURFACE_EXPLORATORY_V1,33,16,CAPACITY_RESPONSE_S33_I16,peak_total_waiting_queue,MEAN_OF_REPLICATION_LEVEL_METRIC,50,46.66,15.8919951612,2.24746750902,0.95,42.1435449476,51.1764550524,EXPLORATORY_SENSITIVITY_NOT_CONFIRMATORY
1.0,TASK3_CAPACITY_RESPONSE_SURFACE_EXPLORATORY_V1,33,16,CAPACITY_RESPONSE_S33_I16,time_weighted_mean_total_waiting_queue,MEAN_OF_REPLICATION_LEVEL_METRIC,50,18.9363130792,8.63677297822,1.22142414809,0.95,16.4817693572,21.3908568013,EXPLORATORY_SENSITIVITY_NOT_CONFIRMATORY
1.0,TASK3_CAPACITY_RESPONSE_SURFACE_EXPLORATORY_V1,33,16,CAPACITY_RESPONSE_S33_I16,cutoff_backlog,MEAN_OF_REPLICATION_LEVEL_METRIC,50,87.1,18.153821209,2.56733801627,0.95,81.9407410972,92.2592589028,EXPLORATORY_SENSITIVITY_NOT_CONFIRMATORY
1.0,TASK3_CAPACITY_RESPONSE_SURFACE_EXPLORATORY_V1,33,16,CAPACITY_RESPONSE_S33_I16,cohort_clear_time_after_cutoff_seconds,MEAN_OF_REPLICATION_LEVEL_METRIC,50,70.4205768616,14.6152549934,2.06690918293,0.95,66.2669673502,74.574186373,EXPLORATORY_SENSITIVITY_NOT_CONFIRMATORY
1.0,TASK3_CAPACITY_RESPONSE_SURFACE_EXPLORATORY_V1,33,16,CAPACITY_RESPONSE_S33_I16,security_wait_p95_seconds,MEAN_OF_REPLICATION_LEVEL_METRIC,50,5.32913806508,3.78654549219,0.53549839896,0.95,4.25301374301,6.40526238715,EXPLORATORY_SENSITIVITY_NOT_CONFIRMATORY
1.0,TASK3_CAPACITY_RESPONSE_SURFACE_EXPLORATORY_V1,33,16,CAPACITY_RESPONSE_S33_I16,immigration_wait_p95_seconds,MEAN_OF_REPLICATION_LEVEL_METRIC,50,33.4573183328,11.7464182651,1.66119440198,0.95,30.1190231985,36.7956134671,EXPLORATORY_SENSITIVITY_NOT_CONFIRMATORY
1.0,TASK3_CAPACITY_RESPONSE_SURFACE_EXPLORATORY_V1,32,21,CAPACITY_RESPONSE_S32_I21,total_queue_wait_p95_seconds,MEAN_OF_REPLICATION_LEVEL_METRIC,50,7.09406580436,4.43522756147,0.627235896964,0.95,5.83358807798,8.35454353074,EXPLORATORY_SENSITIVITY_NOT_CONFIRMATORY
1.0,TASK3_CAPACITY_RESPONSE_SURFACE_EXPLORATORY_V1,32,21,CAPACITY_RESPONSE_S32_I21,total_queue_wait_mean_seconds,MEAN_OF_REPLICATION_LEVEL_METRIC,50,2.1600986285,2.22542597363,0.314722759397,0.95,1.52763956466,2.79255769234,EXPLORATORY_SENSITIVITY_NOT_CONFIRMATORY
1.0,TASK3_CAPACITY_RESPONSE_SURFACE_EXPLORATORY_V1,32,21,CAPACITY_RESPONSE_S32_I21,peak_total_waiting_queue,MEAN_OF_REPLICATION_LEVEL_METRIC,50,14.68,7.05500256729,0.997728031324,0.95,12.6749904549,16.6850095451,EXPLORATORY_SENSITIVITY_NOT_CONFIRMATORY
1.0,TASK3_CAPACITY_RESPONSE_SURFACE_EXPLORATORY_V1,32,21,CAPACITY_RESPONSE_S32_I21,time_weighted_mean_total_waiting_queue,MEAN_OF_REPLICATION_LEVEL_METRIC,50,2.97836712671,3.28236112149,0.464195961462,0.95,2.04553041738,3.91120383604,EXPLORATORY_SENSITIVITY_NOT_CONFIRMATORY
1.0,TASK3_CAPACITY_RESPONSE_SURFACE_EXPLORATORY_V1,32,21,CAPACITY_RESPONSE_S32_I21,cutoff_backlog,MEAN_OF_REPLICATION_LEVEL_METRIC,50,53.4,9.89743318611,1.39970842445,0.95,50.587180611,56.212819389,EXPLORATORY_SENSITIVITY_NOT_CONFIRMATORY
1.0,TASK3_CAPACITY_RESPONSE_SURFACE_EXPLORATORY_V1,32,21,CAPACITY_RESPONSE_S32_I21,cohort_clear_time_after_cutoff_seconds,MEAN_OF_REPLICATION_LEVEL_METRIC,50,37.8462625326,4.59972915222,0.650499935032,0.95,36.5390339714,39.1534910938,EXPLORATORY_SENSITIVITY_NOT_CONFIRMATORY
1.0,TASK3_CAPACITY_RESPONSE_SURFACE_EXPLORATORY_V1,32,21,CAPACITY_RESPONSE_S32_I21,security_wait_p95_seconds,MEAN_OF_REPLICATION_LEVEL_METRIC,50,6.8978270258,4.45788430087,0.630440043778,0.95,5.63091032533,8.16474372627,EXPLORATORY_SENSITIVITY_NOT_CONFIRMATORY
1.0,TASK3_CAPACITY_RESPONSE_SURFACE_EXPLORATORY_V1,32,21,CAPACITY_RESPONSE_S32_I21,immigration_wait_p95_seconds,MEAN_OF_REPLICATION_LEVEL_METRIC,50,1.06765799668,0.69413013006,0.0981648243983,0.95,0.870388396412,1.26492759695,EXPLORATORY_SENSITIVITY_NOT_CONFIRMATORY
1.0,TASK3_CAPACITY_RESPONSE_SURFACE_EXPLORATORY_V1,32,20,CAPACITY_RESPONSE_S32_I20,total_queue_wait_p95_seconds,MEAN_OF_REPLICATION_LEVEL_METRIC,50,7.36462570714,4.47146316433,0.632360385065,0.95,6.09384993637,8.63540147791,EXPLORATORY_SENSITIVITY_NOT_CONFIRMATORY
1.0,TASK3_CAPACITY_RESPONSE_SURFACE_EXPLORATORY_V1,32,20,CAPACITY_RESPONSE_S32_I20,total_queue_wait_mean_seconds,MEAN_OF_REPLICATION_LEVEL_METRIC,50,2.32876258066,2.2686246458,0.320831974202,0.95,1.68402659002,2.9734985713,EXPLORATORY_SENSITIVITY_NOT_CONFIRMATORY
1.0,TASK3_CAPACITY_RESPONSE_SURFACE_EXPLORATORY_V1,32,20,CAPACITY_RESPONSE_S32_I20,peak_total_waiting_queue,MEAN_OF_REPLICATION_LEVEL_METRIC,50,14.82,7.03254823616,0.994552509362,0.95,12.8213719052,16.8186280948,EXPLORATORY_SENSITIVITY_NOT_CONFIRMATORY
1.0,TASK3_CAPACITY_RESPONSE_SURFACE_EXPLORATORY_V1,32,20,CAPACITY_RESPONSE_S32_I20,time_weighted_mean_total_waiting_queue,MEAN_OF_REPLICATION_LEVEL_METRIC,50,3.18667735856,3.34489179983,0.4730391348,0.95,2.23606962707,4.13728509004,EXPLORATORY_SENSITIVITY_NOT_CONFIRMATORY
1.0,TASK3_CAPACITY_RESPONSE_SURFACE_EXPLORATORY_V1,32,20,CAPACITY_RESPONSE_S32_I20,cutoff_backlog,MEAN_OF_REPLICATION_LEVEL_METRIC,50,53.58,9.8521519456,1.39330469,0.95,50.7800493972,56.3799506028,EXPLORATORY_SENSITIVITY_NOT_CONFIRMATORY
1.0,TASK3_CAPACITY_RESPONSE_SURFACE_EXPLORATORY_V1,32,20,CAPACITY_RESPONSE_S32_I20,cohort_clear_time_after_cutoff_seconds,MEAN_OF_REPLICATION_LEVEL_METRIC,50,38.1206023163,4.60428869671,0.651144751997,0.95,36.8120779469,39.4291266857,EXPLORATORY_SENSITIVITY_NOT_CONFIRMATORY
1.0,TASK3_CAPACITY_RESPONSE_SURFACE_EXPLORATORY_V1,32,20,CAPACITY_RESPONSE_S32_I20,security_wait_p95_seconds,MEAN_OF_REPLICATION_LEVEL_METRIC,50,6.8978270258,4.45788430087,0.630440043778,0.95,5.63091032533,8.16474372627,EXPLORATORY_SENSITIVITY_NOT_CONFIRMATORY
1.0,TASK3_CAPACITY_RESPONSE_SURFACE_EXPLORATORY_V1,32,20,CAPACITY_RESPONSE_S32_I20,immigration_wait_p95_seconds,MEAN_OF_REPLICATION_LEVEL_METRIC,50,1.86729616616,0.687502700993,0.0972275643912,0.95,1.67191006039,2.06268227193,EXPLORATORY_SENSITIVITY_NOT_CONFIRMATORY
1.0,TASK3_CAPACITY_RESPONSE_SURFACE_EXPLORATORY_V1,32,19,CAPACITY_RESPONSE_S32_I19,total_queue_wait_p95_seconds,MEAN_OF_REPLICATION_LEVEL_METRIC,50,8.16707836386,4.61911955503,0.653242152095,0.95,6.85433911116,9.47981761656,EXPLORATORY_SENSITIVITY_NOT_CONFIRMATORY
1.0,TASK3_CAPACITY_RESPONSE_SURFACE_EXPLORATORY_V1,32,19,CAPACITY_RESPONSE_S32_I19,total_queue_wait_mean_seconds,MEAN_OF_REPLICATION_LEVEL_METRIC,50,2.81824835784,2.45378131015,0.347017080792,0.95,2.12089142542,3.51560529026,EXPLORATORY_SENSITIVITY_NOT_CONFIRMATORY
1.0,TASK3_CAPACITY_RESPONSE_SURFACE_EXPLORATORY_V1,32,19,CAPACITY_RESPONSE_S32_I19,peak_total_waiting_queue,MEAN_OF_REPLICATION_LEVEL_METRIC,50,15.46,7.24275852286,1.0242807332,0.95,13.4016308027,17.5183691973,EXPLORATORY_SENSITIVITY_NOT_CONFIRMATORY
1.0,TASK3_CAPACITY_RESPONSE_SURFACE_EXPLORATORY_V1,32,19,CAPACITY_RESPONSE_S32_I19,time_weighted_mean_total_waiting_queue,MEAN_OF_REPLICATION_LEVEL_METRIC,50,3.78011152733,3.58487927091,0.506978488439,0.95,2.76130011121,4.79892294346,EXPLORATORY_SENSITIVITY_NOT_CONFIRMATORY
1.0,TASK3_CAPACITY_RESPONSE_SURFACE_EXPLORATORY_V1,32,19,CAPACITY_RESPONSE_S32_I19,cutoff_backlog,MEAN_OF_REPLICATION_LEVEL_METRIC,50,54.34,10.1571529034,1.4364383391,0.95,51.4533690841,57.2266309159,EXPLORATORY_SENSITIVITY_NOT_CONFIRMATORY
1.0,TASK3_CAPACITY_RESPONSE_SURFACE_EXPLORATORY_V1,32,19,CAPACITY_RESPONSE_S32_I19,cohort_clear_time_after_cutoff_seconds,MEAN_OF_REPLICATION_LEVEL_METRIC,50,38.820637487,4.89925638553,0.692859482596,0.95,37.428284228,40.212990746,EXPLORATORY_SENSITIVITY_NOT_CONFIRMATORY
1.0,TASK3_CAPACITY_RESPONSE_SURFACE_EXPLORATORY_V1,32,19,CAPACITY_RESPONSE_S32_I19,security_wait_p95_seconds,MEAN_OF_REPLICATION_LEVEL_METRIC,50,6.8978270258,4.45788430087,0.630440043778,0.95,5.63091032533,8.16474372627,EXPLORATORY_SENSITIVITY_NOT_CONFIRMATORY
1.0,TASK3_CAPACITY_RESPONSE_SURFACE_EXPLORATORY_V1,32,19,CAPACITY_RESPONSE_S32_I19,immigration_wait_p95_seconds,MEAN_OF_REPLICATION_LEVEL_METRIC,50,2.89365239688,0.725792924405,0.102642619717,0.95,2.68738433002,3.09992046374,EXPLORATORY_SENSITIVITY_NOT_CONFIRMATORY
1.0,TASK3_CAPACITY_RESPONSE_SURFACE_EXPLORATORY_V1,32,18,CAPACITY_RESPONSE_S32_I18,total_queue_wait_p95_seconds,MEAN_OF_REPLICATION_LEVEL_METRIC,50,12.3196005154,6.62611368922,0.937073984513,0.95,10.4364798408,14.20272119,EXPLORATORY_SENSITIVITY_NOT_CONFIRMATORY
1.0,TASK3_CAPACITY_RESPONSE_SURFACE_EXPLORATORY_V1,32,18,CAPACITY_RESPONSE_S32_I18,total_queue_wait_mean_seconds,MEAN_OF_REPLICATION_LEVEL_METRIC,50,5.12083326674,3.92123736023,0.554546705612,0.95,4.00642993931,6.23523659417,EXPLORATORY_SENSITIVITY_NOT_CONFIRMATORY
1.0,TASK3_CAPACITY_RESPONSE_SURFACE_EXPLORATORY_V1,32,18,CAPACITY_RESPONSE_S32_I18,peak_total_waiting_queue,MEAN_OF_REPLICATION_LEVEL_METRIC,50,19.44,9.41592225099,1.33161249496,0.95,16.7640245047,22.1159754953,EXPLORATORY_SENSITIVITY_NOT_CONFIRMATORY
1.0,TASK3_CAPACITY_RESPONSE_SURFACE_EXPLORATORY_V1,32,18,CAPACITY_RESPONSE_S32_I18,time_weighted_mean_total_waiting_queue,MEAN_OF_REPLICATION_LEVEL_METRIC,50,6.38083477542,5.20541406115,0.736156716304,0.95,4.90147246769,7.86019708315,EXPLORATORY_SENSITIVITY_NOT_CONFIRMATORY
1.0,TASK3_CAPACITY_RESPONSE_SURFACE_EXPLORATORY_V1,32,18,CAPACITY_RESPONSE_S32_I18,cutoff_backlog,MEAN_OF_REPLICATION_LEVEL_METRIC,50,59.12,12.7000562428,1.79605917815,0.95,55.5106839512,62.7293160488,EXPLORATORY_SENSITIVITY_NOT_CONFIRMATORY
1.0,TASK3_CAPACITY_RESPONSE_SURFACE_EXPLORATORY_V1,32,18,CAPACITY_RESPONSE_S32_I18,cohort_clear_time_after_cutoff_seconds,MEAN_OF_REPLICATION_LEVEL_METRIC,50,43.5852421422,7.9679448992,1.12683757407,0.95,41.3207772571,45.8497070274,EXPLORATORY_SENSITIVITY_NOT_CONFIRMATORY
1.0,TASK3_CAPACITY_RESPONSE_SURFACE_EXPLORATORY_V1,32,18,CAPACITY_RESPONSE_S32_I18,security_wait_p95_seconds,MEAN_OF_REPLICATION_LEVEL_METRIC,50,6.8978270258,4.45788430087,0.630440043778,0.95,5.63091032533,8.16474372627,EXPLORATORY_SENSITIVITY_NOT_CONFIRMATORY
1.0,TASK3_CAPACITY_RESPONSE_SURFACE_EXPLORATORY_V1,32,18,CAPACITY_RESPONSE_S32_I18,immigration_wait_p95_seconds,MEAN_OF_REPLICATION_LEVEL_METRIC,50,7.41269027446,3.53211257323,0.49951615049,0.95,6.40887498789,8.41650556103,EXPLORATORY_SENSITIVITY_NOT_CONFIRMATORY
1.0,TASK3_CAPACITY_RESPONSE_SURFACE_EXPLORATORY_V1,32,17,CAPACITY_RESPONSE_S32_I17,total_queue_wait_p95_seconds,MEAN_OF_REPLICATION_LEVEL_METRIC,50,20.930709311,9.83619356781,1.39104783457,0.95,18.1352940289,23.726124593,EXPLORATORY_SENSITIVITY_NOT_CONFIRMATORY
1.0,TASK3_CAPACITY_RESPONSE_SURFACE_EXPLORATORY_V1,32,17,CAPACITY_RESPONSE_S32_I17,total_queue_wait_mean_seconds,MEAN_OF_REPLICATION_LEVEL_METRIC,50,9.97529652974,5.89454761631,0.833614918304,0.95,8.30008463261,11.6505084269,EXPLORATORY_SENSITIVITY_NOT_CONFIRMATORY
1.0,TASK3_CAPACITY_RESPONSE_SURFACE_EXPLORATORY_V1,32,17,CAPACITY_RESPONSE_S32_I17,peak_total_waiting_queue,MEAN_OF_REPLICATION_LEVEL_METRIC,50,29.24,13.0705464183,1.84845440124,0.95,25.5253918083,32.9546081917,EXPLORATORY_SENSITIVITY_NOT_CONFIRMATORY
1.0,TASK3_CAPACITY_RESPONSE_SURFACE_EXPLORATORY_V1,32,17,CAPACITY_RESPONSE_S32_I17,time_weighted_mean_total_waiting_queue,MEAN_OF_REPLICATION_LEVEL_METRIC,50,11.4946853073,7.21066154626,1.01974153524,0.95,9.44543796985,13.5439326448,EXPLORATORY_SENSITIVITY_NOT_CONFIRMATORY
1.0,TASK3_CAPACITY_RESPONSE_SURFACE_EXPLORATORY_V1,32,17,CAPACITY_RESPONSE_S32_I17,cutoff_backlog,MEAN_OF_REPLICATION_LEVEL_METRIC,50,70.64,15.8960398097,2.24803950869,0.95,66.1223954712,75.1576045288,EXPLORATORY_SENSITIVITY_NOT_CONFIRMATORY
1.0,TASK3_CAPACITY_RESPONSE_SURFACE_EXPLORATORY_V1,32,17,CAPACITY_RESPONSE_S32_I17,cohort_clear_time_after_cutoff_seconds,MEAN_OF_REPLICATION_LEVEL_METRIC,50,53.686145454,11.8843898098,1.68070652496,0.95,50.3086392405,57.0636516674,EXPLORATORY_SENSITIVITY_NOT_CONFIRMATORY
1.0,TASK3_CAPACITY_RESPONSE_SURFACE_EXPLORATORY_V1,32,17,CAPACITY_RESPONSE_S32_I17,security_wait_p95_seconds,MEAN_OF_REPLICATION_LEVEL_METRIC,50,6.8978270258,4.45788430087,0.630440043778,0.95,5.63091032533,8.16474372627,EXPLORATORY_SENSITIVITY_NOT_CONFIRMATORY
1.0,TASK3_CAPACITY_RESPONSE_SURFACE_EXPLORATORY_V1,32,17,CAPACITY_RESPONSE_S32_I17,immigration_wait_p95_seconds,MEAN_OF_REPLICATION_LEVEL_METRIC,50,16.916274031,7.49674641875,1.06020004591,0.95,14.7857222723,19.0468257896,EXPLORATORY_SENSITIVITY_NOT_CONFIRMATORY
1.0,TASK3_CAPACITY_RESPONSE_SURFACE_EXPLORATORY_V1,32,16,CAPACITY_RESPONSE_S32_I16,total_queue_wait_p95_seconds,MEAN_OF_REPLICATION_LEVEL_METRIC,50,35.6092292366,12.9909422968,1.83719667842,0.95,31.917244286,39.3012141873,EXPLORATORY_SENSITIVITY_NOT_CONFIRMATORY
1.0,TASK3_CAPACITY_RESPONSE_SURFACE_EXPLORATORY_V1,32,16,CAPACITY_RESPONSE_S32_I16,total_queue_wait_mean_seconds,MEAN_OF_REPLICATION_LEVEL_METRIC,50,17.8150163813,7.59116908408,1.0735534273,0.95,15.6576299981,19.9724027645,EXPLORATORY_SENSITIVITY_NOT_CONFIRMATORY
1.0,TASK3_CAPACITY_RESPONSE_SURFACE_EXPLORATORY_V1,32,16,CAPACITY_RESPONSE_S32_I16,peak_total_waiting_queue,MEAN_OF_REPLICATION_LEVEL_METRIC,50,46.08,15.9435739726,2.25476185448,0.95,41.5488864116,50.6111135884,EXPLORATORY_SENSITIVITY_NOT_CONFIRMATORY
1.0,TASK3_CAPACITY_RESPONSE_SURFACE_EXPLORATORY_V1,32,16,CAPACITY_RESPONSE_S32_I16,time_weighted_mean_total_waiting_queue,MEAN_OF_REPLICATION_LEVEL_METRIC,50,19.0676405138,8.7223683461,1.23352916111,0.95,16.5887708574,21.5465101702,EXPLORATORY_SENSITIVITY_NOT_CONFIRMATORY
1.0,TASK3_CAPACITY_RESPONSE_SURFACE_EXPLORATORY_V1,32,16,CAPACITY_RESPONSE_S32_I16,cutoff_backlog,MEAN_OF_REPLICATION_LEVEL_METRIC,50,87.1,18.153821209,2.56733801627,0.95,81.9407410972,92.2592589028,EXPLORATORY_SENSITIVITY_NOT_CONFIRMATORY
1.0,TASK3_CAPACITY_RESPONSE_SURFACE_EXPLORATORY_V1,32,16,CAPACITY_RESPONSE_S32_I16,cohort_clear_time_after_cutoff_seconds,MEAN_OF_REPLICATION_LEVEL_METRIC,50,70.4205768616,14.6152549934,2.06690918293,0.95,66.2669673502,74.574186373,EXPLORATORY_SENSITIVITY_NOT_CONFIRMATORY
1.0,TASK3_CAPACITY_RESPONSE_SURFACE_EXPLORATORY_V1,32,16,CAPACITY_RESPONSE_S32_I16,security_wait_p95_seconds,MEAN_OF_REPLICATION_LEVEL_METRIC,50,6.8978270258,4.45788430087,0.630440043778,0.95,5.63091032533,8.16474372627,EXPLORATORY_SENSITIVITY_NOT_CONFIRMATORY
1.0,TASK3_CAPACITY_RESPONSE_SURFACE_EXPLORATORY_V1,32,16,CAPACITY_RESPONSE_S32_I16,immigration_wait_p95_seconds,MEAN_OF_REPLICATION_LEVEL_METRIC,50,32.0199608355,10.8745034292,1.53788702336,0.95,28.9294611559,35.1104605152,EXPLORATORY_SENSITIVITY_NOT_CONFIRMATORY
1.0,TASK3_CAPACITY_RESPONSE_SURFACE_EXPLORATORY_V1,31,21,CAPACITY_RESPONSE_S31_I21,total_queue_wait_p95_seconds,MEAN_OF_REPLICATION_LEVEL_METRIC,50,9.33206562774,5.45475399231,0.771418707533,0.95,7.78184169562,10.8822895599,EXPLORATORY_SENSITIVITY_NOT_CONFIRMATORY
1.0,TASK3_CAPACITY_RESPONSE_SURFACE_EXPLORATORY_V1,31,21,CAPACITY_RESPONSE_S31_I21,total_queue_wait_mean_seconds,MEAN_OF_REPLICATION_LEVEL_METRIC,50,3.28377987884,3.01248685602,0.426029976825,0.95,2.42764058714,4.13991917054,EXPLORATORY_SENSITIVITY_NOT_CONFIRMATORY
1.0,TASK3_CAPACITY_RESPONSE_SURFACE_EXPLORATORY_V1,31,21,CAPACITY_RESPONSE_S31_I21,peak_total_waiting_queue,MEAN_OF_REPLICATION_LEVEL_METRIC,50,17.62,8.19629084852,1.15913056791,0.95,15.2906399141,19.9493600859,EXPLORATORY_SENSITIVITY_NOT_CONFIRMATORY
1.0,TASK3_CAPACITY_RESPONSE_SURFACE_EXPLORATORY_V1,31,21,CAPACITY_RESPONSE_S31_I21,time_weighted_mean_total_waiting_queue,MEAN_OF_REPLICATION_LEVEL_METRIC,50,4.49050528612,4.35685078573,0.616151747042,0.95,3.25230199295,5.72870857929,EXPLORATORY_SENSITIVITY_NOT_CONFIRMATORY
1.0,TASK3_CAPACITY_RESPONSE_SURFACE_EXPLORATORY_V1,31,21,CAPACITY_RESPONSE_S31_I21,cutoff_backlog,MEAN_OF_REPLICATION_LEVEL_METRIC,50,55.82,11.2752030617,1.59455450883,0.95,52.6156227448,59.0243772552,EXPLORATORY_SENSITIVITY_NOT_CONFIRMATORY
1.0,TASK3_CAPACITY_RESPONSE_SURFACE_EXPLORATORY_V1,31,21,CAPACITY_RESPONSE_S31_I21,cohort_clear_time_after_cutoff_seconds,MEAN_OF_REPLICATION_LEVEL_METRIC,50,40.2072273605,6.11248643423,0.864436121512,0.95,38.4700779366,41.9443767843,EXPLORATORY_SENSITIVITY_NOT_CONFIRMATORY
1.0,TASK3_CAPACITY_RESPONSE_SURFACE_EXPLORATORY_V1,31,21,CAPACITY_RESPONSE_S31_I21,security_wait_p95_seconds,MEAN_OF_REPLICATION_LEVEL_METRIC,50,9.22386171002,5.44999149123,0.770745188172,0.95,7.67499126573,10.7727321543,EXPLORATORY_SENSITIVITY_NOT_CONFIRMATORY
1.0,TASK3_CAPACITY_RESPONSE_SURFACE_EXPLORATORY_V1,31,21,CAPACITY_RESPONSE_S31_I21,immigration_wait_p95_seconds,MEAN_OF_REPLICATION_LEVEL_METRIC,50,0.75784985114,0.684239437076,0.0967660691824,0.95,0.563391154717,0.952308547563,EXPLORATORY_SENSITIVITY_NOT_CONFIRMATORY
1.0,TASK3_CAPACITY_RESPONSE_SURFACE_EXPLORATORY_V1,31,20,CAPACITY_RESPONSE_S31_I20,total_queue_wait_p95_seconds,MEAN_OF_REPLICATION_LEVEL_METRIC,50,9.48391963226,5.47455342156,0.774218769671,0.95,7.92806876461,11.0397704999,EXPLORATORY_SENSITIVITY_NOT_CONFIRMATORY
1.0,TASK3_CAPACITY_RESPONSE_SURFACE_EXPLORATORY_V1,31,20,CAPACITY_RESPONSE_S31_I20,total_queue_wait_mean_seconds,MEAN_OF_REPLICATION_LEVEL_METRIC,50,3.41456235656,3.04561031879,0.430714341853,0.95,2.5490094809,4.28011523222,EXPLORATORY_SENSITIVITY_NOT_CONFIRMATORY
1.0,TASK3_CAPACITY_RESPONSE_SURFACE_EXPLORATORY_V1,31,20,CAPACITY_RESPONSE_S31_I20,peak_total_waiting_queue,MEAN_OF_REPLICATION_LEVEL_METRIC,50,17.72,8.18919148285,1.15812656599,0.95,15.3926575315,20.0473424685,EXPLORATORY_SENSITIVITY_NOT_CONFIRMATORY
1.0,TASK3_CAPACITY_RESPONSE_SURFACE_EXPLORATORY_V1,31,20,CAPACITY_RESPONSE_S31_I20,time_weighted_mean_total_waiting_queue,MEAN_OF_REPLICATION_LEVEL_METRIC,50,4.65069864794,4.40572524023,0.623063638683,0.95,3.39860538848,5.90279190739,EXPLORATORY_SENSITIVITY_NOT_CONFIRMATORY
1.0,TASK3_CAPACITY_RESPONSE_SURFACE_EXPLORATORY_V1,31,20,CAPACITY_RESPONSE_S31_I20,cutoff_backlog,MEAN_OF_REPLICATION_LEVEL_METRIC,50,55.98,11.296540919,1.59757213756,0.95,52.7695585928,59.1904414072,EXPLORATORY_SENSITIVITY_NOT_CONFIRMATORY
1.0,TASK3_CAPACITY_RESPONSE_SURFACE_EXPLORATORY_V1,31,20,CAPACITY_RESPONSE_S31_I20,cohort_clear_time_after_cutoff_seconds,MEAN_OF_REPLICATION_LEVEL_METRIC,50,40.4265683777,6.14591053833,0.869163003644,0.95,38.6799199286,42.1732168269,EXPLORATORY_SENSITIVITY_NOT_CONFIRMATORY
1.0,TASK3_CAPACITY_RESPONSE_SURFACE_EXPLORATORY_V1,31,20,CAPACITY_RESPONSE_S31_I20,security_wait_p95_seconds,MEAN_OF_REPLICATION_LEVEL_METRIC,50,9.22386171002,5.44999149123,0.770745188172,0.95,7.67499126573,10.7727321543,EXPLORATORY_SENSITIVITY_NOT_CONFIRMATORY
1.0,TASK3_CAPACITY_RESPONSE_SURFACE_EXPLORATORY_V1,31,20,CAPACITY_RESPONSE_S31_I20,immigration_wait_p95_seconds,MEAN_OF_REPLICATION_LEVEL_METRIC,50,1.47797986454,0.70393480696,0.0995514151029,0.95,1.27792380593,1.67803592315,EXPLORATORY_SENSITIVITY_NOT_CONFIRMATORY
1.0,TASK3_CAPACITY_RESPONSE_SURFACE_EXPLORATORY_V1,31,19,CAPACITY_RESPONSE_S31_I19,total_queue_wait_p95_seconds,MEAN_OF_REPLICATION_LEVEL_METRIC,50,9.8707138994,5.49683141148,0.777369353219,0.95,8.30853169707,11.4328961017,EXPLORATORY_SENSITIVITY_NOT_CONFIRMATORY
1.0,TASK3_CAPACITY_RESPONSE_SURFACE_EXPLORATORY_V1,31,19,CAPACITY_RESPONSE_S31_I19,total_queue_wait_mean_seconds,MEAN_OF_REPLICATION_LEVEL_METRIC,50,3.71061620476,3.11223192559,0.440136059842,0.95,2.82612967793,4.59510273159,EXPLORATORY_SENSITIVITY_NOT_CONFIRMATORY
1.0,TASK3_CAPACITY_RESPONSE_SURFACE_EXPLORATORY_V1,31,19,CAPACITY_RESPONSE_S31_I19,peak_total_waiting_queue,MEAN_OF_REPLICATION_LEVEL_METRIC,50,18.04,8.26588760867,1.16897303612,0.95,15.6908607337,20.3891392663,EXPLORATORY_SENSITIVITY_NOT_CONFIRMATORY
1.0,TASK3_CAPACITY_RESPONSE_SURFACE_EXPLORATORY_V1,31,19,CAPACITY_RESPONSE_S31_I19,time_weighted_mean_total_waiting_queue,MEAN_OF_REPLICATION_LEVEL_METRIC,50,5.01195001113,4.50030661201,0.636439464554,0.95,3.73297702323,6.29092299903,EXPLORATORY_SENSITIVITY_NOT_CONFIRMATORY
1.0,TASK3_CAPACITY_RESPONSE_SURFACE_EXPLORATORY_V1,31,19,CAPACITY_RESPONSE_S31_I19,cutoff_backlog,MEAN_OF_REPLICATION_LEVEL_METRIC,50,56.32,11.3577088808,1.60622259367,0.95,53.0921748504,59.5478251496,EXPLORATORY_SENSITIVITY_NOT_CONFIRMATORY
1.0,TASK3_CAPACITY_RESPONSE_SURFACE_EXPLORATORY_V1,31,19,CAPACITY_RESPONSE_S31_I19,cohort_clear_time_after_cutoff_seconds,MEAN_OF_REPLICATION_LEVEL_METRIC,50,40.8753467132,6.2201880289,0.879667427098,0.95,39.1075888348,42.6431045916,EXPLORATORY_SENSITIVITY_NOT_CONFIRMATORY
1.0,TASK3_CAPACITY_RESPONSE_SURFACE_EXPLORATORY_V1,31,19,CAPACITY_RESPONSE_S31_I19,security_wait_p95_seconds,MEAN_OF_REPLICATION_LEVEL_METRIC,50,9.22386171002,5.44999149123,0.770745188172,0.95,7.67499126573,10.7727321543,EXPLORATORY_SENSITIVITY_NOT_CONFIRMATORY
1.0,TASK3_CAPACITY_RESPONSE_SURFACE_EXPLORATORY_V1,31,19,CAPACITY_RESPONSE_S31_I19,immigration_wait_p95_seconds,MEAN_OF_REPLICATION_LEVEL_METRIC,50,2.31626808298,0.657425178935,0.0929739604295,0.95,2.1294299144,2.50310625156,EXPLORATORY_SENSITIVITY_NOT_CONFIRMATORY
1.0,TASK3_CAPACITY_RESPONSE_SURFACE_EXPLORATORY_V1,31,18,CAPACITY_RESPONSE_S31_I18,total_queue_wait_p95_seconds,MEAN_OF_REPLICATION_LEVEL_METRIC,50,12.5201251378,6.64767585869,0.940123335762,0.95,10.6308765624,14.4093737132,EXPLORATORY_SENSITIVITY_NOT_CONFIRMATORY
1.0,TASK3_CAPACITY_RESPONSE_SURFACE_EXPLORATORY_V1,31,18,CAPACITY_RESPONSE_S31_I18,total_queue_wait_mean_seconds,MEAN_OF_REPLICATION_LEVEL_METRIC,50,5.26866438662,3.96362069952,0.560540614937,0.95,4.14221584744,6.3951129258,EXPLORATORY_SENSITIVITY_NOT_CONFIRMATORY
1.0,TASK3_CAPACITY_RESPONSE_SURFACE_EXPLORATORY_V1,31,18,CAPACITY_RESPONSE_S31_I18,peak_total_waiting_queue,MEAN_OF_REPLICATION_LEVEL_METRIC,50,20.58,9.56628859856,1.35287750777,0.95,17.8612908615,23.2987091385,EXPLORATORY_SENSITIVITY_NOT_CONFIRMATORY
1.0,TASK3_CAPACITY_RESPONSE_SURFACE_EXPLORATORY_V1,31,18,CAPACITY_RESPONSE_S31_I18,time_weighted_mean_total_waiting_queue,MEAN_OF_REPLICATION_LEVEL_METRIC,50,6.77279022005,5.43723124134,0.768940616326,0.95,5.22754619865,8.31803424144,EXPLORATORY_SENSITIVITY_NOT_CONFIRMATORY
1.0,TASK3_CAPACITY_RESPONSE_SURFACE_EXPLORATORY_V1,31,18,CAPACITY_RESPONSE_S31_I18,cutoff_backlog,MEAN_OF_REPLICATION_LEVEL_METRIC,50,59.52,12.887646355,1.82258842623,0.95,55.8573714312,63.1826285688,EXPLORATORY_SENSITIVITY_NOT_CONFIRMATORY
1.0,TASK3_CAPACITY_RESPONSE_SURFACE_EXPLORATORY_V1,31,18,CAPACITY_RESPONSE_S31_I18,cohort_clear_time_after_cutoff_seconds,MEAN_OF_REPLICATION_LEVEL_METRIC,50,43.802800248,7.99248383677,1.1303079039,0.95,41.531361474,46.0742390221,EXPLORATORY_SENSITIVITY_NOT_CONFIRMATORY
1.0,TASK3_CAPACITY_RESPONSE_SURFACE_EXPLORATORY_V1,31,18,CAPACITY_RESPONSE_S31_I18,security_wait_p95_seconds,MEAN_OF_REPLICATION_LEVEL_METRIC,50,9.22386171002,5.44999149123,0.770745188172,0.95,7.67499126573,10.7727321543,EXPLORATORY_SENSITIVITY_NOT_CONFIRMATORY
1.0,TASK3_CAPACITY_RESPONSE_SURFACE_EXPLORATORY_V1,31,18,CAPACITY_RESPONSE_S31_I18,immigration_wait_p95_seconds,MEAN_OF_REPLICATION_LEVEL_METRIC,50,5.0600579745,1.85755258822,0.262697606308,0.95,4.53214737001,5.58796857899,EXPLORATORY_SENSITIVITY_NOT_CONFIRMATORY
1.0,TASK3_CAPACITY_RESPONSE_SURFACE_EXPLORATORY_V1,31,17,CAPACITY_RESPONSE_S31_I17,total_queue_wait_p95_seconds,MEAN_OF_REPLICATION_LEVEL_METRIC,50,20.9566394717,9.86284542966,1.39481697702,0.95,18.1536498143,23.759629129,EXPLORATORY_SENSITIVITY_NOT_CONFIRMATORY
1.0,TASK3_CAPACITY_RESPONSE_SURFACE_EXPLORATORY_V1,31,17,CAPACITY_RESPONSE_S31_I17,total_queue_wait_mean_seconds,MEAN_OF_REPLICATION_LEVEL_METRIC,50,10.0123051209,5.90894944808,0.835651644886,0.95,8.33300026845,11.6916099733,EXPLORATORY_SENSITIVITY_NOT_CONFIRMATORY
1.0,TASK3_CAPACITY_RESPONSE_SURFACE_EXPLORATORY_V1,31,17,CAPACITY_RESPONSE_S31_I17,peak_total_waiting_queue,MEAN_OF_REPLICATION_LEVEL_METRIC,50,29.8,13.3217636879,1.88398188821,0.95,26.0139966503,33.5860033497,EXPLORATORY_SENSITIVITY_NOT_CONFIRMATORY
1.0,TASK3_CAPACITY_RESPONSE_SURFACE_EXPLORATORY_V1,31,17,CAPACITY_RESPONSE_S31_I17,time_weighted_mean_total_waiting_queue,MEAN_OF_REPLICATION_LEVEL_METRIC,50,11.75359844,7.38389116299,1.04423990258,0.95,9.65511979019,13.8520770899,EXPLORATORY_SENSITIVITY_NOT_CONFIRMATORY
1.0,TASK3_CAPACITY_RESPONSE_SURFACE_EXPLORATORY_V1,31,17,CAPACITY_RESPONSE_S31_I17,cutoff_backlog,MEAN_OF_REPLICATION_LEVEL_METRIC,50,70.7,15.9274503129,2.25248162465,0.95,66.173468705,75.226531295,EXPLORATORY_SENSITIVITY_NOT_CONFIRMATORY
1.0,TASK3_CAPACITY_RESPONSE_SURFACE_EXPLORATORY_V1,31,17,CAPACITY_RESPONSE_S31_I17,cohort_clear_time_after_cutoff_seconds,MEAN_OF_REPLICATION_LEVEL_METRIC,50,53.7211476668,11.9002107953,1.68294395018,0.95,50.339145179,57.1031501546,EXPLORATORY_SENSITIVITY_NOT_CONFIRMATORY
1.0,TASK3_CAPACITY_RESPONSE_SURFACE_EXPLORATORY_V1,31,17,CAPACITY_RESPONSE_S31_I17,security_wait_p95_seconds,MEAN_OF_REPLICATION_LEVEL_METRIC,50,9.22386171002,5.44999149123,0.770745188172,0.95,7.67499126573,10.7727321543,EXPLORATORY_SENSITIVITY_NOT_CONFIRMATORY
1.0,TASK3_CAPACITY_RESPONSE_SURFACE_EXPLORATORY_V1,31,17,CAPACITY_RESPONSE_S31_I17,immigration_wait_p95_seconds,MEAN_OF_REPLICATION_LEVEL_METRIC,50,14.5175231554,6.03956184734,0.854123027529,0.95,12.8010986698,16.233947641,EXPLORATORY_SENSITIVITY_NOT_CONFIRMATORY
1.0,TASK3_CAPACITY_RESPONSE_SURFACE_EXPLORATORY_V1,31,16,CAPACITY_RESPONSE_S31_I16,total_queue_wait_p95_seconds,MEAN_OF_REPLICATION_LEVEL_METRIC,50,35.6126698371,12.9895790477,1.83700388588,0.95,31.9210723175,39.3042673566,EXPLORATORY_SENSITIVITY_NOT_CONFIRMATORY
1.0,TASK3_CAPACITY_RESPONSE_SURFACE_EXPLORATORY_V1,31,16,CAPACITY_RESPONSE_S31_I16,total_queue_wait_mean_seconds,MEAN_OF_REPLICATION_LEVEL_METRIC,50,17.8248494675,7.59157281984,1.07361052416,0.95,15.6673483438,19.9823505911,EXPLORATORY_SENSITIVITY_NOT_CONFIRMATORY
1.0,TASK3_CAPACITY_RESPONSE_SURFACE_EXPLORATORY_V1,31,16,CAPACITY_RESPONSE_S31_I16,peak_total_waiting_queue,MEAN_OF_REPLICATION_LEVEL_METRIC,50,46.1,16.114703642,2.27896324441,0.95,41.5202518977,50.6797481023,EXPLORATORY_SENSITIVITY_NOT_CONFIRMATORY
1.0,TASK3_CAPACITY_RESPONSE_SURFACE_EXPLORATORY_V1,31,16,CAPACITY_RESPONSE_S31_I16,time_weighted_mean_total_waiting_queue,MEAN_OF_REPLICATION_LEVEL_METRIC,50,19.2930079921,8.86598491223,1.25383961067,0.95,16.7733229592,21.812693025,EXPLORATORY_SENSITIVITY_NOT_CONFIRMATORY
1.0,TASK3_CAPACITY_RESPONSE_SURFACE_EXPLORATORY_V1,31,16,CAPACITY_RESPONSE_S31_I16,cutoff_backlog,MEAN_OF_REPLICATION_LEVEL_METRIC,50,87.12,18.1463888576,2.56628692305,0.95,81.9628533481,92.2771466519,EXPLORATORY_SENSITIVITY_NOT_CONFIRMATORY
1.0,TASK3_CAPACITY_RESPONSE_SURFACE_EXPLORATORY_V1,31,16,CAPACITY_RESPONSE_S31_I16,cohort_clear_time_after_cutoff_seconds,MEAN_OF_REPLICATION_LEVEL_METRIC,50,70.4577953689,14.6077218068,2.06584382945,0.95,66.3063267655,74.6092639724,EXPLORATORY_SENSITIVITY_NOT_CONFIRMATORY
1.0,TASK3_CAPACITY_RESPONSE_SURFACE_EXPLORATORY_V1,31,16,CAPACITY_RESPONSE_S31_I16,security_wait_p95_seconds,MEAN_OF_REPLICATION_LEVEL_METRIC,50,9.22386171002,5.44999149123,0.770745188172,0.95,7.67499126573,10.7727321543,EXPLORATORY_SENSITIVITY_NOT_CONFIRMATORY
1.0,TASK3_CAPACITY_RESPONSE_SURFACE_EXPLORATORY_V1,31,16,CAPACITY_RESPONSE_S31_I16,immigration_wait_p95_seconds,MEAN_OF_REPLICATION_LEVEL_METRIC,50,29.703838118,9.47920789997,1.34056243727,0.95,27.0098770402,32.3977991957,EXPLORATORY_SENSITIVITY_NOT_CONFIRMATORY
1.0,TASK3_CAPACITY_RESPONSE_SURFACE_EXPLORATORY_V1,30,21,CAPACITY_RESPONSE_S30_I21,total_queue_wait_p95_seconds,MEAN_OF_REPLICATION_LEVEL_METRIC,50,12.6112887612,6.96402076028,0.984861260784,0.95,10.6321359595,14.5904415629,EXPLORATORY_SENSITIVITY_NOT_CONFIRMATORY
1.0,TASK3_CAPACITY_RESPONSE_SURFACE_EXPLORATORY_V1,30,21,CAPACITY_RESPONSE_S30_I21,total_queue_wait_mean_seconds,MEAN_OF_REPLICATION_LEVEL_METRIC,50,5.08720576772,4.06941227869,0.575501803541,0.95,3.9306915944,6.24371994104,EXPLORATORY_SENSITIVITY_NOT_CONFIRMATORY
1.0,TASK3_CAPACITY_RESPONSE_SURFACE_EXPLORATORY_V1,30,21,CAPACITY_RESPONSE_S30_I21,peak_total_waiting_queue,MEAN_OF_REPLICATION_LEVEL_METRIC,50,21.82,9.95026407198,1.40717983998,0.95,18.9921662394,24.6478337606,EXPLORATORY_SENSITIVITY_NOT_CONFIRMATORY
1.0,TASK3_CAPACITY_RESPONSE_SURFACE_EXPLORATORY_V1,30,21,CAPACITY_RESPONSE_S30_I21,time_weighted_mean_total_waiting_queue,MEAN_OF_REPLICATION_LEVEL_METRIC,50,6.83790177418,5.72815708708,0.810083743995,0.95,5.20997754225,8.46582600611,EXPLORATORY_SENSITIVITY_NOT_CONFIRMATORY
1.0,TASK3_CAPACITY_RESPONSE_SURFACE_EXPLORATORY_V1,30,21,CAPACITY_RESPONSE_S30_I21,cutoff_backlog,MEAN_OF_REPLICATION_LEVEL_METRIC,50,59.8,13.1831679944,1.86438149727,0.95,56.0533851105,63.5466148895,EXPLORATORY_SENSITIVITY_NOT_CONFIRMATORY
1.0,TASK3_CAPACITY_RESPONSE_SURFACE_EXPLORATORY_V1,30,21,CAPACITY_RESPONSE_S30_I21,cohort_clear_time_after_cutoff_seconds,MEAN_OF_REPLICATION_LEVEL_METRIC,50,44.0904015957,8.47855186439,1.19904830359,0.95,41.6808238166,46.4999793747,EXPLORATORY_SENSITIVITY_NOT_CONFIRMATORY
1.0,TASK3_CAPACITY_RESPONSE_SURFACE_EXPLORATORY_V1,30,21,CAPACITY_RESPONSE_S30_I21,security_wait_p95_seconds,MEAN_OF_REPLICATION_LEVEL_METRIC,50,12.56025941,6.98098117488,0.987259825618,0.95,10.5762865118,14.5442323082,EXPLORATORY_SENSITIVITY_NOT_CONFIRMATORY
1.0,TASK3_CAPACITY_RESPONSE_SURFACE_EXPLORATORY_V1,30,21,CAPACITY_RESPONSE_S30_I21,immigration_wait_p95_seconds,MEAN_OF_REPLICATION_LEVEL_METRIC,50,0.47561796768,0.666539640295,0.0942629399165,0.95,0.286189497845,0.665046437515,EXPLORATORY_SENSITIVITY_NOT_CONFIRMATORY
1.0,TASK3_CAPACITY_RESPONSE_SURFACE_EXPLORATORY_V1,30,20,CAPACITY_RESPONSE_S30_I20,total_queue_wait_p95_seconds,MEAN_OF_REPLICATION_LEVEL_METRIC,50,12.6937984062,6.97042877851,0.985767491412,0.95,10.7128244659,14.6747723465,EXPLORATORY_SENSITIVITY_NOT_CONFIRMATORY
1.0,TASK3_CAPACITY_RESPONSE_SURFACE_EXPLORATORY_V1,30,20,CAPACITY_RESPONSE_S30_I20,total_queue_wait_mean_seconds,MEAN_OF_REPLICATION_LEVEL_METRIC,50,5.17495721478,4.08835747035,0.578181058239,0.95,4.01305887756,6.336855552,EXPLORATORY_SENSITIVITY_NOT_CONFIRMATORY
1.0,TASK3_CAPACITY_RESPONSE_SURFACE_EXPLORATORY_V1,30,20,CAPACITY_RESPONSE_S30_I20,peak_total_waiting_queue,MEAN_OF_REPLICATION_LEVEL_METRIC,50,21.84,9.96188655193,1.40882350686,0.95,19.0088631671,24.6711368329,EXPLORATORY_SENSITIVITY_NOT_CONFIRMATORY
1.0,TASK3_CAPACITY_RESPONSE_SURFACE_EXPLORATORY_V1,30,20,CAPACITY_RESPONSE_S30_I20,time_weighted_mean_total_waiting_queue,MEAN_OF_REPLICATION_LEVEL_METRIC,50,6.94597742539,5.75565391412,0.813972382567,0.95,5.31023868167,8.5817161691,EXPLORATORY_SENSITIVITY_NOT_CONFIRMATORY
1.0,TASK3_CAPACITY_RESPONSE_SURFACE_EXPLORATORY_V1,30,20,CAPACITY_RESPONSE_S30_I20,cutoff_backlog,MEAN_OF_REPLICATION_LEVEL_METRIC,50,59.94,13.1930872437,1.86578429096,0.95,56.1905660911,63.6894339089,EXPLORATORY_SENSITIVITY_NOT_CONFIRMATORY
1.0,TASK3_CAPACITY_RESPONSE_SURFACE_EXPLORATORY_V1,30,20,CAPACITY_RESPONSE_S30_I20,cohort_clear_time_after_cutoff_seconds,MEAN_OF_REPLICATION_LEVEL_METRIC,50,44.1814690878,8.44991047319,1.1949977992,0.95,41.7800311021,46.5829070735,EXPLORATORY_SENSITIVITY_NOT_CONFIRMATORY
1.0,TASK3_CAPACITY_RESPONSE_SURFACE_EXPLORATORY_V1,30,20,CAPACITY_RESPONSE_S30_I20,security_wait_p95_seconds,MEAN_OF_REPLICATION_LEVEL_METRIC,50,12.56025941,6.98098117488,0.987259825618,0.95,10.5762865118,14.5442323082,EXPLORATORY_SENSITIVITY_NOT_CONFIRMATORY
1.0,TASK3_CAPACITY_RESPONSE_SURFACE_EXPLORATORY_V1,30,20,CAPACITY_RESPONSE_S30_I20,immigration_wait_p95_seconds,MEAN_OF_REPLICATION_LEVEL_METRIC,50,1.04840513344,0.838251229903,0.1185466258,0.95,0.810176769786,1.28663349709,EXPLORATORY_SENSITIVITY_NOT_CONFIRMATORY
1.0,TASK3_CAPACITY_RESPONSE_SURFACE_EXPLORATORY_V1,30,19,CAPACITY_RESPONSE_S30_I19,total_queue_wait_p95_seconds,MEAN_OF_REPLICATION_LEVEL_METRIC,50,12.8925681065,6.98577174387,0.987937314382,0.95,10.9072337437,14.8779024693,EXPLORATORY_SENSITIVITY_NOT_CONFIRMATORY
1.0,TASK3_CAPACITY_RESPONSE_SURFACE_EXPLORATORY_V1,30,19,CAPACITY_RESPONSE_S30_I19,total_queue_wait_mean_seconds,MEAN_OF_REPLICATION_LEVEL_METRIC,50,5.3667029285,4.13190653739,0.584339826364,0.95,4.19242808337,6.54097777363,EXPLORATORY_SENSITIVITY_NOT_CONFIRMATORY
1.0,TASK3_CAPACITY_RESPONSE_SURFACE_EXPLORATORY_V1,30,19,CAPACITY_RESPONSE_S30_I19,peak_total_waiting_queue,MEAN_OF_REPLICATION_LEVEL_METRIC,50,21.98,9.94164606746,1.40596107009,0.95,19.1546154492,24.8053845508,EXPLORATORY_SENSITIVITY_NOT_CONFIRMATORY
1.0,TASK3_CAPACITY_RESPONSE_SURFACE_EXPLORATORY_V1,30,19,CAPACITY_RESPONSE_S30_I19,time_weighted_mean_total_waiting_queue,MEAN_OF_REPLICATION_LEVEL_METRIC,50,7.18042557786,5.81685606172,0.822627673286,0.95,5.52729337625,8.83355777947,EXPLORATORY_SENSITIVITY_NOT_CONFIRMATORY
1.0,TASK3_CAPACITY_RESPONSE_SURFACE_EXPLORATORY_V1,30,19,CAPACITY_RESPONSE_S30_I19,cutoff_backlog,MEAN_OF_REPLICATION_LEVEL_METRIC,50,60.22,13.1898074439,1.86532045723,0.95,56.4714981998,63.9685018002,EXPLORATORY_SENSITIVITY_NOT_CONFIRMATORY
1.0,TASK3_CAPACITY_RESPONSE_SURFACE_EXPLORATORY_V1,30,19,CAPACITY_RESPONSE_S30_I19,cohort_clear_time_after_cutoff_seconds,MEAN_OF_REPLICATION_LEVEL_METRIC,50,44.3719121701,8.43925019206,1.19349020779,0.95,41.9735038028,46.7703205375,EXPLORATORY_SENSITIVITY_NOT_CONFIRMATORY
1.0,TASK3_CAPACITY_RESPONSE_SURFACE_EXPLORATORY_V1,30,19,CAPACITY_RESPONSE_S30_I19,security_wait_p95_seconds,MEAN_OF_REPLICATION_LEVEL_METRIC,50,12.56025941,6.98098117488,0.987259825618,0.95,10.5762865118,14.5442323082,EXPLORATORY_SENSITIVITY_NOT_CONFIRMATORY
1.0,TASK3_CAPACITY_RESPONSE_SURFACE_EXPLORATORY_V1,30,19,CAPACITY_RESPONSE_S30_I19,immigration_wait_p95_seconds,MEAN_OF_REPLICATION_LEVEL_METRIC,50,1.85926666676,0.747506727091,0.105713415142,0.95,1.64682760546,2.07170572806,EXPLORATORY_SENSITIVITY_NOT_CONFIRMATORY
1.0,TASK3_CAPACITY_RESPONSE_SURFACE_EXPLORATORY_V1,30,18,CAPACITY_RESPONSE_S30_I18,total_queue_wait_p95_seconds,MEAN_OF_REPLICATION_LEVEL_METRIC,50,13.5561421372,7.0548644825,0.997708503186,0.95,11.5511718354,15.5611124391,EXPLORATORY_SENSITIVITY_NOT_CONFIRMATORY
1.0,TASK3_CAPACITY_RESPONSE_SURFACE_EXPLORATORY_V1,30,18,CAPACITY_RESPONSE_S30_I18,total_queue_wait_mean_seconds,MEAN_OF_REPLICATION_LEVEL_METRIC,50,5.89613083734,4.25025703609,0.601077114401,0.95,4.68822115263,7.10404052205,EXPLORATORY_SENSITIVITY_NOT_CONFIRMATORY
1.0,TASK3_CAPACITY_RESPONSE_SURFACE_EXPLORATORY_V1,30,18,CAPACITY_RESPONSE_S30_I18,peak_total_waiting_queue,MEAN_OF_REPLICATION_LEVEL_METRIC,50,22.48,10.043253396,1.42033051629,0.95,19.6257389659,25.3342610341,EXPLORATORY_SENSITIVITY_NOT_CONFIRMATORY
1.0,TASK3_CAPACITY_RESPONSE_SURFACE_EXPLORATORY_V1,30,18,CAPACITY_RESPONSE_S30_I18,time_weighted_mean_total_waiting_queue,MEAN_OF_REPLICATION_LEVEL_METRIC,50,7.81980438947,5.97539661602,0.845048693493,0.95,6.12161546086,9.51799331808,EXPLORATORY_SENSITIVITY_NOT_CONFIRMATORY
1.0,TASK3_CAPACITY_RESPONSE_SURFACE_EXPLORATORY_V1,30,18,CAPACITY_RESPONSE_S30_I18,cutoff_backlog,MEAN_OF_REPLICATION_LEVEL_METRIC,50,61,13.5013226865,1.90937536533,0.95,57.1629665475,64.8370334525,EXPLORATORY_SENSITIVITY_NOT_CONFIRMATORY
1.0,TASK3_CAPACITY_RESPONSE_SURFACE_EXPLORATORY_V1,30,18,CAPACITY_RESPONSE_S30_I18,cohort_clear_time_after_cutoff_seconds,MEAN_OF_REPLICATION_LEVEL_METRIC,50,44.9496280339,8.47706213325,1.19883762379,0.95,42.5404736318,47.3587824361,EXPLORATORY_SENSITIVITY_NOT_CONFIRMATORY
1.0,TASK3_CAPACITY_RESPONSE_SURFACE_EXPLORATORY_V1,30,18,CAPACITY_RESPONSE_S30_I18,security_wait_p95_seconds,MEAN_OF_REPLICATION_LEVEL_METRIC,50,12.56025941,6.98098117488,0.987259825618,0.95,10.5762865118,14.5442323082,EXPLORATORY_SENSITIVITY_NOT_CONFIRMATORY
1.0,TASK3_CAPACITY_RESPONSE_SURFACE_EXPLORATORY_V1,30,18,CAPACITY_RESPONSE_S30_I18,immigration_wait_p95_seconds,MEAN_OF_REPLICATION_LEVEL_METRIC,50,2.90174659366,0.808927852644,0.114399674019,0.95,2.67185184162,3.1316413457,EXPLORATORY_SENSITIVITY_NOT_CONFIRMATORY
1.0,TASK3_CAPACITY_RESPONSE_SURFACE_EXPLORATORY_V1,30,17,CAPACITY_RESPONSE_S30_I17,total_queue_wait_p95_seconds,MEAN_OF_REPLICATION_LEVEL_METRIC,50,21.084477703,9.86275680124,1.39480444307,0.95,18.2815132336,23.8874421725,EXPLORATORY_SENSITIVITY_NOT_CONFIRMATORY
1.0,TASK3_CAPACITY_RESPONSE_SURFACE_EXPLORATORY_V1,30,17,CAPACITY_RESPONSE_S30_I17,total_queue_wait_mean_seconds,MEAN_OF_REPLICATION_LEVEL_METRIC,50,10.1189057146,5.94665301215,0.840983734052,0.95,8.42888562782,11.8089258014,EXPLORATORY_SENSITIVITY_NOT_CONFIRMATORY
1.0,TASK3_CAPACITY_RESPONSE_SURFACE_EXPLORATORY_V1,30,17,CAPACITY_RESPONSE_S30_I17,peak_total_waiting_queue,MEAN_OF_REPLICATION_LEVEL_METRIC,50,30.76,13.3776542283,1.89188600425,0.95,26.9581127344,34.5618872656,EXPLORATORY_SENSITIVITY_NOT_CONFIRMATORY
1.0,TASK3_CAPACITY_RESPONSE_SURFACE_EXPLORATORY_V1,30,17,CAPACITY_RESPONSE_S30_I17,time_weighted_mean_total_waiting_queue,MEAN_OF_REPLICATION_LEVEL_METRIC,50,12.2261439318,7.64834137238,1.08163880985,0.95,10.052509364,14.3997784996,EXPLORATORY_SENSITIVITY_NOT_CONFIRMATORY
1.0,TASK3_CAPACITY_RESPONSE_SURFACE_EXPLORATORY_V1,30,17,CAPACITY_RESPONSE_S30_I17,cutoff_backlog,MEAN_OF_REPLICATION_LEVEL_METRIC,50,70.94,15.9954202629,2.26209402717,0.95,66.3941518589,75.4858481411,EXPLORATORY_SENSITIVITY_NOT_CONFIRMATORY
1.0,TASK3_CAPACITY_RESPONSE_SURFACE_EXPLORATORY_V1,30,17,CAPACITY_RESPONSE_S30_I17,cohort_clear_time_after_cutoff_seconds,MEAN_OF_REPLICATION_LEVEL_METRIC,50,53.9150662061,11.9154978815,1.68510587065,0.95,50.5287191765,57.3014132357,EXPLORATORY_SENSITIVITY_NOT_CONFIRMATORY
1.0,TASK3_CAPACITY_RESPONSE_SURFACE_EXPLORATORY_V1,30,17,CAPACITY_RESPONSE_S30_I17,security_wait_p95_seconds,MEAN_OF_REPLICATION_LEVEL_METRIC,50,12.56025941,6.98098117488,0.987259825618,0.95,10.5762865118,14.5442323082,EXPLORATORY_SENSITIVITY_NOT_CONFIRMATORY
1.0,TASK3_CAPACITY_RESPONSE_SURFACE_EXPLORATORY_V1,30,17,CAPACITY_RESPONSE_S30_I17,immigration_wait_p95_seconds,MEAN_OF_REPLICATION_LEVEL_METRIC,50,10.7296160741,3.85201975605,0.544757858153,0.95,9.63488417214,11.8243479761,EXPLORATORY_SENSITIVITY_NOT_CONFIRMATORY
1.0,TASK3_CAPACITY_RESPONSE_SURFACE_EXPLORATORY_V1,30,16,CAPACITY_RESPONSE_S30_I16,total_queue_wait_p95_seconds,MEAN_OF_REPLICATION_LEVEL_METRIC,50,35.6417547164,12.9903221042,1.83710896993,0.95,31.9499460225,39.3335634103,EXPLORATORY_SENSITIVITY_NOT_CONFIRMATORY
1.0,TASK3_CAPACITY_RESPONSE_SURFACE_EXPLORATORY_V1,30,16,CAPACITY_RESPONSE_S30_I16,total_queue_wait_mean_seconds,MEAN_OF_REPLICATION_LEVEL_METRIC,50,17.8576945868,7.60279386027,1.07519741891,0.95,15.6970044787,20.0183846948,EXPLORATORY_SENSITIVITY_NOT_CONFIRMATORY
1.0,TASK3_CAPACITY_RESPONSE_SURFACE_EXPLORATORY_V1,30,16,CAPACITY_RESPONSE_S30_I16,peak_total_waiting_queue,MEAN_OF_REPLICATION_LEVEL_METRIC,50,46.5,16.4518468661,2.32664249641,0.95,41.8244368536,51.1755631464,EXPLORATORY_SENSITIVITY_NOT_CONFIRMATORY
1.0,TASK3_CAPACITY_RESPONSE_SURFACE_EXPLORATORY_V1,30,16,CAPACITY_RESPONSE_S30_I16,time_weighted_mean_total_waiting_queue,MEAN_OF_REPLICATION_LEVEL_METRIC,50,19.67646813,9.08451031356,1.2847437693,0.95,17.0946788652,22.2582573949,EXPLORATORY_SENSITIVITY_NOT_CONFIRMATORY
1.0,TASK3_CAPACITY_RESPONSE_SURFACE_EXPLORATORY_V1,30,16,CAPACITY_RESPONSE_S30_I16,cutoff_backlog,MEAN_OF_REPLICATION_LEVEL_METRIC,50,87.14,18.1400560267,2.56539132552,0.95,81.9846531187,92.2953468813,EXPLORATORY_SENSITIVITY_NOT_CONFIRMATORY
1.0,TASK3_CAPACITY_RESPONSE_SURFACE_EXPLORATORY_V1,30,16,CAPACITY_RESPONSE_S30_I16,cohort_clear_time_after_cutoff_seconds,MEAN_OF_REPLICATION_LEVEL_METRIC,50,70.4991262627,14.6214143805,2.0677802518,0.95,66.3437662729,74.6544862526,EXPLORATORY_SENSITIVITY_NOT_CONFIRMATORY
1.0,TASK3_CAPACITY_RESPONSE_SURFACE_EXPLORATORY_V1,30,16,CAPACITY_RESPONSE_S30_I16,security_wait_p95_seconds,MEAN_OF_REPLICATION_LEVEL_METRIC,50,12.56025941,6.98098117488,0.987259825618,0.95,10.5762865118,14.5442323082,EXPLORATORY_SENSITIVITY_NOT_CONFIRMATORY
1.0,TASK3_CAPACITY_RESPONSE_SURFACE_EXPLORATORY_V1,30,16,CAPACITY_RESPONSE_S30_I16,immigration_wait_p95_seconds,MEAN_OF_REPLICATION_LEVEL_METRIC,50,25.9033621137,7.48079777311,1.05794456681,0.95,23.77734291,28.0293813175,EXPLORATORY_SENSITIVITY_NOT_CONFIRMATORY
1.0,TASK3_CAPACITY_RESPONSE_SURFACE_EXPLORATORY_V1,29,21,CAPACITY_RESPONSE_S29_I21,total_queue_wait_p95_seconds,MEAN_OF_REPLICATION_LEVEL_METRIC,50,17.4587881551,8.84509346773,1.25088511425,0.95,14.945040405,19.9725359052,EXPLORATORY_SENSITIVITY_NOT_CONFIRMATORY
1.0,TASK3_CAPACITY_RESPONSE_SURFACE_EXPLORATORY_V1,29,21,CAPACITY_RESPONSE_S29_I21,total_queue_wait_mean_seconds,MEAN_OF_REPLICATION_LEVEL_METRIC,50,7.80264866502,5.27689612748,0.746265807072,0.95,6.30297137881,9.30232595123,EXPLORATORY_SENSITIVITY_NOT_CONFIRMATORY
1.0,TASK3_CAPACITY_RESPONSE_SURFACE_EXPLORATORY_V1,29,21,CAPACITY_RESPONSE_S29_I21,peak_total_waiting_queue,MEAN_OF_REPLICATION_LEVEL_METRIC,50,28.06,12.2364627408,1.73049715636,0.95,24.5824357667,31.5375642333,EXPLORATORY_SENSITIVITY_NOT_CONFIRMATORY
1.0,TASK3_CAPACITY_RESPONSE_SURFACE_EXPLORATORY_V1,29,21,CAPACITY_RESPONSE_S29_I21,time_weighted_mean_total_waiting_queue,MEAN_OF_REPLICATION_LEVEL_METRIC,50,10.2324384036,7.20534377168,1.01898948835,0.95,8.18470236094,12.2801744463,EXPLORATORY_SENSITIVITY_NOT_CONFIRMATORY
1.0,TASK3_CAPACITY_RESPONSE_SURFACE_EXPLORATORY_V1,29,21,CAPACITY_RESPONSE_S29_I21,cutoff_backlog,MEAN_OF_REPLICATION_LEVEL_METRIC,50,66.16,15.075808436,2.1320412754,0.95,61.8755026484,70.4444973516,EXPLORATORY_SENSITIVITY_NOT_CONFIRMATORY
1.0,TASK3_CAPACITY_RESPONSE_SURFACE_EXPLORATORY_V1,29,21,CAPACITY_RESPONSE_S29_I21,cohort_clear_time_after_cutoff_seconds,MEAN_OF_REPLICATION_LEVEL_METRIC,50,49.9072168308,10.5697646911,1.49479045772,0.95,46.9033229423,52.9111107194,EXPLORATORY_SENSITIVITY_NOT_CONFIRMATORY
1.0,TASK3_CAPACITY_RESPONSE_SURFACE_EXPLORATORY_V1,29,21,CAPACITY_RESPONSE_S29_I21,security_wait_p95_seconds,MEAN_OF_REPLICATION_LEVEL_METRIC,50,17.4451588765,8.84932944949,1.25148417254,0.95,14.9302072737,19.9601104793,EXPLORATORY_SENSITIVITY_NOT_CONFIRMATORY
1.0,TASK3_CAPACITY_RESPONSE_SURFACE_EXPLORATORY_V1,29,21,CAPACITY_RESPONSE_S29_I21,immigration_wait_p95_seconds,MEAN_OF_REPLICATION_LEVEL_METRIC,50,0.3618872968,0.656297149857,0.0928144330275,0.95,0.17536971054,0.54840488306,EXPLORATORY_SENSITIVITY_NOT_CONFIRMATORY
1.0,TASK3_CAPACITY_RESPONSE_SURFACE_EXPLORATORY_V1,29,20,CAPACITY_RESPONSE_S29_I20,total_queue_wait_p95_seconds,MEAN_OF_REPLICATION_LEVEL_METRIC,50,17.5145369055,8.83028559385,1.24879096465,0.95,15.0049975066,20.0240763044,EXPLORATORY_SENSITIVITY_NOT_CONFIRMATORY
1.0,TASK3_CAPACITY_RESPONSE_SURFACE_EXPLORATORY_V1,29,20,CAPACITY_RESPONSE_S29_I20,total_queue_wait_mean_seconds,MEAN_OF_REPLICATION_LEVEL_METRIC,50,7.86627717114,5.29532431112,0.748871945794,0.95,6.36136265309,9.37119168919,EXPLORATORY_SENSITIVITY_NOT_CONFIRMATORY
1.0,TASK3_CAPACITY_RESPONSE_SURFACE_EXPLORATORY_V1,29,20,CAPACITY_RESPONSE_S29_I20,peak_total_waiting_queue,MEAN_OF_REPLICATION_LEVEL_METRIC,50,28.08,12.2538457104,1.73295547949,0.95,24.5974955814,31.5625044186,EXPLORATORY_SENSITIVITY_NOT_CONFIRMATORY
1.0,TASK3_CAPACITY_RESPONSE_SURFACE_EXPLORATORY_V1,29,20,CAPACITY_RESPONSE_S29_I20,time_weighted_mean_total_waiting_queue,MEAN_OF_REPLICATION_LEVEL_METRIC,50,10.3107016269,7.22992286643,1.02246549726,0.95,8.25598028277,12.365422971,EXPLORATORY_SENSITIVITY_NOT_CONFIRMATORY
1.0,TASK3_CAPACITY_RESPONSE_SURFACE_EXPLORATORY_V1,29,20,CAPACITY_RESPONSE_S29_I20,cutoff_backlog,MEAN_OF_REPLICATION_LEVEL_METRIC,50,66.18,15.0803155924,2.13267868357,0.95,61.8942217287,70.4657782713,EXPLORATORY_SENSITIVITY_NOT_CONFIRMATORY
1.0,TASK3_CAPACITY_RESPONSE_SURFACE_EXPLORATORY_V1,29,20,CAPACITY_RESPONSE_S29_I20,cohort_clear_time_after_cutoff_seconds,MEAN_OF_REPLICATION_LEVEL_METRIC,50,49.9441570124,10.6098881004,1.50046476469,0.95,46.9288601771,52.9594538477,EXPLORATORY_SENSITIVITY_NOT_CONFIRMATORY
1.0,TASK3_CAPACITY_RESPONSE_SURFACE_EXPLORATORY_V1,29,20,CAPACITY_RESPONSE_S29_I20,security_wait_p95_seconds,MEAN_OF_REPLICATION_LEVEL_METRIC,50,17.4451588765,8.84932944949,1.25148417254,0.95,14.9302072737,19.9601104793,EXPLORATORY_SENSITIVITY_NOT_CONFIRMATORY
1.0,TASK3_CAPACITY_RESPONSE_SURFACE_EXPLORATORY_V1,29,20,CAPACITY_RESPONSE_S29_I20,immigration_wait_p95_seconds,MEAN_OF_REPLICATION_LEVEL_METRIC,50,0.78971474524,0.915441937244,0.129463040322,0.95,0.529549025286,1.04988046519,EXPLORATORY_SENSITIVITY_NOT_CONFIRMATORY
1.0,TASK3_CAPACITY_RESPONSE_SURFACE_EXPLORATORY_V1,29,19,CAPACITY_RESPONSE_S29_I19,total_queue_wait_p95_seconds,MEAN_OF_REPLICATION_LEVEL_METRIC,50,17.5927002065,8.84305881366,1.25059737071,0.95,15.0795306987,20.1058697143,EXPLORATORY_SENSITIVITY_NOT_CONFIRMATORY
1.0,TASK3_CAPACITY_RESPONSE_SURFACE_EXPLORATORY_V1,29,19,CAPACITY_RESPONSE_S29_I19,total_queue_wait_mean_seconds,MEAN_OF_REPLICATION_LEVEL_METRIC,50,7.9980700789,5.32226423321,0.752681826114,0.95,6.4854993197,9.5106408381,EXPLORATORY_SENSITIVITY_NOT_CONFIRMATORY
1.0,TASK3_CAPACITY_RESPONSE_SURFACE_EXPLORATORY_V1,29,19,CAPACITY_RESPONSE_S29_I19,peak_total_waiting_queue,MEAN_OF_REPLICATION_LEVEL_METRIC,50,28.16,12.2630355466,1.73425511858,0.95,24.6748838588,31.6451161412,EXPLORATORY_SENSITIVITY_NOT_CONFIRMATORY
1.0,TASK3_CAPACITY_RESPONSE_SURFACE_EXPLORATORY_V1,29,19,CAPACITY_RESPONSE_S29_I19,time_weighted_mean_total_waiting_queue,MEAN_OF_REPLICATION_LEVEL_METRIC,50,10.4717406634,7.26519193776,1.02745329716,0.95,8.40699596014,12.5364853667,EXPLORATORY_SENSITIVITY_NOT_CONFIRMATORY
1.0,TASK3_CAPACITY_RESPONSE_SURFACE_EXPLORATORY_V1,29,19,CAPACITY_RESPONSE_S29_I19,cutoff_backlog,MEAN_OF_REPLICATION_LEVEL_METRIC,50,66.3,15.1175664816,2.13794675484,0.95,62.0036351432,70.5963648568,EXPLORATORY_SENSITIVITY_NOT_CONFIRMATORY
1.0,TASK3_CAPACITY_RESPONSE_SURFACE_EXPLORATORY_V1,29,19,CAPACITY_RESPONSE_S29_I19,cohort_clear_time_after_cutoff_seconds,MEAN_OF_REPLICATION_LEVEL_METRIC,50,49.9979483632,10.6409551584,1.50485831016,0.95,46.9738223677,53.0220743587,EXPLORATORY_SENSITIVITY_NOT_CONFIRMATORY
1.0,TASK3_CAPACITY_RESPONSE_SURFACE_EXPLORATORY_V1,29,19,CAPACITY_RESPONSE_S29_I19,security_wait_p95_seconds,MEAN_OF_REPLICATION_LEVEL_METRIC,50,17.4451588765,8.84932944949,1.25148417254,0.95,14.9302072737,19.9601104793,EXPLORATORY_SENSITIVITY_NOT_CONFIRMATORY
1.0,TASK3_CAPACITY_RESPONSE_SURFACE_EXPLORATORY_V1,29,19,CAPACITY_RESPONSE_S29_I19,immigration_wait_p95_seconds,MEAN_OF_REPLICATION_LEVEL_METRIC,50,1.5219336491,0.950296193369,0.134392176493,0.95,1.25186245915,1.79200483905,EXPLORATORY_SENSITIVITY_NOT_CONFIRMATORY
1.0,TASK3_CAPACITY_RESPONSE_SURFACE_EXPLORATORY_V1,29,18,CAPACITY_RESPONSE_S29_I18,total_queue_wait_p95_seconds,MEAN_OF_REPLICATION_LEVEL_METRIC,50,17.8864375054,8.91165119906,1.26029779888,0.95,15.3537742574,20.4191007535,EXPLORATORY_SENSITIVITY_NOT_CONFIRMATORY
1.0,TASK3_CAPACITY_RESPONSE_SURFACE_EXPLORATORY_V1,29,18,CAPACITY_RESPONSE_S29_I18,total_queue_wait_mean_seconds,MEAN_OF_REPLICATION_LEVEL_METRIC,50,8.30814292418,5.38514460533,0.76157445362,0.95,6.77770176096,9.8385840874,EXPLORATORY_SENSITIVITY_NOT_CONFIRMATORY
1.0,TASK3_CAPACITY_RESPONSE_SURFACE_EXPLORATORY_V1,29,18,CAPACITY_RESPONSE_S29_I18,peak_total_waiting_queue,MEAN_OF_REPLICATION_LEVEL_METRIC,50,28.4,12.2690917449,1.73511159436,0.95,24.9131627063,31.8868372937,EXPLORATORY_SENSITIVITY_NOT_CONFIRMATORY
1.0,TASK3_CAPACITY_RESPONSE_SURFACE_EXPLORATORY_V1,29,18,CAPACITY_RESPONSE_S29_I18,time_weighted_mean_total_waiting_queue,MEAN_OF_REPLICATION_LEVEL_METRIC,50,10.8458624929,7.34709038122,1.03903548611,0.95,8.75784250953,12.9338824763,EXPLORATORY_SENSITIVITY_NOT_CONFIRMATORY
1.0,TASK3_CAPACITY_RESPONSE_SURFACE_EXPLORATORY_V1,29,18,CAPACITY_RESPONSE_S29_I18,cutoff_backlog,MEAN_OF_REPLICATION_LEVEL_METRIC,50,66.68,15.221413488,2.15263293932,0.95,62.3541221505,71.0058778495,EXPLORATORY_SENSITIVITY_NOT_CONFIRMATORY
1.0,TASK3_CAPACITY_RESPONSE_SURFACE_EXPLORATORY_V1,29,18,CAPACITY_RESPONSE_S29_I18,cohort_clear_time_after_cutoff_seconds,MEAN_OF_REPLICATION_LEVEL_METRIC,50,50.2837319546,10.6730310916,1.50939453214,0.95,47.2504900797,53.3169738294,EXPLORATORY_SENSITIVITY_NOT_CONFIRMATORY
1.0,TASK3_CAPACITY_RESPONSE_SURFACE_EXPLORATORY_V1,29,18,CAPACITY_RESPONSE_S29_I18,security_wait_p95_seconds,MEAN_OF_REPLICATION_LEVEL_METRIC,50,17.4451588765,8.84932944949,1.25148417254,0.95,14.9302072737,19.9601104793,EXPLORATORY_SENSITIVITY_NOT_CONFIRMATORY
1.0,TASK3_CAPACITY_RESPONSE_SURFACE_EXPLORATORY_V1,29,18,CAPACITY_RESPONSE_S29_I18,immigration_wait_p95_seconds,MEAN_OF_REPLICATION_LEVEL_METRIC,50,2.37067551928,1.01330472772,0.143302928875,0.95,2.082697502,2.65865353656,EXPLORATORY_SENSITIVITY_NOT_CONFIRMATORY
1.0,TASK3_CAPACITY_RESPONSE_SURFACE_EXPLORATORY_V1,29,17,CAPACITY_RESPONSE_S29_I17,total_queue_wait_p95_seconds,MEAN_OF_REPLICATION_LEVEL_METRIC,50,21.3938199932,9.90633840483,1.40096781256,0.95,18.578469769,24.2091702173,EXPLORATORY_SENSITIVITY_NOT_CONFIRMATORY
1.0,TASK3_CAPACITY_RESPONSE_SURFACE_EXPLORATORY_V1,29,17,CAPACITY_RESPONSE_S29_I17,total_queue_wait_mean_seconds,MEAN_OF_REPLICATION_LEVEL_METRIC,50,10.4184482778,6.0076844609,0.849614884306,0.95,8.71108324524,12.1258133104,EXPLORATORY_SENSITIVITY_NOT_CONFIRMATORY
1.0,TASK3_CAPACITY_RESPONSE_SURFACE_EXPLORATORY_V1,29,17,CAPACITY_RESPONSE_S29_I17,peak_total_waiting_queue,MEAN_OF_REPLICATION_LEVEL_METRIC,50,32.02,13.4642231905,1.90412870428,0.95,28.1935101076,35.8464898924,EXPLORATORY_SENSITIVITY_NOT_CONFIRMATORY
1.0,TASK3_CAPACITY_RESPONSE_SURFACE_EXPLORATORY_V1,29,17,CAPACITY_RESPONSE_S29_I17,time_weighted_mean_total_waiting_queue,MEAN_OF_REPLICATION_LEVEL_METRIC,50,13.0855542008,7.9682222141,1.12687679232,0.95,10.8210105036,15.3500978979,EXPLORATORY_SENSITIVITY_NOT_CONFIRMATORY
1.0,TASK3_CAPACITY_RESPONSE_SURFACE_EXPLORATORY_V1,29,17,CAPACITY_RESPONSE_S29_I17,cutoff_backlog,MEAN_OF_REPLICATION_LEVEL_METRIC,50,71.48,16.1286157155,2.28093070872,0.95,66.8962981302,76.0637018698,EXPLORATORY_SENSITIVITY_NOT_CONFIRMATORY
1.0,TASK3_CAPACITY_RESPONSE_SURFACE_EXPLORATORY_V1,29,17,CAPACITY_RESPONSE_S29_I17,cohort_clear_time_after_cutoff_seconds,MEAN_OF_REPLICATION_LEVEL_METRIC,50,54.2815170585,11.9629684202,1.69181921861,0.95,50.8816790511,57.6813550659,EXPLORATORY_SENSITIVITY_NOT_CONFIRMATORY
1.0,TASK3_CAPACITY_RESPONSE_SURFACE_EXPLORATORY_V1,29,17,CAPACITY_RESPONSE_S29_I17,security_wait_p95_seconds,MEAN_OF_REPLICATION_LEVEL_METRIC,50,17.4451588765,8.84932944949,1.25148417254,0.95,14.9302072737,19.9601104793,EXPLORATORY_SENSITIVITY_NOT_CONFIRMATORY
1.0,TASK3_CAPACITY_RESPONSE_SURFACE_EXPLORATORY_V1,29,17,CAPACITY_RESPONSE_S29_I17,immigration_wait_p95_seconds,MEAN_OF_REPLICATION_LEVEL_METRIC,50,5.54793629744,1.51862349361,0.21476579408,0.95,5.11634827587,5.97952431901,EXPLORATORY_SENSITIVITY_NOT_CONFIRMATORY
1.0,TASK3_CAPACITY_RESPONSE_SURFACE_EXPLORATORY_V1,29,16,CAPACITY_RESPONSE_S29_I16,total_queue_wait_p95_seconds,MEAN_OF_REPLICATION_LEVEL_METRIC,50,35.7342163198,12.9899273741,1.83705314667,0.95,32.042519807,39.4259128327,EXPLORATORY_SENSITIVITY_NOT_CONFIRMATORY
1.0,TASK3_CAPACITY_RESPONSE_SURFACE_EXPLORATORY_V1,29,16,CAPACITY_RESPONSE_S29_I16,total_queue_wait_mean_seconds,MEAN_OF_REPLICATION_LEVEL_METRIC,50,17.9429608866,7.63209415038,1.07934110568,0.95,15.7739437283,20.111978045,EXPLORATORY_SENSITIVITY_NOT_CONFIRMATORY
1.0,TASK3_CAPACITY_RESPONSE_SURFACE_EXPLORATORY_V1,29,16,CAPACITY_RESPONSE_S29_I16,peak_total_waiting_queue,MEAN_OF_REPLICATION_LEVEL_METRIC,50,47.32,16.6125597924,2.34937073642,0.95,42.5987627453,52.0412372547,EXPLORATORY_SENSITIVITY_NOT_CONFIRMATORY
1.0,TASK3_CAPACITY_RESPONSE_SURFACE_EXPLORATORY_V1,29,16,CAPACITY_RESPONSE_S29_I16,time_weighted_mean_total_waiting_queue,MEAN_OF_REPLICATION_LEVEL_METRIC,50,20.2826954891,9.35648465525,1.32320674956,0.95,17.6236119716,22.9417790066,EXPLORATORY_SENSITIVITY_NOT_CONFIRMATORY
1.0,TASK3_CAPACITY_RESPONSE_SURFACE_EXPLORATORY_V1,29,16,CAPACITY_RESPONSE_S29_I16,cutoff_backlog,MEAN_OF_REPLICATION_LEVEL_METRIC,50,87.28,18.1928893937,2.57286309193,0.95,82.1096380419,92.4503619581,EXPLORATORY_SENSITIVITY_NOT_CONFIRMATORY
1.0,TASK3_CAPACITY_RESPONSE_SURFACE_EXPLORATORY_V1,29,16,CAPACITY_RESPONSE_S29_I16,cohort_clear_time_after_cutoff_seconds,MEAN_OF_REPLICATION_LEVEL_METRIC,50,70.5845218627,14.6314848747,2.06920443475,0.95,66.4262998701,74.7427438553,EXPLORATORY_SENSITIVITY_NOT_CONFIRMATORY
1.0,TASK3_CAPACITY_RESPONSE_SURFACE_EXPLORATORY_V1,29,16,CAPACITY_RESPONSE_S29_I16,security_wait_p95_seconds,MEAN_OF_REPLICATION_LEVEL_METRIC,50,17.4451588765,8.84932944949,1.25148417254,0.95,14.9302072737,19.9601104793,EXPLORATORY_SENSITIVITY_NOT_CONFIRMATORY
1.0,TASK3_CAPACITY_RESPONSE_SURFACE_EXPLORATORY_V1,29,16,CAPACITY_RESPONSE_S29_I16,immigration_wait_p95_seconds,MEAN_OF_REPLICATION_LEVEL_METRIC,50,20.2406628392,4.94696755569,0.699606860988,0.95,18.8347502157,21.6465754628,EXPLORATORY_SENSITIVITY_NOT_CONFIRMATORY
1.0,TASK3_CAPACITY_RESPONSE_SURFACE_EXPLORATORY_V1,28,21,CAPACITY_RESPONSE_S28_I21,total_queue_wait_p95_seconds,MEAN_OF_REPLICATION_LEVEL_METRIC,50,24.43412608,10.9509715577,1.5487012498,0.95,21.3218943987,27.5463577614,EXPLORATORY_SENSITIVITY_NOT_CONFIRMATORY
1.0,TASK3_CAPACITY_RESPONSE_SURFACE_EXPLORATORY_V1,28,21,CAPACITY_RESPONSE_S28_I21,total_queue_wait_mean_seconds,MEAN_OF_REPLICATION_LEVEL_METRIC,50,11.6016830455,6.41921429059,0.907813990953,0.95,9.77736252934,13.4260035616,EXPLORATORY_SENSITIVITY_NOT_CONFIRMATORY
1.0,TASK3_CAPACITY_RESPONSE_SURFACE_EXPLORATORY_V1,28,21,CAPACITY_RESPONSE_S28_I21,peak_total_waiting_queue,MEAN_OF_REPLICATION_LEVEL_METRIC,50,36.5,14.6235063776,2.06807610486,0.95,32.3440454712,40.6559545288,EXPLORATORY_SENSITIVITY_NOT_CONFIRMATORY
1.0,TASK3_CAPACITY_RESPONSE_SURFACE_EXPLORATORY_V1,28,21,CAPACITY_RESPONSE_S28_I21,time_weighted_mean_total_waiting_queue,MEAN_OF_REPLICATION_LEVEL_METRIC,50,14.7692791738,8.48497726264,1.19995699213,0.95,12.3578753168,17.1806830308,EXPLORATORY_SENSITIVITY_NOT_CONFIRMATORY
1.0,TASK3_CAPACITY_RESPONSE_SURFACE_EXPLORATORY_V1,28,21,CAPACITY_RESPONSE_S28_I21,cutoff_backlog,MEAN_OF_REPLICATION_LEVEL_METRIC,50,74.96,16.9187252861,2.39266907577,0.95,70.1517514747,79.7682485253,EXPLORATORY_SENSITIVITY_NOT_CONFIRMATORY
1.0,TASK3_CAPACITY_RESPONSE_SURFACE_EXPLORATORY_V1,28,21,CAPACITY_RESPONSE_S28_I21,cohort_clear_time_after_cutoff_seconds,MEAN_OF_REPLICATION_LEVEL_METRIC,50,58.0800806033,12.7960251225,1.80963122727,0.95,54.4434905006,61.7166707059,EXPLORATORY_SENSITIVITY_NOT_CONFIRMATORY
1.0,TASK3_CAPACITY_RESPONSE_SURFACE_EXPLORATORY_V1,28,21,CAPACITY_RESPONSE_S28_I21,security_wait_p95_seconds,MEAN_OF_REPLICATION_LEVEL_METRIC,50,24.4237900903,10.9412153083,1.54732150778,0.95,21.3143311044,27.5332490762,EXPLORATORY_SENSITIVITY_NOT_CONFIRMATORY
1.0,TASK3_CAPACITY_RESPONSE_SURFACE_EXPLORATORY_V1,28,21,CAPACITY_RESPONSE_S28_I21,immigration_wait_p95_seconds,MEAN_OF_REPLICATION_LEVEL_METRIC,50,0.27057664764,0.683148031644,0.096611721146,0.95,0.0764281252086,0.464725170071,EXPLORATORY_SENSITIVITY_NOT_CONFIRMATORY
1.0,TASK3_CAPACITY_RESPONSE_SURFACE_EXPLORATORY_V1,28,20,CAPACITY_RESPONSE_S28_I20,total_queue_wait_p95_seconds,MEAN_OF_REPLICATION_LEVEL_METRIC,50,24.4792834059,10.9540595073,1.54913795183,0.95,21.366174139,27.5923926728,EXPLORATORY_SENSITIVITY_NOT_CONFIRMATORY
1.0,TASK3_CAPACITY_RESPONSE_SURFACE_EXPLORATORY_V1,28,20,CAPACITY_RESPONSE_S28_I20,total_queue_wait_mean_seconds,MEAN_OF_REPLICATION_LEVEL_METRIC,50,11.6604154945,6.43071458136,0.909440377671,0.95,9.83282663185,13.4880043571,EXPLORATORY_SENSITIVITY_NOT_CONFIRMATORY
1.0,TASK3_CAPACITY_RESPONSE_SURFACE_EXPLORATORY_V1,28,20,CAPACITY_RESPONSE_S28_I20,peak_total_waiting_queue,MEAN_OF_REPLICATION_LEVEL_METRIC,50,36.52,14.609530018,2.06609954914,0.95,32.3680175086,40.6719824914,EXPLORATORY_SENSITIVITY_NOT_CONFIRMATORY
1.0,TASK3_CAPACITY_RESPONSE_SURFACE_EXPLORATORY_V1,28,20,CAPACITY_RESPONSE_S28_I20,time_weighted_mean_total_waiting_queue,MEAN_OF_REPLICATION_LEVEL_METRIC,50,14.8399446558,8.50113693202,1.20224231449,0.95,12.4239482716,17.25594104,EXPLORATORY_SENSITIVITY_NOT_CONFIRMATORY
1.0,TASK3_CAPACITY_RESPONSE_SURFACE_EXPLORATORY_V1,28,20,CAPACITY_RESPONSE_S28_I20,cutoff_backlog,MEAN_OF_REPLICATION_LEVEL_METRIC,50,74.96,16.9187252861,2.39266907577,0.95,70.1517514747,79.7682485253,EXPLORATORY_SENSITIVITY_NOT_CONFIRMATORY
1.0,TASK3_CAPACITY_RESPONSE_SURFACE_EXPLORATORY_V1,28,20,CAPACITY_RESPONSE_S28_I20,cohort_clear_time_after_cutoff_seconds,MEAN_OF_REPLICATION_LEVEL_METRIC,50,58.104534518,12.7944573847,1.80940951567,0.95,54.4683899615,61.7406790745,EXPLORATORY_SENSITIVITY_NOT_CONFIRMATORY
1.0,TASK3_CAPACITY_RESPONSE_SURFACE_EXPLORATORY_V1,28,20,CAPACITY_RESPONSE_S28_I20,security_wait_p95_seconds,MEAN_OF_REPLICATION_LEVEL_METRIC,50,24.4237900903,10.9412153083,1.54732150778,0.95,21.3143311044,27.5332490762,EXPLORATORY_SENSITIVITY_NOT_CONFIRMATORY
1.0,TASK3_CAPACITY_RESPONSE_SURFACE_EXPLORATORY_V1,28,20,CAPACITY_RESPONSE_S28_I20,immigration_wait_p95_seconds,MEAN_OF_REPLICATION_LEVEL_METRIC,50,0.65320243918,0.932874282592,0.131928346243,0.95,0.388082501494,0.918322376866,EXPLORATORY_SENSITIVITY_NOT_CONFIRMATORY
1.0,TASK3_CAPACITY_RESPONSE_SURFACE_EXPLORATORY_V1,28,19,CAPACITY_RESPONSE_S28_I19,total_queue_wait_p95_seconds,MEAN_OF_REPLICATION_LEVEL_METRIC,50,24.5461274161,10.9613890644,1.55017450774,0.95,21.4309351122,27.6613197201,EXPLORATORY_SENSITIVITY_NOT_CONFIRMATORY
1.0,TASK3_CAPACITY_RESPONSE_SURFACE_EXPLORATORY_V1,28,19,CAPACITY_RESPONSE_S28_I19,total_queue_wait_mean_seconds,MEAN_OF_REPLICATION_LEVEL_METRIC,50,11.7719967535,6.44601404343,0.911604048347,0.95,9.94005983184,13.6039336751,EXPLORATORY_SENSITIVITY_NOT_CONFIRMATORY
1.0,TASK3_CAPACITY_RESPONSE_SURFACE_EXPLORATORY_V1,28,19,CAPACITY_RESPONSE_S28_I19,peak_total_waiting_queue,MEAN_OF_REPLICATION_LEVEL_METRIC,50,36.58,14.600936509,2.06488424343,0.95,32.4304597569,40.7295402431,EXPLORATORY_SENSITIVITY_NOT_CONFIRMATORY
1.0,TASK3_CAPACITY_RESPONSE_SURFACE_EXPLORATORY_V1,28,19,CAPACITY_RESPONSE_S28_I19,time_weighted_mean_total_waiting_queue,MEAN_OF_REPLICATION_LEVEL_METRIC,50,14.9725199982,8.52180906485,1.20516579555,0.95,12.5506486589,17.3943913376,EXPLORATORY_SENSITIVITY_NOT_CONFIRMATORY
1.0,TASK3_CAPACITY_RESPONSE_SURFACE_EXPLORATORY_V1,28,19,CAPACITY_RESPONSE_S28_I19,cutoff_backlog,MEAN_OF_REPLICATION_LEVEL_METRIC,50,74.98,16.9060911617,2.39088234076,0.95,70.1753420531,79.7846579469,EXPLORATORY_SENSITIVITY_NOT_CONFIRMATORY
1.0,TASK3_CAPACITY_RESPONSE_SURFACE_EXPLORATORY_V1,28,19,CAPACITY_RESPONSE_S28_I19,cohort_clear_time_after_cutoff_seconds,MEAN_OF_REPLICATION_LEVEL_METRIC,50,58.2185691506,12.8328749736,1.81484258319,0.95,54.5715064362,61.8656318651,EXPLORATORY_SENSITIVITY_NOT_CONFIRMATORY
1.0,TASK3_CAPACITY_RESPONSE_SURFACE_EXPLORATORY_V1,28,19,CAPACITY_RESPONSE_S28_I19,security_wait_p95_seconds,MEAN_OF_REPLICATION_LEVEL_METRIC,50,24.4237900903,10.9412153083,1.54732150778,0.95,21.3143311044,27.5332490762,EXPLORATORY_SENSITIVITY_NOT_CONFIRMATORY
1.0,TASK3_CAPACITY_RESPONSE_SURFACE_EXPLORATORY_V1,28,19,CAPACITY_RESPONSE_S28_I19,immigration_wait_p95_seconds,MEAN_OF_REPLICATION_LEVEL_METRIC,50,1.2924934702,1.06867881204,0.151134006981,0.95,0.988778312282,1.59620862812,EXPLORATORY_SENSITIVITY_NOT_CONFIRMATORY
1.0,TASK3_CAPACITY_RESPONSE_SURFACE_EXPLORATORY_V1,28,18,CAPACITY_RESPONSE_S28_I18,total_queue_wait_p95_seconds,MEAN_OF_REPLICATION_LEVEL_METRIC,50,24.7417871411,10.9684672963,1.55117552088,0.95,21.6245832259,27.8589910563,EXPLORATORY_SENSITIVITY_NOT_CONFIRMATORY
1.0,TASK3_CAPACITY_RESPONSE_SURFACE_EXPLORATORY_V1,28,18,CAPACITY_RESPONSE_S28_I18,total_queue_wait_mean_seconds,MEAN_OF_REPLICATION_LEVEL_METRIC,50,11.9916548079,6.4872873531,0.917440975776,0.95,10.1479881415,13.8353214743,EXPLORATORY_SENSITIVITY_NOT_CONFIRMATORY
1.0,TASK3_CAPACITY_RESPONSE_SURFACE_EXPLORATORY_V1,28,18,CAPACITY_RESPONSE_S28_I18,peak_total_waiting_queue,MEAN_OF_REPLICATION_LEVEL_METRIC,50,36.7,14.6569618479,2.07280742286,0.95,32.5345375317,40.8654624683,EXPLORATORY_SENSITIVITY_NOT_CONFIRMATORY
1.0,TASK3_CAPACITY_RESPONSE_SURFACE_EXPLORATORY_V1,28,18,CAPACITY_RESPONSE_S28_I18,time_weighted_mean_total_waiting_queue,MEAN_OF_REPLICATION_LEVEL_METRIC,50,15.2309679537,8.57332103278,1.21245068791,0.95,12.794457075,17.6674788323,EXPLORATORY_SENSITIVITY_NOT_CONFIRMATORY
1.0,TASK3_CAPACITY_RESPONSE_SURFACE_EXPLORATORY_V1,28,18,CAPACITY_RESPONSE_S28_I18,cutoff_backlog,MEAN_OF_REPLICATION_LEVEL_METRIC,50,75.16,16.8878171279,2.38829800212,0.95,70.3605354761,79.9594645239,EXPLORATORY_SENSITIVITY_NOT_CONFIRMATORY
1.0,TASK3_CAPACITY_RESPONSE_SURFACE_EXPLORATORY_V1,28,18,CAPACITY_RESPONSE_S28_I18,cohort_clear_time_after_cutoff_seconds,MEAN_OF_REPLICATION_LEVEL_METRIC,50,58.5720420685,12.9037518422,1.82486608607,0.95,54.9048363708,62.2392477661,EXPLORATORY_SENSITIVITY_NOT_CONFIRMATORY
1.0,TASK3_CAPACITY_RESPONSE_SURFACE_EXPLORATORY_V1,28,18,CAPACITY_RESPONSE_S28_I18,security_wait_p95_seconds,MEAN_OF_REPLICATION_LEVEL_METRIC,50,24.4237900903,10.9412153083,1.54732150778,0.95,21.3143311044,27.5332490762,EXPLORATORY_SENSITIVITY_NOT_CONFIRMATORY
1.0,TASK3_CAPACITY_RESPONSE_SURFACE_EXPLORATORY_V1,28,18,CAPACITY_RESPONSE_S28_I18,immigration_wait_p95_seconds,MEAN_OF_REPLICATION_LEVEL_METRIC,50,2.13580979104,1.1187375721,0.15821338472,0.95,1.81786809092,2.45375149116,EXPLORATORY_SENSITIVITY_NOT_CONFIRMATORY
1.0,TASK3_CAPACITY_RESPONSE_SURFACE_EXPLORATORY_V1,28,17,CAPACITY_RESPONSE_S28_I17,total_queue_wait_p95_seconds,MEAN_OF_REPLICATION_LEVEL_METRIC,50,25.3778662285,11.010734926,1.55715306641,0.95,22.2486499858,28.5070824711,EXPLORATORY_SENSITIVITY_NOT_CONFIRMATORY
1.0,TASK3_CAPACITY_RESPONSE_SURFACE_EXPLORATORY_V1,28,17,CAPACITY_RESPONSE_S28_I17,total_queue_wait_mean_seconds,MEAN_OF_REPLICATION_LEVEL_METRIC,50,12.5787157115,6.58184923184,0.930814044917,0.95,10.7081748565,14.4492565665,EXPLORATORY_SENSITIVITY_NOT_CONFIRMATORY
1.0,TASK3_CAPACITY_RESPONSE_SURFACE_EXPLORATORY_V1,28,17,CAPACITY_RESPONSE_S28_I17,peak_total_waiting_queue,MEAN_OF_REPLICATION_LEVEL_METRIC,50,37.2,14.5742294227,2.06110729107,0.95,33.0580498268,41.3419501732,EXPLORATORY_SENSITIVITY_NOT_CONFIRMATORY
1.0,TASK3_CAPACITY_RESPONSE_SURFACE_EXPLORATORY_V1,28,17,CAPACITY_RESPONSE_S28_I17,time_weighted_mean_total_waiting_queue,MEAN_OF_REPLICATION_LEVEL_METRIC,50,15.9116495138,8.69187161193,1.2292162716,0.95,13.4414469334,18.3818520943,EXPLORATORY_SENSITIVITY_NOT_CONFIRMATORY
1.0,TASK3_CAPACITY_RESPONSE_SURFACE_EXPLORATORY_V1,28,17,CAPACITY_RESPONSE_S28_I17,cutoff_backlog,MEAN_OF_REPLICATION_LEVEL_METRIC,50,75.96,16.8534620679,2.38343946293,0.95,71.1702990761,80.7497009239,EXPLORATORY_SENSITIVITY_NOT_CONFIRMATORY
1.0,TASK3_CAPACITY_RESPONSE_SURFACE_EXPLORATORY_V1,28,17,CAPACITY_RESPONSE_S28_I17,cohort_clear_time_after_cutoff_seconds,MEAN_OF_REPLICATION_LEVEL_METRIC,50,59.1428931855,12.829861684,1.81441643969,0.95,55.4966868384,62.7890995325,EXPLORATORY_SENSITIVITY_NOT_CONFIRMATORY
1.0,TASK3_CAPACITY_RESPONSE_SURFACE_EXPLORATORY_V1,28,17,CAPACITY_RESPONSE_S28_I17,security_wait_p95_seconds,MEAN_OF_REPLICATION_LEVEL_METRIC,50,24.4237900903,10.9412153083,1.54732150778,0.95,21.3143311044,27.5332490762,EXPLORATORY_SENSITIVITY_NOT_CONFIRMATORY
1.0,TASK3_CAPACITY_RESPONSE_SURFACE_EXPLORATORY_V1,28,17,CAPACITY_RESPONSE_S28_I17,immigration_wait_p95_seconds,MEAN_OF_REPLICATION_LEVEL_METRIC,50,3.09219645546,1.12166843304,0.158627871048,0.95,2.77342181388,3.41097109704,EXPLORATORY_SENSITIVITY_NOT_CONFIRMATORY
1.0,TASK3_CAPACITY_RESPONSE_SURFACE_EXPLORATORY_V1,28,16,CAPACITY_RESPONSE_S28_I16,total_queue_wait_p95_seconds,MEAN_OF_REPLICATION_LEVEL_METRIC,50,35.9200561222,13.0270972686,1.84230976356,0.95,32.2177960422,39.6223162022,EXPLORATORY_SENSITIVITY_NOT_CONFIRMATORY
1.0,TASK3_CAPACITY_RESPONSE_SURFACE_EXPLORATORY_V1,28,16,CAPACITY_RESPONSE_S28_I16,total_queue_wait_mean_seconds,MEAN_OF_REPLICATION_LEVEL_METRIC,50,18.152306007,7.67638729821,1.08560510272,0.95,15.9707008753,20.3339111387,EXPLORATORY_SENSITIVITY_NOT_CONFIRMATORY
1.0,TASK3_CAPACITY_RESPONSE_SURFACE_EXPLORATORY_V1,28,16,CAPACITY_RESPONSE_S28_I16,peak_total_waiting_queue,MEAN_OF_REPLICATION_LEVEL_METRIC,50,48.42,16.6440404239,2.35382277002,0.95,43.6898160488,53.1501839512,EXPLORATORY_SENSITIVITY_NOT_CONFIRMATORY
1.0,TASK3_CAPACITY_RESPONSE_SURFACE_EXPLORATORY_V1,28,16,CAPACITY_RESPONSE_S28_I16,time_weighted_mean_total_waiting_queue,MEAN_OF_REPLICATION_LEVEL_METRIC,50,21.1970430177,9.61026331559,1.35909647189,0.95,18.465836403,23.9282496325,EXPLORATORY_SENSITIVITY_NOT_CONFIRMATORY
1.0,TASK3_CAPACITY_RESPONSE_SURFACE_EXPLORATORY_V1,28,16,CAPACITY_RESPONSE_S28_I16,cutoff_backlog,MEAN_OF_REPLICATION_LEVEL_METRIC,50,87.66,18.2416992585,2.57976584921,0.95,82.4757664318,92.8442335682,EXPLORATORY_SENSITIVITY_NOT_CONFIRMATORY
1.0,TASK3_CAPACITY_RESPONSE_SURFACE_EXPLORATORY_V1,28,16,CAPACITY_RESPONSE_S28_I16,cohort_clear_time_after_cutoff_seconds,MEAN_OF_REPLICATION_LEVEL_METRIC,50,70.7881412428,14.6609939415,2.07337764699,0.95,66.6215328662,74.9547496194,EXPLORATORY_SENSITIVITY_NOT_CONFIRMATORY
1.0,TASK3_CAPACITY_RESPONSE_SURFACE_EXPLORATORY_V1,28,16,CAPACITY_RESPONSE_S28_I16,security_wait_p95_seconds,MEAN_OF_REPLICATION_LEVEL_METRIC,50,24.4237900903,10.9412153083,1.54732150778,0.95,21.3143311044,27.5332490762,EXPLORATORY_SENSITIVITY_NOT_CONFIRMATORY
1.0,TASK3_CAPACITY_RESPONSE_SURFACE_EXPLORATORY_V1,28,16,CAPACITY_RESPONSE_S28_I16,immigration_wait_p95_seconds,MEAN_OF_REPLICATION_LEVEL_METRIC,50,12.7928283378,2.74334006502,0.387966872615,0.95,12.0131797177,13.5724769578,EXPLORATORY_SENSITIVITY_NOT_CONFIRMATORY
