schema_version,study_id,axis,fixed_security_capacity,fixed_immigration_capacity,higher_capacity,middle_capacity,lower_capacity,metric,contrast,n_pairs,mean_second_difference,standard_deviation,standard_error,ci_level,ci_low,ci_high,crn_alignment_status,analysis_role
1.0,TASK3_CAPACITY_RESPONSE_SURFACE_EXPLORATORY_V1,SECURITY,,21,36,35,34,total_queue_wait_p95_seconds,LOWER_MINUS_2_MIDDLE_PLUS_HIGHER,50,0.26558638118,0.303460950049,0.042915859121,0.95,0.17934373341,0.35182902895,PASS,EXPLORATORY_SENSITIVITY_NOT_CONFIRMATORY
1.0,TASK3_CAPACITY_RESPONSE_SURFACE_EXPLORATORY_V1,SECURITY,,21,36,35,34,total_queue_wait_mean_seconds,LOWER_MINUS_2_MIDDLE_PLUS_HIGHER,50,0.11342616498,0.151172002322,0.0213789495936,0.95,0.070463557281,0.156388772679,PASS,EXPLORATORY_SENSITIVITY_NOT_CONFIRMATORY
1.0,TASK3_CAPACITY_RESPONSE_SURFACE_EXPLORATORY_V1,SECURITY,,21,36,35,34,peak_total_waiting_queue,LOWER_MINUS_2_MIDDLE_PLUS_HIGHER,50,0.46,0.676425177243,0.0956609659588,0.95,0.267762091649,0.652237908351,PASS,EXPLORATORY_SENSITIVITY_NOT_CONFIRMATORY
1.0,TASK3_CAPACITY_RESPONSE_SURFACE_EXPLORATORY_V1,SECURITY,,21,36,35,34,time_weighted_mean_total_waiting_queue,LOWER_MINUS_2_MIDDLE_PLUS_HIGHER,50,0.160318732847,0.227041528715,0.032108520913,0.95,0.0957942443189,0.224843221374,PASS,EXPLORATORY_SENSITIVITY_NOT_CONFIRMATORY
1.0,TASK3_CAPACITY_RESPONSE_SURFACE_EXPLORATORY_V1,SECURITY,,21,36,35,34,cutoff_backlog,LOWER_MINUS_2_MIDDLE_PLUS_HIGHER,50,0.18,0.522552604519,0.0739000980364,0.95,0.0314921929645,0.328507807035,PASS,EXPLORATORY_SENSITIVITY_NOT_CONFIRMATORY
1.0,TASK3_CAPACITY_RESPONSE_SURFACE_EXPLORATORY_V1,SECURITY,,21,36,35,34,cohort_clear_time_after_cutoff_seconds,LOWER_MINUS_2_MIDDLE_PLUS_HIGHER,50,0.2548814899,0.634378150383,0.0897146183945,0.95,0.0745932143658,0.435169765434,PASS,EXPLORATORY_SENSITIVITY_NOT_CONFIRMATORY
1.0,TASK3_CAPACITY_RESPONSE_SURFACE_EXPLORATORY_V1,SECURITY,,21,36,35,34,security_wait_p95_seconds,LOWER_MINUS_2_MIDDLE_PLUS_HIGHER,50,0.142874563,0.435127436778,0.0615363122452,0.95,0.0192127137278,0.266536412272,PASS,EXPLORATORY_SENSITIVITY_NOT_CONFIRMATORY
1.0,TASK3_CAPACITY_RESPONSE_SURFACE_EXPLORATORY_V1,SECURITY,,21,36,35,34,immigration_wait_p95_seconds,LOWER_MINUS_2_MIDDLE_PLUS_HIGHER,50,0.00749237052,0.279543768381,0.0395334588521,0.95,-0.0719530894272,0.0869378304672,PASS,EXPLORATORY_SENSITIVITY_NOT_CONFIRMATORY
1.0,TASK3_CAPACITY_RESPONSE_SURFACE_EXPLORATORY_V1,SECURITY,,21,35,34,33,total_queue_wait_p95_seconds,LOWER_MINUS_2_MIDDLE_PLUS_HIGHER,50,0.36841755314,0.515665065007,0.0729260528575,0.95,0.221867163176,0.514967943104,PASS,EXPLORATORY_SENSITIVITY_NOT_CONFIRMATORY
1.0,TASK3_CAPACITY_RESPONSE_SURFACE_EXPLORATORY_V1,SECURITY,,21,35,34,33,total_queue_wait_mean_seconds,LOWER_MINUS_2_MIDDLE_PLUS_HIGHER,50,0.17895290468,0.214645916168,0.0303555165752,0.95,0.11795121026,0.2399545991,PASS,EXPLORATORY_SENSITIVITY_NOT_CONFIRMATORY
1.0,TASK3_CAPACITY_RESPONSE_SURFACE_EXPLORATORY_V1,SECURITY,,21,35,34,33,peak_total_waiting_queue,LOWER_MINUS_2_MIDDLE_PLUS_HIGHER,50,0.44,1.1095135908,0.156908916774,0.95,0.124679726366,0.755320273634,PASS,EXPLORATORY_SENSITIVITY_NOT_CONFIRMATORY
1.0,TASK3_CAPACITY_RESPONSE_SURFACE_EXPLORATORY_V1,SECURITY,,21,35,34,33,time_weighted_mean_total_waiting_queue,LOWER_MINUS_2_MIDDLE_PLUS_HIGHER,50,0.237781478692,0.281936574161,0.0398718526907,0.95,0.157655990866,0.317906966517,PASS,EXPLORATORY_SENSITIVITY_NOT_CONFIRMATORY
1.0,TASK3_CAPACITY_RESPONSE_SURFACE_EXPLORATORY_V1,SECURITY,,21,35,34,33,cutoff_backlog,LOWER_MINUS_2_MIDDLE_PLUS_HIGHER,50,0.54,1.43156828517,0.202454328435,0.95,0.133152794928,0.946847205072,PASS,EXPLORATORY_SENSITIVITY_NOT_CONFIRMATORY
1.0,TASK3_CAPACITY_RESPONSE_SURFACE_EXPLORATORY_V1,SECURITY,,21,35,34,33,cohort_clear_time_after_cutoff_seconds,LOWER_MINUS_2_MIDDLE_PLUS_HIGHER,50,0.49388384274,1.42154715802,0.201037127042,0.95,0.0898846104925,0.897883074988,PASS,EXPLORATORY_SENSITIVITY_NOT_CONFIRMATORY
1.0,TASK3_CAPACITY_RESPONSE_SURFACE_EXPLORATORY_V1,SECURITY,,21,35,34,33,security_wait_p95_seconds,LOWER_MINUS_2_MIDDLE_PLUS_HIGHER,50,0.29633085464,0.544620004501,0.0770208996706,0.95,0.141551561921,0.451110147359,PASS,EXPLORATORY_SENSITIVITY_NOT_CONFIRMATORY
1.0,TASK3_CAPACITY_RESPONSE_SURFACE_EXPLORATORY_V1,SECURITY,,21,35,34,33,immigration_wait_p95_seconds,LOWER_MINUS_2_MIDDLE_PLUS_HIGHER,50,-0.02933026466,0.275139398991,0.0389105869596,0.95,-0.107524016676,0.0488634873562,PASS,EXPLORATORY_SENSITIVITY_NOT_CONFIRMATORY
1.0,TASK3_CAPACITY_RESPONSE_SURFACE_EXPLORATORY_V1,SECURITY,,21,34,33,32,total_queue_wait_p95_seconds,LOWER_MINUS_2_MIDDLE_PLUS_HIGHER,50,0.46762741156,0.438706255957,0.0620424337073,0.95,0.342948473131,0.592306349989,PASS,EXPLORATORY_SENSITIVITY_NOT_CONFIRMATORY
1.0,TASK3_CAPACITY_RESPONSE_SURFACE_EXPLORATORY_V1,SECURITY,,21,34,33,32,total_queue_wait_mean_seconds,LOWER_MINUS_2_MIDDLE_PLUS_HIGHER,50,0.26634319462,0.28653552679,0.0405222428088,0.95,0.184910698918,0.347775690322,PASS,EXPLORATORY_SENSITIVITY_NOT_CONFIRMATORY
1.0,TASK3_CAPACITY_RESPONSE_SURFACE_EXPLORATORY_V1,SECURITY,,21,34,33,32,peak_total_waiting_queue,LOWER_MINUS_2_MIDDLE_PLUS_HIGHER,50,0.28,0.701019665508,0.0991391518451,0.95,0.080772415422,0.479227584578,PASS,EXPLORATORY_SENSITIVITY_NOT_CONFIRMATORY
1.0,TASK3_CAPACITY_RESPONSE_SURFACE_EXPLORATORY_V1,SECURITY,,21,34,33,32,time_weighted_mean_total_waiting_queue,LOWER_MINUS_2_MIDDLE_PLUS_HIGHER,50,0.355512794689,0.422009636481,0.0596811751364,0.95,0.235578983012,0.475446606366,PASS,EXPLORATORY_SENSITIVITY_NOT_CONFIRMATORY
1.0,TASK3_CAPACITY_RESPONSE_SURFACE_EXPLORATORY_V1,SECURITY,,21,34,33,32,cutoff_backlog,LOWER_MINUS_2_MIDDLE_PLUS_HIGHER,50,0.32,1.11465195446,0.157635591133,0.95,0.00321941956898,0.636780580431,PASS,EXPLORATORY_SENSITIVITY_NOT_CONFIRMATORY
1.0,TASK3_CAPACITY_RESPONSE_SURFACE_EXPLORATORY_V1,SECURITY,,21,34,33,32,cohort_clear_time_after_cutoff_seconds,LOWER_MINUS_2_MIDDLE_PLUS_HIGHER,50,0.30412898648,1.05892342466,0.149754386866,0.95,0.00318627898199,0.605071693978,PASS,EXPLORATORY_SENSITIVITY_NOT_CONFIRMATORY
1.0,TASK3_CAPACITY_RESPONSE_SURFACE_EXPLORATORY_V1,SECURITY,,21,34,33,32,security_wait_p95_seconds,LOWER_MINUS_2_MIDDLE_PLUS_HIGHER,50,0.32008985342,0.49428575384,0.0699025616768,0.95,0.179615396462,0.460564310378,PASS,EXPLORATORY_SENSITIVITY_NOT_CONFIRMATORY
1.0,TASK3_CAPACITY_RESPONSE_SURFACE_EXPLORATORY_V1,SECURITY,,21,34,33,32,immigration_wait_p95_seconds,LOWER_MINUS_2_MIDDLE_PLUS_HIGHER,50,-0.01734348354,0.325032404749,0.0459665235007,0.95,-0.109716670904,0.0750297038238,PASS,EXPLORATORY_SENSITIVITY_NOT_CONFIRMATORY
1.0,TASK3_CAPACITY_RESPONSE_SURFACE_EXPLORATORY_V1,SECURITY,,21,33,32,31,total_queue_wait_p95_seconds,LOWER_MINUS_2_MIDDLE_PLUS_HIGHER,50,0.84535554044,1.01317238577,0.143284212898,0.95,0.557415134328,1.13329594655,PASS,EXPLORATORY_SENSITIVITY_NOT_CONFIRMATORY
1.0,TASK3_CAPACITY_RESPONSE_SURFACE_EXPLORATORY_V1,SECURITY,,21,33,32,31,total_queue_wait_mean_seconds,LOWER_MINUS_2_MIDDLE_PLUS_HIGHER,50,0.47388068656,0.498650961367,0.0705198952455,0.95,0.33216565135,0.61559572177,PASS,EXPLORATORY_SENSITIVITY_NOT_CONFIRMATORY
1.0,TASK3_CAPACITY_RESPONSE_SURFACE_EXPLORATORY_V1,SECURITY,,21,33,32,31,peak_total_waiting_queue,LOWER_MINUS_2_MIDDLE_PLUS_HIGHER,50,1.06,1.60877694703,0.227515417733,0.95,0.602790650459,1.51720934954,PASS,EXPLORATORY_SENSITIVITY_NOT_CONFIRMATORY
1.0,TASK3_CAPACITY_RESPONSE_SURFACE_EXPLORATORY_V1,SECURITY,,21,33,32,31,time_weighted_mean_total_waiting_queue,LOWER_MINUS_2_MIDDLE_PLUS_HIGHER,50,0.618315187199,0.686063578455,0.0970240417301,0.95,0.423338075533,0.813292298866,PASS,EXPLORATORY_SENSITIVITY_NOT_CONFIRMATORY
1.0,TASK3_CAPACITY_RESPONSE_SURFACE_EXPLORATORY_V1,SECURITY,,21,33,32,31,cutoff_backlog,LOWER_MINUS_2_MIDDLE_PLUS_HIGHER,50,1.18,1.94506177437,0.275073274097,0.95,0.627219559979,1.73278044002,PASS,EXPLORATORY_SENSITIVITY_NOT_CONFIRMATORY
1.0,TASK3_CAPACITY_RESPONSE_SURFACE_EXPLORATORY_V1,SECURITY,,21,33,32,31,cohort_clear_time_after_cutoff_seconds,LOWER_MINUS_2_MIDDLE_PLUS_HIGHER,50,1.20178833148,2.45019343257,0.346509678277,0.95,0.505451062588,1.89812560037,PASS,EXPLORATORY_SENSITIVITY_NOT_CONFIRMATORY
1.0,TASK3_CAPACITY_RESPONSE_SURFACE_EXPLORATORY_V1,SECURITY,,21,33,32,31,security_wait_p95_seconds,LOWER_MINUS_2_MIDDLE_PLUS_HIGHER,50,0.7573457235,0.928329809122,0.131285660642,0.95,0.493517310884,1.02117413612,PASS,EXPLORATORY_SENSITIVITY_NOT_CONFIRMATORY
1.0,TASK3_CAPACITY_RESPONSE_SURFACE_EXPLORATORY_V1,SECURITY,,21,33,32,31,immigration_wait_p95_seconds,LOWER_MINUS_2_MIDDLE_PLUS_HIGHER,50,0.0328206593,0.352468154997,0.0498465245102,0.95,-0.0673496820126,0.132991000613,PASS,EXPLORATORY_SENSITIVITY_NOT_CONFIRMATORY
1.0,TASK3_CAPACITY_RESPONSE_SURFACE_EXPLORATORY_V1,SECURITY,,21,32,31,30,total_queue_wait_p95_seconds,LOWER_MINUS_2_MIDDLE_PLUS_HIGHER,50,1.04122331006,1.01569090751,0.143640385658,0.95,0.752567147991,1.32987947213,PASS,EXPLORATORY_SENSITIVITY_NOT_CONFIRMATORY
1.0,TASK3_CAPACITY_RESPONSE_SURFACE_EXPLORATORY_V1,SECURITY,,21,32,31,30,total_queue_wait_mean_seconds,LOWER_MINUS_2_MIDDLE_PLUS_HIGHER,50,0.67974463854,0.567958602576,0.0803214758629,0.95,0.518332589636,0.841156687444,PASS,EXPLORATORY_SENSITIVITY_NOT_CONFIRMATORY
1.0,TASK3_CAPACITY_RESPONSE_SURFACE_EXPLORATORY_V1,SECURITY,,21,32,31,30,peak_total_waiting_queue,LOWER_MINUS_2_MIDDLE_PLUS_HIGHER,50,1.26,2.00824829752,0.284009197896,0.95,0.68926214879,1.83073785121,PASS,EXPLORATORY_SENSITIVITY_NOT_CONFIRMATORY
1.0,TASK3_CAPACITY_RESPONSE_SURFACE_EXPLORATORY_V1,SECURITY,,21,32,31,30,time_weighted_mean_total_waiting_queue,LOWER_MINUS_2_MIDDLE_PLUS_HIGHER,50,0.835258328649,0.757845046906,0.107175474351,0.95,0.619881149366,1.05063550793,PASS,EXPLORATORY_SENSITIVITY_NOT_CONFIRMATORY
1.0,TASK3_CAPACITY_RESPONSE_SURFACE_EXPLORATORY_V1,SECURITY,,21,32,31,30,cutoff_backlog,LOWER_MINUS_2_MIDDLE_PLUS_HIGHER,50,1.56,2.11080795054,0.298513323122,0.95,0.9601150179,2.1598849821,PASS,EXPLORATORY_SENSITIVITY_NOT_CONFIRMATORY
1.0,TASK3_CAPACITY_RESPONSE_SURFACE_EXPLORATORY_V1,SECURITY,,21,32,31,30,cohort_clear_time_after_cutoff_seconds,LOWER_MINUS_2_MIDDLE_PLUS_HIGHER,50,1.52220940738,2.74259514218,0.387861524617,0.95,0.742772492075,2.30164632268,PASS,EXPLORATORY_SENSITIVITY_NOT_CONFIRMATORY
1.0,TASK3_CAPACITY_RESPONSE_SURFACE_EXPLORATORY_V1,SECURITY,,21,32,31,30,security_wait_p95_seconds,LOWER_MINUS_2_MIDDLE_PLUS_HIGHER,50,1.01036301574,1.07015172046,0.151342307687,0.95,0.706229261882,1.3144967696,PASS,EXPLORATORY_SENSITIVITY_NOT_CONFIRMATORY
1.0,TASK3_CAPACITY_RESPONSE_SURFACE_EXPLORATORY_V1,SECURITY,,21,32,31,30,immigration_wait_p95_seconds,LOWER_MINUS_2_MIDDLE_PLUS_HIGHER,50,0.02757626208,0.422693599848,0.0597779021634,0.95,-0.0925519298351,0.147704453995,PASS,EXPLORATORY_SENSITIVITY_NOT_CONFIRMATORY
1.0,TASK3_CAPACITY_RESPONSE_SURFACE_EXPLORATORY_V1,SECURITY,,21,31,30,29,total_queue_wait_p95_seconds,LOWER_MINUS_2_MIDDLE_PLUS_HIGHER,50,1.56827626046,1.31679078299,0.186222338412,0.95,1.19404846059,1.94250406033,PASS,EXPLORATORY_SENSITIVITY_NOT_CONFIRMATORY
1.0,TASK3_CAPACITY_RESPONSE_SURFACE_EXPLORATORY_V1,SECURITY,,21,31,30,29,total_queue_wait_mean_seconds,LOWER_MINUS_2_MIDDLE_PLUS_HIGHER,50,0.91201700842,0.6072278053,0.0858749797705,0.95,0.739444775584,1.08458924126,PASS,EXPLORATORY_SENSITIVITY_NOT_CONFIRMATORY
1.0,TASK3_CAPACITY_RESPONSE_SURFACE_EXPLORATORY_V1,SECURITY,,21,31,30,29,peak_total_waiting_queue,LOWER_MINUS_2_MIDDLE_PLUS_HIGHER,50,2.04,2.089429177,0.295489907974,0.95,1.44619079811,2.63380920189,PASS,EXPLORATORY_SENSITIVITY_NOT_CONFIRMATORY
1.0,TASK3_CAPACITY_RESPONSE_SURFACE_EXPLORATORY_V1,SECURITY,,21,31,30,29,time_weighted_mean_total_waiting_queue,LOWER_MINUS_2_MIDDLE_PLUS_HIGHER,50,1.04714014138,0.789715777863,0.111682676347,0.95,0.822705400573,1.27157488218,PASS,EXPLORATORY_SENSITIVITY_NOT_CONFIRMATORY
1.0,TASK3_CAPACITY_RESPONSE_SURFACE_EXPLORATORY_V1,SECURITY,,21,31,30,29,cutoff_backlog,LOWER_MINUS_2_MIDDLE_PLUS_HIGHER,50,2.38,2.59426368776,0.36688428916,0.95,1.64271841761,3.11728158239,PASS,EXPLORATORY_SENSITIVITY_NOT_CONFIRMATORY
1.0,TASK3_CAPACITY_RESPONSE_SURFACE_EXPLORATORY_V1,SECURITY,,21,31,30,29,cohort_clear_time_after_cutoff_seconds,LOWER_MINUS_2_MIDDLE_PLUS_HIGHER,50,1.93364099996,2.80558277805,0.396769321507,0.95,1.13630319661,2.73097880331,PASS,EXPLORATORY_SENSITIVITY_NOT_CONFIRMATORY
1.0,TASK3_CAPACITY_RESPONSE_SURFACE_EXPLORATORY_V1,SECURITY,,21,31,30,29,security_wait_p95_seconds,LOWER_MINUS_2_MIDDLE_PLUS_HIGHER,50,1.54850176654,1.30778430912,0.184948630661,0.95,1.17683357822,1.92016995486,PASS,EXPLORATORY_SENSITIVITY_NOT_CONFIRMATORY
1.0,TASK3_CAPACITY_RESPONSE_SURFACE_EXPLORATORY_V1,SECURITY,,21,31,30,29,immigration_wait_p95_seconds,LOWER_MINUS_2_MIDDLE_PLUS_HIGHER,50,0.16850121258,0.537028647385,0.0759473196514,0.95,0.0158793596821,0.321123065478,PASS,EXPLORATORY_SENSITIVITY_NOT_CONFIRMATORY
1.0,TASK3_CAPACITY_RESPONSE_SURFACE_EXPLORATORY_V1,SECURITY,,21,30,29,28,total_queue_wait_p95_seconds,LOWER_MINUS_2_MIDDLE_PLUS_HIGHER,50,2.12783853106,1.43532188355,0.202985167409,0.95,1.71992456513,2.53575249699,PASS,EXPLORATORY_SENSITIVITY_NOT_CONFIRMATORY
1.0,TASK3_CAPACITY_RESPONSE_SURFACE_EXPLORATORY_V1,SECURITY,,21,30,29,28,total_queue_wait_mean_seconds,LOWER_MINUS_2_MIDDLE_PLUS_HIGHER,50,1.08359148316,0.71431674802,0.101019643288,0.95,0.880584909545,1.28659805678,PASS,EXPLORATORY_SENSITIVITY_NOT_CONFIRMATORY
1.0,TASK3_CAPACITY_RESPONSE_SURFACE_EXPLORATORY_V1,SECURITY,,21,30,29,28,peak_total_waiting_queue,LOWER_MINUS_2_MIDDLE_PLUS_HIGHER,50,2.2,2.06031501455,0.291372543634,0.95,1.61446495153,2.78553504847,PASS,EXPLORATORY_SENSITIVITY_NOT_CONFIRMATORY
1.0,TASK3_CAPACITY_RESPONSE_SURFACE_EXPLORATORY_V1,SECURITY,,21,30,29,28,time_weighted_mean_total_waiting_queue,LOWER_MINUS_2_MIDDLE_PLUS_HIGHER,50,1.14230414077,0.951959769071,0.134627441625,0.95,0.871760167838,1.41284811369,PASS,EXPLORATORY_SENSITIVITY_NOT_CONFIRMATORY
1.0,TASK3_CAPACITY_RESPONSE_SURFACE_EXPLORATORY_V1,SECURITY,,21,30,29,28,cutoff_backlog,LOWER_MINUS_2_MIDDLE_PLUS_HIGHER,50,2.44,2.70419175748,0.382430465869,0.95,1.67147720587,3.20852279413,PASS,EXPLORATORY_SENSITIVITY_NOT_CONFIRMATORY
1.0,TASK3_CAPACITY_RESPONSE_SURFACE_EXPLORATORY_V1,SECURITY,,21,30,29,28,cohort_clear_time_after_cutoff_seconds,LOWER_MINUS_2_MIDDLE_PLUS_HIGHER,50,2.35604853728,3.01339224125,0.426158017633,0.95,1.49965193794,3.21244513662,PASS,EXPLORATORY_SENSITIVITY_NOT_CONFIRMATORY
1.0,TASK3_CAPACITY_RESPONSE_SURFACE_EXPLORATORY_V1,SECURITY,,21,30,29,28,security_wait_p95_seconds,LOWER_MINUS_2_MIDDLE_PLUS_HIGHER,50,2.09373174728,1.43789934163,0.203349675025,0.95,1.68508527587,2.50237821869,PASS,EXPLORATORY_SENSITIVITY_NOT_CONFIRMATORY
1.0,TASK3_CAPACITY_RESPONSE_SURFACE_EXPLORATORY_V1,SECURITY,,21,30,29,28,immigration_wait_p95_seconds,LOWER_MINUS_2_MIDDLE_PLUS_HIGHER,50,0.02242002172,0.42397085126,0.0599585327903,0.95,-0.09807116103,0.14291120447,PASS,EXPLORATORY_SENSITIVITY_NOT_CONFIRMATORY
1.0,TASK3_CAPACITY_RESPONSE_SURFACE_EXPLORATORY_V1,SECURITY,,20,36,35,34,total_queue_wait_p95_seconds,LOWER_MINUS_2_MIDDLE_PLUS_HIGHER,50,0.12556996536,0.161324091819,0.0228146718588,0.95,0.0797221657493,0.171417764971,PASS,EXPLORATORY_SENSITIVITY_NOT_CONFIRMATORY
1.0,TASK3_CAPACITY_RESPONSE_SURFACE_EXPLORATORY_V1,SECURITY,,20,36,35,34,total_queue_wait_mean_seconds,LOWER_MINUS_2_MIDDLE_PLUS_HIGHER,50,0.0522341744,0.0351263694368,0.00496761880545,0.95,0.0422513706611,0.0622169781389,PASS,EXPLORATORY_SENSITIVITY_NOT_CONFIRMATORY
1.0,TASK3_CAPACITY_RESPONSE_SURFACE_EXPLORATORY_V1,SECURITY,,20,36,35,34,peak_total_waiting_queue,LOWER_MINUS_2_MIDDLE_PLUS_HIGHER,50,0.38,0.666700679404,0.0942857142857,0.95,0.190525763356,0.569474236644,PASS,EXPLORATORY_SENSITIVITY_NOT_CONFIRMATORY
1.0,TASK3_CAPACITY_RESPONSE_SURFACE_EXPLORATORY_V1,SECURITY,,20,36,35,34,time_weighted_mean_total_waiting_queue,LOWER_MINUS_2_MIDDLE_PLUS_HIGHER,50,0.0811964199046,0.0609488004196,0.00861946201637,0.95,0.0638749624791,0.0985178773301,PASS,EXPLORATORY_SENSITIVITY_NOT_CONFIRMATORY
1.0,TASK3_CAPACITY_RESPONSE_SURFACE_EXPLORATORY_V1,SECURITY,,20,36,35,34,cutoff_backlog,LOWER_MINUS_2_MIDDLE_PLUS_HIGHER,50,0.2,0.534522483825,0.0755928946018,0.95,0.0480903909052,0.351909609095,PASS,EXPLORATORY_SENSITIVITY_NOT_CONFIRMATORY
1.0,TASK3_CAPACITY_RESPONSE_SURFACE_EXPLORATORY_V1,SECURITY,,20,36,35,34,cohort_clear_time_after_cutoff_seconds,LOWER_MINUS_2_MIDDLE_PLUS_HIGHER,50,0.08927815268,0.284179520653,0.0401890532257,0.95,0.008515226514,0.170041078846,PASS,EXPLORATORY_SENSITIVITY_NOT_CONFIRMATORY
1.0,TASK3_CAPACITY_RESPONSE_SURFACE_EXPLORATORY_V1,SECURITY,,20,36,35,34,security_wait_p95_seconds,LOWER_MINUS_2_MIDDLE_PLUS_HIGHER,50,0.142874563,0.435127436778,0.0615363122452,0.95,0.0192127137278,0.266536412272,PASS,EXPLORATORY_SENSITIVITY_NOT_CONFIRMATORY
1.0,TASK3_CAPACITY_RESPONSE_SURFACE_EXPLORATORY_V1,SECURITY,,20,36,35,34,immigration_wait_p95_seconds,LOWER_MINUS_2_MIDDLE_PLUS_HIGHER,50,-0.20217532004,0.372349593381,0.0526581844904,0.95,-0.307995903624,-0.0963547364559,PASS,EXPLORATORY_SENSITIVITY_NOT_CONFIRMATORY
1.0,TASK3_CAPACITY_RESPONSE_SURFACE_EXPLORATORY_V1,SECURITY,,20,35,34,33,total_queue_wait_p95_seconds,LOWER_MINUS_2_MIDDLE_PLUS_HIGHER,50,0.35586821594,0.472764117615,0.0668589426934,0.95,0.221510140323,0.490226291557,PASS,EXPLORATORY_SENSITIVITY_NOT_CONFIRMATORY
1.0,TASK3_CAPACITY_RESPONSE_SURFACE_EXPLORATORY_V1,SECURITY,,20,35,34,33,total_queue_wait_mean_seconds,LOWER_MINUS_2_MIDDLE_PLUS_HIGHER,50,0.17177276176,0.215506795471,0.0304772632939,0.95,0.110526408149,0.233019115371,PASS,EXPLORATORY_SENSITIVITY_NOT_CONFIRMATORY
1.0,TASK3_CAPACITY_RESPONSE_SURFACE_EXPLORATORY_V1,SECURITY,,20,35,34,33,peak_total_waiting_queue,LOWER_MINUS_2_MIDDLE_PLUS_HIGHER,50,0.54,0.838122293936,0.118528391501,0.95,0.301808279543,0.778191720457,PASS,EXPLORATORY_SENSITIVITY_NOT_CONFIRMATORY
1.0,TASK3_CAPACITY_RESPONSE_SURFACE_EXPLORATORY_V1,SECURITY,,20,35,34,33,time_weighted_mean_total_waiting_queue,LOWER_MINUS_2_MIDDLE_PLUS_HIGHER,50,0.239342154623,0.319815171701,0.0452286953272,0.95,0.148451688486,0.33023262076,PASS,EXPLORATORY_SENSITIVITY_NOT_CONFIRMATORY
1.0,TASK3_CAPACITY_RESPONSE_SURFACE_EXPLORATORY_V1,SECURITY,,20,35,34,33,cutoff_backlog,LOWER_MINUS_2_MIDDLE_PLUS_HIGHER,50,0.3,0.762648446574,0.107854777647,0.95,0.0832577096351,0.516742290365,PASS,EXPLORATORY_SENSITIVITY_NOT_CONFIRMATORY
1.0,TASK3_CAPACITY_RESPONSE_SURFACE_EXPLORATORY_V1,SECURITY,,20,35,34,33,cohort_clear_time_after_cutoff_seconds,LOWER_MINUS_2_MIDDLE_PLUS_HIGHER,50,0.41081686072,0.949599372992,0.134293631211,0.95,0.140943704935,0.680690016505,PASS,EXPLORATORY_SENSITIVITY_NOT_CONFIRMATORY
1.0,TASK3_CAPACITY_RESPONSE_SURFACE_EXPLORATORY_V1,SECURITY,,20,35,34,33,security_wait_p95_seconds,LOWER_MINUS_2_MIDDLE_PLUS_HIGHER,50,0.29633085464,0.544620004501,0.0770208996706,0.95,0.141551561921,0.451110147359,PASS,EXPLORATORY_SENSITIVITY_NOT_CONFIRMATORY
1.0,TASK3_CAPACITY_RESPONSE_SURFACE_EXPLORATORY_V1,SECURITY,,20,35,34,33,immigration_wait_p95_seconds,LOWER_MINUS_2_MIDDLE_PLUS_HIGHER,50,0.14733661654,0.402951429173,0.0569859376115,0.95,0.0328190874514,0.261854145629,PASS,EXPLORATORY_SENSITIVITY_NOT_CONFIRMATORY
1.0,TASK3_CAPACITY_RESPONSE_SURFACE_EXPLORATORY_V1,SECURITY,,20,34,33,32,total_queue_wait_p95_seconds,LOWER_MINUS_2_MIDDLE_PLUS_HIGHER,50,0.63675529516,0.631404549859,0.0892940877755,0.95,0.457312107544,0.816198482776,PASS,EXPLORATORY_SENSITIVITY_NOT_CONFIRMATORY
1.0,TASK3_CAPACITY_RESPONSE_SURFACE_EXPLORATORY_V1,SECURITY,,20,34,33,32,total_queue_wait_mean_seconds,LOWER_MINUS_2_MIDDLE_PLUS_HIGHER,50,0.32079090162,0.340903807178,0.0482110787575,0.95,0.223907111594,0.417674691646,PASS,EXPLORATORY_SENSITIVITY_NOT_CONFIRMATORY
1.0,TASK3_CAPACITY_RESPONSE_SURFACE_EXPLORATORY_V1,SECURITY,,20,34,33,32,peak_total_waiting_queue,LOWER_MINUS_2_MIDDLE_PLUS_HIGHER,50,0.4,0.808122035642,0.114285714286,0.95,0.170334258614,0.629665741386,PASS,EXPLORATORY_SENSITIVITY_NOT_CONFIRMATORY
1.0,TASK3_CAPACITY_RESPONSE_SURFACE_EXPLORATORY_V1,SECURITY,,20,34,33,32,time_weighted_mean_total_waiting_queue,LOWER_MINUS_2_MIDDLE_PLUS_HIGHER,50,0.417883459444,0.475922078148,0.0673055457549,0.95,0.282627901373,0.553139017514,PASS,EXPLORATORY_SENSITIVITY_NOT_CONFIRMATORY
1.0,TASK3_CAPACITY_RESPONSE_SURFACE_EXPLORATORY_V1,SECURITY,,20,34,33,32,cutoff_backlog,LOWER_MINUS_2_MIDDLE_PLUS_HIGHER,50,0.6,1.24539969815,0.176126114371,0.95,0.246061321949,0.953938678051,PASS,EXPLORATORY_SENSITIVITY_NOT_CONFIRMATORY
1.0,TASK3_CAPACITY_RESPONSE_SURFACE_EXPLORATORY_V1,SECURITY,,20,34,33,32,cohort_clear_time_after_cutoff_seconds,LOWER_MINUS_2_MIDDLE_PLUS_HIGHER,50,0.58685596104,0.837919320455,0.118499686716,0.95,0.348721925008,0.824989997072,PASS,EXPLORATORY_SENSITIVITY_NOT_CONFIRMATORY
1.0,TASK3_CAPACITY_RESPONSE_SURFACE_EXPLORATORY_V1,SECURITY,,20,34,33,32,security_wait_p95_seconds,LOWER_MINUS_2_MIDDLE_PLUS_HIGHER,50,0.32008985342,0.49428575384,0.0699025616768,0.95,0.179615396462,0.460564310378,PASS,EXPLORATORY_SENSITIVITY_NOT_CONFIRMATORY
1.0,TASK3_CAPACITY_RESPONSE_SURFACE_EXPLORATORY_V1,SECURITY,,20,34,33,32,immigration_wait_p95_seconds,LOWER_MINUS_2_MIDDLE_PLUS_HIGHER,50,0.09877614246,0.331204819363,0.0468394347466,0.95,0.00464877427203,0.192903510648,PASS,EXPLORATORY_SENSITIVITY_NOT_CONFIRMATORY
1.0,TASK3_CAPACITY_RESPONSE_SURFACE_EXPLORATORY_V1,SECURITY,,20,33,32,31,total_queue_wait_p95_seconds,LOWER_MINUS_2_MIDDLE_PLUS_HIGHER,50,0.90157828346,1.0449645084,0.147780297998,0.95,0.604602656068,1.19855391085,PASS,EXPLORATORY_SENSITIVITY_NOT_CONFIRMATORY
1.0,TASK3_CAPACITY_RESPONSE_SURFACE_EXPLORATORY_V1,SECURITY,,20,33,32,31,total_queue_wait_mean_seconds,LOWER_MINUS_2_MIDDLE_PLUS_HIGHER,50,0.5044799115,0.534230476068,0.0755515984688,0.95,0.352653290092,0.656306532908,PASS,EXPLORATORY_SENSITIVITY_NOT_CONFIRMATORY
1.0,TASK3_CAPACITY_RESPONSE_SURFACE_EXPLORATORY_V1,SECURITY,,20,33,32,31,peak_total_waiting_queue,LOWER_MINUS_2_MIDDLE_PLUS_HIGHER,50,1.14,1.66610875016,0.235623359086,0.95,0.666497132292,1.61350286771,PASS,EXPLORATORY_SENSITIVITY_NOT_CONFIRMATORY
1.0,TASK3_CAPACITY_RESPONSE_SURFACE_EXPLORATORY_V1,SECURITY,,20,33,32,31,time_weighted_mean_total_waiting_queue,LOWER_MINUS_2_MIDDLE_PLUS_HIGHER,50,0.652823228236,0.732443587086,0.103583165453,0.95,0.444665063958,0.860981392514,PASS,EXPLORATORY_SENSITIVITY_NOT_CONFIRMATORY
1.0,TASK3_CAPACITY_RESPONSE_SURFACE_EXPLORATORY_V1,SECURITY,,20,33,32,31,cutoff_backlog,LOWER_MINUS_2_MIDDLE_PLUS_HIGHER,50,1.22,1.96177761955,0.277437251593,0.95,0.662468969342,1.77753103066,PASS,EXPLORATORY_SENSITIVITY_NOT_CONFIRMATORY
1.0,TASK3_CAPACITY_RESPONSE_SURFACE_EXPLORATORY_V1,SECURITY,,20,33,32,31,cohort_clear_time_after_cutoff_seconds,LOWER_MINUS_2_MIDDLE_PLUS_HIGHER,50,1.16146659974,2.29958134165,0.325209912114,0.95,0.507932813488,1.81500038599,PASS,EXPLORATORY_SENSITIVITY_NOT_CONFIRMATORY
1.0,TASK3_CAPACITY_RESPONSE_SURFACE_EXPLORATORY_V1,SECURITY,,20,33,32,31,security_wait_p95_seconds,LOWER_MINUS_2_MIDDLE_PLUS_HIGHER,50,0.7573457235,0.928329809122,0.131285660642,0.95,0.493517310884,1.02117413612,PASS,EXPLORATORY_SENSITIVITY_NOT_CONFIRMATORY
1.0,TASK3_CAPACITY_RESPONSE_SURFACE_EXPLORATORY_V1,SECURITY,,20,33,32,31,immigration_wait_p95_seconds,LOWER_MINUS_2_MIDDLE_PLUS_HIGHER,50,-0.01510909532,0.371234215303,0.0525004462099,0.95,-0.120612691962,0.0903945013216,PASS,EXPLORATORY_SENSITIVITY_NOT_CONFIRMATORY
1.0,TASK3_CAPACITY_RESPONSE_SURFACE_EXPLORATORY_V1,SECURITY,,20,32,31,30,total_queue_wait_p95_seconds,LOWER_MINUS_2_MIDDLE_PLUS_HIGHER,50,1.0905848488,1.04121515392,0.147250059203,0.95,0.794674776161,1.38649492144,PASS,EXPLORATORY_SENSITIVITY_NOT_CONFIRMATORY
1.0,TASK3_CAPACITY_RESPONSE_SURFACE_EXPLORATORY_V1,SECURITY,,20,32,31,30,total_queue_wait_mean_seconds,LOWER_MINUS_2_MIDDLE_PLUS_HIGHER,50,0.67459508232,0.570171160098,0.0806343787484,0.95,0.512554231526,0.836635933114,PASS,EXPLORATORY_SENSITIVITY_NOT_CONFIRMATORY
1.0,TASK3_CAPACITY_RESPONSE_SURFACE_EXPLORATORY_V1,SECURITY,,20,32,31,30,peak_total_waiting_queue,LOWER_MINUS_2_MIDDLE_PLUS_HIGHER,50,1.22,1.99274193215,0.281816266676,0.95,0.653669009067,1.78633099093,PASS,EXPLORATORY_SENSITIVITY_NOT_CONFIRMATORY
1.0,TASK3_CAPACITY_RESPONSE_SURFACE_EXPLORATORY_V1,SECURITY,,20,32,31,30,time_weighted_mean_total_waiting_queue,LOWER_MINUS_2_MIDDLE_PLUS_HIGHER,50,0.83125748807,0.7561762183,0.106939466346,0.95,0.616354584629,1.04616039151,PASS,EXPLORATORY_SENSITIVITY_NOT_CONFIRMATORY
1.0,TASK3_CAPACITY_RESPONSE_SURFACE_EXPLORATORY_V1,SECURITY,,20,32,31,30,cutoff_backlog,LOWER_MINUS_2_MIDDLE_PLUS_HIGHER,50,1.56,2.18678778493,0.309258494348,0.95,0.938521787886,2.18147821211,PASS,EXPLORATORY_SENSITIVITY_NOT_CONFIRMATORY
1.0,TASK3_CAPACITY_RESPONSE_SURFACE_EXPLORATORY_V1,SECURITY,,20,32,31,30,cohort_clear_time_after_cutoff_seconds,LOWER_MINUS_2_MIDDLE_PLUS_HIGHER,50,1.4489346487,2.5275025946,0.357442844821,0.95,0.730626359059,2.16724293834,PASS,EXPLORATORY_SENSITIVITY_NOT_CONFIRMATORY
1.0,TASK3_CAPACITY_RESPONSE_SURFACE_EXPLORATORY_V1,SECURITY,,20,32,31,30,security_wait_p95_seconds,LOWER_MINUS_2_MIDDLE_PLUS_HIGHER,50,1.01036301574,1.07015172046,0.151342307687,0.95,0.706229261882,1.3144967696,PASS,EXPLORATORY_SENSITIVITY_NOT_CONFIRMATORY
1.0,TASK3_CAPACITY_RESPONSE_SURFACE_EXPLORATORY_V1,SECURITY,,20,32,31,30,immigration_wait_p95_seconds,LOWER_MINUS_2_MIDDLE_PLUS_HIGHER,50,-0.04025842948,0.5482760425,0.0775379415228,0.95,-0.196076756702,0.115559897742,PASS,EXPLORATORY_SENSITIVITY_NOT_CONFIRMATORY
1.0,TASK3_CAPACITY_RESPONSE_SURFACE_EXPLORATORY_V1,SECURITY,,20,31,30,29,total_queue_wait_p95_seconds,LOWER_MINUS_2_MIDDLE_PLUS_HIGHER,50,1.6108597254,1.31010608102,0.185276978793,0.95,1.23853169681,1.98318775399,PASS,EXPLORATORY_SENSITIVITY_NOT_CONFIRMATORY
1.0,TASK3_CAPACITY_RESPONSE_SURFACE_EXPLORATORY_V1,SECURITY,,20,31,30,29,total_queue_wait_mean_seconds,LOWER_MINUS_2_MIDDLE_PLUS_HIGHER,50,0.93092509814,0.617173370578,0.0872814951006,0.95,0.755526366926,1.10632382935,PASS,EXPLORATORY_SENSITIVITY_NOT_CONFIRMATORY
1.0,TASK3_CAPACITY_RESPONSE_SURFACE_EXPLORATORY_V1,SECURITY,,20,31,30,29,peak_total_waiting_queue,LOWER_MINUS_2_MIDDLE_PLUS_HIGHER,50,2.12,2.16314208351,0.305914487185,0.95,1.50524182187,2.73475817813,PASS,EXPLORATORY_SENSITIVITY_NOT_CONFIRMATORY
1.0,TASK3_CAPACITY_RESPONSE_SURFACE_EXPLORATORY_V1,SECURITY,,20,31,30,29,time_weighted_mean_total_waiting_queue,LOWER_MINUS_2_MIDDLE_PLUS_HIGHER,50,1.06944542405,0.7998961798,0.113122402596,0.95,0.842117445026,1.29677340307,PASS,EXPLORATORY_SENSITIVITY_NOT_CONFIRMATORY
1.0,TASK3_CAPACITY_RESPONSE_SURFACE_EXPLORATORY_V1,SECURITY,,20,31,30,29,cutoff_backlog,LOWER_MINUS_2_MIDDLE_PLUS_HIGHER,50,2.28,2.52368373451,0.356902776449,0.95,1.56277701839,2.99722298161,PASS,EXPLORATORY_SENSITIVITY_NOT_CONFIRMATORY
1.0,TASK3_CAPACITY_RESPONSE_SURFACE_EXPLORATORY_V1,SECURITY,,20,31,30,29,cohort_clear_time_after_cutoff_seconds,LOWER_MINUS_2_MIDDLE_PLUS_HIGHER,50,2.00778721456,2.65009174997,0.374779569434,0.95,1.25463947244,2.76093495668,PASS,EXPLORATORY_SENSITIVITY_NOT_CONFIRMATORY
1.0,TASK3_CAPACITY_RESPONSE_SURFACE_EXPLORATORY_V1,SECURITY,,20,31,30,29,security_wait_p95_seconds,LOWER_MINUS_2_MIDDLE_PLUS_HIGHER,50,1.54850176654,1.30778430912,0.184948630661,0.95,1.17683357822,1.92016995486,PASS,EXPLORATORY_SENSITIVITY_NOT_CONFIRMATORY
1.0,TASK3_CAPACITY_RESPONSE_SURFACE_EXPLORATORY_V1,SECURITY,,20,31,30,29,immigration_wait_p95_seconds,LOWER_MINUS_2_MIDDLE_PLUS_HIGHER,50,0.1708843429,0.860493299774,0.121692129487,0.95,-0.0736651470709,0.415433832871,PASS,EXPLORATORY_SENSITIVITY_NOT_CONFIRMATORY
1.0,TASK3_CAPACITY_RESPONSE_SURFACE_EXPLORATORY_V1,SECURITY,,20,30,29,28,total_queue_wait_p95_seconds,LOWER_MINUS_2_MIDDLE_PLUS_HIGHER,50,2.14400800106,1.44571331939,0.204454738359,0.95,1.73314082174,2.55487518038,PASS,EXPLORATORY_SENSITIVITY_NOT_CONFIRMATORY
1.0,TASK3_CAPACITY_RESPONSE_SURFACE_EXPLORATORY_V1,SECURITY,,20,30,29,28,total_queue_wait_mean_seconds,LOWER_MINUS_2_MIDDLE_PLUS_HIGHER,50,1.10281836696,0.723554708977,0.102326088255,0.95,0.89718639389,1.30845034003,PASS,EXPLORATORY_SENSITIVITY_NOT_CONFIRMATORY
1.0,TASK3_CAPACITY_RESPONSE_SURFACE_EXPLORATORY_V1,SECURITY,,20,30,29,28,peak_total_waiting_queue,LOWER_MINUS_2_MIDDLE_PLUS_HIGHER,50,2.2,2.08003139694,0.294160861171,0.95,1.60886161766,2.79113838234,PASS,EXPLORATORY_SENSITIVITY_NOT_CONFIRMATORY
1.0,TASK3_CAPACITY_RESPONSE_SURFACE_EXPLORATORY_V1,SECURITY,,20,30,29,28,time_weighted_mean_total_waiting_queue,LOWER_MINUS_2_MIDDLE_PLUS_HIGHER,50,1.16451882744,0.958029928713,0.135485891835,0.95,0.892249734233,1.43678792066,PASS,EXPLORATORY_SENSITIVITY_NOT_CONFIRMATORY
1.0,TASK3_CAPACITY_RESPONSE_SURFACE_EXPLORATORY_V1,SECURITY,,20,30,29,28,cutoff_backlog,LOWER_MINUS_2_MIDDLE_PLUS_HIGHER,50,2.54,2.64351343203,0.373849254789,0.95,1.78872179516,3.29127820484,PASS,EXPLORATORY_SENSITIVITY_NOT_CONFIRMATORY
1.0,TASK3_CAPACITY_RESPONSE_SURFACE_EXPLORATORY_V1,SECURITY,,20,30,29,28,cohort_clear_time_after_cutoff_seconds,LOWER_MINUS_2_MIDDLE_PLUS_HIGHER,50,2.3976895809,2.86751764574,0.405528234495,0.95,1.5827500829,3.2126290789,PASS,EXPLORATORY_SENSITIVITY_NOT_CONFIRMATORY
1.0,TASK3_CAPACITY_RESPONSE_SURFACE_EXPLORATORY_V1,SECURITY,,20,30,29,28,security_wait_p95_seconds,LOWER_MINUS_2_MIDDLE_PLUS_HIGHER,50,2.09373174728,1.43789934163,0.203349675025,0.95,1.68508527587,2.50237821869,PASS,EXPLORATORY_SENSITIVITY_NOT_CONFIRMATORY
1.0,TASK3_CAPACITY_RESPONSE_SURFACE_EXPLORATORY_V1,SECURITY,,20,30,29,28,immigration_wait_p95_seconds,LOWER_MINUS_2_MIDDLE_PLUS_HIGHER,50,0.12217808214,0.768557778439,0.108690483374,0.95,-0.0962436217592,0.340599786039,PASS,EXPLORATORY_SENSITIVITY_NOT_CONFIRMATORY
1.0,TASK3_CAPACITY_RESPONSE_SURFACE_EXPLORATORY_V1,SECURITY,,19,36,35,34,total_queue_wait_p95_seconds,LOWER_MINUS_2_MIDDLE_PLUS_HIGHER,50,0.02076431318,0.0437481860736,0.00618692780745,0.95,0.00833121626425,0.0331974100958,PASS,EXPLORATORY_SENSITIVITY_NOT_CONFIRMATORY
1.0,TASK3_CAPACITY_RESPONSE_SURFACE_EXPLORATORY_V1,SECURITY,,19,36,35,34,total_queue_wait_mean_seconds,LOWER_MINUS_2_MIDDLE_PLUS_HIGHER,50,0.01885368932,0.0247410351358,0.00349891074361,0.95,0.0118223649327,0.0258850137073,PASS,EXPLORATORY_SENSITIVITY_NOT_CONFIRMATORY
1.0,TASK3_CAPACITY_RESPONSE_SURFACE_EXPLORATORY_V1,SECURITY,,19,36,35,34,peak_total_waiting_queue,LOWER_MINUS_2_MIDDLE_PLUS_HIGHER,50,0.58,1.05152949826,0.148708727768,0.95,0.281158623133,0.878841376867,PASS,EXPLORATORY_SENSITIVITY_NOT_CONFIRMATORY
1.0,TASK3_CAPACITY_RESPONSE_SURFACE_EXPLORATORY_V1,SECURITY,,19,36,35,34,time_weighted_mean_total_waiting_queue,LOWER_MINUS_2_MIDDLE_PLUS_HIGHER,50,0.0400815874444,0.0434140440986,0.00613967299617,0.95,0.0277434526272,0.0524197222616,PASS,EXPLORATORY_SENSITIVITY_NOT_CONFIRMATORY
1.0,TASK3_CAPACITY_RESPONSE_SURFACE_EXPLORATORY_V1,SECURITY,,19,36,35,34,cutoff_backlog,LOWER_MINUS_2_MIDDLE_PLUS_HIGHER,50,0.08,0.274047515618,0.0387561713321,0.95,0.00211655780498,0.157883442195,PASS,EXPLORATORY_SENSITIVITY_NOT_CONFIRMATORY
1.0,TASK3_CAPACITY_RESPONSE_SURFACE_EXPLORATORY_V1,SECURITY,,19,36,35,34,cohort_clear_time_after_cutoff_seconds,LOWER_MINUS_2_MIDDLE_PLUS_HIGHER,50,0.00989306438,0.0565321380235,0.00799485163028,0.95,-0.00617319148073,0.0259593202407,PASS,EXPLORATORY_SENSITIVITY_NOT_CONFIRMATORY
1.0,TASK3_CAPACITY_RESPONSE_SURFACE_EXPLORATORY_V1,SECURITY,,19,36,35,34,security_wait_p95_seconds,LOWER_MINUS_2_MIDDLE_PLUS_HIGHER,50,0.142874563,0.435127436778,0.0615363122452,0.95,0.0192127137278,0.266536412272,PASS,EXPLORATORY_SENSITIVITY_NOT_CONFIRMATORY
1.0,TASK3_CAPACITY_RESPONSE_SURFACE_EXPLORATORY_V1,SECURITY,,19,36,35,34,immigration_wait_p95_seconds,LOWER_MINUS_2_MIDDLE_PLUS_HIGHER,50,-0.2770929184,0.384461078164,0.0543710070944,0.95,-0.386355547875,-0.167830288925,PASS,EXPLORATORY_SENSITIVITY_NOT_CONFIRMATORY
1.0,TASK3_CAPACITY_RESPONSE_SURFACE_EXPLORATORY_V1,SECURITY,,19,35,34,33,total_queue_wait_p95_seconds,LOWER_MINUS_2_MIDDLE_PLUS_HIGHER,50,0.084530478,0.0991172530172,0.0140172963482,0.95,0.0563616663671,0.112699289633,PASS,EXPLORATORY_SENSITIVITY_NOT_CONFIRMATORY
1.0,TASK3_CAPACITY_RESPONSE_SURFACE_EXPLORATORY_V1,SECURITY,,19,35,34,33,total_queue_wait_mean_seconds,LOWER_MINUS_2_MIDDLE_PLUS_HIGHER,50,0.04706022412,0.0341038438743,0.00482301185362,0.95,0.0373680189306,0.0567524293094,PASS,EXPLORATORY_SENSITIVITY_NOT_CONFIRMATORY
1.0,TASK3_CAPACITY_RESPONSE_SURFACE_EXPLORATORY_V1,SECURITY,,19,35,34,33,peak_total_waiting_queue,LOWER_MINUS_2_MIDDLE_PLUS_HIGHER,50,0.48,0.862838221174,0.122023751452,0.95,0.234784090741,0.725215909259,PASS,EXPLORATORY_SENSITIVITY_NOT_CONFIRMATORY
1.0,TASK3_CAPACITY_RESPONSE_SURFACE_EXPLORATORY_V1,SECURITY,,19,35,34,33,time_weighted_mean_total_waiting_queue,LOWER_MINUS_2_MIDDLE_PLUS_HIGHER,50,0.0992080052004,0.115409221036,0.0163213285612,0.95,0.0664090674868,0.132006942914,PASS,EXPLORATORY_SENSITIVITY_NOT_CONFIRMATORY
1.0,TASK3_CAPACITY_RESPONSE_SURFACE_EXPLORATORY_V1,SECURITY,,19,35,34,33,cutoff_backlog,LOWER_MINUS_2_MIDDLE_PLUS_HIGHER,50,0.08,0.274047515618,0.0387561713321,0.95,0.00211655780498,0.157883442195,PASS,EXPLORATORY_SENSITIVITY_NOT_CONFIRMATORY
1.0,TASK3_CAPACITY_RESPONSE_SURFACE_EXPLORATORY_V1,SECURITY,,19,35,34,33,cohort_clear_time_after_cutoff_seconds,LOWER_MINUS_2_MIDDLE_PLUS_HIGHER,50,0.11698644296,0.350929122019,0.0496288723791,0.95,0.0172534899803,0.21671939594,PASS,EXPLORATORY_SENSITIVITY_NOT_CONFIRMATORY
1.0,TASK3_CAPACITY_RESPONSE_SURFACE_EXPLORATORY_V1,SECURITY,,19,35,34,33,security_wait_p95_seconds,LOWER_MINUS_2_MIDDLE_PLUS_HIGHER,50,0.29633085464,0.544620004501,0.0770208996706,0.95,0.141551561921,0.451110147359,PASS,EXPLORATORY_SENSITIVITY_NOT_CONFIRMATORY
1.0,TASK3_CAPACITY_RESPONSE_SURFACE_EXPLORATORY_V1,SECURITY,,19,35,34,33,immigration_wait_p95_seconds,LOWER_MINUS_2_MIDDLE_PLUS_HIGHER,50,-0.29715121154,0.643057667422,0.0909420874657,0.95,-0.479906178524,-0.114396244556,PASS,EXPLORATORY_SENSITIVITY_NOT_CONFIRMATORY
1.0,TASK3_CAPACITY_RESPONSE_SURFACE_EXPLORATORY_V1,SECURITY,,19,34,33,32,total_queue_wait_p95_seconds,LOWER_MINUS_2_MIDDLE_PLUS_HIGHER,50,0.27391398778,0.174046921083,0.0246139516285,0.95,0.224450400099,0.323377575461,PASS,EXPLORATORY_SENSITIVITY_NOT_CONFIRMATORY
1.0,TASK3_CAPACITY_RESPONSE_SURFACE_EXPLORATORY_V1,SECURITY,,19,34,33,32,total_queue_wait_mean_seconds,LOWER_MINUS_2_MIDDLE_PLUS_HIGHER,50,0.12663590436,0.0728643426865,0.0103045741641,0.95,0.105928087291,0.147343721429,PASS,EXPLORATORY_SENSITIVITY_NOT_CONFIRMATORY
1.0,TASK3_CAPACITY_RESPONSE_SURFACE_EXPLORATORY_V1,SECURITY,,19,34,33,32,peak_total_waiting_queue,LOWER_MINUS_2_MIDDLE_PLUS_HIGHER,50,0.42,0.609114445867,0.0861417910382,0.95,0.246891589848,0.593108410152,PASS,EXPLORATORY_SENSITIVITY_NOT_CONFIRMATORY
1.0,TASK3_CAPACITY_RESPONSE_SURFACE_EXPLORATORY_V1,SECURITY,,19,34,33,32,time_weighted_mean_total_waiting_queue,LOWER_MINUS_2_MIDDLE_PLUS_HIGHER,50,0.197763039445,0.1644397046,0.0232552860437,0.95,0.151029792479,0.244496286411,PASS,EXPLORATORY_SENSITIVITY_NOT_CONFIRMATORY
1.0,TASK3_CAPACITY_RESPONSE_SURFACE_EXPLORATORY_V1,SECURITY,,19,34,33,32,cutoff_backlog,LOWER_MINUS_2_MIDDLE_PLUS_HIGHER,50,0.34,0.592814112036,0.0838365757207,0.95,0.171524093466,0.508475906534,PASS,EXPLORATORY_SENSITIVITY_NOT_CONFIRMATORY
1.0,TASK3_CAPACITY_RESPONSE_SURFACE_EXPLORATORY_V1,SECURITY,,19,34,33,32,cohort_clear_time_after_cutoff_seconds,LOWER_MINUS_2_MIDDLE_PLUS_HIGHER,50,0.25021884732,0.569959182713,0.0806044006192,0.95,0.088238239832,0.412199454808,PASS,EXPLORATORY_SENSITIVITY_NOT_CONFIRMATORY
1.0,TASK3_CAPACITY_RESPONSE_SURFACE_EXPLORATORY_V1,SECURITY,,19,34,33,32,security_wait_p95_seconds,LOWER_MINUS_2_MIDDLE_PLUS_HIGHER,50,0.32008985342,0.49428575384,0.0699025616768,0.95,0.179615396462,0.460564310378,PASS,EXPLORATORY_SENSITIVITY_NOT_CONFIRMATORY
1.0,TASK3_CAPACITY_RESPONSE_SURFACE_EXPLORATORY_V1,SECURITY,,19,34,33,32,immigration_wait_p95_seconds,LOWER_MINUS_2_MIDDLE_PLUS_HIGHER,50,-0.14781947686,0.414862169263,0.0586703706287,0.95,-0.265722000829,-0.0299169528913,PASS,EXPLORATORY_SENSITIVITY_NOT_CONFIRMATORY
1.0,TASK3_CAPACITY_RESPONSE_SURFACE_EXPLORATORY_V1,SECURITY,,19,33,32,31,total_queue_wait_p95_seconds,LOWER_MINUS_2_MIDDLE_PLUS_HIGHER,50,1.31578557448,1.41558384185,0.200193786783,0.95,0.913481097935,1.71809005103,PASS,EXPLORATORY_SENSITIVITY_NOT_CONFIRMATORY
1.0,TASK3_CAPACITY_RESPONSE_SURFACE_EXPLORATORY_V1,SECURITY,,19,33,32,31,total_queue_wait_mean_seconds,LOWER_MINUS_2_MIDDLE_PLUS_HIGHER,50,0.69334867782,0.746670608133,0.105595170065,0.95,0.481147238897,0.905550116743,PASS,EXPLORATORY_SENSITIVITY_NOT_CONFIRMATORY
1.0,TASK3_CAPACITY_RESPONSE_SURFACE_EXPLORATORY_V1,SECURITY,,19,33,32,31,peak_total_waiting_queue,LOWER_MINUS_2_MIDDLE_PLUS_HIGHER,50,1.36,1.60051012276,0.226346312232,0.95,0.905140055922,1.81485994408,PASS,EXPLORATORY_SENSITIVITY_NOT_CONFIRMATORY
1.0,TASK3_CAPACITY_RESPONSE_SURFACE_EXPLORATORY_V1,SECURITY,,19,33,32,31,time_weighted_mean_total_waiting_queue,LOWER_MINUS_2_MIDDLE_PLUS_HIGHER,50,0.859027549797,0.963874996727,0.13631250928,0.95,0.585097306636,1.13295779296,PASS,EXPLORATORY_SENSITIVITY_NOT_CONFIRMATORY
1.0,TASK3_CAPACITY_RESPONSE_SURFACE_EXPLORATORY_V1,SECURITY,,19,33,32,31,cutoff_backlog,LOWER_MINUS_2_MIDDLE_PLUS_HIGHER,50,1.46,2.42613322985,0.343107051778,0.95,0.770500565063,2.14949943494,PASS,EXPLORATORY_SENSITIVITY_NOT_CONFIRMATORY
1.0,TASK3_CAPACITY_RESPONSE_SURFACE_EXPLORATORY_V1,SECURITY,,19,33,32,31,cohort_clear_time_after_cutoff_seconds,LOWER_MINUS_2_MIDDLE_PLUS_HIGHER,50,1.67761087158,2.33805682581,0.330651167266,0.95,1.01314247371,2.34207926945,PASS,EXPLORATORY_SENSITIVITY_NOT_CONFIRMATORY
1.0,TASK3_CAPACITY_RESPONSE_SURFACE_EXPLORATORY_V1,SECURITY,,19,33,32,31,security_wait_p95_seconds,LOWER_MINUS_2_MIDDLE_PLUS_HIGHER,50,0.7573457235,0.928329809122,0.131285660642,0.95,0.493517310884,1.02117413612,PASS,EXPLORATORY_SENSITIVITY_NOT_CONFIRMATORY
1.0,TASK3_CAPACITY_RESPONSE_SURFACE_EXPLORATORY_V1,SECURITY,,19,33,32,31,immigration_wait_p95_seconds,LOWER_MINUS_2_MIDDLE_PLUS_HIGHER,50,0.6063121655,1.07825600753,0.152488426957,0.95,0.299875198739,0.912749132261,PASS,EXPLORATORY_SENSITIVITY_NOT_CONFIRMATORY
1.0,TASK3_CAPACITY_RESPONSE_SURFACE_EXPLORATORY_V1,SECURITY,,19,32,31,30,total_queue_wait_p95_seconds,LOWER_MINUS_2_MIDDLE_PLUS_HIGHER,50,1.31821867154,1.052828321,0.14889240904,0.95,1.01900817334,1.61742916974,PASS,EXPLORATORY_SENSITIVITY_NOT_CONFIRMATORY
1.0,TASK3_CAPACITY_RESPONSE_SURFACE_EXPLORATORY_V1,SECURITY,,19,32,31,30,total_queue_wait_mean_seconds,LOWER_MINUS_2_MIDDLE_PLUS_HIGHER,50,0.76371887682,0.589515826194,0.0833701276637,0.95,0.596180332751,0.931257420889,PASS,EXPLORATORY_SENSITIVITY_NOT_CONFIRMATORY
1.0,TASK3_CAPACITY_RESPONSE_SURFACE_EXPLORATORY_V1,SECURITY,,19,32,31,30,peak_total_waiting_queue,LOWER_MINUS_2_MIDDLE_PLUS_HIGHER,50,1.36,1.99754951919,0.282496162156,0.95,0.792302707948,1.92769729205,PASS,EXPLORATORY_SENSITIVITY_NOT_CONFIRMATORY
1.0,TASK3_CAPACITY_RESPONSE_SURFACE_EXPLORATORY_V1,SECURITY,,19,32,31,30,time_weighted_mean_total_waiting_queue,LOWER_MINUS_2_MIDDLE_PLUS_HIGHER,50,0.936637082932,0.775828345104,0.109718696772,0.95,0.716149106849,1.15712505902,PASS,EXPLORATORY_SENSITIVITY_NOT_CONFIRMATORY
1.0,TASK3_CAPACITY_RESPONSE_SURFACE_EXPLORATORY_V1,SECURITY,,19,32,31,30,cutoff_backlog,LOWER_MINUS_2_MIDDLE_PLUS_HIGHER,50,1.92,2.18379934789,0.308835865528,0.95,1.2993710923,2.5406289077,PASS,EXPLORATORY_SENSITIVITY_NOT_CONFIRMATORY
1.0,TASK3_CAPACITY_RESPONSE_SURFACE_EXPLORATORY_V1,SECURITY,,19,32,31,30,cohort_clear_time_after_cutoff_seconds,LOWER_MINUS_2_MIDDLE_PLUS_HIGHER,50,1.44185623066,1.97309464663,0.279037720911,0.95,0.881108936492,2.00260352483,PASS,EXPLORATORY_SENSITIVITY_NOT_CONFIRMATORY
1.0,TASK3_CAPACITY_RESPONSE_SURFACE_EXPLORATORY_V1,SECURITY,,19,32,31,30,security_wait_p95_seconds,LOWER_MINUS_2_MIDDLE_PLUS_HIGHER,50,1.01036301574,1.07015172046,0.151342307687,0.95,0.706229261882,1.3144967696,PASS,EXPLORATORY_SENSITIVITY_NOT_CONFIRMATORY
1.0,TASK3_CAPACITY_RESPONSE_SURFACE_EXPLORATORY_V1,SECURITY,,19,32,31,30,immigration_wait_p95_seconds,LOWER_MINUS_2_MIDDLE_PLUS_HIGHER,50,0.12038289768,0.520590482339,0.0736226120567,0.95,-0.0275672804019,0.268333075762,PASS,EXPLORATORY_SENSITIVITY_NOT_CONFIRMATORY
1.0,TASK3_CAPACITY_RESPONSE_SURFACE_EXPLORATORY_V1,SECURITY,,19,31,30,29,total_queue_wait_p95_seconds,LOWER_MINUS_2_MIDDLE_PLUS_HIGHER,50,1.67827789298,1.37571779668,0.194555876606,0.95,1.28730322112,2.06925256484,PASS,EXPLORATORY_SENSITIVITY_NOT_CONFIRMATORY
1.0,TASK3_CAPACITY_RESPONSE_SURFACE_EXPLORATORY_V1,SECURITY,,19,31,30,29,total_queue_wait_mean_seconds,LOWER_MINUS_2_MIDDLE_PLUS_HIGHER,50,0.97528042666,0.630769084489,0.089204219401,0.95,0.796017836304,1.15454301702,PASS,EXPLORATORY_SENSITIVITY_NOT_CONFIRMATORY
1.0,TASK3_CAPACITY_RESPONSE_SURFACE_EXPLORATORY_V1,SECURITY,,19,31,30,29,peak_total_waiting_queue,LOWER_MINUS_2_MIDDLE_PLUS_HIGHER,50,2.24,2.15292871243,0.304470098394,0.95,1.62814442982,2.85185557018,PASS,EXPLORATORY_SENSITIVITY_NOT_CONFIRMATORY
1.0,TASK3_CAPACITY_RESPONSE_SURFACE_EXPLORATORY_V1,SECURITY,,19,31,30,29,time_weighted_mean_total_waiting_queue,LOWER_MINUS_2_MIDDLE_PLUS_HIGHER,50,1.12283951883,0.812549152762,0.114911803193,0.95,0.891915604681,1.35376343298,PASS,EXPLORATORY_SENSITIVITY_NOT_CONFIRMATORY
1.0,TASK3_CAPACITY_RESPONSE_SURFACE_EXPLORATORY_V1,SECURITY,,19,31,30,29,cutoff_backlog,LOWER_MINUS_2_MIDDLE_PLUS_HIGHER,50,2.18,2.51274303322,0.355355527635,0.95,1.46588633129,2.89411366871,PASS,EXPLORATORY_SENSITIVITY_NOT_CONFIRMATORY
1.0,TASK3_CAPACITY_RESPONSE_SURFACE_EXPLORATORY_V1,SECURITY,,19,31,30,29,cohort_clear_time_after_cutoff_seconds,LOWER_MINUS_2_MIDDLE_PLUS_HIGHER,50,2.12947073614,2.42929760559,0.343554562087,0.95,1.43907199557,2.81986947671,PASS,EXPLORATORY_SENSITIVITY_NOT_CONFIRMATORY
1.0,TASK3_CAPACITY_RESPONSE_SURFACE_EXPLORATORY_V1,SECURITY,,19,31,30,29,security_wait_p95_seconds,LOWER_MINUS_2_MIDDLE_PLUS_HIGHER,50,1.54850176654,1.30778430912,0.184948630661,0.95,1.17683357822,1.92016995486,PASS,EXPLORATORY_SENSITIVITY_NOT_CONFIRMATORY
1.0,TASK3_CAPACITY_RESPONSE_SURFACE_EXPLORATORY_V1,SECURITY,,19,31,30,29,immigration_wait_p95_seconds,LOWER_MINUS_2_MIDDLE_PLUS_HIGHER,50,0.11966839856,0.590660328779,0.0835319847715,0.95,-0.048195409545,0.287532206665,PASS,EXPLORATORY_SENSITIVITY_NOT_CONFIRMATORY
1.0,TASK3_CAPACITY_RESPONSE_SURFACE_EXPLORATORY_V1,SECURITY,,19,30,29,28,total_queue_wait_p95_seconds,LOWER_MINUS_2_MIDDLE_PLUS_HIGHER,50,2.25329510954,1.39263889697,0.196948881558,0.95,1.85751151418,2.6490787049,PASS,EXPLORATORY_SENSITIVITY_NOT_CONFIRMATORY
1.0,TASK3_CAPACITY_RESPONSE_SURFACE_EXPLORATORY_V1,SECURITY,,19,30,29,28,total_queue_wait_mean_seconds,LOWER_MINUS_2_MIDDLE_PLUS_HIGHER,50,1.14255952416,0.740908585433,0.104780297,0.95,0.93199563397,1.35312341435,PASS,EXPLORATORY_SENSITIVITY_NOT_CONFIRMATORY
1.0,TASK3_CAPACITY_RESPONSE_SURFACE_EXPLORATORY_V1,SECURITY,,19,30,29,28,peak_total_waiting_queue,LOWER_MINUS_2_MIDDLE_PLUS_HIGHER,50,2.24,2.02595404586,0.286513168839,0.95,1.66423023079,2.81576976921,PASS,EXPLORATORY_SENSITIVITY_NOT_CONFIRMATORY
1.0,TASK3_CAPACITY_RESPONSE_SURFACE_EXPLORATORY_V1,SECURITY,,19,30,29,28,time_weighted_mean_total_waiting_queue,LOWER_MINUS_2_MIDDLE_PLUS_HIGHER,50,1.20946424926,0.970670109177,0.137273483299,0.95,0.933602856506,1.48532564201,PASS,EXPLORATORY_SENSITIVITY_NOT_CONFIRMATORY
1.0,TASK3_CAPACITY_RESPONSE_SURFACE_EXPLORATORY_V1,SECURITY,,19,30,29,28,cutoff_backlog,LOWER_MINUS_2_MIDDLE_PLUS_HIGHER,50,2.6,2.61861468283,0.370328039909,0.95,1.85579794138,3.34420205862,PASS,EXPLORATORY_SENSITIVITY_NOT_CONFIRMATORY
1.0,TASK3_CAPACITY_RESPONSE_SURFACE_EXPLORATORY_V1,SECURITY,,19,30,29,28,cohort_clear_time_after_cutoff_seconds,LOWER_MINUS_2_MIDDLE_PLUS_HIGHER,50,2.5945845944,2.6378747398,0.373051823286,0.95,1.84490888816,3.34426030064,PASS,EXPLORATORY_SENSITIVITY_NOT_CONFIRMATORY
1.0,TASK3_CAPACITY_RESPONSE_SURFACE_EXPLORATORY_V1,SECURITY,,19,30,29,28,security_wait_p95_seconds,LOWER_MINUS_2_MIDDLE_PLUS_HIGHER,50,2.09373174728,1.43789934163,0.203349675025,0.95,1.68508527587,2.50237821869,PASS,EXPLORATORY_SENSITIVITY_NOT_CONFIRMATORY
1.0,TASK3_CAPACITY_RESPONSE_SURFACE_EXPLORATORY_V1,SECURITY,,19,30,29,28,immigration_wait_p95_seconds,LOWER_MINUS_2_MIDDLE_PLUS_HIGHER,50,0.10789283876,0.819644514032,0.115915238807,0.95,-0.125047554752,0.340833232272,PASS,EXPLORATORY_SENSITIVITY_NOT_CONFIRMATORY
1.0,TASK3_CAPACITY_RESPONSE_SURFACE_EXPLORATORY_V1,SECURITY,,18,36,35,34,total_queue_wait_p95_seconds,LOWER_MINUS_2_MIDDLE_PLUS_HIGHER,50,0,0,0,0.95,0,0,PASS,EXPLORATORY_SENSITIVITY_NOT_CONFIRMATORY
1.0,TASK3_CAPACITY_RESPONSE_SURFACE_EXPLORATORY_V1,SECURITY,,18,36,35,34,total_queue_wait_mean_seconds,LOWER_MINUS_2_MIDDLE_PLUS_HIGHER,50,0.00374918782,0.00989907025561,0.00139993994104,0.95,0.000935903181023,0.00656247245898,PASS,EXPLORATORY_SENSITIVITY_NOT_CONFIRMATORY
1.0,TASK3_CAPACITY_RESPONSE_SURFACE_EXPLORATORY_V1,SECURITY,,18,36,35,34,peak_total_waiting_queue,LOWER_MINUS_2_MIDDLE_PLUS_HIGHER,50,0.1,0.886405260428,0.125356634106,0.95,-0.151913587708,0.351913587708,PASS,EXPLORATORY_SENSITIVITY_NOT_CONFIRMATORY
1.0,TASK3_CAPACITY_RESPONSE_SURFACE_EXPLORATORY_V1,SECURITY,,18,36,35,34,time_weighted_mean_total_waiting_queue,LOWER_MINUS_2_MIDDLE_PLUS_HIGHER,50,0.0212034648741,0.0299486060097,0.0042353724793,0.95,0.0126921652197,0.0297147645286,PASS,EXPLORATORY_SENSITIVITY_NOT_CONFIRMATORY
1.0,TASK3_CAPACITY_RESPONSE_SURFACE_EXPLORATORY_V1,SECURITY,,18,36,35,34,cutoff_backlog,LOWER_MINUS_2_MIDDLE_PLUS_HIGHER,50,0,0,0,0.95,0,0,PASS,EXPLORATORY_SENSITIVITY_NOT_CONFIRMATORY
1.0,TASK3_CAPACITY_RESPONSE_SURFACE_EXPLORATORY_V1,SECURITY,,18,36,35,34,cohort_clear_time_after_cutoff_seconds,LOWER_MINUS_2_MIDDLE_PLUS_HIGHER,50,0,0,0,0.95,0,0,PASS,EXPLORATORY_SENSITIVITY_NOT_CONFIRMATORY
1.0,TASK3_CAPACITY_RESPONSE_SURFACE_EXPLORATORY_V1,SECURITY,,18,36,35,34,security_wait_p95_seconds,LOWER_MINUS_2_MIDDLE_PLUS_HIGHER,50,0.142874563,0.435127436778,0.0615363122452,0.95,0.0192127137278,0.266536412272,PASS,EXPLORATORY_SENSITIVITY_NOT_CONFIRMATORY
1.0,TASK3_CAPACITY_RESPONSE_SURFACE_EXPLORATORY_V1,SECURITY,,18,36,35,34,immigration_wait_p95_seconds,LOWER_MINUS_2_MIDDLE_PLUS_HIGHER,50,-0.14907994804,0.381857162004,0.0540027577395,0.95,-0.25760255273,-0.04055734335,PASS,EXPLORATORY_SENSITIVITY_NOT_CONFIRMATORY
1.0,TASK3_CAPACITY_RESPONSE_SURFACE_EXPLORATORY_V1,SECURITY,,18,35,34,33,total_queue_wait_p95_seconds,LOWER_MINUS_2_MIDDLE_PLUS_HIGHER,50,0.01433478106,0.0409280541414,0.00578810092482,0.95,0.00270315677147,0.0259664053485,PASS,EXPLORATORY_SENSITIVITY_NOT_CONFIRMATORY
1.0,TASK3_CAPACITY_RESPONSE_SURFACE_EXPLORATORY_V1,SECURITY,,18,35,34,33,total_queue_wait_mean_seconds,LOWER_MINUS_2_MIDDLE_PLUS_HIGHER,50,0.00961973968,0.0136779081687,0.00193434832371,0.95,0.00573252118869,0.0135069581713,PASS,EXPLORATORY_SENSITIVITY_NOT_CONFIRMATORY
1.0,TASK3_CAPACITY_RESPONSE_SURFACE_EXPLORATORY_V1,SECURITY,,18,35,34,33,peak_total_waiting_queue,LOWER_MINUS_2_MIDDLE_PLUS_HIGHER,50,0.4,1.37023757809,0.193780856661,0.95,0.0105827890249,0.789417210975,PASS,EXPLORATORY_SENSITIVITY_NOT_CONFIRMATORY
1.0,TASK3_CAPACITY_RESPONSE_SURFACE_EXPLORATORY_V1,SECURITY,,18,35,34,33,time_weighted_mean_total_waiting_queue,LOWER_MINUS_2_MIDDLE_PLUS_HIGHER,50,0.0536083601187,0.09045813044,0.0127927114895,0.95,0.0279004438936,0.0793162763437,PASS,EXPLORATORY_SENSITIVITY_NOT_CONFIRMATORY
1.0,TASK3_CAPACITY_RESPONSE_SURFACE_EXPLORATORY_V1,SECURITY,,18,35,34,33,cutoff_backlog,LOWER_MINUS_2_MIDDLE_PLUS_HIGHER,50,0.02,0.141421356237,0.02,0.95,-0.0201915047426,0.0601915047426,PASS,EXPLORATORY_SENSITIVITY_NOT_CONFIRMATORY
1.0,TASK3_CAPACITY_RESPONSE_SURFACE_EXPLORATORY_V1,SECURITY,,18,35,34,33,cohort_clear_time_after_cutoff_seconds,LOWER_MINUS_2_MIDDLE_PLUS_HIGHER,50,0.01341829586,0.0948816799457,0.01341829586,0.95,-0.0135467792247,0.0403833709447,PASS,EXPLORATORY_SENSITIVITY_NOT_CONFIRMATORY
1.0,TASK3_CAPACITY_RESPONSE_SURFACE_EXPLORATORY_V1,SECURITY,,18,35,34,33,security_wait_p95_seconds,LOWER_MINUS_2_MIDDLE_PLUS_HIGHER,50,0.29633085464,0.544620004501,0.0770208996706,0.95,0.141551561921,0.451110147359,PASS,EXPLORATORY_SENSITIVITY_NOT_CONFIRMATORY
1.0,TASK3_CAPACITY_RESPONSE_SURFACE_EXPLORATORY_V1,SECURITY,,18,35,34,33,immigration_wait_p95_seconds,LOWER_MINUS_2_MIDDLE_PLUS_HIGHER,50,-0.41253267028,0.91846812751,0.129891008253,0.95,-0.673558423991,-0.151506916569,PASS,EXPLORATORY_SENSITIVITY_NOT_CONFIRMATORY
1.0,TASK3_CAPACITY_RESPONSE_SURFACE_EXPLORATORY_V1,SECURITY,,18,34,33,32,total_queue_wait_p95_seconds,LOWER_MINUS_2_MIDDLE_PLUS_HIGHER,50,0.04308419474,0.0679149581275,0.00960462548719,0.95,0.023782977199,0.062385412281,PASS,EXPLORATORY_SENSITIVITY_NOT_CONFIRMATORY
1.0,TASK3_CAPACITY_RESPONSE_SURFACE_EXPLORATORY_V1,SECURITY,,18,34,33,32,total_queue_wait_mean_seconds,LOWER_MINUS_2_MIDDLE_PLUS_HIGHER,50,0.0415786443,0.0489532787426,0.00692303907204,0.95,0.0276662764151,0.0554910121849,PASS,EXPLORATORY_SENSITIVITY_NOT_CONFIRMATORY
1.0,TASK3_CAPACITY_RESPONSE_SURFACE_EXPLORATORY_V1,SECURITY,,18,34,33,32,peak_total_waiting_queue,LOWER_MINUS_2_MIDDLE_PLUS_HIGHER,50,0.74,1.20898000524,0.170975592004,0.95,0.396411684155,1.08358831585,PASS,EXPLORATORY_SENSITIVITY_NOT_CONFIRMATORY
1.0,TASK3_CAPACITY_RESPONSE_SURFACE_EXPLORATORY_V1,SECURITY,,18,34,33,32,time_weighted_mean_total_waiting_queue,LOWER_MINUS_2_MIDDLE_PLUS_HIGHER,50,0.0959734735335,0.0998356287988,0.0141188900255,0.95,0.0676005017624,0.124346445305,PASS,EXPLORATORY_SENSITIVITY_NOT_CONFIRMATORY
1.0,TASK3_CAPACITY_RESPONSE_SURFACE_EXPLORATORY_V1,SECURITY,,18,34,33,32,cutoff_backlog,LOWER_MINUS_2_MIDDLE_PLUS_HIGHER,50,0.12,0.385449644664,0.0545108115095,0.95,0.0104564230346,0.229543576965,PASS,EXPLORATORY_SENSITIVITY_NOT_CONFIRMATORY
1.0,TASK3_CAPACITY_RESPONSE_SURFACE_EXPLORATORY_V1,SECURITY,,18,34,33,32,cohort_clear_time_after_cutoff_seconds,LOWER_MINUS_2_MIDDLE_PLUS_HIGHER,50,0.0200819158,0.142140923781,0.0201017622179,0.95,-0.0203140877757,0.0604779193757,PASS,EXPLORATORY_SENSITIVITY_NOT_CONFIRMATORY
1.0,TASK3_CAPACITY_RESPONSE_SURFACE_EXPLORATORY_V1,SECURITY,,18,34,33,32,security_wait_p95_seconds,LOWER_MINUS_2_MIDDLE_PLUS_HIGHER,50,0.32008985342,0.49428575384,0.0699025616768,0.95,0.179615396462,0.460564310378,PASS,EXPLORATORY_SENSITIVITY_NOT_CONFIRMATORY
1.0,TASK3_CAPACITY_RESPONSE_SURFACE_EXPLORATORY_V1,SECURITY,,18,34,33,32,immigration_wait_p95_seconds,LOWER_MINUS_2_MIDDLE_PLUS_HIGHER,50,-0.6207450958,0.805240223804,0.113878164547,0.95,-0.849591835324,-0.391898356276,PASS,EXPLORATORY_SENSITIVITY_NOT_CONFIRMATORY
1.0,TASK3_CAPACITY_RESPONSE_SURFACE_EXPLORATORY_V1,SECURITY,,18,33,32,31,total_queue_wait_p95_seconds,LOWER_MINUS_2_MIDDLE_PLUS_HIGHER,50,0.1431056466,0.133678421461,0.0189049836627,0.95,0.105114659573,0.181096633627,PASS,EXPLORATORY_SENSITIVITY_NOT_CONFIRMATORY
1.0,TASK3_CAPACITY_RESPONSE_SURFACE_EXPLORATORY_V1,SECURITY,,18,33,32,31,total_queue_wait_mean_seconds,LOWER_MINUS_2_MIDDLE_PLUS_HIGHER,50,0.0926623464,0.054800680361,0.00774998653938,0.95,0.0770881653624,0.108236527438,PASS,EXPLORATORY_SENSITIVITY_NOT_CONFIRMATORY
1.0,TASK3_CAPACITY_RESPONSE_SURFACE_EXPLORATORY_V1,SECURITY,,18,33,32,31,peak_total_waiting_queue,LOWER_MINUS_2_MIDDLE_PLUS_HIGHER,50,0.4,0.728431359085,0.103015750728,0.95,0.192982098304,0.607017901696,PASS,EXPLORATORY_SENSITIVITY_NOT_CONFIRMATORY
1.0,TASK3_CAPACITY_RESPONSE_SURFACE_EXPLORATORY_V1,SECURITY,,18,33,32,31,time_weighted_mean_total_waiting_queue,LOWER_MINUS_2_MIDDLE_PLUS_HIGHER,50,0.192778987426,0.158802053783,0.0224580018193,0.95,0.147647943095,0.237910031758,PASS,EXPLORATORY_SENSITIVITY_NOT_CONFIRMATORY
1.0,TASK3_CAPACITY_RESPONSE_SURFACE_EXPLORATORY_V1,SECURITY,,18,33,32,31,cutoff_backlog,LOWER_MINUS_2_MIDDLE_PLUS_HIGHER,50,0.26,0.52721834535,0.0745599334326,0.95,0.110166204092,0.409833795908,PASS,EXPLORATORY_SENSITIVITY_NOT_CONFIRMATORY
1.0,TASK3_CAPACITY_RESPONSE_SURFACE_EXPLORATORY_V1,SECURITY,,18,33,32,31,cohort_clear_time_after_cutoff_seconds,LOWER_MINUS_2_MIDDLE_PLUS_HIGHER,50,0.18405789414,0.442623388447,0.0625963998965,0.95,0.0582657189745,0.309850069306,PASS,EXPLORATORY_SENSITIVITY_NOT_CONFIRMATORY
1.0,TASK3_CAPACITY_RESPONSE_SURFACE_EXPLORATORY_V1,SECURITY,,18,33,32,31,security_wait_p95_seconds,LOWER_MINUS_2_MIDDLE_PLUS_HIGHER,50,0.7573457235,0.928329809122,0.131285660642,0.95,0.493517310884,1.02117413612,PASS,EXPLORATORY_SENSITIVITY_NOT_CONFIRMATORY
1.0,TASK3_CAPACITY_RESPONSE_SURFACE_EXPLORATORY_V1,SECURITY,,18,33,32,31,immigration_wait_p95_seconds,LOWER_MINUS_2_MIDDLE_PLUS_HIGHER,50,-0.70068587838,1.02316538475,0.144697436367,0.95,-0.991466263379,-0.409905493381,PASS,EXPLORATORY_SENSITIVITY_NOT_CONFIRMATORY
1.0,TASK3_CAPACITY_RESPONSE_SURFACE_EXPLORATORY_V1,SECURITY,,18,32,31,30,total_queue_wait_p95_seconds,LOWER_MINUS_2_MIDDLE_PLUS_HIGHER,50,0.83549237704,0.562637571711,0.0795689684615,0.95,0.675592548376,0.995392205704,PASS,EXPLORATORY_SENSITIVITY_NOT_CONFIRMATORY
1.0,TASK3_CAPACITY_RESPONSE_SURFACE_EXPLORATORY_V1,SECURITY,,18,32,31,30,total_queue_wait_mean_seconds,LOWER_MINUS_2_MIDDLE_PLUS_HIGHER,50,0.47963533084,0.297924470052,0.0421328826111,0.95,0.394966133276,0.564304528404,PASS,EXPLORATORY_SENSITIVITY_NOT_CONFIRMATORY
1.0,TASK3_CAPACITY_RESPONSE_SURFACE_EXPLORATORY_V1,SECURITY,,18,32,31,30,peak_total_waiting_queue,LOWER_MINUS_2_MIDDLE_PLUS_HIGHER,50,0.76,0.870374069242,0.123089481306,0.95,0.512642426417,1.00735757358,PASS,EXPLORATORY_SENSITIVITY_NOT_CONFIRMATORY
1.0,TASK3_CAPACITY_RESPONSE_SURFACE_EXPLORATORY_V1,SECURITY,,18,32,31,30,time_weighted_mean_total_waiting_queue,LOWER_MINUS_2_MIDDLE_PLUS_HIGHER,50,0.655058724794,0.444286635061,0.0628316184885,0.95,0.528793860171,0.781323589417,PASS,EXPLORATORY_SENSITIVITY_NOT_CONFIRMATORY
1.0,TASK3_CAPACITY_RESPONSE_SURFACE_EXPLORATORY_V1,SECURITY,,18,32,31,30,cutoff_backlog,LOWER_MINUS_2_MIDDLE_PLUS_HIGHER,50,1.08,1.13999641961,0.161219839768,0.95,0.756016602269,1.40398339773,PASS,EXPLORATORY_SENSITIVITY_NOT_CONFIRMATORY
1.0,TASK3_CAPACITY_RESPONSE_SURFACE_EXPLORATORY_V1,SECURITY,,18,32,31,30,cohort_clear_time_after_cutoff_seconds,LOWER_MINUS_2_MIDDLE_PLUS_HIGHER,50,0.9292696801,0.941576328599,0.133159001391,0.95,0.661676648303,1.1968627119,PASS,EXPLORATORY_SENSITIVITY_NOT_CONFIRMATORY
1.0,TASK3_CAPACITY_RESPONSE_SURFACE_EXPLORATORY_V1,SECURITY,,18,32,31,30,security_wait_p95_seconds,LOWER_MINUS_2_MIDDLE_PLUS_HIGHER,50,1.01036301574,1.07015172046,0.151342307687,0.95,0.706229261882,1.3144967696,PASS,EXPLORATORY_SENSITIVITY_NOT_CONFIRMATORY
1.0,TASK3_CAPACITY_RESPONSE_SURFACE_EXPLORATORY_V1,SECURITY,,18,32,31,30,immigration_wait_p95_seconds,LOWER_MINUS_2_MIDDLE_PLUS_HIGHER,50,0.19432091912,1.12017524802,0.158416702798,0.95,-0.124029363971,0.512671202211,PASS,EXPLORATORY_SENSITIVITY_NOT_CONFIRMATORY
1.0,TASK3_CAPACITY_RESPONSE_SURFACE_EXPLORATORY_V1,SECURITY,,18,31,30,29,total_queue_wait_p95_seconds,LOWER_MINUS_2_MIDDLE_PLUS_HIGHER,50,3.29427836876,2.03682769815,0.288050935494,0.95,2.71541834176,3.87313839576,PASS,EXPLORATORY_SENSITIVITY_NOT_CONFIRMATORY
1.0,TASK3_CAPACITY_RESPONSE_SURFACE_EXPLORATORY_V1,SECURITY,,18,31,30,29,total_queue_wait_mean_seconds,LOWER_MINUS_2_MIDDLE_PLUS_HIGHER,50,1.78454563612,1.06165075335,0.150140089389,0.95,1.48282783038,2.08626344186,PASS,EXPLORATORY_SENSITIVITY_NOT_CONFIRMATORY
1.0,TASK3_CAPACITY_RESPONSE_SURFACE_EXPLORATORY_V1,SECURITY,,18,31,30,29,peak_total_waiting_queue,LOWER_MINUS_2_MIDDLE_PLUS_HIGHER,50,4.02,2.91715544981,0.412548080067,0.95,3.19095359417,4.84904640583,PASS,EXPLORATORY_SENSITIVITY_NOT_CONFIRMATORY
1.0,TASK3_CAPACITY_RESPONSE_SURFACE_EXPLORATORY_V1,SECURITY,,18,31,30,29,time_weighted_mean_total_waiting_queue,LOWER_MINUS_2_MIDDLE_PLUS_HIGHER,50,1.97904393402,1.20515746108,0.170435002625,0.95,1.63654197321,2.32154589484,PASS,EXPLORATORY_SENSITIVITY_NOT_CONFIRMATORY
1.0,TASK3_CAPACITY_RESPONSE_SURFACE_EXPLORATORY_V1,SECURITY,,18,31,30,29,cutoff_backlog,LOWER_MINUS_2_MIDDLE_PLUS_HIGHER,50,4.2,3.36245779884,0.475523342203,0.95,3.24440006683,5.15559993317,PASS,EXPLORATORY_SENSITIVITY_NOT_CONFIRMATORY
1.0,TASK3_CAPACITY_RESPONSE_SURFACE_EXPLORATORY_V1,SECURITY,,18,31,30,29,cohort_clear_time_after_cutoff_seconds,LOWER_MINUS_2_MIDDLE_PLUS_HIGHER,50,4.18727613472,2.93218612157,0.414673738053,0.95,3.35395805924,5.0205942102,PASS,EXPLORATORY_SENSITIVITY_NOT_CONFIRMATORY
1.0,TASK3_CAPACITY_RESPONSE_SURFACE_EXPLORATORY_V1,SECURITY,,18,31,30,29,security_wait_p95_seconds,LOWER_MINUS_2_MIDDLE_PLUS_HIGHER,50,1.54850176654,1.30778430912,0.184948630661,0.95,1.17683357822,1.92016995486,PASS,EXPLORATORY_SENSITIVITY_NOT_CONFIRMATORY
1.0,TASK3_CAPACITY_RESPONSE_SURFACE_EXPLORATORY_V1,SECURITY,,18,31,30,29,immigration_wait_p95_seconds,LOWER_MINUS_2_MIDDLE_PLUS_HIGHER,50,1.62724030646,1.54414096808,0.218374509928,0.95,1.18840029889,2.06608031403,PASS,EXPLORATORY_SENSITIVITY_NOT_CONFIRMATORY
1.0,TASK3_CAPACITY_RESPONSE_SURFACE_EXPLORATORY_V1,SECURITY,,18,30,29,28,total_queue_wait_p95_seconds,LOWER_MINUS_2_MIDDLE_PLUS_HIGHER,50,2.52505426742,1.32430932481,0.187285620792,0.95,2.14868972161,2.90141881323,PASS,EXPLORATORY_SENSITIVITY_NOT_CONFIRMATORY
1.0,TASK3_CAPACITY_RESPONSE_SURFACE_EXPLORATORY_V1,SECURITY,,18,30,29,28,total_queue_wait_mean_seconds,LOWER_MINUS_2_MIDDLE_PLUS_HIGHER,50,1.27149979688,0.743915446753,0.105205531406,0.95,1.06008136616,1.4829182276,PASS,EXPLORATORY_SENSITIVITY_NOT_CONFIRMATORY
1.0,TASK3_CAPACITY_RESPONSE_SURFACE_EXPLORATORY_V1,SECURITY,,18,30,29,28,peak_total_waiting_queue,LOWER_MINUS_2_MIDDLE_PLUS_HIGHER,50,2.38,2.03930760559,0.288401647367,0.95,1.8004351911,2.9595648089,PASS,EXPLORATORY_SENSITIVITY_NOT_CONFIRMATORY
1.0,TASK3_CAPACITY_RESPONSE_SURFACE_EXPLORATORY_V1,SECURITY,,18,30,29,28,time_weighted_mean_total_waiting_queue,LOWER_MINUS_2_MIDDLE_PLUS_HIGHER,50,1.3590473573,0.95973661207,0.135727253309,0.95,1.08629323005,1.63180148455,PASS,EXPLORATORY_SENSITIVITY_NOT_CONFIRMATORY
1.0,TASK3_CAPACITY_RESPONSE_SURFACE_EXPLORATORY_V1,SECURITY,,18,30,29,28,cutoff_backlog,LOWER_MINUS_2_MIDDLE_PLUS_HIGHER,50,2.8,2.64960528443,0.374710772817,0.95,2.04699050986,3.55300949014,PASS,EXPLORATORY_SENSITIVITY_NOT_CONFIRMATORY
1.0,TASK3_CAPACITY_RESPONSE_SURFACE_EXPLORATORY_V1,SECURITY,,18,30,29,28,cohort_clear_time_after_cutoff_seconds,LOWER_MINUS_2_MIDDLE_PLUS_HIGHER,50,2.9542061933,2.27896458024,0.322294261755,0.95,2.30653162581,3.60188076079,PASS,EXPLORATORY_SENSITIVITY_NOT_CONFIRMATORY
1.0,TASK3_CAPACITY_RESPONSE_SURFACE_EXPLORATORY_V1,SECURITY,,18,30,29,28,security_wait_p95_seconds,LOWER_MINUS_2_MIDDLE_PLUS_HIGHER,50,2.09373174728,1.43789934163,0.203349675025,0.95,1.68508527587,2.50237821869,PASS,EXPLORATORY_SENSITIVITY_NOT_CONFIRMATORY
1.0,TASK3_CAPACITY_RESPONSE_SURFACE_EXPLORATORY_V1,SECURITY,,18,30,29,28,immigration_wait_p95_seconds,LOWER_MINUS_2_MIDDLE_PLUS_HIGHER,50,0.29620534614,0.839097135708,0.118666254947,0.95,0.0577365787164,0.534674113564,PASS,EXPLORATORY_SENSITIVITY_NOT_CONFIRMATORY
1.0,TASK3_CAPACITY_RESPONSE_SURFACE_EXPLORATORY_V1,SECURITY,,17,36,35,34,total_queue_wait_p95_seconds,LOWER_MINUS_2_MIDDLE_PLUS_HIGHER,50,0,0,0,0.95,0,0,PASS,EXPLORATORY_SENSITIVITY_NOT_CONFIRMATORY
1.0,TASK3_CAPACITY_RESPONSE_SURFACE_EXPLORATORY_V1,SECURITY,,17,36,35,34,total_queue_wait_mean_seconds,LOWER_MINUS_2_MIDDLE_PLUS_HIGHER,50,0,0,0,0.95,0,0,PASS,EXPLORATORY_SENSITIVITY_NOT_CONFIRMATORY
1.0,TASK3_CAPACITY_RESPONSE_SURFACE_EXPLORATORY_V1,SECURITY,,17,36,35,34,peak_total_waiting_queue,LOWER_MINUS_2_MIDDLE_PLUS_HIGHER,50,-0.06,0.842978199539,0.119215120257,0.95,-0.29957175356,0.17957175356,PASS,EXPLORATORY_SENSITIVITY_NOT_CONFIRMATORY
1.0,TASK3_CAPACITY_RESPONSE_SURFACE_EXPLORATORY_V1,SECURITY,,17,36,35,34,time_weighted_mean_total_waiting_queue,LOWER_MINUS_2_MIDDLE_PLUS_HIGHER,50,0.0162909656879,0.0287729797614,0.00406911382085,0.95,0.00811377531649,0.0244681560594,PASS,EXPLORATORY_SENSITIVITY_NOT_CONFIRMATORY
1.0,TASK3_CAPACITY_RESPONSE_SURFACE_EXPLORATORY_V1,SECURITY,,17,36,35,34,cutoff_backlog,LOWER_MINUS_2_MIDDLE_PLUS_HIGHER,50,0,0,0,0.95,0,0,PASS,EXPLORATORY_SENSITIVITY_NOT_CONFIRMATORY
1.0,TASK3_CAPACITY_RESPONSE_SURFACE_EXPLORATORY_V1,SECURITY,,17,36,35,34,cohort_clear_time_after_cutoff_seconds,LOWER_MINUS_2_MIDDLE_PLUS_HIGHER,50,0,0,0,0.95,0,0,PASS,EXPLORATORY_SENSITIVITY_NOT_CONFIRMATORY
1.0,TASK3_CAPACITY_RESPONSE_SURFACE_EXPLORATORY_V1,SECURITY,,17,36,35,34,security_wait_p95_seconds,LOWER_MINUS_2_MIDDLE_PLUS_HIGHER,50,0.142874563,0.435127436778,0.0615363122452,0.95,0.0192127137278,0.266536412272,PASS,EXPLORATORY_SENSITIVITY_NOT_CONFIRMATORY
1.0,TASK3_CAPACITY_RESPONSE_SURFACE_EXPLORATORY_V1,SECURITY,,17,36,35,34,immigration_wait_p95_seconds,LOWER_MINUS_2_MIDDLE_PLUS_HIGHER,50,-0.15638322196,0.411518062058,0.0581974424524,0.95,-0.273335361177,-0.0394310827433,PASS,EXPLORATORY_SENSITIVITY_NOT_CONFIRMATORY
1.0,TASK3_CAPACITY_RESPONSE_SURFACE_EXPLORATORY_V1,SECURITY,,17,35,34,33,total_queue_wait_p95_seconds,LOWER_MINUS_2_MIDDLE_PLUS_HIGHER,50,0.00062660522,0.00443076800189,0.00062660522,0.95,-0.000632605113568,0.00188581555357,PASS,EXPLORATORY_SENSITIVITY_NOT_CONFIRMATORY
1.0,TASK3_CAPACITY_RESPONSE_SURFACE_EXPLORATORY_V1,SECURITY,,17,35,34,33,total_queue_wait_mean_seconds,LOWER_MINUS_2_MIDDLE_PLUS_HIGHER,50,0.00276864462,0.0102995827093,0.00145658095543,0.95,-0.000158464398907,0.00569575363891,PASS,EXPLORATORY_SENSITIVITY_NOT_CONFIRMATORY
1.0,TASK3_CAPACITY_RESPONSE_SURFACE_EXPLORATORY_V1,SECURITY,,17,35,34,33,peak_total_waiting_queue,LOWER_MINUS_2_MIDDLE_PLUS_HIGHER,50,0.04,1.39912509105,0.197866167922,0.95,-0.357626951322,0.437626951322,PASS,EXPLORATORY_SENSITIVITY_NOT_CONFIRMATORY
1.0,TASK3_CAPACITY_RESPONSE_SURFACE_EXPLORATORY_V1,SECURITY,,17,35,34,33,time_weighted_mean_total_waiting_queue,LOWER_MINUS_2_MIDDLE_PLUS_HIGHER,50,0.0448737887422,0.0899515447749,0.0127210694577,0.95,0.0193098425702,0.0704377349142,PASS,EXPLORATORY_SENSITIVITY_NOT_CONFIRMATORY
1.0,TASK3_CAPACITY_RESPONSE_SURFACE_EXPLORATORY_V1,SECURITY,,17,35,34,33,cutoff_backlog,LOWER_MINUS_2_MIDDLE_PLUS_HIGHER,50,0.02,0.141421356237,0.02,0.95,-0.0201915047426,0.0601915047426,PASS,EXPLORATORY_SENSITIVITY_NOT_CONFIRMATORY
1.0,TASK3_CAPACITY_RESPONSE_SURFACE_EXPLORATORY_V1,SECURITY,,17,35,34,33,cohort_clear_time_after_cutoff_seconds,LOWER_MINUS_2_MIDDLE_PLUS_HIGHER,50,0,0,0,0.95,0,0,PASS,EXPLORATORY_SENSITIVITY_NOT_CONFIRMATORY
1.0,TASK3_CAPACITY_RESPONSE_SURFACE_EXPLORATORY_V1,SECURITY,,17,35,34,33,security_wait_p95_seconds,LOWER_MINUS_2_MIDDLE_PLUS_HIGHER,50,0.29633085464,0.544620004501,0.0770208996706,0.95,0.141551561921,0.451110147359,PASS,EXPLORATORY_SENSITIVITY_NOT_CONFIRMATORY
1.0,TASK3_CAPACITY_RESPONSE_SURFACE_EXPLORATORY_V1,SECURITY,,17,35,34,33,immigration_wait_p95_seconds,LOWER_MINUS_2_MIDDLE_PLUS_HIGHER,50,-0.43986119432,0.90588829623,0.128111951452,0.95,-0.697311799539,-0.182410589101,PASS,EXPLORATORY_SENSITIVITY_NOT_CONFIRMATORY
1.0,TASK3_CAPACITY_RESPONSE_SURFACE_EXPLORATORY_V1,SECURITY,,17,34,33,32,total_queue_wait_p95_seconds,LOWER_MINUS_2_MIDDLE_PLUS_HIGHER,50,0.0027257444,0.0120417477974,0.00170296030498,0.95,-0.000696482458696,0.0061479712587,PASS,EXPLORATORY_SENSITIVITY_NOT_CONFIRMATORY
1.0,TASK3_CAPACITY_RESPONSE_SURFACE_EXPLORATORY_V1,SECURITY,,17,34,33,32,total_queue_wait_mean_seconds,LOWER_MINUS_2_MIDDLE_PLUS_HIGHER,50,0.0079096733,0.0190612260444,0.00269566443874,0.95,0.00249253279629,0.0133268138037,PASS,EXPLORATORY_SENSITIVITY_NOT_CONFIRMATORY
1.0,TASK3_CAPACITY_RESPONSE_SURFACE_EXPLORATORY_V1,SECURITY,,17,34,33,32,peak_total_waiting_queue,LOWER_MINUS_2_MIDDLE_PLUS_HIGHER,50,0.3,1.35902125646,0.192194629244,0.95,-0.0862295676378,0.686229567638,PASS,EXPLORATORY_SENSITIVITY_NOT_CONFIRMATORY
1.0,TASK3_CAPACITY_RESPONSE_SURFACE_EXPLORATORY_V1,SECURITY,,17,34,33,32,time_weighted_mean_total_waiting_queue,LOWER_MINUS_2_MIDDLE_PLUS_HIGHER,50,0.0553179082865,0.0823238640971,0.0116423525113,0.95,0.0319217249779,0.0787140915952,PASS,EXPLORATORY_SENSITIVITY_NOT_CONFIRMATORY
1.0,TASK3_CAPACITY_RESPONSE_SURFACE_EXPLORATORY_V1,SECURITY,,17,34,33,32,cutoff_backlog,LOWER_MINUS_2_MIDDLE_PLUS_HIGHER,50,0,0,0,0.95,0,0,PASS,EXPLORATORY_SENSITIVITY_NOT_CONFIRMATORY
1.0,TASK3_CAPACITY_RESPONSE_SURFACE_EXPLORATORY_V1,SECURITY,,17,34,33,32,cohort_clear_time_after_cutoff_seconds,LOWER_MINUS_2_MIDDLE_PLUS_HIGHER,50,0,0,0,0.95,0,0,PASS,EXPLORATORY_SENSITIVITY_NOT_CONFIRMATORY
1.0,TASK3_CAPACITY_RESPONSE_SURFACE_EXPLORATORY_V1,SECURITY,,17,34,33,32,security_wait_p95_seconds,LOWER_MINUS_2_MIDDLE_PLUS_HIGHER,50,0.32008985342,0.49428575384,0.0699025616768,0.95,0.179615396462,0.460564310378,PASS,EXPLORATORY_SENSITIVITY_NOT_CONFIRMATORY
1.0,TASK3_CAPACITY_RESPONSE_SURFACE_EXPLORATORY_V1,SECURITY,,17,34,33,32,immigration_wait_p95_seconds,LOWER_MINUS_2_MIDDLE_PLUS_HIGHER,50,-0.52002325588,0.746626036359,0.105588866664,0.95,-0.732212027645,-0.307834484115,PASS,EXPLORATORY_SENSITIVITY_NOT_CONFIRMATORY
1.0,TASK3_CAPACITY_RESPONSE_SURFACE_EXPLORATORY_V1,SECURITY,,17,33,32,31,total_queue_wait_p95_seconds,LOWER_MINUS_2_MIDDLE_PLUS_HIGHER,50,0.02257781108,0.0745361282881,0.0105410003512,0.95,0.00139487779969,0.0437607443603,PASS,EXPLORATORY_SENSITIVITY_NOT_CONFIRMATORY
1.0,TASK3_CAPACITY_RESPONSE_SURFACE_EXPLORATORY_V1,SECURITY,,17,33,32,31,total_queue_wait_mean_seconds,LOWER_MINUS_2_MIDDLE_PLUS_HIGHER,50,0.02633027322,0.0391279179072,0.00553352321718,0.95,0.0152102419887,0.0374503044513,PASS,EXPLORATORY_SENSITIVITY_NOT_CONFIRMATORY
1.0,TASK3_CAPACITY_RESPONSE_SURFACE_EXPLORATORY_V1,SECURITY,,17,33,32,31,peak_total_waiting_queue,LOWER_MINUS_2_MIDDLE_PLUS_HIGHER,50,0.74,1.04608112223,0.14793821104,0.95,0.442707034469,1.03729296553,PASS,EXPLORATORY_SENSITIVITY_NOT_CONFIRMATORY
1.0,TASK3_CAPACITY_RESPONSE_SURFACE_EXPLORATORY_V1,SECURITY,,17,33,32,31,time_weighted_mean_total_waiting_queue,LOWER_MINUS_2_MIDDLE_PLUS_HIGHER,50,0.11433114796,0.141436862325,0.020002192892,0.95,0.0741352364358,0.154527059484,PASS,EXPLORATORY_SENSITIVITY_NOT_CONFIRMATORY
1.0,TASK3_CAPACITY_RESPONSE_SURFACE_EXPLORATORY_V1,SECURITY,,17,33,32,31,cutoff_backlog,LOWER_MINUS_2_MIDDLE_PLUS_HIGHER,50,0.04,0.197948663722,0.027994168489,0.95,-0.0162563877794,0.0962563877794,PASS,EXPLORATORY_SENSITIVITY_NOT_CONFIRMATORY
1.0,TASK3_CAPACITY_RESPONSE_SURFACE_EXPLORATORY_V1,SECURITY,,17,33,32,31,cohort_clear_time_after_cutoff_seconds,LOWER_MINUS_2_MIDDLE_PLUS_HIGHER,50,0.03500221282,0.188830351054,0.0267046443448,0.95,-0.0186627791716,0.0886672048116,PASS,EXPLORATORY_SENSITIVITY_NOT_CONFIRMATORY
1.0,TASK3_CAPACITY_RESPONSE_SURFACE_EXPLORATORY_V1,SECURITY,,17,33,32,31,security_wait_p95_seconds,LOWER_MINUS_2_MIDDLE_PLUS_HIGHER,50,0.7573457235,0.928329809122,0.131285660642,0.95,0.493517310884,1.02117413612,PASS,EXPLORATORY_SENSITIVITY_NOT_CONFIRMATORY
1.0,TASK3_CAPACITY_RESPONSE_SURFACE_EXPLORATORY_V1,SECURITY,,17,33,32,31,immigration_wait_p95_seconds,LOWER_MINUS_2_MIDDLE_PLUS_HIGHER,50,-0.94382097878,1.13849622509,0.161007680224,0.95,-1.26737802595,-0.620263931615,PASS,EXPLORATORY_SENSITIVITY_NOT_CONFIRMATORY
1.0,TASK3_CAPACITY_RESPONSE_SURFACE_EXPLORATORY_V1,SECURITY,,17,32,31,30,total_queue_wait_p95_seconds,LOWER_MINUS_2_MIDDLE_PLUS_HIGHER,50,0.10190807066,0.215690290674,0.0305032134343,0.95,0.0406095682895,0.16320657303,PASS,EXPLORATORY_SENSITIVITY_NOT_CONFIRMATORY
1.0,TASK3_CAPACITY_RESPONSE_SURFACE_EXPLORATORY_V1,SECURITY,,17,32,31,30,total_queue_wait_mean_seconds,LOWER_MINUS_2_MIDDLE_PLUS_HIGHER,50,0.06959200258,0.0535921201202,0.00757907031103,0.95,0.0543612905625,0.0848227145975,PASS,EXPLORATORY_SENSITIVITY_NOT_CONFIRMATORY
1.0,TASK3_CAPACITY_RESPONSE_SURFACE_EXPLORATORY_V1,SECURITY,,17,32,31,30,peak_total_waiting_queue,LOWER_MINUS_2_MIDDLE_PLUS_HIGHER,50,0.4,0.67005939426,0.0947607082959,0.95,0.209571227156,0.590428772844,PASS,EXPLORATORY_SENSITIVITY_NOT_CONFIRMATORY
1.0,TASK3_CAPACITY_RESPONSE_SURFACE_EXPLORATORY_V1,SECURITY,,17,32,31,30,time_weighted_mean_total_waiting_queue,LOWER_MINUS_2_MIDDLE_PLUS_HIGHER,50,0.213632359062,0.186677366342,0.026400166327,0.95,0.160579238555,0.266685479569,PASS,EXPLORATORY_SENSITIVITY_NOT_CONFIRMATORY
1.0,TASK3_CAPACITY_RESPONSE_SURFACE_EXPLORATORY_V1,SECURITY,,17,32,31,30,cutoff_backlog,LOWER_MINUS_2_MIDDLE_PLUS_HIGHER,50,0.18,0.388087934492,0.0548839220351,0.95,0.0697066293617,0.290293370638,PASS,EXPLORATORY_SENSITIVITY_NOT_CONFIRMATORY
1.0,TASK3_CAPACITY_RESPONSE_SURFACE_EXPLORATORY_V1,SECURITY,,17,32,31,30,cohort_clear_time_after_cutoff_seconds,LOWER_MINUS_2_MIDDLE_PLUS_HIGHER,50,0.15891632652,0.428988455931,0.0606681292479,0.95,0.0369991563004,0.28083349674,PASS,EXPLORATORY_SENSITIVITY_NOT_CONFIRMATORY
1.0,TASK3_CAPACITY_RESPONSE_SURFACE_EXPLORATORY_V1,SECURITY,,17,32,31,30,security_wait_p95_seconds,LOWER_MINUS_2_MIDDLE_PLUS_HIGHER,50,1.01036301574,1.07015172046,0.151342307687,0.95,0.706229261882,1.3144967696,PASS,EXPLORATORY_SENSITIVITY_NOT_CONFIRMATORY
1.0,TASK3_CAPACITY_RESPONSE_SURFACE_EXPLORATORY_V1,SECURITY,,17,32,31,30,immigration_wait_p95_seconds,LOWER_MINUS_2_MIDDLE_PLUS_HIGHER,50,-1.3891562057,1.62188022757,0.229368501438,0.95,-1.85008946637,-0.928222945034,PASS,EXPLORATORY_SENSITIVITY_NOT_CONFIRMATORY
1.0,TASK3_CAPACITY_RESPONSE_SURFACE_EXPLORATORY_V1,SECURITY,,17,31,30,29,total_queue_wait_p95_seconds,LOWER_MINUS_2_MIDDLE_PLUS_HIGHER,50,0.1815040588,0.240962046281,0.0340771793867,0.95,0.113023402953,0.249984714647,PASS,EXPLORATORY_SENSITIVITY_NOT_CONFIRMATORY
1.0,TASK3_CAPACITY_RESPONSE_SURFACE_EXPLORATORY_V1,SECURITY,,17,31,30,29,total_queue_wait_mean_seconds,LOWER_MINUS_2_MIDDLE_PLUS_HIGHER,50,0.19294196952,0.0923751798747,0.0130638232205,0.95,0.166689233874,0.219194705166,PASS,EXPLORATORY_SENSITIVITY_NOT_CONFIRMATORY
1.0,TASK3_CAPACITY_RESPONSE_SURFACE_EXPLORATORY_V1,SECURITY,,17,31,30,29,peak_total_waiting_queue,LOWER_MINUS_2_MIDDLE_PLUS_HIGHER,50,0.3,0.580288457474,0.0820651806648,0.95,0.135083845105,0.464916154895,PASS,EXPLORATORY_SENSITIVITY_NOT_CONFIRMATORY
1.0,TASK3_CAPACITY_RESPONSE_SURFACE_EXPLORATORY_V1,SECURITY,,17,31,30,29,time_weighted_mean_total_waiting_queue,LOWER_MINUS_2_MIDDLE_PLUS_HIGHER,50,0.386864777218,0.224507100115,0.0317500985832,0.95,0.323060565329,0.450668989108,PASS,EXPLORATORY_SENSITIVITY_NOT_CONFIRMATORY
1.0,TASK3_CAPACITY_RESPONSE_SURFACE_EXPLORATORY_V1,SECURITY,,17,31,30,29,cutoff_backlog,LOWER_MINUS_2_MIDDLE_PLUS_HIGHER,50,0.3,0.505076272276,0.0714285714286,0.95,0.156458911634,0.443541088366,PASS,EXPLORATORY_SENSITIVITY_NOT_CONFIRMATORY
1.0,TASK3_CAPACITY_RESPONSE_SURFACE_EXPLORATORY_V1,SECURITY,,17,31,30,29,cohort_clear_time_after_cutoff_seconds,LOWER_MINUS_2_MIDDLE_PLUS_HIGHER,50,0.172532313,0.682217127823,0.096480071465,0.95,-0.0213516494925,0.366416275492,PASS,EXPLORATORY_SENSITIVITY_NOT_CONFIRMATORY
1.0,TASK3_CAPACITY_RESPONSE_SURFACE_EXPLORATORY_V1,SECURITY,,17,31,30,29,security_wait_p95_seconds,LOWER_MINUS_2_MIDDLE_PLUS_HIGHER,50,1.54850176654,1.30778430912,0.184948630661,0.95,1.17683357822,1.92016995486,PASS,EXPLORATORY_SENSITIVITY_NOT_CONFIRMATORY
1.0,TASK3_CAPACITY_RESPONSE_SURFACE_EXPLORATORY_V1,SECURITY,,17,31,30,29,immigration_wait_p95_seconds,LOWER_MINUS_2_MIDDLE_PLUS_HIGHER,50,-1.3937726954,1.64984402784,0.233323179997,0.95,-1.86265318017,-0.92489221063,PASS,EXPLORATORY_SENSITIVITY_NOT_CONFIRMATORY
1.0,TASK3_CAPACITY_RESPONSE_SURFACE_EXPLORATORY_V1,SECURITY,,17,30,29,28,total_queue_wait_p95_seconds,LOWER_MINUS_2_MIDDLE_PLUS_HIGHER,50,3.67470394514,1.47328989504,0.208354655087,0.95,3.25599958974,4.09340830054,PASS,EXPLORATORY_SENSITIVITY_NOT_CONFIRMATORY
1.0,TASK3_CAPACITY_RESPONSE_SURFACE_EXPLORATORY_V1,SECURITY,,17,30,29,28,total_queue_wait_mean_seconds,LOWER_MINUS_2_MIDDLE_PLUS_HIGHER,50,1.86072487042,0.72905776854,0.103104338402,0.95,1.65352894513,2.06792079571,PASS,EXPLORATORY_SENSITIVITY_NOT_CONFIRMATORY
1.0,TASK3_CAPACITY_RESPONSE_SURFACE_EXPLORATORY_V1,SECURITY,,17,30,29,28,peak_total_waiting_queue,LOWER_MINUS_2_MIDDLE_PLUS_HIGHER,50,3.92,1.88268154395,0.266251377308,0.95,3.38494782531,4.45505217469,PASS,EXPLORATORY_SENSITIVITY_NOT_CONFIRMATORY
1.0,TASK3_CAPACITY_RESPONSE_SURFACE_EXPLORATORY_V1,SECURITY,,17,30,29,28,time_weighted_mean_total_waiting_queue,LOWER_MINUS_2_MIDDLE_PLUS_HIGHER,50,1.96668504411,0.798008194975,0.112855401222,0.95,1.73989362444,2.19347646378,PASS,EXPLORATORY_SENSITIVITY_NOT_CONFIRMATORY
1.0,TASK3_CAPACITY_RESPONSE_SURFACE_EXPLORATORY_V1,SECURITY,,17,30,29,28,cutoff_backlog,LOWER_MINUS_2_MIDDLE_PLUS_HIGHER,50,3.94,2.12285906556,0.300217608153,0.95,3.33669012891,4.54330987109,PASS,EXPLORATORY_SENSITIVITY_NOT_CONFIRMATORY
1.0,TASK3_CAPACITY_RESPONSE_SURFACE_EXPLORATORY_V1,SECURITY,,17,30,29,28,cohort_clear_time_after_cutoff_seconds,LOWER_MINUS_2_MIDDLE_PLUS_HIGHER,50,4.49492527464,1.69596029669,0.239845005282,0.95,4.01293869128,4.976911858,PASS,EXPLORATORY_SENSITIVITY_NOT_CONFIRMATORY
1.0,TASK3_CAPACITY_RESPONSE_SURFACE_EXPLORATORY_V1,SECURITY,,17,30,29,28,security_wait_p95_seconds,LOWER_MINUS_2_MIDDLE_PLUS_HIGHER,50,2.09373174728,1.43789934163,0.203349675025,0.95,1.68508527587,2.50237821869,PASS,EXPLORATORY_SENSITIVITY_NOT_CONFIRMATORY
1.0,TASK3_CAPACITY_RESPONSE_SURFACE_EXPLORATORY_V1,SECURITY,,17,30,29,28,immigration_wait_p95_seconds,LOWER_MINUS_2_MIDDLE_PLUS_HIGHER,50,2.7259399347,1.75868764307,0.248715991681,0.95,2.22612643674,3.22575343266,PASS,EXPLORATORY_SENSITIVITY_NOT_CONFIRMATORY
1.0,TASK3_CAPACITY_RESPONSE_SURFACE_EXPLORATORY_V1,SECURITY,,16,36,35,34,total_queue_wait_p95_seconds,LOWER_MINUS_2_MIDDLE_PLUS_HIGHER,50,0,0,0,0.95,0,0,PASS,EXPLORATORY_SENSITIVITY_NOT_CONFIRMATORY
1.0,TASK3_CAPACITY_RESPONSE_SURFACE_EXPLORATORY_V1,SECURITY,,16,36,35,34,total_queue_wait_mean_seconds,LOWER_MINUS_2_MIDDLE_PLUS_HIGHER,50,0,0,0,0.95,0,0,PASS,EXPLORATORY_SENSITIVITY_NOT_CONFIRMATORY
1.0,TASK3_CAPACITY_RESPONSE_SURFACE_EXPLORATORY_V1,SECURITY,,16,36,35,34,peak_total_waiting_queue,LOWER_MINUS_2_MIDDLE_PLUS_HIGHER,50,-0.2,0.728431359085,0.103015750728,0.95,-0.407017901696,0.00701790169635,PASS,EXPLORATORY_SENSITIVITY_NOT_CONFIRMATORY
1.0,TASK3_CAPACITY_RESPONSE_SURFACE_EXPLORATORY_V1,SECURITY,,16,36,35,34,time_weighted_mean_total_waiting_queue,LOWER_MINUS_2_MIDDLE_PLUS_HIGHER,50,0.0162909656879,0.0287729797614,0.00406911382085,0.95,0.00811377531649,0.0244681560594,PASS,EXPLORATORY_SENSITIVITY_NOT_CONFIRMATORY
1.0,TASK3_CAPACITY_RESPONSE_SURFACE_EXPLORATORY_V1,SECURITY,,16,36,35,34,cutoff_backlog,LOWER_MINUS_2_MIDDLE_PLUS_HIGHER,50,0,0,0,0.95,0,0,PASS,EXPLORATORY_SENSITIVITY_NOT_CONFIRMATORY
1.0,TASK3_CAPACITY_RESPONSE_SURFACE_EXPLORATORY_V1,SECURITY,,16,36,35,34,cohort_clear_time_after_cutoff_seconds,LOWER_MINUS_2_MIDDLE_PLUS_HIGHER,50,0,0,0,0.95,0,0,PASS,EXPLORATORY_SENSITIVITY_NOT_CONFIRMATORY
1.0,TASK3_CAPACITY_RESPONSE_SURFACE_EXPLORATORY_V1,SECURITY,,16,36,35,34,security_wait_p95_seconds,LOWER_MINUS_2_MIDDLE_PLUS_HIGHER,50,0.142874563,0.435127436778,0.0615363122452,0.95,0.0192127137278,0.266536412272,PASS,EXPLORATORY_SENSITIVITY_NOT_CONFIRMATORY
1.0,TASK3_CAPACITY_RESPONSE_SURFACE_EXPLORATORY_V1,SECURITY,,16,36,35,34,immigration_wait_p95_seconds,LOWER_MINUS_2_MIDDLE_PLUS_HIGHER,50,-0.1349039468,0.29007870871,0.0410233244014,0.95,-0.217343403662,-0.0524644899383,PASS,EXPLORATORY_SENSITIVITY_NOT_CONFIRMATORY
1.0,TASK3_CAPACITY_RESPONSE_SURFACE_EXPLORATORY_V1,SECURITY,,16,35,34,33,total_queue_wait_p95_seconds,LOWER_MINUS_2_MIDDLE_PLUS_HIGHER,50,0,0,0,0.95,0,0,PASS,EXPLORATORY_SENSITIVITY_NOT_CONFIRMATORY
1.0,TASK3_CAPACITY_RESPONSE_SURFACE_EXPLORATORY_V1,SECURITY,,16,35,34,33,total_queue_wait_mean_seconds,LOWER_MINUS_2_MIDDLE_PLUS_HIGHER,50,0,0,0,0.95,0,0,PASS,EXPLORATORY_SENSITIVITY_NOT_CONFIRMATORY
1.0,TASK3_CAPACITY_RESPONSE_SURFACE_EXPLORATORY_V1,SECURITY,,16,35,34,33,peak_total_waiting_queue,LOWER_MINUS_2_MIDDLE_PLUS_HIGHER,50,-0.28,1.5123977449,0.213885340254,0.95,-0.709818683359,0.149818683359,PASS,EXPLORATORY_SENSITIVITY_NOT_CONFIRMATORY
1.0,TASK3_CAPACITY_RESPONSE_SURFACE_EXPLORATORY_V1,SECURITY,,16,35,34,33,time_weighted_mean_total_waiting_queue,LOWER_MINUS_2_MIDDLE_PLUS_HIGHER,50,0.0414480228849,0.0905037211024,0.0127991589828,0.95,0.0157271499369,0.0671688958328,PASS,EXPLORATORY_SENSITIVITY_NOT_CONFIRMATORY
1.0,TASK3_CAPACITY_RESPONSE_SURFACE_EXPLORATORY_V1,SECURITY,,16,35,34,33,cutoff_backlog,LOWER_MINUS_2_MIDDLE_PLUS_HIGHER,50,0,0,0,0.95,0,0,PASS,EXPLORATORY_SENSITIVITY_NOT_CONFIRMATORY
1.0,TASK3_CAPACITY_RESPONSE_SURFACE_EXPLORATORY_V1,SECURITY,,16,35,34,33,cohort_clear_time_after_cutoff_seconds,LOWER_MINUS_2_MIDDLE_PLUS_HIGHER,50,0,0,0,0.95,0,0,PASS,EXPLORATORY_SENSITIVITY_NOT_CONFIRMATORY
1.0,TASK3_CAPACITY_RESPONSE_SURFACE_EXPLORATORY_V1,SECURITY,,16,35,34,33,security_wait_p95_seconds,LOWER_MINUS_2_MIDDLE_PLUS_HIGHER,50,0.29633085464,0.544620004501,0.0770208996706,0.95,0.141551561921,0.451110147359,PASS,EXPLORATORY_SENSITIVITY_NOT_CONFIRMATORY
1.0,TASK3_CAPACITY_RESPONSE_SURFACE_EXPLORATORY_V1,SECURITY,,16,35,34,33,immigration_wait_p95_seconds,LOWER_MINUS_2_MIDDLE_PLUS_HIGHER,50,-0.42822347662,0.888651078689,0.12567424077,0.95,-0.680775318816,-0.175671634424,PASS,EXPLORATORY_SENSITIVITY_NOT_CONFIRMATORY
1.0,TASK3_CAPACITY_RESPONSE_SURFACE_EXPLORATORY_V1,SECURITY,,16,34,33,32,total_queue_wait_p95_seconds,LOWER_MINUS_2_MIDDLE_PLUS_HIGHER,50,0,0,0,0.95,0,0,PASS,EXPLORATORY_SENSITIVITY_NOT_CONFIRMATORY
1.0,TASK3_CAPACITY_RESPONSE_SURFACE_EXPLORATORY_V1,SECURITY,,16,34,33,32,total_queue_wait_mean_seconds,LOWER_MINUS_2_MIDDLE_PLUS_HIGHER,50,0,0,0,0.95,0,0,PASS,EXPLORATORY_SENSITIVITY_NOT_CONFIRMATORY
1.0,TASK3_CAPACITY_RESPONSE_SURFACE_EXPLORATORY_V1,SECURITY,,16,34,33,32,peak_total_waiting_queue,LOWER_MINUS_2_MIDDLE_PLUS_HIGHER,50,0.22,1.60725396441,0.227300035465,0.95,-0.236776522669,0.676776522669,PASS,EXPLORATORY_SENSITIVITY_NOT_CONFIRMATORY
1.0,TASK3_CAPACITY_RESPONSE_SURFACE_EXPLORATORY_V1,SECURITY,,16,34,33,32,time_weighted_mean_total_waiting_queue,LOWER_MINUS_2_MIDDLE_PLUS_HIGHER,50,0.0454891239827,0.0776021830557,0.0109746059747,0.95,0.0234348275787,0.0675434203868,PASS,EXPLORATORY_SENSITIVITY_NOT_CONFIRMATORY
1.0,TASK3_CAPACITY_RESPONSE_SURFACE_EXPLORATORY_V1,SECURITY,,16,34,33,32,cutoff_backlog,LOWER_MINUS_2_MIDDLE_PLUS_HIGHER,50,0,0,0,0.95,0,0,PASS,EXPLORATORY_SENSITIVITY_NOT_CONFIRMATORY
1.0,TASK3_CAPACITY_RESPONSE_SURFACE_EXPLORATORY_V1,SECURITY,,16,34,33,32,cohort_clear_time_after_cutoff_seconds,LOWER_MINUS_2_MIDDLE_PLUS_HIGHER,50,0,0,0,0.95,0,0,PASS,EXPLORATORY_SENSITIVITY_NOT_CONFIRMATORY
1.0,TASK3_CAPACITY_RESPONSE_SURFACE_EXPLORATORY_V1,SECURITY,,16,34,33,32,security_wait_p95_seconds,LOWER_MINUS_2_MIDDLE_PLUS_HIGHER,50,0.32008985342,0.49428575384,0.0699025616768,0.95,0.179615396462,0.460564310378,PASS,EXPLORATORY_SENSITIVITY_NOT_CONFIRMATORY
1.0,TASK3_CAPACITY_RESPONSE_SURFACE_EXPLORATORY_V1,SECURITY,,16,34,33,32,immigration_wait_p95_seconds,LOWER_MINUS_2_MIDDLE_PLUS_HIGHER,50,-0.5706538147,0.725411812154,0.102588722305,0.95,-0.776813570654,-0.364494058746,PASS,EXPLORATORY_SENSITIVITY_NOT_CONFIRMATORY
1.0,TASK3_CAPACITY_RESPONSE_SURFACE_EXPLORATORY_V1,SECURITY,,16,33,32,31,total_queue_wait_p95_seconds,LOWER_MINUS_2_MIDDLE_PLUS_HIGHER,50,0.00344060042,0.0181767408215,0.00257057933895,0.95,-0.00172517216463,0.00860637300463,PASS,EXPLORATORY_SENSITIVITY_NOT_CONFIRMATORY
1.0,TASK3_CAPACITY_RESPONSE_SURFACE_EXPLORATORY_V1,SECURITY,,16,33,32,31,total_queue_wait_mean_seconds,LOWER_MINUS_2_MIDDLE_PLUS_HIGHER,50,0.00983308616,0.0221746951597,0.00313597546364,0.95,0.00353110752403,0.016135064796,PASS,EXPLORATORY_SENSITIVITY_NOT_CONFIRMATORY
1.0,TASK3_CAPACITY_RESPONSE_SURFACE_EXPLORATORY_V1,SECURITY,,16,33,32,31,peak_total_waiting_queue,LOWER_MINUS_2_MIDDLE_PLUS_HIGHER,50,0.6,1.7261494248,0.244114392723,0.95,0.109433761356,1.09056623864,PASS,EXPLORATORY_SENSITIVITY_NOT_CONFIRMATORY
1.0,TASK3_CAPACITY_RESPONSE_SURFACE_EXPLORATORY_V1,SECURITY,,16,33,32,31,time_weighted_mean_total_waiting_queue,LOWER_MINUS_2_MIDDLE_PLUS_HIGHER,50,0.0940400437319,0.128626158204,0.0181904857408,0.95,0.0574848940358,0.130595193428,PASS,EXPLORATORY_SENSITIVITY_NOT_CONFIRMATORY
1.0,TASK3_CAPACITY_RESPONSE_SURFACE_EXPLORATORY_V1,SECURITY,,16,33,32,31,cutoff_backlog,LOWER_MINUS_2_MIDDLE_PLUS_HIGHER,50,0.02,0.141421356237,0.02,0.95,-0.0201915047426,0.0601915047426,PASS,EXPLORATORY_SENSITIVITY_NOT_CONFIRMATORY
1.0,TASK3_CAPACITY_RESPONSE_SURFACE_EXPLORATORY_V1,SECURITY,,16,33,32,31,cohort_clear_time_after_cutoff_seconds,LOWER_MINUS_2_MIDDLE_PLUS_HIGHER,50,0.03721850732,0.19427120185,0.0274740968435,0.95,-0.0179927573591,0.0924297719991,PASS,EXPLORATORY_SENSITIVITY_NOT_CONFIRMATORY
1.0,TASK3_CAPACITY_RESPONSE_SURFACE_EXPLORATORY_V1,SECURITY,,16,33,32,31,security_wait_p95_seconds,LOWER_MINUS_2_MIDDLE_PLUS_HIGHER,50,0.7573457235,0.928329809122,0.131285660642,0.95,0.493517310884,1.02117413612,PASS,EXPLORATORY_SENSITIVITY_NOT_CONFIRMATORY
1.0,TASK3_CAPACITY_RESPONSE_SURFACE_EXPLORATORY_V1,SECURITY,,16,33,32,31,immigration_wait_p95_seconds,LOWER_MINUS_2_MIDDLE_PLUS_HIGHER,50,-0.8787652203,1.35912457465,0.192209240643,0.95,-1.26502415064,-0.492506289957,PASS,EXPLORATORY_SENSITIVITY_NOT_CONFIRMATORY
1.0,TASK3_CAPACITY_RESPONSE_SURFACE_EXPLORATORY_V1,SECURITY,,16,32,31,30,total_queue_wait_p95_seconds,LOWER_MINUS_2_MIDDLE_PLUS_HIGHER,50,0.0256442789,0.0874127925526,0.0123620356753,0.95,0.000801838126464,0.0504867196735,PASS,EXPLORATORY_SENSITIVITY_NOT_CONFIRMATORY
1.0,TASK3_CAPACITY_RESPONSE_SURFACE_EXPLORATORY_V1,SECURITY,,16,32,31,30,total_queue_wait_mean_seconds,LOWER_MINUS_2_MIDDLE_PLUS_HIGHER,50,0.02301203314,0.0349423128552,0.00494158927405,0.95,0.0130815377028,0.0329425285772,PASS,EXPLORATORY_SENSITIVITY_NOT_CONFIRMATORY
1.0,TASK3_CAPACITY_RESPONSE_SURFACE_EXPLORATORY_V1,SECURITY,,16,32,31,30,peak_total_waiting_queue,LOWER_MINUS_2_MIDDLE_PLUS_HIGHER,50,0.38,1.32310704212,0.187115592343,0.95,0.00397713914627,0.756022860854,PASS,EXPLORATORY_SENSITIVITY_NOT_CONFIRMATORY
1.0,TASK3_CAPACITY_RESPONSE_SURFACE_EXPLORATORY_V1,SECURITY,,16,32,31,30,time_weighted_mean_total_waiting_queue,LOWER_MINUS_2_MIDDLE_PLUS_HIGHER,50,0.158092659622,0.172782445292,0.0244351277472,0.95,0.108988431985,0.207196887259,PASS,EXPLORATORY_SENSITIVITY_NOT_CONFIRMATORY
1.0,TASK3_CAPACITY_RESPONSE_SURFACE_EXPLORATORY_V1,SECURITY,,16,32,31,30,cutoff_backlog,LOWER_MINUS_2_MIDDLE_PLUS_HIGHER,50,0,0,0,0.95,0,0,PASS,EXPLORATORY_SENSITIVITY_NOT_CONFIRMATORY
1.0,TASK3_CAPACITY_RESPONSE_SURFACE_EXPLORATORY_V1,SECURITY,,16,32,31,30,cohort_clear_time_after_cutoff_seconds,LOWER_MINUS_2_MIDDLE_PLUS_HIGHER,50,0.0041123865,0.181173802178,0.0256218448187,0.95,-0.0473766383772,0.0556014113772,PASS,EXPLORATORY_SENSITIVITY_NOT_CONFIRMATORY
1.0,TASK3_CAPACITY_RESPONSE_SURFACE_EXPLORATORY_V1,SECURITY,,16,32,31,30,security_wait_p95_seconds,LOWER_MINUS_2_MIDDLE_PLUS_HIGHER,50,1.01036301574,1.07015172046,0.151342307687,0.95,0.706229261882,1.3144967696,PASS,EXPLORATORY_SENSITIVITY_NOT_CONFIRMATORY
1.0,TASK3_CAPACITY_RESPONSE_SURFACE_EXPLORATORY_V1,SECURITY,,16,32,31,30,immigration_wait_p95_seconds,LOWER_MINUS_2_MIDDLE_PLUS_HIGHER,50,-1.48435328668,1.53947747131,0.217714991889,0.95,-1.92186794313,-1.04683863023,PASS,EXPLORATORY_SENSITIVITY_NOT_CONFIRMATORY
1.0,TASK3_CAPACITY_RESPONSE_SURFACE_EXPLORATORY_V1,SECURITY,,16,31,30,29,total_queue_wait_p95_seconds,LOWER_MINUS_2_MIDDLE_PLUS_HIGHER,50,0.06337672414,0.149175642793,0.0210966217213,0.95,0.0209814755418,0.105771972738,PASS,EXPLORATORY_SENSITIVITY_NOT_CONFIRMATORY
1.0,TASK3_CAPACITY_RESPONSE_SURFACE_EXPLORATORY_V1,SECURITY,,16,31,30,29,total_queue_wait_mean_seconds,LOWER_MINUS_2_MIDDLE_PLUS_HIGHER,50,0.05242118058,0.0554124368844,0.00783650197661,0.95,0.0366731402621,0.0681692208979,PASS,EXPLORATORY_SENSITIVITY_NOT_CONFIRMATORY
1.0,TASK3_CAPACITY_RESPONSE_SURFACE_EXPLORATORY_V1,SECURITY,,16,31,30,29,peak_total_waiting_queue,LOWER_MINUS_2_MIDDLE_PLUS_HIGHER,50,0.42,1.07076169723,0.151428571429,0.95,0.115692892663,0.724307107337,PASS,EXPLORATORY_SENSITIVITY_NOT_CONFIRMATORY
1.0,TASK3_CAPACITY_RESPONSE_SURFACE_EXPLORATORY_V1,SECURITY,,16,31,30,29,time_weighted_mean_total_waiting_queue,LOWER_MINUS_2_MIDDLE_PLUS_HIGHER,50,0.222767221169,0.204785897374,0.0289610993448,0.95,0.164567713085,0.280966729252,PASS,EXPLORATORY_SENSITIVITY_NOT_CONFIRMATORY
1.0,TASK3_CAPACITY_RESPONSE_SURFACE_EXPLORATORY_V1,SECURITY,,16,31,30,29,cutoff_backlog,LOWER_MINUS_2_MIDDLE_PLUS_HIGHER,50,0.12,0.385449644664,0.0545108115095,0.95,0.0104564230346,0.229543576965,PASS,EXPLORATORY_SENSITIVITY_NOT_CONFIRMATORY
1.0,TASK3_CAPACITY_RESPONSE_SURFACE_EXPLORATORY_V1,SECURITY,,16,31,30,29,cohort_clear_time_after_cutoff_seconds,LOWER_MINUS_2_MIDDLE_PLUS_HIGHER,50,0.04406470614,0.262839255718,0.037171084016,0.95,-0.0306333838358,0.118762796116,PASS,EXPLORATORY_SENSITIVITY_NOT_CONFIRMATORY
1.0,TASK3_CAPACITY_RESPONSE_SURFACE_EXPLORATORY_V1,SECURITY,,16,31,30,29,security_wait_p95_seconds,LOWER_MINUS_2_MIDDLE_PLUS_HIGHER,50,1.54850176654,1.30778430912,0.184948630661,0.95,1.17683357822,1.92016995486,PASS,EXPLORATORY_SENSITIVITY_NOT_CONFIRMATORY
1.0,TASK3_CAPACITY_RESPONSE_SURFACE_EXPLORATORY_V1,SECURITY,,16,31,30,29,immigration_wait_p95_seconds,LOWER_MINUS_2_MIDDLE_PLUS_HIGHER,50,-1.86222327026,1.82118353629,0.257554245659,0.95,-2.37979790455,-1.34464863597,PASS,EXPLORATORY_SENSITIVITY_NOT_CONFIRMATORY
1.0,TASK3_CAPACITY_RESPONSE_SURFACE_EXPLORATORY_V1,SECURITY,,16,30,29,28,total_queue_wait_p95_seconds,LOWER_MINUS_2_MIDDLE_PLUS_HIGHER,50,0.09337819892,0.255960698231,0.0361983090873,0.95,0.0206349733523,0.166121424488,PASS,EXPLORATORY_SENSITIVITY_NOT_CONFIRMATORY
1.0,TASK3_CAPACITY_RESPONSE_SURFACE_EXPLORATORY_V1,SECURITY,,16,30,29,28,total_queue_wait_mean_seconds,LOWER_MINUS_2_MIDDLE_PLUS_HIGHER,50,0.1240788205,0.0825957064024,0.0116807968188,0.95,0.100605380463,0.147552260537,PASS,EXPLORATORY_SENSITIVITY_NOT_CONFIRMATORY
1.0,TASK3_CAPACITY_RESPONSE_SURFACE_EXPLORATORY_V1,SECURITY,,16,30,29,28,peak_total_waiting_queue,LOWER_MINUS_2_MIDDLE_PLUS_HIGHER,50,0.28,0.671276578541,0.0949328441476,0.95,0.0892253072107,0.470774692789,PASS,EXPLORATORY_SENSITIVITY_NOT_CONFIRMATORY
1.0,TASK3_CAPACITY_RESPONSE_SURFACE_EXPLORATORY_V1,SECURITY,,16,30,29,28,time_weighted_mean_total_waiting_queue,LOWER_MINUS_2_MIDDLE_PLUS_HIGHER,50,0.308120169514,0.214947804815,0.0303982100771,0.95,0.24703267929,0.369207659738,PASS,EXPLORATORY_SENSITIVITY_NOT_CONFIRMATORY
1.0,TASK3_CAPACITY_RESPONSE_SURFACE_EXPLORATORY_V1,SECURITY,,16,30,29,28,cutoff_backlog,LOWER_MINUS_2_MIDDLE_PLUS_HIGHER,50,0.24,0.517450579322,0.0731785627135,0.95,0.0929421724822,0.387057827518,PASS,EXPLORATORY_SENSITIVITY_NOT_CONFIRMATORY
1.0,TASK3_CAPACITY_RESPONSE_SURFACE_EXPLORATORY_V1,SECURITY,,16,30,29,28,cohort_clear_time_after_cutoff_seconds,LOWER_MINUS_2_MIDDLE_PLUS_HIGHER,50,0.11822378012,0.479638845015,0.0678311759661,0.95,-0.0180880714069,0.254535631647,PASS,EXPLORATORY_SENSITIVITY_NOT_CONFIRMATORY
1.0,TASK3_CAPACITY_RESPONSE_SURFACE_EXPLORATORY_V1,SECURITY,,16,30,29,28,security_wait_p95_seconds,LOWER_MINUS_2_MIDDLE_PLUS_HIGHER,50,2.09373174728,1.43789934163,0.203349675025,0.95,1.68508527587,2.50237821869,PASS,EXPLORATORY_SENSITIVITY_NOT_CONFIRMATORY
1.0,TASK3_CAPACITY_RESPONSE_SURFACE_EXPLORATORY_V1,SECURITY,,16,30,29,28,immigration_wait_p95_seconds,LOWER_MINUS_2_MIDDLE_PLUS_HIGHER,50,-1.78513522698,1.62777361321,0.230201952028,0.95,-2.24774336931,-1.32252708465,PASS,EXPLORATORY_SENSITIVITY_NOT_CONFIRMATORY
1.0,TASK3_CAPACITY_RESPONSE_SURFACE_EXPLORATORY_V1,IMMIGRATION,36,,21,20,19,total_queue_wait_p95_seconds,LOWER_MINUS_2_MIDDLE_PLUS_HIGHER,50,1.07336730044,1.07443061109,0.151947434203,0.95,0.768017499321,1.37871710156,PASS,EXPLORATORY_SENSITIVITY_NOT_CONFIRMATORY
1.0,TASK3_CAPACITY_RESPONSE_SURFACE_EXPLORATORY_V1,IMMIGRATION,36,,21,20,19,total_queue_wait_mean_seconds,LOWER_MINUS_2_MIDDLE_PLUS_HIGHER,50,0.62304041198,0.57628346312,0.0814987889316,0.95,0.459262463887,0.786818360073,PASS,EXPLORATORY_SENSITIVITY_NOT_CONFIRMATORY
1.0,TASK3_CAPACITY_RESPONSE_SURFACE_EXPLORATORY_V1,IMMIGRATION,36,,21,20,19,peak_total_waiting_queue,LOWER_MINUS_2_MIDDLE_PLUS_HIGHER,50,1.84,2.20722376181,0.312148577914,0.95,1.21271394752,2.46728605248,PASS,EXPLORATORY_SENSITIVITY_NOT_CONFIRMATORY
1.0,TASK3_CAPACITY_RESPONSE_SURFACE_EXPLORATORY_V1,IMMIGRATION,36,,21,20,19,time_weighted_mean_total_waiting_queue,LOWER_MINUS_2_MIDDLE_PLUS_HIGHER,50,0.715317376757,0.689501020492,0.097510169445,0.95,0.519363354872,0.911271398642,PASS,EXPLORATORY_SENSITIVITY_NOT_CONFIRMATORY
1.0,TASK3_CAPACITY_RESPONSE_SURFACE_EXPLORATORY_V1,IMMIGRATION,36,,21,20,19,cutoff_backlog,LOWER_MINUS_2_MIDDLE_PLUS_HIGHER,50,1.26,2.81258106459,0.397759028682,0.95,0.460673305616,2.05932669438,PASS,EXPLORATORY_SENSITIVITY_NOT_CONFIRMATORY
1.0,TASK3_CAPACITY_RESPONSE_SURFACE_EXPLORATORY_V1,IMMIGRATION,36,,21,20,19,cohort_clear_time_after_cutoff_seconds,LOWER_MINUS_2_MIDDLE_PLUS_HIGHER,50,1.24319078868,2.09754869403,0.296638181083,0.95,0.647074045588,1.83930753177,PASS,EXPLORATORY_SENSITIVITY_NOT_CONFIRMATORY
1.0,TASK3_CAPACITY_RESPONSE_SURFACE_EXPLORATORY_V1,IMMIGRATION,36,,21,20,19,security_wait_p95_seconds,LOWER_MINUS_2_MIDDLE_PLUS_HIGHER,50,0,0,0,0.95,0,0,PASS,EXPLORATORY_SENSITIVITY_NOT_CONFIRMATORY
1.0,TASK3_CAPACITY_RESPONSE_SURFACE_EXPLORATORY_V1,IMMIGRATION,36,,21,20,19,immigration_wait_p95_seconds,LOWER_MINUS_2_MIDDLE_PLUS_HIGHER,50,1.14265648548,1.20143982119,0.16990924895,0.95,0.801211066231,1.48410190473,PASS,EXPLORATORY_SENSITIVITY_NOT_CONFIRMATORY
1.0,TASK3_CAPACITY_RESPONSE_SURFACE_EXPLORATORY_V1,IMMIGRATION,36,,20,19,18,total_queue_wait_p95_seconds,LOWER_MINUS_2_MIDDLE_PLUS_HIGHER,50,2.23469067748,2.03572700705,0.287895274265,0.95,1.65614346343,2.81323789153,PASS,EXPLORATORY_SENSITIVITY_NOT_CONFIRMATORY
1.0,TASK3_CAPACITY_RESPONSE_SURFACE_EXPLORATORY_V1,IMMIGRATION,36,,20,19,18,total_queue_wait_mean_seconds,LOWER_MINUS_2_MIDDLE_PLUS_HIGHER,50,1.37941123458,1.18804254742,0.168014588324,0.95,1.04177327841,1.71704919075,PASS,EXPLORATORY_SENSITIVITY_NOT_CONFIRMATORY
1.0,TASK3_CAPACITY_RESPONSE_SURFACE_EXPLORATORY_V1,IMMIGRATION,36,,20,19,18,peak_total_waiting_queue,LOWER_MINUS_2_MIDDLE_PLUS_HIGHER,50,3.28,3.42880951554,0.484906891967,0.95,2.30554311759,4.25445688241,PASS,EXPLORATORY_SENSITIVITY_NOT_CONFIRMATORY
1.0,TASK3_CAPACITY_RESPONSE_SURFACE_EXPLORATORY_V1,IMMIGRATION,36,,20,19,18,time_weighted_mean_total_waiting_queue,LOWER_MINUS_2_MIDDLE_PLUS_HIGHER,50,1.51457675874,1.36678316003,0.193292328174,0.95,1.12614128252,1.90301223497,PASS,EXPLORATORY_SENSITIVITY_NOT_CONFIRMATORY
1.0,TASK3_CAPACITY_RESPONSE_SURFACE_EXPLORATORY_V1,IMMIGRATION,36,,20,19,18,cutoff_backlog,LOWER_MINUS_2_MIDDLE_PLUS_HIGHER,50,3.38,4.35135446893,0.615374450465,0.95,2.14335874278,4.61664125722,PASS,EXPLORATORY_SENSITIVITY_NOT_CONFIRMATORY
1.0,TASK3_CAPACITY_RESPONSE_SURFACE_EXPLORATORY_V1,IMMIGRATION,36,,20,19,18,cohort_clear_time_after_cutoff_seconds,LOWER_MINUS_2_MIDDLE_PLUS_HIGHER,50,3.1388747405,3.95772881017,0.559707375953,0.95,2.01410065775,4.26364882325,PASS,EXPLORATORY_SENSITIVITY_NOT_CONFIRMATORY
1.0,TASK3_CAPACITY_RESPONSE_SURFACE_EXPLORATORY_V1,IMMIGRATION,36,,20,19,18,security_wait_p95_seconds,LOWER_MINUS_2_MIDDLE_PLUS_HIGHER,50,0,0,0,0.95,0,0,PASS,EXPLORATORY_SENSITIVITY_NOT_CONFIRMATORY
1.0,TASK3_CAPACITY_RESPONSE_SURFACE_EXPLORATORY_V1,IMMIGRATION,36,,20,19,18,immigration_wait_p95_seconds,LOWER_MINUS_2_MIDDLE_PLUS_HIGHER,50,2.30987763172,2.17817961653,0.308041115498,0.95,1.690845834,2.92890942944,PASS,EXPLORATORY_SENSITIVITY_NOT_CONFIRMATORY
1.0,TASK3_CAPACITY_RESPONSE_SURFACE_EXPLORATORY_V1,IMMIGRATION,36,,19,18,17,total_queue_wait_p95_seconds,LOWER_MINUS_2_MIDDLE_PLUS_HIGHER,50,4.05828259118,2.64382531115,0.373893361157,0.95,3.30691575127,4.80964943109,PASS,EXPLORATORY_SENSITIVITY_NOT_CONFIRMATORY
1.0,TASK3_CAPACITY_RESPONSE_SURFACE_EXPLORATORY_V1,IMMIGRATION,36,,19,18,17,total_queue_wait_mean_seconds,LOWER_MINUS_2_MIDDLE_PLUS_HIGHER,50,2.38113755348,1.36095233848,0.192467725482,0.95,1.9943591784,2.76791592856,PASS,EXPLORATORY_SENSITIVITY_NOT_CONFIRMATORY
1.0,TASK3_CAPACITY_RESPONSE_SURFACE_EXPLORATORY_V1,IMMIGRATION,36,,19,18,17,peak_total_waiting_queue,LOWER_MINUS_2_MIDDLE_PLUS_HIGHER,50,5.06,3.9404236797,0.557260060932,0.95,3.94014398091,6.17985601909,PASS,EXPLORATORY_SENSITIVITY_NOT_CONFIRMATORY
1.0,TASK3_CAPACITY_RESPONSE_SURFACE_EXPLORATORY_V1,IMMIGRATION,36,,19,18,17,time_weighted_mean_total_waiting_queue,LOWER_MINUS_2_MIDDLE_PLUS_HIGHER,50,2.30806503934,1.47957166039,0.209243030863,0.95,1.88757542597,2.7285546527,PASS,EXPLORATORY_SENSITIVITY_NOT_CONFIRMATORY
1.0,TASK3_CAPACITY_RESPONSE_SURFACE_EXPLORATORY_V1,IMMIGRATION,36,,19,18,17,cutoff_backlog,LOWER_MINUS_2_MIDDLE_PLUS_HIGHER,50,6.2,4.90314351478,0.693409205686,0.95,4.80654203106,7.59345796894,PASS,EXPLORATORY_SENSITIVITY_NOT_CONFIRMATORY
1.0,TASK3_CAPACITY_RESPONSE_SURFACE_EXPLORATORY_V1,IMMIGRATION,36,,19,18,17,cohort_clear_time_after_cutoff_seconds,LOWER_MINUS_2_MIDDLE_PLUS_HIGHER,50,4.91626474516,4.60546999913,0.651311813387,0.95,3.60740465333,6.22512483699,PASS,EXPLORATORY_SENSITIVITY_NOT_CONFIRMATORY
1.0,TASK3_CAPACITY_RESPONSE_SURFACE_EXPLORATORY_V1,IMMIGRATION,36,,19,18,17,security_wait_p95_seconds,LOWER_MINUS_2_MIDDLE_PLUS_HIGHER,50,0,0,0,0.95,0,0,PASS,EXPLORATORY_SENSITIVITY_NOT_CONFIRMATORY
1.0,TASK3_CAPACITY_RESPONSE_SURFACE_EXPLORATORY_V1,IMMIGRATION,36,,19,18,17,immigration_wait_p95_seconds,LOWER_MINUS_2_MIDDLE_PLUS_HIGHER,50,4.0852120128,2.63317100764,0.372386615106,0.95,3.33687309244,4.83355093316,PASS,EXPLORATORY_SENSITIVITY_NOT_CONFIRMATORY
1.0,TASK3_CAPACITY_RESPONSE_SURFACE_EXPLORATORY_V1,IMMIGRATION,36,,18,17,16,total_queue_wait_p95_seconds,LOWER_MINUS_2_MIDDLE_PLUS_HIGHER,50,6.00361528294,2.73009829938,0.38609420416,0.95,5.22772993106,6.77950063482,PASS,EXPLORATORY_SENSITIVITY_NOT_CONFIRMATORY
1.0,TASK3_CAPACITY_RESPONSE_SURFACE_EXPLORATORY_V1,IMMIGRATION,36,,18,17,16,total_queue_wait_mean_seconds,LOWER_MINUS_2_MIDDLE_PLUS_HIGHER,50,2.9392000198,1.44221490388,0.203959987692,0.95,2.52932707917,3.34907296043,PASS,EXPLORATORY_SENSITIVITY_NOT_CONFIRMATORY
1.0,TASK3_CAPACITY_RESPONSE_SURFACE_EXPLORATORY_V1,IMMIGRATION,36,,18,17,16,peak_total_waiting_queue,LOWER_MINUS_2_MIDDLE_PLUS_HIGHER,50,6.14,4.44930629768,0.629226930934,0.95,4.87552114106,7.40447885894,PASS,EXPLORATORY_SENSITIVITY_NOT_CONFIRMATORY
1.0,TASK3_CAPACITY_RESPONSE_SURFACE_EXPLORATORY_V1,IMMIGRATION,36,,18,17,16,time_weighted_mean_total_waiting_queue,LOWER_MINUS_2_MIDDLE_PLUS_HIGHER,50,2.40175543834,1.63165643272,0.230751065629,0.95,1.93804381091,2.86546706577,PASS,EXPLORATORY_SENSITIVITY_NOT_CONFIRMATORY
1.0,TASK3_CAPACITY_RESPONSE_SURFACE_EXPLORATORY_V1,IMMIGRATION,36,,18,17,16,cutoff_backlog,LOWER_MINUS_2_MIDDLE_PLUS_HIGHER,50,4.86,4.57593527855,0.647134973147,0.95,3.55953358288,6.16046641712,PASS,EXPLORATORY_SENSITIVITY_NOT_CONFIRMATORY
1.0,TASK3_CAPACITY_RESPONSE_SURFACE_EXPLORATORY_V1,IMMIGRATION,36,,18,17,16,cohort_clear_time_after_cutoff_seconds,LOWER_MINUS_2_MIDDLE_PLUS_HIGHER,50,6.58660958836,4.42488847839,0.625773729813,0.95,5.32907019688,7.84414897984,PASS,EXPLORATORY_SENSITIVITY_NOT_CONFIRMATORY
1.0,TASK3_CAPACITY_RESPONSE_SURFACE_EXPLORATORY_V1,IMMIGRATION,36,,18,17,16,security_wait_p95_seconds,LOWER_MINUS_2_MIDDLE_PLUS_HIGHER,50,0,0,0,0.95,0,0,PASS,EXPLORATORY_SENSITIVITY_NOT_CONFIRMATORY
1.0,TASK3_CAPACITY_RESPONSE_SURFACE_EXPLORATORY_V1,IMMIGRATION,36,,18,17,16,immigration_wait_p95_seconds,LOWER_MINUS_2_MIDDLE_PLUS_HIGHER,50,5.97053738534,2.63211933045,0.372237885491,0.95,5.22249734834,6.71857742234,PASS,EXPLORATORY_SENSITIVITY_NOT_CONFIRMATORY
1.0,TASK3_CAPACITY_RESPONSE_SURFACE_EXPLORATORY_V1,IMMIGRATION,35,,21,20,19,total_queue_wait_p95_seconds,LOWER_MINUS_2_MIDDLE_PLUS_HIGHER,50,1.1739770892,1.08353305327,0.153234713922,0.95,0.866040402634,1.48191377577,PASS,EXPLORATORY_SENSITIVITY_NOT_CONFIRMATORY
1.0,TASK3_CAPACITY_RESPONSE_SURFACE_EXPLORATORY_V1,IMMIGRATION,35,,21,20,19,total_queue_wait_mean_seconds,LOWER_MINUS_2_MIDDLE_PLUS_HIGHER,50,0.64754400954,0.593383368318,0.0839170807162,0.95,0.478906322161,0.816181696919,PASS,EXPLORATORY_SENSITIVITY_NOT_CONFIRMATORY
1.0,TASK3_CAPACITY_RESPONSE_SURFACE_EXPLORATORY_V1,IMMIGRATION,35,,21,20,19,peak_total_waiting_queue,LOWER_MINUS_2_MIDDLE_PLUS_HIGHER,50,1.4,1.916629695,0.271052370872,0.95,0.855299867531,1.94470013247,PASS,EXPLORATORY_SENSITIVITY_NOT_CONFIRMATORY
1.0,TASK3_CAPACITY_RESPONSE_SURFACE_EXPLORATORY_V1,IMMIGRATION,35,,21,20,19,time_weighted_mean_total_waiting_queue,LOWER_MINUS_2_MIDDLE_PLUS_HIGHER,50,0.745733590304,0.703831935797,0.0995368669235,0.95,0.545706767353,0.945760413255,PASS,EXPLORATORY_SENSITIVITY_NOT_CONFIRMATORY
1.0,TASK3_CAPACITY_RESPONSE_SURFACE_EXPLORATORY_V1,IMMIGRATION,35,,21,20,19,cutoff_backlog,LOWER_MINUS_2_MIDDLE_PLUS_HIGHER,50,1.32,2.50257010748,0.353916858679,0.95,0.608777444796,2.0312225552,PASS,EXPLORATORY_SENSITIVITY_NOT_CONFIRMATORY
1.0,TASK3_CAPACITY_RESPONSE_SURFACE_EXPLORATORY_V1,IMMIGRATION,35,,21,20,19,cohort_clear_time_after_cutoff_seconds,LOWER_MINUS_2_MIDDLE_PLUS_HIGHER,50,1.2343759915,2.12171921746,0.300056409288,0.95,0.631390061654,1.83736192135,PASS,EXPLORATORY_SENSITIVITY_NOT_CONFIRMATORY
1.0,TASK3_CAPACITY_RESPONSE_SURFACE_EXPLORATORY_V1,IMMIGRATION,35,,21,20,19,security_wait_p95_seconds,LOWER_MINUS_2_MIDDLE_PLUS_HIGHER,50,0,0,0,0.95,0,0,PASS,EXPLORATORY_SENSITIVITY_NOT_CONFIRMATORY
1.0,TASK3_CAPACITY_RESPONSE_SURFACE_EXPLORATORY_V1,IMMIGRATION,35,,21,20,19,immigration_wait_p95_seconds,LOWER_MINUS_2_MIDDLE_PLUS_HIGHER,50,1.21386547624,1.30505754999,0.184563008687,0.95,0.842972224292,1.58475872819,PASS,EXPLORATORY_SENSITIVITY_NOT_CONFIRMATORY
1.0,TASK3_CAPACITY_RESPONSE_SURFACE_EXPLORATORY_V1,IMMIGRATION,35,,20,19,18,total_queue_wait_p95_seconds,LOWER_MINUS_2_MIDDLE_PLUS_HIGHER,50,2.31693047848,2.06743986912,0.29238015023,0.95,1.72937056875,2.90449038821,PASS,EXPLORATORY_SENSITIVITY_NOT_CONFIRMATORY
1.0,TASK3_CAPACITY_RESPONSE_SURFACE_EXPLORATORY_V1,IMMIGRATION,35,,20,19,18,total_queue_wait_mean_seconds,LOWER_MINUS_2_MIDDLE_PLUS_HIGHER,50,1.40321576028,1.19990253483,0.169691843829,0.95,1.06220723298,1.74422428758,PASS,EXPLORATORY_SENSITIVITY_NOT_CONFIRMATORY
1.0,TASK3_CAPACITY_RESPONSE_SURFACE_EXPLORATORY_V1,IMMIGRATION,35,,20,19,18,peak_total_waiting_queue,LOWER_MINUS_2_MIDDLE_PLUS_HIGHER,50,3.74,3.59597280415,0.508547350955,0.95,2.71803583661,4.76196416339,PASS,EXPLORATORY_SENSITIVITY_NOT_CONFIRMATORY
1.0,TASK3_CAPACITY_RESPONSE_SURFACE_EXPLORATORY_V1,IMMIGRATION,35,,20,19,18,time_weighted_mean_total_waiting_queue,LOWER_MINUS_2_MIDDLE_PLUS_HIGHER,50,1.54422734077,1.38186795568,0.195425640433,0.95,1.15150481306,1.93694986849,PASS,EXPLORATORY_SENSITIVITY_NOT_CONFIRMATORY
1.0,TASK3_CAPACITY_RESPONSE_SURFACE_EXPLORATORY_V1,IMMIGRATION,35,,20,19,18,cutoff_backlog,LOWER_MINUS_2_MIDDLE_PLUS_HIGHER,50,3.42,4.32878358745,0.612182445794,0.95,2.18977331633,4.65022668367,PASS,EXPLORATORY_SENSITIVITY_NOT_CONFIRMATORY
1.0,TASK3_CAPACITY_RESPONSE_SURFACE_EXPLORATORY_V1,IMMIGRATION,35,,20,19,18,cohort_clear_time_after_cutoff_seconds,LOWER_MINUS_2_MIDDLE_PLUS_HIGHER,50,3.1964232277,3.98082870776,0.562974194799,0.95,2.06508422669,4.32776222871,PASS,EXPLORATORY_SENSITIVITY_NOT_CONFIRMATORY
1.0,TASK3_CAPACITY_RESPONSE_SURFACE_EXPLORATORY_V1,IMMIGRATION,35,,20,19,18,security_wait_p95_seconds,LOWER_MINUS_2_MIDDLE_PLUS_HIGHER,50,0,0,0,0.95,0,0,PASS,EXPLORATORY_SENSITIVITY_NOT_CONFIRMATORY
1.0,TASK3_CAPACITY_RESPONSE_SURFACE_EXPLORATORY_V1,IMMIGRATION,35,,20,19,18,immigration_wait_p95_seconds,LOWER_MINUS_2_MIDDLE_PLUS_HIGHER,50,2.3454100242,2.14895083251,0.303907541221,0.95,1.73468495498,2.95613509342,PASS,EXPLORATORY_SENSITIVITY_NOT_CONFIRMATORY
1.0,TASK3_CAPACITY_RESPONSE_SURFACE_EXPLORATORY_V1,IMMIGRATION,35,,19,18,17,total_queue_wait_p95_seconds,LOWER_MINUS_2_MIDDLE_PLUS_HIGHER,50,4.06692377328,2.6406185671,0.373439859065,0.95,3.31646827995,4.81737926661,PASS,EXPLORATORY_SENSITIVITY_NOT_CONFIRMATORY
1.0,TASK3_CAPACITY_RESPONSE_SURFACE_EXPLORATORY_V1,IMMIGRATION,35,,19,18,17,total_queue_wait_mean_seconds,LOWER_MINUS_2_MIDDLE_PLUS_HIGHER,50,2.38716450142,1.36207852079,0.192626991712,0.95,2.00006606887,2.77426293397,PASS,EXPLORATORY_SENSITIVITY_NOT_CONFIRMATORY
1.0,TASK3_CAPACITY_RESPONSE_SURFACE_EXPLORATORY_V1,IMMIGRATION,35,,19,18,17,peak_total_waiting_queue,LOWER_MINUS_2_MIDDLE_PLUS_HIGHER,50,5.34,3.91548469645,0.553733156099,0.95,4.22723156153,6.45276843847,PASS,EXPLORATORY_SENSITIVITY_NOT_CONFIRMATORY
1.0,TASK3_CAPACITY_RESPONSE_SURFACE_EXPLORATORY_V1,IMMIGRATION,35,,19,18,17,time_weighted_mean_total_waiting_queue,LOWER_MINUS_2_MIDDLE_PLUS_HIGHER,50,2.31514034591,1.4802759578,0.209342633558,0.95,1.89445057344,2.73583011838,PASS,EXPLORATORY_SENSITIVITY_NOT_CONFIRMATORY
1.0,TASK3_CAPACITY_RESPONSE_SURFACE_EXPLORATORY_V1,IMMIGRATION,35,,19,18,17,cutoff_backlog,LOWER_MINUS_2_MIDDLE_PLUS_HIGHER,50,6.22,4.92096721868,0.695929858065,0.95,4.82147659045,7.61852340955,PASS,EXPLORATORY_SENSITIVITY_NOT_CONFIRMATORY
1.0,TASK3_CAPACITY_RESPONSE_SURFACE_EXPLORATORY_V1,IMMIGRATION,35,,19,18,17,cohort_clear_time_after_cutoff_seconds,LOWER_MINUS_2_MIDDLE_PLUS_HIGHER,50,4.91626474516,4.60546999913,0.651311813387,0.95,3.60740465333,6.22512483699,PASS,EXPLORATORY_SENSITIVITY_NOT_CONFIRMATORY
1.0,TASK3_CAPACITY_RESPONSE_SURFACE_EXPLORATORY_V1,IMMIGRATION,35,,19,18,17,security_wait_p95_seconds,LOWER_MINUS_2_MIDDLE_PLUS_HIGHER,50,0,0,0,0.95,0,0,PASS,EXPLORATORY_SENSITIVITY_NOT_CONFIRMATORY
1.0,TASK3_CAPACITY_RESPONSE_SURFACE_EXPLORATORY_V1,IMMIGRATION,35,,19,18,17,immigration_wait_p95_seconds,LOWER_MINUS_2_MIDDLE_PLUS_HIGHER,50,4.22409433048,2.48274760688,0.35111353376,0.95,3.51850526762,4.92968339334,PASS,EXPLORATORY_SENSITIVITY_NOT_CONFIRMATORY
1.0,TASK3_CAPACITY_RESPONSE_SURFACE_EXPLORATORY_V1,IMMIGRATION,35,,18,17,16,total_queue_wait_p95_seconds,LOWER_MINUS_2_MIDDLE_PLUS_HIGHER,50,6.00361528294,2.73009829938,0.38609420416,0.95,5.22772993106,6.77950063482,PASS,EXPLORATORY_SENSITIVITY_NOT_CONFIRMATORY
1.0,TASK3_CAPACITY_RESPONSE_SURFACE_EXPLORATORY_V1,IMMIGRATION,35,,18,17,16,total_queue_wait_mean_seconds,LOWER_MINUS_2_MIDDLE_PLUS_HIGHER,50,2.93942122148,1.44221250415,0.20395964832,0.95,2.52954896284,3.34929348012,PASS,EXPLORATORY_SENSITIVITY_NOT_CONFIRMATORY
1.0,TASK3_CAPACITY_RESPONSE_SURFACE_EXPLORATORY_V1,IMMIGRATION,35,,18,17,16,peak_total_waiting_queue,LOWER_MINUS_2_MIDDLE_PLUS_HIGHER,50,6.24,4.45182833342,0.629583600647,0.95,4.97480438644,7.50519561356,PASS,EXPLORATORY_SENSITIVITY_NOT_CONFIRMATORY
1.0,TASK3_CAPACITY_RESPONSE_SURFACE_EXPLORATORY_V1,IMMIGRATION,35,,18,17,16,time_weighted_mean_total_waiting_queue,LOWER_MINUS_2_MIDDLE_PLUS_HIGHER,50,2.40204727501,1.63164703367,0.230749736402,0.95,1.93833831876,2.86575623125,PASS,EXPLORATORY_SENSITIVITY_NOT_CONFIRMATORY
1.0,TASK3_CAPACITY_RESPONSE_SURFACE_EXPLORATORY_V1,IMMIGRATION,35,,18,17,16,cutoff_backlog,LOWER_MINUS_2_MIDDLE_PLUS_HIGHER,50,4.86,4.57593527855,0.647134973147,0.95,3.55953358288,6.16046641712,PASS,EXPLORATORY_SENSITIVITY_NOT_CONFIRMATORY
1.0,TASK3_CAPACITY_RESPONSE_SURFACE_EXPLORATORY_V1,IMMIGRATION,35,,18,17,16,cohort_clear_time_after_cutoff_seconds,LOWER_MINUS_2_MIDDLE_PLUS_HIGHER,50,6.58660958836,4.42488847839,0.625773729813,0.95,5.32907019688,7.84414897984,PASS,EXPLORATORY_SENSITIVITY_NOT_CONFIRMATORY
1.0,TASK3_CAPACITY_RESPONSE_SURFACE_EXPLORATORY_V1,IMMIGRATION,35,,18,17,16,security_wait_p95_seconds,LOWER_MINUS_2_MIDDLE_PLUS_HIGHER,50,0,0,0,0.95,0,0,PASS,EXPLORATORY_SENSITIVITY_NOT_CONFIRMATORY
1.0,TASK3_CAPACITY_RESPONSE_SURFACE_EXPLORATORY_V1,IMMIGRATION,35,,18,17,16,immigration_wait_p95_seconds,LOWER_MINUS_2_MIDDLE_PLUS_HIGHER,50,5.87469686802,2.639081076,0.373222424989,0.95,5.12467832482,6.62471541122,PASS,EXPLORATORY_SENSITIVITY_NOT_CONFIRMATORY
1.0,TASK3_CAPACITY_RESPONSE_SURFACE_EXPLORATORY_V1,IMMIGRATION,34,,21,20,19,total_queue_wait_p95_seconds,LOWER_MINUS_2_MIDDLE_PLUS_HIGHER,50,1.3097976416,1.2899311729,0.182423815924,0.95,0.943203258456,1.67639202474,PASS,EXPLORATORY_SENSITIVITY_NOT_CONFIRMATORY
1.0,TASK3_CAPACITY_RESPONSE_SURFACE_EXPLORATORY_V1,IMMIGRATION,34,,21,20,19,total_queue_wait_mean_seconds,LOWER_MINUS_2_MIDDLE_PLUS_HIGHER,50,0.6998591126,0.690072059098,0.0975909264992,0.95,0.503742803339,0.895975421861,PASS,EXPLORATORY_SENSITIVITY_NOT_CONFIRMATORY
1.0,TASK3_CAPACITY_RESPONSE_SURFACE_EXPLORATORY_V1,IMMIGRATION,34,,21,20,19,peak_total_waiting_queue,LOWER_MINUS_2_MIDDLE_PLUS_HIGHER,50,1.24,1.67283213352,0.23657418908,0.95,0.764586367881,1.71541363212,PASS,EXPLORATORY_SENSITIVITY_NOT_CONFIRMATORY
1.0,TASK3_CAPACITY_RESPONSE_SURFACE_EXPLORATORY_V1,IMMIGRATION,34,,21,20,19,time_weighted_mean_total_waiting_queue,LOWER_MINUS_2_MIDDLE_PLUS_HIGHER,50,0.814157284333,0.818715220054,0.115783816792,0.95,0.581480993247,1.04683357542,PASS,EXPLORATORY_SENSITIVITY_NOT_CONFIRMATORY
1.0,TASK3_CAPACITY_RESPONSE_SURFACE_EXPLORATORY_V1,IMMIGRATION,34,,21,20,19,cutoff_backlog,LOWER_MINUS_2_MIDDLE_PLUS_HIGHER,50,1.24,2.22747225641,0.315012147482,0.95,0.606959389025,1.87304061097,PASS,EXPLORATORY_SENSITIVITY_NOT_CONFIRMATORY
1.0,TASK3_CAPACITY_RESPONSE_SURFACE_EXPLORATORY_V1,IMMIGRATION,34,,21,20,19,cohort_clear_time_after_cutoff_seconds,LOWER_MINUS_2_MIDDLE_PLUS_HIGHER,50,1.31177944324,2.16801318753,0.306603365322,0.95,0.695636912669,1.92792197381,PASS,EXPLORATORY_SENSITIVITY_NOT_CONFIRMATORY
1.0,TASK3_CAPACITY_RESPONSE_SURFACE_EXPLORATORY_V1,IMMIGRATION,34,,21,20,19,security_wait_p95_seconds,LOWER_MINUS_2_MIDDLE_PLUS_HIGHER,50,0,0,0,0.95,0,0,PASS,EXPLORATORY_SENSITIVITY_NOT_CONFIRMATORY
1.0,TASK3_CAPACITY_RESPONSE_SURFACE_EXPLORATORY_V1,IMMIGRATION,34,,21,20,19,immigration_wait_p95_seconds,LOWER_MINUS_2_MIDDLE_PLUS_HIGHER,50,1.4198245592,1.72358772355,0.243752113458,0.95,0.929986347996,1.9096627704,PASS,EXPLORATORY_SENSITIVITY_NOT_CONFIRMATORY
1.0,TASK3_CAPACITY_RESPONSE_SURFACE_EXPLORATORY_V1,IMMIGRATION,34,,20,19,18,total_queue_wait_p95_seconds,LOWER_MINUS_2_MIDDLE_PLUS_HIGHER,50,2.48321161848,2.13405005097,0.301800252487,0.95,1.87672130452,3.08970193244,PASS,EXPLORATORY_SENSITIVITY_NOT_CONFIRMATORY
1.0,TASK3_CAPACITY_RESPONSE_SURFACE_EXPLORATORY_V1,IMMIGRATION,34,,20,19,18,total_queue_wait_mean_seconds,LOWER_MINUS_2_MIDDLE_PLUS_HIGHER,50,1.44529626956,1.21872127273,0.172353215265,0.95,1.09893951612,1.791653023,PASS,EXPLORATORY_SENSITIVITY_NOT_CONFIRMATORY
1.0,TASK3_CAPACITY_RESPONSE_SURFACE_EXPLORATORY_V1,IMMIGRATION,34,,20,19,18,peak_total_waiting_queue,LOWER_MINUS_2_MIDDLE_PLUS_HIGHER,50,3.52,3.79172030313,0.536230227741,0.95,2.44240501293,4.59759498707,PASS,EXPLORATORY_SENSITIVITY_NOT_CONFIRMATORY
1.0,TASK3_CAPACITY_RESPONSE_SURFACE_EXPLORATORY_V1,IMMIGRATION,34,,20,19,18,time_weighted_mean_total_waiting_queue,LOWER_MINUS_2_MIDDLE_PLUS_HIGHER,50,1.59611463269,1.40621490297,0.198868818739,0.95,1.19647277912,1.99575648627,PASS,EXPLORATORY_SENSITIVITY_NOT_CONFIRMATORY
1.0,TASK3_CAPACITY_RESPONSE_SURFACE_EXPLORATORY_V1,IMMIGRATION,34,,20,19,18,cutoff_backlog,LOWER_MINUS_2_MIDDLE_PLUS_HIGHER,50,3.5,4.32482157235,0.611622132246,0.95,2.27089930856,4.72910069144,PASS,EXPLORATORY_SENSITIVITY_NOT_CONFIRMATORY
1.0,TASK3_CAPACITY_RESPONSE_SURFACE_EXPLORATORY_V1,IMMIGRATION,34,,20,19,18,cohort_clear_time_after_cutoff_seconds,LOWER_MINUS_2_MIDDLE_PLUS_HIGHER,50,3.32346373882,3.98555279723,0.563642281939,0.95,2.19078216644,4.4561453112,PASS,EXPLORATORY_SENSITIVITY_NOT_CONFIRMATORY
1.0,TASK3_CAPACITY_RESPONSE_SURFACE_EXPLORATORY_V1,IMMIGRATION,34,,20,19,18,security_wait_p95_seconds,LOWER_MINUS_2_MIDDLE_PLUS_HIGHER,50,0,0,0,0.95,0,0,PASS,EXPLORATORY_SENSITIVITY_NOT_CONFIRMATORY
1.0,TASK3_CAPACITY_RESPONSE_SURFACE_EXPLORATORY_V1,IMMIGRATION,34,,20,19,18,immigration_wait_p95_seconds,LOWER_MINUS_2_MIDDLE_PLUS_HIGHER,50,2.5838729854,2.20799154749,0.312257159207,0.95,1.95636873064,3.21137724016,PASS,EXPLORATORY_SENSITIVITY_NOT_CONFIRMATORY
1.0,TASK3_CAPACITY_RESPONSE_SURFACE_EXPLORATORY_V1,IMMIGRATION,34,,19,18,17,total_queue_wait_p95_seconds,LOWER_MINUS_2_MIDDLE_PLUS_HIGHER,50,4.09632926856,2.64413393415,0.37393700704,0.95,3.34487471897,4.84778381815,PASS,EXPLORATORY_SENSITIVITY_NOT_CONFIRMATORY
1.0,TASK3_CAPACITY_RESPONSE_SURFACE_EXPLORATORY_V1,IMMIGRATION,34,,19,18,17,total_queue_wait_mean_seconds,LOWER_MINUS_2_MIDDLE_PLUS_HIGHER,50,2.40454676304,1.36345398239,0.192821511357,0.95,2.01705742863,2.79203609745,PASS,EXPLORATORY_SENSITIVITY_NOT_CONFIRMATORY
1.0,TASK3_CAPACITY_RESPONSE_SURFACE_EXPLORATORY_V1,IMMIGRATION,34,,19,18,17,peak_total_waiting_queue,LOWER_MINUS_2_MIDDLE_PLUS_HIGHER,50,5.94,4.12266012795,0.583032186601,0.95,4.76835295536,7.11164704464,PASS,EXPLORATORY_SENSITIVITY_NOT_CONFIRMATORY
1.0,TASK3_CAPACITY_RESPONSE_SURFACE_EXPLORATORY_V1,IMMIGRATION,34,,19,18,17,time_weighted_mean_total_waiting_queue,LOWER_MINUS_2_MIDDLE_PLUS_HIGHER,50,2.33618127586,1.47999602172,0.209303044618,0.95,1.91557106034,2.75679149138,PASS,EXPLORATORY_SENSITIVITY_NOT_CONFIRMATORY
1.0,TASK3_CAPACITY_RESPONSE_SURFACE_EXPLORATORY_V1,IMMIGRATION,34,,19,18,17,cutoff_backlog,LOWER_MINUS_2_MIDDLE_PLUS_HIGHER,50,6.32,4.88830340753,0.691310497593,0.95,4.93075954287,7.70924045713,PASS,EXPLORATORY_SENSITIVITY_NOT_CONFIRMATORY
1.0,TASK3_CAPACITY_RESPONSE_SURFACE_EXPLORATORY_V1,IMMIGRATION,34,,19,18,17,cohort_clear_time_after_cutoff_seconds,LOWER_MINUS_2_MIDDLE_PLUS_HIGHER,50,4.92615780954,4.60316533244,0.650985884298,0.95,3.61795269673,6.23436292235,PASS,EXPLORATORY_SENSITIVITY_NOT_CONFIRMATORY
1.0,TASK3_CAPACITY_RESPONSE_SURFACE_EXPLORATORY_V1,IMMIGRATION,34,,19,18,17,security_wait_p95_seconds,LOWER_MINUS_2_MIDDLE_PLUS_HIGHER,50,0,0,0,0.95,0,0,PASS,EXPLORATORY_SENSITIVITY_NOT_CONFIRMATORY
1.0,TASK3_CAPACITY_RESPONSE_SURFACE_EXPLORATORY_V1,IMMIGRATION,34,,19,18,17,immigration_wait_p95_seconds,LOWER_MINUS_2_MIDDLE_PLUS_HIGHER,50,4.22766040388,2.52882958255,0.357630509257,0.95,3.50897498844,4.94634581932,PASS,EXPLORATORY_SENSITIVITY_NOT_CONFIRMATORY
1.0,TASK3_CAPACITY_RESPONSE_SURFACE_EXPLORATORY_V1,IMMIGRATION,34,,18,17,16,total_queue_wait_p95_seconds,LOWER_MINUS_2_MIDDLE_PLUS_HIGHER,50,6.00361528294,2.73009829938,0.38609420416,0.95,5.22772993106,6.77950063482,PASS,EXPLORATORY_SENSITIVITY_NOT_CONFIRMATORY
1.0,TASK3_CAPACITY_RESPONSE_SURFACE_EXPLORATORY_V1,IMMIGRATION,34,,18,17,16,total_queue_wait_mean_seconds,LOWER_MINUS_2_MIDDLE_PLUS_HIGHER,50,2.94339161098,1.43984508311,0.203624844426,0.95,2.53419216596,3.352591056,PASS,EXPLORATORY_SENSITIVITY_NOT_CONFIRMATORY
1.0,TASK3_CAPACITY_RESPONSE_SURFACE_EXPLORATORY_V1,IMMIGRATION,34,,18,17,16,peak_total_waiting_queue,LOWER_MINUS_2_MIDDLE_PLUS_HIGHER,50,6.36,4.70240928262,0.66502109833,0.95,5.02359006863,7.69640993137,PASS,EXPLORATORY_SENSITIVITY_NOT_CONFIRMATORY
1.0,TASK3_CAPACITY_RESPONSE_SURFACE_EXPLORATORY_V1,IMMIGRATION,34,,18,17,16,time_weighted_mean_total_waiting_queue,LOWER_MINUS_2_MIDDLE_PLUS_HIGHER,50,2.40725161085,1.62816907439,0.230257878684,0.95,1.9445310797,2.86997214201,PASS,EXPLORATORY_SENSITIVITY_NOT_CONFIRMATORY
1.0,TASK3_CAPACITY_RESPONSE_SURFACE_EXPLORATORY_V1,IMMIGRATION,34,,18,17,16,cutoff_backlog,LOWER_MINUS_2_MIDDLE_PLUS_HIGHER,50,4.86,4.57593527855,0.647134973147,0.95,3.55953358288,6.16046641712,PASS,EXPLORATORY_SENSITIVITY_NOT_CONFIRMATORY
1.0,TASK3_CAPACITY_RESPONSE_SURFACE_EXPLORATORY_V1,IMMIGRATION,34,,18,17,16,cohort_clear_time_after_cutoff_seconds,LOWER_MINUS_2_MIDDLE_PLUS_HIGHER,50,6.58660958836,4.42488847839,0.625773729813,0.95,5.32907019688,7.84414897984,PASS,EXPLORATORY_SENSITIVITY_NOT_CONFIRMATORY
1.0,TASK3_CAPACITY_RESPONSE_SURFACE_EXPLORATORY_V1,IMMIGRATION,34,,18,17,16,security_wait_p95_seconds,LOWER_MINUS_2_MIDDLE_PLUS_HIGHER,50,0,0,0,0.95,0,0,PASS,EXPLORATORY_SENSITIVITY_NOT_CONFIRMATORY
1.0,TASK3_CAPACITY_RESPONSE_SURFACE_EXPLORATORY_V1,IMMIGRATION,34,,18,17,16,immigration_wait_p95_seconds,LOWER_MINUS_2_MIDDLE_PLUS_HIGHER,50,5.80763889978,2.65106351611,0.374916997919,0.95,5.05421498478,6.56106281478,PASS,EXPLORATORY_SENSITIVITY_NOT_CONFIRMATORY
1.0,TASK3_CAPACITY_RESPONSE_SURFACE_EXPLORATORY_V1,IMMIGRATION,33,,21,20,19,total_queue_wait_p95_seconds,LOWER_MINUS_2_MIDDLE_PLUS_HIGHER,50,1.18682979326,1.17788728394,0.16657841719,0.95,0.852077931035,1.52158165548,PASS,EXPLORATORY_SENSITIVITY_NOT_CONFIRMATORY
1.0,TASK3_CAPACITY_RESPONSE_SURFACE_EXPLORATORY_V1,IMMIGRATION,33,,21,20,19,total_queue_wait_mean_seconds,LOWER_MINUS_2_MIDDLE_PLUS_HIGHER,50,0.63464182094,0.620625347394,0.0877696783438,0.95,0.45826204877,0.81102159311,PASS,EXPLORATORY_SENSITIVITY_NOT_CONFIRMATORY
1.0,TASK3_CAPACITY_RESPONSE_SURFACE_EXPLORATORY_V1,IMMIGRATION,33,,21,20,19,peak_total_waiting_queue,LOWER_MINUS_2_MIDDLE_PLUS_HIGHER,50,0.92,1.52315462117,0.215406592285,0.95,0.487124246229,1.35287575377,PASS,EXPLORATORY_SENSITIVITY_NOT_CONFIRMATORY
1.0,TASK3_CAPACITY_RESPONSE_SURFACE_EXPLORATORY_V1,IMMIGRATION,33,,21,20,19,time_weighted_mean_total_waiting_queue,LOWER_MINUS_2_MIDDLE_PLUS_HIGHER,50,0.740886153008,0.743793881278,0.105188339451,0.95,0.529502270812,0.952270035204,PASS,EXPLORATORY_SENSITIVITY_NOT_CONFIRMATORY
1.0,TASK3_CAPACITY_RESPONSE_SURFACE_EXPLORATORY_V1,IMMIGRATION,33,,21,20,19,cutoff_backlog,LOWER_MINUS_2_MIDDLE_PLUS_HIGHER,50,1.18,2.15416066329,0.304644322556,0.95,0.56779431326,1.79220568674,PASS,EXPLORATORY_SENSITIVITY_NOT_CONFIRMATORY
1.0,TASK3_CAPACITY_RESPONSE_SURFACE_EXPLORATORY_V1,IMMIGRATION,33,,21,20,19,cohort_clear_time_after_cutoff_seconds,LOWER_MINUS_2_MIDDLE_PLUS_HIGHER,50,1.17841945924,1.74219966327,0.246384239216,0.95,0.683291793293,1.67354712519,PASS,EXPLORATORY_SENSITIVITY_NOT_CONFIRMATORY
1.0,TASK3_CAPACITY_RESPONSE_SURFACE_EXPLORATORY_V1,IMMIGRATION,33,,21,20,19,security_wait_p95_seconds,LOWER_MINUS_2_MIDDLE_PLUS_HIGHER,50,0,0,0,0.95,0,0,PASS,EXPLORATORY_SENSITIVITY_NOT_CONFIRMATORY
1.0,TASK3_CAPACITY_RESPONSE_SURFACE_EXPLORATORY_V1,IMMIGRATION,33,,21,20,19,immigration_wait_p95_seconds,LOWER_MINUS_2_MIDDLE_PLUS_HIGHER,50,1.00462893288,1.22337363583,0.173011158764,0.95,0.656949992482,1.35230787328,PASS,EXPLORATORY_SENSITIVITY_NOT_CONFIRMATORY
1.0,TASK3_CAPACITY_RESPONSE_SURFACE_EXPLORATORY_V1,IMMIGRATION,33,,20,19,18,total_queue_wait_p95_seconds,LOWER_MINUS_2_MIDDLE_PLUS_HIGHER,50,2.85063479948,2.23806438413,0.31651010055,0.95,2.21458393911,3.48668565985,PASS,EXPLORATORY_SENSITIVITY_NOT_CONFIRMATORY
1.0,TASK3_CAPACITY_RESPONSE_SURFACE_EXPLORATORY_V1,IMMIGRATION,33,,20,19,18,total_queue_wait_mean_seconds,LOWER_MINUS_2_MIDDLE_PLUS_HIGHER,50,1.57464883204,1.28601845113,0.181870473505,0.95,1.20916643212,1.94013123196,PASS,EXPLORATORY_SENSITIVITY_NOT_CONFIRMATORY
1.0,TASK3_CAPACITY_RESPONSE_SURFACE_EXPLORATORY_V1,IMMIGRATION,33,,20,19,18,peak_total_waiting_queue,LOWER_MINUS_2_MIDDLE_PLUS_HIGHER,50,3.28,3.52275402468,0.49819265186,0.95,2.2788443835,4.2811556165,PASS,EXPLORATORY_SENSITIVITY_NOT_CONFIRMATORY
1.0,TASK3_CAPACITY_RESPONSE_SURFACE_EXPLORATORY_V1,IMMIGRATION,33,,20,19,18,time_weighted_mean_total_waiting_queue,LOWER_MINUS_2_MIDDLE_PLUS_HIGHER,50,1.74253642896,1.48404858159,0.20987616313,0.95,1.32077448867,2.16429836925,PASS,EXPLORATORY_SENSITIVITY_NOT_CONFIRMATORY
1.0,TASK3_CAPACITY_RESPONSE_SURFACE_EXPLORATORY_V1,IMMIGRATION,33,,20,19,18,cutoff_backlog,LOWER_MINUS_2_MIDDLE_PLUS_HIGHER,50,3.74,4.34158816047,0.613993285877,0.95,2.50613429694,4.97386570306,PASS,EXPLORATORY_SENSITIVITY_NOT_CONFIRMATORY
1.0,TASK3_CAPACITY_RESPONSE_SURFACE_EXPLORATORY_V1,IMMIGRATION,33,,20,19,18,cohort_clear_time_after_cutoff_seconds,LOWER_MINUS_2_MIDDLE_PLUS_HIGHER,50,3.6407665206,3.91418458546,0.553549292639,0.95,2.52836756958,4.75316547162,PASS,EXPLORATORY_SENSITIVITY_NOT_CONFIRMATORY
1.0,TASK3_CAPACITY_RESPONSE_SURFACE_EXPLORATORY_V1,IMMIGRATION,33,,20,19,18,security_wait_p95_seconds,LOWER_MINUS_2_MIDDLE_PLUS_HIGHER,50,0,0,0,0.95,0,0,PASS,EXPLORATORY_SENSITIVITY_NOT_CONFIRMATORY
1.0,TASK3_CAPACITY_RESPONSE_SURFACE_EXPLORATORY_V1,IMMIGRATION,33,,20,19,18,immigration_wait_p95_seconds,LOWER_MINUS_2_MIDDLE_PLUS_HIGHER,50,3.15144231594,2.55271977705,0.361009092964,0.95,2.42596738234,3.87691724954,PASS,EXPLORATORY_SENSITIVITY_NOT_CONFIRMATORY
1.0,TASK3_CAPACITY_RESPONSE_SURFACE_EXPLORATORY_V1,IMMIGRATION,33,,19,18,17,total_queue_wait_p95_seconds,LOWER_MINUS_2_MIDDLE_PLUS_HIGHER,50,4.18222228494,2.64118042614,0.373519317933,0.95,3.43160711303,4.93283745685,PASS,EXPLORATORY_SENSITIVITY_NOT_CONFIRMATORY
1.0,TASK3_CAPACITY_RESPONSE_SURFACE_EXPLORATORY_V1,IMMIGRATION,33,,19,18,17,total_queue_wait_mean_seconds,LOWER_MINUS_2_MIDDLE_PLUS_HIGHER,50,2.45251841404,1.37076967039,0.193856105876,0.95,2.06294998411,2.84208684397,PASS,EXPLORATORY_SENSITIVITY_NOT_CONFIRMATORY
1.0,TASK3_CAPACITY_RESPONSE_SURFACE_EXPLORATORY_V1,IMMIGRATION,33,,19,18,17,peak_total_waiting_queue,LOWER_MINUS_2_MIDDLE_PLUS_HIGHER,50,6.26,4.17382514326,0.590268012458,0.95,5.0738120189,7.4461879811,PASS,EXPLORATORY_SENSITIVITY_NOT_CONFIRMATORY
1.0,TASK3_CAPACITY_RESPONSE_SURFACE_EXPLORATORY_V1,IMMIGRATION,33,,19,18,17,time_weighted_mean_total_waiting_queue,LOWER_MINUS_2_MIDDLE_PLUS_HIGHER,50,2.39408727952,1.48477249485,0.209978539925,0.95,1.97211960536,2.81605495368,PASS,EXPLORATORY_SENSITIVITY_NOT_CONFIRMATORY
1.0,TASK3_CAPACITY_RESPONSE_SURFACE_EXPLORATORY_V1,IMMIGRATION,33,,19,18,17,cutoff_backlog,LOWER_MINUS_2_MIDDLE_PLUS_HIGHER,50,6.48,4.78193880926,0.676268271849,0.95,5.12098802724,7.83901197276,PASS,EXPLORATORY_SENSITIVITY_NOT_CONFIRMATORY
1.0,TASK3_CAPACITY_RESPONSE_SURFACE_EXPLORATORY_V1,IMMIGRATION,33,,19,18,17,cohort_clear_time_after_cutoff_seconds,LOWER_MINUS_2_MIDDLE_PLUS_HIGHER,50,5.02620072516,4.5274962087,0.640284654193,0.95,3.73950053938,6.31290091094,PASS,EXPLORATORY_SENSITIVITY_NOT_CONFIRMATORY
1.0,TASK3_CAPACITY_RESPONSE_SURFACE_EXPLORATORY_V1,IMMIGRATION,33,,19,18,17,security_wait_p95_seconds,LOWER_MINUS_2_MIDDLE_PLUS_HIGHER,50,0,0,0,0.95,0,0,PASS,EXPLORATORY_SENSITIVITY_NOT_CONFIRMATORY
1.0,TASK3_CAPACITY_RESPONSE_SURFACE_EXPLORATORY_V1,IMMIGRATION,33,,19,18,17,immigration_wait_p95_seconds,LOWER_MINUS_2_MIDDLE_PLUS_HIGHER,50,4.31927941198,2.41479409473,0.341503455911,0.95,3.63300252359,5.00555630037,PASS,EXPLORATORY_SENSITIVITY_NOT_CONFIRMATORY
1.0,TASK3_CAPACITY_RESPONSE_SURFACE_EXPLORATORY_V1,IMMIGRATION,33,,18,17,16,total_queue_wait_p95_seconds,LOWER_MINUS_2_MIDDLE_PLUS_HIGHER,50,6.01669685356,2.73371327944,0.386605439543,0.95,5.23978413572,6.7936095714,PASS,EXPLORATORY_SENSITIVITY_NOT_CONFIRMATORY
1.0,TASK3_CAPACITY_RESPONSE_SURFACE_EXPLORATORY_V1,IMMIGRATION,33,,18,17,16,total_queue_wait_mean_seconds,LOWER_MINUS_2_MIDDLE_PLUS_HIGHER,50,2.95144445092,1.44065795728,0.203739802193,0.95,2.54201398962,3.36087491222,PASS,EXPLORATORY_SENSITIVITY_NOT_CONFIRMATORY
1.0,TASK3_CAPACITY_RESPONSE_SURFACE_EXPLORATORY_V1,IMMIGRATION,33,,18,17,16,peak_total_waiting_queue,LOWER_MINUS_2_MIDDLE_PLUS_HIGHER,50,6.52,4.66528648201,0.659771141521,0.95,5.19414025183,7.84585974817,PASS,EXPLORATORY_SENSITIVITY_NOT_CONFIRMATORY
1.0,TASK3_CAPACITY_RESPONSE_SURFACE_EXPLORATORY_V1,IMMIGRATION,33,,18,17,16,time_weighted_mean_total_waiting_queue,LOWER_MINUS_2_MIDDLE_PLUS_HIGHER,50,2.41776475222,1.62883823998,0.230352512989,0.95,1.95485404631,2.88067545814,PASS,EXPLORATORY_SENSITIVITY_NOT_CONFIRMATORY
1.0,TASK3_CAPACITY_RESPONSE_SURFACE_EXPLORATORY_V1,IMMIGRATION,33,,18,17,16,cutoff_backlog,LOWER_MINUS_2_MIDDLE_PLUS_HIGHER,50,4.84,4.590851595,0.64924445885,0.95,3.53529441265,6.14470558735,PASS,EXPLORATORY_SENSITIVITY_NOT_CONFIRMATORY
1.0,TASK3_CAPACITY_RESPONSE_SURFACE_EXPLORATORY_V1,IMMIGRATION,33,,18,17,16,cohort_clear_time_after_cutoff_seconds,LOWER_MINUS_2_MIDDLE_PLUS_HIGHER,50,6.60002788422,4.41678216421,0.624627323867,0.95,5.34479228174,7.8552634867,PASS,EXPLORATORY_SENSITIVITY_NOT_CONFIRMATORY
1.0,TASK3_CAPACITY_RESPONSE_SURFACE_EXPLORATORY_V1,IMMIGRATION,33,,18,17,16,security_wait_p95_seconds,LOWER_MINUS_2_MIDDLE_PLUS_HIGHER,50,0,0,0,0.95,0,0,PASS,EXPLORATORY_SENSITIVITY_NOT_CONFIRMATORY
1.0,TASK3_CAPACITY_RESPONSE_SURFACE_EXPLORATORY_V1,IMMIGRATION,33,,18,17,16,immigration_wait_p95_seconds,LOWER_MINUS_2_MIDDLE_PLUS_HIGHER,50,5.77954717328,2.49667238375,0.35308279459,0.95,5.07000073262,6.48909361394,PASS,EXPLORATORY_SENSITIVITY_NOT_CONFIRMATORY
1.0,TASK3_CAPACITY_RESPONSE_SURFACE_EXPLORATORY_V1,IMMIGRATION,32,,21,20,19,total_queue_wait_p95_seconds,LOWER_MINUS_2_MIDDLE_PLUS_HIGHER,50,0.53189275394,0.386928575409,0.0547199639014,0.95,0.421928869507,0.641856638373,PASS,EXPLORATORY_SENSITIVITY_NOT_CONFIRMATORY
1.0,TASK3_CAPACITY_RESPONSE_SURFACE_EXPLORATORY_V1,IMMIGRATION,32,,21,20,19,total_queue_wait_mean_seconds,LOWER_MINUS_2_MIDDLE_PLUS_HIGHER,50,0.32082182502,0.190894056478,0.0269964963648,0.95,0.266570334436,0.375073315604,PASS,EXPLORATORY_SENSITIVITY_NOT_CONFIRMATORY
1.0,TASK3_CAPACITY_RESPONSE_SURFACE_EXPLORATORY_V1,IMMIGRATION,32,,21,20,19,peak_total_waiting_queue,LOWER_MINUS_2_MIDDLE_PLUS_HIGHER,50,0.5,0.735402152928,0.104001569847,0.95,0.291001020613,0.708998979387,PASS,EXPLORATORY_SENSITIVITY_NOT_CONFIRMATORY
1.0,TASK3_CAPACITY_RESPONSE_SURFACE_EXPLORATORY_V1,IMMIGRATION,32,,21,20,19,time_weighted_mean_total_waiting_queue,LOWER_MINUS_2_MIDDLE_PLUS_HIGHER,50,0.38512393693,0.25429326824,0.0359624988765,0.95,0.312854589723,0.457393284138,PASS,EXPLORATORY_SENSITIVITY_NOT_CONFIRMATORY
1.0,TASK3_CAPACITY_RESPONSE_SURFACE_EXPLORATORY_V1,IMMIGRATION,32,,21,20,19,cutoff_backlog,LOWER_MINUS_2_MIDDLE_PLUS_HIGHER,50,0.58,0.835195198985,0.118114437763,0.95,0.342640150723,0.817359849277,PASS,EXPLORATORY_SENSITIVITY_NOT_CONFIRMATORY
1.0,TASK3_CAPACITY_RESPONSE_SURFACE_EXPLORATORY_V1,IMMIGRATION,32,,21,20,19,cohort_clear_time_after_cutoff_seconds,LOWER_MINUS_2_MIDDLE_PLUS_HIGHER,50,0.42569538696,0.813379343828,0.11502920994,0.95,0.194535535119,0.656855238801,PASS,EXPLORATORY_SENSITIVITY_NOT_CONFIRMATORY
1.0,TASK3_CAPACITY_RESPONSE_SURFACE_EXPLORATORY_V1,IMMIGRATION,32,,21,20,19,security_wait_p95_seconds,LOWER_MINUS_2_MIDDLE_PLUS_HIGHER,50,0,0,0,0.95,0,0,PASS,EXPLORATORY_SENSITIVITY_NOT_CONFIRMATORY
1.0,TASK3_CAPACITY_RESPONSE_SURFACE_EXPLORATORY_V1,IMMIGRATION,32,,21,20,19,immigration_wait_p95_seconds,LOWER_MINUS_2_MIDDLE_PLUS_HIGHER,50,0.22671806124,0.459800183057,0.065025565486,0.95,0.0960442950589,0.357391827421,PASS,EXPLORATORY_SENSITIVITY_NOT_CONFIRMATORY
1.0,TASK3_CAPACITY_RESPONSE_SURFACE_EXPLORATORY_V1,IMMIGRATION,32,,20,19,18,total_queue_wait_p95_seconds,LOWER_MINUS_2_MIDDLE_PLUS_HIGHER,50,3.35006949482,2.81805653185,0.398533376688,0.95,2.54918668986,4.15095229978,PASS,EXPLORATORY_SENSITIVITY_NOT_CONFIRMATORY
1.0,TASK3_CAPACITY_RESPONSE_SURFACE_EXPLORATORY_V1,IMMIGRATION,32,,20,19,18,total_queue_wait_mean_seconds,LOWER_MINUS_2_MIDDLE_PLUS_HIGHER,50,1.81309913172,1.57506170662,0.222747362708,0.95,1.36547154749,2.26072671595,PASS,EXPLORATORY_SENSITIVITY_NOT_CONFIRMATORY
1.0,TASK3_CAPACITY_RESPONSE_SURFACE_EXPLORATORY_V1,IMMIGRATION,32,,20,19,18,peak_total_waiting_queue,LOWER_MINUS_2_MIDDLE_PLUS_HIGHER,50,3.34,3.50864820763,0.496197788082,0.95,2.34285321235,4.33714678765,PASS,EXPLORATORY_SENSITIVITY_NOT_CONFIRMATORY
1.0,TASK3_CAPACITY_RESPONSE_SURFACE_EXPLORATORY_V1,IMMIGRATION,32,,20,19,18,time_weighted_mean_total_waiting_queue,LOWER_MINUS_2_MIDDLE_PLUS_HIGHER,50,2.0072890793,1.81371385859,0.256497873708,0.95,1.49183730392,2.52274085469,PASS,EXPLORATORY_SENSITIVITY_NOT_CONFIRMATORY
1.0,TASK3_CAPACITY_RESPONSE_SURFACE_EXPLORATORY_V1,IMMIGRATION,32,,20,19,18,cutoff_backlog,LOWER_MINUS_2_MIDDLE_PLUS_HIGHER,50,4.02,4.76590784122,0.674001150608,0.95,2.66554397794,5.37445602206,PASS,EXPLORATORY_SENSITIVITY_NOT_CONFIRMATORY
1.0,TASK3_CAPACITY_RESPONSE_SURFACE_EXPLORATORY_V1,IMMIGRATION,32,,20,19,18,cohort_clear_time_after_cutoff_seconds,LOWER_MINUS_2_MIDDLE_PLUS_HIGHER,50,4.06456948458,4.21289850297,0.59579381998,0.95,2.86727697751,5.26186199165,PASS,EXPLORATORY_SENSITIVITY_NOT_CONFIRMATORY
1.0,TASK3_CAPACITY_RESPONSE_SURFACE_EXPLORATORY_V1,IMMIGRATION,32,,20,19,18,security_wait_p95_seconds,LOWER_MINUS_2_MIDDLE_PLUS_HIGHER,50,0,0,0,0.95,0,0,PASS,EXPLORATORY_SENSITIVITY_NOT_CONFIRMATORY
1.0,TASK3_CAPACITY_RESPONSE_SURFACE_EXPLORATORY_V1,IMMIGRATION,32,,20,19,18,immigration_wait_p95_seconds,LOWER_MINUS_2_MIDDLE_PLUS_HIGHER,50,3.49268164686,3.05958183556,0.432690212703,0.95,2.62315811006,4.36220518366,PASS,EXPLORATORY_SENSITIVITY_NOT_CONFIRMATORY
1.0,TASK3_CAPACITY_RESPONSE_SURFACE_EXPLORATORY_V1,IMMIGRATION,32,,19,18,17,total_queue_wait_p95_seconds,LOWER_MINUS_2_MIDDLE_PLUS_HIGHER,50,4.45858664402,2.5829238459,0.365280593345,0.95,3.72452780903,5.19264547901,PASS,EXPLORATORY_SENSITIVITY_NOT_CONFIRMATORY
1.0,TASK3_CAPACITY_RESPONSE_SURFACE_EXPLORATORY_V1,IMMIGRATION,32,,19,18,17,total_queue_wait_mean_seconds,LOWER_MINUS_2_MIDDLE_PLUS_HIGHER,50,2.5518783541,1.35395230122,0.191477770719,0.95,2.1670893676,2.9366673406,PASS,EXPLORATORY_SENSITIVITY_NOT_CONFIRMATORY
1.0,TASK3_CAPACITY_RESPONSE_SURFACE_EXPLORATORY_V1,IMMIGRATION,32,,19,18,17,peak_total_waiting_queue,LOWER_MINUS_2_MIDDLE_PLUS_HIGHER,50,5.82,4.00861317563,0.566903511928,0.95,4.68076474059,6.95923525941,PASS,EXPLORATORY_SENSITIVITY_NOT_CONFIRMATORY
1.0,TASK3_CAPACITY_RESPONSE_SURFACE_EXPLORATORY_V1,IMMIGRATION,32,,19,18,17,time_weighted_mean_total_waiting_queue,LOWER_MINUS_2_MIDDLE_PLUS_HIGHER,50,2.51312728385,1.46456957899,0.207121416165,0.95,2.09690121484,2.92935335285,PASS,EXPLORATORY_SENSITIVITY_NOT_CONFIRMATORY
1.0,TASK3_CAPACITY_RESPONSE_SURFACE_EXPLORATORY_V1,IMMIGRATION,32,,19,18,17,cutoff_backlog,LOWER_MINUS_2_MIDDLE_PLUS_HIGHER,50,6.74,4.62385120868,0.653911308971,0.95,5.42591602621,8.05408397379,PASS,EXPLORATORY_SENSITIVITY_NOT_CONFIRMATORY
1.0,TASK3_CAPACITY_RESPONSE_SURFACE_EXPLORATORY_V1,IMMIGRATION,32,,19,18,17,cohort_clear_time_after_cutoff_seconds,LOWER_MINUS_2_MIDDLE_PLUS_HIGHER,50,5.3362986565,4.34514792835,0.614496713079,0.95,4.1014212786,6.5711760344,PASS,EXPLORATORY_SENSITIVITY_NOT_CONFIRMATORY
1.0,TASK3_CAPACITY_RESPONSE_SURFACE_EXPLORATORY_V1,IMMIGRATION,32,,19,18,17,security_wait_p95_seconds,LOWER_MINUS_2_MIDDLE_PLUS_HIGHER,50,0,0,0,0.95,0,0,PASS,EXPLORATORY_SENSITIVITY_NOT_CONFIRMATORY
1.0,TASK3_CAPACITY_RESPONSE_SURFACE_EXPLORATORY_V1,IMMIGRATION,32,,19,18,17,immigration_wait_p95_seconds,LOWER_MINUS_2_MIDDLE_PLUS_HIGHER,50,4.98454587894,2.38713847231,0.33759236028,0.95,4.30612863148,5.6629631264,PASS,EXPLORATORY_SENSITIVITY_NOT_CONFIRMATORY
1.0,TASK3_CAPACITY_RESPONSE_SURFACE_EXPLORATORY_V1,IMMIGRATION,32,,18,17,16,total_queue_wait_p95_seconds,LOWER_MINUS_2_MIDDLE_PLUS_HIGHER,50,6.06741113012,2.73393463846,0.386636744436,0.95,5.29043550274,6.8443867575,PASS,EXPLORATORY_SENSITIVITY_NOT_CONFIRMATORY
1.0,TASK3_CAPACITY_RESPONSE_SURFACE_EXPLORATORY_V1,IMMIGRATION,32,,18,17,16,total_queue_wait_mean_seconds,LOWER_MINUS_2_MIDDLE_PLUS_HIGHER,50,2.98525658856,1.42491794031,0.201513827645,0.95,2.58029939058,3.39021378654,PASS,EXPLORATORY_SENSITIVITY_NOT_CONFIRMATORY
1.0,TASK3_CAPACITY_RESPONSE_SURFACE_EXPLORATORY_V1,IMMIGRATION,32,,18,17,16,peak_total_waiting_queue,LOWER_MINUS_2_MIDDLE_PLUS_HIGHER,50,7.04,4.80204038266,0.679111063623,0.95,5.67527522328,8.40472477672,PASS,EXPLORATORY_SENSITIVITY_NOT_CONFIRMATORY
1.0,TASK3_CAPACITY_RESPONSE_SURFACE_EXPLORATORY_V1,IMMIGRATION,32,,18,17,16,time_weighted_mean_total_waiting_queue,LOWER_MINUS_2_MIDDLE_PLUS_HIGHER,50,2.45910467453,1.60616383792,0.227145868298,0.95,2.00263796239,2.91557138668,PASS,EXPLORATORY_SENSITIVITY_NOT_CONFIRMATORY
1.0,TASK3_CAPACITY_RESPONSE_SURFACE_EXPLORATORY_V1,IMMIGRATION,32,,18,17,16,cutoff_backlog,LOWER_MINUS_2_MIDDLE_PLUS_HIGHER,50,4.94,4.52841369712,0.64041440665,0.95,3.6530390669,6.2269609331,PASS,EXPLORATORY_SENSITIVITY_NOT_CONFIRMATORY
1.0,TASK3_CAPACITY_RESPONSE_SURFACE_EXPLORATORY_V1,IMMIGRATION,32,,18,17,16,cohort_clear_time_after_cutoff_seconds,LOWER_MINUS_2_MIDDLE_PLUS_HIGHER,50,6.63352809588,4.39218697735,0.621149039184,0.95,5.38528236817,7.88177382359,PASS,EXPLORATORY_SENSITIVITY_NOT_CONFIRMATORY
1.0,TASK3_CAPACITY_RESPONSE_SURFACE_EXPLORATORY_V1,IMMIGRATION,32,,18,17,16,security_wait_p95_seconds,LOWER_MINUS_2_MIDDLE_PLUS_HIGHER,50,0,0,0,0.95,0,0,PASS,EXPLORATORY_SENSITIVITY_NOT_CONFIRMATORY
1.0,TASK3_CAPACITY_RESPONSE_SURFACE_EXPLORATORY_V1,IMMIGRATION,32,,18,17,16,immigration_wait_p95_seconds,LOWER_MINUS_2_MIDDLE_PLUS_HIGHER,50,5.60010304804,2.57957949111,0.364807630154,0.95,4.86699466817,6.33321142791,PASS,EXPLORATORY_SENSITIVITY_NOT_CONFIRMATORY
1.0,TASK3_CAPACITY_RESPONSE_SURFACE_EXPLORATORY_V1,IMMIGRATION,31,,21,20,19,total_queue_wait_p95_seconds,LOWER_MINUS_2_MIDDLE_PLUS_HIGHER,50,0.23494026262,0.20613042751,0.0291512446203,0.95,0.1763586433,0.29352188194,PASS,EXPLORATORY_SENSITIVITY_NOT_CONFIRMATORY
1.0,TASK3_CAPACITY_RESPONSE_SURFACE_EXPLORATORY_V1,IMMIGRATION,31,,21,20,19,total_queue_wait_mean_seconds,LOWER_MINUS_2_MIDDLE_PLUS_HIGHER,50,0.16527137048,0.0743687197732,0.010517325212,0.95,0.144136014173,0.186406726787,PASS,EXPLORATORY_SENSITIVITY_NOT_CONFIRMATORY
1.0,TASK3_CAPACITY_RESPONSE_SURFACE_EXPLORATORY_V1,IMMIGRATION,31,,21,20,19,peak_total_waiting_queue,LOWER_MINUS_2_MIDDLE_PLUS_HIGHER,50,0.22,0.464670170494,0.0657142857143,0.95,0.0879421987029,0.352057801297,PASS,EXPLORATORY_SENSITIVITY_NOT_CONFIRMATORY
1.0,TASK3_CAPACITY_RESPONSE_SURFACE_EXPLORATORY_V1,IMMIGRATION,31,,21,20,19,time_weighted_mean_total_waiting_queue,LOWER_MINUS_2_MIDDLE_PLUS_HIGHER,50,0.201058001377,0.0981434603527,0.0138795812689,0.95,0.173165938557,0.228950064197,PASS,EXPLORATORY_SENSITIVITY_NOT_CONFIRMATORY
1.0,TASK3_CAPACITY_RESPONSE_SURFACE_EXPLORATORY_V1,IMMIGRATION,31,,21,20,19,cutoff_backlog,LOWER_MINUS_2_MIDDLE_PLUS_HIGHER,50,0.18,0.43752550946,0.0618754509363,0.95,0.0556566260122,0.304343373988,PASS,EXPLORATORY_SENSITIVITY_NOT_CONFIRMATORY
1.0,TASK3_CAPACITY_RESPONSE_SURFACE_EXPLORATORY_V1,IMMIGRATION,31,,21,20,19,cohort_clear_time_after_cutoff_seconds,LOWER_MINUS_2_MIDDLE_PLUS_HIGHER,50,0.22943731826,0.512856344504,0.0725288397947,0.95,0.0836851578308,0.375189478689,PASS,EXPLORATORY_SENSITIVITY_NOT_CONFIRMATORY
1.0,TASK3_CAPACITY_RESPONSE_SURFACE_EXPLORATORY_V1,IMMIGRATION,31,,21,20,19,security_wait_p95_seconds,LOWER_MINUS_2_MIDDLE_PLUS_HIGHER,50,0,0,0,0.95,0,0,PASS,EXPLORATORY_SENSITIVITY_NOT_CONFIRMATORY
1.0,TASK3_CAPACITY_RESPONSE_SURFACE_EXPLORATORY_V1,IMMIGRATION,31,,21,20,19,immigration_wait_p95_seconds,LOWER_MINUS_2_MIDDLE_PLUS_HIGHER,50,0.11815820504,0.367421504473,0.0519612474733,0.95,0.0137381688273,0.222578241253,PASS,EXPLORATORY_SENSITIVITY_NOT_CONFIRMATORY
1.0,TASK3_CAPACITY_RESPONSE_SURFACE_EXPLORATORY_V1,IMMIGRATION,31,,20,19,18,total_queue_wait_p95_seconds,LOWER_MINUS_2_MIDDLE_PLUS_HIGHER,50,2.26261697126,1.64918895999,0.233230539414,0.95,1.79392265471,2.73131128781,PASS,EXPLORATORY_SENSITIVITY_NOT_CONFIRMATORY
1.0,TASK3_CAPACITY_RESPONSE_SURFACE_EXPLORATORY_V1,IMMIGRATION,31,,20,19,18,total_queue_wait_mean_seconds,LOWER_MINUS_2_MIDDLE_PLUS_HIGHER,50,1.26199433366,0.958788305247,0.135593142472,0.95,0.989509712223,1.5344789551,PASS,EXPLORATORY_SENSITIVITY_NOT_CONFIRMATORY
1.0,TASK3_CAPACITY_RESPONSE_SURFACE_EXPLORATORY_V1,IMMIGRATION,31,,20,19,18,peak_total_waiting_queue,LOWER_MINUS_2_MIDDLE_PLUS_HIGHER,50,2.22,2.40144514314,0.339615629072,0.95,1.53751684167,2.90248315833,PASS,EXPLORATORY_SENSITIVITY_NOT_CONFIRMATORY
1.0,TASK3_CAPACITY_RESPONSE_SURFACE_EXPLORATORY_V1,IMMIGRATION,31,,20,19,18,time_weighted_mean_total_waiting_queue,LOWER_MINUS_2_MIDDLE_PLUS_HIGHER,50,1.39958884572,1.10585959363,0.156392163539,0.95,1.08530702659,1.71387066485,PASS,EXPLORATORY_SENSITIVITY_NOT_CONFIRMATORY
1.0,TASK3_CAPACITY_RESPONSE_SURFACE_EXPLORATORY_V1,IMMIGRATION,31,,20,19,18,cutoff_backlog,LOWER_MINUS_2_MIDDLE_PLUS_HIGHER,50,2.86,3.02378327698,0.427627531998,0.95,2.00065030098,3.71934969902,PASS,EXPLORATORY_SENSITIVITY_NOT_CONFIRMATORY
1.0,TASK3_CAPACITY_RESPONSE_SURFACE_EXPLORATORY_V1,IMMIGRATION,31,,20,19,18,cohort_clear_time_after_cutoff_seconds,LOWER_MINUS_2_MIDDLE_PLUS_HIGHER,50,2.47867519928,2.30587470384,0.32609992793,0.95,1.82335285928,3.13399753928,PASS,EXPLORATORY_SENSITIVITY_NOT_CONFIRMATORY
1.0,TASK3_CAPACITY_RESPONSE_SURFACE_EXPLORATORY_V1,IMMIGRATION,31,,20,19,18,security_wait_p95_seconds,LOWER_MINUS_2_MIDDLE_PLUS_HIGHER,50,0,0,0,0.95,0,0,PASS,EXPLORATORY_SENSITIVITY_NOT_CONFIRMATORY
1.0,TASK3_CAPACITY_RESPONSE_SURFACE_EXPLORATORY_V1,IMMIGRATION,31,,20,19,18,immigration_wait_p95_seconds,LOWER_MINUS_2_MIDDLE_PLUS_HIGHER,50,1.90550167308,1.65706473677,0.234344342446,0.95,1.43456908554,2.37643426062,PASS,EXPLORATORY_SENSITIVITY_NOT_CONFIRMATORY
1.0,TASK3_CAPACITY_RESPONSE_SURFACE_EXPLORATORY_V1,IMMIGRATION,31,,19,18,17,total_queue_wait_p95_seconds,LOWER_MINUS_2_MIDDLE_PLUS_HIGHER,50,5.78710309546,3.08061933177,0.43566536395,0.95,4.91160076839,6.66260542253,PASS,EXPLORATORY_SENSITIVITY_NOT_CONFIRMATORY
1.0,TASK3_CAPACITY_RESPONSE_SURFACE_EXPLORATORY_V1,IMMIGRATION,31,,19,18,17,total_queue_wait_mean_seconds,LOWER_MINUS_2_MIDDLE_PLUS_HIGHER,50,3.1855925524,1.54675900012,0.218744755569,0.95,2.74600850836,3.62517659644,PASS,EXPLORATORY_SENSITIVITY_NOT_CONFIRMATORY
1.0,TASK3_CAPACITY_RESPONSE_SURFACE_EXPLORATORY_V1,IMMIGRATION,31,,19,18,17,peak_total_waiting_queue,LOWER_MINUS_2_MIDDLE_PLUS_HIGHER,50,6.68,4.10296060355,0.580246253142,0.95,5.51395149825,7.84604850175,PASS,EXPLORATORY_SENSITIVITY_NOT_CONFIRMATORY
1.0,TASK3_CAPACITY_RESPONSE_SURFACE_EXPLORATORY_V1,IMMIGRATION,31,,19,18,17,time_weighted_mean_total_waiting_queue,LOWER_MINUS_2_MIDDLE_PLUS_HIGHER,50,3.21996801108,1.59505564356,0.225574932387,0.95,2.76665821284,3.67327780932,PASS,EXPLORATORY_SENSITIVITY_NOT_CONFIRMATORY
1.0,TASK3_CAPACITY_RESPONSE_SURFACE_EXPLORATORY_V1,IMMIGRATION,31,,19,18,17,cutoff_backlog,LOWER_MINUS_2_MIDDLE_PLUS_HIGHER,50,7.98,4.5512501086,0.643643962933,0.95,6.68654903056,9.27345096944,PASS,EXPLORATORY_SENSITIVITY_NOT_CONFIRMATORY
1.0,TASK3_CAPACITY_RESPONSE_SURFACE_EXPLORATORY_V1,IMMIGRATION,31,,19,18,17,cohort_clear_time_after_cutoff_seconds,LOWER_MINUS_2_MIDDLE_PLUS_HIGHER,50,6.99089388396,4.15353241837,0.587398187781,0.95,5.81047303146,8.17131473646,PASS,EXPLORATORY_SENSITIVITY_NOT_CONFIRMATORY
1.0,TASK3_CAPACITY_RESPONSE_SURFACE_EXPLORATORY_V1,IMMIGRATION,31,,19,18,17,security_wait_p95_seconds,LOWER_MINUS_2_MIDDLE_PLUS_HIGHER,50,0,0,0,0.95,0,0,PASS,EXPLORATORY_SENSITIVITY_NOT_CONFIRMATORY
1.0,TASK3_CAPACITY_RESPONSE_SURFACE_EXPLORATORY_V1,IMMIGRATION,31,,19,18,17,immigration_wait_p95_seconds,LOWER_MINUS_2_MIDDLE_PLUS_HIGHER,50,6.71367528938,3.1464308107,0.444972512556,0.95,5.81946954694,7.60788103182,PASS,EXPLORATORY_SENSITIVITY_NOT_CONFIRMATORY
1.0,TASK3_CAPACITY_RESPONSE_SURFACE_EXPLORATORY_V1,IMMIGRATION,31,,18,17,16,total_queue_wait_p95_seconds,LOWER_MINUS_2_MIDDLE_PLUS_HIGHER,50,6.21951603154,2.71456134983,0.383896947682,0.95,5.44804623187,6.99098583121,PASS,EXPLORATORY_SENSITIVITY_NOT_CONFIRMATORY
1.0,TASK3_CAPACITY_RESPONSE_SURFACE_EXPLORATORY_V1,IMMIGRATION,31,,18,17,16,total_queue_wait_mean_seconds,LOWER_MINUS_2_MIDDLE_PLUS_HIGHER,50,3.06890361232,1.40714883148,0.199000896175,0.95,2.6689963392,3.46881088544,PASS,EXPLORATORY_SENSITIVITY_NOT_CONFIRMATORY
1.0,TASK3_CAPACITY_RESPONSE_SURFACE_EXPLORATORY_V1,IMMIGRATION,31,,18,17,16,peak_total_waiting_queue,LOWER_MINUS_2_MIDDLE_PLUS_HIGHER,50,7.08,4.91079610321,0.694491445121,0.95,5.68436718949,8.47563281051,PASS,EXPLORATORY_SENSITIVITY_NOT_CONFIRMATORY
1.0,TASK3_CAPACITY_RESPONSE_SURFACE_EXPLORATORY_V1,IMMIGRATION,31,,18,17,16,time_weighted_mean_total_waiting_queue,LOWER_MINUS_2_MIDDLE_PLUS_HIGHER,50,2.55860133208,1.57751808056,0.223094746441,0.95,2.1102756541,3.00692701006,PASS,EXPLORATORY_SENSITIVITY_NOT_CONFIRMATORY
1.0,TASK3_CAPACITY_RESPONSE_SURFACE_EXPLORATORY_V1,IMMIGRATION,31,,18,17,16,cutoff_backlog,LOWER_MINUS_2_MIDDLE_PLUS_HIGHER,50,5.24,4.47924920823,0.633461497952,0.95,3.96701146004,6.51298853996,PASS,EXPLORATORY_SENSITIVITY_NOT_CONFIRMATORY
1.0,TASK3_CAPACITY_RESPONSE_SURFACE_EXPLORATORY_V1,IMMIGRATION,31,,18,17,16,cohort_clear_time_after_cutoff_seconds,LOWER_MINUS_2_MIDDLE_PLUS_HIGHER,50,6.81830028336,4.30802725071,0.609247056503,0.95,5.59397248532,8.0426280814,PASS,EXPLORATORY_SENSITIVITY_NOT_CONFIRMATORY
1.0,TASK3_CAPACITY_RESPONSE_SURFACE_EXPLORATORY_V1,IMMIGRATION,31,,18,17,16,security_wait_p95_seconds,LOWER_MINUS_2_MIDDLE_PLUS_HIGHER,50,0,0,0,0.95,0,0,PASS,EXPLORATORY_SENSITIVITY_NOT_CONFIRMATORY
1.0,TASK3_CAPACITY_RESPONSE_SURFACE_EXPLORATORY_V1,IMMIGRATION,31,,18,17,16,immigration_wait_p95_seconds,LOWER_MINUS_2_MIDDLE_PLUS_HIGHER,50,5.72884978168,2.5113379697,0.355156821645,0.95,5.0151354276,6.44256413576,PASS,EXPLORATORY_SENSITIVITY_NOT_CONFIRMATORY
1.0,TASK3_CAPACITY_RESPONSE_SURFACE_EXPLORATORY_V1,IMMIGRATION,30,,21,20,19,total_queue_wait_p95_seconds,LOWER_MINUS_2_MIDDLE_PLUS_HIGHER,50,0.1162600553,0.198703343295,0.0281008962976,0.95,0.0597891899591,0.172730920641,PASS,EXPLORATORY_SENSITIVITY_NOT_CONFIRMATORY
1.0,TASK3_CAPACITY_RESPONSE_SURFACE_EXPLORATORY_V1,IMMIGRATION,30,,21,20,19,total_queue_wait_mean_seconds,LOWER_MINUS_2_MIDDLE_PLUS_HIGHER,50,0.10399426666,0.0432024356087,0.00610974703654,0.95,0.0917162703103,0.11627226301,PASS,EXPLORATORY_SENSITIVITY_NOT_CONFIRMATORY
1.0,TASK3_CAPACITY_RESPONSE_SURFACE_EXPLORATORY_V1,IMMIGRATION,30,,21,20,19,peak_total_waiting_queue,LOWER_MINUS_2_MIDDLE_PLUS_HIGHER,50,0.12,0.328260722659,0.0464230765979,0.95,0.0267093348375,0.213290665163,PASS,EXPLORATORY_SENSITIVITY_NOT_CONFIRMATORY
1.0,TASK3_CAPACITY_RESPONSE_SURFACE_EXPLORATORY_V1,IMMIGRATION,30,,21,20,19,time_weighted_mean_total_waiting_queue,LOWER_MINUS_2_MIDDLE_PLUS_HIGHER,50,0.126372501265,0.0558264717283,0.00789505534576,0.95,0.110506793547,0.142238208984,PASS,EXPLORATORY_SENSITIVITY_NOT_CONFIRMATORY
1.0,TASK3_CAPACITY_RESPONSE_SURFACE_EXPLORATORY_V1,IMMIGRATION,30,,21,20,19,cutoff_backlog,LOWER_MINUS_2_MIDDLE_PLUS_HIGHER,50,0.14,0.452205479753,0.0639515122446,0.95,0.0114846246163,0.268515375384,PASS,EXPLORATORY_SENSITIVITY_NOT_CONFIRMATORY
1.0,TASK3_CAPACITY_RESPONSE_SURFACE_EXPLORATORY_V1,IMMIGRATION,30,,21,20,19,cohort_clear_time_after_cutoff_seconds,LOWER_MINUS_2_MIDDLE_PLUS_HIGHER,50,0.0993755902,0.40648763485,0.0574860326142,0.95,-0.0161469174223,0.214898097822,PASS,EXPLORATORY_SENSITIVITY_NOT_CONFIRMATORY
1.0,TASK3_CAPACITY_RESPONSE_SURFACE_EXPLORATORY_V1,IMMIGRATION,30,,21,20,19,security_wait_p95_seconds,LOWER_MINUS_2_MIDDLE_PLUS_HIGHER,50,0,0,0,0.95,0,0,PASS,EXPLORATORY_SENSITIVITY_NOT_CONFIRMATORY
1.0,TASK3_CAPACITY_RESPONSE_SURFACE_EXPLORATORY_V1,IMMIGRATION,30,,21,20,19,immigration_wait_p95_seconds,LOWER_MINUS_2_MIDDLE_PLUS_HIGHER,50,0.23807436756,0.574036785566,0.0811810607448,0.95,0.0749349181634,0.401213816957,PASS,EXPLORATORY_SENSITIVITY_NOT_CONFIRMATORY
1.0,TASK3_CAPACITY_RESPONSE_SURFACE_EXPLORATORY_V1,IMMIGRATION,30,,20,19,18,total_queue_wait_p95_seconds,LOWER_MINUS_2_MIDDLE_PLUS_HIGHER,50,0.46480433046,0.305404450925,0.0431907116507,0.95,0.378009345853,0.551599315067,PASS,EXPLORATORY_SENSITIVITY_NOT_CONFIRMATORY
1.0,TASK3_CAPACITY_RESPONSE_SURFACE_EXPLORATORY_V1,IMMIGRATION,30,,20,19,18,total_queue_wait_mean_seconds,LOWER_MINUS_2_MIDDLE_PLUS_HIGHER,50,0.33768219512,0.119256618613,0.0168654327445,0.95,0.303789839113,0.371574551127,PASS,EXPLORATORY_SENSITIVITY_NOT_CONFIRMATORY
1.0,TASK3_CAPACITY_RESPONSE_SURFACE_EXPLORATORY_V1,IMMIGRATION,30,,20,19,18,peak_total_waiting_queue,LOWER_MINUS_2_MIDDLE_PLUS_HIGHER,50,0.36,0.562791874388,0.0795907901553,0.95,0.200056319,0.519943681,PASS,EXPLORATORY_SENSITIVITY_NOT_CONFIRMATORY
1.0,TASK3_CAPACITY_RESPONSE_SURFACE_EXPLORATORY_V1,IMMIGRATION,30,,20,19,18,time_weighted_mean_total_waiting_queue,LOWER_MINUS_2_MIDDLE_PLUS_HIGHER,50,0.404930659138,0.154598898409,0.0218635858857,0.95,0.360994138348,0.448867179929,PASS,EXPLORATORY_SENSITIVITY_NOT_CONFIRMATORY
1.0,TASK3_CAPACITY_RESPONSE_SURFACE_EXPLORATORY_V1,IMMIGRATION,30,,20,19,18,cutoff_backlog,LOWER_MINUS_2_MIDDLE_PLUS_HIGHER,50,0.5,0.788954358371,0.11157499537,0.95,0.275781652221,0.724218347779,PASS,EXPLORATORY_SENSITIVITY_NOT_CONFIRMATORY
1.0,TASK3_CAPACITY_RESPONSE_SURFACE_EXPLORATORY_V1,IMMIGRATION,30,,20,19,18,cohort_clear_time_after_cutoff_seconds,LOWER_MINUS_2_MIDDLE_PLUS_HIGHER,50,0.38727278146,0.710979117717,0.100547631084,0.95,0.185214751882,0.589330811038,PASS,EXPLORATORY_SENSITIVITY_NOT_CONFIRMATORY
1.0,TASK3_CAPACITY_RESPONSE_SURFACE_EXPLORATORY_V1,IMMIGRATION,30,,20,19,18,security_wait_p95_seconds,LOWER_MINUS_2_MIDDLE_PLUS_HIGHER,50,0,0,0,0.95,0,0,PASS,EXPLORATORY_SENSITIVITY_NOT_CONFIRMATORY
1.0,TASK3_CAPACITY_RESPONSE_SURFACE_EXPLORATORY_V1,IMMIGRATION,30,,20,19,18,immigration_wait_p95_seconds,LOWER_MINUS_2_MIDDLE_PLUS_HIGHER,50,0.23161839358,0.629123065572,0.0889714371733,0.95,0.0528235966247,0.410413190535,PASS,EXPLORATORY_SENSITIVITY_NOT_CONFIRMATORY
1.0,TASK3_CAPACITY_RESPONSE_SURFACE_EXPLORATORY_V1,IMMIGRATION,30,,19,18,17,total_queue_wait_p95_seconds,LOWER_MINUS_2_MIDDLE_PLUS_HIGHER,50,6.86476153502,3.707614372,0.524335852893,0.95,5.81106918911,7.91845388093,PASS,EXPLORATORY_SENSITIVITY_NOT_CONFIRMATORY
1.0,TASK3_CAPACITY_RESPONSE_SURFACE_EXPLORATORY_V1,IMMIGRATION,30,,19,18,17,total_queue_wait_mean_seconds,LOWER_MINUS_2_MIDDLE_PLUS_HIGHER,50,3.69334696842,1.94781202316,0.27546221801,0.95,3.13978491634,4.2469090205,PASS,EXPLORATORY_SENSITIVITY_NOT_CONFIRMATORY
1.0,TASK3_CAPACITY_RESPONSE_SURFACE_EXPLORATORY_V1,IMMIGRATION,30,,19,18,17,peak_total_waiting_queue,LOWER_MINUS_2_MIDDLE_PLUS_HIGHER,50,7.78,4.90435042194,0.693579888134,0.95,6.38619903183,9.17380096817,PASS,EXPLORATORY_SENSITIVITY_NOT_CONFIRMATORY
1.0,TASK3_CAPACITY_RESPONSE_SURFACE_EXPLORATORY_V1,IMMIGRATION,30,,19,18,17,time_weighted_mean_total_waiting_queue,LOWER_MINUS_2_MIDDLE_PLUS_HIGHER,50,3.76696073071,2.02745040237,0.286724785607,0.95,3.19076570168,4.34315575974,PASS,EXPLORATORY_SENSITIVITY_NOT_CONFIRMATORY
1.0,TASK3_CAPACITY_RESPONSE_SURFACE_EXPLORATORY_V1,IMMIGRATION,30,,19,18,17,cutoff_backlog,LOWER_MINUS_2_MIDDLE_PLUS_HIGHER,50,9.16,5.36945252406,0.759355258205,0.95,7.63401847693,10.6859815231,PASS,EXPLORATORY_SENSITIVITY_NOT_CONFIRMATORY
1.0,TASK3_CAPACITY_RESPONSE_SURFACE_EXPLORATORY_V1,IMMIGRATION,30,,19,18,17,cohort_clear_time_after_cutoff_seconds,LOWER_MINUS_2_MIDDLE_PLUS_HIGHER,50,8.3877223084,4.89573259005,0.692361142661,0.95,6.99637050096,9.77907411584,PASS,EXPLORATORY_SENSITIVITY_NOT_CONFIRMATORY
1.0,TASK3_CAPACITY_RESPONSE_SURFACE_EXPLORATORY_V1,IMMIGRATION,30,,19,18,17,security_wait_p95_seconds,LOWER_MINUS_2_MIDDLE_PLUS_HIGHER,50,0,0,0,0.95,0,0,PASS,EXPLORATORY_SENSITIVITY_NOT_CONFIRMATORY
1.0,TASK3_CAPACITY_RESPONSE_SURFACE_EXPLORATORY_V1,IMMIGRATION,30,,19,18,17,immigration_wait_p95_seconds,LOWER_MINUS_2_MIDDLE_PLUS_HIGHER,50,6.78538955356,3.58593395001,0.507127642588,0.95,5.76627840095,7.80450070617,PASS,EXPLORATORY_SENSITIVITY_NOT_CONFIRMATORY
1.0,TASK3_CAPACITY_RESPONSE_SURFACE_EXPLORATORY_V1,IMMIGRATION,30,,18,17,16,total_queue_wait_p95_seconds,LOWER_MINUS_2_MIDDLE_PLUS_HIGHER,50,7.02894144758,2.66488443486,0.376871570993,0.95,6.27158967093,7.78629322423,PASS,EXPLORATORY_SENSITIVITY_NOT_CONFIRMATORY
1.0,TASK3_CAPACITY_RESPONSE_SURFACE_EXPLORATORY_V1,IMMIGRATION,30,,18,17,16,total_queue_wait_mean_seconds,LOWER_MINUS_2_MIDDLE_PLUS_HIGHER,50,3.5160139949,1.28622042813,0.181899037367,0.95,3.15047419375,3.88155379605,PASS,EXPLORATORY_SENSITIVITY_NOT_CONFIRMATORY
1.0,TASK3_CAPACITY_RESPONSE_SURFACE_EXPLORATORY_V1,IMMIGRATION,30,,18,17,16,peak_total_waiting_queue,LOWER_MINUS_2_MIDDLE_PLUS_HIGHER,50,7.46,4.31991118578,0.610927698718,0.95,6.23229482498,8.68770517502,PASS,EXPLORATORY_SENSITIVITY_NOT_CONFIRMATORY
1.0,TASK3_CAPACITY_RESPONSE_SURFACE_EXPLORATORY_V1,IMMIGRATION,30,,18,17,16,time_weighted_mean_total_waiting_queue,LOWER_MINUS_2_MIDDLE_PLUS_HIGHER,50,3.04398465592,1.39722189613,0.197597015516,0.95,2.64689858661,3.44107072523,PASS,EXPLORATORY_SENSITIVITY_NOT_CONFIRMATORY
1.0,TASK3_CAPACITY_RESPONSE_SURFACE_EXPLORATORY_V1,IMMIGRATION,30,,18,17,16,cutoff_backlog,LOWER_MINUS_2_MIDDLE_PLUS_HIGHER,50,6.26,4.26571524256,0.603263234925,0.95,5.04769714162,7.47230285838,PASS,EXPLORATORY_SENSITIVITY_NOT_CONFIRMATORY
1.0,TASK3_CAPACITY_RESPONSE_SURFACE_EXPLORATORY_V1,IMMIGRATION,30,,18,17,16,cohort_clear_time_after_cutoff_seconds,LOWER_MINUS_2_MIDDLE_PLUS_HIGHER,50,7.6186218844,3.87976964266,0.548682284753,0.95,6.51600355191,8.72124021689,PASS,EXPLORATORY_SENSITIVITY_NOT_CONFIRMATORY
1.0,TASK3_CAPACITY_RESPONSE_SURFACE_EXPLORATORY_V1,IMMIGRATION,30,,18,17,16,security_wait_p95_seconds,LOWER_MINUS_2_MIDDLE_PLUS_HIGHER,50,0,0,0,0.95,0,0,PASS,EXPLORATORY_SENSITIVITY_NOT_CONFIRMATORY
1.0,TASK3_CAPACITY_RESPONSE_SURFACE_EXPLORATORY_V1,IMMIGRATION,30,,18,17,16,immigration_wait_p95_seconds,LOWER_MINUS_2_MIDDLE_PLUS_HIGHER,50,7.34587655916,2.29806297601,0.324995182787,0.95,6.69277428765,7.99897883067,PASS,EXPLORATORY_SENSITIVITY_NOT_CONFIRMATORY
1.0,TASK3_CAPACITY_RESPONSE_SURFACE_EXPLORATORY_V1,IMMIGRATION,29,,21,20,19,total_queue_wait_p95_seconds,LOWER_MINUS_2_MIDDLE_PLUS_HIGHER,50,0.02241455062,0.11563499338,0.0163532575923,0.95,-0.0104485508838,0.0552776521238,PASS,EXPLORATORY_SENSITIVITY_NOT_CONFIRMATORY
1.0,TASK3_CAPACITY_RESPONSE_SURFACE_EXPLORATORY_V1,IMMIGRATION,29,,21,20,19,total_queue_wait_mean_seconds,LOWER_MINUS_2_MIDDLE_PLUS_HIGHER,50,0.06816440164,0.0371474161541,0.00525343797322,0.95,0.0576072227792,0.0787215805008,PASS,EXPLORATORY_SENSITIVITY_NOT_CONFIRMATORY
1.0,TASK3_CAPACITY_RESPONSE_SURFACE_EXPLORATORY_V1,IMMIGRATION,29,,21,20,19,peak_total_waiting_queue,LOWER_MINUS_2_MIDDLE_PLUS_HIGHER,50,0.06,0.239897937482,0.0339266916773,0.95,-0.00817823947232,0.128178239472,PASS,EXPLORATORY_SENSITIVITY_NOT_CONFIRMATORY
1.0,TASK3_CAPACITY_RESPONSE_SURFACE_EXPLORATORY_V1,IMMIGRATION,29,,21,20,19,time_weighted_mean_total_waiting_queue,LOWER_MINUS_2_MIDDLE_PLUS_HIGHER,50,0.0827758132661,0.0458567279415,0.00648512065809,0.95,0.0697434753818,0.0958081511504,PASS,EXPLORATORY_SENSITIVITY_NOT_CONFIRMATORY
1.0,TASK3_CAPACITY_RESPONSE_SURFACE_EXPLORATORY_V1,IMMIGRATION,29,,21,20,19,cutoff_backlog,LOWER_MINUS_2_MIDDLE_PLUS_HIGHER,50,0.1,0.303045763366,0.0428571428571,0.95,0.0138753469802,0.18612465302,PASS,EXPLORATORY_SENSITIVITY_NOT_CONFIRMATORY
1.0,TASK3_CAPACITY_RESPONSE_SURFACE_EXPLORATORY_V1,IMMIGRATION,29,,21,20,19,cohort_clear_time_after_cutoff_seconds,LOWER_MINUS_2_MIDDLE_PLUS_HIGHER,50,0.01685116912,0.103084323611,0.0145783248519,0.95,-0.0124450715012,0.0461474097412,PASS,EXPLORATORY_SENSITIVITY_NOT_CONFIRMATORY
1.0,TASK3_CAPACITY_RESPONSE_SURFACE_EXPLORATORY_V1,IMMIGRATION,29,,21,20,19,security_wait_p95_seconds,LOWER_MINUS_2_MIDDLE_PLUS_HIGHER,50,0,0,0,0.95,0,0,PASS,EXPLORATORY_SENSITIVITY_NOT_CONFIRMATORY
1.0,TASK3_CAPACITY_RESPONSE_SURFACE_EXPLORATORY_V1,IMMIGRATION,29,,21,20,19,immigration_wait_p95_seconds,LOWER_MINUS_2_MIDDLE_PLUS_HIGHER,50,0.30439145542,0.563323885085,0.0796660278296,0.95,0.144296578653,0.464486332187,PASS,EXPLORATORY_SENSITIVITY_NOT_CONFIRMATORY
1.0,TASK3_CAPACITY_RESPONSE_SURFACE_EXPLORATORY_V1,IMMIGRATION,29,,20,19,18,total_queue_wait_p95_seconds,LOWER_MINUS_2_MIDDLE_PLUS_HIGHER,50,0.21557399786,0.223643129172,0.0316279146406,0.95,0.152015323796,0.279132671924,PASS,EXPLORATORY_SENSITIVITY_NOT_CONFIRMATORY
1.0,TASK3_CAPACITY_RESPONSE_SURFACE_EXPLORATORY_V1,IMMIGRATION,29,,20,19,18,total_queue_wait_mean_seconds,LOWER_MINUS_2_MIDDLE_PLUS_HIGHER,50,0.17827993752,0.0925111453025,0.0130830516357,0.95,0.151988560927,0.204571314113,PASS,EXPLORATORY_SENSITIVITY_NOT_CONFIRMATORY
1.0,TASK3_CAPACITY_RESPONSE_SURFACE_EXPLORATORY_V1,IMMIGRATION,29,,20,19,18,peak_total_waiting_queue,LOWER_MINUS_2_MIDDLE_PLUS_HIGHER,50,0.16,0.370328039909,0.0523722936566,0.95,0.054753935556,0.265246064444,PASS,EXPLORATORY_SENSITIVITY_NOT_CONFIRMATORY
1.0,TASK3_CAPACITY_RESPONSE_SURFACE_EXPLORATORY_V1,IMMIGRATION,29,,20,19,18,time_weighted_mean_total_waiting_queue,LOWER_MINUS_2_MIDDLE_PLUS_HIGHER,50,0.213082792961,0.114428646217,0.0161826543404,0.95,0.180562531528,0.245603054395,PASS,EXPLORATORY_SENSITIVITY_NOT_CONFIRMATORY
1.0,TASK3_CAPACITY_RESPONSE_SURFACE_EXPLORATORY_V1,IMMIGRATION,29,,20,19,18,cutoff_backlog,LOWER_MINUS_2_MIDDLE_PLUS_HIGHER,50,0.26,0.564602081296,0.0798467920713,0.95,0.0995418638893,0.420458136111,PASS,EXPLORATORY_SENSITIVITY_NOT_CONFIRMATORY
1.0,TASK3_CAPACITY_RESPONSE_SURFACE_EXPLORATORY_V1,IMMIGRATION,29,,20,19,18,cohort_clear_time_after_cutoff_seconds,LOWER_MINUS_2_MIDDLE_PLUS_HIGHER,50,0.23199224064,0.443081858904,0.0626612374104,0.95,0.106069769612,0.357914711668,PASS,EXPLORATORY_SENSITIVITY_NOT_CONFIRMATORY
1.0,TASK3_CAPACITY_RESPONSE_SURFACE_EXPLORATORY_V1,IMMIGRATION,29,,20,19,18,security_wait_p95_seconds,LOWER_MINUS_2_MIDDLE_PLUS_HIGHER,50,0,0,0,0.95,0,0,PASS,EXPLORATORY_SENSITIVITY_NOT_CONFIRMATORY
1.0,TASK3_CAPACITY_RESPONSE_SURFACE_EXPLORATORY_V1,IMMIGRATION,29,,20,19,18,immigration_wait_p95_seconds,LOWER_MINUS_2_MIDDLE_PLUS_HIGHER,50,0.11652296632,0.670709217849,0.0948526072291,0.95,-0.0740904843448,0.307136416985,PASS,EXPLORATORY_SENSITIVITY_NOT_CONFIRMATORY
1.0,TASK3_CAPACITY_RESPONSE_SURFACE_EXPLORATORY_V1,IMMIGRATION,29,,19,18,17,total_queue_wait_p95_seconds,LOWER_MINUS_2_MIDDLE_PLUS_HIGHER,50,3.21364518884,1.32178634496,0.186928817561,0.95,2.83799766596,3.58929271172,PASS,EXPLORATORY_SENSITIVITY_NOT_CONFIRMATORY
1.0,TASK3_CAPACITY_RESPONSE_SURFACE_EXPLORATORY_V1,IMMIGRATION,29,,19,18,17,total_queue_wait_mean_seconds,LOWER_MINUS_2_MIDDLE_PLUS_HIGHER,50,1.80023250838,0.727821165469,0.102929456319,0.95,1.59338802179,2.00707699497,PASS,EXPLORATORY_SENSITIVITY_NOT_CONFIRMATORY
1.0,TASK3_CAPACITY_RESPONSE_SURFACE_EXPLORATORY_V1,IMMIGRATION,29,,19,18,17,peak_total_waiting_queue,LOWER_MINUS_2_MIDDLE_PLUS_HIGHER,50,3.38,1.86142363775,0.263245055383,0.95,2.85098925541,3.90901074459,PASS,EXPLORATORY_SENSITIVITY_NOT_CONFIRMATORY
1.0,TASK3_CAPACITY_RESPONSE_SURFACE_EXPLORATORY_V1,IMMIGRATION,29,,19,18,17,time_weighted_mean_total_waiting_queue,LOWER_MINUS_2_MIDDLE_PLUS_HIGHER,50,1.86556987835,0.772754780787,0.109284029138,0.95,1.64595539958,2.08518435712,PASS,EXPLORATORY_SENSITIVITY_NOT_CONFIRMATORY
1.0,TASK3_CAPACITY_RESPONSE_SURFACE_EXPLORATORY_V1,IMMIGRATION,29,,19,18,17,cutoff_backlog,LOWER_MINUS_2_MIDDLE_PLUS_HIGHER,50,4.42,2.11978050462,0.299782233888,0.95,3.81756504625,5.02243495375,PASS,EXPLORATORY_SENSITIVITY_NOT_CONFIRMATORY
1.0,TASK3_CAPACITY_RESPONSE_SURFACE_EXPLORATORY_V1,IMMIGRATION,29,,19,18,17,cohort_clear_time_after_cutoff_seconds,LOWER_MINUS_2_MIDDLE_PLUS_HIGHER,50,3.71200151254,1.95714170877,0.276781634802,0.95,3.15578799315,4.26821503193,PASS,EXPLORATORY_SENSITIVITY_NOT_CONFIRMATORY
1.0,TASK3_CAPACITY_RESPONSE_SURFACE_EXPLORATORY_V1,IMMIGRATION,29,,19,18,17,security_wait_p95_seconds,LOWER_MINUS_2_MIDDLE_PLUS_HIGHER,50,0,0,0,0.95,0,0,PASS,EXPLORATORY_SENSITIVITY_NOT_CONFIRMATORY
1.0,TASK3_CAPACITY_RESPONSE_SURFACE_EXPLORATORY_V1,IMMIGRATION,29,,19,18,17,immigration_wait_p95_seconds,LOWER_MINUS_2_MIDDLE_PLUS_HIGHER,50,2.32851890798,1.30658336383,0.18477879135,0.95,1.95719202454,2.69984579142,PASS,EXPLORATORY_SENSITIVITY_NOT_CONFIRMATORY
1.0,TASK3_CAPACITY_RESPONSE_SURFACE_EXPLORATORY_V1,IMMIGRATION,29,,18,17,16,total_queue_wait_p95_seconds,LOWER_MINUS_2_MIDDLE_PLUS_HIGHER,50,10.8330138389,3.14760080811,0.445137975177,0.95,9.9384755869,11.7275520909,PASS,EXPLORATORY_SENSITIVITY_NOT_CONFIRMATORY
1.0,TASK3_CAPACITY_RESPONSE_SURFACE_EXPLORATORY_V1,IMMIGRATION,29,,18,17,16,total_queue_wait_mean_seconds,LOWER_MINUS_2_MIDDLE_PLUS_HIGHER,50,5.41420725514,1.48702223443,0.210296701148,0.95,4.99160021206,5.83681429822,PASS,EXPLORATORY_SENSITIVITY_NOT_CONFIRMATORY
1.0,TASK3_CAPACITY_RESPONSE_SURFACE_EXPLORATORY_V1,IMMIGRATION,29,,18,17,16,peak_total_waiting_queue,LOWER_MINUS_2_MIDDLE_PLUS_HIGHER,50,11.68,3.77661980385,0.534094694654,0.95,10.6066965273,12.7533034727,PASS,EXPLORATORY_SENSITIVITY_NOT_CONFIRMATORY
1.0,TASK3_CAPACITY_RESPONSE_SURFACE_EXPLORATORY_V1,IMMIGRATION,29,,18,17,16,time_weighted_mean_total_waiting_queue,LOWER_MINUS_2_MIDDLE_PLUS_HIGHER,50,4.95744958052,1.40937250199,0.199315370675,0.95,4.55691034723,5.3579888138,PASS,EXPLORATORY_SENSITIVITY_NOT_CONFIRMATORY
1.0,TASK3_CAPACITY_RESPONSE_SURFACE_EXPLORATORY_V1,IMMIGRATION,29,,18,17,16,cutoff_backlog,LOWER_MINUS_2_MIDDLE_PLUS_HIGHER,50,11,3.7525501533,0.530690732029,0.95,9.93353704634,12.0664629537,PASS,EXPLORATORY_SENSITIVITY_NOT_CONFIRMATORY
1.0,TASK3_CAPACITY_RESPONSE_SURFACE_EXPLORATORY_V1,IMMIGRATION,29,,18,17,16,cohort_clear_time_after_cutoff_seconds,LOWER_MINUS_2_MIDDLE_PLUS_HIGHER,50,12.3052197003,3.41249830483,0.482600138426,0.95,11.3353984127,13.2750409879,PASS,EXPLORATORY_SENSITIVITY_NOT_CONFIRMATORY
1.0,TASK3_CAPACITY_RESPONSE_SURFACE_EXPLORATORY_V1,IMMIGRATION,29,,18,17,16,security_wait_p95_seconds,LOWER_MINUS_2_MIDDLE_PLUS_HIGHER,50,0,0,0,0.95,0,0,PASS,EXPLORATORY_SENSITIVITY_NOT_CONFIRMATORY
1.0,TASK3_CAPACITY_RESPONSE_SURFACE_EXPLORATORY_V1,IMMIGRATION,29,,18,17,16,immigration_wait_p95_seconds,LOWER_MINUS_2_MIDDLE_PLUS_HIGHER,50,11.5154657636,2.96867559274,0.419834128554,0.95,10.6717774952,12.3591540321,PASS,EXPLORATORY_SENSITIVITY_NOT_CONFIRMATORY
1.0,TASK3_CAPACITY_RESPONSE_SURFACE_EXPLORATORY_V1,IMMIGRATION,28,,21,20,19,total_queue_wait_p95_seconds,LOWER_MINUS_2_MIDDLE_PLUS_HIGHER,50,0.02168668442,0.103500262922,0.0146371475533,0.95,-0.00772776484539,0.0511011336854,PASS,EXPLORATORY_SENSITIVITY_NOT_CONFIRMATORY
1.0,TASK3_CAPACITY_RESPONSE_SURFACE_EXPLORATORY_V1,IMMIGRATION,28,,21,20,19,total_queue_wait_mean_seconds,LOWER_MINUS_2_MIDDLE_PLUS_HIGHER,50,0.05284881002,0.0348238305737,0.00492483334912,0.95,0.0429519868746,0.0627456331654,PASS,EXPLORATORY_SENSITIVITY_NOT_CONFIRMATORY
1.0,TASK3_CAPACITY_RESPONSE_SURFACE_EXPLORATORY_V1,IMMIGRATION,28,,21,20,19,peak_total_waiting_queue,LOWER_MINUS_2_MIDDLE_PLUS_HIGHER,50,0.04,0.197948663722,0.027994168489,0.95,-0.0162563877794,0.0962563877794,PASS,EXPLORATORY_SENSITIVITY_NOT_CONFIRMATORY
1.0,TASK3_CAPACITY_RESPONSE_SURFACE_EXPLORATORY_V1,IMMIGRATION,28,,21,20,19,time_weighted_mean_total_waiting_queue,LOWER_MINUS_2_MIDDLE_PLUS_HIGHER,50,0.0619098604019,0.0416238036729,0.00588649476718,0.95,0.0500805062843,0.0737392145195,PASS,EXPLORATORY_SENSITIVITY_NOT_CONFIRMATORY
1.0,TASK3_CAPACITY_RESPONSE_SURFACE_EXPLORATORY_V1,IMMIGRATION,28,,21,20,19,cutoff_backlog,LOWER_MINUS_2_MIDDLE_PLUS_HIGHER,50,0.02,0.141421356237,0.02,0.95,-0.0201915047426,0.0601915047426,PASS,EXPLORATORY_SENSITIVITY_NOT_CONFIRMATORY
1.0,TASK3_CAPACITY_RESPONSE_SURFACE_EXPLORATORY_V1,IMMIGRATION,28,,21,20,19,cohort_clear_time_after_cutoff_seconds,LOWER_MINUS_2_MIDDLE_PLUS_HIGHER,50,0.08958071792,0.279861734058,0.0395784259894,0.95,0.0100448931272,0.169116542713,PASS,EXPLORATORY_SENSITIVITY_NOT_CONFIRMATORY
1.0,TASK3_CAPACITY_RESPONSE_SURFACE_EXPLORATORY_V1,IMMIGRATION,28,,21,20,19,security_wait_p95_seconds,LOWER_MINUS_2_MIDDLE_PLUS_HIGHER,50,0,0,0,0.95,0,0,PASS,EXPLORATORY_SENSITIVITY_NOT_CONFIRMATORY
1.0,TASK3_CAPACITY_RESPONSE_SURFACE_EXPLORATORY_V1,IMMIGRATION,28,,21,20,19,immigration_wait_p95_seconds,LOWER_MINUS_2_MIDDLE_PLUS_HIGHER,50,0.25666523948,0.579121585585,0.0819001600597,0.95,0.092080705907,0.421249773053,PASS,EXPLORATORY_SENSITIVITY_NOT_CONFIRMATORY
1.0,TASK3_CAPACITY_RESPONSE_SURFACE_EXPLORATORY_V1,IMMIGRATION,28,,20,19,18,total_queue_wait_p95_seconds,LOWER_MINUS_2_MIDDLE_PLUS_HIGHER,50,0.12881571466,0.173385625467,0.0245204303056,0.95,0.079540065114,0.178091364206,PASS,EXPLORATORY_SENSITIVITY_NOT_CONFIRMATORY
1.0,TASK3_CAPACITY_RESPONSE_SURFACE_EXPLORATORY_V1,IMMIGRATION,28,,20,19,18,total_queue_wait_mean_seconds,LOWER_MINUS_2_MIDDLE_PLUS_HIGHER,50,0.10807679544,0.0642987708321,0.00909321937546,0.95,0.0898032869573,0.126350303923,PASS,EXPLORATORY_SENSITIVITY_NOT_CONFIRMATORY
1.0,TASK3_CAPACITY_RESPONSE_SURFACE_EXPLORATORY_V1,IMMIGRATION,28,,20,19,18,peak_total_waiting_queue,LOWER_MINUS_2_MIDDLE_PLUS_HIGHER,50,0.06,0.239897937482,0.0339266916773,0.95,-0.00817823947232,0.128178239472,PASS,EXPLORATORY_SENSITIVITY_NOT_CONFIRMATORY
1.0,TASK3_CAPACITY_RESPONSE_SURFACE_EXPLORATORY_V1,IMMIGRATION,28,,20,19,18,time_weighted_mean_total_waiting_queue,LOWER_MINUS_2_MIDDLE_PLUS_HIGHER,50,0.125872613014,0.0751920985348,0.0106337685531,0.95,0.104503255052,0.147241970975,PASS,EXPLORATORY_SENSITIVITY_NOT_CONFIRMATORY
1.0,TASK3_CAPACITY_RESPONSE_SURFACE_EXPLORATORY_V1,IMMIGRATION,28,,20,19,18,cutoff_backlog,LOWER_MINUS_2_MIDDLE_PLUS_HIGHER,50,0.16,0.421852087435,0.0596588943366,0.95,0.0401109632666,0.279889036733,PASS,EXPLORATORY_SENSITIVITY_NOT_CONFIRMATORY
1.0,TASK3_CAPACITY_RESPONSE_SURFACE_EXPLORATORY_V1,IMMIGRATION,28,,20,19,18,cohort_clear_time_after_cutoff_seconds,LOWER_MINUS_2_MIDDLE_PLUS_HIGHER,50,0.23943828522,0.720145207954,0.101843911997,0.95,0.0347752816192,0.444101288821,PASS,EXPLORATORY_SENSITIVITY_NOT_CONFIRMATORY
1.0,TASK3_CAPACITY_RESPONSE_SURFACE_EXPLORATORY_V1,IMMIGRATION,28,,20,19,18,security_wait_p95_seconds,LOWER_MINUS_2_MIDDLE_PLUS_HIGHER,50,0,0,0,0.95,0,0,PASS,EXPLORATORY_SENSITIVITY_NOT_CONFIRMATORY
1.0,TASK3_CAPACITY_RESPONSE_SURFACE_EXPLORATORY_V1,IMMIGRATION,28,,20,19,18,immigration_wait_p95_seconds,LOWER_MINUS_2_MIDDLE_PLUS_HIGHER,50,0.20402528982,0.71705427588,0.101406788191,0.95,0.000240719395235,0.407809860245,PASS,EXPLORATORY_SENSITIVITY_NOT_CONFIRMATORY
1.0,TASK3_CAPACITY_RESPONSE_SURFACE_EXPLORATORY_V1,IMMIGRATION,28,,19,18,17,total_queue_wait_p95_seconds,LOWER_MINUS_2_MIDDLE_PLUS_HIGHER,50,0.4404193625,0.427955982837,0.0605221155027,0.95,0.318795617887,0.562043107113,PASS,EXPLORATORY_SENSITIVITY_NOT_CONFIRMATORY
1.0,TASK3_CAPACITY_RESPONSE_SURFACE_EXPLORATORY_V1,IMMIGRATION,28,,19,18,17,total_queue_wait_mean_seconds,LOWER_MINUS_2_MIDDLE_PLUS_HIGHER,50,0.36740284916,0.155746993151,0.0220259510013,0.95,0.323140043453,0.411665654867,PASS,EXPLORATORY_SENSITIVITY_NOT_CONFIRMATORY
1.0,TASK3_CAPACITY_RESPONSE_SURFACE_EXPLORATORY_V1,IMMIGRATION,28,,19,18,17,peak_total_waiting_queue,LOWER_MINUS_2_MIDDLE_PLUS_HIGHER,50,0.38,0.63535302737,0.0898524868201,0.95,0.199434667492,0.560565332508,PASS,EXPLORATORY_SENSITIVITY_NOT_CONFIRMATORY
1.0,TASK3_CAPACITY_RESPONSE_SURFACE_EXPLORATORY_V1,IMMIGRATION,28,,19,18,17,time_weighted_mean_total_waiting_queue,LOWER_MINUS_2_MIDDLE_PLUS_HIGHER,50,0.422233604763,0.184607518175,0.0261074455919,0.95,0.369768728597,0.474698480929,PASS,EXPLORATORY_SENSITIVITY_NOT_CONFIRMATORY
1.0,TASK3_CAPACITY_RESPONSE_SURFACE_EXPLORATORY_V1,IMMIGRATION,28,,19,18,17,cutoff_backlog,LOWER_MINUS_2_MIDDLE_PLUS_HIGHER,50,0.62,0.901019830356,0.127423446406,0.95,0.363932997474,0.876067002526,PASS,EXPLORATORY_SENSITIVITY_NOT_CONFIRMATORY
1.0,TASK3_CAPACITY_RESPONSE_SURFACE_EXPLORATORY_V1,IMMIGRATION,28,,19,18,17,cohort_clear_time_after_cutoff_seconds,LOWER_MINUS_2_MIDDLE_PLUS_HIGHER,50,0.21737819912,0.958238254378,0.135515353533,0.95,-0.05495009959,0.48970649783,PASS,EXPLORATORY_SENSITIVITY_NOT_CONFIRMATORY
1.0,TASK3_CAPACITY_RESPONSE_SURFACE_EXPLORATORY_V1,IMMIGRATION,28,,19,18,17,security_wait_p95_seconds,LOWER_MINUS_2_MIDDLE_PLUS_HIGHER,50,0,0,0,0.95,0,0,PASS,EXPLORATORY_SENSITIVITY_NOT_CONFIRMATORY
1.0,TASK3_CAPACITY_RESPONSE_SURFACE_EXPLORATORY_V1,IMMIGRATION,28,,19,18,17,immigration_wait_p95_seconds,LOWER_MINUS_2_MIDDLE_PLUS_HIGHER,50,0.11307034358,0.776846289614,0.109862655865,0.95,-0.107706929132,0.333847616292,PASS,EXPLORATORY_SENSITIVITY_NOT_CONFIRMATORY
1.0,TASK3_CAPACITY_RESPONSE_SURFACE_EXPLORATORY_V1,IMMIGRATION,28,,18,17,16,total_queue_wait_p95_seconds,LOWER_MINUS_2_MIDDLE_PLUS_HIGHER,50,9.90611080632,2.85895453602,0.404317227905,0.95,9.09360491718,10.7186166955,PASS,EXPLORATORY_SENSITIVITY_NOT_CONFIRMATORY
1.0,TASK3_CAPACITY_RESPONSE_SURFACE_EXPLORATORY_V1,IMMIGRATION,28,,18,17,16,total_queue_wait_mean_seconds,LOWER_MINUS_2_MIDDLE_PLUS_HIGHER,50,4.98652939192,1.34950468572,0.190848782903,0.95,4.60300440376,5.37005438008,PASS,EXPLORATORY_SENSITIVITY_NOT_CONFIRMATORY
1.0,TASK3_CAPACITY_RESPONSE_SURFACE_EXPLORATORY_V1,IMMIGRATION,28,,18,17,16,peak_total_waiting_queue,LOWER_MINUS_2_MIDDLE_PLUS_HIGHER,50,10.72,3.42880951554,0.484906891967,0.95,9.74554311759,11.6944568824,PASS,EXPLORATORY_SENSITIVITY_NOT_CONFIRMATORY
1.0,TASK3_CAPACITY_RESPONSE_SURFACE_EXPLORATORY_V1,IMMIGRATION,28,,18,17,16,time_weighted_mean_total_waiting_queue,LOWER_MINUS_2_MIDDLE_PLUS_HIGHER,50,4.60471194371,1.27448112549,0.180238849266,0.95,4.24250841546,4.96691547196,PASS,EXPLORATORY_SENSITIVITY_NOT_CONFIRMATORY
1.0,TASK3_CAPACITY_RESPONSE_SURFACE_EXPLORATORY_V1,IMMIGRATION,28,,18,17,16,cutoff_backlog,LOWER_MINUS_2_MIDDLE_PLUS_HIGHER,50,10.9,3.05894472934,0.432600112278,0.95,10.0306575268,11.7693424732,PASS,EXPLORATORY_SENSITIVITY_NOT_CONFIRMATORY
1.0,TASK3_CAPACITY_RESPONSE_SURFACE_EXPLORATORY_V1,IMMIGRATION,28,,18,17,16,cohort_clear_time_after_cutoff_seconds,LOWER_MINUS_2_MIDDLE_PLUS_HIGHER,50,11.0743969403,2.84894345755,0.40290144761,0.95,10.2647361682,11.8840577125,PASS,EXPLORATORY_SENSITIVITY_NOT_CONFIRMATORY
1.0,TASK3_CAPACITY_RESPONSE_SURFACE_EXPLORATORY_V1,IMMIGRATION,28,,18,17,16,security_wait_p95_seconds,LOWER_MINUS_2_MIDDLE_PLUS_HIGHER,50,0,0,0,0.95,0,0,PASS,EXPLORATORY_SENSITIVITY_NOT_CONFIRMATORY
1.0,TASK3_CAPACITY_RESPONSE_SURFACE_EXPLORATORY_V1,IMMIGRATION,28,,18,17,16,immigration_wait_p95_seconds,LOWER_MINUS_2_MIDDLE_PLUS_HIGHER,50,8.74424521788,2.40295188973,0.339828715219,0.95,8.06133384691,9.42715658885,PASS,EXPLORATORY_SENSITIVITY_NOT_CONFIRMATORY
