schema_version,study_id,scenario_id,input_sample_id,security_capacity,immigration_capacity,arrival_cutoff_seconds,metric,estimand,n_replications,mean,standard_deviation,standard_error,degrees_of_freedom,ci_level,ci_low,ci_high,security_rho_proxy,immigration_rho_proxy,rho_regime,steady_state_claim_status,analysis_role
1.0,TASK3_PEAK_DURATION_SENSITIVITY_EXPLORATORY_V1,PEAK_DURATION_S36_I21_T300,LOCAL_WINDOW_HPP_BASE_STATIONARY_EXTENSION,36,21,300,total_queue_wait_mean_seconds,MEAN_OF_REPLICATION_LEVEL_METRIC,50,0.831257931611,0.982496499914,0.138945987516,49,0.95,0.5520355158,1.11048034742,0.826795937552,0.844512993364,RHO_LT_ONE_TERMINATING_COHORT,NOT_ESTIMATED_TERMINATING_COHORT,EXPLORATORY_FINITE_HORIZON_NOT_STEADY_STATE
1.0,TASK3_PEAK_DURATION_SENSITIVITY_EXPLORATORY_V1,PEAK_DURATION_S36_I21_T300,LOCAL_WINDOW_HPP_BASE_STATIONARY_EXTENSION,36,21,300,total_queue_wait_p95_seconds,MEAN_OF_REPLICATION_LEVEL_METRIC,50,3.92879239474,2.71633559331,0.384147863602,49,0.95,3.15681836065,4.70076642883,0.826795937552,0.844512993364,RHO_LT_ONE_TERMINATING_COHORT,NOT_ESTIMATED_TERMINATING_COHORT,EXPLORATORY_FINITE_HORIZON_NOT_STEADY_STATE
1.0,TASK3_PEAK_DURATION_SENSITIVITY_EXPLORATORY_V1,PEAK_DURATION_S36_I21_T300,LOCAL_WINDOW_HPP_BASE_STATIONARY_EXTENSION,36,21,300,arrival_window_time_weighted_mean_total_waiting_queue,MEAN_OF_REPLICATION_LEVEL_METRIC,50,1.10549531215,1.47459377567,0.208539051654,49,0.95,0.686420397974,1.52457022633,0.826795937552,0.844512993364,RHO_LT_ONE_TERMINATING_COHORT,NOT_ESTIMATED_TERMINATING_COHORT,EXPLORATORY_FINITE_HORIZON_NOT_STEADY_STATE
1.0,TASK3_PEAK_DURATION_SENSITIVITY_EXPLORATORY_V1,PEAK_DURATION_S36_I21_T300,LOCAL_WINDOW_HPP_BASE_STATIONARY_EXTENSION,36,21,300,arrival_window_peak_total_waiting_queue,MEAN_OF_REPLICATION_LEVEL_METRIC,50,9.32,5.02824674276,0.711101473858,49,0.95,7.89098808705,10.749011913,0.826795937552,0.844512993364,RHO_LT_ONE_TERMINATING_COHORT,NOT_ESTIMATED_TERMINATING_COHORT,EXPLORATORY_FINITE_HORIZON_NOT_STEADY_STATE
1.0,TASK3_PEAK_DURATION_SENSITIVITY_EXPLORATORY_V1,PEAK_DURATION_S36_I21_T300,LOCAL_WINDOW_HPP_BASE_STATIONARY_EXTENSION,36,21,300,security_waiting_at_cutoff,MEAN_OF_REPLICATION_LEVEL_METRIC,50,0.92,2.52206588465,0.356673977927,49,0.95,0.203236806229,1.63676319377,0.826795937552,0.844512993364,RHO_LT_ONE_TERMINATING_COHORT,NOT_ESTIMATED_TERMINATING_COHORT,EXPLORATORY_FINITE_HORIZON_NOT_STEADY_STATE
1.0,TASK3_PEAK_DURATION_SENSITIVITY_EXPLORATORY_V1,PEAK_DURATION_S36_I21_T300,LOCAL_WINDOW_HPP_BASE_STATIONARY_EXTENSION,36,21,300,immigration_waiting_at_cutoff,MEAN_OF_REPLICATION_LEVEL_METRIC,50,0.86,1.57803804822,0.223168280973,49,0.95,0.411526548843,1.30847345116,0.826795937552,0.844512993364,RHO_LT_ONE_TERMINATING_COHORT,NOT_ESTIMATED_TERMINATING_COHORT,EXPLORATORY_FINITE_HORIZON_NOT_STEADY_STATE
1.0,TASK3_PEAK_DURATION_SENSITIVITY_EXPLORATORY_V1,PEAK_DURATION_S36_I21_T300,LOCAL_WINDOW_HPP_BASE_STATIONARY_EXTENSION,36,21,300,total_waiting_at_cutoff,MEAN_OF_REPLICATION_LEVEL_METRIC,50,1.78,2.78692281477,0.394130404194,49,0.95,0.987965299532,2.57203470047,0.826795937552,0.844512993364,RHO_LT_ONE_TERMINATING_COHORT,NOT_ESTIMATED_TERMINATING_COHORT,EXPLORATORY_FINITE_HORIZON_NOT_STEADY_STATE
1.0,TASK3_PEAK_DURATION_SENSITIVITY_EXPLORATORY_V1,PEAK_DURATION_S36_I21_T300,LOCAL_WINDOW_HPP_BASE_STATIONARY_EXTENSION,36,21,300,cutoff_backlog,MEAN_OF_REPLICATION_LEVEL_METRIC,50,50.66,7.95551406772,1.12507958902,49,0.95,48.3990679181,52.9209320819,0.826795937552,0.844512993364,RHO_LT_ONE_TERMINATING_COHORT,NOT_ESTIMATED_TERMINATING_COHORT,EXPLORATORY_FINITE_HORIZON_NOT_STEADY_STATE
1.0,TASK3_PEAK_DURATION_SENSITIVITY_EXPLORATORY_V1,PEAK_DURATION_S36_I21_T300,LOCAL_WINDOW_HPP_BASE_STATIONARY_EXTENSION,36,21,300,late_arrival_total_queue_wait_p95_seconds,MEAN_OF_REPLICATION_LEVEL_METRIC,50,2.88441438884,2.39653172827,0.338920767278,49,0.95,2.20332760757,3.56550117011,0.826795937552,0.844512993364,RHO_LT_ONE_TERMINATING_COHORT,NOT_ESTIMATED_TERMINATING_COHORT,EXPLORATORY_FINITE_HORIZON_NOT_STEADY_STATE
1.0,TASK3_PEAK_DURATION_SENSITIVITY_EXPLORATORY_V1,PEAK_DURATION_S36_I21_T300,LOCAL_WINDOW_HPP_BASE_STATIONARY_EXTENSION,36,21,300,cohort_clear_time_after_cutoff_seconds,MEAN_OF_REPLICATION_LEVEL_METRIC,50,35.3645926821,2.17902231585,0.308160291179,49,0.95,34.7453213919,35.9838639723,0.826795937552,0.844512993364,RHO_LT_ONE_TERMINATING_COHORT,NOT_ESTIMATED_TERMINATING_COHORT,EXPLORATORY_FINITE_HORIZON_NOT_STEADY_STATE
1.0,TASK3_PEAK_DURATION_SENSITIVITY_EXPLORATORY_V1,PEAK_DURATION_S36_I21_T300,LOCAL_WINDOW_HPP_BASE_STATIONARY_EXTENSION,36,21,300,queue_mean_window_50_60,MEAN_OF_REPLICATION_LEVEL_METRIC,50,1.43586355601,4.11791801243,0.582361550193,49,0.95,0.265564205686,2.60616290633,0.826795937552,0.844512993364,RHO_LT_ONE_TERMINATING_COHORT,NOT_ESTIMATED_TERMINATING_COHORT,EXPLORATORY_FINITE_HORIZON_NOT_STEADY_STATE
1.0,TASK3_PEAK_DURATION_SENSITIVITY_EXPLORATORY_V1,PEAK_DURATION_S36_I21_T300,LOCAL_WINDOW_HPP_BASE_STATIONARY_EXTENSION,36,21,300,queue_mean_window_60_70,MEAN_OF_REPLICATION_LEVEL_METRIC,50,1.452376346,2.72240026076,0.385005537097,49,0.95,0.678678752497,2.22607393951,0.826795937552,0.844512993364,RHO_LT_ONE_TERMINATING_COHORT,NOT_ESTIMATED_TERMINATING_COHORT,EXPLORATORY_FINITE_HORIZON_NOT_STEADY_STATE
1.0,TASK3_PEAK_DURATION_SENSITIVITY_EXPLORATORY_V1,PEAK_DURATION_S36_I21_T300,LOCAL_WINDOW_HPP_BASE_STATIONARY_EXTENSION,36,21,300,queue_mean_window_70_80,MEAN_OF_REPLICATION_LEVEL_METRIC,50,1.09643469813,1.66083280602,0.234877227911,49,0.95,0.624431237156,1.56843815911,0.826795937552,0.844512993364,RHO_LT_ONE_TERMINATING_COHORT,NOT_ESTIMATED_TERMINATING_COHORT,EXPLORATORY_FINITE_HORIZON_NOT_STEADY_STATE
1.0,TASK3_PEAK_DURATION_SENSITIVITY_EXPLORATORY_V1,PEAK_DURATION_S36_I21_T300,LOCAL_WINDOW_HPP_BASE_STATIONARY_EXTENSION,36,21,300,queue_mean_window_80_90,MEAN_OF_REPLICATION_LEVEL_METRIC,50,1.19702708362,1.90663696267,0.269639185113,49,0.95,0.655166854261,1.73888731299,0.826795937552,0.844512993364,RHO_LT_ONE_TERMINATING_COHORT,NOT_ESTIMATED_TERMINATING_COHORT,EXPLORATORY_FINITE_HORIZON_NOT_STEADY_STATE
1.0,TASK3_PEAK_DURATION_SENSITIVITY_EXPLORATORY_V1,PEAK_DURATION_S36_I21_T300,LOCAL_WINDOW_HPP_BASE_STATIONARY_EXTENSION,36,21,300,queue_mean_window_90_100,MEAN_OF_REPLICATION_LEVEL_METRIC,50,1.44343714908,1.87767925135,0.265543946305,49,0.95,0.909806610218,1.97706768795,0.826795937552,0.844512993364,RHO_LT_ONE_TERMINATING_COHORT,NOT_ESTIMATED_TERMINATING_COHORT,EXPLORATORY_FINITE_HORIZON_NOT_STEADY_STATE
1.0,TASK3_PEAK_DURATION_SENSITIVITY_EXPLORATORY_V1,PEAK_DURATION_S36_I21_T300,LOCAL_WINDOW_HPP_BASE_STATIONARY_EXTENSION,36,21,300,arrival_window_queue_growth_slope_travellers_per_second,MEAN_OF_REPLICATION_LEVEL_METRIC,50,-0.00080067358744,0.0382577476986,0.00541046256612,49,0.95,-0.0116734051817,0.0100720580069,0.826795937552,0.844512993364,RHO_LT_ONE_TERMINATING_COHORT,NOT_ESTIMATED_TERMINATING_COHORT,EXPLORATORY_FINITE_HORIZON_NOT_STEADY_STATE
1.0,TASK3_PEAK_DURATION_SENSITIVITY_EXPLORATORY_V1,PEAK_DURATION_S36_I21_T900,LOCAL_WINDOW_HPP_BASE_STATIONARY_EXTENSION,36,21,900,total_queue_wait_mean_seconds,MEAN_OF_REPLICATION_LEVEL_METRIC,50,0.810528738716,0.493856893701,0.0698419116944,49,0.95,0.670176162461,0.950881314971,0.826795937552,0.844512993364,RHO_LT_ONE_TERMINATING_COHORT,NOT_ESTIMATED_TERMINATING_COHORT,EXPLORATORY_FINITE_HORIZON_NOT_STEADY_STATE
1.0,TASK3_PEAK_DURATION_SENSITIVITY_EXPLORATORY_V1,PEAK_DURATION_S36_I21_T900,LOCAL_WINDOW_HPP_BASE_STATIONARY_EXTENSION,36,21,900,total_queue_wait_p95_seconds,MEAN_OF_REPLICATION_LEVEL_METRIC,50,4.28433588452,2.24242233708,0.317126408167,49,0.95,3.64704650763,4.92162526141,0.826795937552,0.844512993364,RHO_LT_ONE_TERMINATING_COHORT,NOT_ESTIMATED_TERMINATING_COHORT,EXPLORATORY_FINITE_HORIZON_NOT_STEADY_STATE
1.0,TASK3_PEAK_DURATION_SENSITIVITY_EXPLORATORY_V1,PEAK_DURATION_S36_I21_T900,LOCAL_WINDOW_HPP_BASE_STATIONARY_EXTENSION,36,21,900,arrival_window_time_weighted_mean_total_waiting_queue,MEAN_OF_REPLICATION_LEVEL_METRIC,50,1.09645365865,0.711588815146,0.100633855321,49,0.95,0.894222354984,1.29868496232,0.826795937552,0.844512993364,RHO_LT_ONE_TERMINATING_COHORT,NOT_ESTIMATED_TERMINATING_COHORT,EXPLORATORY_FINITE_HORIZON_NOT_STEADY_STATE
1.0,TASK3_PEAK_DURATION_SENSITIVITY_EXPLORATORY_V1,PEAK_DURATION_S36_I21_T900,LOCAL_WINDOW_HPP_BASE_STATIONARY_EXTENSION,36,21,900,arrival_window_peak_total_waiting_queue,MEAN_OF_REPLICATION_LEVEL_METRIC,50,11.7,4.80751962013,0.679885944817,49,0.95,10.3337180412,13.0662819588,0.826795937552,0.844512993364,RHO_LT_ONE_TERMINATING_COHORT,NOT_ESTIMATED_TERMINATING_COHORT,EXPLORATORY_FINITE_HORIZON_NOT_STEADY_STATE
1.0,TASK3_PEAK_DURATION_SENSITIVITY_EXPLORATORY_V1,PEAK_DURATION_S36_I21_T900,LOCAL_WINDOW_HPP_BASE_STATIONARY_EXTENSION,36,21,900,security_waiting_at_cutoff,MEAN_OF_REPLICATION_LEVEL_METRIC,50,1.14,2.72561545194,0.385460233794,49,0.95,0.365388659269,1.91461134073,0.826795937552,0.844512993364,RHO_LT_ONE_TERMINATING_COHORT,NOT_ESTIMATED_TERMINATING_COHORT,EXPLORATORY_FINITE_HORIZON_NOT_STEADY_STATE
1.0,TASK3_PEAK_DURATION_SENSITIVITY_EXPLORATORY_V1,PEAK_DURATION_S36_I21_T900,LOCAL_WINDOW_HPP_BASE_STATIONARY_EXTENSION,36,21,900,immigration_waiting_at_cutoff,MEAN_OF_REPLICATION_LEVEL_METRIC,50,0.94,1.68316999275,0.238036183152,49,0.95,0.461648380796,1.4183516192,0.826795937552,0.844512993364,RHO_LT_ONE_TERMINATING_COHORT,NOT_ESTIMATED_TERMINATING_COHORT,EXPLORATORY_FINITE_HORIZON_NOT_STEADY_STATE
1.0,TASK3_PEAK_DURATION_SENSITIVITY_EXPLORATORY_V1,PEAK_DURATION_S36_I21_T900,LOCAL_WINDOW_HPP_BASE_STATIONARY_EXTENSION,36,21,900,total_waiting_at_cutoff,MEAN_OF_REPLICATION_LEVEL_METRIC,50,2.08,3.54469998155,0.501296278845,49,0.95,1.07260741157,3.08739258843,0.826795937552,0.844512993364,RHO_LT_ONE_TERMINATING_COHORT,NOT_ESTIMATED_TERMINATING_COHORT,EXPLORATORY_FINITE_HORIZON_NOT_STEADY_STATE
1.0,TASK3_PEAK_DURATION_SENSITIVITY_EXPLORATORY_V1,PEAK_DURATION_S36_I21_T900,LOCAL_WINDOW_HPP_BASE_STATIONARY_EXTENSION,36,21,900,cutoff_backlog,MEAN_OF_REPLICATION_LEVEL_METRIC,50,49.8,8.07869458034,1.14249994418,49,0.95,47.5040604038,52.0959395962,0.826795937552,0.844512993364,RHO_LT_ONE_TERMINATING_COHORT,NOT_ESTIMATED_TERMINATING_COHORT,EXPLORATORY_FINITE_HORIZON_NOT_STEADY_STATE
1.0,TASK3_PEAK_DURATION_SENSITIVITY_EXPLORATORY_V1,PEAK_DURATION_S36_I21_T900,LOCAL_WINDOW_HPP_BASE_STATIONARY_EXTENSION,36,21,900,late_arrival_total_queue_wait_p95_seconds,MEAN_OF_REPLICATION_LEVEL_METRIC,50,3.404323495,2.21055928713,0.312620292429,49,0.95,2.77608949671,4.03255749329,0.826795937552,0.844512993364,RHO_LT_ONE_TERMINATING_COHORT,NOT_ESTIMATED_TERMINATING_COHORT,EXPLORATORY_FINITE_HORIZON_NOT_STEADY_STATE
1.0,TASK3_PEAK_DURATION_SENSITIVITY_EXPLORATORY_V1,PEAK_DURATION_S36_I21_T900,LOCAL_WINDOW_HPP_BASE_STATIONARY_EXTENSION,36,21,900,cohort_clear_time_after_cutoff_seconds,MEAN_OF_REPLICATION_LEVEL_METRIC,50,35.1809899317,2.69489616043,0.381115869927,49,0.95,34.4151089171,35.9468709464,0.826795937552,0.844512993364,RHO_LT_ONE_TERMINATING_COHORT,NOT_ESTIMATED_TERMINATING_COHORT,EXPLORATORY_FINITE_HORIZON_NOT_STEADY_STATE
1.0,TASK3_PEAK_DURATION_SENSITIVITY_EXPLORATORY_V1,PEAK_DURATION_S36_I21_T900,LOCAL_WINDOW_HPP_BASE_STATIONARY_EXTENSION,36,21,900,queue_mean_window_50_60,MEAN_OF_REPLICATION_LEVEL_METRIC,50,1.10355353508,1.42335586712,0.201292917136,49,0.95,0.699040273396,1.50806679677,0.826795937552,0.844512993364,RHO_LT_ONE_TERMINATING_COHORT,NOT_ESTIMATED_TERMINATING_COHORT,EXPLORATORY_FINITE_HORIZON_NOT_STEADY_STATE
1.0,TASK3_PEAK_DURATION_SENSITIVITY_EXPLORATORY_V1,PEAK_DURATION_S36_I21_T900,LOCAL_WINDOW_HPP_BASE_STATIONARY_EXTENSION,36,21,900,queue_mean_window_60_70,MEAN_OF_REPLICATION_LEVEL_METRIC,50,0.978954450886,0.902177320359,0.127587140212,49,0.95,0.722558493341,1.23535040843,0.826795937552,0.844512993364,RHO_LT_ONE_TERMINATING_COHORT,NOT_ESTIMATED_TERMINATING_COHORT,EXPLORATORY_FINITE_HORIZON_NOT_STEADY_STATE
1.0,TASK3_PEAK_DURATION_SENSITIVITY_EXPLORATORY_V1,PEAK_DURATION_S36_I21_T900,LOCAL_WINDOW_HPP_BASE_STATIONARY_EXTENSION,36,21,900,queue_mean_window_70_80,MEAN_OF_REPLICATION_LEVEL_METRIC,50,0.866877552612,0.898688303844,0.127093718764,49,0.95,0.611473162589,1.12228194264,0.826795937552,0.844512993364,RHO_LT_ONE_TERMINATING_COHORT,NOT_ESTIMATED_TERMINATING_COHORT,EXPLORATORY_FINITE_HORIZON_NOT_STEADY_STATE
1.0,TASK3_PEAK_DURATION_SENSITIVITY_EXPLORATORY_V1,PEAK_DURATION_S36_I21_T900,LOCAL_WINDOW_HPP_BASE_STATIONARY_EXTENSION,36,21,900,queue_mean_window_80_90,MEAN_OF_REPLICATION_LEVEL_METRIC,50,0.99723529214,1.35464685938,0.191575996076,49,0.95,0.612248914397,1.38222166988,0.826795937552,0.844512993364,RHO_LT_ONE_TERMINATING_COHORT,NOT_ESTIMATED_TERMINATING_COHORT,EXPLORATORY_FINITE_HORIZON_NOT_STEADY_STATE
1.0,TASK3_PEAK_DURATION_SENSITIVITY_EXPLORATORY_V1,PEAK_DURATION_S36_I21_T900,LOCAL_WINDOW_HPP_BASE_STATIONARY_EXTENSION,36,21,900,queue_mean_window_90_100,MEAN_OF_REPLICATION_LEVEL_METRIC,50,1.36862018673,2.04535323767,0.289256628856,49,0.95,0.78733722821,1.94990314526,0.826795937552,0.844512993364,RHO_LT_ONE_TERMINATING_COHORT,NOT_ESTIMATED_TERMINATING_COHORT,EXPLORATORY_FINITE_HORIZON_NOT_STEADY_STATE
1.0,TASK3_PEAK_DURATION_SENSITIVITY_EXPLORATORY_V1,PEAK_DURATION_S36_I21_T900,LOCAL_WINDOW_HPP_BASE_STATIONARY_EXTENSION,36,21,900,arrival_window_queue_growth_slope_travellers_per_second,MEAN_OF_REPLICATION_LEVEL_METRIC,50,0.00060934904951,0.00565932410788,0.000800349290722,49,0.95,-0.00099901306618,0.0022177111652,0.826795937552,0.844512993364,RHO_LT_ONE_TERMINATING_COHORT,NOT_ESTIMATED_TERMINATING_COHORT,EXPLORATORY_FINITE_HORIZON_NOT_STEADY_STATE
1.0,TASK3_PEAK_DURATION_SENSITIVITY_EXPLORATORY_V1,PEAK_DURATION_S36_I21_T1800,LOCAL_WINDOW_HPP_BASE_STATIONARY_EXTENSION,36,21,1800,total_queue_wait_mean_seconds,MEAN_OF_REPLICATION_LEVEL_METRIC,50,0.79178290976,0.314075213035,0.0444169425879,49,0.95,0.702523721827,0.881042097694,0.826795937552,0.844512993364,RHO_LT_ONE_TERMINATING_COHORT,NOT_ESTIMATED_TERMINATING_COHORT,EXPLORATORY_FINITE_HORIZON_NOT_STEADY_STATE
1.0,TASK3_PEAK_DURATION_SENSITIVITY_EXPLORATORY_V1,PEAK_DURATION_S36_I21_T1800,LOCAL_WINDOW_HPP_BASE_STATIONARY_EXTENSION,36,21,1800,total_queue_wait_p95_seconds,MEAN_OF_REPLICATION_LEVEL_METRIC,50,4.3042194503,1.7959556136,0.253986478617,49,0.95,3.79381451231,4.81462438829,0.826795937552,0.844512993364,RHO_LT_ONE_TERMINATING_COHORT,NOT_ESTIMATED_TERMINATING_COHORT,EXPLORATORY_FINITE_HORIZON_NOT_STEADY_STATE
1.0,TASK3_PEAK_DURATION_SENSITIVITY_EXPLORATORY_V1,PEAK_DURATION_S36_I21_T1800,LOCAL_WINDOW_HPP_BASE_STATIONARY_EXTENSION,36,21,1800,arrival_window_time_weighted_mean_total_waiting_queue,MEAN_OF_REPLICATION_LEVEL_METRIC,50,1.07989467075,0.446138729861,0.0630935442469,49,0.95,0.95310344661,1.20668589489,0.826795937552,0.844512993364,RHO_LT_ONE_TERMINATING_COHORT,NOT_ESTIMATED_TERMINATING_COHORT,EXPLORATORY_FINITE_HORIZON_NOT_STEADY_STATE
1.0,TASK3_PEAK_DURATION_SENSITIVITY_EXPLORATORY_V1,PEAK_DURATION_S36_I21_T1800,LOCAL_WINDOW_HPP_BASE_STATIONARY_EXTENSION,36,21,1800,arrival_window_peak_total_waiting_queue,MEAN_OF_REPLICATION_LEVEL_METRIC,50,13.74,4.34628624019,0.614657694683,49,0.95,12.5047991175,14.9752008825,0.826795937552,0.844512993364,RHO_LT_ONE_TERMINATING_COHORT,NOT_ESTIMATED_TERMINATING_COHORT,EXPLORATORY_FINITE_HORIZON_NOT_STEADY_STATE
1.0,TASK3_PEAK_DURATION_SENSITIVITY_EXPLORATORY_V1,PEAK_DURATION_S36_I21_T1800,LOCAL_WINDOW_HPP_BASE_STATIONARY_EXTENSION,36,21,1800,security_waiting_at_cutoff,MEAN_OF_REPLICATION_LEVEL_METRIC,50,0.48,1.61927169318,0.228999598966,49,0.95,0.0198080766057,0.940191923394,0.826795937552,0.844512993364,RHO_LT_ONE_TERMINATING_COHORT,NOT_ESTIMATED_TERMINATING_COHORT,EXPLORATORY_FINITE_HORIZON_NOT_STEADY_STATE
1.0,TASK3_PEAK_DURATION_SENSITIVITY_EXPLORATORY_V1,PEAK_DURATION_S36_I21_T1800,LOCAL_WINDOW_HPP_BASE_STATIONARY_EXTENSION,36,21,1800,immigration_waiting_at_cutoff,MEAN_OF_REPLICATION_LEVEL_METRIC,50,0.18,0.595561816734,0.0842251598456,49,0.95,0.010743204431,0.349256795569,0.826795937552,0.844512993364,RHO_LT_ONE_TERMINATING_COHORT,NOT_ESTIMATED_TERMINATING_COHORT,EXPLORATORY_FINITE_HORIZON_NOT_STEADY_STATE
1.0,TASK3_PEAK_DURATION_SENSITIVITY_EXPLORATORY_V1,PEAK_DURATION_S36_I21_T1800,LOCAL_WINDOW_HPP_BASE_STATIONARY_EXTENSION,36,21,1800,total_waiting_at_cutoff,MEAN_OF_REPLICATION_LEVEL_METRIC,50,0.66,1.94422220952,0.274954541697,49,0.95,0.107458161669,1.21254183833,0.826795937552,0.844512993364,RHO_LT_ONE_TERMINATING_COHORT,NOT_ESTIMATED_TERMINATING_COHORT,EXPLORATORY_FINITE_HORIZON_NOT_STEADY_STATE
1.0,TASK3_PEAK_DURATION_SENSITIVITY_EXPLORATORY_V1,PEAK_DURATION_S36_I21_T1800,LOCAL_WINDOW_HPP_BASE_STATIONARY_EXTENSION,36,21,1800,cutoff_backlog,MEAN_OF_REPLICATION_LEVEL_METRIC,50,46.68,7.50357737812,1.06116608944,49,0.95,44.5475069042,48.8124930958,0.826795937552,0.844512993364,RHO_LT_ONE_TERMINATING_COHORT,NOT_ESTIMATED_TERMINATING_COHORT,EXPLORATORY_FINITE_HORIZON_NOT_STEADY_STATE
1.0,TASK3_PEAK_DURATION_SENSITIVITY_EXPLORATORY_V1,PEAK_DURATION_S36_I21_T1800,LOCAL_WINDOW_HPP_BASE_STATIONARY_EXTENSION,36,21,1800,late_arrival_total_queue_wait_p95_seconds,MEAN_OF_REPLICATION_LEVEL_METRIC,50,3.70905702514,1.66725741277,0.235785804511,49,0.95,3.23522771113,4.18288633915,0.826795937552,0.844512993364,RHO_LT_ONE_TERMINATING_COHORT,NOT_ESTIMATED_TERMINATING_COHORT,EXPLORATORY_FINITE_HORIZON_NOT_STEADY_STATE
1.0,TASK3_PEAK_DURATION_SENSITIVITY_EXPLORATORY_V1,PEAK_DURATION_S36_I21_T1800,LOCAL_WINDOW_HPP_BASE_STATIONARY_EXTENSION,36,21,1800,cohort_clear_time_after_cutoff_seconds,MEAN_OF_REPLICATION_LEVEL_METRIC,50,34.8057534973,1.76334847275,0.249375132535,49,0.95,34.3046154062,35.3068915884,0.826795937552,0.844512993364,RHO_LT_ONE_TERMINATING_COHORT,NOT_ESTIMATED_TERMINATING_COHORT,EXPLORATORY_FINITE_HORIZON_NOT_STEADY_STATE
1.0,TASK3_PEAK_DURATION_SENSITIVITY_EXPLORATORY_V1,PEAK_DURATION_S36_I21_T1800,LOCAL_WINDOW_HPP_BASE_STATIONARY_EXTENSION,36,21,1800,queue_mean_window_50_60,MEAN_OF_REPLICATION_LEVEL_METRIC,50,1.22221657894,1.25076440752,0.176884798845,49,0.95,0.866753267358,1.57767989052,0.826795937552,0.844512993364,RHO_LT_ONE_TERMINATING_COHORT,NOT_ESTIMATED_TERMINATING_COHORT,EXPLORATORY_FINITE_HORIZON_NOT_STEADY_STATE
1.0,TASK3_PEAK_DURATION_SENSITIVITY_EXPLORATORY_V1,PEAK_DURATION_S36_I21_T1800,LOCAL_WINDOW_HPP_BASE_STATIONARY_EXTENSION,36,21,1800,queue_mean_window_60_70,MEAN_OF_REPLICATION_LEVEL_METRIC,50,0.911931963844,0.797810993562,0.112827512731,49,0.95,0.685196588193,1.13866733949,0.826795937552,0.844512993364,RHO_LT_ONE_TERMINATING_COHORT,NOT_ESTIMATED_TERMINATING_COHORT,EXPLORATORY_FINITE_HORIZON_NOT_STEADY_STATE
1.0,TASK3_PEAK_DURATION_SENSITIVITY_EXPLORATORY_V1,PEAK_DURATION_S36_I21_T1800,LOCAL_WINDOW_HPP_BASE_STATIONARY_EXTENSION,36,21,1800,queue_mean_window_70_80,MEAN_OF_REPLICATION_LEVEL_METRIC,50,1.08689567685,1.24692308718,0.176341554113,49,0.95,0.732524056427,1.44126729727,0.826795937552,0.844512993364,RHO_LT_ONE_TERMINATING_COHORT,NOT_ESTIMATED_TERMINATING_COHORT,EXPLORATORY_FINITE_HORIZON_NOT_STEADY_STATE
1.0,TASK3_PEAK_DURATION_SENSITIVITY_EXPLORATORY_V1,PEAK_DURATION_S36_I21_T1800,LOCAL_WINDOW_HPP_BASE_STATIONARY_EXTENSION,36,21,1800,queue_mean_window_80_90,MEAN_OF_REPLICATION_LEVEL_METRIC,50,1.03143117196,0.972839250979,0.137580246274,49,0.95,0.754953315924,1.30790902799,0.826795937552,0.844512993364,RHO_LT_ONE_TERMINATING_COHORT,NOT_ESTIMATED_TERMINATING_COHORT,EXPLORATORY_FINITE_HORIZON_NOT_STEADY_STATE
1.0,TASK3_PEAK_DURATION_SENSITIVITY_EXPLORATORY_V1,PEAK_DURATION_S36_I21_T1800,LOCAL_WINDOW_HPP_BASE_STATIONARY_EXTENSION,36,21,1800,queue_mean_window_90_100,MEAN_OF_REPLICATION_LEVEL_METRIC,50,1.06420302265,0.846074769598,0.119653041395,49,0.95,0.823751233621,1.30465481169,0.826795937552,0.844512993364,RHO_LT_ONE_TERMINATING_COHORT,NOT_ESTIMATED_TERMINATING_COHORT,EXPLORATORY_FINITE_HORIZON_NOT_STEADY_STATE
1.0,TASK3_PEAK_DURATION_SENSITIVITY_EXPLORATORY_V1,PEAK_DURATION_S36_I21_T1800,LOCAL_WINDOW_HPP_BASE_STATIONARY_EXTENSION,36,21,1800,arrival_window_queue_growth_slope_travellers_per_second,MEAN_OF_REPLICATION_LEVEL_METRIC,50,-0.000109182169145,0.00200300264452,0.000283267350534,49,0.95,-0.000678429222266,0.000460064883976,0.826795937552,0.844512993364,RHO_LT_ONE_TERMINATING_COHORT,NOT_ESTIMATED_TERMINATING_COHORT,EXPLORATORY_FINITE_HORIZON_NOT_STEADY_STATE
1.0,TASK3_PEAK_DURATION_SENSITIVITY_EXPLORATORY_V1,PEAK_DURATION_S36_I21_T3600,LOCAL_WINDOW_HPP_BASE_STATIONARY_EXTENSION,36,21,3600,total_queue_wait_mean_seconds,MEAN_OF_REPLICATION_LEVEL_METRIC,50,0.835765849389,0.196969670099,0.027855717883,49,0.95,0.779787688519,0.891744010259,0.826795937552,0.844512993364,RHO_LT_ONE_TERMINATING_COHORT,NOT_ESTIMATED_TERMINATING_COHORT,EXPLORATORY_FINITE_HORIZON_NOT_STEADY_STATE
1.0,TASK3_PEAK_DURATION_SENSITIVITY_EXPLORATORY_V1,PEAK_DURATION_S36_I21_T3600,LOCAL_WINDOW_HPP_BASE_STATIONARY_EXTENSION,36,21,3600,total_queue_wait_p95_seconds,MEAN_OF_REPLICATION_LEVEL_METRIC,50,4.48753932044,0.970461548782,0.137243988405,49,0.95,4.2117371999,4.76334144098,0.826795937552,0.844512993364,RHO_LT_ONE_TERMINATING_COHORT,NOT_ESTIMATED_TERMINATING_COHORT,EXPLORATORY_FINITE_HORIZON_NOT_STEADY_STATE
1.0,TASK3_PEAK_DURATION_SENSITIVITY_EXPLORATORY_V1,PEAK_DURATION_S36_I21_T3600,LOCAL_WINDOW_HPP_BASE_STATIONARY_EXTENSION,36,21,3600,arrival_window_time_weighted_mean_total_waiting_queue,MEAN_OF_REPLICATION_LEVEL_METRIC,50,1.13549235165,0.275750143401,0.0389969592624,49,0.95,1.05712502799,1.21385967531,0.826795937552,0.844512993364,RHO_LT_ONE_TERMINATING_COHORT,NOT_ESTIMATED_TERMINATING_COHORT,EXPLORATORY_FINITE_HORIZON_NOT_STEADY_STATE
1.0,TASK3_PEAK_DURATION_SENSITIVITY_EXPLORATORY_V1,PEAK_DURATION_S36_I21_T3600,LOCAL_WINDOW_HPP_BASE_STATIONARY_EXTENSION,36,21,3600,arrival_window_peak_total_waiting_queue,MEAN_OF_REPLICATION_LEVEL_METRIC,50,16.34,4.05880247746,0.574001351061,49,0.95,15.1865010988,17.4934989012,0.826795937552,0.844512993364,RHO_LT_ONE_TERMINATING_COHORT,NOT_ESTIMATED_TERMINATING_COHORT,EXPLORATORY_FINITE_HORIZON_NOT_STEADY_STATE
1.0,TASK3_PEAK_DURATION_SENSITIVITY_EXPLORATORY_V1,PEAK_DURATION_S36_I21_T3600,LOCAL_WINDOW_HPP_BASE_STATIONARY_EXTENSION,36,21,3600,security_waiting_at_cutoff,MEAN_OF_REPLICATION_LEVEL_METRIC,50,1.24,2.75947347832,0.390248481805,49,0.95,0.455766314638,2.02423368536,0.826795937552,0.844512993364,RHO_LT_ONE_TERMINATING_COHORT,NOT_ESTIMATED_TERMINATING_COHORT,EXPLORATORY_FINITE_HORIZON_NOT_STEADY_STATE
1.0,TASK3_PEAK_DURATION_SENSITIVITY_EXPLORATORY_V1,PEAK_DURATION_S36_I21_T3600,LOCAL_WINDOW_HPP_BASE_STATIONARY_EXTENSION,36,21,3600,immigration_waiting_at_cutoff,MEAN_OF_REPLICATION_LEVEL_METRIC,50,0.64,1.5748015748,0.222710574513,49,0.95,0.192446344411,1.08755365559,0.826795937552,0.844512993364,RHO_LT_ONE_TERMINATING_COHORT,NOT_ESTIMATED_TERMINATING_COHORT,EXPLORATORY_FINITE_HORIZON_NOT_STEADY_STATE
1.0,TASK3_PEAK_DURATION_SENSITIVITY_EXPLORATORY_V1,PEAK_DURATION_S36_I21_T3600,LOCAL_WINDOW_HPP_BASE_STATIONARY_EXTENSION,36,21,3600,total_waiting_at_cutoff,MEAN_OF_REPLICATION_LEVEL_METRIC,50,1.88,3.49133037037,0.493748676051,49,0.95,0.887774887243,2.87222511276,0.826795937552,0.844512993364,RHO_LT_ONE_TERMINATING_COHORT,NOT_ESTIMATED_TERMINATING_COHORT,EXPLORATORY_FINITE_HORIZON_NOT_STEADY_STATE
1.0,TASK3_PEAK_DURATION_SENSITIVITY_EXPLORATORY_V1,PEAK_DURATION_S36_I21_T3600,LOCAL_WINDOW_HPP_BASE_STATIONARY_EXTENSION,36,21,3600,cutoff_backlog,MEAN_OF_REPLICATION_LEVEL_METRIC,50,50.42,8.79027756057,1.24313297432,49,0.95,47.9218307584,52.9181692416,0.826795937552,0.844512993364,RHO_LT_ONE_TERMINATING_COHORT,NOT_ESTIMATED_TERMINATING_COHORT,EXPLORATORY_FINITE_HORIZON_NOT_STEADY_STATE
1.0,TASK3_PEAK_DURATION_SENSITIVITY_EXPLORATORY_V1,PEAK_DURATION_S36_I21_T3600,LOCAL_WINDOW_HPP_BASE_STATIONARY_EXTENSION,36,21,3600,late_arrival_total_queue_wait_p95_seconds,MEAN_OF_REPLICATION_LEVEL_METRIC,50,4.5094235537,1.93930026643,0.274258473829,49,0.95,3.95828051612,5.06056659128,0.826795937552,0.844512993364,RHO_LT_ONE_TERMINATING_COHORT,NOT_ESTIMATED_TERMINATING_COHORT,EXPLORATORY_FINITE_HORIZON_NOT_STEADY_STATE
1.0,TASK3_PEAK_DURATION_SENSITIVITY_EXPLORATORY_V1,PEAK_DURATION_S36_I21_T3600,LOCAL_WINDOW_HPP_BASE_STATIONARY_EXTENSION,36,21,3600,cohort_clear_time_after_cutoff_seconds,MEAN_OF_REPLICATION_LEVEL_METRIC,50,35.7275943247,2.62019045988,0.370550888437,49,0.95,34.9829444352,36.4722442142,0.826795937552,0.844512993364,RHO_LT_ONE_TERMINATING_COHORT,NOT_ESTIMATED_TERMINATING_COHORT,EXPLORATORY_FINITE_HORIZON_NOT_STEADY_STATE
1.0,TASK3_PEAK_DURATION_SENSITIVITY_EXPLORATORY_V1,PEAK_DURATION_S36_I21_T3600,LOCAL_WINDOW_HPP_BASE_STATIONARY_EXTENSION,36,21,3600,queue_mean_window_50_60,MEAN_OF_REPLICATION_LEVEL_METRIC,50,1.27417326358,0.988187350714,0.139750795355,49,0.95,0.993333525868,1.55501300129,0.826795937552,0.844512993364,RHO_LT_ONE_TERMINATING_COHORT,NOT_ESTIMATED_TERMINATING_COHORT,EXPLORATORY_FINITE_HORIZON_NOT_STEADY_STATE
1.0,TASK3_PEAK_DURATION_SENSITIVITY_EXPLORATORY_V1,PEAK_DURATION_S36_I21_T3600,LOCAL_WINDOW_HPP_BASE_STATIONARY_EXTENSION,36,21,3600,queue_mean_window_60_70,MEAN_OF_REPLICATION_LEVEL_METRIC,50,1.02455074039,0.794908008533,0.112416968651,49,0.95,0.798640383953,1.25046109682,0.826795937552,0.844512993364,RHO_LT_ONE_TERMINATING_COHORT,NOT_ESTIMATED_TERMINATING_COHORT,EXPLORATORY_FINITE_HORIZON_NOT_STEADY_STATE
1.0,TASK3_PEAK_DURATION_SENSITIVITY_EXPLORATORY_V1,PEAK_DURATION_S36_I21_T3600,LOCAL_WINDOW_HPP_BASE_STATIONARY_EXTENSION,36,21,3600,queue_mean_window_70_80,MEAN_OF_REPLICATION_LEVEL_METRIC,50,1.19510695167,0.831673242941,0.117616357963,49,0.95,0.958748031231,1.43146587212,0.826795937552,0.844512993364,RHO_LT_ONE_TERMINATING_COHORT,NOT_ESTIMATED_TERMINATING_COHORT,EXPLORATORY_FINITE_HORIZON_NOT_STEADY_STATE
1.0,TASK3_PEAK_DURATION_SENSITIVITY_EXPLORATORY_V1,PEAK_DURATION_S36_I21_T3600,LOCAL_WINDOW_HPP_BASE_STATIONARY_EXTENSION,36,21,3600,queue_mean_window_80_90,MEAN_OF_REPLICATION_LEVEL_METRIC,50,1.19652758991,0.997979849034,0.141135663748,49,0.95,0.912904854971,1.48015032486,0.826795937552,0.844512993364,RHO_LT_ONE_TERMINATING_COHORT,NOT_ESTIMATED_TERMINATING_COHORT,EXPLORATORY_FINITE_HORIZON_NOT_STEADY_STATE
1.0,TASK3_PEAK_DURATION_SENSITIVITY_EXPLORATORY_V1,PEAK_DURATION_S36_I21_T3600,LOCAL_WINDOW_HPP_BASE_STATIONARY_EXTENSION,36,21,3600,queue_mean_window_90_100,MEAN_OF_REPLICATION_LEVEL_METRIC,50,1.2650916172,1.05691014457,0.149469666067,49,0.95,0.964721077575,1.56546215683,0.826795937552,0.844512993364,RHO_LT_ONE_TERMINATING_COHORT,NOT_ESTIMATED_TERMINATING_COHORT,EXPLORATORY_FINITE_HORIZON_NOT_STEADY_STATE
1.0,TASK3_PEAK_DURATION_SENSITIVITY_EXPLORATORY_V1,PEAK_DURATION_S36_I21_T3600,LOCAL_WINDOW_HPP_BASE_STATIONARY_EXTENSION,36,21,3600,arrival_window_queue_growth_slope_travellers_per_second,MEAN_OF_REPLICATION_LEVEL_METRIC,50,4.2725987993e-05,0.000926607210684,0.000131042048434,49,0.95,-0.000220612867563,0.000306064843549,0.826795937552,0.844512993364,RHO_LT_ONE_TERMINATING_COHORT,NOT_ESTIMATED_TERMINATING_COHORT,EXPLORATORY_FINITE_HORIZON_NOT_STEADY_STATE
1.0,TASK3_PEAK_DURATION_SENSITIVITY_EXPLORATORY_V1,PEAK_DURATION_S36_I21_T7200,LOCAL_WINDOW_HPP_BASE_STATIONARY_EXTENSION,36,21,7200,total_queue_wait_mean_seconds,MEAN_OF_REPLICATION_LEVEL_METRIC,50,0.83502192162,0.154469385287,0.0218452699644,49,0.95,0.791122208051,0.878921635188,0.826795937552,0.844512993364,RHO_LT_ONE_TERMINATING_COHORT,NOT_ESTIMATED_TERMINATING_COHORT,EXPLORATORY_FINITE_HORIZON_NOT_STEADY_STATE
1.0,TASK3_PEAK_DURATION_SENSITIVITY_EXPLORATORY_V1,PEAK_DURATION_S36_I21_T7200,LOCAL_WINDOW_HPP_BASE_STATIONARY_EXTENSION,36,21,7200,total_queue_wait_p95_seconds,MEAN_OF_REPLICATION_LEVEL_METRIC,50,4.47154929912,0.696650250309,0.0985212232218,49,0.95,4.2735634886,4.66953510964,0.826795937552,0.844512993364,RHO_LT_ONE_TERMINATING_COHORT,NOT_ESTIMATED_TERMINATING_COHORT,EXPLORATORY_FINITE_HORIZON_NOT_STEADY_STATE
1.0,TASK3_PEAK_DURATION_SENSITIVITY_EXPLORATORY_V1,PEAK_DURATION_S36_I21_T7200,LOCAL_WINDOW_HPP_BASE_STATIONARY_EXTENSION,36,21,7200,arrival_window_time_weighted_mean_total_waiting_queue,MEAN_OF_REPLICATION_LEVEL_METRIC,50,1.13952792907,0.219162366357,0.0309942390864,49,0.95,1.07724267371,1.20181318444,0.826795937552,0.844512993364,RHO_LT_ONE_TERMINATING_COHORT,NOT_ESTIMATED_TERMINATING_COHORT,EXPLORATORY_FINITE_HORIZON_NOT_STEADY_STATE
1.0,TASK3_PEAK_DURATION_SENSITIVITY_EXPLORATORY_V1,PEAK_DURATION_S36_I21_T7200,LOCAL_WINDOW_HPP_BASE_STATIONARY_EXTENSION,36,21,7200,arrival_window_peak_total_waiting_queue,MEAN_OF_REPLICATION_LEVEL_METRIC,50,18.14,4.17480294048,0.590406293866,49,0.95,16.953534132,19.326465868,0.826795937552,0.844512993364,RHO_LT_ONE_TERMINATING_COHORT,NOT_ESTIMATED_TERMINATING_COHORT,EXPLORATORY_FINITE_HORIZON_NOT_STEADY_STATE
1.0,TASK3_PEAK_DURATION_SENSITIVITY_EXPLORATORY_V1,PEAK_DURATION_S36_I21_T7200,LOCAL_WINDOW_HPP_BASE_STATIONARY_EXTENSION,36,21,7200,security_waiting_at_cutoff,MEAN_OF_REPLICATION_LEVEL_METRIC,50,0.5,1.98206241793,0.280305955291,49,0.95,-0.063295906572,1.06329590657,0.826795937552,0.844512993364,RHO_LT_ONE_TERMINATING_COHORT,NOT_ESTIMATED_TERMINATING_COHORT,EXPLORATORY_FINITE_HORIZON_NOT_STEADY_STATE
1.0,TASK3_PEAK_DURATION_SENSITIVITY_EXPLORATORY_V1,PEAK_DURATION_S36_I21_T7200,LOCAL_WINDOW_HPP_BASE_STATIONARY_EXTENSION,36,21,7200,immigration_waiting_at_cutoff,MEAN_OF_REPLICATION_LEVEL_METRIC,50,0.9,1.78714228617,0.252740085899,49,0.95,0.392099781947,1.40790021805,0.826795937552,0.844512993364,RHO_LT_ONE_TERMINATING_COHORT,NOT_ESTIMATED_TERMINATING_COHORT,EXPLORATORY_FINITE_HORIZON_NOT_STEADY_STATE
1.0,TASK3_PEAK_DURATION_SENSITIVITY_EXPLORATORY_V1,PEAK_DURATION_S36_I21_T7200,LOCAL_WINDOW_HPP_BASE_STATIONARY_EXTENSION,36,21,7200,total_waiting_at_cutoff,MEAN_OF_REPLICATION_LEVEL_METRIC,50,1.4,2.64189171556,0.373619909446,49,0.95,0.649182681878,2.15081731812,0.826795937552,0.844512993364,RHO_LT_ONE_TERMINATING_COHORT,NOT_ESTIMATED_TERMINATING_COHORT,EXPLORATORY_FINITE_HORIZON_NOT_STEADY_STATE
1.0,TASK3_PEAK_DURATION_SENSITIVITY_EXPLORATORY_V1,PEAK_DURATION_S36_I21_T7200,LOCAL_WINDOW_HPP_BASE_STATIONARY_EXTENSION,36,21,7200,cutoff_backlog,MEAN_OF_REPLICATION_LEVEL_METRIC,50,49.02,6.95316694839,0.983326299986,49,0.95,47.0439318175,50.9960681825,0.826795937552,0.844512993364,RHO_LT_ONE_TERMINATING_COHORT,NOT_ESTIMATED_TERMINATING_COHORT,EXPLORATORY_FINITE_HORIZON_NOT_STEADY_STATE
1.0,TASK3_PEAK_DURATION_SENSITIVITY_EXPLORATORY_V1,PEAK_DURATION_S36_I21_T7200,LOCAL_WINDOW_HPP_BASE_STATIONARY_EXTENSION,36,21,7200,late_arrival_total_queue_wait_p95_seconds,MEAN_OF_REPLICATION_LEVEL_METRIC,50,4.47070416126,1.62191405111,0.229373284808,49,0.95,4.00976128805,4.93164703447,0.826795937552,0.844512993364,RHO_LT_ONE_TERMINATING_COHORT,NOT_ESTIMATED_TERMINATING_COHORT,EXPLORATORY_FINITE_HORIZON_NOT_STEADY_STATE
1.0,TASK3_PEAK_DURATION_SENSITIVITY_EXPLORATORY_V1,PEAK_DURATION_S36_I21_T7200,LOCAL_WINDOW_HPP_BASE_STATIONARY_EXTENSION,36,21,7200,cohort_clear_time_after_cutoff_seconds,MEAN_OF_REPLICATION_LEVEL_METRIC,50,34.8641136459,2.02701332625,0.286662973709,49,0.95,34.2880428325,35.4401844593,0.826795937552,0.844512993364,RHO_LT_ONE_TERMINATING_COHORT,NOT_ESTIMATED_TERMINATING_COHORT,EXPLORATORY_FINITE_HORIZON_NOT_STEADY_STATE
1.0,TASK3_PEAK_DURATION_SENSITIVITY_EXPLORATORY_V1,PEAK_DURATION_S36_I21_T7200,LOCAL_WINDOW_HPP_BASE_STATIONARY_EXTENSION,36,21,7200,queue_mean_window_50_60,MEAN_OF_REPLICATION_LEVEL_METRIC,50,1.13461948386,0.643803724741,0.0910475959035,49,0.95,0.951652489732,1.31758647799,0.826795937552,0.844512993364,RHO_LT_ONE_TERMINATING_COHORT,NOT_ESTIMATED_TERMINATING_COHORT,EXPLORATORY_FINITE_HORIZON_NOT_STEADY_STATE
1.0,TASK3_PEAK_DURATION_SENSITIVITY_EXPLORATORY_V1,PEAK_DURATION_S36_I21_T7200,LOCAL_WINDOW_HPP_BASE_STATIONARY_EXTENSION,36,21,7200,queue_mean_window_60_70,MEAN_OF_REPLICATION_LEVEL_METRIC,50,1.1706809684,0.560913475018,0.0793251443688,49,0.95,1.0112711226,1.33009081421,0.826795937552,0.844512993364,RHO_LT_ONE_TERMINATING_COHORT,NOT_ESTIMATED_TERMINATING_COHORT,EXPLORATORY_FINITE_HORIZON_NOT_STEADY_STATE
1.0,TASK3_PEAK_DURATION_SENSITIVITY_EXPLORATORY_V1,PEAK_DURATION_S36_I21_T7200,LOCAL_WINDOW_HPP_BASE_STATIONARY_EXTENSION,36,21,7200,queue_mean_window_70_80,MEAN_OF_REPLICATION_LEVEL_METRIC,50,1.12174937142,0.574043213936,0.0811819698537,49,0.95,0.958608095097,1.28489064774,0.826795937552,0.844512993364,RHO_LT_ONE_TERMINATING_COHORT,NOT_ESTIMATED_TERMINATING_COHORT,EXPLORATORY_FINITE_HORIZON_NOT_STEADY_STATE
1.0,TASK3_PEAK_DURATION_SENSITIVITY_EXPLORATORY_V1,PEAK_DURATION_S36_I21_T7200,LOCAL_WINDOW_HPP_BASE_STATIONARY_EXTENSION,36,21,7200,queue_mean_window_80_90,MEAN_OF_REPLICATION_LEVEL_METRIC,50,1.10788136928,0.639204772308,0.0903972058131,49,0.95,0.926221382973,1.28954135559,0.826795937552,0.844512993364,RHO_LT_ONE_TERMINATING_COHORT,NOT_ESTIMATED_TERMINATING_COHORT,EXPLORATORY_FINITE_HORIZON_NOT_STEADY_STATE
1.0,TASK3_PEAK_DURATION_SENSITIVITY_EXPLORATORY_V1,PEAK_DURATION_S36_I21_T7200,LOCAL_WINDOW_HPP_BASE_STATIONARY_EXTENSION,36,21,7200,queue_mean_window_90_100,MEAN_OF_REPLICATION_LEVEL_METRIC,50,1.18288633952,0.766998012246,0.108469899123,49,0.95,0.964907916273,1.40086476278,0.826795937552,0.844512993364,RHO_LT_ONE_TERMINATING_COHORT,NOT_ESTIMATED_TERMINATING_COHORT,EXPLORATORY_FINITE_HORIZON_NOT_STEADY_STATE
1.0,TASK3_PEAK_DURATION_SENSITIVITY_EXPLORATORY_V1,PEAK_DURATION_S36_I21_T7200,LOCAL_WINDOW_HPP_BASE_STATIONARY_EXTENSION,36,21,7200,arrival_window_queue_growth_slope_travellers_per_second,MEAN_OF_REPLICATION_LEVEL_METRIC,50,4.68529336238e-06,0.000240845717477,3.40607280095e-05,49,0.95,-6.37623022042e-05,7.31328889289e-05,0.826795937552,0.844512993364,RHO_LT_ONE_TERMINATING_COHORT,NOT_ESTIMATED_TERMINATING_COHORT,EXPLORATORY_FINITE_HORIZON_NOT_STEADY_STATE
1.0,TASK3_PEAK_DURATION_SENSITIVITY_EXPLORATORY_V1,PEAK_DURATION_S30_I18_T300,LOCAL_WINDOW_HPP_BASE_STATIONARY_EXTENSION,30,18,300,total_queue_wait_mean_seconds,MEAN_OF_REPLICATION_LEVEL_METRIC,50,5.89613083734,4.25025703612,0.601077114405,49,0.95,4.68822115263,7.10404052205,0.992155125062,0.985265158924,RHO_LT_ONE_TERMINATING_COHORT,NOT_ESTIMATED_TERMINATING_COHORT,EXPLORATORY_FINITE_HORIZON_NOT_STEADY_STATE
1.0,TASK3_PEAK_DURATION_SENSITIVITY_EXPLORATORY_V1,PEAK_DURATION_S30_I18_T300,LOCAL_WINDOW_HPP_BASE_STATIONARY_EXTENSION,30,18,300,total_queue_wait_p95_seconds,MEAN_OF_REPLICATION_LEVEL_METRIC,50,13.5561421373,7.05486448255,0.997708503192,49,0.95,11.5511718354,15.5611124392,0.992155125062,0.985265158924,RHO_LT_ONE_TERMINATING_COHORT,NOT_ESTIMATED_TERMINATING_COHORT,EXPLORATORY_FINITE_HORIZON_NOT_STEADY_STATE
1.0,TASK3_PEAK_DURATION_SENSITIVITY_EXPLORATORY_V1,PEAK_DURATION_S30_I18_T300,LOCAL_WINDOW_HPP_BASE_STATIONARY_EXTENSION,30,18,300,arrival_window_time_weighted_mean_total_waiting_queue,MEAN_OF_REPLICATION_LEVEL_METRIC,50,7.81980438947,5.97539661602,0.845048693493,49,0.95,6.12161546086,9.51799331808,0.992155125062,0.985265158924,RHO_LT_ONE_TERMINATING_COHORT,NOT_ESTIMATED_TERMINATING_COHORT,EXPLORATORY_FINITE_HORIZON_NOT_STEADY_STATE
1.0,TASK3_PEAK_DURATION_SENSITIVITY_EXPLORATORY_V1,PEAK_DURATION_S30_I18_T300,LOCAL_WINDOW_HPP_BASE_STATIONARY_EXTENSION,30,18,300,arrival_window_peak_total_waiting_queue,MEAN_OF_REPLICATION_LEVEL_METRIC,50,22.48,10.043253396,1.42033051629,49,0.95,19.6257389659,25.3342610341,0.992155125062,0.985265158924,RHO_LT_ONE_TERMINATING_COHORT,NOT_ESTIMATED_TERMINATING_COHORT,EXPLORATORY_FINITE_HORIZON_NOT_STEADY_STATE
1.0,TASK3_PEAK_DURATION_SENSITIVITY_EXPLORATORY_V1,PEAK_DURATION_S30_I18_T300,LOCAL_WINDOW_HPP_BASE_STATIONARY_EXTENSION,30,18,300,security_waiting_at_cutoff,MEAN_OF_REPLICATION_LEVEL_METRIC,50,13,11.2956556576,1.59744694269,49,0.95,9.78981018135,16.2101898186,0.992155125062,0.985265158924,RHO_LT_ONE_TERMINATING_COHORT,NOT_ESTIMATED_TERMINATING_COHORT,EXPLORATORY_FINITE_HORIZON_NOT_STEADY_STATE
1.0,TASK3_PEAK_DURATION_SENSITIVITY_EXPLORATORY_V1,PEAK_DURATION_S30_I18_T300,LOCAL_WINDOW_HPP_BASE_STATIONARY_EXTENSION,30,18,300,immigration_waiting_at_cutoff,MEAN_OF_REPLICATION_LEVEL_METRIC,50,1.36,1.54866631233,0.219014490248,49,0.95,0.919873903824,1.80012609618,0.992155125062,0.985265158924,RHO_LT_ONE_TERMINATING_COHORT,NOT_ESTIMATED_TERMINATING_COHORT,EXPLORATORY_FINITE_HORIZON_NOT_STEADY_STATE
1.0,TASK3_PEAK_DURATION_SENSITIVITY_EXPLORATORY_V1,PEAK_DURATION_S30_I18_T300,LOCAL_WINDOW_HPP_BASE_STATIONARY_EXTENSION,30,18,300,total_waiting_at_cutoff,MEAN_OF_REPLICATION_LEVEL_METRIC,50,14.36,11.5259423449,1.63001439833,49,0.95,11.0843634289,17.6356365711,0.992155125062,0.985265158924,RHO_LT_ONE_TERMINATING_COHORT,NOT_ESTIMATED_TERMINATING_COHORT,EXPLORATORY_FINITE_HORIZON_NOT_STEADY_STATE
1.0,TASK3_PEAK_DURATION_SENSITIVITY_EXPLORATORY_V1,PEAK_DURATION_S30_I18_T300,LOCAL_WINDOW_HPP_BASE_STATIONARY_EXTENSION,30,18,300,cutoff_backlog,MEAN_OF_REPLICATION_LEVEL_METRIC,50,61,13.5013226865,1.90937536533,49,0.95,57.1629665475,64.8370334525,0.992155125062,0.985265158924,RHO_LT_ONE_TERMINATING_COHORT,NOT_ESTIMATED_TERMINATING_COHORT,EXPLORATORY_FINITE_HORIZON_NOT_STEADY_STATE
1.0,TASK3_PEAK_DURATION_SENSITIVITY_EXPLORATORY_V1,PEAK_DURATION_S30_I18_T300,LOCAL_WINDOW_HPP_BASE_STATIONARY_EXTENSION,30,18,300,late_arrival_total_queue_wait_p95_seconds,MEAN_OF_REPLICATION_LEVEL_METRIC,50,13.0481027088,7.77806819474,1.09998495301,49,0.95,10.837600186,15.2586052316,0.992155125062,0.985265158924,RHO_LT_ONE_TERMINATING_COHORT,NOT_ESTIMATED_TERMINATING_COHORT,EXPLORATORY_FINITE_HORIZON_NOT_STEADY_STATE
1.0,TASK3_PEAK_DURATION_SENSITIVITY_EXPLORATORY_V1,PEAK_DURATION_S30_I18_T300,LOCAL_WINDOW_HPP_BASE_STATIONARY_EXTENSION,30,18,300,cohort_clear_time_after_cutoff_seconds,MEAN_OF_REPLICATION_LEVEL_METRIC,50,44.9496280339,8.47706213325,1.19883762379,49,0.95,42.5404736318,47.3587824361,0.992155125062,0.985265158924,RHO_LT_ONE_TERMINATING_COHORT,NOT_ESTIMATED_TERMINATING_COHORT,EXPLORATORY_FINITE_HORIZON_NOT_STEADY_STATE
1.0,TASK3_PEAK_DURATION_SENSITIVITY_EXPLORATORY_V1,PEAK_DURATION_S30_I18_T300,LOCAL_WINDOW_HPP_BASE_STATIONARY_EXTENSION,30,18,300,queue_mean_window_50_60,MEAN_OF_REPLICATION_LEVEL_METRIC,50,9.07548569483,9.23737966711,1.3063627606,49,0.95,6.45025144041,11.7007199492,0.992155125062,0.985265158924,RHO_LT_ONE_TERMINATING_COHORT,NOT_ESTIMATED_TERMINATING_COHORT,EXPLORATORY_FINITE_HORIZON_NOT_STEADY_STATE
1.0,TASK3_PEAK_DURATION_SENSITIVITY_EXPLORATORY_V1,PEAK_DURATION_S30_I18_T300,LOCAL_WINDOW_HPP_BASE_STATIONARY_EXTENSION,30,18,300,queue_mean_window_60_70,MEAN_OF_REPLICATION_LEVEL_METRIC,50,10.1514630188,9.9177094116,1.40257591576,49,0.95,7.3328811903,12.9700448473,0.992155125062,0.985265158924,RHO_LT_ONE_TERMINATING_COHORT,NOT_ESTIMATED_TERMINATING_COHORT,EXPLORATORY_FINITE_HORIZON_NOT_STEADY_STATE
1.0,TASK3_PEAK_DURATION_SENSITIVITY_EXPLORATORY_V1,PEAK_DURATION_S30_I18_T300,LOCAL_WINDOW_HPP_BASE_STATIONARY_EXTENSION,30,18,300,queue_mean_window_70_80,MEAN_OF_REPLICATION_LEVEL_METRIC,50,10.3835487936,9.73708308558,1.37703149576,49,0.95,7.61630039903,13.1507971883,0.992155125062,0.985265158924,RHO_LT_ONE_TERMINATING_COHORT,NOT_ESTIMATED_TERMINATING_COHORT,EXPLORATORY_FINITE_HORIZON_NOT_STEADY_STATE
1.0,TASK3_PEAK_DURATION_SENSITIVITY_EXPLORATORY_V1,PEAK_DURATION_S30_I18_T300,LOCAL_WINDOW_HPP_BASE_STATIONARY_EXTENSION,30,18,300,queue_mean_window_80_90,MEAN_OF_REPLICATION_LEVEL_METRIC,50,11.3027539826,10.0992130121,1.42824440111,49,0.95,8.43258940161,14.1729185637,0.992155125062,0.985265158924,RHO_LT_ONE_TERMINATING_COHORT,NOT_ESTIMATED_TERMINATING_COHORT,EXPLORATORY_FINITE_HORIZON_NOT_STEADY_STATE
1.0,TASK3_PEAK_DURATION_SENSITIVITY_EXPLORATORY_V1,PEAK_DURATION_S30_I18_T300,LOCAL_WINDOW_HPP_BASE_STATIONARY_EXTENSION,30,18,300,queue_mean_window_90_100,MEAN_OF_REPLICATION_LEVEL_METRIC,50,13.5049035087,10.7262924115,1.51692682023,49,0.95,10.4565249342,16.5532820832,0.992155125062,0.985265158924,RHO_LT_ONE_TERMINATING_COHORT,NOT_ESTIMATED_TERMINATING_COHORT,EXPLORATORY_FINITE_HORIZON_NOT_STEADY_STATE
1.0,TASK3_PEAK_DURATION_SENSITIVITY_EXPLORATORY_V1,PEAK_DURATION_S30_I18_T300,LOCAL_WINDOW_HPP_BASE_STATIONARY_EXTENSION,30,18,300,arrival_window_queue_growth_slope_travellers_per_second,MEAN_OF_REPLICATION_LEVEL_METRIC,50,0.0333670886386,0.0777204447087,0.0109913306981,49,0.95,0.0112791826447,0.0554549946326,0.992155125062,0.985265158924,RHO_LT_ONE_TERMINATING_COHORT,NOT_ESTIMATED_TERMINATING_COHORT,EXPLORATORY_FINITE_HORIZON_NOT_STEADY_STATE
1.0,TASK3_PEAK_DURATION_SENSITIVITY_EXPLORATORY_V1,PEAK_DURATION_S30_I18_T900,LOCAL_WINDOW_HPP_BASE_STATIONARY_EXTENSION,30,18,900,total_queue_wait_mean_seconds,MEAN_OF_REPLICATION_LEVEL_METRIC,50,10.1669597581,7.90827429883,1.11839887684,49,0.95,7.91945306993,12.4144664462,0.992155125062,0.985265158924,RHO_LT_ONE_TERMINATING_COHORT,NOT_ESTIMATED_TERMINATING_COHORT,EXPLORATORY_FINITE_HORIZON_NOT_STEADY_STATE
1.0,TASK3_PEAK_DURATION_SENSITIVITY_EXPLORATORY_V1,PEAK_DURATION_S30_I18_T900,LOCAL_WINDOW_HPP_BASE_STATIONARY_EXTENSION,30,18,900,total_queue_wait_p95_seconds,MEAN_OF_REPLICATION_LEVEL_METRIC,50,22.0741247392,12.1249814573,1.71473132204,49,0.95,18.6282431361,25.5200063423,0.992155125062,0.985265158924,RHO_LT_ONE_TERMINATING_COHORT,NOT_ESTIMATED_TERMINATING_COHORT,EXPLORATORY_FINITE_HORIZON_NOT_STEADY_STATE
1.0,TASK3_PEAK_DURATION_SENSITIVITY_EXPLORATORY_V1,PEAK_DURATION_S30_I18_T900,LOCAL_WINDOW_HPP_BASE_STATIONARY_EXTENSION,30,18,900,arrival_window_time_weighted_mean_total_waiting_queue,MEAN_OF_REPLICATION_LEVEL_METRIC,50,13.7382673916,11.0636542531,1.56463698941,49,0.95,10.5940116426,16.8825231407,0.992155125062,0.985265158924,RHO_LT_ONE_TERMINATING_COHORT,NOT_ESTIMATED_TERMINATING_COHORT,EXPLORATORY_FINITE_HORIZON_NOT_STEADY_STATE
1.0,TASK3_PEAK_DURATION_SENSITIVITY_EXPLORATORY_V1,PEAK_DURATION_S30_I18_T900,LOCAL_WINDOW_HPP_BASE_STATIONARY_EXTENSION,30,18,900,arrival_window_peak_total_waiting_queue,MEAN_OF_REPLICATION_LEVEL_METRIC,50,37.02,18.1158291366,2.56196512586,49,0.95,31.8715383247,42.1684616753,0.992155125062,0.985265158924,RHO_LT_ONE_TERMINATING_COHORT,NOT_ESTIMATED_TERMINATING_COHORT,EXPLORATORY_FINITE_HORIZON_NOT_STEADY_STATE
1.0,TASK3_PEAK_DURATION_SENSITIVITY_EXPLORATORY_V1,PEAK_DURATION_S30_I18_T900,LOCAL_WINDOW_HPP_BASE_STATIONARY_EXTENSION,30,18,900,security_waiting_at_cutoff,MEAN_OF_REPLICATION_LEVEL_METRIC,50,19.6,21.9303163568,3.10141508189,49,0.95,13.3674730514,25.8325269486,0.992155125062,0.985265158924,RHO_LT_ONE_TERMINATING_COHORT,NOT_ESTIMATED_TERMINATING_COHORT,EXPLORATORY_FINITE_HORIZON_NOT_STEADY_STATE
1.0,TASK3_PEAK_DURATION_SENSITIVITY_EXPLORATORY_V1,PEAK_DURATION_S30_I18_T900,LOCAL_WINDOW_HPP_BASE_STATIONARY_EXTENSION,30,18,900,immigration_waiting_at_cutoff,MEAN_OF_REPLICATION_LEVEL_METRIC,50,1.38,1.8057730551,0.255374874509,49,0.95,0.866804976001,1.893195024,0.992155125062,0.985265158924,RHO_LT_ONE_TERMINATING_COHORT,NOT_ESTIMATED_TERMINATING_COHORT,EXPLORATORY_FINITE_HORIZON_NOT_STEADY_STATE
1.0,TASK3_PEAK_DURATION_SENSITIVITY_EXPLORATORY_V1,PEAK_DURATION_S30_I18_T900,LOCAL_WINDOW_HPP_BASE_STATIONARY_EXTENSION,30,18,900,total_waiting_at_cutoff,MEAN_OF_REPLICATION_LEVEL_METRIC,50,20.98,21.9605304571,3.10568800094,49,0.95,14.7388862991,27.2211137009,0.992155125062,0.985265158924,RHO_LT_ONE_TERMINATING_COHORT,NOT_ESTIMATED_TERMINATING_COHORT,EXPLORATORY_FINITE_HORIZON_NOT_STEADY_STATE
1.0,TASK3_PEAK_DURATION_SENSITIVITY_EXPLORATORY_V1,PEAK_DURATION_S30_I18_T900,LOCAL_WINDOW_HPP_BASE_STATIONARY_EXTENSION,30,18,900,cutoff_backlog,MEAN_OF_REPLICATION_LEVEL_METRIC,50,67.72,23.0332855863,3.25739848621,49,0.95,61.1740126647,74.2659873353,0.992155125062,0.985265158924,RHO_LT_ONE_TERMINATING_COHORT,NOT_ESTIMATED_TERMINATING_COHORT,EXPLORATORY_FINITE_HORIZON_NOT_STEADY_STATE
1.0,TASK3_PEAK_DURATION_SENSITIVITY_EXPLORATORY_V1,PEAK_DURATION_S30_I18_T900,LOCAL_WINDOW_HPP_BASE_STATIONARY_EXTENSION,30,18,900,late_arrival_total_queue_wait_p95_seconds,MEAN_OF_REPLICATION_LEVEL_METRIC,50,20.5713345498,14.3166682809,2.02468264509,49,0.95,16.5025824432,24.6400866564,0.992155125062,0.985265158924,RHO_LT_ONE_TERMINATING_COHORT,NOT_ESTIMATED_TERMINATING_COHORT,EXPLORATORY_FINITE_HORIZON_NOT_STEADY_STATE
1.0,TASK3_PEAK_DURATION_SENSITIVITY_EXPLORATORY_V1,PEAK_DURATION_S30_I18_T900,LOCAL_WINDOW_HPP_BASE_STATIONARY_EXTENSION,30,18,900,cohort_clear_time_after_cutoff_seconds,MEAN_OF_REPLICATION_LEVEL_METRIC,50,49.6394985479,16.1493667896,2.28386535376,49,0.95,45.0498992881,54.2290978078,0.992155125062,0.985265158924,RHO_LT_ONE_TERMINATING_COHORT,NOT_ESTIMATED_TERMINATING_COHORT,EXPLORATORY_FINITE_HORIZON_NOT_STEADY_STATE
1.0,TASK3_PEAK_DURATION_SENSITIVITY_EXPLORATORY_V1,PEAK_DURATION_S30_I18_T900,LOCAL_WINDOW_HPP_BASE_STATIONARY_EXTENSION,30,18,900,queue_mean_window_50_60,MEAN_OF_REPLICATION_LEVEL_METRIC,50,15.8500486376,15.4534467833,2.18544740264,49,0.95,11.4582276552,20.24186962,0.992155125062,0.985265158924,RHO_LT_ONE_TERMINATING_COHORT,NOT_ESTIMATED_TERMINATING_COHORT,EXPLORATORY_FINITE_HORIZON_NOT_STEADY_STATE
1.0,TASK3_PEAK_DURATION_SENSITIVITY_EXPLORATORY_V1,PEAK_DURATION_S30_I18_T900,LOCAL_WINDOW_HPP_BASE_STATIONARY_EXTENSION,30,18,900,queue_mean_window_60_70,MEAN_OF_REPLICATION_LEVEL_METRIC,50,16.8399521798,16.0598776518,2.27120967853,49,0.95,12.2757854515,21.4041189081,0.992155125062,0.985265158924,RHO_LT_ONE_TERMINATING_COHORT,NOT_ESTIMATED_TERMINATING_COHORT,EXPLORATORY_FINITE_HORIZON_NOT_STEADY_STATE
1.0,TASK3_PEAK_DURATION_SENSITIVITY_EXPLORATORY_V1,PEAK_DURATION_S30_I18_T900,LOCAL_WINDOW_HPP_BASE_STATIONARY_EXTENSION,30,18,900,queue_mean_window_70_80,MEAN_OF_REPLICATION_LEVEL_METRIC,50,17.3581583261,17.9461495063,2.53796880242,49,0.95,12.2579190682,22.458397584,0.992155125062,0.985265158924,RHO_LT_ONE_TERMINATING_COHORT,NOT_ESTIMATED_TERMINATING_COHORT,EXPLORATORY_FINITE_HORIZON_NOT_STEADY_STATE
1.0,TASK3_PEAK_DURATION_SENSITIVITY_EXPLORATORY_V1,PEAK_DURATION_S30_I18_T900,LOCAL_WINDOW_HPP_BASE_STATIONARY_EXTENSION,30,18,900,queue_mean_window_80_90,MEAN_OF_REPLICATION_LEVEL_METRIC,50,17.4975867828,17.2760758121,2.44320607181,49,0.95,12.5877803616,22.4073932039,0.992155125062,0.985265158924,RHO_LT_ONE_TERMINATING_COHORT,NOT_ESTIMATED_TERMINATING_COHORT,EXPLORATORY_FINITE_HORIZON_NOT_STEADY_STATE
1.0,TASK3_PEAK_DURATION_SENSITIVITY_EXPLORATORY_V1,PEAK_DURATION_S30_I18_T900,LOCAL_WINDOW_HPP_BASE_STATIONARY_EXTENSION,30,18,900,queue_mean_window_90_100,MEAN_OF_REPLICATION_LEVEL_METRIC,50,19.3638876842,18.9949948466,2.68629793293,49,0.95,13.9655698786,24.7622054898,0.992155125062,0.985265158924,RHO_LT_ONE_TERMINATING_COHORT,NOT_ESTIMATED_TERMINATING_COHORT,EXPLORATORY_FINITE_HORIZON_NOT_STEADY_STATE
1.0,TASK3_PEAK_DURATION_SENSITIVITY_EXPLORATORY_V1,PEAK_DURATION_S30_I18_T900,LOCAL_WINDOW_HPP_BASE_STATIONARY_EXTENSION,30,18,900,arrival_window_queue_growth_slope_travellers_per_second,MEAN_OF_REPLICATION_LEVEL_METRIC,50,0.00853923632904,0.0416325030118,0.00588772503948,49,0.95,-0.00329259011332,0.0203710627714,0.992155125062,0.985265158924,RHO_LT_ONE_TERMINATING_COHORT,NOT_ESTIMATED_TERMINATING_COHORT,EXPLORATORY_FINITE_HORIZON_NOT_STEADY_STATE
1.0,TASK3_PEAK_DURATION_SENSITIVITY_EXPLORATORY_V1,PEAK_DURATION_S30_I18_T1800,LOCAL_WINDOW_HPP_BASE_STATIONARY_EXTENSION,30,18,1800,total_queue_wait_mean_seconds,MEAN_OF_REPLICATION_LEVEL_METRIC,50,14.0361135446,9.90022581361,1.40010336162,49,0.95,11.2225004997,16.8497265895,0.992155125062,0.985265158924,RHO_LT_ONE_TERMINATING_COHORT,NOT_ESTIMATED_TERMINATING_COHORT,EXPLORATORY_FINITE_HORIZON_NOT_STEADY_STATE
1.0,TASK3_PEAK_DURATION_SENSITIVITY_EXPLORATORY_V1,PEAK_DURATION_S30_I18_T1800,LOCAL_WINDOW_HPP_BASE_STATIONARY_EXTENSION,30,18,1800,total_queue_wait_p95_seconds,MEAN_OF_REPLICATION_LEVEL_METRIC,50,29.7212422633,14.4359885892,2.04155708491,49,0.95,25.6185797002,33.8239048263,0.992155125062,0.985265158924,RHO_LT_ONE_TERMINATING_COHORT,NOT_ESTIMATED_TERMINATING_COHORT,EXPLORATORY_FINITE_HORIZON_NOT_STEADY_STATE
1.0,TASK3_PEAK_DURATION_SENSITIVITY_EXPLORATORY_V1,PEAK_DURATION_S30_I18_T1800,LOCAL_WINDOW_HPP_BASE_STATIONARY_EXTENSION,30,18,1800,arrival_window_time_weighted_mean_total_waiting_queue,MEAN_OF_REPLICATION_LEVEL_METRIC,50,19.0950053736,13.8113289448,1.95321687082,49,0.95,15.1698691173,23.02014163,0.992155125062,0.985265158924,RHO_LT_ONE_TERMINATING_COHORT,NOT_ESTIMATED_TERMINATING_COHORT,EXPLORATORY_FINITE_HORIZON_NOT_STEADY_STATE
1.0,TASK3_PEAK_DURATION_SENSITIVITY_EXPLORATORY_V1,PEAK_DURATION_S30_I18_T1800,LOCAL_WINDOW_HPP_BASE_STATIONARY_EXTENSION,30,18,1800,arrival_window_peak_total_waiting_queue,MEAN_OF_REPLICATION_LEVEL_METRIC,50,50.64,20.2320820198,2.86124847875,49,0.95,44.8901059098,56.3898940902,0.992155125062,0.985265158924,RHO_LT_ONE_TERMINATING_COHORT,NOT_ESTIMATED_TERMINATING_COHORT,EXPLORATORY_FINITE_HORIZON_NOT_STEADY_STATE
1.0,TASK3_PEAK_DURATION_SENSITIVITY_EXPLORATORY_V1,PEAK_DURATION_S30_I18_T1800,LOCAL_WINDOW_HPP_BASE_STATIONARY_EXTENSION,30,18,1800,security_waiting_at_cutoff,MEAN_OF_REPLICATION_LEVEL_METRIC,50,25.3,22.0308225642,3.11562880606,49,0.95,19.0389095033,31.5610904967,0.992155125062,0.985265158924,RHO_LT_ONE_TERMINATING_COHORT,NOT_ESTIMATED_TERMINATING_COHORT,EXPLORATORY_FINITE_HORIZON_NOT_STEADY_STATE
1.0,TASK3_PEAK_DURATION_SENSITIVITY_EXPLORATORY_V1,PEAK_DURATION_S30_I18_T1800,LOCAL_WINDOW_HPP_BASE_STATIONARY_EXTENSION,30,18,1800,immigration_waiting_at_cutoff,MEAN_OF_REPLICATION_LEVEL_METRIC,50,1.76,1.59795788047,0.225985370666,49,0.95,1.30586539516,2.21413460484,0.992155125062,0.985265158924,RHO_LT_ONE_TERMINATING_COHORT,NOT_ESTIMATED_TERMINATING_COHORT,EXPLORATORY_FINITE_HORIZON_NOT_STEADY_STATE
1.0,TASK3_PEAK_DURATION_SENSITIVITY_EXPLORATORY_V1,PEAK_DURATION_S30_I18_T1800,LOCAL_WINDOW_HPP_BASE_STATIONARY_EXTENSION,30,18,1800,total_waiting_at_cutoff,MEAN_OF_REPLICATION_LEVEL_METRIC,50,27.06,22.4630399382,3.17675357327,49,0.95,20.6760746847,33.4439253153,0.992155125062,0.985265158924,RHO_LT_ONE_TERMINATING_COHORT,NOT_ESTIMATED_TERMINATING_COHORT,EXPLORATORY_FINITE_HORIZON_NOT_STEADY_STATE
1.0,TASK3_PEAK_DURATION_SENSITIVITY_EXPLORATORY_V1,PEAK_DURATION_S30_I18_T1800,LOCAL_WINDOW_HPP_BASE_STATIONARY_EXTENSION,30,18,1800,cutoff_backlog,MEAN_OF_REPLICATION_LEVEL_METRIC,50,74.44,23.2362840824,3.28610680885,49,0.95,67.8363211304,81.0436788696,0.992155125062,0.985265158924,RHO_LT_ONE_TERMINATING_COHORT,NOT_ESTIMATED_TERMINATING_COHORT,EXPLORATORY_FINITE_HORIZON_NOT_STEADY_STATE
1.0,TASK3_PEAK_DURATION_SENSITIVITY_EXPLORATORY_V1,PEAK_DURATION_S30_I18_T1800,LOCAL_WINDOW_HPP_BASE_STATIONARY_EXTENSION,30,18,1800,late_arrival_total_queue_wait_p95_seconds,MEAN_OF_REPLICATION_LEVEL_METRIC,50,28.0506380855,16.30611881,2.30603343707,49,0.95,23.4164903944,32.6847857766,0.992155125062,0.985265158924,RHO_LT_ONE_TERMINATING_COHORT,NOT_ESTIMATED_TERMINATING_COHORT,EXPLORATORY_FINITE_HORIZON_NOT_STEADY_STATE
1.0,TASK3_PEAK_DURATION_SENSITIVITY_EXPLORATORY_V1,PEAK_DURATION_S30_I18_T1800,LOCAL_WINDOW_HPP_BASE_STATIONARY_EXTENSION,30,18,1800,cohort_clear_time_after_cutoff_seconds,MEAN_OF_REPLICATION_LEVEL_METRIC,50,54.2504573991,16.2281785119,2.29501101442,49,0.95,49.6384600955,58.8624547026,0.992155125062,0.985265158924,RHO_LT_ONE_TERMINATING_COHORT,NOT_ESTIMATED_TERMINATING_COHORT,EXPLORATORY_FINITE_HORIZON_NOT_STEADY_STATE
1.0,TASK3_PEAK_DURATION_SENSITIVITY_EXPLORATORY_V1,PEAK_DURATION_S30_I18_T1800,LOCAL_WINDOW_HPP_BASE_STATIONARY_EXTENSION,30,18,1800,queue_mean_window_50_60,MEAN_OF_REPLICATION_LEVEL_METRIC,50,21.6625758879,19.1922752889,2.71419760063,49,0.95,16.208191601,27.1169601748,0.992155125062,0.985265158924,RHO_LT_ONE_TERMINATING_COHORT,NOT_ESTIMATED_TERMINATING_COHORT,EXPLORATORY_FINITE_HORIZON_NOT_STEADY_STATE
1.0,TASK3_PEAK_DURATION_SENSITIVITY_EXPLORATORY_V1,PEAK_DURATION_S30_I18_T1800,LOCAL_WINDOW_HPP_BASE_STATIONARY_EXTENSION,30,18,1800,queue_mean_window_60_70,MEAN_OF_REPLICATION_LEVEL_METRIC,50,22.4915019721,20.3825263977,2.88252452671,49,0.95,16.6988520628,28.2841518814,0.992155125062,0.985265158924,RHO_LT_ONE_TERMINATING_COHORT,NOT_ESTIMATED_TERMINATING_COHORT,EXPLORATORY_FINITE_HORIZON_NOT_STEADY_STATE
1.0,TASK3_PEAK_DURATION_SENSITIVITY_EXPLORATORY_V1,PEAK_DURATION_S30_I18_T1800,LOCAL_WINDOW_HPP_BASE_STATIONARY_EXTENSION,30,18,1800,queue_mean_window_70_80,MEAN_OF_REPLICATION_LEVEL_METRIC,50,23.9742546335,22.7753371864,3.22091907367,49,0.95,17.5015754223,30.4469338447,0.992155125062,0.985265158924,RHO_LT_ONE_TERMINATING_COHORT,NOT_ESTIMATED_TERMINATING_COHORT,EXPLORATORY_FINITE_HORIZON_NOT_STEADY_STATE
1.0,TASK3_PEAK_DURATION_SENSITIVITY_EXPLORATORY_V1,PEAK_DURATION_S30_I18_T1800,LOCAL_WINDOW_HPP_BASE_STATIONARY_EXTENSION,30,18,1800,queue_mean_window_80_90,MEAN_OF_REPLICATION_LEVEL_METRIC,50,25.8369991906,22.3728011102,3.16399187583,49,0.95,19.4787194665,32.1952789148,0.992155125062,0.985265158924,RHO_LT_ONE_TERMINATING_COHORT,NOT_ESTIMATED_TERMINATING_COHORT,EXPLORATORY_FINITE_HORIZON_NOT_STEADY_STATE
1.0,TASK3_PEAK_DURATION_SENSITIVITY_EXPLORATORY_V1,PEAK_DURATION_S30_I18_T1800,LOCAL_WINDOW_HPP_BASE_STATIONARY_EXTENSION,30,18,1800,queue_mean_window_90_100,MEAN_OF_REPLICATION_LEVEL_METRIC,50,28.293385094,22.4072722437,3.16886683028,49,0.95,21.9253087821,34.6614614059,0.992155125062,0.985265158924,RHO_LT_ONE_TERMINATING_COHORT,NOT_ESTIMATED_TERMINATING_COHORT,EXPLORATORY_FINITE_HORIZON_NOT_STEADY_STATE
1.0,TASK3_PEAK_DURATION_SENSITIVITY_EXPLORATORY_V1,PEAK_DURATION_S30_I18_T1800,LOCAL_WINDOW_HPP_BASE_STATIONARY_EXTENSION,30,18,1800,arrival_window_queue_growth_slope_travellers_per_second,MEAN_OF_REPLICATION_LEVEL_METRIC,50,0.00922617535041,0.0260420037948,0.0036828954958,49,0.95,0.00182511976112,0.0166272309397,0.992155125062,0.985265158924,RHO_LT_ONE_TERMINATING_COHORT,NOT_ESTIMATED_TERMINATING_COHORT,EXPLORATORY_FINITE_HORIZON_NOT_STEADY_STATE
1.0,TASK3_PEAK_DURATION_SENSITIVITY_EXPLORATORY_V1,PEAK_DURATION_S30_I18_T3600,LOCAL_WINDOW_HPP_BASE_STATIONARY_EXTENSION,30,18,3600,total_queue_wait_mean_seconds,MEAN_OF_REPLICATION_LEVEL_METRIC,50,19.5932622206,10.8746721191,1.53791087973,49,0.95,16.5027145998,22.6838098415,0.992155125062,0.985265158924,RHO_LT_ONE_TERMINATING_COHORT,NOT_ESTIMATED_TERMINATING_COHORT,EXPLORATORY_FINITE_HORIZON_NOT_STEADY_STATE
1.0,TASK3_PEAK_DURATION_SENSITIVITY_EXPLORATORY_V1,PEAK_DURATION_S30_I18_T3600,LOCAL_WINDOW_HPP_BASE_STATIONARY_EXTENSION,30,18,3600,total_queue_wait_p95_seconds,MEAN_OF_REPLICATION_LEVEL_METRIC,50,42.4814268731,16.6579490067,2.35578974065,49,0.95,37.7472901464,47.2155635998,0.992155125062,0.985265158924,RHO_LT_ONE_TERMINATING_COHORT,NOT_ESTIMATED_TERMINATING_COHORT,EXPLORATORY_FINITE_HORIZON_NOT_STEADY_STATE
1.0,TASK3_PEAK_DURATION_SENSITIVITY_EXPLORATORY_V1,PEAK_DURATION_S30_I18_T3600,LOCAL_WINDOW_HPP_BASE_STATIONARY_EXTENSION,30,18,3600,arrival_window_time_weighted_mean_total_waiting_queue,MEAN_OF_REPLICATION_LEVEL_METRIC,50,26.6611020357,15.0454914195,2.1277538018,49,0.95,22.3852206849,30.9369833865,0.992155125062,0.985265158924,RHO_LT_ONE_TERMINATING_COHORT,NOT_ESTIMATED_TERMINATING_COHORT,EXPLORATORY_FINITE_HORIZON_NOT_STEADY_STATE
1.0,TASK3_PEAK_DURATION_SENSITIVITY_EXPLORATORY_V1,PEAK_DURATION_S30_I18_T3600,LOCAL_WINDOW_HPP_BASE_STATIONARY_EXTENSION,30,18,3600,arrival_window_peak_total_waiting_queue,MEAN_OF_REPLICATION_LEVEL_METRIC,50,72,23.3124298981,3.29687545338,49,0.95,65.374680729,78.625319271,0.992155125062,0.985265158924,RHO_LT_ONE_TERMINATING_COHORT,NOT_ESTIMATED_TERMINATING_COHORT,EXPLORATORY_FINITE_HORIZON_NOT_STEADY_STATE
1.0,TASK3_PEAK_DURATION_SENSITIVITY_EXPLORATORY_V1,PEAK_DURATION_S30_I18_T3600,LOCAL_WINDOW_HPP_BASE_STATIONARY_EXTENSION,30,18,3600,security_waiting_at_cutoff,MEAN_OF_REPLICATION_LEVEL_METRIC,50,36.12,29.6115256105,4.18770211209,49,0.95,27.7044975351,44.5355024649,0.992155125062,0.985265158924,RHO_LT_ONE_TERMINATING_COHORT,NOT_ESTIMATED_TERMINATING_COHORT,EXPLORATORY_FINITE_HORIZON_NOT_STEADY_STATE
1.0,TASK3_PEAK_DURATION_SENSITIVITY_EXPLORATORY_V1,PEAK_DURATION_S30_I18_T3600,LOCAL_WINDOW_HPP_BASE_STATIONARY_EXTENSION,30,18,3600,immigration_waiting_at_cutoff,MEAN_OF_REPLICATION_LEVEL_METRIC,50,1.44,1.61826311526,0.228856964509,49,0.95,0.980094711279,1.89990528872,0.992155125062,0.985265158924,RHO_LT_ONE_TERMINATING_COHORT,NOT_ESTIMATED_TERMINATING_COHORT,EXPLORATORY_FINITE_HORIZON_NOT_STEADY_STATE
1.0,TASK3_PEAK_DURATION_SENSITIVITY_EXPLORATORY_V1,PEAK_DURATION_S30_I18_T3600,LOCAL_WINDOW_HPP_BASE_STATIONARY_EXTENSION,30,18,3600,total_waiting_at_cutoff,MEAN_OF_REPLICATION_LEVEL_METRIC,50,37.56,30.0375003716,4.24794404052,49,0.95,29.0234368475,46.0965631525,0.992155125062,0.985265158924,RHO_LT_ONE_TERMINATING_COHORT,NOT_ESTIMATED_TERMINATING_COHORT,EXPLORATORY_FINITE_HORIZON_NOT_STEADY_STATE
1.0,TASK3_PEAK_DURATION_SENSITIVITY_EXPLORATORY_V1,PEAK_DURATION_S30_I18_T3600,LOCAL_WINDOW_HPP_BASE_STATIONARY_EXTENSION,30,18,3600,cutoff_backlog,MEAN_OF_REPLICATION_LEVEL_METRIC,50,84.86,30.9113346888,4.3715228748,49,0.95,76.0750958823,93.6449041177,0.992155125062,0.985265158924,RHO_LT_ONE_TERMINATING_COHORT,NOT_ESTIMATED_TERMINATING_COHORT,EXPLORATORY_FINITE_HORIZON_NOT_STEADY_STATE
1.0,TASK3_PEAK_DURATION_SENSITIVITY_EXPLORATORY_V1,PEAK_DURATION_S30_I18_T3600,LOCAL_WINDOW_HPP_BASE_STATIONARY_EXTENSION,30,18,3600,late_arrival_total_queue_wait_p95_seconds,MEAN_OF_REPLICATION_LEVEL_METRIC,50,38.3394175357,19.9491849135,2.82124078629,49,0.95,32.6699219136,44.0089131579,0.992155125062,0.985265158924,RHO_LT_ONE_TERMINATING_COHORT,NOT_ESTIMATED_TERMINATING_COHORT,EXPLORATORY_FINITE_HORIZON_NOT_STEADY_STATE
1.0,TASK3_PEAK_DURATION_SENSITIVITY_EXPLORATORY_V1,PEAK_DURATION_S30_I18_T3600,LOCAL_WINDOW_HPP_BASE_STATIONARY_EXTENSION,30,18,3600,cohort_clear_time_after_cutoff_seconds,MEAN_OF_REPLICATION_LEVEL_METRIC,50,61.8375285363,21.6965844802,3.06836040291,49,0.95,55.671427452,68.0036296205,0.992155125062,0.985265158924,RHO_LT_ONE_TERMINATING_COHORT,NOT_ESTIMATED_TERMINATING_COHORT,EXPLORATORY_FINITE_HORIZON_NOT_STEADY_STATE
1.0,TASK3_PEAK_DURATION_SENSITIVITY_EXPLORATORY_V1,PEAK_DURATION_S30_I18_T3600,LOCAL_WINDOW_HPP_BASE_STATIONARY_EXTENSION,30,18,3600,queue_mean_window_50_60,MEAN_OF_REPLICATION_LEVEL_METRIC,50,30.4959695587,22.6068278333,3.1970882524,49,0.95,24.0711801758,36.9207589417,0.992155125062,0.985265158924,RHO_LT_ONE_TERMINATING_COHORT,NOT_ESTIMATED_TERMINATING_COHORT,EXPLORATORY_FINITE_HORIZON_NOT_STEADY_STATE
1.0,TASK3_PEAK_DURATION_SENSITIVITY_EXPLORATORY_V1,PEAK_DURATION_S30_I18_T3600,LOCAL_WINDOW_HPP_BASE_STATIONARY_EXTENSION,30,18,3600,queue_mean_window_60_70,MEAN_OF_REPLICATION_LEVEL_METRIC,50,34.8508607553,24.8427136508,3.51329025711,49,0.95,27.7906396538,41.9110818568,0.992155125062,0.985265158924,RHO_LT_ONE_TERMINATING_COHORT,NOT_ESTIMATED_TERMINATING_COHORT,EXPLORATORY_FINITE_HORIZON_NOT_STEADY_STATE
1.0,TASK3_PEAK_DURATION_SENSITIVITY_EXPLORATORY_V1,PEAK_DURATION_S30_I18_T3600,LOCAL_WINDOW_HPP_BASE_STATIONARY_EXTENSION,30,18,3600,queue_mean_window_70_80,MEAN_OF_REPLICATION_LEVEL_METRIC,50,34.6962577254,23.2040931662,3.28155432582,49,0.95,28.1017274129,41.2907880378,0.992155125062,0.985265158924,RHO_LT_ONE_TERMINATING_COHORT,NOT_ESTIMATED_TERMINATING_COHORT,EXPLORATORY_FINITE_HORIZON_NOT_STEADY_STATE
1.0,TASK3_PEAK_DURATION_SENSITIVITY_EXPLORATORY_V1,PEAK_DURATION_S30_I18_T3600,LOCAL_WINDOW_HPP_BASE_STATIONARY_EXTENSION,30,18,3600,queue_mean_window_80_90,MEAN_OF_REPLICATION_LEVEL_METRIC,50,35.7318270474,26.6649814468,3.77099784025,49,0.95,28.1537231684,43.3099309264,0.992155125062,0.985265158924,RHO_LT_ONE_TERMINATING_COHORT,NOT_ESTIMATED_TERMINATING_COHORT,EXPLORATORY_FINITE_HORIZON_NOT_STEADY_STATE
1.0,TASK3_PEAK_DURATION_SENSITIVITY_EXPLORATORY_V1,PEAK_DURATION_S30_I18_T3600,LOCAL_WINDOW_HPP_BASE_STATIONARY_EXTENSION,30,18,3600,queue_mean_window_90_100,MEAN_OF_REPLICATION_LEVEL_METRIC,50,35.3610784023,27.9126812908,3.94744924437,49,0.95,27.428382151,43.2937746536,0.992155125062,0.985265158924,RHO_LT_ONE_TERMINATING_COHORT,NOT_ESTIMATED_TERMINATING_COHORT,EXPLORATORY_FINITE_HORIZON_NOT_STEADY_STATE
1.0,TASK3_PEAK_DURATION_SENSITIVITY_EXPLORATORY_V1,PEAK_DURATION_S30_I18_T3600,LOCAL_WINDOW_HPP_BASE_STATIONARY_EXTENSION,30,18,3600,arrival_window_queue_growth_slope_travellers_per_second,MEAN_OF_REPLICATION_LEVEL_METRIC,50,0.00294755110536,0.0208712718297,0.00295164356855,49,0.95,-0.00298399871883,0.00887910092955,0.992155125062,0.985265158924,RHO_LT_ONE_TERMINATING_COHORT,NOT_ESTIMATED_TERMINATING_COHORT,EXPLORATORY_FINITE_HORIZON_NOT_STEADY_STATE
1.0,TASK3_PEAK_DURATION_SENSITIVITY_EXPLORATORY_V1,PEAK_DURATION_S30_I18_T7200,LOCAL_WINDOW_HPP_BASE_STATIONARY_EXTENSION,30,18,7200,total_queue_wait_mean_seconds,MEAN_OF_REPLICATION_LEVEL_METRIC,50,25.3597114386,14.3266720098,2.02609738599,49,0.95,21.2881163037,29.4313065735,0.992155125062,0.985265158924,RHO_LT_ONE_TERMINATING_COHORT,NOT_ESTIMATED_TERMINATING_COHORT,EXPLORATORY_FINITE_HORIZON_NOT_STEADY_STATE
1.0,TASK3_PEAK_DURATION_SENSITIVITY_EXPLORATORY_V1,PEAK_DURATION_S30_I18_T7200,LOCAL_WINDOW_HPP_BASE_STATIONARY_EXTENSION,30,18,7200,total_queue_wait_p95_seconds,MEAN_OF_REPLICATION_LEVEL_METRIC,50,55.9101359865,27.2292483588,3.85079723222,49,0.95,48.1716692254,63.6486027475,0.992155125062,0.985265158924,RHO_LT_ONE_TERMINATING_COHORT,NOT_ESTIMATED_TERMINATING_COHORT,EXPLORATORY_FINITE_HORIZON_NOT_STEADY_STATE
1.0,TASK3_PEAK_DURATION_SENSITIVITY_EXPLORATORY_V1,PEAK_DURATION_S30_I18_T7200,LOCAL_WINDOW_HPP_BASE_STATIONARY_EXTENSION,30,18,7200,arrival_window_time_weighted_mean_total_waiting_queue,MEAN_OF_REPLICATION_LEVEL_METRIC,50,34.5311462877,19.627838517,2.77579554309,49,0.95,28.952976301,40.1093162744,0.992155125062,0.985265158924,RHO_LT_ONE_TERMINATING_COHORT,NOT_ESTIMATED_TERMINATING_COHORT,EXPLORATORY_FINITE_HORIZON_NOT_STEADY_STATE
1.0,TASK3_PEAK_DURATION_SENSITIVITY_EXPLORATORY_V1,PEAK_DURATION_S30_I18_T7200,LOCAL_WINDOW_HPP_BASE_STATIONARY_EXTENSION,30,18,7200,arrival_window_peak_total_waiting_queue,MEAN_OF_REPLICATION_LEVEL_METRIC,50,95.64,41.1868613883,5.82470179669,49,0.95,83.9348235057,107.345176494,0.992155125062,0.985265158924,RHO_LT_ONE_TERMINATING_COHORT,NOT_ESTIMATED_TERMINATING_COHORT,EXPLORATORY_FINITE_HORIZON_NOT_STEADY_STATE
1.0,TASK3_PEAK_DURATION_SENSITIVITY_EXPLORATORY_V1,PEAK_DURATION_S30_I18_T7200,LOCAL_WINDOW_HPP_BASE_STATIONARY_EXTENSION,30,18,7200,security_waiting_at_cutoff,MEAN_OF_REPLICATION_LEVEL_METRIC,50,51.1,52.0687340083,7.36363098101,49,0.95,36.3022295252,65.8977704748,0.992155125062,0.985265158924,RHO_LT_ONE_TERMINATING_COHORT,NOT_ESTIMATED_TERMINATING_COHORT,EXPLORATORY_FINITE_HORIZON_NOT_STEADY_STATE
1.0,TASK3_PEAK_DURATION_SENSITIVITY_EXPLORATORY_V1,PEAK_DURATION_S30_I18_T7200,LOCAL_WINDOW_HPP_BASE_STATIONARY_EXTENSION,30,18,7200,immigration_waiting_at_cutoff,MEAN_OF_REPLICATION_LEVEL_METRIC,50,1.48,1.64428509371,0.232537027993,49,0.95,1.01269934683,1.94730065317,0.992155125062,0.985265158924,RHO_LT_ONE_TERMINATING_COHORT,NOT_ESTIMATED_TERMINATING_COHORT,EXPLORATORY_FINITE_HORIZON_NOT_STEADY_STATE
1.0,TASK3_PEAK_DURATION_SENSITIVITY_EXPLORATORY_V1,PEAK_DURATION_S30_I18_T7200,LOCAL_WINDOW_HPP_BASE_STATIONARY_EXTENSION,30,18,7200,total_waiting_at_cutoff,MEAN_OF_REPLICATION_LEVEL_METRIC,50,52.58,52.4517620957,7.4177993326,49,0.95,37.6733741472,67.4866258528,0.992155125062,0.985265158924,RHO_LT_ONE_TERMINATING_COHORT,NOT_ESTIMATED_TERMINATING_COHORT,EXPLORATORY_FINITE_HORIZON_NOT_STEADY_STATE
1.0,TASK3_PEAK_DURATION_SENSITIVITY_EXPLORATORY_V1,PEAK_DURATION_S30_I18_T7200,LOCAL_WINDOW_HPP_BASE_STATIONARY_EXTENSION,30,18,7200,cutoff_backlog,MEAN_OF_REPLICATION_LEVEL_METRIC,50,99.76,53.2489570656,7.53053972644,49,0.95,84.6268138435,114.893186156,0.992155125062,0.985265158924,RHO_LT_ONE_TERMINATING_COHORT,NOT_ESTIMATED_TERMINATING_COHORT,EXPLORATORY_FINITE_HORIZON_NOT_STEADY_STATE
1.0,TASK3_PEAK_DURATION_SENSITIVITY_EXPLORATORY_V1,PEAK_DURATION_S30_I18_T7200,LOCAL_WINDOW_HPP_BASE_STATIONARY_EXTENSION,30,18,7200,late_arrival_total_queue_wait_p95_seconds,MEAN_OF_REPLICATION_LEVEL_METRIC,50,49.0911042553,34.6418105131,4.89909182528,49,0.95,39.2460106388,58.9361978718,0.992155125062,0.985265158924,RHO_LT_ONE_TERMINATING_COHORT,NOT_ESTIMATED_TERMINATING_COHORT,EXPLORATORY_FINITE_HORIZON_NOT_STEADY_STATE
1.0,TASK3_PEAK_DURATION_SENSITIVITY_EXPLORATORY_V1,PEAK_DURATION_S30_I18_T7200,LOCAL_WINDOW_HPP_BASE_STATIONARY_EXTENSION,30,18,7200,cohort_clear_time_after_cutoff_seconds,MEAN_OF_REPLICATION_LEVEL_METRIC,50,72.6745123753,38.1715804499,5.39827667694,49,0.95,61.8262692422,83.5227555085,0.992155125062,0.985265158924,RHO_LT_ONE_TERMINATING_COHORT,NOT_ESTIMATED_TERMINATING_COHORT,EXPLORATORY_FINITE_HORIZON_NOT_STEADY_STATE
1.0,TASK3_PEAK_DURATION_SENSITIVITY_EXPLORATORY_V1,PEAK_DURATION_S30_I18_T7200,LOCAL_WINDOW_HPP_BASE_STATIONARY_EXTENSION,30,18,7200,queue_mean_window_50_60,MEAN_OF_REPLICATION_LEVEL_METRIC,50,38.7803182546,28.993704489,4.10032901118,49,0.95,30.5403986097,47.0202378996,0.992155125062,0.985265158924,RHO_LT_ONE_TERMINATING_COHORT,NOT_ESTIMATED_TERMINATING_COHORT,EXPLORATORY_FINITE_HORIZON_NOT_STEADY_STATE
1.0,TASK3_PEAK_DURATION_SENSITIVITY_EXPLORATORY_V1,PEAK_DURATION_S30_I18_T7200,LOCAL_WINDOW_HPP_BASE_STATIONARY_EXTENSION,30,18,7200,queue_mean_window_60_70,MEAN_OF_REPLICATION_LEVEL_METRIC,50,40.6427154072,30.363431888,4.29403771763,49,0.95,32.0135235426,49.2719072719,0.992155125062,0.985265158924,RHO_LT_ONE_TERMINATING_COHORT,NOT_ESTIMATED_TERMINATING_COHORT,EXPLORATORY_FINITE_HORIZON_NOT_STEADY_STATE
1.0,TASK3_PEAK_DURATION_SENSITIVITY_EXPLORATORY_V1,PEAK_DURATION_S30_I18_T7200,LOCAL_WINDOW_HPP_BASE_STATIONARY_EXTENSION,30,18,7200,queue_mean_window_70_80,MEAN_OF_REPLICATION_LEVEL_METRIC,50,41.6374613865,38.5686702862,5.45443366014,49,0.95,30.6763665705,52.5985562025,0.992155125062,0.985265158924,RHO_LT_ONE_TERMINATING_COHORT,NOT_ESTIMATED_TERMINATING_COHORT,EXPLORATORY_FINITE_HORIZON_NOT_STEADY_STATE
1.0,TASK3_PEAK_DURATION_SENSITIVITY_EXPLORATORY_V1,PEAK_DURATION_S30_I18_T7200,LOCAL_WINDOW_HPP_BASE_STATIONARY_EXTENSION,30,18,7200,queue_mean_window_80_90,MEAN_OF_REPLICATION_LEVEL_METRIC,50,44.5110981375,38.6547920273,5.46661311357,49,0.95,33.5255277935,55.4966684815,0.992155125062,0.985265158924,RHO_LT_ONE_TERMINATING_COHORT,NOT_ESTIMATED_TERMINATING_COHORT,EXPLORATORY_FINITE_HORIZON_NOT_STEADY_STATE
1.0,TASK3_PEAK_DURATION_SENSITIVITY_EXPLORATORY_V1,PEAK_DURATION_S30_I18_T7200,LOCAL_WINDOW_HPP_BASE_STATIONARY_EXTENSION,30,18,7200,queue_mean_window_90_100,MEAN_OF_REPLICATION_LEVEL_METRIC,50,46.4343595127,43.8710288911,6.20430040531,49,0.95,33.9663510544,58.9023679709,0.992155125062,0.985265158924,RHO_LT_ONE_TERMINATING_COHORT,NOT_ESTIMATED_TERMINATING_COHORT,EXPLORATORY_FINITE_HORIZON_NOT_STEADY_STATE
1.0,TASK3_PEAK_DURATION_SENSITIVITY_EXPLORATORY_V1,PEAK_DURATION_S30_I18_T7200,LOCAL_WINDOW_HPP_BASE_STATIONARY_EXTENSION,30,18,7200,arrival_window_queue_growth_slope_travellers_per_second,MEAN_OF_REPLICATION_LEVEL_METRIC,50,0.00266339795089,0.0135631689106,0.00191812174221,49,0.95,-0.00119121200406,0.00651800790584,0.992155125062,0.985265158924,RHO_LT_ONE_TERMINATING_COHORT,NOT_ESTIMATED_TERMINATING_COHORT,EXPLORATORY_FINITE_HORIZON_NOT_STEADY_STATE
1.0,TASK3_PEAK_DURATION_SENSITIVITY_EXPLORATORY_V1,PEAK_DURATION_S29_I17_T300,LOCAL_WINDOW_HPP_BASE_STATIONARY_EXTENSION,29,17,300,total_queue_wait_mean_seconds,MEAN_OF_REPLICATION_LEVEL_METRIC,50,10.4184482779,6.00768446094,0.849614884312,49,0.95,8.71108324526,12.1258133105,1.02636737075,1.04322193298,RHO_GTE_ONE_FINITE_HORIZON_ONLY,PROHIBITED_RHO_GTE_ONE,EXPLORATORY_FINITE_HORIZON_NOT_STEADY_STATE
1.0,TASK3_PEAK_DURATION_SENSITIVITY_EXPLORATORY_V1,PEAK_DURATION_S29_I17_T300,LOCAL_WINDOW_HPP_BASE_STATIONARY_EXTENSION,29,17,300,total_queue_wait_p95_seconds,MEAN_OF_REPLICATION_LEVEL_METRIC,50,21.3938199931,9.90633840477,1.40096781255,49,0.95,18.578469769,24.2091702173,1.02636737075,1.04322193298,RHO_GTE_ONE_FINITE_HORIZON_ONLY,PROHIBITED_RHO_GTE_ONE,EXPLORATORY_FINITE_HORIZON_NOT_STEADY_STATE
1.0,TASK3_PEAK_DURATION_SENSITIVITY_EXPLORATORY_V1,PEAK_DURATION_S29_I17_T300,LOCAL_WINDOW_HPP_BASE_STATIONARY_EXTENSION,29,17,300,arrival_window_time_weighted_mean_total_waiting_queue,MEAN_OF_REPLICATION_LEVEL_METRIC,50,13.0855542008,7.9682222141,1.12687679232,49,0.95,10.8210105036,15.3500978979,1.02636737075,1.04322193298,RHO_GTE_ONE_FINITE_HORIZON_ONLY,PROHIBITED_RHO_GTE_ONE,EXPLORATORY_FINITE_HORIZON_NOT_STEADY_STATE
1.0,TASK3_PEAK_DURATION_SENSITIVITY_EXPLORATORY_V1,PEAK_DURATION_S29_I17_T300,LOCAL_WINDOW_HPP_BASE_STATIONARY_EXTENSION,29,17,300,arrival_window_peak_total_waiting_queue,MEAN_OF_REPLICATION_LEVEL_METRIC,50,32.02,13.4642231905,1.90412870428,49,0.95,28.1935101076,35.8464898924,1.02636737075,1.04322193298,RHO_GTE_ONE_FINITE_HORIZON_ONLY,PROHIBITED_RHO_GTE_ONE,EXPLORATORY_FINITE_HORIZON_NOT_STEADY_STATE
1.0,TASK3_PEAK_DURATION_SENSITIVITY_EXPLORATORY_V1,PEAK_DURATION_S29_I17_T300,LOCAL_WINDOW_HPP_BASE_STATIONARY_EXTENSION,29,17,300,security_waiting_at_cutoff,MEAN_OF_REPLICATION_LEVEL_METRIC,50,20.26,14.1433044662,2.00016529929,49,0.95,16.2405173444,24.2794826556,1.02636737075,1.04322193298,RHO_GTE_ONE_FINITE_HORIZON_ONLY,PROHIBITED_RHO_GTE_ONE,EXPLORATORY_FINITE_HORIZON_NOT_STEADY_STATE
1.0,TASK3_PEAK_DURATION_SENSITIVITY_EXPLORATORY_V1,PEAK_DURATION_S29_I17_T300,LOCAL_WINDOW_HPP_BASE_STATIONARY_EXTENSION,29,17,300,immigration_waiting_at_cutoff,MEAN_OF_REPLICATION_LEVEL_METRIC,50,5.7,2.85892801374,0.404313477088,49,0.95,4.88750164841,6.51249835159,1.02636737075,1.04322193298,RHO_GTE_ONE_FINITE_HORIZON_ONLY,PROHIBITED_RHO_GTE_ONE,EXPLORATORY_FINITE_HORIZON_NOT_STEADY_STATE
1.0,TASK3_PEAK_DURATION_SENSITIVITY_EXPLORATORY_V1,PEAK_DURATION_S29_I17_T300,LOCAL_WINDOW_HPP_BASE_STATIONARY_EXTENSION,29,17,300,total_waiting_at_cutoff,MEAN_OF_REPLICATION_LEVEL_METRIC,50,25.96,15.3236645055,2.1670934169,49,0.95,21.6050627329,30.3149372671,1.02636737075,1.04322193298,RHO_GTE_ONE_FINITE_HORIZON_ONLY,PROHIBITED_RHO_GTE_ONE,EXPLORATORY_FINITE_HORIZON_NOT_STEADY_STATE
1.0,TASK3_PEAK_DURATION_SENSITIVITY_EXPLORATORY_V1,PEAK_DURATION_S29_I17_T300,LOCAL_WINDOW_HPP_BASE_STATIONARY_EXTENSION,29,17,300,cutoff_backlog,MEAN_OF_REPLICATION_LEVEL_METRIC,50,71.48,16.1286157155,2.28093070872,49,0.95,66.8962981302,76.0637018698,1.02636737075,1.04322193298,RHO_GTE_ONE_FINITE_HORIZON_ONLY,PROHIBITED_RHO_GTE_ONE,EXPLORATORY_FINITE_HORIZON_NOT_STEADY_STATE
1.0,TASK3_PEAK_DURATION_SENSITIVITY_EXPLORATORY_V1,PEAK_DURATION_S29_I17_T300,LOCAL_WINDOW_HPP_BASE_STATIONARY_EXTENSION,29,17,300,late_arrival_total_queue_wait_p95_seconds,MEAN_OF_REPLICATION_LEVEL_METRIC,50,22.3196727669,11.0051969736,1.55636988166,49,0.95,19.1920303929,25.4473151409,1.02636737075,1.04322193298,RHO_GTE_ONE_FINITE_HORIZON_ONLY,PROHIBITED_RHO_GTE_ONE,EXPLORATORY_FINITE_HORIZON_NOT_STEADY_STATE
1.0,TASK3_PEAK_DURATION_SENSITIVITY_EXPLORATORY_V1,PEAK_DURATION_S29_I17_T300,LOCAL_WINDOW_HPP_BASE_STATIONARY_EXTENSION,29,17,300,cohort_clear_time_after_cutoff_seconds,MEAN_OF_REPLICATION_LEVEL_METRIC,50,54.2815170585,11.9629684202,1.69181921861,49,0.95,50.8816790511,57.6813550659,1.02636737075,1.04322193298,RHO_GTE_ONE_FINITE_HORIZON_ONLY,PROHIBITED_RHO_GTE_ONE,EXPLORATORY_FINITE_HORIZON_NOT_STEADY_STATE
1.0,TASK3_PEAK_DURATION_SENSITIVITY_EXPLORATORY_V1,PEAK_DURATION_S29_I17_T300,LOCAL_WINDOW_HPP_BASE_STATIONARY_EXTENSION,29,17,300,queue_mean_window_50_60,MEAN_OF_REPLICATION_LEVEL_METRIC,50,14.7961636711,11.2768309362,1.59478472506,49,0.95,11.5913237791,18.0010035631,1.02636737075,1.04322193298,RHO_GTE_ONE_FINITE_HORIZON_ONLY,PROHIBITED_RHO_GTE_ONE,EXPLORATORY_FINITE_HORIZON_NOT_STEADY_STATE
1.0,TASK3_PEAK_DURATION_SENSITIVITY_EXPLORATORY_V1,PEAK_DURATION_S29_I17_T300,LOCAL_WINDOW_HPP_BASE_STATIONARY_EXTENSION,29,17,300,queue_mean_window_60_70,MEAN_OF_REPLICATION_LEVEL_METRIC,50,17.1053245993,12.3511720731,1.74671950569,49,0.95,13.5951603344,20.6154888641,1.02636737075,1.04322193298,RHO_GTE_ONE_FINITE_HORIZON_ONLY,PROHIBITED_RHO_GTE_ONE,EXPLORATORY_FINITE_HORIZON_NOT_STEADY_STATE
1.0,TASK3_PEAK_DURATION_SENSITIVITY_EXPLORATORY_V1,PEAK_DURATION_S29_I17_T300,LOCAL_WINDOW_HPP_BASE_STATIONARY_EXTENSION,29,17,300,queue_mean_window_70_80,MEAN_OF_REPLICATION_LEVEL_METRIC,50,18.5817267731,12.8347485901,1.81510755258,49,0.95,14.9341315827,22.2293219635,1.02636737075,1.04322193298,RHO_GTE_ONE_FINITE_HORIZON_ONLY,PROHIBITED_RHO_GTE_ONE,EXPLORATORY_FINITE_HORIZON_NOT_STEADY_STATE
1.0,TASK3_PEAK_DURATION_SENSITIVITY_EXPLORATORY_V1,PEAK_DURATION_S29_I17_T300,LOCAL_WINDOW_HPP_BASE_STATIONARY_EXTENSION,29,17,300,queue_mean_window_80_90,MEAN_OF_REPLICATION_LEVEL_METRIC,50,20.6818668375,13.5516745123,1.91649618882,49,0.95,16.8305235544,24.5332101206,1.02636737075,1.04322193298,RHO_GTE_ONE_FINITE_HORIZON_ONLY,PROHIBITED_RHO_GTE_ONE,EXPLORATORY_FINITE_HORIZON_NOT_STEADY_STATE
1.0,TASK3_PEAK_DURATION_SENSITIVITY_EXPLORATORY_V1,PEAK_DURATION_S29_I17_T300,LOCAL_WINDOW_HPP_BASE_STATIONARY_EXTENSION,29,17,300,queue_mean_window_90_100,MEAN_OF_REPLICATION_LEVEL_METRIC,50,24.2650008433,14.389899404,2.03503908984,49,0.95,20.1754366818,28.3545650048,1.02636737075,1.04322193298,RHO_GTE_ONE_FINITE_HORIZON_ONLY,PROHIBITED_RHO_GTE_ONE,EXPLORATORY_FINITE_HORIZON_NOT_STEADY_STATE
1.0,TASK3_PEAK_DURATION_SENSITIVITY_EXPLORATORY_V1,PEAK_DURATION_S29_I17_T300,LOCAL_WINDOW_HPP_BASE_STATIONARY_EXTENSION,29,17,300,arrival_window_queue_growth_slope_travellers_per_second,MEAN_OF_REPLICATION_LEVEL_METRIC,50,0.0750473886089,0.0915133053996,0.0129419357634,49,0.95,0.0490395949784,0.10105518224,1.02636737075,1.04322193298,RHO_GTE_ONE_FINITE_HORIZON_ONLY,PROHIBITED_RHO_GTE_ONE,EXPLORATORY_FINITE_HORIZON_NOT_STEADY_STATE
1.0,TASK3_PEAK_DURATION_SENSITIVITY_EXPLORATORY_V1,PEAK_DURATION_S29_I17_T900,LOCAL_WINDOW_HPP_BASE_STATIONARY_EXTENSION,29,17,900,total_queue_wait_mean_seconds,MEAN_OF_REPLICATION_LEVEL_METRIC,50,24.7758295889,12.6578364564,1.79008839869,49,0.95,21.1785122706,28.3731469072,1.02636737075,1.04322193298,RHO_GTE_ONE_FINITE_HORIZON_ONLY,PROHIBITED_RHO_GTE_ONE,EXPLORATORY_FINITE_HORIZON_NOT_STEADY_STATE
1.0,TASK3_PEAK_DURATION_SENSITIVITY_EXPLORATORY_V1,PEAK_DURATION_S29_I17_T900,LOCAL_WINDOW_HPP_BASE_STATIONARY_EXTENSION,29,17,900,total_queue_wait_p95_seconds,MEAN_OF_REPLICATION_LEVEL_METRIC,50,47.0054116003,21.6646295484,3.06384129311,49,0.95,40.8483920072,53.1624311934,1.02636737075,1.04322193298,RHO_GTE_ONE_FINITE_HORIZON_ONLY,PROHIBITED_RHO_GTE_ONE,EXPLORATORY_FINITE_HORIZON_NOT_STEADY_STATE
1.0,TASK3_PEAK_DURATION_SENSITIVITY_EXPLORATORY_V1,PEAK_DURATION_S29_I17_T900,LOCAL_WINDOW_HPP_BASE_STATIONARY_EXTENSION,29,17,900,arrival_window_time_weighted_mean_total_waiting_queue,MEAN_OF_REPLICATION_LEVEL_METRIC,50,31.9308908907,16.7679168016,2.37134153536,49,0.95,27.1655016625,36.696280119,1.02636737075,1.04322193298,RHO_GTE_ONE_FINITE_HORIZON_ONLY,PROHIBITED_RHO_GTE_ONE,EXPLORATORY_FINITE_HORIZON_NOT_STEADY_STATE
1.0,TASK3_PEAK_DURATION_SENSITIVITY_EXPLORATORY_V1,PEAK_DURATION_S29_I17_T900,LOCAL_WINDOW_HPP_BASE_STATIONARY_EXTENSION,29,17,900,arrival_window_peak_total_waiting_queue,MEAN_OF_REPLICATION_LEVEL_METRIC,50,69.34,30.2901681361,4.28367665847,49,0.95,60.7316294633,77.9483705367,1.02636737075,1.04322193298,RHO_GTE_ONE_FINITE_HORIZON_ONLY,PROHIBITED_RHO_GTE_ONE,EXPLORATORY_FINITE_HORIZON_NOT_STEADY_STATE
1.0,TASK3_PEAK_DURATION_SENSITIVITY_EXPLORATORY_V1,PEAK_DURATION_S29_I17_T900,LOCAL_WINDOW_HPP_BASE_STATIONARY_EXTENSION,29,17,900,security_waiting_at_cutoff,MEAN_OF_REPLICATION_LEVEL_METRIC,50,41.3,32.2725953119,4.5640341983,49,0.95,32.1282298937,50.4717701063,1.02636737075,1.04322193298,RHO_GTE_ONE_FINITE_HORIZON_ONLY,PROHIBITED_RHO_GTE_ONE,EXPLORATORY_FINITE_HORIZON_NOT_STEADY_STATE
1.0,TASK3_PEAK_DURATION_SENSITIVITY_EXPLORATORY_V1,PEAK_DURATION_S29_I17_T900,LOCAL_WINDOW_HPP_BASE_STATIONARY_EXTENSION,29,17,900,immigration_waiting_at_cutoff,MEAN_OF_REPLICATION_LEVEL_METRIC,50,16.36,4.88546365272,0.690908895616,49,0.95,14.9715665923,17.7484334077,1.02636737075,1.04322193298,RHO_GTE_ONE_FINITE_HORIZON_ONLY,PROHIBITED_RHO_GTE_ONE,EXPLORATORY_FINITE_HORIZON_NOT_STEADY_STATE
1.0,TASK3_PEAK_DURATION_SENSITIVITY_EXPLORATORY_V1,PEAK_DURATION_S29_I17_T900,LOCAL_WINDOW_HPP_BASE_STATIONARY_EXTENSION,29,17,900,total_waiting_at_cutoff,MEAN_OF_REPLICATION_LEVEL_METRIC,50,57.66,34.3199888207,4.85357936507,49,0.95,47.9063670965,67.4136329035,1.02636737075,1.04322193298,RHO_GTE_ONE_FINITE_HORIZON_ONLY,PROHIBITED_RHO_GTE_ONE,EXPLORATORY_FINITE_HORIZON_NOT_STEADY_STATE
1.0,TASK3_PEAK_DURATION_SENSITIVITY_EXPLORATORY_V1,PEAK_DURATION_S29_I17_T900,LOCAL_WINDOW_HPP_BASE_STATIONARY_EXTENSION,29,17,900,cutoff_backlog,MEAN_OF_REPLICATION_LEVEL_METRIC,50,103.36,34.7866734981,4.91957854508,49,0.95,93.4737367787,113.246263221,1.02636737075,1.04322193298,RHO_GTE_ONE_FINITE_HORIZON_ONLY,PROHIBITED_RHO_GTE_ONE,EXPLORATORY_FINITE_HORIZON_NOT_STEADY_STATE
1.0,TASK3_PEAK_DURATION_SENSITIVITY_EXPLORATORY_V1,PEAK_DURATION_S29_I17_T900,LOCAL_WINDOW_HPP_BASE_STATIONARY_EXTENSION,29,17,900,late_arrival_total_queue_wait_p95_seconds,MEAN_OF_REPLICATION_LEVEL_METRIC,50,48.8392875833,23.7728776609,3.36199260047,49,0.95,42.083110506,55.5954646606,1.02636737075,1.04322193298,RHO_GTE_ONE_FINITE_HORIZON_ONLY,PROHIBITED_RHO_GTE_ONE,EXPLORATORY_FINITE_HORIZON_NOT_STEADY_STATE
1.0,TASK3_PEAK_DURATION_SENSITIVITY_EXPLORATORY_V1,PEAK_DURATION_S29_I17_T900,LOCAL_WINDOW_HPP_BASE_STATIONARY_EXTENSION,29,17,900,cohort_clear_time_after_cutoff_seconds,MEAN_OF_REPLICATION_LEVEL_METRIC,50,78.8299723372,26.0414478789,3.68281687742,49,0.95,71.4290747375,86.230869937,1.02636737075,1.04322193298,RHO_GTE_ONE_FINITE_HORIZON_ONLY,PROHIBITED_RHO_GTE_ONE,EXPLORATORY_FINITE_HORIZON_NOT_STEADY_STATE
1.0,TASK3_PEAK_DURATION_SENSITIVITY_EXPLORATORY_V1,PEAK_DURATION_S29_I17_T900,LOCAL_WINDOW_HPP_BASE_STATIONARY_EXTENSION,29,17,900,queue_mean_window_50_60,MEAN_OF_REPLICATION_LEVEL_METRIC,50,35.9721601411,21.5851191294,3.05259682182,49,0.95,29.837737159,42.1065831231,1.02636737075,1.04322193298,RHO_GTE_ONE_FINITE_HORIZON_ONLY,PROHIBITED_RHO_GTE_ONE,EXPLORATORY_FINITE_HORIZON_NOT_STEADY_STATE
1.0,TASK3_PEAK_DURATION_SENSITIVITY_EXPLORATORY_V1,PEAK_DURATION_S29_I17_T900,LOCAL_WINDOW_HPP_BASE_STATIONARY_EXTENSION,29,17,900,queue_mean_window_60_70,MEAN_OF_REPLICATION_LEVEL_METRIC,50,41.043080169,23.6512401076,3.34479045272,49,0.95,34.3214721019,47.7646882362,1.02636737075,1.04322193298,RHO_GTE_ONE_FINITE_HORIZON_ONLY,PROHIBITED_RHO_GTE_ONE,EXPLORATORY_FINITE_HORIZON_NOT_STEADY_STATE
1.0,TASK3_PEAK_DURATION_SENSITIVITY_EXPLORATORY_V1,PEAK_DURATION_S29_I17_T900,LOCAL_WINDOW_HPP_BASE_STATIONARY_EXTENSION,29,17,900,queue_mean_window_70_80,MEAN_OF_REPLICATION_LEVEL_METRIC,50,45.6007307285,26.6958047065,3.77535690744,49,0.95,38.013866976,53.187594481,1.02636737075,1.04322193298,RHO_GTE_ONE_FINITE_HORIZON_ONLY,PROHIBITED_RHO_GTE_ONE,EXPLORATORY_FINITE_HORIZON_NOT_STEADY_STATE
1.0,TASK3_PEAK_DURATION_SENSITIVITY_EXPLORATORY_V1,PEAK_DURATION_S29_I17_T900,LOCAL_WINDOW_HPP_BASE_STATIONARY_EXTENSION,29,17,900,queue_mean_window_80_90,MEAN_OF_REPLICATION_LEVEL_METRIC,50,49.4867956577,26.8832373994,3.80186389307,49,0.95,41.8466641232,57.1269271921,1.02636737075,1.04322193298,RHO_GTE_ONE_FINITE_HORIZON_ONLY,PROHIBITED_RHO_GTE_ONE,EXPLORATORY_FINITE_HORIZON_NOT_STEADY_STATE
1.0,TASK3_PEAK_DURATION_SENSITIVITY_EXPLORATORY_V1,PEAK_DURATION_S29_I17_T900,LOCAL_WINDOW_HPP_BASE_STATIONARY_EXTENSION,29,17,900,queue_mean_window_90_100,MEAN_OF_REPLICATION_LEVEL_METRIC,50,54.4333548889,30.8716731307,4.36591388346,49,0.95,45.6597224613,63.2069873165,1.02636737075,1.04322193298,RHO_GTE_ONE_FINITE_HORIZON_ONLY,PROHIBITED_RHO_GTE_ONE,EXPLORATORY_FINITE_HORIZON_NOT_STEADY_STATE
1.0,TASK3_PEAK_DURATION_SENSITIVITY_EXPLORATORY_V1,PEAK_DURATION_S29_I17_T900,LOCAL_WINDOW_HPP_BASE_STATIONARY_EXTENSION,29,17,900,arrival_window_queue_growth_slope_travellers_per_second,MEAN_OF_REPLICATION_LEVEL_METRIC,50,0.0504067833159,0.0552625062802,0.00781529858722,49,0.95,0.0347013528042,0.0661122138275,1.02636737075,1.04322193298,RHO_GTE_ONE_FINITE_HORIZON_ONLY,PROHIBITED_RHO_GTE_ONE,EXPLORATORY_FINITE_HORIZON_NOT_STEADY_STATE
1.0,TASK3_PEAK_DURATION_SENSITIVITY_EXPLORATORY_V1,PEAK_DURATION_S29_I17_T1800,LOCAL_WINDOW_HPP_BASE_STATIONARY_EXTENSION,29,17,1800,total_queue_wait_mean_seconds,MEAN_OF_REPLICATION_LEVEL_METRIC,50,44.4687399701,18.8739876623,2.66918493281,49,0.95,39.1048120258,49.8326679144,1.02636737075,1.04322193298,RHO_GTE_ONE_FINITE_HORIZON_ONLY,PROHIBITED_RHO_GTE_ONE,EXPLORATORY_FINITE_HORIZON_NOT_STEADY_STATE
1.0,TASK3_PEAK_DURATION_SENSITIVITY_EXPLORATORY_V1,PEAK_DURATION_S29_I17_T1800,LOCAL_WINDOW_HPP_BASE_STATIONARY_EXTENSION,29,17,1800,total_queue_wait_p95_seconds,MEAN_OF_REPLICATION_LEVEL_METRIC,50,83.8271710435,30.6152284789,4.329647133,49,0.95,75.1264193795,92.5279227075,1.02636737075,1.04322193298,RHO_GTE_ONE_FINITE_HORIZON_ONLY,PROHIBITED_RHO_GTE_ONE,EXPLORATORY_FINITE_HORIZON_NOT_STEADY_STATE
1.0,TASK3_PEAK_DURATION_SENSITIVITY_EXPLORATORY_V1,PEAK_DURATION_S29_I17_T1800,LOCAL_WINDOW_HPP_BASE_STATIONARY_EXTENSION,29,17,1800,arrival_window_time_weighted_mean_total_waiting_queue,MEAN_OF_REPLICATION_LEVEL_METRIC,50,57.7543566924,25.0583037346,3.54377929916,49,0.95,50.632865567,64.8758478179,1.02636737075,1.04322193298,RHO_GTE_ONE_FINITE_HORIZON_ONLY,PROHIBITED_RHO_GTE_ONE,EXPLORATORY_FINITE_HORIZON_NOT_STEADY_STATE
1.0,TASK3_PEAK_DURATION_SENSITIVITY_EXPLORATORY_V1,PEAK_DURATION_S29_I17_T1800,LOCAL_WINDOW_HPP_BASE_STATIONARY_EXTENSION,29,17,1800,arrival_window_peak_total_waiting_queue,MEAN_OF_REPLICATION_LEVEL_METRIC,50,120.94,40.9386848637,5.78960433599,49,0.95,109.305354494,132.574645506,1.02636737075,1.04322193298,RHO_GTE_ONE_FINITE_HORIZON_ONLY,PROHIBITED_RHO_GTE_ONE,EXPLORATORY_FINITE_HORIZON_NOT_STEADY_STATE
1.0,TASK3_PEAK_DURATION_SENSITIVITY_EXPLORATORY_V1,PEAK_DURATION_S29_I17_T1800,LOCAL_WINDOW_HPP_BASE_STATIONARY_EXTENSION,29,17,1800,security_waiting_at_cutoff,MEAN_OF_REPLICATION_LEVEL_METRIC,50,73.16,40.8772977261,5.78092288374,49,0.95,61.5428005251,84.7771994749,1.02636737075,1.04322193298,RHO_GTE_ONE_FINITE_HORIZON_ONLY,PROHIBITED_RHO_GTE_ONE,EXPLORATORY_FINITE_HORIZON_NOT_STEADY_STATE
1.0,TASK3_PEAK_DURATION_SENSITIVITY_EXPLORATORY_V1,PEAK_DURATION_S29_I17_T1800,LOCAL_WINDOW_HPP_BASE_STATIONARY_EXTENSION,29,17,1800,immigration_waiting_at_cutoff,MEAN_OF_REPLICATION_LEVEL_METRIC,50,35.1,6.44363314934,0.911267339075,49,0.95,33.268739721,36.931260279,1.02636737075,1.04322193298,RHO_GTE_ONE_FINITE_HORIZON_ONLY,PROHIBITED_RHO_GTE_ONE,EXPLORATORY_FINITE_HORIZON_NOT_STEADY_STATE
1.0,TASK3_PEAK_DURATION_SENSITIVITY_EXPLORATORY_V1,PEAK_DURATION_S29_I17_T1800,LOCAL_WINDOW_HPP_BASE_STATIONARY_EXTENSION,29,17,1800,total_waiting_at_cutoff,MEAN_OF_REPLICATION_LEVEL_METRIC,50,108.26,44.2270625435,6.25465116729,49,0.95,95.6908078973,120.829192103,1.02636737075,1.04322193298,RHO_GTE_ONE_FINITE_HORIZON_ONLY,PROHIBITED_RHO_GTE_ONE,EXPLORATORY_FINITE_HORIZON_NOT_STEADY_STATE
1.0,TASK3_PEAK_DURATION_SENSITIVITY_EXPLORATORY_V1,PEAK_DURATION_S29_I17_T1800,LOCAL_WINDOW_HPP_BASE_STATIONARY_EXTENSION,29,17,1800,cutoff_backlog,MEAN_OF_REPLICATION_LEVEL_METRIC,50,154.1,44.5293986815,6.29740795397,49,0.95,141.444884918,166.755115082,1.02636737075,1.04322193298,RHO_GTE_ONE_FINITE_HORIZON_ONLY,PROHIBITED_RHO_GTE_ONE,EXPLORATORY_FINITE_HORIZON_NOT_STEADY_STATE
1.0,TASK3_PEAK_DURATION_SENSITIVITY_EXPLORATORY_V1,PEAK_DURATION_S29_I17_T1800,LOCAL_WINDOW_HPP_BASE_STATIONARY_EXTENSION,29,17,1800,late_arrival_total_queue_wait_p95_seconds,MEAN_OF_REPLICATION_LEVEL_METRIC,50,88.1578651252,32.0147885605,4.52757481787,49,0.95,79.059362887,97.2563673634,1.02636737075,1.04322193298,RHO_GTE_ONE_FINITE_HORIZON_ONLY,PROHIBITED_RHO_GTE_ONE,EXPLORATORY_FINITE_HORIZON_NOT_STEADY_STATE
1.0,TASK3_PEAK_DURATION_SENSITIVITY_EXPLORATORY_V1,PEAK_DURATION_S29_I17_T1800,LOCAL_WINDOW_HPP_BASE_STATIONARY_EXTENSION,29,17,1800,cohort_clear_time_after_cutoff_seconds,MEAN_OF_REPLICATION_LEVEL_METRIC,50,117.445382895,34.0095962393,4.80968322524,49,0.95,107.779962588,127.110803203,1.02636737075,1.04322193298,RHO_GTE_ONE_FINITE_HORIZON_ONLY,PROHIBITED_RHO_GTE_ONE,EXPLORATORY_FINITE_HORIZON_NOT_STEADY_STATE
1.0,TASK3_PEAK_DURATION_SENSITIVITY_EXPLORATORY_V1,PEAK_DURATION_S29_I17_T1800,LOCAL_WINDOW_HPP_BASE_STATIONARY_EXTENSION,29,17,1800,queue_mean_window_50_60,MEAN_OF_REPLICATION_LEVEL_METRIC,50,62.7743590415,33.2929659543,4.70833639842,49,0.95,53.3126028071,72.2361152758,1.02636737075,1.04322193298,RHO_GTE_ONE_FINITE_HORIZON_ONLY,PROHIBITED_RHO_GTE_ONE,EXPLORATORY_FINITE_HORIZON_NOT_STEADY_STATE
1.0,TASK3_PEAK_DURATION_SENSITIVITY_EXPLORATORY_V1,PEAK_DURATION_S29_I17_T1800,LOCAL_WINDOW_HPP_BASE_STATIONARY_EXTENSION,29,17,1800,queue_mean_window_60_70,MEAN_OF_REPLICATION_LEVEL_METRIC,50,73.1036392312,35.5045587385,5.02110284941,49,0.95,63.0133552819,83.1939231805,1.02636737075,1.04322193298,RHO_GTE_ONE_FINITE_HORIZON_ONLY,PROHIBITED_RHO_GTE_ONE,EXPLORATORY_FINITE_HORIZON_NOT_STEADY_STATE
1.0,TASK3_PEAK_DURATION_SENSITIVITY_EXPLORATORY_V1,PEAK_DURATION_S29_I17_T1800,LOCAL_WINDOW_HPP_BASE_STATIONARY_EXTENSION,29,17,1800,queue_mean_window_70_80,MEAN_OF_REPLICATION_LEVEL_METRIC,50,83.4031704914,39.1521971549,5.53695682132,49,0.95,72.2762391742,94.5301018086,1.02636737075,1.04322193298,RHO_GTE_ONE_FINITE_HORIZON_ONLY,PROHIBITED_RHO_GTE_ONE,EXPLORATORY_FINITE_HORIZON_NOT_STEADY_STATE
1.0,TASK3_PEAK_DURATION_SENSITIVITY_EXPLORATORY_V1,PEAK_DURATION_S29_I17_T1800,LOCAL_WINDOW_HPP_BASE_STATIONARY_EXTENSION,29,17,1800,queue_mean_window_80_90,MEAN_OF_REPLICATION_LEVEL_METRIC,50,93.6856427055,41.0798048066,5.80956170972,49,0.95,82.0108913551,105.360394056,1.02636737075,1.04322193298,RHO_GTE_ONE_FINITE_HORIZON_ONLY,PROHIBITED_RHO_GTE_ONE,EXPLORATORY_FINITE_HORIZON_NOT_STEADY_STATE
1.0,TASK3_PEAK_DURATION_SENSITIVITY_EXPLORATORY_V1,PEAK_DURATION_S29_I17_T1800,LOCAL_WINDOW_HPP_BASE_STATIONARY_EXTENSION,29,17,1800,queue_mean_window_90_100,MEAN_OF_REPLICATION_LEVEL_METRIC,50,104.922301001,42.8244187272,6.05628737648,49,0.95,92.7517358603,117.092866142,1.02636737075,1.04322193298,RHO_GTE_ONE_FINITE_HORIZON_ONLY,PROHIBITED_RHO_GTE_ONE,EXPLORATORY_FINITE_HORIZON_NOT_STEADY_STATE
1.0,TASK3_PEAK_DURATION_SENSITIVITY_EXPLORATORY_V1,PEAK_DURATION_S29_I17_T1800,LOCAL_WINDOW_HPP_BASE_STATIONARY_EXTENSION,29,17,1800,arrival_window_queue_growth_slope_travellers_per_second,MEAN_OF_REPLICATION_LEVEL_METRIC,50,0.0582654929963,0.0386433299972,0.00546499213772,49,0.95,0.0472831801252,0.0692478058674,1.02636737075,1.04322193298,RHO_GTE_ONE_FINITE_HORIZON_ONLY,PROHIBITED_RHO_GTE_ONE,EXPLORATORY_FINITE_HORIZON_NOT_STEADY_STATE
1.0,TASK3_PEAK_DURATION_SENSITIVITY_EXPLORATORY_V1,PEAK_DURATION_S29_I17_T3600,LOCAL_WINDOW_HPP_BASE_STATIONARY_EXTENSION,29,17,3600,total_queue_wait_mean_seconds,MEAN_OF_REPLICATION_LEVEL_METRIC,50,84.7891269327,25.8478093601,3.65543225547,49,0.95,77.4432607911,92.1349930743,1.02636737075,1.04322193298,RHO_GTE_ONE_FINITE_HORIZON_ONLY,PROHIBITED_RHO_GTE_ONE,EXPLORATORY_FINITE_HORIZON_NOT_STEADY_STATE
1.0,TASK3_PEAK_DURATION_SENSITIVITY_EXPLORATORY_V1,PEAK_DURATION_S29_I17_T3600,LOCAL_WINDOW_HPP_BASE_STATIONARY_EXTENSION,29,17,3600,total_queue_wait_p95_seconds,MEAN_OF_REPLICATION_LEVEL_METRIC,50,158.521426559,42.4235029463,5.99958932301,49,0.95,146.464800422,170.578052695,1.02636737075,1.04322193298,RHO_GTE_ONE_FINITE_HORIZON_ONLY,PROHIBITED_RHO_GTE_ONE,EXPLORATORY_FINITE_HORIZON_NOT_STEADY_STATE
1.0,TASK3_PEAK_DURATION_SENSITIVITY_EXPLORATORY_V1,PEAK_DURATION_S29_I17_T3600,LOCAL_WINDOW_HPP_BASE_STATIONARY_EXTENSION,29,17,3600,arrival_window_time_weighted_mean_total_waiting_queue,MEAN_OF_REPLICATION_LEVEL_METRIC,50,110.387281166,34.2974452605,4.85039122421,49,0.95,100.640055072,120.134507261,1.02636737075,1.04322193298,RHO_GTE_ONE_FINITE_HORIZON_ONLY,PROHIBITED_RHO_GTE_ONE,EXPLORATORY_FINITE_HORIZON_NOT_STEADY_STATE
1.0,TASK3_PEAK_DURATION_SENSITIVITY_EXPLORATORY_V1,PEAK_DURATION_S29_I17_T3600,LOCAL_WINDOW_HPP_BASE_STATIONARY_EXTENSION,29,17,3600,arrival_window_peak_total_waiting_queue,MEAN_OF_REPLICATION_LEVEL_METRIC,50,226.26,57.3043468095,8.10405844409,49,0.95,209.97428483,242.54571517,1.02636737075,1.04322193298,RHO_GTE_ONE_FINITE_HORIZON_ONLY,PROHIBITED_RHO_GTE_ONE,EXPLORATORY_FINITE_HORIZON_NOT_STEADY_STATE
1.0,TASK3_PEAK_DURATION_SENSITIVITY_EXPLORATORY_V1,PEAK_DURATION_S29_I17_T3600,LOCAL_WINDOW_HPP_BASE_STATIONARY_EXTENSION,29,17,3600,security_waiting_at_cutoff,MEAN_OF_REPLICATION_LEVEL_METRIC,50,142.24,60.173748429,8.50985311272,49,0.95,125.138809913,159.341190087,1.02636737075,1.04322193298,RHO_GTE_ONE_FINITE_HORIZON_ONLY,PROHIBITED_RHO_GTE_ONE,EXPLORATORY_FINITE_HORIZON_NOT_STEADY_STATE
1.0,TASK3_PEAK_DURATION_SENSITIVITY_EXPLORATORY_V1,PEAK_DURATION_S29_I17_T3600,LOCAL_WINDOW_HPP_BASE_STATIONARY_EXTENSION,29,17,3600,immigration_waiting_at_cutoff,MEAN_OF_REPLICATION_LEVEL_METRIC,50,72.66,6.53908188026,0.924765828053,49,0.95,70.8016134918,74.5183865082,1.02636737075,1.04322193298,RHO_GTE_ONE_FINITE_HORIZON_ONLY,PROHIBITED_RHO_GTE_ONE,EXPLORATORY_FINITE_HORIZON_NOT_STEADY_STATE
1.0,TASK3_PEAK_DURATION_SENSITIVITY_EXPLORATORY_V1,PEAK_DURATION_S29_I17_T3600,LOCAL_WINDOW_HPP_BASE_STATIONARY_EXTENSION,29,17,3600,total_waiting_at_cutoff,MEAN_OF_REPLICATION_LEVEL_METRIC,50,214.9,61.5842711167,8.70933114421,49,0.95,197.397943801,232.402056199,1.02636737075,1.04322193298,RHO_GTE_ONE_FINITE_HORIZON_ONLY,PROHIBITED_RHO_GTE_ONE,EXPLORATORY_FINITE_HORIZON_NOT_STEADY_STATE
1.0,TASK3_PEAK_DURATION_SENSITIVITY_EXPLORATORY_V1,PEAK_DURATION_S29_I17_T3600,LOCAL_WINDOW_HPP_BASE_STATIONARY_EXTENSION,29,17,3600,cutoff_backlog,MEAN_OF_REPLICATION_LEVEL_METRIC,50,260.9,61.5842711167,8.70933114421,49,0.95,243.397943801,278.402056199,1.02636737075,1.04322193298,RHO_GTE_ONE_FINITE_HORIZON_ONLY,PROHIBITED_RHO_GTE_ONE,EXPLORATORY_FINITE_HORIZON_NOT_STEADY_STATE
1.0,TASK3_PEAK_DURATION_SENSITIVITY_EXPLORATORY_V1,PEAK_DURATION_S29_I17_T3600,LOCAL_WINDOW_HPP_BASE_STATIONARY_EXTENSION,29,17,3600,late_arrival_total_queue_wait_p95_seconds,MEAN_OF_REPLICATION_LEVEL_METRIC,50,167.733135865,43.9623100909,6.21720951639,49,0.95,155.239185577,180.227086153,1.02636737075,1.04322193298,RHO_GTE_ONE_FINITE_HORIZON_ONLY,PROHIBITED_RHO_GTE_ONE,EXPLORATORY_FINITE_HORIZON_NOT_STEADY_STATE
1.0,TASK3_PEAK_DURATION_SENSITIVITY_EXPLORATORY_V1,PEAK_DURATION_S29_I17_T3600,LOCAL_WINDOW_HPP_BASE_STATIONARY_EXTENSION,29,17,3600,cohort_clear_time_after_cutoff_seconds,MEAN_OF_REPLICATION_LEVEL_METRIC,50,199.19400956,47.1014627339,6.66115274059,49,0.95,185.807921962,212.580097158,1.02636737075,1.04322193298,RHO_GTE_ONE_FINITE_HORIZON_ONLY,PROHIBITED_RHO_GTE_ONE,EXPLORATORY_FINITE_HORIZON_NOT_STEADY_STATE
1.0,TASK3_PEAK_DURATION_SENSITIVITY_EXPLORATORY_V1,PEAK_DURATION_S29_I17_T3600,LOCAL_WINDOW_HPP_BASE_STATIONARY_EXTENSION,29,17,3600,queue_mean_window_50_60,MEAN_OF_REPLICATION_LEVEL_METRIC,50,120.801323883,45.3497924197,6.41342914908,49,0.95,107.91305548,133.689592286,1.02636737075,1.04322193298,RHO_GTE_ONE_FINITE_HORIZON_ONLY,PROHIBITED_RHO_GTE_ONE,EXPLORATORY_FINITE_HORIZON_NOT_STEADY_STATE
1.0,TASK3_PEAK_DURATION_SENSITIVITY_EXPLORATORY_V1,PEAK_DURATION_S29_I17_T3600,LOCAL_WINDOW_HPP_BASE_STATIONARY_EXTENSION,29,17,3600,queue_mean_window_60_70,MEAN_OF_REPLICATION_LEVEL_METRIC,50,143.490178138,48.8064563943,6.90227525641,49,0.95,129.619536702,157.360819573,1.02636737075,1.04322193298,RHO_GTE_ONE_FINITE_HORIZON_ONLY,PROHIBITED_RHO_GTE_ONE,EXPLORATORY_FINITE_HORIZON_NOT_STEADY_STATE
1.0,TASK3_PEAK_DURATION_SENSITIVITY_EXPLORATORY_V1,PEAK_DURATION_S29_I17_T3600,LOCAL_WINDOW_HPP_BASE_STATIONARY_EXTENSION,29,17,3600,queue_mean_window_70_80,MEAN_OF_REPLICATION_LEVEL_METRIC,50,162.686939865,48.6667698331,6.88252059349,49,0.95,148.855996911,176.517882819,1.02636737075,1.04322193298,RHO_GTE_ONE_FINITE_HORIZON_ONLY,PROHIBITED_RHO_GTE_ONE,EXPLORATORY_FINITE_HORIZON_NOT_STEADY_STATE
1.0,TASK3_PEAK_DURATION_SENSITIVITY_EXPLORATORY_V1,PEAK_DURATION_S29_I17_T3600,LOCAL_WINDOW_HPP_BASE_STATIONARY_EXTENSION,29,17,3600,queue_mean_window_80_90,MEAN_OF_REPLICATION_LEVEL_METRIC,50,184.354460981,53.9225230754,7.62579634506,49,0.95,169.029849483,199.67907248,1.02636737075,1.04322193298,RHO_GTE_ONE_FINITE_HORIZON_ONLY,PROHIBITED_RHO_GTE_ONE,EXPLORATORY_FINITE_HORIZON_NOT_STEADY_STATE
1.0,TASK3_PEAK_DURATION_SENSITIVITY_EXPLORATORY_V1,PEAK_DURATION_S29_I17_T3600,LOCAL_WINDOW_HPP_BASE_STATIONARY_EXTENSION,29,17,3600,queue_mean_window_90_100,MEAN_OF_REPLICATION_LEVEL_METRIC,50,203.768125331,57.575884255,8.1424596379,49,0.95,187.405240074,220.131010589,1.02636737075,1.04322193298,RHO_GTE_ONE_FINITE_HORIZON_ONLY,PROHIBITED_RHO_GTE_ONE,EXPLORATORY_FINITE_HORIZON_NOT_STEADY_STATE
1.0,TASK3_PEAK_DURATION_SENSITIVITY_EXPLORATORY_V1,PEAK_DURATION_S29_I17_T3600,LOCAL_WINDOW_HPP_BASE_STATIONARY_EXTENSION,29,17,3600,arrival_window_queue_growth_slope_travellers_per_second,MEAN_OF_REPLICATION_LEVEL_METRIC,50,0.05744385715,0.0276848447504,0.00391522829182,49,0.95,0.0495759113271,0.065311802973,1.02636737075,1.04322193298,RHO_GTE_ONE_FINITE_HORIZON_ONLY,PROHIBITED_RHO_GTE_ONE,EXPLORATORY_FINITE_HORIZON_NOT_STEADY_STATE
1.0,TASK3_PEAK_DURATION_SENSITIVITY_EXPLORATORY_V1,PEAK_DURATION_S29_I17_T7200,LOCAL_WINDOW_HPP_BASE_STATIONARY_EXTENSION,29,17,7200,total_queue_wait_mean_seconds,MEAN_OF_REPLICATION_LEVEL_METRIC,50,164.231076993,39.3183535364,5.56045488214,49,0.95,153.056924555,175.405229431,1.02636737075,1.04322193298,RHO_GTE_ONE_FINITE_HORIZON_ONLY,PROHIBITED_RHO_GTE_ONE,EXPLORATORY_FINITE_HORIZON_NOT_STEADY_STATE
1.0,TASK3_PEAK_DURATION_SENSITIVITY_EXPLORATORY_V1,PEAK_DURATION_S29_I17_T7200,LOCAL_WINDOW_HPP_BASE_STATIONARY_EXTENSION,29,17,7200,total_queue_wait_p95_seconds,MEAN_OF_REPLICATION_LEVEL_METRIC,50,307.14762824,75.8974357699,10.7335183015,49,0.95,285.577815654,328.717440826,1.02636737075,1.04322193298,RHO_GTE_ONE_FINITE_HORIZON_ONLY,PROHIBITED_RHO_GTE_ONE,EXPLORATORY_FINITE_HORIZON_NOT_STEADY_STATE
1.0,TASK3_PEAK_DURATION_SENSITIVITY_EXPLORATORY_V1,PEAK_DURATION_S29_I17_T7200,LOCAL_WINDOW_HPP_BASE_STATIONARY_EXTENSION,29,17,7200,arrival_window_time_weighted_mean_total_waiting_queue,MEAN_OF_REPLICATION_LEVEL_METRIC,50,214.100478205,51.448957731,7.27598137931,49,0.95,199.4788462,228.722110211,1.02636737075,1.04322193298,RHO_GTE_ONE_FINITE_HORIZON_ONLY,PROHIBITED_RHO_GTE_ONE,EXPLORATORY_FINITE_HORIZON_NOT_STEADY_STATE
1.0,TASK3_PEAK_DURATION_SENSITIVITY_EXPLORATORY_V1,PEAK_DURATION_S29_I17_T7200,LOCAL_WINDOW_HPP_BASE_STATIONARY_EXTENSION,29,17,7200,arrival_window_peak_total_waiting_queue,MEAN_OF_REPLICATION_LEVEL_METRIC,50,436.2,107.291515917,15.1733116937,49,0.95,405.708088555,466.691911445,1.02636737075,1.04322193298,RHO_GTE_ONE_FINITE_HORIZON_ONLY,PROHIBITED_RHO_GTE_ONE,EXPLORATORY_FINITE_HORIZON_NOT_STEADY_STATE
1.0,TASK3_PEAK_DURATION_SENSITIVITY_EXPLORATORY_V1,PEAK_DURATION_S29_I17_T7200,LOCAL_WINDOW_HPP_BASE_STATIONARY_EXTENSION,29,17,7200,security_waiting_at_cutoff,MEAN_OF_REPLICATION_LEVEL_METRIC,50,276.14,109.138745248,15.434549371,49,0.95,245.123111788,307.156888212,1.02636737075,1.04322193298,RHO_GTE_ONE_FINITE_HORIZON_ONLY,PROHIBITED_RHO_GTE_ONE,EXPLORATORY_FINITE_HORIZON_NOT_STEADY_STATE
1.0,TASK3_PEAK_DURATION_SENSITIVITY_EXPLORATORY_V1,PEAK_DURATION_S29_I17_T7200,LOCAL_WINDOW_HPP_BASE_STATIONARY_EXTENSION,29,17,7200,immigration_waiting_at_cutoff,MEAN_OF_REPLICATION_LEVEL_METRIC,50,149.78,6.90840954555,0.976996647374,49,0.95,147.816651731,151.743348269,1.02636737075,1.04322193298,RHO_GTE_ONE_FINITE_HORIZON_ONLY,PROHIBITED_RHO_GTE_ONE,EXPLORATORY_FINITE_HORIZON_NOT_STEADY_STATE
1.0,TASK3_PEAK_DURATION_SENSITIVITY_EXPLORATORY_V1,PEAK_DURATION_S29_I17_T7200,LOCAL_WINDOW_HPP_BASE_STATIONARY_EXTENSION,29,17,7200,total_waiting_at_cutoff,MEAN_OF_REPLICATION_LEVEL_METRIC,50,425.92,110.037255287,15.5616178793,49,0.95,394.64775806,457.19224194,1.02636737075,1.04322193298,RHO_GTE_ONE_FINITE_HORIZON_ONLY,PROHIBITED_RHO_GTE_ONE,EXPLORATORY_FINITE_HORIZON_NOT_STEADY_STATE
1.0,TASK3_PEAK_DURATION_SENSITIVITY_EXPLORATORY_V1,PEAK_DURATION_S29_I17_T7200,LOCAL_WINDOW_HPP_BASE_STATIONARY_EXTENSION,29,17,7200,cutoff_backlog,MEAN_OF_REPLICATION_LEVEL_METRIC,50,471.92,110.037255287,15.5616178793,49,0.95,440.64775806,503.19224194,1.02636737075,1.04322193298,RHO_GTE_ONE_FINITE_HORIZON_ONLY,PROHIBITED_RHO_GTE_ONE,EXPLORATORY_FINITE_HORIZON_NOT_STEADY_STATE
1.0,TASK3_PEAK_DURATION_SENSITIVITY_EXPLORATORY_V1,PEAK_DURATION_S29_I17_T7200,LOCAL_WINDOW_HPP_BASE_STATIONARY_EXTENSION,29,17,7200,late_arrival_total_queue_wait_p95_seconds,MEAN_OF_REPLICATION_LEVEL_METRIC,50,325.329856545,80.6142131464,11.4005713552,49,0.95,302.419550661,348.24016243,1.02636737075,1.04322193298,RHO_GTE_ONE_FINITE_HORIZON_ONLY,PROHIBITED_RHO_GTE_ONE,EXPLORATORY_FINITE_HORIZON_NOT_STEADY_STATE
1.0,TASK3_PEAK_DURATION_SENSITIVITY_EXPLORATORY_V1,PEAK_DURATION_S29_I17_T7200,LOCAL_WINDOW_HPP_BASE_STATIONARY_EXTENSION,29,17,7200,cohort_clear_time_after_cutoff_seconds,MEAN_OF_REPLICATION_LEVEL_METRIC,50,360.480147864,84.0982291898,11.8932856292,49,0.95,336.579695576,384.380600153,1.02636737075,1.04322193298,RHO_GTE_ONE_FINITE_HORIZON_ONLY,PROHIBITED_RHO_GTE_ONE,EXPLORATORY_FINITE_HORIZON_NOT_STEADY_STATE
1.0,TASK3_PEAK_DURATION_SENSITIVITY_EXPLORATORY_V1,PEAK_DURATION_S29_I17_T7200,LOCAL_WINDOW_HPP_BASE_STATIONARY_EXTENSION,29,17,7200,queue_mean_window_50_60,MEAN_OF_REPLICATION_LEVEL_METRIC,50,236.388090264,59.9708716742,8.48116200689,49,0.95,219.344557113,253.431623415,1.02636737075,1.04322193298,RHO_GTE_ONE_FINITE_HORIZON_ONLY,PROHIBITED_RHO_GTE_ONE,EXPLORATORY_FINITE_HORIZON_NOT_STEADY_STATE
1.0,TASK3_PEAK_DURATION_SENSITIVITY_EXPLORATORY_V1,PEAK_DURATION_S29_I17_T7200,LOCAL_WINDOW_HPP_BASE_STATIONARY_EXTENSION,29,17,7200,queue_mean_window_60_70,MEAN_OF_REPLICATION_LEVEL_METRIC,50,277.262546304,67.8256507564,9.59199551765,49,0.95,257.986709637,296.538382971,1.02636737075,1.04322193298,RHO_GTE_ONE_FINITE_HORIZON_ONLY,PROHIBITED_RHO_GTE_ONE,EXPLORATORY_FINITE_HORIZON_NOT_STEADY_STATE
1.0,TASK3_PEAK_DURATION_SENSITIVITY_EXPLORATORY_V1,PEAK_DURATION_S29_I17_T7200,LOCAL_WINDOW_HPP_BASE_STATIONARY_EXTENSION,29,17,7200,queue_mean_window_70_80,MEAN_OF_REPLICATION_LEVEL_METRIC,50,317.452797488,80.7165038641,11.4150374472,49,0.95,294.513420903,340.392174073,1.02636737075,1.04322193298,RHO_GTE_ONE_FINITE_HORIZON_ONLY,PROHIBITED_RHO_GTE_ONE,EXPLORATORY_FINITE_HORIZON_NOT_STEADY_STATE
1.0,TASK3_PEAK_DURATION_SENSITIVITY_EXPLORATORY_V1,PEAK_DURATION_S29_I17_T7200,LOCAL_WINDOW_HPP_BASE_STATIONARY_EXTENSION,29,17,7200,queue_mean_window_80_90,MEAN_OF_REPLICATION_LEVEL_METRIC,50,358.106215368,89.8893145282,12.7122687718,49,0.95,332.559954837,383.6524759,1.02636737075,1.04322193298,RHO_GTE_ONE_FINITE_HORIZON_ONLY,PROHIBITED_RHO_GTE_ONE,EXPLORATORY_FINITE_HORIZON_NOT_STEADY_STATE
1.0,TASK3_PEAK_DURATION_SENSITIVITY_EXPLORATORY_V1,PEAK_DURATION_S29_I17_T7200,LOCAL_WINDOW_HPP_BASE_STATIONARY_EXTENSION,29,17,7200,queue_mean_window_90_100,MEAN_OF_REPLICATION_LEVEL_METRIC,50,399.8587268,99.5930535968,14.0845847115,49,0.95,371.554694139,428.162759462,1.02636737075,1.04322193298,RHO_GTE_ONE_FINITE_HORIZON_ONLY,PROHIBITED_RHO_GTE_ONE,EXPLORATORY_FINITE_HORIZON_NOT_STEADY_STATE
1.0,TASK3_PEAK_DURATION_SENSITIVITY_EXPLORATORY_V1,PEAK_DURATION_S29_I17_T7200,LOCAL_WINDOW_HPP_BASE_STATIONARY_EXTENSION,29,17,7200,arrival_window_queue_growth_slope_travellers_per_second,MEAN_OF_REPLICATION_LEVEL_METRIC,50,0.0566367975191,0.0223711412705,0.00316375713905,49,0.95,0.0502789895161,0.062994605522,1.02636737075,1.04322193298,RHO_GTE_ONE_FINITE_HORIZON_ONLY,PROHIBITED_RHO_GTE_ONE,EXPLORATORY_FINITE_HORIZON_NOT_STEADY_STATE
1.0,TASK3_PEAK_DURATION_SENSITIVITY_EXPLORATORY_V1,PEAK_DURATION_S28_I16_T300,LOCAL_WINDOW_HPP_BASE_STATIONARY_EXTENSION,28,16,300,total_queue_wait_mean_seconds,MEAN_OF_REPLICATION_LEVEL_METRIC,50,18.152306007,7.67638729824,1.08560510272,49,0.95,15.9707008753,20.3339111387,1.06302334828,1.10842330379,RHO_GTE_ONE_FINITE_HORIZON_ONLY,PROHIBITED_RHO_GTE_ONE,EXPLORATORY_FINITE_HORIZON_NOT_STEADY_STATE
1.0,TASK3_PEAK_DURATION_SENSITIVITY_EXPLORATORY_V1,PEAK_DURATION_S28_I16_T300,LOCAL_WINDOW_HPP_BASE_STATIONARY_EXTENSION,28,16,300,total_queue_wait_p95_seconds,MEAN_OF_REPLICATION_LEVEL_METRIC,50,35.9200561222,13.0270972687,1.84230976357,49,0.95,32.2177960422,39.6223162022,1.06302334828,1.10842330379,RHO_GTE_ONE_FINITE_HORIZON_ONLY,PROHIBITED_RHO_GTE_ONE,EXPLORATORY_FINITE_HORIZON_NOT_STEADY_STATE
1.0,TASK3_PEAK_DURATION_SENSITIVITY_EXPLORATORY_V1,PEAK_DURATION_S28_I16_T300,LOCAL_WINDOW_HPP_BASE_STATIONARY_EXTENSION,28,16,300,arrival_window_time_weighted_mean_total_waiting_queue,MEAN_OF_REPLICATION_LEVEL_METRIC,50,21.1970430177,9.61026331559,1.35909647189,49,0.95,18.465836403,23.9282496325,1.06302334828,1.10842330379,RHO_GTE_ONE_FINITE_HORIZON_ONLY,PROHIBITED_RHO_GTE_ONE,EXPLORATORY_FINITE_HORIZON_NOT_STEADY_STATE
1.0,TASK3_PEAK_DURATION_SENSITIVITY_EXPLORATORY_V1,PEAK_DURATION_S28_I16_T300,LOCAL_WINDOW_HPP_BASE_STATIONARY_EXTENSION,28,16,300,arrival_window_peak_total_waiting_queue,MEAN_OF_REPLICATION_LEVEL_METRIC,50,48.42,16.6440404239,2.35382277002,49,0.95,43.6898160488,53.1501839512,1.06302334828,1.10842330379,RHO_GTE_ONE_FINITE_HORIZON_ONLY,PROHIBITED_RHO_GTE_ONE,EXPLORATORY_FINITE_HORIZON_NOT_STEADY_STATE
1.0,TASK3_PEAK_DURATION_SENSITIVITY_EXPLORATORY_V1,PEAK_DURATION_S28_I16_T300,LOCAL_WINDOW_HPP_BASE_STATIONARY_EXTENSION,28,16,300,security_waiting_at_cutoff,MEAN_OF_REPLICATION_LEVEL_METRIC,50,29.74,15.8819754079,2.24605050191,49,0.95,25.22639253,34.25360747,1.06302334828,1.10842330379,RHO_GTE_ONE_FINITE_HORIZON_ONLY,PROHIBITED_RHO_GTE_ONE,EXPLORATORY_FINITE_HORIZON_NOT_STEADY_STATE
1.0,TASK3_PEAK_DURATION_SENSITIVITY_EXPLORATORY_V1,PEAK_DURATION_S28_I16_T300,LOCAL_WINDOW_HPP_BASE_STATIONARY_EXTENSION,28,16,300,immigration_waiting_at_cutoff,MEAN_OF_REPLICATION_LEVEL_METRIC,50,14.04,3.84368020926,0.543578468135,49,0.95,12.947638171,15.132361829,1.06302334828,1.10842330379,RHO_GTE_ONE_FINITE_HORIZON_ONLY,PROHIBITED_RHO_GTE_ONE,EXPLORATORY_FINITE_HORIZON_NOT_STEADY_STATE
1.0,TASK3_PEAK_DURATION_SENSITIVITY_EXPLORATORY_V1,PEAK_DURATION_S28_I16_T300,LOCAL_WINDOW_HPP_BASE_STATIONARY_EXTENSION,28,16,300,total_waiting_at_cutoff,MEAN_OF_REPLICATION_LEVEL_METRIC,50,43.78,17.9606031443,2.5400128555,49,0.95,38.6756530636,48.8843469364,1.06302334828,1.10842330379,RHO_GTE_ONE_FINITE_HORIZON_ONLY,PROHIBITED_RHO_GTE_ONE,EXPLORATORY_FINITE_HORIZON_NOT_STEADY_STATE
1.0,TASK3_PEAK_DURATION_SENSITIVITY_EXPLORATORY_V1,PEAK_DURATION_S28_I16_T300,LOCAL_WINDOW_HPP_BASE_STATIONARY_EXTENSION,28,16,300,cutoff_backlog,MEAN_OF_REPLICATION_LEVEL_METRIC,50,87.66,18.2416992585,2.57976584921,49,0.95,82.4757664318,92.8442335682,1.06302334828,1.10842330379,RHO_GTE_ONE_FINITE_HORIZON_ONLY,PROHIBITED_RHO_GTE_ONE,EXPLORATORY_FINITE_HORIZON_NOT_STEADY_STATE
1.0,TASK3_PEAK_DURATION_SENSITIVITY_EXPLORATORY_V1,PEAK_DURATION_S28_I16_T300,LOCAL_WINDOW_HPP_BASE_STATIONARY_EXTENSION,28,16,300,late_arrival_total_queue_wait_p95_seconds,MEAN_OF_REPLICATION_LEVEL_METRIC,50,38.0952312481,13.8594131329,1.9600170019,49,0.95,34.1564296167,42.0340328795,1.06302334828,1.10842330379,RHO_GTE_ONE_FINITE_HORIZON_ONLY,PROHIBITED_RHO_GTE_ONE,EXPLORATORY_FINITE_HORIZON_NOT_STEADY_STATE
1.0,TASK3_PEAK_DURATION_SENSITIVITY_EXPLORATORY_V1,PEAK_DURATION_S28_I16_T300,LOCAL_WINDOW_HPP_BASE_STATIONARY_EXTENSION,28,16,300,cohort_clear_time_after_cutoff_seconds,MEAN_OF_REPLICATION_LEVEL_METRIC,50,70.7881412428,14.6609939415,2.07337764699,49,0.95,66.6215328662,74.9547496194,1.06302334828,1.10842330379,RHO_GTE_ONE_FINITE_HORIZON_ONLY,PROHIBITED_RHO_GTE_ONE,EXPLORATORY_FINITE_HORIZON_NOT_STEADY_STATE
1.0,TASK3_PEAK_DURATION_SENSITIVITY_EXPLORATORY_V1,PEAK_DURATION_S28_I16_T300,LOCAL_WINDOW_HPP_BASE_STATIONARY_EXTENSION,28,16,300,queue_mean_window_50_60,MEAN_OF_REPLICATION_LEVEL_METRIC,50,23.599963875,13.165444331,1.86187499276,49,0.95,19.8583859949,27.3415417551,1.06302334828,1.10842330379,RHO_GTE_ONE_FINITE_HORIZON_ONLY,PROHIBITED_RHO_GTE_ONE,EXPLORATORY_FINITE_HORIZON_NOT_STEADY_STATE
1.0,TASK3_PEAK_DURATION_SENSITIVITY_EXPLORATORY_V1,PEAK_DURATION_S28_I16_T300,LOCAL_WINDOW_HPP_BASE_STATIONARY_EXTENSION,28,16,300,queue_mean_window_60_70,MEAN_OF_REPLICATION_LEVEL_METRIC,50,27.931197508,14.4525715551,2.04390227043,49,0.95,23.8238221183,32.0385728978,1.06302334828,1.10842330379,RHO_GTE_ONE_FINITE_HORIZON_ONLY,PROHIBITED_RHO_GTE_ONE,EXPLORATORY_FINITE_HORIZON_NOT_STEADY_STATE
1.0,TASK3_PEAK_DURATION_SENSITIVITY_EXPLORATORY_V1,PEAK_DURATION_S28_I16_T300,LOCAL_WINDOW_HPP_BASE_STATIONARY_EXTENSION,28,16,300,queue_mean_window_70_80,MEAN_OF_REPLICATION_LEVEL_METRIC,50,31.328418411,15.3829832486,2.175482354,49,0.95,26.9566229436,35.7002138784,1.06302334828,1.10842330379,RHO_GTE_ONE_FINITE_HORIZON_ONLY,PROHIBITED_RHO_GTE_ONE,EXPLORATORY_FINITE_HORIZON_NOT_STEADY_STATE
1.0,TASK3_PEAK_DURATION_SENSITIVITY_EXPLORATORY_V1,PEAK_DURATION_S28_I16_T300,LOCAL_WINDOW_HPP_BASE_STATIONARY_EXTENSION,28,16,300,queue_mean_window_80_90,MEAN_OF_REPLICATION_LEVEL_METRIC,50,35.6913720056,15.8192686347,2.237182425,49,0.95,31.1955856034,40.1871584079,1.06302334828,1.10842330379,RHO_GTE_ONE_FINITE_HORIZON_ONLY,PROHIBITED_RHO_GTE_ONE,EXPLORATORY_FINITE_HORIZON_NOT_STEADY_STATE
1.0,TASK3_PEAK_DURATION_SENSITIVITY_EXPLORATORY_V1,PEAK_DURATION_S28_I16_T300,LOCAL_WINDOW_HPP_BASE_STATIONARY_EXTENSION,28,16,300,queue_mean_window_90_100,MEAN_OF_REPLICATION_LEVEL_METRIC,50,41.2696246685,17.0081951873,2.40532203053,49,0.95,36.4359490787,46.1033002584,1.06302334828,1.10842330379,RHO_GTE_ONE_FINITE_HORIZON_ONLY,PROHIBITED_RHO_GTE_ONE,EXPLORATORY_FINITE_HORIZON_NOT_STEADY_STATE
1.0,TASK3_PEAK_DURATION_SENSITIVITY_EXPLORATORY_V1,PEAK_DURATION_S28_I16_T300,LOCAL_WINDOW_HPP_BASE_STATIONARY_EXTENSION,28,16,300,arrival_window_queue_growth_slope_travellers_per_second,MEAN_OF_REPLICATION_LEVEL_METRIC,50,0.143664986949,0.0966978637098,0.0136751430311,49,0.95,0.116183758149,0.171146215748,1.06302334828,1.10842330379,RHO_GTE_ONE_FINITE_HORIZON_ONLY,PROHIBITED_RHO_GTE_ONE,EXPLORATORY_FINITE_HORIZON_NOT_STEADY_STATE
1.0,TASK3_PEAK_DURATION_SENSITIVITY_EXPLORATORY_V1,PEAK_DURATION_S28_I16_T900,LOCAL_WINDOW_HPP_BASE_STATIONARY_EXTENSION,28,16,900,total_queue_wait_mean_seconds,MEAN_OF_REPLICATION_LEVEL_METRIC,50,50.831441089,15.5284467356,2.19605399761,49,0.95,46.418305356,55.244576822,1.06302334828,1.10842330379,RHO_GTE_ONE_FINITE_HORIZON_ONLY,PROHIBITED_RHO_GTE_ONE,EXPLORATORY_FINITE_HORIZON_NOT_STEADY_STATE
1.0,TASK3_PEAK_DURATION_SENSITIVITY_EXPLORATORY_V1,PEAK_DURATION_S28_I16_T900,LOCAL_WINDOW_HPP_BASE_STATIONARY_EXTENSION,28,16,900,total_queue_wait_p95_seconds,MEAN_OF_REPLICATION_LEVEL_METRIC,50,95.1475795094,27.8920361428,3.94452957954,49,0.95,87.2207505442,103.074408475,1.06302334828,1.10842330379,RHO_GTE_ONE_FINITE_HORIZON_ONLY,PROHIBITED_RHO_GTE_ONE,EXPLORATORY_FINITE_HORIZON_NOT_STEADY_STATE
1.0,TASK3_PEAK_DURATION_SENSITIVITY_EXPLORATORY_V1,PEAK_DURATION_S28_I16_T900,LOCAL_WINDOW_HPP_BASE_STATIONARY_EXTENSION,28,16,900,arrival_window_time_weighted_mean_total_waiting_queue,MEAN_OF_REPLICATION_LEVEL_METRIC,50,61.5220355745,19.4988527749,2.7575542045,49,0.95,55.9805229301,67.0635482189,1.06302334828,1.10842330379,RHO_GTE_ONE_FINITE_HORIZON_ONLY,PROHIBITED_RHO_GTE_ONE,EXPLORATORY_FINITE_HORIZON_NOT_STEADY_STATE
1.0,TASK3_PEAK_DURATION_SENSITIVITY_EXPLORATORY_V1,PEAK_DURATION_S28_I16_T900,LOCAL_WINDOW_HPP_BASE_STATIONARY_EXTENSION,28,16,900,arrival_window_peak_total_waiting_queue,MEAN_OF_REPLICATION_LEVEL_METRIC,50,125.92,36.5445436894,5.16817893163,49,0.95,115.534155598,136.305844402,1.06302334828,1.10842330379,RHO_GTE_ONE_FINITE_HORIZON_ONLY,PROHIBITED_RHO_GTE_ONE,EXPLORATORY_FINITE_HORIZON_NOT_STEADY_STATE
1.0,TASK3_PEAK_DURATION_SENSITIVITY_EXPLORATORY_V1,PEAK_DURATION_S28_I16_T900,LOCAL_WINDOW_HPP_BASE_STATIONARY_EXTENSION,28,16,900,security_waiting_at_cutoff,MEAN_OF_REPLICATION_LEVEL_METRIC,50,76.16,36.6011932447,5.17619038857,49,0.95,65.7580559725,86.5619440275,1.06302334828,1.10842330379,RHO_GTE_ONE_FINITE_HORIZON_ONLY,PROHIBITED_RHO_GTE_ONE,EXPLORATORY_FINITE_HORIZON_NOT_STEADY_STATE
1.0,TASK3_PEAK_DURATION_SENSITIVITY_EXPLORATORY_V1,PEAK_DURATION_S28_I16_T900,LOCAL_WINDOW_HPP_BASE_STATIONARY_EXTENSION,28,16,900,immigration_waiting_at_cutoff,MEAN_OF_REPLICATION_LEVEL_METRIC,50,43.76,4.94690173085,0.69959755195,49,0.95,42.3541060836,45.1658939164,1.06302334828,1.10842330379,RHO_GTE_ONE_FINITE_HORIZON_ONLY,PROHIBITED_RHO_GTE_ONE,EXPLORATORY_FINITE_HORIZON_NOT_STEADY_STATE
1.0,TASK3_PEAK_DURATION_SENSITIVITY_EXPLORATORY_V1,PEAK_DURATION_S28_I16_T900,LOCAL_WINDOW_HPP_BASE_STATIONARY_EXTENSION,28,16,900,total_waiting_at_cutoff,MEAN_OF_REPLICATION_LEVEL_METRIC,50,119.92,38.5348186047,5.44964630944,49,0.95,108.968525725,130.871474275,1.06302334828,1.10842330379,RHO_GTE_ONE_FINITE_HORIZON_ONLY,PROHIBITED_RHO_GTE_ONE,EXPLORATORY_FINITE_HORIZON_NOT_STEADY_STATE
1.0,TASK3_PEAK_DURATION_SENSITIVITY_EXPLORATORY_V1,PEAK_DURATION_S28_I16_T900,LOCAL_WINDOW_HPP_BASE_STATIONARY_EXTENSION,28,16,900,cutoff_backlog,MEAN_OF_REPLICATION_LEVEL_METRIC,50,163.92,38.5348186047,5.44964630944,49,0.95,152.968525725,174.871474275,1.06302334828,1.10842330379,RHO_GTE_ONE_FINITE_HORIZON_ONLY,PROHIBITED_RHO_GTE_ONE,EXPLORATORY_FINITE_HORIZON_NOT_STEADY_STATE
1.0,TASK3_PEAK_DURATION_SENSITIVITY_EXPLORATORY_V1,PEAK_DURATION_S28_I16_T900,LOCAL_WINDOW_HPP_BASE_STATIONARY_EXTENSION,28,16,900,late_arrival_total_queue_wait_p95_seconds,MEAN_OF_REPLICATION_LEVEL_METRIC,50,100.041918409,29.6233353682,4.18937226405,49,0.95,91.6230596479,108.46077717,1.06302334828,1.10842330379,RHO_GTE_ONE_FINITE_HORIZON_ONLY,PROHIBITED_RHO_GTE_ONE,EXPLORATORY_FINITE_HORIZON_NOT_STEADY_STATE
1.0,TASK3_PEAK_DURATION_SENSITIVITY_EXPLORATORY_V1,PEAK_DURATION_S28_I16_T900,LOCAL_WINDOW_HPP_BASE_STATIONARY_EXTENSION,28,16,900,cohort_clear_time_after_cutoff_seconds,MEAN_OF_REPLICATION_LEVEL_METRIC,50,132.955240245,31.230735244,4.4166929345,49,0.95,124.079563494,141.830916997,1.06302334828,1.10842330379,RHO_GTE_ONE_FINITE_HORIZON_ONLY,PROHIBITED_RHO_GTE_ONE,EXPLORATORY_FINITE_HORIZON_NOT_STEADY_STATE
1.0,TASK3_PEAK_DURATION_SENSITIVITY_EXPLORATORY_V1,PEAK_DURATION_S28_I16_T900,LOCAL_WINDOW_HPP_BASE_STATIONARY_EXTENSION,28,16,900,queue_mean_window_50_60,MEAN_OF_REPLICATION_LEVEL_METRIC,50,68.5726821131,24.3244459952,3.43999614236,49,0.95,61.6597510496,75.4856131766,1.06302334828,1.10842330379,RHO_GTE_ONE_FINITE_HORIZON_ONLY,PROHIBITED_RHO_GTE_ONE,EXPLORATORY_FINITE_HORIZON_NOT_STEADY_STATE
1.0,TASK3_PEAK_DURATION_SENSITIVITY_EXPLORATORY_V1,PEAK_DURATION_S28_I16_T900,LOCAL_WINDOW_HPP_BASE_STATIONARY_EXTENSION,28,16,900,queue_mean_window_60_70,MEAN_OF_REPLICATION_LEVEL_METRIC,50,80.2698334851,26.9117405269,3.80589484402,49,0.95,72.6216014515,87.9180655188,1.06302334828,1.10842330379,RHO_GTE_ONE_FINITE_HORIZON_ONLY,PROHIBITED_RHO_GTE_ONE,EXPLORATORY_FINITE_HORIZON_NOT_STEADY_STATE
1.0,TASK3_PEAK_DURATION_SENSITIVITY_EXPLORATORY_V1,PEAK_DURATION_S28_I16_T900,LOCAL_WINDOW_HPP_BASE_STATIONARY_EXTENSION,28,16,900,queue_mean_window_70_80,MEAN_OF_REPLICATION_LEVEL_METRIC,50,91.4210151121,30.2530623618,4.27842910954,49,0.95,82.8231899198,100.018840304,1.06302334828,1.10842330379,RHO_GTE_ONE_FINITE_HORIZON_ONLY,PROHIBITED_RHO_GTE_ONE,EXPLORATORY_FINITE_HORIZON_NOT_STEADY_STATE
1.0,TASK3_PEAK_DURATION_SENSITIVITY_EXPLORATORY_V1,PEAK_DURATION_S28_I16_T900,LOCAL_WINDOW_HPP_BASE_STATIONARY_EXTENSION,28,16,900,queue_mean_window_80_90,MEAN_OF_REPLICATION_LEVEL_METRIC,50,101.924984456,31.0634977578,4.39304198239,49,0.95,93.096836073,110.75313284,1.06302334828,1.10842330379,RHO_GTE_ONE_FINITE_HORIZON_ONLY,PROHIBITED_RHO_GTE_ONE,EXPLORATORY_FINITE_HORIZON_NOT_STEADY_STATE
1.0,TASK3_PEAK_DURATION_SENSITIVITY_EXPLORATORY_V1,PEAK_DURATION_S28_I16_T900,LOCAL_WINDOW_HPP_BASE_STATIONARY_EXTENSION,28,16,900,queue_mean_window_90_100,MEAN_OF_REPLICATION_LEVEL_METRIC,50,113.691924317,35.1014123398,4.96408933894,49,0.95,103.716213306,123.667635327,1.06302334828,1.10842330379,RHO_GTE_ONE_FINITE_HORIZON_ONLY,PROHIBITED_RHO_GTE_ONE,EXPLORATORY_FINITE_HORIZON_NOT_STEADY_STATE
1.0,TASK3_PEAK_DURATION_SENSITIVITY_EXPLORATORY_V1,PEAK_DURATION_S28_I16_T900,LOCAL_WINDOW_HPP_BASE_STATIONARY_EXTENSION,28,16,900,arrival_window_queue_growth_slope_travellers_per_second,MEAN_OF_REPLICATION_LEVEL_METRIC,50,0.124326261532,0.0597658204545,0.00845216338531,49,0.95,0.107341003292,0.141311519771,1.06302334828,1.10842330379,RHO_GTE_ONE_FINITE_HORIZON_ONLY,PROHIBITED_RHO_GTE_ONE,EXPLORATORY_FINITE_HORIZON_NOT_STEADY_STATE
1.0,TASK3_PEAK_DURATION_SENSITIVITY_EXPLORATORY_V1,PEAK_DURATION_S28_I16_T1800,LOCAL_WINDOW_HPP_BASE_STATIONARY_EXTENSION,28,16,1800,total_queue_wait_mean_seconds,MEAN_OF_REPLICATION_LEVEL_METRIC,50,99.1897948215,22.7263539871,3.21399180318,49,0.95,92.7310364815,105.648553161,1.06302334828,1.10842330379,RHO_GTE_ONE_FINITE_HORIZON_ONLY,PROHIBITED_RHO_GTE_ONE,EXPLORATORY_FINITE_HORIZON_NOT_STEADY_STATE
1.0,TASK3_PEAK_DURATION_SENSITIVITY_EXPLORATORY_V1,PEAK_DURATION_S28_I16_T1800,LOCAL_WINDOW_HPP_BASE_STATIONARY_EXTENSION,28,16,1800,total_queue_wait_p95_seconds,MEAN_OF_REPLICATION_LEVEL_METRIC,50,188.279500467,37.5619061484,5.31205571037,49,0.95,177.604524853,198.954476081,1.06302334828,1.10842330379,RHO_GTE_ONE_FINITE_HORIZON_ONLY,PROHIBITED_RHO_GTE_ONE,EXPLORATORY_FINITE_HORIZON_NOT_STEADY_STATE
1.0,TASK3_PEAK_DURATION_SENSITIVITY_EXPLORATORY_V1,PEAK_DURATION_S28_I16_T1800,LOCAL_WINDOW_HPP_BASE_STATIONARY_EXTENSION,28,16,1800,arrival_window_time_weighted_mean_total_waiting_queue,MEAN_OF_REPLICATION_LEVEL_METRIC,50,121.078295154,28.7455384548,4.06523303405,49,0.95,112.908903515,129.247686792,1.06302334828,1.10842330379,RHO_GTE_ONE_FINITE_HORIZON_ONLY,PROHIBITED_RHO_GTE_ONE,EXPLORATORY_FINITE_HORIZON_NOT_STEADY_STATE
1.0,TASK3_PEAK_DURATION_SENSITIVITY_EXPLORATORY_V1,PEAK_DURATION_S28_I16_T1800,LOCAL_WINDOW_HPP_BASE_STATIONARY_EXTENSION,28,16,1800,arrival_window_peak_total_waiting_queue,MEAN_OF_REPLICATION_LEVEL_METRIC,50,246.32,47.116633399,6.66329819662,49,0.95,232.929600946,259.710399054,1.06302334828,1.10842330379,RHO_GTE_ONE_FINITE_HORIZON_ONLY,PROHIBITED_RHO_GTE_ONE,EXPLORATORY_FINITE_HORIZON_NOT_STEADY_STATE
1.0,TASK3_PEAK_DURATION_SENSITIVITY_EXPLORATORY_V1,PEAK_DURATION_S28_I16_T1800,LOCAL_WINDOW_HPP_BASE_STATIONARY_EXTENSION,28,16,1800,security_waiting_at_cutoff,MEAN_OF_REPLICATION_LEVEL_METRIC,50,147.8,46.0226208799,6.50858146243,49,0.95,134.720515864,160.879484136,1.06302334828,1.10842330379,RHO_GTE_ONE_FINITE_HORIZON_ONLY,PROHIBITED_RHO_GTE_ONE,EXPLORATORY_FINITE_HORIZON_NOT_STEADY_STATE
1.0,TASK3_PEAK_DURATION_SENSITIVITY_EXPLORATORY_V1,PEAK_DURATION_S28_I16_T1800,LOCAL_WINDOW_HPP_BASE_STATIONARY_EXTENSION,28,16,1800,immigration_waiting_at_cutoff,MEAN_OF_REPLICATION_LEVEL_METRIC,50,91.86,4.98573475231,0.705089370511,49,0.95,90.4430698611,93.2769301389,1.06302334828,1.10842330379,RHO_GTE_ONE_FINITE_HORIZON_ONLY,PROHIBITED_RHO_GTE_ONE,EXPLORATORY_FINITE_HORIZON_NOT_STEADY_STATE
1.0,TASK3_PEAK_DURATION_SENSITIVITY_EXPLORATORY_V1,PEAK_DURATION_S28_I16_T1800,LOCAL_WINDOW_HPP_BASE_STATIONARY_EXTENSION,28,16,1800,total_waiting_at_cutoff,MEAN_OF_REPLICATION_LEVEL_METRIC,50,239.66,47.826903026,6.76374549057,49,0.95,226.067744552,253.252255448,1.06302334828,1.10842330379,RHO_GTE_ONE_FINITE_HORIZON_ONLY,PROHIBITED_RHO_GTE_ONE,EXPLORATORY_FINITE_HORIZON_NOT_STEADY_STATE
1.0,TASK3_PEAK_DURATION_SENSITIVITY_EXPLORATORY_V1,PEAK_DURATION_S28_I16_T1800,LOCAL_WINDOW_HPP_BASE_STATIONARY_EXTENSION,28,16,1800,cutoff_backlog,MEAN_OF_REPLICATION_LEVEL_METRIC,50,283.66,47.826903026,6.76374549057,49,0.95,270.067744552,297.252255448,1.06302334828,1.10842330379,RHO_GTE_ONE_FINITE_HORIZON_ONLY,PROHIBITED_RHO_GTE_ONE,EXPLORATORY_FINITE_HORIZON_NOT_STEADY_STATE
1.0,TASK3_PEAK_DURATION_SENSITIVITY_EXPLORATORY_V1,PEAK_DURATION_S28_I16_T1800,LOCAL_WINDOW_HPP_BASE_STATIONARY_EXTENSION,28,16,1800,late_arrival_total_queue_wait_p95_seconds,MEAN_OF_REPLICATION_LEVEL_METRIC,50,196.6094179,37.886032791,5.35789413975,49,0.95,185.842326513,207.376509286,1.06302334828,1.10842330379,RHO_GTE_ONE_FINITE_HORIZON_ONLY,PROHIBITED_RHO_GTE_ONE,EXPLORATORY_FINITE_HORIZON_NOT_STEADY_STATE
1.0,TASK3_PEAK_DURATION_SENSITIVITY_EXPLORATORY_V1,PEAK_DURATION_S28_I16_T1800,LOCAL_WINDOW_HPP_BASE_STATIONARY_EXTENSION,28,16,1800,cohort_clear_time_after_cutoff_seconds,MEAN_OF_REPLICATION_LEVEL_METRIC,50,230.165853851,39.060350929,5.52396780349,49,0.95,219.065024942,241.266682759,1.06302334828,1.10842330379,RHO_GTE_ONE_FINITE_HORIZON_ONLY,PROHIBITED_RHO_GTE_ONE,EXPLORATORY_FINITE_HORIZON_NOT_STEADY_STATE
1.0,TASK3_PEAK_DURATION_SENSITIVITY_EXPLORATORY_V1,PEAK_DURATION_S28_I16_T1800,LOCAL_WINDOW_HPP_BASE_STATIONARY_EXTENSION,28,16,1800,queue_mean_window_50_60,MEAN_OF_REPLICATION_LEVEL_METRIC,50,132.182112211,37.9225235012,5.36305470549,49,0.95,121.404650279,142.959574142,1.06302334828,1.10842330379,RHO_GTE_ONE_FINITE_HORIZON_ONLY,PROHIBITED_RHO_GTE_ONE,EXPLORATORY_FINITE_HORIZON_NOT_STEADY_STATE
1.0,TASK3_PEAK_DURATION_SENSITIVITY_EXPLORATORY_V1,PEAK_DURATION_S28_I16_T1800,LOCAL_WINDOW_HPP_BASE_STATIONARY_EXTENSION,28,16,1800,queue_mean_window_60_70,MEAN_OF_REPLICATION_LEVEL_METRIC,50,156.306574077,40.1335908445,5.6757468479,49,0.95,144.900733759,167.712414394,1.06302334828,1.10842330379,RHO_GTE_ONE_FINITE_HORIZON_ONLY,PROHIBITED_RHO_GTE_ONE,EXPLORATORY_FINITE_HORIZON_NOT_STEADY_STATE
1.0,TASK3_PEAK_DURATION_SENSITIVITY_EXPLORATORY_V1,PEAK_DURATION_S28_I16_T1800,LOCAL_WINDOW_HPP_BASE_STATIONARY_EXTENSION,28,16,1800,queue_mean_window_70_80,MEAN_OF_REPLICATION_LEVEL_METRIC,50,180.433489493,43.6084255735,6.16716268798,49,0.95,168.040112072,192.826866914,1.06302334828,1.10842330379,RHO_GTE_ONE_FINITE_HORIZON_ONLY,PROHIBITED_RHO_GTE_ONE,EXPLORATORY_FINITE_HORIZON_NOT_STEADY_STATE
1.0,TASK3_PEAK_DURATION_SENSITIVITY_EXPLORATORY_V1,PEAK_DURATION_S28_I16_T1800,LOCAL_WINDOW_HPP_BASE_STATIONARY_EXTENSION,28,16,1800,queue_mean_window_80_90,MEAN_OF_REPLICATION_LEVEL_METRIC,50,204.584823406,45.2826019845,6.40392698661,49,0.95,191.715650314,217.453996499,1.06302334828,1.10842330379,RHO_GTE_ONE_FINITE_HORIZON_ONLY,PROHIBITED_RHO_GTE_ONE,EXPLORATORY_FINITE_HORIZON_NOT_STEADY_STATE
1.0,TASK3_PEAK_DURATION_SENSITIVITY_EXPLORATORY_V1,PEAK_DURATION_S28_I16_T1800,LOCAL_WINDOW_HPP_BASE_STATIONARY_EXTENSION,28,16,1800,queue_mean_window_90_100,MEAN_OF_REPLICATION_LEVEL_METRIC,50,229.665774477,46.6900219033,6.60296622031,49,0.95,216.396617069,242.934931885,1.06302334828,1.10842330379,RHO_GTE_ONE_FINITE_HORIZON_ONLY,PROHIBITED_RHO_GTE_ONE,EXPLORATORY_FINITE_HORIZON_NOT_STEADY_STATE
1.0,TASK3_PEAK_DURATION_SENSITIVITY_EXPLORATORY_V1,PEAK_DURATION_S28_I16_T1800,LOCAL_WINDOW_HPP_BASE_STATIONARY_EXTENSION,28,16,1800,arrival_window_queue_growth_slope_travellers_per_second,MEAN_OF_REPLICATION_LEVEL_METRIC,50,0.135136429924,0.0386818234486,0.00547043593383,49,0.95,0.124143177335,0.146129682513,1.06302334828,1.10842330379,RHO_GTE_ONE_FINITE_HORIZON_ONLY,PROHIBITED_RHO_GTE_ONE,EXPLORATORY_FINITE_HORIZON_NOT_STEADY_STATE
1.0,TASK3_PEAK_DURATION_SENSITIVITY_EXPLORATORY_V1,PEAK_DURATION_S28_I16_T3600,LOCAL_WINDOW_HPP_BASE_STATIONARY_EXTENSION,28,16,3600,total_queue_wait_mean_seconds,MEAN_OF_REPLICATION_LEVEL_METRIC,50,197.978087998,29.235546071,4.1345305757,49,0.95,189.669437735,206.28673826,1.06302334828,1.10842330379,RHO_GTE_ONE_FINITE_HORIZON_ONLY,PROHIBITED_RHO_GTE_ONE,EXPLORATORY_FINITE_HORIZON_NOT_STEADY_STATE
1.0,TASK3_PEAK_DURATION_SENSITIVITY_EXPLORATORY_V1,PEAK_DURATION_S28_I16_T3600,LOCAL_WINDOW_HPP_BASE_STATIONARY_EXTENSION,28,16,3600,total_queue_wait_p95_seconds,MEAN_OF_REPLICATION_LEVEL_METRIC,50,375.038207817,46.8847647827,6.63050702243,49,0.95,361.713705095,388.362710539,1.06302334828,1.10842330379,RHO_GTE_ONE_FINITE_HORIZON_ONLY,PROHIBITED_RHO_GTE_ONE,EXPLORATORY_FINITE_HORIZON_NOT_STEADY_STATE
1.0,TASK3_PEAK_DURATION_SENSITIVITY_EXPLORATORY_V1,PEAK_DURATION_S28_I16_T3600,LOCAL_WINDOW_HPP_BASE_STATIONARY_EXTENSION,28,16,3600,arrival_window_time_weighted_mean_total_waiting_queue,MEAN_OF_REPLICATION_LEVEL_METRIC,50,242.502410556,37.2258801472,5.26453445755,49,0.95,231.922932475,253.081888637,1.06302334828,1.10842330379,RHO_GTE_ONE_FINITE_HORIZON_ONLY,PROHIBITED_RHO_GTE_ONE,EXPLORATORY_FINITE_HORIZON_NOT_STEADY_STATE
1.0,TASK3_PEAK_DURATION_SENSITIVITY_EXPLORATORY_V1,PEAK_DURATION_S28_I16_T3600,LOCAL_WINDOW_HPP_BASE_STATIONARY_EXTENSION,28,16,3600,arrival_window_peak_total_waiting_queue,MEAN_OF_REPLICATION_LEVEL_METRIC,50,489.4,61.1668844646,8.65030375779,49,0.95,472.016563775,506.783436225,1.06302334828,1.10842330379,RHO_GTE_ONE_FINITE_HORIZON_ONLY,PROHIBITED_RHO_GTE_ONE,EXPLORATORY_FINITE_HORIZON_NOT_STEADY_STATE
1.0,TASK3_PEAK_DURATION_SENSITIVITY_EXPLORATORY_V1,PEAK_DURATION_S28_I16_T3600,LOCAL_WINDOW_HPP_BASE_STATIONARY_EXTENSION,28,16,3600,security_waiting_at_cutoff,MEAN_OF_REPLICATION_LEVEL_METRIC,50,299.4,61.4169424209,8.68566729311,49,0.95,281.94549809,316.85450191,1.06302334828,1.10842330379,RHO_GTE_ONE_FINITE_HORIZON_ONLY,PROHIBITED_RHO_GTE_ONE,EXPLORATORY_FINITE_HORIZON_NOT_STEADY_STATE
1.0,TASK3_PEAK_DURATION_SENSITIVITY_EXPLORATORY_V1,PEAK_DURATION_S28_I16_T3600,LOCAL_WINDOW_HPP_BASE_STATIONARY_EXTENSION,28,16,3600,immigration_waiting_at_cutoff,MEAN_OF_REPLICATION_LEVEL_METRIC,50,185.68,4.91328893546,0.694843984838,49,0.95,184.283658734,187.076341266,1.06302334828,1.10842330379,RHO_GTE_ONE_FINITE_HORIZON_ONLY,PROHIBITED_RHO_GTE_ONE,EXPLORATORY_FINITE_HORIZON_NOT_STEADY_STATE
1.0,TASK3_PEAK_DURATION_SENSITIVITY_EXPLORATORY_V1,PEAK_DURATION_S28_I16_T3600,LOCAL_WINDOW_HPP_BASE_STATIONARY_EXTENSION,28,16,3600,total_waiting_at_cutoff,MEAN_OF_REPLICATION_LEVEL_METRIC,50,485.08,61.9294661329,8.75814909157,49,0.95,467.479840462,502.680159538,1.06302334828,1.10842330379,RHO_GTE_ONE_FINITE_HORIZON_ONLY,PROHIBITED_RHO_GTE_ONE,EXPLORATORY_FINITE_HORIZON_NOT_STEADY_STATE
1.0,TASK3_PEAK_DURATION_SENSITIVITY_EXPLORATORY_V1,PEAK_DURATION_S28_I16_T3600,LOCAL_WINDOW_HPP_BASE_STATIONARY_EXTENSION,28,16,3600,cutoff_backlog,MEAN_OF_REPLICATION_LEVEL_METRIC,50,529.08,61.9294661329,8.75814909157,49,0.95,511.479840462,546.680159538,1.06302334828,1.10842330379,RHO_GTE_ONE_FINITE_HORIZON_ONLY,PROHIBITED_RHO_GTE_ONE,EXPLORATORY_FINITE_HORIZON_NOT_STEADY_STATE
1.0,TASK3_PEAK_DURATION_SENSITIVITY_EXPLORATORY_V1,PEAK_DURATION_S28_I16_T3600,LOCAL_WINDOW_HPP_BASE_STATIONARY_EXTENSION,28,16,3600,late_arrival_total_queue_wait_p95_seconds,MEAN_OF_REPLICATION_LEVEL_METRIC,50,391.232415742,49.1677477816,6.9533695744,49,0.95,377.259096431,405.205735054,1.06302334828,1.10842330379,RHO_GTE_ONE_FINITE_HORIZON_ONLY,PROHIBITED_RHO_GTE_ONE,EXPLORATORY_FINITE_HORIZON_NOT_STEADY_STATE
1.0,TASK3_PEAK_DURATION_SENSITIVITY_EXPLORATORY_V1,PEAK_DURATION_S28_I16_T3600,LOCAL_WINDOW_HPP_BASE_STATIONARY_EXTENSION,28,16,3600,cohort_clear_time_after_cutoff_seconds,MEAN_OF_REPLICATION_LEVEL_METRIC,50,429.496061762,50.1605534216,7.0937734945,49,0.95,415.24059021,443.751533315,1.06302334828,1.10842330379,RHO_GTE_ONE_FINITE_HORIZON_ONLY,PROHIBITED_RHO_GTE_ONE,EXPLORATORY_FINITE_HORIZON_NOT_STEADY_STATE
1.0,TASK3_PEAK_DURATION_SENSITIVITY_EXPLORATORY_V1,PEAK_DURATION_S28_I16_T3600,LOCAL_WINDOW_HPP_BASE_STATIONARY_EXTENSION,28,16,3600,queue_mean_window_50_60,MEAN_OF_REPLICATION_LEVEL_METRIC,50,266.307957371,48.7940941315,6.90052696845,49,0.95,252.440829252,280.17508549,1.06302334828,1.10842330379,RHO_GTE_ONE_FINITE_HORIZON_ONLY,PROHIBITED_RHO_GTE_ONE,EXPLORATORY_FINITE_HORIZON_NOT_STEADY_STATE
1.0,TASK3_PEAK_DURATION_SENSITIVITY_EXPLORATORY_V1,PEAK_DURATION_S28_I16_T3600,LOCAL_WINDOW_HPP_BASE_STATIONARY_EXTENSION,28,16,3600,queue_mean_window_60_70,MEAN_OF_REPLICATION_LEVEL_METRIC,50,316.701474987,51.3953724547,7.26840327687,49,0.95,302.095071748,331.307878225,1.06302334828,1.10842330379,RHO_GTE_ONE_FINITE_HORIZON_ONLY,PROHIBITED_RHO_GTE_ONE,EXPLORATORY_FINITE_HORIZON_NOT_STEADY_STATE
1.0,TASK3_PEAK_DURATION_SENSITIVITY_EXPLORATORY_V1,PEAK_DURATION_S28_I16_T3600,LOCAL_WINDOW_HPP_BASE_STATIONARY_EXTENSION,28,16,3600,queue_mean_window_70_80,MEAN_OF_REPLICATION_LEVEL_METRIC,50,363.596391644,50.5500134384,7.14885145828,49,0.95,349.23023678,377.962546509,1.06302334828,1.10842330379,RHO_GTE_ONE_FINITE_HORIZON_ONLY,PROHIBITED_RHO_GTE_ONE,EXPLORATORY_FINITE_HORIZON_NOT_STEADY_STATE
1.0,TASK3_PEAK_DURATION_SENSITIVITY_EXPLORATORY_V1,PEAK_DURATION_S28_I16_T3600,LOCAL_WINDOW_HPP_BASE_STATIONARY_EXTENSION,28,16,3600,queue_mean_window_80_90,MEAN_OF_REPLICATION_LEVEL_METRIC,50,412.960140368,55.4507507486,7.84192037525,49,0.95,397.201211371,428.719069366,1.06302334828,1.10842330379,RHO_GTE_ONE_FINITE_HORIZON_ONLY,PROHIBITED_RHO_GTE_ONE,EXPLORATORY_FINITE_HORIZON_NOT_STEADY_STATE
1.0,TASK3_PEAK_DURATION_SENSITIVITY_EXPLORATORY_V1,PEAK_DURATION_S28_I16_T3600,LOCAL_WINDOW_HPP_BASE_STATIONARY_EXTENSION,28,16,3600,queue_mean_window_90_100,MEAN_OF_REPLICATION_LEVEL_METRIC,50,460.066665419,58.4510519413,8.26622703903,49,0.95,443.455060257,476.678270581,1.06302334828,1.10842330379,RHO_GTE_ONE_FINITE_HORIZON_ONLY,PROHIBITED_RHO_GTE_ONE,EXPLORATORY_FINITE_HORIZON_NOT_STEADY_STATE
1.0,TASK3_PEAK_DURATION_SENSITIVITY_EXPLORATORY_V1,PEAK_DURATION_S28_I16_T3600,LOCAL_WINDOW_HPP_BASE_STATIONARY_EXTENSION,28,16,3600,arrival_window_queue_growth_slope_travellers_per_second,MEAN_OF_REPLICATION_LEVEL_METRIC,50,0.134382244855,0.0276809706084,0.00391468040541,49,0.95,0.126515400051,0.142249089659,1.06302334828,1.10842330379,RHO_GTE_ONE_FINITE_HORIZON_ONLY,PROHIBITED_RHO_GTE_ONE,EXPLORATORY_FINITE_HORIZON_NOT_STEADY_STATE
1.0,TASK3_PEAK_DURATION_SENSITIVITY_EXPLORATORY_V1,PEAK_DURATION_S28_I16_T7200,LOCAL_WINDOW_HPP_BASE_STATIONARY_EXTENSION,28,16,7200,total_queue_wait_mean_seconds,MEAN_OF_REPLICATION_LEVEL_METRIC,50,394.804590369,42.0563383186,5.94766440339,49,0.95,382.852311265,406.756869473,1.06302334828,1.10842330379,RHO_GTE_ONE_FINITE_HORIZON_ONLY,PROHIBITED_RHO_GTE_ONE,EXPLORATORY_FINITE_HORIZON_NOT_STEADY_STATE
1.0,TASK3_PEAK_DURATION_SENSITIVITY_EXPLORATORY_V1,PEAK_DURATION_S28_I16_T7200,LOCAL_WINDOW_HPP_BASE_STATIONARY_EXTENSION,28,16,7200,total_queue_wait_p95_seconds,MEAN_OF_REPLICATION_LEVEL_METRIC,50,748.203517359,80.4743758423,11.380795374,49,0.95,725.332952797,771.074081922,1.06302334828,1.10842330379,RHO_GTE_ONE_FINITE_HORIZON_ONLY,PROHIBITED_RHO_GTE_ONE,EXPLORATORY_FINITE_HORIZON_NOT_STEADY_STATE
1.0,TASK3_PEAK_DURATION_SENSITIVITY_EXPLORATORY_V1,PEAK_DURATION_S28_I16_T7200,LOCAL_WINDOW_HPP_BASE_STATIONARY_EXTENSION,28,16,7200,arrival_window_time_weighted_mean_total_waiting_queue,MEAN_OF_REPLICATION_LEVEL_METRIC,50,484.459621353,52.1395920664,7.37365182369,49,0.95,469.641713241,499.277529466,1.06302334828,1.10842330379,RHO_GTE_ONE_FINITE_HORIZON_ONLY,PROHIBITED_RHO_GTE_ONE,EXPLORATORY_FINITE_HORIZON_NOT_STEADY_STATE
1.0,TASK3_PEAK_DURATION_SENSITIVITY_EXPLORATORY_V1,PEAK_DURATION_S28_I16_T7200,LOCAL_WINDOW_HPP_BASE_STATIONARY_EXTENSION,28,16,7200,arrival_window_peak_total_waiting_queue,MEAN_OF_REPLICATION_LEVEL_METRIC,50,977.86,108.89763214,15.4004508283,49,0.95,946.911635375,1008.80836463,1.06302334828,1.10842330379,RHO_GTE_ONE_FINITE_HORIZON_ONLY,PROHIBITED_RHO_GTE_ONE,EXPLORATORY_FINITE_HORIZON_NOT_STEADY_STATE
1.0,TASK3_PEAK_DURATION_SENSITIVITY_EXPLORATORY_V1,PEAK_DURATION_S28_I16_T7200,LOCAL_WINDOW_HPP_BASE_STATIONARY_EXTENSION,28,16,7200,security_waiting_at_cutoff,MEAN_OF_REPLICATION_LEVEL_METRIC,50,598.1,109.483807395,15.4833485278,49,0.95,566.985046211,629.214953789,1.06302334828,1.10842330379,RHO_GTE_ONE_FINITE_HORIZON_ONLY,PROHIBITED_RHO_GTE_ONE,EXPLORATORY_FINITE_HORIZON_NOT_STEADY_STATE
1.0,TASK3_PEAK_DURATION_SENSITIVITY_EXPLORATORY_V1,PEAK_DURATION_S28_I16_T7200,LOCAL_WINDOW_HPP_BASE_STATIONARY_EXTENSION,28,16,7200,immigration_waiting_at_cutoff,MEAN_OF_REPLICATION_LEVEL_METRIC,50,375.36,4.91461792897,0.695031932903,49,0.95,373.963281039,376.756718961,1.06302334828,1.10842330379,RHO_GTE_ONE_FINITE_HORIZON_ONLY,PROHIBITED_RHO_GTE_ONE,EXPLORATORY_FINITE_HORIZON_NOT_STEADY_STATE
1.0,TASK3_PEAK_DURATION_SENSITIVITY_EXPLORATORY_V1,PEAK_DURATION_S28_I16_T7200,LOCAL_WINDOW_HPP_BASE_STATIONARY_EXTENSION,28,16,7200,total_waiting_at_cutoff,MEAN_OF_REPLICATION_LEVEL_METRIC,50,973.46,109.161593381,15.4377805849,49,0.95,942.43661842,1004.48338158,1.06302334828,1.10842330379,RHO_GTE_ONE_FINITE_HORIZON_ONLY,PROHIBITED_RHO_GTE_ONE,EXPLORATORY_FINITE_HORIZON_NOT_STEADY_STATE
1.0,TASK3_PEAK_DURATION_SENSITIVITY_EXPLORATORY_V1,PEAK_DURATION_S28_I16_T7200,LOCAL_WINDOW_HPP_BASE_STATIONARY_EXTENSION,28,16,7200,cutoff_backlog,MEAN_OF_REPLICATION_LEVEL_METRIC,50,1017.46,109.161593381,15.4377805849,49,0.95,986.43661842,1048.48338158,1.06302334828,1.10842330379,RHO_GTE_ONE_FINITE_HORIZON_ONLY,PROHIBITED_RHO_GTE_ONE,EXPLORATORY_FINITE_HORIZON_NOT_STEADY_STATE
1.0,TASK3_PEAK_DURATION_SENSITIVITY_EXPLORATORY_V1,PEAK_DURATION_S28_I16_T7200,LOCAL_WINDOW_HPP_BASE_STATIONARY_EXTENSION,28,16,7200,late_arrival_total_queue_wait_p95_seconds,MEAN_OF_REPLICATION_LEVEL_METRIC,50,783.690780637,86.9852082627,12.3015661251,49,0.95,758.969857974,808.4117033,1.06302334828,1.10842330379,RHO_GTE_ONE_FINITE_HORIZON_ONLY,PROHIBITED_RHO_GTE_ONE,EXPLORATORY_FINITE_HORIZON_NOT_STEADY_STATE
1.0,TASK3_PEAK_DURATION_SENSITIVITY_EXPLORATORY_V1,PEAK_DURATION_S28_I16_T7200,LOCAL_WINDOW_HPP_BASE_STATIONARY_EXTENSION,28,16,7200,cohort_clear_time_after_cutoff_seconds,MEAN_OF_REPLICATION_LEVEL_METRIC,50,825.772680905,88.594630531,12.529172805,49,0.95,800.594365494,850.950996315,1.06302334828,1.10842330379,RHO_GTE_ONE_FINITE_HORIZON_ONLY,PROHIBITED_RHO_GTE_ONE,EXPLORATORY_FINITE_HORIZON_NOT_STEADY_STATE
1.0,TASK3_PEAK_DURATION_SENSITIVITY_EXPLORATORY_V1,PEAK_DURATION_S28_I16_T7200,LOCAL_WINDOW_HPP_BASE_STATIONARY_EXTENSION,28,16,7200,queue_mean_window_50_60,MEAN_OF_REPLICATION_LEVEL_METRIC,50,534.215692528,60.0796935941,8.4965517504,49,0.95,517.14123253,551.290152527,1.06302334828,1.10842330379,RHO_GTE_ONE_FINITE_HORIZON_ONLY,PROHIBITED_RHO_GTE_ONE,EXPLORATORY_FINITE_HORIZON_NOT_STEADY_STATE
1.0,TASK3_PEAK_DURATION_SENSITIVITY_EXPLORATORY_V1,PEAK_DURATION_S28_I16_T7200,LOCAL_WINDOW_HPP_BASE_STATIONARY_EXTENSION,28,16,7200,queue_mean_window_60_70,MEAN_OF_REPLICATION_LEVEL_METRIC,50,630.482218955,67.7752874791,9.58487307467,49,0.95,611.220695373,649.743742537,1.06302334828,1.10842330379,RHO_GTE_ONE_FINITE_HORIZON_ONLY,PROHIBITED_RHO_GTE_ONE,EXPLORATORY_FINITE_HORIZON_NOT_STEADY_STATE
1.0,TASK3_PEAK_DURATION_SENSITIVITY_EXPLORATORY_V1,PEAK_DURATION_S28_I16_T7200,LOCAL_WINDOW_HPP_BASE_STATIONARY_EXTENSION,28,16,7200,queue_mean_window_70_80,MEAN_OF_REPLICATION_LEVEL_METRIC,50,726.058584779,79.7178602301,11.2738079101,49,0.95,703.403019574,748.714149983,1.06302334828,1.10842330379,RHO_GTE_ONE_FINITE_HORIZON_ONLY,PROHIBITED_RHO_GTE_ONE,EXPLORATORY_FINITE_HORIZON_NOT_STEADY_STATE
1.0,TASK3_PEAK_DURATION_SENSITIVITY_EXPLORATORY_V1,PEAK_DURATION_S28_I16_T7200,LOCAL_WINDOW_HPP_BASE_STATIONARY_EXTENSION,28,16,7200,queue_mean_window_80_90,MEAN_OF_REPLICATION_LEVEL_METRIC,50,822.094403699,89.1050757454,12.6013606595,49,0.95,796.771021363,847.417786034,1.06302334828,1.10842330379,RHO_GTE_ONE_FINITE_HORIZON_ONLY,PROHIBITED_RHO_GTE_ONE,EXPLORATORY_FINITE_HORIZON_NOT_STEADY_STATE
1.0,TASK3_PEAK_DURATION_SENSITIVITY_EXPLORATORY_V1,PEAK_DURATION_S28_I16_T7200,LOCAL_WINDOW_HPP_BASE_STATIONARY_EXTENSION,28,16,7200,queue_mean_window_90_100,MEAN_OF_REPLICATION_LEVEL_METRIC,50,919.233260796,98.7732431364,13.9686460043,49,0.95,891.162215689,947.304305902,1.06302334828,1.10842330379,RHO_GTE_ONE_FINITE_HORIZON_ONLY,PROHIBITED_RHO_GTE_ONE,EXPLORATORY_FINITE_HORIZON_NOT_STEADY_STATE
1.0,TASK3_PEAK_DURATION_SENSITIVITY_EXPLORATORY_V1,PEAK_DURATION_S28_I16_T7200,LOCAL_WINDOW_HPP_BASE_STATIONARY_EXTENSION,28,16,7200,arrival_window_queue_growth_slope_travellers_per_second,MEAN_OF_REPLICATION_LEVEL_METRIC,50,0.133562127955,0.0223707430547,0.00316370082283,49,0.95,0.127204433124,0.139919822787,1.06302334828,1.10842330379,RHO_GTE_ONE_FINITE_HORIZON_ONLY,PROHIBITED_RHO_GTE_ONE,EXPLORATORY_FINITE_HORIZON_NOT_STEADY_STATE
