schema_version,study_id,scenario_id,input_sample_id,replication_id,security_capacity,immigration_capacity,arrival_cutoff_seconds,config_id,config_sha256,model_version,master_seed,arrival_seed,service_seed,routing_seed,tie_seed,arrival_guard,security_queue_capacity,immigration_queue_capacity,arrivals,completed_after_drain,rejected_or_dropped_count,total_queue_wait_mean_seconds,total_queue_wait_p95_seconds,arrival_window_time_weighted_mean_security_waiting_queue,arrival_window_time_weighted_mean_immigration_waiting_queue,arrival_window_time_weighted_mean_total_waiting_queue,arrival_window_peak_security_waiting_queue,arrival_window_peak_immigration_waiting_queue,arrival_window_peak_total_waiting_queue,security_waiting_at_cutoff,immigration_waiting_at_cutoff,total_waiting_at_cutoff,cutoff_backlog,late_arrival_count,late_arrival_total_queue_wait_p95_seconds,cohort_clear_time_after_cutoff_seconds,queue_mean_window_50_60,queue_mean_window_60_70,queue_mean_window_70_80,queue_mean_window_80_90,queue_mean_window_90_100,arrival_window_queue_growth_intercept,arrival_window_queue_growth_slope_travellers_per_second,security_rho_proxy,immigration_rho_proxy,rho_regime,steady_state_claim_status
1.0,TASK3_PEAK_DURATION_SENSITIVITY_EXPLORATORY_V1,PEAK_DURATION_S36_I21_T300,LOCAL_WINDOW_HPP_BASE_STATIONARY_EXTENSION,1,36,21,300,OP_PEAK_DURATION_BASE_S36_I21_T300,6c0d5c2b33ccb2182fcc161fcb010842260acd75f037c9189d6976f3113c6562,TASK3_OPERATIONAL_POOLED_V1,202607290000,202609290011,202609290012,202609290013,202609290014,5000,5000,5000,396,396,0,0.387438446682,2.208553338,0.0758844813867,0.435534268233,0.51141874962,4,9,9,0,0,0,42,65,0.296887381,34.701527801,0,0.1655101598,0.985636404267,0.200138230367,0.145613868367,0.054987877085,0.00108618602433,0.826795937552,0.844512993364,RHO_LT_ONE_TERMINATING_COHORT,NOT_ESTIMATED_TERMINATING_COHORT
1.0,TASK3_PEAK_DURATION_SENSITIVITY_EXPLORATORY_V1,PEAK_DURATION_S36_I21_T300,LOCAL_WINDOW_HPP_BASE_STATIONARY_EXTENSION,2,36,21,300,OP_PEAK_DURATION_BASE_S36_I21_T300,6c0d5c2b33ccb2182fcc161fcb010842260acd75f037c9189d6976f3113c6562,TASK3_OPERATIONAL_POOLED_V1,202607290000,202609290021,202609290022,202609290023,202609290024,5000,5000,5000,442,442,0,0.964295391215,3.486699562,0.451725929813,0.749252414877,1.20097834469,8,8,9,8,0,8,65,99,4.969154756,40.93816173,2.1066533677,2.031162214,0.691781941667,0.236999975933,1.67614384307,3.33993423397,-0.00885060429111,0.826795937552,0.844512993364,RHO_LT_ONE_TERMINATING_COHORT,NOT_ESTIMATED_TERMINATING_COHORT
1.0,TASK3_PEAK_DURATION_SENSITIVITY_EXPLORATORY_V1,PEAK_DURATION_S36_I21_T300,LOCAL_WINDOW_HPP_BASE_STATIONARY_EXTENSION,3,36,21,300,OP_PEAK_DURATION_BASE_S36_I21_T300,6c0d5c2b33ccb2182fcc161fcb010842260acd75f037c9189d6976f3113c6562,TASK3_OPERATIONAL_POOLED_V1,202607290000,202609290031,202609290032,202609290033,202609290034,5000,5000,5000,393,393,0,0.400323402794,2.365394881,0.111217337047,0.413206320613,0.52442365766,4,6,6,0,0,0,43,74,0,34.76039242,0.134687231167,1.03018443777,0,0.499806996767,0,0.93274966064,-0.00266583967778,0.826795937552,0.844512993364,RHO_LT_ONE_TERMINATING_COHORT,NOT_ESTIMATED_TERMINATING_COHORT
1.0,TASK3_PEAK_DURATION_SENSITIVITY_EXPLORATORY_V1,PEAK_DURATION_S36_I21_T300,LOCAL_WINDOW_HPP_BASE_STATIONARY_EXTENSION,4,36,21,300,OP_PEAK_DURATION_BASE_S36_I21_T300,6c0d5c2b33ccb2182fcc161fcb010842260acd75f037c9189d6976f3113c6562,TASK3_OPERATIONAL_POOLED_V1,202607290000,202609290041,202609290042,202609290043,202609290044,5000,5000,5000,410,410,0,0.166248937746,1.430620064,0.0427747130433,0.115208123347,0.15798283639,3,4,4,0,0,0,54,94,2.117709672,35.403470296,0,0.1912006482,0.00399236803333,0.3038468692,0.655307443767,-0.83657636556,0.00474420369511,0.826795937552,0.844512993364,RHO_LT_ONE_TERMINATING_COHORT,NOT_ESTIMATED_TERMINATING_COHORT
1.0,TASK3_PEAK_DURATION_SENSITIVITY_EXPLORATORY_V1,PEAK_DURATION_S36_I21_T300,LOCAL_WINDOW_HPP_BASE_STATIONARY_EXTENSION,5,36,21,300,OP_PEAK_DURATION_BASE_S36_I21_T300,6c0d5c2b33ccb2182fcc161fcb010842260acd75f037c9189d6976f3113c6562,TASK3_OPERATIONAL_POOLED_V1,202607290000,202609290051,202609290052,202609290053,202609290054,5000,5000,5000,388,388,0,0.308964086987,1.915322452,0.12677026435,0.272823288153,0.399593552503,5,4,5,0,0,0,32,58,0,33.55701864,0.0871506218667,0.4356677796,0.957458662133,0.0287988917667,0,0.737692789748,-0.00193723377189,0.826795937552,0.844512993364,RHO_LT_ONE_TERMINATING_COHORT,NOT_ESTIMATED_TERMINATING_COHORT
1.0,TASK3_PEAK_DURATION_SENSITIVITY_EXPLORATORY_V1,PEAK_DURATION_S36_I21_T300,LOCAL_WINDOW_HPP_BASE_STATIONARY_EXTENSION,6,36,21,300,OP_PEAK_DURATION_BASE_S36_I21_T300,6c0d5c2b33ccb2182fcc161fcb010842260acd75f037c9189d6976f3113c6562,TASK3_OPERATIONAL_POOLED_V1,202607290000,202609290061,202609290062,202609290063,202609290064,5000,5000,5000,419,419,0,0.421999876165,2.2018371,0.142204418267,0.37455202047,0.516756438737,3,5,5,0,0,0,51,85,1.933117169,32.893710211,0.348811000733,1.009949474,0.5243885605,0.288805266067,0.720595566533,0.561691280817,7.47497455555e-05,0.826795937552,0.844512993364,RHO_LT_ONE_TERMINATING_COHORT,NOT_ESTIMATED_TERMINATING_COHORT
1.0,TASK3_PEAK_DURATION_SENSITIVITY_EXPLORATORY_V1,PEAK_DURATION_S36_I21_T300,LOCAL_WINDOW_HPP_BASE_STATIONARY_EXTENSION,7,36,21,300,OP_PEAK_DURATION_BASE_S36_I21_T300,6c0d5c2b33ccb2182fcc161fcb010842260acd75f037c9189d6976f3113c6562,TASK3_OPERATIONAL_POOLED_V1,202607290000,202609290071,202609290072,202609290073,202609290074,5000,5000,5000,408,408,0,0.441958737015,2.579075458,0.21955584293,0.29464302934,0.51419887227,8,7,8,0,2,2,56,87,2.022582767,34.942694913,0.236664740367,0.798144036,0.127642831233,0.132276266533,0.778398204367,0.1014258468,0.00139199719511,0.826795937552,0.844512993364,RHO_LT_ONE_TERMINATING_COHORT,NOT_ESTIMATED_TERMINATING_COHORT
1.0,TASK3_PEAK_DURATION_SENSITIVITY_EXPLORATORY_V1,PEAK_DURATION_S36_I21_T300,LOCAL_WINDOW_HPP_BASE_STATIONARY_EXTENSION,8,36,21,300,OP_PEAK_DURATION_BASE_S36_I21_T300,6c0d5c2b33ccb2182fcc161fcb010842260acd75f037c9189d6976f3113c6562,TASK3_OPERATIONAL_POOLED_V1,202607290000,202609290081,202609290082,202609290083,202609290084,5000,5000,5000,442,442,0,2.13735748166,7.716276927,1.53636062662,1.61229388938,3.148654516,13,10,16,0,0,0,42,75,2.171959074,33.652413957,4.03570505707,10.487791084,5.6894894228,1.6857733856,0.463512172933,16.4322568245,-0.0531546782222,0.826795937552,0.844512993364,RHO_LT_ONE_TERMINATING_COHORT,NOT_ESTIMATED_TERMINATING_COHORT
1.0,TASK3_PEAK_DURATION_SENSITIVITY_EXPLORATORY_V1,PEAK_DURATION_S36_I21_T300,LOCAL_WINDOW_HPP_BASE_STATIONARY_EXTENSION,9,36,21,300,OP_PEAK_DURATION_BASE_S36_I21_T300,6c0d5c2b33ccb2182fcc161fcb010842260acd75f037c9189d6976f3113c6562,TASK3_OPERATIONAL_POOLED_V1,202607290000,202609290091,202609290092,202609290093,202609290094,5000,5000,5000,395,395,0,0.737253211157,4.277478309,0.444754028037,0.501687364023,0.94644139206,8,8,8,0,0,0,52,84,1.262008847,33.857083782,2.4418702006,0.429371606433,0,0.055268707,0.248359166733,4.20581766153,-0.0158704165572,0.826795937552,0.844512993364,RHO_LT_ONE_TERMINATING_COHORT,NOT_ESTIMATED_TERMINATING_COHORT
1.0,TASK3_PEAK_DURATION_SENSITIVITY_EXPLORATORY_V1,PEAK_DURATION_S36_I21_T300,LOCAL_WINDOW_HPP_BASE_STATIONARY_EXTENSION,10,36,21,300,OP_PEAK_DURATION_BASE_S36_I21_T300,6c0d5c2b33ccb2182fcc161fcb010842260acd75f037c9189d6976f3113c6562,TASK3_OPERATIONAL_POOLED_V1,202607290000,202609290101,202609290102,202609290103,202609290104,5000,5000,5000,394,394,0,0.266696246396,2.046929136,0.0830576487467,0.253272021913,0.33632967066,4,6,6,0,0,0,50,84,0.477557578,34.733050789,1.4043194942,1.2845824828,0.0307591322333,0,0.0007779852,3.61283694449,-0.0136388850027,0.826795937552,0.844512993364,RHO_LT_ONE_TERMINATING_COHORT,NOT_ESTIMATED_TERMINATING_COHORT
1.0,TASK3_PEAK_DURATION_SENSITIVITY_EXPLORATORY_V1,PEAK_DURATION_S36_I21_T300,LOCAL_WINDOW_HPP_BASE_STATIONARY_EXTENSION,11,36,21,300,OP_PEAK_DURATION_BASE_S36_I21_T300,6c0d5c2b33ccb2182fcc161fcb010842260acd75f037c9189d6976f3113c6562,TASK3_OPERATIONAL_POOLED_V1,202607290000,202609290111,202609290112,202609290113,202609290114,5000,5000,5000,409,409,0,0.814457277088,3.727629041,0.39329769813,0.71215537305,1.10545307118,7,8,8,0,3,3,42,70,1.269090055,34.795505588,1.00033499727,0.412483246633,2.49579024267,0.2930265626,0.193281328033,2.17915629231,-0.00577854674167,0.826795937552,0.844512993364,RHO_LT_ONE_TERMINATING_COHORT,NOT_ESTIMATED_TERMINATING_COHORT
1.0,TASK3_PEAK_DURATION_SENSITIVITY_EXPLORATORY_V1,PEAK_DURATION_S36_I21_T300,LOCAL_WINDOW_HPP_BASE_STATIONARY_EXTENSION,12,36,21,300,OP_PEAK_DURATION_BASE_S36_I21_T300,6c0d5c2b33ccb2182fcc161fcb010842260acd75f037c9189d6976f3113c6562,TASK3_OPERATIONAL_POOLED_V1,202607290000,202609290121,202609290122,202609290123,202609290124,5000,5000,5000,423,423,0,0.878583094539,5.19560657,0.605637230873,0.617191617013,1.22282884789,14,6,14,0,3,3,52,84,1.18717384,34.673639871,2.18817106043,5.74408395303,2.81561701073,0.479883731167,0.232500521233,9.17370723052,-0.0305851376676,0.826795937552,0.844512993364,RHO_LT_ONE_TERMINATING_COHORT,NOT_ESTIMATED_TERMINATING_COHORT
1.0,TASK3_PEAK_DURATION_SENSITIVITY_EXPLORATORY_V1,PEAK_DURATION_S36_I21_T300,LOCAL_WINDOW_HPP_BASE_STATIONARY_EXTENSION,13,36,21,300,OP_PEAK_DURATION_BASE_S36_I21_T300,6c0d5c2b33ccb2182fcc161fcb010842260acd75f037c9189d6976f3113c6562,TASK3_OPERATIONAL_POOLED_V1,202607290000,202609290131,202609290132,202609290133,202609290134,5000,5000,5000,455,455,0,6.87611146396,18.740817072,7.45201758156,2.88688844164,10.3389060232,32,13,35,0,2,2,55,87,3.34554149,34.623415863,27.716973343,14.768691184,6.1722186953,1.20718603673,1.87643097503,59.2802424591,-0.21747529961,0.826795937552,0.844512993364,RHO_LT_ONE_TERMINATING_COHORT,NOT_ESTIMATED_TERMINATING_COHORT
1.0,TASK3_PEAK_DURATION_SENSITIVITY_EXPLORATORY_V1,PEAK_DURATION_S36_I21_T300,LOCAL_WINDOW_HPP_BASE_STATIONARY_EXTENSION,14,36,21,300,OP_PEAK_DURATION_BASE_S36_I21_T300,6c0d5c2b33ccb2182fcc161fcb010842260acd75f037c9189d6976f3113c6562,TASK3_OPERATIONAL_POOLED_V1,202607290000,202609290141,202609290142,202609290143,202609290144,5000,5000,5000,374,374,0,0.425524233078,3.122620387,0.131760174667,0.39872670257,0.530486877237,5,8,8,0,0,0,31,63,0,33.71948482,0.302802899567,0.0459758185667,0.0383183295,0.570092219233,0.0036795971,0.247771425993,-0.000247100680889,0.826795937552,0.844512993364,RHO_LT_ONE_TERMINATING_COHORT,NOT_ESTIMATED_TERMINATING_COHORT
1.0,TASK3_PEAK_DURATION_SENSITIVITY_EXPLORATORY_V1,PEAK_DURATION_S36_I21_T300,LOCAL_WINDOW_HPP_BASE_STATIONARY_EXTENSION,15,36,21,300,OP_PEAK_DURATION_BASE_S36_I21_T300,6c0d5c2b33ccb2182fcc161fcb010842260acd75f037c9189d6976f3113c6562,TASK3_OPERATIONAL_POOLED_V1,202607290000,202609290151,202609290152,202609290153,202609290154,5000,5000,5000,386,386,0,0.332675354212,2.620723817,0.214891283307,0.185190797697,0.400082081003,7,4,7,0,0,0,39,67,3.461480705,33.864251907,0.148645341733,0,1.02326789183,2.2033192531,0.3514710789,-1.21138733246,0.00869656909144,0.826795937552,0.844512993364,RHO_LT_ONE_TERMINATING_COHORT,NOT_ESTIMATED_TERMINATING_COHORT
1.0,TASK3_PEAK_DURATION_SENSITIVITY_EXPLORATORY_V1,PEAK_DURATION_S36_I21_T300,LOCAL_WINDOW_HPP_BASE_STATIONARY_EXTENSION,16,36,21,300,OP_PEAK_DURATION_BASE_S36_I21_T300,6c0d5c2b33ccb2182fcc161fcb010842260acd75f037c9189d6976f3113c6562,TASK3_OPERATIONAL_POOLED_V1,202607290000,202609290161,202609290162,202609290163,202609290164,5000,5000,5000,401,401,0,0.301965517075,1.998925238,0.11275911324,0.192910283757,0.305669396997,4,4,4,1,0,1,58,95,2.54789908,36.858360916,0.5036423331,0.248532740067,0,0.858530648133,1.234895762,-0.98525827774,0.00690834921956,0.826795937552,0.844512993364,RHO_LT_ONE_TERMINATING_COHORT,NOT_ESTIMATED_TERMINATING_COHORT
1.0,TASK3_PEAK_DURATION_SENSITIVITY_EXPLORATORY_V1,PEAK_DURATION_S36_I21_T300,LOCAL_WINDOW_HPP_BASE_STATIONARY_EXTENSION,17,36,21,300,OP_PEAK_DURATION_BASE_S36_I21_T300,6c0d5c2b33ccb2182fcc161fcb010842260acd75f037c9189d6976f3113c6562,TASK3_OPERATIONAL_POOLED_V1,202607290000,202609290171,202609290172,202609290173,202609290174,5000,5000,5000,429,429,0,1.11056318795,5.150024982,0.901192675277,0.54479856277,1.44599123805,12,7,12,0,0,0,52,80,4.153120063,34.256800365,0.0842248780333,0.316721080533,5.21163424743,2.6738247056,1.05970501117,-1.36182593395,0.0143602129711,0.826795937552,0.844512993364,RHO_LT_ONE_TERMINATING_COHORT,NOT_ESTIMATED_TERMINATING_COHORT
1.0,TASK3_PEAK_DURATION_SENSITIVITY_EXPLORATORY_V1,PEAK_DURATION_S36_I21_T300,LOCAL_WINDOW_HPP_BASE_STATIONARY_EXTENSION,18,36,21,300,OP_PEAK_DURATION_BASE_S36_I21_T300,6c0d5c2b33ccb2182fcc161fcb010842260acd75f037c9189d6976f3113c6562,TASK3_OPERATIONAL_POOLED_V1,202607290000,202609290181,202609290182,202609290183,202609290184,5000,5000,5000,419,419,0,0.732656303036,4.213769509,0.46972584264,0.531411316567,1.00113715921,7,6,7,0,0,0,48,77,1.269019946,34.189920297,2.58862887353,0.98833678,0.579840417967,0.0956453529,0,5.40295216551,-0.0202331639139,0.826795937552,0.844512993364,RHO_LT_ONE_TERMINATING_COHORT,NOT_ESTIMATED_TERMINATING_COHORT
1.0,TASK3_PEAK_DURATION_SENSITIVITY_EXPLORATORY_V1,PEAK_DURATION_S36_I21_T300,LOCAL_WINDOW_HPP_BASE_STATIONARY_EXTENSION,19,36,21,300,OP_PEAK_DURATION_BASE_S36_I21_T300,6c0d5c2b33ccb2182fcc161fcb010842260acd75f037c9189d6976f3113c6562,TASK3_OPERATIONAL_POOLED_V1,202607290000,202609290191,202609290192,202609290193,202609290194,5000,5000,5000,445,445,0,0.688030171861,2.431020745,0.218499455393,0.706715592733,0.925215048127,5,6,6,3,0,3,60,101,2.492747144,37.327171625,1.02682295533,1.61345698987,1.2770377065,1.24046087167,1.98885426873,0.26602667697,0.00517022169533,0.826795937552,0.844512993364,RHO_LT_ONE_TERMINATING_COHORT,NOT_ESTIMATED_TERMINATING_COHORT
1.0,TASK3_PEAK_DURATION_SENSITIVITY_EXPLORATORY_V1,PEAK_DURATION_S36_I21_T300,LOCAL_WINDOW_HPP_BASE_STATIONARY_EXTENSION,20,36,21,300,OP_PEAK_DURATION_BASE_S36_I21_T300,6c0d5c2b33ccb2182fcc161fcb010842260acd75f037c9189d6976f3113c6562,TASK3_OPERATIONAL_POOLED_V1,202607290000,202609290201,202609290202,202609290203,202609290204,5000,5000,5000,418,418,0,0.605934252165,3.101551374,0.323000170243,0.517383834903,0.840384005147,6,6,6,0,0,0,48,86,1.433568096,33.821416391,1.47613688607,0,0.304020742,0.424696062633,0.924005989967,1.13544623331,-0.00226521909856,0.826795937552,0.844512993364,RHO_LT_ONE_TERMINATING_COHORT,NOT_ESTIMATED_TERMINATING_COHORT
1.0,TASK3_PEAK_DURATION_SENSITIVITY_EXPLORATORY_V1,PEAK_DURATION_S36_I21_T300,LOCAL_WINDOW_HPP_BASE_STATIONARY_EXTENSION,21,36,21,300,OP_PEAK_DURATION_BASE_S36_I21_T300,6c0d5c2b33ccb2182fcc161fcb010842260acd75f037c9189d6976f3113c6562,TASK3_OPERATIONAL_POOLED_V1,202607290000,202609290211,202609290212,202609290213,202609290214,5000,5000,5000,417,417,0,1.56181164173,5.966949004,1.05489355761,1.02225455499,2.0771481126,12,8,13,3,0,3,53,82,5.114463143,36.725252561,0,4.21517165633,7.18563913023,5.06269364233,1.7195343794,0.42166470306,0.014288635816,0.826795937552,0.844512993364,RHO_LT_ONE_TERMINATING_COHORT,NOT_ESTIMATED_TERMINATING_COHORT
1.0,TASK3_PEAK_DURATION_SENSITIVITY_EXPLORATORY_V1,PEAK_DURATION_S36_I21_T300,LOCAL_WINDOW_HPP_BASE_STATIONARY_EXTENSION,22,36,21,300,OP_PEAK_DURATION_BASE_S36_I21_T300,6c0d5c2b33ccb2182fcc161fcb010842260acd75f037c9189d6976f3113c6562,TASK3_OPERATIONAL_POOLED_V1,202607290000,202609290221,202609290222,202609290223,202609290224,5000,5000,5000,410,410,0,0.436478856949,3.265712575,0.192496925073,0.386201019183,0.578697944257,7,8,8,0,0,0,46,83,1.113699323,34.412573287,0.7085070921,1.02681439397,0,0.0425249288667,0.329513228467,1.72817982295,-0.00580759064122,0.826795937552,0.844512993364,RHO_LT_ONE_TERMINATING_COHORT,NOT_ESTIMATED_TERMINATING_COHORT
1.0,TASK3_PEAK_DURATION_SENSITIVITY_EXPLORATORY_V1,PEAK_DURATION_S36_I21_T300,LOCAL_WINDOW_HPP_BASE_STATIONARY_EXTENSION,23,36,21,300,OP_PEAK_DURATION_BASE_S36_I21_T300,6c0d5c2b33ccb2182fcc161fcb010842260acd75f037c9189d6976f3113c6562,TASK3_OPERATIONAL_POOLED_V1,202607290000,202609290231,202609290232,202609290233,202609290234,5000,5000,5000,439,439,0,1.09519618927,4.291825544,0.741055972317,0.861581117983,1.6026370903,8,8,8,0,0,0,44,85,2.448321436,34.74719025,1.17166356727,1.30675093293,0.672145581267,0.252476635733,1.1340707066,1.75451649866,-0.00376486672844,0.826795937552,0.844512993364,RHO_LT_ONE_TERMINATING_COHORT,NOT_ESTIMATED_TERMINATING_COHORT
1.0,TASK3_PEAK_DURATION_SENSITIVITY_EXPLORATORY_V1,PEAK_DURATION_S36_I21_T300,LOCAL_WINDOW_HPP_BASE_STATIONARY_EXTENSION,24,36,21,300,OP_PEAK_DURATION_BASE_S36_I21_T300,6c0d5c2b33ccb2182fcc161fcb010842260acd75f037c9189d6976f3113c6562,TASK3_OPERATIONAL_POOLED_V1,202607290000,202609290241,202609290242,202609290243,202609290244,5000,5000,5000,412,412,0,0.525334534015,3.664500747,0.113211643553,0.442984715633,0.556196359187,8,9,9,2,0,2,58,92,3.951252046,38.467134862,0.481711535933,0,0.2363390953,0.438251980267,0.5096916944,-0.03746036172,0.001647374324,0.826795937552,0.844512993364,RHO_LT_ONE_TERMINATING_COHORT,NOT_ESTIMATED_TERMINATING_COHORT
1.0,TASK3_PEAK_DURATION_SENSITIVITY_EXPLORATORY_V1,PEAK_DURATION_S36_I21_T300,LOCAL_WINDOW_HPP_BASE_STATIONARY_EXTENSION,25,36,21,300,OP_PEAK_DURATION_BASE_S36_I21_T300,6c0d5c2b33ccb2182fcc161fcb010842260acd75f037c9189d6976f3113c6562,TASK3_OPERATIONAL_POOLED_V1,202607290000,202609290251,202609290252,202609290253,202609290254,5000,5000,5000,424,424,0,0.611100461396,3.302210024,0.339012386257,0.42919416189,0.768206548147,9,7,9,3,0,3,58,86,4.105421195,38.371411118,1.10544484087,0.1742321002,0.393646640233,0,0.2052838344,1.85663706799,-0.00658184704378,0.826795937552,0.844512993364,RHO_LT_ONE_TERMINATING_COHORT,NOT_ESTIMATED_TERMINATING_COHORT
1.0,TASK3_PEAK_DURATION_SENSITIVITY_EXPLORATORY_V1,PEAK_DURATION_S36_I21_T300,LOCAL_WINDOW_HPP_BASE_STATIONARY_EXTENSION,26,36,21,300,OP_PEAK_DURATION_BASE_S36_I21_T300,6c0d5c2b33ccb2182fcc161fcb010842260acd75f037c9189d6976f3113c6562,TASK3_OPERATIONAL_POOLED_V1,202607290000,202609290261,202609290262,202609290263,202609290264,5000,5000,5000,419,419,0,0.983957763747,3.967644885,0.575664999497,0.773502087357,1.34916708685,10,7,10,0,1,1,48,81,2.059319831,34.010066237,0.5093934149,1.10437036347,0.9538384421,0.550496441433,1.0915978602,0.384038077995,0.00203511656189,0.826795937552,0.844512993364,RHO_LT_ONE_TERMINATING_COHORT,NOT_ESTIMATED_TERMINATING_COHORT
1.0,TASK3_PEAK_DURATION_SENSITIVITY_EXPLORATORY_V1,PEAK_DURATION_S36_I21_T300,LOCAL_WINDOW_HPP_BASE_STATIONARY_EXTENSION,27,36,21,300,OP_PEAK_DURATION_BASE_S36_I21_T300,6c0d5c2b33ccb2182fcc161fcb010842260acd75f037c9189d6976f3113c6562,TASK3_OPERATIONAL_POOLED_V1,202607290000,202609290271,202609290272,202609290273,202609290274,5000,5000,5000,410,410,0,0.507839669888,2.352481438,0.189297394193,0.416465138133,0.605762532327,5,6,6,0,0,0,54,94,2.859162185,36.064699825,0.334900133633,0.0871090147,0.0680155729333,0.117970952867,1.9587890218,-1.94562284669,0.0109287990483,0.826795937552,0.844512993364,RHO_LT_ONE_TERMINATING_COHORT,NOT_ESTIMATED_TERMINATING_COHORT
1.0,TASK3_PEAK_DURATION_SENSITIVITY_EXPLORATORY_V1,PEAK_DURATION_S36_I21_T300,LOCAL_WINDOW_HPP_BASE_STATIONARY_EXTENSION,28,36,21,300,OP_PEAK_DURATION_BASE_S36_I21_T300,6c0d5c2b33ccb2182fcc161fcb010842260acd75f037c9189d6976f3113c6562,TASK3_OPERATIONAL_POOLED_V1,202607290000,202609290281,202609290282,202609290283,202609290284,5000,5000,5000,392,392,0,0.460261440758,2.721259981,0.178460343937,0.380330095737,0.558790439673,8,9,9,0,2,2,53,91,3.778586613,33.879729785,0.0470722497333,1.53136085183,0.2795238414,0.934888810567,2.11813263573,-1.6770408702,0.0118188291024,0.826795937552,0.844512993364,RHO_LT_ONE_TERMINATING_COHORT,NOT_ESTIMATED_TERMINATING_COHORT
1.0,TASK3_PEAK_DURATION_SENSITIVITY_EXPLORATORY_V1,PEAK_DURATION_S36_I21_T300,LOCAL_WINDOW_HPP_BASE_STATIONARY_EXTENSION,29,36,21,300,OP_PEAK_DURATION_BASE_S36_I21_T300,6c0d5c2b33ccb2182fcc161fcb010842260acd75f037c9189d6976f3113c6562,TASK3_OPERATIONAL_POOLED_V1,202607290000,202609290291,202609290292,202609290293,202609290294,5000,5000,5000,424,424,0,0.850293704017,3.836327174,0.30208149173,0.777679649287,1.07976114102,8,8,8,0,0,0,48,90,5.122529191,33.984371011,1.22483010647,1.5577066498,0.126057149433,2.2255566527,1.91359562447,-0.124486542602,0.00681793679633,0.826795937552,0.844512993364,RHO_LT_ONE_TERMINATING_COHORT,NOT_ESTIMATED_TERMINATING_COHORT
1.0,TASK3_PEAK_DURATION_SENSITIVITY_EXPLORATORY_V1,PEAK_DURATION_S36_I21_T300,LOCAL_WINDOW_HPP_BASE_STATIONARY_EXTENSION,30,36,21,300,OP_PEAK_DURATION_BASE_S36_I21_T300,6c0d5c2b33ccb2182fcc161fcb010842260acd75f037c9189d6976f3113c6562,TASK3_OPERATIONAL_POOLED_V1,202607290000,202609290301,202609290302,202609290303,202609290304,5000,5000,5000,408,408,0,0.655397129289,3.421875061,0.32741736787,0.406923602497,0.734340970367,8,7,8,1,1,2,59,100,4.087798906,37.16383833,0.0978895898333,0.351213043067,1.85482110653,0.3063574432,3.31600475317,-3.60827385794,0.0213045824227,0.826795937552,0.844512993364,RHO_LT_ONE_TERMINATING_COHORT,NOT_ESTIMATED_TERMINATING_COHORT
1.0,TASK3_PEAK_DURATION_SENSITIVITY_EXPLORATORY_V1,PEAK_DURATION_S36_I21_T300,LOCAL_WINDOW_HPP_BASE_STATIONARY_EXTENSION,31,36,21,300,OP_PEAK_DURATION_BASE_S36_I21_T300,6c0d5c2b33ccb2182fcc161fcb010842260acd75f037c9189d6976f3113c6562,TASK3_OPERATIONAL_POOLED_V1,202607290000,202609290311,202609290312,202609290313,202609290314,5000,5000,5000,425,425,0,1.11492083647,6.688150287,1.00123706731,0.38896795865,1.39020502596,14,6,14,0,0,0,55,95,7.926307849,35.252251167,1.1920859998,0.948389864667,0.0527929075667,3.12438540127,7.22430879517,-8.17193825181,0.0474681370911,0.826795937552,0.844512993364,RHO_LT_ONE_TERMINATING_COHORT,NOT_ESTIMATED_TERMINATING_COHORT
1.0,TASK3_PEAK_DURATION_SENSITIVITY_EXPLORATORY_V1,PEAK_DURATION_S36_I21_T300,LOCAL_WINDOW_HPP_BASE_STATIONARY_EXTENSION,32,36,21,300,OP_PEAK_DURATION_BASE_S36_I21_T300,6c0d5c2b33ccb2182fcc161fcb010842260acd75f037c9189d6976f3113c6562,TASK3_OPERATIONAL_POOLED_V1,202607290000,202609290321,202609290322,202609290323,202609290324,5000,5000,5000,395,395,0,0.322752665886,2.334757964,0.12190329715,0.28172143351,0.40362473066,4,6,6,0,3,3,53,86,2.434507864,35.608438186,0.3916154598,0.0223774791,0.0405609849667,1.72547264893,0.783269819367,-1.27214363829,0.00828801296322,0.826795937552,0.844512993364,RHO_LT_ONE_TERMINATING_COHORT,NOT_ESTIMATED_TERMINATING_COHORT
1.0,TASK3_PEAK_DURATION_SENSITIVITY_EXPLORATORY_V1,PEAK_DURATION_S36_I21_T300,LOCAL_WINDOW_HPP_BASE_STATIONARY_EXTENSION,33,36,21,300,OP_PEAK_DURATION_BASE_S36_I21_T300,6c0d5c2b33ccb2182fcc161fcb010842260acd75f037c9189d6976f3113c6562,TASK3_OPERATIONAL_POOLED_V1,202607290000,202609290331,202609290332,202609290333,202609290334,5000,5000,5000,428,428,0,0.62089858343,2.875025779,0.360331604973,0.511954165423,0.872285770397,8,5,8,0,0,0,44,74,1.708012404,36.695958027,0.628599311133,0.290404473067,2.39031466257,1.9413346723,0,0.754831941088,0.00131243858989,0.826795937552,0.844512993364,RHO_LT_ONE_TERMINATING_COHORT,NOT_ESTIMATED_TERMINATING_COHORT
1.0,TASK3_PEAK_DURATION_SENSITIVITY_EXPLORATORY_V1,PEAK_DURATION_S36_I21_T300,LOCAL_WINDOW_HPP_BASE_STATIONARY_EXTENSION,34,36,21,300,OP_PEAK_DURATION_BASE_S36_I21_T300,6c0d5c2b33ccb2182fcc161fcb010842260acd75f037c9189d6976f3113c6562,TASK3_OPERATIONAL_POOLED_V1,202607290000,202609290341,202609290342,202609290343,202609290344,5000,5000,5000,426,426,0,0.545822704831,3.39402101,0.403402283177,0.25328347254,0.656685755717,9,6,9,5,0,5,61,94,5.010689836,38.339499534,0.169773698233,0.9863886354,1.1794776765,0.803332543433,3.32664022127,-3.30488516061,0.020435589847,0.826795937552,0.844512993364,RHO_LT_ONE_TERMINATING_COHORT,NOT_ESTIMATED_TERMINATING_COHORT
1.0,TASK3_PEAK_DURATION_SENSITIVITY_EXPLORATORY_V1,PEAK_DURATION_S36_I21_T300,LOCAL_WINDOW_HPP_BASE_STATIONARY_EXTENSION,35,36,21,300,OP_PEAK_DURATION_BASE_S36_I21_T300,6c0d5c2b33ccb2182fcc161fcb010842260acd75f037c9189d6976f3113c6562,TASK3_OPERATIONAL_POOLED_V1,202607290000,202609290351,202609290352,202609290353,202609290354,5000,5000,5000,451,451,0,1.43431567668,6.044732339,0.939311098983,0.690180580107,1.62949167909,17,9,17,14,0,14,71,108,9.486864879,43.481421421,2.63701849843,2.29137568957,0.609805081767,0.7862892657,7.3447013582,-3.19887149302,0.0263675976522,0.826795937552,0.844512993364,RHO_LT_ONE_TERMINATING_COHORT,NOT_ESTIMATED_TERMINATING_COHORT
1.0,TASK3_PEAK_DURATION_SENSITIVITY_EXPLORATORY_V1,PEAK_DURATION_S36_I21_T300,LOCAL_WINDOW_HPP_BASE_STATIONARY_EXTENSION,36,36,21,300,OP_PEAK_DURATION_BASE_S36_I21_T300,6c0d5c2b33ccb2182fcc161fcb010842260acd75f037c9189d6976f3113c6562,TASK3_OPERATIONAL_POOLED_V1,202607290000,202609290361,202609290362,202609290363,202609290364,5000,5000,5000,414,414,0,0.248777050406,2.042239207,0.0275429220567,0.311484825337,0.339027747393,3,5,5,0,0,0,45,78,0,35.262134136,0,0.307343711633,1.13589762413,0.305050244933,0,0.351378416165,-7.64488900001e-06,0.826795937552,0.844512993364,RHO_LT_ONE_TERMINATING_COHORT,NOT_ESTIMATED_TERMINATING_COHORT
1.0,TASK3_PEAK_DURATION_SENSITIVITY_EXPLORATORY_V1,PEAK_DURATION_S36_I21_T300,LOCAL_WINDOW_HPP_BASE_STATIONARY_EXTENSION,37,36,21,300,OP_PEAK_DURATION_BASE_S36_I21_T300,6c0d5c2b33ccb2182fcc161fcb010842260acd75f037c9189d6976f3113c6562,TASK3_OPERATIONAL_POOLED_V1,202607290000,202609290371,202609290372,202609290373,202609290374,5000,5000,5000,408,408,0,0.640671457409,3.804652912,0.30520742727,0.497217238727,0.802424665997,7,8,8,0,2,2,54,87,2.634852875,34.323681021,0,0.3307189771,0,0.221223652667,1.00281603127,-1.11115082137,0.00632045579367,0.826795937552,0.844512993364,RHO_LT_ONE_TERMINATING_COHORT,NOT_ESTIMATED_TERMINATING_COHORT
1.0,TASK3_PEAK_DURATION_SENSITIVITY_EXPLORATORY_V1,PEAK_DURATION_S36_I21_T300,LOCAL_WINDOW_HPP_BASE_STATIONARY_EXTENSION,38,36,21,300,OP_PEAK_DURATION_BASE_S36_I21_T300,6c0d5c2b33ccb2182fcc161fcb010842260acd75f037c9189d6976f3113c6562,TASK3_OPERATIONAL_POOLED_V1,202607290000,202609290381,202609290382,202609290383,202609290384,5000,5000,5000,406,406,0,0.220302097096,1.6426361,0.05199696273,0.245214449667,0.297211412397,4,5,5,0,0,0,44,75,0,34.203534405,0,0.833378651567,1.242346408,0.279801944733,0.0245102699667,0.854424580028,-0.00168185388967,0.826795937552,0.844512993364,RHO_LT_ONE_TERMINATING_COHORT,NOT_ESTIMATED_TERMINATING_COHORT
1.0,TASK3_PEAK_DURATION_SENSITIVITY_EXPLORATORY_V1,PEAK_DURATION_S36_I21_T300,LOCAL_WINDOW_HPP_BASE_STATIONARY_EXTENSION,39,36,21,300,OP_PEAK_DURATION_BASE_S36_I21_T300,6c0d5c2b33ccb2182fcc161fcb010842260acd75f037c9189d6976f3113c6562,TASK3_OPERATIONAL_POOLED_V1,202607290000,202609290391,202609290392,202609290393,202609290394,5000,5000,5000,388,388,0,0.748130726523,4.834022531,0.378214617643,0.255993913903,0.634208531547,13,7,13,6,2,8,65,90,6.166446813,41.633966433,0.171354210767,0.8331429204,0,0,3.5389020362,-3.51778471438,0.0196731757682,0.826795937552,0.844512993364,RHO_LT_ONE_TERMINATING_COHORT,NOT_ESTIMATED_TERMINATING_COHORT
1.0,TASK3_PEAK_DURATION_SENSITIVITY_EXPLORATORY_V1,PEAK_DURATION_S36_I21_T300,LOCAL_WINDOW_HPP_BASE_STATIONARY_EXTENSION,40,36,21,300,OP_PEAK_DURATION_BASE_S36_I21_T300,6c0d5c2b33ccb2182fcc161fcb010842260acd75f037c9189d6976f3113c6562,TASK3_OPERATIONAL_POOLED_V1,202607290000,202609290401,202609290402,202609290403,202609290404,5000,5000,5000,399,399,0,0.393877051481,3.522165706,0.246744940113,0.275405126293,0.522150066407,9,8,9,0,1,1,54,89,5.973551632,35.272774441,0,0.0391683767,0.197516957433,3.9141459602,0.640778149367,-2.90907852293,0.0171884462741,0.826795937552,0.844512993364,RHO_LT_ONE_TERMINATING_COHORT,NOT_ESTIMATED_TERMINATING_COHORT
1.0,TASK3_PEAK_DURATION_SENSITIVITY_EXPLORATORY_V1,PEAK_DURATION_S36_I21_T300,LOCAL_WINDOW_HPP_BASE_STATIONARY_EXTENSION,41,36,21,300,OP_PEAK_DURATION_BASE_S36_I21_T300,6c0d5c2b33ccb2182fcc161fcb010842260acd75f037c9189d6976f3113c6562,TASK3_OPERATIONAL_POOLED_V1,202607290000,202609290411,202609290412,202609290413,202609290414,5000,5000,5000,416,416,0,0.58036072375,3.239797144,0.355791480163,0.448975390103,0.804766870267,8,6,8,0,0,0,45,74,0,34.367218497,0.1556386046,0,0.709414758167,0.122468248967,0,0.339111042522,-0.000629363200778,0.826795937552,0.844512993364,RHO_LT_ONE_TERMINATING_COHORT,NOT_ESTIMATED_TERMINATING_COHORT
1.0,TASK3_PEAK_DURATION_SENSITIVITY_EXPLORATORY_V1,PEAK_DURATION_S36_I21_T300,LOCAL_WINDOW_HPP_BASE_STATIONARY_EXTENSION,42,36,21,300,OP_PEAK_DURATION_BASE_S36_I21_T300,6c0d5c2b33ccb2182fcc161fcb010842260acd75f037c9189d6976f3113c6562,TASK3_OPERATIONAL_POOLED_V1,202607290000,202609290421,202609290422,202609290423,202609290424,5000,5000,5000,403,403,0,1.27229348039,7.511248252,0.94593080747,0.66371039276,1.60964120023,13,8,16,0,5,5,53,89,8.754946779,34.308413002,0,0,0.782381106567,8.14339220287,6.59298137177,-12.8932652736,0.0710978498213,0.826795937552,0.844512993364,RHO_LT_ONE_TERMINATING_COHORT,NOT_ESTIMATED_TERMINATING_COHORT
1.0,TASK3_PEAK_DURATION_SENSITIVITY_EXPLORATORY_V1,PEAK_DURATION_S36_I21_T300,LOCAL_WINDOW_HPP_BASE_STATIONARY_EXTENSION,43,36,21,300,OP_PEAK_DURATION_BASE_S36_I21_T300,6c0d5c2b33ccb2182fcc161fcb010842260acd75f037c9189d6976f3113c6562,TASK3_OPERATIONAL_POOLED_V1,202607290000,202609290431,202609290432,202609290433,202609290434,5000,5000,5000,407,407,0,0.744537398464,4.160249958,0.601928533277,0.331174923317,0.933103456593,10,7,11,0,3,3,54,85,4.159654097,34.6918889,0.1826735383,0.0348445475,0,0,2.9754752723,-3.52447051875,0.018502529735,0.826795937552,0.844512993364,RHO_LT_ONE_TERMINATING_COHORT,NOT_ESTIMATED_TERMINATING_COHORT
1.0,TASK3_PEAK_DURATION_SENSITIVITY_EXPLORATORY_V1,PEAK_DURATION_S36_I21_T300,LOCAL_WINDOW_HPP_BASE_STATIONARY_EXTENSION,44,36,21,300,OP_PEAK_DURATION_BASE_S36_I21_T300,6c0d5c2b33ccb2182fcc161fcb010842260acd75f037c9189d6976f3113c6562,TASK3_OPERATIONAL_POOLED_V1,202607290000,202609290441,202609290442,202609290443,202609290444,5000,5000,5000,366,366,0,0.0692260949372,0.485576818,0,0.0752354437,0.0752354437,0,4,4,0,0,0,42,70,0,33.476554778,0,0.375352962667,0,0,0,0.356585314533,-0.00125117654222,0.826795937552,0.844512993364,RHO_LT_ONE_TERMINATING_COHORT,NOT_ESTIMATED_TERMINATING_COHORT
1.0,TASK3_PEAK_DURATION_SENSITIVITY_EXPLORATORY_V1,PEAK_DURATION_S36_I21_T300,LOCAL_WINDOW_HPP_BASE_STATIONARY_EXTENSION,45,36,21,300,OP_PEAK_DURATION_BASE_S36_I21_T300,6c0d5c2b33ccb2182fcc161fcb010842260acd75f037c9189d6976f3113c6562,TASK3_OPERATIONAL_POOLED_V1,202607290000,202609290451,202609290452,202609290453,202609290454,5000,5000,5000,399,399,0,0.29809610681,1.989322874,0.13999392815,0.2525210286,0.39251495675,7,5,7,0,1,1,50,84,0.748486053,33.751947751,0,0.683342641933,0.656812700667,0.106275020333,0.249046318633,0.398326574563,-0.000263249947778,0.826795937552,0.844512993364,RHO_LT_ONE_TERMINATING_COHORT,NOT_ESTIMATED_TERMINATING_COHORT
1.0,TASK3_PEAK_DURATION_SENSITIVITY_EXPLORATORY_V1,PEAK_DURATION_S36_I21_T300,LOCAL_WINDOW_HPP_BASE_STATIONARY_EXTENSION,46,36,21,300,OP_PEAK_DURATION_BASE_S36_I21_T300,6c0d5c2b33ccb2182fcc161fcb010842260acd75f037c9189d6976f3113c6562,TASK3_OPERATIONAL_POOLED_V1,202607290000,202609290461,202609290462,202609290463,202609290464,5000,5000,5000,452,452,0,1.99366854915,6.871251009,1.45062267111,1.24353724643,2.69415991754,15,8,15,0,8,8,58,90,7.855632054,36.152675771,2.22073804077,5.37856691663,2.4098155514,8.6161799026,5.91104560807,-3.05640188653,0.0353940937352,0.826795937552,0.844512993364,RHO_LT_ONE_TERMINATING_COHORT,NOT_ESTIMATED_TERMINATING_COHORT
1.0,TASK3_PEAK_DURATION_SENSITIVITY_EXPLORATORY_V1,PEAK_DURATION_S36_I21_T300,LOCAL_WINDOW_HPP_BASE_STATIONARY_EXTENSION,47,36,21,300,OP_PEAK_DURATION_BASE_S36_I21_T300,6c0d5c2b33ccb2182fcc161fcb010842260acd75f037c9189d6976f3113c6562,TASK3_OPERATIONAL_POOLED_V1,202607290000,202609290471,202609290472,202609290473,202609290474,5000,5000,5000,385,385,0,0.14105096121,1.442984504,0.00893878008,0.17207662014,0.18101540022,2,5,5,0,0,0,38,72,0.492437007,34.574566537,0.0229355541333,0.3004527115,0.200001060333,0.0216567256333,0.110763483867,0.208517001893,-0.000343800421333,0.826795937552,0.844512993364,RHO_LT_ONE_TERMINATING_COHORT,NOT_ESTIMATED_TERMINATING_COHORT
1.0,TASK3_PEAK_DURATION_SENSITIVITY_EXPLORATORY_V1,PEAK_DURATION_S36_I21_T300,LOCAL_WINDOW_HPP_BASE_STATIONARY_EXTENSION,48,36,21,300,OP_PEAK_DURATION_BASE_S36_I21_T300,6c0d5c2b33ccb2182fcc161fcb010842260acd75f037c9189d6976f3113c6562,TASK3_OPERATIONAL_POOLED_V1,202607290000,202609290481,202609290482,202609290483,202609290484,5000,5000,5000,416,416,0,1.48316697644,7.285356425,1.11847408777,0.906190137403,2.02466422517,14,9,14,0,0,0,52,83,2.155491461,34.182435039,10.0709933619,5.4364881708,1.68321274243,0.0208541829333,1.1385708715,21.1303830924,-0.0776015965622,0.826795937552,0.844512993364,RHO_LT_ONE_TERMINATING_COHORT,NOT_ESTIMATED_TERMINATING_COHORT
1.0,TASK3_PEAK_DURATION_SENSITIVITY_EXPLORATORY_V1,PEAK_DURATION_S36_I21_T300,LOCAL_WINDOW_HPP_BASE_STATIONARY_EXTENSION,49,36,21,300,OP_PEAK_DURATION_BASE_S36_I21_T300,6c0d5c2b33ccb2182fcc161fcb010842260acd75f037c9189d6976f3113c6562,TASK3_OPERATIONAL_POOLED_V1,202607290000,202609290491,202609290492,202609290493,202609290494,5000,5000,5000,423,423,0,1.10741236266,4.875148937,0.684823901983,0.8597645883,1.54458849028,13,8,13,0,1,1,49,87,3.293317347,32.907357814,0.4360937101,0.1006908253,0.266771417267,1.7599016864,1.2476773137,-1.69955656067,0.0109412602277,0.826795937552,0.844512993364,RHO_LT_ONE_TERMINATING_COHORT,NOT_ESTIMATED_TERMINATING_COHORT
1.0,TASK3_PEAK_DURATION_SENSITIVITY_EXPLORATORY_V1,PEAK_DURATION_S36_I21_T300,LOCAL_WINDOW_HPP_BASE_STATIONARY_EXTENSION,50,36,21,300,OP_PEAK_DURATION_BASE_S36_I21_T300,6c0d5c2b33ccb2182fcc161fcb010842260acd75f037c9189d6976f3113c6562,TASK3_OPERATIONAL_POOLED_V1,202607290000,202609290501,202609290502,202609290503,202609290504,5000,5000,5000,414,414,0,0.895907012696,4.074617586,0.420668361467,0.76345189652,1.18412025799,7,8,8,0,3,3,53,88,4.36834896,34.347157797,0,0.0698150231333,0.565692100533,4.54999235637,3.21062401173,-6.49684431917,0.0363380845223,0.826795937552,0.844512993364,RHO_LT_ONE_TERMINATING_COHORT,NOT_ESTIMATED_TERMINATING_COHORT
1.0,TASK3_PEAK_DURATION_SENSITIVITY_EXPLORATORY_V1,PEAK_DURATION_S36_I21_T900,LOCAL_WINDOW_HPP_BASE_STATIONARY_EXTENSION,1,36,21,900,OP_PEAK_DURATION_BASE_S36_I21_T900,a2eb5d98b3d179b634f72925a8e7957c345c3816e83b825dba2fd232916578c5,TASK3_OPERATIONAL_POOLED_V1,202607290000,202609290011,202609290012,202609290013,202609290014,5000,5000,5000,1193,1193,0,0.54312953911,3.726344174,0.290442680084,0.424095725191,0.714538405276,10,9,10,0,0,0,42,231,1.262083869,33.48239575,0.0650965045556,3.29084931839,0.0614598163111,0.268790293511,0.1346090204,2.92643648552,-0.00320337110354,0.826795937552,0.844512993364,RHO_LT_ONE_TERMINATING_COHORT,NOT_ESTIMATED_TERMINATING_COHORT
1.0,TASK3_PEAK_DURATION_SENSITIVITY_EXPLORATORY_V1,PEAK_DURATION_S36_I21_T900,LOCAL_WINDOW_HPP_BASE_STATIONARY_EXTENSION,2,36,21,900,OP_PEAK_DURATION_BASE_S36_I21_T900,a2eb5d98b3d179b634f72925a8e7957c345c3816e83b825dba2fd232916578c5,TASK3_OPERATIONAL_POOLED_V1,202607290000,202609290021,202609290022,202609290023,202609290024,5000,5000,5000,1216,1216,0,0.824090489902,4.246783395,0.532878617702,0.580559199766,1.11343781747,14,8,14,0,0,0,42,217,6.259895082,34.551886905,0.132237842756,1.28869980409,0.690709569733,2.34909172527,0.182213519744,0.0583330359511,0.00128927030573,0.826795937552,0.844512993364,RHO_LT_ONE_TERMINATING_COHORT,NOT_ESTIMATED_TERMINATING_COHORT
1.0,TASK3_PEAK_DURATION_SENSITIVITY_EXPLORATORY_V1,PEAK_DURATION_S36_I21_T900,LOCAL_WINDOW_HPP_BASE_STATIONARY_EXTENSION,3,36,21,900,OP_PEAK_DURATION_BASE_S36_I21_T900,a2eb5d98b3d179b634f72925a8e7957c345c3816e83b825dba2fd232916578c5,TASK3_OPERATIONAL_POOLED_V1,202607290000,202609290031,202609290032,202609290033,202609290034,5000,5000,5000,1156,1156,0,0.316475032499,2.331626363,0.166726128878,0.239768468421,0.406494597299,10,6,10,0,0,0,41,232,5.108391984,34.797484112,0.00888468533333,0.00238977223333,0.0669661876444,2.16469068509,0.0235912941111,-1.19048107293,0.00243523792268,0.826795937552,0.844512993364,RHO_LT_ONE_TERMINATING_COHORT,NOT_ESTIMATED_TERMINATING_COHORT
1.0,TASK3_PEAK_DURATION_SENSITIVITY_EXPLORATORY_V1,PEAK_DURATION_S36_I21_T900,LOCAL_WINDOW_HPP_BASE_STATIONARY_EXTENSION,4,36,21,900,OP_PEAK_DURATION_BASE_S36_I21_T900,a2eb5d98b3d179b634f72925a8e7957c345c3816e83b825dba2fd232916578c5,TASK3_OPERATIONAL_POOLED_V1,202607290000,202609290041,202609290042,202609290043,202609290044,5000,5000,5000,1202,1202,0,0.404594950375,2.686946579,0.205331637344,0.335027396379,0.540359033723,7,7,8,0,0,0,39,247,2.66723695,34.577919231,0.206704336222,0.390673429911,0.834833683289,0.389296184933,0.801455757578,-0.366501519913,0.00132013955304,0.826795937552,0.844512993364,RHO_LT_ONE_TERMINATING_COHORT,NOT_ESTIMATED_TERMINATING_COHORT
1.0,TASK3_PEAK_DURATION_SENSITIVITY_EXPLORATORY_V1,PEAK_DURATION_S36_I21_T900,LOCAL_WINDOW_HPP_BASE_STATIONARY_EXTENSION,5,36,21,900,OP_PEAK_DURATION_BASE_S36_I21_T900,a2eb5d98b3d179b634f72925a8e7957c345c3816e83b825dba2fd232916578c5,TASK3_OPERATIONAL_POOLED_V1,202607290000,202609290051,202609290052,202609290053,202609290054,5000,5000,5000,1184,1184,0,0.298561295851,1.925822671,0.134411518468,0.258362452963,0.392773971431,5,6,6,0,0,0,44,236,2.567852311,33.750005995,0.444846273156,0.0278939103333,0.253859607544,0.115366934467,1.0368921256,-0.577901776547,0.00141284969891,0.826795937552,0.844512993364,RHO_LT_ONE_TERMINATING_COHORT,NOT_ESTIMATED_TERMINATING_COHORT
1.0,TASK3_PEAK_DURATION_SENSITIVITY_EXPLORATORY_V1,PEAK_DURATION_S36_I21_T900,LOCAL_WINDOW_HPP_BASE_STATIONARY_EXTENSION,6,36,21,900,OP_PEAK_DURATION_BASE_S36_I21_T900,a2eb5d98b3d179b634f72925a8e7957c345c3816e83b825dba2fd232916578c5,TASK3_OPERATIONAL_POOLED_V1,202607290000,202609290061,202609290062,202609290063,202609290064,5000,5000,5000,1187,1187,0,0.43231656255,2.696013109,0.220777638077,0.349399872753,0.57017751083,7,8,8,0,0,0,41,210,2.20574523,33.953754926,1.32774050767,1.11935109578,0.174308538556,0.00456646714444,0.498371702556,2.70500934148,-0.00308169137651,0.826795937552,0.844512993364,RHO_LT_ONE_TERMINATING_COHORT,NOT_ESTIMATED_TERMINATING_COHORT
1.0,TASK3_PEAK_DURATION_SENSITIVITY_EXPLORATORY_V1,PEAK_DURATION_S36_I21_T900,LOCAL_WINDOW_HPP_BASE_STATIONARY_EXTENSION,7,36,21,900,OP_PEAK_DURATION_BASE_S36_I21_T900,a2eb5d98b3d179b634f72925a8e7957c345c3816e83b825dba2fd232916578c5,TASK3_OPERATIONAL_POOLED_V1,202607290000,202609290071,202609290072,202609290073,202609290074,5000,5000,5000,1267,1267,0,0.890036724879,4.112142227,0.456101560773,0.794699673988,1.25080123476,10,8,11,0,1,1,45,262,5.296523313,33.239196116,0.965575046911,1.30844824717,2.61868394911,0.902719922378,4.50347265982,-2.9427702107,0.00741118544559,0.826795937552,0.844512993364,RHO_LT_ONE_TERMINATING_COHORT,NOT_ESTIMATED_TERMINATING_COHORT
1.0,TASK3_PEAK_DURATION_SENSITIVITY_EXPLORATORY_V1,PEAK_DURATION_S36_I21_T900,LOCAL_WINDOW_HPP_BASE_STATIONARY_EXTENSION,8,36,21,900,OP_PEAK_DURATION_BASE_S36_I21_T900,a2eb5d98b3d179b634f72925a8e7957c345c3816e83b825dba2fd232916578c5,TASK3_OPERATIONAL_POOLED_V1,202607290000,202609290081,202609290082,202609290083,202609290084,5000,5000,5000,1299,1299,0,1.54168213546,6.473145129,1.1600463929,1.05484695351,2.2148933464,13,10,16,0,2,2,53,225,1.693978993,34.540775886,1.5613717301,1.8297696445,1.13476784583,0.155595430089,0.515939452956,3.86326789722,-0.00418337640967,0.826795937552,0.844512993364,RHO_LT_ONE_TERMINATING_COHORT,NOT_ESTIMATED_TERMINATING_COHORT
1.0,TASK3_PEAK_DURATION_SENSITIVITY_EXPLORATORY_V1,PEAK_DURATION_S36_I21_T900,LOCAL_WINDOW_HPP_BASE_STATIONARY_EXTENSION,9,36,21,900,OP_PEAK_DURATION_BASE_S36_I21_T900,a2eb5d98b3d179b634f72925a8e7957c345c3816e83b825dba2fd232916578c5,TASK3_OPERATIONAL_POOLED_V1,202607290000,202609290091,202609290092,202609290093,202609290094,5000,5000,5000,1202,1202,0,0.589068257227,3.593169759,0.301861962917,0.484871420624,0.786733383541,8,8,8,0,0,0,39,230,2.923651697,32.919227647,0,0.832055538056,0.0910836591,0.290317726978,0.7769715969,-0.361068332835,0.00112467264747,0.826795937552,0.844512993364,RHO_LT_ONE_TERMINATING_COHORT,NOT_ESTIMATED_TERMINATING_COHORT
1.0,TASK3_PEAK_DURATION_SENSITIVITY_EXPLORATORY_V1,PEAK_DURATION_S36_I21_T900,LOCAL_WINDOW_HPP_BASE_STATIONARY_EXTENSION,10,36,21,900,OP_PEAK_DURATION_BASE_S36_I21_T900,a2eb5d98b3d179b634f72925a8e7957c345c3816e83b825dba2fd232916578c5,TASK3_OPERATIONAL_POOLED_V1,202607290000,202609290101,202609290102,202609290103,202609290104,5000,5000,5000,1199,1199,0,0.385538753627,2.356669034,0.181640284399,0.324313017022,0.505953301421,6,6,6,2,0,2,52,231,1.570803596,36.308476557,0.4032021146,0.841055957944,0.985819970044,0.5565845894,0.308267591856,0.974741355294,-0.000527044904481,0.826795937552,0.844512993364,RHO_LT_ONE_TERMINATING_COHORT,NOT_ESTIMATED_TERMINATING_COHORT
1.0,TASK3_PEAK_DURATION_SENSITIVITY_EXPLORATORY_V1,PEAK_DURATION_S36_I21_T900,LOCAL_WINDOW_HPP_BASE_STATIONARY_EXTENSION,11,36,21,900,OP_PEAK_DURATION_BASE_S36_I21_T900,a2eb5d98b3d179b634f72925a8e7957c345c3816e83b825dba2fd232916578c5,TASK3_OPERATIONAL_POOLED_V1,202607290000,202609290111,202609290112,202609290113,202609290114,5000,5000,5000,1209,1209,0,0.790316151725,4.120957307,0.422168186133,0.606109757226,1.02827794336,9,9,10,3,0,3,56,240,3.164885724,36.448613209,1.42663770428,0.146297261222,0.111093326056,1.45271736737,0.313443260611,1.3800143698,-0.00102218753465,0.826795937552,0.844512993364,RHO_LT_ONE_TERMINATING_COHORT,NOT_ESTIMATED_TERMINATING_COHORT
1.0,TASK3_PEAK_DURATION_SENSITIVITY_EXPLORATORY_V1,PEAK_DURATION_S36_I21_T900,LOCAL_WINDOW_HPP_BASE_STATIONARY_EXTENSION,12,36,21,900,OP_PEAK_DURATION_BASE_S36_I21_T900,a2eb5d98b3d179b634f72925a8e7957c345c3816e83b825dba2fd232916578c5,TASK3_OPERATIONAL_POOLED_V1,202607290000,202609290121,202609290122,202609290123,202609290124,5000,5000,5000,1230,1230,0,0.590089914244,3.13855887,0.29914540434,0.45040414563,0.74954954997,14,6,14,2,0,2,59,271,3.686116047,37.357046573,0.120023998767,0.224813300511,0.104140272656,0.649571730389,1.68457526638,-2.10877081009,0.00394873440567,0.826795937552,0.844512993364,RHO_LT_ONE_TERMINATING_COHORT,NOT_ESTIMATED_TERMINATING_COHORT
1.0,TASK3_PEAK_DURATION_SENSITIVITY_EXPLORATORY_V1,PEAK_DURATION_S36_I21_T900,LOCAL_WINDOW_HPP_BASE_STATIONARY_EXTENSION,13,36,21,900,OP_PEAK_DURATION_BASE_S36_I21_T900,a2eb5d98b3d179b634f72925a8e7957c345c3816e83b825dba2fd232916578c5,TASK3_OPERATIONAL_POOLED_V1,202607290000,202609290131,202609290132,202609290133,202609290134,5000,5000,5000,1323,1323,0,3.21744523539,16.735763242,3.0624140966,1.58397468951,4.64638878611,32,13,35,4,4,8,65,257,3.361198784,41.082853375,0.404205513767,0.675008705422,0.568444856011,0.412850333856,0.912218651033,0.0291446847928,0.000837631003296,0.826795937552,0.844512993364,RHO_LT_ONE_TERMINATING_COHORT,NOT_ESTIMATED_TERMINATING_COHORT
1.0,TASK3_PEAK_DURATION_SENSITIVITY_EXPLORATORY_V1,PEAK_DURATION_S36_I21_T900,LOCAL_WINDOW_HPP_BASE_STATIONARY_EXTENSION,14,36,21,900,OP_PEAK_DURATION_BASE_S36_I21_T900,a2eb5d98b3d179b634f72925a8e7957c345c3816e83b825dba2fd232916578c5,TASK3_OPERATIONAL_POOLED_V1,202607290000,202609290141,202609290142,202609290143,202609290144,5000,5000,5000,1151,1151,0,0.63067016162,3.921567638,0.326347792342,0.479619603576,0.805967395918,8,8,10,0,0,0,46,252,2.549567902,34.683768346,0.699811091556,0.0510048771,0,0.757009373411,0.645686327867,-0.0176138927133,0.000664172187704,0.826795937552,0.844512993364,RHO_LT_ONE_TERMINATING_COHORT,NOT_ESTIMATED_TERMINATING_COHORT
1.0,TASK3_PEAK_DURATION_SENSITIVITY_EXPLORATORY_V1,PEAK_DURATION_S36_I21_T900,LOCAL_WINDOW_HPP_BASE_STATIONARY_EXTENSION,15,36,21,900,OP_PEAK_DURATION_BASE_S36_I21_T900,a2eb5d98b3d179b634f72925a8e7957c345c3816e83b825dba2fd232916578c5,TASK3_OPERATIONAL_POOLED_V1,202607290000,202609290151,202609290152,202609290153,202609290154,5000,5000,5000,1200,1200,0,0.71266562836,3.840072328,0.430816595272,0.519404242541,0.950220837813,11,7,11,0,0,0,45,238,2.163806669,34.596094821,2.03511714126,0.0781570192222,2.02985977749,1.12870303959,0.0878783348889,3.20489175676,-0.00315992399152,0.826795937552,0.844512993364,RHO_LT_ONE_TERMINATING_COHORT,NOT_ESTIMATED_TERMINATING_COHORT
1.0,TASK3_PEAK_DURATION_SENSITIVITY_EXPLORATORY_V1,PEAK_DURATION_S36_I21_T900,LOCAL_WINDOW_HPP_BASE_STATIONARY_EXTENSION,16,36,21,900,OP_PEAK_DURATION_BASE_S36_I21_T900,a2eb5d98b3d179b634f72925a8e7957c345c3816e83b825dba2fd232916578c5,TASK3_OPERATIONAL_POOLED_V1,202607290000,202609290161,202609290162,202609290163,202609290164,5000,5000,5000,1198,1198,0,0.353834593726,2.287148485,0.156463158731,0.30756014948,0.464023308211,6,6,6,0,0,0,45,219,1.222455094,34.392015876,0.593484986078,0.704175110122,0.732454419267,0.0241174854333,0.3387548213,1.37073583012,-0.00132168661583,0.826795937552,0.844512993364,RHO_LT_ONE_TERMINATING_COHORT,NOT_ESTIMATED_TERMINATING_COHORT
1.0,TASK3_PEAK_DURATION_SENSITIVITY_EXPLORATORY_V1,PEAK_DURATION_S36_I21_T900,LOCAL_WINDOW_HPP_BASE_STATIONARY_EXTENSION,17,36,21,900,OP_PEAK_DURATION_BASE_S36_I21_T900,a2eb5d98b3d179b634f72925a8e7957c345c3816e83b825dba2fd232916578c5,TASK3_OPERATIONAL_POOLED_V1,202607290000,202609290171,202609290172,202609290173,202609290174,5000,5000,5000,1204,1204,0,0.876999898988,4.714361296,0.563889100812,0.579043407426,1.14293250824,14,8,14,0,6,6,51,226,3.719372989,34.691090487,2.74038204217,1.33483500427,0.129780154189,0.495135046044,1.06491859,4.29598031425,-0.00465625206951,0.826795937552,0.844512993364,RHO_LT_ONE_TERMINATING_COHORT,NOT_ESTIMATED_TERMINATING_COHORT
1.0,TASK3_PEAK_DURATION_SENSITIVITY_EXPLORATORY_V1,PEAK_DURATION_S36_I21_T900,LOCAL_WINDOW_HPP_BASE_STATIONARY_EXTENSION,18,36,21,900,OP_PEAK_DURATION_BASE_S36_I21_T900,a2eb5d98b3d179b634f72925a8e7957c345c3816e83b825dba2fd232916578c5,TASK3_OPERATIONAL_POOLED_V1,202607290000,202609290181,202609290182,202609290183,202609290184,5000,5000,5000,1204,1204,0,0.475160939056,3.220859298,0.214405569016,0.395423905868,0.609829474883,7,9,9,0,0,0,45,233,3.134685504,33.507539079,0.021111479,0.111654623956,1.28832091009,0.451415273489,0.527645630367,-0.53459213082,0.0015031432803,0.826795937552,0.844512993364,RHO_LT_ONE_TERMINATING_COHORT,NOT_ESTIMATED_TERMINATING_COHORT
1.0,TASK3_PEAK_DURATION_SENSITIVITY_EXPLORATORY_V1,PEAK_DURATION_S36_I21_T900,LOCAL_WINDOW_HPP_BASE_STATIONARY_EXTENSION,19,36,21,900,OP_PEAK_DURATION_BASE_S36_I21_T900,a2eb5d98b3d179b634f72925a8e7957c345c3816e83b825dba2fd232916578c5,TASK3_OPERATIONAL_POOLED_V1,202607290000,202609290191,202609290192,202609290193,202609290194,5000,5000,5000,1214,1214,0,0.550981497825,2.864147537,0.257196914462,0.461571154572,0.718768069034,8,6,8,0,0,0,46,221,1.483255138,33.897332696,0.928331584322,1.09604600207,0.832953717467,0.00717464082222,0.240204986511,2.46978560389,-0.00273902728541,0.826795937552,0.844512993364,RHO_LT_ONE_TERMINATING_COHORT,NOT_ESTIMATED_TERMINATING_COHORT
1.0,TASK3_PEAK_DURATION_SENSITIVITY_EXPLORATORY_V1,PEAK_DURATION_S36_I21_T900,LOCAL_WINDOW_HPP_BASE_STATIONARY_EXTENSION,20,36,21,900,OP_PEAK_DURATION_BASE_S36_I21_T900,a2eb5d98b3d179b634f72925a8e7957c345c3816e83b825dba2fd232916578c5,TASK3_OPERATIONAL_POOLED_V1,202607290000,202609290201,202609290202,202609290203,202609290204,5000,5000,5000,1239,1239,0,0.475053304447,2.842166194,0.247376129569,0.406613919553,0.653990049122,7,6,7,0,0,0,39,213,0,33.694590969,0.404954639022,0.143823104122,0.546885770411,0.0160187551556,0.0174263404111,0.902967431466,-0.0010031788291,0.826795937552,0.844512993364,RHO_LT_ONE_TERMINATING_COHORT,NOT_ESTIMATED_TERMINATING_COHORT
1.0,TASK3_PEAK_DURATION_SENSITIVITY_EXPLORATORY_V1,PEAK_DURATION_S36_I21_T900,LOCAL_WINDOW_HPP_BASE_STATIONARY_EXTENSION,21,36,21,900,OP_PEAK_DURATION_BASE_S36_I21_T900,a2eb5d98b3d179b634f72925a8e7957c345c3816e83b825dba2fd232916578c5,TASK3_OPERATIONAL_POOLED_V1,202607290000,202609290211,202609290212,202609290213,202609290214,5000,5000,5000,1219,1219,0,0.926868836855,4.608977685,0.576532424297,0.668260958487,1.24479338278,12,8,13,0,0,0,51,231,0.412384733,34.353012719,0.119849254311,2.41833178558,0.944103916433,0.0850747214111,0.0693800962889,2.55299448996,-0.00270466153357,0.826795937552,0.844512993364,RHO_LT_ONE_TERMINATING_COHORT,NOT_ESTIMATED_TERMINATING_COHORT
1.0,TASK3_PEAK_DURATION_SENSITIVITY_EXPLORATORY_V1,PEAK_DURATION_S36_I21_T900,LOCAL_WINDOW_HPP_BASE_STATIONARY_EXTENSION,22,36,21,900,OP_PEAK_DURATION_BASE_S36_I21_T900,a2eb5d98b3d179b634f72925a8e7957c345c3816e83b825dba2fd232916578c5,TASK3_OPERATIONAL_POOLED_V1,202607290000,202609290221,202609290222,202609290223,202609290224,5000,5000,5000,1236,1236,0,0.530592256396,3.265712575,0.250919615071,0.477760417047,0.728680032118,7,8,8,0,0,0,46,265,3.810860978,34.383866371,0.146803015544,1.09806152587,0.0482638790111,0.787429798567,2.49857571984,-2.37885847321,0.00488101520144,0.826795937552,0.844512993364,RHO_LT_ONE_TERMINATING_COHORT,NOT_ESTIMATED_TERMINATING_COHORT
1.0,TASK3_PEAK_DURATION_SENSITIVITY_EXPLORATORY_V1,PEAK_DURATION_S36_I21_T900,LOCAL_WINDOW_HPP_BASE_STATIONARY_EXTENSION,23,36,21,900,OP_PEAK_DURATION_BASE_S36_I21_T900,a2eb5d98b3d179b634f72925a8e7957c345c3816e83b825dba2fd232916578c5,TASK3_OPERATIONAL_POOLED_V1,202607290000,202609290231,202609290232,202609290233,202609290234,5000,5000,5000,1324,1324,0,1.96775105088,8.268620274,1.56335637299,1.09747057754,2.66082695053,14,10,18,11,5,16,73,293,9.772779027,44.424627007,1.20266326098,3.20844417609,0.755586615633,3.6740174888,11.5029141756,-11.7308312131,0.0234067501578,0.826795937552,0.844512993364,RHO_LT_ONE_TERMINATING_COHORT,NOT_ESTIMATED_TERMINATING_COHORT
1.0,TASK3_PEAK_DURATION_SENSITIVITY_EXPLORATORY_V1,PEAK_DURATION_S36_I21_T900,LOCAL_WINDOW_HPP_BASE_STATIONARY_EXTENSION,24,36,21,900,OP_PEAK_DURATION_BASE_S36_I21_T900,a2eb5d98b3d179b634f72925a8e7957c345c3816e83b825dba2fd232916578c5,TASK3_OPERATIONAL_POOLED_V1,202607290000,202609290241,202609290242,202609290243,202609290244,5000,5000,5000,1227,1227,0,0.41097313889,2.801742939,0.0980517173933,0.461626832759,0.559678550152,8,9,9,0,0,0,45,240,0.843503202,34.353029432,1.59966571442,0.291189731556,0.713598066367,0.217828313533,0.0594252067889,2.9417232315,-0.00350426937032,0.826795937552,0.844512993364,RHO_LT_ONE_TERMINATING_COHORT,NOT_ESTIMATED_TERMINATING_COHORT
1.0,TASK3_PEAK_DURATION_SENSITIVITY_EXPLORATORY_V1,PEAK_DURATION_S36_I21_T900,LOCAL_WINDOW_HPP_BASE_STATIONARY_EXTENSION,25,36,21,900,OP_PEAK_DURATION_BASE_S36_I21_T900,a2eb5d98b3d179b634f72925a8e7957c345c3816e83b825dba2fd232916578c5,TASK3_OPERATIONAL_POOLED_V1,202607290000,202609290251,202609290252,202609290253,202609290254,5000,5000,5000,1220,1220,0,0.573601717615,3.552219762,0.301399690502,0.431218435893,0.732618126396,9,8,9,1,0,1,54,253,3.128112473,35.16033213,0.0317074311889,1.88294876413,0.600407942133,0.440700321622,0.730122781111,0.771240755038,-5.04641585185e-05,0.826795937552,0.844512993364,RHO_LT_ONE_TERMINATING_COHORT,NOT_ESTIMATED_TERMINATING_COHORT
1.0,TASK3_PEAK_DURATION_SENSITIVITY_EXPLORATORY_V1,PEAK_DURATION_S36_I21_T900,LOCAL_WINDOW_HPP_BASE_STATIONARY_EXTENSION,26,36,21,900,OP_PEAK_DURATION_BASE_S36_I21_T900,a2eb5d98b3d179b634f72925a8e7957c345c3816e83b825dba2fd232916578c5,TASK3_OPERATIONAL_POOLED_V1,202607290000,202609290261,202609290262,202609290263,202609290264,5000,5000,5000,1217,1217,0,0.690029187652,3.883745218,0.415260265206,0.516117306439,0.931377571644,10,7,10,0,0,0,51,233,0.777868461,34.457808161,0.371756996044,0.637689547789,0.299644243322,0.239682714,0.0160276906111,1.14505932184,-0.00123273938295,0.826795937552,0.844512993364,RHO_LT_ONE_TERMINATING_COHORT,NOT_ESTIMATED_TERMINATING_COHORT
1.0,TASK3_PEAK_DURATION_SENSITIVITY_EXPLORATORY_V1,PEAK_DURATION_S36_I21_T900,LOCAL_WINDOW_HPP_BASE_STATIONARY_EXTENSION,27,36,21,900,OP_PEAK_DURATION_BASE_S36_I21_T900,a2eb5d98b3d179b634f72925a8e7957c345c3816e83b825dba2fd232916578c5,TASK3_OPERATIONAL_POOLED_V1,202607290000,202609290271,202609290272,202609290273,202609290274,5000,5000,5000,1267,1267,0,0.646111970868,3.089248281,0.342754060264,0.56572457514,0.908478635404,8,6,8,0,0,0,51,270,3.863455378,33.428761423,0.543581542289,0.393194350267,1.58419536682,2.75357603606,0.933564549578,-1.11363840627,0.00348927522263,0.826795937552,0.844512993364,RHO_LT_ONE_TERMINATING_COHORT,NOT_ESTIMATED_TERMINATING_COHORT
1.0,TASK3_PEAK_DURATION_SENSITIVITY_EXPLORATORY_V1,PEAK_DURATION_S36_I21_T900,LOCAL_WINDOW_HPP_BASE_STATIONARY_EXTENSION,28,36,21,900,OP_PEAK_DURATION_BASE_S36_I21_T900,a2eb5d98b3d179b634f72925a8e7957c345c3816e83b825dba2fd232916578c5,TASK3_OPERATIONAL_POOLED_V1,202607290000,202609290281,202609290282,202609290283,202609290284,5000,5000,5000,1247,1247,0,1.04599484466,5.831842602,0.722565261788,0.580424780344,1.30299004213,14,9,17,10,3,13,70,283,8.159364457,43.631026238,1.98041402984,1.48662189988,0.539638549367,0.434504955156,6.28804620729,-3.52651542932,0.00840349712241,0.826795937552,0.844512993364,RHO_LT_ONE_TERMINATING_COHORT,NOT_ESTIMATED_TERMINATING_COHORT
1.0,TASK3_PEAK_DURATION_SENSITIVITY_EXPLORATORY_V1,PEAK_DURATION_S36_I21_T900,LOCAL_WINDOW_HPP_BASE_STATIONARY_EXTENSION,29,36,21,900,OP_PEAK_DURATION_BASE_S36_I21_T900,a2eb5d98b3d179b634f72925a8e7957c345c3816e83b825dba2fd232916578c5,TASK3_OPERATIONAL_POOLED_V1,202607290000,202609290291,202609290292,202609290293,202609290294,5000,5000,5000,1274,1274,0,1.21296744187,5.673896419,0.883352488549,0.825197152467,1.70854964102,18,8,19,0,0,0,56,263,4.591402573,34.632539828,7.71796123387,0.289505138022,0.260367973767,0.122808191289,2.81419382799,9.72164109185,-0.0110824797317,0.826795937552,0.844512993364,RHO_LT_ONE_TERMINATING_COHORT,NOT_ESTIMATED_TERMINATING_COHORT
1.0,TASK3_PEAK_DURATION_SENSITIVITY_EXPLORATORY_V1,PEAK_DURATION_S36_I21_T900,LOCAL_WINDOW_HPP_BASE_STATIONARY_EXTENSION,30,36,21,900,OP_PEAK_DURATION_BASE_S36_I21_T900,a2eb5d98b3d179b634f72925a8e7957c345c3816e83b825dba2fd232916578c5,TASK3_OPERATIONAL_POOLED_V1,202607290000,202609290301,202609290302,202609290303,202609290304,5000,5000,5000,1198,1198,0,0.6495629981,3.608571265,0.37853227031,0.451219688622,0.829751958932,9,7,11,0,3,3,48,247,5.256825626,34.218784132,0.0644289534222,0.610242357344,0.880855220122,0.3042478699,3.18382244779,-3.44087500625,0.0065919916681,0.826795937552,0.844512993364,RHO_LT_ONE_TERMINATING_COHORT,NOT_ESTIMATED_TERMINATING_COHORT
1.0,TASK3_PEAK_DURATION_SENSITIVITY_EXPLORATORY_V1,PEAK_DURATION_S36_I21_T900,LOCAL_WINDOW_HPP_BASE_STATIONARY_EXTENSION,31,36,21,900,OP_PEAK_DURATION_BASE_S36_I21_T900,a2eb5d98b3d179b634f72925a8e7957c345c3816e83b825dba2fd232916578c5,TASK3_OPERATIONAL_POOLED_V1,202607290000,202609290311,202609290312,202609290313,202609290314,5000,5000,5000,1200,1200,0,0.641048322973,3.897145852,0.466911290993,0.387819806304,0.854731097298,14,6,14,0,0,0,35,219,0.320027003,33.144064551,1.55709039157,1.00587589292,0.222697202233,0.163123487722,0.0321797720333,3.5156235825,-0.00432508182696,0.826795937552,0.844512993364,RHO_LT_ONE_TERMINATING_COHORT,NOT_ESTIMATED_TERMINATING_COHORT
1.0,TASK3_PEAK_DURATION_SENSITIVITY_EXPLORATORY_V1,PEAK_DURATION_S36_I21_T900,LOCAL_WINDOW_HPP_BASE_STATIONARY_EXTENSION,32,36,21,900,OP_PEAK_DURATION_BASE_S36_I21_T900,a2eb5d98b3d179b634f72925a8e7957c345c3816e83b825dba2fd232916578c5,TASK3_OPERATIONAL_POOLED_V1,202607290000,202609290321,202609290322,202609290323,202609290324,5000,5000,5000,1185,1185,0,0.397870800603,2.685309145,0.186535352049,0.309911247524,0.496446599573,8,9,9,2,0,2,56,230,2.002315138,35.275585409,1.11477466433,0.629673859878,0.467135274111,0.227395010578,0.268200346489,2.11300644482,-0.0023282527611,0.826795937552,0.844512993364,RHO_LT_ONE_TERMINATING_COHORT,NOT_ESTIMATED_TERMINATING_COHORT
1.0,TASK3_PEAK_DURATION_SENSITIVITY_EXPLORATORY_V1,PEAK_DURATION_S36_I21_T900,LOCAL_WINDOW_HPP_BASE_STATIONARY_EXTENSION,33,36,21,900,OP_PEAK_DURATION_BASE_S36_I21_T900,a2eb5d98b3d179b634f72925a8e7957c345c3816e83b825dba2fd232916578c5,TASK3_OPERATIONAL_POOLED_V1,202607290000,202609290331,202609290332,202609290333,202609290334,5000,5000,5000,1239,1239,0,0.595530707574,2.878694145,0.299816331147,0.503138032633,0.80295436378,8,7,8,0,2,2,52,259,3.191345741,33.820468048,0.938498524444,0.567987099322,0.237421026011,0.704526855178,1.68519396554,-0.395722484442,0.00181103404228,0.826795937552,0.844512993364,RHO_LT_ONE_TERMINATING_COHORT,NOT_ESTIMATED_TERMINATING_COHORT
1.0,TASK3_PEAK_DURATION_SENSITIVITY_EXPLORATORY_V1,PEAK_DURATION_S36_I21_T900,LOCAL_WINDOW_HPP_BASE_STATIONARY_EXTENSION,34,36,21,900,OP_PEAK_DURATION_BASE_S36_I21_T900,a2eb5d98b3d179b634f72925a8e7957c345c3816e83b825dba2fd232916578c5,TASK3_OPERATIONAL_POOLED_V1,202607290000,202609290341,202609290342,202609290343,202609290344,5000,5000,5000,1269,1269,0,0.599701907315,3.220177907,0.368411819564,0.446134255127,0.814546074691,9,6,9,0,2,2,55,260,3.109937092,34.732327843,0.952253208556,0.399110883422,0.231301059189,0.112178902233,1.70336947066,-0.231832702447,0.00135033393668,0.826795937552,0.844512993364,RHO_LT_ONE_TERMINATING_COHORT,NOT_ESTIMATED_TERMINATING_COHORT
1.0,TASK3_PEAK_DURATION_SENSITIVITY_EXPLORATORY_V1,PEAK_DURATION_S36_I21_T900,LOCAL_WINDOW_HPP_BASE_STATIONARY_EXTENSION,35,36,21,900,OP_PEAK_DURATION_BASE_S36_I21_T900,a2eb5d98b3d179b634f72925a8e7957c345c3816e83b825dba2fd232916578c5,TASK3_OPERATIONAL_POOLED_V1,202607290000,202609290351,202609290352,202609290353,202609290354,5000,5000,5000,1299,1299,0,1.38272102499,6.415324896,1.01732387386,0.9628053933,1.98012926716,17,9,18,0,0,0,51,253,2.739921487,34.163143979,0.962278485733,0.741705606533,2.51746263799,0.7747785836,0.442900225056,1.842087766,-0.00111742616032,0.826795937552,0.844512993364,RHO_LT_ONE_TERMINATING_COHORT,NOT_ESTIMATED_TERMINATING_COHORT
1.0,TASK3_PEAK_DURATION_SENSITIVITY_EXPLORATORY_V1,PEAK_DURATION_S36_I21_T900,LOCAL_WINDOW_HPP_BASE_STATIONARY_EXTENSION,36,36,21,900,OP_PEAK_DURATION_BASE_S36_I21_T900,a2eb5d98b3d179b634f72925a8e7957c345c3816e83b825dba2fd232916578c5,TASK3_OPERATIONAL_POOLED_V1,202607290000,202609290361,202609290362,202609290363,202609290364,5000,5000,5000,1228,1228,0,0.73526835247,3.778773229,0.399318109922,0.602642088731,1.00196019865,10,10,10,0,0,0,47,231,2.761240872,31.811655819,3.15493202864,2.20004744194,0.943867514733,0.960698765556,0.752987060778,6.13493552142,-0.00671470956902,0.826795937552,0.844512993364,RHO_LT_ONE_TERMINATING_COHORT,NOT_ESTIMATED_TERMINATING_COHORT
1.0,TASK3_PEAK_DURATION_SENSITIVITY_EXPLORATORY_V1,PEAK_DURATION_S36_I21_T900,LOCAL_WINDOW_HPP_BASE_STATIONARY_EXTENSION,37,36,21,900,OP_PEAK_DURATION_BASE_S36_I21_T900,a2eb5d98b3d179b634f72925a8e7957c345c3816e83b825dba2fd232916578c5,TASK3_OPERATIONAL_POOLED_V1,202607290000,202609290371,202609290372,202609290373,202609290374,5000,5000,5000,1239,1239,0,0.703734467757,4.12388066,0.38082961387,0.584900970281,0.965730584151,13,8,13,0,0,0,51,258,4.508889751,34.312731921,0.8315974529,3.08540605191,0.250487629722,1.50703685019,0.219975020289,3.28011115121,-0.00311290451883,0.826795937552,0.844512993364,RHO_LT_ONE_TERMINATING_COHORT,NOT_ESTIMATED_TERMINATING_COHORT
1.0,TASK3_PEAK_DURATION_SENSITIVITY_EXPLORATORY_V1,PEAK_DURATION_S36_I21_T900,LOCAL_WINDOW_HPP_BASE_STATIONARY_EXTENSION,38,36,21,900,OP_PEAK_DURATION_BASE_S36_I21_T900,a2eb5d98b3d179b634f72925a8e7957c345c3816e83b825dba2fd232916578c5,TASK3_OPERATIONAL_POOLED_V1,202607290000,202609290381,202609290382,202609290383,202609290384,5000,5000,5000,1150,1150,0,0.265066638061,2.227212648,0.0896381020533,0.202511331228,0.292149433281,7,6,7,5,0,5,49,230,2.567131527,37.571186375,0,0.263203554367,1.13049263603,0,0.306357490456,0.0778771662628,0.000388346029494,0.826795937552,0.844512993364,RHO_LT_ONE_TERMINATING_COHORT,NOT_ESTIMATED_TERMINATING_COHORT
1.0,TASK3_PEAK_DURATION_SENSITIVITY_EXPLORATORY_V1,PEAK_DURATION_S36_I21_T900,LOCAL_WINDOW_HPP_BASE_STATIONARY_EXTENSION,39,36,21,900,OP_PEAK_DURATION_BASE_S36_I21_T900,a2eb5d98b3d179b634f72925a8e7957c345c3816e83b825dba2fd232916578c5,TASK3_OPERATIONAL_POOLED_V1,202607290000,202609290391,202609290392,202609290393,202609290394,5000,5000,5000,1218,1218,0,1.30031758645,6.229881631,0.942278448456,0.709228124509,1.65150657296,13,9,15,9,1,10,67,267,7.596753895,41.391166361,0.555826734433,0.0355698881556,2.48253909447,1.41387210428,4.82513762236,-5.57510390524,0.0110188044355,0.826795937552,0.844512993364,RHO_LT_ONE_TERMINATING_COHORT,NOT_ESTIMATED_TERMINATING_COHORT
1.0,TASK3_PEAK_DURATION_SENSITIVITY_EXPLORATORY_V1,PEAK_DURATION_S36_I21_T900,LOCAL_WINDOW_HPP_BASE_STATIONARY_EXTENSION,40,36,21,900,OP_PEAK_DURATION_BASE_S36_I21_T900,a2eb5d98b3d179b634f72925a8e7957c345c3816e83b825dba2fd232916578c5,TASK3_OPERATIONAL_POOLED_V1,202607290000,202609290401,202609290402,202609290403,202609290404,5000,5000,5000,1243,1243,0,1.09296381939,5.466610699,0.84002820936,0.666977004968,1.50700521433,13,8,13,0,0,0,50,268,7.087395634,34.223555672,1.0133001128,1.09638601398,1.14622722262,4.04057576524,3.37322508719,-3.61408693467,0.00851559966672,0.826795937552,0.844512993364,RHO_LT_ONE_TERMINATING_COHORT,NOT_ESTIMATED_TERMINATING_COHORT
1.0,TASK3_PEAK_DURATION_SENSITIVITY_EXPLORATORY_V1,PEAK_DURATION_S36_I21_T900,LOCAL_WINDOW_HPP_BASE_STATIONARY_EXTENSION,41,36,21,900,OP_PEAK_DURATION_BASE_S36_I21_T900,a2eb5d98b3d179b634f72925a8e7957c345c3816e83b825dba2fd232916578c5,TASK3_OPERATIONAL_POOLED_V1,202607290000,202609290411,202609290412,202609290413,202609290414,5000,5000,5000,1258,1258,0,0.649513148698,3.652278765,0.394363147643,0.487728965342,0.882092112986,9,6,9,0,4,4,50,260,4.468660945,34.712046511,0.244807468089,1.32006995726,0.268764569178,0.452670864867,2.82570063174,-2.19838772796,0.00477154137214,0.826795937552,0.844512993364,RHO_LT_ONE_TERMINATING_COHORT,NOT_ESTIMATED_TERMINATING_COHORT
1.0,TASK3_PEAK_DURATION_SENSITIVITY_EXPLORATORY_V1,PEAK_DURATION_S36_I21_T900,LOCAL_WINDOW_HPP_BASE_STATIONARY_EXTENSION,42,36,21,900,OP_PEAK_DURATION_BASE_S36_I21_T900,a2eb5d98b3d179b634f72925a8e7957c345c3816e83b825dba2fd232916578c5,TASK3_OPERATIONAL_POOLED_V1,202607290000,202609290421,202609290422,202609290423,202609290424,5000,5000,5000,1189,1189,0,0.923908610419,5.241875194,0.555772135101,0.664813795774,1.22058593088,13,8,16,0,0,0,42,228,2.45405774,34.802941218,2.82410762971,1.08218722596,0.106060940567,0.934960462422,0.151926661711,5.13854010872,-0.0061017652217,0.826795937552,0.844512993364,RHO_LT_ONE_TERMINATING_COHORT,NOT_ESTIMATED_TERMINATING_COHORT
1.0,TASK3_PEAK_DURATION_SENSITIVITY_EXPLORATORY_V1,PEAK_DURATION_S36_I21_T900,LOCAL_WINDOW_HPP_BASE_STATIONARY_EXTENSION,43,36,21,900,OP_PEAK_DURATION_BASE_S36_I21_T900,a2eb5d98b3d179b634f72925a8e7957c345c3816e83b825dba2fd232916578c5,TASK3_OPERATIONAL_POOLED_V1,202607290000,202609290431,202609290432,202609290433,202609290434,5000,5000,5000,1252,1252,0,0.944842995248,3.860630294,0.598922543547,0.693887996163,1.29281053971,10,11,11,0,4,4,48,254,2.967783596,31.580082378,2.16621492721,0.3400647993,1.9547934164,1.57775182154,0.64182294,2.69445229502,-0.00201232994686,0.826795937552,0.844512993364,RHO_LT_ONE_TERMINATING_COHORT,NOT_ESTIMATED_TERMINATING_COHORT
1.0,TASK3_PEAK_DURATION_SENSITIVITY_EXPLORATORY_V1,PEAK_DURATION_S36_I21_T900,LOCAL_WINDOW_HPP_BASE_STATIONARY_EXTENSION,44,36,21,900,OP_PEAK_DURATION_BASE_S36_I21_T900,a2eb5d98b3d179b634f72925a8e7957c345c3816e83b825dba2fd232916578c5,TASK3_OPERATIONAL_POOLED_V1,202607290000,202609290441,202609290442,202609290443,202609290444,5000,5000,5000,1221,1221,0,0.824560933872,4.975314563,0.470194449174,0.551513122142,1.02170757132,12,11,12,8,0,8,63,240,6.856888545,41.60268378,1.01499014102,0.0712334120222,2.83222850884,3.46931406676,0.905708520822,-0.725943130857,0.00353279712704,0.826795937552,0.844512993364,RHO_LT_ONE_TERMINATING_COHORT,NOT_ESTIMATED_TERMINATING_COHORT
1.0,TASK3_PEAK_DURATION_SENSITIVITY_EXPLORATORY_V1,PEAK_DURATION_S36_I21_T900,LOCAL_WINDOW_HPP_BASE_STATIONARY_EXTENSION,45,36,21,900,OP_PEAK_DURATION_BASE_S36_I21_T900,a2eb5d98b3d179b634f72925a8e7957c345c3816e83b825dba2fd232916578c5,TASK3_OPERATIONAL_POOLED_V1,202607290000,202609290451,202609290452,202609290453,202609290454,5000,5000,5000,1236,1236,0,1.11140833383,6.332080725,0.781988223558,0.72332605365,1.50531427721,14,9,14,0,5,5,55,264,7.449517231,35.224930882,0.150288691811,0.4669524275,3.05449757006,7.46873976992,1.97525431634,-5.36564238849,0.0118352428794,0.826795937552,0.844512993364,RHO_LT_ONE_TERMINATING_COHORT,NOT_ESTIMATED_TERMINATING_COHORT
1.0,TASK3_PEAK_DURATION_SENSITIVITY_EXPLORATORY_V1,PEAK_DURATION_S36_I21_T900,LOCAL_WINDOW_HPP_BASE_STATIONARY_EXTENSION,46,36,21,900,OP_PEAK_DURATION_BASE_S36_I21_T900,a2eb5d98b3d179b634f72925a8e7957c345c3816e83b825dba2fd232916578c5,TASK3_OPERATIONAL_POOLED_V1,202607290000,202609290461,202609290462,202609290463,202609290464,5000,5000,5000,1258,1258,0,1.02142888112,4.829224614,0.585707336147,0.841507861389,1.42721519754,15,10,15,0,1,1,51,234,0.744550334,33.904977866,1.46201850892,0.3718819949,0.521154249889,0.174192557433,0.0312005214889,2.80658362578,-0.00339925045815,0.826795937552,0.844512993364,RHO_LT_ONE_TERMINATING_COHORT,NOT_ESTIMATED_TERMINATING_COHORT
1.0,TASK3_PEAK_DURATION_SENSITIVITY_EXPLORATORY_V1,PEAK_DURATION_S36_I21_T900,LOCAL_WINDOW_HPP_BASE_STATIONARY_EXTENSION,47,36,21,900,OP_PEAK_DURATION_BASE_S36_I21_T900,a2eb5d98b3d179b634f72925a8e7957c345c3816e83b825dba2fd232916578c5,TASK3_OPERATIONAL_POOLED_V1,202607290000,202609290471,202609290472,202609290473,202609290474,5000,5000,5000,1234,1234,0,0.782045968007,3.832405682,0.470054140691,0.602217775443,1.07227191613,11,8,11,0,0,0,47,227,0.449252448,34.764043053,1.39968895417,2.36739761127,3.78578180507,0.219761148567,0.138456253333,5.08479355275,-0.00518900207152,0.826795937552,0.844512993364,RHO_LT_ONE_TERMINATING_COHORT,NOT_ESTIMATED_TERMINATING_COHORT
1.0,TASK3_PEAK_DURATION_SENSITIVITY_EXPLORATORY_V1,PEAK_DURATION_S36_I21_T900,LOCAL_WINDOW_HPP_BASE_STATIONARY_EXTENSION,48,36,21,900,OP_PEAK_DURATION_BASE_S36_I21_T900,a2eb5d98b3d179b634f72925a8e7957c345c3816e83b825dba2fd232916578c5,TASK3_OPERATIONAL_POOLED_V1,202607290000,202609290481,202609290482,202609290483,202609290484,5000,5000,5000,1216,1216,0,0.90525169398,5.204005925,0.57169544874,0.651400173349,1.22309562209,14,9,14,0,0,0,39,243,4.35893845,34.644381325,0.0384480909889,1.99237895212,0.325672051611,2.14746908723,0.534654433367,0.147097408164,0.00127500313319,0.826795937552,0.844512993364,RHO_LT_ONE_TERMINATING_COHORT,NOT_ESTIMATED_TERMINATING_COHORT
1.0,TASK3_PEAK_DURATION_SENSITIVITY_EXPLORATORY_V1,PEAK_DURATION_S36_I21_T900,LOCAL_WINDOW_HPP_BASE_STATIONARY_EXTENSION,49,36,21,900,OP_PEAK_DURATION_BASE_S36_I21_T900,a2eb5d98b3d179b634f72925a8e7957c345c3816e83b825dba2fd232916578c5,TASK3_OPERATIONAL_POOLED_V1,202607290000,202609290491,202609290492,202609290493,202609290494,5000,5000,5000,1280,1280,0,1.49933301089,5.646064404,1.05197758334,1.05378147909,2.10575906243,16,8,16,0,4,4,53,273,5.402178835,33.364227511,5.84807394472,2.84373289256,0.748344312156,0.657507019944,4.06119047683,7.15176433553,-0.00639999200932,0.826795937552,0.844512993364,RHO_LT_ONE_TERMINATING_COHORT,NOT_ESTIMATED_TERMINATING_COHORT
1.0,TASK3_PEAK_DURATION_SENSITIVITY_EXPLORATORY_V1,PEAK_DURATION_S36_I21_T900,LOCAL_WINDOW_HPP_BASE_STATIONARY_EXTENSION,50,36,21,900,OP_PEAK_DURATION_BASE_S36_I21_T900,a2eb5d98b3d179b634f72925a8e7957c345c3816e83b825dba2fd232916578c5,TASK3_OPERATIONAL_POOLED_V1,202607290000,202609290501,202609290502,202609290503,202609290504,5000,5000,5000,1253,1253,0,0.596755221524,3.301061593,0.285931064368,0.544884816264,0.830815880632,7,8,8,0,0,0,49,273,2.521324702,34.487440088,0.679936140589,0.253625976067,0.233861105956,1.20360806858,0.844958886411,-0.316822652597,0.00142225287128,0.826795937552,0.844512993364,RHO_LT_ONE_TERMINATING_COHORT,NOT_ESTIMATED_TERMINATING_COHORT
1.0,TASK3_PEAK_DURATION_SENSITIVITY_EXPLORATORY_V1,PEAK_DURATION_S36_I21_T1800,LOCAL_WINDOW_HPP_BASE_STATIONARY_EXTENSION,1,36,21,1800,OP_PEAK_DURATION_BASE_S36_I21_T1800,d136f1a5610e1a2864b4ca49113f7db6f78ef7456560aa57c878d4d5bb95bdb6,TASK3_OPERATIONAL_POOLED_V1,202607290000,202609290011,202609290012,202609290013,202609290014,5000,5000,5000,2418,2418,0,0.56404650436,3.627836466,0.31509000259,0.442612468267,0.757702470857,10,9,10,0,0,0,31,491,3.310075033,33.997289678,1.05687993363,0.787869288272,1.03309315021,0.157821355167,0.968668954917,1.40571895434,-0.000448038828077,0.826795937552,0.844512993364,RHO_LT_ONE_TERMINATING_COHORT,NOT_ESTIMATED_TERMINATING_COHORT
1.0,TASK3_PEAK_DURATION_SENSITIVITY_EXPLORATORY_V1,PEAK_DURATION_S36_I21_T1800,LOCAL_WINDOW_HPP_BASE_STATIONARY_EXTENSION,2,36,21,1800,OP_PEAK_DURATION_BASE_S36_I21_T1800,d136f1a5610e1a2864b4ca49113f7db6f78ef7456560aa57c878d4d5bb95bdb6,TASK3_OPERATIONAL_POOLED_V1,202607290000,202609290021,202609290022,202609290023,202609290024,5000,5000,5000,2442,2442,0,0.806245308017,4.020706081,0.516692477533,0.576989349728,1.09368182726,14,8,14,0,0,0,41,481,3.28716684,34.234759453,1.8934050732,0.179839048261,1.47399500658,1.28649895738,0.53589109985,2.28020186524,-0.000893537798657,0.826795937552,0.844512993364,RHO_LT_ONE_TERMINATING_COHORT,NOT_ESTIMATED_TERMINATING_COHORT
1.0,TASK3_PEAK_DURATION_SENSITIVITY_EXPLORATORY_V1,PEAK_DURATION_S36_I21_T1800,LOCAL_WINDOW_HPP_BASE_STATIONARY_EXTENSION,3,36,21,1800,OP_PEAK_DURATION_BASE_S36_I21_T1800,d136f1a5610e1a2864b4ca49113f7db6f78ef7456560aa57c878d4d5bb95bdb6,TASK3_OPERATIONAL_POOLED_V1,202607290000,202609290031,202609290032,202609290033,202609290034,5000,5000,5000,2425,2425,0,0.639517271878,3.80085194,0.366331299813,0.495240580356,0.861571880168,11,9,11,0,0,0,42,505,3.427273479,34.663401989,1.32937239855,2.46460458345,0.857525530678,0.87675471965,1.05498858286,2.91911228442,-0.00118700971954,0.826795937552,0.844512993364,RHO_LT_ONE_TERMINATING_COHORT,NOT_ESTIMATED_TERMINATING_COHORT
1.0,TASK3_PEAK_DURATION_SENSITIVITY_EXPLORATORY_V1,PEAK_DURATION_S36_I21_T1800,LOCAL_WINDOW_HPP_BASE_STATIONARY_EXTENSION,4,36,21,1800,OP_PEAK_DURATION_BASE_S36_I21_T1800,d136f1a5610e1a2864b4ca49113f7db6f78ef7456560aa57c878d4d5bb95bdb6,TASK3_OPERATIONAL_POOLED_V1,202607290000,202609290041,202609290042,202609290043,202609290044,5000,5000,5000,2441,2441,0,0.439516553703,2.830826788,0.261343902808,0.334689379185,0.596033281993,10,7,12,0,0,0,38,490,3.108859014,34.564781926,0.0196656731667,1.21737570447,0.518286968283,1.10583560837,0.397373697028,0.168800566543,0.000357708862015,0.826795937552,0.844512993364,RHO_LT_ONE_TERMINATING_COHORT,NOT_ESTIMATED_TERMINATING_COHORT
1.0,TASK3_PEAK_DURATION_SENSITIVITY_EXPLORATORY_V1,PEAK_DURATION_S36_I21_T1800,LOCAL_WINDOW_HPP_BASE_STATIONARY_EXTENSION,5,36,21,1800,OP_PEAK_DURATION_BASE_S36_I21_T1800,d136f1a5610e1a2864b4ca49113f7db6f78ef7456560aa57c878d4d5bb95bdb6,TASK3_OPERATIONAL_POOLED_V1,202607290000,202609290051,202609290052,202609290053,202609290054,5000,5000,5000,2451,2451,0,0.623046293276,3.421195843,0.339148312607,0.488348346771,0.827496659378,13,7,13,0,0,0,56,506,4.56008121,34.021752857,0.312191986244,0.221068213856,1.67110229896,2.51397611242,1.59275812514,-2.37831078494,0.00269668898686,0.826795937552,0.844512993364,RHO_LT_ONE_TERMINATING_COHORT,NOT_ESTIMATED_TERMINATING_COHORT
1.0,TASK3_PEAK_DURATION_SENSITIVITY_EXPLORATORY_V1,PEAK_DURATION_S36_I21_T1800,LOCAL_WINDOW_HPP_BASE_STATIONARY_EXTENSION,6,36,21,1800,OP_PEAK_DURATION_BASE_S36_I21_T1800,d136f1a5610e1a2864b4ca49113f7db6f78ef7456560aa57c878d4d5bb95bdb6,TASK3_OPERATIONAL_POOLED_V1,202607290000,202609290061,202609290062,202609290063,202609290064,5000,5000,5000,2451,2451,0,0.702313129253,3.66838967,0.388493784756,0.56782259291,0.956316377666,10,8,10,0,0,0,39,528,4.687146817,34.350870904,1.20802736083,0.633591280728,0.35619847925,1.69270872539,2.82175037631,-1.8724673622,0.00238142415311,0.826795937552,0.844512993364,RHO_LT_ONE_TERMINATING_COHORT,NOT_ESTIMATED_TERMINATING_COHORT
1.0,TASK3_PEAK_DURATION_SENSITIVITY_EXPLORATORY_V1,PEAK_DURATION_S36_I21_T1800,LOCAL_WINDOW_HPP_BASE_STATIONARY_EXTENSION,7,36,21,1800,OP_PEAK_DURATION_BASE_S36_I21_T1800,d136f1a5610e1a2864b4ca49113f7db6f78ef7456560aa57c878d4d5bb95bdb6,TASK3_OPERATIONAL_POOLED_V1,202607290000,202609290071,202609290072,202609290073,202609290074,5000,5000,5000,2499,2499,0,1.35055930877,5.591223514,0.8855547968,0.989471710208,1.87502650701,19,9,22,0,0,0,38,507,10.101679363,34.723990536,0.74488863645,0.760961488428,2.40996833396,4.98145625485,3.59898418258,-4.94726261476,0.00551593658816,0.826795937552,0.844512993364,RHO_LT_ONE_TERMINATING_COHORT,NOT_ESTIMATED_TERMINATING_COHORT
1.0,TASK3_PEAK_DURATION_SENSITIVITY_EXPLORATORY_V1,PEAK_DURATION_S36_I21_T1800,LOCAL_WINDOW_HPP_BASE_STATIONARY_EXTENSION,8,36,21,1800,OP_PEAK_DURATION_BASE_S36_I21_T1800,d136f1a5610e1a2864b4ca49113f7db6f78ef7456560aa57c878d4d5bb95bdb6,TASK3_OPERATIONAL_POOLED_V1,202607290000,202609290081,202609290082,202609290083,202609290084,5000,5000,5000,2540,2540,0,1.18705131078,5.731162897,0.849611124629,0.821883033366,1.67149415799,13,10,16,0,3,3,51,488,3.719961543,34.165268056,0.500012922278,1.59705641256,2.00124149601,0.261486171061,1.28067784603,0.958775265075,0.000125422003343,0.826795937552,0.844512993364,RHO_LT_ONE_TERMINATING_COHORT,NOT_ESTIMATED_TERMINATING_COHORT
1.0,TASK3_PEAK_DURATION_SENSITIVITY_EXPLORATORY_V1,PEAK_DURATION_S36_I21_T1800,LOCAL_WINDOW_HPP_BASE_STATIONARY_EXTENSION,9,36,21,1800,OP_PEAK_DURATION_BASE_S36_I21_T1800,d136f1a5610e1a2864b4ca49113f7db6f78ef7456560aa57c878d4d5bb95bdb6,TASK3_OPERATIONAL_POOLED_V1,202607290000,202609290091,202609290092,202609290093,202609290094,5000,5000,5000,2438,2438,0,0.561718132473,3.187744115,0.246015015781,0.498954308589,0.74496932437,8,9,9,0,0,0,44,473,2.130079893,31.236685639,0.621260143283,1.67882489577,0.427114270283,0.363565066567,0.425261950094,1.98364742688,-0.000948475675321,0.826795937552,0.844512993364,RHO_LT_ONE_TERMINATING_COHORT,NOT_ESTIMATED_TERMINATING_COHORT
1.0,TASK3_PEAK_DURATION_SENSITIVITY_EXPLORATORY_V1,PEAK_DURATION_S36_I21_T1800,LOCAL_WINDOW_HPP_BASE_STATIONARY_EXTENSION,10,36,21,1800,OP_PEAK_DURATION_BASE_S36_I21_T1800,d136f1a5610e1a2864b4ca49113f7db6f78ef7456560aa57c878d4d5bb95bdb6,TASK3_OPERATIONAL_POOLED_V1,202607290000,202609290101,202609290102,202609290103,202609290104,5000,5000,5000,2436,2436,0,0.62683212379,3.374237506,0.344391976296,0.503920831233,0.848312807529,14,8,14,0,0,0,46,506,2.469177886,33.86803723,0.997460738711,1.31538701998,2.26028057278,0.8234428841,0.556790352611,2.22063599469,-0.000762936060043,0.826795937552,0.844512993364,RHO_LT_ONE_TERMINATING_COHORT,NOT_ESTIMATED_TERMINATING_COHORT
1.0,TASK3_PEAK_DURATION_SENSITIVITY_EXPLORATORY_V1,PEAK_DURATION_S36_I21_T1800,LOCAL_WINDOW_HPP_BASE_STATIONARY_EXTENSION,11,36,21,1800,OP_PEAK_DURATION_BASE_S36_I21_T1800,d136f1a5610e1a2864b4ca49113f7db6f78ef7456560aa57c878d4d5bb95bdb6,TASK3_OPERATIONAL_POOLED_V1,202607290000,202609290111,202609290112,202609290113,202609290114,5000,5000,5000,2475,2475,0,1.10012474103,4.962352906,0.71430320789,0.788188773307,1.5024919812,15,9,15,0,0,0,50,486,3.843760555,35.822187798,5.58594803214,0.732524604167,0.979548717483,0.437089458128,2.14841928325,7.35457550191,-0.00398360702435,0.826795937552,0.844512993364,RHO_LT_ONE_TERMINATING_COHORT,NOT_ESTIMATED_TERMINATING_COHORT
1.0,TASK3_PEAK_DURATION_SENSITIVITY_EXPLORATORY_V1,PEAK_DURATION_S36_I21_T1800,LOCAL_WINDOW_HPP_BASE_STATIONARY_EXTENSION,12,36,21,1800,OP_PEAK_DURATION_BASE_S36_I21_T1800,d136f1a5610e1a2864b4ca49113f7db6f78ef7456560aa57c878d4d5bb95bdb6,TASK3_OPERATIONAL_POOLED_V1,202607290000,202609290121,202609290122,202609290123,202609290124,5000,5000,5000,2443,2443,0,0.565877337271,3.230493959,0.324466612487,0.434832432706,0.759299045192,14,8,14,0,0,0,51,497,2.942080101,34.302651813,1.54116575718,0.339531674244,0.505133920244,0.623589361511,0.835821988894,1.61402092739,-0.000625905471833,0.826795937552,0.844512993364,RHO_LT_ONE_TERMINATING_COHORT,NOT_ESTIMATED_TERMINATING_COHORT
1.0,TASK3_PEAK_DURATION_SENSITIVITY_EXPLORATORY_V1,PEAK_DURATION_S36_I21_T1800,LOCAL_WINDOW_HPP_BASE_STATIONARY_EXTENSION,13,36,21,1800,OP_PEAK_DURATION_BASE_S36_I21_T1800,d136f1a5610e1a2864b4ca49113f7db6f78ef7456560aa57c878d4d5bb95bdb6,TASK3_OPERATIONAL_POOLED_V1,202607290000,202609290131,202609290132,202609290133,202609290134,5000,5000,5000,2531,2531,0,2.02838247219,14.080213872,1.76366086905,1.06103077697,2.82469164602,32,13,35,1,0,1,54,493,3.914031915,37.129524197,1.84250602608,0.354759890672,1.04626838388,1.05554193214,0.715896296872,2.16732256863,-0.000862465231633,0.826795937552,0.844512993364,RHO_LT_ONE_TERMINATING_COHORT,NOT_ESTIMATED_TERMINATING_COHORT
1.0,TASK3_PEAK_DURATION_SENSITIVITY_EXPLORATORY_V1,PEAK_DURATION_S36_I21_T1800,LOCAL_WINDOW_HPP_BASE_STATIONARY_EXTENSION,14,36,21,1800,OP_PEAK_DURATION_BASE_S36_I21_T1800,d136f1a5610e1a2864b4ca49113f7db6f78ef7456560aa57c878d4d5bb95bdb6,TASK3_OPERATIONAL_POOLED_V1,202607290000,202609290141,202609290142,202609290143,202609290144,5000,5000,5000,2350,2350,0,0.522097249237,3.321035716,0.254907742113,0.423694413693,0.678602155806,8,9,10,0,0,0,50,487,2.332048775,34.454357198,0.0975704457667,1.27627443571,0.3161431001,0.426319171867,0.639877425033,0.375242894674,0.000130365941497,0.826795937552,0.844512993364,RHO_LT_ONE_TERMINATING_COHORT,NOT_ESTIMATED_TERMINATING_COHORT
1.0,TASK3_PEAK_DURATION_SENSITIVITY_EXPLORATORY_V1,PEAK_DURATION_S36_I21_T1800,LOCAL_WINDOW_HPP_BASE_STATIONARY_EXTENSION,15,36,21,1800,OP_PEAK_DURATION_BASE_S36_I21_T1800,d136f1a5610e1a2864b4ca49113f7db6f78ef7456560aa57c878d4d5bb95bdb6,TASK3_OPERATIONAL_POOLED_V1,202607290000,202609290151,202609290152,202609290153,202609290154,5000,5000,5000,2445,2445,0,0.875659580357,4.488386546,0.610887994947,0.578549601705,1.18943759665,16,8,18,0,0,0,36,486,7.753380791,34.451367259,1.85734970094,1.01631603299,0.310445931472,3.74813804858,0.211022063456,1.84927930003,-0.000311574032994,0.826795937552,0.844512993364,RHO_LT_ONE_TERMINATING_COHORT,NOT_ESTIMATED_TERMINATING_COHORT
1.0,TASK3_PEAK_DURATION_SENSITIVITY_EXPLORATORY_V1,PEAK_DURATION_S36_I21_T1800,LOCAL_WINDOW_HPP_BASE_STATIONARY_EXTENSION,16,36,21,1800,OP_PEAK_DURATION_BASE_S36_I21_T1800,d136f1a5610e1a2864b4ca49113f7db6f78ef7456560aa57c878d4d5bb95bdb6,TASK3_OPERATIONAL_POOLED_V1,202607290000,202609290161,202609290162,202609290163,202609290164,5000,5000,5000,2439,2439,0,0.518917759674,2.790022787,0.285021566886,0.418111997472,0.703133564358,11,7,11,0,0,0,50,508,2.694806079,34.414841393,0.268445003006,2.57426820524,0.0412231424667,0.553301849878,1.27398090193,0.949664738639,-5.49697639503e-06,0.826795937552,0.844512993364,RHO_LT_ONE_TERMINATING_COHORT,NOT_ESTIMATED_TERMINATING_COHORT
1.0,TASK3_PEAK_DURATION_SENSITIVITY_EXPLORATORY_V1,PEAK_DURATION_S36_I21_T1800,LOCAL_WINDOW_HPP_BASE_STATIONARY_EXTENSION,17,36,21,1800,OP_PEAK_DURATION_BASE_S36_I21_T1800,d136f1a5610e1a2864b4ca49113f7db6f78ef7456560aa57c878d4d5bb95bdb6,TASK3_OPERATIONAL_POOLED_V1,202607290000,202609290171,202609290172,202609290173,202609290174,5000,5000,5000,2414,2414,0,0.956136395229,5.030786362,0.590687059482,0.691598083898,1.28228514338,15,10,15,0,0,0,43,502,7.544241676,33.339256896,0.452086157028,0.531102300972,0.826498048733,2.02988195724,3.26862042863,-3.92724837108,0.0039621378886,0.826795937552,0.844512993364,RHO_LT_ONE_TERMINATING_COHORT,NOT_ESTIMATED_TERMINATING_COHORT
1.0,TASK3_PEAK_DURATION_SENSITIVITY_EXPLORATORY_V1,PEAK_DURATION_S36_I21_T1800,LOCAL_WINDOW_HPP_BASE_STATIONARY_EXTENSION,18,36,21,1800,OP_PEAK_DURATION_BASE_S36_I21_T1800,d136f1a5610e1a2864b4ca49113f7db6f78ef7456560aa57c878d4d5bb95bdb6,TASK3_OPERATIONAL_POOLED_V1,202607290000,202609290181,202609290182,202609290183,202609290184,5000,5000,5000,2430,2430,0,0.758205574953,4.350599515,0.479918948901,0.541018261352,1.02093721025,13,9,14,0,0,0,50,465,1.975477471,33.717336574,0.881413956789,3.12934477036,2.3740527311,0.138382665933,0.637030603933,4.04184155322,-0.0019331826723,0.826795937552,0.844512993364,RHO_LT_ONE_TERMINATING_COHORT,NOT_ESTIMATED_TERMINATING_COHORT
1.0,TASK3_PEAK_DURATION_SENSITIVITY_EXPLORATORY_V1,PEAK_DURATION_S36_I21_T1800,LOCAL_WINDOW_HPP_BASE_STATIONARY_EXTENSION,19,36,21,1800,OP_PEAK_DURATION_BASE_S36_I21_T1800,d136f1a5610e1a2864b4ca49113f7db6f78ef7456560aa57c878d4d5bb95bdb6,TASK3_OPERATIONAL_POOLED_V1,202607290000,202609290191,202609290192,202609290193,202609290194,5000,5000,5000,2376,2376,0,0.585490123725,3.32704489,0.294837375749,0.478009587568,0.772846963317,10,8,10,0,0,0,38,464,3.744561267,34.476134748,0.530775360883,1.14229713987,0.920970923267,1.35800269293,0.18258317105,1.18743497755,-0.000267043792556,0.826795937552,0.844512993364,RHO_LT_ONE_TERMINATING_COHORT,NOT_ESTIMATED_TERMINATING_COHORT
1.0,TASK3_PEAK_DURATION_SENSITIVITY_EXPLORATORY_V1,PEAK_DURATION_S36_I21_T1800,LOCAL_WINDOW_HPP_BASE_STATIONARY_EXTENSION,20,36,21,1800,OP_PEAK_DURATION_BASE_S36_I21_T1800,d136f1a5610e1a2864b4ca49113f7db6f78ef7456560aa57c878d4d5bb95bdb6,TASK3_OPERATIONAL_POOLED_V1,202607290000,202609290201,202609290202,202609290203,202609290204,5000,5000,5000,2459,2459,0,0.511051768718,3.056842864,0.236346524873,0.461806974725,0.698153499598,8,10,10,0,0,0,39,487,3.13148728,34.610655102,0.351804949461,0.380787825761,1.53313527998,0.659501962483,0.786354732683,-0.118543327301,0.000637674279537,0.826795937552,0.844512993364,RHO_LT_ONE_TERMINATING_COHORT,NOT_ESTIMATED_TERMINATING_COHORT
1.0,TASK3_PEAK_DURATION_SENSITIVITY_EXPLORATORY_V1,PEAK_DURATION_S36_I21_T1800,LOCAL_WINDOW_HPP_BASE_STATIONARY_EXTENSION,21,36,21,1800,OP_PEAK_DURATION_BASE_S36_I21_T1800,d136f1a5610e1a2864b4ca49113f7db6f78ef7456560aa57c878d4d5bb95bdb6,TASK3_OPERATIONAL_POOLED_V1,202607290000,202609290211,202609290212,202609290213,202609290214,5000,5000,5000,2479,2479,0,0.878959749986,4.195592032,0.546807935862,0.663147298225,1.20995523409,12,8,13,0,1,1,44,497,4.202717387,34.486834533,0.976169949883,0.722305323911,1.62453214431,0.713389726989,1.83918828186,-0.112723714885,0.000953956148352,0.826795937552,0.844512993364,RHO_LT_ONE_TERMINATING_COHORT,NOT_ESTIMATED_TERMINATING_COHORT
1.0,TASK3_PEAK_DURATION_SENSITIVITY_EXPLORATORY_V1,PEAK_DURATION_S36_I21_T1800,LOCAL_WINDOW_HPP_BASE_STATIONARY_EXTENSION,22,36,21,1800,OP_PEAK_DURATION_BASE_S36_I21_T1800,d136f1a5610e1a2864b4ca49113f7db6f78ef7456560aa57c878d4d5bb95bdb6,TASK3_OPERATIONAL_POOLED_V1,202607290000,202609290221,202609290222,202609290223,202609290224,5000,5000,5000,2442,2442,0,0.593464887946,3.538413369,0.312529622929,0.478780188304,0.791309811234,11,8,12,2,0,2,55,476,2.652933357,37.794605227,0.403457710522,1.76410709994,0.844888714067,1.11350522653,0.143739200689,1.73146876015,-0.000650021607262,0.826795937552,0.844512993364,RHO_LT_ONE_TERMINATING_COHORT,NOT_ESTIMATED_TERMINATING_COHORT
1.0,TASK3_PEAK_DURATION_SENSITIVITY_EXPLORATORY_V1,PEAK_DURATION_S36_I21_T1800,LOCAL_WINDOW_HPP_BASE_STATIONARY_EXTENSION,23,36,21,1800,OP_PEAK_DURATION_BASE_S36_I21_T1800,d136f1a5610e1a2864b4ca49113f7db6f78ef7456560aa57c878d4d5bb95bdb6,TASK3_OPERATIONAL_POOLED_V1,202607290000,202609290231,202609290232,202609290233,202609290234,5000,5000,5000,2563,2563,0,1.45121028367,7.803594314,1.08012815274,0.981897774234,2.06202592698,14,12,18,0,0,0,48,500,1.776444176,33.150335874,4.73112912798,1.28974711601,0.442836521794,0.406232646317,0.446179105044,8.55328579009,-0.00525189695309,0.826795937552,0.844512993364,RHO_LT_ONE_TERMINATING_COHORT,NOT_ESTIMATED_TERMINATING_COHORT
1.0,TASK3_PEAK_DURATION_SENSITIVITY_EXPLORATORY_V1,PEAK_DURATION_S36_I21_T1800,LOCAL_WINDOW_HPP_BASE_STATIONARY_EXTENSION,24,36,21,1800,OP_PEAK_DURATION_BASE_S36_I21_T1800,d136f1a5610e1a2864b4ca49113f7db6f78ef7456560aa57c878d4d5bb95bdb6,TASK3_OPERATIONAL_POOLED_V1,202607290000,202609290241,202609290242,202609290243,202609290244,5000,5000,5000,2504,2504,0,1.23303990497,7.248884349,0.870483866323,0.844811645928,1.71529551225,16,11,18,0,0,0,36,489,2.806801612,34.355353313,2.00938457689,1.85154144019,8.22184647713,1.32278043926,0.949009438278,4.85804593297,-0.00147195071009,0.826795937552,0.844512993364,RHO_LT_ONE_TERMINATING_COHORT,NOT_ESTIMATED_TERMINATING_COHORT
1.0,TASK3_PEAK_DURATION_SENSITIVITY_EXPLORATORY_V1,PEAK_DURATION_S36_I21_T1800,LOCAL_WINDOW_HPP_BASE_STATIONARY_EXTENSION,25,36,21,1800,OP_PEAK_DURATION_BASE_S36_I21_T1800,d136f1a5610e1a2864b4ca49113f7db6f78ef7456560aa57c878d4d5bb95bdb6,TASK3_OPERATIONAL_POOLED_V1,202607290000,202609290251,202609290252,202609290253,202609290254,5000,5000,5000,2509,2509,0,0.725744714871,3.849748962,0.412547533557,0.58710909754,0.999656631097,11,8,11,0,0,0,53,523,4.303972416,32.899960948,0.852836583456,0.567187107422,2.14518814722,1.18345844021,1.58480540069,-0.293461589639,0.00115567164847,0.826795937552,0.844512993364,RHO_LT_ONE_TERMINATING_COHORT,NOT_ESTIMATED_TERMINATING_COHORT
1.0,TASK3_PEAK_DURATION_SENSITIVITY_EXPLORATORY_V1,PEAK_DURATION_S36_I21_T1800,LOCAL_WINDOW_HPP_BASE_STATIONARY_EXTENSION,26,36,21,1800,OP_PEAK_DURATION_BASE_S36_I21_T1800,d136f1a5610e1a2864b4ca49113f7db6f78ef7456560aa57c878d4d5bb95bdb6,TASK3_OPERATIONAL_POOLED_V1,202607290000,202609290261,202609290262,202609290263,202609290264,5000,5000,5000,2482,2482,0,0.715036757073,4.124621568,0.464518533202,0.464585250483,0.929103783684,13,7,14,10,2,12,69,532,6.662323487,42.415551256,0.827881719961,0.330308605944,0.350886523706,0.900989216517,2.22408391249,-1.595483751,0.00186838055313,0.826795937552,0.844512993364,RHO_LT_ONE_TERMINATING_COHORT,NOT_ESTIMATED_TERMINATING_COHORT
1.0,TASK3_PEAK_DURATION_SENSITIVITY_EXPLORATORY_V1,PEAK_DURATION_S36_I21_T1800,LOCAL_WINDOW_HPP_BASE_STATIONARY_EXTENSION,27,36,21,1800,OP_PEAK_DURATION_BASE_S36_I21_T1800,d136f1a5610e1a2864b4ca49113f7db6f78ef7456560aa57c878d4d5bb95bdb6,TASK3_OPERATIONAL_POOLED_V1,202607290000,202609290271,202609290272,202609290273,202609290274,5000,5000,5000,2482,2482,0,0.654399662943,3.400542075,0.382217986668,0.519010912537,0.901228899206,12,8,12,0,0,0,47,515,4.727041403,35.303240157,0.463656127539,0.0666456376667,0.6136100419,0.998534632333,2.32744937559,-2.60062745508,0.00258859749488,0.826795937552,0.844512993364,RHO_LT_ONE_TERMINATING_COHORT,NOT_ESTIMATED_TERMINATING_COHORT
1.0,TASK3_PEAK_DURATION_SENSITIVITY_EXPLORATORY_V1,PEAK_DURATION_S36_I21_T1800,LOCAL_WINDOW_HPP_BASE_STATIONARY_EXTENSION,28,36,21,1800,OP_PEAK_DURATION_BASE_S36_I21_T1800,d136f1a5610e1a2864b4ca49113f7db6f78ef7456560aa57c878d4d5bb95bdb6,TASK3_OPERATIONAL_POOLED_V1,202607290000,202609290281,202609290282,202609290283,202609290284,5000,5000,5000,2401,2401,0,0.693325851383,4.042761013,0.435588172053,0.488722839969,0.924311012022,14,9,17,0,0,0,49,475,2.684653137,33.941503399,1.32949104415,0.335630147578,0.149820455622,0.0301936419444,0.883024620267,1.44440899696,-0.000665760751889,0.826795937552,0.844512993364,RHO_LT_ONE_TERMINATING_COHORT,NOT_ESTIMATED_TERMINATING_COHORT
1.0,TASK3_PEAK_DURATION_SENSITIVITY_EXPLORATORY_V1,PEAK_DURATION_S36_I21_T1800,LOCAL_WINDOW_HPP_BASE_STATIONARY_EXTENSION,29,36,21,1800,OP_PEAK_DURATION_BASE_S36_I21_T1800,d136f1a5610e1a2864b4ca49113f7db6f78ef7456560aa57c878d4d5bb95bdb6,TASK3_OPERATIONAL_POOLED_V1,202607290000,202609290291,202609290292,202609290293,202609290294,5000,5000,5000,2516,2516,0,0.906077038446,4.169261819,0.563034471269,0.676808248726,1.23984271999,18,8,19,4,1,5,62,501,3.095587825,40.039736094,0.994071045811,0.780051511722,0.729861369222,0.579593061444,0.772102006667,1.2544331954,-0.000357998071426,0.826795937552,0.844512993364,RHO_LT_ONE_TERMINATING_COHORT,NOT_ESTIMATED_TERMINATING_COHORT
1.0,TASK3_PEAK_DURATION_SENSITIVITY_EXPLORATORY_V1,PEAK_DURATION_S36_I21_T1800,LOCAL_WINDOW_HPP_BASE_STATIONARY_EXTENSION,30,36,21,1800,OP_PEAK_DURATION_BASE_S36_I21_T1800,d136f1a5610e1a2864b4ca49113f7db6f78ef7456560aa57c878d4d5bb95bdb6,TASK3_OPERATIONAL_POOLED_V1,202607290000,202609290301,202609290302,202609290303,202609290304,5000,5000,5000,2390,2390,0,0.613513420008,3.608571265,0.350537905106,0.463826187551,0.814364092657,9,7,11,0,0,0,40,498,4.889475979,34.344456043,0.500643410856,0.0464810957778,0.281926630111,1.43281092319,1.73301907197,-2.08933463585,0.00213948952758,0.826795937552,0.844512993364,RHO_LT_ONE_TERMINATING_COHORT,NOT_ESTIMATED_TERMINATING_COHORT
1.0,TASK3_PEAK_DURATION_SENSITIVITY_EXPLORATORY_V1,PEAK_DURATION_S36_I21_T1800,LOCAL_WINDOW_HPP_BASE_STATIONARY_EXTENSION,31,36,21,1800,OP_PEAK_DURATION_BASE_S36_I21_T1800,d136f1a5610e1a2864b4ca49113f7db6f78ef7456560aa57c878d4d5bb95bdb6,TASK3_OPERATIONAL_POOLED_V1,202607290000,202609290311,202609290312,202609290313,202609290314,5000,5000,5000,2397,2397,0,0.601856703303,3.654613396,0.381280213736,0.420192296163,0.801472509899,14,8,14,0,0,0,39,458,3.989958211,33.885993549,0.776510941317,1.09813996231,0.454948803689,1.26497677019,0.146493134994,1.56811302607,-0.000607332669309,0.826795937552,0.844512993364,RHO_LT_ONE_TERMINATING_COHORT,NOT_ESTIMATED_TERMINATING_COHORT
1.0,TASK3_PEAK_DURATION_SENSITIVITY_EXPLORATORY_V1,PEAK_DURATION_S36_I21_T1800,LOCAL_WINDOW_HPP_BASE_STATIONARY_EXTENSION,32,36,21,1800,OP_PEAK_DURATION_BASE_S36_I21_T1800,d136f1a5610e1a2864b4ca49113f7db6f78ef7456560aa57c878d4d5bb95bdb6,TASK3_OPERATIONAL_POOLED_V1,202607290000,202609290321,202609290322,202609290323,202609290324,5000,5000,5000,2384,2384,0,0.354841061695,2.421420567,0.159656816679,0.310310456144,0.469967272823,8,9,9,0,0,0,44,461,2.830772493,34.7407892,0.462643313222,0.571719459133,0.306709756822,0.742498933172,0.133868268017,0.808565908353,-0.000270428120207,0.826795937552,0.844512993364,RHO_LT_ONE_TERMINATING_COHORT,NOT_ESTIMATED_TERMINATING_COHORT
1.0,TASK3_PEAK_DURATION_SENSITIVITY_EXPLORATORY_V1,PEAK_DURATION_S36_I21_T1800,LOCAL_WINDOW_HPP_BASE_STATIONARY_EXTENSION,33,36,21,1800,OP_PEAK_DURATION_BASE_S36_I21_T1800,d136f1a5610e1a2864b4ca49113f7db6f78ef7456560aa57c878d4d5bb95bdb6,TASK3_OPERATIONAL_POOLED_V1,202607290000,202609290331,202609290332,202609290333,202609290334,5000,5000,5000,2503,2503,0,0.829379997604,3.899723953,0.480413557124,0.665114484722,1.14552804185,10,8,10,0,0,0,51,490,4.691597887,34.326643852,1.65672666268,0.248455693917,3.11185526599,1.87470730474,0.548763672228,1.93035749747,-0.000327596872269,0.826795937552,0.844512993364,RHO_LT_ONE_TERMINATING_COHORT,NOT_ESTIMATED_TERMINATING_COHORT
1.0,TASK3_PEAK_DURATION_SENSITIVITY_EXPLORATORY_V1,PEAK_DURATION_S36_I21_T1800,LOCAL_WINDOW_HPP_BASE_STATIONARY_EXTENSION,34,36,21,1800,OP_PEAK_DURATION_BASE_S36_I21_T1800,d136f1a5610e1a2864b4ca49113f7db6f78ef7456560aa57c878d4d5bb95bdb6,TASK3_OPERATIONAL_POOLED_V1,202607290000,202609290341,202609290342,202609290343,202609290344,5000,5000,5000,2526,2526,0,0.752909473906,3.62027955,0.471585868279,0.584997093435,1.05658296171,10,7,13,0,0,0,46,477,2.413284974,34.6833453,2.79338741173,0.894668634339,1.60635057068,0.919524203089,0.279168423844,5.05130665401,-0.0027797680039,0.826795937552,0.844512993364,RHO_LT_ONE_TERMINATING_COHORT,NOT_ESTIMATED_TERMINATING_COHORT
1.0,TASK3_PEAK_DURATION_SENSITIVITY_EXPLORATORY_V1,PEAK_DURATION_S36_I21_T1800,LOCAL_WINDOW_HPP_BASE_STATIONARY_EXTENSION,35,36,21,1800,OP_PEAK_DURATION_BASE_S36_I21_T1800,d136f1a5610e1a2864b4ca49113f7db6f78ef7456560aa57c878d4d5bb95bdb6,TASK3_OPERATIONAL_POOLED_V1,202607290000,202609290351,202609290352,202609290353,202609290354,5000,5000,5000,2522,2522,0,0.983798011793,5.274638908,0.669161861742,0.709145152704,1.37830701445,17,9,18,0,0,0,43,485,4.058404403,33.97281158,0.146384010189,0.156571424472,1.47463367356,0.508522622594,1.59631207783,-1.66237073833,0.00180655962967,0.826795937552,0.844512993364,RHO_LT_ONE_TERMINATING_COHORT,NOT_ESTIMATED_TERMINATING_COHORT
1.0,TASK3_PEAK_DURATION_SENSITIVITY_EXPLORATORY_V1,PEAK_DURATION_S36_I21_T1800,LOCAL_WINDOW_HPP_BASE_STATIONARY_EXTENSION,36,36,21,1800,OP_PEAK_DURATION_BASE_S36_I21_T1800,d136f1a5610e1a2864b4ca49113f7db6f78ef7456560aa57c878d4d5bb95bdb6,TASK3_OPERATIONAL_POOLED_V1,202607290000,202609290361,202609290362,202609290363,202609290364,5000,5000,5000,2426,2426,0,0.585143335055,3.319154617,0.311969773441,0.476673410361,0.788643183802,10,10,10,0,0,0,35,454,1.40458577,33.290529526,0.742903969467,0.297024775722,1.23352748632,0.524902002706,0.0782726105333,1.40136528711,-0.000611880828269,0.826795937552,0.844512993364,RHO_LT_ONE_TERMINATING_COHORT,NOT_ESTIMATED_TERMINATING_COHORT
1.0,TASK3_PEAK_DURATION_SENSITIVITY_EXPLORATORY_V1,PEAK_DURATION_S36_I21_T1800,LOCAL_WINDOW_HPP_BASE_STATIONARY_EXTENSION,37,36,21,1800,OP_PEAK_DURATION_BASE_S36_I21_T1800,d136f1a5610e1a2864b4ca49113f7db6f78ef7456560aa57c878d4d5bb95bdb6,TASK3_OPERATIONAL_POOLED_V1,202607290000,202609290371,202609290372,202609290373,202609290374,5000,5000,5000,2418,2418,0,0.56471477151,3.445532113,0.278255053433,0.480345122962,0.758600176394,13,8,13,0,0,0,47,458,2.222831216,34.794797136,0.626276439389,0.939858702833,0.159670585339,0.392825150989,0.638717964639,0.943082644646,-0.000290083611858,0.826795937552,0.844512993364,RHO_LT_ONE_TERMINATING_COHORT,NOT_ESTIMATED_TERMINATING_COHORT
1.0,TASK3_PEAK_DURATION_SENSITIVITY_EXPLORATORY_V1,PEAK_DURATION_S36_I21_T1800,LOCAL_WINDOW_HPP_BASE_STATIONARY_EXTENSION,38,36,21,1800,OP_PEAK_DURATION_BASE_S36_I21_T1800,d136f1a5610e1a2864b4ca49113f7db6f78ef7456560aa57c878d4d5bb95bdb6,TASK3_OPERATIONAL_POOLED_V1,202607290000,202609290381,202609290382,202609290383,202609290384,5000,5000,5000,2352,2352,0,0.268251235233,2.09304431,0.0933456522778,0.257169295093,0.350514947371,7,7,7,0,0,0,48,489,2.326963611,34.234420895,0.592984165861,0.176968793722,0.440441883706,0.391456891694,0.442550572317,0.473664778297,-4.79883828426e-05,0.826795937552,0.844512993364,RHO_LT_ONE_TERMINATING_COHORT,NOT_ESTIMATED_TERMINATING_COHORT
1.0,TASK3_PEAK_DURATION_SENSITIVITY_EXPLORATORY_V1,PEAK_DURATION_S36_I21_T1800,LOCAL_WINDOW_HPP_BASE_STATIONARY_EXTENSION,39,36,21,1800,OP_PEAK_DURATION_BASE_S36_I21_T1800,d136f1a5610e1a2864b4ca49113f7db6f78ef7456560aa57c878d4d5bb95bdb6,TASK3_OPERATIONAL_POOLED_V1,202607290000,202609290391,202609290392,202609290393,202609290394,5000,5000,5000,2428,2428,0,1.27538160095,6.29046979,0.938964925493,0.780491337047,1.71945626254,15,9,17,0,0,0,40,491,4.253235056,35.40000915,5.2108841286,0.267352422317,0.598408006767,1.80248744834,1.05789775455,6.86553424367,-0.00376157651226,0.826795937552,0.844512993364,RHO_LT_ONE_TERMINATING_COHORT,NOT_ESTIMATED_TERMINATING_COHORT
1.0,TASK3_PEAK_DURATION_SENSITIVITY_EXPLORATORY_V1,PEAK_DURATION_S36_I21_T1800,LOCAL_WINDOW_HPP_BASE_STATIONARY_EXTENSION,40,36,21,1800,OP_PEAK_DURATION_BASE_S36_I21_T1800,d136f1a5610e1a2864b4ca49113f7db6f78ef7456560aa57c878d4d5bb95bdb6,TASK3_OPERATIONAL_POOLED_V1,202607290000,202609290401,202609290402,202609290403,202609290404,5000,5000,5000,2456,2456,0,0.952788056579,4.995436012,0.631374610239,0.668651760293,1.30002637053,13,9,13,0,0,0,50,513,5.68106745,33.908646595,0.486225313289,0.162972660811,0.914772993422,3.67977680058,0.221489865583,-1.14745240653,0.0016596295802,0.826795937552,0.844512993364,RHO_LT_ONE_TERMINATING_COHORT,NOT_ESTIMATED_TERMINATING_COHORT
1.0,TASK3_PEAK_DURATION_SENSITIVITY_EXPLORATORY_V1,PEAK_DURATION_S36_I21_T1800,LOCAL_WINDOW_HPP_BASE_STATIONARY_EXTENSION,41,36,21,1800,OP_PEAK_DURATION_BASE_S36_I21_T1800,d136f1a5610e1a2864b4ca49113f7db6f78ef7456560aa57c878d4d5bb95bdb6,TASK3_OPERATIONAL_POOLED_V1,202607290000,202609290411,202609290412,202609290413,202609290414,5000,5000,5000,2462,2462,0,0.44886050203,2.845958435,0.233910944863,0.37371058579,0.607621530653,9,8,9,1,0,1,54,480,1.71117002,34.923047983,0.496026881378,0.171069133883,0.382739973378,0.0673860014889,0.548532751472,0.332154492474,7.38115441357e-07,0.826795937552,0.844512993364,RHO_LT_ONE_TERMINATING_COHORT,NOT_ESTIMATED_TERMINATING_COHORT
1.0,TASK3_PEAK_DURATION_SENSITIVITY_EXPLORATORY_V1,PEAK_DURATION_S36_I21_T1800,LOCAL_WINDOW_HPP_BASE_STATIONARY_EXTENSION,42,36,21,1800,OP_PEAK_DURATION_BASE_S36_I21_T1800,d136f1a5610e1a2864b4ca49113f7db6f78ef7456560aa57c878d4d5bb95bdb6,TASK3_OPERATIONAL_POOLED_V1,202607290000,202609290421,202609290422,202609290423,202609290424,5000,5000,5000,2422,2422,0,0.720352486753,3.938304007,0.410091443399,0.559116959331,0.96920840273,13,10,16,0,0,0,45,508,3.301600759,34.067185356,0.0906461535722,0.343636071889,0.914307572106,1.20576979836,1.034794777,-1.34499235541,0.0015280172074,0.826795937552,0.844512993364,RHO_LT_ONE_TERMINATING_COHORT,NOT_ESTIMATED_TERMINATING_COHORT
1.0,TASK3_PEAK_DURATION_SENSITIVITY_EXPLORATORY_V1,PEAK_DURATION_S36_I21_T1800,LOCAL_WINDOW_HPP_BASE_STATIONARY_EXTENSION,43,36,21,1800,OP_PEAK_DURATION_BASE_S36_I21_T1800,d136f1a5610e1a2864b4ca49113f7db6f78ef7456560aa57c878d4d5bb95bdb6,TASK3_OPERATIONAL_POOLED_V1,202607290000,202609290431,202609290432,202609290433,202609290434,5000,5000,5000,2517,2517,0,0.839936168438,3.781650804,0.495668282703,0.665286931969,1.16095521467,10,11,11,3,0,3,58,516,4.481758436,38.149009991,0.300102460561,0.795664845089,1.20146134758,0.813508112661,2.03476268228,-1.58627289362,0.00193731317278,0.826795937552,0.844512993364,RHO_LT_ONE_TERMINATING_COHORT,NOT_ESTIMATED_TERMINATING_COHORT
1.0,TASK3_PEAK_DURATION_SENSITIVITY_EXPLORATORY_V1,PEAK_DURATION_S36_I21_T1800,LOCAL_WINDOW_HPP_BASE_STATIONARY_EXTENSION,44,36,21,1800,OP_PEAK_DURATION_BASE_S36_I21_T1800,d136f1a5610e1a2864b4ca49113f7db6f78ef7456560aa57c878d4d5bb95bdb6,TASK3_OPERATIONAL_POOLED_V1,202607290000,202609290441,202609290442,202609290443,202609290444,5000,5000,5000,2475,2475,0,0.925299413514,4.808515505,0.574949397948,0.697337295633,1.27228669358,12,11,12,0,0,0,40,494,4.345347239,34.622864527,3.02066738683,0.785311026167,1.17130424295,1.35862126488,1.2784251584,3.70624647945,-0.00161731901008,0.826795937552,0.844512993364,RHO_LT_ONE_TERMINATING_COHORT,NOT_ESTIMATED_TERMINATING_COHORT
1.0,TASK3_PEAK_DURATION_SENSITIVITY_EXPLORATORY_V1,PEAK_DURATION_S36_I21_T1800,LOCAL_WINDOW_HPP_BASE_STATIONARY_EXTENSION,45,36,21,1800,OP_PEAK_DURATION_BASE_S36_I21_T1800,d136f1a5610e1a2864b4ca49113f7db6f78ef7456560aa57c878d4d5bb95bdb6,TASK3_OPERATIONAL_POOLED_V1,202607290000,202609290451,202609290452,202609290453,202609290454,5000,5000,5000,2510,2510,0,0.985806272255,5.243540229,0.588116385185,0.784580887938,1.37269727312,14,9,14,0,0,0,51,482,2.652628383,34.790985304,2.14225889241,1.69138621673,1.33780106241,0.391750320844,0.6372048528,4.47238825036,-0.00239430220839,0.826795937552,0.844512993364,RHO_LT_ONE_TERMINATING_COHORT,NOT_ESTIMATED_TERMINATING_COHORT
1.0,TASK3_PEAK_DURATION_SENSITIVITY_EXPLORATORY_V1,PEAK_DURATION_S36_I21_T1800,LOCAL_WINDOW_HPP_BASE_STATIONARY_EXTENSION,46,36,21,1800,OP_PEAK_DURATION_BASE_S36_I21_T1800,d136f1a5610e1a2864b4ca49113f7db6f78ef7456560aa57c878d4d5bb95bdb6,TASK3_OPERATIONAL_POOLED_V1,202607290000,202609290461,202609290462,202609290463,202609290464,5000,5000,5000,2437,2437,0,0.706657516766,3.837600913,0.367874880796,0.582727258051,0.950602138847,15,10,15,0,0,0,53,480,2.501700252,35.360435905,0.752550356911,0.286424216589,0.200014086739,0.124677393278,1.00627934727,0.214705712099,0.000192061754117,0.826795937552,0.844512993364,RHO_LT_ONE_TERMINATING_COHORT,NOT_ESTIMATED_TERMINATING_COHORT
1.0,TASK3_PEAK_DURATION_SENSITIVITY_EXPLORATORY_V1,PEAK_DURATION_S36_I21_T1800,LOCAL_WINDOW_HPP_BASE_STATIONARY_EXTENSION,47,36,21,1800,OP_PEAK_DURATION_BASE_S36_I21_T1800,d136f1a5610e1a2864b4ca49113f7db6f78ef7456560aa57c878d4d5bb95bdb6,TASK3_OPERATIONAL_POOLED_V1,202607290000,202609290471,202609290472,202609290473,202609290474,5000,5000,5000,2422,2422,0,0.818779795323,4.385740582,0.521495875413,0.580115566238,1.10161144165,14,8,14,0,0,0,48,465,2.430597922,34.578379058,2.86752701822,1.4785192548,0.453409150228,0.407595954283,0.447703458306,5.56387878243,-0.00328365023353,0.826795937552,0.844512993364,RHO_LT_ONE_TERMINATING_COHORT,NOT_ESTIMATED_TERMINATING_COHORT
1.0,TASK3_PEAK_DURATION_SENSITIVITY_EXPLORATORY_V1,PEAK_DURATION_S36_I21_T1800,LOCAL_WINDOW_HPP_BASE_STATIONARY_EXTENSION,48,36,21,1800,OP_PEAK_DURATION_BASE_S36_I21_T1800,d136f1a5610e1a2864b4ca49113f7db6f78ef7456560aa57c878d4d5bb95bdb6,TASK3_OPERATIONAL_POOLED_V1,202607290000,202609290481,202609290482,202609290483,202609290484,5000,5000,5000,2423,2423,0,0.671961727778,4.329476458,0.42728448994,0.469450590988,0.896735080928,14,9,14,0,2,2,55,511,4.990936448,33.619403588,0.158013073928,0.0181255627222,0.182714351917,0.522871386933,1.97014832334,-2.52638770251,0.00229389795724,0.826795937552,0.844512993364,RHO_LT_ONE_TERMINATING_COHORT,NOT_ESTIMATED_TERMINATING_COHORT
1.0,TASK3_PEAK_DURATION_SENSITIVITY_EXPLORATORY_V1,PEAK_DURATION_S36_I21_T1800,LOCAL_WINDOW_HPP_BASE_STATIONARY_EXTENSION,49,36,21,1800,OP_PEAK_DURATION_BASE_S36_I21_T1800,d136f1a5610e1a2864b4ca49113f7db6f78ef7456560aa57c878d4d5bb95bdb6,TASK3_OPERATIONAL_POOLED_V1,202607290000,202609290491,202609290492,202609290493,202609290494,5000,5000,5000,2524,2524,0,1.23788517544,5.232955169,0.810619677767,0.905760089389,1.71637976716,16,12,16,3,0,3,55,494,4.670105512,36.959516833,1.90791445013,1.61977387253,0.689439286506,0.221689804072,2.19618494619,1.94315777914,-0.000456412820191,0.826795937552,0.844512993364,RHO_LT_ONE_TERMINATING_COHORT,NOT_ESTIMATED_TERMINATING_COHORT
1.0,TASK3_PEAK_DURATION_SENSITIVITY_EXPLORATORY_V1,PEAK_DURATION_S36_I21_T1800,LOCAL_WINDOW_HPP_BASE_STATIONARY_EXTENSION,50,36,21,1800,OP_PEAK_DURATION_BASE_S36_I21_T1800,d136f1a5610e1a2864b4ca49113f7db6f78ef7456560aa57c878d4d5bb95bdb6,TASK3_OPERATIONAL_POOLED_V1,202607290000,202609290501,202609290502,202609290503,202609290504,5000,5000,5000,2462,2462,0,0.67698097213,3.918972194,0.424554464219,0.501405065439,0.925959529658,14,8,14,0,0,0,42,452,2.014977448,34.702131448,0.699244364678,3.50516556032,0.242650431533,0.581227522444,0.0772280144444,4.14708123244,-0.00231553929908,0.826795937552,0.844512993364,RHO_LT_ONE_TERMINATING_COHORT,NOT_ESTIMATED_TERMINATING_COHORT
1.0,TASK3_PEAK_DURATION_SENSITIVITY_EXPLORATORY_V1,PEAK_DURATION_S36_I21_T3600,LOCAL_WINDOW_HPP_BASE_STATIONARY_EXTENSION,1,36,21,3600,OP_PEAK_DURATION_BASE_S36_I21_T3600,9bb0a3cb33f2be9f66c99c6d0b4c005ce9a358eac9db956ec1c72888614528dc,TASK3_OPERATIONAL_POOLED_V1,202607290000,202609290011,202609290012,202609290013,202609290014,5712,5712,5712,4900,4900,0,0.700337281084,3.845638606,0.415593808063,0.537572377084,0.953166185148,14,9,17,0,0,0,43,971,2.632583078,34.415108783,0.551215402142,3.2456736384,0.435065730458,0.820806801769,0.690387924419,2.75852124349,-0.000596256053354,0.826795937552,0.844512993364,RHO_LT_ONE_TERMINATING_COHORT,NOT_ESTIMATED_TERMINATING_COHORT
1.0,TASK3_PEAK_DURATION_SENSITIVITY_EXPLORATORY_V1,PEAK_DURATION_S36_I21_T3600,LOCAL_WINDOW_HPP_BASE_STATIONARY_EXTENSION,2,36,21,3600,OP_PEAK_DURATION_BASE_S36_I21_T3600,9bb0a3cb33f2be9f66c99c6d0b4c005ce9a358eac9db956ec1c72888614528dc,TASK3_OPERATIONAL_POOLED_V1,202607290000,202609290021,202609290022,202609290023,202609290024,5712,5712,5712,4815,4815,0,0.606707461745,3.401080936,0.352576729658,0.458894500426,0.811471230084,14,9,14,0,0,0,44,924,1.741934536,33.648606502,0.887501444822,0.5643352103,0.638349474806,0.329123347733,0.226993686878,1.69643116675,-0.000432285382904,0.826795937552,0.844512993364,RHO_LT_ONE_TERMINATING_COHORT,NOT_ESTIMATED_TERMINATING_COHORT
1.0,TASK3_PEAK_DURATION_SENSITIVITY_EXPLORATORY_V1,PEAK_DURATION_S36_I21_T3600,LOCAL_WINDOW_HPP_BASE_STATIONARY_EXTENSION,3,36,21,3600,OP_PEAK_DURATION_BASE_S36_I21_T3600,9bb0a3cb33f2be9f66c99c6d0b4c005ce9a358eac9db956ec1c72888614528dc,TASK3_OPERATIONAL_POOLED_V1,202607290000,202609290031,202609290032,202609290033,202609290034,5712,5712,5712,4949,4949,0,1.06764681897,5.384574754,0.753477067603,0.677932632016,1.43140969962,17,9,20,4,5,9,66,1055,9.100368751,40.092851578,1.62484349008,0.597375982589,0.636892759019,2.31965121663,4.82747414703,-4.09440489188,0.00225764904109,0.826795937552,0.844512993364,RHO_LT_ONE_TERMINATING_COHORT,NOT_ESTIMATED_TERMINATING_COHORT
1.0,TASK3_PEAK_DURATION_SENSITIVITY_EXPLORATORY_V1,PEAK_DURATION_S36_I21_T3600,LOCAL_WINDOW_HPP_BASE_STATIONARY_EXTENSION,4,36,21,3600,OP_PEAK_DURATION_BASE_S36_I21_T3600,9bb0a3cb33f2be9f66c99c6d0b4c005ce9a358eac9db956ec1c72888614528dc,TASK3_OPERATIONAL_POOLED_V1,202607290000,202609290041,202609290042,202609290043,202609290044,5712,5712,5712,4855,4855,0,0.480944056832,3.026772434,0.273692060688,0.368892991377,0.642585052065,10,10,12,2,0,2,57,977,4.228762133,37.442719922,0.170043168944,0.504518917836,0.827667856278,0.427042733944,1.51641143368,-1.27230843705,0.000726461207107,0.826795937552,0.844512993364,RHO_LT_ONE_TERMINATING_COHORT,NOT_ESTIMATED_TERMINATING_COHORT
1.0,TASK3_PEAK_DURATION_SENSITIVITY_EXPLORATORY_V1,PEAK_DURATION_S36_I21_T3600,LOCAL_WINDOW_HPP_BASE_STATIONARY_EXTENSION,5,36,21,3600,OP_PEAK_DURATION_BASE_S36_I21_T3600,9bb0a3cb33f2be9f66c99c6d0b4c005ce9a358eac9db956ec1c72888614528dc,TASK3_OPERATIONAL_POOLED_V1,202607290000,202609290051,202609290052,202609290053,202609290054,5712,5712,5712,4847,4847,0,0.708415141419,3.617040621,0.435099267699,0.518703007428,0.953802275128,15,8,17,0,0,0,45,967,2.776546541,34.63209129,0.931565408883,0.968297059839,2.25648465239,0.912844301908,0.331348031361,2.02202352561,-0.000348857642493,0.826795937552,0.844512993364,RHO_LT_ONE_TERMINATING_COHORT,NOT_ESTIMATED_TERMINATING_COHORT
1.0,TASK3_PEAK_DURATION_SENSITIVITY_EXPLORATORY_V1,PEAK_DURATION_S36_I21_T3600,LOCAL_WINDOW_HPP_BASE_STATIONARY_EXTENSION,6,36,21,3600,OP_PEAK_DURATION_BASE_S36_I21_T3600,9bb0a3cb33f2be9f66c99c6d0b4c005ce9a358eac9db956ec1c72888614528dc,TASK3_OPERATIONAL_POOLED_V1,202607290000,202609290061,202609290062,202609290063,202609290064,5712,5712,5712,4963,4963,0,0.983687478083,5.253217728,0.669876041791,0.677003749681,1.34687979147,16,11,18,0,0,0,51,1057,9.156343875,34.691413535,0.272608470328,0.605821552219,0.746660163103,2.67849031686,4.38363552388,-5.98359894853,0.00285964524215,0.826795937552,0.844512993364,RHO_LT_ONE_TERMINATING_COHORT,NOT_ESTIMATED_TERMINATING_COHORT
1.0,TASK3_PEAK_DURATION_SENSITIVITY_EXPLORATORY_V1,PEAK_DURATION_S36_I21_T3600,LOCAL_WINDOW_HPP_BASE_STATIONARY_EXTENSION,7,36,21,3600,OP_PEAK_DURATION_BASE_S36_I21_T3600,9bb0a3cb33f2be9f66c99c6d0b4c005ce9a358eac9db956ec1c72888614528dc,TASK3_OPERATIONAL_POOLED_V1,202607290000,202609290071,202609290072,202609290073,202609290074,5712,5712,5712,4943,4943,0,1.03266011904,4.810679658,0.63889529607,0.768963660316,1.40785895639,19,9,22,0,1,1,57,958,2.680679796,35.3068525,2.08247919843,0.337701934047,1.04554582576,0.542708664733,0.695021405847,2.86812304662,-0.000713863570689,0.826795937552,0.844512993364,RHO_LT_ONE_TERMINATING_COHORT,NOT_ESTIMATED_TERMINATING_COHORT
1.0,TASK3_PEAK_DURATION_SENSITIVITY_EXPLORATORY_V1,PEAK_DURATION_S36_I21_T3600,LOCAL_WINDOW_HPP_BASE_STATIONARY_EXTENSION,8,36,21,3600,OP_PEAK_DURATION_BASE_S36_I21_T3600,9bb0a3cb33f2be9f66c99c6d0b4c005ce9a358eac9db956ec1c72888614528dc,TASK3_OPERATIONAL_POOLED_V1,202607290000,202609290081,202609290082,202609290083,202609290084,5712,5712,5712,4993,4993,0,0.914900905488,4.839389051,0.642838236087,0.62267445945,1.26551269554,13,10,16,0,0,0,47,972,4.111110648,34.064925812,1.03061793957,0.951102831631,0.824187080261,0.462232042578,1.02951627136,1.22783682718,-0.000136409479296,0.826795937552,0.844512993364,RHO_LT_ONE_TERMINATING_COHORT,NOT_ESTIMATED_TERMINATING_COHORT
1.0,TASK3_PEAK_DURATION_SENSITIVITY_EXPLORATORY_V1,PEAK_DURATION_S36_I21_T3600,LOCAL_WINDOW_HPP_BASE_STATIONARY_EXTENSION,9,36,21,3600,OP_PEAK_DURATION_BASE_S36_I21_T3600,9bb0a3cb33f2be9f66c99c6d0b4c005ce9a358eac9db956ec1c72888614528dc,TASK3_OPERATIONAL_POOLED_V1,202607290000,202609290091,202609290092,202609290093,202609290094,5712,5712,5712,4887,4887,0,0.638470139272,3.588407047,0.335484857476,0.529357890681,0.864842748157,11,9,11,0,0,0,51,948,3.456626987,37.117113319,1.54168446785,0.948980940428,0.946677627292,1.44525330438,0.0409845197694,2.8635618211,-0.000695868758948,0.826795937552,0.844512993364,RHO_LT_ONE_TERMINATING_COHORT,NOT_ESTIMATED_TERMINATING_COHORT
1.0,TASK3_PEAK_DURATION_SENSITIVITY_EXPLORATORY_V1,PEAK_DURATION_S36_I21_T3600,LOCAL_WINDOW_HPP_BASE_STATIONARY_EXTENSION,10,36,21,3600,OP_PEAK_DURATION_BASE_S36_I21_T3600,9bb0a3cb33f2be9f66c99c6d0b4c005ce9a358eac9db956ec1c72888614528dc,TASK3_OPERATIONAL_POOLED_V1,202607290000,202609290101,202609290102,202609290103,202609290104,5712,5712,5712,4814,4814,0,0.476937283195,2.880272605,0.234463442358,0.403186466479,0.637649908838,14,8,14,0,0,0,42,979,2.099494878,33.450434733,0.225682496317,0.313096951325,0.687760054153,0.487119428233,0.421276120706,0.00307971588208,0.000157002701579,0.826795937552,0.844512993364,RHO_LT_ONE_TERMINATING_COHORT,NOT_ESTIMATED_TERMINATING_COHORT
1.0,TASK3_PEAK_DURATION_SENSITIVITY_EXPLORATORY_V1,PEAK_DURATION_S36_I21_T3600,LOCAL_WINDOW_HPP_BASE_STATIONARY_EXTENSION,11,36,21,3600,OP_PEAK_DURATION_BASE_S36_I21_T3600,9bb0a3cb33f2be9f66c99c6d0b4c005ce9a358eac9db956ec1c72888614528dc,TASK3_OPERATIONAL_POOLED_V1,202607290000,202609290111,202609290112,202609290113,202609290114,5712,5712,5712,4870,4870,0,0.785125414523,3.991162561,0.477305500968,0.584770419089,1.06207592006,15,9,15,0,0,0,45,961,2.72662337,34.080305532,0.879345227878,0.230217489331,0.813326786139,1.05843511343,0.126974677811,1.12905246594,-0.000187923187786,0.826795937552,0.844512993364,RHO_LT_ONE_TERMINATING_COHORT,NOT_ESTIMATED_TERMINATING_COHORT
1.0,TASK3_PEAK_DURATION_SENSITIVITY_EXPLORATORY_V1,PEAK_DURATION_S36_I21_T3600,LOCAL_WINDOW_HPP_BASE_STATIONARY_EXTENSION,12,36,21,3600,OP_PEAK_DURATION_BASE_S36_I21_T3600,9bb0a3cb33f2be9f66c99c6d0b4c005ce9a358eac9db956ec1c72888614528dc,TASK3_OPERATIONAL_POOLED_V1,202607290000,202609290121,202609290122,202609290123,202609290124,5712,5712,5712,4953,4953,0,0.76084072009,4.359312215,0.489106819844,0.530931484625,1.02003830447,14,8,14,4,6,10,67,990,6.560684378,40.203202926,0.496650840697,1.13893467689,0.767103250392,2.57165718684,1.42954186391,-1.19310085354,0.00091625126566,0.826795937552,0.844512993364,RHO_LT_ONE_TERMINATING_COHORT,NOT_ESTIMATED_TERMINATING_COHORT
1.0,TASK3_PEAK_DURATION_SENSITIVITY_EXPLORATORY_V1,PEAK_DURATION_S36_I21_T3600,LOCAL_WINDOW_HPP_BASE_STATIONARY_EXTENSION,13,36,21,3600,OP_PEAK_DURATION_BASE_S36_I21_T3600,9bb0a3cb33f2be9f66c99c6d0b4c005ce9a358eac9db956ec1c72888614528dc,TASK3_OPERATIONAL_POOLED_V1,202607290000,202609290131,202609290132,202609290133,202609290134,5712,5712,5712,4925,4925,0,1.36499520738,6.664484711,1.09349250244,0.773896774325,1.86738927677,32,13,35,0,0,0,41,950,3.719633314,33.344332849,1.18406328816,1.12943892437,0.6384095517,1.54685583365,0.051666939725,2.29561874821,-0.000513159940995,0.826795937552,0.844512993364,RHO_LT_ONE_TERMINATING_COHORT,NOT_ESTIMATED_TERMINATING_COHORT
1.0,TASK3_PEAK_DURATION_SENSITIVITY_EXPLORATORY_V1,PEAK_DURATION_S36_I21_T3600,LOCAL_WINDOW_HPP_BASE_STATIONARY_EXTENSION,14,36,21,3600,OP_PEAK_DURATION_BASE_S36_I21_T3600,9bb0a3cb33f2be9f66c99c6d0b4c005ce9a358eac9db956ec1c72888614528dc,TASK3_OPERATIONAL_POOLED_V1,202607290000,202609290141,202609290142,202609290143,202609290144,5712,5712,5712,4877,4877,0,1.07538309801,6.169424167,0.780852804372,0.675992575908,1.45684538028,19,10,21,0,0,0,42,971,3.575038881,33.023841331,3.51158491124,1.32571712347,4.22309455298,0.749109418992,1.36593701709,5.88601622433,-0.00135219541466,0.826795937552,0.844512993364,RHO_LT_ONE_TERMINATING_COHORT,NOT_ESTIMATED_TERMINATING_COHORT
1.0,TASK3_PEAK_DURATION_SENSITIVITY_EXPLORATORY_V1,PEAK_DURATION_S36_I21_T3600,LOCAL_WINDOW_HPP_BASE_STATIONARY_EXTENSION,15,36,21,3600,OP_PEAK_DURATION_BASE_S36_I21_T3600,9bb0a3cb33f2be9f66c99c6d0b4c005ce9a358eac9db956ec1c72888614528dc,TASK3_OPERATIONAL_POOLED_V1,202607290000,202609290151,202609290152,202609290153,202609290154,5712,5712,5712,4940,4940,0,0.880301048427,4.214774761,0.577319084465,0.624314692909,1.20163377737,16,8,18,0,0,0,54,985,3.140669711,36.784075274,0.958906965231,1.48044165577,2.21473338931,0.931002809789,0.484064970372,2.33817208487,-0.000416423009917,0.826795937552,0.844512993364,RHO_LT_ONE_TERMINATING_COHORT,NOT_ESTIMATED_TERMINATING_COHORT
1.0,TASK3_PEAK_DURATION_SENSITIVITY_EXPLORATORY_V1,PEAK_DURATION_S36_I21_T3600,LOCAL_WINDOW_HPP_BASE_STATIONARY_EXTENSION,16,36,21,3600,OP_PEAK_DURATION_BASE_S36_I21_T3600,9bb0a3cb33f2be9f66c99c6d0b4c005ce9a358eac9db956ec1c72888614528dc,TASK3_OPERATIONAL_POOLED_V1,202607290000,202609290161,202609290162,202609290163,202609290164,5712,5712,5712,4775,4775,0,0.554074185655,3.201213797,0.288789553346,0.445391261892,0.734180815237,11,9,11,0,0,0,39,931,3.206666838,33.937503488,0.645663750528,1.26259597457,0.635881635519,0.944373429439,0.337625540522,1.46595228997,-0.000259527490318,0.826795937552,0.844512993364,RHO_LT_ONE_TERMINATING_COHORT,NOT_ESTIMATED_TERMINATING_COHORT
1.0,TASK3_PEAK_DURATION_SENSITIVITY_EXPLORATORY_V1,PEAK_DURATION_S36_I21_T3600,LOCAL_WINDOW_HPP_BASE_STATIONARY_EXTENSION,17,36,21,3600,OP_PEAK_DURATION_BASE_S36_I21_T3600,9bb0a3cb33f2be9f66c99c6d0b4c005ce9a358eac9db956ec1c72888614528dc,TASK3_OPERATIONAL_POOLED_V1,202607290000,202609290171,202609290172,202609290173,202609290174,5712,5712,5712,4822,4822,0,0.836082958184,4.6972281,0.521239216801,0.598647456633,1.11988667343,17,10,17,0,0,0,40,986,5.187664078,34.052818605,0.672767471856,0.5081973292,0.655579034731,0.457351388103,2.49354579356,-1.73554482324,0.000997419639529,0.826795937552,0.844512993364,RHO_LT_ONE_TERMINATING_COHORT,NOT_ESTIMATED_TERMINATING_COHORT
1.0,TASK3_PEAK_DURATION_SENSITIVITY_EXPLORATORY_V1,PEAK_DURATION_S36_I21_T3600,LOCAL_WINDOW_HPP_BASE_STATIONARY_EXTENSION,18,36,21,3600,OP_PEAK_DURATION_BASE_S36_I21_T3600,9bb0a3cb33f2be9f66c99c6d0b4c005ce9a358eac9db956ec1c72888614528dc,TASK3_OPERATIONAL_POOLED_V1,202607290000,202609290181,202609290182,202609290183,202609290184,5712,5712,5712,4837,4837,0,0.703365667652,4.29101816,0.469546443369,0.475503482862,0.945049926232,15,9,16,0,0,0,33,938,2.049522703,34.504157622,2.22693245458,0.5640273127,0.730436095989,0.656086364594,0.168330983186,3.88802056039,-0.00111809552525,0.826795937552,0.844512993364,RHO_LT_ONE_TERMINATING_COHORT,NOT_ESTIMATED_TERMINATING_COHORT
1.0,TASK3_PEAK_DURATION_SENSITIVITY_EXPLORATORY_V1,PEAK_DURATION_S36_I21_T3600,LOCAL_WINDOW_HPP_BASE_STATIONARY_EXTENSION,19,36,21,3600,OP_PEAK_DURATION_BASE_S36_I21_T3600,9bb0a3cb33f2be9f66c99c6d0b4c005ce9a358eac9db956ec1c72888614528dc,TASK3_OPERATIONAL_POOLED_V1,202607290000,202609290191,202609290192,202609290193,202609290194,5712,5712,5712,4898,4898,0,0.795311752255,4.50449694,0.526980769056,0.541511869271,1.06849263833,13,10,14,0,1,1,57,1002,4.752671565,36.094344277,0.443862920736,2.33443704044,1.12243949341,1.55136011956,1.36859199255,0.564352396275,0.000296217006319,0.826795937552,0.844512993364,RHO_LT_ONE_TERMINATING_COHORT,NOT_ESTIMATED_TERMINATING_COHORT
1.0,TASK3_PEAK_DURATION_SENSITIVITY_EXPLORATORY_V1,PEAK_DURATION_S36_I21_T3600,LOCAL_WINDOW_HPP_BASE_STATIONARY_EXTENSION,20,36,21,3600,OP_PEAK_DURATION_BASE_S36_I21_T3600,9bb0a3cb33f2be9f66c99c6d0b4c005ce9a358eac9db956ec1c72888614528dc,TASK3_OPERATIONAL_POOLED_V1,202607290000,202609290201,202609290202,202609290203,202609290204,5712,5712,5712,4921,4921,0,0.913876990797,4.902671004,0.602858027923,0.646092667193,1.24895069512,17,10,17,0,0,0,43,966,6.422539495,34.697133174,1.74505566088,0.666593504911,2.04922491487,2.70325732359,1.8346080489,0.137921444596,0.000615491276309,0.826795937552,0.844512993364,RHO_LT_ONE_TERMINATING_COHORT,NOT_ESTIMATED_TERMINATING_COHORT
1.0,TASK3_PEAK_DURATION_SENSITIVITY_EXPLORATORY_V1,PEAK_DURATION_S36_I21_T3600,LOCAL_WINDOW_HPP_BASE_STATIONARY_EXTENSION,21,36,21,3600,OP_PEAK_DURATION_BASE_S36_I21_T3600,9bb0a3cb33f2be9f66c99c6d0b4c005ce9a358eac9db956ec1c72888614528dc,TASK3_OPERATIONAL_POOLED_V1,202607290000,202609290211,202609290212,202609290213,202609290214,5712,5712,5712,5000,5000,0,0.739514079123,3.746539106,0.446130839181,0.580756493732,1.02688733291,12,8,13,0,0,0,46,997,3.356850863,34.423891407,0.684904398547,0.393474464953,1.06875582153,1.15045317439,0.921509299272,-0.0788219514247,0.000341719030801,0.826795937552,0.844512993364,RHO_LT_ONE_TERMINATING_COHORT,NOT_ESTIMATED_TERMINATING_COHORT
1.0,TASK3_PEAK_DURATION_SENSITIVITY_EXPLORATORY_V1,PEAK_DURATION_S36_I21_T3600,LOCAL_WINDOW_HPP_BASE_STATIONARY_EXTENSION,22,36,21,3600,OP_PEAK_DURATION_BASE_S36_I21_T3600,9bb0a3cb33f2be9f66c99c6d0b4c005ce9a358eac9db956ec1c72888614528dc,TASK3_OPERATIONAL_POOLED_V1,202607290000,202609290221,202609290222,202609290223,202609290224,5712,5712,5712,4904,4904,0,0.759043503253,3.881546535,0.442185513056,0.559443174525,1.00162868758,14,8,15,8,2,10,67,988,5.738114622,41.590325114,1.50650130389,0.608633133847,1.89664953133,0.476905050714,1.57104879986,1.21392238232,-7.31414220672e-07,0.826795937552,0.844512993364,RHO_LT_ONE_TERMINATING_COHORT,NOT_ESTIMATED_TERMINATING_COHORT
1.0,TASK3_PEAK_DURATION_SENSITIVITY_EXPLORATORY_V1,PEAK_DURATION_S36_I21_T3600,LOCAL_WINDOW_HPP_BASE_STATIONARY_EXTENSION,23,36,21,3600,OP_PEAK_DURATION_BASE_S36_I21_T3600,9bb0a3cb33f2be9f66c99c6d0b4c005ce9a358eac9db956ec1c72888614528dc,TASK3_OPERATIONAL_POOLED_V1,202607290000,202609290231,202609290232,202609290233,202609290234,5712,5712,5712,5015,5015,0,1.32796047828,7.570186402,1.01923928701,0.830683434813,1.84992272183,24,12,24,0,0,0,47,983,9.989533255,34.802201605,0.225007415806,1.27200986205,2.63414532003,0.937497762139,3.12043722336,-2.45444111972,0.00151565208755,0.826795937552,0.844512993364,RHO_LT_ONE_TERMINATING_COHORT,NOT_ESTIMATED_TERMINATING_COHORT
1.0,TASK3_PEAK_DURATION_SENSITIVITY_EXPLORATORY_V1,PEAK_DURATION_S36_I21_T3600,LOCAL_WINDOW_HPP_BASE_STATIONARY_EXTENSION,24,36,21,3600,OP_PEAK_DURATION_BASE_S36_I21_T3600,9bb0a3cb33f2be9f66c99c6d0b4c005ce9a358eac9db956ec1c72888614528dc,TASK3_OPERATIONAL_POOLED_V1,202607290000,202609290241,202609290242,202609290243,202609290244,5712,5712,5712,4959,4959,0,1.1437282222,6.217428869,0.769446045655,0.757900887952,1.52734693361,16,11,18,10,2,12,69,1018,7.126692635,43.128256496,0.207872234169,1.56736298286,0.707400662297,1.08372154207,3.13063435341,-2.68201374331,0.00148941188825,0.826795937552,0.844512993364,RHO_LT_ONE_TERMINATING_COHORT,NOT_ESTIMATED_TERMINATING_COHORT
1.0,TASK3_PEAK_DURATION_SENSITIVITY_EXPLORATORY_V1,PEAK_DURATION_S36_I21_T3600,LOCAL_WINDOW_HPP_BASE_STATIONARY_EXTENSION,25,36,21,3600,OP_PEAK_DURATION_BASE_S36_I21_T3600,9bb0a3cb33f2be9f66c99c6d0b4c005ce9a358eac9db956ec1c72888614528dc,TASK3_OPERATIONAL_POOLED_V1,202607290000,202609290251,202609290252,202609290253,202609290254,5712,5712,5712,4969,4969,0,0.687781749297,3.692945443,0.385771436211,0.563558428305,0.949329864516,15,8,15,0,0,0,47,1031,4.09827612,34.419628527,1.12224550511,0.315747266339,0.544212986806,1.14426881408,1.36854091734,-0.0918311812281,0.000366975658949,0.826795937552,0.844512993364,RHO_LT_ONE_TERMINATING_COHORT,NOT_ESTIMATED_TERMINATING_COHORT
1.0,TASK3_PEAK_DURATION_SENSITIVITY_EXPLORATORY_V1,PEAK_DURATION_S36_I21_T3600,LOCAL_WINDOW_HPP_BASE_STATIONARY_EXTENSION,26,36,21,3600,OP_PEAK_DURATION_BASE_S36_I21_T3600,9bb0a3cb33f2be9f66c99c6d0b4c005ce9a358eac9db956ec1c72888614528dc,TASK3_OPERATIONAL_POOLED_V1,202607290000,202609290261,202609290262,202609290263,202609290264,5712,5712,5712,4949,4949,0,0.913944598911,4.759133481,0.63637704282,0.596535385163,1.23291242798,13,8,14,0,7,7,64,1025,5.330723889,39.522835382,2.30446466691,0.496596867492,1.21455380335,1.76520644272,1.90278358094,1.18778551981,0.000129235389805,0.826795937552,0.844512993364,RHO_LT_ONE_TERMINATING_COHORT,NOT_ESTIMATED_TERMINATING_COHORT
1.0,TASK3_PEAK_DURATION_SENSITIVITY_EXPLORATORY_V1,PEAK_DURATION_S36_I21_T3600,LOCAL_WINDOW_HPP_BASE_STATIONARY_EXTENSION,27,36,21,3600,OP_PEAK_DURATION_BASE_S36_I21_T3600,9bb0a3cb33f2be9f66c99c6d0b4c005ce9a358eac9db956ec1c72888614528dc,TASK3_OPERATIONAL_POOLED_V1,202607290000,202609290271,202609290272,202609290273,202609290274,5712,5712,5712,4935,4935,0,0.679783466805,3.494316013,0.405269990979,0.52192577099,0.927195761969,13,8,13,0,0,0,52,978,4.96413132,35.382817,0.240491336014,0.864536471958,1.55839207999,1.28352305684,0.818870178861,-0.228645578203,0.000437706741828,0.826795937552,0.844512993364,RHO_LT_ONE_TERMINATING_COHORT,NOT_ESTIMATED_TERMINATING_COHORT
1.0,TASK3_PEAK_DURATION_SENSITIVITY_EXPLORATORY_V1,PEAK_DURATION_S36_I21_T3600,LOCAL_WINDOW_HPP_BASE_STATIONARY_EXTENSION,28,36,21,3600,OP_PEAK_DURATION_BASE_S36_I21_T3600,9bb0a3cb33f2be9f66c99c6d0b4c005ce9a358eac9db956ec1c72888614528dc,TASK3_OPERATIONAL_POOLED_V1,202607290000,202609290281,202609290282,202609290283,202609290284,5712,5712,5712,4911,4911,0,0.772287400346,4.248132227,0.488210421207,0.565038296317,1.05324871752,16,9,17,0,0,0,44,968,2.335937185,33.754975379,1.81433365449,0.497457212519,2.67495077796,0.719682517242,0.204507952917,3.43025599685,-0.000832618360674,0.826795937552,0.844512993364,RHO_LT_ONE_TERMINATING_COHORT,NOT_ESTIMATED_TERMINATING_COHORT
1.0,TASK3_PEAK_DURATION_SENSITIVITY_EXPLORATORY_V1,PEAK_DURATION_S36_I21_T3600,LOCAL_WINDOW_HPP_BASE_STATIONARY_EXTENSION,29,36,21,3600,OP_PEAK_DURATION_BASE_S36_I21_T3600,9bb0a3cb33f2be9f66c99c6d0b4c005ce9a358eac9db956ec1c72888614528dc,TASK3_OPERATIONAL_POOLED_V1,202607290000,202609290291,202609290292,202609290293,202609290294,5712,5712,5712,5017,5017,0,1.02244011441,4.911980348,0.683355693433,0.72609286839,1.40944856182,18,8,19,7,0,7,57,1011,5.521103365,39.866471699,1.34544831087,1.95391752819,1.16537311516,2.63064977332,0.799883290731,1.88985275001,-0.00011511049865,0.826795937552,0.844512993364,RHO_LT_ONE_TERMINATING_COHORT,NOT_ESTIMATED_TERMINATING_COHORT
1.0,TASK3_PEAK_DURATION_SENSITIVITY_EXPLORATORY_V1,PEAK_DURATION_S36_I21_T3600,LOCAL_WINDOW_HPP_BASE_STATIONARY_EXTENSION,30,36,21,3600,OP_PEAK_DURATION_BASE_S36_I21_T3600,9bb0a3cb33f2be9f66c99c6d0b4c005ce9a358eac9db956ec1c72888614528dc,TASK3_OPERATIONAL_POOLED_V1,202607290000,202609290301,202609290302,202609290303,202609290304,5712,5712,5712,4841,4841,0,0.88391593762,4.916234082,0.528002129854,0.643639666456,1.17164179631,14,9,17,8,1,9,66,940,4.570088315,39.34893788,3.64805291984,1.27960811956,0.925333137208,1.08141046278,0.710192860414,6.08435783168,-0.00168719938212,0.826795937552,0.844512993364,RHO_LT_ONE_TERMINATING_COHORT,NOT_ESTIMATED_TERMINATING_COHORT
1.0,TASK3_PEAK_DURATION_SENSITIVITY_EXPLORATORY_V1,PEAK_DURATION_S36_I21_T3600,LOCAL_WINDOW_HPP_BASE_STATIONARY_EXTENSION,31,36,21,3600,OP_PEAK_DURATION_BASE_S36_I21_T3600,9bb0a3cb33f2be9f66c99c6d0b4c005ce9a358eac9db956ec1c72888614528dc,TASK3_OPERATIONAL_POOLED_V1,202607290000,202609290311,202609290312,202609290313,202609290314,5712,5712,5712,4805,4805,0,0.645805766657,3.868526224,0.403683172342,0.458242255353,0.861925427694,14,8,15,0,0,0,44,967,4.491434411,34.661530102,0.229318497739,0.255532954519,1.70840677614,1.36882670113,1.04980679793,-1.14332441475,0.000765075096384,0.826795937552,0.844512993364,RHO_LT_ONE_TERMINATING_COHORT,NOT_ESTIMATED_TERMINATING_COHORT
1.0,TASK3_PEAK_DURATION_SENSITIVITY_EXPLORATORY_V1,PEAK_DURATION_S36_I21_T3600,LOCAL_WINDOW_HPP_BASE_STATIONARY_EXTENSION,32,36,21,3600,OP_PEAK_DURATION_BASE_S36_I21_T3600,9bb0a3cb33f2be9f66c99c6d0b4c005ce9a358eac9db956ec1c72888614528dc,TASK3_OPERATIONAL_POOLED_V1,202607290000,202609290321,202609290322,202609290323,202609290324,5712,5712,5712,4892,4892,0,0.899604627568,5.376059782,0.630397069203,0.570206856631,1.20060392583,16,9,17,8,0,8,65,1005,6.620231074,41.319445269,1.31867045201,3.70392752892,0.526039907942,0.756164815328,3.35140019002,1.09296800703,0.000310471322894,0.826795937552,0.844512993364,RHO_LT_ONE_TERMINATING_COHORT,NOT_ESTIMATED_TERMINATING_COHORT
1.0,TASK3_PEAK_DURATION_SENSITIVITY_EXPLORATORY_V1,PEAK_DURATION_S36_I21_T3600,LOCAL_WINDOW_HPP_BASE_STATIONARY_EXTENSION,33,36,21,3600,OP_PEAK_DURATION_BASE_S36_I21_T3600,9bb0a3cb33f2be9f66c99c6d0b4c005ce9a358eac9db956ec1c72888614528dc,TASK3_OPERATIONAL_POOLED_V1,202607290000,202609290331,202609290332,202609290333,202609290334,5712,5712,5712,4940,4940,0,0.644509853951,3.520917955,0.358305144661,0.515046184789,0.87335132945,10,8,10,3,1,4,61,962,2.83851853,37.792873248,0.601679535961,0.457150770556,0.871878031369,0.788781337389,0.286383409997,0.825395880875,-8.30449125262e-05,0.826795937552,0.844512993364,RHO_LT_ONE_TERMINATING_COHORT,NOT_ESTIMATED_TERMINATING_COHORT
1.0,TASK3_PEAK_DURATION_SENSITIVITY_EXPLORATORY_V1,PEAK_DURATION_S36_I21_T3600,LOCAL_WINDOW_HPP_BASE_STATIONARY_EXTENSION,34,36,21,3600,OP_PEAK_DURATION_BASE_S36_I21_T3600,9bb0a3cb33f2be9f66c99c6d0b4c005ce9a358eac9db956ec1c72888614528dc,TASK3_OPERATIONAL_POOLED_V1,202607290000,202609290341,202609290342,202609290343,202609290344,5712,5712,5712,4980,4980,0,0.765473919742,3.948250751,0.463641793741,0.594322501077,1.05796429482,10,8,13,0,0,0,52,976,3.277220865,34.776074299,1.8680084842,1.10925138506,0.649727585758,1.45245589049,0.217284794097,3.278027784,-0.000821734131882,0.826795937552,0.844512993364,RHO_LT_ONE_TERMINATING_COHORT,NOT_ESTIMATED_TERMINATING_COHORT
1.0,TASK3_PEAK_DURATION_SENSITIVITY_EXPLORATORY_V1,PEAK_DURATION_S36_I21_T3600,LOCAL_WINDOW_HPP_BASE_STATIONARY_EXTENSION,35,36,21,3600,OP_PEAK_DURATION_BASE_S36_I21_T3600,9bb0a3cb33f2be9f66c99c6d0b4c005ce9a358eac9db956ec1c72888614528dc,TASK3_OPERATIONAL_POOLED_V1,202607290000,202609290351,202609290352,202609290353,202609290354,5712,5712,5712,4938,4938,0,0.82100917977,4.194807609,0.502218112956,0.623932811962,1.12615092492,17,10,18,0,0,0,47,959,3.255765162,34.257250029,1.00901038512,1.10977882636,0.819826937444,0.529099892472,0.902258135547,1.46963241016,-0.000220606509176,0.826795937552,0.844512993364,RHO_LT_ONE_TERMINATING_COHORT,NOT_ESTIMATED_TERMINATING_COHORT
1.0,TASK3_PEAK_DURATION_SENSITIVITY_EXPLORATORY_V1,PEAK_DURATION_S36_I21_T3600,LOCAL_WINDOW_HPP_BASE_STATIONARY_EXTENSION,36,36,21,3600,OP_PEAK_DURATION_BASE_S36_I21_T3600,9bb0a3cb33f2be9f66c99c6d0b4c005ce9a358eac9db956ec1c72888614528dc,TASK3_OPERATIONAL_POOLED_V1,202607290000,202609290361,202609290362,202609290363,202609290364,5712,5712,5712,4873,4873,0,0.619479485868,3.691724704,0.323972766383,0.491596048514,0.815568814897,10,10,10,0,2,2,57,957,4.076085377,37.098699619,1.69933125291,0.597545619847,0.519026674394,0.472037426086,0.924531256725,2.09882558559,-0.00046530782948,0.826795937552,0.844512993364,RHO_LT_ONE_TERMINATING_COHORT,NOT_ESTIMATED_TERMINATING_COHORT
1.0,TASK3_PEAK_DURATION_SENSITIVITY_EXPLORATORY_V1,PEAK_DURATION_S36_I21_T3600,LOCAL_WINDOW_HPP_BASE_STATIONARY_EXTENSION,37,36,21,3600,OP_PEAK_DURATION_BASE_S36_I21_T3600,9bb0a3cb33f2be9f66c99c6d0b4c005ce9a358eac9db956ec1c72888614528dc,TASK3_OPERATIONAL_POOLED_V1,202607290000,202609290371,202609290372,202609290373,202609290374,5712,5712,5712,4898,4898,0,0.757979069774,3.902385277,0.456085837951,0.575186796424,1.03127263438,20,10,20,0,0,0,41,946,2.247535621,34.16732977,0.487377451536,1.62635065544,3.45432426476,0.393695699128,0.557977390919,2.12253640052,-0.000303181965985,0.826795937552,0.844512993364,RHO_LT_ONE_TERMINATING_COHORT,NOT_ESTIMATED_TERMINATING_COHORT
1.0,TASK3_PEAK_DURATION_SENSITIVITY_EXPLORATORY_V1,PEAK_DURATION_S36_I21_T3600,LOCAL_WINDOW_HPP_BASE_STATIONARY_EXTENSION,38,36,21,3600,OP_PEAK_DURATION_BASE_S36_I21_T3600,9bb0a3cb33f2be9f66c99c6d0b4c005ce9a358eac9db956ec1c72888614528dc,TASK3_OPERATIONAL_POOLED_V1,202607290000,202609290381,202609290382,202609290383,202609290384,5712,5712,5712,4902,4902,0,0.640069934269,3.460949135,0.35160120525,0.498952715148,0.850553920398,12,9,15,8,0,8,65,992,3.131075478,41.116521389,2.31176423863,1.57067261756,1.55607644217,0.601084487869,0.713366680897,4.4753803273,-0.00115732867921,0.826795937552,0.844512993364,RHO_LT_ONE_TERMINATING_COHORT,NOT_ESTIMATED_TERMINATING_COHORT
1.0,TASK3_PEAK_DURATION_SENSITIVITY_EXPLORATORY_V1,PEAK_DURATION_S36_I21_T3600,LOCAL_WINDOW_HPP_BASE_STATIONARY_EXTENSION,39,36,21,3600,OP_PEAK_DURATION_BASE_S36_I21_T3600,9bb0a3cb33f2be9f66c99c6d0b4c005ce9a358eac9db956ec1c72888614528dc,TASK3_OPERATIONAL_POOLED_V1,202607290000,202609290391,202609290392,202609290393,202609290394,5712,5712,5712,4847,4847,0,0.946067993996,5.667792183,0.667047650078,0.60668426281,1.27373191289,15,9,17,0,0,0,43,1009,5.924628645,33.762416612,0.324358581094,0.219719466769,0.189988096133,1.21546361117,2.19050806101,-2.71802476494,0.00131334530673,0.826795937552,0.844512993364,RHO_LT_ONE_TERMINATING_COHORT,NOT_ESTIMATED_TERMINATING_COHORT
1.0,TASK3_PEAK_DURATION_SENSITIVITY_EXPLORATORY_V1,PEAK_DURATION_S36_I21_T3600,LOCAL_WINDOW_HPP_BASE_STATIONARY_EXTENSION,40,36,21,3600,OP_PEAK_DURATION_BASE_S36_I21_T3600,9bb0a3cb33f2be9f66c99c6d0b4c005ce9a358eac9db956ec1c72888614528dc,TASK3_OPERATIONAL_POOLED_V1,202607290000,202609290401,202609290402,202609290403,202609290404,5712,5712,5712,4884,4884,0,0.853382362569,4.662220043,0.556903601652,0.600567687642,1.15747128929,13,9,15,0,0,0,50,962,3.889661303,34.729609842,0.648226183289,0.265598241917,2.49355598459,0.520106874014,1.14709375648,0.075733374204,0.000347845494019,0.826795937552,0.844512993364,RHO_LT_ONE_TERMINATING_COHORT,NOT_ESTIMATED_TERMINATING_COHORT
1.0,TASK3_PEAK_DURATION_SENSITIVITY_EXPLORATORY_V1,PEAK_DURATION_S36_I21_T3600,LOCAL_WINDOW_HPP_BASE_STATIONARY_EXTENSION,41,36,21,3600,OP_PEAK_DURATION_BASE_S36_I21_T3600,9bb0a3cb33f2be9f66c99c6d0b4c005ce9a358eac9db956ec1c72888614528dc,TASK3_OPERATIONAL_POOLED_V1,202607290000,202609290411,202609290412,202609290413,202609290414,5712,5712,5712,4914,4914,0,0.670636387872,3.869689483,0.387035282561,0.528383386884,0.915418669445,11,8,11,0,0,0,46,964,4.004269579,34.678431821,1.22111763937,1.09456311714,1.74916656876,0.282875582689,1.76835613323,1.01112371829,7.85526259066e-05,0.826795937552,0.844512993364,RHO_LT_ONE_TERMINATING_COHORT,NOT_ESTIMATED_TERMINATING_COHORT
1.0,TASK3_PEAK_DURATION_SENSITIVITY_EXPLORATORY_V1,PEAK_DURATION_S36_I21_T3600,LOCAL_WINDOW_HPP_BASE_STATIONARY_EXTENSION,42,36,21,3600,OP_PEAK_DURATION_BASE_S36_I21_T3600,9bb0a3cb33f2be9f66c99c6d0b4c005ce9a358eac9db956ec1c72888614528dc,TASK3_OPERATIONAL_POOLED_V1,202607290000,202609290421,202609290422,202609290423,202609290424,5712,5712,5712,4851,4851,0,0.854935418345,4.936806125,0.50780673672,0.634484832346,1.14229156907,15,10,16,0,0,0,51,987,4.046538888,34.550843526,0.408240028486,3.64747318425,0.606342835478,0.625712864239,1.28910476456,2.2603978713,-0.000350008568851,0.826795937552,0.844512993364,RHO_LT_ONE_TERMINATING_COHORT,NOT_ESTIMATED_TERMINATING_COHORT
1.0,TASK3_PEAK_DURATION_SENSITIVITY_EXPLORATORY_V1,PEAK_DURATION_S36_I21_T3600,LOCAL_WINDOW_HPP_BASE_STATIONARY_EXTENSION,43,36,21,3600,OP_PEAK_DURATION_BASE_S36_I21_T3600,9bb0a3cb33f2be9f66c99c6d0b4c005ce9a358eac9db956ec1c72888614528dc,TASK3_OPERATIONAL_POOLED_V1,202607290000,202609290431,202609290432,202609290433,202609290434,5712,5712,5712,5002,5002,0,0.843591134942,3.96346079,0.533590094035,0.638532921792,1.17212301583,18,11,20,0,0,0,46,989,3.200789439,34.580126154,2.95932097294,0.715082016236,0.719296600697,0.364271790167,1.15848270487,4.14765588863,-0.0010979129895,0.826795937552,0.844512993364,RHO_LT_ONE_TERMINATING_COHORT,NOT_ESTIMATED_TERMINATING_COHORT
1.0,TASK3_PEAK_DURATION_SENSITIVITY_EXPLORATORY_V1,PEAK_DURATION_S36_I21_T3600,LOCAL_WINDOW_HPP_BASE_STATIONARY_EXTENSION,44,36,21,3600,OP_PEAK_DURATION_BASE_S36_I21_T3600,9bb0a3cb33f2be9f66c99c6d0b4c005ce9a358eac9db956ec1c72888614528dc,TASK3_OPERATIONAL_POOLED_V1,202607290000,202609290441,202609290442,202609290443,202609290444,5712,5712,5712,5002,5002,0,1.21556601518,6.09495019,0.785778829276,0.903182617364,1.68896144664,18,12,21,0,0,0,46,1037,9.341921691,33.285192472,1.60240699793,0.7839042698,0.853286895961,6.36237904275,0.926203792061,-1.06391507121,0.00117390787811,0.826795937552,0.844512993364,RHO_LT_ONE_TERMINATING_COHORT,NOT_ESTIMATED_TERMINATING_COHORT
1.0,TASK3_PEAK_DURATION_SENSITIVITY_EXPLORATORY_V1,PEAK_DURATION_S36_I21_T3600,LOCAL_WINDOW_HPP_BASE_STATIONARY_EXTENSION,45,36,21,3600,OP_PEAK_DURATION_BASE_S36_I21_T3600,9bb0a3cb33f2be9f66c99c6d0b4c005ce9a358eac9db956ec1c72888614528dc,TASK3_OPERATIONAL_POOLED_V1,202607290000,202609290451,202609290452,202609290453,202609290454,5712,5712,5712,5008,5008,0,0.972665106546,5.156657259,0.595800249109,0.7522035162,1.34800376531,14,10,16,0,0,0,45,983,5.496017049,33.837168948,0.961519700325,0.923066554464,1.83346053177,2.10797745158,0.790527049336,0.69111606114,0.00023414599865,0.826795937552,0.844512993364,RHO_LT_ONE_TERMINATING_COHORT,NOT_ESTIMATED_TERMINATING_COHORT
1.0,TASK3_PEAK_DURATION_SENSITIVITY_EXPLORATORY_V1,PEAK_DURATION_S36_I21_T3600,LOCAL_WINDOW_HPP_BASE_STATIONARY_EXTENSION,46,36,21,3600,OP_PEAK_DURATION_BASE_S36_I21_T3600,9bb0a3cb33f2be9f66c99c6d0b4c005ce9a358eac9db956ec1c72888614528dc,TASK3_OPERATIONAL_POOLED_V1,202607290000,202609290461,202609290462,202609290463,202609290464,5712,5712,5712,4949,4949,0,0.802442434988,4.198428061,0.492750283274,0.610385164158,1.10313544743,15,10,16,0,0,0,44,1016,3.887384014,34.555853461,2.52065641656,0.343512600639,0.565594121411,1.43677018993,1.41181045154,2.09899451158,-0.000312342872429,0.826795937552,0.844512993364,RHO_LT_ONE_TERMINATING_COHORT,NOT_ESTIMATED_TERMINATING_COHORT
1.0,TASK3_PEAK_DURATION_SENSITIVITY_EXPLORATORY_V1,PEAK_DURATION_S36_I21_T3600,LOCAL_WINDOW_HPP_BASE_STATIONARY_EXTENSION,47,36,21,3600,OP_PEAK_DURATION_BASE_S36_I21_T3600,9bb0a3cb33f2be9f66c99c6d0b4c005ce9a358eac9db956ec1c72888614528dc,TASK3_OPERATIONAL_POOLED_V1,202607290000,202609290471,202609290472,202609290473,202609290474,5712,5712,5712,4943,4943,0,0.888004434554,4.621147666,0.575802039061,0.643477383161,1.21927942222,17,8,17,0,0,0,49,1000,4.969675623,34.285227756,2.52952090269,0.765236059622,0.641554894775,1.99320332522,0.755221831653,3.07742056016,-0.000644619687913,0.826795937552,0.844512993364,RHO_LT_ONE_TERMINATING_COHORT,NOT_ESTIMATED_TERMINATING_COHORT
1.0,TASK3_PEAK_DURATION_SENSITIVITY_EXPLORATORY_V1,PEAK_DURATION_S36_I21_T3600,LOCAL_WINDOW_HPP_BASE_STATIONARY_EXTENSION,48,36,21,3600,OP_PEAK_DURATION_BASE_S36_I21_T3600,9bb0a3cb33f2be9f66c99c6d0b4c005ce9a358eac9db956ec1c72888614528dc,TASK3_OPERATIONAL_POOLED_V1,202607290000,202609290481,202609290482,202609290483,202609290484,5712,5712,5712,4929,4929,0,0.959052743471,5.333670005,0.587372337007,0.720406852668,1.30777918968,16,10,16,0,0,0,48,1026,4.535154266,34.113504129,4.50695887653,1.37245259031,0.383464487994,0.543806033583,1.7874345037,6.41959477521,-0.00174102647288,0.826795937552,0.844512993364,RHO_LT_ONE_TERMINATING_COHORT,NOT_ESTIMATED_TERMINATING_COHORT
1.0,TASK3_PEAK_DURATION_SENSITIVITY_EXPLORATORY_V1,PEAK_DURATION_S36_I21_T3600,LOCAL_WINDOW_HPP_BASE_STATIONARY_EXTENSION,49,36,21,3600,OP_PEAK_DURATION_BASE_S36_I21_T3600,9bb0a3cb33f2be9f66c99c6d0b4c005ce9a358eac9db956ec1c72888614528dc,TASK3_OPERATIONAL_POOLED_V1,202607290000,202609290491,202609290492,202609290493,202609290494,5712,5712,5712,5039,5039,0,1.11333854342,4.987650008,0.742342578434,0.797488378829,1.53983095726,16,12,16,0,4,4,53,1031,5.338932082,32.758865305,1.09729877774,0.845249448894,1.55436518819,0.994616334858,2.32488098716,-0.590116331225,0.000723480917998,0.826795937552,0.844512993364,RHO_LT_ONE_TERMINATING_COHORT,NOT_ESTIMATED_TERMINATING_COHORT
1.0,TASK3_PEAK_DURATION_SENSITIVITY_EXPLORATORY_V1,PEAK_DURATION_S36_I21_T3600,LOCAL_WINDOW_HPP_BASE_STATIONARY_EXTENSION,50,36,21,3600,OP_PEAK_DURATION_BASE_S36_I21_T3600,9bb0a3cb33f2be9f66c99c6d0b4c005ce9a358eac9db956ec1c72888614528dc,TASK3_OPERATIONAL_POOLED_V1,202607290000,202609290501,202609290502,202609290503,202609290504,5712,5712,5712,4884,4884,0,0.664214777621,3.83957041,0.387410250278,0.512504619088,0.899914869366,14,12,14,0,0,0,45,983,4.540721463,34.228578943,0.221481079211,0.894619150961,0.774677593769,1.1489704026,1.32960281883,-0.979075839086,0.000686276314133,0.826795937552,0.844512993364,RHO_LT_ONE_TERMINATING_COHORT,NOT_ESTIMATED_TERMINATING_COHORT
1.0,TASK3_PEAK_DURATION_SENSITIVITY_EXPLORATORY_V1,PEAK_DURATION_S36_I21_T7200,LOCAL_WINDOW_HPP_BASE_STATIONARY_EXTENSION,1,36,21,7200,OP_PEAK_DURATION_BASE_S36_I21_T7200,a9c64577749b02066ecfc527423c2cfd336cd7decba085a1f8e3ceb11ff72a50,TASK3_OPERATIONAL_POOLED_V1,202607290000,202609290011,202609290012,202609290013,202609290014,10914,10914,10914,9817,9817,0,0.779359812076,4.174576199,0.473199410194,0.581998551303,1.0551979615,15,9,17,0,2,2,57,2010,5.049881192,34.490084862,1.28070703596,1.18269432525,0.681143204639,1.19207139649,1.4495327269,0.896958397999,4.81983962679e-05,0.826795937552,0.844512993364,RHO_LT_ONE_TERMINATING_COHORT,NOT_ESTIMATED_TERMINATING_COHORT
1.0,TASK3_PEAK_DURATION_SENSITIVITY_EXPLORATORY_V1,PEAK_DURATION_S36_I21_T7200,LOCAL_WINDOW_HPP_BASE_STATIONARY_EXTENSION,2,36,21,7200,OP_PEAK_DURATION_BASE_S36_I21_T7200,a9c64577749b02066ecfc527423c2cfd336cd7decba085a1f8e3ceb11ff72a50,TASK3_OPERATIONAL_POOLED_V1,202607290000,202609290021,202609290022,202609290023,202609290024,10914,10914,10914,9756,9756,0,0.693355163921,3.743087154,0.420573056995,0.517929602294,0.938502659289,14,9,14,0,0,0,49,1949,3.403271082,34.49066098,1.46562901321,1.97631817235,0.313942716974,0.391627541097,1.18015299884,2.68226608348,-0.000299394813887,0.826795937552,0.844512993364,RHO_LT_ONE_TERMINATING_COHORT,NOT_ESTIMATED_TERMINATING_COHORT
1.0,TASK3_PEAK_DURATION_SENSITIVITY_EXPLORATORY_V1,PEAK_DURATION_S36_I21_T7200,LOCAL_WINDOW_HPP_BASE_STATIONARY_EXTENSION,3,36,21,7200,OP_PEAK_DURATION_BASE_S36_I21_T7200,a9c64577749b02066ecfc527423c2cfd336cd7decba085a1f8e3ceb11ff72a50,TASK3_OPERATIONAL_POOLED_V1,202607290000,202609290031,202609290032,202609290033,202609290034,10914,10914,10914,9919,9919,0,0.987580540865,4.982988832,0.645680490343,0.714140878268,1.35982136861,17,9,20,0,0,0,53,2018,4.914602866,34.371665198,1.62771147949,1.06218598221,1.15970332042,0.804843542946,1.78672086296,1.24272579184,8.42726773456e-06,0.826795937552,0.844512993364,RHO_LT_ONE_TERMINATING_COHORT,NOT_ESTIMATED_TERMINATING_COHORT
1.0,TASK3_PEAK_DURATION_SENSITIVITY_EXPLORATORY_V1,PEAK_DURATION_S36_I21_T7200,LOCAL_WINDOW_HPP_BASE_STATIONARY_EXTENSION,4,36,21,7200,OP_PEAK_DURATION_BASE_S36_I21_T7200,a9c64577749b02066ecfc527423c2cfd336cd7decba085a1f8e3ceb11ff72a50,TASK3_OPERATIONAL_POOLED_V1,202607290000,202609290041,202609290042,202609290043,202609290044,10914,10914,10914,9717,9717,0,0.533910397806,3.253790686,0.300886593513,0.418848285842,0.719734879355,11,10,12,0,0,0,46,1946,3.584467614,34.403445185,0.899111372332,0.676236270433,0.726055263407,0.815853250567,0.867167376482,0.740087965319,1.05179150602e-05,0.826795937552,0.844512993364,RHO_LT_ONE_TERMINATING_COHORT,NOT_ESTIMATED_TERMINATING_COHORT
1.0,TASK3_PEAK_DURATION_SENSITIVITY_EXPLORATORY_V1,PEAK_DURATION_S36_I21_T7200,LOCAL_WINDOW_HPP_BASE_STATIONARY_EXTENSION,5,36,21,7200,OP_PEAK_DURATION_BASE_S36_I21_T7200,a9c64577749b02066ecfc527423c2cfd336cd7decba085a1f8e3ceb11ff72a50,TASK3_OPERATIONAL_POOLED_V1,202607290000,202609290051,202609290052,202609290053,202609290054,10914,10914,10914,9562,9562,0,0.75455255251,4.032233826,0.50382803882,0.498259670499,1.00208770932,19,8,20,0,0,0,44,1893,4.228674028,34.804253529,1.12115745312,1.7750692163,0.471105459857,1.11073555493,0.773798033353,2.06966251919,-0.000188757291793,0.826795937552,0.844512993364,RHO_LT_ONE_TERMINATING_COHORT,NOT_ESTIMATED_TERMINATING_COHORT
1.0,TASK3_PEAK_DURATION_SENSITIVITY_EXPLORATORY_V1,PEAK_DURATION_S36_I21_T7200,LOCAL_WINDOW_HPP_BASE_STATIONARY_EXTENSION,6,36,21,7200,OP_PEAK_DURATION_BASE_S36_I21_T7200,a9c64577749b02066ecfc527423c2cfd336cd7decba085a1f8e3ceb11ff72a50,TASK3_OPERATIONAL_POOLED_V1,202607290000,202609290061,202609290062,202609290063,202609290064,10914,10914,10914,9927,9927,0,0.961864478349,5.313642839,0.664085380072,0.659466803029,1.3235521831,16,11,19,0,0,0,48,1954,2.735136708,33.079792069,2.89706713106,0.546639659535,1.79245054441,0.457239040337,0.8077264983,4.50128598827,-0.000592789150655,0.826795937552,0.844512993364,RHO_LT_ONE_TERMINATING_COHORT,NOT_ESTIMATED_TERMINATING_COHORT
1.0,TASK3_PEAK_DURATION_SENSITIVITY_EXPLORATORY_V1,PEAK_DURATION_S36_I21_T7200,LOCAL_WINDOW_HPP_BASE_STATIONARY_EXTENSION,7,36,21,7200,OP_PEAK_DURATION_BASE_S36_I21_T7200,a9c64577749b02066ecfc527423c2cfd336cd7decba085a1f8e3ceb11ff72a50,TASK3_OPERATIONAL_POOLED_V1,202607290000,202609290071,202609290072,202609290073,202609290074,10914,10914,10914,9821,9821,0,0.992099746577,4.875412272,0.673495658749,0.679755953909,1.35325161266,19,9,22,0,0,0,39,1995,5.354244665,32.119521919,0.756912658219,1.1493390529,1.63238897476,1.10587170659,1.84870895217,-0.306449662269,0.000297239616889,0.826795937552,0.844512993364,RHO_LT_ONE_TERMINATING_COHORT,NOT_ESTIMATED_TERMINATING_COHORT
1.0,TASK3_PEAK_DURATION_SENSITIVITY_EXPLORATORY_V1,PEAK_DURATION_S36_I21_T7200,LOCAL_WINDOW_HPP_BASE_STATIONARY_EXTENSION,8,36,21,7200,OP_PEAK_DURATION_BASE_S36_I21_T7200,a9c64577749b02066ecfc527423c2cfd336cd7decba085a1f8e3ceb11ff72a50,TASK3_OPERATIONAL_POOLED_V1,202607290000,202609290081,202609290082,202609290083,202609290084,10914,10914,10914,9863,9863,0,0.874486456323,4.447754485,0.559494522335,0.638430466375,1.19792498871,13,10,16,0,0,0,43,1886,3.740129807,34.61826855,0.906175300831,1.51406238418,1.68902278122,0.315975602567,1.22645034062,1.54848980841,-7.74356530608e-05,0.826795937552,0.844512993364,RHO_LT_ONE_TERMINATING_COHORT,NOT_ESTIMATED_TERMINATING_COHORT
1.0,TASK3_PEAK_DURATION_SENSITIVITY_EXPLORATORY_V1,PEAK_DURATION_S36_I21_T7200,LOCAL_WINDOW_HPP_BASE_STATIONARY_EXTENSION,9,36,21,7200,OP_PEAK_DURATION_BASE_S36_I21_T7200,a9c64577749b02066ecfc527423c2cfd336cd7decba085a1f8e3ceb11ff72a50,TASK3_OPERATIONAL_POOLED_V1,202607290000,202609290091,202609290092,202609290093,202609290094,10914,10914,10914,9892,9892,0,0.747988911043,4.020048541,0.45733972306,0.56943185147,1.02677157453,14,10,16,0,0,0,50,1959,3.761363417,34.759578212,1.67320898596,1.2095195755,1.28515703602,0.899717725728,0.875898681296,2.61701724523,-0.000264503119319,0.826795937552,0.844512993364,RHO_LT_ONE_TERMINATING_COHORT,NOT_ESTIMATED_TERMINATING_COHORT
1.0,TASK3_PEAK_DURATION_SENSITIVITY_EXPLORATORY_V1,PEAK_DURATION_S36_I21_T7200,LOCAL_WINDOW_HPP_BASE_STATIONARY_EXTENSION,10,36,21,7200,OP_PEAK_DURATION_BASE_S36_I21_T7200,a9c64577749b02066ecfc527423c2cfd336cd7decba085a1f8e3ceb11ff72a50,TASK3_OPERATIONAL_POOLED_V1,202607290000,202609290101,202609290102,202609290103,202609290104,10914,10914,10914,9621,9621,0,0.627004881748,3.54730371,0.345655316261,0.490291057976,0.835946374237,14,10,17,0,1,1,47,1927,5.829465877,31.647610294,0.35876441991,0.636657254356,1.29277989277,2.24408366947,0.638928961683,-0.591573784356,0.000301077152591,0.826795937552,0.844512993364,RHO_LT_ONE_TERMINATING_COHORT,NOT_ESTIMATED_TERMINATING_COHORT
1.0,TASK3_PEAK_DURATION_SENSITIVITY_EXPLORATORY_V1,PEAK_DURATION_S36_I21_T7200,LOCAL_WINDOW_HPP_BASE_STATIONARY_EXTENSION,11,36,21,7200,OP_PEAK_DURATION_BASE_S36_I21_T7200,a9c64577749b02066ecfc527423c2cfd336cd7decba085a1f8e3ceb11ff72a50,TASK3_OPERATIONAL_POOLED_V1,202607290000,202609290111,202609290112,202609290113,202609290114,10914,10914,10914,9862,9862,0,0.792604823384,4.161104697,0.505608478057,0.580021618159,1.08563009622,17,9,17,0,0,0,43,1998,4.404973045,34.673823993,1.89880465285,0.490471657867,1.13323149724,0.848467270665,1.17494628325,1.92647511717,-0.000151350156443,0.826795937552,0.844512993364,RHO_LT_ONE_TERMINATING_COHORT,NOT_ESTIMATED_TERMINATING_COHORT
1.0,TASK3_PEAK_DURATION_SENSITIVITY_EXPLORATORY_V1,PEAK_DURATION_S36_I21_T7200,LOCAL_WINDOW_HPP_BASE_STATIONARY_EXTENSION,12,36,21,7200,OP_PEAK_DURATION_BASE_S36_I21_T7200,a9c64577749b02066ecfc527423c2cfd336cd7decba085a1f8e3ceb11ff72a50,TASK3_OPERATIONAL_POOLED_V1,202607290000,202609290121,202609290122,202609290123,202609290124,10914,10914,10914,9734,9734,0,0.618798321705,3.530319587,0.336253919005,0.49999111967,0.836245038675,14,8,14,0,0,0,40,1930,2.592667099,32.103136677,0.650408069769,0.946484725492,0.485392121715,0.388823961469,0.791149985958,0.859584471614,-3.83579071728e-05,0.826795937552,0.844512993364,RHO_LT_ONE_TERMINATING_COHORT,NOT_ESTIMATED_TERMINATING_COHORT
1.0,TASK3_PEAK_DURATION_SENSITIVITY_EXPLORATORY_V1,PEAK_DURATION_S36_I21_T7200,LOCAL_WINDOW_HPP_BASE_STATIONARY_EXTENSION,13,36,21,7200,OP_PEAK_DURATION_BASE_S36_I21_T7200,a9c64577749b02066ecfc527423c2cfd336cd7decba085a1f8e3ceb11ff72a50,TASK3_OPERATIONAL_POOLED_V1,202607290000,202609290131,202609290132,202609290133,202609290134,10914,10914,10914,9818,9818,0,0.984723965528,4.881389293,0.708109632441,0.6335912367,1.34170086914,32,13,35,0,0,0,46,1958,4.511294839,34.888352761,0.452376051421,0.555218642658,0.729186723097,1.42168527297,0.921595617415,-0.537666860214,0.000250681355875,0.826795937552,0.844512993364,RHO_LT_ONE_TERMINATING_COHORT,NOT_ESTIMATED_TERMINATING_COHORT
1.0,TASK3_PEAK_DURATION_SENSITIVITY_EXPLORATORY_V1,PEAK_DURATION_S36_I21_T7200,LOCAL_WINDOW_HPP_BASE_STATIONARY_EXTENSION,14,36,21,7200,OP_PEAK_DURATION_BASE_S36_I21_T7200,a9c64577749b02066ecfc527423c2cfd336cd7decba085a1f8e3ceb11ff72a50,TASK3_OPERATIONAL_POOLED_V1,202607290000,202609290141,202609290142,202609290143,202609290144,10914,10914,10914,9698,9698,0,0.916844356019,5.396210127,0.64311116785,0.591148531994,1.23425969984,19,10,21,0,0,0,46,1905,3.486425643,34.803258069,0.383877211178,1.81888903465,1.2942492811,0.46163074601,1.09972382409,0.95584781652,1.03381857197e-05,0.826795937552,0.844512993364,RHO_LT_ONE_TERMINATING_COHORT,NOT_ESTIMATED_TERMINATING_COHORT
1.0,TASK3_PEAK_DURATION_SENSITIVITY_EXPLORATORY_V1,PEAK_DURATION_S36_I21_T7200,LOCAL_WINDOW_HPP_BASE_STATIONARY_EXTENSION,15,36,21,7200,OP_PEAK_DURATION_BASE_S36_I21_T7200,a9c64577749b02066ecfc527423c2cfd336cd7decba085a1f8e3ceb11ff72a50,TASK3_OPERATIONAL_POOLED_V1,202607290000,202609290151,202609290152,202609290153,202609290154,10914,10914,10914,9868,9868,0,0.844974268451,4.28118215,0.552901867832,0.600382724532,1.15328459236,17,8,18,0,3,3,59,1969,4.096624425,35.334200216,0.667026679549,1.02389700129,1.6116318467,1.73337748177,0.488744027475,0.840249025105,4.90159967132e-05,0.826795937552,0.844512993364,RHO_LT_ONE_TERMINATING_COHORT,NOT_ESTIMATED_TERMINATING_COHORT
1.0,TASK3_PEAK_DURATION_SENSITIVITY_EXPLORATORY_V1,PEAK_DURATION_S36_I21_T7200,LOCAL_WINDOW_HPP_BASE_STATIONARY_EXTENSION,16,36,21,7200,OP_PEAK_DURATION_BASE_S36_I21_T7200,a9c64577749b02066ecfc527423c2cfd336cd7decba085a1f8e3ceb11ff72a50,TASK3_OPERATIONAL_POOLED_V1,202607290000,202609290161,202609290162,202609290163,202609290164,10914,10914,10914,9639,9639,0,0.574652609534,3.449906494,0.329728558729,0.439587622285,0.769316181014,12,9,12,0,0,0,37,1976,4.164561089,34.335880228,0.626443376176,0.940553347987,0.403888574549,1.64413598795,0.407236447293,0.605574960146,3.68289975268e-05,0.826795937552,0.844512993364,RHO_LT_ONE_TERMINATING_COHORT,NOT_ESTIMATED_TERMINATING_COHORT
1.0,TASK3_PEAK_DURATION_SENSITIVITY_EXPLORATORY_V1,PEAK_DURATION_S36_I21_T7200,LOCAL_WINDOW_HPP_BASE_STATIONARY_EXTENSION,17,36,21,7200,OP_PEAK_DURATION_BASE_S36_I21_T7200,a9c64577749b02066ecfc527423c2cfd336cd7decba085a1f8e3ceb11ff72a50,TASK3_OPERATIONAL_POOLED_V1,202607290000,202609290171,202609290172,202609290173,202609290174,10914,10914,10914,9736,9736,0,1.05803796427,5.421709403,0.717342917652,0.698501882156,1.41584479981,21,10,24,0,7,7,61,2005,9.677703008,35.983927107,0.963566665615,1.72498838882,0.927428472732,3.04206276625,1.90096833749,-0.682105364707,0.000443316350165,0.826795937552,0.844512993364,RHO_LT_ONE_TERMINATING_COHORT,NOT_ESTIMATED_TERMINATING_COHORT
1.0,TASK3_PEAK_DURATION_SENSITIVITY_EXPLORATORY_V1,PEAK_DURATION_S36_I21_T7200,LOCAL_WINDOW_HPP_BASE_STATIONARY_EXTENSION,18,36,21,7200,OP_PEAK_DURATION_BASE_S36_I21_T7200,a9c64577749b02066ecfc527423c2cfd336cd7decba085a1f8e3ceb11ff72a50,TASK3_OPERATIONAL_POOLED_V1,202607290000,202609290181,202609290182,202609290183,202609290184,10914,10914,10914,9728,9728,0,0.738670455228,4.255139205,0.466469724517,0.529782796543,0.996252521061,15,11,16,1,0,1,47,1973,4.39545504,37.504511929,0.568991074199,1.76104977666,0.565287189997,0.774096546597,1.56785099199,0.289380161743,0.000140384250768,0.826795937552,0.844512993364,RHO_LT_ONE_TERMINATING_COHORT,NOT_ESTIMATED_TERMINATING_COHORT
1.0,TASK3_PEAK_DURATION_SENSITIVITY_EXPLORATORY_V1,PEAK_DURATION_S36_I21_T7200,LOCAL_WINDOW_HPP_BASE_STATIONARY_EXTENSION,19,36,21,7200,OP_PEAK_DURATION_BASE_S36_I21_T7200,a9c64577749b02066ecfc527423c2cfd336cd7decba085a1f8e3ceb11ff72a50,TASK3_OPERATIONAL_POOLED_V1,202607290000,202609290191,202609290192,202609290193,202609290194,10914,10914,10914,9863,9863,0,0.778266126251,4.297833439,0.515386242413,0.550598139109,1.06598438152,13,10,14,0,0,0,41,1964,4.957306056,33.525059641,0.486068154443,1.17627657961,1.01361362292,1.60731771949,1.03410454712,-0.0818593192038,0.000212099156281,0.826795937552,0.844512993364,RHO_LT_ONE_TERMINATING_COHORT,NOT_ESTIMATED_TERMINATING_COHORT
1.0,TASK3_PEAK_DURATION_SENSITIVITY_EXPLORATORY_V1,PEAK_DURATION_S36_I21_T7200,LOCAL_WINDOW_HPP_BASE_STATIONARY_EXTENSION,20,36,21,7200,OP_PEAK_DURATION_BASE_S36_I21_T7200,a9c64577749b02066ecfc527423c2cfd336cd7decba085a1f8e3ceb11ff72a50,TASK3_OPERATIONAL_POOLED_V1,202607290000,202609290201,202609290202,202609290203,202609290204,10914,10914,10914,9807,9807,0,0.80147582041,4.471766049,0.503812866094,0.582561918542,1.08637478464,17,10,17,0,0,0,52,1949,4.670570386,35.360800713,0.875469573286,0.616494675881,1.13972530171,1.58313994574,0.404164874169,0.905771970438,3.33831550348e-06,0.826795937552,0.844512993364,RHO_LT_ONE_TERMINATING_COHORT,NOT_ESTIMATED_TERMINATING_COHORT
1.0,TASK3_PEAK_DURATION_SENSITIVITY_EXPLORATORY_V1,PEAK_DURATION_S36_I21_T7200,LOCAL_WINDOW_HPP_BASE_STATIONARY_EXTENSION,21,36,21,7200,OP_PEAK_DURATION_BASE_S36_I21_T7200,a9c64577749b02066ecfc527423c2cfd336cd7decba085a1f8e3ceb11ff72a50,TASK3_OPERATIONAL_POOLED_V1,202607290000,202609290211,202609290212,202609290213,202609290214,10914,10914,10914,10119,10119,0,1.05620801045,4.923584861,0.773174221701,0.7067264567,1.4799006784,18,9,21,0,3,3,53,2113,5.350583386,34.504465681,0.721106824269,2.32685710594,2.66772174665,1.12450763015,2.82437681244,-0.320228851513,0.00041724868063,0.826795937552,0.844512993364,RHO_LT_ONE_TERMINATING_COHORT,NOT_ESTIMATED_TERMINATING_COHORT
1.0,TASK3_PEAK_DURATION_SENSITIVITY_EXPLORATORY_V1,PEAK_DURATION_S36_I21_T7200,LOCAL_WINDOW_HPP_BASE_STATIONARY_EXTENSION,22,36,21,7200,OP_PEAK_DURATION_BASE_S36_I21_T7200,a9c64577749b02066ecfc527423c2cfd336cd7decba085a1f8e3ceb11ff72a50,TASK3_OPERATIONAL_POOLED_V1,202607290000,202609290221,202609290222,202609290223,202609290224,10914,10914,10914,9827,9827,0,0.892736025446,4.520785063,0.558439207525,0.656230923524,1.21467013105,18,10,22,0,3,3,54,2015,6.833463106,34.771745623,1.71371016652,0.832385420657,0.521874856578,3.41192428475,0.658663144069,1.07562796012,6.52006693318e-05,0.826795937552,0.844512993364,RHO_LT_ONE_TERMINATING_COHORT,NOT_ESTIMATED_TERMINATING_COHORT
1.0,TASK3_PEAK_DURATION_SENSITIVITY_EXPLORATORY_V1,PEAK_DURATION_S36_I21_T7200,LOCAL_WINDOW_HPP_BASE_STATIONARY_EXTENSION,23,36,21,7200,OP_PEAK_DURATION_BASE_S36_I21_T7200,a9c64577749b02066ecfc527423c2cfd336cd7decba085a1f8e3ceb11ff72a50,TASK3_OPERATIONAL_POOLED_V1,202607290000,202609290231,202609290232,202609290233,202609290234,10914,10914,10914,10031,10031,0,1.24403752389,6.784360768,0.923536210432,0.80590994107,1.7294461515,24,12,24,0,0,0,50,2038,8.114164608,36.015584154,0.664812779079,1.94901451077,0.976373255726,0.549960851097,3.90468650921,-2.20155076927,0.000705651916749,0.826795937552,0.844512993364,RHO_LT_ONE_TERMINATING_COHORT,NOT_ESTIMATED_TERMINATING_COHORT
1.0,TASK3_PEAK_DURATION_SENSITIVITY_EXPLORATORY_V1,PEAK_DURATION_S36_I21_T7200,LOCAL_WINDOW_HPP_BASE_STATIONARY_EXTENSION,24,36,21,7200,OP_PEAK_DURATION_BASE_S36_I21_T7200,a9c64577749b02066ecfc527423c2cfd336cd7decba085a1f8e3ceb11ff72a50,TASK3_OPERATIONAL_POOLED_V1,202607290000,202609290241,202609290242,202609290243,202609290244,10914,10914,10914,9963,9963,0,1.08014834063,5.681873931,0.695064392655,0.799242453966,1.49430684662,16,11,18,0,0,0,47,2004,4.662374913,33.210003338,2.21781499945,1.25108410247,1.37231489186,1.39562804564,1.06949175875,3.07534366331,-0.00029890313031,0.826795937552,0.844512993364,RHO_LT_ONE_TERMINATING_COHORT,NOT_ESTIMATED_TERMINATING_COHORT
1.0,TASK3_PEAK_DURATION_SENSITIVITY_EXPLORATORY_V1,PEAK_DURATION_S36_I21_T7200,LOCAL_WINDOW_HPP_BASE_STATIONARY_EXTENSION,25,36,21,7200,OP_PEAK_DURATION_BASE_S36_I21_T7200,a9c64577749b02066ecfc527423c2cfd336cd7decba085a1f8e3ceb11ff72a50,TASK3_OPERATIONAL_POOLED_V1,202607290000,202609290251,202609290252,202609290253,202609290254,10914,10914,10914,9773,9773,0,0.601039126042,3.531837587,0.331018692625,0.484100538248,0.815119230873,15,10,15,0,0,0,43,1950,4.226863956,34.626507575,0.34483629975,0.774822416867,0.595556902171,1.26231719438,0.42701017299,0.192026704237,9.05336838877e-05,0.826795937552,0.844512993364,RHO_LT_ONE_TERMINATING_COHORT,NOT_ESTIMATED_TERMINATING_COHORT
1.0,TASK3_PEAK_DURATION_SENSITIVITY_EXPLORATORY_V1,PEAK_DURATION_S36_I21_T7200,LOCAL_WINDOW_HPP_BASE_STATIONARY_EXTENSION,26,36,21,7200,OP_PEAK_DURATION_BASE_S36_I21_T7200,a9c64577749b02066ecfc527423c2cfd336cd7decba085a1f8e3ceb11ff72a50,TASK3_OPERATIONAL_POOLED_V1,202607290000,202609290261,202609290262,202609290263,202609290264,10914,10914,10914,9972,9972,0,0.982640622879,4.958298197,0.655816743048,0.688327995793,1.34414473884,13,9,15,12,1,13,70,2043,5.661105992,44.194106962,0.653781046343,2.02625444467,0.889105739953,1.0944579095,2.61328610804,-0.785033141467,0.000414890776142,0.826795937552,0.844512993364,RHO_LT_ONE_TERMINATING_COHORT,NOT_ESTIMATED_TERMINATING_COHORT
1.0,TASK3_PEAK_DURATION_SENSITIVITY_EXPLORATORY_V1,PEAK_DURATION_S36_I21_T7200,LOCAL_WINDOW_HPP_BASE_STATIONARY_EXTENSION,27,36,21,7200,OP_PEAK_DURATION_BASE_S36_I21_T7200,a9c64577749b02066ecfc527423c2cfd336cd7decba085a1f8e3ceb11ff72a50,TASK3_OPERATIONAL_POOLED_V1,202607290000,202609290271,202609290272,202609290273,202609290274,10914,10914,10914,9904,9904,0,0.772946040362,3.951638437,0.463265672473,0.599964547492,1.06323021996,14,10,14,0,0,0,44,2000,3.955047459,32.829074685,1.52107260466,1.60465672985,0.575624034896,1.28726998827,1.00770003212,2.20736359295,-0.000186684984257,0.826795937552,0.844512993364,RHO_LT_ONE_TERMINATING_COHORT,NOT_ESTIMATED_TERMINATING_COHORT
1.0,TASK3_PEAK_DURATION_SENSITIVITY_EXPLORATORY_V1,PEAK_DURATION_S36_I21_T7200,LOCAL_WINDOW_HPP_BASE_STATIONARY_EXTENSION,28,36,21,7200,OP_PEAK_DURATION_BASE_S36_I21_T7200,a9c64577749b02066ecfc527423c2cfd336cd7decba085a1f8e3ceb11ff72a50,TASK3_OPERATIONAL_POOLED_V1,202607290000,202609290281,202609290282,202609290283,202609290284,10914,10914,10914,9756,9756,0,0.67138966159,3.947954421,0.411106427954,0.494613665987,0.905720093941,16,9,17,3,0,3,59,1954,4.157310807,37.865978673,1.13056360701,0.371426043765,0.405894699469,1.40591958565,0.4771534159,0.962436600603,-3.78231722675e-05,0.826795937552,0.844512993364,RHO_LT_ONE_TERMINATING_COHORT,NOT_ESTIMATED_TERMINATING_COHORT
1.0,TASK3_PEAK_DURATION_SENSITIVITY_EXPLORATORY_V1,PEAK_DURATION_S36_I21_T7200,LOCAL_WINDOW_HPP_BASE_STATIONARY_EXTENSION,29,36,21,7200,OP_PEAK_DURATION_BASE_S36_I21_T7200,a9c64577749b02066ecfc527423c2cfd336cd7decba085a1f8e3ceb11ff72a50,TASK3_OPERATIONAL_POOLED_V1,202607290000,202609290291,202609290292,202609290293,202609290294,10914,10914,10914,10022,10022,0,1.02871299241,5.203742161,0.718178814154,0.711102645571,1.42928145972,20,10,20,0,0,0,41,2003,4.715272327,34.672000758,2.09403161622,1.32163034653,1.27589729622,0.653172053057,1.9008404761,2.24024478791,-0.000146505635238,0.826795937552,0.844512993364,RHO_LT_ONE_TERMINATING_COHORT,NOT_ESTIMATED_TERMINATING_COHORT
1.0,TASK3_PEAK_DURATION_SENSITIVITY_EXPLORATORY_V1,PEAK_DURATION_S36_I21_T7200,LOCAL_WINDOW_HPP_BASE_STATIONARY_EXTENSION,30,36,21,7200,OP_PEAK_DURATION_BASE_S36_I21_T7200,a9c64577749b02066ecfc527423c2cfd336cd7decba085a1f8e3ceb11ff72a50,TASK3_OPERATIONAL_POOLED_V1,202607290000,202609290301,202609290302,202609290303,202609290304,10914,10914,10914,9750,9750,0,0.805353230386,4.430404047,0.481788056203,0.607626746089,1.08941480229,19,9,20,0,0,0,47,2000,3.646410632,34.744753627,1.9811553305,0.690138329703,0.303162917003,0.680249912404,1.38123255177,1.91448828934,-0.000168018607605,0.826795937552,0.844512993364,RHO_LT_ONE_TERMINATING_COHORT,NOT_ESTIMATED_TERMINATING_COHORT
1.0,TASK3_PEAK_DURATION_SENSITIVITY_EXPLORATORY_V1,PEAK_DURATION_S36_I21_T7200,LOCAL_WINDOW_HPP_BASE_STATIONARY_EXTENSION,31,36,21,7200,OP_PEAK_DURATION_BASE_S36_I21_T7200,a9c64577749b02066ecfc527423c2cfd336cd7decba085a1f8e3ceb11ff72a50,TASK3_OPERATIONAL_POOLED_V1,202607290000,202609290311,202609290312,202609290313,202609290314,10914,10914,10914,9707,9707,0,0.598045593981,3.519900262,0.352935154097,0.447372285566,0.800307439663,14,9,15,1,0,1,55,1952,2.743389991,34.976056952,0.755775199857,0.717032135325,1.07081015246,0.544173828694,0.605655941819,1.09351206866,-6.57078920424e-05,0.826795937552,0.844512993364,RHO_LT_ONE_TERMINATING_COHORT,NOT_ESTIMATED_TERMINATING_COHORT
1.0,TASK3_PEAK_DURATION_SENSITIVITY_EXPLORATORY_V1,PEAK_DURATION_S36_I21_T7200,LOCAL_WINDOW_HPP_BASE_STATIONARY_EXTENSION,32,36,21,7200,OP_PEAK_DURATION_BASE_S36_I21_T7200,a9c64577749b02066ecfc527423c2cfd336cd7decba085a1f8e3ceb11ff72a50,TASK3_OPERATIONAL_POOLED_V1,202607290000,202609290321,202609290322,202609290323,202609290324,10914,10914,10914,9755,9755,0,0.796904702893,4.617972994,0.533624849707,0.545717137455,1.07934198716,16,9,17,0,0,0,47,1983,3.313379063,34.544488596,1.26859034647,0.873590347499,0.828452382993,1.00503788095,0.814729284543,1.5402859913,-0.000107815915334,0.826795937552,0.844512993364,RHO_LT_ONE_TERMINATING_COHORT,NOT_ESTIMATED_TERMINATING_COHORT
1.0,TASK3_PEAK_DURATION_SENSITIVITY_EXPLORATORY_V1,PEAK_DURATION_S36_I21_T7200,LOCAL_WINDOW_HPP_BASE_STATIONARY_EXTENSION,33,36,21,7200,OP_PEAK_DURATION_BASE_S36_I21_T7200,a9c64577749b02066ecfc527423c2cfd336cd7decba085a1f8e3ceb11ff72a50,TASK3_OPERATIONAL_POOLED_V1,202607290000,202609290331,202609290332,202609290333,202609290334,10914,10914,10914,9979,9979,0,0.841570108141,4.210024848,0.542646946002,0.620147795192,1.16279474119,15,8,15,0,2,2,54,1982,4.030725381,33.825621242,1.54467994585,1.73827098301,1.74723328227,0.8019208432,1.42908571036,2.32789211103,-0.000162158140387,0.826795937552,0.844512993364,RHO_LT_ONE_TERMINATING_COHORT,NOT_ESTIMATED_TERMINATING_COHORT
1.0,TASK3_PEAK_DURATION_SENSITIVITY_EXPLORATORY_V1,PEAK_DURATION_S36_I21_T7200,LOCAL_WINDOW_HPP_BASE_STATIONARY_EXTENSION,34,36,21,7200,OP_PEAK_DURATION_BASE_S36_I21_T7200,a9c64577749b02066ecfc527423c2cfd336cd7decba085a1f8e3ceb11ff72a50,TASK3_OPERATIONAL_POOLED_V1,202607290000,202609290341,202609290342,202609290343,202609290344,10914,10914,10914,9904,9904,0,0.96627973991,5.101212184,0.681112571363,0.640201688538,1.3213142599,19,11,25,0,7,7,55,1991,7.501379213,34.624640493,0.675691372975,2.05312042408,1.72463732577,1.84774992302,1.62212207908,0.319046041624,0.000234373737659,0.826795937552,0.844512993364,RHO_LT_ONE_TERMINATING_COHORT,NOT_ESTIMATED_TERMINATING_COHORT
1.0,TASK3_PEAK_DURATION_SENSITIVITY_EXPLORATORY_V1,PEAK_DURATION_S36_I21_T7200,LOCAL_WINDOW_HPP_BASE_STATIONARY_EXTENSION,35,36,21,7200,OP_PEAK_DURATION_BASE_S36_I21_T7200,a9c64577749b02066ecfc527423c2cfd336cd7decba085a1f8e3ceb11ff72a50,TASK3_OPERATIONAL_POOLED_V1,202607290000,202609290351,202609290352,202609290353,202609290354,10914,10914,10914,9828,9828,0,0.704371253695,3.905710597,0.417196098713,0.54405227617,0.961248374883,19,10,19,0,0,0,50,1973,3.109535047,34.595722357,0.77727778711,0.60793721321,1.19264475252,0.890081258671,0.513788112735,0.979972302315,-3.40049032346e-05,0.826795937552,0.844512993364,RHO_LT_ONE_TERMINATING_COHORT,NOT_ESTIMATED_TERMINATING_COHORT
1.0,TASK3_PEAK_DURATION_SENSITIVITY_EXPLORATORY_V1,PEAK_DURATION_S36_I21_T7200,LOCAL_WINDOW_HPP_BASE_STATIONARY_EXTENSION,36,36,21,7200,OP_PEAK_DURATION_BASE_S36_I21_T7200,a9c64577749b02066ecfc527423c2cfd336cd7decba085a1f8e3ceb11ff72a50,TASK3_OPERATIONAL_POOLED_V1,202607290000,202609290361,202609290362,202609290363,202609290364,10914,10914,10914,9823,9823,0,0.754913879537,4.21508599,0.46611661012,0.56100550456,1.02712211468,15,10,15,0,5,5,53,1991,4.440110708,34.247680211,1.84855193143,0.304734388489,1.54127082757,1.5042940044,0.994525920414,1.62004471905,-7.06239452942e-05,0.826795937552,0.844512993364,RHO_LT_ONE_TERMINATING_COHORT,NOT_ESTIMATED_TERMINATING_COHORT
1.0,TASK3_PEAK_DURATION_SENSITIVITY_EXPLORATORY_V1,PEAK_DURATION_S36_I21_T7200,LOCAL_WINDOW_HPP_BASE_STATIONARY_EXTENSION,37,36,21,7200,OP_PEAK_DURATION_BASE_S36_I21_T7200,a9c64577749b02066ecfc527423c2cfd336cd7decba085a1f8e3ceb11ff72a50,TASK3_OPERATIONAL_POOLED_V1,202607290000,202609290371,202609290372,202609290373,202609290374,10914,10914,10914,9873,9873,0,0.887937293494,4.559098136,0.553034585808,0.654717370844,1.20775195665,20,10,20,7,1,8,65,1980,3.981394189,41.069700952,0.760554080529,2.86742577588,1.16779861484,0.89406050799,1.23131741541,2.15811022752,-0.000143310916406,0.826795937552,0.844512993364,RHO_LT_ONE_TERMINATING_COHORT,NOT_ESTIMATED_TERMINATING_COHORT
1.0,TASK3_PEAK_DURATION_SENSITIVITY_EXPLORATORY_V1,PEAK_DURATION_S36_I21_T7200,LOCAL_WINDOW_HPP_BASE_STATIONARY_EXTENSION,38,36,21,7200,OP_PEAK_DURATION_BASE_S36_I21_T7200,a9c64577749b02066ecfc527423c2cfd336cd7decba085a1f8e3ceb11ff72a50,TASK3_OPERATIONAL_POOLED_V1,202607290000,202609290381,202609290382,202609290383,202609290384,10914,10914,10914,9948,9948,0,1.03599556479,5.458528152,0.736017231142,0.694067364054,1.4300845952,24,11,28,0,0,0,50,1950,9.765717431,34.518379802,2.84842921493,1.27259306784,1.76917493509,0.636291432814,3.52158769929,1.47710376973,9.86132407897e-05,0.826795937552,0.844512993364,RHO_LT_ONE_TERMINATING_COHORT,NOT_ESTIMATED_TERMINATING_COHORT
1.0,TASK3_PEAK_DURATION_SENSITIVITY_EXPLORATORY_V1,PEAK_DURATION_S36_I21_T7200,LOCAL_WINDOW_HPP_BASE_STATIONARY_EXTENSION,39,36,21,7200,OP_PEAK_DURATION_BASE_S36_I21_T7200,a9c64577749b02066ecfc527423c2cfd336cd7decba085a1f8e3ceb11ff72a50,TASK3_OPERATIONAL_POOLED_V1,202607290000,202609290391,202609290392,202609290393,202609290394,10914,10914,10914,9876,9876,0,1.08315901125,5.840852887,0.771230580047,0.713692881325,1.48492346137,15,10,18,0,2,2,54,2026,6.576610343,34.599111303,1.69727438035,0.787753772836,1.76607549829,2.34516957441,1.8843018234,0.247511994091,0.000268259817735,0.826795937552,0.844512993364,RHO_LT_ONE_TERMINATING_COHORT,NOT_ESTIMATED_TERMINATING_COHORT
1.0,TASK3_PEAK_DURATION_SENSITIVITY_EXPLORATORY_V1,PEAK_DURATION_S36_I21_T7200,LOCAL_WINDOW_HPP_BASE_STATIONARY_EXTENSION,40,36,21,7200,OP_PEAK_DURATION_BASE_S36_I21_T7200,a9c64577749b02066ecfc527423c2cfd336cd7decba085a1f8e3ceb11ff72a50,TASK3_OPERATIONAL_POOLED_V1,202607290000,202609290401,202609290402,202609290403,202609290404,10914,10914,10914,9854,9854,0,0.885920571337,4.485777651,0.568380973488,0.644099764006,1.21248073749,15,9,16,0,0,0,44,1927,3.252896871,34.492549386,1.15556315541,1.68484247091,1.99954141611,0.774743434961,0.722760451075,2.59926851916,-0.000246625617309,0.826795937552,0.844512993364,RHO_LT_ONE_TERMINATING_COHORT,NOT_ESTIMATED_TERMINATING_COHORT
1.0,TASK3_PEAK_DURATION_SENSITIVITY_EXPLORATORY_V1,PEAK_DURATION_S36_I21_T7200,LOCAL_WINDOW_HPP_BASE_STATIONARY_EXTENSION,41,36,21,7200,OP_PEAK_DURATION_BASE_S36_I21_T7200,a9c64577749b02066ecfc527423c2cfd336cd7decba085a1f8e3ceb11ff72a50,TASK3_OPERATIONAL_POOLED_V1,202607290000,202609290411,202609290412,202609290413,202609290414,10914,10914,10914,9735,9735,0,0.633328813761,3.827321621,0.360603195508,0.495710138097,0.856313333605,12,10,12,0,0,0,46,1933,3.11926559,34.816427512,0.691976130329,0.978499053865,0.929536895963,0.512636328149,0.873391580525,0.87448186676,-1.43099757396e-05,0.826795937552,0.844512993364,RHO_LT_ONE_TERMINATING_COHORT,NOT_ESTIMATED_TERMINATING_COHORT
1.0,TASK3_PEAK_DURATION_SENSITIVITY_EXPLORATORY_V1,PEAK_DURATION_S36_I21_T7200,LOCAL_WINDOW_HPP_BASE_STATIONARY_EXTENSION,42,36,21,7200,OP_PEAK_DURATION_BASE_S36_I21_T7200,a9c64577749b02066ecfc527423c2cfd336cd7decba085a1f8e3ceb11ff72a50,TASK3_OPERATIONAL_POOLED_V1,202607290000,202609290421,202609290422,202609290423,202609290424,10914,10914,10914,9816,9816,0,0.877531705817,4.765673467,0.548533251494,0.647428559573,1.19596181107,18,10,18,0,0,0,46,1983,4.182092067,34.816884976,1.14653669934,1.18824924303,1.67428168866,1.50334242927,0.73575020504,1.62949190483,-7.03444169934e-05,0.826795937552,0.844512993364,RHO_LT_ONE_TERMINATING_COHORT,NOT_ESTIMATED_TERMINATING_COHORT
1.0,TASK3_PEAK_DURATION_SENSITIVITY_EXPLORATORY_V1,PEAK_DURATION_S36_I21_T7200,LOCAL_WINDOW_HPP_BASE_STATIONARY_EXTENSION,43,36,21,7200,OP_PEAK_DURATION_BASE_S36_I21_T7200,a9c64577749b02066ecfc527423c2cfd336cd7decba085a1f8e3ceb11ff72a50,TASK3_OPERATIONAL_POOLED_V1,202607290000,202609290431,202609290432,202609290433,202609290434,10914,10914,10914,9964,9964,0,0.796543696676,3.881964868,0.483176546401,0.617523770403,1.1007003168,18,11,20,0,4,4,50,1994,3.25767347,34.617244661,0.769190599165,1.38874955259,1.3040040556,1.05662555186,0.627818329685,1.49042902255,-8.53984082913e-05,0.826795937552,0.844512993364,RHO_LT_ONE_TERMINATING_COHORT,NOT_ESTIMATED_TERMINATING_COHORT
1.0,TASK3_PEAK_DURATION_SENSITIVITY_EXPLORATORY_V1,PEAK_DURATION_S36_I21_T7200,LOCAL_WINDOW_HPP_BASE_STATIONARY_EXTENSION,44,36,21,7200,OP_PEAK_DURATION_BASE_S36_I21_T7200,a9c64577749b02066ecfc527423c2cfd336cd7decba085a1f8e3ceb11ff72a50,TASK3_OPERATIONAL_POOLED_V1,202607290000,202609290441,202609290442,202609290443,202609290444,10914,10914,10914,9988,9988,0,0.973777003802,4.647125434,0.617396263441,0.733372087612,1.35076835105,18,12,21,0,0,0,45,1997,3.870300186,34.805166806,1.1368472463,0.662972236803,0.774570267533,1.0372765752,1.45120995149,0.260302943887,0.000139309687329,0.826795937552,0.844512993364,RHO_LT_ONE_TERMINATING_COHORT,NOT_ESTIMATED_TERMINATING_COHORT
1.0,TASK3_PEAK_DURATION_SENSITIVITY_EXPLORATORY_V1,PEAK_DURATION_S36_I21_T7200,LOCAL_WINDOW_HPP_BASE_STATIONARY_EXTENSION,45,36,21,7200,OP_PEAK_DURATION_BASE_S36_I21_T7200,a9c64577749b02066ecfc527423c2cfd336cd7decba085a1f8e3ceb11ff72a50,TASK3_OPERATIONAL_POOLED_V1,202607290000,202609290451,202609290452,202609290453,202609290454,10914,10914,10914,9820,9820,0,0.726838465167,4.219314996,0.39525698904,0.593976548795,0.989233537835,14,10,16,0,4,4,47,1914,2.441820669,31.755698292,0.44051054224,0.452829423133,1.13074135635,0.61409042151,0.514144808565,0.399066162091,4.28513237537e-05,0.826795937552,0.844512993364,RHO_LT_ONE_TERMINATING_COHORT,NOT_ESTIMATED_TERMINATING_COHORT
1.0,TASK3_PEAK_DURATION_SENSITIVITY_EXPLORATORY_V1,PEAK_DURATION_S36_I21_T7200,LOCAL_WINDOW_HPP_BASE_STATIONARY_EXTENSION,46,36,21,7200,OP_PEAK_DURATION_BASE_S36_I21_T7200,a9c64577749b02066ecfc527423c2cfd336cd7decba085a1f8e3ceb11ff72a50,TASK3_OPERATIONAL_POOLED_V1,202607290000,202609290461,202609290462,202609290463,202609290464,10914,10914,10914,9873,9873,0,0.740858527741,3.897982509,0.434571324455,0.578626837077,1.01319816153,15,10,16,1,0,1,54,1977,2.742126638,37.05763392,2.08768578381,0.835919424703,0.384647402561,0.60133144631,0.706720320765,3.170650054,-0.000416183181179,0.826795937552,0.844512993364,RHO_LT_ONE_TERMINATING_COHORT,NOT_ESTIMATED_TERMINATING_COHORT
1.0,TASK3_PEAK_DURATION_SENSITIVITY_EXPLORATORY_V1,PEAK_DURATION_S36_I21_T7200,LOCAL_WINDOW_HPP_BASE_STATIONARY_EXTENSION,47,36,21,7200,OP_PEAK_DURATION_BASE_S36_I21_T7200,a9c64577749b02066ecfc527423c2cfd336cd7decba085a1f8e3ceb11ff72a50,TASK3_OPERATIONAL_POOLED_V1,202607290000,202609290471,202609290472,202609290473,202609290474,10914,10914,10914,9798,9798,0,0.857783683693,4.702956243,0.595709058317,0.571591571242,1.16730062956,17,9,17,0,0,0,46,1895,3.465673462,34.54632996,1.91288233465,1.06962653982,1.3032025957,0.838305213664,0.452592500646,3.47924758251,-0.000437764026966,0.826795937552,0.844512993364,RHO_LT_ONE_TERMINATING_COHORT,NOT_ESTIMATED_TERMINATING_COHORT
1.0,TASK3_PEAK_DURATION_SENSITIVITY_EXPLORATORY_V1,PEAK_DURATION_S36_I21_T7200,LOCAL_WINDOW_HPP_BASE_STATIONARY_EXTENSION,48,36,21,7200,OP_PEAK_DURATION_BASE_S36_I21_T7200,a9c64577749b02066ecfc527423c2cfd336cd7decba085a1f8e3ceb11ff72a50,TASK3_OPERATIONAL_POOLED_V1,202607290000,202609290481,202609290482,202609290483,202609290484,10914,10914,10914,9744,9744,0,0.754994057546,4.354106514,0.453783608691,0.563758734383,1.01754234307,16,10,16,0,0,0,56,1948,3.427451166,35.697835117,0.613664616592,0.764713775965,0.626378406731,0.717706153024,0.914064530049,0.311961343493,7.6915583885e-05,0.826795937552,0.844512993364,RHO_LT_ONE_TERMINATING_COHORT,NOT_ESTIMATED_TERMINATING_COHORT
1.0,TASK3_PEAK_DURATION_SENSITIVITY_EXPLORATORY_V1,PEAK_DURATION_S36_I21_T7200,LOCAL_WINDOW_HPP_BASE_STATIONARY_EXTENSION,49,36,21,7200,OP_PEAK_DURATION_BASE_S36_I21_T7200,a9c64577749b02066ecfc527423c2cfd336cd7decba085a1f8e3ceb11ff72a50,TASK3_OPERATIONAL_POOLED_V1,202607290000,202609290491,202609290492,202609290493,202609290494,10914,10914,10914,9799,9799,0,0.792863897819,4.325992055,0.482603303352,0.596462437583,1.07906574093,16,12,16,0,0,0,34,1883,2.851301372,34.801551377,0.444620119439,1.00065113398,0.421231905235,0.941823639751,0.283175824633,0.904587587487,-5.30161227554e-05,0.826795937552,0.844512993364,RHO_LT_ONE_TERMINATING_COHORT,NOT_ESTIMATED_TERMINATING_COHORT
1.0,TASK3_PEAK_DURATION_SENSITIVITY_EXPLORATORY_V1,PEAK_DURATION_S36_I21_T7200,LOCAL_WINDOW_HPP_BASE_STATIONARY_EXTENSION,50,36,21,7200,OP_PEAK_DURATION_BASE_S36_I21_T7200,a9c64577749b02066ecfc527423c2cfd336cd7decba085a1f8e3ceb11ff72a50,TASK3_OPERATIONAL_POOLED_V1,202607290000,202609290501,202609290502,202609290503,202609290504,10914,10914,10914,9850,9850,0,0.84501528384,4.568985087,0.564143572952,0.591880358301,1.15602393125,17,12,20,0,0,0,44,1991,4.580950134,34.064905172,0.552311073833,1.35322228197,2.80032464178,0.619243831642,1.73556313646,0.187738736945,0.000226739677073,0.826795937552,0.844512993364,RHO_LT_ONE_TERMINATING_COHORT,NOT_ESTIMATED_TERMINATING_COHORT
1.0,TASK3_PEAK_DURATION_SENSITIVITY_EXPLORATORY_V1,PEAK_DURATION_S30_I18_T300,LOCAL_WINDOW_HPP_BASE_STATIONARY_EXTENSION,1,30,18,300,OP_PEAK_DURATION_BASE_S30_I18_T300,75804ec054b5fc2d1af868eb5d58199a3c03b205fc2d5d0fb81a4de1df3c014e,TASK3_OPERATIONAL_POOLED_V1,202607290000,202609290011,202609290012,202609290013,202609290014,5000,5000,5000,396,396,0,2.94474763715,6.709028013,2.30299918186,1.58298233323,3.88598151509,10,12,12,0,0,0,42,65,5.128964488,34.854323649,4.44845554017,4.08794523873,7.16724989143,3.34659388243,1.146943671,9.54771896573,-0.0244812503154,0.992155125062,0.985265158924,RHO_LT_ONE_TERMINATING_COHORT,NOT_ESTIMATED_TERMINATING_COHORT
1.0,TASK3_PEAK_DURATION_SENSITIVITY_EXPLORATORY_V1,PEAK_DURATION_S30_I18_T300,LOCAL_WINDOW_HPP_BASE_STATIONARY_EXTENSION,2,30,18,300,OP_PEAK_DURATION_BASE_S30_I18_T300,75804ec054b5fc2d1af868eb5d58199a3c03b205fc2d5d0fb81a4de1df3c014e,TASK3_OPERATIONAL_POOLED_V1,202607290000,202609290021,202609290022,202609290023,202609290024,5000,5000,5000,442,442,0,9.48841681196,17.813377943,10.7854739156,1.83969044227,12.6251643579,32,8,32,32,0,32,80,99,21.458484009,57.641675253,18.6785982185,21.7429317132,18.0924970044,13.5795551818,19.9284268121,22.6521912942,-0.018879064481,0.992155125062,0.985265158924,RHO_LT_ONE_TERMINATING_COHORT,NOT_ESTIMATED_TERMINATING_COHORT
1.0,TASK3_PEAK_DURATION_SENSITIVITY_EXPLORATORY_V1,PEAK_DURATION_S30_I18_T300,LOCAL_WINDOW_HPP_BASE_STATIONARY_EXTENSION,3,30,18,300,OP_PEAK_DURATION_BASE_S30_I18_T300,75804ec054b5fc2d1af868eb5d58199a3c03b205fc2d5d0fb81a4de1df3c014e,TASK3_OPERATIONAL_POOLED_V1,202607290000,202609290031,202609290032,202609290033,202609290034,5000,5000,5000,393,393,0,2.23196133913,7.923866838,2.17507264025,0.7241545193,2.89922715955,16,8,16,0,0,0,43,74,2.419472633,34.76039242,3.13540006693,1.64546425513,0.697835437433,2.10478238127,1.18256592513,4.33797223128,-0.0114878338582,0.992155125062,0.985265158924,RHO_LT_ONE_TERMINATING_COHORT,NOT_ESTIMATED_TERMINATING_COHORT
1.0,TASK3_PEAK_DURATION_SENSITIVITY_EXPLORATORY_V1,PEAK_DURATION_S30_I18_T300,LOCAL_WINDOW_HPP_BASE_STATIONARY_EXTENSION,4,30,18,300,OP_PEAK_DURATION_BASE_S30_I18_T300,75804ec054b5fc2d1af868eb5d58199a3c03b205fc2d5d0fb81a4de1df3c014e,TASK3_OPERATIONAL_POOLED_V1,202607290000,202609290041,202609290042,202609290043,202609290044,5000,5000,5000,410,410,0,2.80853497336,9.497280019,2.70557075479,0.76439303245,3.46996378724,16,5,17,15,2,17,65,94,11.514821435,45.494382333,0.925355365433,2.07987003423,2.3829025407,7.492881513,12.167922473,-15.9138228852,0.0929938189799,0.992155125062,0.985265158924,RHO_LT_ONE_TERMINATING_COHORT,NOT_ESTIMATED_TERMINATING_COHORT
1.0,TASK3_PEAK_DURATION_SENSITIVITY_EXPLORATORY_V1,PEAK_DURATION_S30_I18_T300,LOCAL_WINDOW_HPP_BASE_STATIONARY_EXTENSION,5,30,18,300,OP_PEAK_DURATION_BASE_S30_I18_T300,75804ec054b5fc2d1af868eb5d58199a3c03b205fc2d5d0fb81a4de1df3c014e,TASK3_OPERATIONAL_POOLED_V1,202607290000,202609290051,202609290052,202609290053,202609290054,5000,5000,5000,388,388,0,3.96720670787,7.486838443,4.35265352293,0.778267152577,5.13092067551,13,7,13,0,0,0,34,58,5.969087575,33.55701864,4.31099779653,6.4974977747,8.67085468243,5.47605394847,1.07636163567,10.8243902785,-0.0249690538266,0.992155125062,0.985265158924,RHO_LT_ONE_TERMINATING_COHORT,NOT_ESTIMATED_TERMINATING_COHORT
1.0,TASK3_PEAK_DURATION_SENSITIVITY_EXPLORATORY_V1,PEAK_DURATION_S30_I18_T300,LOCAL_WINDOW_HPP_BASE_STATIONARY_EXTENSION,6,30,18,300,OP_PEAK_DURATION_BASE_S30_I18_T300,75804ec054b5fc2d1af868eb5d58199a3c03b205fc2d5d0fb81a4de1df3c014e,TASK3_OPERATIONAL_POOLED_V1,202607290000,202609290061,202609290062,202609290063,202609290064,5000,5000,5000,419,419,0,7.61334326872,15.118788209,8.83989066346,1.23498683789,10.0748775014,24,7,24,14,4,18,66,85,16.511111602,48.236605114,11.9768899876,17.6198854927,15.4154352352,18.20711221,19.0518446513,5.4013814818,0.0491237868158,0.992155125062,0.985265158924,RHO_LT_ONE_TERMINATING_COHORT,NOT_ESTIMATED_TERMINATING_COHORT
1.0,TASK3_PEAK_DURATION_SENSITIVITY_EXPLORATORY_V1,PEAK_DURATION_S30_I18_T300,LOCAL_WINDOW_HPP_BASE_STATIONARY_EXTENSION,7,30,18,300,OP_PEAK_DURATION_BASE_S30_I18_T300,75804ec054b5fc2d1af868eb5d58199a3c03b205fc2d5d0fb81a4de1df3c014e,TASK3_OPERATIONAL_POOLED_V1,202607290000,202609290071,202609290072,202609290073,202609290074,5000,5000,5000,408,408,0,2.85173963876,6.953261703,3.00093665998,0.75469813545,3.75563479543,14,6,14,8,0,8,56,87,6.494266129,39.866615257,3.16987749843,5.80149941717,2.59731959277,2.24670437673,5.982485228,2.40676190859,0.00690140139567,0.992155125062,0.985265158924,RHO_LT_ONE_TERMINATING_COHORT,NOT_ESTIMATED_TERMINATING_COHORT
1.0,TASK3_PEAK_DURATION_SENSITIVITY_EXPLORATORY_V1,PEAK_DURATION_S30_I18_T300,LOCAL_WINDOW_HPP_BASE_STATIONARY_EXTENSION,8,30,18,300,OP_PEAK_DURATION_BASE_S30_I18_T300,75804ec054b5fc2d1af868eb5d58199a3c03b205fc2d5d0fb81a4de1df3c014e,TASK3_OPERATIONAL_POOLED_V1,202607290000,202609290081,202609290082,202609290083,202609290084,5000,5000,5000,442,442,0,16.8737567208,28.724506044,21.4979855678,2.14277705196,23.6407626198,42,8,43,24,4,28,76,75,28.382325876,55.643998571,25.4758792624,38.5901611713,37.4114872442,35.7752808382,35.9582719163,21.0297873554,0.0604996832491,0.992155125062,0.985265158924,RHO_LT_ONE_TERMINATING_COHORT,NOT_ESTIMATED_TERMINATING_COHORT
1.0,TASK3_PEAK_DURATION_SENSITIVITY_EXPLORATORY_V1,PEAK_DURATION_S30_I18_T300,LOCAL_WINDOW_HPP_BASE_STATIONARY_EXTENSION,9,30,18,300,OP_PEAK_DURATION_BASE_S30_I18_T300,75804ec054b5fc2d1af868eb5d58199a3c03b205fc2d5d0fb81a4de1df3c014e,TASK3_OPERATIONAL_POOLED_V1,202607290000,202609290091,202609290092,202609290093,202609290094,5000,5000,5000,395,395,0,3.45297728483,11.293027373,3.57665054768,0.84024980663,4.41690035431,18,6,18,4,0,4,52,84,4.950776452,38.044628451,13.9215875392,3.00449614887,0.7359790104,0.507499340867,3.71437598777,21.5603525386,-0.0763713997031,0.992155125062,0.985265158924,RHO_LT_ONE_TERMINATING_COHORT,NOT_ESTIMATED_TERMINATING_COHORT
1.0,TASK3_PEAK_DURATION_SENSITIVITY_EXPLORATORY_V1,PEAK_DURATION_S30_I18_T300,LOCAL_WINDOW_HPP_BASE_STATIONARY_EXTENSION,10,30,18,300,OP_PEAK_DURATION_BASE_S30_I18_T300,75804ec054b5fc2d1af868eb5d58199a3c03b205fc2d5d0fb81a4de1df3c014e,TASK3_OPERATIONAL_POOLED_V1,202607290000,202609290101,202609290102,202609290103,202609290104,5000,5000,5000,394,394,0,2.48498156894,7.336964402,2.45610004619,0.712940519007,3.1690405652,13,4,14,4,0,4,52,84,3.542245833,37.37319999,7.52834508607,8.61327826697,5.60408483687,2.3311983809,3.32009207443,16.503339161,-0.0489952863644,0.992155125062,0.985265158924,RHO_LT_ONE_TERMINATING_COHORT,NOT_ESTIMATED_TERMINATING_COHORT
1.0,TASK3_PEAK_DURATION_SENSITIVITY_EXPLORATORY_V1,PEAK_DURATION_S30_I18_T300,LOCAL_WINDOW_HPP_BASE_STATIONARY_EXTENSION,11,30,18,300,OP_PEAK_DURATION_BASE_S30_I18_T300,75804ec054b5fc2d1af868eb5d58199a3c03b205fc2d5d0fb81a4de1df3c014e,TASK3_OPERATIONAL_POOLED_V1,202607290000,202609290111,202609290112,202609290113,202609290114,5000,5000,5000,409,409,0,8.96517266889,16.980346483,10.7274908009,1.39089901798,12.1183898188,27,7,29,0,3,3,46,70,9.250242857,34.795505588,20.0407880394,18.183840141,20.4099742229,9.0279778416,4.18153942733,45.024593577,-0.136247865078,0.992155125062,0.985265158924,RHO_LT_ONE_TERMINATING_COHORT,NOT_ESTIMATED_TERMINATING_COHORT
1.0,TASK3_PEAK_DURATION_SENSITIVITY_EXPLORATORY_V1,PEAK_DURATION_S30_I18_T300,LOCAL_WINDOW_HPP_BASE_STATIONARY_EXTENSION,12,30,18,300,OP_PEAK_DURATION_BASE_S30_I18_T300,75804ec054b5fc2d1af868eb5d58199a3c03b205fc2d5d0fb81a4de1df3c014e,TASK3_OPERATIONAL_POOLED_V1,202607290000,202609290121,202609290122,202609290123,202609290124,5000,5000,5000,423,423,0,6.96020123741,16.251873249,8.52745131676,0.836758279967,9.36420959673,25,5,25,17,0,17,65,84,14.162603737,47.154300511,9.74898575717,19.643413621,20.7912153693,14.7540427719,17.466511503,8.57157332262,0.0351522688082,0.992155125062,0.985265158924,RHO_LT_ONE_TERMINATING_COHORT,NOT_ESTIMATED_TERMINATING_COHORT
1.0,TASK3_PEAK_DURATION_SENSITIVITY_EXPLORATORY_V1,PEAK_DURATION_S30_I18_T300,LOCAL_WINDOW_HPP_BASE_STATIONARY_EXTENSION,13,30,18,300,OP_PEAK_DURATION_BASE_S30_I18_T300,75804ec054b5fc2d1af868eb5d58199a3c03b205fc2d5d0fb81a4de1df3c014e,TASK3_OPERATIONAL_POOLED_V1,202607290000,202609290131,202609290132,202609290133,202609290134,5000,5000,5000,455,455,0,22.5888203981,39.157879112,30.4624425096,1.28563201484,31.7480745244,56,5,57,42,3,45,93,87,34.229319065,66.472637291,53.4292833453,46.8082365181,41.5253452562,39.3370588759,44.6123398082,63.971251298,-0.0836835490544,0.992155125062,0.985265158924,RHO_LT_ONE_TERMINATING_COHORT,NOT_ESTIMATED_TERMINATING_COHORT
1.0,TASK3_PEAK_DURATION_SENSITIVITY_EXPLORATORY_V1,PEAK_DURATION_S30_I18_T300,LOCAL_WINDOW_HPP_BASE_STATIONARY_EXTENSION,14,30,18,300,OP_PEAK_DURATION_BASE_S30_I18_T300,75804ec054b5fc2d1af868eb5d58199a3c03b205fc2d5d0fb81a4de1df3c014e,TASK3_OPERATIONAL_POOLED_V1,202607290000,202609290141,202609290142,202609290143,202609290144,5000,5000,5000,374,374,0,2.50927987247,7.868895423,2.39612998349,0.732105590857,3.12823557435,14,6,14,0,0,0,31,63,2.549179862,33.71948482,1.14463940957,4.9353288801,7.74133342533,1.84520624733,0.4977328147,6.52080002228,-0.0146131194083,0.992155125062,0.985265158924,RHO_LT_ONE_TERMINATING_COHORT,NOT_ESTIMATED_TERMINATING_COHORT
1.0,TASK3_PEAK_DURATION_SENSITIVITY_EXPLORATORY_V1,PEAK_DURATION_S30_I18_T300,LOCAL_WINDOW_HPP_BASE_STATIONARY_EXTENSION,15,30,18,300,OP_PEAK_DURATION_BASE_S30_I18_T300,75804ec054b5fc2d1af868eb5d58199a3c03b205fc2d5d0fb81a4de1df3c014e,TASK3_OPERATIONAL_POOLED_V1,202607290000,202609290151,202609290152,202609290153,202609290154,5000,5000,5000,386,386,0,2.42032492995,10.064721518,2.60547218537,0.445949719363,3.05142190473,16,3,17,0,1,1,48,67,11.641300706,34.712181498,2.29972300617,0.963960409033,7.27673155637,12.18506354,3.4493773195,-4.90533765203,0.0450680391922,0.992155125062,0.985265158924,RHO_LT_ONE_TERMINATING_COHORT,NOT_ESTIMATED_TERMINATING_COHORT
1.0,TASK3_PEAK_DURATION_SENSITIVITY_EXPLORATORY_V1,PEAK_DURATION_S30_I18_T300,LOCAL_WINDOW_HPP_BASE_STATIONARY_EXTENSION,16,30,18,300,OP_PEAK_DURATION_BASE_S30_I18_T300,75804ec054b5fc2d1af868eb5d58199a3c03b205fc2d5d0fb81a4de1df3c014e,TASK3_OPERATIONAL_POOLED_V1,202607290000,202609290161,202609290162,202609290163,202609290164,5000,5000,5000,401,401,0,2.59657028329,10.28157536,2.29605605934,0.671000194123,2.96705625346,18,6,20,16,2,18,66,95,12.986675305,47.690681213,2.95086123387,3.91559508737,1.40771131003,6.15545619873,13.3200477351,-11.6837412724,0.0765941137128,0.992155125062,0.985265158924,RHO_LT_ONE_TERMINATING_COHORT,NOT_ESTIMATED_TERMINATING_COHORT
1.0,TASK3_PEAK_DURATION_SENSITIVITY_EXPLORATORY_V1,PEAK_DURATION_S30_I18_T300,LOCAL_WINDOW_HPP_BASE_STATIONARY_EXTENSION,17,30,18,300,OP_PEAK_DURATION_BASE_S30_I18_T300,75804ec054b5fc2d1af868eb5d58199a3c03b205fc2d5d0fb81a4de1df3c014e,TASK3_OPERATIONAL_POOLED_V1,202607290000,202609290171,202609290172,202609290173,202609290174,5000,5000,5000,429,429,0,8.38390893607,19.491999263,10.0218208747,1.17056407665,11.1923849514,28,5,29,24,0,24,72,80,19.787549486,51.937421269,7.13140368273,9.30817673837,20.4714622598,22.1428967012,23.275884993,-17.3767970625,0.150412275278,0.992155125062,0.985265158924,RHO_LT_ONE_TERMINATING_COHORT,NOT_ESTIMATED_TERMINATING_COHORT
1.0,TASK3_PEAK_DURATION_SENSITIVITY_EXPLORATORY_V1,PEAK_DURATION_S30_I18_T300,LOCAL_WINDOW_HPP_BASE_STATIONARY_EXTENSION,18,30,18,300,OP_PEAK_DURATION_BASE_S30_I18_T300,75804ec054b5fc2d1af868eb5d58199a3c03b205fc2d5d0fb81a4de1df3c014e,TASK3_OPERATIONAL_POOLED_V1,202607290000,202609290181,202609290182,202609290183,202609290184,5000,5000,5000,419,419,0,7.27977554382,14.413630355,8.92182788136,0.892528008087,9.81435588945,22,4,24,13,2,15,63,77,13.345415198,44.755464281,14.2576155531,18.2127713497,17.9430159275,15.210362843,13.7489965645,18.8892873105,-0.0133988216133,0.992155125062,0.985265158924,RHO_LT_ONE_TERMINATING_COHORT,NOT_ESTIMATED_TERMINATING_COHORT
1.0,TASK3_PEAK_DURATION_SENSITIVITY_EXPLORATORY_V1,PEAK_DURATION_S30_I18_T300,LOCAL_WINDOW_HPP_BASE_STATIONARY_EXTENSION,19,30,18,300,OP_PEAK_DURATION_BASE_S30_I18_T300,75804ec054b5fc2d1af868eb5d58199a3c03b205fc2d5d0fb81a4de1df3c014e,TASK3_OPERATIONAL_POOLED_V1,202607290000,202609290191,202609290192,202609290193,202609290194,5000,5000,5000,445,445,0,9.56064598063,24.555217608,11.0668303811,1.14036798518,12.2071983663,41,6,41,40,0,40,87,101,27.89045398,62.564424231,10.2614892838,14.3909293335,21.7099181425,26.011868982,33.2389072275,-22.059209058,0.191919251786,0.992155125062,0.985265158924,RHO_LT_ONE_TERMINATING_COHORT,NOT_ESTIMATED_TERMINATING_COHORT
1.0,TASK3_PEAK_DURATION_SENSITIVITY_EXPLORATORY_V1,PEAK_DURATION_S30_I18_T300,LOCAL_WINDOW_HPP_BASE_STATIONARY_EXTENSION,20,30,18,300,OP_PEAK_DURATION_BASE_S30_I18_T300,75804ec054b5fc2d1af868eb5d58199a3c03b205fc2d5d0fb81a4de1df3c014e,TASK3_OPERATIONAL_POOLED_V1,202607290000,202609290201,202609290202,202609290203,202609290204,5000,5000,5000,418,418,0,5.6149630028,13.217860701,6.62613574118,0.997405052523,7.6235407937,22,5,22,6,4,10,58,86,9.528150785,40.531359805,14.1527804214,8.77593946433,4.4148518804,8.88651554137,10.5581771505,14.6666257401,-0.0235954348823,0.992155125062,0.985265158924,RHO_LT_ONE_TERMINATING_COHORT,NOT_ESTIMATED_TERMINATING_COHORT
1.0,TASK3_PEAK_DURATION_SENSITIVITY_EXPLORATORY_V1,PEAK_DURATION_S30_I18_T300,LOCAL_WINDOW_HPP_BASE_STATIONARY_EXTENSION,21,30,18,300,OP_PEAK_DURATION_BASE_S30_I18_T300,75804ec054b5fc2d1af868eb5d58199a3c03b205fc2d5d0fb81a4de1df3c014e,TASK3_OPERATIONAL_POOLED_V1,202607290000,202609290211,202609290212,202609290213,202609290214,5000,5000,5000,417,417,0,7.24086818832,18.710221604,8.22740205342,0.79369231939,9.02109437281,30,6,30,29,0,29,77,82,19.492514755,55.07208613,0.817158555133,11.560240373,20.1172567264,24.2995101718,22.2541350793,-25.9002569541,0.18537740949,0.992155125062,0.985265158924,RHO_LT_ONE_TERMINATING_COHORT,NOT_ESTIMATED_TERMINATING_COHORT
1.0,TASK3_PEAK_DURATION_SENSITIVITY_EXPLORATORY_V1,PEAK_DURATION_S30_I18_T300,LOCAL_WINDOW_HPP_BASE_STATIONARY_EXTENSION,22,30,18,300,OP_PEAK_DURATION_BASE_S30_I18_T300,75804ec054b5fc2d1af868eb5d58199a3c03b205fc2d5d0fb81a4de1df3c014e,TASK3_OPERATIONAL_POOLED_V1,202607290000,202609290221,202609290222,202609290223,202609290224,5000,5000,5000,410,410,0,3.8239603734,8.503387903,4.29035706065,0.820556216293,5.11091327694,14,5,15,5,1,6,54,83,8.705646692,38.073466692,8.51246233707,5.2127557524,5.54685048983,6.04120264837,8.93184587327,5.59861294391,0.00555737989456,0.992155125062,0.985265158924,RHO_LT_ONE_TERMINATING_COHORT,NOT_ESTIMATED_TERMINATING_COHORT
1.0,TASK3_PEAK_DURATION_SENSITIVITY_EXPLORATORY_V1,PEAK_DURATION_S30_I18_T300,LOCAL_WINDOW_HPP_BASE_STATIONARY_EXTENSION,23,30,18,300,OP_PEAK_DURATION_BASE_S30_I18_T300,75804ec054b5fc2d1af868eb5d58199a3c03b205fc2d5d0fb81a4de1df3c014e,TASK3_OPERATIONAL_POOLED_V1,202607290000,202609290231,202609290232,202609290233,202609290234,5000,5000,5000,439,439,0,14.5807693888,23.24806366,17.8598396029,2.4455588852,20.3053984881,34,8,34,21,6,27,75,85,24.272377761,54.025437975,20.9372396488,28.0033567048,27.3177793357,30.131485341,29.4115022796,12.8527822387,0.0635888463256,0.992155125062,0.985265158924,RHO_LT_ONE_TERMINATING_COHORT,NOT_ESTIMATED_TERMINATING_COHORT
1.0,TASK3_PEAK_DURATION_SENSITIVITY_EXPLORATORY_V1,PEAK_DURATION_S30_I18_T300,LOCAL_WINDOW_HPP_BASE_STATIONARY_EXTENSION,24,30,18,300,OP_PEAK_DURATION_BASE_S30_I18_T300,75804ec054b5fc2d1af868eb5d58199a3c03b205fc2d5d0fb81a4de1df3c014e,TASK3_OPERATIONAL_POOLED_V1,202607290000,202609290241,202609290242,202609290243,202609290244,5000,5000,5000,412,412,0,3.16766361407,8.794998031,2.65360567545,1.38281286872,4.03641854417,14,7,14,13,1,14,62,92,8.908818184,45.495951714,4.82548325363,2.29596614927,2.97560707837,2.95184211387,6.1810458719,1.32073799256,0.0112233373371,0.992155125062,0.985265158924,RHO_LT_ONE_TERMINATING_COHORT,NOT_ESTIMATED_TERMINATING_COHORT
1.0,TASK3_PEAK_DURATION_SENSITIVITY_EXPLORATORY_V1,PEAK_DURATION_S30_I18_T300,LOCAL_WINDOW_HPP_BASE_STATIONARY_EXTENSION,25,30,18,300,OP_PEAK_DURATION_BASE_S30_I18_T300,75804ec054b5fc2d1af868eb5d58199a3c03b205fc2d5d0fb81a4de1df3c014e,TASK3_OPERATIONAL_POOLED_V1,202607290000,202609290251,202609290252,202609290253,202609290254,5000,5000,5000,424,424,0,9.61337167748,18.17462533,10.9283224135,1.93898945949,12.867311873,27,7,30,19,0,19,67,86,14.251243716,50.058416462,22.3970983029,24.1541610072,19.5645149111,12.0609723588,13.5183870143,40.726985138,-0.0995020374183,0.992155125062,0.985265158924,RHO_LT_ONE_TERMINATING_COHORT,NOT_ESTIMATED_TERMINATING_COHORT
1.0,TASK3_PEAK_DURATION_SENSITIVITY_EXPLORATORY_V1,PEAK_DURATION_S30_I18_T300,LOCAL_WINDOW_HPP_BASE_STATIONARY_EXTENSION,26,30,18,300,OP_PEAK_DURATION_BASE_S30_I18_T300,75804ec054b5fc2d1af868eb5d58199a3c03b205fc2d5d0fb81a4de1df3c014e,TASK3_OPERATIONAL_POOLED_V1,202607290000,202609290261,202609290262,202609290263,202609290264,5000,5000,5000,419,419,0,8.10426021053,14.721865753,9.65872108581,1.23196272852,10.8906838143,24,7,24,15,1,16,64,81,16.22630256,46.250001735,11.2139839614,15.0709272876,16.6467385724,15.4393211572,19.3251741048,3.09614839931,0.0553025805217,0.992155125062,0.985265158924,RHO_LT_ONE_TERMINATING_COHORT,NOT_ESTIMATED_TERMINATING_COHORT
1.0,TASK3_PEAK_DURATION_SENSITIVITY_EXPLORATORY_V1,PEAK_DURATION_S30_I18_T300,LOCAL_WINDOW_HPP_BASE_STATIONARY_EXTENSION,27,30,18,300,OP_PEAK_DURATION_BASE_S30_I18_T300,75804ec054b5fc2d1af868eb5d58199a3c03b205fc2d5d0fb81a4de1df3c014e,TASK3_OPERATIONAL_POOLED_V1,202607290000,202609290271,202609290272,202609290273,202609290274,5000,5000,5000,410,410,0,3.35546422663,8.834487687,3.29643640178,0.97042289486,4.26685929664,17,6,17,12,0,12,60,94,11.020001005,44.580220927,5.44798869883,2.4663405905,0.509941750233,3.04265749767,9.8485591792,-2.76999585764,0.031258192893,0.992155125062,0.985265158924,RHO_LT_ONE_TERMINATING_COHORT,NOT_ESTIMATED_TERMINATING_COHORT
1.0,TASK3_PEAK_DURATION_SENSITIVITY_EXPLORATORY_V1,PEAK_DURATION_S30_I18_T300,LOCAL_WINDOW_HPP_BASE_STATIONARY_EXTENSION,28,30,18,300,OP_PEAK_DURATION_BASE_S30_I18_T300,75804ec054b5fc2d1af868eb5d58199a3c03b205fc2d5d0fb81a4de1df3c014e,TASK3_OPERATIONAL_POOLED_V1,202607290000,202609290281,202609290282,202609290283,202609290284,5000,5000,5000,392,392,0,2.48082625883,8.188290378,2.04998391971,0.88779639034,2.93778031005,14,8,14,9,3,12,60,91,9.171132579,42.697911603,2.3424686482,5.0382524068,3.06000434277,4.5632018748,10.2976833616,-6.51621204422,0.0514512629824,0.992155125062,0.985265158924,RHO_LT_ONE_TERMINATING_COHORT,NOT_ESTIMATED_TERMINATING_COHORT
1.0,TASK3_PEAK_DURATION_SENSITIVITY_EXPLORATORY_V1,PEAK_DURATION_S30_I18_T300,LOCAL_WINDOW_HPP_BASE_STATIONARY_EXTENSION,29,30,18,300,OP_PEAK_DURATION_BASE_S30_I18_T300,75804ec054b5fc2d1af868eb5d58199a3c03b205fc2d5d0fb81a4de1df3c014e,TASK3_OPERATIONAL_POOLED_V1,202607290000,202609290291,202609290292,202609290293,202609290294,5000,5000,5000,424,424,0,6.73689210836,15.11317428,7.78672179479,1.26159360393,9.04831539872,23,9,24,17,1,18,66,90,16.841690613,47.378054761,8.82605052337,11.3404533219,10.7584827429,17.5965436771,18.3997014018,-5.66829775061,0.0846779737068,0.992155125062,0.985265158924,RHO_LT_ONE_TERMINATING_COHORT,NOT_ESTIMATED_TERMINATING_COHORT
1.0,TASK3_PEAK_DURATION_SENSITIVITY_EXPLORATORY_V1,PEAK_DURATION_S30_I18_T300,LOCAL_WINDOW_HPP_BASE_STATIONARY_EXTENSION,30,30,18,300,OP_PEAK_DURATION_BASE_S30_I18_T300,75804ec054b5fc2d1af868eb5d58199a3c03b205fc2d5d0fb81a4de1df3c014e,TASK3_OPERATIONAL_POOLED_V1,202607290000,202609290301,202609290302,202609290303,202609290304,5000,5000,5000,408,408,0,3.23719385275,10.723382006,3.1347592281,0.784022609707,3.9187818378,19,6,19,18,1,19,67,100,11.886698203,47.976800899,0.859718939267,2.40700169273,4.9490075925,5.13803898317,14.4451533037,-16.8666454122,0.0996730200643,0.992155125062,0.985265158924,RHO_LT_ONE_TERMINATING_COHORT,NOT_ESTIMATED_TERMINATING_COHORT
1.0,TASK3_PEAK_DURATION_SENSITIVITY_EXPLORATORY_V1,PEAK_DURATION_S30_I18_T300,LOCAL_WINDOW_HPP_BASE_STATIONARY_EXTENSION,31,30,18,300,OP_PEAK_DURATION_BASE_S30_I18_T300,75804ec054b5fc2d1af868eb5d58199a3c03b205fc2d5d0fb81a4de1df3c014e,TASK3_OPERATIONAL_POOLED_V1,202607290000,202609290311,202609290312,202609290313,202609290314,5000,5000,5000,425,425,0,5.63728628522,15.563486704,6.81636276305,0.742723325213,7.55908608827,24,4,25,14,3,17,65,95,17.119767824,47.229757995,11.8487099418,9.05637890603,6.6490389184,10.0930973456,21.2210595033,-3.06240624884,0.0659380585417,0.992155125062,0.985265158924,RHO_LT_ONE_TERMINATING_COHORT,NOT_ESTIMATED_TERMINATING_COHORT
1.0,TASK3_PEAK_DURATION_SENSITIVITY_EXPLORATORY_V1,PEAK_DURATION_S30_I18_T300,LOCAL_WINDOW_HPP_BASE_STATIONARY_EXTENSION,32,30,18,300,OP_PEAK_DURATION_BASE_S30_I18_T300,75804ec054b5fc2d1af868eb5d58199a3c03b205fc2d5d0fb81a4de1df3c014e,TASK3_OPERATIONAL_POOLED_V1,202607290000,202609290321,202609290322,202609290323,202609290324,5000,5000,5000,395,395,0,2.32632663496,7.629374381,1.86661297507,0.833246215547,2.69985919062,13,8,13,8,4,12,60,86,8.858353197,43.084500856,1.34592702697,1.61456978597,1.24936685473,7.08871597067,9.46161326393,-12.1271004135,0.0723517288621,0.992155125062,0.985265158924,RHO_LT_ONE_TERMINATING_COHORT,NOT_ESTIMATED_TERMINATING_COHORT
1.0,TASK3_PEAK_DURATION_SENSITIVITY_EXPLORATORY_V1,PEAK_DURATION_S30_I18_T300,LOCAL_WINDOW_HPP_BASE_STATIONARY_EXTENSION,33,30,18,300,OP_PEAK_DURATION_BASE_S30_I18_T300,75804ec054b5fc2d1af868eb5d58199a3c03b205fc2d5d0fb81a4de1df3c014e,TASK3_OPERATIONAL_POOLED_V1,202607290000,202609290331,202609290332,202609290333,202609290334,5000,5000,5000,428,428,0,8.70147918936,16.499607815,10.589225928,1.43118772459,12.0204136526,25,5,25,15,0,15,62,74,16.568230731,45.449983437,11.1183765585,12.4213538719,20.255533532,20.7577265746,14.0859435165,5.02415684677,0.0475716887286,0.992155125062,0.985265158924,RHO_LT_ONE_TERMINATING_COHORT,NOT_ESTIMATED_TERMINATING_COHORT
1.0,TASK3_PEAK_DURATION_SENSITIVITY_EXPLORATORY_V1,PEAK_DURATION_S30_I18_T300,LOCAL_WINDOW_HPP_BASE_STATIONARY_EXTENSION,34,30,18,300,OP_PEAK_DURATION_BASE_S30_I18_T300,75804ec054b5fc2d1af868eb5d58199a3c03b205fc2d5d0fb81a4de1df3c014e,TASK3_OPERATIONAL_POOLED_V1,202607290000,202609290341,202609290342,202609290343,202609290344,5000,5000,5000,426,426,0,3.39603575164,13.09436502,3.4629081318,0.795809155937,4.25871728774,21,5,21,19,0,19,67,94,14.449164438,48.682539611,2.87171628113,3.5874729477,5.9488615722,6.47107270157,15.2330980582,-13.8823281688,0.0920212110264,0.992155125062,0.985265158924,RHO_LT_ONE_TERMINATING_COHORT,NOT_ESTIMATED_TERMINATING_COHORT
1.0,TASK3_PEAK_DURATION_SENSITIVITY_EXPLORATORY_V1,PEAK_DURATION_S30_I18_T300,LOCAL_WINDOW_HPP_BASE_STATIONARY_EXTENSION,35,30,18,300,OP_PEAK_DURATION_BASE_S30_I18_T300,75804ec054b5fc2d1af868eb5d58199a3c03b205fc2d5d0fb81a4de1df3c014e,TASK3_OPERATIONAL_POOLED_V1,202607290000,202609290351,202609290352,202609290353,202609290354,5000,5000,5000,451,451,0,9.07461453199,21.164386106,10.2749812404,1.48743947868,11.762420719,37,6,39,35,2,37,85,108,25.878752523,63.035325347,11.5418888973,11.3240412358,13.2148100426,14.3063642462,27.6454853157,-10.7856189379,0.117298386157,0.992155125062,0.985265158924,RHO_LT_ONE_TERMINATING_COHORT,NOT_ESTIMATED_TERMINATING_COHORT
1.0,TASK3_PEAK_DURATION_SENSITIVITY_EXPLORATORY_V1,PEAK_DURATION_S30_I18_T300,LOCAL_WINDOW_HPP_BASE_STATIONARY_EXTENSION,36,30,18,300,OP_PEAK_DURATION_BASE_S30_I18_T300,75804ec054b5fc2d1af868eb5d58199a3c03b205fc2d5d0fb81a4de1df3c014e,TASK3_OPERATIONAL_POOLED_V1,202607290000,202609290361,202609290362,202609290363,202609290364,5000,5000,5000,414,414,0,3.07460290769,7.410238416,3.25670320109,0.888047502717,4.1447507038,12,6,13,5,0,5,53,78,8.008621823,38.445331468,1.05873238463,5.1813372434,8.7127498612,9.17079283753,3.35961243047,-0.946766812903,0.0286373856193,0.992155125062,0.985265158924,RHO_LT_ONE_TERMINATING_COHORT,NOT_ESTIMATED_TERMINATING_COHORT
1.0,TASK3_PEAK_DURATION_SENSITIVITY_EXPLORATORY_V1,PEAK_DURATION_S30_I18_T300,LOCAL_WINDOW_HPP_BASE_STATIONARY_EXTENSION,37,30,18,300,OP_PEAK_DURATION_BASE_S30_I18_T300,75804ec054b5fc2d1af868eb5d58199a3c03b205fc2d5d0fb81a4de1df3c014e,TASK3_OPERATIONAL_POOLED_V1,202607290000,202609290371,202609290372,202609290373,202609290374,5000,5000,5000,408,408,0,4.05926922144,12.036471235,4.10281580037,1.24864519969,5.35146100007,18,6,21,5,3,8,56,87,8.486979942,40.741736835,1.50683439227,2.26153794883,1.30309059893,2.0223686187,8.64580042583,-7.38114565584,0.04679587579,0.992155125062,0.985265158924,RHO_LT_ONE_TERMINATING_COHORT,NOT_ESTIMATED_TERMINATING_COHORT
1.0,TASK3_PEAK_DURATION_SENSITIVITY_EXPLORATORY_V1,PEAK_DURATION_S30_I18_T300,LOCAL_WINDOW_HPP_BASE_STATIONARY_EXTENSION,38,30,18,300,OP_PEAK_DURATION_BASE_S30_I18_T300,75804ec054b5fc2d1af868eb5d58199a3c03b205fc2d5d0fb81a4de1df3c014e,TASK3_OPERATIONAL_POOLED_V1,202607290000,202609290381,202609290382,202609290383,202609290384,5000,5000,5000,406,406,0,3.58007622364,9.234620374,4.11909661944,0.64554359511,4.76464021455,15,3,15,3,0,3,50,75,9.412396896,36.652850367,2.95230065843,7.12529812903,11.1848311413,10.6821831832,8.33817924473,-2.68992319873,0.0477621407559,0.992155125062,0.985265158924,RHO_LT_ONE_TERMINATING_COHORT,NOT_ESTIMATED_TERMINATING_COHORT
1.0,TASK3_PEAK_DURATION_SENSITIVITY_EXPLORATORY_V1,PEAK_DURATION_S30_I18_T300,LOCAL_WINDOW_HPP_BASE_STATIONARY_EXTENSION,39,30,18,300,OP_PEAK_DURATION_BASE_S30_I18_T300,75804ec054b5fc2d1af868eb5d58199a3c03b205fc2d5d0fb81a4de1df3c014e,TASK3_OPERATIONAL_POOLED_V1,202607290000,202609290391,202609290392,202609290393,202609290394,5000,5000,5000,388,388,0,3.04236326095,9.306215918,2.79834190849,0.53965387308,3.33799578157,19,7,19,14,3,17,65,90,12.78816933,48.213625514,7.86001436077,3.21780495623,0.471740100933,0.0990755620333,8.32143894503,5.64092495425,-0.00731960075222,0.992155125062,0.985265158924,RHO_LT_ONE_TERMINATING_COHORT,NOT_ESTIMATED_TERMINATING_COHORT
1.0,TASK3_PEAK_DURATION_SENSITIVITY_EXPLORATORY_V1,PEAK_DURATION_S30_I18_T300,LOCAL_WINDOW_HPP_BASE_STATIONARY_EXTENSION,40,30,18,300,OP_PEAK_DURATION_BASE_S30_I18_T300,75804ec054b5fc2d1af868eb5d58199a3c03b205fc2d5d0fb81a4de1df3c014e,TASK3_OPERATIONAL_POOLED_V1,202607290000,202609290401,202609290402,202609290403,202609290404,5000,5000,5000,399,399,0,2.2650475343,8.270132317,1.98917354464,0.71504107188,2.70421461652,15,6,15,13,0,13,61,89,10.18330356,44.341312745,0.136333946567,1.4442721554,2.54500622953,9.49520890277,9.41942345873,-15.3547878902,0.088723719239,0.992155125062,0.985265158924,RHO_LT_ONE_TERMINATING_COHORT,NOT_ESTIMATED_TERMINATING_COHORT
1.0,TASK3_PEAK_DURATION_SENSITIVITY_EXPLORATORY_V1,PEAK_DURATION_S30_I18_T300,LOCAL_WINDOW_HPP_BASE_STATIONARY_EXTENSION,41,30,18,300,OP_PEAK_DURATION_BASE_S30_I18_T300,75804ec054b5fc2d1af868eb5d58199a3c03b205fc2d5d0fb81a4de1df3c014e,TASK3_OPERATIONAL_POOLED_V1,202607290000,202609290411,202609290412,202609290413,202609290414,5000,5000,5000,416,416,0,8.01711640242,14.503793082,8.49003487767,2.42954020818,10.9195750859,23,7,23,0,2,2,50,74,7.568338149,37.039420092,13.5955568828,7.1590934517,8.15452506957,7.66187377717,5.15638517887,20.6271591839,-0.0545852102749,0.992155125062,0.985265158924,RHO_LT_ONE_TERMINATING_COHORT,NOT_ESTIMATED_TERMINATING_COHORT
1.0,TASK3_PEAK_DURATION_SENSITIVITY_EXPLORATORY_V1,PEAK_DURATION_S30_I18_T300,LOCAL_WINDOW_HPP_BASE_STATIONARY_EXTENSION,42,30,18,300,OP_PEAK_DURATION_BASE_S30_I18_T300,75804ec054b5fc2d1af868eb5d58199a3c03b205fc2d5d0fb81a4de1df3c014e,TASK3_OPERATIONAL_POOLED_V1,202607290000,202609290421,202609290422,202609290423,202609290424,5000,5000,5000,403,403,0,4.16195658263,17.520598422,4.45203412815,0.655130998807,5.10716512696,26,8,28,15,2,17,65,89,19.314137308,47.233765497,0.298812155,0.02632472,3.99346520087,18.6957797028,21.0629130145,-36.3327835677,0.200658855673,0.992155125062,0.985265158924,RHO_LT_ONE_TERMINATING_COHORT,NOT_ESTIMATED_TERMINATING_COHORT
1.0,TASK3_PEAK_DURATION_SENSITIVITY_EXPLORATORY_V1,PEAK_DURATION_S30_I18_T300,LOCAL_WINDOW_HPP_BASE_STATIONARY_EXTENSION,43,30,18,300,OP_PEAK_DURATION_BASE_S30_I18_T300,75804ec054b5fc2d1af868eb5d58199a3c03b205fc2d5d0fb81a4de1df3c014e,TASK3_OPERATIONAL_POOLED_V1,202607290000,202609290431,202609290432,202609290433,202609290434,5000,5000,5000,407,407,0,5.26312097183,10.235610416,6.27059011447,0.696964227033,6.9675543415,19,5,20,6,2,8,56,85,9.928745705,39.804868899,9.4635988596,8.82845108893,3.9405958382,0.872546207433,9.76073795537,12.0944060074,-0.0245387556332,0.992155125062,0.985265158924,RHO_LT_ONE_TERMINATING_COHORT,NOT_ESTIMATED_TERMINATING_COHORT
1.0,TASK3_PEAK_DURATION_SENSITIVITY_EXPLORATORY_V1,PEAK_DURATION_S30_I18_T300,LOCAL_WINDOW_HPP_BASE_STATIONARY_EXTENSION,44,30,18,300,OP_PEAK_DURATION_BASE_S30_I18_T300,75804ec054b5fc2d1af868eb5d58199a3c03b205fc2d5d0fb81a4de1df3c014e,TASK3_OPERATIONAL_POOLED_V1,202607290000,202609290441,202609290442,202609290443,202609290444,5000,5000,5000,366,366,0,0.577166291298,3.186520699,0.27970007255,0.375376088223,0.655076160773,6,6,6,1,0,1,42,70,2.096599746,34.992089443,1.6378838451,0.6762251827,0.0621029061333,0.00268434643333,0.3910135238,2.92944306998,-0.0105576049296,0.992155125062,0.985265158924,RHO_LT_ONE_TERMINATING_COHORT,NOT_ESTIMATED_TERMINATING_COHORT
1.0,TASK3_PEAK_DURATION_SENSITIVITY_EXPLORATORY_V1,PEAK_DURATION_S30_I18_T300,LOCAL_WINDOW_HPP_BASE_STATIONARY_EXTENSION,45,30,18,300,OP_PEAK_DURATION_BASE_S30_I18_T300,75804ec054b5fc2d1af868eb5d58199a3c03b205fc2d5d0fb81a4de1df3c014e,TASK3_OPERATIONAL_POOLED_V1,202607290000,202609290451,202609290452,202609290453,202609290454,5000,5000,5000,399,399,0,1.81174518406,5.828575379,1.5430053643,0.75944474375,2.30245010805,13,6,13,2,1,3,51,84,4.543921917,36.315929561,1.19177617347,3.70478027247,2.2961822155,1.1606854427,3.7260541518,0.522549806012,0.008414870423,0.992155125062,0.985265158924,RHO_LT_ONE_TERMINATING_COHORT,NOT_ESTIMATED_TERMINATING_COHORT
1.0,TASK3_PEAK_DURATION_SENSITIVITY_EXPLORATORY_V1,PEAK_DURATION_S30_I18_T300,LOCAL_WINDOW_HPP_BASE_STATIONARY_EXTENSION,46,30,18,300,OP_PEAK_DURATION_BASE_S30_I18_T300,75804ec054b5fc2d1af868eb5d58199a3c03b205fc2d5d0fb81a4de1df3c014e,TASK3_OPERATIONAL_POOLED_V1,202607290000,202609290461,202609290462,202609290463,202609290464,5000,5000,5000,452,452,0,13.1292334455,32.141958899,16.3716830314,1.05797467556,17.429657707,47,4,47,42,1,43,91,90,34.125692012,65.543796808,16.5328850982,27.0830285258,27.2206521951,40.6136605637,44.1374702443,-20.4373124223,0.229132674434,0.992155125062,0.985265158924,RHO_LT_ONE_TERMINATING_COHORT,NOT_ESTIMATED_TERMINATING_COHORT
1.0,TASK3_PEAK_DURATION_SENSITIVITY_EXPLORATORY_V1,PEAK_DURATION_S30_I18_T300,LOCAL_WINDOW_HPP_BASE_STATIONARY_EXTENSION,47,30,18,300,OP_PEAK_DURATION_BASE_S30_I18_T300,75804ec054b5fc2d1af868eb5d58199a3c03b205fc2d5d0fb81a4de1df3c014e,TASK3_OPERATIONAL_POOLED_V1,202607290000,202609290471,202609290472,202609290473,202609290474,5000,5000,5000,385,385,0,2.01746163765,5.313894331,1.66912177876,0.919953989563,2.58907576832,9,6,10,0,0,0,38,72,2.613201775,34.574566537,3.7042374517,1.20801759973,1.04670469707,1.5899998672,0.203569157567,6.51502149525,-0.0220645144027,0.992155125062,0.985265158924,RHO_LT_ONE_TERMINATING_COHORT,NOT_ESTIMATED_TERMINATING_COHORT
1.0,TASK3_PEAK_DURATION_SENSITIVITY_EXPLORATORY_V1,PEAK_DURATION_S30_I18_T300,LOCAL_WINDOW_HPP_BASE_STATIONARY_EXTENSION,48,30,18,300,OP_PEAK_DURATION_BASE_S30_I18_T300,75804ec054b5fc2d1af868eb5d58199a3c03b205fc2d5d0fb81a4de1df3c014e,TASK3_OPERATIONAL_POOLED_V1,202607290000,202609290481,202609290482,202609290483,202609290484,5000,5000,5000,416,416,0,5.9630592139,15.673491495,6.34430100317,1.56732979689,7.91163080005,24,6,25,7,4,11,59,83,10.235403924,42.354048852,19.0828086473,19.45925329,10.9920377695,6.86988622033,11.6981805624,34.1394007275,-0.0911954107981,0.992155125062,0.985265158924,RHO_LT_ONE_TERMINATING_COHORT,NOT_ESTIMATED_TERMINATING_COHORT
1.0,TASK3_PEAK_DURATION_SENSITIVITY_EXPLORATORY_V1,PEAK_DURATION_S30_I18_T300,LOCAL_WINDOW_HPP_BASE_STATIONARY_EXTENSION,49,30,18,300,OP_PEAK_DURATION_BASE_S30_I18_T300,75804ec054b5fc2d1af868eb5d58199a3c03b205fc2d5d0fb81a4de1df3c014e,TASK3_OPERATIONAL_POOLED_V1,202607290000,202609290491,202609290492,202609290493,202609290494,5000,5000,5000,423,423,0,9.38440013209,15.20870073,11.7023899924,1.10663552707,12.8090255195,24,4,24,14,2,16,64,87,14.318828256,46.436345199,13.3880471022,12.2657254924,10.2927680313,15.2469411434,17.7602722266,4.99650137432,0.0390855529993,0.992155125062,0.985265158924,RHO_LT_ONE_TERMINATING_COHORT,NOT_ESTIMATED_TERMINATING_COHORT
1.0,TASK3_PEAK_DURATION_SENSITIVITY_EXPLORATORY_V1,PEAK_DURATION_S30_I18_T300,LOCAL_WINDOW_HPP_BASE_STATIONARY_EXTENSION,50,30,18,300,OP_PEAK_DURATION_BASE_S30_I18_T300,75804ec054b5fc2d1af868eb5d58199a3c03b205fc2d5d0fb81a4de1df3c014e,TASK3_OPERATIONAL_POOLED_V1,202607290000,202609290501,202609290502,202609290503,202609290504,5000,5000,5000,414,414,0,5.38558176036,11.831630436,5.62342839966,1.38512298384,7.0085513835,18,6,20,15,0,15,63,88,13.387653304,45.894957551,7.4692351151,7.55750779397,5.72998853903,14.3481484974,15.1249328699,-6.53056459674,0.0736734540437,0.992155125062,0.985265158924,RHO_LT_ONE_TERMINATING_COHORT,NOT_ESTIMATED_TERMINATING_COHORT
1.0,TASK3_PEAK_DURATION_SENSITIVITY_EXPLORATORY_V1,PEAK_DURATION_S30_I18_T900,LOCAL_WINDOW_HPP_BASE_STATIONARY_EXTENSION,1,30,18,900,OP_PEAK_DURATION_BASE_S30_I18_T900,d7eb57643b73aae7c6fcf987f1d166d7ebb9b6fb9894f44e51299f5d41094474,TASK3_OPERATIONAL_POOLED_V1,202607290000,202609290011,202609290012,202609290013,202609290014,5000,5000,5000,1193,1193,0,4.41231976873,11.688826548,4.36155857735,1.44417742896,5.8057360063,21,12,22,0,3,3,50,231,6.494591281,35.51245721,3.79120072297,15.1438573776,9.14800814283,2.13107257086,3.74982335916,16.6144470854,-0.0145505994826,0.992155125062,0.985265158924,RHO_LT_ONE_TERMINATING_COHORT,NOT_ESTIMATED_TERMINATING_COHORT
1.0,TASK3_PEAK_DURATION_SENSITIVITY_EXPLORATORY_V1,PEAK_DURATION_S30_I18_T900,LOCAL_WINDOW_HPP_BASE_STATIONARY_EXTENSION,2,30,18,900,OP_PEAK_DURATION_BASE_S30_I18_T900,d7eb57643b73aae7c6fcf987f1d166d7ebb9b6fb9894f44e51299f5d41094474,TASK3_OPERATIONAL_POOLED_V1,202607290000,202609290021,202609290022,202609290023,202609290024,5000,5000,5000,1216,1216,0,9.30001092506,21.575747492,11.2261529317,1.32719113573,12.5533440674,35,8,36,0,1,1,46,217,22.696929076,34.551886905,0.762348680611,6.99204234292,15.1154554307,26.1483401842,10.9928266976,-17.7107377392,0.0440191709725,0.992155125062,0.985265158924,RHO_LT_ONE_TERMINATING_COHORT,NOT_ESTIMATED_TERMINATING_COHORT
1.0,TASK3_PEAK_DURATION_SENSITIVITY_EXPLORATORY_V1,PEAK_DURATION_S30_I18_T900,LOCAL_WINDOW_HPP_BASE_STATIONARY_EXTENSION,3,30,18,900,OP_PEAK_DURATION_BASE_S30_I18_T900,d7eb57643b73aae7c6fcf987f1d166d7ebb9b6fb9894f44e51299f5d41094474,TASK3_OPERATIONAL_POOLED_V1,202607290000,202609290031,202609290032,202609290033,202609290034,5000,5000,5000,1156,1156,0,1.74757659963,8.304443837,1.66197715988,0.574390213463,2.23636737335,16,8,16,0,0,0,41,232,10.67002547,36.6871202,1.83177777724,1.23212251543,0.472031236444,7.6887064153,0.518543230311,-0.523949869553,0.00425568311778,0.992155125062,0.985265158924,RHO_LT_ONE_TERMINATING_COHORT,NOT_ESTIMATED_TERMINATING_COHORT
1.0,TASK3_PEAK_DURATION_SENSITIVITY_EXPLORATORY_V1,PEAK_DURATION_S30_I18_T900,LOCAL_WINDOW_HPP_BASE_STATIONARY_EXTENSION,4,30,18,900,OP_PEAK_DURATION_BASE_S30_I18_T900,d7eb57643b73aae7c6fcf987f1d166d7ebb9b6fb9894f44e51299f5d41094474,TASK3_OPERATIONAL_POOLED_V1,202607290000,202609290041,202609290042,202609290043,202609290044,5000,5000,5000,1202,1202,0,4.25476691186,10.730424432,4.65224999409,0.982790868763,5.63504086285,19,6,22,3,2,5,53,247,9.938944796,37.676288117,5.2577118888,3.88338278528,6.62748465859,3.49735942144,9.90501174586,-0.847242162715,0.00989841816698,0.992155125062,0.985265158924,RHO_LT_ONE_TERMINATING_COHORT,NOT_ESTIMATED_TERMINATING_COHORT
1.0,TASK3_PEAK_DURATION_SENSITIVITY_EXPLORATORY_V1,PEAK_DURATION_S30_I18_T900,LOCAL_WINDOW_HPP_BASE_STATIONARY_EXTENSION,5,30,18,900,OP_PEAK_DURATION_BASE_S30_I18_T900,d7eb57643b73aae7c6fcf987f1d166d7ebb9b6fb9894f44e51299f5d41094474,TASK3_OPERATIONAL_POOLED_V1,202607290000,202609290051,202609290052,202609290053,202609290054,5000,5000,5000,1184,1184,0,3.11749020005,7.732843053,3.27150497432,0.777488294507,4.04899326883,15,7,16,5,1,6,54,236,10.106863464,38.913356467,3.13394093419,1.52120801682,3.26460481103,0.594160009033,7.88589641252,-3.15268517494,0.00952984772098,0.992155125062,0.985265158924,RHO_LT_ONE_TERMINATING_COHORT,NOT_ESTIMATED_TERMINATING_COHORT
1.0,TASK3_PEAK_DURATION_SENSITIVITY_EXPLORATORY_V1,PEAK_DURATION_S30_I18_T900,LOCAL_WINDOW_HPP_BASE_STATIONARY_EXTENSION,6,30,18,900,OP_PEAK_DURATION_BASE_S30_I18_T900,d7eb57643b73aae7c6fcf987f1d166d7ebb9b6fb9894f44e51299f5d41094474,TASK3_OPERATIONAL_POOLED_V1,202607290000,202609290061,202609290062,202609290063,202609290064,5000,5000,5000,1187,1187,0,7.18243303701,14.877300825,8.2242948894,1.2485362383,9.4728311277,24,7,26,0,0,0,41,210,6.179596272,33.953754926,12.5752597788,16.3030305405,5.33491298631,0.289291225944,2.37170404629,34.6904778003,-0.0404676119773,0.992155125062,0.985265158924,RHO_LT_ONE_TERMINATING_COHORT,NOT_ESTIMATED_TERMINATING_COHORT
1.0,TASK3_PEAK_DURATION_SENSITIVITY_EXPLORATORY_V1,PEAK_DURATION_S30_I18_T900,LOCAL_WINDOW_HPP_BASE_STATIONARY_EXTENSION,7,30,18,900,OP_PEAK_DURATION_BASE_S30_I18_T900,d7eb57643b73aae7c6fcf987f1d166d7ebb9b6fb9894f44e51299f5d41094474,TASK3_OPERATIONAL_POOLED_V1,202607290000,202609290071,202609290072,202609290073,202609290074,5000,5000,5000,1267,1267,0,12.2788301298,34.606470956,15.1616596443,1.28433124241,16.4459908868,57,6,57,41,4,45,93,262,39.381909275,66.448356378,14.3518471549,22.2484664809,29.8898346227,29.2707527247,47.8799162357,-26.8306548602,0.0823093604504,0.992155125062,0.985265158924,RHO_LT_ONE_TERMINATING_COHORT,NOT_ESTIMATED_TERMINATING_COHORT
1.0,TASK3_PEAK_DURATION_SENSITIVITY_EXPLORATORY_V1,PEAK_DURATION_S30_I18_T900,LOCAL_WINDOW_HPP_BASE_STATIONARY_EXTENSION,8,30,18,900,OP_PEAK_DURATION_BASE_S30_I18_T900,d7eb57643b73aae7c6fcf987f1d166d7ebb9b6fb9894f44e51299f5d41094474,TASK3_OPERATIONAL_POOLED_V1,202607290000,202609290081,202609290082,202609290083,202609290084,5000,5000,5000,1299,1299,0,34.9184968602,58.082643704,46.5002788471,2.32007048917,48.8203493363,87,8,89,61,0,61,109,225,57.723527051,79.989990661,57.8606287962,65.9833660553,79.056493296,71.2183091039,60.7768725875,58.6785609943,0.0122971451458,0.992155125062,0.985265158924,RHO_LT_ONE_TERMINATING_COHORT,NOT_ESTIMATED_TERMINATING_COHORT
1.0,TASK3_PEAK_DURATION_SENSITIVITY_EXPLORATORY_V1,PEAK_DURATION_S30_I18_T900,LOCAL_WINDOW_HPP_BASE_STATIONARY_EXTENSION,9,30,18,900,OP_PEAK_DURATION_BASE_S30_I18_T900,d7eb57643b73aae7c6fcf987f1d166d7ebb9b6fb9894f44e51299f5d41094474,TASK3_OPERATIONAL_POOLED_V1,202607290000,202609290091,202609290092,202609290093,202609290094,5000,5000,5000,1202,1202,0,6.33446643308,18.661384658,7.29777187198,1.16060261077,8.45837448276,31,6,32,0,0,0,39,230,8.764425864,34.014153066,9.39595570521,11.2881980138,8.20693784238,5.07726131466,4.10414295301,20.2104208184,-0.0186606246706,0.992155125062,0.985265158924,RHO_LT_ONE_TERMINATING_COHORT,NOT_ESTIMATED_TERMINATING_COHORT
1.0,TASK3_PEAK_DURATION_SENSITIVITY_EXPLORATORY_V1,PEAK_DURATION_S30_I18_T900,LOCAL_WINDOW_HPP_BASE_STATIONARY_EXTENSION,10,30,18,900,OP_PEAK_DURATION_BASE_S30_I18_T900,d7eb57643b73aae7c6fcf987f1d166d7ebb9b6fb9894f44e51299f5d41094474,TASK3_OPERATIONAL_POOLED_V1,202607290000,202609290101,202609290102,202609290103,202609290104,5000,5000,5000,1199,1199,0,3.27912307484,9.304035564,3.33343221044,0.958266755746,4.29169896619,16,7,17,9,0,9,57,231,9.056710555,40.78437961,2.94938907827,6.30980150416,5.21481710448,4.09877927092,4.23584766069,4.29030572499,0.000402105479568,0.992155125062,0.985265158924,RHO_LT_ONE_TERMINATING_COHORT,NOT_ESTIMATED_TERMINATING_COHORT
1.0,TASK3_PEAK_DURATION_SENSITIVITY_EXPLORATORY_V1,PEAK_DURATION_S30_I18_T900,LOCAL_WINDOW_HPP_BASE_STATIONARY_EXTENSION,11,30,18,900,OP_PEAK_DURATION_BASE_S30_I18_T900,d7eb57643b73aae7c6fcf987f1d166d7ebb9b6fb9894f44e51299f5d41094474,TASK3_OPERATIONAL_POOLED_V1,202607290000,202609290111,202609290112,202609290113,202609290114,5000,5000,5000,1209,1209,0,5.48736149316,14.326820202,6.04462042598,1.27923329879,7.32385372477,27,8,29,9,0,9,57,240,9.78514667,40.619481509,4.39638033639,1.73261120817,2.07714223111,6.60336393087,5.8059126558,-1.64428094868,0.0085442415128,0.992155125062,0.985265158924,RHO_LT_ONE_TERMINATING_COHORT,NOT_ESTIMATED_TERMINATING_COHORT
1.0,TASK3_PEAK_DURATION_SENSITIVITY_EXPLORATORY_V1,PEAK_DURATION_S30_I18_T900,LOCAL_WINDOW_HPP_BASE_STATIONARY_EXTENSION,12,30,18,900,OP_PEAK_DURATION_BASE_S30_I18_T900,d7eb57643b73aae7c6fcf987f1d166d7ebb9b6fb9894f44e51299f5d41094474,TASK3_OPERATIONAL_POOLED_V1,202607290000,202609290121,202609290122,202609290123,202609290124,5000,5000,5000,1230,1230,0,6.41932531846,16.689756437,7.56792578435,0.822630020473,8.39055580483,30,5,32,30,0,30,78,271,20.100670525,55.71205803,2.85801236523,2.02796000147,0.930424879156,8.46212959074,20.1350156634,-23.8584236393,0.0455424179841,0.992155125062,0.985265158924,RHO_LT_ONE_TERMINATING_COHORT,NOT_ESTIMATED_TERMINATING_COHORT
1.0,TASK3_PEAK_DURATION_SENSITIVITY_EXPLORATORY_V1,PEAK_DURATION_S30_I18_T900,LOCAL_WINDOW_HPP_BASE_STATIONARY_EXTENSION,13,30,18,900,OP_PEAK_DURATION_BASE_S30_I18_T900,d7eb57643b73aae7c6fcf987f1d166d7ebb9b6fb9894f44e51299f5d41094474,TASK3_OPERATIONAL_POOLED_V1,202607290000,202609290131,202609290132,202609290133,202609290134,5000,5000,5000,1323,1323,0,40.2166060216,56.145920483,54.5508260043,1.43682976288,55.9876557672,86,5,87,86,0,86,134,257,59.733268958,98.540305182,65.0755279621,65.6011424264,71.3218538924,73.1040002879,74.8197100341,49.7410304165,0.0299902466727,0.992155125062,0.985265158924,RHO_LT_ONE_TERMINATING_COHORT,NOT_ESTIMATED_TERMINATING_COHORT
1.0,TASK3_PEAK_DURATION_SENSITIVITY_EXPLORATORY_V1,PEAK_DURATION_S30_I18_T900,LOCAL_WINDOW_HPP_BASE_STATIONARY_EXTENSION,14,30,18,900,OP_PEAK_DURATION_BASE_S30_I18_T900,d7eb57643b73aae7c6fcf987f1d166d7ebb9b6fb9894f44e51299f5d41094474,TASK3_OPERATIONAL_POOLED_V1,202607290000,202609290141,202609290142,202609290143,202609290144,5000,5000,5000,1151,1151,0,5.27202843779,17.262358586,5.74208480694,0.936468859388,6.67855366632,29,6,30,6,1,7,55,252,13.714808251,41.041745906,14.8391900069,0.932925245278,0.177576037311,8.50480859458,12.1758163513,5.64221121856,0.00249459559779,0.992155125062,0.985265158924,RHO_LT_ONE_TERMINATING_COHORT,NOT_ESTIMATED_TERMINATING_COHORT
1.0,TASK3_PEAK_DURATION_SENSITIVITY_EXPLORATORY_V1,PEAK_DURATION_S30_I18_T900,LOCAL_WINDOW_HPP_BASE_STATIONARY_EXTENSION,15,30,18,900,OP_PEAK_DURATION_BASE_S30_I18_T900,d7eb57643b73aae7c6fcf987f1d166d7ebb9b6fb9894f44e51299f5d41094474,TASK3_OPERATIONAL_POOLED_V1,202607290000,202609290151,202609290152,202609290153,202609290154,5000,5000,5000,1200,1200,0,7.06292971769,14.674902821,7.01444488371,2.30536141111,9.31980629482,24,9,25,0,7,7,54,238,14.238758029,38.456364805,17.2452546901,15.6121522046,14.4749298045,14.0665196161,12.3285311073,23.2797873001,-0.012643421949,0.992155125062,0.985265158924,RHO_LT_ONE_TERMINATING_COHORT,NOT_ESTIMATED_TERMINATING_COHORT
1.0,TASK3_PEAK_DURATION_SENSITIVITY_EXPLORATORY_V1,PEAK_DURATION_S30_I18_T900,LOCAL_WINDOW_HPP_BASE_STATIONARY_EXTENSION,16,30,18,900,OP_PEAK_DURATION_BASE_S30_I18_T900,d7eb57643b73aae7c6fcf987f1d166d7ebb9b6fb9894f44e51299f5d41094474,TASK3_OPERATIONAL_POOLED_V1,202607290000,202609290161,202609290162,202609290163,202609290164,5000,5000,5000,1198,1198,0,8.42742456899,17.829734358,10.1633235602,1.00134713107,11.1646706912,29,6,30,2,2,4,52,219,14.998433426,38.161093098,15.1296582692,22.346782435,20.7054428529,10.0012990088,4.17547310883,40.1621214452,-0.0380598374967,0.992155125062,0.985265158924,RHO_LT_ONE_TERMINATING_COHORT,NOT_ESTIMATED_TERMINATING_COHORT
1.0,TASK3_PEAK_DURATION_SENSITIVITY_EXPLORATORY_V1,PEAK_DURATION_S30_I18_T900,LOCAL_WINDOW_HPP_BASE_STATIONARY_EXTENSION,17,30,18,900,OP_PEAK_DURATION_BASE_S30_I18_T900,d7eb57643b73aae7c6fcf987f1d166d7ebb9b6fb9894f44e51299f5d41094474,TASK3_OPERATIONAL_POOLED_V1,202607290000,202609290171,202609290172,202609290173,202609290174,5000,5000,5000,1204,1204,0,8.01258963709,17.754056983,9.52533446653,1.09156943909,10.6169039056,28,8,29,2,7,9,57,226,10.373154996,40.157258177,11.6559072602,16.0561126006,5.33475058421,2.46523661526,4.56880856998,28.8399681504,-0.0308500815176,0.992155125062,0.985265158924,RHO_LT_ONE_TERMINATING_COHORT,NOT_ESTIMATED_TERMINATING_COHORT
1.0,TASK3_PEAK_DURATION_SENSITIVITY_EXPLORATORY_V1,PEAK_DURATION_S30_I18_T900,LOCAL_WINDOW_HPP_BASE_STATIONARY_EXTENSION,18,30,18,900,OP_PEAK_DURATION_BASE_S30_I18_T900,d7eb57643b73aae7c6fcf987f1d166d7ebb9b6fb9894f44e51299f5d41094474,TASK3_OPERATIONAL_POOLED_V1,202607290000,202609290181,202609290182,202609290183,202609290184,5000,5000,5000,1204,1204,0,6.61057429251,15.043506081,7.74524962068,1.07177659862,8.8170262193,23,7,25,0,0,0,47,233,6.045205775,34.466766981,11.3560066342,1.65891572749,8.56258666186,3.06520081363,2.52289247648,17.6280778848,-0.0180666035882,0.992155125062,0.985265158924,RHO_LT_ONE_TERMINATING_COHORT,NOT_ESTIMATED_TERMINATING_COHORT
1.0,TASK3_PEAK_DURATION_SENSITIVITY_EXPLORATORY_V1,PEAK_DURATION_S30_I18_T900,LOCAL_WINDOW_HPP_BASE_STATIONARY_EXTENSION,19,30,18,900,OP_PEAK_DURATION_BASE_S30_I18_T900,d7eb57643b73aae7c6fcf987f1d166d7ebb9b6fb9894f44e51299f5d41094474,TASK3_OPERATIONAL_POOLED_V1,202607290000,202609290191,202609290192,202609290193,202609290194,5000,5000,5000,1214,1214,0,11.118994559,26.059421688,13.7174953356,1.23587789551,14.9533732311,41,6,41,0,1,1,46,221,6.976525137,34.641618029,18.1805492164,22.125684578,16.2336740804,4.24863727816,0.830234415544,51.7570135898,-0.0584196410017,0.992155125062,0.985265158924,RHO_LT_ONE_TERMINATING_COHORT,NOT_ESTIMATED_TERMINATING_COHORT
1.0,TASK3_PEAK_DURATION_SENSITIVITY_EXPLORATORY_V1,PEAK_DURATION_S30_I18_T900,LOCAL_WINDOW_HPP_BASE_STATIONARY_EXTENSION,20,30,18,900,OP_PEAK_DURATION_BASE_S30_I18_T900,d7eb57643b73aae7c6fcf987f1d166d7ebb9b6fb9894f44e51299f5d41094474,TASK3_OPERATIONAL_POOLED_V1,202607290000,202609290201,202609290202,202609290203,202609290204,5000,5000,5000,1239,1239,0,15.5575672121,31.172711026,20.1368924779,1.23567536361,21.3725678415,49,5,50,4,1,5,53,213,20.748478546,38.184854162,33.2979732573,34.8001845129,42.4787234235,27.0010126427,16.0713685697,62.4191384152,-0.0469470902726,0.992155125062,0.985265158924,RHO_LT_ONE_TERMINATING_COHORT,NOT_ESTIMATED_TERMINATING_COHORT
1.0,TASK3_PEAK_DURATION_SENSITIVITY_EXPLORATORY_V1,PEAK_DURATION_S30_I18_T900,LOCAL_WINDOW_HPP_BASE_STATIONARY_EXTENSION,21,30,18,900,OP_PEAK_DURATION_BASE_S30_I18_T900,d7eb57643b73aae7c6fcf987f1d166d7ebb9b6fb9894f44e51299f5d41094474,TASK3_OPERATIONAL_POOLED_V1,202607290000,202609290211,202609290212,202609290213,202609290214,5000,5000,5000,1219,1219,0,10.1428880064,19.57459691,12.7658875879,0.936887348279,13.7027749362,31,6,32,3,2,5,53,231,14.748750315,38.551258163,13.2773160937,18.5547172826,23.7004839009,13.5571629449,3.79426018212,32.5495377015,-0.0266262957343,0.992155125062,0.985265158924,RHO_LT_ONE_TERMINATING_COHORT,NOT_ESTIMATED_TERMINATING_COHORT
1.0,TASK3_PEAK_DURATION_SENSITIVITY_EXPLORATORY_V1,PEAK_DURATION_S30_I18_T900,LOCAL_WINDOW_HPP_BASE_STATIONARY_EXTENSION,22,30,18,900,OP_PEAK_DURATION_BASE_S30_I18_T900,d7eb57643b73aae7c6fcf987f1d166d7ebb9b6fb9894f44e51299f5d41094474,TASK3_OPERATIONAL_POOLED_V1,202607290000,202609290221,202609290222,202609290223,202609290224,5000,5000,5000,1236,1236,0,5.14532046601,16.749954807,5.8675740508,0.987269435053,6.85484348585,27,6,27,22,0,22,67,265,18.174130591,48.757189746,5.78332129189,5.447085939,2.053845115,4.4271147835,21.6784827871,-15.1997938928,0.0341892798165,0.992155125062,0.985265158924,RHO_LT_ONE_TERMINATING_COHORT,NOT_ESTIMATED_TERMINATING_COHORT
1.0,TASK3_PEAK_DURATION_SENSITIVITY_EXPLORATORY_V1,PEAK_DURATION_S30_I18_T900,LOCAL_WINDOW_HPP_BASE_STATIONARY_EXTENSION,23,30,18,900,OP_PEAK_DURATION_BASE_S30_I18_T900,d7eb57643b73aae7c6fcf987f1d166d7ebb9b6fb9894f44e51299f5d41094474,TASK3_OPERATIONAL_POOLED_V1,202607290000,202609290231,202609290232,202609290233,202609290234,5000,5000,5000,1324,1324,0,23.7569870215,53.709729702,29.2807616546,2.60029809767,31.8810597523,88,8,88,86,0,86,133,293,60.914352225,97.196045125,27.2139042011,35.1822151523,39.6957955282,47.1240139899,71.5178485577,-31.2655101773,0.111721875056,0.992155125062,0.985265158924,RHO_LT_ONE_TERMINATING_COHORT,NOT_ESTIMATED_TERMINATING_COHORT
1.0,TASK3_PEAK_DURATION_SENSITIVITY_EXPLORATORY_V1,PEAK_DURATION_S30_I18_T900,LOCAL_WINDOW_HPP_BASE_STATIONARY_EXTENSION,24,30,18,900,OP_PEAK_DURATION_BASE_S30_I18_T900,d7eb57643b73aae7c6fcf987f1d166d7ebb9b6fb9894f44e51299f5d41094474,TASK3_OPERATIONAL_POOLED_V1,202607290000,202609290241,202609290242,202609290243,202609290244,5000,5000,5000,1227,1227,0,5.71622124022,12.249450697,6.51690247293,1.21146192757,7.7283644005,20,7,20,7,2,9,57,240,13.398642827,40.882529727,7.28408953862,4.12716530294,12.5522607765,15.2601248193,13.3385842273,-6.91901673733,0.0258243876596,0.992155125062,0.985265158924,RHO_LT_ONE_TERMINATING_COHORT,NOT_ESTIMATED_TERMINATING_COHORT
1.0,TASK3_PEAK_DURATION_SENSITIVITY_EXPLORATORY_V1,PEAK_DURATION_S30_I18_T900,LOCAL_WINDOW_HPP_BASE_STATIONARY_EXTENSION,25,30,18,900,OP_PEAK_DURATION_BASE_S30_I18_T900,d7eb57643b73aae7c6fcf987f1d166d7ebb9b6fb9894f44e51299f5d41094474,TASK3_OPERATIONAL_POOLED_V1,202607290000,202609290251,202609290252,202609290253,202609290254,5000,5000,5000,1220,1220,0,7.58119025273,16.426955134,8.32482853166,1.91472949859,10.2395580303,27,7,30,7,1,8,56,253,8.122994803,39.7639216,7.22627749491,7.33092329296,3.70172175932,7.04107399574,5.43258559713,9.05444124759,-0.00430803676974,0.992155125062,0.985265158924,RHO_LT_ONE_TERMINATING_COHORT,NOT_ESTIMATED_TERMINATING_COHORT
1.0,TASK3_PEAK_DURATION_SENSITIVITY_EXPLORATORY_V1,PEAK_DURATION_S30_I18_T900,LOCAL_WINDOW_HPP_BASE_STATIONARY_EXTENSION,26,30,18,900,OP_PEAK_DURATION_BASE_S30_I18_T900,d7eb57643b73aae7c6fcf987f1d166d7ebb9b6fb9894f44e51299f5d41094474,TASK3_OPERATIONAL_POOLED_V1,202607290000,202609290261,202609290262,202609290263,202609290264,5000,5000,5000,1217,1217,0,7.97494023146,15.596273683,9.56040559202,1.19960936998,10.760014962,27,7,27,3,0,3,51,233,5.492479072,37.161118005,16.0143271092,18.6755183485,8.60981994002,3.71842342913,0.730955878689,43.6926869764,-0.0505820415338,0.992155125062,0.985265158924,RHO_LT_ONE_TERMINATING_COHORT,NOT_ESTIMATED_TERMINATING_COHORT
1.0,TASK3_PEAK_DURATION_SENSITIVITY_EXPLORATORY_V1,PEAK_DURATION_S30_I18_T900,LOCAL_WINDOW_HPP_BASE_STATIONARY_EXTENSION,27,30,18,900,OP_PEAK_DURATION_BASE_S30_I18_T900,d7eb57643b73aae7c6fcf987f1d166d7ebb9b6fb9894f44e51299f5d41094474,TASK3_OPERATIONAL_POOLED_V1,202607290000,202609290271,202609290272,202609290273,202609290274,5000,5000,5000,1267,1267,0,11.5856715859,32.155309878,14.1447874608,1.2926759791,15.4374634399,48,6,49,44,3,47,95,270,34.397743654,66.944847765,9.96117593642,8.76333010524,20.1963808953,35.6544013693,43.9526960004,-47.4499866827,0.105415679324,0.992155125062,0.985265158924,RHO_LT_ONE_TERMINATING_COHORT,NOT_ESTIMATED_TERMINATING_COHORT
1.0,TASK3_PEAK_DURATION_SENSITIVITY_EXPLORATORY_V1,PEAK_DURATION_S30_I18_T900,LOCAL_WINDOW_HPP_BASE_STATIONARY_EXTENSION,28,30,18,900,OP_PEAK_DURATION_BASE_S30_I18_T900,d7eb57643b73aae7c6fcf987f1d166d7ebb9b6fb9894f44e51299f5d41094474,TASK3_OPERATIONAL_POOLED_V1,202607290000,202609290281,202609290282,202609290283,202609290284,5000,5000,5000,1247,1247,0,9.89098122741,28.423787157,11.3078806054,1.3042134681,12.6120940735,53,8,53,47,4,51,99,283,34.955869837,72.043027149,13.6946971258,21.8713835113,20.1335556224,17.5789218065,33.190528314,-4.73058322781,0.0385546674131,0.992155125062,0.985265158924,RHO_LT_ONE_TERMINATING_COHORT,NOT_ESTIMATED_TERMINATING_COHORT
1.0,TASK3_PEAK_DURATION_SENSITIVITY_EXPLORATORY_V1,PEAK_DURATION_S30_I18_T900,LOCAL_WINDOW_HPP_BASE_STATIONARY_EXTENSION,29,30,18,900,OP_PEAK_DURATION_BASE_S30_I18_T900,d7eb57643b73aae7c6fcf987f1d166d7ebb9b6fb9894f44e51299f5d41094474,TASK3_OPERATIONAL_POOLED_V1,202607290000,202609290291,202609290292,202609290293,202609290294,5000,5000,5000,1274,1274,0,17.0564322322,32.324002633,22.1217317458,1.24911644702,23.3708481928,51,9,51,41,2,43,91,263,30.997088892,66.024409117,42.6978693654,34.1111082543,28.0683443491,27.5572374196,36.9718302701,47.3857397007,-0.0200066100282,0.992155125062,0.985265158924,RHO_LT_ONE_TERMINATING_COHORT,NOT_ESTIMATED_TERMINATING_COHORT
1.0,TASK3_PEAK_DURATION_SENSITIVITY_EXPLORATORY_V1,PEAK_DURATION_S30_I18_T900,LOCAL_WINDOW_HPP_BASE_STATIONARY_EXTENSION,30,30,18,900,OP_PEAK_DURATION_BASE_S30_I18_T900,d7eb57643b73aae7c6fcf987f1d166d7ebb9b6fb9894f44e51299f5d41094474,TASK3_OPERATIONAL_POOLED_V1,202607290000,202609290301,202609290302,202609290303,202609290304,5000,5000,5000,1198,1198,0,4.24000734716,12.454145692,4.29254968776,1.2596616257,5.55221131346,21,7,21,10,2,12,60,247,14.133549583,42.428210644,0.421715405944,5.01885424339,5.82308159637,7.66823641398,11.9751862878,-13.1358281612,0.0286181377048,0.992155125062,0.985265158924,RHO_LT_ONE_TERMINATING_COHORT,NOT_ESTIMATED_TERMINATING_COHORT
1.0,TASK3_PEAK_DURATION_SENSITIVITY_EXPLORATORY_V1,PEAK_DURATION_S30_I18_T900,LOCAL_WINDOW_HPP_BASE_STATIONARY_EXTENSION,31,30,18,900,OP_PEAK_DURATION_BASE_S30_I18_T900,d7eb57643b73aae7c6fcf987f1d166d7ebb9b6fb9894f44e51299f5d41094474,TASK3_OPERATIONAL_POOLED_V1,202607290000,202609290311,202609290312,202609290313,202609290314,5000,5000,5000,1200,1200,0,4.78804730068,13.304082707,5.25758007728,1.12648299029,6.38406306758,24,7,25,0,0,0,37,219,5.880005785,33.144064551,7.28433777532,9.98625149973,4.34119660987,3.92163914753,1.05777249016,19.2065466964,-0.0205752699139,0.992155125062,0.985265158924,RHO_LT_ONE_TERMINATING_COHORT,NOT_ESTIMATED_TERMINATING_COHORT
1.0,TASK3_PEAK_DURATION_SENSITIVITY_EXPLORATORY_V1,PEAK_DURATION_S30_I18_T900,LOCAL_WINDOW_HPP_BASE_STATIONARY_EXTENSION,32,30,18,900,OP_PEAK_DURATION_BASE_S30_I18_T900,d7eb57643b73aae7c6fcf987f1d166d7ebb9b6fb9894f44e51299f5d41094474,TASK3_OPERATIONAL_POOLED_V1,202607290000,202609290321,202609290322,202609290323,202609290324,5000,5000,5000,1185,1185,0,3.29219572826,8.858353197,3.02028558841,1.2711438593,4.2914294477,15,8,16,8,0,8,56,230,7.485474674,40.87111387,9.15362213087,6.13797421289,4.76444976584,5.36266130234,1.61552271738,17.295479829,-0.0176127908195,0.992155125062,0.985265158924,RHO_LT_ONE_TERMINATING_COHORT,NOT_ESTIMATED_TERMINATING_COHORT
1.0,TASK3_PEAK_DURATION_SENSITIVITY_EXPLORATORY_V1,PEAK_DURATION_S30_I18_T900,LOCAL_WINDOW_HPP_BASE_STATIONARY_EXTENSION,33,30,18,900,OP_PEAK_DURATION_BASE_S30_I18_T900,d7eb57643b73aae7c6fcf987f1d166d7ebb9b6fb9894f44e51299f5d41094474,TASK3_OPERATIONAL_POOLED_V1,202607290000,202609290331,202609290332,202609290333,202609290334,5000,5000,5000,1239,1239,0,7.09306448064,15.003769584,8.44600281135,1.15228042013,9.59828323148,25,6,26,19,0,19,67,259,14.092930739,48.293192574,6.17531066459,3.7000667257,2.74440529249,10.4471671713,12.9758909745,-8.05262763339,0.0226091789617,0.992155125062,0.985265158924,RHO_LT_ONE_TERMINATING_COHORT,NOT_ESTIMATED_TERMINATING_COHORT
1.0,TASK3_PEAK_DURATION_SENSITIVITY_EXPLORATORY_V1,PEAK_DURATION_S30_I18_T900,LOCAL_WINDOW_HPP_BASE_STATIONARY_EXTENSION,34,30,18,900,OP_PEAK_DURATION_BASE_S30_I18_T900,d7eb57643b73aae7c6fcf987f1d166d7ebb9b6fb9894f44e51299f5d41094474,TASK3_OPERATIONAL_POOLED_V1,202607290000,202609290341,202609290342,202609290343,202609290344,5000,5000,5000,1269,1269,0,14.0262911778,25.219665205,18.1126188145,1.05384581875,19.1664646332,40,5,41,37,1,38,86,260,27.620815494,62.823541488,30.0463387174,25.3626172522,26.2084705217,21.5355890853,31.1256419538,28.1070477767,-0.00185380188231,0.992155125062,0.985265158924,RHO_LT_ONE_TERMINATING_COHORT,NOT_ESTIMATED_TERMINATING_COHORT
1.0,TASK3_PEAK_DURATION_SENSITIVITY_EXPLORATORY_V1,PEAK_DURATION_S30_I18_T900,LOCAL_WINDOW_HPP_BASE_STATIONARY_EXTENSION,35,30,18,900,OP_PEAK_DURATION_BASE_S30_I18_T900,d7eb57643b73aae7c6fcf987f1d166d7ebb9b6fb9894f44e51299f5d41094474,TASK3_OPERATIONAL_POOLED_V1,202607290000,202609290351,202609290352,202609290353,202609290354,5000,5000,5000,1299,1299,0,28.1887885284,44.798636529,37.4166186867,1.7232066901,39.1398253768,67,6,69,57,4,61,109,253,46.072857086,78.736730873,54.231150064,55.7926621253,57.7740110946,56.7776999135,56.6065071935,51.9345920427,0.00637305783038,0.992155125062,0.985265158924,RHO_LT_ONE_TERMINATING_COHORT,NOT_ESTIMATED_TERMINATING_COHORT
1.0,TASK3_PEAK_DURATION_SENSITIVITY_EXPLORATORY_V1,PEAK_DURATION_S30_I18_T900,LOCAL_WINDOW_HPP_BASE_STATIONARY_EXTENSION,36,30,18,900,OP_PEAK_DURATION_BASE_S30_I18_T900,d7eb57643b73aae7c6fcf987f1d166d7ebb9b6fb9894f44e51299f5d41094474,TASK3_OPERATIONAL_POOLED_V1,202607290000,202609290361,202609290362,202609290363,202609290364,5000,5000,5000,1228,1228,0,6.83413190496,18.147046826,7.91855414059,1.32188283941,9.24043698,34,7,34,10,0,10,57,231,17.441467896,41.93825786,12.075305839,22.1955390821,14.1205869243,13.2922280464,10.8437034049,23.0303595873,-0.0126294621155,0.992155125062,0.985265158924,RHO_LT_ONE_TERMINATING_COHORT,NOT_ESTIMATED_TERMINATING_COHORT
1.0,TASK3_PEAK_DURATION_SENSITIVITY_EXPLORATORY_V1,PEAK_DURATION_S30_I18_T900,LOCAL_WINDOW_HPP_BASE_STATIONARY_EXTENSION,37,30,18,900,OP_PEAK_DURATION_BASE_S30_I18_T900,d7eb57643b73aae7c6fcf987f1d166d7ebb9b6fb9894f44e51299f5d41094474,TASK3_OPERATIONAL_POOLED_V1,202607290000,202609290371,202609290372,202609290373,202609290374,5000,5000,5000,1239,1239,0,6.22398669088,12.405323131,7.563072485,0.908735024698,8.47180750969,20,6,21,14,0,14,62,258,12.761528053,44.703043443,9.67945345922,12.8568645117,11.3828298491,9.70627147218,11.5695870132,10.5667457097,0.000699637853852,0.992155125062,0.985265158924,RHO_LT_ONE_TERMINATING_COHORT,NOT_ESTIMATED_TERMINATING_COHORT
1.0,TASK3_PEAK_DURATION_SENSITIVITY_EXPLORATORY_V1,PEAK_DURATION_S30_I18_T900,LOCAL_WINDOW_HPP_BASE_STATIONARY_EXTENSION,38,30,18,900,OP_PEAK_DURATION_BASE_S30_I18_T900,d7eb57643b73aae7c6fcf987f1d166d7ebb9b6fb9894f44e51299f5d41094474,TASK3_OPERATIONAL_POOLED_V1,202607290000,202609290381,202609290382,202609290383,202609290384,5000,5000,5000,1150,1150,0,2.68809156577,8.877666136,2.8051523688,0.555505443451,3.36065781225,17,5,17,11,0,11,49,230,6.20220866,40.907460638,0.129798789222,2.10126211739,7.9973117317,0.749180944933,1.62228151094,1.2953038156,0.00181431585665,0.992155125062,0.985265158924,RHO_LT_ONE_TERMINATING_COHORT,NOT_ESTIMATED_TERMINATING_COHORT
1.0,TASK3_PEAK_DURATION_SENSITIVITY_EXPLORATORY_V1,PEAK_DURATION_S30_I18_T900,LOCAL_WINDOW_HPP_BASE_STATIONARY_EXTENSION,39,30,18,900,OP_PEAK_DURATION_BASE_S30_I18_T900,d7eb57643b73aae7c6fcf987f1d166d7ebb9b6fb9894f44e51299f5d41094474,TASK3_OPERATIONAL_POOLED_V1,202607290000,202609290391,202609290392,202609290393,202609290394,5000,5000,5000,1218,1218,0,7.23721211741,17.351645994,8.05716737709,1.4119423276,9.46910970469,30,7,30,27,0,27,75,267,18.948367384,54.391166361,15.2357405997,3.73888782034,10.4652105891,9.30136636522,12.5021750725,10.1771654716,0.000105941656012,0.992155125062,0.985265158924,RHO_LT_ONE_TERMINATING_COHORT,NOT_ESTIMATED_TERMINATING_COHORT
1.0,TASK3_PEAK_DURATION_SENSITIVITY_EXPLORATORY_V1,PEAK_DURATION_S30_I18_T900,LOCAL_WINDOW_HPP_BASE_STATIONARY_EXTENSION,40,30,18,900,OP_PEAK_DURATION_BASE_S30_I18_T900,d7eb57643b73aae7c6fcf987f1d166d7ebb9b6fb9894f44e51299f5d41094474,TASK3_OPERATIONAL_POOLED_V1,202607290000,202609290401,202609290402,202609290403,202609290404,5000,5000,5000,1243,1243,0,9.03431463861,22.598590807,10.9160771767,1.12524540472,12.0413225815,42,6,42,31,0,31,79,268,27.635321592,57.036768971,11.1335661758,7.92393909356,12.546587474,18.3127523786,32.1916395726,-22.95702312,0.0583388445317,0.992155125062,0.985265158924,RHO_LT_ONE_TERMINATING_COHORT,NOT_ESTIMATED_TERMINATING_COHORT
1.0,TASK3_PEAK_DURATION_SENSITIVITY_EXPLORATORY_V1,PEAK_DURATION_S30_I18_T900,LOCAL_WINDOW_HPP_BASE_STATIONARY_EXTENSION,41,30,18,900,OP_PEAK_DURATION_BASE_S30_I18_T900,d7eb57643b73aae7c6fcf987f1d166d7ebb9b6fb9894f44e51299f5d41094474,TASK3_OPERATIONAL_POOLED_V1,202607290000,202609290411,202609290412,202609290413,202609290414,5000,5000,5000,1258,1258,0,9.52338748207,15.59431392,10.6110702,2.478352261,13.089422461,31,7,31,16,5,21,69,260,18.766239365,48.566850394,14.0551902627,15.416658659,12.7039515082,10.4733395483,17.9489953239,11.9864088017,0.00316032334615,0.992155125062,0.985265158924,RHO_LT_ONE_TERMINATING_COHORT,NOT_ESTIMATED_TERMINATING_COHORT
1.0,TASK3_PEAK_DURATION_SENSITIVITY_EXPLORATORY_V1,PEAK_DURATION_S30_I18_T900,LOCAL_WINDOW_HPP_BASE_STATIONARY_EXTENSION,42,30,18,900,OP_PEAK_DURATION_BASE_S30_I18_T900,d7eb57643b73aae7c6fcf987f1d166d7ebb9b6fb9894f44e51299f5d41094474,TASK3_OPERATIONAL_POOLED_V1,202607290000,202609290421,202609290422,202609290423,202609290424,5000,5000,5000,1189,1189,0,7.80991594922,18.665097833,9.04957301242,1.26609264107,10.3156656535,31,8,31,0,0,0,44,228,9.215068104,34.802941218,20.9175524135,23.233146064,7.44504480679,5.47078730709,3.23714945003,51.9031095211,-0.0590257385376,0.992155125062,0.985265158924,RHO_LT_ONE_TERMINATING_COHORT,NOT_ESTIMATED_TERMINATING_COHORT
1.0,TASK3_PEAK_DURATION_SENSITIVITY_EXPLORATORY_V1,PEAK_DURATION_S30_I18_T900,LOCAL_WINDOW_HPP_BASE_STATIONARY_EXTENSION,43,30,18,900,OP_PEAK_DURATION_BASE_S30_I18_T900,d7eb57643b73aae7c6fcf987f1d166d7ebb9b6fb9894f44e51299f5d41094474,TASK3_OPERATIONAL_POOLED_V1,202607290000,202609290431,202609290432,202609290433,202609290434,5000,5000,5000,1252,1252,0,12.7257981246,24.757271482,16.0144161291,1.34207766713,17.3564937962,41,5,41,24,4,28,76,254,25.823976445,54.900963998,28.7643419622,22.1450344192,14.9544568122,25.7449250472,28.4541535338,21.7779470264,0.00331057085699,0.992155125062,0.985265158924,RHO_LT_ONE_TERMINATING_COHORT,NOT_ESTIMATED_TERMINATING_COHORT
1.0,TASK3_PEAK_DURATION_SENSITIVITY_EXPLORATORY_V1,PEAK_DURATION_S30_I18_T900,LOCAL_WINDOW_HPP_BASE_STATIONARY_EXTENSION,44,30,18,900,OP_PEAK_DURATION_BASE_S30_I18_T900,d7eb57643b73aae7c6fcf987f1d166d7ebb9b6fb9894f44e51299f5d41094474,TASK3_OPERATIONAL_POOLED_V1,202607290000,202609290441,202609290442,202609290443,202609290444,5000,5000,5000,1221,1221,0,10.6093762579,29.808918771,11.6083994835,2.15489605792,13.7632955414,46,8,51,36,0,36,84,240,34.183246322,60.875448227,13.6731619348,17.8790059793,29.8570021641,40.678490354,26.0540335579,-10.0425819177,0.0528458084678,0.992155125062,0.985265158924,RHO_LT_ONE_TERMINATING_COHORT,NOT_ESTIMATED_TERMINATING_COHORT
1.0,TASK3_PEAK_DURATION_SENSITIVITY_EXPLORATORY_V1,PEAK_DURATION_S30_I18_T900,LOCAL_WINDOW_HPP_BASE_STATIONARY_EXTENSION,45,30,18,900,OP_PEAK_DURATION_BASE_S30_I18_T900,d7eb57643b73aae7c6fcf987f1d166d7ebb9b6fb9894f44e51299f5d41094474,TASK3_OPERATIONAL_POOLED_V1,202607290000,202609290451,202609290452,202609290453,202609290454,5000,5000,5000,1236,1236,0,6.88465146636,25.654796694,7.97660017184,0.940584987479,8.91718515932,42,8,43,36,0,36,83,264,28.794792508,60.390959497,1.7297864765,2.81941103601,6.15933531221,28.1262250396,34.6725777625,-53.6928303064,0.101324885084,0.992155125062,0.985265158924,RHO_LT_ONE_TERMINATING_COHORT,NOT_ESTIMATED_TERMINATING_COHORT
1.0,TASK3_PEAK_DURATION_SENSITIVITY_EXPLORATORY_V1,PEAK_DURATION_S30_I18_T900,LOCAL_WINDOW_HPP_BASE_STATIONARY_EXTENSION,46,30,18,900,OP_PEAK_DURATION_BASE_S30_I18_T900,d7eb57643b73aae7c6fcf987f1d166d7ebb9b6fb9894f44e51299f5d41094474,TASK3_OPERATIONAL_POOLED_V1,202607290000,202609290461,202609290462,202609290463,202609290464,5000,5000,5000,1258,1258,0,25.087180574,39.456053215,33.5213481715,1.27681157118,34.7981597427,59,4,59,23,2,25,73,234,31.259355555,53.144253438,52.8393123935,49.6337379476,47.3698117161,39.173480215,23.8982324131,93.8397282072,-0.0759360196595,0.992155125062,0.985265158924,RHO_LT_ONE_TERMINATING_COHORT,NOT_ESTIMATED_TERMINATING_COHORT
1.0,TASK3_PEAK_DURATION_SENSITIVITY_EXPLORATORY_V1,PEAK_DURATION_S30_I18_T900,LOCAL_WINDOW_HPP_BASE_STATIONARY_EXTENSION,47,30,18,900,OP_PEAK_DURATION_BASE_S30_I18_T900,d7eb57643b73aae7c6fcf987f1d166d7ebb9b6fb9894f44e51299f5d41094474,TASK3_OPERATIONAL_POOLED_V1,202607290000,202609290471,202609290472,202609290473,202609290474,5000,5000,5000,1234,1234,0,11.827207905,28.252003207,14.9309456418,1.01212539361,15.9430710354,47,6,47,23,1,24,72,227,25.162982791,51.972543029,15.5187756607,22.4408407104,38.137928274,31.1003048783,23.4037623405,7.79824422716,0.027143819475,0.992155125062,0.985265158924,RHO_LT_ONE_TERMINATING_COHORT,NOT_ESTIMATED_TERMINATING_COHORT
1.0,TASK3_PEAK_DURATION_SENSITIVITY_EXPLORATORY_V1,PEAK_DURATION_S30_I18_T900,LOCAL_WINDOW_HPP_BASE_STATIONARY_EXTENSION,48,30,18,900,OP_PEAK_DURATION_BASE_S30_I18_T900,d7eb57643b73aae7c6fcf987f1d166d7ebb9b6fb9894f44e51299f5d41094474,TASK3_OPERATIONAL_POOLED_V1,202607290000,202609290481,202609290482,202609290483,202609290484,5000,5000,5000,1216,1216,0,5.9640182202,14.347385748,6.47962889108,1.52796349413,8.00759238521,24,7,25,1,2,3,51,243,14.126631006,36.68060502,3.638380116,9.27622867192,5.87447042873,12.8139395667,14.0782138901,-9.17678729755,0.0271304204922,0.992155125062,0.985265158924,RHO_LT_ONE_TERMINATING_COHORT,NOT_ESTIMATED_TERMINATING_COHORT
1.0,TASK3_PEAK_DURATION_SENSITIVITY_EXPLORATORY_V1,PEAK_DURATION_S30_I18_T900,LOCAL_WINDOW_HPP_BASE_STATIONARY_EXTENSION,49,30,18,900,OP_PEAK_DURATION_BASE_S30_I18_T900,d7eb57643b73aae7c6fcf987f1d166d7ebb9b6fb9894f44e51299f5d41094474,TASK3_OPERATIONAL_POOLED_V1,202607290000,202609290491,202609290492,202609290493,202609290494,5000,5000,5000,1280,1280,0,16.9829298886,34.902200097,22.0986449453,1.08687954092,23.1855244862,54,4,55,48,1,49,97,273,38.302632931,70.136306037,30.1124709014,33.8454797915,37.619553769,26.8587867617,45.056529213,17.5224963922,0.0254460262149,0.992155125062,0.985265158924,RHO_LT_ONE_TERMINATING_COHORT,NOT_ESTIMATED_TERMINATING_COHORT
1.0,TASK3_PEAK_DURATION_SENSITIVITY_EXPLORATORY_V1,PEAK_DURATION_S30_I18_T900,LOCAL_WINDOW_HPP_BASE_STATIONARY_EXTENSION,50,30,18,900,OP_PEAK_DURATION_BASE_S30_I18_T900,d7eb57643b73aae7c6fcf987f1d166d7ebb9b6fb9894f44e51299f5d41094474,TASK3_OPERATIONAL_POOLED_V1,202607290000,202609290501,202609290502,202609290503,202609290504,5000,5000,5000,1253,1253,0,7.42584309153,23.515899851,8.68258490163,1.15804796257,9.84063286419,38,6,38,31,3,34,82,273,25.727249886,59.39286945,6.58962146647,2.62975326324,6.27832759878,17.9095530014,30.8427088379,-34.9894880273,0.070873304979,0.992155125062,0.985265158924,RHO_LT_ONE_TERMINATING_COHORT,NOT_ESTIMATED_TERMINATING_COHORT
1.0,TASK3_PEAK_DURATION_SENSITIVITY_EXPLORATORY_V1,PEAK_DURATION_S30_I18_T1800,LOCAL_WINDOW_HPP_BASE_STATIONARY_EXTENSION,1,30,18,1800,OP_PEAK_DURATION_BASE_S30_I18_T1800,e2cc8678f32a3af21fb44f8f0fb993065a3ba184f24920b8407a5cf2fc4d2182,TASK3_OPERATIONAL_POOLED_V1,202607290000,202609290011,202609290012,202609290013,202609290014,5000,5000,5000,2418,2418,0,5.30926875067,12.51905839,5.67069422626,1.43952812811,7.11022235437,29,12,29,2,2,4,52,491,17.170160335,36.59891955,9.22007139404,5.69410404293,8.4518822136,4.74794195578,13.9595439058,2.01512150017,0.00474043496464,0.992155125062,0.985265158924,RHO_LT_ONE_TERMINATING_COHORT,NOT_ESTIMATED_TERMINATING_COHORT
1.0,TASK3_PEAK_DURATION_SENSITIVITY_EXPLORATORY_V1,PEAK_DURATION_S30_I18_T1800,LOCAL_WINDOW_HPP_BASE_STATIONARY_EXTENSION,2,30,18,1800,OP_PEAK_DURATION_BASE_S30_I18_T1800,e2cc8678f32a3af21fb44f8f0fb993065a3ba184f24920b8407a5cf2fc4d2182,TASK3_OPERATIONAL_POOLED_V1,202607290000,202609290021,202609290022,202609290023,202609290024,5000,5000,5000,2442,2442,0,9.17199317046,18.963262094,10.8856734632,1.51255262297,12.3982260861,35,8,36,6,3,9,57,481,17.880381191,42.400431933,11.6708168479,1.88242946735,13.3124823454,18.4600473372,15.8897645263,-6.51852681523,0.0138975073482,0.992155125062,0.985265158924,RHO_LT_ONE_TERMINATING_COHORT,NOT_ESTIMATED_TERMINATING_COHORT
1.0,TASK3_PEAK_DURATION_SENSITIVITY_EXPLORATORY_V1,PEAK_DURATION_S30_I18_T1800,LOCAL_WINDOW_HPP_BASE_STATIONARY_EXTENSION,3,30,18,1800,OP_PEAK_DURATION_BASE_S30_I18_T1800,e2cc8678f32a3af21fb44f8f0fb993065a3ba184f24920b8407a5cf2fc4d2182,TASK3_OPERATIONAL_POOLED_V1,202607290000,202609290031,202609290032,202609290033,202609290034,5000,5000,5000,2425,2425,0,10.2533716807,25.597773926,12.3691047848,1.17549446335,13.5445992482,44,8,44,32,4,36,84,505,28.663437519,60.418634127,11.6120244985,28.5918914013,27.3672678662,22.9306685848,33.7623032641,-4.12666991303,0.0214662970637,0.992155125062,0.985265158924,RHO_LT_ONE_TERMINATING_COHORT,NOT_ESTIMATED_TERMINATING_COHORT
1.0,TASK3_PEAK_DURATION_SENSITIVITY_EXPLORATORY_V1,PEAK_DURATION_S30_I18_T1800,LOCAL_WINDOW_HPP_BASE_STATIONARY_EXTENSION,4,30,18,1800,OP_PEAK_DURATION_BASE_S30_I18_T1800,e2cc8678f32a3af21fb44f8f0fb993065a3ba184f24920b8407a5cf2fc4d2182,TASK3_OPERATIONAL_POOLED_V1,202607290000,202609290041,202609290042,202609290043,202609290044,5000,5000,5000,2441,2441,0,7.41755751905,17.075253869,9.1680739243,0.856357449451,10.0244313738,31,6,32,9,2,11,59,490,19.140757781,42.391269172,2.27828539847,16.5231987317,15.2781631779,16.2138542192,21.775607896,-14.6001534773,0.0214918336014,0.992155125062,0.985265158924,RHO_LT_ONE_TERMINATING_COHORT,NOT_ESTIMATED_TERMINATING_COHORT
1.0,TASK3_PEAK_DURATION_SENSITIVITY_EXPLORATORY_V1,PEAK_DURATION_S30_I18_T1800,LOCAL_WINDOW_HPP_BASE_STATIONARY_EXTENSION,5,30,18,1800,OP_PEAK_DURATION_BASE_S30_I18_T1800,e2cc8678f32a3af21fb44f8f0fb993065a3ba184f24920b8407a5cf2fc4d2182,TASK3_OPERATIONAL_POOLED_V1,202607290000,202609290051,202609290052,202609290053,202609290054,5000,5000,5000,2451,2451,0,8.85352478598,27.967791259,10.1280535628,1.4875248807,11.6155784435,50,7,53,41,3,44,92,506,33.407363727,67.624152028,5.59226961887,6.59386757691,14.7007618973,32.080664283,36.9432547145,-46.9594115548,0.0489937593874,0.992155125062,0.985265158924,RHO_LT_ONE_TERMINATING_COHORT,NOT_ESTIMATED_TERMINATING_COHORT
1.0,TASK3_PEAK_DURATION_SENSITIVITY_EXPLORATORY_V1,PEAK_DURATION_S30_I18_T1800,LOCAL_WINDOW_HPP_BASE_STATIONARY_EXTENSION,6,30,18,1800,OP_PEAK_DURATION_BASE_S30_I18_T1800,e2cc8678f32a3af21fb44f8f0fb993065a3ba184f24920b8407a5cf2fc4d2182,TASK3_OPERATIONAL_POOLED_V1,202607290000,202609290061,202609290062,202609290063,202609290064,5000,5000,5000,2451,2451,0,10.7709328178,34.256076094,12.9440733675,1.33263100999,14.2767043775,55,7,57,39,3,42,90,528,38.270575529,65.394471829,12.1691244993,9.36327994422,3.93132918747,23.5109622645,46.4281922413,-42.9187857259,0.0459254543357,0.992155125062,0.985265158924,RHO_LT_ONE_TERMINATING_COHORT,NOT_ESTIMATED_TERMINATING_COHORT
1.0,TASK3_PEAK_DURATION_SENSITIVITY_EXPLORATORY_V1,PEAK_DURATION_S30_I18_T1800,LOCAL_WINDOW_HPP_BASE_STATIONARY_EXTENSION,7,30,18,1800,OP_PEAK_DURATION_BASE_S30_I18_T1800,e2cc8678f32a3af21fb44f8f0fb993065a3ba184f24920b8407a5cf2fc4d2182,TASK3_OPERATIONAL_POOLED_V1,202607290000,202609290071,202609290072,202609290073,202609290074,5000,5000,5000,2499,2499,0,18.3577202967,42.655917919,23.6378182734,1.52211943385,25.1599377073,67,6,70,36,3,39,87,507,46.139808329,62.915595555,35.6691964647,21.7344855622,18.1848688631,37.3694148715,56.4114568776,-8.96570307362,0.0317330278529,0.992155125062,0.985265158924,RHO_LT_ONE_TERMINATING_COHORT,NOT_ESTIMATED_TERMINATING_COHORT
1.0,TASK3_PEAK_DURATION_SENSITIVITY_EXPLORATORY_V1,PEAK_DURATION_S30_I18_T1800,LOCAL_WINDOW_HPP_BASE_STATIONARY_EXTENSION,8,30,18,1800,OP_PEAK_DURATION_BASE_S30_I18_T1800,e2cc8678f32a3af21fb44f8f0fb993065a3ba184f24920b8407a5cf2fc4d2182,TASK3_OPERATIONAL_POOLED_V1,202607290000,202609290081,202609290082,202609290083,202609290084,5000,5000,5000,2540,2540,0,41.1055333392,59.460561504,54.7616183918,2.36501701306,57.1266354049,89,8,92,62,4,66,114,488,52.79436784,81.462997875,54.1041998599,63.2992326831,79.1380698053,69.1132299754,61.5098750434,49.9639107288,0.0114585264775,0.992155125062,0.985265158924,RHO_LT_ONE_TERMINATING_COHORT,NOT_ESTIMATED_TERMINATING_COHORT
1.0,TASK3_PEAK_DURATION_SENSITIVITY_EXPLORATORY_V1,PEAK_DURATION_S30_I18_T1800,LOCAL_WINDOW_HPP_BASE_STATIONARY_EXTENSION,9,30,18,1800,OP_PEAK_DURATION_BASE_S30_I18_T1800,e2cc8678f32a3af21fb44f8f0fb993065a3ba184f24920b8407a5cf2fc4d2182,TASK3_OPERATIONAL_POOLED_V1,202607290000,202609290091,202609290092,202609290093,202609290094,5000,5000,5000,2438,2438,0,9.91128809629,21.285824538,12.0921684635,1.31214138808,13.4043098515,36,6,36,0,3,3,50,473,22.963060243,35.879003584,5.83952973513,14.979061123,24.6456857587,27.4328520963,18.8540973884,-10.5119494896,0.0213794034888,0.992155125062,0.985265158924,RHO_LT_ONE_TERMINATING_COHORT,NOT_ESTIMATED_TERMINATING_COHORT
1.0,TASK3_PEAK_DURATION_SENSITIVITY_EXPLORATORY_V1,PEAK_DURATION_S30_I18_T1800,LOCAL_WINDOW_HPP_BASE_STATIONARY_EXTENSION,10,30,18,1800,OP_PEAK_DURATION_BASE_S30_I18_T1800,e2cc8678f32a3af21fb44f8f0fb993065a3ba184f24920b8407a5cf2fc4d2182,TASK3_OPERATIONAL_POOLED_V1,202607290000,202609290101,202609290102,202609290103,202609290104,5000,5000,5000,2436,2436,0,6.61467788713,17.449723086,7.68703445172,1.19524116817,8.88227561989,32,7,33,17,0,17,65,506,19.645536153,46.20795024,9.66794222918,7.28123254919,17.5289488126,11.9029354988,20.9832022782,-6.96631501213,0.0151401239154,0.992155125062,0.985265158924,RHO_LT_ONE_TERMINATING_COHORT,NOT_ESTIMATED_TERMINATING_COHORT
1.0,TASK3_PEAK_DURATION_SENSITIVITY_EXPLORATORY_V1,PEAK_DURATION_S30_I18_T1800,LOCAL_WINDOW_HPP_BASE_STATIONARY_EXTENSION,11,30,18,1800,OP_PEAK_DURATION_BASE_S30_I18_T1800,e2cc8678f32a3af21fb44f8f0fb993065a3ba184f24920b8407a5cf2fc4d2182,TASK3_OPERATIONAL_POOLED_V1,202607290000,202609290111,202609290112,202609290113,202609290114,5000,5000,5000,2475,2475,0,14.1544625149,33.25080052,18.1678724474,1.00306745291,19.1709399003,55,8,55,38,0,38,86,486,28.683922457,61.301272205,28.016431261,29.6081139659,43.8483185372,28.8994337598,24.7178328549,36.4974338395,-0.00405882056571,0.992155125062,0.985265158924,RHO_LT_ONE_TERMINATING_COHORT,NOT_ESTIMATED_TERMINATING_COHORT
1.0,TASK3_PEAK_DURATION_SENSITIVITY_EXPLORATORY_V1,PEAK_DURATION_S30_I18_T1800,LOCAL_WINDOW_HPP_BASE_STATIONARY_EXTENSION,12,30,18,1800,OP_PEAK_DURATION_BASE_S30_I18_T1800,e2cc8678f32a3af21fb44f8f0fb993065a3ba184f24920b8407a5cf2fc4d2182,TASK3_OPERATIONAL_POOLED_V1,202607290000,202609290121,202609290122,202609290123,202609290124,5000,5000,5000,2443,2443,0,7.69878168053,17.769758172,9.38920711144,0.938103097713,10.3273102092,33,6,34,21,0,21,69,497,16.955765308,51.116301076,22.7126953639,12.6584961976,5.35573052,4.25249433505,16.3409066508,28.1262490801,-0.0117497662716,0.992155125062,0.985265158924,RHO_LT_ONE_TERMINATING_COHORT,NOT_ESTIMATED_TERMINATING_COHORT
1.0,TASK3_PEAK_DURATION_SENSITIVITY_EXPLORATORY_V1,PEAK_DURATION_S30_I18_T1800,LOCAL_WINDOW_HPP_BASE_STATIONARY_EXTENSION,13,30,18,1800,OP_PEAK_DURATION_BASE_S30_I18_T1800,e2cc8678f32a3af21fb44f8f0fb993065a3ba184f24920b8407a5cf2fc4d2182,TASK3_OPERATIONAL_POOLED_V1,202607290000,202609290131,202609290132,202609290133,202609290134,5000,5000,5000,2531,2531,0,43.6352210949,59.256595768,59.1815691388,1.47566801707,60.6572371559,92,5,92,54,4,58,106,493,49.58361771,76.109000915,81.6291729524,67.4256434892,59.590649876,56.8106314966,61.1779949088,103.964844604,-0.0286207600443,0.992155125062,0.985265158924,RHO_LT_ONE_TERMINATING_COHORT,NOT_ESTIMATED_TERMINATING_COHORT
1.0,TASK3_PEAK_DURATION_SENSITIVITY_EXPLORATORY_V1,PEAK_DURATION_S30_I18_T1800,LOCAL_WINDOW_HPP_BASE_STATIONARY_EXTENSION,14,30,18,1800,OP_PEAK_DURATION_BASE_S30_I18_T1800,e2cc8678f32a3af21fb44f8f0fb993065a3ba184f24920b8407a5cf2fc4d2182,TASK3_OPERATIONAL_POOLED_V1,202607290000,202609290141,202609290142,202609290143,202609290144,5000,5000,5000,2350,2350,0,4.75939206034,15.355262079,5.15473120664,1.03415323406,6.1888844407,29,7,30,7,1,8,56,487,7.936764581,40.250317267,1.73557472554,12.8095284648,4.29115875696,3.46133199278,6.19848213533,6.01600145438,-0.000234656473559,0.992155125062,0.985265158924,RHO_LT_ONE_TERMINATING_COHORT,NOT_ESTIMATED_TERMINATING_COHORT
1.0,TASK3_PEAK_DURATION_SENSITIVITY_EXPLORATORY_V1,PEAK_DURATION_S30_I18_T1800,LOCAL_WINDOW_HPP_BASE_STATIONARY_EXTENSION,15,30,18,1800,OP_PEAK_DURATION_BASE_S30_I18_T1800,e2cc8678f32a3af21fb44f8f0fb993065a3ba184f24920b8407a5cf2fc4d2182,TASK3_OPERATIONAL_POOLED_V1,202607290000,202609290151,202609290152,202609290153,202609290154,5000,5000,5000,2445,2445,0,14.434114693,31.459277072,16.8832805403,2.64470959277,19.5279901331,53,9,54,11,3,14,62,486,36.716776653,45.617577218,18.0988514928,34.833930952,26.3372049764,39.7091978967,29.7016845384,8.67547419441,0.0156005183532,0.992155125062,0.985265158924,RHO_LT_ONE_TERMINATING_COHORT,NOT_ESTIMATED_TERMINATING_COHORT
1.0,TASK3_PEAK_DURATION_SENSITIVITY_EXPLORATORY_V1,PEAK_DURATION_S30_I18_T1800,LOCAL_WINDOW_HPP_BASE_STATIONARY_EXTENSION,16,30,18,1800,OP_PEAK_DURATION_BASE_S30_I18_T1800,e2cc8678f32a3af21fb44f8f0fb993065a3ba184f24920b8407a5cf2fc4d2182,TASK3_OPERATIONAL_POOLED_V1,202607290000,202609290161,202609290162,202609290163,202609290164,5000,5000,5000,2439,2439,0,9.06942080376,21.172615582,10.9300452245,1.23684742544,12.16689265,40,8,43,20,3,23,71,508,16.724859478,51.313670823,4.24468653961,27.4300653111,12.8169947425,4.96332188352,16.390504567,11.8004451384,0.0010138292373,0.992155125062,0.985265158924,RHO_LT_ONE_TERMINATING_COHORT,NOT_ESTIMATED_TERMINATING_COHORT
1.0,TASK3_PEAK_DURATION_SENSITIVITY_EXPLORATORY_V1,PEAK_DURATION_S30_I18_T1800,LOCAL_WINDOW_HPP_BASE_STATIONARY_EXTENSION,17,30,18,1800,OP_PEAK_DURATION_BASE_S30_I18_T1800,e2cc8678f32a3af21fb44f8f0fb993065a3ba184f24920b8407a5cf2fc4d2182,TASK3_OPERATIONAL_POOLED_V1,202607290000,202609290171,202609290172,202609290173,202609290174,5000,5000,5000,2414,2414,0,7.82200003379,19.580884812,9.31583537293,1.12374481073,10.4395801837,35,8,36,14,0,14,62,502,22.885140726,44.43461862,4.81272150108,4.36061906373,9.23246532491,8.37091927424,24.5345571445,-22.3282221613,0.0241410952763,0.992155125062,0.985265158924,RHO_LT_ONE_TERMINATING_COHORT,NOT_ESTIMATED_TERMINATING_COHORT
1.0,TASK3_PEAK_DURATION_SENSITIVITY_EXPLORATORY_V1,PEAK_DURATION_S30_I18_T1800,LOCAL_WINDOW_HPP_BASE_STATIONARY_EXTENSION,18,30,18,1800,OP_PEAK_DURATION_BASE_S30_I18_T1800,e2cc8678f32a3af21fb44f8f0fb993065a3ba184f24920b8407a5cf2fc4d2182,TASK3_OPERATIONAL_POOLED_V1,202607290000,202609290181,202609290182,202609290183,202609290184,5000,5000,5000,2430,2430,0,10.2661045605,27.332697748,12.9359781359,0.882502597221,13.8184807331,44,7,44,9,1,10,58,465,24.122896524,41.606549066,5.86547987918,16.7878789926,35.7190927003,29.441869664,6.2853549986,8.69962956425,0.00749652272791,0.992155125062,0.985265158924,RHO_LT_ONE_TERMINATING_COHORT,NOT_ESTIMATED_TERMINATING_COHORT
1.0,TASK3_PEAK_DURATION_SENSITIVITY_EXPLORATORY_V1,PEAK_DURATION_S30_I18_T1800,LOCAL_WINDOW_HPP_BASE_STATIONARY_EXTENSION,19,30,18,1800,OP_PEAK_DURATION_BASE_S30_I18_T1800,e2cc8678f32a3af21fb44f8f0fb993065a3ba184f24920b8407a5cf2fc4d2182,TASK3_OPERATIONAL_POOLED_V1,202607290000,202609290191,202609290192,202609290193,202609290194,5000,5000,5000,2376,2376,0,7.9600516656,21.253666544,9.45317650664,1.05409169195,10.5072681986,41,7,41,0,0,0,38,464,12.089384,34.476134748,2.54732581493,7.86716109701,8.32795427832,7.80843489727,3.75493974307,4.29378692371,0.00130916758697,0.992155125062,0.985265158924,RHO_LT_ONE_TERMINATING_COHORT,NOT_ESTIMATED_TERMINATING_COHORT
1.0,TASK3_PEAK_DURATION_SENSITIVITY_EXPLORATORY_V1,PEAK_DURATION_S30_I18_T1800,LOCAL_WINDOW_HPP_BASE_STATIONARY_EXTENSION,20,30,18,1800,OP_PEAK_DURATION_BASE_S30_I18_T1800,e2cc8678f32a3af21fb44f8f0fb993065a3ba184f24920b8407a5cf2fc4d2182,TASK3_OPERATIONAL_POOLED_V1,202607290000,202609290201,202609290202,202609290203,202609290204,5000,5000,5000,2459,2459,0,10.3230021984,27.378170035,12.7812980622,1.29324817384,14.074546236,49,6,50,0,3,3,50,487,10.578198102,37.10402047,3.86581042489,2.47071354567,12.3344425852,5.38980851402,9.82184808296,-4.34685308283,0.00823953904694,0.992155125062,0.985265158924,RHO_LT_ONE_TERMINATING_COHORT,NOT_ESTIMATED_TERMINATING_COHORT
1.0,TASK3_PEAK_DURATION_SENSITIVITY_EXPLORATORY_V1,PEAK_DURATION_S30_I18_T1800,LOCAL_WINDOW_HPP_BASE_STATIONARY_EXTENSION,21,30,18,1800,OP_PEAK_DURATION_BASE_S30_I18_T1800,e2cc8678f32a3af21fb44f8f0fb993065a3ba184f24920b8407a5cf2fc4d2182,TASK3_OPERATIONAL_POOLED_V1,202607290000,202609290211,202609290212,202609290213,202609290214,5000,5000,5000,2479,2479,0,14.1991033688,32.818497904,18.3933349819,0.983855719579,19.3771907015,61,6,62,27,3,30,78,497,42.338689993,54.914894519,9.54804849784,14.5972451602,21.7621785564,34.2379040529,45.1126560662,-43.0257990554,0.0504277077942,0.992155125062,0.985265158924,RHO_LT_ONE_TERMINATING_COHORT,NOT_ESTIMATED_TERMINATING_COHORT
1.0,TASK3_PEAK_DURATION_SENSITIVITY_EXPLORATORY_V1,PEAK_DURATION_S30_I18_T1800,LOCAL_WINDOW_HPP_BASE_STATIONARY_EXTENSION,22,30,18,1800,OP_PEAK_DURATION_BASE_S30_I18_T1800,e2cc8678f32a3af21fb44f8f0fb993065a3ba184f24920b8407a5cf2fc4d2182,TASK3_OPERATIONAL_POOLED_V1,202607290000,202609290221,202609290222,202609290223,202609290224,5000,5000,5000,2442,2442,0,7.1660909283,17.823518043,8.60636869667,1.07120490881,9.67757360548,31,6,32,9,3,12,60,476,12.6600476,43.214264564,13.0007714198,22.5414632285,10.9999117113,12.8622542046,3.09711806139,34.6151905306,-0.0163813976337,0.992155125062,0.985265158924,RHO_LT_ONE_TERMINATING_COHORT,NOT_ESTIMATED_TERMINATING_COHORT
1.0,TASK3_PEAK_DURATION_SENSITIVITY_EXPLORATORY_V1,PEAK_DURATION_S30_I18_T1800,LOCAL_WINDOW_HPP_BASE_STATIONARY_EXTENSION,23,30,18,1800,OP_PEAK_DURATION_BASE_S30_I18_T1800,e2cc8678f32a3af21fb44f8f0fb993065a3ba184f24920b8407a5cf2fc4d2182,TASK3_OPERATIONAL_POOLED_V1,202607290000,202609290231,202609290232,202609290233,202609290234,5000,5000,5000,2563,2563,0,42.194775422,67.60406836,55.8471765279,2.6457530399,58.4929295678,102,8,102,82,5,87,135,500,71.977307633,98.479983417,77.2344016853,84.4747707688,82.2076356493,88.6194360974,92.9877527162,58.3662738406,0.0198063152169,0.992155125062,0.985265158924,RHO_LT_ONE_TERMINATING_COHORT,NOT_ESTIMATED_TERMINATING_COHORT
1.0,TASK3_PEAK_DURATION_SENSITIVITY_EXPLORATORY_V1,PEAK_DURATION_S30_I18_T1800,LOCAL_WINDOW_HPP_BASE_STATIONARY_EXTENSION,24,30,18,1800,OP_PEAK_DURATION_BASE_S30_I18_T1800,e2cc8678f32a3af21fb44f8f0fb993065a3ba184f24920b8407a5cf2fc4d2182,TASK3_OPERATIONAL_POOLED_V1,202607290000,202609290241,202609290242,202609290243,202609290244,5000,5000,5000,2504,2504,0,16.6293514299,43.07994142,21.4988890719,1.1484079758,22.6472970477,65,7,65,46,2,48,96,489,44.994902235,69.565652976,12.676019847,23.6111791493,38.3744418813,55.8825676959,57.2869399013,-53.5536917966,0.0674962381419,0.992155125062,0.985265158924,RHO_LT_ONE_TERMINATING_COHORT,NOT_ESTIMATED_TERMINATING_COHORT
1.0,TASK3_PEAK_DURATION_SENSITIVITY_EXPLORATORY_V1,PEAK_DURATION_S30_I18_T1800,LOCAL_WINDOW_HPP_BASE_STATIONARY_EXTENSION,25,30,18,1800,OP_PEAK_DURATION_BASE_S30_I18_T1800,e2cc8678f32a3af21fb44f8f0fb993065a3ba184f24920b8407a5cf2fc4d2182,TASK3_OPERATIONAL_POOLED_V1,202607290000,202609290251,202609290252,202609290253,202609290254,5000,5000,5000,2509,2509,0,13.4262771683,38.784685512,16.5000651177,1.45348406895,17.9535491867,64,7,66,59,1,60,108,523,44.79697691,77.8504068,8.41876719469,6.79542470297,22.9405100577,36.3225761432,53.8604236168,-64.6403078703,0.0668947023803,0.992155125062,0.985265158924,RHO_LT_ONE_TERMINATING_COHORT,NOT_ESTIMATED_TERMINATING_COHORT
1.0,TASK3_PEAK_DURATION_SENSITIVITY_EXPLORATORY_V1,PEAK_DURATION_S30_I18_T1800,LOCAL_WINDOW_HPP_BASE_STATIONARY_EXTENSION,26,30,18,1800,OP_PEAK_DURATION_BASE_S30_I18_T1800,e2cc8678f32a3af21fb44f8f0fb993065a3ba184f24920b8407a5cf2fc4d2182,TASK3_OPERATIONAL_POOLED_V1,202607290000,202609290261,202609290262,202609290263,202609290264,5000,5000,5000,2482,2482,0,9.0631512051,18.214134697,10.8531324181,1.21541543333,12.0685478515,46,7,47,43,2,45,93,532,28.465731319,67.337450779,10.2550760791,10.987002937,2.80267599221,19.4964666808,23.3441820154,-12.6386759713,0.019270930898,0.992155125062,0.985265158924,RHO_LT_ONE_TERMINATING_COHORT,NOT_ESTIMATED_TERMINATING_COHORT
1.0,TASK3_PEAK_DURATION_SENSITIVITY_EXPLORATORY_V1,PEAK_DURATION_S30_I18_T1800,LOCAL_WINDOW_HPP_BASE_STATIONARY_EXTENSION,27,30,18,1800,OP_PEAK_DURATION_BASE_S30_I18_T1800,e2cc8678f32a3af21fb44f8f0fb993065a3ba184f24920b8407a5cf2fc4d2182,TASK3_OPERATIONAL_POOLED_V1,202607290000,202609290271,202609290272,202609290273,202609290274,5000,5000,5000,2482,2482,0,12.1942180623,30.93041872,15.4174220105,1.26006198633,16.6774839968,48,6,49,22,4,26,74,515,24.907740436,52.617904378,34.8574037348,12.667229003,9.52151667136,7.68943668623,24.8519366732,36.6590493836,-0.0138826257999,0.992155125062,0.985265158924,RHO_LT_ONE_TERMINATING_COHORT,NOT_ESTIMATED_TERMINATING_COHORT
1.0,TASK3_PEAK_DURATION_SENSITIVITY_EXPLORATORY_V1,PEAK_DURATION_S30_I18_T1800,LOCAL_WINDOW_HPP_BASE_STATIONARY_EXTENSION,28,30,18,1800,OP_PEAK_DURATION_BASE_S30_I18_T1800,e2cc8678f32a3af21fb44f8f0fb993065a3ba184f24920b8407a5cf2fc4d2182,TASK3_OPERATIONAL_POOLED_V1,202607290000,202609290281,202609290282,202609290283,202609290284,5000,5000,5000,2401,2401,0,8.78706486721,28.55407753,10.4688782705,1.22248833265,11.6913666032,53,8,53,7,2,9,57,475,9.883459387,40.835299555,29.2912833907,11.4697260158,3.45416649324,0.9674437053,8.67057605937,49.5784118628,-0.0287464983184,0.992155125062,0.985265158924,RHO_LT_ONE_TERMINATING_COHORT,NOT_ESTIMATED_TERMINATING_COHORT
1.0,TASK3_PEAK_DURATION_SENSITIVITY_EXPLORATORY_V1,PEAK_DURATION_S30_I18_T1800,LOCAL_WINDOW_HPP_BASE_STATIONARY_EXTENSION,29,30,18,1800,OP_PEAK_DURATION_BASE_S30_I18_T1800,e2cc8678f32a3af21fb44f8f0fb993065a3ba184f24920b8407a5cf2fc4d2182,TASK3_OPERATIONAL_POOLED_V1,202607290000,202609290291,202609290292,202609290293,202609290294,5000,5000,5000,2516,2516,0,23.6006210932,37.040967937,31.2828253041,1.23763515166,32.5204604558,57,9,58,48,0,48,95,501,33.872263761,69.198121055,41.3987725272,49.1656567886,43.3661265381,39.9506863639,34.4691213758,58.9757772643,-0.0128190404042,0.992155125062,0.985265158924,RHO_LT_ONE_TERMINATING_COHORT,NOT_ESTIMATED_TERMINATING_COHORT
1.0,TASK3_PEAK_DURATION_SENSITIVITY_EXPLORATORY_V1,PEAK_DURATION_S30_I18_T1800,LOCAL_WINDOW_HPP_BASE_STATIONARY_EXTENSION,30,30,18,1800,OP_PEAK_DURATION_BASE_S30_I18_T1800,e2cc8678f32a3af21fb44f8f0fb993065a3ba184f24920b8407a5cf2fc4d2182,TASK3_OPERATIONAL_POOLED_V1,202607290000,202609290301,202609290302,202609290303,202609290304,5000,5000,5000,2390,2390,0,6.03938299879,20.563627233,6.81187042177,1.16157515992,7.97344558169,36,8,37,14,0,14,61,498,25.279071335,43.692641495,11.8190028086,1.43802628597,1.79392125221,9.31846261096,27.6039862918,-19.1931226186,0.0219168907174,0.992155125062,0.985265158924,RHO_LT_ONE_TERMINATING_COHORT,NOT_ESTIMATED_TERMINATING_COHORT
1.0,TASK3_PEAK_DURATION_SENSITIVITY_EXPLORATORY_V1,PEAK_DURATION_S30_I18_T1800,LOCAL_WINDOW_HPP_BASE_STATIONARY_EXTENSION,31,30,18,1800,OP_PEAK_DURATION_BASE_S30_I18_T1800,e2cc8678f32a3af21fb44f8f0fb993065a3ba184f24920b8407a5cf2fc4d2182,TASK3_OPERATIONAL_POOLED_V1,202607290000,202609290311,202609290312,202609290313,202609290314,5000,5000,5000,2397,2397,0,5.84999216447,15.585849154,6.68022888709,1.10846073276,7.78868961986,27,7,28,0,0,0,42,458,10.528853498,35.658211971,7.95502546186,19.2638291846,8.76718274134,8.3724085466,1.60813492623,26.8822174541,-0.0131028898385,0.992155125062,0.985265158924,RHO_LT_ONE_TERMINATING_COHORT,NOT_ESTIMATED_TERMINATING_COHORT
1.0,TASK3_PEAK_DURATION_SENSITIVITY_EXPLORATORY_V1,PEAK_DURATION_S30_I18_T1800,LOCAL_WINDOW_HPP_BASE_STATIONARY_EXTENSION,32,30,18,1800,OP_PEAK_DURATION_BASE_S30_I18_T1800,e2cc8678f32a3af21fb44f8f0fb993065a3ba184f24920b8407a5cf2fc4d2182,TASK3_OPERATIONAL_POOLED_V1,202607290000,202609290321,202609290322,202609290323,202609290324,5000,5000,5000,2384,2384,0,4.68786681684,11.732474861,5.20581618453,0.98374277947,6.189558964,23,8,23,2,1,3,51,461,7.1891968,36.279438058,13.8795555079,13.1841913811,6.35460223902,3.18501535338,3.83507792017,30.6537868826,-0.0167156284461,0.992155125062,0.985265158924,RHO_LT_ONE_TERMINATING_COHORT,NOT_ESTIMATED_TERMINATING_COHORT
1.0,TASK3_PEAK_DURATION_SENSITIVITY_EXPLORATORY_V1,PEAK_DURATION_S30_I18_T1800,LOCAL_WINDOW_HPP_BASE_STATIONARY_EXTENSION,33,30,18,1800,OP_PEAK_DURATION_BASE_S30_I18_T1800,e2cc8678f32a3af21fb44f8f0fb993065a3ba184f24920b8407a5cf2fc4d2182,TASK3_OPERATIONAL_POOLED_V1,202607290000,202609290331,202609290332,202609290333,202609290334,5000,5000,5000,2503,2503,0,16.6708769036,38.484450599,21.753689777,1.000505168,22.754194945,62,6,62,45,0,45,93,490,41.738680378,67.031080729,18.8179040058,22.2582853763,40.7207349172,47.9748997216,49.778709272,-29.8185619998,0.0486879027099,0.992155125062,0.985265158924,RHO_LT_ONE_TERMINATING_COHORT,NOT_ESTIMATED_TERMINATING_COHORT
1.0,TASK3_PEAK_DURATION_SENSITIVITY_EXPLORATORY_V1,PEAK_DURATION_S30_I18_T1800,LOCAL_WINDOW_HPP_BASE_STATIONARY_EXTENSION,34,30,18,1800,OP_PEAK_DURATION_BASE_S30_I18_T1800,e2cc8678f32a3af21fb44f8f0fb993065a3ba184f24920b8407a5cf2fc4d2182,TASK3_OPERATIONAL_POOLED_V1,202607290000,202609290341,202609290342,202609290343,202609290344,5000,5000,5000,2526,2526,0,30.1570475757,54.320150379,40.5308085844,1.10949099116,41.6402995756,81,5,81,57,1,58,106,477,55.82822581,75.955266871,50.9757330141,66.3353581046,65.2534859576,71.9225563911,66.0835391225,37.2620266405,0.0198904502796,0.992155125062,0.985265158924,RHO_LT_ONE_TERMINATING_COHORT,NOT_ESTIMATED_TERMINATING_COHORT
1.0,TASK3_PEAK_DURATION_SENSITIVITY_EXPLORATORY_V1,PEAK_DURATION_S30_I18_T1800,LOCAL_WINDOW_HPP_BASE_STATIONARY_EXTENSION,35,30,18,1800,OP_PEAK_DURATION_BASE_S30_I18_T1800,e2cc8678f32a3af21fb44f8f0fb993065a3ba184f24920b8407a5cf2fc4d2182,TASK3_OPERATIONAL_POOLED_V1,202607290000,202609290351,202609290352,202609290353,202609290354,5000,5000,5000,2522,2522,0,31.5983728165,45.387924641,42.0328204541,1.78126346195,43.8140839161,67,6,69,46,0,46,94,485,46.891364641,68.716980992,54.8054925516,36.8066721798,44.3922118929,56.1958099752,50.2415256772,40.7924394205,0.0057006689147,0.992155125062,0.985265158924,RHO_LT_ONE_TERMINATING_COHORT,NOT_ESTIMATED_TERMINATING_COHORT
1.0,TASK3_PEAK_DURATION_SENSITIVITY_EXPLORATORY_V1,PEAK_DURATION_S30_I18_T1800,LOCAL_WINDOW_HPP_BASE_STATIONARY_EXTENSION,36,30,18,1800,OP_PEAK_DURATION_BASE_S30_I18_T1800,e2cc8678f32a3af21fb44f8f0fb993065a3ba184f24920b8407a5cf2fc4d2182,TASK3_OPERATIONAL_POOLED_V1,202607290000,202609290361,202609290362,202609290363,202609290364,5000,5000,5000,2426,2426,0,7.99124639264,17.924275819,9.39305164471,1.3758630566,10.7689147013,34,7,34,0,0,0,39,454,18.461691296,34.691653647,15.5329208342,13.8579741387,8.14162189321,21.5161736119,2.43827163507,26.1957166164,-0.0102950549583,0.992155125062,0.985265158924,RHO_LT_ONE_TERMINATING_COHORT,NOT_ESTIMATED_TERMINATING_COHORT
1.0,TASK3_PEAK_DURATION_SENSITIVITY_EXPLORATORY_V1,PEAK_DURATION_S30_I18_T1800,LOCAL_WINDOW_HPP_BASE_STATIONARY_EXTENSION,37,30,18,1800,OP_PEAK_DURATION_BASE_S30_I18_T1800,e2cc8678f32a3af21fb44f8f0fb993065a3ba184f24920b8407a5cf2fc4d2182,TASK3_OPERATIONAL_POOLED_V1,202607290000,202609290371,202609290372,202609290373,202609290374,5000,5000,5000,2418,2418,0,5.68667971927,12.461687082,6.84360483059,0.790348035144,7.63395286574,23,6,23,0,0,0,47,458,7.967243112,39.115556161,11.201313308,12.9192286464,3.47905217952,2.67802436443,3.70287261057,25.7246624794,-0.0140211587094,0.992155125062,0.985265158924,RHO_LT_ONE_TERMINATING_COHORT,NOT_ESTIMATED_TERMINATING_COHORT
1.0,TASK3_PEAK_DURATION_SENSITIVITY_EXPLORATORY_V1,PEAK_DURATION_S30_I18_T1800,LOCAL_WINDOW_HPP_BASE_STATIONARY_EXTENSION,38,30,18,1800,OP_PEAK_DURATION_BASE_S30_I18_T1800,e2cc8678f32a3af21fb44f8f0fb993065a3ba184f24920b8407a5cf2fc4d2182,TASK3_OPERATIONAL_POOLED_V1,202607290000,202609290381,202609290382,202609290383,202609290384,5000,5000,5000,2352,2352,0,3.49611694449,8.989285945,3.71484209671,0.819648486831,4.53449058354,17,7,17,7,0,7,54,489,8.69542224,39.747155701,2.72015876588,1.56050628748,10.0484433807,9.31541275907,4.89709558098,-3.37326172152,0.00672710005655,0.992155125062,0.985265158924,RHO_LT_ONE_TERMINATING_COHORT,NOT_ESTIMATED_TERMINATING_COHORT
1.0,TASK3_PEAK_DURATION_SENSITIVITY_EXPLORATORY_V1,PEAK_DURATION_S30_I18_T1800,LOCAL_WINDOW_HPP_BASE_STATIONARY_EXTENSION,39,30,18,1800,OP_PEAK_DURATION_BASE_S30_I18_T1800,e2cc8678f32a3af21fb44f8f0fb993065a3ba184f24920b8407a5cf2fc4d2182,TASK3_OPERATIONAL_POOLED_V1,202607290000,202609290391,202609290392,202609290393,202609290394,5000,5000,5000,2428,2428,0,9.53344579921,21.795078946,11.6798969659,1.13000731389,12.8099042797,45,7,45,11,2,13,61,491,18.428731856,44.087392607,30.4301137469,14.2251399813,5.95541194535,15.0811117745,15.061716826,38.5613153914,-0.0166004566938,0.992155125062,0.985265158924,RHO_LT_ONE_TERMINATING_COHORT,NOT_ESTIMATED_TERMINATING_COHORT
1.0,TASK3_PEAK_DURATION_SENSITIVITY_EXPLORATORY_V1,PEAK_DURATION_S30_I18_T1800,LOCAL_WINDOW_HPP_BASE_STATIONARY_EXTENSION,40,30,18,1800,OP_PEAK_DURATION_BASE_S30_I18_T1800,e2cc8678f32a3af21fb44f8f0fb993065a3ba184f24920b8407a5cf2fc4d2182,TASK3_OPERATIONAL_POOLED_V1,202607290000,202609290401,202609290402,202609290403,202609290404,5000,5000,5000,2456,2456,0,11.4170210322,26.398839443,13.8491305234,1.52409881196,15.3732293354,42,7,44,23,5,28,76,513,28.787590809,55.380490766,20.6739843165,8.05091158052,7.83387193498,27.6370884152,29.3298241991,-8.96825636063,0.0204988092221,0.992155125062,0.985265158924,RHO_LT_ONE_TERMINATING_COHORT,NOT_ESTIMATED_TERMINATING_COHORT
1.0,TASK3_PEAK_DURATION_SENSITIVITY_EXPLORATORY_V1,PEAK_DURATION_S30_I18_T1800,LOCAL_WINDOW_HPP_BASE_STATIONARY_EXTENSION,41,30,18,1800,OP_PEAK_DURATION_BASE_S30_I18_T1800,e2cc8678f32a3af21fb44f8f0fb993065a3ba184f24920b8407a5cf2fc4d2182,TASK3_OPERATIONAL_POOLED_V1,202607290000,202609290411,202609290412,202609290413,202609290414,5000,5000,5000,2462,2462,0,8.98517505953,16.909389055,10.1952848623,2.06451914831,12.2598040107,31,7,31,10,0,10,58,480,9.15693212,42.222673274,21.7372522793,15.878155462,11.9688099286,0.495340318744,7.07136981262,44.9661206178,-0.0248414333759,0.992155125062,0.985265158924,RHO_LT_ONE_TERMINATING_COHORT,NOT_ESTIMATED_TERMINATING_COHORT
1.0,TASK3_PEAK_DURATION_SENSITIVITY_EXPLORATORY_V1,PEAK_DURATION_S30_I18_T1800,LOCAL_WINDOW_HPP_BASE_STATIONARY_EXTENSION,42,30,18,1800,OP_PEAK_DURATION_BASE_S30_I18_T1800,e2cc8678f32a3af21fb44f8f0fb993065a3ba184f24920b8407a5cf2fc4d2182,TASK3_OPERATIONAL_POOLED_V1,202607290000,202609290421,202609290422,202609290423,202609290424,5000,5000,5000,2422,2422,0,8.45043086675,20.643652903,10.0480493287,1.20827037095,11.2563196997,38,8,40,21,2,23,71,508,25.847080204,50.882915012,1.19587363896,3.05440252395,9.30433417239,20.3518182596,27.0784401342,-39.5999377988,0.0383680826257,0.992155125062,0.985265158924,RHO_LT_ONE_TERMINATING_COHORT,NOT_ESTIMATED_TERMINATING_COHORT
1.0,TASK3_PEAK_DURATION_SENSITIVITY_EXPLORATORY_V1,PEAK_DURATION_S30_I18_T1800,LOCAL_WINDOW_HPP_BASE_STATIONARY_EXTENSION,43,30,18,1800,OP_PEAK_DURATION_BASE_S30_I18_T1800,e2cc8678f32a3af21fb44f8f0fb993065a3ba184f24920b8407a5cf2fc4d2182,TASK3_OPERATIONAL_POOLED_V1,202607290000,202609290431,202609290432,202609290433,202609290434,5000,5000,5000,2517,2517,0,17.0805501632,30.076509076,21.7492752195,1.50336377701,23.2526389965,55,5,56,54,0,54,102,516,35.06737769,74.132064513,27.1160667258,23.4551404287,28.5866651052,30.7537572994,35.832291425,10.600484495,0.0137394812606,0.992155125062,0.985265158924,RHO_LT_ONE_TERMINATING_COHORT,NOT_ESTIMATED_TERMINATING_COHORT
1.0,TASK3_PEAK_DURATION_SENSITIVITY_EXPLORATORY_V1,PEAK_DURATION_S30_I18_T1800,LOCAL_WINDOW_HPP_BASE_STATIONARY_EXTENSION,44,30,18,1800,OP_PEAK_DURATION_BASE_S30_I18_T1800,e2cc8678f32a3af21fb44f8f0fb993065a3ba184f24920b8407a5cf2fc4d2182,TASK3_OPERATIONAL_POOLED_V1,202607290000,202609290441,202609290442,202609290443,202609290444,5000,5000,5000,2475,2475,0,22.9524521375,47.048319706,28.0831115204,2.86308563158,30.946197152,81,8,81,50,3,53,101,494,55.038985339,72.92271649,34.2710919839,35.9342018531,49.3264885978,55.7188368404,65.3948745379,-13.3950513089,0.0455734444974,0.992155125062,0.985265158924,RHO_LT_ONE_TERMINATING_COHORT,NOT_ESTIMATED_TERMINATING_COHORT
1.0,TASK3_PEAK_DURATION_SENSITIVITY_EXPLORATORY_V1,PEAK_DURATION_S30_I18_T1800,LOCAL_WINDOW_HPP_BASE_STATIONARY_EXTENSION,45,30,18,1800,OP_PEAK_DURATION_BASE_S30_I18_T1800,e2cc8678f32a3af21fb44f8f0fb993065a3ba184f24920b8407a5cf2fc4d2182,TASK3_OPERATIONAL_POOLED_V1,202607290000,202609290451,202609290452,202609290453,202609290454,5000,5000,5000,2510,2510,0,29.2710207802,63.566510673,38.7870755619,0.966530595911,39.7536061578,97,8,97,69,3,72,120,482,62.966850024,87.247029767,45.2364118143,68.1072007906,88.2136930199,77.7961396086,73.5966905484,20.7829049418,0.0368941646034,0.992155125062,0.985265158924,RHO_LT_ONE_TERMINATING_COHORT,NOT_ESTIMATED_TERMINATING_COHORT
1.0,TASK3_PEAK_DURATION_SENSITIVITY_EXPLORATORY_V1,PEAK_DURATION_S30_I18_T1800,LOCAL_WINDOW_HPP_BASE_STATIONARY_EXTENSION,46,30,18,1800,OP_PEAK_DURATION_BASE_S30_I18_T1800,e2cc8678f32a3af21fb44f8f0fb993065a3ba184f24920b8407a5cf2fc4d2182,TASK3_OPERATIONAL_POOLED_V1,202607290000,202609290461,202609290462,202609290463,202609290464,5000,5000,5000,2437,2437,0,16.5036990038,37.939790373,21.1984990121,1.11339433478,22.3118933468,59,6,59,9,0,9,57,480,7.793973415,41.752854498,25.3804237467,16.1302786425,1.89647763763,1.24591383346,4.47504089461,52.3469748359,-0.0314972947296,0.992155125062,0.985265158924,RHO_LT_ONE_TERMINATING_COHORT,NOT_ESTIMATED_TERMINATING_COHORT
1.0,TASK3_PEAK_DURATION_SENSITIVITY_EXPLORATORY_V1,PEAK_DURATION_S30_I18_T1800,LOCAL_WINDOW_HPP_BASE_STATIONARY_EXTENSION,47,30,18,1800,OP_PEAK_DURATION_BASE_S30_I18_T1800,e2cc8678f32a3af21fb44f8f0fb993065a3ba184f24920b8407a5cf2fc4d2182,TASK3_OPERATIONAL_POOLED_V1,202607290000,202609290471,202609290472,202609290473,202609290474,5000,5000,5000,2422,2422,0,11.6926641647,30.670261986,14.7051980958,0.983613313738,15.6888114096,48,6,48,6,3,9,57,465,9.37727516,40.957065285,33.1490718315,16.4893119546,19.9421018269,3.11934896869,4.47292433709,68.4762452647,-0.0392901433193,0.992155125062,0.985265158924,RHO_LT_ONE_TERMINATING_COHORT,NOT_ESTIMATED_TERMINATING_COHORT
1.0,TASK3_PEAK_DURATION_SENSITIVITY_EXPLORATORY_V1,PEAK_DURATION_S30_I18_T1800,LOCAL_WINDOW_HPP_BASE_STATIONARY_EXTENSION,48,30,18,1800,OP_PEAK_DURATION_BASE_S30_I18_T1800,e2cc8678f32a3af21fb44f8f0fb993065a3ba184f24920b8407a5cf2fc4d2182,TASK3_OPERATIONAL_POOLED_V1,202607290000,202609290481,202609290482,202609290483,202609290484,5000,5000,5000,2423,2423,0,5.01109112196,14.610175172,5.34297216757,1.27439125783,6.6173634254,27,7,28,19,4,23,71,511,16.774679266,50.586066347,4.08583350312,1.74376965431,2.00778634052,5.50656407135,12.7917187587,-10.6537892306,0.0117636471823,0.992155125062,0.985265158924,RHO_LT_ONE_TERMINATING_COHORT,NOT_ESTIMATED_TERMINATING_COHORT
1.0,TASK3_PEAK_DURATION_SENSITIVITY_EXPLORATORY_V1,PEAK_DURATION_S30_I18_T1800,LOCAL_WINDOW_HPP_BASE_STATIONARY_EXTENSION,49,30,18,1800,OP_PEAK_DURATION_BASE_S30_I18_T1800,e2cc8678f32a3af21fb44f8f0fb993065a3ba184f24920b8407a5cf2fc4d2182,TASK3_OPERATIONAL_POOLED_V1,202607290000,202609290491,202609290492,202609290493,202609290494,5000,5000,5000,2524,2524,0,25.6427401215,41.650175079,34.2879483416,1.04986356987,35.3378119115,64,4,64,55,0,55,103,494,39.269244891,74.482576422,49.0244202282,50.6239842919,54.4587380456,39.7188471228,43.6245069951,63.7688220633,-0.0120583131308,0.992155125062,0.985265158924,RHO_LT_ONE_TERMINATING_COHORT,NOT_ESTIMATED_TERMINATING_COHORT
1.0,TASK3_PEAK_DURATION_SENSITIVITY_EXPLORATORY_V1,PEAK_DURATION_S30_I18_T1800,LOCAL_WINDOW_HPP_BASE_STATIONARY_EXTENSION,50,30,18,1800,OP_PEAK_DURATION_BASE_S30_I18_T1800,e2cc8678f32a3af21fb44f8f0fb993065a3ba184f24920b8407a5cf2fc4d2182,TASK3_OPERATIONAL_POOLED_V1,202607290000,202609290501,202609290502,202609290503,202609290504,5000,5000,5000,2462,2462,0,17.9387314517,43.412403905,23.3968318736,1.11977700561,24.5166088792,68,6,70,6,0,6,54,452,35.193540931,38.344173003,35.0883894424,54.7538979391,54.4444608896,35.0476432531,16.6285329467,81.6620606522,-0.0314588709318,0.992155125062,0.985265158924,RHO_LT_ONE_TERMINATING_COHORT,NOT_ESTIMATED_TERMINATING_COHORT
1.0,TASK3_PEAK_DURATION_SENSITIVITY_EXPLORATORY_V1,PEAK_DURATION_S30_I18_T3600,LOCAL_WINDOW_HPP_BASE_STATIONARY_EXTENSION,1,30,18,3600,OP_PEAK_DURATION_BASE_S30_I18_T3600,b22eefe03cd7594f418eb8c99973950b447c8cfc0287ba2eef354c48c603f15f,TASK3_OPERATIONAL_POOLED_V1,202607290000,202609290011,202609290012,202609290013,202609290014,5712,5712,5712,4900,4900,0,11.9958035011,35.288798979,15.1445427683,1.15040693612,16.2949497044,61,12,61,16,0,16,64,971,27.379121159,47.040299234,6.14618724059,31.7720443514,40.8798920357,24.5181705735,24.0820910715,4.01622664155,0.00794942607888,0.992155125062,0.985265158924,RHO_LT_ONE_TERMINATING_COHORT,NOT_ESTIMATED_TERMINATING_COHORT
1.0,TASK3_PEAK_DURATION_SENSITIVITY_EXPLORATORY_V1,PEAK_DURATION_S30_I18_T3600,LOCAL_WINDOW_HPP_BASE_STATIONARY_EXTENSION,2,30,18,3600,OP_PEAK_DURATION_BASE_S30_I18_T3600,b22eefe03cd7594f418eb8c99973950b447c8cfc0287ba2eef354c48c603f15f,TASK3_OPERATIONAL_POOLED_V1,202607290000,202609290021,202609290022,202609290023,202609290024,5712,5712,5712,4815,4815,0,7.11301406548,16.884153961,8.22967481942,1.27933487739,9.50900969681,35,8,36,0,0,0,44,924,7.850396633,33.648606502,11.1472936833,7.12581747766,8.30803474816,3.61714024407,2.90068038428,21.6212211812,-0.00555608439766,0.992155125062,0.985265158924,RHO_LT_ONE_TERMINATING_COHORT,NOT_ESTIMATED_TERMINATING_COHORT
1.0,TASK3_PEAK_DURATION_SENSITIVITY_EXPLORATORY_V1,PEAK_DURATION_S30_I18_T3600,LOCAL_WINDOW_HPP_BASE_STATIONARY_EXTENSION,3,30,18,3600,OP_PEAK_DURATION_BASE_S30_I18_T3600,b22eefe03cd7594f418eb8c99973950b447c8cfc0287ba2eef354c48c603f15f,TASK3_OPERATIONAL_POOLED_V1,202607290000,202609290031,202609290032,202609290033,202609290034,5712,5712,5712,4949,4949,0,19.1212636544,46.12340471,23.9006515383,1.43628083393,25.3369323723,98,9,99,94,2,96,144,1055,65.300893026,104.447546844,44.6114812966,35.2463246655,28.2468193455,12.7321370387,64.8095651356,23.717780458,0.0049672166809,0.992155125062,0.985265158924,RHO_LT_ONE_TERMINATING_COHORT,NOT_ESTIMATED_TERMINATING_COHORT
1.0,TASK3_PEAK_DURATION_SENSITIVITY_EXPLORATORY_V1,PEAK_DURATION_S30_I18_T3600,LOCAL_WINDOW_HPP_BASE_STATIONARY_EXTENSION,4,30,18,3600,OP_PEAK_DURATION_BASE_S30_I18_T3600,b22eefe03cd7594f418eb8c99973950b447c8cfc0287ba2eef354c48c603f15f,TASK3_OPERATIONAL_POOLED_V1,202607290000,202609290041,202609290042,202609290043,202609290044,5712,5712,5712,4855,4855,0,7.36052707033,16.759689042,8.98259705957,0.913455653435,9.896052713,31,7,32,14,1,15,63,977,17.290986597,45.757954686,5.49487975265,4.75024738168,13.671834716,10.658464711,14.2629436999,-7.81558486563,0.00651231811773,0.992155125062,0.985265158924,RHO_LT_ONE_TERMINATING_COHORT,NOT_ESTIMATED_TERMINATING_COHORT
1.0,TASK3_PEAK_DURATION_SENSITIVITY_EXPLORATORY_V1,PEAK_DURATION_S30_I18_T3600,LOCAL_WINDOW_HPP_BASE_STATIONARY_EXTENSION,5,30,18,3600,OP_PEAK_DURATION_BASE_S30_I18_T3600,b22eefe03cd7594f418eb8c99973950b447c8cfc0287ba2eef354c48c603f15f,TASK3_OPERATIONAL_POOLED_V1,202607290000,202609290051,202609290052,202609290053,202609290054,5712,5712,5712,4847,4847,0,11.1418141938,41.305477622,13.4222686423,1.57640115168,14.998669794,73,7,74,0,1,1,48,967,12.033397432,35.789373836,52.9591822646,9.38226113756,13.344126452,8.95969343171,7.26354243686,87.2421466656,-0.0255038464893,0.992155125062,0.985265158924,RHO_LT_ONE_TERMINATING_COHORT,NOT_ESTIMATED_TERMINATING_COHORT
1.0,TASK3_PEAK_DURATION_SENSITIVITY_EXPLORATORY_V1,PEAK_DURATION_S30_I18_T3600,LOCAL_WINDOW_HPP_BASE_STATIONARY_EXTENSION,6,30,18,3600,OP_PEAK_DURATION_BASE_S30_I18_T3600,b22eefe03cd7594f418eb8c99973950b447c8cfc0287ba2eef354c48c603f15f,TASK3_OPERATIONAL_POOLED_V1,202607290000,202609290061,202609290062,202609290063,202609290064,5712,5712,5712,4963,4963,0,18.7982125992,52.898583769,23.3226414336,1.9445215894,25.267163023,91,7,94,78,1,79,127,1057,62.78212102,91.626524568,26.7807327766,25.6011900467,26.2457568782,30.4061099112,72.2543187297,-35.5564471594,0.0265978032696,0.992155125062,0.985265158924,RHO_LT_ONE_TERMINATING_COHORT,NOT_ESTIMATED_TERMINATING_COHORT
1.0,TASK3_PEAK_DURATION_SENSITIVITY_EXPLORATORY_V1,PEAK_DURATION_S30_I18_T3600,LOCAL_WINDOW_HPP_BASE_STATIONARY_EXTENSION,7,30,18,3600,OP_PEAK_DURATION_BASE_S30_I18_T3600,b22eefe03cd7594f418eb8c99973950b447c8cfc0287ba2eef354c48c603f15f,TASK3_OPERATIONAL_POOLED_V1,202607290000,202609290071,202609290072,202609290073,202609290074,5712,5712,5712,4943,4943,0,23.6335301342,49.632931902,30.8332532005,1.57918256932,32.4124357699,79,6,79,16,2,18,66,958,31.114533605,47.214816592,57.8860553323,60.6396516917,48.9492627851,22.495247624,8.354451729,142.570642288,-0.038113225354,0.992155125062,0.985265158924,RHO_LT_ONE_TERMINATING_COHORT,NOT_ESTIMATED_TERMINATING_COHORT
1.0,TASK3_PEAK_DURATION_SENSITIVITY_EXPLORATORY_V1,PEAK_DURATION_S30_I18_T3600,LOCAL_WINDOW_HPP_BASE_STATIONARY_EXTENSION,8,30,18,3600,OP_PEAK_DURATION_BASE_S30_I18_T3600,b22eefe03cd7594f418eb8c99973950b447c8cfc0287ba2eef354c48c603f15f,TASK3_OPERATIONAL_POOLED_V1,202607290000,202609290081,202609290082,202609290083,202609290084,5712,5712,5712,4993,4993,0,42.0963214028,59.134415492,55.7896637335,2.39551649907,58.1851802326,90,8,92,43,0,43,91,972,40.521740115,65.779220813,67.5195097363,71.1607206487,67.4573255623,45.2056529022,44.8754164524,112.676165796,-0.0197897928651,0.992155125062,0.985265158924,RHO_LT_ONE_TERMINATING_COHORT,NOT_ESTIMATED_TERMINATING_COHORT
1.0,TASK3_PEAK_DURATION_SENSITIVITY_EXPLORATORY_V1,PEAK_DURATION_S30_I18_T3600,LOCAL_WINDOW_HPP_BASE_STATIONARY_EXTENSION,9,30,18,3600,OP_PEAK_DURATION_BASE_S30_I18_T3600,b22eefe03cd7594f418eb8c99973950b447c8cfc0287ba2eef354c48c603f15f,TASK3_OPERATIONAL_POOLED_V1,202607290000,202609290091,202609290092,202609290093,202609290094,5712,5712,5712,4887,4887,0,12.3280202402,25.749821455,15.1849357642,1.54320492327,16.7281406874,52,6,53,3,0,3,51,948,20.733383089,39.148331662,23.3986628363,35.3223091488,17.543549105,22.1714325109,1.8239040157,62.2772672327,-0.0156389984109,0.992155125062,0.985265158924,RHO_LT_ONE_TERMINATING_COHORT,NOT_ESTIMATED_TERMINATING_COHORT
1.0,TASK3_PEAK_DURATION_SENSITIVITY_EXPLORATORY_V1,PEAK_DURATION_S30_I18_T3600,LOCAL_WINDOW_HPP_BASE_STATIONARY_EXTENSION,10,30,18,3600,OP_PEAK_DURATION_BASE_S30_I18_T3600,b22eefe03cd7594f418eb8c99973950b447c8cfc0287ba2eef354c48c603f15f,TASK3_OPERATIONAL_POOLED_V1,202607290000,202609290101,202609290102,202609290103,202609290104,5712,5712,5712,4814,4814,0,6.05954197256,14.788527137,7.01177123854,1.0833604873,8.09513172584,32,7,33,1,2,3,51,979,14.287031199,36.179620297,5.96196922654,2.16471087435,4.03529472236,13.4800660407,10.897898295,-8.58242214562,0.00588533702867,0.992155125062,0.985265158924,RHO_LT_ONE_TERMINATING_COHORT,NOT_ESTIMATED_TERMINATING_COHORT
1.0,TASK3_PEAK_DURATION_SENSITIVITY_EXPLORATORY_V1,PEAK_DURATION_S30_I18_T3600,LOCAL_WINDOW_HPP_BASE_STATIONARY_EXTENSION,11,30,18,3600,OP_PEAK_DURATION_BASE_S30_I18_T3600,b22eefe03cd7594f418eb8c99973950b447c8cfc0287ba2eef354c48c603f15f,TASK3_OPERATIONAL_POOLED_V1,202607290000,202609290111,202609290112,202609290113,202609290114,5712,5712,5712,4870,4870,0,12.5101410766,28.912781711,15.9994455701,0.914860416654,16.9143059867,55,8,55,0,0,0,47,961,20.30683013,34.513511778,23.2404327266,8.04050103357,12.5642034893,19.7826724745,9.6605506421,26.2208666193,-0.00428266464668,0.992155125062,0.985265158924,RHO_LT_ONE_TERMINATING_COHORT,NOT_ESTIMATED_TERMINATING_COHORT
1.0,TASK3_PEAK_DURATION_SENSITIVITY_EXPLORATORY_V1,PEAK_DURATION_S30_I18_T3600,LOCAL_WINDOW_HPP_BASE_STATIONARY_EXTENSION,12,30,18,3600,OP_PEAK_DURATION_BASE_S30_I18_T3600,b22eefe03cd7594f418eb8c99973950b447c8cfc0287ba2eef354c48c603f15f,TASK3_OPERATIONAL_POOLED_V1,202607290000,202609290121,202609290122,202609290123,202609290124,5712,5712,5712,4953,4953,0,22.167889722,59.281725812,28.9640723377,1.19056409306,30.1546364308,96,6,97,57,1,58,106,990,64.944760092,75.959831749,24.3034001448,37.6777970789,47.0145346773,79.2013591531,61.7127222079,-37.2746919978,0.0323172795001,0.992155125062,0.985265158924,RHO_LT_ONE_TERMINATING_COHORT,NOT_ESTIMATED_TERMINATING_COHORT
1.0,TASK3_PEAK_DURATION_SENSITIVITY_EXPLORATORY_V1,PEAK_DURATION_S30_I18_T3600,LOCAL_WINDOW_HPP_BASE_STATIONARY_EXTENSION,13,30,18,3600,OP_PEAK_DURATION_BASE_S30_I18_T3600,b22eefe03cd7594f418eb8c99973950b447c8cfc0287ba2eef354c48c603f15f,TASK3_OPERATIONAL_POOLED_V1,202607290000,202609290131,202609290132,202609290133,202609290134,5712,5712,5712,4925,4925,0,36.0566458504,56.914503075,47.8874147794,1.43999197909,49.3274067585,92,5,92,0,0,0,41,950,25.548488479,33.344332849,68.1679172541,57.3665594228,30.2278679686,25.6000403953,8.62549676478,151.136096366,-0.0419031555572,0.992155125062,0.985265158924,RHO_LT_ONE_TERMINATING_COHORT,NOT_ESTIMATED_TERMINATING_COHORT
1.0,TASK3_PEAK_DURATION_SENSITIVITY_EXPLORATORY_V1,PEAK_DURATION_S30_I18_T3600,LOCAL_WINDOW_HPP_BASE_STATIONARY_EXTENSION,14,30,18,3600,OP_PEAK_DURATION_BASE_S30_I18_T3600,b22eefe03cd7594f418eb8c99973950b447c8cfc0287ba2eef354c48c603f15f,TASK3_OPERATIONAL_POOLED_V1,202607290000,202609290141,202609290142,202609290143,202609290144,5712,5712,5712,4877,4877,0,21.1294820526,54.134018368,27.3465318504,0.901632276761,28.2481641272,84,7,85,60,0,60,108,971,57.74583983,77.89819814,22.2893409938,40.8096945913,59.0120499713,73.0238945889,56.4022389233,-25.0225530788,0.0278999988491,0.992155125062,0.985265158924,RHO_LT_ONE_TERMINATING_COHORT,NOT_ESTIMATED_TERMINATING_COHORT
1.0,TASK3_PEAK_DURATION_SENSITIVITY_EXPLORATORY_V1,PEAK_DURATION_S30_I18_T3600,LOCAL_WINDOW_HPP_BASE_STATIONARY_EXTENSION,15,30,18,3600,OP_PEAK_DURATION_BASE_S30_I18_T3600,b22eefe03cd7594f418eb8c99973950b447c8cfc0287ba2eef354c48c603f15f,TASK3_OPERATIONAL_POOLED_V1,202607290000,202609290151,202609290152,202609290153,202609290154,5712,5712,5712,4940,4940,0,20.7852214497,43.076713893,26.0490006126,2.20190044422,28.2509010568,74,9,75,51,0,51,98,985,50.143156213,71.683212906,18.4976530935,12.2687367915,48.9647472997,57.5066824907,47.6312402272,-40.6550279945,0.028751422213,0.992155125062,0.985265158924,RHO_LT_ONE_TERMINATING_COHORT,NOT_ESTIMATED_TERMINATING_COHORT
1.0,TASK3_PEAK_DURATION_SENSITIVITY_EXPLORATORY_V1,PEAK_DURATION_S30_I18_T3600,LOCAL_WINDOW_HPP_BASE_STATIONARY_EXTENSION,16,30,18,3600,OP_PEAK_DURATION_BASE_S30_I18_T3600,b22eefe03cd7594f418eb8c99973950b447c8cfc0287ba2eef354c48c603f15f,TASK3_OPERATIONAL_POOLED_V1,202607290000,202609290161,202609290162,202609290163,202609290164,5712,5712,5712,4775,4775,0,8.2318409701,19.470019971,9.83086007571,1.08307017694,10.9139302527,40,8,43,0,0,0,40,931,12.20936333,33.937503488,13.8485866309,13.4690664034,10.5027138467,7.72601594886,2.75845644674,30.6034509725,-0.00775647522858,0.992155125062,0.985265158924,RHO_LT_ONE_TERMINATING_COHORT,NOT_ESTIMATED_TERMINATING_COHORT
1.0,TASK3_PEAK_DURATION_SENSITIVITY_EXPLORATORY_V1,PEAK_DURATION_S30_I18_T3600,LOCAL_WINDOW_HPP_BASE_STATIONARY_EXTENSION,17,30,18,3600,OP_PEAK_DURATION_BASE_S30_I18_T3600,b22eefe03cd7594f418eb8c99973950b447c8cfc0287ba2eef354c48c603f15f,TASK3_OPERATIONAL_POOLED_V1,202607290000,202609290171,202609290172,202609290173,202609290174,5712,5712,5712,4822,4822,0,7.45292625652,19.63146227,8.73922252734,1.16109140684,9.90031393418,37,8,40,27,0,27,74,986,23.409105421,53.829576838,5.27114796139,9.16126411064,6.53056864817,4.32689507113,21.5153626322,-11.3794975418,0.00768168341723,0.992155125062,0.985265158924,RHO_LT_ONE_TERMINATING_COHORT,NOT_ESTIMATED_TERMINATING_COHORT
1.0,TASK3_PEAK_DURATION_SENSITIVITY_EXPLORATORY_V1,PEAK_DURATION_S30_I18_T3600,LOCAL_WINDOW_HPP_BASE_STATIONARY_EXTENSION,18,30,18,3600,OP_PEAK_DURATION_BASE_S30_I18_T3600,b22eefe03cd7594f418eb8c99973950b447c8cfc0287ba2eef354c48c603f15f,TASK3_OPERATIONAL_POOLED_V1,202607290000,202609290181,202609290182,202609290183,202609290184,5712,5712,5712,4837,4837,0,9.68740366143,25.117774705,11.9430220538,1.07235096986,13.0153730236,44,7,44,0,0,0,37,938,17.052183661,37.1327828,25.7719417409,5.78612523669,7.93430418919,18.0313002481,3.5376551561,36.3798139328,-0.00895094393283,0.992155125062,0.985265158924,RHO_LT_ONE_TERMINATING_COHORT,NOT_ESTIMATED_TERMINATING_COHORT
1.0,TASK3_PEAK_DURATION_SENSITIVITY_EXPLORATORY_V1,PEAK_DURATION_S30_I18_T3600,LOCAL_WINDOW_HPP_BASE_STATIONARY_EXTENSION,19,30,18,3600,OP_PEAK_DURATION_BASE_S30_I18_T3600,b22eefe03cd7594f418eb8c99973950b447c8cfc0287ba2eef354c48c603f15f,TASK3_OPERATIONAL_POOLED_V1,202607290000,202609290191,202609290192,202609290193,202609290194,5712,5712,5712,4898,4898,0,17.2624437095,42.421109944,22.1362811142,1.04710971826,23.1833908324,70,7,70,54,1,55,103,1002,47.159547844,74.241550017,5.06740064143,32.9180498523,38.507165795,57.8891378483,44.9158131942,-42.64142136,0.029074420306,0.992155125062,0.985265158924,RHO_LT_ONE_TERMINATING_COHORT,NOT_ESTIMATED_TERMINATING_COHORT
1.0,TASK3_PEAK_DURATION_SENSITIVITY_EXPLORATORY_V1,PEAK_DURATION_S30_I18_T3600,LOCAL_WINDOW_HPP_BASE_STATIONARY_EXTENSION,20,30,18,3600,OP_PEAK_DURATION_BASE_S30_I18_T3600,b22eefe03cd7594f418eb8c99973950b447c8cfc0287ba2eef354c48c603f15f,TASK3_OPERATIONAL_POOLED_V1,202607290000,202609290201,202609290202,202609290203,202609290204,5712,5712,5712,4921,4921,0,11.9494404353,29.211967932,14.9746773981,1.33771271643,16.3123901145,51,6,53,9,1,10,58,966,35.443956624,42.459235741,6.78737060006,18.460551791,11.7499059688,34.6846832844,21.068658321,-15.0397962084,0.0124407519265,0.992155125062,0.985265158924,RHO_LT_ONE_TERMINATING_COHORT,NOT_ESTIMATED_TERMINATING_COHORT
1.0,TASK3_PEAK_DURATION_SENSITIVITY_EXPLORATORY_V1,PEAK_DURATION_S30_I18_T3600,LOCAL_WINDOW_HPP_BASE_STATIONARY_EXTENSION,21,30,18,3600,OP_PEAK_DURATION_BASE_S30_I18_T3600,b22eefe03cd7594f418eb8c99973950b447c8cfc0287ba2eef354c48c603f15f,TASK3_OPERATIONAL_POOLED_V1,202607290000,202609290211,202609290212,202609290213,202609290214,5712,5712,5712,5000,5000,0,29.5982993688,64.921676547,39.5444920927,0.994744280949,40.5392363736,102,6,105,74,0,74,122,997,70.676390567,89.418132934,45.5369311698,48.8947083733,49.5583676777,75.898829206,88.6175738024,-23.1727725276,0.0314348350272,0.992155125062,0.985265158924,RHO_LT_ONE_TERMINATING_COHORT,NOT_ESTIMATED_TERMINATING_COHORT
1.0,TASK3_PEAK_DURATION_SENSITIVITY_EXPLORATORY_V1,PEAK_DURATION_S30_I18_T3600,LOCAL_WINDOW_HPP_BASE_STATIONARY_EXTENSION,22,30,18,3600,OP_PEAK_DURATION_BASE_S30_I18_T3600,b22eefe03cd7594f418eb8c99973950b447c8cfc0287ba2eef354c48c603f15f,TASK3_OPERATIONAL_POOLED_V1,202607290000,202609290221,202609290222,202609290223,202609290224,5712,5712,5712,4904,4904,0,7.64074455559,18.896092408,9.19311417969,1.09532443672,10.2884386164,43,7,44,31,1,32,80,988,17.526863829,57.864359856,11.3044882627,5.4259515314,20.9078440915,8.49127229288,8.36696195818,13.006602513,-0.000780481068775,0.992155125062,0.985265158924,RHO_LT_ONE_TERMINATING_COHORT,NOT_ESTIMATED_TERMINATING_COHORT
1.0,TASK3_PEAK_DURATION_SENSITIVITY_EXPLORATORY_V1,PEAK_DURATION_S30_I18_T3600,LOCAL_WINDOW_HPP_BASE_STATIONARY_EXTENSION,23,30,18,3600,OP_PEAK_DURATION_BASE_S30_I18_T3600,b22eefe03cd7594f418eb8c99973950b447c8cfc0287ba2eef354c48c603f15f,TASK3_OPERATIONAL_POOLED_V1,202607290000,202609290231,202609290232,202609290233,202609290234,5712,5712,5712,5015,5015,0,44.0827053449,65.912459702,58.2925140289,2.67751304921,60.9700270782,102,8,102,65,0,65,113,983,57.309813639,81.898336948,72.7264210911,55.4040331531,59.9870746205,64.7248562052,64.3932378724,68.9562821274,-0.00204042871814,0.992155125062,0.985265158924,RHO_LT_ONE_TERMINATING_COHORT,NOT_ESTIMATED_TERMINATING_COHORT
1.0,TASK3_PEAK_DURATION_SENSITIVITY_EXPLORATORY_V1,PEAK_DURATION_S30_I18_T3600,LOCAL_WINDOW_HPP_BASE_STATIONARY_EXTENSION,24,30,18,3600,OP_PEAK_DURATION_BASE_S30_I18_T3600,b22eefe03cd7594f418eb8c99973950b447c8cfc0287ba2eef354c48c603f15f,TASK3_OPERATIONAL_POOLED_V1,202607290000,202609290241,202609290242,202609290243,202609290244,5712,5712,5712,4959,4959,0,15.1793452547,41.484361814,19.5802559146,1.11694051731,20.6971964319,65,7,65,46,0,46,93,1018,25.043085438,67.227453115,27.2124618577,23.3453191841,21.4811490532,9.01449893767,12.6820500481,51.2908287154,-0.0120532344071,0.992155125062,0.985265158924,RHO_LT_ONE_TERMINATING_COHORT,NOT_ESTIMATED_TERMINATING_COHORT
1.0,TASK3_PEAK_DURATION_SENSITIVITY_EXPLORATORY_V1,PEAK_DURATION_S30_I18_T3600,LOCAL_WINDOW_HPP_BASE_STATIONARY_EXTENSION,25,30,18,3600,OP_PEAK_DURATION_BASE_S30_I18_T3600,b22eefe03cd7594f418eb8c99973950b447c8cfc0287ba2eef354c48c603f15f,TASK3_OPERATIONAL_POOLED_V1,202607290000,202609290251,202609290252,202609290253,202609290254,5712,5712,5712,4969,4969,0,19.7220772378,45.814717933,25.7208124001,1.28275926965,27.0035716697,75,7,75,45,1,46,94,1031,33.486469096,66.941315876,60.4964940944,50.0387536897,22.0590701542,17.8248465953,29.8488062304,106.18555627,-0.025974800784,0.992155125062,0.985265158924,RHO_LT_ONE_TERMINATING_COHORT,NOT_ESTIMATED_TERMINATING_COHORT
1.0,TASK3_PEAK_DURATION_SENSITIVITY_EXPLORATORY_V1,PEAK_DURATION_S30_I18_T3600,LOCAL_WINDOW_HPP_BASE_STATIONARY_EXTENSION,26,30,18,3600,OP_PEAK_DURATION_BASE_S30_I18_T3600,b22eefe03cd7594f418eb8c99973950b447c8cfc0287ba2eef354c48c603f15f,TASK3_OPERATIONAL_POOLED_V1,202607290000,202609290261,202609290262,202609290263,202609290264,5712,5712,5712,4949,4949,0,13.9423693259,33.880304559,17.5605329419,1.37801019213,18.9385431341,66,7,67,43,4,47,95,1025,33.179751882,68.12405151,44.8007089463,23.1201382208,10.0388959637,13.9040949615,37.1788539911,44.1533532939,-0.00679437588047,0.992155125062,0.985265158924,RHO_LT_ONE_TERMINATING_COHORT,NOT_ESTIMATED_TERMINATING_COHORT
1.0,TASK3_PEAK_DURATION_SENSITIVITY_EXPLORATORY_V1,PEAK_DURATION_S30_I18_T3600,LOCAL_WINDOW_HPP_BASE_STATIONARY_EXTENSION,27,30,18,3600,OP_PEAK_DURATION_BASE_S30_I18_T3600,b22eefe03cd7594f418eb8c99973950b447c8cfc0287ba2eef354c48c603f15f,TASK3_OPERATIONAL_POOLED_V1,202607290000,202609290271,202609290272,202609290273,202609290274,5712,5712,5712,4935,4935,0,13.8020534522,31.764350891,17.4420513848,1.40988187621,18.851933261,57,6,59,21,5,26,74,978,38.254361207,52.055028609,12.9501467365,7.91259544073,25.2060221735,41.9830712299,17.0800770455,-10.7213697802,0.0117584267798,0.992155125062,0.985265158924,RHO_LT_ONE_TERMINATING_COHORT,NOT_ESTIMATED_TERMINATING_COHORT
1.0,TASK3_PEAK_DURATION_SENSITIVITY_EXPLORATORY_V1,PEAK_DURATION_S30_I18_T3600,LOCAL_WINDOW_HPP_BASE_STATIONARY_EXTENSION,28,30,18,3600,OP_PEAK_DURATION_BASE_S30_I18_T3600,b22eefe03cd7594f418eb8c99973950b447c8cfc0287ba2eef354c48c603f15f,TASK3_OPERATIONAL_POOLED_V1,202607290000,202609290281,202609290282,202609290283,202609290284,5712,5712,5712,4911,4911,0,21.3339580243,55.306157831,27.7077297447,1.13473614776,28.8424658924,85,8,85,48,2,50,98,968,59.038937192,70.657906969,17.1686677423,24.7108566994,53.0277033627,74.7844122141,60.2761858901,-56.222878676,0.0378579421695,0.992155125062,0.985265158924,RHO_LT_ONE_TERMINATING_COHORT,NOT_ESTIMATED_TERMINATING_COHORT
1.0,TASK3_PEAK_DURATION_SENSITIVITY_EXPLORATORY_V1,PEAK_DURATION_S30_I18_T3600,LOCAL_WINDOW_HPP_BASE_STATIONARY_EXTENSION,29,30,18,3600,OP_PEAK_DURATION_BASE_S30_I18_T3600,b22eefe03cd7594f418eb8c99973950b447c8cfc0287ba2eef354c48c603f15f,TASK3_OPERATIONAL_POOLED_V1,202607290000,202609290291,202609290292,202609290293,202609290294,5712,5712,5712,5017,5017,0,35.390718995,60.051389589,47.5360411942,1.2338223974,48.7698635916,96,9,97,70,3,73,121,1011,64.075343211,87.32608169,49.6418569162,60.5182102666,73.499657089,63.0160436001,78.4205657653,19.9778284535,0.0166820141755,0.992155125062,0.985265158924,RHO_LT_ONE_TERMINATING_COHORT,NOT_ESTIMATED_TERMINATING_COHORT
1.0,TASK3_PEAK_DURATION_SENSITIVITY_EXPLORATORY_V1,PEAK_DURATION_S30_I18_T3600,LOCAL_WINDOW_HPP_BASE_STATIONARY_EXTENSION,30,30,18,3600,OP_PEAK_DURATION_BASE_S30_I18_T3600,b22eefe03cd7594f418eb8c99973950b447c8cfc0287ba2eef354c48c603f15f,TASK3_OPERATIONAL_POOLED_V1,202607290000,202609290301,202609290302,202609290303,202609290304,5712,5712,5712,4841,4841,0,18.2948377045,49.068342988,23.5158920681,1.03668183107,24.5525738992,77,8,77,20,1,21,69,940,38.76244166,48.821288486,34.9922666705,57.1458581677,61.77910855,42.1618197074,9.57945798807,90.4889440855,-0.0182804599514,0.992155125062,0.985265158924,RHO_LT_ONE_TERMINATING_COHORT,NOT_ESTIMATED_TERMINATING_COHORT
1.0,TASK3_PEAK_DURATION_SENSITIVITY_EXPLORATORY_V1,PEAK_DURATION_S30_I18_T3600,LOCAL_WINDOW_HPP_BASE_STATIONARY_EXTENSION,31,30,18,3600,OP_PEAK_DURATION_BASE_S30_I18_T3600,b22eefe03cd7594f418eb8c99973950b447c8cfc0287ba2eef354c48c603f15f,TASK3_OPERATIONAL_POOLED_V1,202607290000,202609290311,202609290312,202609290313,202609290314,5712,5712,5712,4805,4805,0,6.90644518621,19.628402964,8.02362774312,1.16685629427,9.19048403739,37,7,40,13,1,14,62,967,24.657976256,43.962313209,1.89471205735,3.98505320961,7.90584086411,16.3641000946,22.811686049,-30.0674676963,0.0150591652412,0.992155125062,0.985265158924,RHO_LT_ONE_TERMINATING_COHORT,NOT_ESTIMATED_TERMINATING_COHORT
1.0,TASK3_PEAK_DURATION_SENSITIVITY_EXPLORATORY_V1,PEAK_DURATION_S30_I18_T3600,LOCAL_WINDOW_HPP_BASE_STATIONARY_EXTENSION,32,30,18,3600,OP_PEAK_DURATION_BASE_S30_I18_T3600,b22eefe03cd7594f418eb8c99973950b447c8cfc0287ba2eef354c48c603f15f,TASK3_OPERATIONAL_POOLED_V1,202607290000,202609290321,202609290322,202609290323,202609290324,5712,5712,5712,4892,4892,0,11.6847876529,33.473448899,14.478963118,1.05823656988,15.5371996879,59,8,60,57,0,57,105,1005,34.941031199,76.038090041,7.80842636179,28.3168732751,41.1106004339,11.3192977199,35.8690042678,-4.45784478097,0.0108676611825,0.992155125062,0.985265158924,RHO_LT_ONE_TERMINATING_COHORT,NOT_ESTIMATED_TERMINATING_COHORT
1.0,TASK3_PEAK_DURATION_SENSITIVITY_EXPLORATORY_V1,PEAK_DURATION_S30_I18_T3600,LOCAL_WINDOW_HPP_BASE_STATIONARY_EXTENSION,33,30,18,3600,OP_PEAK_DURATION_BASE_S30_I18_T3600,b22eefe03cd7594f418eb8c99973950b447c8cfc0287ba2eef354c48c603f15f,TASK3_OPERATIONAL_POOLED_V1,202607290000,202609290331,202609290332,202609290333,202609290334,5712,5712,5712,4940,4940,0,19.9644208482,37.281902757,26.4429838118,0.924657641867,27.3676414537,62,6,62,9,4,13,61,962,38.454947713,44.561165915,39.2476059344,30.530919991,35.1658065606,44.0464333883,10.9146739376,64.3438509096,-0.011986208499,0.992155125062,0.985265158924,RHO_LT_ONE_TERMINATING_COHORT,NOT_ESTIMATED_TERMINATING_COHORT
1.0,TASK3_PEAK_DURATION_SENSITIVITY_EXPLORATORY_V1,PEAK_DURATION_S30_I18_T3600,LOCAL_WINDOW_HPP_BASE_STATIONARY_EXTENSION,34,30,18,3600,OP_PEAK_DURATION_BASE_S30_I18_T3600,b22eefe03cd7594f418eb8c99973950b447c8cfc0287ba2eef354c48c603f15f,TASK3_OPERATIONAL_POOLED_V1,202607290000,202609290341,202609290342,202609290343,202609290344,5712,5712,5712,4980,4980,0,35.0155994018,54.158011394,47.1565855159,1.14077623939,48.2973617553,81,5,81,33,2,35,83,976,54.672480559,60.409812311,44.8392734878,65.008659652,62.7648597981,57.6231720861,44.5361546507,60.948217865,-0.00221992367779,0.992155125062,0.985265158924,RHO_LT_ONE_TERMINATING_COHORT,NOT_ESTIMATED_TERMINATING_COHORT
1.0,TASK3_PEAK_DURATION_SENSITIVITY_EXPLORATORY_V1,PEAK_DURATION_S30_I18_T3600,LOCAL_WINDOW_HPP_BASE_STATIONARY_EXTENSION,35,30,18,3600,OP_PEAK_DURATION_BASE_S30_I18_T3600,b22eefe03cd7594f418eb8c99973950b447c8cfc0287ba2eef354c48c603f15f,TASK3_OPERATIONAL_POOLED_V1,202607290000,202609290351,202609290352,202609290353,202609290354,5712,5712,5712,4938,4938,0,29.0013859049,59.176758209,38.1079564238,1.66531654602,39.7732729699,95,6,97,1,0,1,49,959,14.097927239,35.105949642,56.4626923609,78.2499775483,27.9917423652,5.46216350592,10.4957343377,159.27375959,-0.0457560361358,0.992155125062,0.985265158924,RHO_LT_ONE_TERMINATING_COHORT,NOT_ESTIMATED_TERMINATING_COHORT
1.0,TASK3_PEAK_DURATION_SENSITIVITY_EXPLORATORY_V1,PEAK_DURATION_S30_I18_T3600,LOCAL_WINDOW_HPP_BASE_STATIONARY_EXTENSION,36,30,18,3600,OP_PEAK_DURATION_BASE_S30_I18_T3600,b22eefe03cd7594f418eb8c99973950b447c8cfc0287ba2eef354c48c603f15f,TASK3_OPERATIONAL_POOLED_V1,202607290000,202609290361,202609290362,202609290363,202609290364,5712,5712,5712,4873,4873,0,10.3954837973,24.208376452,12.1027660253,1.9338392949,14.0366053202,41,7,45,10,2,12,60,957,13.039690067,45.605445614,19.7744366261,33.5194971309,16.1153883973,12.7075751255,4.40458241539,55.9680187592,-0.0143198973408,0.992155125062,0.985265158924,RHO_LT_ONE_TERMINATING_COHORT,NOT_ESTIMATED_TERMINATING_COHORT
1.0,TASK3_PEAK_DURATION_SENSITIVITY_EXPLORATORY_V1,PEAK_DURATION_S30_I18_T3600,LOCAL_WINDOW_HPP_BASE_STATIONARY_EXTENSION,37,30,18,3600,OP_PEAK_DURATION_BASE_S30_I18_T3600,b22eefe03cd7594f418eb8c99973950b447c8cfc0287ba2eef354c48c603f15f,TASK3_OPERATIONAL_POOLED_V1,202607290000,202609290371,202609290372,202609290373,202609290374,5712,5712,5712,4898,4898,0,18.6447991683,53.22395823,24.1684705301,1.11309546488,25.281565995,87,6,88,25,2,27,75,946,49.166780047,54.208018409,8.39386669977,28.0574648071,70.3452255275,59.249078855,48.6002597317,-40.7741209596,0.0310012222532,0.992155125062,0.985265158924,RHO_LT_ONE_TERMINATING_COHORT,NOT_ESTIMATED_TERMINATING_COHORT
1.0,TASK3_PEAK_DURATION_SENSITIVITY_EXPLORATORY_V1,PEAK_DURATION_S30_I18_T3600,LOCAL_WINDOW_HPP_BASE_STATIONARY_EXTENSION,38,30,18,3600,OP_PEAK_DURATION_BASE_S30_I18_T3600,b22eefe03cd7594f418eb8c99973950b447c8cfc0287ba2eef354c48c603f15f,TASK3_OPERATIONAL_POOLED_V1,202607290000,202609290381,202609290382,202609290383,202609290384,5712,5712,5712,4902,4902,0,23.482597798,63.045034305,29.9577454443,1.30169168111,31.2594371254,95,7,96,81,3,84,132,992,64.277669121,95.061842187,15.3303873456,45.0596797871,73.5707533144,81.356702927,74.6043949621,-58.1493951124,0.0430125106591,0.992155125062,0.985265158924,RHO_LT_ONE_TERMINATING_COHORT,NOT_ESTIMATED_TERMINATING_COHORT
1.0,TASK3_PEAK_DURATION_SENSITIVITY_EXPLORATORY_V1,PEAK_DURATION_S30_I18_T3600,LOCAL_WINDOW_HPP_BASE_STATIONARY_EXTENSION,39,30,18,3600,OP_PEAK_DURATION_BASE_S30_I18_T3600,b22eefe03cd7594f418eb8c99973950b447c8cfc0287ba2eef354c48c603f15f,TASK3_OPERATIONAL_POOLED_V1,202607290000,202609290391,202609290392,202609290393,202609290394,5712,5712,5712,4847,4847,0,9.18472403235,27.212410019,11.1555764845,1.10964285374,12.2652193383,48,7,48,28,1,29,77,1009,30.835741413,56.235080649,4.63788783569,2.90469914998,2.06644527616,13.7759706832,35.2176690389,-42.302591058,0.0200085649832,0.992155125062,0.985265158924,RHO_LT_ONE_TERMINATING_COHORT,NOT_ESTIMATED_TERMINATING_COHORT
1.0,TASK3_PEAK_DURATION_SENSITIVITY_EXPLORATORY_V1,PEAK_DURATION_S30_I18_T3600,LOCAL_WINDOW_HPP_BASE_STATIONARY_EXTENSION,40,30,18,3600,OP_PEAK_DURATION_BASE_S30_I18_T3600,b22eefe03cd7594f418eb8c99973950b447c8cfc0287ba2eef354c48c603f15f,TASK3_OPERATIONAL_POOLED_V1,202607290000,202609290401,202609290402,202609290403,202609290404,5712,5712,5712,4884,4884,0,11.3753881682,25.778998857,13.7117055213,1.68357814474,15.3952836661,47,7,49,14,2,16,64,962,25.507105354,46.129742249,12.9259787739,10.471379706,15.8447675775,27.4144703315,10.430093595,6.45384779599,0.00331981118548,0.992155125062,0.985265158924,RHO_LT_ONE_TERMINATING_COHORT,NOT_ESTIMATED_TERMINATING_COHORT
1.0,TASK3_PEAK_DURATION_SENSITIVITY_EXPLORATORY_V1,PEAK_DURATION_S30_I18_T3600,LOCAL_WINDOW_HPP_BASE_STATIONARY_EXTENSION,41,30,18,3600,OP_PEAK_DURATION_BASE_S30_I18_T3600,b22eefe03cd7594f418eb8c99973950b447c8cfc0287ba2eef354c48c603f15f,TASK3_OPERATIONAL_POOLED_V1,202607290000,202609290411,202609290412,202609290413,202609290414,5712,5712,5712,4914,4914,0,10.5471588309,23.305638627,12.7299005573,1.56845479378,14.298355351,43,7,43,23,7,30,78,964,27.225854746,55.430253344,18.0522077198,10.1412780225,12.2617392327,16.7192541068,24.5100543754,1.71665464471,0.00541490816546,0.992155125062,0.985265158924,RHO_LT_ONE_TERMINATING_COHORT,NOT_ESTIMATED_TERMINATING_COHORT
1.0,TASK3_PEAK_DURATION_SENSITIVITY_EXPLORATORY_V1,PEAK_DURATION_S30_I18_T3600,LOCAL_WINDOW_HPP_BASE_STATIONARY_EXTENSION,42,30,18,3600,OP_PEAK_DURATION_BASE_S30_I18_T3600,b22eefe03cd7594f418eb8c99973950b447c8cfc0287ba2eef354c48c603f15f,TASK3_OPERATIONAL_POOLED_V1,202607290000,202609290421,202609290422,202609290423,202609290424,5712,5712,5712,4851,4851,0,13.1860033886,41.021539262,16.5911008105,1.1521284861,17.7432292966,73,8,73,11,1,12,60,987,14.0914993,43.57685573,27.0558093924,55.7089989622,22.2109732718,4.62764678303,11.5472660581,85.8039680293,-0.0228051219021,0.992155125062,0.985265158924,RHO_LT_ONE_TERMINATING_COHORT,NOT_ESTIMATED_TERMINATING_COHORT
1.0,TASK3_PEAK_DURATION_SENSITIVITY_EXPLORATORY_V1,PEAK_DURATION_S30_I18_T3600,LOCAL_WINDOW_HPP_BASE_STATIONARY_EXTENSION,43,30,18,3600,OP_PEAK_DURATION_BASE_S30_I18_T3600,b22eefe03cd7594f418eb8c99973950b447c8cfc0287ba2eef354c48c603f15f,TASK3_OPERATIONAL_POOLED_V1,202607290000,202609290431,202609290432,202609290433,202609290434,5712,5712,5712,5002,5002,0,33.1004698237,58.714678672,43.9736923362,1.58062594643,45.5543182826,91,5,91,63,1,64,112,989,54.138507918,82.173691248,62.6996996051,75.2572475088,73.7992773061,62.8945298154,64.629233608,74.2337348343,-0.00236212491318,0.992155125062,0.985265158924,RHO_LT_ONE_TERMINATING_COHORT,NOT_ESTIMATED_TERMINATING_COHORT
1.0,TASK3_PEAK_DURATION_SENSITIVITY_EXPLORATORY_V1,PEAK_DURATION_S30_I18_T3600,LOCAL_WINDOW_HPP_BASE_STATIONARY_EXTENSION,44,30,18,3600,OP_PEAK_DURATION_BASE_S30_I18_T3600,b22eefe03cd7594f418eb8c99973950b447c8cfc0287ba2eef354c48c603f15f,TASK3_OPERATIONAL_POOLED_V1,202607290000,202609290441,202609290442,202609290443,202609290444,5712,5712,5712,5002,5002,0,39.0332585481,72.868085515,49.8619857836,3.23412742051,53.0961132042,111,8,113,100,6,106,154,1037,78.328762122,110.984001734,62.7005692295,78.4970587013,58.2286163748,77.4899882604,99.3139137154,21.0813153581,0.0200610051475,0.992155125062,0.985265158924,RHO_LT_ONE_TERMINATING_COHORT,NOT_ESTIMATED_TERMINATING_COHORT
1.0,TASK3_PEAK_DURATION_SENSITIVITY_EXPLORATORY_V1,PEAK_DURATION_S30_I18_T3600,LOCAL_WINDOW_HPP_BASE_STATIONARY_EXTENSION,45,30,18,3600,OP_PEAK_DURATION_BASE_S30_I18_T3600,b22eefe03cd7594f418eb8c99973950b447c8cfc0287ba2eef354c48c603f15f,TASK3_OPERATIONAL_POOLED_V1,202607290000,202609290451,202609290452,202609290453,202609290454,5712,5712,5712,5008,5008,0,48.6898861354,79.729797449,65.8338077842,0.978800174243,66.8126079585,119,8,119,93,2,95,143,983,82.810100941,103.487466432,79.4086425187,86.3314579431,93.6449334849,108.941917963,101.031096885,44.4800831941,0.018293157987,0.992155125062,0.985265158924,RHO_LT_ONE_TERMINATING_COHORT,NOT_ESTIMATED_TERMINATING_COHORT
1.0,TASK3_PEAK_DURATION_SENSITIVITY_EXPLORATORY_V1,PEAK_DURATION_S30_I18_T3600,LOCAL_WINDOW_HPP_BASE_STATIONARY_EXTENSION,46,30,18,3600,OP_PEAK_DURATION_BASE_S30_I18_T3600,b22eefe03cd7594f418eb8c99973950b447c8cfc0287ba2eef354c48c603f15f,TASK3_OPERATIONAL_POOLED_V1,202607290000,202609290461,202609290462,202609290463,202609290464,5712,5712,5712,4949,4949,0,17.6657475205,36.899054053,23.0043272285,1.02300594789,24.0273331764,59,6,59,49,2,51,99,1016,37.889454672,70.584155081,17.3166174475,30.1144883084,11.433960263,31.4525479043,38.3962511062,-6.88022217927,0.0120825908093,0.992155125062,0.985265158924,RHO_LT_ONE_TERMINATING_COHORT,NOT_ESTIMATED_TERMINATING_COHORT
1.0,TASK3_PEAK_DURATION_SENSITIVITY_EXPLORATORY_V1,PEAK_DURATION_S30_I18_T3600,LOCAL_WINDOW_HPP_BASE_STATIONARY_EXTENSION,47,30,18,3600,OP_PEAK_DURATION_BASE_S30_I18_T3600,b22eefe03cd7594f418eb8c99973950b447c8cfc0287ba2eef354c48c603f15f,TASK3_OPERATIONAL_POOLED_V1,202607290000,202609290471,202609290472,202609290473,202609290474,5712,5712,5712,4943,4943,0,24.9611251146,50.822577474,32.4510387929,1.49549109952,33.9465298924,78,6,80,55,0,55,103,1000,54.049715181,75.156947479,30.1544182707,53.5828974482,50.6999940587,64.6646925284,61.9192395699,-3.75432988386,0.0207253993552,0.992155125062,0.985265158924,RHO_LT_ONE_TERMINATING_COHORT,NOT_ESTIMATED_TERMINATING_COHORT
1.0,TASK3_PEAK_DURATION_SENSITIVITY_EXPLORATORY_V1,PEAK_DURATION_S30_I18_T3600,LOCAL_WINDOW_HPP_BASE_STATIONARY_EXTENSION,48,30,18,3600,OP_PEAK_DURATION_BASE_S30_I18_T3600,b22eefe03cd7594f418eb8c99973950b447c8cfc0287ba2eef354c48c603f15f,TASK3_OPERATIONAL_POOLED_V1,202607290000,202609290481,202609290482,202609290483,202609290484,5712,5712,5712,4929,4929,0,21.0936165552,61.323418818,27.1010525642,1.47386157778,28.5749141419,103,7,103,52,3,55,103,1026,38.76051251,74.411779709,50.9566475739,86.068041703,46.0749832748,28.8296344264,40.7330173143,108.796715705,-0.0215793521655,0.992155125062,0.985265158924,RHO_LT_ONE_TERMINATING_COHORT,NOT_ESTIMATED_TERMINATING_COHORT
1.0,TASK3_PEAK_DURATION_SENSITIVITY_EXPLORATORY_V1,PEAK_DURATION_S30_I18_T3600,LOCAL_WINDOW_HPP_BASE_STATIONARY_EXTENSION,49,30,18,3600,OP_PEAK_DURATION_BASE_S30_I18_T3600,b22eefe03cd7594f418eb8c99973950b447c8cfc0287ba2eef354c48c603f15f,TASK3_OPERATIONAL_POOLED_V1,202607290000,202609290491,202609290492,202609290493,202609290494,5712,5712,5712,5039,5039,0,34.9427452478,57.66564617,46.9629848036,1.03342785157,47.9964126552,100,4,100,92,3,95,143,1031,68.804010801,103.326076734,70.6931645709,54.5880724849,43.5371235622,59.4895033983,74.9672029781,50.567882603,0.00373597436883,0.992155125062,0.985265158924,RHO_LT_ONE_TERMINATING_COHORT,NOT_ESTIMATED_TERMINATING_COHORT
1.0,TASK3_PEAK_DURATION_SENSITIVITY_EXPLORATORY_V1,PEAK_DURATION_S30_I18_T3600,LOCAL_WINDOW_HPP_BASE_STATIONARY_EXTENSION,50,30,18,3600,OP_PEAK_DURATION_BASE_S30_I18_T3600,b22eefe03cd7594f418eb8c99973950b447c8cfc0287ba2eef354c48c603f15f,TASK3_OPERATIONAL_POOLED_V1,202607290000,202609290501,202609290502,202609290503,202609290504,5712,5712,5712,4884,4884,0,14.9188746273,40.695869516,18.4410149835,1.76187331011,20.2028882936,68,8,70,11,1,12,60,983,20.610816408,43.461751763,2.46384470381,10.5092439631,30.8050043849,18.3421310261,17.3256144622,-12.2781522269,0.0104323407166,0.992155125062,0.985265158924,RHO_LT_ONE_TERMINATING_COHORT,NOT_ESTIMATED_TERMINATING_COHORT
1.0,TASK3_PEAK_DURATION_SENSITIVITY_EXPLORATORY_V1,PEAK_DURATION_S30_I18_T7200,LOCAL_WINDOW_HPP_BASE_STATIONARY_EXTENSION,1,30,18,7200,OP_PEAK_DURATION_BASE_S30_I18_T7200,fa845700f6ba5c25800acf918ff5a73e095ca553ec479456066ab0d0c830350d,TASK3_OPERATIONAL_POOLED_V1,202607290000,202609290011,202609290012,202609290013,202609290014,10914,10914,10914,9817,9817,0,14.6362803728,35.170435878,18.4770269077,1.31508807885,19.7921149865,62,12,63,50,5,55,103,2010,36.910507501,74.888161757,16.4599322292,31.3572921108,8.89406203324,19.5960024951,40.1391124749,-3.40852288812,0.00494403762162,0.992155125062,0.985265158924,RHO_LT_ONE_TERMINATING_COHORT,NOT_ESTIMATED_TERMINATING_COHORT
1.0,TASK3_PEAK_DURATION_SENSITIVITY_EXPLORATORY_V1,PEAK_DURATION_S30_I18_T7200,LOCAL_WINDOW_HPP_BASE_STATIONARY_EXTENSION,2,30,18,7200,OP_PEAK_DURATION_BASE_S30_I18_T7200,fa845700f6ba5c25800acf918ff5a73e095ca553ec479456066ab0d0c830350d,TASK3_OPERATIONAL_POOLED_V1,202607290000,202609290021,202609290022,202609290023,202609290024,10914,10914,10914,9756,9756,0,16.713545055,63.271321739,20.4415793458,2.19539207964,22.6369714254,103,8,103,11,0,11,58,1949,23.399002348,42.722850907,20.0822367214,81.2166516414,47.3995635336,16.4650723783,13.6611414952,93.9602604407,-0.0107769124605,0.992155125062,0.985265158924,RHO_LT_ONE_TERMINATING_COHORT,NOT_ESTIMATED_TERMINATING_COHORT
1.0,TASK3_PEAK_DURATION_SENSITIVITY_EXPLORATORY_V1,PEAK_DURATION_S30_I18_T7200,LOCAL_WINDOW_HPP_BASE_STATIONARY_EXTENSION,3,30,18,7200,OP_PEAK_DURATION_BASE_S30_I18_T7200,fa845700f6ba5c25800acf918ff5a73e095ca553ec479456066ab0d0c830350d,TASK3_OPERATIONAL_POOLED_V1,202607290000,202609290031,202609290032,202609290033,202609290034,10914,10914,10914,9919,9919,0,44.0532871479,82.151860515,58.5115426636,1.48822765761,59.9997703212,131,9,131,114,2,116,164,2018,80.991971234,118.494844976,109.640498543,102.239427101,94.7811847273,75.2579109242,91.3940200548,142.268463135,-0.00881589904912,0.992155125062,0.985265158924,RHO_LT_ONE_TERMINATING_COHORT,NOT_ESTIMATED_TERMINATING_COHORT
1.0,TASK3_PEAK_DURATION_SENSITIVITY_EXPLORATORY_V1,PEAK_DURATION_S30_I18_T7200,LOCAL_WINDOW_HPP_BASE_STATIONARY_EXTENSION,4,30,18,7200,OP_PEAK_DURATION_BASE_S30_I18_T7200,fa845700f6ba5c25800acf918ff5a73e095ca553ec479456066ab0d0c830350d,TASK3_OPERATIONAL_POOLED_V1,202607290000,202609290041,202609290042,202609290043,202609290044,10914,10914,10914,9717,9717,0,8.22300530144,19.523071199,9.95755023392,1.13578041799,11.0933306519,39,9,39,3,0,3,46,1946,21.044594284,36.180672001,17.2058814456,13.9116952448,7.3170246171,9.11623209312,13.9022095535,20.8427137927,-0.00158372318553,0.992155125062,0.985265158924,RHO_LT_ONE_TERMINATING_COHORT,NOT_ESTIMATED_TERMINATING_COHORT
1.0,TASK3_PEAK_DURATION_SENSITIVITY_EXPLORATORY_V1,PEAK_DURATION_S30_I18_T7200,LOCAL_WINDOW_HPP_BASE_STATIONARY_EXTENSION,5,30,18,7200,OP_PEAK_DURATION_BASE_S30_I18_T7200,fa845700f6ba5c25800acf918ff5a73e095ca553ec479456066ab0d0c830350d,TASK3_OPERATIONAL_POOLED_V1,202607290000,202609290051,202609290052,202609290053,202609290054,10914,10914,10914,9562,9562,0,9.57637428043,28.885662868,11.375937562,1.34132360923,12.7172611712,73,8,74,0,0,0,44,1893,24.332386264,34.804253529,8.15374349187,16.85493866,5.49874109896,16.2482333582,5.42360613294,14.9860875631,-0.000842636113842,0.992155125062,0.985265158924,RHO_LT_ONE_TERMINATING_COHORT,NOT_ESTIMATED_TERMINATING_COHORT
1.0,TASK3_PEAK_DURATION_SENSITIVITY_EXPLORATORY_V1,PEAK_DURATION_S30_I18_T7200,LOCAL_WINDOW_HPP_BASE_STATIONARY_EXTENSION,6,30,18,7200,OP_PEAK_DURATION_BASE_S30_I18_T7200,fa845700f6ba5c25800acf918ff5a73e095ca553ec479456066ab0d0c830350d,TASK3_OPERATIONAL_POOLED_V1,202607290000,202609290061,202609290062,202609290063,202609290064,10914,10914,10914,9927,9927,0,42.9140723283,86.066720528,56.4743342768,2.2472394766,58.7215737534,131,7,133,92,1,93,141,1954,87.791978497,102.758108147,93.6086507676,98.6912536236,96.6033200793,96.3769383568,75.5997595916,120.925057698,-0.00532390244707,0.992155125062,0.985265158924,RHO_LT_ONE_TERMINATING_COHORT,NOT_ESTIMATED_TERMINATING_COHORT
1.0,TASK3_PEAK_DURATION_SENSITIVITY_EXPLORATORY_V1,PEAK_DURATION_S30_I18_T7200,LOCAL_WINDOW_HPP_BASE_STATIONARY_EXTENSION,7,30,18,7200,OP_PEAK_DURATION_BASE_S30_I18_T7200,fa845700f6ba5c25800acf918ff5a73e095ca553ec479456066ab0d0c830350d,TASK3_OPERATIONAL_POOLED_V1,202607290000,202609290071,202609290072,202609290073,202609290074,10914,10914,10914,9821,9821,0,18.9682818331,45.878878117,24.3781955176,1.4121214834,25.790317001,79,8,79,39,0,39,87,1995,38.328532776,63.352406623,5.47027562162,18.0094530141,11.8044381496,31.1670041429,29.3898202329,-26.5792820313,0.00847175560436,0.992155125062,0.985265158924,RHO_LT_ONE_TERMINATING_COHORT,NOT_ESTIMATED_TERMINATING_COHORT
1.0,TASK3_PEAK_DURATION_SENSITIVITY_EXPLORATORY_V1,PEAK_DURATION_S30_I18_T7200,LOCAL_WINDOW_HPP_BASE_STATIONARY_EXTENSION,8,30,18,7200,OP_PEAK_DURATION_BASE_S30_I18_T7200,fa845700f6ba5c25800acf918ff5a73e095ca553ec479456066ab0d0c830350d,TASK3_OPERATIONAL_POOLED_V1,202607290000,202609290081,202609290082,202609290083,202609290084,10914,10914,10914,9863,9863,0,30.0608542717,56.250650531,38.9824591529,2.19616979656,41.1786289495,90,8,92,0,0,0,44,1886,24.565860052,34.61826855,24.1983952541,23.8943553477,46.2976509303,13.6566680961,12.8133187033,48.9279579312,-0.00458442227127,0.992155125062,0.985265158924,RHO_LT_ONE_TERMINATING_COHORT,NOT_ESTIMATED_TERMINATING_COHORT
1.0,TASK3_PEAK_DURATION_SENSITIVITY_EXPLORATORY_V1,PEAK_DURATION_S30_I18_T7200,LOCAL_WINDOW_HPP_BASE_STATIONARY_EXTENSION,9,30,18,7200,OP_PEAK_DURATION_BASE_S30_I18_T7200,fa845700f6ba5c25800acf918ff5a73e095ca553ec479456066ab0d0c830350d,TASK3_OPERATIONAL_POOLED_V1,202607290000,202609290091,202609290092,202609290093,202609290094,10914,10914,10914,9892,9892,0,27.4387642879,62.783117439,35.6442060797,1.85453205299,37.4987381327,97,6,97,58,3,61,109,1959,66.945447878,79.869038639,26.5032452805,45.8697618229,68.7993587481,81.1565197789,69.0177922595,-31.9675533575,0.0167105349881,0.992155125062,0.985265158924,RHO_LT_ONE_TERMINATING_COHORT,NOT_ESTIMATED_TERMINATING_COHORT
1.0,TASK3_PEAK_DURATION_SENSITIVITY_EXPLORATORY_V1,PEAK_DURATION_S30_I18_T7200,LOCAL_WINDOW_HPP_BASE_STATIONARY_EXTENSION,10,30,18,7200,OP_PEAK_DURATION_BASE_S30_I18_T7200,fa845700f6ba5c25800acf918ff5a73e095ca553ec479456066ab0d0c830350d,TASK3_OPERATIONAL_POOLED_V1,202607290000,202609290101,202609290102,202609290103,202609290104,10914,10914,10914,9621,9621,0,7.3925641337,21.063733034,8.70168927129,1.17312001654,9.87480928783,51,9,52,0,4,4,47,1927,31.223981387,32.536303355,5.01681445452,6.21466490733,14.2539088189,25.632503136,7.15454293232,-6.11548453838,0.00329073544226,0.992155125062,0.985265158924,RHO_LT_ONE_TERMINATING_COHORT,NOT_ESTIMATED_TERMINATING_COHORT
1.0,TASK3_PEAK_DURATION_SENSITIVITY_EXPLORATORY_V1,PEAK_DURATION_S30_I18_T7200,LOCAL_WINDOW_HPP_BASE_STATIONARY_EXTENSION,11,30,18,7200,OP_PEAK_DURATION_BASE_S30_I18_T7200,fa845700f6ba5c25800acf918ff5a73e095ca553ec479456066ab0d0c830350d,TASK3_OPERATIONAL_POOLED_V1,202607290000,202609290111,202609290112,202609290113,202609290114,10914,10914,10914,9862,9862,0,18.2969536156,38.68106177,24.000143602,0.960452478455,24.9605960805,68,8,68,44,0,44,92,1998,36.174466986,66.51020313,45.0173261211,37.4813851484,20.5976945579,23.4148263803,38.5231986632,53.2979964371,-0.00375761301166,0.992155125062,0.985265158924,RHO_LT_ONE_TERMINATING_COHORT,NOT_ESTIMATED_TERMINATING_COHORT
1.0,TASK3_PEAK_DURATION_SENSITIVITY_EXPLORATORY_V1,PEAK_DURATION_S30_I18_T7200,LOCAL_WINDOW_HPP_BASE_STATIONARY_EXTENSION,12,30,18,7200,OP_PEAK_DURATION_BASE_S30_I18_T7200,fa845700f6ba5c25800acf918ff5a73e095ca553ec479456066ab0d0c830350d,TASK3_OPERATIONAL_POOLED_V1,202607290000,202609290121,202609290122,202609290123,202609290124,10914,10914,10914,9734,9734,0,16.4388884262,53.881698313,21.0729902065,1.147282854,22.2202730605,96,7,97,0,0,0,48,1930,14.616140052,34.769635826,43.2954909422,7.36144364886,4.1958018157,4.72354824632,11.853263798,63.4276719584,-0.00910032634595,0.992155125062,0.985265158924,RHO_LT_ONE_TERMINATING_COHORT,NOT_ESTIMATED_TERMINATING_COHORT
1.0,TASK3_PEAK_DURATION_SENSITIVITY_EXPLORATORY_V1,PEAK_DURATION_S30_I18_T7200,LOCAL_WINDOW_HPP_BASE_STATIONARY_EXTENSION,13,30,18,7200,OP_PEAK_DURATION_BASE_S30_I18_T7200,fa845700f6ba5c25800acf918ff5a73e095ca553ec479456066ab0d0c830350d,TASK3_OPERATIONAL_POOLED_V1,202607290000,202609290131,202609290132,202609290133,202609290134,10914,10914,10914,9818,9818,0,23.7230124833,54.683506062,30.9043074364,1.43020462521,32.3345120616,92,9,92,13,1,14,62,1958,24.257958755,45.047665796,4.29334903619,12.5483859905,31.2724135516,21.4434391972,7.15049904772,4.38460244233,0.00202907683747,0.992155125062,0.985265158924,RHO_LT_ONE_TERMINATING_COHORT,NOT_ESTIMATED_TERMINATING_COHORT
1.0,TASK3_PEAK_DURATION_SENSITIVITY_EXPLORATORY_V1,PEAK_DURATION_S30_I18_T7200,LOCAL_WINDOW_HPP_BASE_STATIONARY_EXTENSION,14,30,18,7200,OP_PEAK_DURATION_BASE_S30_I18_T7200,fa845700f6ba5c25800acf918ff5a73e095ca553ec479456066ab0d0c830350d,TASK3_OPERATIONAL_POOLED_V1,202607290000,202609290141,202609290142,202609290143,202609290144,10914,10914,10914,9698,9698,0,17.8363959482,50.822590764,22.8007495352,1.21889786134,24.0196473965,84,7,85,3,0,3,49,1905,14.288366641,36.923879277,27.2460610127,19.9246218924,34.8820244406,9.10577909853,7.79716688495,57.0786039528,-0.00690508764574,0.992155125062,0.985265158924,RHO_LT_ONE_TERMINATING_COHORT,NOT_ESTIMATED_TERMINATING_COHORT
1.0,TASK3_PEAK_DURATION_SENSITIVITY_EXPLORATORY_V1,PEAK_DURATION_S30_I18_T7200,LOCAL_WINDOW_HPP_BASE_STATIONARY_EXTENSION,15,30,18,7200,OP_PEAK_DURATION_BASE_S30_I18_T7200,fa845700f6ba5c25800acf918ff5a73e095ca553ec479456066ab0d0c830350d,TASK3_OPERATIONAL_POOLED_V1,202607290000,202609290151,202609290152,202609290153,202609290154,10914,10914,10914,9868,9868,0,22.8092468155,44.839230857,29.3561370436,1.83544096324,31.1915780068,74,9,75,32,4,36,84,1969,48.745506653,60.603357857,42.591587423,15.3248350214,17.5750997828,51.8724643039,43.297288253,5.66298174994,0.00527208763091,0.992155125062,0.985265158924,RHO_LT_ONE_TERMINATING_COHORT,NOT_ESTIMATED_TERMINATING_COHORT
1.0,TASK3_PEAK_DURATION_SENSITIVITY_EXPLORATORY_V1,PEAK_DURATION_S30_I18_T7200,LOCAL_WINDOW_HPP_BASE_STATIONARY_EXTENSION,16,30,18,7200,OP_PEAK_DURATION_BASE_S30_I18_T7200,fa845700f6ba5c25800acf918ff5a73e095ca553ec479456066ab0d0c830350d,TASK3_OPERATIONAL_POOLED_V1,202607290000,202609290161,202609290162,202609290163,202609290164,10914,10914,10914,9639,9639,0,10.8469650637,31.414728628,13.6034190415,0.908214827035,14.5116338686,54,8,56,11,1,12,60,1976,36.649090643,43.24799871,4.56712048191,12.6541701881,3.17839908139,34.9571759045,35.1898217664,-44.5519687296,0.0116039455952,0.992155125062,0.985265158924,RHO_LT_ONE_TERMINATING_COHORT,NOT_ESTIMATED_TERMINATING_COHORT
1.0,TASK3_PEAK_DURATION_SENSITIVITY_EXPLORATORY_V1,PEAK_DURATION_S30_I18_T7200,LOCAL_WINDOW_HPP_BASE_STATIONARY_EXTENSION,17,30,18,7200,OP_PEAK_DURATION_BASE_S30_I18_T7200,fa845700f6ba5c25800acf918ff5a73e095ca553ec479456066ab0d0c830350d,TASK3_OPERATIONAL_POOLED_V1,202607290000,202609290171,202609290172,202609290173,202609290174,10914,10914,10914,9736,9736,0,13.6205771578,35.901406139,16.9238390794,1.37064306803,18.2944821474,63,8,66,46,3,49,97,2005,38.23482896,70.017991396,34.2714237817,24.9198104357,17.2530722046,20.7024940866,36.2964512944,26.8140963533,-2.32307393947e-05,0.992155125062,0.985265158924,RHO_LT_ONE_TERMINATING_COHORT,NOT_ESTIMATED_TERMINATING_COHORT
1.0,TASK3_PEAK_DURATION_SENSITIVITY_EXPLORATORY_V1,PEAK_DURATION_S30_I18_T7200,LOCAL_WINDOW_HPP_BASE_STATIONARY_EXTENSION,18,30,18,7200,OP_PEAK_DURATION_BASE_S30_I18_T7200,fa845700f6ba5c25800acf918ff5a73e095ca553ec479456066ab0d0c830350d,TASK3_OPERATIONAL_POOLED_V1,202607290000,202609290181,202609290182,202609290183,202609290184,10914,10914,10914,9728,9728,0,10.5484106011,25.35955002,12.950117116,1.20225783918,14.1523749552,46,7,50,44,0,44,92,1973,30.089817822,65.98056117,5.78405264427,15.0387623315,18.0091424594,9.93227567985,27.6826513187,-13.7286561362,0.00537370981906,0.992155125062,0.985265158924,RHO_LT_ONE_TERMINATING_COHORT,NOT_ESTIMATED_TERMINATING_COHORT
1.0,TASK3_PEAK_DURATION_SENSITIVITY_EXPLORATORY_V1,PEAK_DURATION_S30_I18_T7200,LOCAL_WINDOW_HPP_BASE_STATIONARY_EXTENSION,19,30,18,7200,OP_PEAK_DURATION_BASE_S30_I18_T7200,fa845700f6ba5c25800acf918ff5a73e095ca553ec479456066ab0d0c830350d,TASK3_OPERATIONAL_POOLED_V1,202607290000,202609290191,202609290192,202609290193,202609290194,10914,10914,10914,9863,9863,0,38.8999082145,77.123897945,52.0294658163,1.01288906995,53.0423548863,122,7,122,69,1,70,118,1964,81.228468573,84.889579727,62.3385299225,73.8761096828,101.006252771,95.1550639998,82.1306383244,37.2539405997,0.00845321821119,0.992155125062,0.985265158924,RHO_LT_ONE_TERMINATING_COHORT,NOT_ESTIMATED_TERMINATING_COHORT
1.0,TASK3_PEAK_DURATION_SENSITIVITY_EXPLORATORY_V1,PEAK_DURATION_S30_I18_T7200,LOCAL_WINDOW_HPP_BASE_STATIONARY_EXTENSION,20,30,18,7200,OP_PEAK_DURATION_BASE_S30_I18_T7200,fa845700f6ba5c25800acf918ff5a73e095ca553ec479456066ab0d0c830350d,TASK3_OPERATIONAL_POOLED_V1,202607290000,202609290201,202609290202,202609290203,202609290204,10914,10914,10914,9807,9807,0,10.4229099305,25.728629709,12.9723846708,1.21819181523,14.190576486,51,7,53,9,0,9,57,1949,20.688293392,41.039964625,18.7270103379,7.70863638365,9.9047881179,16.4785722525,7.52480719552,22.2946156694,-0.00189367644665,0.992155125062,0.985265158924,RHO_LT_ONE_TERMINATING_COHORT,NOT_ESTIMATED_TERMINATING_COHORT
1.0,TASK3_PEAK_DURATION_SENSITIVITY_EXPLORATORY_V1,PEAK_DURATION_S30_I18_T7200,LOCAL_WINDOW_HPP_BASE_STATIONARY_EXTENSION,21,30,18,7200,OP_PEAK_DURATION_BASE_S30_I18_T7200,fa845700f6ba5c25800acf918ff5a73e095ca553ec479456066ab0d0c830350d,TASK3_OPERATIONAL_POOLED_V1,202607290000,202609290211,202609290212,202609290213,202609290214,10914,10914,10914,10119,10119,0,56.5730029508,144.5487068,75.5058315512,1.00048591918,76.5063174704,251,6,251,243,0,243,291,2113,170.642047141,211.748238125,57.7610284147,63.8650053774,107.479654014,135.74157024,197.51973479,-151.072084643,0.048804719113,0.992155125062,0.985265158924,RHO_LT_ONE_TERMINATING_COHORT,NOT_ESTIMATED_TERMINATING_COHORT
1.0,TASK3_PEAK_DURATION_SENSITIVITY_EXPLORATORY_V1,PEAK_DURATION_S30_I18_T7200,LOCAL_WINDOW_HPP_BASE_STATIONARY_EXTENSION,22,30,18,7200,OP_PEAK_DURATION_BASE_S30_I18_T7200,fa845700f6ba5c25800acf918ff5a73e095ca553ec479456066ab0d0c830350d,TASK3_OPERATIONAL_POOLED_V1,202607290000,202609290221,202609290222,202609290223,202609290224,10914,10914,10914,9827,9827,0,14.395151414,34.421332037,17.8966027531,1.61896324389,19.5155659969,60,7,61,47,3,50,98,2015,38.624851469,70.621385133,34.9525753428,34.5125243269,7.16507288095,28.5615081072,38.5217862295,27.8521392122,0.000164917438012,0.992155125062,0.985265158924,RHO_LT_ONE_TERMINATING_COHORT,NOT_ESTIMATED_TERMINATING_COHORT
1.0,TASK3_PEAK_DURATION_SENSITIVITY_EXPLORATORY_V1,PEAK_DURATION_S30_I18_T7200,LOCAL_WINDOW_HPP_BASE_STATIONARY_EXTENSION,23,30,18,7200,OP_PEAK_DURATION_BASE_S30_I18_T7200,fa845700f6ba5c25800acf918ff5a73e095ca553ec479456066ab0d0c830350d,TASK3_OPERATIONAL_POOLED_V1,202607290000,202609290231,202609290232,202609290233,202609290234,10914,10914,10914,10031,10031,0,48.9055652851,92.479772368,64.5758380703,2.68777778428,67.2636158546,148,8,149,131,0,131,179,2038,101.796311965,129.716518736,43.9240526668,69.6440153624,69.2662433033,69.2663849533,115.68532687,-33.8014838665,0.0198812386107,0.992155125062,0.985265158924,RHO_LT_ONE_TERMINATING_COHORT,NOT_ESTIMATED_TERMINATING_COHORT
1.0,TASK3_PEAK_DURATION_SENSITIVITY_EXPLORATORY_V1,PEAK_DURATION_S30_I18_T7200,LOCAL_WINDOW_HPP_BASE_STATIONARY_EXTENSION,24,30,18,7200,OP_PEAK_DURATION_BASE_S30_I18_T7200,fa845700f6ba5c25800acf918ff5a73e095ca553ec479456066ab0d0c830350d,TASK3_OPERATIONAL_POOLED_V1,202607290000,202609290241,202609290242,202609290243,202609290244,10914,10914,10914,9963,9963,0,35.2212286214,73.517100716,47.322079041,0.91438504925,48.2364640902,115,7,115,100,0,100,147,2004,80.178151313,106.494627363,51.2419543761,69.890047386,71.2391636788,84.8907472945,101.616746007,-11.0369806295,0.0160764282182,0.992155125062,0.985265158924,RHO_LT_ONE_TERMINATING_COHORT,NOT_ESTIMATED_TERMINATING_COHORT
1.0,TASK3_PEAK_DURATION_SENSITIVITY_EXPLORATORY_V1,PEAK_DURATION_S30_I18_T7200,LOCAL_WINDOW_HPP_BASE_STATIONARY_EXTENSION,25,30,18,7200,OP_PEAK_DURATION_BASE_S30_I18_T7200,fa845700f6ba5c25800acf918ff5a73e095ca553ec479456066ab0d0c830350d,TASK3_OPERATIONAL_POOLED_V1,202607290000,202609290251,202609290252,202609290253,202609290254,10914,10914,10914,9773,9773,0,14.7392355984,43.301750047,18.8023878136,1.20090436044,20.0032921741,75,9,75,1,0,1,46,1950,31.228737722,35.403166425,15.2358380826,6.3954683145,6.92791001751,23.5390989426,12.9167480347,3.62392477918,0.00173686812948,0.992155125062,0.985265158924,RHO_LT_ONE_TERMINATING_COHORT,NOT_ESTIMATED_TERMINATING_COHORT
1.0,TASK3_PEAK_DURATION_SENSITIVITY_EXPLORATORY_V1,PEAK_DURATION_S30_I18_T7200,LOCAL_WINDOW_HPP_BASE_STATIONARY_EXTENSION,26,30,18,7200,OP_PEAK_DURATION_BASE_S30_I18_T7200,fa845700f6ba5c25800acf918ff5a73e095ca553ec479456066ab0d0c830350d,TASK3_OPERATIONAL_POOLED_V1,202607290000,202609290261,202609290262,202609290263,202609290264,10914,10914,10914,9972,9972,0,28.5547622289,61.346001629,37.2530213113,1.56935766341,38.8223789747,117,7,121,116,4,120,168,2043,72.527320025,121.893761185,31.4178194062,56.0352542552,55.697814572,70.5920685243,79.7881173193,-24.766842756,0.0154579736243,0.992155125062,0.985265158924,RHO_LT_ONE_TERMINATING_COHORT,NOT_ESTIMATED_TERMINATING_COHORT
1.0,TASK3_PEAK_DURATION_SENSITIVITY_EXPLORATORY_V1,PEAK_DURATION_S30_I18_T7200,LOCAL_WINDOW_HPP_BASE_STATIONARY_EXTENSION,27,30,18,7200,OP_PEAK_DURATION_BASE_S30_I18_T7200,fa845700f6ba5c25800acf918ff5a73e095ca553ec479456066ab0d0c830350d,TASK3_OPERATIONAL_POOLED_V1,202607290000,202609290271,202609290272,202609290273,202609290274,10914,10914,10914,9904,9904,0,19.4488260268,38.468423494,25.0774287415,1.57719579039,26.6546245319,67,6,69,40,5,45,93,2000,39.051479594,65.784304348,43.092418077,37.0479100494,23.4246597833,29.6547462581,39.066844846,46.0405484928,-0.00214504309075,0.992155125062,0.985265158924,RHO_LT_ONE_TERMINATING_COHORT,NOT_ESTIMATED_TERMINATING_COHORT
1.0,TASK3_PEAK_DURATION_SENSITIVITY_EXPLORATORY_V1,PEAK_DURATION_S30_I18_T7200,LOCAL_WINDOW_HPP_BASE_STATIONARY_EXTENSION,28,30,18,7200,OP_PEAK_DURATION_BASE_S30_I18_T7200,fa845700f6ba5c25800acf918ff5a73e095ca553ec479456066ab0d0c830350d,TASK3_OPERATIONAL_POOLED_V1,202607290000,202609290281,202609290282,202609290283,202609290284,10914,10914,10914,9756,9756,0,24.0447466486,54.353875647,31.3919034336,1.1739277618,32.5658311954,85,8,85,14,1,15,63,1954,33.066980103,46.123473308,65.7314805997,67.2130511958,18.5132393395,25.5686845505,4.41952680682,159.490402172,-0.0228150380876,0.992155125062,0.985265158924,RHO_LT_ONE_TERMINATING_COHORT,NOT_ESTIMATED_TERMINATING_COHORT
1.0,TASK3_PEAK_DURATION_SENSITIVITY_EXPLORATORY_V1,PEAK_DURATION_S30_I18_T7200,LOCAL_WINDOW_HPP_BASE_STATIONARY_EXTENSION,29,30,18,7200,OP_PEAK_DURATION_BASE_S30_I18_T7200,fa845700f6ba5c25800acf918ff5a73e095ca553ec479456066ab0d0c830350d,TASK3_OPERATIONAL_POOLED_V1,202607290000,202609290291,202609290292,202609290293,202609290294,10914,10914,10914,10022,10022,0,49.582877953,86.861457916,66.9490841692,1.23160173371,68.1806859029,143,9,146,125,3,128,176,2003,96.76848309,128.115318155,71.2128396125,62.741499109,83.3772393899,101.66305162,118.96291134,-13.2247637601,0.0186696799953,0.992155125062,0.985265158924,RHO_LT_ONE_TERMINATING_COHORT,NOT_ESTIMATED_TERMINATING_COHORT
1.0,TASK3_PEAK_DURATION_SENSITIVITY_EXPLORATORY_V1,PEAK_DURATION_S30_I18_T7200,LOCAL_WINDOW_HPP_BASE_STATIONARY_EXTENSION,30,30,18,7200,OP_PEAK_DURATION_BASE_S30_I18_T7200,fa845700f6ba5c25800acf918ff5a73e095ca553ec479456066ab0d0c830350d,TASK3_OPERATIONAL_POOLED_V1,202607290000,202609290301,202609290302,202609290303,202609290304,10914,10914,10914,9750,9750,0,16.8500259662,45.187423024,21.4087499045,1.22829137218,22.6370412767,77,8,77,54,4,58,106,2000,41.008165339,76.536260044,32.1714413999,17.5922166449,8.99857107511,5.14557672668,39.6997374245,18.764044556,0.000362493351522,0.992155125062,0.985265158924,RHO_LT_ONE_TERMINATING_COHORT,NOT_ESTIMATED_TERMINATING_COHORT
1.0,TASK3_PEAK_DURATION_SENSITIVITY_EXPLORATORY_V1,PEAK_DURATION_S30_I18_T7200,LOCAL_WINDOW_HPP_BASE_STATIONARY_EXTENSION,31,30,18,7200,OP_PEAK_DURATION_BASE_S30_I18_T7200,fa845700f6ba5c25800acf918ff5a73e095ca553ec479456066ab0d0c830350d,TASK3_OPERATIONAL_POOLED_V1,202607290000,202609290311,202609290312,202609290313,202609290314,10914,10914,10914,9707,9707,0,9.50073978018,25.443766957,11.6048801636,1.14367988838,12.748560052,51,7,51,34,0,34,80,1952,19.569743947,58.778901682,30.7276461493,14.772185771,13.2401364084,5.9401913112,16.8530206927,43.7425700962,-0.00508072852402,0.992155125062,0.985265158924,RHO_LT_ONE_TERMINATING_COHORT,NOT_ESTIMATED_TERMINATING_COHORT
1.0,TASK3_PEAK_DURATION_SENSITIVITY_EXPLORATORY_V1,PEAK_DURATION_S30_I18_T7200,LOCAL_WINDOW_HPP_BASE_STATIONARY_EXTENSION,32,30,18,7200,OP_PEAK_DURATION_BASE_S30_I18_T7200,fa845700f6ba5c25800acf918ff5a73e095ca553ec479456066ab0d0c830350d,TASK3_OPERATIONAL_POOLED_V1,202607290000,202609290321,202609290322,202609290323,202609290324,10914,10914,10914,9755,9755,0,12.69051026,31.069104459,16.047773173,1.11633904827,17.1641122213,59,8,60,20,2,22,70,1983,29.022507458,50.822703124,21.2465185919,11.1602620168,14.9517824068,16.8281251649,29.7684355933,1.75725189153,0.00315440238208,0.992155125062,0.985265158924,RHO_LT_ONE_TERMINATING_COHORT,NOT_ESTIMATED_TERMINATING_COHORT
1.0,TASK3_PEAK_DURATION_SENSITIVITY_EXPLORATORY_V1,PEAK_DURATION_S30_I18_T7200,LOCAL_WINDOW_HPP_BASE_STATIONARY_EXTENSION,33,30,18,7200,OP_PEAK_DURATION_BASE_S30_I18_T7200,fa845700f6ba5c25800acf918ff5a73e095ca553ec479456066ab0d0c830350d,TASK3_OPERATIONAL_POOLED_V1,202607290000,202609290331,202609290332,202609290333,202609290334,10914,10914,10914,9979,9979,0,35.5434777456,78.756634273,47.5452695378,0.957937202694,48.5032067405,126,7,127,121,1,122,170,1982,83.893912154,123.378599882,22.6037031084,51.4188918838,87.1504713208,94.5745529851,92.4462408386,-67.4917803939,0.0253945467447,0.992155125062,0.985265158924,RHO_LT_ONE_TERMINATING_COHORT,NOT_ESTIMATED_TERMINATING_COHORT
1.0,TASK3_PEAK_DURATION_SENSITIVITY_EXPLORATORY_V1,PEAK_DURATION_S30_I18_T7200,LOCAL_WINDOW_HPP_BASE_STATIONARY_EXTENSION,34,30,18,7200,OP_PEAK_DURATION_BASE_S30_I18_T7200,fa845700f6ba5c25800acf918ff5a73e095ca553ec479456066ab0d0c830350d,TASK3_OPERATIONAL_POOLED_V1,202607290000,202609290341,202609290342,202609290343,202609290344,10914,10914,10914,9904,9904,0,27.8241552845,52.622324219,36.5357902131,1.55382306463,38.0896132777,81,9,81,58,2,60,108,1991,43.485744074,77.206231311,21.1717345544,7.67699371656,25.4839475828,44.7895503663,40.2870977809,-28.6255975268,0.0104643448754,0.992155125062,0.985265158924,RHO_LT_ONE_TERMINATING_COHORT,NOT_ESTIMATED_TERMINATING_COHORT
1.0,TASK3_PEAK_DURATION_SENSITIVITY_EXPLORATORY_V1,PEAK_DURATION_S30_I18_T7200,LOCAL_WINDOW_HPP_BASE_STATIONARY_EXTENSION,35,30,18,7200,OP_PEAK_DURATION_BASE_S30_I18_T7200,fa845700f6ba5c25800acf918ff5a73e095ca553ec479456066ab0d0c830350d,TASK3_OPERATIONAL_POOLED_V1,202607290000,202609290351,202609290352,202609290353,202609290354,10914,10914,10914,9828,9828,0,18.684541511,48.258171508,24.1130000075,1.37652373328,25.4895237408,95,9,97,15,0,15,63,1973,15.650636705,45.722956382,7.33310180647,13.7396728386,10.7455735445,13.4156448265,10.7948795422,6.25612891712,0.000916601036023,0.992155125062,0.985265158924,RHO_LT_ONE_TERMINATING_COHORT,NOT_ESTIMATED_TERMINATING_COHORT
1.0,TASK3_PEAK_DURATION_SENSITIVITY_EXPLORATORY_V1,PEAK_DURATION_S30_I18_T7200,LOCAL_WINDOW_HPP_BASE_STATIONARY_EXTENSION,36,30,18,7200,OP_PEAK_DURATION_BASE_S30_I18_T7200,fa845700f6ba5c25800acf918ff5a73e095ca553ec479456066ab0d0c830350d,TASK3_OPERATIONAL_POOLED_V1,202607290000,202609290361,202609290362,202609290363,202609290364,10914,10914,10914,9823,9823,0,13.8747970619,27.604917795,17.0823733293,1.78384279133,18.8662161206,52,9,52,34,1,35,83,1991,30.169081822,58.991954566,29.6998730417,18.9616560511,16.7249479875,26.8398904881,26.2527670368,22.9578101006,0.000136669781556,0.992155125062,0.985265158924,RHO_LT_ONE_TERMINATING_COHORT,NOT_ESTIMATED_TERMINATING_COHORT
1.0,TASK3_PEAK_DURATION_SENSITIVITY_EXPLORATORY_V1,PEAK_DURATION_S30_I18_T7200,LOCAL_WINDOW_HPP_BASE_STATIONARY_EXTENSION,37,30,18,7200,OP_PEAK_DURATION_BASE_S30_I18_T7200,fa845700f6ba5c25800acf918ff5a73e095ca553ec479456066ab0d0c830350d,TASK3_OPERATIONAL_POOLED_V1,202607290000,202609290371,202609290372,202609290373,202609290374,10914,10914,10914,9873,9873,0,22.3992646052,48.322527858,29.3727892265,1.19905130962,30.5718405361,87,6,88,52,0,52,100,1980,40.267053166,73.069271219,24.1531305948,44.3154420531,42.8335779043,41.6763233926,26.3321014411,34.572997803,0.000238725421144,0.992155125062,0.985265158924,RHO_LT_ONE_TERMINATING_COHORT,NOT_ESTIMATED_TERMINATING_COHORT
1.0,TASK3_PEAK_DURATION_SENSITIVITY_EXPLORATORY_V1,PEAK_DURATION_S30_I18_T7200,LOCAL_WINDOW_HPP_BASE_STATIONARY_EXTENSION,38,30,18,7200,OP_PEAK_DURATION_BASE_S30_I18_T7200,fa845700f6ba5c25800acf918ff5a73e095ca553ec479456066ab0d0c830350d,TASK3_OPERATIONAL_POOLED_V1,202607290000,202609290381,202609290382,202609290383,202609290384,10914,10914,10914,9948,9948,0,66.1880642072,147.88645999,88.2612493061,1.55511232761,89.8163616338,219,7,220,177,3,180,228,1950,152.465747894,164.698205793,107.37592284,122.077899587,185.840858739,175.986365893,150.585383652,43.1277451949,0.0194899149902,0.992155125062,0.985265158924,RHO_LT_ONE_TERMINATING_COHORT,NOT_ESTIMATED_TERMINATING_COHORT
1.0,TASK3_PEAK_DURATION_SENSITIVITY_EXPLORATORY_V1,PEAK_DURATION_S30_I18_T7200,LOCAL_WINDOW_HPP_BASE_STATIONARY_EXTENSION,39,30,18,7200,OP_PEAK_DURATION_BASE_S30_I18_T7200,fa845700f6ba5c25800acf918ff5a73e095ca553ec479456066ab0d0c830350d,TASK3_OPERATIONAL_POOLED_V1,202607290000,202609290391,202609290392,202609290393,202609290394,10914,10914,10914,9876,9876,0,28.1435004649,60.318514539,36.6316829036,1.3666383872,37.9983212908,113,7,114,107,1,108,156,2026,75.075328473,113.149856069,39.6300768385,77.3419065545,53.5961026283,72.0995296526,75.9895005427,13.1240703634,0.0093717320148,0.992155125062,0.985265158924,RHO_LT_ONE_TERMINATING_COHORT,NOT_ESTIMATED_TERMINATING_COHORT
1.0,TASK3_PEAK_DURATION_SENSITIVITY_EXPLORATORY_V1,PEAK_DURATION_S30_I18_T7200,LOCAL_WINDOW_HPP_BASE_STATIONARY_EXTENSION,40,30,18,7200,OP_PEAK_DURATION_BASE_S30_I18_T7200,fa845700f6ba5c25800acf918ff5a73e095ca553ec479456066ab0d0c830350d,TASK3_OPERATIONAL_POOLED_V1,202607290000,202609290401,202609290402,202609290403,202609290404,10914,10914,10914,9854,9854,0,30.0583525275,69.858747022,39.3841735415,1.68229464409,41.0664681856,110,7,112,34,2,36,84,1927,57.260867365,60.417555392,35.6350219685,84.9294099641,93.2577591129,69.4760992292,50.3899732509,56.1952088326,0.00195230442083,0.992155125062,0.985265158924,RHO_LT_ONE_TERMINATING_COHORT,NOT_ESTIMATED_TERMINATING_COHORT
1.0,TASK3_PEAK_DURATION_SENSITIVITY_EXPLORATORY_V1,PEAK_DURATION_S30_I18_T7200,LOCAL_WINDOW_HPP_BASE_STATIONARY_EXTENSION,41,30,18,7200,OP_PEAK_DURATION_BASE_S30_I18_T7200,fa845700f6ba5c25800acf918ff5a73e095ca553ec479456066ab0d0c830350d,TASK3_OPERATIONAL_POOLED_V1,202607290000,202609290411,202609290412,202609290413,202609290414,10914,10914,10914,9735,9735,0,10.123847464,24.620536596,12.1522225873,1.5023849668,13.6546075541,47,7,47,23,3,26,74,1933,16.043701341,52.672630314,23.5506484357,18.624397428,8.54198532116,6.33185949998,8.00540810107,45.5481237052,-0.00602541924963,0.992155125062,0.985265158924,RHO_LT_ONE_TERMINATING_COHORT,NOT_ESTIMATED_TERMINATING_COHORT
1.0,TASK3_PEAK_DURATION_SENSITIVITY_EXPLORATORY_V1,PEAK_DURATION_S30_I18_T7200,LOCAL_WINDOW_HPP_BASE_STATIONARY_EXTENSION,42,30,18,7200,OP_PEAK_DURATION_BASE_S30_I18_T7200,fa845700f6ba5c25800acf918ff5a73e095ca553ec479456066ab0d0c830350d,TASK3_OPERATIONAL_POOLED_V1,202607290000,202609290421,202609290422,202609290423,202609290424,10914,10914,10914,9816,9816,0,19.7857201167,47.877642323,25.7357875207,1.11597716294,26.8517646837,79,8,79,49,0,49,97,1983,53.236517434,70.124658323,11.4284012873,16.595605239,35.6183199304,56.6373640959,59.5218098009,-66.2111318423,0.0189206355394,0.992155125062,0.985265158924,RHO_LT_ONE_TERMINATING_COHORT,NOT_ESTIMATED_TERMINATING_COHORT
1.0,TASK3_PEAK_DURATION_SENSITIVITY_EXPLORATORY_V1,PEAK_DURATION_S30_I18_T7200,LOCAL_WINDOW_HPP_BASE_STATIONARY_EXTENSION,43,30,18,7200,OP_PEAK_DURATION_BASE_S30_I18_T7200,fa845700f6ba5c25800acf918ff5a73e095ca553ec479456066ab0d0c830350d,TASK3_OPERATIONAL_POOLED_V1,202607290000,202609290431,202609290432,202609290433,202609290434,10914,10914,10914,9964,9964,0,39.7834188761,62.857971347,53.1297138893,1.62155607767,54.7512699669,104,5,104,75,1,76,124,1994,68.529607575,90.991873036,57.8367774139,46.3330485289,55.9614396705,82.8801185927,76.7297240503,8.19849914881,0.0103240226856,0.992155125062,0.985265158924,RHO_LT_ONE_TERMINATING_COHORT,NOT_ESTIMATED_TERMINATING_COHORT
1.0,TASK3_PEAK_DURATION_SENSITIVITY_EXPLORATORY_V1,PEAK_DURATION_S30_I18_T7200,LOCAL_WINDOW_HPP_BASE_STATIONARY_EXTENSION,44,30,18,7200,OP_PEAK_DURATION_BASE_S30_I18_T7200,fa845700f6ba5c25800acf918ff5a73e095ca553ec479456066ab0d0c830350d,TASK3_OPERATIONAL_POOLED_V1,202607290000,202609290441,202609290442,202609290443,202609290444,10914,10914,10914,9988,9988,0,63.1787918495,104.114327094,83.2138911291,3.41221239017,86.6261035193,172,8,172,136,6,142,190,1997,111.782284651,136.984001704,128.829038768,101.628217613,118.993857805,113.459040877,137.87031411,97.7210633738,0.00415463527049,0.992155125062,0.985265158924,RHO_LT_ONE_TERMINATING_COHORT,NOT_ESTIMATED_TERMINATING_COHORT
1.0,TASK3_PEAK_DURATION_SENSITIVITY_EXPLORATORY_V1,PEAK_DURATION_S30_I18_T7200,LOCAL_WINDOW_HPP_BASE_STATIONARY_EXTENSION,45,30,18,7200,OP_PEAK_DURATION_BASE_S30_I18_T7200,fa845700f6ba5c25800acf918ff5a73e095ca553ec479456066ab0d0c830350d,TASK3_OPERATIONAL_POOLED_V1,202607290000,202609290451,202609290452,202609290453,202609290454,10914,10914,10914,9820,9820,0,36.3135142592,77.169748677,48.5001313781,1.02338467246,49.5235160505,119,8,119,3,0,3,51,1914,20.444529257,37.93647176,80.0784469918,37.9374508558,23.90610881,11.4793749311,7.77073912427,160.539542887,-0.023760207175,0.992155125062,0.985265158924,RHO_LT_ONE_TERMINATING_COHORT,NOT_ESTIMATED_TERMINATING_COHORT
1.0,TASK3_PEAK_DURATION_SENSITIVITY_EXPLORATORY_V1,PEAK_DURATION_S30_I18_T7200,LOCAL_WINDOW_HPP_BASE_STATIONARY_EXTENSION,46,30,18,7200,OP_PEAK_DURATION_BASE_S30_I18_T7200,fa845700f6ba5c25800acf918ff5a73e095ca553ec479456066ab0d0c830350d,TASK3_OPERATIONAL_POOLED_V1,202607290000,202609290461,202609290462,202609290463,202609290464,10914,10914,10914,9873,9873,0,23.9780282632,52.24706254,31.9205116307,0.927592342613,32.8481039733,93,6,93,23,2,25,73,1977,23.524584266,52.261390941,64.6588470268,66.0804829377,36.6164151732,24.5849997515,16.4036289624,145.173314257,-0.0191674887938,0.992155125062,0.985265158924,RHO_LT_ONE_TERMINATING_COHORT,NOT_ESTIMATED_TERMINATING_COHORT
1.0,TASK3_PEAK_DURATION_SENSITIVITY_EXPLORATORY_V1,PEAK_DURATION_S30_I18_T7200,LOCAL_WINDOW_HPP_BASE_STATIONARY_EXTENSION,47,30,18,7200,OP_PEAK_DURATION_BASE_S30_I18_T7200,fa845700f6ba5c25800acf918ff5a73e095ca553ec479456066ab0d0c830350d,TASK3_OPERATIONAL_POOLED_V1,202607290000,202609290471,202609290472,202609290473,202609290474,10914,10914,10914,9798,9798,0,30.4069743063,54.962760061,39.7388960598,1.63167015292,41.3705662127,90,6,93,10,1,11,59,1895,37.724654472,42.575384473,66.0656364051,65.0943196492,70.4746842184,38.232083381,4.1062890117,161.880300824,-0.0209417959799,0.992155125062,0.985265158924,RHO_LT_ONE_TERMINATING_COHORT,NOT_ESTIMATED_TERMINATING_COHORT
1.0,TASK3_PEAK_DURATION_SENSITIVITY_EXPLORATORY_V1,PEAK_DURATION_S30_I18_T7200,LOCAL_WINDOW_HPP_BASE_STATIONARY_EXTENSION,48,30,18,7200,OP_PEAK_DURATION_BASE_S30_I18_T7200,fa845700f6ba5c25800acf918ff5a73e095ca553ec479456066ab0d0c830350d,TASK3_OPERATIONAL_POOLED_V1,202607290000,202609290481,202609290482,202609290483,202609290484,10914,10914,10914,9744,9744,0,16.4077602391,55.383288222,20.7954470184,1.39969298446,22.1951400029,103,7,103,6,2,8,56,1948,13.336250528,41.748178184,37.2339594757,20.0405977556,6.21414869391,8.27284452197,7.31527887191,69.5192016947,-0.00994515478351,0.992155125062,0.985265158924,RHO_LT_ONE_TERMINATING_COHORT,NOT_ESTIMATED_TERMINATING_COHORT
1.0,TASK3_PEAK_DURATION_SENSITIVITY_EXPLORATORY_V1,PEAK_DURATION_S30_I18_T7200,LOCAL_WINDOW_HPP_BASE_STATIONARY_EXTENSION,49,30,18,7200,OP_PEAK_DURATION_BASE_S30_I18_T7200,fa845700f6ba5c25800acf918ff5a73e095ca553ec479456066ab0d0c830350d,TASK3_OPERATIONAL_POOLED_V1,202607290000,202609290491,202609290492,202609290493,202609290494,10914,10914,10914,9799,9799,0,27.8800253989,56.587991598,36.9023041777,1.04149996864,37.9438041463,104,6,105,0,0,0,34,1883,18.032539003,34.801551377,57.7336752293,41.1314440094,24.7403504524,11.0743166883,4.77619180783,129.870266261,-0.0188850130783,0.992155125062,0.985265158924,RHO_LT_ONE_TERMINATING_COHORT,NOT_ESTIMATED_TERMINATING_COHORT
1.0,TASK3_PEAK_DURATION_SENSITIVITY_EXPLORATORY_V1,PEAK_DURATION_S30_I18_T7200,LOCAL_WINDOW_HPP_BASE_STATIONARY_EXTENSION,50,30,18,7200,OP_PEAK_DURATION_BASE_S30_I18_T7200,fa845700f6ba5c25800acf918ff5a73e095ca553ec479456066ab0d0c830350d,TASK3_OPERATIONAL_POOLED_V1,202607290000,202609290501,202609290502,202609290503,202609290504,10914,10914,10914,9850,9850,0,23.4843677473,55.576706512,30.1375638667,1.73328851205,31.8708523787,86,8,89,69,2,71,119,1991,59.640192719,85.700444414,10.8106787117,22.241239689,45.3670920407,63.8944701012,75.3806017768,-84.5559909429,0.0237212606309,0.992155125062,0.985265158924,RHO_LT_ONE_TERMINATING_COHORT,NOT_ESTIMATED_TERMINATING_COHORT
1.0,TASK3_PEAK_DURATION_SENSITIVITY_EXPLORATORY_V1,PEAK_DURATION_S29_I17_T300,LOCAL_WINDOW_HPP_BASE_STATIONARY_EXTENSION,1,29,17,300,OP_PEAK_DURATION_BASE_S29_I17_T300,9260910fb5a084a4398ce79f428d3bf16f64e0e62cd704c2a3613a8f303f4d85,TASK3_OPERATIONAL_POOLED_V1,202607290000,202609290011,202609290012,202609290013,202609290014,5000,5000,5000,396,396,0,6.49290625306,13.110476083,4.87304649721,3.33906578236,8.21211227957,17,12,20,0,5,5,51,65,13.132238727,38.037870674,8.88315897807,10.6273063324,15.7963196565,11.8766656037,7.83442858697,11.6396519647,-0.00282700503644,1.02636737075,1.04322193298,RHO_GTE_ONE_FINITE_HORIZON_ONLY,PROHIBITED_RHO_GTE_ONE
1.0,TASK3_PEAK_DURATION_SENSITIVITY_EXPLORATORY_V1,PEAK_DURATION_S29_I17_T300,LOCAL_WINDOW_HPP_BASE_STATIONARY_EXTENSION,2,29,17,300,OP_PEAK_DURATION_BASE_S29_I17_T300,9260910fb5a084a4398ce79f428d3bf16f64e0e62cd704c2a3613a8f303f4d85,TASK3_OPERATIONAL_POOLED_V1,202607290000,202609290021,202609290022,202609290023,202609290024,5000,5000,5000,442,442,0,16.2259792912,29.924882175,16.6224102161,3.68338697003,20.3057971861,44,10,49,44,5,49,95,99,36.338157869,72.650665034,27.0360715905,32.002467604,30.3584142009,27.984291031,36.2456557396,19.9246362393,0.0480033057507,1.02636737075,1.04322193298,RHO_GTE_ONE_FINITE_HORIZON_ONLY,PROHIBITED_RHO_GTE_ONE
1.0,TASK3_PEAK_DURATION_SENSITIVITY_EXPLORATORY_V1,PEAK_DURATION_S29_I17_T300,LOCAL_WINDOW_HPP_BASE_STATIONARY_EXTENSION,3,29,17,300,OP_PEAK_DURATION_BASE_S29_I17_T300,9260910fb5a084a4398ce79f428d3bf16f64e0e62cd704c2a3613a8f303f4d85,TASK3_OPERATIONAL_POOLED_V1,202607290000,202609290031,202609290032,202609290033,202609290034,5000,5000,5000,393,393,0,4.50874232563,11.43180031,3.45909784505,2.33488625097,5.79398409602,18,9,20,0,0,0,46,74,4.11038362,34.877888735,7.5445682175,5.0931272154,4.33411463877,3.676756028,3.0843570275,12.499179801,-0.034455978558,1.02636737075,1.04322193298,RHO_GTE_ONE_FINITE_HORIZON_ONLY,PROHIBITED_RHO_GTE_ONE
1.0,TASK3_PEAK_DURATION_SENSITIVITY_EXPLORATORY_V1,PEAK_DURATION_S29_I17_T300,LOCAL_WINDOW_HPP_BASE_STATIONARY_EXTENSION,4,29,17,300,OP_PEAK_DURATION_BASE_S29_I17_T300,9260910fb5a084a4398ce79f428d3bf16f64e0e62cd704c2a3613a8f303f4d85,TASK3_OPERATIONAL_POOLED_V1,202607290000,202609290041,202609290042,202609290043,202609290044,5000,5000,5000,410,410,0,5.47799047891,16.252232518,4.40818253872,2.00372246871,6.41190500742,22,8,26,22,4,26,72,94,18.67599601,53.066061901,1.493657374,4.00873223323,6.2000093819,13.0320962921,19.6771750981,-25.1604655544,0.15130133169,1.02636737075,1.04322193298,RHO_GTE_ONE_FINITE_HORIZON_ONLY,PROHIBITED_RHO_GTE_ONE
1.0,TASK3_PEAK_DURATION_SENSITIVITY_EXPLORATORY_V1,PEAK_DURATION_S29_I17_T300,LOCAL_WINDOW_HPP_BASE_STATIONARY_EXTENSION,5,29,17,300,OP_PEAK_DURATION_BASE_S29_I17_T300,9260910fb5a084a4398ce79f428d3bf16f64e0e62cd704c2a3613a8f303f4d85,TASK3_OPERATIONAL_POOLED_V1,202607290000,202609290051,202609290052,202609290053,202609290054,5000,5000,5000,388,388,0,9.90198127827,17.167022635,8.99146869075,3.35430123128,12.345769922,20,9,24,0,4,4,48,58,17.230674698,37.900644286,12.9618699624,17.2505961055,21.0211913299,19.7230479483,11.0294901385,17.4414699508,-0.00464102601711,1.02636737075,1.04322193298,RHO_GTE_ONE_FINITE_HORIZON_ONLY,PROHIBITED_RHO_GTE_ONE
1.0,TASK3_PEAK_DURATION_SENSITIVITY_EXPLORATORY_V1,PEAK_DURATION_S29_I17_T300,LOCAL_WINDOW_HPP_BASE_STATIONARY_EXTENSION,6,29,17,300,OP_PEAK_DURATION_BASE_S29_I17_T300,9260910fb5a084a4398ce79f428d3bf16f64e0e62cd704c2a3613a8f303f4d85,TASK3_OPERATIONAL_POOLED_V1,202607290000,202609290061,202609290062,202609290063,202609290064,5000,5000,5000,419,419,0,12.6348849755,26.283397174,12.9494324744,2.75992207018,15.7093545446,34,11,38,25,9,34,80,85,29.18658685,60.215133,17.5764418211,25.2590248906,25.1302624952,29.8552317694,32.753022448,-0.097229414665,0.116497893776,1.02636737075,1.04322193298,RHO_GTE_ONE_FINITE_HORIZON_ONLY,PROHIBITED_RHO_GTE_ONE
1.0,TASK3_PEAK_DURATION_SENSITIVITY_EXPLORATORY_V1,PEAK_DURATION_S29_I17_T300,LOCAL_WINDOW_HPP_BASE_STATIONARY_EXTENSION,7,29,17,300,OP_PEAK_DURATION_BASE_S29_I17_T300,9260910fb5a084a4398ce79f428d3bf16f64e0e62cd704c2a3613a8f303f4d85,TASK3_OPERATIONAL_POOLED_V1,202607290000,202609290071,202609290072,202609290073,202609290074,5000,5000,5000,408,408,0,8.18612970621,16.003616017,7.43421346696,2.59253029942,10.0267437664,19,8,25,17,5,22,68,87,17.698273862,51.976854747,10.4967189366,14.7108532177,12.4769056202,13.5351323457,19.5630175808,1.43886822789,0.056522921388,1.02636737075,1.04322193298,RHO_GTE_ONE_FINITE_HORIZON_ONLY,PROHIBITED_RHO_GTE_ONE
1.0,TASK3_PEAK_DURATION_SENSITIVITY_EXPLORATORY_V1,PEAK_DURATION_S29_I17_T300,LOCAL_WINDOW_HPP_BASE_STATIONARY_EXTENSION,8,29,17,300,OP_PEAK_DURATION_BASE_S29_I17_T300,9260910fb5a084a4398ce79f428d3bf16f64e0e62cd704c2a3613a8f303f4d85,TASK3_OPERATIONAL_POOLED_V1,202607290000,202609290081,202609290082,202609290083,202609290084,5000,5000,5000,442,442,0,24.8270753479,42.094837622,28.004164475,4.880092184,32.884256659,52,14,58,37,12,49,95,75,43.755318097,71.462180391,35.7011753818,50.7816533216,51.7029793949,52.0321786881,54.2235082917,20.1669056257,0.127650637288,1.02636737075,1.04322193298,RHO_GTE_ONE_FINITE_HORIZON_ONLY,PROHIBITED_RHO_GTE_ONE
1.0,TASK3_PEAK_DURATION_SENSITIVITY_EXPLORATORY_V1,PEAK_DURATION_S29_I17_T300,LOCAL_WINDOW_HPP_BASE_STATIONARY_EXTENSION,9,29,17,300,OP_PEAK_DURATION_BASE_S29_I17_T300,9260910fb5a084a4398ce79f428d3bf16f64e0e62cd704c2a3613a8f303f4d85,TASK3_OPERATIONAL_POOLED_V1,202607290000,202609290091,202609290092,202609290093,202609290094,5000,5000,5000,395,395,0,6.75283925259,17.619109628,5.85260295943,2.82948455595,8.68208751538,23,9,25,7,0,7,53,84,6.822790361,40.348805018,21.8186483124,12.1524455443,7.19394517683,3.4367811212,5.35501493373,41.223565403,-0.138809770601,1.02636737075,1.04322193298,RHO_GTE_ONE_FINITE_HORIZON_ONLY,PROHIBITED_RHO_GTE_ONE
1.0,TASK3_PEAK_DURATION_SENSITIVITY_EXPLORATORY_V1,PEAK_DURATION_S29_I17_T300,LOCAL_WINDOW_HPP_BASE_STATIONARY_EXTENSION,10,29,17,300,OP_PEAK_DURATION_BASE_S29_I17_T300,9260910fb5a084a4398ce79f428d3bf16f64e0e62cd704c2a3613a8f303f4d85,TASK3_OPERATIONAL_POOLED_V1,202607290000,202609290101,202609290102,202609290103,202609290104,5000,5000,5000,394,394,0,5.41652934469,11.518782584,4.96087835438,1.50758753526,6.46846588964,16,7,18,10,7,17,63,84,11.97245395,45.764377073,9.96093078527,12.739354905,11.6951822395,10.112970138,13.4382465441,8.34315185937,0.0144274891689,1.02636737075,1.04322193298,RHO_GTE_ONE_FINITE_HORIZON_ONLY,PROHIBITED_RHO_GTE_ONE
1.0,TASK3_PEAK_DURATION_SENSITIVITY_EXPLORATORY_V1,PEAK_DURATION_S29_I17_T300,LOCAL_WINDOW_HPP_BASE_STATIONARY_EXTENSION,11,29,17,300,OP_PEAK_DURATION_BASE_S29_I17_T300,9260910fb5a084a4398ce79f428d3bf16f64e0e62cd704c2a3613a8f303f4d85,TASK3_OPERATIONAL_POOLED_V1,202607290000,202609290111,202609290112,202609290113,202609290114,5000,5000,5000,409,409,0,16.012213526,26.431880256,16.8827005971,3.97132307708,20.8540236742,36,12,44,8,11,19,65,70,22.515351049,48.07513206,29.7866948799,29.9425437781,34.3136296663,24.8452354811,21.1442673484,44.7930967507,-0.0746072111999,1.02636737075,1.04322193298,RHO_GTE_ONE_FINITE_HORIZON_ONLY,PROHIBITED_RHO_GTE_ONE
1.0,TASK3_PEAK_DURATION_SENSITIVITY_EXPLORATORY_V1,PEAK_DURATION_S29_I17_T300,LOCAL_WINDOW_HPP_BASE_STATIONARY_EXTENSION,12,29,17,300,OP_PEAK_DURATION_BASE_S29_I17_T300,9260910fb5a084a4398ce79f428d3bf16f64e0e62cd704c2a3613a8f303f4d85,TASK3_OPERATIONAL_POOLED_V1,202607290000,202609290121,202609290122,202609290123,202609290124,5000,5000,5000,423,423,0,11.1777366074,23.062614714,11.2655975544,2.91127909288,14.1768766473,29,8,33,25,5,30,76,84,24.255310091,57.775908702,13.1583234252,24.8680670808,27.9356219873,23.964261629,28.7028876234,1.08684014057,0.100617743149,1.02636737075,1.04322193298,RHO_GTE_ONE_FINITE_HORIZON_ONLY,PROHIBITED_RHO_GTE_ONE
1.0,TASK3_PEAK_DURATION_SENSITIVITY_EXPLORATORY_V1,PEAK_DURATION_S29_I17_T300,LOCAL_WINDOW_HPP_BASE_STATIONARY_EXTENSION,13,29,17,300,OP_PEAK_DURATION_BASE_S29_I17_T300,9260910fb5a084a4398ce79f428d3bf16f64e0e62cd704c2a3613a8f303f4d85,TASK3_OPERATIONAL_POOLED_V1,202607290000,202609290131,202609290132,202609290133,202609290134,5000,5000,5000,455,455,0,30.4797561892,49.684902654,36.2524786983,4.22293372759,40.4754124259,63,11,68,55,7,62,108,87,50.218985512,82.370964356,63.002702098,58.4657793328,55.2362289894,54.99058926,62.3558569594,62.3868915904,-0.0158962678331,1.02636737075,1.04322193298,RHO_GTE_ONE_FINITE_HORIZON_ONLY,PROHIBITED_RHO_GTE_ONE
1.0,TASK3_PEAK_DURATION_SENSITIVITY_EXPLORATORY_V1,PEAK_DURATION_S29_I17_T300,LOCAL_WINDOW_HPP_BASE_STATIONARY_EXTENSION,14,29,17,300,OP_PEAK_DURATION_BASE_S29_I17_T300,9260910fb5a084a4398ce79f428d3bf16f64e0e62cd704c2a3613a8f303f4d85,TASK3_OPERATIONAL_POOLED_V1,202607290000,202609290141,202609290142,202609290143,202609290144,5000,5000,5000,374,374,0,4.7125921912,10.91258883,3.90116878063,1.91199695241,5.81316573304,17,7,19,0,5,5,40,63,8.211295523,33.71948482,3.53711670187,8.11830631963,12.7543540184,8.12898668923,4.82756465913,5.52958346455,0.00863858761378,1.02636737075,1.04322193298,RHO_GTE_ONE_FINITE_HORIZON_ONLY,PROHIBITED_RHO_GTE_ONE
1.0,TASK3_PEAK_DURATION_SENSITIVITY_EXPLORATORY_V1,PEAK_DURATION_S29_I17_T300,LOCAL_WINDOW_HPP_BASE_STATIONARY_EXTENSION,15,29,17,300,OP_PEAK_DURATION_BASE_S29_I17_T300,9260910fb5a084a4398ce79f428d3bf16f64e0e62cd704c2a3613a8f303f4d85,TASK3_OPERATIONAL_POOLED_V1,202607290000,202609290151,202609290152,202609290153,202609290154,5000,5000,5000,386,386,0,5.14764280164,15.595418248,4.4694383927,1.67140740185,6.14084579455,22,6,24,4,5,9,55,67,17.422638058,42.169131789,5.4649010492,4.7135769836,12.362460688,19.1733487227,12.3588212776,-10.3710874026,0.0941587073193,1.02636737075,1.04322193298,RHO_GTE_ONE_FINITE_HORIZON_ONLY,PROHIBITED_RHO_GTE_ONE
1.0,TASK3_PEAK_DURATION_SENSITIVITY_EXPLORATORY_V1,PEAK_DURATION_S29_I17_T300,LOCAL_WINDOW_HPP_BASE_STATIONARY_EXTENSION,16,29,17,300,OP_PEAK_DURATION_BASE_S29_I17_T300,9260910fb5a084a4398ce79f428d3bf16f64e0e62cd704c2a3613a8f303f4d85,TASK3_OPERATIONAL_POOLED_V1,202607290000,202609290161,202609290162,202609290163,202609290164,5000,5000,5000,401,401,0,4.31584960415,15.43639758,3.1374725423,1.54678084286,4.68425338516,21,7,26,20,5,25,71,95,18.510201667,53.422708657,4.05007359533,6.7497581277,4.20325205933,9.52513472173,18.5688443608,-15.2402760208,0.106043060417,1.02636737075,1.04322193298,RHO_GTE_ONE_FINITE_HORIZON_ONLY,PROHIBITED_RHO_GTE_ONE
1.0,TASK3_PEAK_DURATION_SENSITIVITY_EXPLORATORY_V1,PEAK_DURATION_S29_I17_T300,LOCAL_WINDOW_HPP_BASE_STATIONARY_EXTENSION,17,29,17,300,OP_PEAK_DURATION_BASE_S29_I17_T300,9260910fb5a084a4398ce79f428d3bf16f64e0e62cd704c2a3613a8f303f4d85,TASK3_OPERATIONAL_POOLED_V1,202607290000,202609290171,202609290172,202609290173,202609290174,5000,5000,5000,429,429,0,15.4766801884,32.124680416,15.1329309078,4.12704280245,19.2599737103,38,11,46,37,6,43,89,80,34.460825175,66.231252419,16.0261762759,20.1959550187,33.2517787648,37.0441213744,40.2440802866,-19.6105584389,0.217613247924,1.02636737075,1.04322193298,RHO_GTE_ONE_FINITE_HORIZON_ONLY,PROHIBITED_RHO_GTE_ONE
1.0,TASK3_PEAK_DURATION_SENSITIVITY_EXPLORATORY_V1,PEAK_DURATION_S29_I17_T300,LOCAL_WINDOW_HPP_BASE_STATIONARY_EXTENSION,18,29,17,300,OP_PEAK_DURATION_BASE_S29_I17_T300,9260910fb5a084a4398ce79f428d3bf16f64e0e62cd704c2a3613a8f303f4d85,TASK3_OPERATIONAL_POOLED_V1,202607290000,202609290181,202609290182,202609290183,202609290184,5000,5000,5000,419,419,0,13.2115467791,24.248492644,13.8675454267,2.88535355232,16.752898979,30,8,34,26,5,31,77,77,24.862486227,58.22227247,21.3627495135,27.2921570937,29.0575655079,28.2950723095,28.9161146222,14.9024977344,0.0536988181111,1.02636737075,1.04322193298,RHO_GTE_ONE_FINITE_HORIZON_ONLY,PROHIBITED_RHO_GTE_ONE
1.0,TASK3_PEAK_DURATION_SENSITIVITY_EXPLORATORY_V1,PEAK_DURATION_S29_I17_T300,LOCAL_WINDOW_HPP_BASE_STATIONARY_EXTENSION,19,29,17,300,OP_PEAK_DURATION_BASE_S29_I17_T300,9260910fb5a084a4398ce79f428d3bf16f64e0e62cd704c2a3613a8f303f4d85,TASK3_OPERATIONAL_POOLED_V1,202607290000,202609290191,202609290192,202609290193,202609290194,5000,5000,5000,445,445,0,14.4708901825,35.265627085,14.5598253281,2.91948668601,17.4793120142,50,9,54,49,5,54,100,101,39.526817618,75.003366816,14.4994315356,20.4882943076,29.7447395017,36.1780857438,45.413350842,-28.8734421506,0.258392100164,1.02636737075,1.04322193298,RHO_GTE_ONE_FINITE_HORIZON_ONLY,PROHIBITED_RHO_GTE_ONE
1.0,TASK3_PEAK_DURATION_SENSITIVITY_EXPLORATORY_V1,PEAK_DURATION_S29_I17_T300,LOCAL_WINDOW_HPP_BASE_STATIONARY_EXTENSION,20,29,17,300,OP_PEAK_DURATION_BASE_S29_I17_T300,9260910fb5a084a4398ce79f428d3bf16f64e0e62cd704c2a3613a8f303f4d85,TASK3_OPERATIONAL_POOLED_V1,202607290000,202609290201,202609290202,202609290203,202609290204,5000,5000,5000,418,418,0,11.3080206999,20.633620063,11.4173156744,3.01575709748,14.4330727719,27,9,30,18,7,25,71,86,21.889821553,54.73753088,21.2866183039,17.8620986707,15.5352425297,22.0875531612,25.7574964413,10.6303937475,0.0438907025504,1.02636737075,1.04322193298,RHO_GTE_ONE_FINITE_HORIZON_ONLY,PROHIBITED_RHO_GTE_ONE
1.0,TASK3_PEAK_DURATION_SENSITIVITY_EXPLORATORY_V1,PEAK_DURATION_S29_I17_T300,LOCAL_WINDOW_HPP_BASE_STATIONARY_EXTENSION,21,29,17,300,OP_PEAK_DURATION_BASE_S29_I17_T300,9260910fb5a084a4398ce79f428d3bf16f64e0e62cd704c2a3613a8f303f4d85,TASK3_OPERATIONAL_POOLED_V1,202607290000,202609290211,202609290212,202609290213,202609290214,5000,5000,5000,417,417,0,9.79508022171,25.295962903,10.1403298389,1.42796710871,11.5682969476,35,6,37,35,2,37,83,82,27.263936316,62.625136936,1.5418170298,13.9192338479,23.9913318537,30.0882737456,30.06100142,-34.9852249292,0.244024695594,1.02636737075,1.04322193298,RHO_GTE_ONE_FINITE_HORIZON_ONLY,PROHIBITED_RHO_GTE_ONE
1.0,TASK3_PEAK_DURATION_SENSITIVITY_EXPLORATORY_V1,PEAK_DURATION_S29_I17_T300,LOCAL_WINDOW_HPP_BASE_STATIONARY_EXTENSION,22,29,17,300,OP_PEAK_DURATION_BASE_S29_I17_T300,9260910fb5a084a4398ce79f428d3bf16f64e0e62cd704c2a3613a8f303f4d85,TASK3_OPERATIONAL_POOLED_V1,202607290000,202609290221,202609290222,202609290223,202609290224,5000,5000,5000,410,410,0,9.35203377884,18.35986525,8.64428289115,3.04511758267,11.6894004738,23,9,28,16,6,22,68,83,20.875335062,51.67567051,15.4277561594,14.1683973625,16.5557816304,19.0390927257,23.9335592672,1.4131912448,0.0729410052633,1.02636737075,1.04322193298,RHO_GTE_ONE_FINITE_HORIZON_ONLY,PROHIBITED_RHO_GTE_ONE
1.0,TASK3_PEAK_DURATION_SENSITIVITY_EXPLORATORY_V1,PEAK_DURATION_S29_I17_T300,LOCAL_WINDOW_HPP_BASE_STATIONARY_EXTENSION,23,29,17,300,OP_PEAK_DURATION_BASE_S29_I17_T300,9260910fb5a084a4398ce79f428d3bf16f64e0e62cd704c2a3613a8f303f4d85,TASK3_OPERATIONAL_POOLED_V1,202607290000,202609290231,202609290232,202609290233,202609290234,5000,5000,5000,439,439,0,22.5519969482,37.946781119,24.4193505095,5.22871085608,29.6480613655,46,14,53,34,12,46,92,85,39.425913056,69.597289143,31.2587293663,40.3914573807,41.6625972742,46.4976591666,47.8654391961,12.0454603926,0.131065404818,1.02636737075,1.04322193298,RHO_GTE_ONE_FINITE_HORIZON_ONLY,PROHIBITED_RHO_GTE_ONE
1.0,TASK3_PEAK_DURATION_SENSITIVITY_EXPLORATORY_V1,PEAK_DURATION_S29_I17_T300,LOCAL_WINDOW_HPP_BASE_STATIONARY_EXTENSION,24,29,17,300,OP_PEAK_DURATION_BASE_S29_I17_T300,9260910fb5a084a4398ce79f428d3bf16f64e0e62cd704c2a3613a8f303f4d85,TASK3_OPERATIONAL_POOLED_V1,202607290000,202609290241,202609290242,202609290243,202609290244,5000,5000,5000,412,412,0,5.7930136893,12.11236148,4.25024147547,2.76922558435,7.01946705982,18,8,21,18,3,21,67,92,14.525746045,50.500063262,8.94908163393,4.9067974449,6.2009552037,7.28090596993,12.3698992237,1.02972011677,0.0307191456821,1.02636737075,1.04322193298,RHO_GTE_ONE_FINITE_HORIZON_ONLY,PROHIBITED_RHO_GTE_ONE
1.0,TASK3_PEAK_DURATION_SENSITIVITY_EXPLORATORY_V1,PEAK_DURATION_S29_I17_T300,LOCAL_WINDOW_HPP_BASE_STATIONARY_EXTENSION,25,29,17,300,OP_PEAK_DURATION_BASE_S29_I17_T300,9260910fb5a084a4398ce79f428d3bf16f64e0e62cd704c2a3613a8f303f4d85,TASK3_OPERATIONAL_POOLED_V1,202607290000,202609290251,202609290252,202609290253,202609290254,5000,5000,5000,424,424,0,15.1287675272,26.555972598,15.5094978186,3.59825743377,19.1077552524,34,10,39,30,7,37,83,86,26.500480434,62.679405097,29.0155524066,32.8191527444,30.1429951129,24.6805095512,28.1682272374,36.3402575591,-0.032777645105,1.02636737075,1.04322193298,RHO_GTE_ONE_FINITE_HORIZON_ONLY,PROHIBITED_RHO_GTE_ONE
1.0,TASK3_PEAK_DURATION_SENSITIVITY_EXPLORATORY_V1,PEAK_DURATION_S29_I17_T300,LOCAL_WINDOW_HPP_BASE_STATIONARY_EXTENSION,26,29,17,300,OP_PEAK_DURATION_BASE_S29_I17_T300,9260910fb5a084a4398ce79f428d3bf16f64e0e62cd704c2a3613a8f303f4d85,TASK3_OPERATIONAL_POOLED_V1,202607290000,202609290261,202609290262,202609290263,202609290264,5000,5000,5000,419,419,0,12.6690604057,24.376808429,13.5106453326,2.56579949348,16.0764448261,33,10,38,25,6,31,77,81,27.435764634,58.033691652,16.1535537623,22.0116305687,25.6723166686,26.4761640452,32.2869964158,-3.02843179555,0.122438062612,1.02636737075,1.04322193298,RHO_GTE_ONE_FINITE_HORIZON_ONLY,PROHIBITED_RHO_GTE_ONE
1.0,TASK3_PEAK_DURATION_SENSITIVITY_EXPLORATORY_V1,PEAK_DURATION_S29_I17_T300,LOCAL_WINDOW_HPP_BASE_STATIONARY_EXTENSION,27,29,17,300,OP_PEAK_DURATION_BASE_S29_I17_T300,9260910fb5a084a4398ce79f428d3bf16f64e0e62cd704c2a3613a8f303f4d85,TASK3_OPERATIONAL_POOLED_V1,202607290000,202609290271,202609290272,202609290273,202609290274,5000,5000,5000,410,410,0,6.24512169256,11.51007781,5.19312467286,2.72918182088,7.92230649374,19,8,21,15,2,17,63,94,14.375471245,47.952570623,11.7962016029,7.8514173216,5.0638982171,6.20682945793,13.2338573293,7.90739809382,0.00410241196422,1.02636737075,1.04322193298,RHO_GTE_ONE_FINITE_HORIZON_ONLY,PROHIBITED_RHO_GTE_ONE
1.0,TASK3_PEAK_DURATION_SENSITIVITY_EXPLORATORY_V1,PEAK_DURATION_S29_I17_T300,LOCAL_WINDOW_HPP_BASE_STATIONARY_EXTENSION,28,29,17,300,OP_PEAK_DURATION_BASE_S29_I17_T300,9260910fb5a084a4398ce79f428d3bf16f64e0e62cd704c2a3613a8f303f4d85,TASK3_OPERATIONAL_POOLED_V1,202607290000,202609290281,202609290282,202609290283,202609290284,5000,5000,5000,392,392,0,4.34152976575,13.015101612,3.27840568826,1.6169566803,4.89536236856,17,8,22,14,4,18,64,91,14.133823725,48.526701943,4.2101201499,7.83563508577,5.36119951413,8.85916804043,16.149402188,-10.1934677775,0.0830069901031,1.02636737075,1.04322193298,RHO_GTE_ONE_FINITE_HORIZON_ONLY,PROHIBITED_RHO_GTE_ONE
1.0,TASK3_PEAK_DURATION_SENSITIVITY_EXPLORATORY_V1,PEAK_DURATION_S29_I17_T300,LOCAL_WINDOW_HPP_BASE_STATIONARY_EXTENSION,29,29,17,300,OP_PEAK_DURATION_BASE_S29_I17_T300,9260910fb5a084a4398ce79f428d3bf16f64e0e62cd704c2a3613a8f303f4d85,TASK3_OPERATIONAL_POOLED_V1,202607290000,202609290291,202609290292,202609290293,202609290294,5000,5000,5000,424,424,0,12.191232366,25.769451046,11.258154509,4.09780060273,15.3559551117,34,10,38,25,6,31,77,90,28.670717853,59.635829532,14.4266904641,18.6662766312,20.0730762829,28.9853793723,31.8104164486,-11.0225481928,0.1502885157,1.02636737075,1.04322193298,RHO_GTE_ONE_FINITE_HORIZON_ONLY,PROHIBITED_RHO_GTE_ONE
1.0,TASK3_PEAK_DURATION_SENSITIVITY_EXPLORATORY_V1,PEAK_DURATION_S29_I17_T300,LOCAL_WINDOW_HPP_BASE_STATIONARY_EXTENSION,30,29,17,300,OP_PEAK_DURATION_BASE_S29_I17_T300,9260910fb5a084a4398ce79f428d3bf16f64e0e62cd704c2a3613a8f303f4d85,TASK3_OPERATIONAL_POOLED_V1,202607290000,202609290301,202609290302,202609290303,202609290304,5000,5000,5000,408,408,0,5.15648815486,16.138307549,4.45730135339,1.47543162225,5.93273297564,24,7,26,23,2,25,71,100,18.354930531,54.937186002,2.70291518207,3.07170057727,6.88471129447,8.43384423813,20.1395245859,-21.9299826758,0.134117874895,1.02636737075,1.04322193298,RHO_GTE_ONE_FINITE_HORIZON_ONLY,PROHIBITED_RHO_GTE_ONE
1.0,TASK3_PEAK_DURATION_SENSITIVITY_EXPLORATORY_V1,PEAK_DURATION_S29_I17_T300,LOCAL_WINDOW_HPP_BASE_STATIONARY_EXTENSION,31,29,17,300,OP_PEAK_DURATION_BASE_S29_I17_T300,9260910fb5a084a4398ce79f428d3bf16f64e0e62cd704c2a3613a8f303f4d85,TASK3_OPERATIONAL_POOLED_V1,202607290000,202609290311,202609290312,202609290313,202609290314,5000,5000,5000,425,425,0,11.7910611754,28.723593789,11.9365029301,2.79009344989,14.72659638,35,9,41,27,6,33,79,95,30.131922334,60.5692332,19.6733610182,18.8649494624,18.5359234628,23.9814671389,37.1304810813,-6.38583191926,0.133435859342,1.02636737075,1.04322193298,RHO_GTE_ONE_FINITE_HORIZON_ONLY,PROHIBITED_RHO_GTE_ONE
1.0,TASK3_PEAK_DURATION_SENSITIVITY_EXPLORATORY_V1,PEAK_DURATION_S29_I17_T300,LOCAL_WINDOW_HPP_BASE_STATIONARY_EXTENSION,32,29,17,300,OP_PEAK_DURATION_BASE_S29_I17_T300,9260910fb5a084a4398ce79f428d3bf16f64e0e62cd704c2a3613a8f303f4d85,TASK3_OPERATIONAL_POOLED_V1,202607290000,202609290321,202609290322,202609290323,202609290324,5000,5000,5000,395,395,0,3.6067355171,10.41186108,2.67647778601,1.45517988288,4.13165766889,15,8,17,11,6,17,63,86,12.045089993,47.266319038,2.9903402163,3.76773257233,3.44821547987,9.09456884547,12.8737360982,-12.3853023852,0.0836454267896,1.02636737075,1.04322193298,RHO_GTE_ONE_FINITE_HORIZON_ONLY,PROHIBITED_RHO_GTE_ONE
1.0,TASK3_PEAK_DURATION_SENSITIVITY_EXPLORATORY_V1,PEAK_DURATION_S29_I17_T300,LOCAL_WINDOW_HPP_BASE_STATIONARY_EXTENSION,33,29,17,300,OP_PEAK_DURATION_BASE_S29_I17_T300,9260910fb5a084a4398ce79f428d3bf16f64e0e62cd704c2a3613a8f303f4d85,TASK3_OPERATIONAL_POOLED_V1,202607290000,202609290331,202609290332,202609290333,202609290334,5000,5000,5000,428,428,0,16.4520138409,29.473517164,17.0521795643,4.29265533214,21.3448348964,36,11,41,28,7,35,81,74,30.321630696,61.20486254,21.4802661593,24.7866017739,34.6223694951,37.1664536242,32.5012682572,4.29499982738,0.114739520154,1.02636737075,1.04322193298,RHO_GTE_ONE_FINITE_HORIZON_ONLY,PROHIBITED_RHO_GTE_ONE
1.0,TASK3_PEAK_DURATION_SENSITIVITY_EXPLORATORY_V1,PEAK_DURATION_S29_I17_T300,LOCAL_WINDOW_HPP_BASE_STATIONARY_EXTENSION,34,29,17,300,OP_PEAK_DURATION_BASE_S29_I17_T300,9260910fb5a084a4398ce79f428d3bf16f64e0e62cd704c2a3613a8f303f4d85,TASK3_OPERATIONAL_POOLED_V1,202607290000,202609290341,202609290342,202609290343,202609290344,5000,5000,5000,426,426,0,8.94374947708,23.710365436,6.87029101272,3.80738167912,10.6776726918,28,9,35,26,8,34,80,94,25.815749398,60.761170524,9.6491910041,10.7355459162,15.5009857484,17.4113142334,28.1368948824,-16.4515956984,0.145503920246,1.02636737075,1.04322193298,RHO_GTE_ONE_FINITE_HORIZON_ONLY,PROHIBITED_RHO_GTE_ONE
1.0,TASK3_PEAK_DURATION_SENSITIVITY_EXPLORATORY_V1,PEAK_DURATION_S29_I17_T300,LOCAL_WINDOW_HPP_BASE_STATIONARY_EXTENSION,35,29,17,300,OP_PEAK_DURATION_BASE_S29_I17_T300,9260910fb5a084a4398ce79f428d3bf16f64e0e62cd704c2a3613a8f303f4d85,TASK3_OPERATIONAL_POOLED_V1,202607290000,202609290351,202609290352,202609290353,202609290354,5000,5000,5000,451,451,0,17.1099523713,36.497356488,16.6179827696,4.31421427297,20.9321970425,50,10,58,48,10,58,104,108,42.233254498,78.626071916,21.8364104441,23.3608967591,27.2049066723,30.3267639067,45.5552779978,-11.1458505353,0.18134534085,1.02636737075,1.04322193298,RHO_GTE_ONE_FINITE_HORIZON_ONLY,PROHIBITED_RHO_GTE_ONE
1.0,TASK3_PEAK_DURATION_SENSITIVITY_EXPLORATORY_V1,PEAK_DURATION_S29_I17_T300,LOCAL_WINDOW_HPP_BASE_STATIONARY_EXTENSION,36,29,17,300,OP_PEAK_DURATION_BASE_S29_I17_T300,9260910fb5a084a4398ce79f428d3bf16f64e0e62cd704c2a3613a8f303f4d85,TASK3_OPERATIONAL_POOLED_V1,202607290000,202609290361,202609290362,202609290363,202609290364,5000,5000,5000,414,414,0,8.73832798155,17.045355613,7.01260181849,3.92543663873,10.9380384572,19,10,25,12,9,21,67,78,18.477069754,51.043401001,7.88195954377,14.0474984097,19.0442056191,21.4999055269,17.7242579219,-4.31318750084,0.0904566795783,1.02636737075,1.04322193298,RHO_GTE_ONE_FINITE_HORIZON_ONLY,PROHIBITED_RHO_GTE_ONE
1.0,TASK3_PEAK_DURATION_SENSITIVITY_EXPLORATORY_V1,PEAK_DURATION_S29_I17_T300,LOCAL_WINDOW_HPP_BASE_STATIONARY_EXTENSION,37,29,17,300,OP_PEAK_DURATION_BASE_S29_I17_T300,9260910fb5a084a4398ce79f428d3bf16f64e0e62cd704c2a3613a8f303f4d85,TASK3_OPERATIONAL_POOLED_V1,202607290000,202609290371,202609290372,202609290373,202609290374,5000,5000,5000,408,408,0,9.11436819289,17.704669414,6.55959202877,4.7323767091,11.2919687379,22,11,27,9,11,20,66,87,17.450595349,49.776005819,7.9620857819,8.9708832047,9.1159212362,10.6045220579,18.9216106235,-6.54951182142,0.0785089617878,1.02636737075,1.04322193298,RHO_GTE_ONE_FINITE_HORIZON_ONLY,PROHIBITED_RHO_GTE_ONE
1.0,TASK3_PEAK_DURATION_SENSITIVITY_EXPLORATORY_V1,PEAK_DURATION_S29_I17_T300,LOCAL_WINDOW_HPP_BASE_STATIONARY_EXTENSION,38,29,17,300,OP_PEAK_DURATION_BASE_S29_I17_T300,9260910fb5a084a4398ce79f428d3bf16f64e0e62cd704c2a3613a8f303f4d85,TASK3_OPERATIONAL_POOLED_V1,202607290000,202609290381,202609290382,202609290383,202609290384,5000,5000,5000,406,406,0,8.29389178536,18.056658747,7.68450229501,2.69102693437,10.3755292294,21,8,25,12,6,18,64,75,19.37884613,48.670093102,8.5122296739,14.5215293224,20.4033930498,21.9369605435,21.6059934231,-7.80619783706,0.112009862398,1.02636737075,1.04322193298,RHO_GTE_ONE_FINITE_HORIZON_ONLY,PROHIBITED_RHO_GTE_ONE
1.0,TASK3_PEAK_DURATION_SENSITIVITY_EXPLORATORY_V1,PEAK_DURATION_S29_I17_T300,LOCAL_WINDOW_HPP_BASE_STATIONARY_EXTENSION,39,29,17,300,OP_PEAK_DURATION_BASE_S29_I17_T300,9260910fb5a084a4398ce79f428d3bf16f64e0e62cd704c2a3613a8f303f4d85,TASK3_OPERATIONAL_POOLED_V1,202607290000,202609290391,202609290392,202609290393,202609290394,5000,5000,5000,388,388,0,4.49427059803,13.043086168,3.85912164517,1.22123184153,5.08035348671,20,7,20,16,3,19,65,90,14.394442507,50.452148251,12.2438946444,8.0150868007,2.83674852487,0.832884751333,9.39478237597,16.3249993592,-0.0429347552877,1.02636737075,1.04322193298,RHO_GTE_ONE_FINITE_HORIZON_ONLY,PROHIBITED_RHO_GTE_ONE
1.0,TASK3_PEAK_DURATION_SENSITIVITY_EXPLORATORY_V1,PEAK_DURATION_S29_I17_T300,LOCAL_WINDOW_HPP_BASE_STATIONARY_EXTENSION,40,29,17,300,OP_PEAK_DURATION_BASE_S29_I17_T300,9260910fb5a084a4398ce79f428d3bf16f64e0e62cd704c2a3613a8f303f4d85,TASK3_OPERATIONAL_POOLED_V1,202607290000,202609290401,202609290402,202609290403,202609290404,5000,5000,5000,399,399,0,4.10601129257,13.005081994,3.12223632477,1.54872240744,4.67095873221,18,7,20,16,4,20,66,89,14.457362079,49.480204171,0.380582742567,2.79969047227,5.08675315677,13.8138598303,15.3181031156,-23.1871097146,0.136297367014,1.02636737075,1.04322193298,RHO_GTE_ONE_FINITE_HORIZON_ONLY,PROHIBITED_RHO_GTE_ONE
1.0,TASK3_PEAK_DURATION_SENSITIVITY_EXPLORATORY_V1,PEAK_DURATION_S29_I17_T300,LOCAL_WINDOW_HPP_BASE_STATIONARY_EXTENSION,41,29,17,300,OP_PEAK_DURATION_BASE_S29_I17_T300,9260910fb5a084a4398ce79f428d3bf16f64e0e62cd704c2a3613a8f303f4d85,TASK3_OPERATIONAL_POOLED_V1,202607290000,202609290411,202609290412,202609290413,202609290414,5000,5000,5000,416,416,0,15.5928614126,20.662546307,14.9893862415,5.29947028303,20.2888565245,29,14,30,13,10,23,69,74,20.520363002,52.353707909,24.0033806467,19.6049500648,22.5594520049,24.0361286513,23.5021518155,20.1696719436,0.011429069747,1.02636737075,1.04322193298,RHO_GTE_ONE_FINITE_HORIZON_ONLY,PROHIBITED_RHO_GTE_ONE
1.0,TASK3_PEAK_DURATION_SENSITIVITY_EXPLORATORY_V1,PEAK_DURATION_S29_I17_T300,LOCAL_WINDOW_HPP_BASE_STATIONARY_EXTENSION,42,29,17,300,OP_PEAK_DURATION_BASE_S29_I17_T300,9260910fb5a084a4398ce79f428d3bf16f64e0e62cd704c2a3613a8f303f4d85,TASK3_OPERATIONAL_POOLED_V1,202607290000,202609290421,202609290422,202609290423,202609290424,5000,5000,5000,403,403,0,5.6850406184,20.888287542,5.46628767627,1.32711378065,6.79340145692,29,9,31,19,3,22,68,89,23.250940816,51.559222054,2.48697922297,1.07473375327,4.80872013217,21.2422584612,25.0079718051,-37.9829997293,0.217365032908,1.02636737075,1.04322193298,RHO_GTE_ONE_FINITE_HORIZON_ONLY,PROHIBITED_RHO_GTE_ONE
1.0,TASK3_PEAK_DURATION_SENSITIVITY_EXPLORATORY_V1,PEAK_DURATION_S29_I17_T300,LOCAL_WINDOW_HPP_BASE_STATIONARY_EXTENSION,43,29,17,300,OP_PEAK_DURATION_BASE_S29_I17_T300,9260910fb5a084a4398ce79f428d3bf16f64e0e62cd704c2a3613a8f303f4d85,TASK3_OPERATIONAL_POOLED_V1,202607290000,202609290431,202609290432,202609290433,202609290434,5000,5000,5000,407,407,0,9.86812470136,15.773681353,9.80498913285,2.89103330524,12.6960224381,21,8,23,9,6,15,61,85,14.755759717,45.547394869,17.8994097508,19.2863794424,15.5445461319,6.651732919,16.158237057,27.1958049935,-0.0537233063701,1.02636737075,1.04322193298,RHO_GTE_ONE_FINITE_HORIZON_ONLY,PROHIBITED_RHO_GTE_ONE
1.0,TASK3_PEAK_DURATION_SENSITIVITY_EXPLORATORY_V1,PEAK_DURATION_S29_I17_T300,LOCAL_WINDOW_HPP_BASE_STATIONARY_EXTENSION,44,29,17,300,OP_PEAK_DURATION_BASE_S29_I17_T300,9260910fb5a084a4398ce79f428d3bf16f64e0e62cd704c2a3613a8f303f4d85,TASK3_OPERATIONAL_POOLED_V1,202607290000,202609290441,202609290442,202609290443,202609290444,5000,5000,5000,366,366,0,1.07095779465,3.970177042,0.535694278777,0.696184754707,1.23187903348,7,6,7,2,0,2,42,70,3.707505027,35.028383565,3.1916465658,1.35020548413,0.615208591267,0.1545840843,0.896746935667,5.58074382731,-0.0192847355337,1.02636737075,1.04322193298,RHO_GTE_ONE_FINITE_HORIZON_ONLY,PROHIBITED_RHO_GTE_ONE
1.0,TASK3_PEAK_DURATION_SENSITIVITY_EXPLORATORY_V1,PEAK_DURATION_S29_I17_T300,LOCAL_WINDOW_HPP_BASE_STATIONARY_EXTENSION,45,29,17,300,OP_PEAK_DURATION_BASE_S29_I17_T300,9260910fb5a084a4398ce79f428d3bf16f64e0e62cd704c2a3613a8f303f4d85,TASK3_OPERATIONAL_POOLED_V1,202607290000,202609290451,202609290452,202609290453,202609290454,5000,5000,5000,399,399,0,3.74892378506,7.7204711,2.8462344333,1.7709007678,4.6171352011,14,6,14,6,4,10,56,84,8.12429005,41.435147802,4.0401326029,5.5215936591,4.5449334915,4.53679303763,8.67437398153,-0.749196247317,0.027612273786,1.02636737075,1.04322193298,RHO_GTE_ONE_FINITE_HORIZON_ONLY,PROHIBITED_RHO_GTE_ONE
1.0,TASK3_PEAK_DURATION_SENSITIVITY_EXPLORATORY_V1,PEAK_DURATION_S29_I17_T300,LOCAL_WINDOW_HPP_BASE_STATIONARY_EXTENSION,46,29,17,300,OP_PEAK_DURATION_BASE_S29_I17_T300,9260910fb5a084a4398ce79f428d3bf16f64e0e62cd704c2a3613a8f303f4d85,TASK3_OPERATIONAL_POOLED_V1,202607290000,202609290461,202609290462,202609290463,202609290464,5000,5000,5000,452,452,0,20.0226074177,46.871778266,21.66587267,3.32554348512,24.9914161551,59,9,64,53,7,60,106,90,47.976489334,81.078130234,24.5015536749,37.1140511291,39.218632288,54.5925212096,60.1766878099,-23.5008645406,0.296095794502,1.02636737075,1.04322193298,RHO_GTE_ONE_FINITE_HORIZON_ONLY,PROHIBITED_RHO_GTE_ONE
1.0,TASK3_PEAK_DURATION_SENSITIVITY_EXPLORATORY_V1,PEAK_DURATION_S29_I17_T300,LOCAL_WINDOW_HPP_BASE_STATIONARY_EXTENSION,47,29,17,300,OP_PEAK_DURATION_BASE_S29_I17_T300,9260910fb5a084a4398ce79f428d3bf16f64e0e62cd704c2a3613a8f303f4d85,TASK3_OPERATIONAL_POOLED_V1,202607290000,202609290471,202609290472,202609290473,202609290474,5000,5000,5000,385,385,0,6.18397700141,10.774846622,3.81599900429,4.01561303354,7.83161203783,13,11,17,0,3,3,44,72,8.325079657,34.574566537,11.8546936217,9.71765984583,8.32214028387,8.66015026977,6.59388923623,17.7140454117,-0.0385970611567,1.02636737075,1.04322193298,RHO_GTE_ONE_FINITE_HORIZON_ONLY,PROHIBITED_RHO_GTE_ONE
1.0,TASK3_PEAK_DURATION_SENSITIVITY_EXPLORATORY_V1,PEAK_DURATION_S29_I17_T300,LOCAL_WINDOW_HPP_BASE_STATIONARY_EXTENSION,48,29,17,300,OP_PEAK_DURATION_BASE_S29_I17_T300,9260910fb5a084a4398ce79f428d3bf16f64e0e62cd704c2a3613a8f303f4d85,TASK3_OPERATIONAL_POOLED_V1,202607290000,202609290481,202609290482,202609290483,202609290484,5000,5000,5000,416,416,0,9.95234266704,20.037910377,9.63856114686,2.9772841071,12.615845254,26,9,30,16,7,23,69,83,19.353065026,52.363172739,23.2718886511,24.8691629189,18.1035021283,16.0519180498,22.8196018895,28.3145785218,-0.0324060613079,1.02636737075,1.04322193298,RHO_GTE_ONE_FINITE_HORIZON_ONLY,PROHIBITED_RHO_GTE_ONE
1.0,TASK3_PEAK_DURATION_SENSITIVITY_EXPLORATORY_V1,PEAK_DURATION_S29_I17_T300,LOCAL_WINDOW_HPP_BASE_STATIONARY_EXTENSION,49,29,17,300,OP_PEAK_DURATION_BASE_S29_I17_T300,9260910fb5a084a4398ce79f428d3bf16f64e0e62cd704c2a3613a8f303f4d85,TASK3_OPERATIONAL_POOLED_V1,202607290000,202609290491,202609290492,202609290493,202609290494,5000,5000,5000,423,423,0,16.016577212,26.483377783,17.3919322957,3.19762379762,20.5895560933,33,9,39,26,7,33,79,87,28.761882925,60.171138382,21.9108447557,22.7831267819,22.8778843787,29.8002374641,34.3295626426,2.44942136258,0.10618182152,1.02636737075,1.04322193298,RHO_GTE_ONE_FINITE_HORIZON_ONLY,PROHIBITED_RHO_GTE_ONE
1.0,TASK3_PEAK_DURATION_SENSITIVITY_EXPLORATORY_V1,PEAK_DURATION_S29_I17_T300,LOCAL_WINDOW_HPP_BASE_STATIONARY_EXTENSION,50,29,17,300,OP_PEAK_DURATION_BASE_S29_I17_T300,9260910fb5a084a4398ce79f428d3bf16f64e0e62cd704c2a3613a8f303f4d85,TASK3_OPERATIONAL_POOLED_V1,202607290000,202609290501,202609290502,202609290503,202609290504,5000,5000,5000,414,414,0,10.1683074772,22.95330834,9.25953859226,3.06654505191,12.3260836442,27,10,33,25,6,31,77,88,24.143574634,57.923700743,12.906886338,15.110155144,14.7788358785,25.6529509003,28.4168890933,-11.7989574793,0.138542670889,1.02636737075,1.04322193298,RHO_GTE_ONE_FINITE_HORIZON_ONLY,PROHIBITED_RHO_GTE_ONE
1.0,TASK3_PEAK_DURATION_SENSITIVITY_EXPLORATORY_V1,PEAK_DURATION_S29_I17_T900,LOCAL_WINDOW_HPP_BASE_STATIONARY_EXTENSION,1,29,17,900,OP_PEAK_DURATION_BASE_S29_I17_T900,aa5d09f4b4a9e7a02dcbd59ed8687ee3b1a3d5d700a05a34f3cc5e96284badcb,TASK3_OPERATIONAL_POOLED_V1,202607290000,202609290011,202609290012,202609290013,202609290014,5000,5000,5000,1193,1193,0,12.2996302928,22.672761407,8.37515793843,7.45282609643,15.8279840349,25,17,33,3,14,17,63,231,20.113316373,47.481341874,14.7409247115,27.3347672402,26.8069248462,21.7909668581,18.0306710604,20.9640817066,0.00115076923962,1.02636737075,1.04322193298,RHO_GTE_ONE_FINITE_HORIZON_ONLY,PROHIBITED_RHO_GTE_ONE
1.0,TASK3_PEAK_DURATION_SENSITIVITY_EXPLORATORY_V1,PEAK_DURATION_S29_I17_T900,LOCAL_WINDOW_HPP_BASE_STATIONARY_EXTENSION,2,29,17,900,OP_PEAK_DURATION_BASE_S29_I17_T900,aa5d09f4b4a9e7a02dcbd59ed8687ee3b1a3d5d700a05a34f3cc5e96284badcb,TASK3_OPERATIONAL_POOLED_V1,202607290000,202609290021,202609290022,202609290023,202609290024,5000,5000,5000,1216,1216,0,24.2011904675,44.286905422,21.4162285072,10.1644303549,31.5806588621,47,23,63,16,21,37,83,217,47.039484879,63.878962626,20.1609122377,25.5783414306,39.2333390011,56.339652127,47.0369040686,-25.7151409957,0.0939036603981,1.02636737075,1.04322193298,RHO_GTE_ONE_FINITE_HORIZON_ONLY,PROHIBITED_RHO_GTE_ONE
1.0,TASK3_PEAK_DURATION_SENSITIVITY_EXPLORATORY_V1,PEAK_DURATION_S29_I17_T900,LOCAL_WINDOW_HPP_BASE_STATIONARY_EXTENSION,3,29,17,900,OP_PEAK_DURATION_BASE_S29_I17_T900,aa5d09f4b4a9e7a02dcbd59ed8687ee3b1a3d5d700a05a34f3cc5e96284badcb,TASK3_OPERATIONAL_POOLED_V1,202607290000,202609290031,202609290032,202609290033,202609290034,5000,5000,5000,1156,1156,0,3.87091331263,11.395865321,2.79120175973,2.16666668662,4.95786844636,18,9,20,0,0,0,41,232,13.283532895,36.78746643,4.91948184334,6.72289020712,2.343482039,10.5737898709,2.58945510168,6.03668517705,-0.000899059799457,1.02636737075,1.04322193298,RHO_GTE_ONE_FINITE_HORIZON_ONLY,PROHIBITED_RHO_GTE_ONE
1.0,TASK3_PEAK_DURATION_SENSITIVITY_EXPLORATORY_V1,PEAK_DURATION_S29_I17_T900,LOCAL_WINDOW_HPP_BASE_STATIONARY_EXTENSION,4,29,17,900,OP_PEAK_DURATION_BASE_S29_I17_T900,aa5d09f4b4a9e7a02dcbd59ed8687ee3b1a3d5d700a05a34f3cc5e96284badcb,TASK3_OPERATIONAL_POOLED_V1,202607290000,202609290041,202609290042,202609290043,202609290044,5000,5000,5000,1202,1202,0,14.3159167703,26.502701793,10.9463823774,7.32113465406,18.2675170315,28,19,40,14,18,32,78,247,29.238032895,59.164333252,20.7224053044,21.6596563769,26.5145875229,23.6948881055,34.0707524672,3.78351341476,0.0319243622824,1.02636737075,1.04322193298,RHO_GTE_ONE_FINITE_HORIZON_ONLY,PROHIBITED_RHO_GTE_ONE
1.0,TASK3_PEAK_DURATION_SENSITIVITY_EXPLORATORY_V1,PEAK_DURATION_S29_I17_T900,LOCAL_WINDOW_HPP_BASE_STATIONARY_EXTENSION,5,29,17,900,OP_PEAK_DURATION_BASE_S29_I17_T900,aa5d09f4b4a9e7a02dcbd59ed8687ee3b1a3d5d700a05a34f3cc5e96284badcb,TASK3_OPERATIONAL_POOLED_V1,202607290000,202609290051,202609290052,202609290053,202609290054,5000,5000,5000,1184,1184,0,8.79194427176,15.705713407,6.05308491743,5.31358855649,11.3666734739,20,13,24,9,6,15,61,236,14.470463288,45.967002243,11.1344178726,9.93768419451,14.7133558979,7.80247055641,12.4926345532,10.7801978227,0.000645799692235,1.02636737075,1.04322193298,RHO_GTE_ONE_FINITE_HORIZON_ONLY,PROHIBITED_RHO_GTE_ONE
1.0,TASK3_PEAK_DURATION_SENSITIVITY_EXPLORATORY_V1,PEAK_DURATION_S29_I17_T900,LOCAL_WINDOW_HPP_BASE_STATIONARY_EXTENSION,6,29,17,900,OP_PEAK_DURATION_BASE_S29_I17_T900,aa5d09f4b4a9e7a02dcbd59ed8687ee3b1a3d5d700a05a34f3cc5e96284badcb,TASK3_OPERATIONAL_POOLED_V1,202607290000,202609290061,202609290062,202609290063,202609290064,5000,5000,5000,1187,1187,0,23.1690137295,38.822193541,20.8739332548,9.10292503651,29.9768582913,45,23,56,0,18,18,63,210,33.500901275,47.93296543,40.4167606665,50.206401361,44.9624270292,31.6021107966,22.9955602419,78.1216705793,-0.0593852126819,1.02636737075,1.04322193298,RHO_GTE_ONE_FINITE_HORIZON_ONLY,PROHIBITED_RHO_GTE_ONE
1.0,TASK3_PEAK_DURATION_SENSITIVITY_EXPLORATORY_V1,PEAK_DURATION_S29_I17_T900,LOCAL_WINDOW_HPP_BASE_STATIONARY_EXTENSION,7,29,17,900,OP_PEAK_DURATION_BASE_S29_I17_T900,aa5d09f4b4a9e7a02dcbd59ed8687ee3b1a3d5d700a05a34f3cc5e96284badcb,TASK3_OPERATIONAL_POOLED_V1,202607290000,202609290071,202609290072,202609290073,202609290074,5000,5000,5000,1267,1267,0,31.7308330269,75.575297583,31.1430405551,9.0492547897,40.1922953448,90,21,108,78,19,97,143,262,79.962861631,108.603197264,39.4406451308,53.3805594856,67.0859205305,72.5220582096,97.1993633038,-35.0684919704,0.149621038967,1.02636737075,1.04322193298,RHO_GTE_ONE_FINITE_HORIZON_ONLY,PROHIBITED_RHO_GTE_ONE
1.0,TASK3_PEAK_DURATION_SENSITIVITY_EXPLORATORY_V1,PEAK_DURATION_S29_I17_T900,LOCAL_WINDOW_HPP_BASE_STATIONARY_EXTENSION,8,29,17,900,OP_PEAK_DURATION_BASE_S29_I17_T900,aa5d09f4b4a9e7a02dcbd59ed8687ee3b1a3d5d700a05a34f3cc5e96284badcb,TASK3_OPERATIONAL_POOLED_V1,202607290000,202609290081,202609290082,202609290083,202609290084,5000,5000,5000,1299,1299,0,58.9044982151,97.582648981,66.758289773,11.4734330583,78.2317228313,119,27,136,102,19,121,167,225,98.377115881,126.359526615,90.291027033,104.477882125,123.594368759,121.80477075,117.449799185,57.7902448737,0.0796049254768,1.02636737075,1.04322193298,RHO_GTE_ONE_FINITE_HORIZON_ONLY,PROHIBITED_RHO_GTE_ONE
1.0,TASK3_PEAK_DURATION_SENSITIVITY_EXPLORATORY_V1,PEAK_DURATION_S29_I17_T900,LOCAL_WINDOW_HPP_BASE_STATIONARY_EXTENSION,9,29,17,900,OP_PEAK_DURATION_BASE_S29_I17_T900,aa5d09f4b4a9e7a02dcbd59ed8687ee3b1a3d5d700a05a34f3cc5e96284badcb,TASK3_OPERATIONAL_POOLED_V1,202607290000,202609290091,202609290092,202609290093,202609290094,5000,5000,5000,1202,1202,0,18.6723825679,31.825749848,17.8980513088,6.28634087873,24.1843921875,39,18,51,16,14,30,76,230,37.336782073,57.557524859,24.4130048335,32.3846048837,35.3661748266,37.93229069,39.382845962,7.2802581917,0.0394304089592,1.02636737075,1.04322193298,RHO_GTE_ONE_FINITE_HORIZON_ONLY,PROHIBITED_RHO_GTE_ONE
1.0,TASK3_PEAK_DURATION_SENSITIVITY_EXPLORATORY_V1,PEAK_DURATION_S29_I17_T900,LOCAL_WINDOW_HPP_BASE_STATIONARY_EXTENSION,10,29,17,900,OP_PEAK_DURATION_BASE_S29_I17_T900,aa5d09f4b4a9e7a02dcbd59ed8687ee3b1a3d5d700a05a34f3cc5e96284badcb,TASK3_OPERATIONAL_POOLED_V1,202607290000,202609290101,202609290102,202609290103,202609290104,5000,5000,5000,1199,1199,0,15.3768469921,27.15521924,11.8072619976,7.70178984221,19.5090518398,28,19,42,17,18,35,81,231,29.108758716,63.068472482,23.0228120001,26.6662393267,28.6537927363,30.4485989987,28.9728767059,15.7909971409,0.0174249878706,1.02636737075,1.04322193298,RHO_GTE_ONE_FINITE_HORIZON_ONLY,PROHIBITED_RHO_GTE_ONE
1.0,TASK3_PEAK_DURATION_SENSITIVITY_EXPLORATORY_V1,PEAK_DURATION_S29_I17_T900,LOCAL_WINDOW_HPP_BASE_STATIONARY_EXTENSION,11,29,17,900,OP_PEAK_DURATION_BASE_S29_I17_T900,aa5d09f4b4a9e7a02dcbd59ed8687ee3b1a3d5d700a05a34f3cc5e96284badcb,TASK3_OPERATIONAL_POOLED_V1,202607290000,202609290111,202609290112,202609290113,202609290114,5000,5000,5000,1209,1209,0,16.7756396407,25.281262378,11.8171381833,9.80311726889,21.6202554522,36,21,44,15,17,32,78,240,25.201001685,59.853525179,20.4962573265,14.8414022511,16.74479878,24.5487325792,27.0818619139,3.58370594294,0.0254205994477,1.02636737075,1.04322193298,RHO_GTE_ONE_FINITE_HORIZON_ONLY,PROHIBITED_RHO_GTE_ONE
1.0,TASK3_PEAK_DURATION_SENSITIVITY_EXPLORATORY_V1,PEAK_DURATION_S29_I17_T900,LOCAL_WINDOW_HPP_BASE_STATIONARY_EXTENSION,12,29,17,900,OP_PEAK_DURATION_BASE_S29_I17_T900,aa5d09f4b4a9e7a02dcbd59ed8687ee3b1a3d5d700a05a34f3cc5e96284badcb,TASK3_OPERATIONAL_POOLED_V1,202607290000,202609290121,202609290122,202609290123,202609290124,5000,5000,5000,1230,1230,0,17.7181696979,30.286236472,14.6699683811,7.99582406606,22.6657924472,39,17,55,39,13,52,98,271,38.09544268,74.375506762,26.1831090242,27.7550719393,17.1973084047,22.2110562455,39.7458932388,10.432323219,0.0239795030392,1.02636737075,1.04322193298,RHO_GTE_ONE_FINITE_HORIZON_ONLY,PROHIBITED_RHO_GTE_ONE
1.0,TASK3_PEAK_DURATION_SENSITIVITY_EXPLORATORY_V1,PEAK_DURATION_S29_I17_T900,LOCAL_WINDOW_HPP_BASE_STATIONARY_EXTENSION,13,29,17,900,OP_PEAK_DURATION_BASE_S29_I17_T900,aa5d09f4b4a9e7a02dcbd59ed8687ee3b1a3d5d700a05a34f3cc5e96284badcb,TASK3_OPERATIONAL_POOLED_V1,202607290000,202609290131,202609290132,202609290133,202609290134,5000,5000,5000,1323,1323,0,64.3089111959,100.345024327,73.9732841355,10.8664777763,84.8397619118,127,24,148,127,21,148,194,257,107.845715487,145.636637743,96.9226161654,103.530639952,115.280539732,123.132562515,130.87334653,48.3204035091,0.0972259814367,1.02636737075,1.04322193298,RHO_GTE_ONE_FINITE_HORIZON_ONLY,PROHIBITED_RHO_GTE_ONE
1.0,TASK3_PEAK_DURATION_SENSITIVITY_EXPLORATORY_V1,PEAK_DURATION_S29_I17_T900,LOCAL_WINDOW_HPP_BASE_STATIONARY_EXTENSION,14,29,17,900,OP_PEAK_DURATION_BASE_S29_I17_T900,aa5d09f4b4a9e7a02dcbd59ed8687ee3b1a3d5d700a05a34f3cc5e96284badcb,TASK3_OPERATIONAL_POOLED_V1,202607290000,202609290141,202609290142,202609290143,202609290144,5000,5000,5000,1151,1151,0,9.60777842118,23.883316315,9.08450770354,2.86799553842,11.952503242,35,10,37,15,7,22,68,252,21.211043514,49.876196421,26.429849881,12.1743536533,0.637411122967,12.4307062003,22.1164437772,21.0355976723,-0.00930051073391,1.02636737075,1.04322193298,RHO_GTE_ONE_FINITE_HORIZON_ONLY,PROHIBITED_RHO_GTE_ONE
1.0,TASK3_PEAK_DURATION_SENSITIVITY_EXPLORATORY_V1,PEAK_DURATION_S29_I17_T900,LOCAL_WINDOW_HPP_BASE_STATIONARY_EXTENSION,15,29,17,900,OP_PEAK_DURATION_BASE_S29_I17_T900,aa5d09f4b4a9e7a02dcbd59ed8687ee3b1a3d5d700a05a34f3cc5e96284badcb,TASK3_OPERATIONAL_POOLED_V1,202607290000,202609290151,202609290152,202609290153,202609290154,5000,5000,5000,1200,1200,0,15.8206863359,33.384655177,14.2696628577,5.79869772974,20.0683605875,39,18,50,23,18,41,87,238,35.821742462,65.111572363,22.9626352258,27.312110359,32.1856354441,37.9193433157,42.0850545218,-4.14609788834,0.0542800794987,1.02636737075,1.04322193298,RHO_GTE_ONE_FINITE_HORIZON_ONLY,PROHIBITED_RHO_GTE_ONE
1.0,TASK3_PEAK_DURATION_SENSITIVITY_EXPLORATORY_V1,PEAK_DURATION_S29_I17_T900,LOCAL_WINDOW_HPP_BASE_STATIONARY_EXTENSION,16,29,17,900,OP_PEAK_DURATION_BASE_S29_I17_T900,aa5d09f4b4a9e7a02dcbd59ed8687ee3b1a3d5d700a05a34f3cc5e96284badcb,TASK3_OPERATIONAL_POOLED_V1,202607290000,202609290161,202609290162,202609290163,202609290164,5000,5000,5000,1198,1198,0,21.8068383287,41.630527369,20.7550840345,7.2716447919,28.0267288264,48,19,59,22,14,36,82,219,42.456107619,63.963696822,34.3707517978,47.642943066,52.0605930142,46.8312978313,35.7636800106,41.8531947508,0.00219356798994,1.02636737075,1.04322193298,RHO_GTE_ONE_FINITE_HORIZON_ONLY,PROHIBITED_RHO_GTE_ONE
1.0,TASK3_PEAK_DURATION_SENSITIVITY_EXPLORATORY_V1,PEAK_DURATION_S29_I17_T900,LOCAL_WINDOW_HPP_BASE_STATIONARY_EXTENSION,17,29,17,900,OP_PEAK_DURATION_BASE_S29_I17_T900,aa5d09f4b4a9e7a02dcbd59ed8687ee3b1a3d5d700a05a34f3cc5e96284badcb,TASK3_OPERATIONAL_POOLED_V1,202607290000,202609290171,202609290172,202609290173,202609290174,5000,5000,5000,1204,1204,0,26.1564833984,40.109549896,23.2669624201,10.7631697624,34.0301321826,48,24,60,12,20,32,78,226,33.158574883,59.594888783,42.3791268003,52.7094463815,47.5003756301,37.4249439986,29.2507393902,73.0088843424,-0.0461569746701,1.02636737075,1.04322193298,RHO_GTE_ONE_FINITE_HORIZON_ONLY,PROHIBITED_RHO_GTE_ONE
1.0,TASK3_PEAK_DURATION_SENSITIVITY_EXPLORATORY_V1,PEAK_DURATION_S29_I17_T900,LOCAL_WINDOW_HPP_BASE_STATIONARY_EXTENSION,18,29,17,900,OP_PEAK_DURATION_BASE_S29_I17_T900,aa5d09f4b4a9e7a02dcbd59ed8687ee3b1a3d5d700a05a34f3cc5e96284badcb,TASK3_OPERATIONAL_POOLED_V1,202607290000,202609290181,202609290182,202609290183,202609290184,5000,5000,5000,1204,1204,0,21.6975208952,34.788363943,18.8122064159,9.32570925497,28.1379156709,41,21,52,11,20,31,77,233,27.201725707,58.096296297,40.0725014272,26.2684577088,35.2925205963,29.8007173937,30.484140197,44.1170145462,-0.0173827364171,1.02636737075,1.04322193298,RHO_GTE_ONE_FINITE_HORIZON_ONLY,PROHIBITED_RHO_GTE_ONE
1.0,TASK3_PEAK_DURATION_SENSITIVITY_EXPLORATORY_V1,PEAK_DURATION_S29_I17_T900,LOCAL_WINDOW_HPP_BASE_STATIONARY_EXTENSION,19,29,17,900,OP_PEAK_DURATION_BASE_S29_I17_T900,aa5d09f4b4a9e7a02dcbd59ed8687ee3b1a3d5d700a05a34f3cc5e96284badcb,TASK3_OPERATIONAL_POOLED_V1,202607290000,202609290191,202609290192,202609290193,202609290194,5000,5000,5000,1214,1214,0,28.8694989514,43.77375163,28.8195716716,9.07654394892,37.8961156205,51,22,64,17,19,36,82,221,40.07128531,63.150829446,44.4586378566,54.4661766228,54.6230178014,47.9711736438,41.6260034058,57.7492057765,-0.0135114132007,1.02636737075,1.04322193298,RHO_GTE_ONE_FINITE_HORIZON_ONLY,PROHIBITED_RHO_GTE_ONE
1.0,TASK3_PEAK_DURATION_SENSITIVITY_EXPLORATORY_V1,PEAK_DURATION_S29_I17_T900,LOCAL_WINDOW_HPP_BASE_STATIONARY_EXTENSION,20,29,17,900,OP_PEAK_DURATION_BASE_S29_I17_T900,aa5d09f4b4a9e7a02dcbd59ed8687ee3b1a3d5d700a05a34f3cc5e96284badcb,TASK3_OPERATIONAL_POOLED_V1,202607290000,202609290201,202609290202,202609290203,202609290204,5000,5000,5000,1239,1239,0,36.3342069644,64.532659288,38.5030979944,9.39617291391,47.8992709083,78,21,92,43,19,62,108,213,59.308483399,82.919349062,62.6078519371,70.1920998876,83.9008637249,74.5100041534,69.6146408599,58.4164805291,0.0203683134571,1.02636737075,1.04322193298,RHO_GTE_ONE_FINITE_HORIZON_ONLY,PROHIBITED_RHO_GTE_ONE
1.0,TASK3_PEAK_DURATION_SENSITIVITY_EXPLORATORY_V1,PEAK_DURATION_S29_I17_T900,LOCAL_WINDOW_HPP_BASE_STATIONARY_EXTENSION,21,29,17,900,OP_PEAK_DURATION_BASE_S29_I17_T900,aa5d09f4b4a9e7a02dcbd59ed8687ee3b1a3d5d700a05a34f3cc5e96284badcb,TASK3_OPERATIONAL_POOLED_V1,202607290000,202609290211,202609290212,202609290213,202609290214,5000,5000,5000,1219,1219,0,26.2377041214,44.792654072,26.947335425,6.91279833118,33.8601337562,54,18,64,37,17,54,100,231,44.793199448,76.3951857,35.2315272664,46.5350432474,57.751986935,53.6701111036,49.6720959994,21.5599989187,0.0400180059136,1.02636737075,1.04322193298,RHO_GTE_ONE_FINITE_HORIZON_ONLY,PROHIBITED_RHO_GTE_ONE
1.0,TASK3_PEAK_DURATION_SENSITIVITY_EXPLORATORY_V1,PEAK_DURATION_S29_I17_T900,LOCAL_WINDOW_HPP_BASE_STATIONARY_EXTENSION,22,29,17,900,OP_PEAK_DURATION_BASE_S29_I17_T900,aa5d09f4b4a9e7a02dcbd59ed8687ee3b1a3d5d700a05a34f3cc5e96284badcb,TASK3_OPERATIONAL_POOLED_V1,202607290000,202609290221,202609290222,202609290223,202609290224,5000,5000,5000,1236,1236,0,22.0317746825,48.005084321,18.5554484432,9.52489233576,28.0803407789,49,21,68,43,20,63,109,265,49.97874587,81.993658027,31.8754826183,34.238402854,32.5807258696,38.2396129995,60.6379913767,-6.63022760306,0.0683624751803,1.02636737075,1.04322193298,RHO_GTE_ONE_FINITE_HORIZON_ONLY,PROHIBITED_RHO_GTE_ONE
1.0,TASK3_PEAK_DURATION_SENSITIVITY_EXPLORATORY_V1,PEAK_DURATION_S29_I17_T900,LOCAL_WINDOW_HPP_BASE_STATIONARY_EXTENSION,23,29,17,900,OP_PEAK_DURATION_BASE_S29_I17_T900,aa5d09f4b4a9e7a02dcbd59ed8687ee3b1a3d5d700a05a34f3cc5e96284badcb,TASK3_OPERATIONAL_POOLED_V1,202607290000,202609290231,202609290232,202609290233,202609290234,5000,5000,5000,1324,1324,0,48.2895743804,100.411113069,49.5948395541,11.80083806,61.3956776141,129,26,148,127,19,146,192,293,109.840984336,145.843619795,59.7551724213,73.7800830874,84.3491540523,97.8321069571,128.278608904,-32.0251475419,0.178998774261,1.02636737075,1.04322193298,RHO_GTE_ONE_FINITE_HORIZON_ONLY,PROHIBITED_RHO_GTE_ONE
1.0,TASK3_PEAK_DURATION_SENSITIVITY_EXPLORATORY_V1,PEAK_DURATION_S29_I17_T900,LOCAL_WINDOW_HPP_BASE_STATIONARY_EXTENSION,24,29,17,900,OP_PEAK_DURATION_BASE_S29_I17_T900,aa5d09f4b4a9e7a02dcbd59ed8687ee3b1a3d5d700a05a34f3cc5e96284badcb,TASK3_OPERATIONAL_POOLED_V1,202607290000,202609290241,202609290242,202609290243,202609290244,5000,5000,5000,1227,1227,0,19.6249337362,41.812430511,17.2432222086,7.92455606731,25.1677782759,44,19,60,34,19,53,99,240,43.709117883,74.29310531,26.3049592945,27.3972139314,40.654323774,49.3958236002,53.5388821403,-17.8916009723,0.0849627281783,1.02636737075,1.04322193298,RHO_GTE_ONE_FINITE_HORIZON_ONLY,PROHIBITED_RHO_GTE_ONE
1.0,TASK3_PEAK_DURATION_SENSITIVITY_EXPLORATORY_V1,PEAK_DURATION_S29_I17_T900,LOCAL_WINDOW_HPP_BASE_STATIONARY_EXTENSION,25,29,17,900,OP_PEAK_DURATION_BASE_S29_I17_T900,aa5d09f4b4a9e7a02dcbd59ed8687ee3b1a3d5d700a05a34f3cc5e96284badcb,TASK3_OPERATIONAL_POOLED_V1,202607290000,202609290251,202609290252,202609290253,202609290254,5000,5000,5000,1220,1220,0,24.4173274641,35.005657183,21.222488633,10.3993103476,31.6217989805,36,23,53,27,21,48,94,253,37.350143267,70.346279449,35.4782338044,36.4463890849,35.0920094582,39.1192695629,43.0429993791,24.4839715375,0.0197804573636,1.02636737075,1.04322193298,RHO_GTE_ONE_FINITE_HORIZON_ONLY,PROHIBITED_RHO_GTE_ONE
1.0,TASK3_PEAK_DURATION_SENSITIVITY_EXPLORATORY_V1,PEAK_DURATION_S29_I17_T900,LOCAL_WINDOW_HPP_BASE_STATIONARY_EXTENSION,26,29,17,900,OP_PEAK_DURATION_BASE_S29_I17_T900,aa5d09f4b4a9e7a02dcbd59ed8687ee3b1a3d5d700a05a34f3cc5e96284badcb,TASK3_OPERATIONAL_POOLED_V1,202607290000,202609290261,202609290262,202609290263,202609290264,5000,5000,5000,1217,1217,0,26.159309906,40.357777205,25.3668320544,8.72798757824,34.0948196326,47,23,58,24,19,43,89,233,39.860623662,68.001503371,43.1857206032,51.8842541318,47.8738054957,47.9766949134,41.0996055762,52.4638580984,-0.00897754363606,1.02636737075,1.04322193298,RHO_GTE_ONE_FINITE_HORIZON_ONLY,PROHIBITED_RHO_GTE_ONE
1.0,TASK3_PEAK_DURATION_SENSITIVITY_EXPLORATORY_V1,PEAK_DURATION_S29_I17_T900,LOCAL_WINDOW_HPP_BASE_STATIONARY_EXTENSION,27,29,17,900,OP_PEAK_DURATION_BASE_S29_I17_T900,aa5d09f4b4a9e7a02dcbd59ed8687ee3b1a3d5d700a05a34f3cc5e96284badcb,TASK3_OPERATIONAL_POOLED_V1,202607290000,202609290271,202609290272,202609290273,202609290274,5000,5000,5000,1267,1267,0,25.9469234675,65.034374504,25.740229439,6.94536921078,32.6855986497,78,18,93,74,16,90,136,270,69.302146716,103.578853231,26.9389316188,31.7909789906,49.3029635897,70.7912453927,85.1473663132,-63.7685546622,0.172685706434,1.02636737075,1.04322193298,RHO_GTE_ONE_FINITE_HORIZON_ONLY,PROHIBITED_RHO_GTE_ONE
1.0,TASK3_PEAK_DURATION_SENSITIVITY_EXPLORATORY_V1,PEAK_DURATION_S29_I17_T900,LOCAL_WINDOW_HPP_BASE_STATIONARY_EXTENSION,28,29,17,900,OP_PEAK_DURATION_BASE_S29_I17_T900,aa5d09f4b4a9e7a02dcbd59ed8687ee3b1a3d5d700a05a34f3cc5e96284badcb,TASK3_OPERATIONAL_POOLED_V1,202607290000,202609290281,202609290282,202609290283,202609290284,5000,5000,5000,1247,1247,0,21.5772848852,56.972336208,18.7923973395,7.31699938801,26.1093967275,74,21,91,72,18,90,136,283,66.024938951,102.708520125,24.3255727531,38.4080996922,42.7199883482,46.2244970903,67.8754713717,-27.2764201254,0.105462438484,1.02636737075,1.04322193298,RHO_GTE_ONE_FINITE_HORIZON_ONLY,PROHIBITED_RHO_GTE_ONE
1.0,TASK3_PEAK_DURATION_SENSITIVITY_EXPLORATORY_V1,PEAK_DURATION_S29_I17_T900,LOCAL_WINDOW_HPP_BASE_STATIONARY_EXTENSION,29,29,17,900,OP_PEAK_DURATION_BASE_S29_I17_T900,aa5d09f4b4a9e7a02dcbd59ed8687ee3b1a3d5d700a05a34f3cc5e96284badcb,TASK3_OPERATIONAL_POOLED_V1,202607290000,202609290291,202609290292,202609290293,202609290294,5000,5000,5000,1274,1274,0,37.516828158,70.715827676,38.3249124956,10.2089019422,48.5338144378,81,23,100,78,19,97,143,263,73.94571344,109.635829532,70.2113333384,67.7016975529,67.7165858666,73.2524298568,88.7332376505,41.5771511568,0.047327267698,1.02636737075,1.04322193298,RHO_GTE_ONE_FINITE_HORIZON_ONLY,PROHIBITED_RHO_GTE_ONE
1.0,TASK3_PEAK_DURATION_SENSITIVITY_EXPLORATORY_V1,PEAK_DURATION_S29_I17_T900,LOCAL_WINDOW_HPP_BASE_STATIONARY_EXTENSION,30,29,17,900,OP_PEAK_DURATION_BASE_S29_I17_T900,aa5d09f4b4a9e7a02dcbd59ed8687ee3b1a3d5d700a05a34f3cc5e96284badcb,TASK3_OPERATIONAL_POOLED_V1,202607290000,202609290301,202609290302,202609290303,202609290304,5000,5000,5000,1198,1198,0,10.6062953273,23.924289799,7.99906694375,5.44156975373,13.4406366975,31,15,38,22,9,31,77,247,28.195498087,58.522255445,11.2013029243,14.7654727468,12.7688609343,18.1516109544,27.6335790441,-10.2838525146,0.0402785449413,1.02636737075,1.04322193298,RHO_GTE_ONE_FINITE_HORIZON_ONLY,PROHIBITED_RHO_GTE_ONE
1.0,TASK3_PEAK_DURATION_SENSITIVITY_EXPLORATORY_V1,PEAK_DURATION_S29_I17_T900,LOCAL_WINDOW_HPP_BASE_STATIONARY_EXTENSION,31,29,17,900,OP_PEAK_DURATION_BASE_S29_I17_T900,aa5d09f4b4a9e7a02dcbd59ed8687ee3b1a3d5d700a05a34f3cc5e96284badcb,TASK3_OPERATIONAL_POOLED_V1,202607290000,202609290311,202609290312,202609290313,202609290314,5000,5000,5000,1200,1200,0,20.3355284295,31.20445008,17.1285846916,9.25667839933,26.3852630909,35,22,44,6,18,24,70,219,32.529885168,53.616814763,27.707985015,34.5789566617,34.1674399379,38.4709672282,32.7206353792,23.0912133731,0.0154636792167,1.02636737075,1.04322193298,RHO_GTE_ONE_FINITE_HORIZON_ONLY,PROHIBITED_RHO_GTE_ONE
1.0,TASK3_PEAK_DURATION_SENSITIVITY_EXPLORATORY_V1,PEAK_DURATION_S29_I17_T900,LOCAL_WINDOW_HPP_BASE_STATIONARY_EXTENSION,32,29,17,900,OP_PEAK_DURATION_BASE_S29_I17_T900,aa5d09f4b4a9e7a02dcbd59ed8687ee3b1a3d5d700a05a34f3cc5e96284badcb,TASK3_OPERATIONAL_POOLED_V1,202607290000,202609290321,202609290322,202609290323,202609290324,5000,5000,5000,1185,1185,0,9.91738217444,20.603985593,6.40611995317,6.14735308587,12.553473039,22,17,32,10,12,22,68,230,22.304629213,51.595012049,16.8962574674,19.1748789846,20.0238328622,23.6203755314,15.8574369972,17.3386646637,0.00263095067385,1.02636737075,1.04322193298,RHO_GTE_ONE_FINITE_HORIZON_ONLY,PROHIBITED_RHO_GTE_ONE
1.0,TASK3_PEAK_DURATION_SENSITIVITY_EXPLORATORY_V1,PEAK_DURATION_S29_I17_T900,LOCAL_WINDOW_HPP_BASE_STATIONARY_EXTENSION,33,29,17,900,OP_PEAK_DURATION_BASE_S29_I17_T900,aa5d09f4b4a9e7a02dcbd59ed8687ee3b1a3d5d700a05a34f3cc5e96284badcb,TASK3_OPERATIONAL_POOLED_V1,202607290000,202609290331,202609290332,202609290333,202609290334,5000,5000,5000,1239,1239,0,24.1922035016,41.845178341,20.3429488425,10.8646447221,31.2075935646,43,24,63,40,20,60,106,259,46.365938654,81.023044358,27.2276646005,29.2494634844,30.2716656025,43.1178340241,51.7215192138,-10.8244304397,0.0698400886293,1.02636737075,1.04322193298,RHO_GTE_ONE_FINITE_HORIZON_ONLY,PROHIBITED_RHO_GTE_ONE
1.0,TASK3_PEAK_DURATION_SENSITIVITY_EXPLORATORY_V1,PEAK_DURATION_S29_I17_T900,LOCAL_WINDOW_HPP_BASE_STATIONARY_EXTENSION,34,29,17,900,OP_PEAK_DURATION_BASE_S29_I17_T900,aa5d09f4b4a9e7a02dcbd59ed8687ee3b1a3d5d700a05a34f3cc5e96284badcb,TASK3_OPERATIONAL_POOLED_V1,202607290000,202609290341,202609290342,202609290343,202609290344,5000,5000,5000,1269,1269,0,34.1558831861,64.269616234,33.7560524838,10.2690592003,44.0251116841,75,22,95,74,17,91,137,260,70.541520329,105.273848172,57.0477303875,58.4522961225,65.3264939724,66.718627495,82.3810270677,21.7855414593,0.065481027481,1.02636737075,1.04322193298,RHO_GTE_ONE_FINITE_HORIZON_ONLY,PROHIBITED_RHO_GTE_ONE
1.0,TASK3_PEAK_DURATION_SENSITIVITY_EXPLORATORY_V1,PEAK_DURATION_S29_I17_T900,LOCAL_WINDOW_HPP_BASE_STATIONARY_EXTENSION,35,29,17,900,OP_PEAK_DURATION_BASE_S29_I17_T900,aa5d09f4b4a9e7a02dcbd59ed8687ee3b1a3d5d700a05a34f3cc5e96284badcb,TASK3_OPERATIONAL_POOLED_V1,202607290000,202609290351,202609290352,202609290353,202609290354,5000,5000,5000,1299,1299,0,51.9898118262,87.436817308,57.4186957775,10.9111047075,68.329800485,106,23,125,98,21,119,165,253,92.448436176,125.408381499,86.3715245423,93.9900588412,102.024292378,107.067596075,112.971939994,50.7763062627,0.0736426312646,1.02636737075,1.04322193298,RHO_GTE_ONE_FINITE_HORIZON_ONLY,PROHIBITED_RHO_GTE_ONE
1.0,TASK3_PEAK_DURATION_SENSITIVITY_EXPLORATORY_V1,PEAK_DURATION_S29_I17_T900,LOCAL_WINDOW_HPP_BASE_STATIONARY_EXTENSION,36,29,17,900,OP_PEAK_DURATION_BASE_S29_I17_T900,aa5d09f4b4a9e7a02dcbd59ed8687ee3b1a3d5d700a05a34f3cc5e96284badcb,TASK3_OPERATIONAL_POOLED_V1,202607290000,202609290361,202609290362,202609290363,202609290364,5000,5000,5000,1228,1228,0,20.1326694116,39.925754854,15.875932672,10.0208735392,25.8968062112,42,22,58,32,18,50,96,231,42.141415719,73.045390145,25.0866236812,41.1985232357,39.1697363852,44.4120573362,48.0123840793,2.77707377101,0.054516727663,1.02636737075,1.04322193298,RHO_GTE_ONE_FINITE_HORIZON_ONLY,PROHIBITED_RHO_GTE_ONE
1.0,TASK3_PEAK_DURATION_SENSITIVITY_EXPLORATORY_V1,PEAK_DURATION_S29_I17_T900,LOCAL_WINDOW_HPP_BASE_STATIONARY_EXTENSION,37,29,17,900,OP_PEAK_DURATION_BASE_S29_I17_T900,aa5d09f4b4a9e7a02dcbd59ed8687ee3b1a3d5d700a05a34f3cc5e96284badcb,TASK3_OPERATIONAL_POOLED_V1,202607290000,202609290371,202609290372,202609290373,202609290374,5000,5000,5000,1239,1239,0,24.4304900137,46.655182383,20.0157295221,11.2437979542,31.2595274762,48,24,69,48,18,66,112,258,51.312944831,85.147720848,33.8709145412,43.0016900992,47.6262619736,52.0036162172,59.9040311545,1.4801832888,0.0678535103827,1.02636737075,1.04322193298,RHO_GTE_ONE_FINITE_HORIZON_ONLY,PROHIBITED_RHO_GTE_ONE
1.0,TASK3_PEAK_DURATION_SENSITIVITY_EXPLORATORY_V1,PEAK_DURATION_S29_I17_T900,LOCAL_WINDOW_HPP_BASE_STATIONARY_EXTENSION,38,29,17,900,OP_PEAK_DURATION_BASE_S29_I17_T900,aa5d09f4b4a9e7a02dcbd59ed8687ee3b1a3d5d700a05a34f3cc5e96284badcb,TASK3_OPERATIONAL_POOLED_V1,202607290000,202609290381,202609290382,202609290383,202609290384,5000,5000,5000,1150,1150,0,6.86371619902,17.873939675,5.68044200637,2.99826448963,8.67870649601,24,10,29,12,0,12,49,230,8.098499294,42.503947472,0.559940669322,3.46611815426,14.2885380094,5.13992011782,4.67994182469,-1.80846145062,0.0110153380826,1.02636737075,1.04322193298,RHO_GTE_ONE_FINITE_HORIZON_ONLY,PROHIBITED_RHO_GTE_ONE
1.0,TASK3_PEAK_DURATION_SENSITIVITY_EXPLORATORY_V1,PEAK_DURATION_S29_I17_T900,LOCAL_WINDOW_HPP_BASE_STATIONARY_EXTENSION,39,29,17,900,OP_PEAK_DURATION_BASE_S29_I17_T900,aa5d09f4b4a9e7a02dcbd59ed8687ee3b1a3d5d700a05a34f3cc5e96284badcb,TASK3_OPERATIONAL_POOLED_V1,202607290000,202609290391,202609290392,202609290393,202609290394,5000,5000,5000,1218,1218,0,18.7870040615,39.69899627,16.4775955293,6.69593014026,23.1735256695,53,20,68,53,13,66,112,267,48.928651315,85.148995368,29.7953956709,22.434967463,33.538870784,38.3423606876,47.4667792958,-4.1219455755,0.0569446227493,1.02636737075,1.04322193298,RHO_GTE_ONE_FINITE_HORIZON_ONLY,PROHIBITED_RHO_GTE_ONE
1.0,TASK3_PEAK_DURATION_SENSITIVITY_EXPLORATORY_V1,PEAK_DURATION_S29_I17_T900,LOCAL_WINDOW_HPP_BASE_STATIONARY_EXTENSION,40,29,17,900,OP_PEAK_DURATION_BASE_S29_I17_T900,aa5d09f4b4a9e7a02dcbd59ed8687ee3b1a3d5d700a05a34f3cc5e96284badcb,TASK3_OPERATIONAL_POOLED_V1,202607290000,202609290401,202609290402,202609290403,202609290404,5000,5000,5000,1243,1243,0,24.4678450866,58.553887503,23.530267605,7.17344100788,30.7037086128,69,19,83,63,16,79,125,268,61.831644526,94.82915883,31.0925656217,33.8475744296,44.6215028406,56.4536572594,76.3725369349,-36.3969516749,0.125740028285,1.02636737075,1.04322193298,RHO_GTE_ONE_FINITE_HORIZON_ONLY,PROHIBITED_RHO_GTE_ONE
1.0,TASK3_PEAK_DURATION_SENSITIVITY_EXPLORATORY_V1,PEAK_DURATION_S29_I17_T900,LOCAL_WINDOW_HPP_BASE_STATIONARY_EXTENSION,41,29,17,900,OP_PEAK_DURATION_BASE_S29_I17_T900,aa5d09f4b4a9e7a02dcbd59ed8687ee3b1a3d5d700a05a34f3cc5e96284badcb,TASK3_OPERATIONAL_POOLED_V1,202607290000,202609290411,202609290412,202609290413,202609290414,5000,5000,5000,1258,1258,0,32.8562515703,59.172813298,30.7242515265,11.9261498139,42.6504013405,71,26,88,57,22,79,125,260,64.857148463,95.628226083,46.6478917749,54.067952363,57.4162821329,61.224150762,74.7737753117,11.2700363643,0.0704532949697,1.02636737075,1.04322193298,RHO_GTE_ONE_FINITE_HORIZON_ONLY,PROHIBITED_RHO_GTE_ONE
1.0,TASK3_PEAK_DURATION_SENSITIVITY_EXPLORATORY_V1,PEAK_DURATION_S29_I17_T900,LOCAL_WINDOW_HPP_BASE_STATIONARY_EXTENSION,42,29,17,900,OP_PEAK_DURATION_BASE_S29_I17_T900,aa5d09f4b4a9e7a02dcbd59ed8687ee3b1a3d5d700a05a34f3cc5e96284badcb,TASK3_OPERATIONAL_POOLED_V1,202607290000,202609290421,202609290422,202609290423,202609290424,5000,5000,5000,1189,1189,0,19.2774101489,37.418596218,18.3864991904,6.45937107848,24.8458702689,49,18,55,7,16,23,69,228,30.439475113,53.597401861,38.9886691293,47.3630996224,36.7310651714,31.9016062956,28.3454522216,64.2269238447,-0.040831030158,1.02636737075,1.04322193298,RHO_GTE_ONE_FINITE_HORIZON_ONLY,PROHIBITED_RHO_GTE_ONE
1.0,TASK3_PEAK_DURATION_SENSITIVITY_EXPLORATORY_V1,PEAK_DURATION_S29_I17_T900,LOCAL_WINDOW_HPP_BASE_STATIONARY_EXTENSION,43,29,17,900,OP_PEAK_DURATION_BASE_S29_I17_T900,aa5d09f4b4a9e7a02dcbd59ed8687ee3b1a3d5d700a05a34f3cc5e96284badcb,TASK3_OPERATIONAL_POOLED_V1,202607290000,202609290431,202609290432,202609290433,202609290434,5000,5000,5000,1252,1252,0,28.7799172379,55.526545287,28.2114688571,8.97898897956,37.1904578367,67,21,84,55,19,74,120,254,62.818616567,91.429771788,48.567348898,48.0111617332,46.8832886609,63.7429030402,72.5003210292,8.24274049523,0.0706640950771,1.02636737075,1.04322193298,RHO_GTE_ONE_FINITE_HORIZON_ONLY,PROHIBITED_RHO_GTE_ONE
1.0,TASK3_PEAK_DURATION_SENSITIVITY_EXPLORATORY_V1,PEAK_DURATION_S29_I17_T900,LOCAL_WINDOW_HPP_BASE_STATIONARY_EXTENSION,44,29,17,900,OP_PEAK_DURATION_BASE_S29_I17_T900,aa5d09f4b4a9e7a02dcbd59ed8687ee3b1a3d5d700a05a34f3cc5e96284badcb,TASK3_OPERATIONAL_POOLED_V1,202607290000,202609290441,202609290442,202609290443,202609290444,5000,5000,5000,1221,1221,0,19.6307927316,51.291452086,19.6701154467,4.46353730503,24.1336527517,64,16,76,60,11,71,117,240,55.563901216,89.210201747,21.0236917893,31.2902010881,49.3112737456,66.1998699836,57.6311111021,-36.0021510991,0.12013834169,1.02636737075,1.04322193298,RHO_GTE_ONE_FINITE_HORIZON_ONLY,PROHIBITED_RHO_GTE_ONE
1.0,TASK3_PEAK_DURATION_SENSITIVITY_EXPLORATORY_V1,PEAK_DURATION_S29_I17_T900,LOCAL_WINDOW_HPP_BASE_STATIONARY_EXTENSION,45,29,17,900,OP_PEAK_DURATION_BASE_S29_I17_T900,aa5d09f4b4a9e7a02dcbd59ed8687ee3b1a3d5d700a05a34f3cc5e96284badcb,TASK3_OPERATIONAL_POOLED_V1,202607290000,202609290451,202609290452,202609290453,202609290454,5000,5000,5000,1236,1236,0,15.3742376369,44.605688342,12.1819188247,6.8932339986,19.0751528233,53,18,66,47,15,62,108,264,47.850089838,82.101742987,14.5052921452,14.7480242523,18.5146591008,45.2954741694,57.864325416,-57.7635823273,0.130295018287,1.02636737075,1.04322193298,RHO_GTE_ONE_FINITE_HORIZON_ONLY,PROHIBITED_RHO_GTE_ONE
1.0,TASK3_PEAK_DURATION_SENSITIVITY_EXPLORATORY_V1,PEAK_DURATION_S29_I17_T900,LOCAL_WINDOW_HPP_BASE_STATIONARY_EXTENSION,46,29,17,900,OP_PEAK_DURATION_BASE_S29_I17_T900,aa5d09f4b4a9e7a02dcbd59ed8687ee3b1a3d5d700a05a34f3cc5e96284badcb,TASK3_OPERATIONAL_POOLED_V1,202607290000,202609290461,202609290462,202609290463,202609290464,5000,5000,5000,1258,1258,0,46.8464018624,69.679437451,52.372196603,9.77626335726,62.1484599602,85,22,99,63,19,82,128,234,70.005676625,97.211504759,82.9965900714,85.8749051628,89.680575431,87.5019632882,78.3063163966,90.687186988,-0.00861498802665,1.02636737075,1.04322193298,RHO_GTE_ONE_FINITE_HORIZON_ONLY,PROHIBITED_RHO_GTE_ONE
1.0,TASK3_PEAK_DURATION_SENSITIVITY_EXPLORATORY_V1,PEAK_DURATION_S29_I17_T900,LOCAL_WINDOW_HPP_BASE_STATIONARY_EXTENSION,47,29,17,900,OP_PEAK_DURATION_BASE_S29_I17_T900,aa5d09f4b4a9e7a02dcbd59ed8687ee3b1a3d5d700a05a34f3cc5e96284badcb,TASK3_OPERATIONAL_POOLED_V1,202607290000,202609290471,202609290472,202609290473,202609290474,5000,5000,5000,1234,1234,0,24.1466670072,50.432794764,24.9294620895,6.03938599918,30.9688480886,65,16,74,51,14,65,111,227,50.147994872,84.569910978,28.29796041,41.2807452538,63.0244473755,62.0510267239,60.4237976118,-12.7508714304,0.0944688398599,1.02636737075,1.04322193298,RHO_GTE_ONE_FINITE_HORIZON_ONLY,PROHIBITED_RHO_GTE_ONE
1.0,TASK3_PEAK_DURATION_SENSITIVITY_EXPLORATORY_V1,PEAK_DURATION_S29_I17_T900,LOCAL_WINDOW_HPP_BASE_STATIONARY_EXTENSION,48,29,17,900,OP_PEAK_DURATION_BASE_S29_I17_T900,aa5d09f4b4a9e7a02dcbd59ed8687ee3b1a3d5d700a05a34f3cc5e96284badcb,TASK3_OPERATIONAL_POOLED_V1,202607290000,202609290481,202609290482,202609290483,202609290484,5000,5000,5000,1216,1216,0,18.0244946447,36.727375906,14.0877228342,9.15715962867,23.2448824629,36,22,53,18,21,39,85,243,39.377247808,63.709179097,17.1489481663,28.3383209664,29.9397443659,40.1248420433,46.9568745385,-21.0500343499,0.0793359709126,1.02636737075,1.04322193298,RHO_GTE_ONE_FINITE_HORIZON_ONLY,PROHIBITED_RHO_GTE_ONE
1.0,TASK3_PEAK_DURATION_SENSITIVITY_EXPLORATORY_V1,PEAK_DURATION_S29_I17_T900,LOCAL_WINDOW_HPP_BASE_STATIONARY_EXTENSION,49,29,17,900,OP_PEAK_DURATION_BASE_S29_I17_T900,aa5d09f4b4a9e7a02dcbd59ed8687ee3b1a3d5d700a05a34f3cc5e96284badcb,TASK3_OPERATIONAL_POOLED_V1,202607290000,202609290491,202609290492,202609290493,202609290494,5000,5000,5000,1280,1280,0,39.5713481475,79.309498767,41.2579445844,9.70518442502,50.9631290094,93,22,112,88,18,106,152,273,83.663880649,116.582577294,60.8309489734,70.6188763043,80.4640125367,75.752552438,100.005897129,14.921778143,0.0927595249381,1.02636737075,1.04322193298,RHO_GTE_ONE_FINITE_HORIZON_ONLY,PROHIBITED_RHO_GTE_ONE
1.0,TASK3_PEAK_DURATION_SENSITIVITY_EXPLORATORY_V1,PEAK_DURATION_S29_I17_T900,LOCAL_WINDOW_HPP_BASE_STATIONARY_EXTENSION,50,29,17,900,OP_PEAK_DURATION_BASE_S29_I17_T900,aa5d09f4b4a9e7a02dcbd59ed8687ee3b1a3d5d700a05a34f3cc5e96284badcb,TASK3_OPERATIONAL_POOLED_V1,202607290000,202609290501,202609290502,202609290503,202609290504,5000,5000,5000,1253,1253,0,26.1745649614,61.46662177,23.1628719684,9.72544695247,32.8883189209,69,23,87,66,18,84,130,273,64.933298476,99.167684825,33.2900977815,32.9768304574,41.5047113942,59.2528448979,78.2491374968,-38.0908459977,0.129104548746,1.02636737075,1.04322193298,RHO_GTE_ONE_FINITE_HORIZON_ONLY,PROHIBITED_RHO_GTE_ONE
1.0,TASK3_PEAK_DURATION_SENSITIVITY_EXPLORATORY_V1,PEAK_DURATION_S29_I17_T1800,LOCAL_WINDOW_HPP_BASE_STATIONARY_EXTENSION,1,29,17,1800,OP_PEAK_DURATION_BASE_S29_I17_T1800,8a52a38f6f59e85fb97261373732e809529572ba7b33dcbdc9ed15877c918de8,TASK3_OPERATIONAL_POOLED_V1,202607290000,202609290011,202609290012,202609290013,202609290014,5000,5000,5000,2418,2418,0,23.5228355528,53.29748707,14.7092014185,15.5737178881,30.2829193066,55,36,86,32,33,65,111,491,62.728980945,84.217183752,28.8692996588,34.7366222792,41.9899630352,48.6968492402,69.3965386785,-26.5231741719,0.0527859472224,1.02636737075,1.04322193298,RHO_GTE_ONE_FINITE_HORIZON_ONLY,PROHIBITED_RHO_GTE_ONE
1.0,TASK3_PEAK_DURATION_SENSITIVITY_EXPLORATORY_V1,PEAK_DURATION_S29_I17_T1800,LOCAL_WINDOW_HPP_BASE_STATIONARY_EXTENSION,2,29,17,1800,OP_PEAK_DURATION_BASE_S29_I17_T1800,8a52a38f6f59e85fb97261373732e809529572ba7b33dcbdc9ed15877c918de8,TASK3_OPERATIONAL_POOLED_V1,202607290000,202609290021,202609290022,202609290023,202609290024,5000,5000,5000,2442,2442,0,37.400133686,67.23113433,28.7913461982,19.841335687,48.6326818852,63,42,100,48,40,88,134,481,73.485836289,100.943303908,55.5806068349,46.8356588187,60.6727793151,77.8865304872,87.447949085,-5.40446221839,0.052658642316,1.02636737075,1.04322193298,RHO_GTE_ONE_FINITE_HORIZON_ONLY,PROHIBITED_RHO_GTE_ONE
1.0,TASK3_PEAK_DURATION_SENSITIVITY_EXPLORATORY_V1,PEAK_DURATION_S29_I17_T1800,LOCAL_WINDOW_HPP_BASE_STATIONARY_EXTENSION,3,29,17,1800,OP_PEAK_DURATION_BASE_S29_I17_T1800,8a52a38f6f59e85fb97261373732e809529572ba7b33dcbdc9ed15877c918de8,TASK3_OPERATIONAL_POOLED_V1,202607290000,202609290031,202609290032,202609290033,202609290034,5000,5000,5000,2425,2425,0,23.9989939639,67.34515138,23.4024226307,6.70858804356,30.1110106742,84,25,104,74,21,95,141,505,75.617788026,107.845977468,17.7826641429,46.8754419117,57.7952244553,65.4587448806,88.40868912,-64.6123617903,0.0887974182907,1.02636737075,1.04322193298,RHO_GTE_ONE_FINITE_HORIZON_ONLY,PROHIBITED_RHO_GTE_ONE
1.0,TASK3_PEAK_DURATION_SENSITIVITY_EXPLORATORY_V1,PEAK_DURATION_S29_I17_T1800,LOCAL_WINDOW_HPP_BASE_STATIONARY_EXTENSION,4,29,17,1800,OP_PEAK_DURATION_BASE_S29_I17_T1800,8a52a38f6f59e85fb97261373732e809529572ba7b33dcbdc9ed15877c918de8,TASK3_OPERATIONAL_POOLED_V1,202607290000,202609290041,202609290042,202609290043,202609290044,5000,5000,5000,2441,2441,0,33.2284219987,75.850710317,26.0190232532,16.7086003696,42.7276236228,72,38,107,57,37,94,140,490,78.846612096,106.315883853,32.0079010488,56.8807776212,67.7626820075,80.8020013318,98.4852890613,-50.4692695875,0.0871533331864,1.02636737075,1.04322193298,RHO_GTE_ONE_FINITE_HORIZON_ONLY,PROHIBITED_RHO_GTE_ONE
1.0,TASK3_PEAK_DURATION_SENSITIVITY_EXPLORATORY_V1,PEAK_DURATION_S29_I17_T1800,LOCAL_WINDOW_HPP_BASE_STATIONARY_EXTENSION,5,29,17,1800,OP_PEAK_DURATION_BASE_S29_I17_T1800,8a52a38f6f59e85fb97261373732e809529572ba7b33dcbdc9ed15877c918de8,TASK3_OPERATIONAL_POOLED_V1,202607290000,202609290051,202609290052,202609290053,202609290054,5000,5000,5000,2451,2451,0,24.3780578688,68.884456792,21.0503960339,9.50792799183,30.5583240257,87,25,111,82,22,104,150,506,79.934005159,114.537420305,16.419166446,24.2047714985,44.0481501418,73.5441180275,90.5336667734,-98.4262858104,0.10976019288,1.02636737075,1.04322193298,RHO_GTE_ONE_FINITE_HORIZON_ONLY,PROHIBITED_RHO_GTE_ONE
1.0,TASK3_PEAK_DURATION_SENSITIVITY_EXPLORATORY_V1,PEAK_DURATION_S29_I17_T1800,LOCAL_WINDOW_HPP_BASE_STATIONARY_EXTENSION,6,29,17,1800,OP_PEAK_DURATION_BASE_S29_I17_T1800,8a52a38f6f59e85fb97261373732e809529572ba7b33dcbdc9ed15877c918de8,TASK3_OPERATIONAL_POOLED_V1,202607290000,202609290061,202609290062,202609290063,202609290064,5000,5000,5000,2451,2451,0,34.5703209173,78.401808029,26.0899115235,18.2032960695,44.2932075931,81,40,116,68,37,105,151,528,85.339265374,114.473609867,35.3479962757,43.3875312139,44.233332505,67.6155099143,102.463414565,-60.234554565,0.0880326751554,1.02636737075,1.04322193298,RHO_GTE_ONE_FINITE_HORIZON_ONLY,PROHIBITED_RHO_GTE_ONE
1.0,TASK3_PEAK_DURATION_SENSITIVITY_EXPLORATORY_V1,PEAK_DURATION_S29_I17_T1800,LOCAL_WINDOW_HPP_BASE_STATIONARY_EXTENSION,7,29,17,1800,OP_PEAK_DURATION_BASE_S29_I17_T1800,8a52a38f6f59e85fb97261373732e809529572ba7b33dcbdc9ed15877c918de8,TASK3_OPERATIONAL_POOLED_V1,202607290000,202609290071,202609290072,202609290073,202609290074,5000,5000,5000,2499,2499,0,60.3182167537,125.812220517,59.6381698344,18.7121461593,78.3503159937,136,41,170,114,38,152,198,507,127.98012582,150.976854747,94.0692721676,92.2618361742,100.817444836,132.119926963,163.273203073,-17.1911278064,0.0990366403326,1.02636737075,1.04322193298,RHO_GTE_ONE_FINITE_HORIZON_ONLY,PROHIBITED_RHO_GTE_ONE
1.0,TASK3_PEAK_DURATION_SENSITIVITY_EXPLORATORY_V1,PEAK_DURATION_S29_I17_T1800,LOCAL_WINDOW_HPP_BASE_STATIONARY_EXTENSION,8,29,17,1800,OP_PEAK_DURATION_BASE_S29_I17_T1800,8a52a38f6f59e85fb97261373732e809529572ba7b33dcbdc9ed15877c918de8,TASK3_OPERATIONAL_POOLED_V1,202607290000,202609290081,202609290082,202609290083,202609290084,5000,5000,5000,2540,2540,0,88.3171299259,135.745699342,95.6438717421,21.174499732,116.818371474,152,45,189,144,40,184,230,488,142.893047868,175.359526615,119.835390845,141.168402382,169.112695138,171.195540411,175.713071809,49.0681451491,0.0787680555317,1.02636737075,1.04322193298,RHO_GTE_ONE_FINITE_HORIZON_ONLY,PROHIBITED_RHO_GTE_ONE
1.0,TASK3_PEAK_DURATION_SENSITIVITY_EXPLORATORY_V1,PEAK_DURATION_S29_I17_T1800,LOCAL_WINDOW_HPP_BASE_STATIONARY_EXTENSION,9,29,17,1800,OP_PEAK_DURATION_BASE_S29_I17_T1800,8a52a38f6f59e85fb97261373732e809529572ba7b33dcbdc9ed15877c918de8,TASK3_OPERATIONAL_POOLED_V1,202607290000,202609290091,202609290092,202609290093,202609290094,5000,5000,5000,2438,2438,0,38.6768759558,78.462087507,35.054873031,15.2102988139,50.2651718449,84,38,114,52,37,89,135,473,83.565322522,102.375706677,41.796557274,60.4635544649,82.0385209317,96.9532651588,100.477859682,-39.0432851303,0.0854735086167,1.02636737075,1.04322193298,RHO_GTE_ONE_FINITE_HORIZON_ONLY,PROHIBITED_RHO_GTE_ONE
1.0,TASK3_PEAK_DURATION_SENSITIVITY_EXPLORATORY_V1,PEAK_DURATION_S29_I17_T1800,LOCAL_WINDOW_HPP_BASE_STATIONARY_EXTENSION,10,29,17,1800,OP_PEAK_DURATION_BASE_S29_I17_T1800,8a52a38f6f59e85fb97261373732e809529572ba7b33dcbdc9ed15877c918de8,TASK3_OPERATIONAL_POOLED_V1,202607290000,202609290101,202609290102,202609290103,202609290104,5000,5000,5000,2436,2436,0,32.7690116906,73.371330264,24.6321774003,17.3043980624,41.9365754627,71,39,106,59,37,96,142,506,77.525482587,108.512272637,42.6389654676,44.8531082708,66.7349448348,73.1960396305,94.3974372245,-34.5308070695,0.0732554860409,1.02636737075,1.04322193298,RHO_GTE_ONE_FINITE_HORIZON_ONLY,PROHIBITED_RHO_GTE_ONE
1.0,TASK3_PEAK_DURATION_SENSITIVITY_EXPLORATORY_V1,PEAK_DURATION_S29_I17_T1800,LOCAL_WINDOW_HPP_BASE_STATIONARY_EXTENSION,11,29,17,1800,OP_PEAK_DURATION_BASE_S29_I17_T1800,8a52a38f6f59e85fb97261373732e809529572ba7b33dcbdc9ed15877c918de8,TASK3_OPERATIONAL_POOLED_V1,202607290000,202609290111,202609290112,202609290113,202609290114,5000,5000,5000,2475,2475,0,41.5581597643,84.458139472,34.8344904894,18.6656584706,53.5001489599,88,39,125,85,38,123,169,486,91.198827269,129.310686339,58.1540082488,71.8527551786,98.2124527251,95.3735065815,103.307489604,0.00925688249369,0.0632376189519,1.02636737075,1.04322193298,RHO_GTE_ONE_FINITE_HORIZON_ONLY,PROHIBITED_RHO_GTE_ONE
1.0,TASK3_PEAK_DURATION_SENSITIVITY_EXPLORATORY_V1,PEAK_DURATION_S29_I17_T1800,LOCAL_WINDOW_HPP_BASE_STATIONARY_EXTENSION,12,29,17,1800,OP_PEAK_DURATION_BASE_S29_I17_T1800,8a52a38f6f59e85fb97261373732e809529572ba7b33dcbdc9ed15877c918de8,TASK3_OPERATIONAL_POOLED_V1,202607290000,202609290121,202609290122,202609290123,202609290124,5000,5000,5000,2443,2443,0,31.5176564075,61.451049692,24.5729035984,16.1081341219,40.6810377204,57,36,91,54,35,89,135,497,66.495288079,101.686866995,51.4027795928,53.4722902049,55.0341934681,57.4300006169,76.1421510852,18.618942946,0.0296869185538,1.02636737075,1.04322193298,RHO_GTE_ONE_FINITE_HORIZON_ONLY,PROHIBITED_RHO_GTE_ONE
1.0,TASK3_PEAK_DURATION_SENSITIVITY_EXPLORATORY_V1,PEAK_DURATION_S29_I17_T1800,LOCAL_WINDOW_HPP_BASE_STATIONARY_EXTENSION,13,29,17,1800,OP_PEAK_DURATION_BASE_S29_I17_T1800,8a52a38f6f59e85fb97261373732e809529572ba7b33dcbdc9ed15877c918de8,TASK3_OPERATIONAL_POOLED_V1,202607290000,202609290131,202609290132,202609290133,202609290134,5000,5000,5000,2531,2531,0,90.3271894618,133.542093622,99.2088854487,20.572729321,119.78161477,151,44,189,136,40,176,222,493,139.944862265,171.38681775,146.798112352,144.696829968,148.9847838,158.324011033,174.813600984,102.479848882,0.0386989768485,1.02636737075,1.04322193298,RHO_GTE_ONE_FINITE_HORIZON_ONLY,PROHIBITED_RHO_GTE_ONE
1.0,TASK3_PEAK_DURATION_SENSITIVITY_EXPLORATORY_V1,PEAK_DURATION_S29_I17_T1800,LOCAL_WINDOW_HPP_BASE_STATIONARY_EXTENSION,14,29,17,1800,OP_PEAK_DURATION_BASE_S29_I17_T1800,8a52a38f6f59e85fb97261373732e809529572ba7b33dcbdc9ed15877c918de8,TASK3_OPERATIONAL_POOLED_V1,202607290000,202609290141,202609290142,202609290143,202609290144,5000,5000,5000,2350,2350,0,14.789814186,28.400607913,10.408575772,8.22182131284,18.6303970848,35,27,47,19,23,42,88,487,33.007641596,67.958407325,16.2351115999,23.9871434752,24.7545096756,26.3140630996,35.250626788,-4.96017157269,0.0224210833336,1.02636737075,1.04322193298,RHO_GTE_ONE_FINITE_HORIZON_ONLY,PROHIBITED_RHO_GTE_ONE
1.0,TASK3_PEAK_DURATION_SENSITIVITY_EXPLORATORY_V1,PEAK_DURATION_S29_I17_T1800,LOCAL_WINDOW_HPP_BASE_STATIONARY_EXTENSION,15,29,17,1800,OP_PEAK_DURATION_BASE_S29_I17_T1800,8a52a38f6f59e85fb97261373732e809529572ba7b33dcbdc9ed15877c918de8,TASK3_OPERATIONAL_POOLED_V1,202607290000,202609290151,202609290152,202609290153,202609290154,5000,5000,5000,2445,2445,0,43.7232749255,92.60928196,41.85197393,14.6456399884,56.4976139184,104,37,129,75,33,108,154,486,95.938436016,117.244814927,57.0262690832,85.9192746019,89.5175365641,115.041007935,117.130248062,-19.0704012192,0.0829609396062,1.02636737075,1.04322193298,RHO_GTE_ONE_FINITE_HORIZON_ONLY,PROHIBITED_RHO_GTE_ONE
1.0,TASK3_PEAK_DURATION_SENSITIVITY_EXPLORATORY_V1,PEAK_DURATION_S29_I17_T1800,LOCAL_WINDOW_HPP_BASE_STATIONARY_EXTENSION,16,29,17,1800,OP_PEAK_DURATION_BASE_S29_I17_T1800,8a52a38f6f59e85fb97261373732e809529572ba7b33dcbdc9ed15877c918de8,TASK3_OPERATIONAL_POOLED_V1,202607290000,202609290161,202609290162,202609290163,202609290164,5000,5000,5000,2439,2439,0,37.3945998882,67.666145756,31.2836861725,16.7614990661,48.0451852386,69,40,104,64,37,101,147,508,76.464663286,112.963696822,41.1736194532,73.9257283821,70.6358697941,66.3099402593,88.2730503654,3.1263363747,0.048101707612,1.02636737075,1.04322193298,RHO_GTE_ONE_FINITE_HORIZON_ONLY,PROHIBITED_RHO_GTE_ONE
1.0,TASK3_PEAK_DURATION_SENSITIVITY_EXPLORATORY_V1,PEAK_DURATION_S29_I17_T1800,LOCAL_WINDOW_HPP_BASE_STATIONARY_EXTENSION,17,29,17,1800,OP_PEAK_DURATION_BASE_S29_I17_T1800,8a52a38f6f59e85fb97261373732e809529572ba7b33dcbdc9ed15877c918de8,TASK3_OPERATIONAL_POOLED_V1,202607290000,202609290171,202609290172,202609290173,202609290174,5000,5000,5000,2414,2414,0,28.2025615156,53.858907957,20.8080592909,15.7601902513,36.5682495422,57,32,79,41,24,65,111,502,58.710108828,85.337575821,27.0539710823,25.8159724124,30.8164001043,41.8036410388,70.0418498716,-37.3662027519,0.0566463478917,1.02636737075,1.04322193298,RHO_GTE_ONE_FINITE_HORIZON_ONLY,PROHIBITED_RHO_GTE_ONE
1.0,TASK3_PEAK_DURATION_SENSITIVITY_EXPLORATORY_V1,PEAK_DURATION_S29_I17_T1800,LOCAL_WINDOW_HPP_BASE_STATIONARY_EXTENSION,18,29,17,1800,OP_PEAK_DURATION_BASE_S29_I17_T1800,8a52a38f6f59e85fb97261373732e809529572ba7b33dcbdc9ed15877c918de8,TASK3_OPERATIONAL_POOLED_V1,202607290000,202609290181,202609290182,202609290183,202609290184,5000,5000,5000,2430,2430,0,35.3221010018,67.0190248,27.4850771346,18.3688688838,45.8539460185,63,39,95,43,38,81,127,465,69.4962533,95.764503499,29.0818271776,49.4335906623,80.4836109791,86.3205513331,72.5303016782,-29.267955888,0.0687688387067,1.02636737075,1.04322193298,RHO_GTE_ONE_FINITE_HORIZON_ONLY,PROHIBITED_RHO_GTE_ONE
1.0,TASK3_PEAK_DURATION_SENSITIVITY_EXPLORATORY_V1,PEAK_DURATION_S29_I17_T1800,LOCAL_WINDOW_HPP_BASE_STATIONARY_EXTENSION,19,29,17,1800,OP_PEAK_DURATION_BASE_S29_I17_T1800,8a52a38f6f59e85fb97261373732e809529572ba7b33dcbdc9ed15877c918de8,TASK3_OPERATIONAL_POOLED_V1,202607290000,202609290191,202609290192,202609290193,202609290194,5000,5000,5000,2376,2376,0,27.3787454675,42.162797675,19.2871902682,16.4481867604,35.7353770286,51,34,64,0,30,30,68,464,35.758316616,51.704377124,26.3859605171,32.3519524671,36.4294997672,35.6931986959,37.0125807361,15.1287734366,0.0136636037038,1.02636737075,1.04322193298,RHO_GTE_ONE_FINITE_HORIZON_ONLY,PROHIBITED_RHO_GTE_ONE
1.0,TASK3_PEAK_DURATION_SENSITIVITY_EXPLORATORY_V1,PEAK_DURATION_S29_I17_T1800,LOCAL_WINDOW_HPP_BASE_STATIONARY_EXTENSION,20,29,17,1800,OP_PEAK_DURATION_BASE_S29_I17_T1800,8a52a38f6f59e85fb97261373732e809529572ba7b33dcbdc9ed15877c918de8,TASK3_OPERATIONAL_POOLED_V1,202607290000,202609290201,202609290202,202609290203,202609290204,5000,5000,5000,2459,2459,0,50.4595360428,81.499970766,47.0591101542,19.0436143536,66.1027245078,78,40,115,67,38,105,151,487,84.517576233,114.88463828,64.9404147354,70.3909288439,88.0294983228,92.3260548953,105.843993739,6.4994650633,0.0576346022548,1.02636737075,1.04322193298,RHO_GTE_ONE_FINITE_HORIZON_ONLY,PROHIBITED_RHO_GTE_ONE
1.0,TASK3_PEAK_DURATION_SENSITIVITY_EXPLORATORY_V1,PEAK_DURATION_S29_I17_T1800,LOCAL_WINDOW_HPP_BASE_STATIONARY_EXTENSION,21,29,17,1800,OP_PEAK_DURATION_BASE_S29_I17_T1800,8a52a38f6f59e85fb97261373732e809529572ba7b33dcbdc9ed15877c918de8,TASK3_OPERATIONAL_POOLED_V1,202607290000,202609290211,202609290212,202609290213,202609290214,5000,5000,5000,2479,2479,0,53.1582123955,111.398791064,52.3962240674,16.3376303407,68.7338544082,129,38,162,101,37,138,184,497,121.372692952,139.806955118,63.8971131716,81.0270945368,100.31315614,124.904391438,147.896120014,-55.2989078794,0.117708505881,1.02636737075,1.04322193298,RHO_GTE_ONE_FINITE_HORIZON_ONLY,PROHIBITED_RHO_GTE_ONE
1.0,TASK3_PEAK_DURATION_SENSITIVITY_EXPLORATORY_V1,PEAK_DURATION_S29_I17_T1800,LOCAL_WINDOW_HPP_BASE_STATIONARY_EXTENSION,22,29,17,1800,OP_PEAK_DURATION_BASE_S29_I17_T1800,8a52a38f6f59e85fb97261373732e809529572ba7b33dcbdc9ed15877c918de8,TASK3_OPERATIONAL_POOLED_V1,202607290000,202609290221,202609290222,202609290223,202609290224,5000,5000,5000,2442,2442,0,41.4768644725,71.269983165,34.7808277933,19.2052240976,53.9860518909,70,41,103,52,40,92,138,476,74.661253364,104.609338211,61.0248593685,82.687824528,81.628196623,90.9768697286,83.1410647661,40.500671006,0.0291785866643,1.02636737075,1.04322193298,RHO_GTE_ONE_FINITE_HORIZON_ONLY,PROHIBITED_RHO_GTE_ONE
1.0,TASK3_PEAK_DURATION_SENSITIVITY_EXPLORATORY_V1,PEAK_DURATION_S29_I17_T1800,LOCAL_WINDOW_HPP_BASE_STATIONARY_EXTENSION,23,29,17,1800,OP_PEAK_DURATION_BASE_S29_I17_T1800,8a52a38f6f59e85fb97261373732e809529572ba7b33dcbdc9ed15877c918de8,TASK3_OPERATIONAL_POOLED_V1,202607290000,202609290231,202609290232,202609290233,202609290234,5000,5000,5000,2563,2563,0,89.9165285488,158.338986565,96.7854968519,21.5071957178,118.29269257,179,46,214,164,43,207,253,500,162.02902409,194.389074341,143.097032612,162.442040329,172.292184999,190.807083372,207.310196313,57.5961796911,0.0871063169141,1.02636737075,1.04322193298,RHO_GTE_ONE_FINITE_HORIZON_ONLY,PROHIBITED_RHO_GTE_ONE
1.0,TASK3_PEAK_DURATION_SENSITIVITY_EXPLORATORY_V1,PEAK_DURATION_S29_I17_T1800,LOCAL_WINDOW_HPP_BASE_STATIONARY_EXTENSION,24,29,17,1800,OP_PEAK_DURATION_BASE_S29_I17_T1800,8a52a38f6f59e85fb97261373732e809529572ba7b33dcbdc9ed15877c918de8,TASK3_OPERATIONAL_POOLED_V1,202607290000,202609290241,202609290242,202609290243,202609290244,5000,5000,5000,2504,2504,0,52.8109086847,118.970448464,50.8058930125,17.2739609072,68.0798539196,130,39,163,115,38,153,199,489,122.887600059,150.65463026,61.8604544662,84.9317550214,111.7989816,141.431937367,154.936519362,-70.9973045393,0.134806840076,1.02636737075,1.04322193298,RHO_GTE_ONE_FINITE_HORIZON_ONLY,PROHIBITED_RHO_GTE_ONE
1.0,TASK3_PEAK_DURATION_SENSITIVITY_EXPLORATORY_V1,PEAK_DURATION_S29_I17_T1800,LOCAL_WINDOW_HPP_BASE_STATIONARY_EXTENSION,25,29,17,1800,OP_PEAK_DURATION_BASE_S29_I17_T1800,8a52a38f6f59e85fb97261373732e809529572ba7b33dcbdc9ed15877c918de8,TASK3_OPERATIONAL_POOLED_V1,202607290000,202609290251,202609290252,202609290253,202609290254,5000,5000,5000,2509,2509,0,49.6722777656,112.647956798,43.1618917315,20.1405525969,63.3024443284,127,43,163,120,40,160,206,523,122.008894555,157.038148559,54.6760530851,64.788512015,91.6434595501,117.078982058,146.728441673,-82.3133457382,0.1313306929,1.02636737075,1.04322193298,RHO_GTE_ONE_FINITE_HORIZON_ONLY,PROHIBITED_RHO_GTE_ONE
1.0,TASK3_PEAK_DURATION_SENSITIVITY_EXPLORATORY_V1,PEAK_DURATION_S29_I17_T1800,LOCAL_WINDOW_HPP_BASE_STATIONARY_EXTENSION,26,29,17,1800,OP_PEAK_DURATION_BASE_S29_I17_T1800,8a52a38f6f59e85fb97261373732e809529572ba7b33dcbdc9ed15877c918de8,TASK3_OPERATIONAL_POOLED_V1,202607290000,202609290261,202609290262,202609290263,202609290264,5000,5000,5000,2482,2482,0,43.0264545085,79.300609396,36.8373171584,18.317553124,55.1548702824,96,40,134,94,38,132,178,532,96.700089243,134.651449279,55.9988911433,68.7093388675,64.5075100117,87.9471518661,103.911712773,-10.0826712609,0.0639241423653,1.02636737075,1.04322193298,RHO_GTE_ONE_FINITE_HORIZON_ONLY,PROHIBITED_RHO_GTE_ONE
1.0,TASK3_PEAK_DURATION_SENSITIVITY_EXPLORATORY_V1,PEAK_DURATION_S29_I17_T1800,LOCAL_WINDOW_HPP_BASE_STATIONARY_EXTENSION,27,29,17,1800,OP_PEAK_DURATION_BASE_S29_I17_T1800,8a52a38f6f59e85fb97261373732e809529572ba7b33dcbdc9ed15877c918de8,TASK3_OPERATIONAL_POOLED_V1,202607290000,202609290271,202609290272,202609290273,202609290274,5000,5000,5000,2482,2482,0,47.9838098252,94.252979672,46.1908869062,16.0507883517,62.2416752579,104,37,137,92,35,127,173,515,101.597657344,132.391425906,85.1463930496,75.0637950005,83.9983978485,92.8536464949,121.926526937,23.2851624144,0.0507500662605,1.02636737075,1.04322193298,RHO_GTE_ONE_FINITE_HORIZON_ONLY,PROHIBITED_RHO_GTE_ONE
1.0,TASK3_PEAK_DURATION_SENSITIVITY_EXPLORATORY_V1,PEAK_DURATION_S29_I17_T1800,LOCAL_WINDOW_HPP_BASE_STATIONARY_EXTENSION,28,29,17,1800,OP_PEAK_DURATION_BASE_S29_I17_T1800,8a52a38f6f59e85fb97261373732e809529572ba7b33dcbdc9ed15877c918de8,TASK3_OPERATIONAL_POOLED_V1,202607290000,202609290281,202609290282,202609290283,202609290284,5000,5000,5000,2401,2401,0,34.9819242081,59.459869432,28.5933799628,16.6985475213,45.2919274841,75,38,91,33,32,65,111,475,51.345345493,85.088811108,73.0797836396,67.371255761,69.021172339,53.4689336751,59.4311457893,95.3741565808,-0.022888665437,1.02636737075,1.04322193298,RHO_GTE_ONE_FINITE_HORIZON_ONLY,PROHIBITED_RHO_GTE_ONE
1.0,TASK3_PEAK_DURATION_SENSITIVITY_EXPLORATORY_V1,PEAK_DURATION_S29_I17_T1800,LOCAL_WINDOW_HPP_BASE_STATIONARY_EXTENSION,29,29,17,1800,OP_PEAK_DURATION_BASE_S29_I17_T1800,8a52a38f6f59e85fb97261373732e809529572ba7b33dcbdc9ed15877c918de8,TASK3_OPERATIONAL_POOLED_V1,202607290000,202609290291,202609290292,202609290293,202609290294,5000,5000,5000,2516,2516,0,67.0852509195,110.203509266,67.8520068256,19.7846843489,87.6366911745,125,42,163,125,37,162,208,501,118.521862734,159.001090193,102.242812973,122.112355852,128.437502902,137.138505932,143.766661896,53.1841819666,0.0544854710701,1.02636737075,1.04322193298,RHO_GTE_ONE_FINITE_HORIZON_ONLY,PROHIBITED_RHO_GTE_ONE
1.0,TASK3_PEAK_DURATION_SENSITIVITY_EXPLORATORY_V1,PEAK_DURATION_S29_I17_T1800,LOCAL_WINDOW_HPP_BASE_STATIONARY_EXTENSION,30,29,17,1800,OP_PEAK_DURATION_BASE_S29_I17_T1800,8a52a38f6f59e85fb97261373732e809529572ba7b33dcbdc9ed15877c918de8,TASK3_OPERATIONAL_POOLED_V1,202607290000,202609290301,202609290302,202609290303,202609290304,5000,5000,5000,2390,2390,0,17.8347982398,41.714931516,12.452945712,10.5441208253,22.9970665372,47,23,60,27,17,44,90,498,44.091964271,69.142356997,36.7514436909,27.9454210892,19.4225340217,24.623991318,54.024091765,9.13559659423,0.0173465924317,1.02636737075,1.04322193298,RHO_GTE_ONE_FINITE_HORIZON_ONLY,PROHIBITED_RHO_GTE_ONE
1.0,TASK3_PEAK_DURATION_SENSITIVITY_EXPLORATORY_V1,PEAK_DURATION_S29_I17_T1800,LOCAL_WINDOW_HPP_BASE_STATIONARY_EXTENSION,31,29,17,1800,OP_PEAK_DURATION_BASE_S29_I17_T1800,8a52a38f6f59e85fb97261373732e809529572ba7b33dcbdc9ed15877c918de8,TASK3_OPERATIONAL_POOLED_V1,202607290000,202609290311,202609290312,202609290313,202609290314,5000,5000,5000,2397,2397,0,30.3054379636,51.304316733,20.5817103264,18.8788678812,39.4605782076,45,40,73,7,38,45,91,458,54.068084388,68.5692332,32.7631943446,55.5505453138,56.8102094438,65.6765245177,51.8789930017,16.2677109357,0.0268653202879,1.02636737075,1.04322193298,RHO_GTE_ONE_FINITE_HORIZON_ONLY,PROHIBITED_RHO_GTE_ONE
1.0,TASK3_PEAK_DURATION_SENSITIVITY_EXPLORATORY_V1,PEAK_DURATION_S29_I17_T1800,LOCAL_WINDOW_HPP_BASE_STATIONARY_EXTENSION,32,29,17,1800,OP_PEAK_DURATION_BASE_S29_I17_T1800,8a52a38f6f59e85fb97261373732e809529572ba7b33dcbdc9ed15877c918de8,TASK3_OPERATIONAL_POOLED_V1,202607290000,202609290321,202609290322,202609290323,202609290324,5000,5000,5000,2384,2384,0,22.2285672039,41.781561898,14.7080921836,13.9361789988,28.6442711824,39,33,64,11,32,43,89,461,46.027299876,68.266319038,33.1221023888,44.5460790256,49.7458141667,54.193396206,42.0679548418,24.080802761,0.0152994567147,1.02636737075,1.04322193298,RHO_GTE_ONE_FINITE_HORIZON_ONLY,PROHIBITED_RHO_GTE_ONE
1.0,TASK3_PEAK_DURATION_SENSITIVITY_EXPLORATORY_V1,PEAK_DURATION_S29_I17_T1800,LOCAL_WINDOW_HPP_BASE_STATIONARY_EXTENSION,33,29,17,1800,OP_PEAK_DURATION_BASE_S29_I17_T1800,8a52a38f6f59e85fb97261373732e809529572ba7b33dcbdc9ed15877c918de8,TASK3_OPERATIONAL_POOLED_V1,202607290000,202609290331,202609290332,202609290333,202609290334,5000,5000,5000,2503,2503,0,53.751071587,111.843797135,49.0111758608,20.5738651654,69.5850410262,117,44,153,105,43,148,194,490,114.795202524,148.132396161,66.6400742972,82.2016195559,112.776342462,132.131756482,146.06264964,-48.6189772221,0.115986270896,1.02636737075,1.04322193298,RHO_GTE_ONE_FINITE_HORIZON_ONLY,PROHIBITED_RHO_GTE_ONE
1.0,TASK3_PEAK_DURATION_SENSITIVITY_EXPLORATORY_V1,PEAK_DURATION_S29_I17_T1800,LOCAL_WINDOW_HPP_BASE_STATIONARY_EXTENSION,34,29,17,1800,OP_PEAK_DURATION_BASE_S29_I17_T1800,8a52a38f6f59e85fb97261373732e809529572ba7b33dcbdc9ed15877c918de8,TASK3_OPERATIONAL_POOLED_V1,202607290000,202609290341,202609290342,202609290343,202609290344,5000,5000,5000,2526,2526,0,73.5123532139,134.214599182,76.4044073865,19.9420513414,96.3464587279,151,42,187,132,40,172,218,477,139.370147801,165.936934993,111.294707833,138.765360405,149.813431364,168.596630345,174.868898912,30.9330666986,0.087210917832,1.02636737075,1.04322193298,RHO_GTE_ONE_FINITE_HORIZON_ONLY,PROHIBITED_RHO_GTE_ONE
1.0,TASK3_PEAK_DURATION_SENSITIVITY_EXPLORATORY_V1,PEAK_DURATION_S29_I17_T1800,LOCAL_WINDOW_HPP_BASE_STATIONARY_EXTENSION,35,29,17,1800,OP_PEAK_DURATION_BASE_S29_I17_T1800,8a52a38f6f59e85fb97261373732e809529572ba7b33dcbdc9ed15877c918de8,TASK3_OPERATIONAL_POOLED_V1,202607290000,202609290351,202609290352,202609290353,202609290354,5000,5000,5000,2522,2522,0,78.2642746131,127.143813006,82.6316901099,20.6203252399,103.25201535,137,43,176,127,40,167,213,485,130.896846944,161.116624586,120.268317548,114.375371466,134.090040953,157.969294985,164.168126121,39.629074716,0.0729964114804,1.02636737075,1.04322193298,RHO_GTE_ONE_FINITE_HORIZON_ONLY,PROHIBITED_RHO_GTE_ONE
1.0,TASK3_PEAK_DURATION_SENSITIVITY_EXPLORATORY_V1,PEAK_DURATION_S29_I17_T1800,LOCAL_WINDOW_HPP_BASE_STATIONARY_EXTENSION,36,29,17,1800,OP_PEAK_DURATION_BASE_S29_I17_T1800,8a52a38f6f59e85fb97261373732e809529572ba7b33dcbdc9ed15877c918de8,TASK3_OPERATIONAL_POOLED_V1,202607290000,202609290361,202609290362,202609290363,202609290364,5000,5000,5000,2426,2426,0,39.5941137647,75.722233722,32.2536746178,19.5403830001,51.7940576179,75,42,109,33,38,71,117,454,79.323027205,89.008856918,61.797100987,71.981603129,74.3381222151,98.3874699246,81.952248867,27.6541871078,0.0370645347531,1.02636737075,1.04322193298,RHO_GTE_ONE_FINITE_HORIZON_ONLY,PROHIBITED_RHO_GTE_ONE
1.0,TASK3_PEAK_DURATION_SENSITIVITY_EXPLORATORY_V1,PEAK_DURATION_S29_I17_T1800,LOCAL_WINDOW_HPP_BASE_STATIONARY_EXTENSION,37,29,17,1800,OP_PEAK_DURATION_BASE_S29_I17_T1800,8a52a38f6f59e85fb97261373732e809529572ba7b33dcbdc9ed15877c918de8,TASK3_OPERATIONAL_POOLED_V1,202607290000,202609290371,202609290372,202609290373,202609290374,5000,5000,5000,2418,2418,0,41.1318738236,67.088988466,32.8591410704,20.9134229015,53.7725639719,68,43,94,28,39,67,113,458,65.806961724,87.384878969,68.6319778255,82.4732858284,81.640030233,73.2507359215,75.4319725296,73.0025208415,0.00243191083411,1.02636737075,1.04322193298,RHO_GTE_ONE_FINITE_HORIZON_ONLY,PROHIBITED_RHO_GTE_ONE
1.0,TASK3_PEAK_DURATION_SENSITIVITY_EXPLORATORY_V1,PEAK_DURATION_S29_I17_T1800,LOCAL_WINDOW_HPP_BASE_STATIONARY_EXTENSION,38,29,17,1800,OP_PEAK_DURATION_BASE_S29_I17_T1800,8a52a38f6f59e85fb97261373732e809529572ba7b33dcbdc9ed15877c918de8,TASK3_OPERATIONAL_POOLED_V1,202607290000,202609290381,202609290382,202609290383,202609290384,5000,5000,5000,2352,2352,0,10.9343817596,28.423868329,9.32427499592,4.44848093873,13.7727559346,31,16,44,25,13,38,84,489,31.434992411,64.57100007,5.68040481504,3.53556523804,19.7708511718,31.0053016128,34.3419040287,-44.7277457283,0.0471070748901,1.02636737075,1.04322193298,RHO_GTE_ONE_FINITE_HORIZON_ONLY,PROHIBITED_RHO_GTE_ONE
1.0,TASK3_PEAK_DURATION_SENSITIVITY_EXPLORATORY_V1,PEAK_DURATION_S29_I17_T1800,LOCAL_WINDOW_HPP_BASE_STATIONARY_EXTENSION,39,29,17,1800,OP_PEAK_DURATION_BASE_S29_I17_T1800,8a52a38f6f59e85fb97261373732e809529572ba7b33dcbdc9ed15877c918de8,TASK3_OPERATIONAL_POOLED_V1,202607290000,202609290391,202609290392,202609290393,202609290394,5000,5000,5000,2428,2428,0,39.3154875716,73.943754524,34.3796785056,16.1316642501,50.5113427556,76,40,109,63,36,99,145,491,79.72649819,110.452148251,74.4937090628,70.4039606909,67.3458224846,82.4530499987,94.5492569717,38.7290209975,0.0289778806254,1.02636737075,1.04322193298,RHO_GTE_ONE_FINITE_HORIZON_ONLY,PROHIBITED_RHO_GTE_ONE
1.0,TASK3_PEAK_DURATION_SENSITIVITY_EXPLORATORY_V1,PEAK_DURATION_S29_I17_T1800,LOCAL_WINDOW_HPP_BASE_STATIONARY_EXTENSION,40,29,17,1800,OP_PEAK_DURATION_BASE_S29_I17_T1800,8a52a38f6f59e85fb97261373732e809529572ba7b33dcbdc9ed15877c918de8,TASK3_OPERATIONAL_POOLED_V1,202607290000,202609290401,202609290402,202609290403,202609290404,5000,5000,5000,2456,2456,0,44.0467718592,85.305852262,40.2034783385,16.6208677859,56.8243461244,87,39,117,79,36,115,161,513,87.484206102,122.480204171,73.9468592961,68.5541453375,66.7415801616,95.8304624202,109.651870964,8.93022832148,0.0548257446774,1.02636737075,1.04322193298,RHO_GTE_ONE_FINITE_HORIZON_ONLY,PROHIBITED_RHO_GTE_ONE
1.0,TASK3_PEAK_DURATION_SENSITIVITY_EXPLORATORY_V1,PEAK_DURATION_S29_I17_T1800,LOCAL_WINDOW_HPP_BASE_STATIONARY_EXTENSION,41,29,17,1800,OP_PEAK_DURATION_BASE_S29_I17_T1800,8a52a38f6f59e85fb97261373732e809529572ba7b33dcbdc9ed15877c918de8,TASK3_OPERATIONAL_POOLED_V1,202607290000,202609290411,202609290412,202609290413,202609290414,5000,5000,5000,2462,2462,0,52.1177417602,79.826116762,46.6782451245,21.654659701,68.3329048255,84,45,112,66,42,108,154,480,79.970288245,117.039420094,87.6570656161,93.9082120304,101.905357508,89.3582032287,97.2482031699,83.0412085812,0.00812903683657,1.02636737075,1.04322193298,RHO_GTE_ONE_FINITE_HORIZON_ONLY,PROHIBITED_RHO_GTE_ONE
1.0,TASK3_PEAK_DURATION_SENSITIVITY_EXPLORATORY_V1,PEAK_DURATION_S29_I17_T1800,LOCAL_WINDOW_HPP_BASE_STATIONARY_EXTENSION,42,29,17,1800,OP_PEAK_DURATION_BASE_S29_I17_T1800,8a52a38f6f59e85fb97261373732e809529572ba7b33dcbdc9ed15877c918de8,TASK3_OPERATIONAL_POOLED_V1,202607290000,202609290421,202609290422,202609290423,202609290424,5000,5000,5000,2422,2422,0,26.7419022155,60.921556906,19.8824824736,14.3636343471,34.2461168207,60,34,88,47,32,79,125,508,64.100746818,95.204558689,19.7690461218,23.8869297407,36.4919484792,59.6172096878,78.4666828335,-71.1978016552,0.0850697518725,1.02636737075,1.04322193298,RHO_GTE_ONE_FINITE_HORIZON_ONLY,PROHIBITED_RHO_GTE_ONE
1.0,TASK3_PEAK_DURATION_SENSITIVITY_EXPLORATORY_V1,PEAK_DURATION_S29_I17_T1800,LOCAL_WINDOW_HPP_BASE_STATIONARY_EXTENSION,43,29,17,1800,OP_PEAK_DURATION_BASE_S29_I17_T1800,8a52a38f6f59e85fb97261373732e809529572ba7b33dcbdc9ed15877c918de8,TASK3_OPERATIONAL_POOLED_V1,202607290000,202609290431,202609290432,202609290433,202609290434,5000,5000,5000,2517,2517,0,55.7530897254,108.248291196,53.2980744645,18.5498089589,71.8478834234,127,40,164,125,38,163,209,516,118.393834184,159.714662321,80.2430957297,88.6907618225,105.942858526,120.228792781,137.421036191,-2.91512490057,0.0810521732671,1.02636737075,1.04322193298,RHO_GTE_ONE_FINITE_HORIZON_ONLY,PROHIBITED_RHO_GTE_ONE
1.0,TASK3_PEAK_DURATION_SENSITIVITY_EXPLORATORY_V1,PEAK_DURATION_S29_I17_T1800,LOCAL_WINDOW_HPP_BASE_STATIONARY_EXTENSION,44,29,17,1800,OP_PEAK_DURATION_BASE_S29_I17_T1800,8a52a38f6f59e85fb97261373732e809529572ba7b33dcbdc9ed15877c918de8,TASK3_OPERATIONAL_POOLED_V1,202607290000,202609290441,202609290442,202609290443,202609290444,5000,5000,5000,2475,2475,0,53.5790010295,117.85938197,55.1816647401,13.3958338884,68.5774986285,140,35,167,115,33,148,194,494,124.640328827,148.607678678,74.934825509,88.7156967429,114.215353039,132.725508454,154.515338782,-39.3567841871,0.11287268792,1.02636737075,1.04322193298,RHO_GTE_ONE_FINITE_HORIZON_ONLY,PROHIBITED_RHO_GTE_ONE
1.0,TASK3_PEAK_DURATION_SENSITIVITY_EXPLORATORY_V1,PEAK_DURATION_S29_I17_T1800,LOCAL_WINDOW_HPP_BASE_STATIONARY_EXTENSION,45,29,17,1800,OP_PEAK_DURATION_BASE_S29_I17_T1800,8a52a38f6f59e85fb97261373732e809529572ba7b33dcbdc9ed15877c918de8,TASK3_OPERATIONAL_POOLED_V1,202607290000,202609290451,202609290452,202609290453,202609290454,5000,5000,5000,2510,2510,0,56.5891338824,118.381007203,56.892253604,16.1914110674,73.0836646713,131,37,162,122,37,159,205,482,122.272089948,156.559797666,77.4964569766,112.50755995,144.714833293,146.414312148,154.327720228,-13.5847825071,0.104205154834,1.02636737075,1.04322193298,RHO_GTE_ONE_FINITE_HORIZON_ONLY,PROHIBITED_RHO_GTE_ONE
1.0,TASK3_PEAK_DURATION_SENSITIVITY_EXPLORATORY_V1,PEAK_DURATION_S29_I17_T1800,LOCAL_WINDOW_HPP_BASE_STATIONARY_EXTENSION,46,29,17,1800,OP_PEAK_DURATION_BASE_S29_I17_T1800,8a52a38f6f59e85fb97261373732e809529572ba7b33dcbdc9ed15877c918de8,TASK3_OPERATIONAL_POOLED_V1,202607290000,202609290461,202609290462,202609290463,202609290464,5000,5000,5000,2437,2437,0,54.1490896092,73.075693942,51.9018961169,19.4363669042,71.3382630211,85,41,103,45,38,83,129,480,63.056744699,98.578858493,88.8740867856,91.5779083535,75.0601540564,71.4273787219,75.700802492,115.400889746,-0.0258317212327,1.02636737075,1.04322193298,RHO_GTE_ONE_FINITE_HORIZON_ONLY,PROHIBITED_RHO_GTE_ONE
1.0,TASK3_PEAK_DURATION_SENSITIVITY_EXPLORATORY_V1,PEAK_DURATION_S29_I17_T1800,LOCAL_WINDOW_HPP_BASE_STATIONARY_EXTENSION,47,29,17,1800,OP_PEAK_DURATION_BASE_S29_I17_T1800,8a52a38f6f59e85fb97261373732e809529572ba7b33dcbdc9ed15877c918de8,TASK3_OPERATIONAL_POOLED_V1,202607290000,202609290471,202609290472,202609290473,202609290474,5000,5000,5000,2422,2422,0,41.529016075,71.471200867,39.6599880518,14.582984165,54.2429722168,82,35,101,44,32,76,122,465,66.138708119,92.749548738,79.2429682827,74.3890500472,89.5193569665,75.9310787347,68.503027694,92.4704857124,-0.0110765847166,1.02636737075,1.04322193298,RHO_GTE_ONE_FINITE_HORIZON_ONLY,PROHIBITED_RHO_GTE_ONE
1.0,TASK3_PEAK_DURATION_SENSITIVITY_EXPLORATORY_V1,PEAK_DURATION_S29_I17_T1800,LOCAL_WINDOW_HPP_BASE_STATIONARY_EXTENSION,48,29,17,1800,OP_PEAK_DURATION_BASE_S29_I17_T1800,8a52a38f6f59e85fb97261373732e809529572ba7b33dcbdc9ed15877c918de8,TASK3_OPERATIONAL_POOLED_V1,202607290000,202609290481,202609290482,202609290483,202609290484,5000,5000,5000,2423,2423,0,24.2650690582,45.501573166,13.491386704,17.7422964835,31.2336831875,40,37,72,33,35,68,114,511,52.044771595,86.709179097,36.8536662248,38.3908004712,30.1776853442,37.4512599623,53.239007558,15.349127294,0.0176839678652,1.02636737075,1.04322193298,RHO_GTE_ONE_FINITE_HORIZON_ONLY,PROHIBITED_RHO_GTE_ONE
1.0,TASK3_PEAK_DURATION_SENSITIVITY_EXPLORATORY_V1,PEAK_DURATION_S29_I17_T1800,LOCAL_WINDOW_HPP_BASE_STATIONARY_EXTENSION,49,29,17,1800,OP_PEAK_DURATION_BASE_S29_I17_T1800,8a52a38f6f59e85fb97261373732e809529572ba7b33dcbdc9ed15877c918de8,TASK3_OPERATIONAL_POOLED_V1,202607290000,202609290491,202609290492,202609290493,202609290494,5000,5000,5000,2524,2524,0,71.4942277058,119.748411216,73.9849602137,19.376211812,93.3611720257,138,41,176,135,39,174,220,494,129.145940006,167.284681944,113.060030599,126.775581267,142.72988949,140.107936456,156.122637399,61.1660384498,0.0552542048831,1.02636737075,1.04322193298,RHO_GTE_ONE_FINITE_HORIZON_ONLY,PROHIBITED_RHO_GTE_ONE
1.0,TASK3_PEAK_DURATION_SENSITIVITY_EXPLORATORY_V1,PEAK_DURATION_S29_I17_T1800,LOCAL_WINDOW_HPP_BASE_STATIONARY_EXTENSION,50,29,17,1800,OP_PEAK_DURATION_BASE_S29_I17_T1800,8a52a38f6f59e85fb97261373732e809529572ba7b33dcbdc9ed15877c918de8,TASK3_OPERATIONAL_POOLED_V1,202607290000,202609290501,202609290502,202609290503,202609290504,5000,5000,5000,2462,2462,0,58.3337275406,104.924363192,56.977298595,19.4233217824,76.4006203774,121,44,145,79,39,118,164,452,104.531712375,123.32875801,91.5735306277,123.358361312,135.161654776,127.889837904,121.58122455,71.5027735062,0.0358593691316,1.02636737075,1.04322193298,RHO_GTE_ONE_FINITE_HORIZON_ONLY,PROHIBITED_RHO_GTE_ONE
1.0,TASK3_PEAK_DURATION_SENSITIVITY_EXPLORATORY_V1,PEAK_DURATION_S29_I17_T3600,LOCAL_WINDOW_HPP_BASE_STATIONARY_EXTENSION,1,29,17,3600,OP_PEAK_DURATION_BASE_S29_I17_T3600,a1d12fb057c77d9d393a6834dfac3bc556f7286866f25e9bd0cd43c35d293d50,TASK3_OPERATIONAL_POOLED_V1,202607290000,202609290011,202609290012,202609290013,202609290014,5712,5712,5712,4900,4900,0,66.6736560271,145.310880903,52.2072353228,34.1246045043,86.3318398272,142,74,212,120,73,193,239,971,155.619332488,182.217183752,78.4414325266,123.484206964,156.816589386,164.684893819,188.476679042,-53.5726245675,0.0725753277464,1.02636737075,1.04322193298,RHO_GTE_ONE_FINITE_HORIZON_ONLY,PROHIBITED_RHO_GTE_ONE
1.0,TASK3_PEAK_DURATION_SENSITIVITY_EXPLORATORY_V1,PEAK_DURATION_S29_I17_T3600,LOCAL_WINDOW_HPP_BASE_STATIONARY_EXTENSION,2,29,17,3600,OP_PEAK_DURATION_BASE_S29_I17_T3600,a1d12fb057c77d9d393a6834dfac3bc556f7286866f25e9bd0cd43c35d293d50,TASK3_OPERATIONAL_POOLED_V1,202607290000,202609290021,202609290022,202609290023,202609290024,5712,5712,5712,4815,4815,0,61.8478066326,99.818990723,41.8681496468,39.1698164073,81.0379660541,78,81,141,30,75,105,151,924,103.475650142,116.046610217,98.7135079855,112.710380006,122.078757058,124.157772835,109.555833231,88.5942177331,0.00920334536666,1.02636737075,1.04322193298,RHO_GTE_ONE_FINITE_HORIZON_ONLY,PROHIBITED_RHO_GTE_ONE
1.0,TASK3_PEAK_DURATION_SENSITIVITY_EXPLORATORY_V1,PEAK_DURATION_S29_I17_T3600,LOCAL_WINDOW_HPP_BASE_STATIONARY_EXTENSION,3,29,17,3600,OP_PEAK_DURATION_BASE_S29_I17_T3600,a1d12fb057c77d9d393a6834dfac3bc556f7286866f25e9bd0cd43c35d293d50,TASK3_OPERATIONAL_POOLED_V1,202607290000,202609290031,202609290032,202609290033,202609290034,5712,5712,5712,4949,4949,0,72.7992080595,170.36848488,68.692409208,23.4902634929,92.1826727009,211,63,269,208,58,266,312,1055,196.196809596,238.873179589,117.426412896,132.29211764,149.52939602,149.963888401,222.059858682,-15.949662022,0.0630385173146,1.02636737075,1.04322193298,RHO_GTE_ONE_FINITE_HORIZON_ONLY,PROHIBITED_RHO_GTE_ONE
1.0,TASK3_PEAK_DURATION_SENSITIVITY_EXPLORATORY_V1,PEAK_DURATION_S29_I17_T3600,LOCAL_WINDOW_HPP_BASE_STATIONARY_EXTENSION,4,29,17,3600,OP_PEAK_DURATION_BASE_S29_I17_T3600,a1d12fb057c77d9d393a6834dfac3bc556f7286866f25e9bd0cd43c35d293d50,TASK3_OPERATIONAL_POOLED_V1,202607290000,202609290041,202609290042,202609290043,202609290044,5712,5712,5712,4855,4855,0,57.266264203,110.087869743,38.3405751413,35.8955105338,74.2360856751,83,77,154,80,74,154,200,977,115.126025926,152.315883853,91.2546105552,74.8591755395,100.159875242,120.975752131,141.47332517,-4.1709566384,0.0407094460614,1.02636737075,1.04322193298,RHO_GTE_ONE_FINITE_HORIZON_ONLY,PROHIBITED_RHO_GTE_ONE
1.0,TASK3_PEAK_DURATION_SENSITIVITY_EXPLORATORY_V1,PEAK_DURATION_S29_I17_T3600,LOCAL_WINDOW_HPP_BASE_STATIONARY_EXTENSION,5,29,17,3600,OP_PEAK_DURATION_BASE_S29_I17_T3600,a1d12fb057c77d9d393a6834dfac3bc556f7286866f25e9bd0cd43c35d293d50,TASK3_OPERATIONAL_POOLED_V1,202607290000,202609290051,202609290052,202609290053,202609290054,5712,5712,5712,4847,4847,0,59.1855625421,111.993782556,50.905091548,26.098722562,77.00381411,117,65,156,83,64,147,193,967,115.915419581,147.00495733,124.722946119,100.10222456,117.45983547,131.586723506,143.374791315,71.8581621908,0.0191078303717,1.02636737075,1.04322193298,RHO_GTE_ONE_FINITE_HORIZON_ONLY,PROHIBITED_RHO_GTE_ONE
1.0,TASK3_PEAK_DURATION_SENSITIVITY_EXPLORATORY_V1,PEAK_DURATION_S29_I17_T3600,LOCAL_WINDOW_HPP_BASE_STATIONARY_EXTENSION,6,29,17,3600,OP_PEAK_DURATION_BASE_S29_I17_T3600,a1d12fb057c77d9d393a6834dfac3bc556f7286866f25e9bd0cd43c35d293d50,TASK3_OPERATIONAL_POOLED_V1,202607290000,202609290061,202609290062,202609290063,202609290064,5712,5712,5712,4963,4963,0,79.364877884,186.773430984,64.3706081672,37.2436517371,101.614259904,195,79,269,186,76,262,308,1057,201.508101819,235.28490121,100.999491864,124.041758053,148.92946966,177.306552821,243.39928868,-94.6129790847,0.0939067745557,1.02636737075,1.04322193298,RHO_GTE_ONE_FINITE_HORIZON_ONLY,PROHIBITED_RHO_GTE_ONE
1.0,TASK3_PEAK_DURATION_SENSITIVITY_EXPLORATORY_V1,PEAK_DURATION_S29_I17_T3600,LOCAL_WINDOW_HPP_BASE_STATIONARY_EXTENSION,7,29,17,3600,OP_PEAK_DURATION_BASE_S29_I17_T3600,a1d12fb057c77d9d393a6834dfac3bc556f7286866f25e9bd0cd43c35d293d50,TASK3_OPERATIONAL_POOLED_V1,202607290000,202609290071,202609290072,202609290073,202609290074,5712,5712,5712,4943,4943,0,110.795594653,176.676482965,107.379948207,38.037966218,145.417914425,177,79,244,165,77,242,288,958,181.485117124,219.564395413,182.921435001,209.908843804,222.45056267,220.154001831,226.992720971,138.69471538,0.0273299249909,1.02636737075,1.04322193298,RHO_GTE_ONE_FINITE_HORIZON_ONLY,PROHIBITED_RHO_GTE_ONE
1.0,TASK3_PEAK_DURATION_SENSITIVITY_EXPLORATORY_V1,PEAK_DURATION_S29_I17_T3600,LOCAL_WINDOW_HPP_BASE_STATIONARY_EXTENSION,8,29,17,3600,OP_PEAK_DURATION_BASE_S29_I17_T3600,a1d12fb057c77d9d393a6834dfac3bc556f7286866f25e9bd0cd43c35d293d50,TASK3_OPERATIONAL_POOLED_V1,202607290000,202609290081,202609290082,202609290083,202609290084,5712,5712,5712,4993,4993,0,135.218734787,208.951766319,137.921199117,40.529775242,178.450974359,217,84,291,208,76,284,330,972,219.274672547,251.541344797,199.898310188,227.768183421,248.297197914,250.27506252,274.179132175,111.782184939,0.0475190341868,1.02636737075,1.04322193298,RHO_GTE_ONE_FINITE_HORIZON_ONLY,PROHIBITED_RHO_GTE_ONE
1.0,TASK3_PEAK_DURATION_SENSITIVITY_EXPLORATORY_V1,PEAK_DURATION_S29_I17_T3600,LOCAL_WINDOW_HPP_BASE_STATIONARY_EXTENSION,9,29,17,3600,OP_PEAK_DURATION_BASE_S29_I17_T3600,a1d12fb057c77d9d393a6834dfac3bc556f7286866f25e9bd0cd43c35d293d50,TASK3_OPERATIONAL_POOLED_V1,202607290000,202609290091,202609290092,202609290093,202609290094,5712,5712,5712,4887,4887,0,81.7169753816,146.252554935,72.6926698195,34.1699588378,106.862628657,146,76,210,114,71,185,231,948,156.753857063,175.925366315,120.539883043,156.556962889,162.998995071,191.869364324,185.335222021,39.7827759257,0.0458064109422,1.02636737075,1.04322193298,RHO_GTE_ONE_FINITE_HORIZON_ONLY,PROHIBITED_RHO_GTE_ONE
1.0,TASK3_PEAK_DURATION_SENSITIVITY_EXPLORATORY_V1,PEAK_DURATION_S29_I17_T3600,LOCAL_WINDOW_HPP_BASE_STATIONARY_EXTENSION,10,29,17,3600,OP_PEAK_DURATION_BASE_S29_I17_T3600,a1d12fb057c77d9d393a6834dfac3bc556f7286866f25e9bd0cd43c35d293d50,TASK3_OPERATIONAL_POOLED_V1,202607290000,202609290101,202609290102,202609290103,202609290104,5712,5712,5712,4814,4814,0,50.2891361639,88.364587771,28.6559658381,36.5968424634,65.2528083015,71,78,134,45,74,119,165,979,98.180081667,125.764377073,90.7896687905,70.7065248593,68.2823231358,96.2683406503,116.798348266,30.3846600846,0.0215497707614,1.02636737075,1.04322193298,RHO_GTE_ONE_FINITE_HORIZON_ONLY,PROHIBITED_RHO_GTE_ONE
1.0,TASK3_PEAK_DURATION_SENSITIVITY_EXPLORATORY_V1,PEAK_DURATION_S29_I17_T3600,LOCAL_WINDOW_HPP_BASE_STATIONARY_EXTENSION,11,29,17,3600,OP_PEAK_DURATION_BASE_S29_I17_T3600,a1d12fb057c77d9d393a6834dfac3bc556f7286866f25e9bd0cd43c35d293d50,TASK3_OPERATIONAL_POOLED_V1,202607290000,202609290111,202609290112,202609290113,202609290114,5712,5712,5712,4870,4870,0,74.5690440851,132.443886474,59.977023516,37.591500741,97.568524257,113,78,183,87,75,162,208,961,137.491941836,159.459329311,119.999827792,126.25333811,131.298303777,159.96316614,170.669861952,40.3494772919,0.0375138600971,1.02636737075,1.04322193298,RHO_GTE_ONE_FINITE_HORIZON_ONLY,PROHIBITED_RHO_GTE_ONE
1.0,TASK3_PEAK_DURATION_SENSITIVITY_EXPLORATORY_V1,PEAK_DURATION_S29_I17_T3600,LOCAL_WINDOW_HPP_BASE_STATIONARY_EXTENSION,12,29,17,3600,OP_PEAK_DURATION_BASE_S29_I17_T3600,a1d12fb057c77d9d393a6834dfac3bc556f7286866f25e9bd0cd43c35d293d50,TASK3_OPERATIONAL_POOLED_V1,202607290000,202609290121,202609290122,202609290123,202609290124,5712,5712,5712,4953,4953,0,83.855841264,184.838076197,73.8853283914,34.6630966975,108.548425089,190,75,255,171,74,245,291,990,190.708716668,221.375506762,102.276403689,139.882999333,173.44233621,229.86643347,236.610889584,-92.5734919874,0.0996256683129,1.02636737075,1.04322193298,RHO_GTE_ONE_FINITE_HORIZON_ONLY,PROHIBITED_RHO_GTE_ONE
1.0,TASK3_PEAK_DURATION_SENSITIVITY_EXPLORATORY_V1,PEAK_DURATION_S29_I17_T3600,LOCAL_WINDOW_HPP_BASE_STATIONARY_EXTENSION,13,29,17,3600,OP_PEAK_DURATION_BASE_S29_I17_T3600,a1d12fb057c77d9d393a6834dfac3bc556f7286866f25e9bd0cd43c35d293d50,TASK3_OPERATIONAL_POOLED_V1,202607290000,202609290131,202609290132,202609290133,202609290134,5712,5712,5712,4925,4925,0,127.276280467,185.760688143,128.656417252,39.9246758929,168.581093145,186,82,253,140,79,219,265,950,190.513997534,200.659545022,199.959142206,213.399104073,210.485809684,230.096705351,232.962096285,155.352939442,0.0229731970658,1.02636737075,1.04322193298,RHO_GTE_ONE_FINITE_HORIZON_ONLY,PROHIBITED_RHO_GTE_ONE
1.0,TASK3_PEAK_DURATION_SENSITIVITY_EXPLORATORY_V1,PEAK_DURATION_S29_I17_T3600,LOCAL_WINDOW_HPP_BASE_STATIONARY_EXTENSION,14,29,17,3600,OP_PEAK_DURATION_BASE_S29_I17_T3600,a1d12fb057c77d9d393a6834dfac3bc556f7286866f25e9bd0cd43c35d293d50,TASK3_OPERATIONAL_POOLED_V1,202607290000,202609290141,202609290142,202609290143,202609290144,5712,5712,5712,4877,4877,0,64.4014086259,155.32040412,56.7388941283,25.1520055458,81.8908996741,167,66,223,157,60,217,263,971,166.242444066,200.603469149,68.6961730654,111.415020712,153.854635865,192.090548768,199.700632906,-111.86193354,0.0951901243716,1.02636737075,1.04322193298,RHO_GTE_ONE_FINITE_HORIZON_ONLY,PROHIBITED_RHO_GTE_ONE
1.0,TASK3_PEAK_DURATION_SENSITIVITY_EXPLORATORY_V1,PEAK_DURATION_S29_I17_T3600,LOCAL_WINDOW_HPP_BASE_STATIONARY_EXTENSION,15,29,17,3600,OP_PEAK_DURATION_BASE_S29_I17_T3600,a1d12fb057c77d9d393a6834dfac3bc556f7286866f25e9bd0cd43c35d293d50,TASK3_OPERATIONAL_POOLED_V1,202607290000,202609290151,202609290152,202609290153,202609290154,5712,5712,5712,4940,4940,0,91.0292950633,179.858002719,84.317052959,33.5527737542,117.869826713,188,75,251,176,73,249,295,985,186.966519286,225.111572363,124.095564561,133.250078755,186.320610578,219.098248736,233.44569491,-49.1692835025,0.0845967863001,1.02636737075,1.04322193298,RHO_GTE_ONE_FINITE_HORIZON_ONLY,PROHIBITED_RHO_GTE_ONE
1.0,TASK3_PEAK_DURATION_SENSITIVITY_EXPLORATORY_V1,PEAK_DURATION_S29_I17_T3600,LOCAL_WINDOW_HPP_BASE_STATIONARY_EXTENSION,16,29,17,3600,OP_PEAK_DURATION_BASE_S29_I17_T3600,a1d12fb057c77d9d393a6834dfac3bc556f7286866f25e9bd0cd43c35d293d50,TASK3_OPERATIONAL_POOLED_V1,202607290000,202609290161,202609290162,202609290163,202609290164,5712,5712,5712,4775,4775,0,55.011465987,83.724280573,35.7668267557,36.0041637584,71.7709905141,83,78,121,9,74,83,129,931,83.658719174,98.600060458,96.6409405199,85.0229342563,105.135045961,98.1152618565,92.569796355,91.7842663368,0.00137501090845,1.02636737075,1.04322193298,RHO_GTE_ONE_FINITE_HORIZON_ONLY,PROHIBITED_RHO_GTE_ONE
1.0,TASK3_PEAK_DURATION_SENSITIVITY_EXPLORATORY_V1,PEAK_DURATION_S29_I17_T3600,LOCAL_WINDOW_HPP_BASE_STATIONARY_EXTENSION,17,29,17,3600,OP_PEAK_DURATION_BASE_S29_I17_T3600,a1d12fb057c77d9d393a6834dfac3bc556f7286866f25e9bd0cd43c35d293d50,TASK3_OPERATIONAL_POOLED_V1,202607290000,202609290171,202609290172,202609290173,202609290174,5712,5712,5712,4822,4822,0,42.3768930511,75.246772388,23.8136763419,31.0165815228,54.8302578647,67,70,129,53,67,120,166,986,93.66451164,126.71237378,46.5341046578,66.2809871516,77.6916662489,72.606072654,102.348500224,-15.373141289,0.032764965732,1.02636737075,1.04322193298,RHO_GTE_ONE_FINITE_HORIZON_ONLY,PROHIBITED_RHO_GTE_ONE
1.0,TASK3_PEAK_DURATION_SENSITIVITY_EXPLORATORY_V1,PEAK_DURATION_S29_I17_T3600,LOCAL_WINDOW_HPP_BASE_STATIONARY_EXTENSION,18,29,17,3600,OP_PEAK_DURATION_BASE_S29_I17_T3600,a1d12fb057c77d9d393a6834dfac3bc556f7286866f25e9bd0cd43c35d293d50,TASK3_OPERATIONAL_POOLED_V1,202607290000,202609290181,202609290182,202609290183,202609290184,5712,5712,5712,4837,4837,0,65.0997496595,113.515218523,47.7678288962,37.3404261491,85.1082550453,101,77,168,58,76,134,180,938,123.100807949,137.128139863,108.23475199,108.987793289,114.550046206,146.219316395,143.820912481,43.0596810076,0.0301121789128,1.02636737075,1.04322193298,RHO_GTE_ONE_FINITE_HORIZON_ONLY,PROHIBITED_RHO_GTE_ONE
1.0,TASK3_PEAK_DURATION_SENSITIVITY_EXPLORATORY_V1,PEAK_DURATION_S29_I17_T3600,LOCAL_WINDOW_HPP_BASE_STATIONARY_EXTENSION,19,29,17,3600,OP_PEAK_DURATION_BASE_S29_I17_T3600,a1d12fb057c77d9d393a6834dfac3bc556f7286866f25e9bd0cd43c35d293d50,TASK3_OPERATIONAL_POOLED_V1,202607290000,202609290191,202609290192,202609290193,202609290194,5712,5712,5712,4898,4898,0,57.1725955444,131.61338321,45.5286005778,28.0483639067,73.5769644845,134,62,192,129,61,190,236,1002,139.865944612,180.24776415,33.7945160155,83.8362106096,113.658185551,157.272443007,168.531404519,-145.763955113,0.09525278039,1.02636737075,1.04322193298,RHO_GTE_ONE_FINITE_HORIZON_ONLY,PROHIBITED_RHO_GTE_ONE
1.0,TASK3_PEAK_DURATION_SENSITIVITY_EXPLORATORY_V1,PEAK_DURATION_S29_I17_T3600,LOCAL_WINDOW_HPP_BASE_STATIONARY_EXTENSION,20,29,17,3600,OP_PEAK_DURATION_BASE_S29_I17_T3600,a1d12fb057c77d9d393a6834dfac3bc556f7286866f25e9bd0cd43c35d293d50,TASK3_OPERATIONAL_POOLED_V1,202607290000,202609290201,202609290202,202609290203,202609290204,5712,5712,5712,4921,4921,0,87.8848597767,165.837702662,76.4540412643,38.365352101,114.819393365,157,79,229,136,79,215,261,966,170.346698342,197.202504357,108.231807195,141.164177928,155.915665287,200.873368199,211.495292505,-36.1410584464,0.0739544891367,1.02636737075,1.04322193298,RHO_GTE_ONE_FINITE_HORIZON_ONLY,PROHIBITED_RHO_GTE_ONE
1.0,TASK3_PEAK_DURATION_SENSITIVITY_EXPLORATORY_V1,PEAK_DURATION_S29_I17_T3600,LOCAL_WINDOW_HPP_BASE_STATIONARY_EXTENSION,21,29,17,3600,OP_PEAK_DURATION_BASE_S29_I17_T3600,a1d12fb057c77d9d393a6834dfac3bc556f7286866f25e9bd0cd43c35d293d50,TASK3_OPERATIONAL_POOLED_V1,202607290000,202609290211,202609290212,202609290213,202609290214,5712,5712,5712,5000,5000,0,115.39152489,234.134404009,114.381186966,35.5442455412,149.925432508,252,76,324,232,72,304,350,997,242.376496396,267.9887733,166.488410152,194.082699015,218.975851892,269.542524023,306.495567953,-35.4885948501,0.098742816836,1.02636737075,1.04322193298,RHO_GTE_ONE_FINITE_HORIZON_ONLY,PROHIBITED_RHO_GTE_ONE
1.0,TASK3_PEAK_DURATION_SENSITIVITY_EXPLORATORY_V1,PEAK_DURATION_S29_I17_T3600,LOCAL_WINDOW_HPP_BASE_STATIONARY_EXTENSION,22,29,17,3600,OP_PEAK_DURATION_BASE_S29_I17_T3600,a1d12fb057c77d9d393a6834dfac3bc556f7286866f25e9bd0cd43c35d293d50,TASK3_OPERATIONAL_POOLED_V1,202607290000,202609290221,202609290222,202609290223,202609290224,5712,5712,5712,4904,4904,0,73.8601692975,129.655073278,57.3353531388,38.5361388066,95.8714919454,126,80,202,125,74,199,245,988,145.242457591,188.510245225,102.947792849,112.912446333,147.19411988,154.411939671,171.318361266,4.07645937051,0.049511286159,1.02636737075,1.04322193298,RHO_GTE_ONE_FINITE_HORIZON_ONLY,PROHIBITED_RHO_GTE_ONE
1.0,TASK3_PEAK_DURATION_SENSITIVITY_EXPLORATORY_V1,PEAK_DURATION_S29_I17_T3600,LOCAL_WINDOW_HPP_BASE_STATIONARY_EXTENSION,23,29,17,3600,OP_PEAK_DURATION_BASE_S29_I17_T3600,a1d12fb057c77d9d393a6834dfac3bc556f7286866f25e9bd0cd43c35d293d50,TASK3_OPERATIONAL_POOLED_V1,202607290000,202609290231,202609290232,202609290233,202609290234,5712,5712,5712,5015,5015,0,137.69724635,225.760155239,140.480458258,40.8646474699,181.345105728,239,84,311,230,77,307,353,983,234.097260115,269.08015516,205.218524382,212.120244397,240.935761331,269.906580918,293.806483399,68.1758279678,0.0652672929325,1.02636737075,1.04322193298,RHO_GTE_ONE_FINITE_HORIZON_ONLY,PROHIBITED_RHO_GTE_ONE
1.0,TASK3_PEAK_DURATION_SENSITIVITY_EXPLORATORY_V1,PEAK_DURATION_S29_I17_T3600,LOCAL_WINDOW_HPP_BASE_STATIONARY_EXTENSION,24,29,17,3600,OP_PEAK_DURATION_BASE_S29_I17_T3600,a1d12fb057c77d9d393a6834dfac3bc556f7286866f25e9bd0cd43c35d293d50,TASK3_OPERATIONAL_POOLED_V1,202607290000,202609290241,202609290242,202609290243,202609290244,5712,5712,5712,4959,4959,0,95.1452804538,158.58241362,87.3292863153,36.4410955985,123.770381914,180,78,254,179,75,254,300,1018,184.053085545,229.409154172,143.040827742,163.412849236,185.747961247,195.812604426,209.290306889,55.7868747955,0.0458051981898,1.02636737075,1.04322193298,RHO_GTE_ONE_FINITE_HORIZON_ONLY,PROHIBITED_RHO_GTE_ONE
1.0,TASK3_PEAK_DURATION_SENSITIVITY_EXPLORATORY_V1,PEAK_DURATION_S29_I17_T3600,LOCAL_WINDOW_HPP_BASE_STATIONARY_EXTENSION,25,29,17,3600,OP_PEAK_DURATION_BASE_S29_I17_T3600,a1d12fb057c77d9d393a6834dfac3bc556f7286866f25e9bd0cd43c35d293d50,TASK3_OPERATIONAL_POOLED_V1,202607290000,202609290251,202609290252,202609290253,202609290254,5712,5712,5712,4969,4969,0,99.5732735631,182.326587029,89.9219812006,39.5049410776,129.426922278,194,82,269,186,80,266,312,1031,202.804678313,238.29359328,171.533742112,185.306268714,181.558300805,201.555854641,237.802834869,83.9605716474,0.0413299365114,1.02636737075,1.04322193298,RHO_GTE_ONE_FINITE_HORIZON_ONLY,PROHIBITED_RHO_GTE_ONE
1.0,TASK3_PEAK_DURATION_SENSITIVITY_EXPLORATORY_V1,PEAK_DURATION_S29_I17_T3600,LOCAL_WINDOW_HPP_BASE_STATIONARY_EXTENSION,26,29,17,3600,OP_PEAK_DURATION_BASE_S29_I17_T3600,a1d12fb057c77d9d393a6834dfac3bc556f7286866f25e9bd0cd43c35d293d50,TASK3_OPERATIONAL_POOLED_V1,202607290000,202609290261,202609290262,202609290263,202609290264,5712,5712,5712,4949,4949,0,86.0644203036,171.395423374,73.847761986,37.6069682698,111.454730256,172,80,247,170,74,244,290,1025,178.495093668,221.930943936,143.531999111,146.091186331,149.36316638,176.23163857,223.554960754,25.1148085851,0.0528295487571,1.02636737075,1.04322193298,RHO_GTE_ONE_FINITE_HORIZON_ONLY,PROHIBITED_RHO_GTE_ONE
1.0,TASK3_PEAK_DURATION_SENSITIVITY_EXPLORATORY_V1,PEAK_DURATION_S29_I17_T3600,LOCAL_WINDOW_HPP_BASE_STATIONARY_EXTENSION,27,29,17,3600,OP_PEAK_DURATION_BASE_S29_I17_T3600,a1d12fb057c77d9d393a6834dfac3bc556f7286866f25e9bd0cd43c35d293d50,TASK3_OPERATIONAL_POOLED_V1,202607290000,202609290271,202609290272,202609290273,202609290274,5712,5712,5712,4935,4935,0,87.9136799404,164.103387077,79.4699726015,35.1020358825,114.572008484,160,76,229,153,74,227,273,978,170.945309951,208.573244088,122.867939743,127.077669206,167.740317138,208.750847004,208.074935459,-22.1630352112,0.0700242136746,1.02636737075,1.04322193298,RHO_GTE_ONE_FINITE_HORIZON_ONLY,PROHIBITED_RHO_GTE_ONE
1.0,TASK3_PEAK_DURATION_SENSITIVITY_EXPLORATORY_V1,PEAK_DURATION_S29_I17_T3600,LOCAL_WINDOW_HPP_BASE_STATIONARY_EXTENSION,28,29,17,3600,OP_PEAK_DURATION_BASE_S29_I17_T3600,a1d12fb057c77d9d393a6834dfac3bc556f7286866f25e9bd0cd43c35d293d50,TASK3_OPERATIONAL_POOLED_V1,202607290000,202609290281,202609290282,202609290283,202609290284,5712,5712,5712,4911,4911,0,78.5155794466,170.14480621,65.513001785,35.885543731,101.398545516,165,77,232,148,75,223,269,968,172.608099026,204.612118124,81.1506571683,111.757207828,164.310094443,210.29347324,220.01438506,-124.692627348,0.104517700332,1.02636737075,1.04322193298,RHO_GTE_ONE_FINITE_HORIZON_ONLY,PROHIBITED_RHO_GTE_ONE
1.0,TASK3_PEAK_DURATION_SENSITIVITY_EXPLORATORY_V1,PEAK_DURATION_S29_I17_T3600,LOCAL_WINDOW_HPP_BASE_STATIONARY_EXTENSION,29,29,17,3600,OP_PEAK_DURATION_BASE_S29_I17_T3600,a1d12fb057c77d9d393a6834dfac3bc556f7286866f25e9bd0cd43c35d293d50,TASK3_OPERATIONAL_POOLED_V1,202607290000,202609290291,202609290292,202609290293,202609290294,5712,5712,5712,5017,5017,0,125.571931477,231.672064042,125.224340142,39.072276734,164.296616876,243,82,316,232,79,311,357,1011,236.836130566,272.206219417,177.120657116,212.221953566,249.434265378,263.185811644,302.820025188,14.1845969118,0.0839896095061,1.02636737075,1.04322193298,RHO_GTE_ONE_FINITE_HORIZON_ONLY,PROHIBITED_RHO_GTE_ONE
1.0,TASK3_PEAK_DURATION_SENSITIVITY_EXPLORATORY_V1,PEAK_DURATION_S29_I17_T3600,LOCAL_WINDOW_HPP_BASE_STATIONARY_EXTENSION,30,29,17,3600,OP_PEAK_DURATION_BASE_S29_I17_T3600,a1d12fb057c77d9d393a6834dfac3bc556f7286866f25e9bd0cd43c35d293d50,TASK3_OPERATIONAL_POOLED_V1,202607290000,202609290301,202609290302,202609290303,202609290304,5712,5712,5712,4841,4841,0,59.625675318,124.627350629,53.0843052738,24.5689583102,77.653263584,132,62,177,86,57,143,189,940,131.520090755,143.788678319,79.5785197299,125.958939639,154.830605242,159.438176011,141.741062532,13.9562191497,0.0438345338819,1.02636737075,1.04322193298,RHO_GTE_ONE_FINITE_HORIZON_ONLY,PROHIBITED_RHO_GTE_ONE
1.0,TASK3_PEAK_DURATION_SENSITIVITY_EXPLORATORY_V1,PEAK_DURATION_S29_I17_T3600,LOCAL_WINDOW_HPP_BASE_STATIONARY_EXTENSION,31,29,17,3600,OP_PEAK_DURATION_BASE_S29_I17_T3600,a1d12fb057c77d9d393a6834dfac3bc556f7286866f25e9bd0cd43c35d293d50,TASK3_OPERATIONAL_POOLED_V1,202607290000,202609290311,202609290312,202609290313,202609290314,5712,5712,5712,4805,4805,0,37.3602792473,76.86475542,19.3504294316,29.1392582488,48.4896876803,64,57,113,43,56,99,145,967,82.814679791,109.672888954,40.4114360975,36.1418398701,46.9077608366,68.0538797329,96.0790692281,-49.9166824401,0.0397909183678,1.02636737075,1.04322193298,RHO_GTE_ONE_FINITE_HORIZON_ONLY,PROHIBITED_RHO_GTE_ONE
1.0,TASK3_PEAK_DURATION_SENSITIVITY_EXPLORATORY_V1,PEAK_DURATION_S29_I17_T3600,LOCAL_WINDOW_HPP_BASE_STATIONARY_EXTENSION,32,29,17,3600,OP_PEAK_DURATION_BASE_S29_I17_T3600,a1d12fb057c77d9d393a6834dfac3bc556f7286866f25e9bd0cd43c35d293d50,TASK3_OPERATIONAL_POOLED_V1,202607290000,202609290321,202609290322,202609290323,202609290324,5712,5712,5712,4892,4892,0,55.7167629386,127.568703082,38.7835644527,32.3277243911,71.1112888438,130,72,199,127,71,198,244,1005,143.27882108,186.147003867,56.2064000659,93.8433695316,130.874306845,122.93154287,164.035913213,-69.9820932194,0.0679853332313,1.02636737075,1.04322193298,RHO_GTE_ONE_FINITE_HORIZON_ONLY,PROHIBITED_RHO_GTE_ONE
1.0,TASK3_PEAK_DURATION_SENSITIVITY_EXPLORATORY_V1,PEAK_DURATION_S29_I17_T3600,LOCAL_WINDOW_HPP_BASE_STATIONARY_EXTENSION,33,29,17,3600,OP_PEAK_DURATION_BASE_S29_I17_T3600,a1d12fb057c77d9d393a6834dfac3bc556f7286866f25e9bd0cd43c35d293d50,TASK3_OPERATIONAL_POOLED_V1,202607290000,202609290331,202609290332,202609290333,202609290334,5712,5712,5712,4940,4940,0,100.829238086,178.88624654,92.2732193898,39.9202645376,132.193483927,178,82,242,155,76,231,277,962,182.014792058,210.841226176,153.709096267,169.217847128,198.082903687,231.193347121,221.80643994,46.1742863239,0.055047274261,1.02636737075,1.04322193298,RHO_GTE_ONE_FINITE_HORIZON_ONLY,PROHIBITED_RHO_GTE_ONE
1.0,TASK3_PEAK_DURATION_SENSITIVITY_EXPLORATORY_V1,PEAK_DURATION_S29_I17_T3600,LOCAL_WINDOW_HPP_BASE_STATIONARY_EXTENSION,34,29,17,3600,OP_PEAK_DURATION_BASE_S29_I17_T3600,a1d12fb057c77d9d393a6834dfac3bc556f7286866f25e9bd0cd43c35d293d50,TASK3_OPERATIONAL_POOLED_V1,202607290000,202609290341,202609290342,202609290343,202609290344,5712,5712,5712,4980,4980,0,124.151453506,210.856296914,124.086624015,39.2744467984,163.361070814,222,81,291,195,78,273,319,976,219.255823968,243.455666354,171.802534253,216.194771489,238.185761943,257.279733995,268.415612816,54.6423431759,0.0650864221198,1.02636737075,1.04322193298,RHO_GTE_ONE_FINITE_HORIZON_ONLY,PROHIBITED_RHO_GTE_ONE
1.0,TASK3_PEAK_DURATION_SENSITIVITY_EXPLORATORY_V1,PEAK_DURATION_S29_I17_T3600,LOCAL_WINDOW_HPP_BASE_STATIONARY_EXTENSION,35,29,17,3600,OP_PEAK_DURATION_BASE_S29_I17_T3600,a1d12fb057c77d9d393a6834dfac3bc556f7286866f25e9bd0cd43c35d293d50,TASK3_OPERATIONAL_POOLED_V1,202607290000,202609290351,202609290352,202609290353,202609290354,5712,5712,5712,4938,4938,0,119.553911347,181.561840466,117.969822435,39.967924399,157.937746834,202,83,254,153,74,227,273,959,179.304729995,210.398961713,188.552143335,234.570424168,208.535486276,203.521577455,227.937760353,176.831687825,0.013256218701,1.02636737075,1.04322193298,RHO_GTE_ONE_FINITE_HORIZON_ONLY,PROHIBITED_RHO_GTE_ONE
1.0,TASK3_PEAK_DURATION_SENSITIVITY_EXPLORATORY_V1,PEAK_DURATION_S29_I17_T3600,LOCAL_WINDOW_HPP_BASE_STATIONARY_EXTENSION,36,29,17,3600,OP_PEAK_DURATION_BASE_S29_I17_T3600,a1d12fb057c77d9d393a6834dfac3bc556f7286866f25e9bd0cd43c35d293d50,TASK3_OPERATIONAL_POOLED_V1,202607290000,202609290361,202609290362,202609290363,202609290364,5712,5712,5712,4873,4873,0,73.798341926,129.332687539,57.7292199446,38.8015168054,96.53073675,113,80,182,89,76,165,211,957,133.965003291,160.347992802,99.8174450308,137.484600433,144.307030258,165.136651944,159.591351746,30.8675171765,0.0408888513724,1.02636737075,1.04322193298,RHO_GTE_ONE_FINITE_HORIZON_ONLY,PROHIBITED_RHO_GTE_ONE
1.0,TASK3_PEAK_DURATION_SENSITIVITY_EXPLORATORY_V1,PEAK_DURATION_S29_I17_T3600,LOCAL_WINDOW_HPP_BASE_STATIONARY_EXTENSION,37,29,17,3600,OP_PEAK_DURATION_BASE_S29_I17_T3600,a1d12fb057c77d9d393a6834dfac3bc556f7286866f25e9bd0cd43c35d293d50,TASK3_OPERATIONAL_POOLED_V1,202607290000,202609290371,202609290372,202609290373,202609290374,5712,5712,5712,4898,4898,0,78.7969847273,155.31074713,62.4610397149,40.2517187062,102.712758421,143,82,219,114,80,194,240,946,163.237253034,183.118859332,80.0910713749,109.723156995,176.200055572,189.340592645,202.909887764,-92.2883484505,0.0903486301188,1.02636737075,1.04322193298,RHO_GTE_ONE_FINITE_HORIZON_ONLY,PROHIBITED_RHO_GTE_ONE
1.0,TASK3_PEAK_DURATION_SENSITIVITY_EXPLORATORY_V1,PEAK_DURATION_S29_I17_T3600,LOCAL_WINDOW_HPP_BASE_STATIONARY_EXTENSION,38,29,17,3600,OP_PEAK_DURATION_BASE_S29_I17_T3600,a1d12fb057c77d9d393a6834dfac3bc556f7286866f25e9bd0cd43c35d293d50,TASK3_OPERATIONAL_POOLED_V1,202607290000,202609290381,202609290382,202609290383,202609290384,5712,5712,5712,4902,4902,0,64.5964736545,164.739031535,62.7272116972,18.9862039631,81.7134156603,184,55,236,184,52,236,282,992,171.477801548,214.57100007,58.936704725,112.396077646,165.142235858,197.163673106,214.631685595,-147.464092513,0.110043765889,1.02636737075,1.04322193298,RHO_GTE_ONE_FINITE_HORIZON_ONLY,PROHIBITED_RHO_GTE_ONE
1.0,TASK3_PEAK_DURATION_SENSITIVITY_EXPLORATORY_V1,PEAK_DURATION_S29_I17_T3600,LOCAL_WINDOW_HPP_BASE_STATIONARY_EXTENSION,39,29,17,3600,OP_PEAK_DURATION_BASE_S29_I17_T3600,a1d12fb057c77d9d393a6834dfac3bc556f7286866f25e9bd0cd43c35d293d50,TASK3_OPERATIONAL_POOLED_V1,202607290000,202609290391,202609290392,202609290393,202609290394,5712,5712,5712,4847,4847,0,61.4920409174,121.971353396,44.1201487305,35.3519673999,79.4721161304,101,79,171,91,73,164,210,1009,127.935665934,160.633966433,90.9422731689,93.7631576841,88.6894399704,111.776063235,156.993513467,-4.15365010562,0.0416987183743,1.02636737075,1.04322193298,RHO_GTE_ONE_FINITE_HORIZON_ONLY,PROHIBITED_RHO_GTE_ONE
1.0,TASK3_PEAK_DURATION_SENSITIVITY_EXPLORATORY_V1,PEAK_DURATION_S29_I17_T3600,LOCAL_WINDOW_HPP_BASE_STATIONARY_EXTENSION,40,29,17,3600,OP_PEAK_DURATION_BASE_S29_I17_T3600,a1d12fb057c77d9d393a6834dfac3bc556f7286866f25e9bd0cd43c35d293d50,TASK3_OPERATIONAL_POOLED_V1,202607290000,202609290401,202609290402,202609290403,202609290404,5712,5712,5712,4884,4884,0,77.3333445687,138.136923763,64.7939319642,35.8447829351,100.638714899,127,76,191,115,74,189,235,962,143.060751397,179.514288457,110.370165431,127.214395117,137.908971854,172.461776831,174.310109138,14.6076318287,0.0480909080909,1.02636737075,1.04322193298,RHO_GTE_ONE_FINITE_HORIZON_ONLY,PROHIBITED_RHO_GTE_ONE
1.0,TASK3_PEAK_DURATION_SENSITIVITY_EXPLORATORY_V1,PEAK_DURATION_S29_I17_T3600,LOCAL_WINDOW_HPP_BASE_STATIONARY_EXTENSION,41,29,17,3600,OP_PEAK_DURATION_BASE_S29_I17_T3600,a1d12fb057c77d9d393a6834dfac3bc556f7286866f25e9bd0cd43c35d293d50,TASK3_OPERATIONAL_POOLED_V1,202607290000,202609290411,202609290412,202609290413,202609290414,5712,5712,5712,4914,4914,0,85.3543323867,144.401300941,70.5212436701,41.0137037493,111.534947419,134,83,210,129,76,205,251,964,156.91257275,192.717344273,126.379905034,142.643567746,146.323739711,169.940357147,188.39738043,41.23818487,0.0420365944976,1.02636737075,1.04322193298,RHO_GTE_ONE_FINITE_HORIZON_ONLY,PROHIBITED_RHO_GTE_ONE
1.0,TASK3_PEAK_DURATION_SENSITIVITY_EXPLORATORY_V1,PEAK_DURATION_S29_I17_T3600,LOCAL_WINDOW_HPP_BASE_STATIONARY_EXTENSION,42,29,17,3600,OP_PEAK_DURATION_BASE_S29_I17_T3600,a1d12fb057c77d9d393a6834dfac3bc556f7286866f25e9bd0cd43c35d293d50,TASK3_OPERATIONAL_POOLED_V1,202607290000,202609290421,202609290422,202609290423,202609290424,5712,5712,5712,4851,4851,0,62.6300696272,117.848901748,48.8877689768,32.5287180699,81.4164870467,125,73,168,83,71,154,200,987,117.115557801,153.233765497,96.6124807452,149.496855005,138.400604393,115.127797834,143.296548386,84.3375486896,0.0163886328086,1.02636737075,1.04322193298,RHO_GTE_ONE_FINITE_HORIZON_ONLY,PROHIBITED_RHO_GTE_ONE
1.0,TASK3_PEAK_DURATION_SENSITIVITY_EXPLORATORY_V1,PEAK_DURATION_S29_I17_T3600,LOCAL_WINDOW_HPP_BASE_STATIONARY_EXTENSION,43,29,17,3600,OP_PEAK_DURATION_BASE_S29_I17_T3600,a1d12fb057c77d9d393a6834dfac3bc556f7286866f25e9bd0cd43c35d293d50,TASK3_OPERATIONAL_POOLED_V1,202607290000,202609290431,202609290432,202609290433,202609290434,5712,5712,5712,5002,5002,0,117.763893479,216.61545007,116.13404885,37.8296244787,153.963673329,222,79,298,217,76,293,339,989,224.469661018,259.729213051,182.464540903,219.248247466,242.019662964,255.352756788,281.312108051,60.7297305204,0.0649443454496,1.02636737075,1.04322193298,RHO_GTE_ONE_FINITE_HORIZON_ONLY,PROHIBITED_RHO_GTE_ONE
1.0,TASK3_PEAK_DURATION_SENSITIVITY_EXPLORATORY_V1,PEAK_DURATION_S29_I17_T3600,LOCAL_WINDOW_HPP_BASE_STATIONARY_EXTENSION,44,29,17,3600,OP_PEAK_DURATION_BASE_S29_I17_T3600,a1d12fb057c77d9d393a6834dfac3bc556f7286866f25e9bd0cd43c35d293d50,TASK3_OPERATIONAL_POOLED_V1,202607290000,202609290441,202609290442,202609290443,202609290444,5712,5712,5712,5002,5002,0,116.038326324,231.435595321,117.424998115,32.3664686274,149.791466743,256,74,325,250,72,322,368,1037,246.317012488,280.152256818,170.001836256,210.022010705,213.985830121,257.479651458,303.537845745,-4.89180994037,0.087369349925,1.02636737075,1.04322193298,RHO_GTE_ONE_FINITE_HORIZON_ONLY,PROHIBITED_RHO_GTE_ONE
1.0,TASK3_PEAK_DURATION_SENSITIVITY_EXPLORATORY_V1,PEAK_DURATION_S29_I17_T3600,LOCAL_WINDOW_HPP_BASE_STATIONARY_EXTENSION,45,29,17,3600,OP_PEAK_DURATION_BASE_S29_I17_T3600,a1d12fb057c77d9d393a6834dfac3bc556f7286866f25e9bd0cd43c35d293d50,TASK3_OPERATIONAL_POOLED_V1,202607290000,202609290451,202609290452,202609290453,202609290454,5712,5712,5712,5008,5008,0,120.334471022,226.806708741,121.824822289,35.3380884468,157.162910736,235,77,309,231,71,302,348,983,232.198694398,266.568057356,178.321795241,209.466579791,241.017485721,280.541504027,296.863419223,10.1235276511,0.0855994922775,1.02636737075,1.04322193298,RHO_GTE_ONE_FINITE_HORIZON_ONLY,PROHIBITED_RHO_GTE_ONE
1.0,TASK3_PEAK_DURATION_SENSITIVITY_EXPLORATORY_V1,PEAK_DURATION_S29_I17_T3600,LOCAL_WINDOW_HPP_BASE_STATIONARY_EXTENSION,46,29,17,3600,OP_PEAK_DURATION_BASE_S29_I17_T3600,a1d12fb057c77d9d393a6834dfac3bc556f7286866f25e9bd0cd43c35d293d50,TASK3_OPERATIONAL_POOLED_V1,202607290000,202609290461,202609290462,202609290463,202609290464,5712,5712,5712,4949,4949,0,88.4745211095,162.790100711,76.161125693,38.765120343,114.926246036,172,80,248,164,78,242,288,1016,184.498961858,219.790569001,103.2134896,140.241331098,144.379885199,186.78278931,217.953650048,-48.5021052802,0.076672716419,1.02636737075,1.04322193298,RHO_GTE_ONE_FINITE_HORIZON_ONLY,PROHIBITED_RHO_GTE_ONE
1.0,TASK3_PEAK_DURATION_SENSITIVITY_EXPLORATORY_V1,PEAK_DURATION_S29_I17_T3600,LOCAL_WINDOW_HPP_BASE_STATIONARY_EXTENSION,47,29,17,3600,OP_PEAK_DURATION_BASE_S29_I17_T3600,a1d12fb057c77d9d393a6834dfac3bc556f7286866f25e9bd0cd43c35d293d50,TASK3_OPERATIONAL_POOLED_V1,202607290000,202609290471,202609290472,202609290473,202609290474,5712,5712,5712,4943,4943,0,89.7632148819,180.983092355,83.1728829847,33.3482748371,116.521157822,189,75,258,169,74,243,289,1000,191.10127137,220.93136692,108.283037714,155.95011691,177.295956187,215.492763731,236.974842592,-58.8953490051,0.088035071271,1.02636737075,1.04322193298,RHO_GTE_ONE_FINITE_HORIZON_ONLY,PROHIBITED_RHO_GTE_ONE
1.0,TASK3_PEAK_DURATION_SENSITIVITY_EXPLORATORY_V1,PEAK_DURATION_S29_I17_T3600,LOCAL_WINDOW_HPP_BASE_STATIONARY_EXTENSION,48,29,17,3600,OP_PEAK_DURATION_BASE_S29_I17_T3600,a1d12fb057c77d9d393a6834dfac3bc556f7286866f25e9bd0cd43c35d293d50,TASK3_OPERATIONAL_POOLED_V1,202607290000,202609290481,202609290482,202609290483,202609290484,5712,5712,5712,4929,4929,0,72.7738642581,151.099146658,58.5730598009,35.4213043465,93.9943641474,153,75,224,146,75,221,267,1026,166.837312913,204.206351117,108.714112111,168.068452845,152.288486144,159.286167316,195.41800712,33.2859167402,0.0457293068026,1.02636737075,1.04322193298,RHO_GTE_ONE_FINITE_HORIZON_ONLY,PROHIBITED_RHO_GTE_ONE
1.0,TASK3_PEAK_DURATION_SENSITIVITY_EXPLORATORY_V1,PEAK_DURATION_S29_I17_T3600,LOCAL_WINDOW_HPP_BASE_STATIONARY_EXTENSION,49,29,17,3600,OP_PEAK_DURATION_BASE_S29_I17_T3600,a1d12fb057c77d9d393a6834dfac3bc556f7286866f25e9bd0cd43c35d293d50,TASK3_OPERATIONAL_POOLED_V1,202607290000,202609290491,202609290492,202609290493,202609290494,5712,5712,5712,5039,5039,0,127.855927907,226.310494775,127.867248058,38.7079286267,166.575176684,263,80,340,255,79,334,380,1031,253.995179678,291.106788828,201.363982588,209.491996846,222.674369961,262.85171586,302.563841461,47.9696037735,0.0710442879888,1.02636737075,1.04322193298,RHO_GTE_ONE_FINITE_HORIZON_ONLY,PROHIBITED_RHO_GTE_ONE
1.0,TASK3_PEAK_DURATION_SENSITIVITY_EXPLORATORY_V1,PEAK_DURATION_S29_I17_T3600,LOCAL_WINDOW_HPP_BASE_STATIONARY_EXTENSION,50,29,17,3600,OP_PEAK_DURATION_BASE_S29_I17_T3600,a1d12fb057c77d9d393a6834dfac3bc556f7286866f25e9bd0cd43c35d293d50,TASK3_OPERATIONAL_POOLED_V1,202607290000,202609290501,202609290502,202609290503,202609290504,5712,5712,5712,4884,4884,0,81.6448638223,137.393039532,67.8717528498,38.7747622765,106.646515126,121,82,190,106,78,184,230,983,141.79117588,176.531321189,106.221743452,106.46562219,141.681269022,153.435339097,176.658075614,-3.98937604808,0.0521784392308,1.02636737075,1.04322193298,RHO_GTE_ONE_FINITE_HORIZON_ONLY,PROHIBITED_RHO_GTE_ONE
1.0,TASK3_PEAK_DURATION_SENSITIVITY_EXPLORATORY_V1,PEAK_DURATION_S29_I17_T7200,LOCAL_WINDOW_HPP_BASE_STATIONARY_EXTENSION,1,29,17,7200,OP_PEAK_DURATION_BASE_S29_I17_T7200,8590869ba45b1078766501841dbede54ef006922e2e5a9f19e9da93684c38706,TASK3_OPERATIONAL_POOLED_V1,202607290000,202609290011,202609290012,202609290013,202609290014,10914,10914,10914,9817,9817,0,144.350663106,277.426795743,115.352518699,72.3918911367,187.744409836,261,152,409,252,151,403,449,2010,297.448461204,342.663160056,217.201606335,280.517198611,285.46766657,299.593530674,363.004897031,56.1447947529,0.0431504046466,1.02636737075,1.04322193298,RHO_GTE_ONE_FINITE_HORIZON_ONLY,PROHIBITED_RHO_GTE_ONE
1.0,TASK3_PEAK_DURATION_SENSITIVITY_EXPLORATORY_V1,PEAK_DURATION_S29_I17_T7200,LOCAL_WINDOW_HPP_BASE_STATIONARY_EXTENSION,2,29,17,7200,OP_PEAK_DURATION_BASE_S29_I17_T7200,8590869ba45b1078766501841dbede54ef006922e2e5a9f19e9da93684c38706,TASK3_OPERATIONAL_POOLED_V1,202607290000,202609290021,202609290022,202609290023,202609290024,10914,10914,10914,9756,9756,0,128.13801386,248.707993204,89.1892706115,77.8263508131,167.015621425,199,159,351,186,154,340,386,1949,261.73870681,294.160756307,143.281239017,252.60135517,267.243059958,283.357868948,318.482860883,-32.876541337,0.0529388552097,1.02636737075,1.04322193298,RHO_GTE_ONE_FINITE_HORIZON_ONLY,PROHIBITED_RHO_GTE_ONE
1.0,TASK3_PEAK_DURATION_SENSITIVITY_EXPLORATORY_V1,PEAK_DURATION_S29_I17_T7200,LOCAL_WINDOW_HPP_BASE_STATIONARY_EXTENSION,3,29,17,7200,OP_PEAK_DURATION_BASE_S29_I17_T7200,8590869ba45b1078766501841dbede54ef006922e2e5a9f19e9da93684c38706,TASK3_OPERATIONAL_POOLED_V1,202607290000,202609290031,202609290032,202609290033,202609290034,10914,10914,10914,9919,9919,0,184.329503573,363.372221889,177.808187332,60.875862218,238.68404955,394,140,528,393,134,527,573,2018,397.096727603,437.882098681,303.242643236,344.300085312,385.304689982,414.242367181,478.837346285,69.3366604246,0.0584905122175,1.02636737075,1.04322193298,RHO_GTE_ONE_FINITE_HORIZON_ONLY,PROHIBITED_RHO_GTE_ONE
1.0,TASK3_PEAK_DURATION_SENSITIVITY_EXPLORATORY_V1,PEAK_DURATION_S29_I17_T7200,LOCAL_WINDOW_HPP_BASE_STATIONARY_EXTENSION,4,29,17,7200,OP_PEAK_DURATION_BASE_S29_I17_T7200,8590869ba45b1078766501841dbede54ef006922e2e5a9f19e9da93684c38706,TASK3_OPERATIONAL_POOLED_V1,202607290000,202609290041,202609290042,202609290043,202609290044,10914,10914,10914,9717,9717,0,121.523668145,235.385787169,83.9952143454,74.4804662282,158.475680574,187,154,332,157,151,308,354,1946,245.95058668,270.315883853,180.672040517,221.889194868,240.238872547,262.23903994,308.53722949,20.655108209,0.0411222531969,1.02636737075,1.04322193298,RHO_GTE_ONE_FINITE_HORIZON_ONLY,PROHIBITED_RHO_GTE_ONE
1.0,TASK3_PEAK_DURATION_SENSITIVITY_EXPLORATORY_V1,PEAK_DURATION_S29_I17_T7200,LOCAL_WINDOW_HPP_BASE_STATIONARY_EXTENSION,5,29,17,7200,OP_PEAK_DURATION_BASE_S29_I17_T7200,8590869ba45b1078766501841dbede54ef006922e2e5a9f19e9da93684c38706,TASK3_OPERATIONAL_POOLED_V1,202607290000,202609290051,202609290052,202609290053,202609290054,10914,10914,10914,9562,9562,0,88.5673224186,137.593092593,52.5440911941,63.3854002222,115.929491416,117,142,192,13,142,155,201,1893,144.524339907,152.504040927,152.471627784,140.72761292,150.153255085,164.016497879,166.906849946,115.735671761,0.00724435128927,1.02636737075,1.04322193298,RHO_GTE_ONE_FINITE_HORIZON_ONLY,PROHIBITED_RHO_GTE_ONE
1.0,TASK3_PEAK_DURATION_SENSITIVITY_EXPLORATORY_V1,PEAK_DURATION_S29_I17_T7200,LOCAL_WINDOW_HPP_BASE_STATIONARY_EXTENSION,6,29,17,7200,OP_PEAK_DURATION_BASE_S29_I17_T7200,8590869ba45b1078766501841dbede54ef006922e2e5a9f19e9da93684c38706,TASK3_OPERATIONAL_POOLED_V1,202607290000,202609290061,202609290062,202609290063,202609290064,10914,10914,10914,9927,9927,0,191.388851314,360.388248115,173.345784022,75.7529533189,249.098737341,374,156,526,365,154,519,565,1954,390.667456918,431.28490121,301.091983346,354.637497129,401.01053786,449.246632364,476.929423192,61.8702035821,0.0619838909622,1.02636737075,1.04322193298,RHO_GTE_ONE_FINITE_HORIZON_ONLY,PROHIBITED_RHO_GTE_ONE
1.0,TASK3_PEAK_DURATION_SENSITIVITY_EXPLORATORY_V1,PEAK_DURATION_S29_I17_T7200,LOCAL_WINDOW_HPP_BASE_STATIONARY_EXTENSION,7,29,17,7200,OP_PEAK_DURATION_BASE_S29_I17_T7200,8590869ba45b1078766501841dbede54ef006922e2e5a9f19e9da93684c38706,TASK3_OPERATIONAL_POOLED_V1,202607290000,202609290071,202609290072,202609290073,202609290074,10914,10914,10914,9821,9821,0,168.465280798,283.750538056,143.583727128,76.6918757627,220.27560289,272,156,425,258,154,412,458,1995,319.764849877,349.795036565,232.999586516,254.240463873,279.644244856,331.066287881,377.715873654,20.4394926419,0.0508692219841,1.02636737075,1.04322193298,RHO_GTE_ONE_FINITE_HORIZON_ONLY,PROHIBITED_RHO_GTE_ONE
1.0,TASK3_PEAK_DURATION_SENSITIVITY_EXPLORATORY_V1,PEAK_DURATION_S29_I17_T7200,LOCAL_WINDOW_HPP_BASE_STATIONARY_EXTENSION,8,29,17,7200,OP_PEAK_DURATION_BASE_S29_I17_T7200,8590869ba45b1078766501841dbede54ef006922e2e5a9f19e9da93684c38706,TASK3_OPERATIONAL_POOLED_V1,202607290000,202609290081,202609290082,202609290083,202609290084,10914,10914,10914,9863,9863,0,211.792742209,343.723041898,199.847463861,79.1930498738,279.040513735,332,161,467,293,154,447,493,1886,351.855634993,376.051948115,289.841584987,338.00200719,408.866899333,415.81852536,445.621248685,87.5981689368,0.0540799785508,1.02636737075,1.04322193298,RHO_GTE_ONE_FINITE_HORIZON_ONLY,PROHIBITED_RHO_GTE_ONE
1.0,TASK3_PEAK_DURATION_SENSITIVITY_EXPLORATORY_V1,PEAK_DURATION_S29_I17_T7200,LOCAL_WINDOW_HPP_BASE_STATIONARY_EXTENSION,9,29,17,7200,OP_PEAK_DURATION_BASE_S29_I17_T7200,8590869ba45b1078766501841dbede54ef006922e2e5a9f19e9da93684c38706,TASK3_OPERATIONAL_POOLED_V1,202607290000,202609290091,202609290092,202609290093,202609290094,10914,10914,10914,9892,9892,0,178.153822869,354.238958218,159.325927997,72.6386843176,231.964612314,343,153,487,334,148,482,528,1959,366.198215471,403.997641182,228.425588956,296.192442646,367.586291133,428.401376545,464.727280577,-96.5426418841,0.084001710714,1.02636737075,1.04322193298,RHO_GTE_ONE_FINITE_HORIZON_ONLY,PROHIBITED_RHO_GTE_ONE
1.0,TASK3_PEAK_DURATION_SENSITIVITY_EXPLORATORY_V1,PEAK_DURATION_S29_I17_T7200,LOCAL_WINDOW_HPP_BASE_STATIONARY_EXTENSION,10,29,17,7200,OP_PEAK_DURATION_BASE_S29_I17_T7200,8590869ba45b1078766501841dbede54ef006922e2e5a9f19e9da93684c38706,TASK3_OPERATIONAL_POOLED_V1,202607290000,202609290101,202609290102,202609290103,202609290104,10914,10914,10914,9621,9621,0,87.5558293093,168.792990456,38.7364445628,75.235533716,113.971978279,99,154,242,67,151,218,264,1927,178.810441459,202.704836118,116.626379012,115.737317999,158.112309196,202.6751302,220.304604874,-58.0295496878,0.0408742033229,1.02636737075,1.04322193298,RHO_GTE_ONE_FINITE_HORIZON_ONLY,PROHIBITED_RHO_GTE_ONE
1.0,TASK3_PEAK_DURATION_SENSITIVITY_EXPLORATORY_V1,PEAK_DURATION_S29_I17_T7200,LOCAL_WINDOW_HPP_BASE_STATIONARY_EXTENSION,11,29,17,7200,OP_PEAK_DURATION_BASE_S29_I17_T7200,8590869ba45b1078766501841dbede54ef006922e2e5a9f19e9da93684c38706,TASK3_OPERATIONAL_POOLED_V1,202607290000,202609290111,202609290112,202609290113,202609290114,10914,10914,10914,9862,9862,0,158.856411789,323.479121855,130.421725479,76.0447281992,206.466453678,300,156,452,294,153,447,493,1998,340.978182444,376.853525179,230.810352775,271.739837374,302.774394128,353.96543582,417.531895395,-26.3871296658,0.0632873171786,1.02636737075,1.04322193298,RHO_GTE_ONE_FINITE_HORIZON_ONLY,PROHIBITED_RHO_GTE_ONE
1.0,TASK3_PEAK_DURATION_SENSITIVITY_EXPLORATORY_V1,PEAK_DURATION_S29_I17_T7200,LOCAL_WINDOW_HPP_BASE_STATIONARY_EXTENSION,12,29,17,7200,OP_PEAK_DURATION_BASE_S29_I17_T7200,8590869ba45b1078766501841dbede54ef006922e2e5a9f19e9da93684c38706,TASK3_OPERATIONAL_POOLED_V1,202607290000,202609290121,202609290122,202609290123,202609290124,10914,10914,10914,9734,9734,0,143.389189983,232.656351293,115.084544207,72.9298567204,188.014400928,193,153,334,167,151,318,364,1930,248.771081507,277.59409052,254.532655589,243.062261046,255.699518786,279.282930174,304.824518238,164.877080946,0.0190006103371,1.02636737075,1.04322193298,RHO_GTE_ONE_FINITE_HORIZON_ONLY,PROHIBITED_RHO_GTE_ONE
1.0,TASK3_PEAK_DURATION_SENSITIVITY_EXPLORATORY_V1,PEAK_DURATION_S29_I17_T7200,LOCAL_WINDOW_HPP_BASE_STATIONARY_EXTENSION,13,29,17,7200,OP_PEAK_DURATION_BASE_S29_I17_T7200,8590869ba45b1078766501841dbede54ef006922e2e5a9f19e9da93684c38706,TASK3_OPERATIONAL_POOLED_V1,202607290000,202609290131,202609290132,202609290133,202609290134,10914,10914,10914,9818,9818,0,180.061598347,287.726569539,157.819558139,78.5900199161,236.409578055,258,159,410,248,155,403,449,1958,305.023006001,344.176668826,228.600191929,248.842921045,313.450261646,352.084505628,378.212434579,2.38851055208,0.0558980652618,1.02636737075,1.04322193298,RHO_GTE_ONE_FINITE_HORIZON_ONLY,PROHIBITED_RHO_GTE_ONE
1.0,TASK3_PEAK_DURATION_SENSITIVITY_EXPLORATORY_V1,PEAK_DURATION_S29_I17_T7200,LOCAL_WINDOW_HPP_BASE_STATIONARY_EXTENSION,14,29,17,7200,OP_PEAK_DURATION_BASE_S29_I17_T7200,8590869ba45b1078766501841dbede54ef006922e2e5a9f19e9da93684c38706,TASK3_OPERATIONAL_POOLED_V1,202607290000,202609290141,202609290142,202609290143,202609290144,10914,10914,10914,9698,9698,0,135.480817698,252.22267807,113.678365558,62.6073883984,176.285753957,218,143,351,193,136,329,375,1905,261.798991681,287.496291362,206.893781861,228.338216425,289.111654393,300.719596493,328.339792022,34.2255579475,0.0437879722762,1.02636737075,1.04322193298,RHO_GTE_ONE_FINITE_HORIZON_ONLY,PROHIBITED_RHO_GTE_ONE
1.0,TASK3_PEAK_DURATION_SENSITIVITY_EXPLORATORY_V1,PEAK_DURATION_S29_I17_T7200,LOCAL_WINDOW_HPP_BASE_STATIONARY_EXTENSION,15,29,17,7200,OP_PEAK_DURATION_BASE_S29_I17_T7200,8590869ba45b1078766501841dbede54ef006922e2e5a9f19e9da93684c38706,TASK3_OPERATIONAL_POOLED_V1,202607290000,202609290151,202609290152,202609290153,202609290154,10914,10914,10914,9868,9868,0,179.437541203,347.787200775,161.75756516,72.0030970459,233.760662206,336,153,478,319,151,470,516,1969,361.022085729,394.384211228,264.756147909,285.925715794,332.367915049,412.660595371,452.547114368,-27.0861116726,0.0697662239575,1.02636737075,1.04322193298,RHO_GTE_ONE_FINITE_HORIZON_ONLY,PROHIBITED_RHO_GTE_ONE
1.0,TASK3_PEAK_DURATION_SENSITIVITY_EXPLORATORY_V1,PEAK_DURATION_S29_I17_T7200,LOCAL_WINDOW_HPP_BASE_STATIONARY_EXTENSION,16,29,17,7200,OP_PEAK_DURATION_BASE_S29_I17_T7200,8590869ba45b1078766501841dbede54ef006922e2e5a9f19e9da93684c38706,TASK3_OPERATIONAL_POOLED_V1,202607290000,202609290161,202609290162,202609290163,202609290164,10914,10914,10914,9639,9639,0,86.4988520437,182.815412499,42.3583285855,69.9580224627,112.316351048,123,143,255,98,141,239,285,1976,189.665782065,217.059072293,91.0695676714,113.398078227,132.539400001,189.303174088,237.998337925,-124.460265693,0.0513559217177,1.02636737075,1.04322193298,RHO_GTE_ONE_FINITE_HORIZON_ONLY,PROHIBITED_RHO_GTE_ONE
1.0,TASK3_PEAK_DURATION_SENSITIVITY_EXPLORATORY_V1,PEAK_DURATION_S29_I17_T7200,LOCAL_WINDOW_HPP_BASE_STATIONARY_EXTENSION,17,29,17,7200,OP_PEAK_DURATION_BASE_S29_I17_T7200,8590869ba45b1078766501841dbede54ef006922e2e5a9f19e9da93684c38706,TASK3_OPERATIONAL_POOLED_V1,202607290000,202609290171,202609290172,202609290173,202609290174,10914,10914,10914,9736,9736,0,100.884688511,219.86702201,62.6958842463,67.6303988392,130.326283086,190,147,332,182,144,326,372,2005,242.791303391,284.155757639,150.103442959,160.86845827,199.244268886,229.422589305,289.472782111,-54.6472986988,0.0482351124083,1.02636737075,1.04322193298,RHO_GTE_ONE_FINITE_HORIZON_ONLY,PROHIBITED_RHO_GTE_ONE
1.0,TASK3_PEAK_DURATION_SENSITIVITY_EXPLORATORY_V1,PEAK_DURATION_S29_I17_T7200,LOCAL_WINDOW_HPP_BASE_STATIONARY_EXTENSION,18,29,17,7200,OP_PEAK_DURATION_BASE_S29_I17_T7200,8590869ba45b1078766501841dbede54ef006922e2e5a9f19e9da93684c38706,TASK3_OPERATIONAL_POOLED_V1,202607290000,202609290181,202609290182,202609290183,202609290184,10914,10914,10914,9728,9728,0,114.523745776,208.65156204,73.1145186529,75.8166689214,148.931187574,167,155,319,164,152,316,362,1973,238.049365755,276.946321681,149.381434834,186.348607784,227.615247636,223.276762947,277.148547315,-6.59266498935,0.0406197750171,1.02636737075,1.04322193298,RHO_GTE_ONE_FINITE_HORIZON_ONLY,PROHIBITED_RHO_GTE_ONE
1.0,TASK3_PEAK_DURATION_SENSITIVITY_EXPLORATORY_V1,PEAK_DURATION_S29_I17_T7200,LOCAL_WINDOW_HPP_BASE_STATIONARY_EXTENSION,19,29,17,7200,OP_PEAK_DURATION_BASE_S29_I17_T7200,8590869ba45b1078766501841dbede54ef006922e2e5a9f19e9da93684c38706,TASK3_OPERATIONAL_POOLED_V1,202607290000,202609290191,202609290192,202609290193,202609290194,10914,10914,10914,9863,9863,0,158.950078766,335.297362544,143.890546353,62.79005795,206.680604303,344,139,477,309,139,448,494,1964,354.033768914,377.003366816,222.29770411,282.29694022,357.891288451,400.497623791,435.937664031,-69.3262084391,0.0757611949185,1.02636737075,1.04322193298,RHO_GTE_ONE_FINITE_HORIZON_ONLY,PROHIBITED_RHO_GTE_ONE
1.0,TASK3_PEAK_DURATION_SENSITIVITY_EXPLORATORY_V1,PEAK_DURATION_S29_I17_T7200,LOCAL_WINDOW_HPP_BASE_STATIONARY_EXTENSION,20,29,17,7200,OP_PEAK_DURATION_BASE_S29_I17_T7200,8590869ba45b1078766501841dbede54ef006922e2e5a9f19e9da93684c38706,TASK3_OPERATIONAL_POOLED_V1,202607290000,202609290201,202609290202,202609290203,202609290204,10914,10914,10914,9807,9807,0,159.755293675,280.08435148,131.959884417,77.0147420664,208.974626484,245,157,394,237,155,392,438,1949,297.746109542,334.919349062,242.142583443,269.333225394,290.680000777,343.162143235,370.331345162,55.4750286423,0.0458620057333,1.02636737075,1.04322193298,RHO_GTE_ONE_FINITE_HORIZON_ONLY,PROHIBITED_RHO_GTE_ONE
1.0,TASK3_PEAK_DURATION_SENSITIVITY_EXPLORATORY_V1,PEAK_DURATION_S29_I17_T7200,LOCAL_WINDOW_HPP_BASE_STATIONARY_EXTENSION,21,29,17,7200,OP_PEAK_DURATION_BASE_S29_I17_T7200,8590869ba45b1078766501841dbede54ef006922e2e5a9f19e9da93684c38706,TASK3_OPERATIONAL_POOLED_V1,202607290000,202609290211,202609290212,202609290213,202609290214,10914,10914,10914,10119,10119,0,238.001752644,497.14570293,232.634494492,74.1384402199,306.772934712,571,153,722,566,150,716,762,2113,536.970790847,581.617002746,311.984653195,366.550760384,458.626077632,535.351223712,645.589469656,-163.387135271,0.116112513368,1.02636737075,1.04322193298,RHO_GTE_ONE_FINITE_HORIZON_ONLY,PROHIBITED_RHO_GTE_ONE
1.0,TASK3_PEAK_DURATION_SENSITIVITY_EXPLORATORY_V1,PEAK_DURATION_S29_I17_T7200,LOCAL_WINDOW_HPP_BASE_STATIONARY_EXTENSION,22,29,17,7200,OP_PEAK_DURATION_BASE_S29_I17_T7200,8590869ba45b1078766501841dbede54ef006922e2e5a9f19e9da93684c38706,TASK3_OPERATIONAL_POOLED_V1,202607290000,202609290221,202609290222,202609290223,202609290224,10914,10914,10914,9827,9827,0,151.27055846,288.930041103,119.616319642,77.1933882612,196.809707903,264,157,418,263,152,415,461,2015,307.897662549,351.925709029,226.995607621,275.018332572,283.079038258,323.61965388,380.026986972,31.7498638536,0.0492589000013,1.02636737075,1.04322193298,RHO_GTE_ONE_FINITE_HORIZON_ONLY,PROHIBITED_RHO_GTE_ONE
1.0,TASK3_PEAK_DURATION_SENSITIVITY_EXPLORATORY_V1,PEAK_DURATION_S29_I17_T7200,LOCAL_WINDOW_HPP_BASE_STATIONARY_EXTENSION,23,29,17,7200,OP_PEAK_DURATION_BASE_S29_I17_T7200,8590869ba45b1078766501841dbede54ef006922e2e5a9f19e9da93684c38706,TASK3_OPERATIONAL_POOLED_V1,202607290000,202609290231,202609290232,202609290233,202609290234,10914,10914,10914,10031,10031,0,236.402402796,453.9220082,229.2637823,79.5276353622,308.791417662,474,161,628,461,154,615,661,2038,470.007514134,505.570892523,309.680666474,383.862692861,431.948942005,480.406862452,575.289484191,-34.5836241729,0.0871891395869,1.02636737075,1.04322193298,RHO_GTE_ONE_FINITE_HORIZON_ONLY,PROHIBITED_RHO_GTE_ONE
1.0,TASK3_PEAK_DURATION_SENSITIVITY_EXPLORATORY_V1,PEAK_DURATION_S29_I17_T7200,LOCAL_WINDOW_HPP_BASE_STATIONARY_EXTENSION,24,29,17,7200,OP_PEAK_DURATION_BASE_S29_I17_T7200,8590869ba45b1078766501841dbede54ef006922e2e5a9f19e9da93684c38706,TASK3_OPERATIONAL_POOLED_V1,202607290000,202609290241,202609290242,202609290243,202609290244,10914,10914,10914,9963,9963,0,202.936767548,408.873523331,189.270987727,75.0155321342,264.286519861,403,155,554,398,151,549,595,2004,418.317358967,454.877920527,283.344546051,350.458014631,400.262944505,462.379926678,527.567857178,-45.4737429155,0.0833845186526,1.02636737075,1.04322193298,RHO_GTE_ONE_FINITE_HORIZON_ONLY,PROHIBITED_RHO_GTE_ONE
1.0,TASK3_PEAK_DURATION_SENSITIVITY_EXPLORATORY_V1,PEAK_DURATION_S29_I17_T7200,LOCAL_WINDOW_HPP_BASE_STATIONARY_EXTENSION,25,29,17,7200,OP_PEAK_DURATION_BASE_S29_I17_T7200,8590869ba45b1078766501841dbede54ef006922e2e5a9f19e9da93684c38706,TASK3_OPERATIONAL_POOLED_V1,202607290000,202609290251,202609290252,202609290253,202609290254,10914,10914,10914,9773,9773,0,164.216662703,279.502387297,137.265213925,78.1789014497,215.444115375,246,159,383,205,158,363,409,1950,284.39432603,312.219966741,259.445870753,280.588352647,273.941399008,331.0917165,362.239203447,109.39378654,0.0355680596169,1.02636737075,1.04322193298,RHO_GTE_ONE_FINITE_HORIZON_ONLY,PROHIBITED_RHO_GTE_ONE
1.0,TASK3_PEAK_DURATION_SENSITIVITY_EXPLORATORY_V1,PEAK_DURATION_S29_I17_T7200,LOCAL_WINDOW_HPP_BASE_STATIONARY_EXTENSION,26,29,17,7200,OP_PEAK_DURATION_BASE_S29_I17_T7200,8590869ba45b1078766501841dbede54ef006922e2e5a9f19e9da93684c38706,TASK3_OPERATIONAL_POOLED_V1,202607290000,202609290261,202609290262,202609290263,202609290264,10914,10914,10914,9972,9972,0,189.217199603,378.547282811,168.660235087,76.2432513817,244.903486469,408,158,561,408,151,559,605,2043,408.1170625,463.001503371,254.139466367,327.220810979,375.342831368,438.700609272,496.357495421,-68.5846496192,0.0827660911668,1.02636737075,1.04322193298,RHO_GTE_ONE_FINITE_HORIZON_ONLY,PROHIBITED_RHO_GTE_ONE
1.0,TASK3_PEAK_DURATION_SENSITIVITY_EXPLORATORY_V1,PEAK_DURATION_S29_I17_T7200,LOCAL_WINDOW_HPP_BASE_STATIONARY_EXTENSION,27,29,17,7200,OP_PEAK_DURATION_BASE_S29_I17_T7200,8590869ba45b1078766501841dbede54ef006922e2e5a9f19e9da93684c38706,TASK3_OPERATIONAL_POOLED_V1,202607290000,202609290271,202609290272,202609290273,202609290274,10914,10914,10914,9904,9904,0,181.594125259,352.177922344,163.03046524,73.6169635422,236.647428782,356,153,503,337,151,488,534,2000,375.317083342,408.75506227,270.43586854,312.850377847,347.691169633,402.382295228,460.25453415,6.8459126287,0.0651623956391,1.02636737075,1.04322193298,RHO_GTE_ONE_FINITE_HORIZON_ONLY,PROHIBITED_RHO_GTE_ONE
1.0,TASK3_PEAK_DURATION_SENSITIVITY_EXPLORATORY_V1,PEAK_DURATION_S29_I17_T7200,LOCAL_WINDOW_HPP_BASE_STATIONARY_EXTENSION,28,29,17,7200,OP_PEAK_DURATION_BASE_S29_I17_T7200,8590869ba45b1078766501841dbede54ef006922e2e5a9f19e9da93684c38706,TASK3_OPERATIONAL_POOLED_V1,202607290000,202609290281,202609290282,202609290283,202609290284,10914,10914,10914,9756,9756,0,156.025959348,262.125025993,129.609820602,74.4704451777,204.08026578,238,156,359,208,151,359,405,1954,269.495437425,309.612118124,261.821170389,311.759616381,299.807505004,325.254042651,335.167595796,186.621528232,0.0222482329281,1.02636737075,1.04322193298,RHO_GTE_ONE_FINITE_HORIZON_ONLY,PROHIBITED_RHO_GTE_ONE
1.0,TASK3_PEAK_DURATION_SENSITIVITY_EXPLORATORY_V1,PEAK_DURATION_S29_I17_T7200,LOCAL_WINDOW_HPP_BASE_STATIONARY_EXTENSION,29,29,17,7200,OP_PEAK_DURATION_BASE_S29_I17_T7200,8590869ba45b1078766501841dbede54ef006922e2e5a9f19e9da93684c38706,TASK3_OPERATIONAL_POOLED_V1,202607290000,202609290291,202609290292,202609290293,202609290294,10914,10914,10914,10022,10022,0,233.383395211,441.47500965,227.073851584,77.7037578179,304.777609402,466,159,620,452,156,608,654,2003,465.049072341,498.842583053,331.956408042,371.947291862,441.046216037,507.788910553,573.554183143,-19.0192747423,0.0859773845684,1.02636737075,1.04322193298,RHO_GTE_ONE_FINITE_HORIZON_ONLY,PROHIBITED_RHO_GTE_ONE
1.0,TASK3_PEAK_DURATION_SENSITIVITY_EXPLORATORY_V1,PEAK_DURATION_S29_I17_T7200,LOCAL_WINDOW_HPP_BASE_STATIONARY_EXTENSION,30,29,17,7200,OP_PEAK_DURATION_BASE_S29_I17_T7200,8590869ba45b1078766501841dbede54ef006922e2e5a9f19e9da93684c38706,TASK3_OPERATIONAL_POOLED_V1,202607290000,202609290301,202609290302,202609290303,202609290304,10914,10914,10914,9750,9750,0,117.477663808,235.699231727,91.8063085519,60.569304509,152.375613061,215,138,348,210,133,343,389,2000,258.325659743,297.841401762,178.819747229,202.708218395,214.872250249,237.672495091,301.417101725,16.9787232712,0.0389109702345,1.02636737075,1.04322193298,RHO_GTE_ONE_FINITE_HORIZON_ONLY,PROHIBITED_RHO_GTE_ONE
1.0,TASK3_PEAK_DURATION_SENSITIVITY_EXPLORATORY_V1,PEAK_DURATION_S29_I17_T7200,LOCAL_WINDOW_HPP_BASE_STATIONARY_EXTENSION,31,29,17,7200,OP_PEAK_DURATION_BASE_S29_I17_T7200,8590869ba45b1078766501841dbede54ef006922e2e5a9f19e9da93684c38706,TASK3_OPERATIONAL_POOLED_V1,202607290000,202609290311,202609290312,202609290313,202609290314,10914,10914,10914,9707,9707,0,96.4771365608,194.474753007,63.9501174631,61.1457150531,125.095832516,164,134,296,160,134,294,340,1952,214.663668602,258.5692332,140.334467147,172.614818861,218.891701141,223.736999741,252.931899872,-5.53580739628,0.038377367546,1.02636737075,1.04322193298,RHO_GTE_ONE_FINITE_HORIZON_ONLY,PROHIBITED_RHO_GTE_ONE
1.0,TASK3_PEAK_DURATION_SENSITIVITY_EXPLORATORY_V1,PEAK_DURATION_S29_I17_T7200,LOCAL_WINDOW_HPP_BASE_STATIONARY_EXTENSION,32,29,17,7200,OP_PEAK_DURATION_BASE_S29_I17_T7200,8590869ba45b1078766501841dbede54ef006922e2e5a9f19e9da93684c38706,TASK3_OPERATIONAL_POOLED_V1,202607290000,202609290321,202609290322,202609290323,202609290324,10914,10914,10914,9755,9755,0,123.925013902,258.674642218,90.3007884435,70.514073827,160.814862271,216,149,358,205,148,353,399,1983,269.308807272,304.155639106,185.409125539,210.909601241,243.259931894,276.961998843,336.051520969,-24.9844556493,0.0510190539531,1.02636737075,1.04322193298,RHO_GTE_ONE_FINITE_HORIZON_ONLY,PROHIBITED_RHO_GTE_ONE
1.0,TASK3_PEAK_DURATION_SENSITIVITY_EXPLORATORY_V1,PEAK_DURATION_S29_I17_T7200,LOCAL_WINDOW_HPP_BASE_STATIONARY_EXTENSION,33,29,17,7200,OP_PEAK_DURATION_BASE_S29_I17_T7200,8590869ba45b1078766501841dbede54ef006922e2e5a9f19e9da93684c38706,TASK3_OPERATIONAL_POOLED_V1,202607290000,202609290331,202609290332,202609290333,202609290334,10914,10914,10914,9979,9979,0,200.718134828,390.574448991,182.31596388,78.5832902527,260.899254133,410,159,566,409,154,563,609,1982,419.328844736,464.354415413,250.478007228,321.715990963,405.909381884,461.792889872,508.128851747,-101.928916621,0.0910248038815,1.02636737075,1.04322193298,RHO_GTE_ONE_FINITE_HORIZON_ONLY,PROHIBITED_RHO_GTE_ONE
1.0,TASK3_PEAK_DURATION_SENSITIVITY_EXPLORATORY_V1,PEAK_DURATION_S29_I17_T7200,LOCAL_WINDOW_HPP_BASE_STATIONARY_EXTENSION,34,29,17,7200,OP_PEAK_DURATION_BASE_S29_I17_T7200,8590869ba45b1078766501841dbede54ef006922e2e5a9f19e9da93684c38706,TASK3_OPERATIONAL_POOLED_V1,202607290000,202609290341,202609290342,202609290343,202609290344,10914,10914,10914,9904,9904,0,196.612688645,339.066121851,179.343135976,77.9296368858,257.272772861,346,158,500,334,155,489,535,1991,366.448485404,407.936934993,280.533042387,294.382462412,333.827948849,401.609516272,445.569404625,23.2096411569,0.0607360803245,1.02636737075,1.04322193298,RHO_GTE_ONE_FINITE_HORIZON_ONLY,PROHIBITED_RHO_GTE_ONE
1.0,TASK3_PEAK_DURATION_SENSITIVITY_EXPLORATORY_V1,PEAK_DURATION_S29_I17_T7200,LOCAL_WINDOW_HPP_BASE_STATIONARY_EXTENSION,35,29,17,7200,OP_PEAK_DURATION_BASE_S29_I17_T7200,8590869ba45b1078766501841dbede54ef006922e2e5a9f19e9da93684c38706,TASK3_OPERATIONAL_POOLED_V1,202607290000,202609290351,202609290352,202609290353,202609290354,10914,10914,10914,9828,9828,0,179.57007581,300.197149135,157.021640603,78.631977667,235.65361827,262,159,412,258,152,410,456,1973,309.727560771,349.98970828,232.80056839,276.491216446,310.37840355,356.171673258,391.005586888,16.3016193505,0.0550125685844,1.02636737075,1.04322193298,RHO_GTE_ONE_FINITE_HORIZON_ONLY,PROHIBITED_RHO_GTE_ONE
1.0,TASK3_PEAK_DURATION_SENSITIVITY_EXPLORATORY_V1,PEAK_DURATION_S29_I17_T7200,LOCAL_WINDOW_HPP_BASE_STATIONARY_EXTENSION,36,29,17,7200,OP_PEAK_DURATION_BASE_S29_I17_T7200,8590869ba45b1078766501841dbede54ef006922e2e5a9f19e9da93684c38706,TASK3_OPERATIONAL_POOLED_V1,202607290000,202609290361,202609290362,202609290363,202609290364,10914,10914,10914,9823,9823,0,145.835852576,288.289466159,112.263880655,77.4193137043,189.683194359,259,158,414,254,153,407,453,1991,305.301631889,345.857294222,204.195167873,238.506973621,270.864970293,326.366376911,374.244771146,-38.133305408,0.0594386958105,1.02636737075,1.04322193298,RHO_GTE_ONE_FINITE_HORIZON_ONLY,PROHIBITED_RHO_GTE_ONE
1.0,TASK3_PEAK_DURATION_SENSITIVITY_EXPLORATORY_V1,PEAK_DURATION_S29_I17_T7200,LOCAL_WINDOW_HPP_BASE_STATIONARY_EXTENSION,37,29,17,7200,OP_PEAK_DURATION_BASE_S29_I17_T7200,8590869ba45b1078766501841dbede54ef006922e2e5a9f19e9da93684c38706,TASK3_OPERATIONAL_POOLED_V1,202607290000,202609290371,202609290372,202609290373,202609290374,10914,10914,10914,9873,9873,0,163.993467405,316.567146606,134.171074695,78.9084998284,213.079574523,306,159,463,304,158,462,508,1980,337.983578493,386.846815403,214.809889474,283.437144519,330.419910237,377.725362981,410.839645912,-41.3144078785,0.0675482960191,1.02636737075,1.04322193298,RHO_GTE_ONE_FINITE_HORIZON_ONLY,PROHIBITED_RHO_GTE_ONE
1.0,TASK3_PEAK_DURATION_SENSITIVITY_EXPLORATORY_V1,PEAK_DURATION_S29_I17_T7200,LOCAL_WINDOW_HPP_BASE_STATIONARY_EXTENSION,38,29,17,7200,OP_PEAK_DURATION_BASE_S29_I17_T7200,8590869ba45b1078766501841dbede54ef006922e2e5a9f19e9da93684c38706,TASK3_OPERATIONAL_POOLED_V1,202607290000,202609290381,202609290382,202609290383,202609290384,10914,10914,10914,9948,9948,0,195.137421272,394.398784227,196.449117469,55.2454418932,251.694559362,448,132,578,445,128,573,619,1950,433.638890443,473.24901251,283.757226883,346.917424133,459.145388262,497.749361119,520.80911492,-47.0260817326,0.0867966268141,1.02636737075,1.04322193298,RHO_GTE_ONE_FINITE_HORIZON_ONLY,PROHIBITED_RHO_GTE_ONE
1.0,TASK3_PEAK_DURATION_SENSITIVITY_EXPLORATORY_V1,PEAK_DURATION_S29_I17_T7200,LOCAL_WINDOW_HPP_BASE_STATIONARY_EXTENSION,39,29,17,7200,OP_PEAK_DURATION_BASE_S29_I17_T7200,8590869ba45b1078766501841dbede54ef006922e2e5a9f19e9da93684c38706,TASK3_OPERATIONAL_POOLED_V1,202607290000,202609290391,202609290392,202609290393,202609290394,10914,10914,10914,9876,9876,0,154.639528,325.856659466,125.178116208,73.9488460355,199.126962244,339,156,488,335,150,485,531,2026,362.860360365,406.33081355,197.759068026,283.930240557,308.64567797,375.61438137,427.959673863,-95.2822060078,0.0766785211787,1.02636737075,1.04322193298,RHO_GTE_ONE_FINITE_HORIZON_ONLY,PROHIBITED_RHO_GTE_ONE
1.0,TASK3_PEAK_DURATION_SENSITIVITY_EXPLORATORY_V1,PEAK_DURATION_S29_I17_T7200,LOCAL_WINDOW_HPP_BASE_STATIONARY_EXTENSION,40,29,17,7200,OP_PEAK_DURATION_BASE_S29_I17_T7200,8590869ba45b1078766501841dbede54ef006922e2e5a9f19e9da93684c38706,TASK3_OPERATIONAL_POOLED_V1,202607290000,202609290401,202609290402,202609290403,202609290404,10914,10914,10914,9854,9854,0,176.867775159,338.184303862,156.303007946,74.4468813541,230.749889301,320,154,462,300,152,452,498,1927,348.053097377,380.876714472,232.835916985,330.590095978,387.381790753,412.060663097,441.436851696,-13.143263704,0.0692600606307,1.02636737075,1.04322193298,RHO_GTE_ONE_FINITE_HORIZON_ONLY,PROHIBITED_RHO_GTE_ONE
1.0,TASK3_PEAK_DURATION_SENSITIVITY_EXPLORATORY_V1,PEAK_DURATION_S29_I17_T7200,LOCAL_WINDOW_HPP_BASE_STATIONARY_EXTENSION,41,29,17,7200,OP_PEAK_DURATION_BASE_S29_I17_T7200,8590869ba45b1078766501841dbede54ef006922e2e5a9f19e9da93684c38706,TASK3_OPERATIONAL_POOLED_V1,202607290000,202609290411,202609290412,202609290413,202609290414,10914,10914,10914,9735,9735,0,145.119013955,229.1753685,110.655026439,79.6809029897,190.335929428,187,161,322,165,153,318,364,1933,237.625061234,277.47594131,223.751223451,267.126378865,273.224421925,293.025251853,288.55728109,152.503670237,0.0215987483703,1.02636737075,1.04322193298,RHO_GTE_ONE_FINITE_HORIZON_ONLY,PROHIBITED_RHO_GTE_ONE
1.0,TASK3_PEAK_DURATION_SENSITIVITY_EXPLORATORY_V1,PEAK_DURATION_S29_I17_T7200,LOCAL_WINDOW_HPP_BASE_STATIONARY_EXTENSION,42,29,17,7200,OP_PEAK_DURATION_BASE_S29_I17_T7200,8590869ba45b1078766501841dbede54ef006922e2e5a9f19e9da93684c38706,TASK3_OPERATIONAL_POOLED_V1,202607290000,202609290421,202609290422,202609290423,202609290424,10914,10914,10914,9816,9816,0,140.566255564,303.830430079,111.560974904,70.6031601978,182.164135101,283,149,425,263,148,411,457,1983,321.895938399,349.779192651,177.709606498,213.685990384,277.618192907,347.101310241,398.443815749,-148.251020612,0.0798449636608,1.02636737075,1.04322193298,RHO_GTE_ONE_FINITE_HORIZON_ONLY,PROHIBITED_RHO_GTE_ONE
1.0,TASK3_PEAK_DURATION_SENSITIVITY_EXPLORATORY_V1,PEAK_DURATION_S29_I17_T7200,LOCAL_WINDOW_HPP_BASE_STATIONARY_EXTENSION,43,29,17,7200,OP_PEAK_DURATION_BASE_S29_I17_T7200,8590869ba45b1078766501841dbede54ef006922e2e5a9f19e9da93684c38706,TASK3_OPERATIONAL_POOLED_V1,202607290000,202609290431,202609290432,202609290433,202609290434,10914,10914,10914,9964,9964,0,217.056049496,395.727101136,207.472110686,76.4608416107,283.932952297,402,156,555,394,155,549,595,1994,418.397849795,454.270705587,310.867304537,347.824229569,405.917960078,481.294017412,523.607644731,-5.31061990894,0.0776320094767,1.02636737075,1.04322193298,RHO_GTE_ONE_FINITE_HORIZON_ONLY,PROHIBITED_RHO_GTE_ONE
1.0,TASK3_PEAK_DURATION_SENSITIVITY_EXPLORATORY_V1,PEAK_DURATION_S29_I17_T7200,LOCAL_WINDOW_HPP_BASE_STATIONARY_EXTENSION,44,29,17,7200,OP_PEAK_DURATION_BASE_S29_I17_T7200,8590869ba45b1078766501841dbede54ef006922e2e5a9f19e9da93684c38706,TASK3_OPERATIONAL_POOLED_V1,202607290000,202609290441,202609290442,202609290443,202609290444,10914,10914,10914,9988,9988,0,233.056338489,436.462370266,232.880161603,70.8382261676,303.718387771,474,152,614,451,149,600,646,1997,460.615352544,493.334075,369.394100097,390.655809336,456.484796156,499.408414728,572.283423679,71.746869383,0.0714626739659,1.02636737075,1.04322193298,RHO_GTE_ONE_FINITE_HORIZON_ONLY,PROHIBITED_RHO_GTE_ONE
1.0,TASK3_PEAK_DURATION_SENSITIVITY_EXPLORATORY_V1,PEAK_DURATION_S29_I17_T7200,LOCAL_WINDOW_HPP_BASE_STATIONARY_EXTENSION,45,29,17,7200,OP_PEAK_DURATION_BASE_S29_I17_T7200,8590869ba45b1078766501841dbede54ef006922e2e5a9f19e9da93684c38706,TASK3_OPERATIONAL_POOLED_V1,202607290000,202609290451,202609290452,202609290453,202609290454,10914,10914,10914,9820,9820,0,192.968859678,303.097984675,179.994885494,73.9002997245,253.895185218,268,154,419,258,150,408,454,1914,313.82339785,346.559797666,312.255989192,318.575031456,349.721528043,375.732342902,396.852406908,180.864849541,0.0314375203998,1.02636737075,1.04322193298,RHO_GTE_ONE_FINITE_HORIZON_ONLY,PROHIBITED_RHO_GTE_ONE
1.0,TASK3_PEAK_DURATION_SENSITIVITY_EXPLORATORY_V1,PEAK_DURATION_S29_I17_T7200,LOCAL_WINDOW_HPP_BASE_STATIONARY_EXTENSION,46,29,17,7200,OP_PEAK_DURATION_BASE_S29_I17_T7200,8590869ba45b1078766501841dbede54ef006922e2e5a9f19e9da93684c38706,TASK3_OPERATIONAL_POOLED_V1,202607290000,202609290461,202609290462,202609290463,202609290464,10914,10914,10914,9873,9873,0,179.650711086,323.332119929,157.293475077,77.4181271211,234.711602198,304,157,459,303,155,458,504,1977,344.038847047,384.540468596,280.564578645,330.446186287,349.444625404,385.874908849,426.154492612,94.5405454869,0.0481400764578,1.02636737075,1.04322193298,RHO_GTE_ONE_FINITE_HORIZON_ONLY,PROHIBITED_RHO_GTE_ONE
1.0,TASK3_PEAK_DURATION_SENSITIVITY_EXPLORATORY_V1,PEAK_DURATION_S29_I17_T7200,LOCAL_WINDOW_HPP_BASE_STATIONARY_EXTENSION,47,29,17,7200,OP_PEAK_DURATION_BASE_S29_I17_T7200,8590869ba45b1078766501841dbede54ef006922e2e5a9f19e9da93684c38706,TASK3_OPERATIONAL_POOLED_V1,202607290000,202609290471,202609290472,202609290473,202609290474,10914,10914,10914,9798,9798,0,177.722899176,303.864195392,161.568501423,71.7229669366,233.291468359,292,151,410,239,151,390,436,1895,308.270530124,333.527169149,277.468902827,324.960291373,378.801117343,395.020656704,374.057926235,152.632969785,0.0365608905761,1.02636737075,1.04322193298,RHO_GTE_ONE_FINITE_HORIZON_ONLY,PROHIBITED_RHO_GTE_ONE
1.0,TASK3_PEAK_DURATION_SENSITIVITY_EXPLORATORY_V1,PEAK_DURATION_S29_I17_T7200,LOCAL_WINDOW_HPP_BASE_STATIONARY_EXTENSION,48,29,17,7200,OP_PEAK_DURATION_BASE_S29_I17_T7200,8590869ba45b1078766501841dbede54ef006922e2e5a9f19e9da93684c38706,TASK3_OPERATIONAL_POOLED_V1,202607290000,202609290481,202609290482,202609290483,202609290484,10914,10914,10914,9744,9744,0,137.904834887,239.241065921,107.187851234,73.2519812567,180.43983249,196,153,332,176,153,329,375,1948,246.363011882,286.047688869,228.262854199,259.533289187,260.07815905,274.898436018,311.653765712,130.275073441,0.0252981902578,1.02636737075,1.04322193298,RHO_GTE_ONE_FINITE_HORIZON_ONLY,PROHIBITED_RHO_GTE_ONE
1.0,TASK3_PEAK_DURATION_SENSITIVITY_EXPLORATORY_V1,PEAK_DURATION_S29_I17_T7200,LOCAL_WINDOW_HPP_BASE_STATIONARY_EXTENSION,49,29,17,7200,OP_PEAK_DURATION_BASE_S29_I17_T7200,8590869ba45b1078766501841dbede54ef006922e2e5a9f19e9da93684c38706,TASK3_OPERATIONAL_POOLED_V1,202607290000,202609290491,202609290492,202609290493,202609290494,10914,10914,10914,9799,9799,0,203.855190514,310.867993843,191.64218841,77.3647290853,269.006917495,304,157,431,230,157,387,433,1883,321.399885727,331.106788828,321.67603485,353.534972746,384.320687945,399.809360129,397.852235855,222.46856626,0.0275870540824,1.02636737075,1.04322193298,RHO_GTE_ONE_FINITE_HORIZON_ONLY,PROHIBITED_RHO_GTE_ONE
1.0,TASK3_PEAK_DURATION_SENSITIVITY_EXPLORATORY_V1,PEAK_DURATION_S29_I17_T7200,LOCAL_WINDOW_HPP_BASE_STATIONARY_EXTENSION,50,29,17,7200,OP_PEAK_DURATION_BASE_S29_I17_T7200,8590869ba45b1078766501841dbede54ef006922e2e5a9f19e9da93684c38706,TASK3_OPERATIONAL_POOLED_V1,202607290000,202609290501,202609290502,202609290503,202609290504,10914,10914,10914,9850,9850,0,157.246199879,323.1338719,126.76170479,77.4395776029,204.201282393,297,158,449,287,157,444,490,1991,338.920961471,372.985866643,199.475291519,225.325261396,296.683130756,363.676496262,423.620068368,-138.224541763,0.0814778873006,1.02636737075,1.04322193298,RHO_GTE_ONE_FINITE_HORIZON_ONLY,PROHIBITED_RHO_GTE_ONE
1.0,TASK3_PEAK_DURATION_SENSITIVITY_EXPLORATORY_V1,PEAK_DURATION_S28_I16_T300,LOCAL_WINDOW_HPP_BASE_STATIONARY_EXTENSION,1,28,16,300,OP_PEAK_DURATION_BASE_S28_I16_T300,fb54f006081219d4cf11a22fa20f08c8e853945f393fd05bc2e198624095a77f,TASK3_OPERATIONAL_POOLED_V1,202607290000,202609290011,202609290012,202609290013,202609290014,5000,5000,5000,396,396,0,14.1861913925,26.323028415,8.51456634287,8.19449080046,16.7090571433,24,20,34,10,14,24,68,65,27.707383503,53.749524693,18.1898028513,22.0275854256,29.4506454405,28.0483174816,25.0861855011,9.70038432331,0.0660449911853,1.06302334828,1.10842330379,RHO_GTE_ONE_FINITE_HORIZON_ONLY,PROHIBITED_RHO_GTE_ONE
1.0,TASK3_PEAK_DURATION_SENSITIVITY_EXPLORATORY_V1,PEAK_DURATION_S28_I16_T300,LOCAL_WINDOW_HPP_BASE_STATIONARY_EXTENSION,2,28,16,300,OP_PEAK_DURATION_BASE_S28_I16_T300,fb54f006081219d4cf11a22fa20f08c8e853945f393fd05bc2e198624095a77f,TASK3_OPERATIONAL_POOLED_V1,202607290000,202609290021,202609290022,202609290023,202609290024,5000,5000,5000,442,442,0,25.9088339746,49.38379475,22.5865824921,7.58617583818,30.1727583303,56,19,70,56,14,70,114,99,55.470303304,91.532190542,37.9974615577,45.1218333363,45.8115900539,45.8337894956,56.3488404972,18.1616674595,0.124715713461,1.06302334828,1.10842330379,RHO_GTE_ONE_FINITE_HORIZON_ONLY,PROHIBITED_RHO_GTE_ONE
1.0,TASK3_PEAK_DURATION_SENSITIVITY_EXPLORATORY_V1,PEAK_DURATION_S28_I16_T300,LOCAL_WINDOW_HPP_BASE_STATIONARY_EXTENSION,3,28,16,300,OP_PEAK_DURATION_BASE_S28_I16_T300,fb54f006081219d4cf11a22fa20f08c8e853945f393fd05bc2e198624095a77f,TASK3_OPERATIONAL_POOLED_V1,202607290000,202609290031,202609290032,202609290033,202609290034,5000,5000,5000,393,393,0,13.1948759544,19.589888807,7.74997194658,7.67071408068,15.4206860273,20,19,26,5,16,21,65,74,20.543504401,52.223571666,18.7798944633,18.2540402605,18.2539245496,21.2822493278,21.2849647956,13.5422523805,0.0267944991062,1.06302334828,1.10842330379,RHO_GTE_ONE_FINITE_HORIZON_ONLY,PROHIBITED_RHO_GTE_ONE
1.0,TASK3_PEAK_DURATION_SENSITIVITY_EXPLORATORY_V1,PEAK_DURATION_S28_I16_T300,LOCAL_WINDOW_HPP_BASE_STATIONARY_EXTENSION,4,28,16,300,OP_PEAK_DURATION_BASE_S28_I16_T300,fb54f006081219d4cf11a22fa20f08c8e853945f393fd05bc2e198624095a77f,TASK3_OPERATIONAL_POOLED_V1,202607290000,202609290041,202609290042,202609290043,202609290044,5000,5000,5000,410,410,0,11.8849610522,29.254534642,6.76077604528,6.25089453798,13.0116705833,29,15,41,29,11,40,84,94,32.208605381,69.177026161,7.7845454495,11.2668055783,15.7383904569,24.7842051567,33.8503508553,-30.5518982931,0.218830034633,1.06302334828,1.10842330379,RHO_GTE_ONE_FINITE_HORIZON_ONLY,PROHIBITED_RHO_GTE_ONE
1.0,TASK3_PEAK_DURATION_SENSITIVITY_EXPLORATORY_V1,PEAK_DURATION_S28_I16_T300,LOCAL_WINDOW_HPP_BASE_STATIONARY_EXTENSION,5,28,16,300,OP_PEAK_DURATION_BASE_S28_I16_T300,fb54f006081219d4cf11a22fa20f08c8e853945f393fd05bc2e198624095a77f,TASK3_OPERATIONAL_POOLED_V1,202607290000,202609290051,202609290052,202609290053,202609290054,5000,5000,5000,388,388,0,18.3701840072,31.952072181,14.6241032226,7.14741463016,21.7715178528,30,18,40,11,11,22,66,58,33.064688813,54.537420305,23.5133434507,30.0637952918,36.1152543684,37.2078547699,30.254703689,15.9609053479,0.0687559331823,1.06302334828,1.10842330379,RHO_GTE_ONE_FINITE_HORIZON_ONLY,PROHIBITED_RHO_GTE_ONE
1.0,TASK3_PEAK_DURATION_SENSITIVITY_EXPLORATORY_V1,PEAK_DURATION_S28_I16_T300,LOCAL_WINDOW_HPP_BASE_STATIONARY_EXTENSION,6,28,16,300,OP_PEAK_DURATION_BASE_S28_I16_T300,fb54f006081219d4cf11a22fa20f08c8e853945f393fd05bc2e198624095a77f,TASK3_OPERATIONAL_POOLED_V1,202607290000,202609290061,202609290062,202609290063,202609290064,5000,5000,5000,419,419,0,19.6668660188,41.625981066,17.3585239493,5.40047429596,22.7589982452,44,17,57,36,14,50,94,85,45.325157361,76.326037226,24.9286304959,34.7348114231,36.9845351476,44.1543154082,49.1694061957,-5.4314518044,0.193003517949,1.06302334828,1.10842330379,RHO_GTE_ONE_FINITE_HORIZON_ONLY,PROHIBITED_RHO_GTE_ONE
1.0,TASK3_PEAK_DURATION_SENSITIVITY_EXPLORATORY_V1,PEAK_DURATION_S28_I16_T300,LOCAL_WINDOW_HPP_BASE_STATIONARY_EXTENSION,7,28,16,300,OP_PEAK_DURATION_BASE_S28_I16_T300,fb54f006081219d4cf11a22fa20f08c8e853945f393fd05bc2e198624095a77f,TASK3_OPERATIONAL_POOLED_V1,202607290000,202609290071,202609290072,202609290073,202609290074,5000,5000,5000,408,408,0,16.2614219296,33.14463256,12.7899217691,5.7565392227,18.5464609918,31,16,44,29,13,42,86,87,34.998923159,70.256658778,19.9140631494,26.4142602764,26.501485845,29.8731656318,38.2045034563,-1.84834380513,0.133465953231,1.06302334828,1.10842330379,RHO_GTE_ONE_FINITE_HORIZON_ONLY,PROHIBITED_RHO_GTE_ONE
1.0,TASK3_PEAK_DURATION_SENSITIVITY_EXPLORATORY_V1,PEAK_DURATION_S28_I16_T300,LOCAL_WINDOW_HPP_BASE_STATIONARY_EXTENSION,8,28,16,300,OP_PEAK_DURATION_BASE_S28_I16_T300,fb54f006081219d4cf11a22fa20f08c8e853945f393fd05bc2e198624095a77f,TASK3_OPERATIONAL_POOLED_V1,202607290000,202609290081,202609290082,202609290083,202609290084,5000,5000,5000,442,442,0,34.8164355905,61.783258103,34.5157552801,8.61214636984,43.12790165,64,22,78,50,20,70,114,75,63.336855361,92.825816755,47.0484964492,64.3468888557,67.6177581538,70.2751707534,74.7232803228,18.8439316734,0.204259498816,1.06302334828,1.10842330379,RHO_GTE_ONE_FINITE_HORIZON_ONLY,PROHIBITED_RHO_GTE_ONE
1.0,TASK3_PEAK_DURATION_SENSITIVITY_EXPLORATORY_V1,PEAK_DURATION_S28_I16_T300,LOCAL_WINDOW_HPP_BASE_STATIONARY_EXTENSION,9,28,16,300,OP_PEAK_DURATION_BASE_S28_I16_T300,fb54f006081219d4cf11a22fa20f08c8e853945f393fd05bc2e198624095a77f,TASK3_OPERATIONAL_POOLED_V1,202607290000,202609290091,202609290092,202609290093,202609290094,5000,5000,5000,395,395,0,14.9275789329,27.653104833,10.4055326662,7.0718610695,17.4773937357,29,17,35,11,15,26,70,84,23.758999199,56.854545596,32.3384838302,25.0692871284,19.9111960925,17.78164359,22.8096638729,43.3410174925,-0.0878176115099,1.06302334828,1.10842330379,RHO_GTE_ONE_FINITE_HORIZON_ONLY,PROHIBITED_RHO_GTE_ONE
1.0,TASK3_PEAK_DURATION_SENSITIVITY_EXPLORATORY_V1,PEAK_DURATION_S28_I16_T300,LOCAL_WINDOW_HPP_BASE_STATIONARY_EXTENSION,10,28,16,300,OP_PEAK_DURATION_BASE_S28_I16_T300,fb54f006081219d4cf11a22fa20f08c8e853945f393fd05bc2e198624095a77f,TASK3_OPERATIONAL_POOLED_V1,202607290000,202609290101,202609290102,202609290103,202609290104,5000,5000,5000,394,394,0,10.8016865092,23.8538257,7.85915821912,4.11467114791,11.973829367,21,14,32,18,13,31,75,84,25.100666651,59.802941741,15.2090770426,20.1949408476,21.3696055655,22.0781417539,27.7984549177,1.03357653319,0.0902065221879,1.06302334828,1.10842330379,RHO_GTE_ONE_FINITE_HORIZON_ONLY,PROHIBITED_RHO_GTE_ONE
1.0,TASK3_PEAK_DURATION_SENSITIVITY_EXPLORATORY_V1,PEAK_DURATION_S28_I16_T300,LOCAL_WINDOW_HPP_BASE_STATIONARY_EXTENSION,11,28,16,300,OP_PEAK_DURATION_BASE_S28_I16_T300,fb54f006081219d4cf11a22fa20f08c8e853945f393fd05bc2e198624095a77f,TASK3_OPERATIONAL_POOLED_V1,202607290000,202609290111,202609290112,202609290113,202609290114,5000,5000,5000,409,409,0,24.9715520727,40.418133851,23.2195578798,7.4895135993,30.7090714791,46,20,59,21,19,40,84,70,38.530791206,66.459329311,40.6511937059,43.1073765463,49.8593267927,42.6643982936,41.2211027968,42.9780496802,0.00232279976389,1.06302334828,1.10842330379,RHO_GTE_ONE_FINITE_HORIZON_ONLY,PROHIBITED_RHO_GTE_ONE
1.0,TASK3_PEAK_DURATION_SENSITIVITY_EXPLORATORY_V1,PEAK_DURATION_S28_I16_T300,LOCAL_WINDOW_HPP_BASE_STATIONARY_EXTENSION,12,28,16,300,OP_PEAK_DURATION_BASE_S28_I16_T300,fb54f006081219d4cf11a22fa20f08c8e853945f393fd05bc2e198624095a77f,TASK3_OPERATIONAL_POOLED_V1,202607290000,202609290121,202609290122,202609290123,202609290124,5000,5000,5000,423,423,0,20.7130246056,41.039607779,16.0568015178,8.15028230974,24.2070838276,40,20,55,36,15,51,95,84,44.255783037,76.614807502,24.4992790693,38.4247865449,43.7826382375,42.2052172731,49.2262737543,-0.298176097717,0.177448066994,1.06302334828,1.10842330379,RHO_GTE_ONE_FINITE_HORIZON_ONLY,PROHIBITED_RHO_GTE_ONE
1.0,TASK3_PEAK_DURATION_SENSITIVITY_EXPLORATORY_V1,PEAK_DURATION_S28_I16_T300,LOCAL_WINDOW_HPP_BASE_STATIONARY_EXTENSION,13,28,16,300,OP_PEAK_DURATION_BASE_S28_I16_T300,fb54f006081219d4cf11a22fa20f08c8e853945f393fd05bc2e198624095a77f,TASK3_OPERATIONAL_POOLED_V1,202607290000,202609290131,202609290132,202609290133,202609290134,5000,5000,5000,455,455,0,40.542062303,67.432579751,42.7163676137,7.66180218237,50.3781697961,74,18,89,68,16,84,128,87,70.66549055,103.009373229,73.8692298927,71.664566233,70.7601863224,72.755984784,82.4546438596,60.6042373547,0.0608741549496,1.06302334828,1.10842330379,RHO_GTE_ONE_FINITE_HORIZON_ONLY,PROHIBITED_RHO_GTE_ONE
1.0,TASK3_PEAK_DURATION_SENSITIVITY_EXPLORATORY_V1,PEAK_DURATION_S28_I16_T300,LOCAL_WINDOW_HPP_BASE_STATIONARY_EXTENSION,14,28,16,300,OP_PEAK_DURATION_BASE_S28_I16_T300,fb54f006081219d4cf11a22fa20f08c8e853945f393fd05bc2e198624095a77f,TASK3_OPERATIONAL_POOLED_V1,202607290000,202609290141,202609290142,202609290143,202609290144,5000,5000,5000,374,374,0,9.98569427331,20.988425711,6.99507158765,4.42218540863,11.4172569963,23,13,30,0,11,11,54,63,19.81433367,44.224017411,9.1663160796,16.4957999364,23.5220722488,21.2297426127,15.7640338825,3.78855924049,0.0597645942734,1.06302334828,1.10842330379,RHO_GTE_ONE_FINITE_HORIZON_ONLY,PROHIBITED_RHO_GTE_ONE
1.0,TASK3_PEAK_DURATION_SENSITIVITY_EXPLORATORY_V1,PEAK_DURATION_S28_I16_T300,LOCAL_WINDOW_HPP_BASE_STATIONARY_EXTENSION,15,28,16,300,OP_PEAK_DURATION_BASE_S28_I16_T300,fb54f006081219d4cf11a22fa20f08c8e853945f393fd05bc2e198624095a77f,TASK3_OPERATIONAL_POOLED_V1,202607290000,202609290151,202609290152,202609290153,202609290154,5000,5000,5000,386,386,0,10.1115796291,25.910783268,7.5895617377,3.67798500626,11.267546744,29,12,35,14,10,24,68,67,27.891000601,55.169131789,10.2315728095,11.6960752898,21.7252602609,30.9039051005,26.3964860041,-18.4625822569,0.171792187333,1.06302334828,1.10842330379,RHO_GTE_ONE_FINITE_HORIZON_ONLY,PROHIBITED_RHO_GTE_ONE
1.0,TASK3_PEAK_DURATION_SENSITIVITY_EXPLORATORY_V1,PEAK_DURATION_S28_I16_T300,LOCAL_WINDOW_HPP_BASE_STATIONARY_EXTENSION,16,28,16,300,OP_PEAK_DURATION_BASE_S28_I16_T300,fb54f006081219d4cf11a22fa20f08c8e853945f393fd05bc2e198624095a77f,TASK3_OPERATIONAL_POOLED_V1,202607290000,202609290161,202609290162,202609290163,202609290164,5000,5000,5000,401,401,0,8.116068289,26.032096563,4.99954360149,3.20688339695,8.20642699844,26,13,38,26,11,37,81,95,30.076539296,65.963696822,6.15734425187,10.7404596732,9.49217845207,18.0420701957,29.4496575947,-25.6383358727,0.179620790694,1.06302334828,1.10842330379,RHO_GTE_ONE_FINITE_HORIZON_ONLY,PROHIBITED_RHO_GTE_ONE
1.0,TASK3_PEAK_DURATION_SENSITIVITY_EXPLORATORY_V1,PEAK_DURATION_S28_I16_T300,LOCAL_WINDOW_HPP_BASE_STATIONARY_EXTENSION,17,28,16,300,OP_PEAK_DURATION_BASE_S28_I16_T300,fb54f006081219d4cf11a22fa20f08c8e853945f393fd05bc2e198624095a77f,TASK3_OPERATIONAL_POOLED_V1,202607290000,202609290171,202609290172,202609290173,202609290174,5000,5000,5000,429,429,0,24.5840579409,49.597606062,21.2329961882,7.28405855039,28.5170547386,51,19,65,50,14,64,108,80,53.411330245,86.155757639,26.2073019121,32.722495231,47.9826389951,54.1265573969,59.7252059229,-22.177062749,0.294799567292,1.06302334828,1.10842330379,RHO_GTE_ONE_FINITE_HORIZON_ONLY,PROHIBITED_RHO_GTE_ONE
1.0,TASK3_PEAK_DURATION_SENSITIVITY_EXPLORATORY_V1,PEAK_DURATION_S28_I16_T300,LOCAL_WINDOW_HPP_BASE_STATIONARY_EXTENSION,18,28,16,300,OP_PEAK_DURATION_BASE_S28_I16_T300,fb54f006081219d4cf11a22fa20f08c8e853945f393fd05bc2e198624095a77f,TASK3_OPERATIONAL_POOLED_V1,202607290000,202609290181,202609290182,202609290183,202609290184,5000,5000,5000,419,419,0,22.517717657,40.52569379,19.8224615769,6.71073102614,26.5331926031,41,16,54,39,13,52,96,77,43.882872351,77.278114479,32.1821820644,40.4394790459,44.5907841792,46.0525596367,48.9910354564,13.0281175454,0.13076929125,1.06302334828,1.10842330379,RHO_GTE_ONE_FINITE_HORIZON_ONLY,PROHIBITED_RHO_GTE_ONE
1.0,TASK3_PEAK_DURATION_SENSITIVITY_EXPLORATORY_V1,PEAK_DURATION_S28_I16_T300,LOCAL_WINDOW_HPP_BASE_STATIONARY_EXTENSION,19,28,16,300,OP_PEAK_DURATION_BASE_S28_I16_T300,fb54f006081219d4cf11a22fa20f08c8e853945f393fd05bc2e198624095a77f,TASK3_OPERATIONAL_POOLED_V1,202607290000,202609290191,202609290192,202609290193,202609290194,5000,5000,5000,445,445,0,24.4657727802,55.040968928,20.0964972836,7.43440076233,27.5308980459,59,18,76,58,18,76,120,101,59.785091455,95.387608955,25.6688835873,33.9656963487,45.4264067582,54.2475377955,65.8527855935,-30.4549720778,0.335498818198,1.06302334828,1.10842330379,RHO_GTE_ONE_FINITE_HORIZON_ONLY,PROHIBITED_RHO_GTE_ONE
1.0,TASK3_PEAK_DURATION_SENSITIVITY_EXPLORATORY_V1,PEAK_DURATION_S28_I16_T300,LOCAL_WINDOW_HPP_BASE_STATIONARY_EXTENSION,20,28,16,300,OP_PEAK_DURATION_BASE_S28_I16_T300,fb54f006081219d4cf11a22fa20f08c8e853945f393fd05bc2e198624095a77f,TASK3_OPERATIONAL_POOLED_V1,202607290000,202609290201,202609290202,202609290203,202609290204,5000,5000,5000,418,418,0,20.6929958594,38.389255443,16.941877902,7.57641366022,24.5182915622,36,20,51,31,15,46,90,86,40.628452647,74.34713521,32.5464197734,31.3752210946,31.2885793305,40.2473546307,46.2372855318,9.14857328255,0.120846216843,1.06302334828,1.10842330379,RHO_GTE_ONE_FINITE_HORIZON_ONLY,PROHIBITED_RHO_GTE_ONE
1.0,TASK3_PEAK_DURATION_SENSITIVITY_EXPLORATORY_V1,PEAK_DURATION_S28_I16_T300,LOCAL_WINDOW_HPP_BASE_STATIONARY_EXTENSION,21,28,16,300,OP_PEAK_DURATION_BASE_S28_I16_T300,fb54f006081219d4cf11a22fa20f08c8e853945f393fd05bc2e198624095a77f,TASK3_OPERATIONAL_POOLED_V1,202607290000,202609290211,202609290212,202609290213,202609290214,5000,5000,5000,417,417,0,14.7281381357,36.529813228,12.3640203633,3.80005049304,16.1640708564,41,11,50,41,9,50,94,82,40.168806099,75.941757371,4.9542039562,18.9576985696,31.3474504051,39.8746288133,42.0181914648,-43.8532443038,0.316816350869,1.06302334828,1.10842330379,RHO_GTE_ONE_FINITE_HORIZON_ONLY,PROHIBITED_RHO_GTE_ONE
1.0,TASK3_PEAK_DURATION_SENSITIVITY_EXPLORATORY_V1,PEAK_DURATION_S28_I16_T300,LOCAL_WINDOW_HPP_BASE_STATIONARY_EXTENSION,22,28,16,300,OP_PEAK_DURATION_BASE_S28_I16_T300,fb54f006081219d4cf11a22fa20f08c8e853945f393fd05bc2e198624095a77f,TASK3_OPERATIONAL_POOLED_V1,202607290000,202609290221,202609290222,202609290223,202609290224,5000,5000,5000,410,410,0,17.6105957955,35.624277488,13.9950706894,6.50183231394,20.4969030033,34,17,48,28,14,42,86,83,38.058038499,69.907443881,25.0696886305,26.1964824405,30.9736215597,35.6307354467,42.8740161725,-1.63327221751,0.150143026967,1.06302334828,1.10842330379,RHO_GTE_ONE_FINITE_HORIZON_ONLY,PROHIBITED_RHO_GTE_ONE
1.0,TASK3_PEAK_DURATION_SENSITIVITY_EXPLORATORY_V1,PEAK_DURATION_S28_I16_T300,LOCAL_WINDOW_HPP_BASE_STATIONARY_EXTENSION,23,28,16,300,OP_PEAK_DURATION_BASE_S28_I16_T300,fb54f006081219d4cf11a22fa20f08c8e853945f393fd05bc2e198624095a77f,TASK3_OPERATIONAL_POOLED_V1,202607290000,202609290231,202609290232,202609290233,202609290234,5000,5000,5000,439,439,0,32.6044151956,57.365618496,30.9984057429,9.04767973757,40.0460854804,58,23,73,47,20,67,111,85,58.70265807,90.331844884,42.7663175044,54.1953267559,57.7252404503,64.9060952374,68.6087025107,10.8436826213,0.207985128313,1.06302334828,1.10842330379,RHO_GTE_ONE_FINITE_HORIZON_ONLY,PROHIBITED_RHO_GTE_ONE
1.0,TASK3_PEAK_DURATION_SENSITIVITY_EXPLORATORY_V1,PEAK_DURATION_S28_I16_T300,LOCAL_WINDOW_HPP_BASE_STATIONARY_EXTENSION,24,28,16,300,OP_PEAK_DURATION_BASE_S28_I16_T300,fb54f006081219d4cf11a22fa20f08c8e853945f393fd05bc2e198624095a77f,TASK3_OPERATIONAL_POOLED_V1,202607290000,202609290241,202609290242,202609290243,202609290244,5000,5000,5000,412,412,0,13.7763800996,27.354186644,7.29171570103,8.06815796614,15.3598736672,24,19,40,24,16,40,84,92,31.788105693,67.058976222,17.8256805373,14.0962141652,19.4767310336,22.9514727039,30.4466736436,-4.61357914665,0.113657482504,1.06302334828,1.10842330379,RHO_GTE_ONE_FINITE_HORIZON_ONLY,PROHIBITED_RHO_GTE_ONE
1.0,TASK3_PEAK_DURATION_SENSITIVITY_EXPLORATORY_V1,PEAK_DURATION_S28_I16_T300,LOCAL_WINDOW_HPP_BASE_STATIONARY_EXTENSION,25,28,16,300,OP_PEAK_DURATION_BASE_S28_I16_T300,fb54f006081219d4cf11a22fa20f08c8e853945f393fd05bc2e198624095a77f,TASK3_OPERATIONAL_POOLED_V1,202607290000,202609290251,202609290252,202609290253,202609290254,5000,5000,5000,424,424,0,22.2763688386,39.563138142,20.4625844157,5.83466608688,26.2972505025,44,16,55,41,14,55,99,86,43.311899963,79.861223279,36.4918348838,42.6364429865,42.3990350383,39.067684605,44.8855174796,31.1821478911,0.0440620227001,1.06302334828,1.10842330379,RHO_GTE_ONE_FINITE_HORIZON_ONLY,PROHIBITED_RHO_GTE_ONE
1.0,TASK3_PEAK_DURATION_SENSITIVITY_EXPLORATORY_V1,PEAK_DURATION_S28_I16_T300,LOCAL_WINDOW_HPP_BASE_STATIONARY_EXTENSION,26,28,16,300,OP_PEAK_DURATION_BASE_S28_I16_T300,fb54f006081219d4cf11a22fa20f08c8e853945f393fd05bc2e198624095a77f,TASK3_OPERATIONAL_POOLED_V1,202607290000,202609290261,202609290262,202609290263,202609290264,5000,5000,5000,419,419,0,20.10480501,41.109772136,17.6966431795,6.04178114734,23.7384243268,42,16,54,35,15,50,94,81,43.632155767,74.856740809,23.9609231246,32.2791920449,38.1219120151,41.1453928194,49.4659673791,-7.912539486,0.199587630945,1.06302334828,1.10842330379,RHO_GTE_ONE_FINITE_HORIZON_ONLY,PROHIBITED_RHO_GTE_ONE
1.0,TASK3_PEAK_DURATION_SENSITIVITY_EXPLORATORY_V1,PEAK_DURATION_S28_I16_T300,LOCAL_WINDOW_HPP_BASE_STATIONARY_EXTENSION,27,28,16,300,OP_PEAK_DURATION_BASE_S28_I16_T300,fb54f006081219d4cf11a22fa20f08c8e853945f393fd05bc2e198624095a77f,TASK3_OPERATIONAL_POOLED_V1,202607290000,202609290271,202609290272,202609290273,202609290274,5000,5000,5000,410,410,0,15.5766785374,28.188745413,9.97907346083,7.92321186859,17.9022853294,26,19,43,22,17,39,83,94,33.353763451,67.75506227,23.2446301812,21.3757241697,19.6422315244,23.4652181305,33.7897420746,6.91872090546,0.0772657258249,1.06302334828,1.10842330379,RHO_GTE_ONE_FINITE_HORIZON_ONLY,PROHIBITED_RHO_GTE_ONE
1.0,TASK3_PEAK_DURATION_SENSITIVITY_EXPLORATORY_V1,PEAK_DURATION_S28_I16_T300,LOCAL_WINDOW_HPP_BASE_STATIONARY_EXTENSION,28,28,16,300,OP_PEAK_DURATION_BASE_S28_I16_T300,fb54f006081219d4cf11a22fa20f08c8e853945f393fd05bc2e198624095a77f,TASK3_OPERATIONAL_POOLED_V1,202607290000,202609290281,202609290282,202609290283,202609290284,5000,5000,5000,392,392,0,7.84486285873,22.323620488,5.34639902833,2.90685979562,8.25325882395,24,12,33,22,9,31,75,91,24.739284477,59.334428482,6.38177744097,11.9442272265,10.7396120445,16.9110575964,26.59738422,-19.5337212403,0.151326813093,1.06302334828,1.10842330379,RHO_GTE_ONE_FINITE_HORIZON_ONLY,PROHIBITED_RHO_GTE_ONE
1.0,TASK3_PEAK_DURATION_SENSITIVITY_EXPLORATORY_V1,PEAK_DURATION_S28_I16_T300,LOCAL_WINDOW_HPP_BASE_STATIONARY_EXTENSION,29,28,16,300,OP_PEAK_DURATION_BASE_S28_I16_T300,fb54f006081219d4cf11a22fa20f08c8e853945f393fd05bc2e198624095a77f,TASK3_OPERATIONAL_POOLED_V1,202607290000,202609290291,202609290292,202609290293,202609290294,5000,5000,5000,424,424,0,21.8663173663,44.762418314,16.6855221039,8.84349498103,25.529017085,47,22,59,33,20,53,97,90,46.587986216,78.811830095,25.8019664342,32.3691968693,35.9918064927,47.2606553425,52.44667002,-12.3615902018,0.227269552149,1.06302334828,1.10842330379,RHO_GTE_ONE_FINITE_HORIZON_ONLY,PROHIBITED_RHO_GTE_ONE
1.0,TASK3_PEAK_DURATION_SENSITIVITY_EXPLORATORY_V1,PEAK_DURATION_S28_I16_T300,LOCAL_WINDOW_HPP_BASE_STATIONARY_EXTENSION,30,28,16,300,OP_PEAK_DURATION_BASE_S28_I16_T300,fb54f006081219d4cf11a22fa20f08c8e853945f393fd05bc2e198624095a77f,TASK3_OPERATIONAL_POOLED_V1,202607290000,202609290301,202609290302,202609290303,202609290304,5000,5000,5000,408,408,0,10.640814882,27.404331662,6.21987145197,5.24947750329,11.4693489553,29,14,39,28,11,39,83,100,30.502840654,66.370099221,7.7720861031,9.96894038793,14.9487368975,18.522483087,32.4902774112,-26.7519392091,0.193299751051,1.06302334828,1.10842330379,RHO_GTE_ONE_FINITE_HORIZON_ONLY,PROHIBITED_RHO_GTE_ONE
1.0,TASK3_PEAK_DURATION_SENSITIVITY_EXPLORATORY_V1,PEAK_DURATION_S28_I16_T300,LOCAL_WINDOW_HPP_BASE_STATIONARY_EXTENSION,31,28,16,300,OP_PEAK_DURATION_BASE_S28_I16_T300,fb54f006081219d4cf11a22fa20f08c8e853945f393fd05bc2e198624095a77f,TASK3_OPERATIONAL_POOLED_V1,202607290000,202609290311,202609290312,202609290313,202609290314,5000,5000,5000,425,425,0,20.6149047096,46.550224669,17.5047565678,6.41550427318,23.920260841,47,17,61,40,15,55,99,95,48.543792901,79.544366985,29.8114316552,31.3704776811,33.2714566085,41.05014607,56.5653079537,-8.97680174575,0.21062473662,1.06302334828,1.10842330379,RHO_GTE_ONE_FINITE_HORIZON_ONLY,PROHIBITED_RHO_GTE_ONE
1.0,TASK3_PEAK_DURATION_SENSITIVITY_EXPLORATORY_V1,PEAK_DURATION_S28_I16_T300,LOCAL_WINDOW_HPP_BASE_STATIONARY_EXTENSION,32,28,16,300,OP_PEAK_DURATION_BASE_S28_I16_T300,fb54f006081219d4cf11a22fa20f08c8e853945f393fd05bc2e198624095a77f,TASK3_OPERATIONAL_POOLED_V1,202607290000,202609290321,202609290322,202609290323,202609290324,5000,5000,5000,395,395,0,7.81403786668,20.603559235,4.54000236933,3.77028382894,8.31028619828,20,15,30,19,9,28,72,86,22.518883146,58.99815803,6.5459142608,9.60616171563,9.97025380317,18.7452946864,24.4248601142,-19.8142715921,0.149656748925,1.06302334828,1.10842330379,RHO_GTE_ONE_FINITE_HORIZON_ONLY,PROHIBITED_RHO_GTE_ONE
1.0,TASK3_PEAK_DURATION_SENSITIVITY_EXPLORATORY_V1,PEAK_DURATION_S28_I16_T300,LOCAL_WINDOW_HPP_BASE_STATIONARY_EXTENSION,33,28,16,300,OP_PEAK_DURATION_BASE_S28_I16_T300,fb54f006081219d4cf11a22fa20f08c8e853945f393fd05bc2e198624095a77f,TASK3_OPERATIONAL_POOLED_V1,202607290000,202609290331,202609290332,202609290333,202609290334,5000,5000,5000,428,428,0,26.073500919,46.371127773,23.5526144703,8.02636941884,31.5789838892,47,20,59,41,15,56,100,74,47.512212497,79.768759797,32.8253141659,38.3295655789,50.474246253,55.4175622368,53.015528245,2.9111246837,0.191561416054,1.06302334828,1.10842330379,RHO_GTE_ONE_FINITE_HORIZON_ONLY,PROHIBITED_RHO_GTE_ONE
1.0,TASK3_PEAK_DURATION_SENSITIVITY_EXPLORATORY_V1,PEAK_DURATION_S28_I16_T300,LOCAL_WINDOW_HPP_BASE_STATIONARY_EXTENSION,34,28,16,300,OP_PEAK_DURATION_BASE_S28_I16_T300,fb54f006081219d4cf11a22fa20f08c8e853945f393fd05bc2e198624095a77f,TASK3_OPERATIONAL_POOLED_V1,202607290000,202609290341,202609290342,202609290343,202609290344,5000,5000,5000,426,426,0,18.6247063434,42.754596354,13.080791696,7.82962291476,20.9104146108,41,18,57,38,18,56,100,94,45.920569234,79.822718778,20.9984505596,24.42168072,31.3873128824,35.6664430473,48.746910748,-17.8121024365,0.22247227568,1.06302334828,1.10842330379,RHO_GTE_ONE_FINITE_HORIZON_ONLY,PROHIBITED_RHO_GTE_ONE
1.0,TASK3_PEAK_DURATION_SENSITIVITY_EXPLORATORY_V1,PEAK_DURATION_S28_I16_T300,LOCAL_WINDOW_HPP_BASE_STATIONARY_EXTENSION,35,28,16,300,OP_PEAK_DURATION_BASE_S28_I16_T300,fb54f006081219d4cf11a22fa20f08c8e853945f393fd05bc2e198624095a77f,TASK3_OPERATIONAL_POOLED_V1,202607290000,202609290351,202609290352,202609290353,202609290354,5000,5000,5000,451,451,0,27.4049589179,56.018280362,23.1823012032,8.1318522804,31.3141534836,63,19,79,61,18,79,123,108,62.886679432,100.373094517,33.3584802166,37.08106886,43.2515389628,48.7673355911,66.2354207938,-12.3413420293,0.258133826285,1.06302334828,1.10842330379,RHO_GTE_ONE_FINITE_HORIZON_ONLY,PROHIBITED_RHO_GTE_ONE
1.0,TASK3_PEAK_DURATION_SENSITIVITY_EXPLORATORY_V1,PEAK_DURATION_S28_I16_T300,LOCAL_WINDOW_HPP_BASE_STATIONARY_EXTENSION,36,28,16,300,OP_PEAK_DURATION_BASE_S28_I16_T300,fb54f006081219d4cf11a22fa20f08c8e853945f393fd05bc2e198624095a77f,TASK3_OPERATIONAL_POOLED_V1,202607290000,202609290361,202609290362,202609290363,202609290364,5000,5000,5000,414,414,0,18.0790090462,33.936032942,12.8034705774,8.33444977189,21.1379203493,30,20,44,24,18,42,86,78,35.265762403,69.857294222,19.254053374,27.6884906439,34.9223600554,39.7719993571,38.3319168228,-5.6856626575,0.167464118703,1.06302334828,1.10842330379,RHO_GTE_ONE_FINITE_HORIZON_ONLY,PROHIBITED_RHO_GTE_ONE
1.0,TASK3_PEAK_DURATION_SENSITIVITY_EXPLORATORY_V1,PEAK_DURATION_S28_I16_T300,LOCAL_WINDOW_HPP_BASE_STATIONARY_EXTENSION,37,28,16,300,OP_PEAK_DURATION_BASE_S28_I16_T300,fb54f006081219d4cf11a22fa20f08c8e853945f393fd05bc2e198624095a77f,TASK3_OPERATIONAL_POOLED_V1,202607290000,202609290371,202609290372,202609290373,202609290374,5000,5000,5000,408,408,0,18.1814209193,33.621990812,12.6209726343,8.48570196409,21.1066745984,31,20,45,22,20,42,86,87,35.358204418,68.519001359,18.7745917202,22.1513135599,24.4473581673,28.3170279962,39.0280559557,-8.46081270062,0.155575476358,1.06302334828,1.10842330379,RHO_GTE_ONE_FINITE_HORIZON_ONLY,PROHIBITED_RHO_GTE_ONE
1.0,TASK3_PEAK_DURATION_SENSITIVITY_EXPLORATORY_V1,PEAK_DURATION_S28_I16_T300,LOCAL_WINDOW_HPP_BASE_STATIONARY_EXTENSION,38,28,16,300,OP_PEAK_DURATION_BASE_S28_I16_T300,fb54f006081219d4cf11a22fa20f08c8e853945f393fd05bc2e198624095a77f,TASK3_OPERATIONAL_POOLED_V1,202607290000,202609290381,202609290382,202609290383,202609290384,5000,5000,5000,406,406,0,16.4496856229,34.27341001,13.1255629983,6.07254950119,19.1981124995,32,16,44,24,13,37,81,75,35.657596261,65.497817764,18.2419330267,26.5201729301,34.8449448287,38.6245403791,40.5388237735,-10.7695287193,0.188993829808,1.06302334828,1.10842330379,RHO_GTE_ONE_FINITE_HORIZON_ONLY,PROHIBITED_RHO_GTE_ONE
1.0,TASK3_PEAK_DURATION_SENSITIVITY_EXPLORATORY_V1,PEAK_DURATION_S28_I16_T300,LOCAL_WINDOW_HPP_BASE_STATIONARY_EXTENSION,39,28,16,300,OP_PEAK_DURATION_BASE_S28_I16_T300,fb54f006081219d4cf11a22fa20f08c8e853945f393fd05bc2e198624095a77f,TASK3_OPERATIONAL_POOLED_V1,202607290000,202609290391,202609290392,202609290393,202609290394,5000,5000,5000,388,388,0,8.41265195663,18.344094318,5.50766036725,3.78841235324,9.29607272048,21,12,27,18,9,27,71,90,20.432144402,55.999717678,17.4247317602,15.2715029197,10.4481412131,9.0893198454,17.2144882012,18.841639432,-0.0220089006404,1.06302334828,1.10842330379,RHO_GTE_ONE_FINITE_HORIZON_ONLY,PROHIBITED_RHO_GTE_ONE
1.0,TASK3_PEAK_DURATION_SENSITIVITY_EXPLORATORY_V1,PEAK_DURATION_S28_I16_T300,LOCAL_WINDOW_HPP_BASE_STATIONARY_EXTENSION,40,28,16,300,OP_PEAK_DURATION_BASE_S28_I16_T300,fb54f006081219d4cf11a22fa20f08c8e853945f393fd05bc2e198624095a77f,TASK3_OPERATIONAL_POOLED_V1,202607290000,202609290401,202609290402,202609290403,202609290404,5000,5000,5000,399,399,0,7.92307283613,20.784127767,4.90023476206,3.826621604,8.72685636607,22,10,30,20,10,30,74,89,22.225194667,58.298385989,4.0751084186,4.72939687867,8.7583327588,19.8284644145,23.7702884066,-28.6347524584,0.181631425039,1.06302334828,1.10842330379,RHO_GTE_ONE_FINITE_HORIZON_ONLY,PROHIBITED_RHO_GTE_ONE
1.0,TASK3_PEAK_DURATION_SENSITIVITY_EXPLORATORY_V1,PEAK_DURATION_S28_I16_T300,LOCAL_WINDOW_HPP_BASE_STATIONARY_EXTENSION,41,28,16,300,OP_PEAK_DURATION_BASE_S28_I16_T300,fb54f006081219d4cf11a22fa20f08c8e853945f393fd05bc2e198624095a77f,TASK3_OPERATIONAL_POOLED_V1,202607290000,202609290411,202609290412,202609290413,202609290414,5000,5000,5000,416,416,0,24.9778946922,36.711346375,21.5253759066,9.04519792896,30.5705738355,36,23,49,26,18,44,88,74,38.530637479,70.657759492,35.4063662977,33.2266609783,38.468498262,42.3391143024,44.0905293956,18.8456492073,0.0882692650663,1.06302334828,1.10842330379,RHO_GTE_ONE_FINITE_HORIZON_ONLY,PROHIBITED_RHO_GTE_ONE
1.0,TASK3_PEAK_DURATION_SENSITIVITY_EXPLORATORY_V1,PEAK_DURATION_S28_I16_T300,LOCAL_WINDOW_HPP_BASE_STATIONARY_EXTENSION,42,28,16,300,OP_PEAK_DURATION_BASE_S28_I16_T300,fb54f006081219d4cf11a22fa20f08c8e853945f393fd05bc2e198624095a77f,TASK3_OPERATIONAL_POOLED_V1,202607290000,202609290421,202609290422,202609290423,202609290424,5000,5000,5000,403,403,0,10.2371543605,28.234169179,7.17784408974,4.50865708553,11.6865011753,32,11,39,23,8,31,75,89,30.959688446,61.736360174,10.2690818703,7.4151172461,9.59514959327,27.6232143627,33.4972220359,-32.3183260643,0.222214591493,1.06302334828,1.10842330379,RHO_GTE_ONE_FINITE_HORIZON_ONLY,PROHIBITED_RHO_GTE_ONE
1.0,TASK3_PEAK_DURATION_SENSITIVITY_EXPLORATORY_V1,PEAK_DURATION_S28_I16_T300,LOCAL_WINDOW_HPP_BASE_STATIONARY_EXTENSION,43,28,16,300,OP_PEAK_DURATION_BASE_S28_I16_T300,fb54f006081219d4cf11a22fa20f08c8e853945f393fd05bc2e198624095a77f,TASK3_OPERATIONAL_POOLED_V1,202607290000,202609290431,202609290432,202609290433,202609290434,5000,5000,5000,407,407,0,18.7648678058,30.179102019,15.4901215826,7.02463603182,22.5147576144,28,19,42,21,14,35,79,85,32.70189031,63.938435101,28.9089173851,32.4759799589,31.0594183196,24.116307961,36.3104240917,25.7417034818,0.0214778047174,1.06302334828,1.10842330379,RHO_GTE_ONE_FINITE_HORIZON_ONLY,PROHIBITED_RHO_GTE_ONE
1.0,TASK3_PEAK_DURATION_SENSITIVITY_EXPLORATORY_V1,PEAK_DURATION_S28_I16_T300,LOCAL_WINDOW_HPP_BASE_STATIONARY_EXTENSION,44,28,16,300,OP_PEAK_DURATION_BASE_S28_I16_T300,fb54f006081219d4cf11a22fa20f08c8e853945f393fd05bc2e198624095a77f,TASK3_OPERATIONAL_POOLED_V1,202607290000,202609290441,202609290442,202609290443,202609290444,5000,5000,5000,366,366,0,2.86342007155,6.806801358,1.12432618333,2.26452026429,3.38884644762,8,9,12,3,0,3,42,70,4.343276995,35.028741106,6.42614523013,5.92720932657,3.7462599114,2.182815261,2.06217915633,13.423166437,-0.0415744207106,1.06302334828,1.10842330379,RHO_GTE_ONE_FINITE_HORIZON_ONLY,PROHIBITED_RHO_GTE_ONE
1.0,TASK3_PEAK_DURATION_SENSITIVITY_EXPLORATORY_V1,PEAK_DURATION_S28_I16_T300,LOCAL_WINDOW_HPP_BASE_STATIONARY_EXTENSION,45,28,16,300,OP_PEAK_DURATION_BASE_S28_I16_T300,fb54f006081219d4cf11a22fa20f08c8e853945f393fd05bc2e198624095a77f,TASK3_OPERATIONAL_POOLED_V1,202607290000,202609290451,202609290452,202609290453,202609290454,5000,5000,5000,399,399,0,11.8744357748,23.337865821,6.47811815126,6.92959359529,13.4077117465,17,16,31,15,15,30,74,84,24.31731501,58.728849246,12.3463316281,17.4712441816,18.642626463,20.7822018256,27.4465790508,-5.79579273727,0.111704841632,1.06302334828,1.10842330379,RHO_GTE_ONE_FINITE_HORIZON_ONLY,PROHIBITED_RHO_GTE_ONE
1.0,TASK3_PEAK_DURATION_SENSITIVITY_EXPLORATORY_V1,PEAK_DURATION_S28_I16_T300,LOCAL_WINDOW_HPP_BASE_STATIONARY_EXTENSION,46,28,16,300,OP_PEAK_DURATION_BASE_S28_I16_T300,fb54f006081219d4cf11a22fa20f08c8e853945f393fd05bc2e198624095a77f,TASK3_OPERATIONAL_POOLED_V1,202607290000,202609290461,202609290462,202609290463,202609290464,5000,5000,5000,452,452,0,30.3382726595,66.979399874,27.8723452549,7.35081424669,35.2231595016,72,18,86,64,18,82,126,90,68.624022654,101.759822455,35.8620377791,50.7654636375,55.1894835559,72.8530053138,80.7614336517,-24.8284652785,0.372954444738,1.06302334828,1.10842330379,RHO_GTE_ONE_FINITE_HORIZON_ONLY,PROHIBITED_RHO_GTE_ONE
1.0,TASK3_PEAK_DURATION_SENSITIVITY_EXPLORATORY_V1,PEAK_DURATION_S28_I16_T300,LOCAL_WINDOW_HPP_BASE_STATIONARY_EXTENSION,47,28,16,300,OP_PEAK_DURATION_BASE_S28_I16_T300,fb54f006081219d4cf11a22fa20f08c8e853945f393fd05bc2e198624095a77f,TASK3_OPERATIONAL_POOLED_V1,202607290000,202609290471,202609290472,202609290473,202609290474,5000,5000,5000,385,385,0,14.3464561659,22.422386374,8.69964625436,7.91011818193,16.6097644363,20,19,29,7,12,19,63,72,23.543602285,51.730835605,22.1593159915,22.3253695666,22.8807900297,25.6259538141,21.7350468957,21.1062607176,0.008173486853,1.06302334828,1.10842330379,RHO_GTE_ONE_FINITE_HORIZON_ONLY,PROHIBITED_RHO_GTE_ONE
1.0,TASK3_PEAK_DURATION_SENSITIVITY_EXPLORATORY_V1,PEAK_DURATION_S28_I16_T300,LOCAL_WINDOW_HPP_BASE_STATIONARY_EXTENSION,48,28,16,300,OP_PEAK_DURATION_BASE_S28_I16_T300,fb54f006081219d4cf11a22fa20f08c8e853945f393fd05bc2e198624095a77f,TASK3_OPERATIONAL_POOLED_V1,202607290000,202609290481,202609290482,202609290483,202609290484,5000,5000,5000,416,416,0,18.8958271052,35.748565159,15.430846937,6.87153636788,22.3023833048,34,17,47,29,15,44,88,83,37.036891458,70.78717972,33.9225218005,37.765366489,33.3004437055,33.6010560875,42.6496017037,26.2804109036,0.0442994980163,1.06302334828,1.10842330379,RHO_GTE_ONE_FINITE_HORIZON_ONLY,PROHIBITED_RHO_GTE_ONE
1.0,TASK3_PEAK_DURATION_SENSITIVITY_EXPLORATORY_V1,PEAK_DURATION_S28_I16_T300,LOCAL_WINDOW_HPP_BASE_STATIONARY_EXTENSION,49,28,16,300,OP_PEAK_DURATION_BASE_S28_I16_T300,fb54f006081219d4cf11a22fa20f08c8e853945f393fd05bc2e198624095a77f,TASK3_OPERATIONAL_POOLED_V1,202607290000,202609290491,202609290492,202609290493,202609290494,5000,5000,5000,423,423,0,25.2442815523,44.716123542,23.2693069831,6.93872518197,30.2080321651,46,17,59,38,17,55,99,87,48.127974648,81.106788828,32.5407459908,35.7651318687,38.1755107616,47.3299430634,54.1911579191,0.451271632225,0.182885450171,1.06302334828,1.10842330379,RHO_GTE_ONE_FINITE_HORIZON_ONLY,PROHIBITED_RHO_GTE_ONE
1.0,TASK3_PEAK_DURATION_SENSITIVITY_EXPLORATORY_V1,PEAK_DURATION_S28_I16_T300,LOCAL_WINDOW_HPP_BASE_STATIONARY_EXTENSION,50,28,16,300,OP_PEAK_DURATION_BASE_S28_I16_T300,fb54f006081219d4cf11a22fa20f08c8e853945f393fd05bc2e198624095a77f,TASK3_OPERATIONAL_POOLED_V1,202607290000,202609290501,202609290502,202609290503,202609290504,5000,5000,5000,414,414,0,16.745803533,37.444407953,13.3139025069,5.61499784807,18.928900355,36,16,48,35,12,47,91,88,38.95291268,75.128862969,19.6940899374,24.1068506766,26.0359597024,39.3072497971,44.3934516351,-17.7418215371,0.215330408386,1.06302334828,1.10842330379,RHO_GTE_ONE_FINITE_HORIZON_ONLY,PROHIBITED_RHO_GTE_ONE
1.0,TASK3_PEAK_DURATION_SENSITIVITY_EXPLORATORY_V1,PEAK_DURATION_S28_I16_T900,LOCAL_WINDOW_HPP_BASE_STATIONARY_EXTENSION,1,28,16,900,OP_PEAK_DURATION_BASE_S28_I16_T900,e10a5b0b47646811c5f9e0af865eef5938c7b24a6afc8f96383b52e1c63b36c7,TASK3_OPERATIONAL_POOLED_V1,202607290000,202609290011,202609290012,202609290013,202609290014,5000,5000,5000,1193,1193,0,38.7036874299,67.252388854,23.4220302075,23.5612363738,46.9832665813,48,52,90,35,46,81,125,231,71.698028948,102.213886828,49.2259858671,68.7876224458,75.1767431598,77.0803767001,79.8066898849,17.924861894,0.0771712914333,1.06302334828,1.10842330379,RHO_GTE_ONE_FINITE_HORIZON_ONLY,PROHIBITED_RHO_GTE_ONE
1.0,TASK3_PEAK_DURATION_SENSITIVITY_EXPLORATORY_V1,PEAK_DURATION_S28_I16_T900,LOCAL_WINDOW_HPP_BASE_STATIONARY_EXTENSION,2,28,16,900,OP_PEAK_DURATION_BASE_S28_I16_T900,e10a5b0b47646811c5f9e0af865eef5938c7b24a6afc8f96383b52e1c63b36c7,TASK3_OPERATIONAL_POOLED_V1,202607290000,202609290021,202609290022,202609290023,202609290024,5000,5000,5000,1216,1216,0,52.330380487,94.296673039,41.1040517254,23.3182911631,64.4223428885,81,50,123,57,47,104,148,217,98.729741966,120.864792035,56.4140936109,68.7563186148,89.3328305027,113.363319331,110.988695196,-27.5461014642,0.170840226541,1.06302334828,1.10842330379,RHO_GTE_ONE_FINITE_HORIZON_ONLY,PROHIBITED_RHO_GTE_ONE
1.0,TASK3_PEAK_DURATION_SENSITIVITY_EXPLORATORY_V1,PEAK_DURATION_S28_I16_T900,LOCAL_WINDOW_HPP_BASE_STATIONARY_EXTENSION,3,28,16,900,OP_PEAK_DURATION_BASE_S28_I16_T900,e10a5b0b47646811c5f9e0af865eef5938c7b24a6afc8f96383b52e1c63b36c7,TASK3_OPERATIONAL_POOLED_V1,202607290000,202609290031,202609290032,202609290033,202609290034,5000,5000,5000,1156,1156,0,24.2086592738,43.19585825,7.31820455319,21.7145907634,29.0327953166,24,47,59,4,42,46,90,232,46.538787007,73.529469484,28.3414521292,36.6990821186,36.9246371492,50.8042808818,47.160449042,1.17858582252,0.0574924362098,1.06302334828,1.10842330379,RHO_GTE_ONE_FINITE_HORIZON_ONLY,PROHIBITED_RHO_GTE_ONE
1.0,TASK3_PEAK_DURATION_SENSITIVITY_EXPLORATORY_V1,PEAK_DURATION_S28_I16_T900,LOCAL_WINDOW_HPP_BASE_STATIONARY_EXTENSION,4,28,16,900,OP_PEAK_DURATION_BASE_S28_I16_T900,e10a5b0b47646811c5f9e0af865eef5938c7b24a6afc8f96383b52e1c63b36c7,TASK3_OPERATIONAL_POOLED_V1,202607290000,202609290041,202609290042,202609290043,202609290044,5000,5000,5000,1202,1202,0,38.3218104517,75.680306069,25.2836245666,20.7827254929,46.0663500595,58,47,100,48,46,94,138,247,79.542439865,110.933263296,51.0546316108,58.9165217192,70.6832216875,74.7735238722,92.0728712923,-3.9199571005,0.108770535018,1.06302334828,1.10842330379,RHO_GTE_ONE_FINITE_HORIZON_ONLY,PROHIBITED_RHO_GTE_ONE
1.0,TASK3_PEAK_DURATION_SENSITIVITY_EXPLORATORY_V1,PEAK_DURATION_S28_I16_T900,LOCAL_WINDOW_HPP_BASE_STATIONARY_EXTENSION,5,28,16,900,OP_PEAK_DURATION_BASE_S28_I16_T900,e10a5b0b47646811c5f9e0af865eef5938c7b24a6afc8f96383b52e1c63b36c7,TASK3_OPERATIONAL_POOLED_V1,202607290000,202609290051,202609290052,202609290053,202609290054,5000,5000,5000,1184,1184,0,36.2521822341,65.297065454,20.5325405694,22.9247910697,43.457331639,41,50,87,34,48,82,126,236,68.74892361,101.379933575,47.0023278714,52.564315677,64.244046266,62.2881925326,75.901106649,9.75892199097,0.0750238160122,1.06302334828,1.10842330379,RHO_GTE_ONE_FINITE_HORIZON_ONLY,PROHIBITED_RHO_GTE_ONE
1.0,TASK3_PEAK_DURATION_SENSITIVITY_EXPLORATORY_V1,PEAK_DURATION_S28_I16_T900,LOCAL_WINDOW_HPP_BASE_STATIONARY_EXTENSION,6,28,16,900,OP_PEAK_DURATION_BASE_S28_I16_T900,e10a5b0b47646811c5f9e0af865eef5938c7b24a6afc8f96383b52e1c63b36c7,TASK3_OPERATIONAL_POOLED_V1,202607290000,202609290061,202609290062,202609290063,202609290064,5000,5000,5000,1187,1187,0,48.2151605452,76.678946407,38.7109477244,20.747631459,59.4585791834,68,47,98,37,44,81,125,210,77.213187738,100.326037226,73.0455516267,89.7671506476,91.4557001829,85.0065163379,83.2083727513,72.8229023547,0.0172944532661,1.06302334828,1.10842330379,RHO_GTE_ONE_FINITE_HORIZON_ONLY,PROHIBITED_RHO_GTE_ONE
1.0,TASK3_PEAK_DURATION_SENSITIVITY_EXPLORATORY_V1,PEAK_DURATION_S28_I16_T900,LOCAL_WINDOW_HPP_BASE_STATIONARY_EXTENSION,7,28,16,900,OP_PEAK_DURATION_BASE_S28_I16_T900,e10a5b0b47646811c5f9e0af865eef5938c7b24a6afc8f96383b52e1c63b36c7,TASK3_OPERATIONAL_POOLED_V1,202607290000,202609290071,202609290072,202609290073,202609290074,5000,5000,5000,1267,1267,0,60.2648873939,133.089268912,50.1841676248,21.4291569498,71.6133245746,128,48,171,118,45,163,207,262,136.646019167,167.452266827,74.2347833688,95.0956699844,115.727665715,128.086825263,159.68635258,-38.3544608932,0.226549215223,1.06302334828,1.10842330379,RHO_GTE_ONE_FINITE_HORIZON_ONLY,PROHIBITED_RHO_GTE_ONE
1.0,TASK3_PEAK_DURATION_SENSITIVITY_EXPLORATORY_V1,PEAK_DURATION_S28_I16_T900,LOCAL_WINDOW_HPP_BASE_STATIONARY_EXTENSION,8,28,16,900,OP_PEAK_DURATION_BASE_S28_I16_T900,e10a5b0b47646811c5f9e0af865eef5938c7b24a6afc8f96383b52e1c63b36c7,TASK3_OPERATIONAL_POOLED_V1,202607290000,202609290081,202609290082,202609290083,202609290084,5000,5000,5000,1299,1299,0,89.348538011,150.439862414,87.02199013,24.4633317501,111.48532188,151,54,193,143,46,189,233,225,154.655373746,188.811871541,126.973240765,148.086993912,174.124730936,179.254687632,181.822257279,56.4030870445,0.156517474163,1.06302334828,1.10842330379,RHO_GTE_ONE_FINITE_HORIZON_ONLY,PROHIBITED_RHO_GTE_ONE
1.0,TASK3_PEAK_DURATION_SENSITIVITY_EXPLORATORY_V1,PEAK_DURATION_S28_I16_T900,LOCAL_WINDOW_HPP_BASE_STATIONARY_EXTENSION,9,28,16,900,OP_PEAK_DURATION_BASE_S28_I16_T900,e10a5b0b47646811c5f9e0af865eef5938c7b24a6afc8f96383b52e1c63b36c7,TASK3_OPERATIONAL_POOLED_V1,202607290000,202609290091,202609290092,202609290093,202609290094,5000,5000,5000,1202,1202,0,45.1586301376,82.282032298,32.1407984476,22.8574554414,54.998253889,68,49,112,49,47,96,140,230,87.720564315,112.591316757,58.1691319743,73.0582768164,82.9548723792,92.4179900127,100.798661552,3.01570728312,0.116243080391,1.06302334828,1.10842330379,RHO_GTE_ONE_FINITE_HORIZON_ONLY,PROHIBITED_RHO_GTE_ONE
1.0,TASK3_PEAK_DURATION_SENSITIVITY_EXPLORATORY_V1,PEAK_DURATION_S28_I16_T900,LOCAL_WINDOW_HPP_BASE_STATIONARY_EXTENSION,10,28,16,900,OP_PEAK_DURATION_BASE_S28_I16_T900,e10a5b0b47646811c5f9e0af865eef5938c7b24a6afc8f96383b52e1c63b36c7,TASK3_OPERATIONAL_POOLED_V1,202607290000,202609290101,202609290102,202609290103,202609290104,5000,5000,5000,1199,1199,0,39.3653500787,72.610910653,27.7716169832,19.256708256,47.0283252392,57,45,97,53,43,96,140,231,75.913626147,114.927725341,53.4689563968,64.0404688061,72.9549425647,81.6651557477,87.1199093181,8.15494197862,0.0943628808712,1.06302334828,1.10842330379,RHO_GTE_ONE_FINITE_HORIZON_ONLY,PROHIBITED_RHO_GTE_ONE
1.0,TASK3_PEAK_DURATION_SENSITIVITY_EXPLORATORY_V1,PEAK_DURATION_S28_I16_T900,LOCAL_WINDOW_HPP_BASE_STATIONARY_EXTENSION,11,28,16,900,OP_PEAK_DURATION_BASE_S28_I16_T900,e10a5b0b47646811c5f9e0af865eef5938c7b24a6afc8f96383b52e1c63b36c7,TASK3_OPERATIONAL_POOLED_V1,202607290000,202609290111,202609290112,202609290113,202609290114,5000,5000,5000,1209,1209,0,44.8295827525,74.7920313,31.061383569,23.3501633633,54.4115469323,54,52,101,53,47,100,144,240,80.078431254,116.459329311,56.7630706279,57.5998998791,66.784858855,81.5033252639,91.0402048207,1.39500156141,0.102730770856,1.06302334828,1.10842330379,RHO_GTE_ONE_FINITE_HORIZON_ONLY,PROHIBITED_RHO_GTE_ONE
1.0,TASK3_PEAK_DURATION_SENSITIVITY_EXPLORATORY_V1,PEAK_DURATION_S28_I16_T900,LOCAL_WINDOW_HPP_BASE_STATIONARY_EXTENSION,12,28,16,900,OP_PEAK_DURATION_BASE_S28_I16_T900,e10a5b0b47646811c5f9e0af865eef5938c7b24a6afc8f96383b52e1c63b36c7,TASK3_OPERATIONAL_POOLED_V1,202607290000,202609290121,202609290122,202609290123,202609290124,5000,5000,5000,1230,1230,0,46.5098723458,85.97102648,31.8069808158,23.9369818627,55.7439626785,77,50,123,72,47,119,163,271,96.687905097,133.532139471,62.8409915346,71.3366357255,66.8350044198,79.6370644762,104.101755547,8.83382275887,0.100913285306,1.06302334828,1.10842330379,RHO_GTE_ONE_FINITE_HORIZON_ONLY,PROHIBITED_RHO_GTE_ONE
1.0,TASK3_PEAK_DURATION_SENSITIVITY_EXPLORATORY_V1,PEAK_DURATION_S28_I16_T900,LOCAL_WINDOW_HPP_BASE_STATIONARY_EXTENSION,13,28,16,900,OP_PEAK_DURATION_BASE_S28_I16_T900,e10a5b0b47646811c5f9e0af865eef5938c7b24a6afc8f96383b52e1c63b36c7,TASK3_OPERATIONAL_POOLED_V1,202607290000,202609290131,202609290132,202609290133,202609290134,5000,5000,5000,1323,1323,0,95.0771231043,158.801172293,94.185777673,23.5178609598,117.703638633,168,50,216,168,48,216,260,257,169.615840017,209.191191411,133.196440529,146.726686538,165.392851846,180.169894914,194.824948672,46.5369960031,0.174111360736,1.06302334828,1.10842330379,RHO_GTE_ONE_FINITE_HORIZON_ONLY,PROHIBITED_RHO_GTE_ONE
1.0,TASK3_PEAK_DURATION_SENSITIVITY_EXPLORATORY_V1,PEAK_DURATION_S28_I16_T900,LOCAL_WINDOW_HPP_BASE_STATIONARY_EXTENSION,14,28,16,900,OP_PEAK_DURATION_BASE_S28_I16_T900,e10a5b0b47646811c5f9e0af865eef5938c7b24a6afc8f96383b52e1c63b36c7,TASK3_OPERATIONAL_POOLED_V1,202607290000,202609290141,202609290142,202609290143,202609290144,5000,5000,5000,1151,1151,0,23.4642899753,43.222532905,13.6724242444,14.6178184173,28.2902426617,41,31,59,24,24,48,92,252,41.931435155,74.397606609,50.6688305134,41.302788102,24.5906491416,30.062584983,46.367044217,53.4812111754,-0.0220486396799,1.06302334828,1.10842330379,RHO_GTE_ONE_FINITE_HORIZON_ONLY,PROHIBITED_RHO_GTE_ONE
1.0,TASK3_PEAK_DURATION_SENSITIVITY_EXPLORATORY_V1,PEAK_DURATION_S28_I16_T900,LOCAL_WINDOW_HPP_BASE_STATIONARY_EXTENSION,15,28,16,900,OP_PEAK_DURATION_BASE_S28_I16_T900,e10a5b0b47646811c5f9e0af865eef5938c7b24a6afc8f96383b52e1c63b36c7,TASK3_OPERATIONAL_POOLED_V1,202607290000,202609290151,202609290152,202609290153,202609290154,5000,5000,5000,1200,1200,0,39.5799299556,81.762826413,28.2572449357,18.7932040533,47.050448989,67,44,107,60,40,100,144,238,84.456413245,116.683541771,52.8959153597,64.1530568833,75.9494880547,88.6089739745,99.7037153354,-12.2914078603,0.131190574492,1.06302334828,1.10842330379,RHO_GTE_ONE_FINITE_HORIZON_ONLY,PROHIBITED_RHO_GTE_ONE
1.0,TASK3_PEAK_DURATION_SENSITIVITY_EXPLORATORY_V1,PEAK_DURATION_S28_I16_T900,LOCAL_WINDOW_HPP_BASE_STATIONARY_EXTENSION,16,28,16,900,OP_PEAK_DURATION_BASE_S28_I16_T900,e10a5b0b47646811c5f9e0af865eef5938c7b24a6afc8f96383b52e1c63b36c7,TASK3_OPERATIONAL_POOLED_V1,202607290000,202609290161,202609290162,202609290163,202609290164,5000,5000,5000,1198,1198,0,43.3879559294,80.284994407,34.7785137212,17.7980900876,52.5766038088,72,43,103,56,38,94,138,219,82.703628629,112.82637553,61.3514691031,81.5601526774,92.8970975867,94.5964919711,90.4423338635,30.7559574295,0.0791311875717,1.06302334828,1.10842330379,RHO_GTE_ONE_FINITE_HORIZON_ONLY,PROHIBITED_RHO_GTE_ONE
1.0,TASK3_PEAK_DURATION_SENSITIVITY_EXPLORATORY_V1,PEAK_DURATION_S28_I16_T900,LOCAL_WINDOW_HPP_BASE_STATIONARY_EXTENSION,17,28,16,900,OP_PEAK_DURATION_BASE_S28_I16_T900,e10a5b0b47646811c5f9e0af865eef5938c7b24a6afc8f96383b52e1c63b36c7,TASK3_OPERATIONAL_POOLED_V1,202607290000,202609290171,202609290172,202609290173,202609290174,5000,5000,5000,1204,1204,0,53.7400838433,81.976592124,43.0958472482,23.1082375841,66.2040848323,74,51,106,52,47,99,143,226,83.805637046,115.286119988,77.936413271,95.1889550744,96.907830413,93.7597186855,92.5001067636,70.4849918943,0.0307757228847,1.06302334828,1.10842330379,RHO_GTE_ONE_FINITE_HORIZON_ONLY,PROHIBITED_RHO_GTE_ONE
1.0,TASK3_PEAK_DURATION_SENSITIVITY_EXPLORATORY_V1,PEAK_DURATION_S28_I16_T900,LOCAL_WINDOW_HPP_BASE_STATIONARY_EXTENSION,18,28,16,900,OP_PEAK_DURATION_BASE_S28_I16_T900,e10a5b0b47646811c5f9e0af865eef5938c7b24a6afc8f96383b52e1c63b36c7,TASK3_OPERATIONAL_POOLED_V1,202607290000,202609290181,202609290182,202609290183,202609290184,5000,5000,5000,1204,1204,0,49.7528354236,77.477111962,38.4724764807,22.4747439465,60.9472204272,61,48,104,51,48,99,143,233,82.139495467,115.289452444,76.3256879244,69.4351154336,85.3810628738,86.8121168368,94.417126919,42.3043124532,0.0595109771027,1.06302334828,1.10842330379,RHO_GTE_ONE_FINITE_HORIZON_ONLY,PROHIBITED_RHO_GTE_ONE
1.0,TASK3_PEAK_DURATION_SENSITIVITY_EXPLORATORY_V1,PEAK_DURATION_S28_I16_T900,LOCAL_WINDOW_HPP_BASE_STATIONARY_EXTENSION,19,28,16,900,OP_PEAK_DURATION_BASE_S28_I16_T900,e10a5b0b47646811c5f9e0af865eef5938c7b24a6afc8f96383b52e1c63b36c7,TASK3_OPERATIONAL_POOLED_V1,202607290000,202609290191,202609290192,202609290193,202609290194,5000,5000,5000,1214,1214,0,57.1970051809,89.306862216,47.7949907583,23.1822289456,70.9772197039,80,49,115,58,45,103,147,221,91.438222863,120.065945968,80.9856889384,97.9090170725,104.99160012,105.262559407,105.853054488,56.1841789304,0.0634314149255,1.06302334828,1.10842330379,RHO_GTE_ONE_FINITE_HORIZON_ONLY,PROHIBITED_RHO_GTE_ONE
1.0,TASK3_PEAK_DURATION_SENSITIVITY_EXPLORATORY_V1,PEAK_DURATION_S28_I16_T900,LOCAL_WINDOW_HPP_BASE_STATIONARY_EXTENSION,20,28,16,900,OP_PEAK_DURATION_BASE_S28_I16_T900,e10a5b0b47646811c5f9e0af865eef5938c7b24a6afc8f96383b52e1c63b36c7,TASK3_OPERATIONAL_POOLED_V1,202607290000,202609290201,202609290202,202609290203,202609290204,5000,5000,5000,1239,1239,0,65.3130168261,111.864987906,57.7016343533,23.3329062721,81.0345406254,109,51,142,83,46,129,173,213,112.562866214,140.18839042,99.1943832796,113.700853452,134.331839512,131.87014647,133.901172202,56.912525836,0.0973143009588,1.06302334828,1.10842330379,RHO_GTE_ONE_FINITE_HORIZON_ONLY,PROHIBITED_RHO_GTE_ONE
1.0,TASK3_PEAK_DURATION_SENSITIVITY_EXPLORATORY_V1,PEAK_DURATION_S28_I16_T900,LOCAL_WINDOW_HPP_BASE_STATIONARY_EXTENSION,21,28,16,900,OP_PEAK_DURATION_BASE_S28_I16_T900,e10a5b0b47646811c5f9e0af865eef5938c7b24a6afc8f96383b52e1c63b36c7,TASK3_OPERATIONAL_POOLED_V1,202607290000,202609290211,202609290212,202609290213,202609290214,5000,5000,5000,1219,1219,0,49.1075527805,87.196007932,41.4533790161,18.0906757318,59.544054748,77,43,114,72,41,113,157,231,91.166954338,127.08877219,63.3743357405,81.6133262495,99.7500409637,102.592265218,105.521642661,11.6151575595,0.116970614233,1.06302334828,1.10842330379,RHO_GTE_ONE_FINITE_HORIZON_ONLY,PROHIBITED_RHO_GTE_ONE
1.0,TASK3_PEAK_DURATION_SENSITIVITY_EXPLORATORY_V1,PEAK_DURATION_S28_I16_T900,LOCAL_WINDOW_HPP_BASE_STATIONARY_EXTENSION,22,28,16,900,OP_PEAK_DURATION_BASE_S28_I16_T900,e10a5b0b47646811c5f9e0af865eef5938c7b24a6afc8f96383b52e1c63b36c7,TASK3_OPERATIONAL_POOLED_V1,202607290000,202609290221,202609290222,202609290223,202609290224,5000,5000,5000,1236,1236,0,49.9486110136,102.275446762,37.5877202794,22.2210053028,59.8087255822,88,48,133,82,48,130,174,265,106.343408649,140.67567051,66.9909223957,76.2676886802,81.532100569,94.1132099211,123.433810521,-9.5809267005,0.145256997212,1.06302334828,1.10842330379,RHO_GTE_ONE_FINITE_HORIZON_ONLY,PROHIBITED_RHO_GTE_ONE
1.0,TASK3_PEAK_DURATION_SENSITIVITY_EXPLORATORY_V1,PEAK_DURATION_S28_I16_T900,LOCAL_WINDOW_HPP_BASE_STATIONARY_EXTENSION,23,28,16,900,OP_PEAK_DURATION_BASE_S28_I16_T900,e10a5b0b47646811c5f9e0af865eef5938c7b24a6afc8f96383b52e1c63b36c7,TASK3_OPERATIONAL_POOLED_V1,202607290000,202609290231,202609290232,202609290233,202609290234,5000,5000,5000,1324,1324,0,79.4741625622,160.167795279,69.9294640537,24.8934609889,94.8229250426,170,53,215,168,46,214,258,293,171.550715869,208.469832956,96.6243170955,117.571449984,135.064793086,155.467918298,192.841403623,-33.2340046095,0.255922934854,1.06302334828,1.10842330379,RHO_GTE_ONE_FINITE_HORIZON_ONLY,PROHIBITED_RHO_GTE_ONE
1.0,TASK3_PEAK_DURATION_SENSITIVITY_EXPLORATORY_V1,PEAK_DURATION_S28_I16_T900,LOCAL_WINDOW_HPP_BASE_STATIONARY_EXTENSION,24,28,16,900,OP_PEAK_DURATION_BASE_S28_I16_T900,e10a5b0b47646811c5f9e0af865eef5938c7b24a6afc8f96383b52e1c63b36c7,TASK3_OPERATIONAL_POOLED_V1,202607290000,202609290241,202609290242,202609290243,202609290244,5000,5000,5000,1227,1227,0,46.6487603999,94.551944579,32.3802618857,23.7216160788,56.1018779645,78,51,121,70,47,117,161,240,96.474695214,130.008456591,60.4749840855,68.486605729,88.6597950683,104.325158637,115.406886729,-21.806082597,0.161891509107,1.06302334828,1.10842330379,RHO_GTE_ONE_FINITE_HORIZON_ONLY,PROHIBITED_RHO_GTE_ONE
1.0,TASK3_PEAK_DURATION_SENSITIVITY_EXPLORATORY_V1,PEAK_DURATION_S28_I16_T900,LOCAL_WINDOW_HPP_BASE_STATIONARY_EXTENSION,25,28,16,900,OP_PEAK_DURATION_BASE_S28_I16_T900,e10a5b0b47646811c5f9e0af865eef5938c7b24a6afc8f96383b52e1c63b36c7,TASK3_OPERATIONAL_POOLED_V1,202607290000,202609290251,202609290252,202609290253,202609290254,5000,5000,5000,1220,1220,0,50.315327197,84.42873835,39.8071899125,21.5394403745,61.346630287,70,48,116,66,46,112,156,253,92.48102275,125.679405097,68.4084992918,76.2962599665,81.8440318272,92.7838824144,103.643793077,19.3766358022,0.0966202333527,1.06302334828,1.10842330379,RHO_GTE_ONE_FINITE_HORIZON_ONLY,PROHIBITED_RHO_GTE_ONE
1.0,TASK3_PEAK_DURATION_SENSITIVITY_EXPLORATORY_V1,PEAK_DURATION_S28_I16_T900,LOCAL_WINDOW_HPP_BASE_STATIONARY_EXTENSION,26,28,16,900,OP_PEAK_DURATION_BASE_S28_I16_T900,e10a5b0b47646811c5f9e0af865eef5938c7b24a6afc8f96383b52e1c63b36c7,TASK3_OPERATIONAL_POOLED_V1,202607290000,202609290261,202609290262,202609290263,202609290264,5000,5000,5000,1217,1217,0,52.2674841166,85.09767313,42.9063946128,21.2888830526,64.1952776654,71,47,109,64,44,108,152,233,87.693717913,123.735020228,76.4337721986,92.0579213138,94.9755026991,101.98782184,102.029236415,47.6562291736,0.0679120321776,1.06302334828,1.10842330379,RHO_GTE_ONE_FINITE_HORIZON_ONLY,PROHIBITED_RHO_GTE_ONE
1.0,TASK3_PEAK_DURATION_SENSITIVITY_EXPLORATORY_V1,PEAK_DURATION_S28_I16_T900,LOCAL_WINDOW_HPP_BASE_STATIONARY_EXTENSION,27,28,16,900,OP_PEAK_DURATION_BASE_S28_I16_T900,e10a5b0b47646811c5f9e0af865eef5938c7b24a6afc8f96383b52e1c63b36c7,TASK3_OPERATIONAL_POOLED_V1,202607290000,202609290271,202609290272,202609290273,202609290274,5000,5000,5000,1267,1267,0,55.6927581754,121.267507523,42.1964215626,23.6662216261,65.8626431887,115,50,161,112,46,158,202,270,128.333549896,163.193966292,63.647382421,75.4155380337,99.847510701,128.258014726,149.536357869,-65.1243599411,0.249578252876,1.06302334828,1.10842330379,RHO_GTE_ONE_FINITE_HORIZON_ONLY,PROHIBITED_RHO_GTE_ONE
1.0,TASK3_PEAK_DURATION_SENSITIVITY_EXPLORATORY_V1,PEAK_DURATION_S28_I16_T900,LOCAL_WINDOW_HPP_BASE_STATIONARY_EXTENSION,28,28,16,900,OP_PEAK_DURATION_BASE_S28_I16_T900,e10a5b0b47646811c5f9e0af865eef5938c7b24a6afc8f96383b52e1c63b36c7,TASK3_OPERATIONAL_POOLED_V1,202607290000,202609290281,202609290282,202609290283,202609290284,5000,5000,5000,1247,1247,0,44.1228084073,105.697235795,32.8535963676,17.4461242336,50.2997206012,106,44,149,105,41,146,190,283,116.898114886,154.820741834,50.8934391302,71.8897824831,83.112433319,93.5420814712,122.139491984,-38.7928578443,0.182382671884,1.06302334828,1.10842330379,RHO_GTE_ONE_FINITE_HORIZON_ONLY,PROHIBITED_RHO_GTE_ONE
1.0,TASK3_PEAK_DURATION_SENSITIVITY_EXPLORATORY_V1,PEAK_DURATION_S28_I16_T900,LOCAL_WINDOW_HPP_BASE_STATIONARY_EXTENSION,29,28,16,900,OP_PEAK_DURATION_BASE_S28_I16_T900,e10a5b0b47646811c5f9e0af865eef5938c7b24a6afc8f96383b52e1c63b36c7,TASK3_OPERATIONAL_POOLED_V1,202607290000,202609290291,202609290292,202609290293,202609290294,5000,5000,5000,1274,1274,0,67.4852294199,128.300640148,57.1928525335,24.6100084439,81.8028609773,122,52,168,119,46,165,209,263,133.656240562,169.669212369,106.954753256,111.367339692,118.304450228,130.769455053,153.169221875,40.2397545714,0.12425672511,1.06302334828,1.10842330379,RHO_GTE_ONE_FINITE_HORIZON_ONLY,PROHIBITED_RHO_GTE_ONE
1.0,TASK3_PEAK_DURATION_SENSITIVITY_EXPLORATORY_V1,PEAK_DURATION_S28_I16_T900,LOCAL_WINDOW_HPP_BASE_STATIONARY_EXTENSION,30,28,16,900,OP_PEAK_DURATION_BASE_S28_I16_T900,e10a5b0b47646811c5f9e0af865eef5938c7b24a6afc8f96383b52e1c63b36c7,TASK3_OPERATIONAL_POOLED_V1,202607290000,202609290301,202609290302,202609290303,202609290304,5000,5000,5000,1198,1198,0,33.330288416,71.471316466,19.6852238364,19.8709745394,39.5561983759,55,46,97,47,42,89,133,247,77.215610945,107.93659642,39.5493478246,50.0860017854,54.1424898432,67.4261123625,83.8557138098,-20.4526987855,0.117725380608,1.06302334828,1.10842330379,RHO_GTE_ONE_FINITE_HORIZON_ONLY,PROHIBITED_RHO_GTE_ONE
1.0,TASK3_PEAK_DURATION_SENSITIVITY_EXPLORATORY_V1,PEAK_DURATION_S28_I16_T900,LOCAL_WINDOW_HPP_BASE_STATIONARY_EXTENSION,31,28,16,900,OP_PEAK_DURATION_BASE_S28_I16_T900,e10a5b0b47646811c5f9e0af865eef5938c7b24a6afc8f96383b52e1c63b36c7,TASK3_OPERATIONAL_POOLED_V1,202607290000,202609290311,202609290312,202609290313,202609290314,5000,5000,5000,1200,1200,0,47.6192449731,79.398998781,36.3990131214,22.1247128778,58.5237259992,62,47,101,46,44,90,134,219,82.040373008,108.818178319,63.2556762246,77.0386673288,83.5484644808,94.7742139933,95.9531750348,20.5661311987,0.0923672714278,1.06302334828,1.10842330379,RHO_GTE_ONE_FINITE_HORIZON_ONLY,PROHIBITED_RHO_GTE_ONE
1.0,TASK3_PEAK_DURATION_SENSITIVITY_EXPLORATORY_V1,PEAK_DURATION_S28_I16_T900,LOCAL_WINDOW_HPP_BASE_STATIONARY_EXTENSION,32,28,16,900,OP_PEAK_DURATION_BASE_S28_I16_T900,e10a5b0b47646811c5f9e0af865eef5938c7b24a6afc8f96383b52e1c63b36c7,TASK3_OPERATIONAL_POOLED_V1,202607290000,202609290321,202609290322,202609290323,202609290324,5000,5000,5000,1185,1185,0,31.5900671306,60.878511345,19.0402053214,18.5367565597,37.5769618811,45,47,84,40,40,80,124,230,64.691664601,100.760433116,44.4070362265,53.6226939366,61.4075346827,71.9261339794,70.4104589885,7.62205738768,0.0781225395186,1.06302334828,1.10842330379,RHO_GTE_ONE_FINITE_HORIZON_ONLY,PROHIBITED_RHO_GTE_ONE
1.0,TASK3_PEAK_DURATION_SENSITIVITY_EXPLORATORY_V1,PEAK_DURATION_S28_I16_T900,LOCAL_WINDOW_HPP_BASE_STATIONARY_EXTENSION,33,28,16,900,OP_PEAK_DURATION_BASE_S28_I16_T900,e10a5b0b47646811c5f9e0af865eef5938c7b24a6afc8f96383b52e1c63b36c7,TASK3_OPERATIONAL_POOLED_V1,202607290000,202609290331,202609290332,202609290333,202609290334,5000,5000,5000,1239,1239,0,53.1735682798,97.371616293,40.5949212031,23.8438299542,64.4387511573,84,51,130,81,46,127,171,259,104.29757147,139.303409481,63.8779760242,72.8294263409,80.7771580069,100.541985277,116.069810436,-12.2528996019,0.146773586398,1.06302334828,1.10842330379,RHO_GTE_ONE_FINITE_HORIZON_ONLY,PROHIBITED_RHO_GTE_ONE
1.0,TASK3_PEAK_DURATION_SENSITIVITY_EXPLORATORY_V1,PEAK_DURATION_S28_I16_T900,LOCAL_WINDOW_HPP_BASE_STATIONARY_EXTENSION,34,28,16,900,OP_PEAK_DURATION_BASE_S28_I16_T900,e10a5b0b47646811c5f9e0af865eef5938c7b24a6afc8f96383b52e1c63b36c7,TASK3_OPERATIONAL_POOLED_V1,202607290000,202609290341,202609290342,202609290343,202609290344,5000,5000,5000,1269,1269,0,63.9613134518,121.541572537,53.6430979821,23.6543229343,77.2974209164,116,50,163,115,43,158,202,260,130.386451038,166.004507485,93.7648876586,102.092869954,115.890052107,124.209572223,146.798184339,20.4136415339,0.142425884033,1.06302334828,1.10842330379,RHO_GTE_ONE_FINITE_HORIZON_ONLY,PROHIBITED_RHO_GTE_ONE
1.0,TASK3_PEAK_DURATION_SENSITIVITY_EXPLORATORY_V1,PEAK_DURATION_S28_I16_T900,LOCAL_WINDOW_HPP_BASE_STATIONARY_EXTENSION,35,28,16,900,OP_PEAK_DURATION_BASE_S28_I16_T900,e10a5b0b47646811c5f9e0af865eef5938c7b24a6afc8f96383b52e1c63b36c7,TASK3_OPERATIONAL_POOLED_V1,202607290000,202609290351,202609290352,202609290353,202609290354,5000,5000,5000,1299,1299,0,82.5304607766,145.072390693,77.737827744,23.9963852878,101.734213032,147,50,193,139,48,187,231,253,153.575352899,189.373094517,123.205084577,137.753016896,152.713407969,164.678933888,177.505500029,49.5261277496,0.15058527544,1.06302334828,1.10842330379,RHO_GTE_ONE_FINITE_HORIZON_ONLY,PROHIBITED_RHO_GTE_ONE
1.0,TASK3_PEAK_DURATION_SENSITIVITY_EXPLORATORY_V1,PEAK_DURATION_S28_I16_T900,LOCAL_WINDOW_HPP_BASE_STATIONARY_EXTENSION,36,28,16,900,OP_PEAK_DURATION_BASE_S28_I16_T900,e10a5b0b47646811c5f9e0af865eef5938c7b24a6afc8f96383b52e1c63b36c7,TASK3_OPERATIONAL_POOLED_V1,202607290000,202609290361,202609290362,202609290363,202609290364,5000,5000,5000,1228,1228,0,48.9108689374,91.207808967,35.029245806,24.1059498038,59.1351956098,79,50,123,71,46,117,161,231,98.536336983,130.347992802,61.7948149592,84.8289367359,89.7223721076,101.887013691,112.420575357,1.39854425675,0.131455108613,1.06302334828,1.10842330379,RHO_GTE_ONE_FINITE_HORIZON_ONLY,PROHIBITED_RHO_GTE_ONE
1.0,TASK3_PEAK_DURATION_SENSITIVITY_EXPLORATORY_V1,PEAK_DURATION_S28_I16_T900,LOCAL_WINDOW_HPP_BASE_STATIONARY_EXTENSION,37,28,16,900,OP_PEAK_DURATION_BASE_S28_I16_T900,e10a5b0b47646811c5f9e0af865eef5938c7b24a6afc8f96383b52e1c63b36c7,TASK3_OPERATIONAL_POOLED_V1,202607290000,202609290371,202609290372,202609290373,202609290374,5000,5000,5000,1239,1239,0,53.31687135,102.454697955,39.6848813293,24.3941937048,64.079075034,89,52,136,89,45,134,178,258,109.318799666,144.300677514,70.1219452917,86.1749430719,97.7217371685,109.013402411,123.832839683,-0.322212565479,0.144733609023,1.06302334828,1.10842330379,RHO_GTE_ONE_FINITE_HORIZON_ONLY,PROHIBITED_RHO_GTE_ONE
1.0,TASK3_PEAK_DURATION_SENSITIVITY_EXPLORATORY_V1,PEAK_DURATION_S28_I16_T900,LOCAL_WINDOW_HPP_BASE_STATIONARY_EXTENSION,38,28,16,900,OP_PEAK_DURATION_BASE_S28_I16_T900,e10a5b0b47646811c5f9e0af865eef5938c7b24a6afc8f96383b52e1c63b36c7,TASK3_OPERATIONAL_POOLED_V1,202607290000,202609290381,202609290382,202609290383,202609290384,5000,5000,5000,1150,1150,0,23.7449308535,38.061747917,12.0745106416,16.5923429979,28.6668536395,37,34,51,13,30,43,87,230,36.816878,70.085611871,23.3463377531,21.2035469617,38.3712007322,35.609785423,38.8551822265,-2.59073493669,0.0504710304533,1.06302334828,1.10842330379,RHO_GTE_ONE_FINITE_HORIZON_ONLY,PROHIBITED_RHO_GTE_ONE
1.0,TASK3_PEAK_DURATION_SENSITIVITY_EXPLORATORY_V1,PEAK_DURATION_S28_I16_T900,LOCAL_WINDOW_HPP_BASE_STATIONARY_EXTENSION,39,28,16,900,OP_PEAK_DURATION_BASE_S28_I16_T900,e10a5b0b47646811c5f9e0af865eef5938c7b24a6afc8f96383b52e1c63b36c7,TASK3_OPERATIONAL_POOLED_V1,202607290000,202609290391,202609290392,202609290393,202609290394,5000,5000,5000,1218,1218,0,37.8851872753,82.729925448,27.2978934488,16.6344280514,43.9323215003,82,43,120,82,35,117,161,267,94.494771344,130.618997348,50.7090707486,50.2788509836,68.3267272333,80.0446227018,96.0982476948,-21.3165903356,0.133937917345,1.06302334828,1.10842330379,RHO_GTE_ONE_FINITE_HORIZON_ONLY,PROHIBITED_RHO_GTE_ONE
1.0,TASK3_PEAK_DURATION_SENSITIVITY_EXPLORATORY_V1,PEAK_DURATION_S28_I16_T900,LOCAL_WINDOW_HPP_BASE_STATIONARY_EXTENSION,40,28,16,900,OP_PEAK_DURATION_BASE_S28_I16_T900,e10a5b0b47646811c5f9e0af865eef5938c7b24a6afc8f96383b52e1c63b36c7,TASK3_OPERATIONAL_POOLED_V1,202607290000,202609290401,202609290402,202609290403,202609290404,5000,5000,5000,1243,1243,0,45.6927189619,105.576984969,37.2311979092,16.5836547172,53.8148526264,100,41,136,97,38,135,179,268,108.100005064,145.154598163,55.6598989563,65.340319251,83.0278249466,101.781633649,128.622860463,-49.8889206059,0.202630263791,1.06302334828,1.10842330379,RHO_GTE_ONE_FINITE_HORIZON_ONLY,PROHIBITED_RHO_GTE_ONE
1.0,TASK3_PEAK_DURATION_SENSITIVITY_EXPLORATORY_V1,PEAK_DURATION_S28_I16_T900,LOCAL_WINDOW_HPP_BASE_STATIONARY_EXTENSION,41,28,16,900,OP_PEAK_DURATION_BASE_S28_I16_T900,e10a5b0b47646811c5f9e0af865eef5938c7b24a6afc8f96383b52e1c63b36c7,TASK3_OPERATIONAL_POOLED_V1,202607290000,202609290411,202609290412,202609290413,202609290414,5000,5000,5000,1258,1258,0,62.3465090766,115.430950031,51.0136019671,24.9268265872,75.9404285543,111,52,154,98,48,146,190,260,122.21643619,154.857601912,83.3661196719,97.7125333035,107.983085296,118.713176147,139.189983007,9.90670235011,0.147387077237,1.06302334828,1.10842330379,RHO_GTE_ONE_FINITE_HORIZON_ONLY,PROHIBITED_RHO_GTE_ONE
1.0,TASK3_PEAK_DURATION_SENSITIVITY_EXPLORATORY_V1,PEAK_DURATION_S28_I16_T900,LOCAL_WINDOW_HPP_BASE_STATIONARY_EXTENSION,42,28,16,900,OP_PEAK_DURATION_BASE_S28_I16_T900,e10a5b0b47646811c5f9e0af865eef5938c7b24a6afc8f96383b52e1c63b36c7,TASK3_OPERATIONAL_POOLED_V1,202607290000,202609290421,202609290422,202609290423,202609290424,5000,5000,5000,1189,1189,0,39.45820807,70.411806936,30.924151948,17.3278076785,48.2519596265,67,42,91,39,39,78,122,228,72.433849661,99.697974464,63.5708237247,78.8775541138,75.162157546,77.2719392979,80.6452477679,50.6981195371,0.0361591480784,1.06302334828,1.10842330379,RHO_GTE_ONE_FINITE_HORIZON_ONLY,PROHIBITED_RHO_GTE_ONE
1.0,TASK3_PEAK_DURATION_SENSITIVITY_EXPLORATORY_V1,PEAK_DURATION_S28_I16_T900,LOCAL_WINDOW_HPP_BASE_STATIONARY_EXTENSION,43,28,16,900,OP_PEAK_DURATION_BASE_S28_I16_T900,e10a5b0b47646811c5f9e0af865eef5938c7b24a6afc8f96383b52e1c63b36c7,TASK3_OPERATIONAL_POOLED_V1,202607290000,202609290431,202609290432,202609290433,202609290434,5000,5000,5000,1252,1252,0,57.8309704499,111.940333426,47.3029578929,22.7492545847,70.0522124776,105,48,151,95,46,141,185,254,121.458251842,151.729213051,84.874947211,91.2491551794,97.0353314183,120.81716802,136.507275524,6.47227337051,0.147591854963,1.06302334828,1.10842330379,RHO_GTE_ONE_FINITE_HORIZON_ONLY,PROHIBITED_RHO_GTE_ONE
1.0,TASK3_PEAK_DURATION_SENSITIVITY_EXPLORATORY_V1,PEAK_DURATION_S28_I16_T900,LOCAL_WINDOW_HPP_BASE_STATIONARY_EXTENSION,44,28,16,900,OP_PEAK_DURATION_BASE_S28_I16_T900,e10a5b0b47646811c5f9e0af865eef5938c7b24a6afc8f96383b52e1c63b36c7,TASK3_OPERATIONAL_POOLED_V1,202607290000,202609290441,202609290442,202609290443,202609290444,5000,5000,5000,1221,1221,0,34.861620907,85.683566196,28.3996071746,11.7736273749,40.1732345495,86,36,118,85,33,118,162,240,91.176274717,130.640606955,35.876669338,53.0673720142,78.0042557614,101.810614996,100.158169834,-59.1962665912,0.197006937748,1.06302334828,1.10842330379,RHO_GTE_ONE_FINITE_HORIZON_ONLY,PROHIBITED_RHO_GTE_ONE
1.0,TASK3_PEAK_DURATION_SENSITIVITY_EXPLORATORY_V1,PEAK_DURATION_S28_I16_T900,LOCAL_WINDOW_HPP_BASE_STATIONARY_EXTENSION,45,28,16,900,OP_PEAK_DURATION_BASE_S28_I16_T900,e10a5b0b47646811c5f9e0af865eef5938c7b24a6afc8f96383b52e1c63b36c7,TASK3_OPERATIONAL_POOLED_V1,202607290000,202609290451,202609290452,202609290453,202609290454,5000,5000,5000,1236,1236,0,43.2013908441,99.337751428,27.9811901199,22.6922396777,50.6734297976,83,48,130,83,45,128,172,264,102.652476841,138.598279965,49.438369413,56.6052854569,67.2727877574,100.979915141,120.470388782,-60.8756520071,0.207154076026,1.06302334828,1.10842330379,RHO_GTE_ONE_FINITE_HORIZON_ONLY,PROHIBITED_RHO_GTE_ONE
1.0,TASK3_PEAK_DURATION_SENSITIVITY_EXPLORATORY_V1,PEAK_DURATION_S28_I16_T900,LOCAL_WINDOW_HPP_BASE_STATIONARY_EXTENSION,46,28,16,900,OP_PEAK_DURATION_BASE_S28_I16_T900,e10a5b0b47646811c5f9e0af865eef5938c7b24a6afc8f96383b52e1c63b36c7,TASK3_OPERATIONAL_POOLED_V1,202607290000,202609290461,202609290462,202609290463,202609290464,5000,5000,5000,1258,1258,0,76.4180485964,120.249720379,72.2854711235,23.149314726,95.4347858495,114,49,152,104,46,150,194,234,122.339036659,157.078130234,119.735283809,129.535821123,140.26385029,145.007323693,142.733899023,89.3536858391,0.0682985922203,1.06302334828,1.10842330379,RHO_GTE_ONE_FINITE_HORIZON_ONLY,PROHIBITED_RHO_GTE_ONE
1.0,TASK3_PEAK_DURATION_SENSITIVITY_EXPLORATORY_V1,PEAK_DURATION_S28_I16_T900,LOCAL_WINDOW_HPP_BASE_STATIONARY_EXTENSION,47,28,16,900,OP_PEAK_DURATION_BASE_S28_I16_T900,e10a5b0b47646811c5f9e0af865eef5938c7b24a6afc8f96383b52e1c63b36c7,TASK3_OPERATIONAL_POOLED_V1,202607290000,202609290471,202609290472,202609290473,202609290474,5000,5000,5000,1234,1234,0,51.967312273,101.741746941,38.4822559109,23.7911306098,62.2733865207,88,51,130,80,50,130,174,227,105.040758174,140.752846591,62.8045943204,82.7232391395,111.393087771,117.354237262,122.633944846,-16.3354537122,0.171432999082,1.06302334828,1.10842330379,RHO_GTE_ONE_FINITE_HORIZON_ONLY,PROHIBITED_RHO_GTE_ONE
1.0,TASK3_PEAK_DURATION_SENSITIVITY_EXPLORATORY_V1,PEAK_DURATION_S28_I16_T900,LOCAL_WINDOW_HPP_BASE_STATIONARY_EXTENSION,48,28,16,900,OP_PEAK_DURATION_BASE_S28_I16_T900,e10a5b0b47646811c5f9e0af865eef5938c7b24a6afc8f96383b52e1c63b36c7,TASK3_OPERATIONAL_POOLED_V1,202607290000,202609290481,202609290482,202609290483,202609290484,5000,5000,5000,1216,1216,0,45.9911228537,90.473844398,33.2334255833,22.6064527319,55.8398783152,74,48,117,59,46,105,149,243,94.444639931,120.78717972,53.1532913095,71.252913732,79.767575799,96.8778534966,110.648747066,-23.1218121774,0.156239834753,1.06302334828,1.10842330379,RHO_GTE_ONE_FINITE_HORIZON_ONLY,PROHIBITED_RHO_GTE_ONE
1.0,TASK3_PEAK_DURATION_SENSITIVITY_EXPLORATORY_V1,PEAK_DURATION_S28_I16_T900,LOCAL_WINDOW_HPP_BASE_STATIONARY_EXTENSION,49,28,16,900,OP_PEAK_DURATION_BASE_S28_I16_T900,e10a5b0b47646811c5f9e0af865eef5938c7b24a6afc8f96383b52e1c63b36c7,TASK3_OPERATIONAL_POOLED_V1,202607290000,202609290491,202609290492,202609290493,202609290494,5000,5000,5000,1280,1280,0,69.2414799445,136.535415144,60.8586409057,22.7204435589,83.5790844646,132,48,178,128,46,174,218,273,143.147392188,175.337011337,96.8686324403,113.588720539,130.353283047,132.555636759,163.724428437,12.9092590845,0.169642786904,1.06302334828,1.10842330379,RHO_GTE_ONE_FINITE_HORIZON_ONLY,PROHIBITED_RHO_GTE_ONE
1.0,TASK3_PEAK_DURATION_SENSITIVITY_EXPLORATORY_V1,PEAK_DURATION_S28_I16_T900,LOCAL_WINDOW_HPP_BASE_STATIONARY_EXTENSION,50,28,16,900,OP_PEAK_DURATION_BASE_S28_I16_T900,e10a5b0b47646811c5f9e0af865eef5938c7b24a6afc8f96383b52e1c63b36c7,TASK3_OPERATIONAL_POOLED_V1,202607290000,202609290501,202609290502,202609290503,202609290504,5000,5000,5000,1253,1253,0,52.4161955757,114.541829365,40.6674962369,21.1901959605,61.8576921974,106,48,149,104,43,147,191,273,120.288001647,155.287337107,65.3618462561,71.9783126981,87.434039815,112.104395541,138.022910362,-44.1058573566,0.206053567839,1.06302334828,1.10842330379,RHO_GTE_ONE_FINITE_HORIZON_ONLY,PROHIBITED_RHO_GTE_ONE
1.0,TASK3_PEAK_DURATION_SENSITIVITY_EXPLORATORY_V1,PEAK_DURATION_S28_I16_T1800,LOCAL_WINDOW_HPP_BASE_STATIONARY_EXTENSION,1,28,16,1800,OP_PEAK_DURATION_BASE_S28_I16_T1800,990ea446ba2689a49128aab0bb0be4335ab0c0a45a19ebaa598776a6cfee5433,TASK3_OPERATIONAL_POOLED_V1,202607290000,202609290011,202609290012,202609290013,202609290014,5000,5000,5000,2418,2418,0,79.1146796252,160.389904122,48.8693171847,47.1354166902,96.0047338748,127,100,220,102,98,200,244,491,174.003905879,198.691216647,101.473993773,121.187110588,142.272632717,162.811399825,197.385868939,-30.0598285081,0.129693355316,1.06302334828,1.10842330379,RHO_GTE_ONE_FINITE_HORIZON_ONLY,PROHIBITED_RHO_GTE_ONE
1.0,TASK3_PEAK_DURATION_SENSITIVITY_EXPLORATORY_V1,PEAK_DURATION_S28_I16_T1800,LOCAL_WINDOW_HPP_BASE_STATIONARY_EXTENSION,2,28,16,1800,OP_PEAK_DURATION_BASE_S28_I16_T1800,990ea446ba2689a49128aab0bb0be4335ab0c0a45a19ebaa598776a6cfee5433,TASK3_OPERATIONAL_POOLED_V1,202607290000,202609290021,202609290022,202609290023,202609290024,5000,5000,5000,2442,2442,0,94.8147335735,177.227362057,69.0925126063,46.972700954,116.06521356,143,97,233,129,94,223,267,481,186.82845337,216.532190542,129.920036301,135.022377883,162.686986636,193.747491976,217.163528364,-7.20098943242,0.129562276788,1.06302334828,1.10842330379,RHO_GTE_ONE_FINITE_HORIZON_ONLY,PROHIBITED_RHO_GTE_ONE
1.0,TASK3_PEAK_DURATION_SENSITIVITY_EXPLORATORY_V1,PEAK_DURATION_S28_I16_T1800,LOCAL_WINDOW_HPP_BASE_STATIONARY_EXTENSION,3,28,16,1800,OP_PEAK_DURATION_BASE_S28_I16_T1800,990ea446ba2689a49128aab0bb0be4335ab0c0a45a19ebaa598776a6cfee5433,TASK3_OPERATIONAL_POOLED_V1,202607290000,202609290031,202609290032,202609290033,202609290034,5000,5000,5000,2425,2425,0,68.0157148758,156.827185437,36.6398226908,44.0766949218,80.7165176126,124,93,214,116,91,207,251,505,170.356246222,203.223571666,67.4332831407,110.139907888,134.860809989,156.387242136,193.179956389,-90.9052706498,0.165411489303,1.06302334828,1.10842330379,RHO_GTE_ONE_FINITE_HORIZON_ONLY,PROHIBITED_RHO_GTE_ONE
1.0,TASK3_PEAK_DURATION_SENSITIVITY_EXPLORATORY_V1,PEAK_DURATION_S28_I16_T1800,LOCAL_WINDOW_HPP_BASE_STATIONARY_EXTENSION,4,28,16,1800,OP_PEAK_DURATION_BASE_S28_I16_T1800,990ea446ba2689a49128aab0bb0be4335ab0c0a45a19ebaa598776a6cfee5433,TASK3_OPERATIONAL_POOLED_V1,202607290000,202609290041,202609290042,202609290043,202609290044,5000,5000,5000,2441,2441,0,86.4980283015,182.301504891,60.5419935187,44.1297998519,104.671793371,146,93,235,132,91,223,267,490,188.159184234,219.234012017,100.39482968,139.122292334,163.849713574,190.739512936,222.279834886,-58.263186578,0.16410401723,1.06302334828,1.10842330379,RHO_GTE_ONE_FINITE_HORIZON_ONLY,PROHIBITED_RHO_GTE_ONE
1.0,TASK3_PEAK_DURATION_SENSITIVITY_EXPLORATORY_V1,PEAK_DURATION_S28_I16_T1800,LOCAL_WINDOW_HPP_BASE_STATIONARY_EXTENSION,5,28,16,1800,OP_PEAK_DURATION_BASE_S28_I16_T1800,990ea446ba2689a49128aab0bb0be4335ab0c0a45a19ebaa598776a6cfee5433,TASK3_OPERATIONAL_POOLED_V1,202607290000,202609290051,202609290052,202609290053,202609290054,5000,5000,5000,2451,2451,0,82.0670579097,178.273484779,50.8048011805,46.5761241451,97.3809253255,152,97,246,149,92,241,285,506,195.568462918,231.00495733,90.2895807491,111.916773981,145.598697781,188.94310359,219.774438959,-100.692515509,0.186664470016,1.06302334828,1.10842330379,RHO_GTE_ONE_FINITE_HORIZON_ONLY,PROHIBITED_RHO_GTE_ONE
1.0,TASK3_PEAK_DURATION_SENSITIVITY_EXPLORATORY_V1,PEAK_DURATION_S28_I16_T1800,LOCAL_WINDOW_HPP_BASE_STATIONARY_EXTENSION,6,28,16,1800,OP_PEAK_DURATION_BASE_S28_I16_T1800,990ea446ba2689a49128aab0bb0be4335ab0c0a45a19ebaa598776a6cfee5433,TASK3_OPERATIONAL_POOLED_V1,202607290000,202609290061,202609290062,202609290063,202609290064,5000,5000,5000,2451,2451,0,89.7278971062,184.861820917,63.9366408097,44.2954899428,108.232130753,158,94,247,147,91,238,282,528,196.655422082,227.326037226,106.001473464,127.959394681,142.648602335,179.860756439,228.558184689,-65.7554058345,0.165008213449,1.06302334828,1.10842330379,RHO_GTE_ONE_FINITE_HORIZON_ONLY,PROHIBITED_RHO_GTE_ONE
1.0,TASK3_PEAK_DURATION_SENSITIVITY_EXPLORATORY_V1,PEAK_DURATION_S28_I16_T1800,LOCAL_WINDOW_HPP_BASE_STATIONARY_EXTENSION,7,28,16,1800,OP_PEAK_DURATION_BASE_S28_I16_T1800,990ea446ba2689a49128aab0bb0be4335ab0c0a45a19ebaa598776a6cfee5433,TASK3_OPERATIONAL_POOLED_V1,202607290000,202609290071,202609290072,202609290073,202609290074,5000,5000,5000,2499,2499,0,118.279312515,237.219806275,99.2889912576,45.0538002383,144.342791496,212,95,300,195,93,288,332,507,241.378919722,268.452266827,166.941227814,178.979999577,201.381153664,246.53108359,291.527827441,-20.4709540328,0.175957935148,1.06302334828,1.10842330379,RHO_GTE_ONE_FINITE_HORIZON_ONLY,PROHIBITED_RHO_GTE_ONE
1.0,TASK3_PEAK_DURATION_SENSITIVITY_EXPLORATORY_V1,PEAK_DURATION_S28_I16_T1800,LOCAL_WINDOW_HPP_BASE_STATIONARY_EXTENSION,8,28,16,1800,OP_PEAK_DURATION_BASE_S28_I16_T1800,990ea446ba2689a49128aab0bb0be4335ab0c0a45a19ebaa598776a6cfee5433,TASK3_OPERATIONAL_POOLED_V1,202607290000,202609290081,202609290082,202609290083,202609290084,5000,5000,5000,2540,2540,0,148.410332499,249.46857076,136.531814523,48.1385233271,184.670337851,233,100,325,226,95,321,365,488,262.376076741,296.541344797,194.592161984,229.77677102,271.563710194,287.485391339,305.858734568,47.6740297044,0.155689869716,1.06302334828,1.10842330379,RHO_GTE_ONE_FINITE_HORIZON_ONLY,PROHIBITED_RHO_GTE_ONE
1.0,TASK3_PEAK_DURATION_SENSITIVITY_EXPLORATORY_V1,PEAK_DURATION_S28_I16_T1800,LOCAL_WINDOW_HPP_BASE_STATIONARY_EXTENSION,9,28,16,1800,OP_PEAK_DURATION_BASE_S28_I16_T1800,990ea446ba2689a49128aab0bb0be4335ab0c0a45a19ebaa598776a6cfee5433,TASK3_OPERATIONAL_POOLED_V1,202607290000,202609290091,202609290092,202609290093,202609290094,5000,5000,5000,2438,2438,0,94.4616392656,184.981429995,68.9236099758,46.5046206557,115.428230631,153,95,239,130,92,222,266,473,191.093956765,217.773134939,113.601546245,146.119288957,181.559658414,210.317784035,227.692759219,-43.4274833949,0.162433845014,1.06302334828,1.10842330379,RHO_GTE_ONE_FINITE_HORIZON_ONLY,PROHIBITED_RHO_GTE_ONE
1.0,TASK3_PEAK_DURATION_SENSITIVITY_EXPLORATORY_V1,PEAK_DURATION_S28_I16_T1800,LOCAL_WINDOW_HPP_BASE_STATIONARY_EXTENSION,10,28,16,1800,OP_PEAK_DURATION_BASE_S28_I16_T1800,990ea446ba2689a49128aab0bb0be4335ab0c0a45a19ebaa598776a6cfee5433,TASK3_OPERATIONAL_POOLED_V1,202607290000,202609290101,202609290102,202609290103,202609290104,5000,5000,5000,2436,2436,0,86.1592986785,179.913027613,61.0514727126,42.7542889719,103.805761685,144,92,230,136,91,227,271,506,185.445054817,219.00051431,111.170114143,127.226357643,162.944282338,183.267612362,218.307624163,-42.1540079385,0.150175708199,1.06302334828,1.10842330379,RHO_GTE_ONE_FINITE_HORIZON_ONLY,PROHIBITED_RHO_GTE_ONE
1.0,TASK3_PEAK_DURATION_SENSITIVITY_EXPLORATORY_V1,PEAK_DURATION_S28_I16_T1800,LOCAL_WINDOW_HPP_BASE_STATIONARY_EXTENSION,11,28,16,1800,OP_PEAK_DURATION_BASE_S28_I16_T1800,990ea446ba2689a49128aab0bb0be4335ab0c0a45a19ebaa598776a6cfee5433,TASK3_OPERATIONAL_POOLED_V1,202607290000,202609290111,202609290112,202609290113,202609290114,5000,5000,5000,2475,2475,0,99.8606255016,193.023853938,73.9037659008,47.0134025651,120.917168466,168,99,262,166,94,260,304,486,206.603459634,246.438768424,132.505133161,160.049986974,200.258387917,211.26187025,233.038571696,-1.78628025925,0.140154866858,1.06302334828,1.10842330379,RHO_GTE_ONE_FINITE_HORIZON_ONLY,PROHIBITED_RHO_GTE_ONE
1.0,TASK3_PEAK_DURATION_SENSITIVITY_EXPLORATORY_V1,PEAK_DURATION_S28_I16_T1800,LOCAL_WINDOW_HPP_BASE_STATIONARY_EXTENSION,12,28,16,1800,OP_PEAK_DURATION_BASE_S28_I16_T1800,990ea446ba2689a49128aab0bb0be4335ab0c0a45a19ebaa598776a6cfee5433,TASK3_OPERATIONAL_POOLED_V1,202607290000,202609290121,202609290122,202609290123,202609290124,5000,5000,5000,2443,2443,0,89.2932030535,172.485917484,60.8246516816,47.6086221897,108.433273871,134,98,227,129,97,226,270,497,181.547731548,217.59409052,126.14545449,142.056052716,157.454646143,173.694897736,206.261874233,17.2188216839,0.106595380281,1.06302334828,1.10842330379,RHO_GTE_ONE_FINITE_HORIZON_ONLY,PROHIBITED_RHO_GTE_ONE
1.0,TASK3_PEAK_DURATION_SENSITIVITY_EXPLORATORY_V1,PEAK_DURATION_S28_I16_T1800,LOCAL_WINDOW_HPP_BASE_STATIONARY_EXTENSION,13,28,16,1800,OP_PEAK_DURATION_BASE_S28_I16_T1800,990ea446ba2689a49128aab0bb0be4335ab0c0a45a19ebaa598776a6cfee5433,TASK3_OPERATIONAL_POOLED_V1,202607290000,202609290131,202609290132,202609290133,202609290134,5000,5000,5000,2531,2531,0,149.948680072,248.096521996,140.045375646,47.185573671,187.230949317,230,99,321,218,94,312,356,493,256.311417715,289.818455925,221.133047827,232.886958408,251.019719275,274.203038036,304.548536458,100.647967333,0.115637253828,1.06302334828,1.10842330379,RHO_GTE_ONE_FINITE_HORIZON_ONLY,PROHIBITED_RHO_GTE_ONE
1.0,TASK3_PEAK_DURATION_SENSITIVITY_EXPLORATORY_V1,PEAK_DURATION_S28_I16_T1800,LOCAL_WINDOW_HPP_BASE_STATIONARY_EXTENSION,14,28,16,1800,OP_PEAK_DURATION_BASE_S28_I16_T1800,990ea446ba2689a49128aab0bb0be4335ab0c0a45a19ebaa598776a6cfee5433,TASK3_OPERATIONAL_POOLED_V1,202607290000,202609290141,202609290142,202609290143,202609290144,5000,5000,5000,2350,2350,0,48.4761697093,104.753138476,26.6575137624,31.2691796459,57.9266934083,72,74,142,69,72,141,185,487,112.976246812,148.948078531,50.5953046981,72.4589695269,87.0592612072,102.45617557,125.246009772,-46.9108179884,0.0996103423283,1.06302334828,1.10842330379,RHO_GTE_ONE_FINITE_HORIZON_ONLY,PROHIBITED_RHO_GTE_ONE
1.0,TASK3_PEAK_DURATION_SENSITIVITY_EXPLORATORY_V1,PEAK_DURATION_S28_I16_T1800,LOCAL_WINDOW_HPP_BASE_STATIONARY_EXTENSION,15,28,16,1800,OP_PEAK_DURATION_BASE_S28_I16_T1800,990ea446ba2689a49128aab0bb0be4335ab0c0a45a19ebaa598776a6cfee5433,TASK3_OPERATIONAL_POOLED_V1,202607290000,202609290151,202609290152,202609290153,202609290154,5000,5000,5000,2445,2445,0,97.0615722158,196.233505106,75.5576789332,42.2759843548,117.833663288,164,92,250,148,90,238,282,486,200.583031221,228.523696679,125.03945491,167.761895024,185.201585538,224.567155425,240.514297037,-27.199330903,0.159863858141,1.06302334828,1.10842330379,RHO_GTE_ONE_FINITE_HORIZON_ONLY,PROHIBITED_RHO_GTE_ONE
1.0,TASK3_PEAK_DURATION_SENSITIVITY_EXPLORATORY_V1,PEAK_DURATION_S28_I16_T1800,LOCAL_WINDOW_HPP_BASE_STATIONARY_EXTENSION,16,28,16,1800,OP_PEAK_DURATION_BASE_S28_I16_T1800,990ea446ba2689a49128aab0bb0be4335ab0c0a45a19ebaa598776a6cfee5433,TASK3_OPERATIONAL_POOLED_V1,202607290000,202609290161,202609290162,202609290163,202609290164,5000,5000,5000,2439,2439,0,88.3092350631,169.657451076,65.5323956272,41.1652696919,106.697665319,144,91,231,139,89,228,272,508,184.199525803,220.497811709,106.238268681,152.834822054,163.385174642,172.913354947,208.722013824,-7.9657905552,0.125025568433,1.06302334828,1.10842330379,RHO_GTE_ONE_FINITE_HORIZON_ONLY,PROHIBITED_RHO_GTE_ONE
1.0,TASK3_PEAK_DURATION_SENSITIVITY_EXPLORATORY_V1,PEAK_DURATION_S28_I16_T1800,LOCAL_WINDOW_HPP_BASE_STATIONARY_EXTENSION,17,28,16,1800,OP_PEAK_DURATION_BASE_S28_I16_T1800,990ea446ba2689a49128aab0bb0be4335ab0c0a45a19ebaa598776a6cfee5433,TASK3_OPERATIONAL_POOLED_V1,202607290000,202609290171,202609290172,202609290173,202609290174,5000,5000,5000,2414,2414,0,84.6843817144,163.336971169,56.3859717587,46.7749219723,103.160893731,118,98,209,105,96,201,245,502,168.152075596,199.594888783,100.234848145,112.18080729,132.135016084,156.977594176,199.060247453,-41.7179864975,0.134693103057,1.06302334828,1.10842330379,RHO_GTE_ONE_FINITE_HORIZON_ONLY,PROHIBITED_RHO_GTE_ONE
1.0,TASK3_PEAK_DURATION_SENSITIVITY_EXPLORATORY_V1,PEAK_DURATION_S28_I16_T1800,LOCAL_WINDOW_HPP_BASE_STATIONARY_EXTENSION,18,28,16,1800,OP_PEAK_DURATION_BASE_S28_I16_T1800,990ea446ba2689a49128aab0bb0be4335ab0c0a45a19ebaa598776a6cfee5433,TASK3_OPERATIONAL_POOLED_V1,202607290000,202609290181,202609290182,202609290183,202609290184,5000,5000,5000,2430,2430,0,92.6727801817,170.617476838,67.1288625986,46.1224711026,113.251333701,132,95,219,124,94,218,262,465,174.747540396,211.071167083,103.244638489,137.605466273,182.500886776,202.186019548,202.240223789,-31.3733459316,0.145873179931,1.06302334828,1.10842330379,RHO_GTE_ONE_FINITE_HORIZON_ONLY,PROHIBITED_RHO_GTE_ONE
1.0,TASK3_PEAK_DURATION_SENSITIVITY_EXPLORATORY_V1,PEAK_DURATION_S28_I16_T1800,LOCAL_WINDOW_HPP_BASE_STATIONARY_EXTENSION,19,28,16,1800,OP_PEAK_DURATION_BASE_S28_I16_T1800,990ea446ba2689a49128aab0bb0be4335ab0c0a45a19ebaa598776a6cfee5433,TASK3_OPERATIONAL_POOLED_V1,202607290000,202609290191,202609290192,202609290193,202609290194,5000,5000,5000,2376,2376,0,83.4650585615,136.236096946,56.4202841938,46.8360788323,103.256363026,90,97,176,65,94,159,203,464,139.53933828,164.256364746,100.5226774,120.780456924,138.695611931,151.501184391,166.177601095,14.0125752065,0.090016986031,1.06302334828,1.10842330379,RHO_GTE_ONE_FINITE_HORIZON_ONLY,PROHIBITED_RHO_GTE_ONE
1.0,TASK3_PEAK_DURATION_SENSITIVITY_EXPLORATORY_V1,PEAK_DURATION_S28_I16_T1800,LOCAL_WINDOW_HPP_BASE_STATIONARY_EXTENSION,20,28,16,1800,OP_PEAK_DURATION_BASE_S28_I16_T1800,990ea446ba2689a49128aab0bb0be4335ab0c0a45a19ebaa598776a6cfee5433,TASK3_OPERATIONAL_POOLED_V1,202607290000,202609290201,202609290202,202609290203,202609290204,5000,5000,5000,2459,2459,0,108.583357634,193.089054341,86.8552255251,46.9918786605,133.847104186,155,97,249,146,96,242,286,487,198.431977705,231.73753088,139.610279411,158.898745847,190.377140776,208.520536502,235.891636193,5.02128958263,0.134546946788,1.06302334828,1.10842330379,RHO_GTE_ONE_FINITE_HORIZON_ONLY,PROHIBITED_RHO_GTE_ONE
1.0,TASK3_PEAK_DURATION_SENSITIVITY_EXPLORATORY_V1,PEAK_DURATION_S28_I16_T1800,LOCAL_WINDOW_HPP_BASE_STATIONARY_EXTENSION,21,28,16,1800,OP_PEAK_DURATION_BASE_S28_I16_T1800,990ea446ba2689a49128aab0bb0be4335ab0c0a45a19ebaa598776a6cfee5433,TASK3_OPERATIONAL_POOLED_V1,202607290000,202609290211,202609290212,202609290213,202609290214,5000,5000,5000,2479,2479,0,105.815279248,219.199808862,87.1638621217,41.3731736104,128.537035732,199,90,282,177,89,266,310,497,225.492380548,251.372525712,130.135188516,161.110943446,194.235470784,232.661815083,269.506665752,-65.1903528663,0.194607681172,1.06302334828,1.10842330379,RHO_GTE_ONE_FINITE_HORIZON_ONLY,PROHIBITED_RHO_GTE_ONE
1.0,TASK3_PEAK_DURATION_SENSITIVITY_EXPLORATORY_V1,PEAK_DURATION_S28_I16_T1800,LOCAL_WINDOW_HPP_BASE_STATIONARY_EXTENSION,22,28,16,1800,OP_PEAK_DURATION_BASE_S28_I16_T1800,990ea446ba2689a49128aab0bb0be4335ab0c0a45a19ebaa598776a6cfee5433,TASK3_OPERATIONAL_POOLED_V1,202607290000,202609290221,202609290222,202609290223,202609290224,5000,5000,5000,2442,2442,0,98.197678171,174.447503239,74.4169638481,45.874553213,120.291517061,140,96,229,133,95,228,272,476,179.235973368,220.907443881,134.210854946,169.722532561,182.511120129,205.713607496,211.713427568,37.5271434062,0.10610901121,1.06302334828,1.10842330379,RHO_GTE_ONE_FINITE_HORIZON_ONLY,PROHIBITED_RHO_GTE_ONE
1.0,TASK3_PEAK_DURATION_SENSITIVITY_EXPLORATORY_V1,PEAK_DURATION_S28_I16_T1800,LOCAL_WINDOW_HPP_BASE_STATIONARY_EXTENSION,23,28,16,1800,OP_PEAK_DURATION_BASE_S28_I16_T1800,990ea446ba2689a49128aab0bb0be4335ab0c0a45a19ebaa598776a6cfee5433,TASK3_OPERATIONAL_POOLED_V1,202607290000,202609290231,202609290232,202609290233,202609290234,5000,5000,5000,2563,2563,0,150.706258163,275.530266453,137.744363776,48.578547544,186.32291132,256,101,349,246,98,344,388,500,279.384923398,315.840945658,218.039550932,251.228790304,274.922582107,307.283112544,337.640452099,56.3808041672,0.164031180318,1.06302334828,1.10842330379,RHO_GTE_ONE_FINITE_HORIZON_ONLY,PROHIBITED_RHO_GTE_ONE
1.0,TASK3_PEAK_DURATION_SENSITIVITY_EXPLORATORY_V1,PEAK_DURATION_S28_I16_T1800,LOCAL_WINDOW_HPP_BASE_STATIONARY_EXTENSION,24,28,16,1800,OP_PEAK_DURATION_BASE_S28_I16_T1800,990ea446ba2689a49128aab0bb0be4335ab0c0a45a19ebaa598776a6cfee5433,TASK3_OPERATIONAL_POOLED_V1,202607290000,202609290241,202609290242,202609290243,202609290244,5000,5000,5000,2504,2504,0,110.239876595,229.983970615,86.1497704833,47.3591620552,133.508932539,204,97,296,191,95,286,330,489,237.921692317,267.745621806,134.10509584,171.00197263,211.714954175,255.191685262,282.566227656,-74.9179950862,0.211728875703,1.06302334828,1.10842330379,RHO_GTE_ONE_FINITE_HORIZON_ONLY,PROHIBITED_RHO_GTE_ONE
1.0,TASK3_PEAK_DURATION_SENSITIVITY_EXPLORATORY_V1,PEAK_DURATION_S28_I16_T1800,LOCAL_WINDOW_HPP_BASE_STATIONARY_EXTENSION,25,28,16,1800,OP_PEAK_DURATION_BASE_S28_I16_T1800,990ea446ba2689a49128aab0bb0be4335ab0c0a45a19ebaa598776a6cfee5433,TASK3_OPERATIONAL_POOLED_V1,202607290000,202609290251,202609290252,202609290253,202609290254,5000,5000,5000,2509,2509,0,106.300243904,222.605907542,82.3441180062,45.1649787912,127.509096797,206,96,296,201,92,293,337,523,237.810778687,273.107898168,125.668443714,149.626933884,190.335850179,229.608078903,273.118509858,-87.4893946715,0.208267376281,1.06302334828,1.10842330379,RHO_GTE_ONE_FINITE_HORIZON_ONLY,PROHIBITED_RHO_GTE_ONE
1.0,TASK3_PEAK_DURATION_SENSITIVITY_EXPLORATORY_V1,PEAK_DURATION_S28_I16_T1800,LOCAL_WINDOW_HPP_BASE_STATIONARY_EXTENSION,26,28,16,1800,OP_PEAK_DURATION_BASE_S28_I16_T1800,990ea446ba2689a49128aab0bb0be4335ab0c0a45a19ebaa598776a6cfee5433,TASK3_OPERATIONAL_POOLED_V1,202607290000,202609290261,202609290262,202609290263,202609290264,5000,5000,5000,2482,2482,0,99.2582237944,188.832710053,74.9014803179,44.8072352727,119.708715591,175,95,267,173,91,264,308,532,210.686315842,251.161024077,127.304827082,153.863835927,163.508981259,200.810551149,230.622572162,-14.9645005195,0.140879002989,1.06302334828,1.10842330379,RHO_GTE_ONE_FINITE_HORIZON_ONLY,PROHIBITED_RHO_GTE_ONE
1.0,TASK3_PEAK_DURATION_SENSITIVITY_EXPLORATORY_V1,PEAK_DURATION_S28_I16_T1800,LOCAL_WINDOW_HPP_BASE_STATIONARY_EXTENSION,27,28,16,1800,OP_PEAK_DURATION_BASE_S28_I16_T1800,990ea446ba2689a49128aab0bb0be4335ab0c0a45a19ebaa598776a6cfee5433,TASK3_OPERATIONAL_POOLED_V1,202607290000,202609290271,202609290272,202609290273,202609290274,5000,5000,5000,2482,2482,0,106.750688549,208.630996776,82.7531623477,47.3106572083,130.063819556,177,98,270,170,94,264,308,515,216.062127245,250.952570623,159.918717939,163.684709753,186.46704076,209.161479306,252.093031859,21.8959478774,0.12768077633,1.06302334828,1.10842330379,RHO_GTE_ONE_FINITE_HORIZON_ONLY,PROHIBITED_RHO_GTE_ONE
1.0,TASK3_PEAK_DURATION_SENSITIVITY_EXPLORATORY_V1,PEAK_DURATION_S28_I16_T1800,LOCAL_WINDOW_HPP_BASE_STATIONARY_EXTENSION,28,28,16,1800,OP_PEAK_DURATION_BASE_S28_I16_T1800,990ea446ba2689a49128aab0bb0be4335ab0c0a45a19ebaa598776a6cfee5433,TASK3_OPERATIONAL_POOLED_V1,202607290000,202609290281,202609290282,202609290283,202609290284,5000,5000,5000,2401,2401,0,84.7967964782,148.518382579,62.7663530765,40.7835193744,103.549872451,108,91,195,108,84,192,236,475,155.693023321,191.273154113,137.71471453,145.844446033,161.344936822,159.640103745,179.455920373,83.8414722513,0.0540433718884,1.06302334828,1.10842330379,RHO_GTE_ONE_FINITE_HORIZON_ONLY,PROHIBITED_RHO_GTE_ONE
1.0,TASK3_PEAK_DURATION_SENSITIVITY_EXPLORATORY_V1,PEAK_DURATION_S28_I16_T1800,LOCAL_WINDOW_HPP_BASE_STATIONARY_EXTENSION,29,28,16,1800,OP_PEAK_DURATION_BASE_S28_I16_T1800,990ea446ba2689a49128aab0bb0be4335ab0c0a45a19ebaa598776a6cfee5433,TASK3_OPERATIONAL_POOLED_V1,202607290000,202609290291,202609290292,202609290293,202609290294,5000,5000,5000,2516,2516,0,126.730648226,221.987693597,107.262639266,48.2630157219,155.525654988,207,101,299,206,93,299,343,501,237.044006238,279.817647714,177.062578447,210.77339667,230.94203393,253.493043017,273.971192924,51.8457925219,0.131409375167,1.06302334828,1.10842330379,RHO_GTE_ONE_FINITE_HORIZON_ONLY,PROHIBITED_RHO_GTE_ONE
1.0,TASK3_PEAK_DURATION_SENSITIVITY_EXPLORATORY_V1,PEAK_DURATION_S28_I16_T1800,LOCAL_WINDOW_HPP_BASE_STATIONARY_EXTENSION,30,28,16,1800,OP_PEAK_DURATION_BASE_S28_I16_T1800,990ea446ba2689a49128aab0bb0be4335ab0c0a45a19ebaa598776a6cfee5433,TASK3_OPERATIONAL_POOLED_V1,202607290000,202609290301,202609290302,202609290303,202609290304,5000,5000,5000,2390,2390,0,68.6202746045,143.675967679,39.8233623318,43.2376262179,83.0609885497,96,92,184,84,92,176,220,498,147.046929788,177.689068732,103.337599276,108.311712461,112.589853229,132.601638091,175.988090561,-0.627402427564,0.0942171712231,1.06302334828,1.10842330379,RHO_GTE_ONE_FINITE_HORIZON_ONLY,PROHIBITED_RHO_GTE_ONE
1.0,TASK3_PEAK_DURATION_SENSITIVITY_EXPLORATORY_V1,PEAK_DURATION_S28_I16_T1800,LOCAL_WINDOW_HPP_BASE_STATIONARY_EXTENSION,31,28,16,1800,OP_PEAK_DURATION_BASE_S28_I16_T1800,990ea446ba2689a49128aab0bb0be4335ab0c0a45a19ebaa598776a6cfee5433,TASK3_OPERATIONAL_POOLED_V1,202607290000,202609290311,202609290312,202609290313,202609290314,5000,5000,5000,2397,2397,0,86.1788646239,150.850972289,60.4177242941,45.763691731,106.181416025,110,95,192,87,94,181,225,458,153.412067437,182.726185167,106.373070428,142.997657773,158.119011765,180.823096349,180.88269394,13.7055918512,0.103802603111,1.06302334828,1.10842330379,RHO_GTE_ONE_FINITE_HORIZON_ONLY,PROHIBITED_RHO_GTE_ONE
1.0,TASK3_PEAK_DURATION_SENSITIVITY_EXPLORATORY_V1,PEAK_DURATION_S28_I16_T1800,LOCAL_WINDOW_HPP_BASE_STATIONARY_EXTENSION,32,28,16,1800,OP_PEAK_DURATION_BASE_S28_I16_T1800,990ea446ba2689a49128aab0bb0be4335ab0c0a45a19ebaa598776a6cfee5433,TASK3_OPERATIONAL_POOLED_V1,202607290000,202609290321,202609290322,202609290323,202609290324,5000,5000,5000,2384,2384,0,72.1987477514,136.546274752,45.8763786578,41.927238232,87.8036168898,98,92,177,84,87,171,215,461,141.299550473,175.606152291,98.737269836,124.000512636,143.026896931,161.339428392,163.047251697,13.5611122889,0.0921993774886,1.06302334828,1.10842330379,RHO_GTE_ONE_FINITE_HORIZON_ONLY,PROHIBITED_RHO_GTE_ONE
1.0,TASK3_PEAK_DURATION_SENSITIVITY_EXPLORATORY_V1,PEAK_DURATION_S28_I16_T1800,LOCAL_WINDOW_HPP_BASE_STATIONARY_EXTENSION,33,28,16,1800,OP_PEAK_DURATION_BASE_S28_I16_T1800,990ea446ba2689a49128aab0bb0be4335ab0c0a45a19ebaa598776a6cfee5433,TASK3_OPERATIONAL_POOLED_V1,202607290000,202609290331,202609290332,202609290333,202609290334,5000,5000,5000,2503,2503,0,112.92868447,224.870864832,89.8873906458,47.5255725237,137.412963169,196,99,288,187,97,284,328,490,230.803162113,266.303409481,141.382801928,170.783642705,215.196076285,248.39556821,276.177786781,-50.0142462262,0.192889941784,1.06302334828,1.10842330379,RHO_GTE_ONE_FINITE_HORIZON_ONLY,PROHIBITED_RHO_GTE_ONE
1.0,TASK3_PEAK_DURATION_SENSITIVITY_EXPLORATORY_V1,PEAK_DURATION_S28_I16_T1800,LOCAL_WINDOW_HPP_BASE_STATIONARY_EXTENSION,34,28,16,1800,OP_PEAK_DURATION_BASE_S28_I16_T1800,990ea446ba2689a49128aab0bb0be4335ab0c0a45a19ebaa598776a6cfee5433,TASK3_OPERATIONAL_POOLED_V1,202607290000,202609290341,202609290342,202609290343,202609290344,5000,5000,5000,2526,2526,0,133.350926622,248.708873301,116.900676599,47.322954841,164.22363144,228,96,316,213,95,308,352,477,252.642813791,285.823922248,186.085072222,227.399184343,252.293275125,284.923913668,305.047764463,29.5622566091,0.164138952115,1.06302334828,1.10842330379,RHO_GTE_ONE_FINITE_HORIZON_ONLY,PROHIBITED_RHO_GTE_ONE
1.0,TASK3_PEAK_DURATION_SENSITIVITY_EXPLORATORY_V1,PEAK_DURATION_S28_I16_T1800,LOCAL_WINDOW_HPP_BASE_STATIONARY_EXTENSION,35,28,16,1800,OP_PEAK_DURATION_BASE_S28_I16_T1800,990ea446ba2689a49128aab0bb0be4335ab0c0a45a19ebaa598776a6cfee5433,TASK3_OPERATIONAL_POOLED_V1,202607290000,202609290351,202609290352,202609290353,202609290354,5000,5000,5000,2522,2522,0,138.023748366,242.416516502,123.575064501,47.6840307586,171.259095259,215,97,307,209,95,304,348,485,247.353398739,281.626071916,195.193344269,203.143217112,236.697419202,274.419521686,294.466385166,38.4171877116,0.14990132576,1.06302334828,1.10842330379,RHO_GTE_ONE_FINITE_HORIZON_ONLY,PROHIBITED_RHO_GTE_ONE
1.0,TASK3_PEAK_DURATION_SENSITIVITY_EXPLORATORY_V1,PEAK_DURATION_S28_I16_T1800,LOCAL_WINDOW_HPP_BASE_STATIONARY_EXTENSION,36,28,16,1800,OP_PEAK_DURATION_BASE_S28_I16_T1800,990ea446ba2689a49128aab0bb0be4335ab0c0a45a19ebaa598776a6cfee5433,TASK3_OPERATIONAL_POOLED_V1,202607290000,202609290361,202609290362,202609290363,202609290364,5000,5000,5000,2426,2426,0,96.9982887546,176.893704163,71.8731145973,47.7771858022,119.6503004,148,98,231,112,96,208,252,454,182.531402867,203.67547604,136.588625598,160.607148424,176.807424604,214.702276064,212.121551256,26.2946709721,0.113978321642,1.06302334828,1.10842330379,RHO_GTE_ONE_FINITE_HORIZON_ONLY,PROHIBITED_RHO_GTE_ONE
1.0,TASK3_PEAK_DURATION_SENSITIVITY_EXPLORATORY_V1,PEAK_DURATION_S28_I16_T1800,LOCAL_WINDOW_HPP_BASE_STATIONARY_EXTENSION,37,28,16,1800,OP_PEAK_DURATION_BASE_S28_I16_T1800,990ea446ba2689a49128aab0bb0be4335ab0c0a45a19ebaa598776a6cfee5433,TASK3_OPERATIONAL_POOLED_V1,202607290000,202609290371,202609290372,202609290373,202609290374,5000,5000,5000,2418,2418,0,98.1807735623,167.103803231,73.1183711426,48.0700685948,121.188439737,128,98,219,110,93,203,247,458,172.565725326,201.028633585,142.944119687,170.63608802,183.652172095,189.112528012,205.144114391,71.1404823905,0.0793757941113,1.06302334828,1.10842330379,RHO_GTE_ONE_FINITE_HORIZON_ONLY,PROHIBITED_RHO_GTE_ONE
1.0,TASK3_PEAK_DURATION_SENSITIVITY_EXPLORATORY_V1,PEAK_DURATION_S28_I16_T1800,LOCAL_WINDOW_HPP_BASE_STATIONARY_EXTENSION,38,28,16,1800,OP_PEAK_DURATION_BASE_S28_I16_T1800,990ea446ba2689a49128aab0bb0be4335ab0c0a45a19ebaa598776a6cfee5433,TASK3_OPERATIONAL_POOLED_V1,202607290000,202609290381,202609290382,202609290383,202609290384,5000,5000,5000,2352,2352,0,46.6731181676,101.119404845,19.5240176716,36.1667010728,55.6907187444,61,81,141,57,81,138,182,489,111.951230095,146.523777597,44.2616015911,53.2081403369,82.9178078266,108.014997171,125.170372321,-79.7537148711,0.120346887941,1.06302334828,1.10842330379,RHO_GTE_ONE_FINITE_HORIZON_ONLY,PROHIBITED_RHO_GTE_ONE
1.0,TASK3_PEAK_DURATION_SENSITIVITY_EXPLORATORY_V1,PEAK_DURATION_S28_I16_T1800,LOCAL_WINDOW_HPP_BASE_STATIONARY_EXTENSION,39,28,16,1800,OP_PEAK_DURATION_BASE_S28_I16_T1800,990ea446ba2689a49128aab0bb0be4335ab0c0a45a19ebaa598776a6cfee5433,TASK3_OPERATIONAL_POOLED_V1,202607290000,202609290391,202609290392,202609290393,202609290394,5000,5000,5000,2428,2428,0,86.2450293042,172.481730497,64.6787007099,39.5582262382,104.236926948,144,90,226,133,87,220,264,491,181.283659756,214.393164879,133.498727533,143.251040492,154.035810995,182.994046689,208.928036271,21.5903146414,0.105889790929,1.06302334828,1.10842330379,RHO_GTE_ONE_FINITE_HORIZON_ONLY,PROHIBITED_RHO_GTE_ONE
1.0,TASK3_PEAK_DURATION_SENSITIVITY_EXPLORATORY_V1,PEAK_DURATION_S28_I16_T1800,LOCAL_WINDOW_HPP_BASE_STATIONARY_EXTENSION,40,28,16,1800,OP_PEAK_DURATION_BASE_S28_I16_T1800,990ea446ba2689a49128aab0bb0be4335ab0c0a45a19ebaa598776a6cfee5433,TASK3_OPERATIONAL_POOLED_V1,202607290000,202609290401,202609290402,202609290403,202609290404,5000,5000,5000,2456,2456,0,93.6124383344,185.366772105,74.0705836068,39.4745168167,113.545100424,157,88,242,154,85,239,283,513,192.868200361,230.5925729,136.580391242,145.032121727,157.069617535,200.012700557,227.681910042,-4.61236410246,0.131768675795,1.06302334828,1.10842330379,RHO_GTE_ONE_FINITE_HORIZON_ONLY,PROHIBITED_RHO_GTE_ONE
1.0,TASK3_PEAK_DURATION_SENSITIVITY_EXPLORATORY_V1,PEAK_DURATION_S28_I16_T1800,LOCAL_WINDOW_HPP_BASE_STATIONARY_EXTENSION,41,28,16,1800,OP_PEAK_DURATION_BASE_S28_I16_T1800,990ea446ba2689a49128aab0bb0be4335ab0c0a45a19ebaa598776a6cfee5433,TASK3_OPERATIONAL_POOLED_V1,202607290000,202609290411,202609290412,202609290413,202609290414,5000,5000,5000,2462,2462,0,110.3726118,187.029464879,87.5918379894,48.6304235212,136.222261511,151,100,245,148,97,245,289,480,195.750449238,234.039420094,162.462757668,182.553162239,204.388827337,205.686117503,227.429607589,81.7041031378,0.0850370306142,1.06302334828,1.10842330379,RHO_GTE_ONE_FINITE_HORIZON_ONLY,PROHIBITED_RHO_GTE_ONE
1.0,TASK3_PEAK_DURATION_SENSITIVITY_EXPLORATORY_V1,PEAK_DURATION_S28_I16_T1800,LOCAL_WINDOW_HPP_BASE_STATIONARY_EXTENSION,42,28,16,1800,OP_PEAK_DURATION_BASE_S28_I16_T1800,990ea446ba2689a49128aab0bb0be4335ab0c0a45a19ebaa598776a6cfee5433,TASK3_OPERATIONAL_POOLED_V1,202607290000,202609290421,202609290422,202609290423,202609290424,5000,5000,5000,2422,2422,0,75.5642362369,161.16578684,50.8361333822,40.248449691,91.0845830732,124,89,208,117,88,205,249,508,167.16116223,201.188324889,82.0718765223,100.359253229,126.832246399,163.807669073,196.514987377,-85.3337716449,0.162408131974,1.06302334828,1.10842330379,RHO_GTE_ONE_FINITE_HORIZON_ONLY,PROHIBITED_RHO_GTE_ONE
1.0,TASK3_PEAK_DURATION_SENSITIVITY_EXPLORATORY_V1,PEAK_DURATION_S28_I16_T1800,LOCAL_WINDOW_HPP_BASE_STATIONARY_EXTENSION,43,28,16,1800,OP_PEAK_DURATION_BASE_S28_I16_T1800,990ea446ba2689a49128aab0bb0be4335ab0c0a45a19ebaa598776a6cfee5433,TASK3_OPERATIONAL_POOLED_V1,202607290000,202609290431,202609290432,202609290433,202609290434,5000,5000,5000,2517,2517,0,115.02530383,221.446685053,92.9212101988,46.3972006346,139.318410833,208,97,301,205,95,300,344,516,236.398384878,278.871505092,154.64096916,176.930312108,208.015654406,236.142278202,267.19383207,-4.65365974663,0.157954273286,1.06302334828,1.10842330379,RHO_GTE_ONE_FINITE_HORIZON_ONLY,PROHIBITED_RHO_GTE_ONE
1.0,TASK3_PEAK_DURATION_SENSITIVITY_EXPLORATORY_V1,PEAK_DURATION_S28_I16_T1800,LOCAL_WINDOW_HPP_BASE_STATIONARY_EXTENSION,44,28,16,1800,OP_PEAK_DURATION_BASE_S28_I16_T1800,990ea446ba2689a49128aab0bb0be4335ab0c0a45a19ebaa598776a6cfee5433,TASK3_OPERATIONAL_POOLED_V1,202607290000,202609290441,202609290442,202609290443,202609290444,5000,5000,5000,2475,2475,0,97.2250164436,215.380481573,83.0621163454,33.8401341401,116.902250485,200,83,273,184,78,262,306,494,218.910364768,249.090415612,127.844216565,155.466761344,194.832217016,227.182724163,262.830413019,-62.6350003731,0.189826864292,1.06302334828,1.10842330379,RHO_GTE_ONE_FINITE_HORIZON_ONLY,PROHIBITED_RHO_GTE_ONE
1.0,TASK3_PEAK_DURATION_SENSITIVITY_EXPLORATORY_V1,PEAK_DURATION_S28_I16_T1800,LOCAL_WINDOW_HPP_BASE_STATIONARY_EXTENSION,45,28,16,1800,OP_PEAK_DURATION_BASE_S28_I16_T1800,990ea446ba2689a49128aab0bb0be4335ab0c0a45a19ebaa598776a6cfee5433,TASK3_OPERATIONAL_POOLED_V1,202607290000,202609290451,202609290452,202609290453,202609290454,5000,5000,5000,2510,2510,0,114.789986109,230.573966264,92.9033479197,46.3294941621,139.232842082,203,97,294,202,91,293,337,482,237.093959564,274.017784033,150.499406608,199.355907838,245.416764269,260.963951222,282.725241892,-16.7525310985,0.181144285529,1.06302334828,1.10842330379,RHO_GTE_ONE_FINITE_HORIZON_ONLY,PROHIBITED_RHO_GTE_ONE
1.0,TASK3_PEAK_DURATION_SENSITIVITY_EXPLORATORY_V1,PEAK_DURATION_S28_I16_T1800,LOCAL_WINDOW_HPP_BASE_STATIONARY_EXTENSION,46,28,16,1800,OP_PEAK_DURATION_BASE_S28_I16_T1800,990ea446ba2689a49128aab0bb0be4335ab0c0a45a19ebaa598776a6cfee5433,TASK3_OPERATIONAL_POOLED_V1,202607290000,202609290461,202609290462,202609290463,202609290464,5000,5000,5000,2437,2437,0,111.893112072,167.236450963,92.4311196556,46.80294139,139.234061046,130,98,223,127,93,220,264,480,177.136977164,214.412093103,163.685002746,180.240798126,177.561293225,187.77897977,205.900607341,114.056293115,0.0510941060194,1.06302334828,1.10842330379,RHO_GTE_ONE_FINITE_HORIZON_ONLY,PROHIBITED_RHO_GTE_ONE
1.0,TASK3_PEAK_DURATION_SENSITIVITY_EXPLORATORY_V1,PEAK_DURATION_S28_I16_T1800,LOCAL_WINDOW_HPP_BASE_STATIONARY_EXTENSION,47,28,16,1800,OP_PEAK_DURATION_BASE_S28_I16_T1800,990ea446ba2689a49128aab0bb0be4335ab0c0a45a19ebaa598776a6cfee5433,TASK3_OPERATIONAL_POOLED_V1,202607290000,202609290471,202609290472,202609290473,202609290474,5000,5000,5000,2422,2422,0,97.5984934765,161.765772863,72.5614393175,47.4750955153,120.036534833,131,98,215,116,95,211,255,465,172.35580513,205.676193044,151.848061308,160.824427344,189.78714252,190.06119296,196.477591592,88.9278135067,0.0658310145468,1.06302334828,1.10842330379,RHO_GTE_ONE_FINITE_HORIZON_ONLY,PROHIBITED_RHO_GTE_ONE
1.0,TASK3_PEAK_DURATION_SENSITIVITY_EXPLORATORY_V1,PEAK_DURATION_S28_I16_T1800,LOCAL_WINDOW_HPP_BASE_STATIONARY_EXTENSION,48,28,16,1800,OP_PEAK_DURATION_BASE_S28_I16_T1800,990ea446ba2689a49128aab0bb0be4335ab0c0a45a19ebaa598776a6cfee5433,TASK3_OPERATIONAL_POOLED_V1,202607290000,202609290481,202609290482,202609290483,202609290484,5000,5000,5000,2423,2423,0,81.0513400226,155.668314697,52.1052755183,46.2544362304,98.3597117487,114,96,207,111,94,205,249,511,165.297840676,201.031694219,110.923470279,126.306139687,131.466587318,153.003053116,182.698475512,13.1943522595,0.0945816243872,1.06302334828,1.10842330379,RHO_GTE_ONE_FINITE_HORIZON_ONLY,PROHIBITED_RHO_GTE_ONE
1.0,TASK3_PEAK_DURATION_SENSITIVITY_EXPLORATORY_V1,PEAK_DURATION_S28_I16_T1800,LOCAL_WINDOW_HPP_BASE_STATIONARY_EXTENSION,49,28,16,1800,OP_PEAK_DURATION_BASE_S28_I16_T1800,990ea446ba2689a49128aab0bb0be4335ab0c0a45a19ebaa598776a6cfee5433,TASK3_OPERATIONAL_POOLED_V1,202607290000,202609290491,202609290492,202609290493,202609290494,5000,5000,5000,2524,2524,0,130.885412845,232.809094438,114.204932938,46.3662997783,160.571232716,220,97,313,216,93,309,353,494,246.879076732,286.409033317,187.161895241,214.733628749,244.537000361,255.757979237,285.62640125,59.098359087,0.132196312504,1.06302334828,1.10842330379,RHO_GTE_ONE_FINITE_HORIZON_ONLY,PROHIBITED_RHO_GTE_ONE
1.0,TASK3_PEAK_DURATION_SENSITIVITY_EXPLORATORY_V1,PEAK_DURATION_S28_I16_T1800,LOCAL_WINDOW_HPP_BASE_STATIONARY_EXTENSION,50,28,16,1800,OP_PEAK_DURATION_BASE_S28_I16_T1800,990ea446ba2689a49128aab0bb0be4335ab0c0a45a19ebaa598776a6cfee5433,TASK3_OPERATIONAL_POOLED_V1,202607290000,202609290501,202609290502,202609290503,202609290504,5000,5000,5000,2462,2462,0,113.373882494,202.132797663,95.0307839808,44.7777872803,139.808571261,175,95,256,158,92,250,294,452,205.439485428,239.128862969,161.738004376,207.365850343,232.994728127,239.58082887,247.117839908,65.5284631323,0.112763694217,1.06302334828,1.10842330379,RHO_GTE_ONE_FINITE_HORIZON_ONLY,PROHIBITED_RHO_GTE_ONE
1.0,TASK3_PEAK_DURATION_SENSITIVITY_EXPLORATORY_V1,PEAK_DURATION_S28_I16_T3600,LOCAL_WINDOW_HPP_BASE_STATIONARY_EXTENSION,1,28,16,3600,OP_PEAK_DURATION_BASE_S28_I16_T3600,bd6deeb1f9724bdc97b0e955f6d6e27f4193f159579a0ed48998639e82f7de35,TASK3_OPERATIONAL_POOLED_V1,202607290000,202609290011,202609290012,202609290013,202609290014,5712,5712,5712,4900,4900,0,181.535828931,367.392044239,126.866171695,94.3969947372,221.263166432,295,193,479,280,186,466,510,971,381.359821193,415.113161057,227.203150124,299.933761785,360.940837403,396.520417221,448.009828415,-57.1284100247,0.149500003339,1.06302334828,1.10842330379,RHO_GTE_ONE_FINITE_HORIZON_ONLY,PROHIBITED_RHO_GTE_ONE
1.0,TASK3_PEAK_DURATION_SENSITIVITY_EXPLORATORY_V1,PEAK_DURATION_S28_I16_T3600,LOCAL_WINDOW_HPP_BASE_STATIONARY_EXTENSION,2,28,16,3600,OP_PEAK_DURATION_BASE_S28_I16_T3600,bd6deeb1f9724bdc97b0e955f6d6e27f4193f159579a0ed48998639e82f7de35,TASK3_OPERATIONAL_POOLED_V1,202607290000,202609290021,202609290022,202609290023,202609290024,5712,5712,5712,4815,4815,0,175.96224841,302.862885771,123.413449204,94.2766824364,217.690131641,215,193,389,195,184,379,423,924,312.092077449,344.992957631,249.20147192,290.892828117,327.941036483,357.721004589,370.818907496,86.7677640037,0.0861286243399,1.06302334828,1.10842330379,RHO_GTE_ONE_FINITE_HORIZON_ONLY,PROHIBITED_RHO_GTE_ONE
1.0,TASK3_PEAK_DURATION_SENSITIVITY_EXPLORATORY_V1,PEAK_DURATION_S28_I16_T3600,LOCAL_WINDOW_HPP_BASE_STATIONARY_EXTENSION,3,28,16,3600,OP_PEAK_DURATION_BASE_S28_I16_T3600,bd6deeb1f9724bdc97b0e955f6d6e27f4193f159579a0ed48998639e82f7de35,TASK3_OPERATIONAL_POOLED_V1,202607290000,202609290031,202609290032,202609290033,202609290034,5712,5712,5712,4949,4949,0,174.041801023,375.064352407,117.218389126,90.7362304647,207.954619591,335,188,519,332,183,515,559,1055,409.743152221,454.682005245,242.984873284,285.54056263,330.451524473,358.595773661,458.390873798,-42.7076874735,0.13996311446,1.06302334828,1.10842330379,RHO_GTE_ONE_FINITE_HORIZON_ONLY,PROHIBITED_RHO_GTE_ONE
1.0,TASK3_PEAK_DURATION_SENSITIVITY_EXPLORATORY_V1,PEAK_DURATION_S28_I16_T3600,LOCAL_WINDOW_HPP_BASE_STATIONARY_EXTENSION,4,28,16,3600,OP_PEAK_DURATION_BASE_S28_I16_T3600,bd6deeb1f9724bdc97b0e955f6d6e27f4193f159579a0ed48998639e82f7de35,TASK3_OPERATIONAL_POOLED_V1,202607290000,202609290041,202609290042,202609290043,202609290044,5712,5712,5712,4855,4855,0,168.055570476,326.717297168,113.89439674,91.2800420307,205.174438771,239,188,423,238,185,423,467,977,335.131746431,379.933632936,235.797208185,247.099267006,300.099083169,348.602315655,396.787546842,-11.9357103015,0.117634368323,1.06302334828,1.10842330379,RHO_GTE_ONE_FINITE_HORIZON_ONLY,PROHIBITED_RHO_GTE_ONE
1.0,TASK3_PEAK_DURATION_SENSITIVITY_EXPLORATORY_V1,PEAK_DURATION_S28_I16_T3600,LOCAL_WINDOW_HPP_BASE_STATIONARY_EXTENSION,5,28,16,3600,OP_PEAK_DURATION_BASE_S28_I16_T3600,bd6deeb1f9724bdc97b0e955f6d6e27f4193f159579a0ed48998639e82f7de35,TASK3_OPERATIONAL_POOLED_V1,202607290000,202609290051,202609290052,202609290053,202609290054,5712,5712,5712,4847,4847,0,174.110841532,331.38092479,119.236385433,93.880280397,213.11666583,242,191,425,231,191,422,466,967,342.55651292,377.969328138,274.742053642,277.815655175,322.857492122,364.680831029,404.165999708,69.5676053457,0.0960314077739,1.06302334828,1.10842330379,RHO_GTE_ONE_FINITE_HORIZON_ONLY,PROHIBITED_RHO_GTE_ONE
1.0,TASK3_PEAK_DURATION_SENSITIVITY_EXPLORATORY_V1,PEAK_DURATION_S28_I16_T3600,LOCAL_WINDOW_HPP_BASE_STATIONARY_EXTENSION,6,28,16,3600,OP_PEAK_DURATION_BASE_S28_I16_T3600,bd6deeb1f9724bdc97b0e955f6d6e27f4193f159579a0ed48998639e82f7de35,TASK3_OPERATIONAL_POOLED_V1,202607290000,202609290061,202609290062,202609290063,202609290064,5712,5712,5712,4963,4963,0,194.506681792,408.922803115,143.155979675,91.5569366615,234.712916337,355,190,539,348,185,533,577,1057,429.528218869,468.326037226,247.873234437,298.613707802,351.178385898,407.255008783,501.048172683,-100.049681183,0.170830882631,1.06302334828,1.10842330379,RHO_GTE_ONE_FINITE_HORIZON_ONLY,PROHIBITED_RHO_GTE_ONE
1.0,TASK3_PEAK_DURATION_SENSITIVITY_EXPLORATORY_V1,PEAK_DURATION_S28_I16_T3600,LOCAL_WINDOW_HPP_BASE_STATIONARY_EXTENSION,7,28,16,3600,OP_PEAK_DURATION_BASE_S28_I16_T3600,bd6deeb1f9724bdc97b0e955f6d6e27f4193f159579a0ed48998639e82f7de35,TASK3_OPERATIONAL_POOLED_V1,202607290000,202609290071,202609290072,202609290073,202609290074,5712,5712,5712,4943,4943,0,227.153508499,397.845672722,188.272562426,92.3467512214,280.619313647,330,190,518,328,187,515,559,958,411.550565393,454.324784565,331.947113254,386.627953154,426.860177257,452.256154834,486.787780496,135.413683676,0.104252648934,1.06302334828,1.10842330379,RHO_GTE_ONE_FINITE_HORIZON_ONLY,PROHIBITED_RHO_GTE_ONE
1.0,TASK3_PEAK_DURATION_SENSITIVITY_EXPLORATORY_V1,PEAK_DURATION_S28_I16_T3600,LOCAL_WINDOW_HPP_BASE_STATIONARY_EXTENSION,8,28,16,3600,OP_PEAK_DURATION_BASE_S28_I16_T3600,bd6deeb1f9724bdc97b0e955f6d6e27f4193f159579a0ed48998639e82f7de35,TASK3_OPERATIONAL_POOLED_V1,202607290000,202609290081,202609290082,202609290083,202609290084,5712,5712,5712,4993,4993,0,253.928135464,435.454508909,220.058458623,95.4669761967,315.525434819,379,195,566,373,186,559,603,972,454.082110288,491.597402661,350.810084808,406.375753309,454.589594008,484.265524754,535.861702063,110.385777321,0.124442501655,1.06302334828,1.10842330379,RHO_GTE_ONE_FINITE_HORIZON_ONLY,PROHIBITED_RHO_GTE_ONE
1.0,TASK3_PEAK_DURATION_SENSITIVITY_EXPLORATORY_V1,PEAK_DURATION_S28_I16_T3600,LOCAL_WINDOW_HPP_BASE_STATIONARY_EXTENSION,9,28,16,3600,OP_PEAK_DURATION_BASE_S28_I16_T3600,bd6deeb1f9724bdc97b0e955f6d6e27f4193f159579a0ed48998639e82f7de35,TASK3_OPERATIONAL_POOLED_V1,202607290000,202609290091,202609290092,202609290093,202609290094,5712,5712,5712,4887,4887,0,195.909133708,364.52628452,147.307747072,93.8120217425,241.119768815,287,191,457,267,190,457,501,948,368.354628036,408.205974269,268.496783571,332.217409772,366.366422473,422.910335424,444.065583753,35.4384124868,0.122730701671,1.06302334828,1.10842330379,RHO_GTE_ONE_FINITE_HORIZON_ONLY,PROHIBITED_RHO_GTE_ONE
1.0,TASK3_PEAK_DURATION_SENSITIVITY_EXPLORATORY_V1,PEAK_DURATION_S28_I16_T3600,LOCAL_WINDOW_HPP_BASE_STATIONARY_EXTENSION,10,28,16,3600,OP_PEAK_DURATION_BASE_S28_I16_T3600,bd6deeb1f9724bdc97b0e955f6d6e27f4193f159579a0ed48998639e82f7de35,TASK3_OPERATIONAL_POOLED_V1,202607290000,202609290101,202609290102,202609290103,202609290104,5712,5712,5712,4814,4814,0,160.431618242,300.707316518,106.237601909,89.9830311258,196.220633035,218,186,397,206,184,390,434,979,320.361232642,351.787340489,235.471961809,243.076353157,268.350576858,324.028082818,372.250547289,22.7538289196,0.0984746946172,1.06302334828,1.10842330379,RHO_GTE_ONE_FINITE_HORIZON_ONLY,PROHIBITED_RHO_GTE_ONE
1.0,TASK3_PEAK_DURATION_SENSITIVITY_EXPLORATORY_V1,PEAK_DURATION_S28_I16_T3600,LOCAL_WINDOW_HPP_BASE_STATIONARY_EXTENSION,11,28,16,3600,OP_PEAK_DURATION_BASE_S28_I16_T3600,bd6deeb1f9724bdc97b0e955f6d6e27f4193f159579a0ed48998639e82f7de35,TASK3_OPERATIONAL_POOLED_V1,202607290000,202609290111,202609290112,202609290113,202609290114,5712,5712,5712,4870,4870,0,190.101326819,352.747612931,139.889982923,94.3305739085,234.220556831,265,193,443,250,187,437,481,961,358.148935544,392.128868157,270.499006146,304.450921827,337.187581989,393.538175713,431.944040306,38.5409535418,0.114438145057,1.06302334828,1.10842330379,RHO_GTE_ONE_FINITE_HORIZON_ONLY,PROHIBITED_RHO_GTE_ONE
1.0,TASK3_PEAK_DURATION_SENSITIVITY_EXPLORATORY_V1,PEAK_DURATION_S28_I16_T3600,LOCAL_WINDOW_HPP_BASE_STATIONARY_EXTENSION,12,28,16,3600,OP_PEAK_DURATION_BASE_S28_I16_T3600,bd6deeb1f9724bdc97b0e955f6d6e27f4193f159579a0ed48998639e82f7de35,TASK3_OPERATIONAL_POOLED_V1,202607290000,202609290121,202609290122,202609290123,202609290124,5712,5712,5712,4953,4953,0,201.610212613,404.993648363,150.636085141,94.9256382384,245.56172338,335,192,524,333,188,521,565,990,414.124412629,457.193811892,253.168208773,318.465662482,379.709646344,463.833238554,498.274108288,-93.994358439,0.176549826417,1.06302334828,1.10842330379,RHO_GTE_ONE_FINITE_HORIZON_ONLY,PROHIBITED_RHO_GTE_ONE
1.0,TASK3_PEAK_DURATION_SENSITIVITY_EXPLORATORY_V1,PEAK_DURATION_S28_I16_T3600,LOCAL_WINDOW_HPP_BASE_STATIONARY_EXTENSION,13,28,16,3600,OP_PEAK_DURATION_BASE_S28_I16_T3600,bd6deeb1f9724bdc97b0e955f6d6e27f4193f159579a0ed48998639e82f7de35,TASK3_OPERATIONAL_POOLED_V1,202607290000,202609290131,202609290132,202609290133,202609290134,5712,5712,5712,4925,4925,0,244.10233621,402.167760015,210.741847498,94.5039265415,305.24577404,332,192,504,305,189,494,538,950,407.164071638,435.370964356,350.45290996,391.58663603,416.367790923,463.671028661,494.224628243,153.539726867,0.0998966192209,1.06302334828,1.10842330379,RHO_GTE_ONE_FINITE_HORIZON_ONLY,PROHIBITED_RHO_GTE_ONE
1.0,TASK3_PEAK_DURATION_SENSITIVITY_EXPLORATORY_V1,PEAK_DURATION_S28_I16_T3600,LOCAL_WINDOW_HPP_BASE_STATIONARY_EXTENSION,14,28,16,3600,OP_PEAK_DURATION_BASE_S28_I16_T3600,bd6deeb1f9724bdc97b0e955f6d6e27f4193f159579a0ed48998639e82f7de35,TASK3_OPERATIONAL_POOLED_V1,202607290000,202609290141,202609290142,202609290143,202609290144,5712,5712,5712,4877,4877,0,154.08748772,343.409029405,109.545706868,75.0713027066,184.617009574,292,169,456,287,164,451,495,971,365.99911122,402.204101276,179.468966985,249.881735413,320.006537297,385.933250099,421.246138907,-153.397068156,0.17211273848,1.06302334828,1.10842330379,RHO_GTE_ONE_FINITE_HORIZON_ONLY,PROHIBITED_RHO_GTE_ONE
1.0,TASK3_PEAK_DURATION_SENSITIVITY_EXPLORATORY_V1,PEAK_DURATION_S28_I16_T3600,LOCAL_WINDOW_HPP_BASE_STATIONARY_EXTENSION,15,28,16,3600,OP_PEAK_DURATION_BASE_S28_I16_T3600,bd6deeb1f9724bdc97b0e955f6d6e27f4193f159579a0ed48998639e82f7de35,TASK3_OPERATIONAL_POOLED_V1,202607290000,202609290151,202609290152,202609290153,202609290154,5712,5712,5712,4940,4940,0,203.90509195,394.71332438,158.804157468,89.502594031,248.306751499,334,187,521,333,185,518,562,985,413.768630196,455.726429757,268.252507253,305.095732014,385.85083986,446.326521388,488.373598035,-57.324888494,0.161520269705,1.06302334828,1.10842330379,RHO_GTE_ONE_FINITE_HORIZON_ONLY,PROHIBITED_RHO_GTE_ONE
1.0,TASK3_PEAK_DURATION_SENSITIVITY_EXPLORATORY_V1,PEAK_DURATION_S28_I16_T3600,LOCAL_WINDOW_HPP_BASE_STATIONARY_EXTENSION,16,28,16,3600,OP_PEAK_DURATION_BASE_S28_I16_T3600,bd6deeb1f9724bdc97b0e955f6d6e27f4193f159579a0ed48998639e82f7de35,TASK3_OPERATIONAL_POOLED_V1,202607290000,202609290161,202609290162,202609290163,202609290164,5712,5712,5712,4775,4775,0,161.59769501,282.354350879,111.065671953,88.3330346693,199.398706622,185,186,361,168,181,349,393,931,288.650818042,318.497811709,237.86191319,253.928595453,301.736910779,322.414652401,344.556667805,80.6930732929,0.0782987683824,1.06302334828,1.10842330379,RHO_GTE_ONE_FINITE_HORIZON_ONLY,PROHIBITED_RHO_GTE_ONE
1.0,TASK3_PEAK_DURATION_SENSITIVITY_EXPLORATORY_V1,PEAK_DURATION_S28_I16_T3600,LOCAL_WINDOW_HPP_BASE_STATIONARY_EXTENSION,17,28,16,3600,OP_PEAK_DURATION_BASE_S28_I16_T3600,bd6deeb1f9724bdc97b0e955f6d6e27f4193f159579a0ed48998639e82f7de35,TASK3_OPERATIONAL_POOLED_V1,202607290000,202609290171,202609290172,202609290173,202609290174,5712,5712,5712,4822,4822,0,156.397043848,290.187319833,96.6257754737,94.0870831674,190.712858641,215,192,401,204,191,395,439,986,321.623320647,355.091169556,196.326244667,243.756820495,282.862950807,305.475348073,362.902753714,-17.8888357021,0.109686540464,1.06302334828,1.10842330379,RHO_GTE_ONE_FINITE_HORIZON_ONLY,PROHIBITED_RHO_GTE_ONE
1.0,TASK3_PEAK_DURATION_SENSITIVITY_EXPLORATORY_V1,PEAK_DURATION_S28_I16_T3600,LOCAL_WINDOW_HPP_BASE_STATIONARY_EXTENSION,18,28,16,3600,OP_PEAK_DURATION_BASE_S28_I16_T3600,bd6deeb1f9724bdc97b0e955f6d6e27f4193f159579a0ed48998639e82f7de35,TASK3_OPERATIONAL_POOLED_V1,202607290000,202609290181,202609290182,202609290183,202609290184,5712,5712,5712,4837,4837,0,179.968401636,329.497506983,128.310286713,93.4275203317,221.737807045,247,190,419,219,190,409,453,938,336.738336144,366.946321681,258.707802875,287.1596689,320.4159126,379.769212936,405.068804629,41.2256197291,0.107036540985,1.06302334828,1.10842330379,RHO_GTE_ONE_FINITE_HORIZON_ONLY,PROHIBITED_RHO_GTE_ONE
1.0,TASK3_PEAK_DURATION_SENSITIVITY_EXPLORATORY_V1,PEAK_DURATION_S28_I16_T3600,LOCAL_WINDOW_HPP_BASE_STATIONARY_EXTENSION,19,28,16,3600,OP_PEAK_DURATION_BASE_S28_I16_T3600,bd6deeb1f9724bdc97b0e955f6d6e27f4193f159579a0ed48998639e82f7de35,TASK3_OPERATIONAL_POOLED_V1,202607290000,202609290191,202609290192,202609290193,202609290194,5712,5712,5712,4898,4898,0,173.51888848,350.467641212,116.23400632,94.1461030993,210.380109419,278,192,468,278,188,466,510,1002,369.02844392,414.24776415,184.295240548,262.276851398,319.791155505,391.10490791,430.0511237,-147.7510113,0.172316617449,1.06302334828,1.10842330379,RHO_GTE_ONE_FINITE_HORIZON_ONLY,PROHIBITED_RHO_GTE_ONE
1.0,TASK3_PEAK_DURATION_SENSITIVITY_EXPLORATORY_V1,PEAK_DURATION_S28_I16_T3600,LOCAL_WINDOW_HPP_BASE_STATIONARY_EXTENSION,20,28,16,3600,OP_PEAK_DURATION_BASE_S28_I16_T3600,bd6deeb1f9724bdc97b0e955f6d6e27f4193f159579a0ed48998639e82f7de35,TASK3_OPERATIONAL_POOLED_V1,202607290000,202609290201,202609290202,202609290203,202609290204,5712,5712,5712,4921,4921,0,204.840048767,391.645127123,157.487458293,94.3052638769,251.79272217,311,191,497,301,190,491,535,966,399.03875692,431.202504357,259.053407947,319.672463212,362.111727317,434.769968952,473.084133345,-37.6308772464,0.150877487926,1.06302334828,1.10842330379,RHO_GTE_ONE_FINITE_HORIZON_ONLY,PROHIBITED_RHO_GTE_ONE
1.0,TASK3_PEAK_DURATION_SENSITIVITY_EXPLORATORY_V1,PEAK_DURATION_S28_I16_T3600,LOCAL_WINDOW_HPP_BASE_STATIONARY_EXTENSION,21,28,16,3600,OP_PEAK_DURATION_BASE_S28_I16_T3600,bd6deeb1f9724bdc97b0e955f6d6e27f4193f159579a0ed48998639e82f7de35,TASK3_OPERATIONAL_POOLED_V1,202607290000,202609290211,202609290212,202609290213,202609290214,5712,5712,5712,5000,5000,0,228.133795584,457.761848351,190.21491524,88.4973022963,278.712217536,404,186,583,390,181,571,615,997,467.46611493,500.217686463,308.874914553,364.164617002,416.736401595,495.004533475,559.656530079,-45.4149613033,0.175667540979,1.06302334828,1.10842330379,RHO_GTE_ONE_FINITE_HORIZON_ONLY,PROHIBITED_RHO_GTE_ONE
1.0,TASK3_PEAK_DURATION_SENSITIVITY_EXPLORATORY_V1,PEAK_DURATION_S28_I16_T3600,LOCAL_WINDOW_HPP_BASE_STATIONARY_EXTENSION,22,28,16,3600,OP_PEAK_DURATION_BASE_S28_I16_T3600,bd6deeb1f9724bdc97b0e955f6d6e27f4193f159579a0ed48998639e82f7de35,TASK3_OPERATIONAL_POOLED_V1,202607290000,202609290221,202609290222,202609290223,202609290224,5712,5712,5712,4904,4904,0,189.405733381,351.009468962,138.211768645,93.1751669885,231.386935633,289,190,476,289,184,473,517,988,375.90376586,421.857488692,252.283493366,289.947293088,351.927812686,386.824458819,431.428713071,1.10665034964,0.126435445873,1.06302334828,1.10842330379,RHO_GTE_ONE_FINITE_HORIZON_ONLY,PROHIBITED_RHO_GTE_ONE
1.0,TASK3_PEAK_DURATION_SENSITIVITY_EXPLORATORY_V1,PEAK_DURATION_S28_I16_T3600,LOCAL_WINDOW_HPP_BASE_STATIONARY_EXTENSION,23,28,16,3600,OP_PEAK_DURATION_BASE_S28_I16_T3600,bd6deeb1f9724bdc97b0e955f6d6e27f4193f159579a0ed48998639e82f7de35,TASK3_OPERATIONAL_POOLED_V1,202607290000,202609290231,202609290232,202609290233,202609290234,5712,5712,5712,5015,5015,0,257.081484727,454.617400909,222.689074371,95.9116139195,318.60068829,398,195,584,395,188,583,627,983,470.265565409,508.331844884,356.317149601,390.907100767,447.41397447,504.082983916,555.671117547,66.96560098,0.142189949733,1.06302334828,1.10842330379,RHO_GTE_ONE_FINITE_HORIZON_ONLY,PROHIBITED_RHO_GTE_ONE
1.0,TASK3_PEAK_DURATION_SENSITIVITY_EXPLORATORY_V1,PEAK_DURATION_S28_I16_T3600,LOCAL_WINDOW_HPP_BASE_STATIONARY_EXTENSION,24,28,16,3600,OP_PEAK_DURATION_BASE_S28_I16_T3600,bd6deeb1f9724bdc97b0e955f6d6e27f4193f159579a0ed48998639e82f7de35,TASK3_OPERATIONAL_POOLED_V1,202607290000,202609290241,202609290242,202609290243,202609290244,5712,5712,5712,4959,4959,0,211.186286122,378.404192561,163.71229601,94.6595230959,258.371819106,339,192,528,339,187,526,570,1018,416.204406073,463.190274773,291.437657928,339.488577488,389.513901463,427.285655105,468.44773638,51.8717797816,0.122727009589,1.06302334828,1.10842330379,RHO_GTE_ONE_FINITE_HORIZON_ONLY,PROHIBITED_RHO_GTE_ONE
1.0,TASK3_PEAK_DURATION_SENSITIVITY_EXPLORATORY_V1,PEAK_DURATION_S28_I16_T3600,LOCAL_WINDOW_HPP_BASE_STATIONARY_EXTENSION,25,28,16,3600,OP_PEAK_DURATION_BASE_S28_I16_T3600,bd6deeb1f9724bdc97b0e955f6d6e27f4193f159579a0ed48998639e82f7de35,TASK3_OPERATIONAL_POOLED_V1,202607290000,202609290251,202609290252,202609290253,202609290254,5712,5712,5712,4969,4969,0,214.952547821,404.328284403,170.338495068,92.4562839238,262.794778992,355,190,539,349,188,537,581,1031,434.322094543,472.536067707,318.670919221,360.146674963,384.093791034,431.772679591,495.718241118,78.789974869,0.118255735673,1.06302334828,1.10842330379,RHO_GTE_ONE_FINITE_HORIZON_ONLY,PROHIBITED_RHO_GTE_ONE
1.0,TASK3_PEAK_DURATION_SENSITIVITY_EXPLORATORY_V1,PEAK_DURATION_S28_I16_T3600,LOCAL_WINDOW_HPP_BASE_STATIONARY_EXTENSION,26,28,16,3600,OP_PEAK_DURATION_BASE_S28_I16_T3600,bd6deeb1f9724bdc97b0e955f6d6e27f4193f159579a0ed48998639e82f7de35,TASK3_OPERATIONAL_POOLED_V1,202607290000,202609290261,202609290262,202609290263,202609290264,5712,5712,5712,4949,4949,0,201.199429436,392.393413969,153.110614191,92.0479912628,245.158605454,333,188,518,331,186,517,561,1025,410.304825201,455.728404477,291.004097899,321.245121275,352.222411054,406.785669108,481.785177253,20.2814654117,0.129750751817,1.06302334828,1.10842330379,RHO_GTE_ONE_FINITE_HORIZON_ONLY,PROHIBITED_RHO_GTE_ONE
1.0,TASK3_PEAK_DURATION_SENSITIVITY_EXPLORATORY_V1,PEAK_DURATION_S28_I16_T3600,LOCAL_WINDOW_HPP_BASE_STATIONARY_EXTENSION,27,28,16,3600,OP_PEAK_DURATION_BASE_S28_I16_T3600,bd6deeb1f9724bdc97b0e955f6d6e27f4193f159579a0ed48998639e82f7de35,TASK3_OPERATIONAL_POOLED_V1,202607290000,202609290271,202609290272,202609290273,202609290274,5712,5712,5712,4935,4935,0,205.29230222,379.032723485,157.017445433,94.6221235969,251.639569029,315,193,505,315,187,502,546,978,403.188006594,443.411458602,273.795820188,305.698647836,374.053505447,442.757063765,469.771555279,-23.5420960809,0.146947190587,1.06302334828,1.10842330379,RHO_GTE_ONE_FINITE_HORIZON_ONLY,PROHIBITED_RHO_GTE_ONE
1.0,TASK3_PEAK_DURATION_SENSITIVITY_EXPLORATORY_V1,PEAK_DURATION_S28_I16_T3600,LOCAL_WINDOW_HPP_BASE_STATIONARY_EXTENSION,28,28,16,3600,OP_PEAK_DURATION_BASE_S28_I16_T3600,bd6deeb1f9724bdc97b0e955f6d6e27f4193f159579a0ed48998639e82f7de35,TASK3_OPERATIONAL_POOLED_V1,202607290000,202609290281,202609290282,202609290283,202609290284,5712,5712,5712,4911,4911,0,188.142890586,383.792597413,140.681995096,87.9310229751,228.613018071,310,185,490,303,185,488,532,968,394.628700407,431.820741834,221.940933048,280.231471615,360.48256172,434.157406429,471.568445641,-136.209556309,0.181439155555,1.06302334828,1.10842330379,RHO_GTE_ONE_FINITE_HORIZON_ONLY,PROHIBITED_RHO_GTE_ONE
1.0,TASK3_PEAK_DURATION_SENSITIVITY_EXPLORATORY_V1,PEAK_DURATION_S28_I16_T3600,LOCAL_WINDOW_HPP_BASE_STATIONARY_EXTENSION,29,28,16,3600,OP_PEAK_DURATION_BASE_S28_I16_T3600,bd6deeb1f9724bdc97b0e955f6d6e27f4193f159579a0ed48998639e82f7de35,TASK3_OPERATIONAL_POOLED_V1,202607290000,202609290291,202609290292,202609290293,202609290294,5712,5712,5712,5017,5017,0,244.980908665,458.838801272,205.835257853,95.5841452056,301.419403058,397,195,587,397,190,587,631,1011,470.406882309,510.100382801,328.096569986,390.882517267,455.788799434,497.237440624,564.560428334,12.8511710888,0.160911844459,1.06302334828,1.10842330379,RHO_GTE_ONE_FINITE_HORIZON_ONLY,PROHIBITED_RHO_GTE_ONE
1.0,TASK3_PEAK_DURATION_SENSITIVITY_EXPLORATORY_V1,PEAK_DURATION_S28_I16_T3600,LOCAL_WINDOW_HPP_BASE_STATIONARY_EXTENSION,30,28,16,3600,OP_PEAK_DURATION_BASE_S28_I16_T3600,bd6deeb1f9724bdc97b0e955f6d6e27f4193f159579a0ed48998639e82f7de35,TASK3_OPERATIONAL_POOLED_V1,202607290000,202609290301,202609290302,202609290303,202609290304,5712,5712,5712,4841,4841,0,168.767443031,324.231091476,116.352264914,90.3967601569,206.74902507,247,187,415,225,185,410,454,940,330.615551272,367.700038137,222.322009149,296.393125364,352.963566551,385.251664959,395.254941933,4.39375772,0.120756779212,1.06302334828,1.10842330379,RHO_GTE_ONE_FINITE_HORIZON_ONLY,PROHIBITED_RHO_GTE_ONE
1.0,TASK3_PEAK_DURATION_SENSITIVITY_EXPLORATORY_V1,PEAK_DURATION_S28_I16_T3600,LOCAL_WINDOW_HPP_BASE_STATIONARY_EXTENSION,31,28,16,3600,OP_PEAK_DURATION_BASE_S28_I16_T3600,bd6deeb1f9724bdc97b0e955f6d6e27f4193f159579a0ed48998639e82f7de35,TASK3_OPERATIONAL_POOLED_V1,202607290000,202609290311,202609290312,202609290313,202609290314,5712,5712,5712,4805,4805,0,150.770025191,298.453602812,91.2234748037,93.0669142809,184.290389085,196,190,379,186,187,373,417,967,303.699546997,339.297916761,189.31005284,213.167532031,252.008307878,300.898010141,356.61290783,-54.3527789222,0.117315607802,1.06302334828,1.10842330379,RHO_GTE_ONE_FINITE_HORIZON_ONLY,PROHIBITED_RHO_GTE_ONE
1.0,TASK3_PEAK_DURATION_SENSITIVITY_EXPLORATORY_V1,PEAK_DURATION_S28_I16_T3600,LOCAL_WINDOW_HPP_BASE_STATIONARY_EXTENSION,32,28,16,3600,OP_PEAK_DURATION_BASE_S28_I16_T3600,bd6deeb1f9724bdc97b0e955f6d6e27f4193f159579a0ed48998639e82f7de35,TASK3_OPERATIONAL_POOLED_V1,202607290000,202609290321,202609290322,202609290323,202609290324,5712,5712,5712,4892,4892,0,165.438725812,341.560503761,110.153762924,89.1096567108,199.263419635,282,189,467,278,188,466,510,1005,367.054537562,412.424334109,197.970946941,263.292198964,328.012869437,347.769382813,416.570713742,-80.534315709,0.144910199292,1.06302334828,1.10842330379,RHO_GTE_ONE_FINITE_HORIZON_ONLY,PROHIBITED_RHO_GTE_ONE
1.0,TASK3_PEAK_DURATION_SENSITIVITY_EXPLORATORY_V1,PEAK_DURATION_S28_I16_T3600,LOCAL_WINDOW_HPP_BASE_STATIONARY_EXTENSION,33,28,16,3600,OP_PEAK_DURATION_BASE_S28_I16_T3600,bd6deeb1f9724bdc97b0e955f6d6e27f4193f159579a0ed48998639e82f7de35,TASK3_OPERATIONAL_POOLED_V1,202607290000,202609290331,202609290332,202609290333,202609290334,5712,5712,5712,4940,4940,0,218.239382227,395.092549435,174.398679387,94.8450715682,269.243750955,320,192,507,320,187,507,551,962,403.783766033,445.768759797,304.598506689,347.799666962,404.347883171,465.157821555,483.46881533,44.7504598348,0.131971881077,1.06302334828,1.10842330379,RHO_GTE_ONE_FINITE_HORIZON_ONLY,PROHIBITED_RHO_GTE_ONE
1.0,TASK3_PEAK_DURATION_SENSITIVITY_EXPLORATORY_V1,PEAK_DURATION_S28_I16_T3600,LOCAL_WINDOW_HPP_BASE_STATIONARY_EXTENSION,34,28,16,3600,OP_PEAK_DURATION_BASE_S28_I16_T3600,bd6deeb1f9724bdc97b0e955f6d6e27f4193f159579a0ed48998639e82f7de35,TASK3_OPERATIONAL_POOLED_V1,202607290000,202609290341,202609290342,202609290343,202609290344,5712,5712,5712,4980,4980,0,242.632371882,431.424588161,205.822431359,94.642527282,300.464958641,369,193,549,360,189,549,593,976,438.905810348,481.637484536,322.75300883,394.828595427,444.514325485,491.307792487,530.127706979,53.2848408233,0.142007942599,1.06302334828,1.10842330379,RHO_GTE_ONE_FINITE_HORIZON_ONLY,PROHIBITED_RHO_GTE_ONE
1.0,TASK3_PEAK_DURATION_SENSITIVITY_EXPLORATORY_V1,PEAK_DURATION_S28_I16_T3600,LOCAL_WINDOW_HPP_BASE_STATIONARY_EXTENSION,35,28,16,3600,OP_PEAK_DURATION_BASE_S28_I16_T3600,bd6deeb1f9724bdc97b0e955f6d6e27f4193f159579a0ed48998639e82f7de35,TASK3_OPERATIONAL_POOLED_V1,202607290000,202609290351,202609290352,202609290353,202609290354,5712,5712,5712,4938,4938,0,237.046787729,401.355194273,200.162851548,95.007216349,295.170067897,326,194,508,318,185,503,547,959,409.535565743,444.626071916,339.625881157,413.338033673,414.986270976,437.670820328,489.784196536,175.593977474,0.090180393726,1.06302334828,1.10842330379,RHO_GTE_ONE_FINITE_HORIZON_ONLY,PROHIBITED_RHO_GTE_ONE
1.0,TASK3_PEAK_DURATION_SENSITIVITY_EXPLORATORY_V1,PEAK_DURATION_S28_I16_T3600,LOCAL_WINDOW_HPP_BASE_STATIONARY_EXTENSION,36,28,16,3600,OP_PEAK_DURATION_BASE_S28_I16_T3600,bd6deeb1f9724bdc97b0e955f6d6e27f4193f159579a0ed48998639e82f7de35,TASK3_OPERATIONAL_POOLED_V1,202607290000,202609290361,202609290362,202609290363,202609290364,5712,5712,5712,4873,4873,0,189.676174225,343.512267732,138.525402802,95.0946220427,233.620024845,260,193,442,253,188,441,485,957,350.943314233,392.394687289,250.758994245,316.11257983,350.624084522,399.153201158,421.299886698,29.497944614,0.11781177951,1.06302334828,1.10842330379,RHO_GTE_ONE_FINITE_HORIZON_ONLY,PROHIBITED_RHO_GTE_ONE
1.0,TASK3_PEAK_DURATION_SENSITIVITY_EXPLORATORY_V1,PEAK_DURATION_S28_I16_T3600,LOCAL_WINDOW_HPP_BASE_STATIONARY_EXTENSION,37,28,16,3600,OP_PEAK_DURATION_BASE_S28_I16_T3600,bd6deeb1f9724bdc97b0e955f6d6e27f4193f159579a0ed48998639e82f7de35,TASK3_OPERATIONAL_POOLED_V1,202607290000,202609290371,202609290372,202609290373,202609290374,5712,5712,5712,4898,4898,0,195.107014244,379.554742491,143.948854335,95.4003436604,239.349197996,300,195,480,278,191,469,513,946,385.863260865,416.028633585,230.562346542,287.885629022,382.062022548,422.892423367,464.147359791,-94.1226593783,0.167271339123,1.06302334828,1.10842330379,RHO_GTE_ONE_FINITE_HORIZON_ONLY,PROHIBITED_RHO_GTE_ONE
1.0,TASK3_PEAK_DURATION_SENSITIVITY_EXPLORATORY_V1,PEAK_DURATION_S28_I16_T3600,LOCAL_WINDOW_HPP_BASE_STATIONARY_EXTENSION,38,28,16,3600,OP_PEAK_DURATION_BASE_S28_I16_T3600,bd6deeb1f9724bdc97b0e955f6d6e27f4193f159579a0ed48998639e82f7de35,TASK3_OPERATIONAL_POOLED_V1,202607290000,202609290381,202609290382,202609290383,202609290384,5712,5712,5712,4902,4902,0,156.046628635,354.189722353,104.736078137,81.4357816949,186.171859832,298,176,472,298,173,471,515,992,367.66878454,418.497817764,170.544215686,251.712026652,332.141408182,391.843773022,437.02358105,-188.164856905,0.186969576972,1.06302334828,1.10842330379,RHO_GTE_ONE_FINITE_HORIZON_ONLY,PROHIBITED_RHO_GTE_ONE
1.0,TASK3_PEAK_DURATION_SENSITIVITY_EXPLORATORY_V1,PEAK_DURATION_S28_I16_T3600,LOCAL_WINDOW_HPP_BASE_STATIONARY_EXTENSION,39,28,16,3600,OP_PEAK_DURATION_BASE_S28_I16_T3600,bd6deeb1f9724bdc97b0e955f6d6e27f4193f159579a0ed48998639e82f7de35,TASK3_OPERATIONAL_POOLED_V1,202607290000,202609290391,202609290392,202609290393,202609290394,5712,5712,5712,4847,4847,0,165.683713288,327.506551836,115.097347866,86.5093377561,201.606685622,251,184,427,244,180,424,468,1009,344.620312442,379.876746882,226.110027099,256.608321339,279.226879606,330.01743083,402.919562603,-21.2946910782,0.118618939027,1.06302334828,1.10842330379,RHO_GTE_ONE_FINITE_HORIZON_ONLY,PROHIBITED_RHO_GTE_ONE
1.0,TASK3_PEAK_DURATION_SENSITIVITY_EXPLORATORY_V1,PEAK_DURATION_S28_I16_T3600,LOCAL_WINDOW_HPP_BASE_STATIONARY_EXTENSION,40,28,16,3600,OP_PEAK_DURATION_BASE_S28_I16_T3600,bd6deeb1f9724bdc97b0e955f6d6e27f4193f159579a0ed48998639e82f7de35,TASK3_OPERATIONAL_POOLED_V1,202607290000,202609290401,202609290402,202609290403,202609290404,5712,5712,5712,4884,4884,0,184.591281807,347.286568482,139.679963576,86.4065261375,226.086489713,274,183,454,273,180,453,497,962,363.794383519,403.545772206,249.159426146,293.692401999,332.09058502,394.331118542,423.865863306,1.08918585512,0.125014330795,1.06302334828,1.10842330379,RHO_GTE_ONE_FINITE_HORIZON_ONLY,PROHIBITED_RHO_GTE_ONE
1.0,TASK3_PEAK_DURATION_SENSITIVITY_EXPLORATORY_V1,PEAK_DURATION_S28_I16_T3600,LOCAL_WINDOW_HPP_BASE_STATIONARY_EXTENSION,41,28,16,3600,OP_PEAK_DURATION_BASE_S28_I16_T3600,bd6deeb1f9724bdc97b0e955f6d6e27f4193f159579a0ed48998639e82f7de35,TASK3_OPERATIONAL_POOLED_V1,202607290000,202609290411,202609290412,202609290413,202609290414,5712,5712,5712,4914,4914,0,202.202374874,367.013796787,152.684309663,95.9636215636,248.647931226,295,194,482,294,187,481,525,964,387.787434697,427.221238276,277.33405933,321.288333321,352.653399057,403.969511442,450.12270156,39.8797540062,0.11896068405,1.06302334828,1.10842330379,RHO_GTE_ONE_FINITE_HORIZON_ONLY,PROHIBITED_RHO_GTE_ONE
1.0,TASK3_PEAK_DURATION_SENSITIVITY_EXPLORATORY_V1,PEAK_DURATION_S28_I16_T3600,LOCAL_WINDOW_HPP_BASE_STATIONARY_EXTENSION,42,28,16,3600,OP_PEAK_DURATION_BASE_S28_I16_T3600,bd6deeb1f9724bdc97b0e955f6d6e27f4193f159579a0ed48998639e82f7de35,TASK3_OPERATIONAL_POOLED_V1,202607290000,202609290421,202609290422,202609290423,202609290424,5712,5712,5712,4851,4851,0,169.100613401,323.136689175,119.749012751,87.1898366732,206.938849424,243,183,423,238,180,418,462,987,333.995176398,375.736360174,235.441300081,316.009979217,332.590458941,337.031716688,392.892123949,70.8505768692,0.0933120514467,1.06302334828,1.10842330379,RHO_GTE_ONE_FINITE_HORIZON_ONLY,PROHIBITED_RHO_GTE_ONE
1.0,TASK3_PEAK_DURATION_SENSITIVITY_EXPLORATORY_V1,PEAK_DURATION_S28_I16_T3600,LOCAL_WINDOW_HPP_BASE_STATIONARY_EXTENSION,43,28,16,3600,OP_PEAK_DURATION_BASE_S28_I16_T3600,bd6deeb1f9724bdc97b0e955f6d6e27f4193f159579a0ed48998639e82f7de35,TASK3_OPERATIONAL_POOLED_V1,202607290000,202609290431,202609290432,202609290433,202609290434,5712,5712,5712,5002,5002,0,236.415144102,441.235076868,196.956983307,93.7053130692,290.662296376,385,191,572,382,187,569,613,989,460.987691885,496.907069223,333.007156889,397.484636091,447.937725997,488.970570707,542.630819909,58.956236427,0.141870350182,1.06302334828,1.10842330379,RHO_GTE_ONE_FINITE_HORIZON_ONLY,PROHIBITED_RHO_GTE_ONE
1.0,TASK3_PEAK_DURATION_SENSITIVITY_EXPLORATORY_V1,PEAK_DURATION_S28_I16_T3600,LOCAL_WINDOW_HPP_BASE_STATIONARY_EXTENSION,44,28,16,3600,OP_PEAK_DURATION_BASE_S28_I16_T3600,bd6deeb1f9724bdc97b0e955f6d6e27f4193f159579a0ed48998639e82f7de35,TASK3_OPERATIONAL_POOLED_V1,202607290000,202609290441,202609290442,202609290443,202609290444,5712,5712,5712,5002,5002,0,219.310545554,441.708183593,185.828369267,80.3525159542,266.180885221,405,176,578,400,176,576,620,1037,465.362461233,501.21690792,299.070671681,366.77892653,398.44828737,469.63164063,543.368073573,-28.1261184568,0.16429097719,1.06302334828,1.10842330379,RHO_GTE_ONE_FINITE_HORIZON_ONLY,PROHIBITED_RHO_GTE_ONE
1.0,TASK3_PEAK_DURATION_SENSITIVITY_EXPLORATORY_V1,PEAK_DURATION_S28_I16_T3600,LOCAL_WINDOW_HPP_BASE_STATIONARY_EXTENSION,45,28,16,3600,OP_PEAK_DURATION_BASE_S28_I16_T3600,bd6deeb1f9724bdc97b0e955f6d6e27f4193f159579a0ed48998639e82f7de35,TASK3_OPERATIONAL_POOLED_V1,202607290000,202609290451,202609290452,202609290453,202609290454,5712,5712,5712,5008,5008,0,238.194773464,449.281022864,198.874666452,93.6340723161,292.508738768,395,191,583,388,188,576,620,983,466.821678423,503.172811006,327.475043387,386.317224273,445.56657114,512.775270488,556.789067982,6.97006390038,0.16252391539,1.06302334828,1.10842330379,RHO_GTE_ONE_FINITE_HORIZON_ONLY,PROHIBITED_RHO_GTE_ONE
1.0,TASK3_PEAK_DURATION_SENSITIVITY_EXPLORATORY_V1,PEAK_DURATION_S28_I16_T3600,LOCAL_WINDOW_HPP_BASE_STATIONARY_EXTENSION,46,28,16,3600,OP_PEAK_DURATION_BASE_S28_I16_T3600,bd6deeb1f9724bdc97b0e955f6d6e27f4193f159579a0ed48998639e82f7de35,TASK3_OPERATIONAL_POOLED_V1,202607290000,202609290461,202609290462,202609290463,202609290464,5712,5712,5712,4949,4949,0,206.247026074,383.225768301,157.933643364,94.1163204055,252.049963769,335,192,521,329,188,517,561,1016,418.706563231,455.412093103,254.179995285,318.901123346,350.730588147,420.827072773,479.690552914,-49.8444320207,0.153596406857,1.06302334828,1.10842330379,RHO_GTE_ONE_FINITE_HORIZON_ONLY,PROHIBITED_RHO_GTE_ONE
1.0,TASK3_PEAK_DURATION_SENSITIVITY_EXPLORATORY_V1,PEAK_DURATION_S28_I16_T3600,LOCAL_WINDOW_HPP_BASE_STATIONARY_EXTENSION,47,28,16,3600,OP_PEAK_DURATION_BASE_S28_I16_T3600,bd6deeb1f9724bdc97b0e955f6d6e27f4193f159579a0ed48998639e82f7de35,TASK3_OPERATIONAL_POOLED_V1,202607290000,202609290471,202609290472,202609290473,202609290474,5712,5712,5712,4943,4943,0,206.004234201,403.27026902,156.693328244,94.7913810098,251.484709254,340,193,523,326,192,518,562,1000,420.352852258,455.29270754,257.040470658,332.384682734,381.42030049,447.323886744,496.495077753,-62.4534299745,0.164957893944,1.06302334828,1.10842330379,RHO_GTE_ONE_FINITE_HORIZON_ONLY,PROHIBITED_RHO_GTE_ONE
1.0,TASK3_PEAK_DURATION_SENSITIVITY_EXPLORATORY_V1,PEAK_DURATION_S28_I16_T3600,LOCAL_WINDOW_HPP_BASE_STATIONARY_EXTENSION,48,28,16,3600,OP_PEAK_DURATION_BASE_S28_I16_T3600,bd6deeb1f9724bdc97b0e955f6d6e27f4193f159579a0ed48998639e82f7de35,TASK3_OPERATIONAL_POOLED_V1,202607290000,202609290481,202609290482,202609290483,202609290484,5712,5712,5712,4929,4929,0,189.432650089,374.570047393,136.799696348,93.5602029462,230.359899295,311,191,499,309,186,495,539,1026,398.392139217,439.726809103,258.935853039,345.98192194,357.889086108,392.582994361,456.410578755,31.1971939511,0.122652923292,1.06302334828,1.10842330379,RHO_GTE_ONE_FINITE_HORIZON_ONLY,PROHIBITED_RHO_GTE_ONE
1.0,TASK3_PEAK_DURATION_SENSITIVITY_EXPLORATORY_V1,PEAK_DURATION_S28_I16_T3600,LOCAL_WINDOW_HPP_BASE_STATIONARY_EXTENSION,49,28,16,3600,OP_PEAK_DURATION_BASE_S28_I16_T3600,bd6deeb1f9724bdc97b0e955f6d6e27f4193f159579a0ed48998639e82f7de35,TASK3_OPERATIONAL_POOLED_V1,202607290000,202609290491,202609290492,202609290493,202609290494,5712,5712,5712,5039,5039,0,247.344083114,454.558264752,209.332493319,93.6722951047,303.004788424,426,191,615,419,190,609,653,1031,491.620479274,530.162061883,351.626892505,387.447875205,428.326256974,496.196898454,563.593797523,45.92621917,0.14796745369,1.06302334828,1.10842330379,RHO_GTE_ONE_FINITE_HORIZON_ONLY,PROHIBITED_RHO_GTE_ONE
1.0,TASK3_PEAK_DURATION_SENSITIVITY_EXPLORATORY_V1,PEAK_DURATION_S28_I16_T3600,LOCAL_WINDOW_HPP_BASE_STATIONARY_EXTENSION,50,28,16,3600,OP_PEAK_DURATION_BASE_S28_I16_T3600,bd6deeb1f9724bdc97b0e955f6d6e27f4193f159579a0ed48998639e82f7de35,TASK3_OPERATIONAL_POOLED_V1,202607290000,202609290501,202609290502,202609290503,202609290504,5712,5712,5712,4884,4884,0,194.51412726,356.50774666,147.136533884,92.0619195427,239.198453426,274,191,458,268,187,455,499,983,369.374213281,405.420045567,252.535311203,280.468574972,343.369362139,382.824372639,433.744057004,-9.9916313599,0.129103691463,1.06302334828,1.10842330379,RHO_GTE_ONE_FINITE_HORIZON_ONLY,PROHIBITED_RHO_GTE_ONE
1.0,TASK3_PEAK_DURATION_SENSITIVITY_EXPLORATORY_V1,PEAK_DURATION_S28_I16_T7200,LOCAL_WINDOW_HPP_BASE_STATIONARY_EXTENSION,1,28,16,7200,OP_PEAK_DURATION_BASE_S28_I16_T7200,f0c74c79c657cf06ef035cfacef1216d00f7e6c6a1bf40016fa89f09984bdc86,TASK3_OPERATIONAL_POOLED_V1,202607290000,202609290011,202609290012,202609290013,202609290014,10914,10914,10914,9817,9817,0,376.693643343,721.852288858,272.135633714,188.989540232,461.125173946,580,383,959,577,377,954,998,2010,758.303200947,809.213886828,518.255977155,636.964338897,697.302267624,766.802790383,885.610533241,52.576508718,0.120076050508,1.06302334828,1.10842330379,RHO_GTE_ONE_FINITE_HORIZON_ONLY,PROHIBITED_RHO_GTE_ONE
1.0,TASK3_PEAK_DURATION_SENSITIVITY_EXPLORATORY_V1,PEAK_DURATION_S28_I16_T7200,LOCAL_WINDOW_HPP_BASE_STATIONARY_EXTENSION,2,28,16,7200,OP_PEAK_DURATION_BASE_S28_I16_T7200,f0c74c79c657cf06ef035cfacef1216d00f7e6c6a1bf40016fa89f09984bdc86,TASK3_OPERATIONAL_POOLED_V1,202607290000,202609290021,202609290022,202609290023,202609290024,10914,10914,10914,9756,9756,0,360.324568176,694.312122011,253.232491839,188.89022026,442.122712099,523,381,894,516,377,893,937,1949,721.480394119,758.682973853,446.069320877,610.779947471,680.806891799,752.302235736,842.818066906,-34.7095426848,0.129863858378,1.06302334828,1.10842330379,RHO_GTE_ONE_FINITE_HORIZON_ONLY,PROHIBITED_RHO_GTE_ONE
1.0,TASK3_PEAK_DURATION_SENSITIVITY_EXPLORATORY_V1,PEAK_DURATION_S28_I16_T7200,LOCAL_WINDOW_HPP_BASE_STATIONARY_EXTENSION,3,28,16,7200,OP_PEAK_DURATION_BASE_S28_I16_T7200,f0c74c79c657cf06ef035cfacef1216d00f7e6c6a1bf40016fa89f09984bdc86,TASK3_OPERATIONAL_POOLED_V1,202607290000,202609290031,202609290032,202609290033,202609290034,10914,10914,10914,9919,9919,0,402.851861212,792.216005838,305.855940594,185.027291884,490.883232477,683,377,1057,682,375,1057,1101,2018,846.490322119,893.346252677,581.091499875,677.544034279,773.933072501,858.249821189,978.240798975,42.5585565307,0.13541727571,1.06302334828,1.10842330379,RHO_GTE_ONE_FINITE_HORIZON_ONLY,PROHIBITED_RHO_GTE_ONE
1.0,TASK3_PEAK_DURATION_SENSITIVITY_EXPLORATORY_V1,PEAK_DURATION_S28_I16_T7200,LOCAL_WINDOW_HPP_BASE_STATIONARY_EXTENSION,4,28,16,7200,OP_PEAK_DURATION_BASE_S28_I16_T7200,f0c74c79c657cf06ef035cfacef1216d00f7e6c6a1bf40016fa89f09984bdc86,TASK3_OPERATIONAL_POOLED_V1,202607290000,202609290041,202609290042,202609290043,202609290044,10914,10914,10914,9717,9717,0,348.415839611,679.763570353,241.938685358,185.819394779,427.758080137,496,378,857,480,374,854,898,1946,690.90492352,730.052193835,477.532721507,574.127946547,647.865174558,725.254190867,826.928574038,12.9032594674,0.118044159636,1.06302334828,1.10842330379,RHO_GTE_ONE_FINITE_HORIZON_ONLY,PROHIBITED_RHO_GTE_ONE
1.0,TASK3_PEAK_DURATION_SENSITIVITY_EXPLORATORY_V1,PEAK_DURATION_S28_I16_T7200,LOCAL_WINDOW_HPP_BASE_STATIONARY_EXTENSION,5,28,16,7200,OP_PEAK_DURATION_BASE_S28_I16_T7200,f0c74c79c657cf06ef035cfacef1216d00f7e6c6a1bf40016fa89f09984bdc86,TASK3_OPERATIONAL_POOLED_V1,202607290000,202609290051,202609290052,202609290053,202609290054,10914,10914,10914,9562,9562,0,316.155979368,561.300197697,202.03682378,188.496011208,390.532834988,350,381,718,326,381,707,751,1893,575.052527508,609.326749763,454.793399641,498.437878944,563.248548282,632.492074847,690.773119014,113.438778158,0.084168560368,1.06302334828,1.10842330379,RHO_GTE_ONE_FINITE_HORIZON_ONLY,PROHIBITED_RHO_GTE_ONE
1.0,TASK3_PEAK_DURATION_SENSITIVITY_EXPLORATORY_V1,PEAK_DURATION_S28_I16_T7200,LOCAL_WINDOW_HPP_BASE_STATIONARY_EXTENSION,6,28,16,7200,OP_PEAK_DURATION_BASE_S28_I16_T7200,f0c74c79c657cf06ef035cfacef1216d00f7e6c6a1bf40016fa89f09984bdc86,TASK3_OPERATIONAL_POOLED_V1,202607290000,202609290061,202609290062,202609290063,202609290064,10914,10914,10914,9927,9927,0,425.133418126,806.139599812,334.477285717,186.145426207,520.622711924,700,379,1075,692,375,1067,1111,1954,855.959394043,902.507855408,600.268494787,709.206586729,810.956766834,914.578419851,997.652269353,56.4279708197,0.138908247535,1.06302334828,1.10842330379,RHO_GTE_ONE_FINITE_HORIZON_ONLY,PROHIBITED_RHO_GTE_ONE
1.0,TASK3_PEAK_DURATION_SENSITIVITY_EXPLORATORY_V1,PEAK_DURATION_S28_I16_T7200,LOCAL_WINDOW_HPP_BASE_STATIONARY_EXTENSION,7,28,16,7200,OP_PEAK_DURATION_BASE_S28_I16_T7200,f0c74c79c657cf06ef035cfacef1216d00f7e6c6a1bf40016fa89f09984bdc86,TASK3_OPERATIONAL_POOLED_V1,202607290000,202609290071,202609290072,202609290073,202609290074,10914,10914,10914,9821,9821,0,401.389082681,727.982796747,306.972389172,186.955207938,493.927597109,599,378,974,586,377,963,1007,1995,782.306305537,817.361167225,534.332773002,610.958638327,691.746522882,798.553201188,900.588267456,17.1567167429,0.127792437746,1.06302334828,1.10842330379,RHO_GTE_ONE_FINITE_HORIZON_ONLY,PROHIBITED_RHO_GTE_ONE
1.0,TASK3_PEAK_DURATION_SENSITIVITY_EXPLORATORY_V1,PEAK_DURATION_S28_I16_T7200,LOCAL_WINDOW_HPP_BASE_STATIONARY_EXTENSION,8,28,16,7200,OP_PEAK_DURATION_BASE_S28_I16_T7200,f0c74c79c657cf06ef035cfacef1216d00f7e6c6a1bf40016fa89f09984bdc86,TASK3_OPERATIONAL_POOLED_V1,202607290000,202609290081,202609290082,202609290083,202609290084,10914,10914,10914,9863,9863,0,446.879138776,792.709791413,364.484723368,190.087552896,554.572276264,636,384,1006,623,376,999,1043,1886,813.651144716,846.052190712,593.060752055,696.606326282,822.855339562,885.192249705,970.380920939,86.1994218159,0.131003647388,1.06302334828,1.10842330379,RHO_GTE_ONE_FINITE_HORIZON_ONLY,PROHIBITED_RHO_GTE_ONE
1.0,TASK3_PEAK_DURATION_SENSITIVITY_EXPLORATORY_V1,PEAK_DURATION_S28_I16_T7200,LOCAL_WINDOW_HPP_BASE_STATIONARY_EXTENSION,9,28,16,7200,OP_PEAK_DURATION_BASE_S28_I16_T7200,f0c74c79c657cf06ef035cfacef1216d00f7e6c6a1bf40016fa89f09984bdc86,TASK3_OPERATIONAL_POOLED_V1,202607290000,202609290091,202609290092,202609290093,202609290094,10914,10914,10914,9892,9892,0,411.891352405,800.245048192,316.18927042,188.42761252,504.616882941,656,381,1034,652,379,1031,1075,1959,831.943208013,873.143602801,528.710027539,651.853871772,778.629682596,894.840449142,986.535954282,-100.864826076,0.160922004286,1.06302334828,1.10842330379,RHO_GTE_ONE_FINITE_HORIZON_ONLY,PROHIBITED_RHO_GTE_ONE
1.0,TASK3_PEAK_DURATION_SENSITIVITY_EXPLORATORY_V1,PEAK_DURATION_S28_I16_T7200,LOCAL_WINDOW_HPP_BASE_STATIONARY_EXTENSION,10,28,16,7200,OP_PEAK_DURATION_BASE_S28_I16_T7200,f0c74c79c657cf06ef035cfacef1216d00f7e6c6a1bf40016fa89f09984bdc86,TASK3_OPERATIONAL_POOLED_V1,202607290000,202609290101,202609290102,202609290103,202609290104,10914,10914,10914,9621,9621,0,312.532539009,609.551295024,198.775499594,184.559167788,383.334667382,408,376,770,393,373,766,810,1927,620.546087081,657.09145898,413.613866627,468.111396039,565.871363605,665.816216837,738.830665531,-65.6551122269,0.117797002584,1.06302334828,1.10842330379,RHO_GTE_ONE_FINITE_HORIZON_ONLY,PROHIBITED_RHO_GTE_ONE
1.0,TASK3_PEAK_DURATION_SENSITIVITY_EXPLORATORY_V1,PEAK_DURATION_S28_I16_T7200,LOCAL_WINDOW_HPP_BASE_STATIONARY_EXTENSION,11,28,16,7200,OP_PEAK_DURATION_BASE_S28_I16_T7200,f0c74c79c657cf06ef035cfacef1216d00f7e6c6a1bf40016fa89f09984bdc86,TASK3_OPERATIONAL_POOLED_V1,202607290000,202609290111,202609290112,202609290113,202609290114,10914,10914,10914,9862,9862,0,393.681148559,770.462807067,292.632974775,188.949363752,481.582338526,626,382,1002,622,377,999,1043,1998,807.587923003,848.128868157,533.620450407,629.936890155,716.35189511,822.931089007,941.880276431,-28.1912679531,0.140210257069,1.06302334828,1.10842330379,RHO_GTE_ONE_FINITE_HORIZON_ONLY,PROHIBITED_RHO_GTE_ONE
1.0,TASK3_PEAK_DURATION_SENSITIVITY_EXPLORATORY_V1,PEAK_DURATION_S28_I16_T7200,LOCAL_WINDOW_HPP_BASE_STATIONARY_EXTENSION,12,28,16,7200,OP_PEAK_DURATION_BASE_S28_I16_T7200,f0c74c79c657cf06ef035cfacef1216d00f7e6c6a1bf40016fa89f09984bdc86,TASK3_OPERATIONAL_POOLED_V1,202607290000,202609290121,202609290122,202609290123,202609290124,10914,10914,10914,9734,9734,0,375.394590213,674.722172574,273.960675989,189.54294125,463.50361724,505,382,877,494,377,871,915,1930,707.898232195,742.364928683,557.725148104,601.643939606,669.666576395,748.630139037,829.561752355,163.450955151,0.0959249177683,1.06302334828,1.10842330379,RHO_GTE_ONE_FINITE_HORIZON_ONLY,PROHIBITED_RHO_GTE_ONE
1.0,TASK3_PEAK_DURATION_SENSITIVITY_EXPLORATORY_V1,PEAK_DURATION_S28_I16_T7200,LOCAL_WINDOW_HPP_BASE_STATIONARY_EXTENSION,13,28,16,7200,OP_PEAK_DURATION_BASE_S28_I16_T7200,f0c74c79c657cf06ef035cfacef1216d00f7e6c6a1bf40016fa89f09984bdc86,TASK3_OPERATIONAL_POOLED_V1,202607290000,202609290131,202609290132,202609290133,202609290134,10914,10914,10914,9818,9818,0,413.812945315,733.890912323,322.404896225,189.123538972,511.528435197,584,381,956,578,377,955,999,1958,770.233318293,812.188015507,531.406121981,607.028157649,727.023855477,821.044262226,902.553084435,0.578574239135,0.132820837429,1.06302334828,1.10842330379,RHO_GTE_ONE_FINITE_HORIZON_ONLY,PROHIBITED_RHO_GTE_ONE
1.0,TASK3_PEAK_DURATION_SENSITIVITY_EXPLORATORY_V1,PEAK_DURATION_S28_I16_T7200,LOCAL_WINDOW_HPP_BASE_STATIONARY_EXTENSION,14,28,16,7200,OP_PEAK_DURATION_BASE_S28_I16_T7200,f0c74c79c657cf06ef035cfacef1216d00f7e6c6a1bf40016fa89f09984bdc86,TASK3_OPERATIONAL_POOLED_V1,202607290000,202609290141,202609290142,202609290143,202609290144,10914,10914,10914,9698,9698,0,338.346338144,664.45289192,246.637490135,167.934787414,414.57227755,508,358,854,488,354,842,886,1905,687.052260447,719.042199229,469.965983036,546.803020634,662.958149919,729.951027706,812.959546332,-7.32380472272,0.120713213009,1.06302334828,1.10842330379,RHO_GTE_ONE_FINITE_HORIZON_ONLY,PROHIBITED_RHO_GTE_ONE
1.0,TASK3_PEAK_DURATION_SENSITIVITY_EXPLORATORY_V1,PEAK_DURATION_S28_I16_T7200,LOCAL_WINDOW_HPP_BASE_STATIONARY_EXTENSION,15,28,16,7200,OP_PEAK_DURATION_BASE_S28_I16_T7200,f0c74c79c657cf06ef035cfacef1216d00f7e6c6a1bf40016fa89f09984bdc86,TASK3_OPERATIONAL_POOLED_V1,202607290000,202609290151,202609290152,202609290153,202609290154,10914,10914,10914,9868,9868,0,410.036444214,798.474662029,318.517696425,184.075720294,502.593416719,646,376,1017,641,376,1017,1061,1969,814.995457759,859.726429757,561.211394678,637.770741252,739.600049581,875.269811836,970.548412343,-35.2497474984,0.146690709155,1.06302334828,1.10842330379,RHO_GTE_ONE_FINITE_HORIZON_ONLY,PROHIBITED_RHO_GTE_ONE
1.0,TASK3_PEAK_DURATION_SENSITIVITY_EXPLORATORY_V1,PEAK_DURATION_S28_I16_T7200,LOCAL_WINDOW_HPP_BASE_STATIONARY_EXTENSION,16,28,16,7200,OP_PEAK_DURATION_BASE_S28_I16_T7200,f0c74c79c657cf06ef035cfacef1216d00f7e6c6a1bf40016fa89f09984bdc86,TASK3_OPERATIONAL_POOLED_V1,202607290000,202609290161,202609290162,202609290163,202609290164,10914,10914,10914,9639,9639,0,309.240170291,617.293388891,195.368893358,182.87555033,378.244443688,422,375,790,412,371,783,827,1976,631.158441585,670.497811709,384.266007845,462.305983077,536.836389734,648.980868254,753.061654858,-136.109453649,0.128370302667,1.06302334828,1.10842330379,RHO_GTE_ONE_FINITE_HORIZON_ONLY,PROHIBITED_RHO_GTE_ONE
1.0,TASK3_PEAK_DURATION_SENSITIVITY_EXPLORATORY_V1,PEAK_DURATION_S28_I16_T7200,LOCAL_WINDOW_HPP_BASE_STATIONARY_EXTENSION,17,28,16,7200,OP_PEAK_DURATION_BASE_S28_I16_T7200,f0c74c79c657cf06ef035cfacef1216d00f7e6c6a1bf40016fa89f09984bdc86,TASK3_OPERATIONAL_POOLED_V1,202607290000,202609290171,202609290172,202609290173,202609290174,10914,10914,10914,9736,9736,0,332.331089275,660.811473994,215.992848422,188.706821395,404.699669817,506,382,880,498,380,878,922,2005,701.591707764,747.530555598,452.198963317,518.346264702,612.111588896,697.668819264,813.106768788,-57.1671431339,0.125158078542,1.06302334828,1.10842330379,RHO_GTE_ONE_FINITE_HORIZON_ONLY,PROHIBITED_RHO_GTE_ONE
1.0,TASK3_PEAK_DURATION_SENSITIVITY_EXPLORATORY_V1,PEAK_DURATION_S28_I16_T7200,LOCAL_WINDOW_HPP_BASE_STATIONARY_EXTENSION,18,28,16,7200,OP_PEAK_DURATION_BASE_S28_I16_T7200,f0c74c79c657cf06ef035cfacef1216d00f7e6c6a1bf40016fa89f09984bdc86,TASK3_OPERATIONAL_POOLED_V1,202607290000,202609290181,202609290182,202609290183,202609290184,10914,10914,10914,9728,9728,0,346.272300366,647.3367087,235.981237185,188.042035099,424.023272284,493,379,868,490,378,868,912,1973,698.753735562,740.700104221,452.16709408,544.51899781,641.168686782,692.217898381,801.471010562,-8.4213126277,0.11754260188,1.06302334828,1.10842330379,RHO_GTE_ONE_FINITE_HORIZON_ONLY,PROHIBITED_RHO_GTE_ONE
1.0,TASK3_PEAK_DURATION_SENSITIVITY_EXPLORATORY_V1,PEAK_DURATION_S28_I16_T7200,LOCAL_WINDOW_HPP_BASE_STATIONARY_EXTENSION,19,28,16,7200,OP_PEAK_DURATION_BASE_S28_I16_T7200,f0c74c79c657cf06ef035cfacef1216d00f7e6c6a1bf40016fa89f09984bdc86,TASK3_OPERATIONAL_POOLED_V1,202607290000,202609290191,202609290192,202609290193,202609290194,10914,10914,10914,9863,9863,0,393.942295361,783.424774426,293.235979466,188.760194176,481.996173643,647,380,1021,623,378,1001,1045,1964,818.877101712,848.150829446,525.355099571,640.73966846,771.7231164,869.706844466,960.536460435,-70.8851854335,0.152684708019,1.06302334828,1.10842330379,RHO_GTE_ONE_FINITE_HORIZON_ONLY,PROHIBITED_RHO_GTE_ONE
1.0,TASK3_PEAK_DURATION_SENSITIVITY_EXPLORATORY_V1,PEAK_DURATION_S28_I16_T7200,LOCAL_WINDOW_HPP_BASE_STATIONARY_EXTENSION,20,28,16,7200,OP_PEAK_DURATION_BASE_S28_I16_T7200,f0c74c79c657cf06ef035cfacef1216d00f7e6c6a1bf40016fa89f09984bdc86,TASK3_OPERATIONAL_POOLED_V1,202607290000,202609290201,202609290202,202609290203,202609290204,10914,10914,10914,9807,9807,0,393.469555791,723.39260055,295.487756844,188.920086152,484.407842997,567,381,945,567,378,945,989,1949,759.385622249,802.919349062,545.263914834,627.841744818,704.576332168,812.436539115,894.99628818,53.9783080817,0.12278604736,1.06302334828,1.10842330379,RHO_GTE_ONE_FINITE_HORIZON_ONLY,PROHIBITED_RHO_GTE_ONE
1.0,TASK3_PEAK_DURATION_SENSITIVITY_EXPLORATORY_V1,PEAK_DURATION_S28_I16_T7200,LOCAL_WINDOW_HPP_BASE_STATIONARY_EXTENSION,21,28,16,7200,OP_PEAK_DURATION_BASE_S28_I16_T7200,f0c74c79c657cf06ef035cfacef1216d00f7e6c6a1bf40016fa89f09984bdc86,TASK3_OPERATIONAL_POOLED_V1,202607290000,202609290211,202609290212,202609290213,202609290214,10914,10914,10914,10119,10119,0,472.994790303,951.188729187,390.877039621,183.019820109,573.89685973,893,375,1264,889,371,1260,1304,2113,1008.62483877,1059.27059037,606.67225022,716.630342686,864.086478919,996.194756946,1161.82368085,-173.318954715,0.1930371216,1.06302334828,1.10842330379,RHO_GTE_ONE_FINITE_HORIZON_ONLY,PROHIBITED_RHO_GTE_ONE
1.0,TASK3_PEAK_DURATION_SENSITIVITY_EXPLORATORY_V1,PEAK_DURATION_S28_I16_T7200,LOCAL_WINDOW_HPP_BASE_STATIONARY_EXTENSION,22,28,16,7200,OP_PEAK_DURATION_BASE_S28_I16_T7200,f0c74c79c657cf06ef035cfacef1216d00f7e6c6a1bf40016fa89f09984bdc86,TASK3_OPERATIONAL_POOLED_V1,202607290000,202609290221,202609290222,202609290223,202609290224,10914,10914,10914,9827,9827,0,384.456815739,729.416957318,282.988005075,187.788908791,470.776913866,592,379,969,592,373,965,1009,2015,771.344174162,819.925709029,528.646735093,632.052916359,695.496211525,791.426336907,903.212260608,28.7885384145,0.126181176608,1.06302334828,1.10842330379,RHO_GTE_ONE_FINITE_HORIZON_ONLY,PROHIBITED_RHO_GTE_ONE
1.0,TASK3_PEAK_DURATION_SENSITIVITY_EXPLORATORY_V1,PEAK_DURATION_S28_I16_T7200,LOCAL_WINDOW_HPP_BASE_STATIONARY_EXTENSION,23,28,16,7200,OP_PEAK_DURATION_BASE_S28_I16_T7200,f0c74c79c657cf06ef035cfacef1216d00f7e6c6a1bf40016fa89f09984bdc86,TASK3_OPERATIONAL_POOLED_V1,202607290000,202609290231,202609290232,202609290233,202609290234,10914,10914,10914,10031,10031,0,475.652804338,908.864130319,393.972398413,190.533155306,584.50555372,800,384,1175,791,377,1168,1212,2038,944.750469336,982.659127476,613.083768287,742.6498781,846.123503912,949.962720462,1100.23222499,-35.796897671,0.164112466078,1.06302334828,1.10842330379,RHO_GTE_ONE_FINITE_HORIZON_ONLY,PROHIBITED_RHO_GTE_ONE
1.0,TASK3_PEAK_DURATION_SENSITIVITY_EXPLORATORY_V1,PEAK_DURATION_S28_I16_T7200,LOCAL_WINDOW_HPP_BASE_STATIONARY_EXTENSION,24,28,16,7200,OP_PEAK_DURATION_BASE_S28_I16_T7200,f0c74c79c657cf06ef035cfacef1216d00f7e6c6a1bf40016fa89f09984bdc86,TASK3_OPERATIONAL_POOLED_V1,202607290000,202609290241,202609290242,202609290243,202609290244,10914,10914,10914,9963,9963,0,438.531558097,858.119478976,348.051282228,189.26830453,537.319586758,727,383,1103,723,378,1101,1145,2004,885.552623667,928.008456591,584.037754034,706.535266033,811.735777322,929.223838271,1049.8041364,-49.3986483107,0.160308519023,1.06302334828,1.10842330379,RHO_GTE_ONE_FINITE_HORIZON_ONLY,PROHIBITED_RHO_GTE_ONE
1.0,TASK3_PEAK_DURATION_SENSITIVITY_EXPLORATORY_V1,PEAK_DURATION_S28_I16_T7200,LOCAL_WINDOW_HPP_BASE_STATIONARY_EXTENSION,25,28,16,7200,OP_PEAK_DURATION_BASE_S28_I16_T7200,f0c74c79c657cf06ef035cfacef1216d00f7e6c6a1bf40016fa89f09984bdc86,TASK3_OPERATIONAL_POOLED_V1,202607290000,202609290251,202609290252,202609290253,202609290254,10914,10914,10914,9773,9773,0,394.380417428,715.57151189,300.174370353,187.065395569,487.239765922,545,379,916,533,378,911,955,1950,739.49508273,775.107898168,558.90083907,635.427691525,684.163027654,796.704210883,883.227995126,104.236629249,0.11249039326,1.06302334828,1.10842330379,RHO_GTE_ONE_FINITE_HORIZON_ONLY,PROHIBITED_RHO_GTE_ONE
1.0,TASK3_PEAK_DURATION_SENSITIVITY_EXPLORATORY_V1,PEAK_DURATION_S28_I16_T7200,LOCAL_WINDOW_HPP_BASE_STATIONARY_EXTENSION,26,28,16,7200,OP_PEAK_DURATION_BASE_S28_I16_T7200,f0c74c79c657cf06ef035cfacef1216d00f7e6c6a1bf40016fa89f09984bdc86,TASK3_OPERATIONAL_POOLED_V1,202607290000,202609290261,202609290262,202609290263,202609290264,10914,10914,10914,9972,9972,0,424.361098095,828.406159586,330.398443729,186.630544794,517.028988523,734,378,1110,734,375,1109,1153,2043,875.228704682,936.300264307,553.922501863,682.377641458,785.893036329,904.633166017,1017.67051229,-73.4142874639,0.15968771464,1.06302334828,1.10842330379,RHO_GTE_ONE_FINITE_HORIZON_ONLY,PROHIBITED_RHO_GTE_ONE
1.0,TASK3_PEAK_DURATION_SENSITIVITY_EXPLORATORY_V1,PEAK_DURATION_S28_I16_T7200,LOCAL_WINDOW_HPP_BASE_STATIONARY_EXTENSION,27,28,16,7200,OP_PEAK_DURATION_BASE_S28_I16_T7200,f0c74c79c657cf06ef035cfacef1216d00f7e6c6a1bf40016fa89f09984bdc86,TASK3_OPERATIONAL_POOLED_V1,202607290000,202609290271,202609290272,202609290273,202609290274,10914,10914,10914,9904,9904,0,417.713264629,800.107171649,322.94887166,189.235173579,512.184045239,674,382,1045,664,377,1041,1085,2000,842.269739996,880.05910855,573.673028257,671.470040818,761.6973054,871.773269077,985.028963687,5.46719710831,0.142085430433,1.06302334828,1.10842330379,RHO_GTE_ONE_FINITE_HORIZON_ONLY,PROHIBITED_RHO_GTE_ONE
1.0,TASK3_PEAK_DURATION_SENSITIVITY_EXPLORATORY_V1,PEAK_DURATION_S28_I16_T7200,LOCAL_WINDOW_HPP_BASE_STATIONARY_EXTENSION,28,28,16,7200,OP_PEAK_DURATION_BASE_S28_I16_T7200,f0c74c79c657cf06ef035cfacef1216d00f7e6c6a1bf40016fa89f09984bdc86,TASK3_OPERATIONAL_POOLED_V1,202607290000,202609290281,202609290282,202609290283,202609290284,10914,10914,10914,9756,9756,0,381.353837634,692.023178287,287.150391086,182.469073448,469.619464533,530,374,902,528,373,901,945,1954,716.846694713,768.516246664,554.914851342,660.23837296,703.674197544,784.502267503,849.799865629,175.100468659,0.0991713782105,1.06302334828,1.10842330379,RHO_GTE_ONE_FINITE_HORIZON_ONLY,PROHIBITED_RHO_GTE_ONE
1.0,TASK3_PEAK_DURATION_SENSITIVITY_EXPLORATORY_V1,PEAK_DURATION_S28_I16_T7200,LOCAL_WINDOW_HPP_BASE_STATIONARY_EXTENSION,29,28,16,7200,OP_PEAK_DURATION_BASE_S28_I16_T7200,f0c74c79c657cf06ef035cfacef1216d00f7e6c6a1bf40016fa89f09984bdc86,TASK3_OPERATIONAL_POOLED_V1,202607290000,202609290291,202609290292,202609290293,202609290294,10914,10914,10914,10022,10022,0,472.396288338,893.795232079,390.164588245,190.198570171,580.363158416,793,383,1168,782,379,1161,1205,2003,940.812166226,977.378418168,635.235419022,730.609108779,855.097549097,977.220070543,1098.37242143,-20.356811158,0.162900689802,1.06302334828,1.10842330379,RHO_GTE_ONE_FINITE_HORIZON_ONLY,PROHIBITED_RHO_GTE_ONE
1.0,TASK3_PEAK_DURATION_SENSITIVITY_EXPLORATORY_V1,PEAK_DURATION_S28_I16_T7200,LOCAL_WINDOW_HPP_BASE_STATIONARY_EXTENSION,30,28,16,7200,OP_PEAK_DURATION_BASE_S28_I16_T7200,f0c74c79c657cf06ef035cfacef1216d00f7e6c6a1bf40016fa89f09984bdc86,TASK3_OPERATIONAL_POOLED_V1,202607290000,202609290301,202609290302,202609290303,202609290304,10914,10914,10914,9750,9750,0,343.824516265,671.05347907,234.893058092,184.940165275,419.833223367,518,376,892,514,374,888,932,2000,713.265744706,757.689068732,473.866905797,553.146175378,620.690464123,698.877623724,818.005939297,7.4102851542,0.115834654909,1.06302334828,1.10842330379,RHO_GTE_ONE_FINITE_HORIZON_ONLY,PROHIBITED_RHO_GTE_ONE
1.0,TASK3_PEAK_DURATION_SENSITIVITY_EXPLORATORY_V1,PEAK_DURATION_S28_I16_T7200,LOCAL_WINDOW_HPP_BASE_STATIONARY_EXTENSION,31,28,16,7200,OP_PEAK_DURATION_BASE_S28_I16_T7200,f0c74c79c657cf06ef035cfacef1216d00f7e6c6a1bf40016fa89f09984bdc86,TASK3_OPERATIONAL_POOLED_V1,202607290000,202609290311,202609290312,202609290313,202609290314,10914,10914,10914,9707,9707,0,327.025907503,633.236734391,211.739814718,187.678351474,399.418166192,470,378,846,468,377,845,889,1952,671.572384485,721.616814763,442.409769833,530.073171425,631.738846663,691.963546628,776.544381945,-8.07375627121,0.115299944365,1.06302334828,1.10842330379,RHO_GTE_ONE_FINITE_HORIZON_ONLY,PROHIBITED_RHO_GTE_ONE
1.0,TASK3_PEAK_DURATION_SENSITIVITY_EXPLORATORY_V1,PEAK_DURATION_S28_I16_T7200,LOCAL_WINDOW_HPP_BASE_STATIONARY_EXTENSION,32,28,16,7200,OP_PEAK_DURATION_BASE_S28_I16_T7200,f0c74c79c657cf06ef035cfacef1216d00f7e6c6a1bf40016fa89f09984bdc86,TASK3_OPERATIONAL_POOLED_V1,202607290000,202609290321,202609290322,202609290323,202609290324,10914,10914,10914,9755,9755,0,349.773330679,696.338806467,243.647027773,183.661118267,427.30814604,530,377,900,521,377,898,942,1983,723.529989662,763.99815803,479.471911024,560.359804034,648.097227851,737.177210197,851.658209123,-35.5396293249,0.127943055883,1.06302334828,1.10842330379,RHO_GTE_ONE_FINITE_HORIZON_ONLY,PROHIBITED_RHO_GTE_ONE
1.0,TASK3_PEAK_DURATION_SENSITIVITY_EXPLORATORY_V1,PEAK_DURATION_S28_I16_T7200,LOCAL_WINDOW_HPP_BASE_STATIONARY_EXTENSION,33,28,16,7200,OP_PEAK_DURATION_BASE_S28_I16_T7200,f0c74c79c657cf06ef035cfacef1216d00f7e6c6a1bf40016fa89f09984bdc86,TASK3_OPERATIONAL_POOLED_V1,202607290000,202609290331,202609290332,202609290333,202609290334,10914,10914,10914,9979,9979,0,438.543980075,842.819027302,346.941423878,189.464612394,536.406036273,739,382,1118,739,377,1116,1160,1982,890.265131283,939.49747815,553.668883357,680.296082542,819.874108843,931.138066332,1032.86446687,-103.356541529,0.167949048726,1.06302334828,1.10842330379,RHO_GTE_ONE_FINITE_HORIZON_ONLY,PROHIBITED_RHO_GTE_ONE
1.0,TASK3_PEAK_DURATION_SENSITIVITY_EXPLORATORY_V1,PEAK_DURATION_S28_I16_T7200,LOCAL_WINDOW_HPP_BASE_STATIONARY_EXTENSION,34,28,16,7200,OP_PEAK_DURATION_BASE_S28_I16_T7200,f0c74c79c657cf06ef035cfacef1216d00f7e6c6a1bf40016fa89f09984bdc86,TASK3_OPERATIONAL_POOLED_V1,202607290000,202609290341,202609290342,202609290343,202609290344,10914,10914,10914,9904,9904,0,432.761244373,788.016327923,343.575223458,189.26065861,532.835882068,674,381,1049,664,378,1042,1086,1991,834.448485404,881.455666354,583.786353404,653.018315307,747.853334467,871.014470415,970.361553883,21.8468884459,0.137659243898,1.06302334828,1.10842330379,RHO_GTE_ONE_FINITE_HORIZON_ONLY,PROHIBITED_RHO_GTE_ONE
1.0,TASK3_PEAK_DURATION_SENSITIVITY_EXPLORATORY_V1,PEAK_DURATION_S28_I16_T7200,LOCAL_WINDOW_HPP_BASE_STATIONARY_EXTENSION,35,28,16,7200,OP_PEAK_DURATION_BASE_S28_I16_T7200,f0c74c79c657cf06ef035cfacef1216d00f7e6c6a1bf40016fa89f09984bdc86,TASK3_OPERATIONAL_POOLED_V1,202607290000,202609290351,202609290352,202609290353,202609290354,10914,10914,10914,9828,9828,0,413.918643098,746.657621301,321.714669717,189.629360205,511.344029922,588,382,965,588,375,963,1007,1973,773.330171279,818.4878518,536.177091064,635.256613553,724.527393898,825.702600668,915.926260551,15.0597473792,0.131936711957,1.06302334828,1.10842330379,RHO_GTE_ONE_FINITE_HORIZON_ONLY,PROHIBITED_RHO_GTE_ONE
1.0,TASK3_PEAK_DURATION_SENSITIVITY_EXPLORATORY_V1,PEAK_DURATION_S28_I16_T7200,LOCAL_WINDOW_HPP_BASE_STATIONARY_EXTENSION,36,28,16,7200,OP_PEAK_DURATION_BASE_S28_I16_T7200,f0c74c79c657cf06ef035cfacef1216d00f7e6c6a1bf40016fa89f09984bdc86,TASK3_OPERATIONAL_POOLED_V1,202607290000,202609290361,202609290362,202609290363,202609290364,10914,10914,10914,9823,9823,0,380.002453538,731.668367829,275.522797356,189.71177138,465.234568736,587,382,966,583,377,960,1004,1991,769.563864972,814.675826359,507.436969612,597.13617007,684.881772032,795.761115964,899.029535451,-39.5084455538,0.136362510774,1.06302334828,1.10842330379,RHO_GTE_ONE_FINITE_HORIZON_ONLY,PROHIBITED_RHO_GTE_ONE
1.0,TASK3_PEAK_DURATION_SENSITIVITY_EXPLORATORY_V1,PEAK_DURATION_S28_I16_T7200,LOCAL_WINDOW_HPP_BASE_STATIONARY_EXTENSION,37,28,16,7200,OP_PEAK_DURATION_BASE_S28_I16_T7200,f0c74c79c657cf06ef035cfacef1216d00f7e6c6a1bf40016fa89f09984bdc86,TASK3_OPERATIONAL_POOLED_V1,202607290000,202609290371,202609290372,202609290373,202609290374,10914,10914,10914,9873,9873,0,399.189406283,768.091374744,298.150152358,190.022883948,488.173036306,635,384,1015,633,381,1014,1058,1980,804.149044198,858.776005819,517.594566101,641.599451463,743.971253531,846.662582482,935.156519509,-43.1434037585,0.144470421921,1.06302334828,1.10842330379,RHO_GTE_ONE_FINITE_HORIZON_ONLY,PROHIBITED_RHO_GTE_ONE
1.0,TASK3_PEAK_DURATION_SENSITIVITY_EXPLORATORY_V1,PEAK_DURATION_S28_I16_T7200,LOCAL_WINDOW_HPP_BASE_STATIONARY_EXTENSION,38,28,16,7200,OP_PEAK_DURATION_BASE_S28_I16_T7200,f0c74c79c657cf06ef035cfacef1216d00f7e6c6a1bf40016fa89f09984bdc86,TASK3_OPERATIONAL_POOLED_V1,202607290000,202609290381,202609290382,202609290383,202609290384,10914,10914,10914,9948,9948,0,404.727720661,813.071873162,316.238937886,175.030003968,491.268941854,727,365,1091,724,363,1087,1131,1950,873.594359275,919.040483973,547.67516577,666.226325201,833.830790605,927.826992905,1006.2708449,-87.7279956025,0.163721114718,1.06302334828,1.10842330379,RHO_GTE_ONE_FINITE_HORIZON_ONLY,PROHIBITED_RHO_GTE_ONE
1.0,TASK3_PEAK_DURATION_SENSITIVITY_EXPLORATORY_V1,PEAK_DURATION_S28_I16_T7200,LOCAL_WINDOW_HPP_BASE_STATIONARY_EXTENSION,39,28,16,7200,OP_PEAK_DURATION_BASE_S28_I16_T7200,f0c74c79c657cf06ef035cfacef1216d00f7e6c6a1bf40016fa89f09984bdc86,TASK3_OPERATIONAL_POOLED_V1,202607290000,202609290391,202609290392,202609290393,202609290394,10914,10914,10914,9876,9876,0,378.730880086,764.418443304,278.368935809,180.942333982,459.311269791,655,373,1022,653,369,1022,1066,2026,817.234759783,864.999717678,485.222773959,626.779651,706.882119745,829.228592445,936.966132656,-112.435890168,0.153602174839,1.06302334828,1.10842330379,RHO_GTE_ONE_FINITE_HORIZON_ONLY,PROHIBITED_RHO_GTE_ONE
1.0,TASK3_PEAK_DURATION_SENSITIVITY_EXPLORATORY_V1,PEAK_DURATION_S28_I16_T7200,LOCAL_WINDOW_HPP_BASE_STATIONARY_EXTENSION,40,28,16,7200,OP_PEAK_DURATION_BASE_S28_I16_T7200,f0c74c79c657cf06ef035cfacef1216d00f7e6c6a1bf40016fa89f09984bdc86,TASK3_OPERATIONAL_POOLED_V1,202607290000,202609290401,202609290402,202609290403,202609290404,10914,10914,10914,9854,9854,0,402.72636222,777.337108277,313.574634677,180.833219972,494.407854649,628,372,995,623,369,992,1036,1927,796.823221251,840.513078108,523.937782944,677.071063045,789.251530596,869.315235842,954.070485494,-26.6529638379,0.146181885819,1.06302334828,1.10842330379,RHO_GTE_ONE_FINITE_HORIZON_ONLY,PROHIBITED_RHO_GTE_ONE
1.0,TASK3_PEAK_DURATION_SENSITIVITY_EXPLORATORY_V1,PEAK_DURATION_S28_I16_T7200,LOCAL_WINDOW_HPP_BASE_STATIONARY_EXTENSION,41,28,16,7200,OP_PEAK_DURATION_BASE_S28_I16_T7200,f0c74c79c657cf06ef035cfacef1216d00f7e6c6a1bf40016fa89f09984bdc86,TASK3_OPERATIONAL_POOLED_V1,202607290000,202609290411,202609290412,202609290413,202609290414,10914,10914,10914,9735,9735,0,377.173401751,657.157494199,275.318092432,190.588067052,465.906159483,495,383,873,495,376,871,915,1933,697.586918107,742.890802181,527.00639915,625.770283244,687.253828746,762.434686535,813.356741026,151.140572459,0.0985229287558,1.06302334828,1.10842330379,RHO_GTE_ONE_FINITE_HORIZON_ONLY,PROHIBITED_RHO_GTE_ONE
1.0,TASK3_PEAK_DURATION_SENSITIVITY_EXPLORATORY_V1,PEAK_DURATION_S28_I16_T7200,LOCAL_WINDOW_HPP_BASE_STATIONARY_EXTENSION,42,28,16,7200,OP_PEAK_DURATION_BASE_S28_I16_T7200,f0c74c79c657cf06ef035cfacef1216d00f7e6c6a1bf40016fa89f09984bdc86,TASK3_OPERATIONAL_POOLED_V1,202607290000,202609290421,202609290422,202609290423,202609290424,10914,10914,10914,9816,9816,0,365.485213311,739.59494273,264.25139882,181.621532366,445.872931185,593,373,960,583,370,953,997,1983,773.606145038,808.346123019,468.829550133,560.197009257,679.517838095,804.375879726,911.114787523,-161.75499599,0.156770742396,1.06302334828,1.10842330379,RHO_GTE_ONE_FINITE_HORIZON_ONLY,PROHIBITED_RHO_GTE_ONE
1.0,TASK3_PEAK_DURATION_SENSITIVITY_EXPLORATORY_V1,PEAK_DURATION_S28_I16_T7200,LOCAL_WINDOW_HPP_BASE_STATIONARY_EXTENSION,43,28,16,7200,OP_PEAK_DURATION_BASE_S28_I16_T7200,f0c74c79c657cf06ef035cfacef1216d00f7e6c6a1bf40016fa89f09984bdc86,TASK3_OPERATIONAL_POOLED_V1,202607290000,202609290431,202609290432,202609290433,202609290434,10914,10914,10914,9964,9964,0,454.282321993,842.947148306,370.772530883,188.318316698,559.090847581,729,380,1105,724,377,1101,1145,1994,888.371758664,928.365576687,613.710362299,706.059159124,819.536651195,950.293674278,1047.99714704,-7.0866646865,0.154556678421,1.06302334828,1.10842330379,RHO_GTE_ONE_FINITE_HORIZON_ONLY,PROHIBITED_RHO_GTE_ONE
1.0,TASK3_PEAK_DURATION_SENSITIVITY_EXPLORATORY_V1,PEAK_DURATION_S28_I16_T7200,LOCAL_WINDOW_HPP_BASE_STATIONARY_EXTENSION,44,28,16,7200,OP_PEAK_DURATION_BASE_S28_I16_T7200,f0c74c79c657cf06ef035cfacef1216d00f7e6c6a1bf40016fa89f09984bdc86,TASK3_OPERATIONAL_POOLED_V1,202607290000,202609290441,202609290442,202609290443,202609290444,10914,10914,10914,9988,9988,0,455.106757207,872.316254182,383.414947752,174.572415792,557.987363544,776,366,1134,766,364,1130,1174,1997,915.941214845,954.510268388,650.779354456,727.415014189,848.635072024,946.943469359,1075.1962993,48.5220832183,0.148383659009,1.06302334828,1.10842330379,RHO_GTE_ONE_FINITE_HORIZON_ONLY,PROHIBITED_RHO_GTE_ONE
1.0,TASK3_PEAK_DURATION_SENSITIVITY_EXPLORATORY_V1,PEAK_DURATION_S28_I16_T7200,LOCAL_WINDOW_HPP_BASE_STATIONARY_EXTENSION,45,28,16,7200,OP_PEAK_DURATION_BASE_S28_I16_T7200,f0c74c79c657cf06ef035cfacef1216d00f7e6c6a1bf40016fa89f09984bdc86,TASK3_OPERATIONAL_POOLED_V1,202607290000,202609290451,202609290452,202609290453,202609290454,10914,10914,10914,9820,9820,0,425.804839075,748.303113083,339.439461118,188.246906997,527.686368115,589,380,968,580,379,959,1003,1914,777.277210038,813.278389257,613.726641673,675.425003753,761.957285856,843.356702802,919.854353222,177.72365585,0.108359322521,1.06302334828,1.10842330379,RHO_GTE_ONE_FINITE_HORIZON_ONLY,PROHIBITED_RHO_GTE_ONE
1.0,TASK3_PEAK_DURATION_SENSITIVITY_EXPLORATORY_V1,PEAK_DURATION_S28_I16_T7200,LOCAL_WINDOW_HPP_BASE_STATIONARY_EXTENSION,46,28,16,7200,OP_PEAK_DURATION_BASE_S28_I16_T7200,f0c74c79c657cf06ef035cfacef1216d00f7e6c6a1bf40016fa89f09984bdc86,TASK3_OPERATIONAL_POOLED_V1,202607290000,202609290461,202609290462,202609290463,202609290464,10914,10914,10914,9873,9873,0,415.09179266,770.411466958,321.5637384,188.731574175,510.295312575,633,381,1012,633,378,1011,1055,1977,810.19887397,856.722286778,583.838794319,689.10405637,763.489047076,855.303767559,950.967641578,93.1976070999,0.12506352857,1.06302334828,1.10842330379,RHO_GTE_ONE_FINITE_HORIZON_ONLY,PROHIBITED_RHO_GTE_ONE
1.0,TASK3_PEAK_DURATION_SENSITIVITY_EXPLORATORY_V1,PEAK_DURATION_S28_I16_T7200,LOCAL_WINDOW_HPP_BASE_STATIONARY_EXTENSION,47,28,16,7200,OP_PEAK_DURATION_BASE_S28_I16_T7200,f0c74c79c657cf06ef035cfacef1216d00f7e6c6a1bf40016fa89f09984bdc86,TASK3_OPERATIONAL_POOLED_V1,202607290000,202609290471,202609290472,202609290473,202609290474,10914,10914,10914,9798,9798,0,409.948511517,724.806164109,317.271067347,189.413784912,506.68485226,569,382,944,561,381,942,986,1895,756.454037143,798.676193044,578.521000113,681.396400886,790.631032762,862.222616948,896.653925618,149.06594496,0.113485009316,1.06302334828,1.10842330379,RHO_GTE_ONE_FINITE_HORIZON_ONLY,PROHIBITED_RHO_GTE_ONE
1.0,TASK3_PEAK_DURATION_SENSITIVITY_EXPLORATORY_V1,PEAK_DURATION_S28_I16_T7200,LOCAL_WINDOW_HPP_BASE_STATIONARY_EXTENSION,48,28,16,7200,OP_PEAK_DURATION_BASE_S28_I16_T7200,f0c74c79c657cf06ef035cfacef1216d00f7e6c6a1bf40016fa89f09984bdc86,TASK3_OPERATIONAL_POOLED_V1,202607290000,202609290481,202609290482,202609290483,202609290484,10914,10914,10914,9744,9744,0,369.621628381,673.721054353,267.097393022,188.173598746,455.270991767,504,379,882,504,376,880,924,1948,704.956876619,749.78717972,530.787313405,617.446029566,673.376582839,743.579124667,835.721370723,128.181176937,0.102222390241,1.06302334828,1.10842330379,RHO_GTE_ONE_FINITE_HORIZON_ONLY,PROHIBITED_RHO_GTE_ONE
1.0,TASK3_PEAK_DURATION_SENSITIVITY_EXPLORATORY_V1,PEAK_DURATION_S28_I16_T7200,LOCAL_WINDOW_HPP_BASE_STATIONARY_EXTENSION,49,28,16,7200,OP_PEAK_DURATION_BASE_S28_I16_T7200,f0c74c79c657cf06ef035cfacef1216d00f7e6c6a1bf40016fa89f09984bdc86,TASK3_OPERATIONAL_POOLED_V1,202607290000,202609290491,202609290492,202609290493,202609290494,10914,10914,10914,9799,9799,0,437.091620628,744.209049386,355.605803322,188.287196029,543.892999351,586,380,955,559,380,939,983,1883,772.731530978,799.106788828,624.25280858,711.490628079,797.661883361,868.539101376,921.961629993,220.431623185,0.104509182795,1.06302334828,1.10842330379,RHO_GTE_ONE_FINITE_HORIZON_ONLY,PROHIBITED_RHO_GTE_ONE
1.0,TASK3_PEAK_DURATION_SENSITIVITY_EXPLORATORY_V1,PEAK_DURATION_S28_I16_T7200,LOCAL_WINDOW_HPP_BASE_STATIONARY_EXTENSION,50,28,16,7200,OP_PEAK_DURATION_BASE_S28_I16_T7200,f0c74c79c657cf06ef035cfacef1216d00f7e6c6a1bf40016fa89f09984bdc86,TASK3_OPERATIONAL_POOLED_V1,202607290000,202609290501,202609290502,202609290503,202609290504,10914,10914,10914,9850,9850,0,388.763812319,766.172359189,288.507610094,186.662482888,475.170092983,621,379,995,614,379,993,1037,1991,800.541507708,840.947044787,498.088071321,579.326908089,706.071816213,828.443538439,943.778328635,-144.231126194,0.158402381247,1.06302334828,1.10842330379,RHO_GTE_ONE_FINITE_HORIZON_ONLY,PROHIBITED_RHO_GTE_ONE
