schema_version,study_id,config_id,config_sha256,model_version,scenario_id,input_sample_id,replication_id,security_capacity,immigration_capacity,interstage_buffer_capacity,master_seed,arrival_seed,service_seed,routing_seed,tie_seed,input_draws_sha256,normalized_event_payload_sha256,arrivals,completed_after_drain,rejected_or_dropped_count,conservation_pass,run_status,interstage_buffer_peak_occupancy,system_time_p95_seconds,security_blocked_resource_fraction,security_blocked_resource_seconds,security_busy_seconds,last_exit_seconds,security_blocked_share_of_occupied,interstage_buffer_full_time_fraction,time_weighted_mean_interstage_buffer_occupancy,interstage_block_time_mean_seconds,interstage_block_time_p95_seconds,total_wait_including_interstage_mean_seconds,total_wait_including_interstage_p95_seconds,cohort_clear_time_after_cutoff_seconds
1.0,TASK3_INTERSTAGE_BUFFER_SPILLBACK_SENSITIVITY_V1,OP_INTERSTAGE_BUFFER_S30_I21_B0025,e6f3bf275aa577c9c5d8d1f0211b96c440f78c9fc953e5249ed68d565511f3bc,TASK3_OPERATIONAL_POOLED_INTERSTAGE_BAS_V1,INTERSTAGE_BUFFER_S30_I21_B0025,LOCAL_WINDOW_HPP_BASE,1,30,21,25,202607290000,202609290011,202609290012,202609290013,202609290014,31e6bdc1d2ef8a1c405ad97234fa6e4061fddb9374fcc548c8bbcb4d26f00365,142f146b86de6660507003db51f3bc2d582ad31b457916c48d6d222d529549e4,396,396,0,True,COMPLETE,9,41.194196476,0,0,8639.99999993,334.701527801,0,0,0.285367742,0,0,1.985890843,6.376014658,34.701527801
1.0,TASK3_INTERSTAGE_BUFFER_SPILLBACK_SENSITIVITY_V1,OP_INTERSTAGE_BUFFER_S30_I21_B0025,e6f3bf275aa577c9c5d8d1f0211b96c440f78c9fc953e5249ed68d565511f3bc,TASK3_OPERATIONAL_POOLED_INTERSTAGE_BAS_V1,INTERSTAGE_BUFFER_S30_I21_B0025,LOCAL_WINDOW_HPP_BASE,2,30,21,25,202607290000,202609290021,202609290022,202609290023,202609290024,4d35127c711b602608f0d85daefccba0b0f2b5b19bd8b23357536b1a39588f36,347f47106db5af68b8a646e89b6d60f4084d7f0c762b9df5b841589261fafb81,442,442,0,True,COMPLETE,5,51.506322741,0,0,9643.63636356,357.641675253,0,0,0.210776783,0,0,8.188273849,16.688140923,57.641675253
1.0,TASK3_INTERSTAGE_BUFFER_SPILLBACK_SENSITIVITY_V1,OP_INTERSTAGE_BUFFER_S30_I21_B0025,e6f3bf275aa577c9c5d8d1f0211b96c440f78c9fc953e5249ed68d565511f3bc,TASK3_OPERATIONAL_POOLED_INTERSTAGE_BAS_V1,INTERSTAGE_BUFFER_S30_I21_B0025,LOCAL_WINDOW_HPP_BASE,3,30,21,25,202607290000,202609290031,202609290032,202609290033,202609290034,35e1df60a7cbbe5e78a544aba79225b60549c252fea949bd4f8da455c8ed7c24,f6615f5d2d770038f41c82a91fb7679545bc546bb015e124c09a3ff021d67d37,393,393,0,True,COMPLETE,5,42.230785271,0,0,8574.54545447,334.76039242,0,0,0.048860459,0,0,1.701980505,7.412603453,34.76039242
1.0,TASK3_INTERSTAGE_BUFFER_SPILLBACK_SENSITIVITY_V1,OP_INTERSTAGE_BUFFER_S30_I21_B0025,e6f3bf275aa577c9c5d8d1f0211b96c440f78c9fc953e5249ed68d565511f3bc,TASK3_OPERATIONAL_POOLED_INTERSTAGE_BAS_V1,INTERSTAGE_BUFFER_S30_I21_B0025,LOCAL_WINDOW_HPP_BASE,4,30,21,25,202607290000,202609290041,202609290042,202609290043,202609290044,517956b50856de8caf2209257c61021a9a9e6f6e1648b595019dc89b04bf1035,c72ecf81690c791014337f10342e0302ef29000fa789c4bf26ccf95bcc464c29,410,410,0,True,COMPLETE,1,43.986668714,0,0,8945.45454538,345.494382333,0,0,0.007786517,0,0,2.205122388,9.168486896,45.494382333
1.0,TASK3_INTERSTAGE_BUFFER_SPILLBACK_SENSITIVITY_V1,OP_INTERSTAGE_BUFFER_S30_I21_B0025,e6f3bf275aa577c9c5d8d1f0211b96c440f78c9fc953e5249ed68d565511f3bc,TASK3_OPERATIONAL_POOLED_INTERSTAGE_BAS_V1,INTERSTAGE_BUFFER_S30_I21_B0025,LOCAL_WINDOW_HPP_BASE,5,30,21,25,202607290000,202609290051,202609290052,202609290053,202609290054,1c0c1796fa49590094aa5fc09f16770360e450693694bb006b2f257e5121a904,0a5094fea492adbde2e12011bf467efb57c623d793e94925d70f1181f1a4d537,388,388,0,True,COMPLETE,4,41.757948238,0,0,8465.45454538,333.55701864,0,0,0.030557001,0,0,3.39172309,6.93976642,33.55701864
1.0,TASK3_INTERSTAGE_BUFFER_SPILLBACK_SENSITIVITY_V1,OP_INTERSTAGE_BUFFER_S30_I21_B0025,e6f3bf275aa577c9c5d8d1f0211b96c440f78c9fc953e5249ed68d565511f3bc,TASK3_OPERATIONAL_POOLED_INTERSTAGE_BAS_V1,INTERSTAGE_BUFFER_S30_I21_B0025,LOCAL_WINDOW_HPP_BASE,6,30,21,25,202607290000,202609290061,202609290062,202609290063,202609290064,b49018c734c046f708e0c9477d532bce1e554afccdfe09b446442a6fcd5e8096,a7a583411fe09d67182a56081478430539ea6b10e72a5137a93645936a5b86e7,419,419,0,True,COMPLETE,4,49.070239897,0,0,9141.81818174,348.236605114,0,0,0.17402416,0,0,6.744901486,14.252058079,48.236605114
1.0,TASK3_INTERSTAGE_BUFFER_SPILLBACK_SENSITIVITY_V1,OP_INTERSTAGE_BUFFER_S30_I21_B0025,e6f3bf275aa577c9c5d8d1f0211b96c440f78c9fc953e5249ed68d565511f3bc,TASK3_OPERATIONAL_POOLED_INTERSTAGE_BAS_V1,INTERSTAGE_BUFFER_S30_I21_B0025,LOCAL_WINDOW_HPP_BASE,7,30,21,25,202607290000,202609290071,202609290072,202609290073,202609290074,ff30a02a8705dd072c1ff3254287f5798cd899e7ccaa57325aa71d83c4227499,25f8046e3b4e8dc2c44fa31a87f9dc0e0f718741936f7713bbdbed60e19c584a,408,408,0,True,COMPLETE,3,41.312447948,0,0,8901.81818174,339.313356839,0,0,0.021165646,0,0,2.265761079,6.49426613,39.313356839
1.0,TASK3_INTERSTAGE_BUFFER_SPILLBACK_SENSITIVITY_V1,OP_INTERSTAGE_BUFFER_S30_I21_B0025,e6f3bf275aa577c9c5d8d1f0211b96c440f78c9fc953e5249ed68d565511f3bc,TASK3_OPERATIONAL_POOLED_INTERSTAGE_BAS_V1,INTERSTAGE_BUFFER_S30_I21_B0025,LOCAL_WINDOW_HPP_BASE,8,30,21,25,202607290000,202609290081,202609290082,202609290083,202609290084,54f93c71470006da3a09c89dff95a83b1ea870754262c91608af5dbcb90a4ed8,1dcb96b49367e30beb1e7f3390bb41c1ad92c1e562ff2dbda94e0d00de9d0ba6,442,442,0,True,COMPLETE,4,62.512071528,0,0,9643.63636356,354.051948113,0,0,0.258582339,0,0,15.415187704,27.69388971,54.051948113
1.0,TASK3_INTERSTAGE_BUFFER_SPILLBACK_SENSITIVITY_V1,OP_INTERSTAGE_BUFFER_S30_I21_B0025,e6f3bf275aa577c9c5d8d1f0211b96c440f78c9fc953e5249ed68d565511f3bc,TASK3_OPERATIONAL_POOLED_INTERSTAGE_BAS_V1,INTERSTAGE_BUFFER_S30_I21_B0025,LOCAL_WINDOW_HPP_BASE,9,30,21,25,202607290000,202609290091,202609290092,202609290093,202609290094,eac0a9ee1817f7bfb8075caeca7e7b36c575a89b37d84ba4e00528b85d326525,55d1f16a89b9ed9980c2ee942ca69e94f25cfc11de0ea4947a0279670d7811ec,395,395,0,True,COMPLETE,3,45.284753721,0,0,8618.18181811,337.243295705,0,0,0.06653634,0,0,2.788918979,10.466571903,37.243295705
1.0,TASK3_INTERSTAGE_BUFFER_SPILLBACK_SENSITIVITY_V1,OP_INTERSTAGE_BUFFER_S30_I21_B0025,e6f3bf275aa577c9c5d8d1f0211b96c440f78c9fc953e5249ed68d565511f3bc,TASK3_OPERATIONAL_POOLED_INTERSTAGE_BAS_V1,INTERSTAGE_BUFFER_S30_I21_B0025,LOCAL_WINDOW_HPP_BASE,10,30,21,25,202607290000,202609290101,202609290102,202609290103,202609290104,9835da0b922279edffb5e025c97a589df839a34d56b76352d0e37c4e312314e2,4e12bc4199820dbeb4a59d4cccf6f3111573db6002ec6e947243a929f2b5371a,394,394,0,True,COMPLETE,1,40.916117606,0,0,8596.36363629,337.37319999,0,0,0.009164573,0,0,1.892542612,6.097935788,37.37319999
1.0,TASK3_INTERSTAGE_BUFFER_SPILLBACK_SENSITIVITY_V1,OP_INTERSTAGE_BUFFER_S30_I21_B0025,e6f3bf275aa577c9c5d8d1f0211b96c440f78c9fc953e5249ed68d565511f3bc,TASK3_OPERATIONAL_POOLED_INTERSTAGE_BAS_V1,INTERSTAGE_BUFFER_S30_I21_B0025,LOCAL_WINDOW_HPP_BASE,11,30,21,25,202607290000,202609290111,202609290112,202609290113,202609290114,e26ea32112b34145f4597dc880d3a97e418100915aec81290d81c7e107c90440,39e4d844358a4edbb52b92c10a799bba828e460fc372fd37518d532d29e51b83,409,409,0,True,COMPLETE,3,50.342042859,0,0,8923.63636356,334.795505588,0,0,0.161259233,0,0,8.000577278,15.523861041,34.795505588
1.0,TASK3_INTERSTAGE_BUFFER_SPILLBACK_SENSITIVITY_V1,OP_INTERSTAGE_BUFFER_S30_I21_B0025,e6f3bf275aa577c9c5d8d1f0211b96c440f78c9fc953e5249ed68d565511f3bc,TASK3_OPERATIONAL_POOLED_INTERSTAGE_BAS_V1,INTERSTAGE_BUFFER_S30_I21_B0025,LOCAL_WINDOW_HPP_BASE,12,30,21,25,202607290000,202609290121,202609290122,202609290123,202609290124,5e7768403d04cd908a3f12851404b41158d2d801bc5bd7a60cb446d326e51a1e,b37e139bf989cbf77ea462f4a0c9d53cd0dc867e4ebbdcc53583c417f2591f0a,423,423,0,True,COMPLETE,2,50.53150313,0,0,9229.09090901,346.854902534,0,0,0.003241634,0,0,6.312880067,15.713321312,46.854902534
1.0,TASK3_INTERSTAGE_BUFFER_SPILLBACK_SENSITIVITY_V1,OP_INTERSTAGE_BUFFER_S30_I21_B0025,e6f3bf275aa577c9c5d8d1f0211b96c440f78c9fc953e5249ed68d565511f3bc,TASK3_OPERATIONAL_POOLED_INTERSTAGE_BAS_V1,INTERSTAGE_BUFFER_S30_I21_B0025,LOCAL_WINDOW_HPP_BASE,13,30,21,25,202607290000,202609290131,202609290132,202609290133,202609290134,69e477aaf4e576a701c05b406551638599850e496647ab10d50e22a09df77e45,96405049a45f6ced6fb101105d975bbfa9bd0effc3418143f5511fe4678887ad,455,455,0,True,COMPLETE,2,73.22008241,0,0,9927.27272719,365.663985538,0,0,0.015235809,0,0,21.582012641,38.401900592,65.663985538
1.0,TASK3_INTERSTAGE_BUFFER_SPILLBACK_SENSITIVITY_V1,OP_INTERSTAGE_BUFFER_S30_I21_B0025,e6f3bf275aa577c9c5d8d1f0211b96c440f78c9fc953e5249ed68d565511f3bc,TASK3_OPERATIONAL_POOLED_INTERSTAGE_BAS_V1,INTERSTAGE_BUFFER_S30_I21_B0025,LOCAL_WINDOW_HPP_BASE,14,30,21,25,202607290000,202609290141,202609290142,202609290143,202609290144,3eb39892a20a0217390af48a30eb92cec434086b31c5fbf488d43be5446e9859,ba8b0b7fe0e46a7f89d4262f26c3c4d1da19439a3a6907f32b42e46742b06f05,374,374,0,True,COMPLETE,3,41.642599388,0,0,8159.99999993,333.71948482,0,0,0.024316314,0,0,1.943726799,6.82441757,33.71948482
1.0,TASK3_INTERSTAGE_BUFFER_SPILLBACK_SENSITIVITY_V1,OP_INTERSTAGE_BUFFER_S30_I21_B0025,e6f3bf275aa577c9c5d8d1f0211b96c440f78c9fc953e5249ed68d565511f3bc,TASK3_OPERATIONAL_POOLED_INTERSTAGE_BAS_V1,INTERSTAGE_BUFFER_S30_I21_B0025,LOCAL_WINDOW_HPP_BASE,15,30,21,25,202607290000,202609290151,202609290152,202609290153,202609290154,d82c12f4cfea7164cb5733106a1ae810c4423998e23cd815b08d87f04e59a279,d07a96f61890557a8f482a21c31f65f56dfccef569a74e69ee897200df40c595,386,386,0,True,COMPLETE,1,43.967793876,0,0,8421.81818175,334.527978762,0,0,0,0,0,2.024978382,9.149612058,34.527978762
1.0,TASK3_INTERSTAGE_BUFFER_SPILLBACK_SENSITIVITY_V1,OP_INTERSTAGE_BUFFER_S30_I21_B0025,e6f3bf275aa577c9c5d8d1f0211b96c440f78c9fc953e5249ed68d565511f3bc,TASK3_OPERATIONAL_POOLED_INTERSTAGE_BAS_V1,INTERSTAGE_BUFFER_S30_I21_B0025,LOCAL_WINDOW_HPP_BASE,16,30,21,25,202607290000,202609290161,202609290162,202609290163,202609290164,0ae1ee517aa6d11e558f4c00fe5498a73acf57ac7aa460688e506807cd2377c5,613f9c4d4af77d8dfcd9ff625450c1cb39c5e9c7af45fa6648a31aa570d7c881,401,401,0,True,COMPLETE,3,44.677787646,0,0,8749.09090902,347.043596148,0,0,0.066576074,0,0,2.05946763,9.859605828,47.043596148
1.0,TASK3_INTERSTAGE_BUFFER_SPILLBACK_SENSITIVITY_V1,OP_INTERSTAGE_BUFFER_S30_I21_B0025,e6f3bf275aa577c9c5d8d1f0211b96c440f78c9fc953e5249ed68d565511f3bc,TASK3_OPERATIONAL_POOLED_INTERSTAGE_BAS_V1,INTERSTAGE_BUFFER_S30_I21_B0025,LOCAL_WINDOW_HPP_BASE,17,30,21,25,202607290000,202609290171,202609290172,202609290173,202609290174,266dcbc6ee1a46ff9a3287bdadc591ad304f0578cdc09e7eaa613da4fa246a45,55547ab32d6e12852c49b0e98b2c544fd3750d197c0e3ec8a50828c231c630ff,429,429,0,True,COMPLETE,1,53.32142025,0,0,9359.99999992,351.077133134,0,0,0.038679571,0,0,7.488261389,18.503238432,51.077133134
1.0,TASK3_INTERSTAGE_BUFFER_SPILLBACK_SENSITIVITY_V1,OP_INTERSTAGE_BUFFER_S30_I21_B0025,e6f3bf275aa577c9c5d8d1f0211b96c440f78c9fc953e5249ed68d565511f3bc,TASK3_OPERATIONAL_POOLED_INTERSTAGE_BAS_V1,INTERSTAGE_BUFFER_S30_I21_B0025,LOCAL_WINDOW_HPP_BASE,18,30,21,25,202607290000,202609290181,202609290182,202609290183,202609290184,9ccc0530a0134e0b888b20445eb14e148598546e5aceabfc5061c8ef4ad820af,968187028845afe8b08d677322d903c502412e31ed7bf554896777aa9c84f6fd,419,419,0,True,COMPLETE,1,48.100525201,0,0,9141.81818174,344.706080815,0,0,0.001547844,0,0,6.54835657,13.282343383,44.706080815
1.0,TASK3_INTERSTAGE_BUFFER_SPILLBACK_SENSITIVITY_V1,OP_INTERSTAGE_BUFFER_S30_I21_B0025,e6f3bf275aa577c9c5d8d1f0211b96c440f78c9fc953e5249ed68d565511f3bc,TASK3_OPERATIONAL_POOLED_INTERSTAGE_BAS_V1,INTERSTAGE_BUFFER_S30_I21_B0025,LOCAL_WINDOW_HPP_BASE,19,30,21,25,202607290000,202609290191,202609290192,202609290193,202609290194,4000364c613df0f2b76ec1e06efee1dd2f6437fbbda80bf583e14b9a41851e74,5d0fd4a4f162a1f882d5e7dea67e39fa5a3be942961685313e2c1fba4cb72692,445,445,0,True,COMPLETE,3,57.962409453,0,0,9709.09090901,362.564424231,0,0,0.04783978,0,0,8.673911441,23.144227635,62.564424231
1.0,TASK3_INTERSTAGE_BUFFER_SPILLBACK_SENSITIVITY_V1,OP_INTERSTAGE_BUFFER_S30_I21_B0025,e6f3bf275aa577c9c5d8d1f0211b96c440f78c9fc953e5249ed68d565511f3bc,TASK3_OPERATIONAL_POOLED_INTERSTAGE_BAS_V1,INTERSTAGE_BUFFER_S30_I21_B0025,LOCAL_WINDOW_HPP_BASE,20,30,21,25,202607290000,202609290201,202609290202,202609290203,202609290204,22af0208faf3e7bb7b1fd2139f02c55620aac4f2ea1e4c03d676e0e2fbf2c0d7,9144946329e150b50340cf04ee4847f442515bc57e4b0113089ed26bdc988298,418,418,0,True,COMPLETE,2,46.524616427,0,0,9119.99999992,339.80680582,0,0,0.075622669,0,0,4.859443425,11.706434609,39.80680582
1.0,TASK3_INTERSTAGE_BUFFER_SPILLBACK_SENSITIVITY_V1,OP_INTERSTAGE_BUFFER_S30_I21_B0025,e6f3bf275aa577c9c5d8d1f0211b96c440f78c9fc953e5249ed68d565511f3bc,TASK3_OPERATIONAL_POOLED_INTERSTAGE_BAS_V1,INTERSTAGE_BUFFER_S30_I21_B0025,LOCAL_WINDOW_HPP_BASE,21,30,21,25,202607290000,202609290211,202609290212,202609290213,202609290214,2a7611076323f09eed801a9545289fd21d2971296a52a95e582b9262ed9c7b81,35c7bbf683d108ab718d95c91fe500ed216ad7e957dbed2cb89718e47fcf0b6f,417,417,0,True,COMPLETE,3,52.80831223,0,0,9098.18181811,353.917486944,0,0,0.039099371,0,0,6.595380532,17.990130412,53.917486944
1.0,TASK3_INTERSTAGE_BUFFER_SPILLBACK_SENSITIVITY_V1,OP_INTERSTAGE_BUFFER_S30_I21_B0025,e6f3bf275aa577c9c5d8d1f0211b96c440f78c9fc953e5249ed68d565511f3bc,TASK3_OPERATIONAL_POOLED_INTERSTAGE_BAS_V1,INTERSTAGE_BUFFER_S30_I21_B0025,LOCAL_WINDOW_HPP_BASE,22,30,21,25,202607290000,202609290221,202609290222,202609290223,202609290224,99914cad9248df9995c6da58ff02cb023397c509e2faa36fd87c0381ebea62f5,0a77442a8b8650d13429770f4ca750a1678cb050674dc6242933649eb75051f5,410,410,0,True,COMPLETE,2,42.372589659,0,0,8945.45454538,337.40104162,0,0,0.013170366,0,0,3.166326361,7.554407841,37.40104162
1.0,TASK3_INTERSTAGE_BUFFER_SPILLBACK_SENSITIVITY_V1,OP_INTERSTAGE_BUFFER_S30_I21_B0025,e6f3bf275aa577c9c5d8d1f0211b96c440f78c9fc953e5249ed68d565511f3bc,TASK3_OPERATIONAL_POOLED_INTERSTAGE_BAS_V1,INTERSTAGE_BUFFER_S30_I21_B0025,LOCAL_WINDOW_HPP_BASE,23,30,21,25,202607290000,202609290231,202609290232,202609290233,202609290234,9b82bad9092b604f3c77ccc8d27db8fa85c889760667ed7597a0de4b62c2a1d0,f9d0081e57265774248fb4bd8df2078d980534e8978e1fb9c6c340ca38383d24,439,439,0,True,COMPLETE,5,57.141855548,0,0,9578.1818181,350.845863418,0,0,0.715488783,0,0,13.277101172,22.32367373,50.845863418
1.0,TASK3_INTERSTAGE_BUFFER_SPILLBACK_SENSITIVITY_V1,OP_INTERSTAGE_BUFFER_S30_I21_B0025,e6f3bf275aa577c9c5d8d1f0211b96c440f78c9fc953e5249ed68d565511f3bc,TASK3_OPERATIONAL_POOLED_INTERSTAGE_BAS_V1,INTERSTAGE_BUFFER_S30_I21_B0025,LOCAL_WINDOW_HPP_BASE,24,30,21,25,202607290000,202609290241,202609290242,202609290243,202609290244,66f5f2028f433422e88c253b8a0edb196a2d079c1e1557a0df63670d8716ce12,456453418b8833139303ad8fcdc9010dec900ab683baa6967e377fe7989051f4,412,412,0,True,COMPLETE,3,42.299931565,0,0,8989.09090902,343.244347906,0,0,0.122209955,0,0,2.196329332,7.481749747,43.244347906
1.0,TASK3_INTERSTAGE_BUFFER_SPILLBACK_SENSITIVITY_V1,OP_INTERSTAGE_BUFFER_S30_I21_B0025,e6f3bf275aa577c9c5d8d1f0211b96c440f78c9fc953e5249ed68d565511f3bc,TASK3_OPERATIONAL_POOLED_INTERSTAGE_BAS_V1,INTERSTAGE_BUFFER_S30_I21_B0025,LOCAL_WINDOW_HPP_BASE,25,30,21,25,202607290000,202609290251,202609290252,202609290253,202609290254,024a59b70dba379a9ff49f76d780488d576d3e793221feb47812b1c97a5c8de5,007f908924f2261ce644e2d0174711f1c6ab91862d67b130586dad7c62aea876,424,424,0,True,COMPLETE,1,51.897166425,0,0,9250.90909083,347.340641649,0,0,0.045481911,0,0,8.014356686,17.078984607,47.340641649
1.0,TASK3_INTERSTAGE_BUFFER_SPILLBACK_SENSITIVITY_V1,OP_INTERSTAGE_BUFFER_S30_I21_B0025,e6f3bf275aa577c9c5d8d1f0211b96c440f78c9fc953e5249ed68d565511f3bc,TASK3_OPERATIONAL_POOLED_INTERSTAGE_BAS_V1,INTERSTAGE_BUFFER_S30_I21_B0025,LOCAL_WINDOW_HPP_BASE,26,30,21,25,202607290000,202609290261,202609290262,202609290263,202609290264,d4868d98ad8429fda4f8019f736954e52ea7e14f7c0a7995934c0a195358df7c,5ea3b1143ccea218e8802b266cccb855ff95ecc97c2e6f8e21eaf4694304d863,419,419,0,True,COMPLETE,4,48.565743456,0,0,9141.81818174,344.821364385,0,0,0.205477719,0,0,7.279221941,13.747561638,44.821364385
1.0,TASK3_INTERSTAGE_BUFFER_SPILLBACK_SENSITIVITY_V1,OP_INTERSTAGE_BUFFER_S30_I21_B0025,e6f3bf275aa577c9c5d8d1f0211b96c440f78c9fc953e5249ed68d565511f3bc,TASK3_OPERATIONAL_POOLED_INTERSTAGE_BAS_V1,INTERSTAGE_BUFFER_S30_I21_B0025,LOCAL_WINDOW_HPP_BASE,27,30,21,25,202607290000,202609290271,202609290272,202609290273,202609290274,5a446675b5eabb5e9801c5cb48a56e2edc440bdd55794e800b4004c3a831785e,5da64f60936ec951af2104c8f3d0e9a3c31298e6dfcf74a0fbf0951c03978982,410,410,0,True,COMPLETE,3,43.185153994,0,0,8945.45454538,343.512356311,0,0,0.063480738,0,0,2.598750216,8.366972176,43.512356311
1.0,TASK3_INTERSTAGE_BUFFER_SPILLBACK_SENSITIVITY_V1,OP_INTERSTAGE_BUFFER_S30_I21_B0025,e6f3bf275aa577c9c5d8d1f0211b96c440f78c9fc953e5249ed68d565511f3bc,TASK3_OPERATIONAL_POOLED_INTERSTAGE_BAS_V1,INTERSTAGE_BUFFER_S30_I21_B0025,LOCAL_WINDOW_HPP_BASE,28,30,21,25,202607290000,202609290281,202609290282,202609290283,202609290284,0f3e1190ac4f1693916db3ba9929255341722bae891e07cdf71baa4c601d838c,c006b781a8ab47bbd82abd4392303784d420b2108d78c11edb93c4c41c846957,392,392,0,True,COMPLETE,5,41.696750326,0,0,8552.72727266,340.839365517,0,0,0.075382041,0,0,1.709103038,6.878568508,40.839365517
1.0,TASK3_INTERSTAGE_BUFFER_SPILLBACK_SENSITIVITY_V1,OP_INTERSTAGE_BUFFER_S30_I21_B0025,e6f3bf275aa577c9c5d8d1f0211b96c440f78c9fc953e5249ed68d565511f3bc,TASK3_OPERATIONAL_POOLED_INTERSTAGE_BAS_V1,INTERSTAGE_BUFFER_S30_I21_B0025,LOCAL_WINDOW_HPP_BASE,29,30,21,25,202607290000,202609290291,202609290292,202609290293,202609290294,4f539bb4dc4ef85cd6680029b58c0bcee550f12c95a0df5922e50b2aab3e2e2b,9f8b2dac505b82dbf5a453a94e1863e27199fcc3ce9520e61def69e8a0205bfb,424,424,0,True,COMPLETE,6,49.01987168,0,0,9250.90909083,346.059949983,0,0,0.208795423,0,0,5.893331251,14.201689862,46.059949983
1.0,TASK3_INTERSTAGE_BUFFER_SPILLBACK_SENSITIVITY_V1,OP_INTERSTAGE_BUFFER_S30_I21_B0025,e6f3bf275aa577c9c5d8d1f0211b96c440f78c9fc953e5249ed68d565511f3bc,TASK3_OPERATIONAL_POOLED_INTERSTAGE_BAS_V1,INTERSTAGE_BUFFER_S30_I21_B0025,LOCAL_WINDOW_HPP_BASE,30,30,21,25,202607290000,202609290301,202609290302,202609290303,202609290304,7a068d5d9301e48725db05a531ec1b934cee9bb136cf57d44743de327af49e95,ebe6ab3633e8ab4bea3305fa1f067d3a50ed548bd43b2f349e29b73e60e32b0b,408,408,0,True,COMPLETE,3,44.82126489,0,0,8901.81818174,346.946076603,0,0,0.031062998,0,0,2.585008672,10.003083072,46.946076603
1.0,TASK3_INTERSTAGE_BUFFER_SPILLBACK_SENSITIVITY_V1,OP_INTERSTAGE_BUFFER_S30_I21_B0025,e6f3bf275aa577c9c5d8d1f0211b96c440f78c9fc953e5249ed68d565511f3bc,TASK3_OPERATIONAL_POOLED_INTERSTAGE_BAS_V1,INTERSTAGE_BUFFER_S30_I21_B0025,LOCAL_WINDOW_HPP_BASE,31,30,21,25,202607290000,202609290311,202609290312,202609290313,202609290314,fe79fd3f1857eadd12059b816ae5dc78c5400c580deb55ff1ade6616157c5322,e69803f0da91359096699b5ebb9a7048de2aa29218489e02d000a3dbc95e9d8d,425,425,0,True,COMPLETE,1,49.680363794,0,0,9272.72727265,347.155472148,0,0,5.898e-05,0,0,5.026639677,14.862181976,47.155472148
1.0,TASK3_INTERSTAGE_BUFFER_SPILLBACK_SENSITIVITY_V1,OP_INTERSTAGE_BUFFER_S30_I21_B0025,e6f3bf275aa577c9c5d8d1f0211b96c440f78c9fc953e5249ed68d565511f3bc,TASK3_OPERATIONAL_POOLED_INTERSTAGE_BAS_V1,INTERSTAGE_BUFFER_S30_I21_B0025,LOCAL_WINDOW_HPP_BASE,32,30,21,25,202607290000,202609290321,202609290322,202609290323,202609290324,a107a39217451ab24221e19dee1c92d58883e07cc0f49dfe3e038c20225d5cc4,f484f46e26f265dcebf85e8e7122f383d7030321dbd52ca25e1db83f7bf4257e,395,395,0,True,COMPLETE,5,40.925121381,0,0,8618.18181811,341.049557503,0,0,0.183628129,0,0,1.622578639,6.106939563,41.049557503
1.0,TASK3_INTERSTAGE_BUFFER_SPILLBACK_SENSITIVITY_V1,OP_INTERSTAGE_BUFFER_S30_I21_B0025,e6f3bf275aa577c9c5d8d1f0211b96c440f78c9fc953e5249ed68d565511f3bc,TASK3_OPERATIONAL_POOLED_INTERSTAGE_BAS_V1,INTERSTAGE_BUFFER_S30_I21_B0025,LOCAL_WINDOW_HPP_BASE,33,30,21,25,202607290000,202609290331,202609290332,202609290333,202609290334,13f6ae62d1d578037e3c74454e4ba06f754623501488a41e226a82d60d228b73,807cb2fa6993937636344f0ff61bc28755a9c92f9a796fc3d78bd43e4b6c26b1,428,428,0,True,COMPLETE,1,50.334377029,0,0,9338.1818181,344.316397021,0,0,0.0411047,0,0,7.629088316,15.516195211,44.316397021
1.0,TASK3_INTERSTAGE_BUFFER_SPILLBACK_SENSITIVITY_V1,OP_INTERSTAGE_BUFFER_S30_I21_B0025,e6f3bf275aa577c9c5d8d1f0211b96c440f78c9fc953e5249ed68d565511f3bc,TASK3_OPERATIONAL_POOLED_INTERSTAGE_BAS_V1,INTERSTAGE_BUFFER_S30_I21_B0025,LOCAL_WINDOW_HPP_BASE,34,30,21,25,202607290000,202609290341,202609290342,202609290343,202609290344,e652f3fee095b11115f8e98b70447f6b3452056f93691b94c53bd0448f96f318,a3293a4791a8af052261980264669be2415de3eff332657344c4f17691bbc2d0,426,426,0,True,COMPLETE,2,46.691268029,0,0,9294.54545447,348.682539611,0,0,0.027502981,0,0,2.751639438,11.873086211,48.682539611
1.0,TASK3_INTERSTAGE_BUFFER_SPILLBACK_SENSITIVITY_V1,OP_INTERSTAGE_BUFFER_S30_I21_B0025,e6f3bf275aa577c9c5d8d1f0211b96c440f78c9fc953e5249ed68d565511f3bc,TASK3_OPERATIONAL_POOLED_INTERSTAGE_BAS_V1,INTERSTAGE_BUFFER_S30_I21_B0025,LOCAL_WINDOW_HPP_BASE,35,30,21,25,202607290000,202609290351,202609290352,202609290353,202609290354,814344a6d5dc851daea1f0ccbdcf11d8d7ad5b6270b2c7b88b78878473c58e66,aadfa24050711f49598835df99d004a47d5eac7880aac24c926cd8ea57bf961f,451,451,0,True,COMPLETE,1,54.172234397,0,0,9839.99999992,363.035325347,0,0,0,0,0,7.881304533,19.354052579,63.035325347
1.0,TASK3_INTERSTAGE_BUFFER_SPILLBACK_SENSITIVITY_V1,OP_INTERSTAGE_BUFFER_S30_I21_B0025,e6f3bf275aa577c9c5d8d1f0211b96c440f78c9fc953e5249ed68d565511f3bc,TASK3_OPERATIONAL_POOLED_INTERSTAGE_BAS_V1,INTERSTAGE_BUFFER_S30_I21_B0025,LOCAL_WINDOW_HPP_BASE,36,30,21,25,202607290000,202609290361,202609290362,202609290363,202609290364,ac7b15bb6dd2587714d12b8ab6df1c128d5cd9c9bf065fbba1dd39ebfe22f766,7772c33921cb89719796c13a4fff82ac978618f8dc0660676790ec5a3e00895b,414,414,0,True,COMPLETE,3,41.799074857,0,0,9032.72727265,337.588051697,0,0,0.02228444,0,0,2.401690821,6.980893039,37.588051697
1.0,TASK3_INTERSTAGE_BUFFER_SPILLBACK_SENSITIVITY_V1,OP_INTERSTAGE_BUFFER_S30_I21_B0025,e6f3bf275aa577c9c5d8d1f0211b96c440f78c9fc953e5249ed68d565511f3bc,TASK3_OPERATIONAL_POOLED_INTERSTAGE_BAS_V1,INTERSTAGE_BUFFER_S30_I21_B0025,LOCAL_WINDOW_HPP_BASE,37,30,21,25,202607290000,202609290371,202609290372,202609290373,202609290374,0c48c3005a1f806ca43594a7fe8b65a823b4d0e14de3286a1c43ec10fae6e8d8,3ff36b590684f84934164813d58a798834dc852162e53bedad0e49ba5b5a97a9,408,408,0,True,COMPLETE,3,45.622989904,0,0,8901.81818174,338.903342094,0,0,0.066785457,0,0,3.094222558,10.804808086,38.903342094
1.0,TASK3_INTERSTAGE_BUFFER_SPILLBACK_SENSITIVITY_V1,OP_INTERSTAGE_BUFFER_S30_I21_B0025,e6f3bf275aa577c9c5d8d1f0211b96c440f78c9fc953e5249ed68d565511f3bc,TASK3_OPERATIONAL_POOLED_INTERSTAGE_BAS_V1,INTERSTAGE_BUFFER_S30_I21_B0025,LOCAL_WINDOW_HPP_BASE,38,30,21,25,202607290000,202609290381,202609290382,202609290383,202609290384,cdd5c5d0215e72c607d45885cbf50b6649adbbe5880fc8e6dab73573cfc87acd,ee41e4dcb3a060067b2c6bffecb48e4ee005d3faf6c9a55d842da07035623a52,406,406,0,True,COMPLETE,1,43.341462601,0,0,8858.18181811,335.497974735,0,0,0,0,0,3.046974042,8.523280783,35.497974735
1.0,TASK3_INTERSTAGE_BUFFER_SPILLBACK_SENSITIVITY_V1,OP_INTERSTAGE_BUFFER_S30_I21_B0025,e6f3bf275aa577c9c5d8d1f0211b96c440f78c9fc953e5249ed68d565511f3bc,TASK3_OPERATIONAL_POOLED_INTERSTAGE_BAS_V1,INTERSTAGE_BUFFER_S30_I21_B0025,LOCAL_WINDOW_HPP_BASE,39,30,21,25,202607290000,202609290391,202609290392,202609290393,202609290394,326272c4de29b05923793b77cd6b8a2425bf38488b2e989c4814c75879e36076,7b35bf859772589c44add8b811ea7d59152bb4a3ca5b96e059fac022f85c4250,388,388,0,True,COMPLETE,4,43.679449805,0,0,8465.45454538,348.213625514,0,0,0.077735301,0,0,2.490110431,8.861267987,48.213625514
1.0,TASK3_INTERSTAGE_BUFFER_SPILLBACK_SENSITIVITY_V1,OP_INTERSTAGE_BUFFER_S30_I21_B0025,e6f3bf275aa577c9c5d8d1f0211b96c440f78c9fc953e5249ed68d565511f3bc,TASK3_OPERATIONAL_POOLED_INTERSTAGE_BAS_V1,INTERSTAGE_BUFFER_S30_I21_B0025,LOCAL_WINDOW_HPP_BASE,40,30,21,25,202607290000,202609290401,202609290402,202609290403,202609290404,1b06562ca40c4532db2de354423a06cb3250b5439a73d141823cb4276579ed4a,f5bac1434ea5ae0c13297a7de3f606ef7cb2ae1f011d74615046cf45301b4e63,399,399,0,True,COMPLETE,3,42.148345766,0,0,8705.45454538,340.78580538,0,0,0.061259471,0,0,1.641018882,7.330163948,40.78580538
1.0,TASK3_INTERSTAGE_BUFFER_SPILLBACK_SENSITIVITY_V1,OP_INTERSTAGE_BUFFER_S30_I21_B0025,e6f3bf275aa577c9c5d8d1f0211b96c440f78c9fc953e5249ed68d565511f3bc,TASK3_OPERATIONAL_POOLED_INTERSTAGE_BAS_V1,INTERSTAGE_BUFFER_S30_I21_B0025,LOCAL_WINDOW_HPP_BASE,41,30,21,25,202607290000,202609290411,202609290412,202609290413,202609290414,e742f6eed2fa26b2a3bd7c08351cf82a65f52e76ad11dc62eba34870c8eb3843,5d870fd3bc5df0245d3a2caff1dcc59ec31067f21dadf5333c884e6616e3c548,416,416,0,True,COMPLETE,4,47.724886901,0,0,9076.36363629,334.446407899,0,0,0.389150987,0,0,6.435482243,12.906705083,34.446407899
1.0,TASK3_INTERSTAGE_BUFFER_SPILLBACK_SENSITIVITY_V1,OP_INTERSTAGE_BUFFER_S30_I21_B0025,e6f3bf275aa577c9c5d8d1f0211b96c440f78c9fc953e5249ed68d565511f3bc,TASK3_OPERATIONAL_POOLED_INTERSTAGE_BAS_V1,INTERSTAGE_BUFFER_S30_I21_B0025,LOCAL_WINDOW_HPP_BASE,42,30,21,25,202607290000,202609290421,202609290422,202609290423,202609290424,0dd4390aaf5a2d161251f438448add855b708bf988bd35e5063e0d76f2e8a5bb,249dae53c9f2d578eb55c6bcdc9570010ab7e575a3bdf8bc5b664c95e32420fe,403,403,0,True,COMPLETE,5,50.598286481,0,0,8792.72727265,344.763382741,0,0,0.034109361,0,0,3.561966593,15.780104663,44.763382741
1.0,TASK3_INTERSTAGE_BUFFER_SPILLBACK_SENSITIVITY_V1,OP_INTERSTAGE_BUFFER_S30_I21_B0025,e6f3bf275aa577c9c5d8d1f0211b96c440f78c9fc953e5249ed68d565511f3bc,TASK3_OPERATIONAL_POOLED_INTERSTAGE_BAS_V1,INTERSTAGE_BUFFER_S30_I21_B0025,LOCAL_WINDOW_HPP_BASE,43,30,21,25,202607290000,202609290431,202609290432,202609290433,202609290434,836a9355e21deec4d31c39cdcfa596bb83a8d0a992092b65b344e00acd4f6a5f,fdbcf449b5ec617901cc9632f2283bc6edabfaf27c889b55f3bd2dda5c360c6b,407,407,0,True,COMPLETE,2,44.650024562,0,0,8879.99999993,338.074437644,0,0,0.01025039,0,0,4.663426002,9.831842744,38.074437644
1.0,TASK3_INTERSTAGE_BUFFER_SPILLBACK_SENSITIVITY_V1,OP_INTERSTAGE_BUFFER_S30_I21_B0025,e6f3bf275aa577c9c5d8d1f0211b96c440f78c9fc953e5249ed68d565511f3bc,TASK3_OPERATIONAL_POOLED_INTERSTAGE_BAS_V1,INTERSTAGE_BUFFER_S30_I21_B0025,LOCAL_WINDOW_HPP_BASE,44,30,21,25,202607290000,202609290441,202609290442,202609290443,202609290444,dd5c411b266347b8dcc7aad7d80aaaa77e6281dbcb327ded0a77c0d6784a78cf,c7a62e38d8a42aa826ba7e86cd59beba35c49108095be26e5a6bec36a1c3e163,366,366,0,True,COMPLETE,3,36.736809747,0,0,7985.45454539,334.992089443,0,0,0.029114183,0,0,0.25638511,1.918627929,34.992089443
1.0,TASK3_INTERSTAGE_BUFFER_SPILLBACK_SENSITIVITY_V1,OP_INTERSTAGE_BUFFER_S30_I21_B0025,e6f3bf275aa577c9c5d8d1f0211b96c440f78c9fc953e5249ed68d565511f3bc,TASK3_OPERATIONAL_POOLED_INTERSTAGE_BAS_V1,INTERSTAGE_BUFFER_S30_I21_B0025,LOCAL_WINDOW_HPP_BASE,45,30,21,25,202607290000,202609290451,202609290452,202609290453,202609290454,94ce38590b9bd90fd7a639ff8c2697ff21de2ed0eb52e208d66a3cf6b4b51743,34a0e5fdbff79e6c2c1bcabb045e40a1432c197632a3a89fb800c50a3db5d861,399,399,0,True,COMPLETE,3,39.973043962,0,0,8705.45454538,335.34362987,0,0,0.040398883,0,0,1.195620451,5.154862144,35.34362987
1.0,TASK3_INTERSTAGE_BUFFER_SPILLBACK_SENSITIVITY_V1,OP_INTERSTAGE_BUFFER_S30_I21_B0025,e6f3bf275aa577c9c5d8d1f0211b96c440f78c9fc953e5249ed68d565511f3bc,TASK3_OPERATIONAL_POOLED_INTERSTAGE_BAS_V1,INTERSTAGE_BUFFER_S30_I21_B0025,LOCAL_WINDOW_HPP_BASE,46,30,21,25,202607290000,202609290461,202609290462,202609290463,202609290464,93ecff5700ef989a7dfce5e835a36a3b3ae7ea0e38357ad29e60e1474047a020,65c945b4fc24b3f28cf57b0cb2503fa0aee024d574e4492e3bcec6adfacd2b11,452,452,0,True,COMPLETE,1,65.903211515,0,0,9861.81818174,365.543796808,0,0,0.001757343,0,0,12.278070089,31.085029697,65.543796808
1.0,TASK3_INTERSTAGE_BUFFER_SPILLBACK_SENSITIVITY_V1,OP_INTERSTAGE_BUFFER_S30_I21_B0025,e6f3bf275aa577c9c5d8d1f0211b96c440f78c9fc953e5249ed68d565511f3bc,TASK3_OPERATIONAL_POOLED_INTERSTAGE_BAS_V1,INTERSTAGE_BUFFER_S30_I21_B0025,LOCAL_WINDOW_HPP_BASE,47,30,21,25,202607290000,202609290471,202609290472,202609290473,202609290474,7a51db150eed88f4466df9a7a2fe510ed93a6a3de9eb7d91bc6ccc4f9c8c60c8,82bab8c07ffbe2d767c6174fb8759983348881deb79417ca28361377abb4a49a,385,385,0,True,COMPLETE,3,39.42463286,0,0,8399.99999993,334.574566537,0,0,0.066882837,0,0,1.358737221,4.606451042,34.574566537
1.0,TASK3_INTERSTAGE_BUFFER_SPILLBACK_SENSITIVITY_V1,OP_INTERSTAGE_BUFFER_S30_I21_B0025,e6f3bf275aa577c9c5d8d1f0211b96c440f78c9fc953e5249ed68d565511f3bc,TASK3_OPERATIONAL_POOLED_INTERSTAGE_BAS_V1,INTERSTAGE_BUFFER_S30_I21_B0025,LOCAL_WINDOW_HPP_BASE,48,30,21,25,202607290000,202609290481,202609290482,202609290483,202609290484,b11ed7d780023cfb2d4fe23c95404a3c91bdaa4afd7510b9d2fa014dbb609b4d,4b3dcd29078db00639cd2cca69afbe47d9d63149fff75e5354e09ccd05404856,416,416,0,True,COMPLETE,3,48.726083117,0,0,9076.36363629,341.721071536,0,0,0.114487575,0,0,4.76328374,13.907901299,41.721071536
1.0,TASK3_INTERSTAGE_BUFFER_SPILLBACK_SENSITIVITY_V1,OP_INTERSTAGE_BUFFER_S30_I21_B0025,e6f3bf275aa577c9c5d8d1f0211b96c440f78c9fc953e5249ed68d565511f3bc,TASK3_OPERATIONAL_POOLED_INTERSTAGE_BAS_V1,INTERSTAGE_BUFFER_S30_I21_B0025,LOCAL_WINDOW_HPP_BASE,49,30,21,25,202607290000,202609290491,202609290492,202609290493,202609290494,20d9bedd6f1074dbfa0de68f3e211fcc97256209fde2f676fc9bbed862f514ce,c4f8ec64c6b0ff229ef82e2843da4b64ff67df9aca7ca9ab9d62cd3768d9b1e2,423,423,0,True,COMPLETE,1,49.303527647,0,0,9229.09090901,346.248657945,0,0,0,0,0,8.467847565,14.485345829,46.248657945
1.0,TASK3_INTERSTAGE_BUFFER_SPILLBACK_SENSITIVITY_V1,OP_INTERSTAGE_BUFFER_S30_I21_B0025,e6f3bf275aa577c9c5d8d1f0211b96c440f78c9fc953e5249ed68d565511f3bc,TASK3_OPERATIONAL_POOLED_INTERSTAGE_BAS_V1,INTERSTAGE_BUFFER_S30_I21_B0025,LOCAL_WINDOW_HPP_BASE,50,30,21,25,202607290000,202609290501,202609290502,202609290503,202609290504,8cd9aa68d6bccc1314125620d24c7feda08ca1a772edd0d6000b532a7dcbab10,4a7acb1ac942741ec0e994beaf626f7b22c48692f69959e09efa517408b240df,414,414,0,True,COMPLETE,3,46.167362051,0,0,9032.72727265,345.522154376,0,0,0.205126337,0,0,4.405374677,11.349180233,45.522154376
1.0,TASK3_INTERSTAGE_BUFFER_SPILLBACK_SENSITIVITY_V1,OP_INTERSTAGE_BUFFER_S30_I21_B0050,22ce1cd9a7c0d1668c2e32ff6636884e6aa1a2171893856f23595d782e4b1707,TASK3_OPERATIONAL_POOLED_INTERSTAGE_BAS_V1,INTERSTAGE_BUFFER_S30_I21_B0050,LOCAL_WINDOW_HPP_BASE,1,30,21,50,202607290000,202609290011,202609290012,202609290013,202609290014,31e6bdc1d2ef8a1c405ad97234fa6e4061fddb9374fcc548c8bbcb4d26f00365,142f146b86de6660507003db51f3bc2d582ad31b457916c48d6d222d529549e4,396,396,0,True,COMPLETE,9,41.194196476,0,0,8639.99999993,334.701527801,0,0,0.285367742,0,0,1.985890843,6.376014658,34.701527801
1.0,TASK3_INTERSTAGE_BUFFER_SPILLBACK_SENSITIVITY_V1,OP_INTERSTAGE_BUFFER_S30_I21_B0050,22ce1cd9a7c0d1668c2e32ff6636884e6aa1a2171893856f23595d782e4b1707,TASK3_OPERATIONAL_POOLED_INTERSTAGE_BAS_V1,INTERSTAGE_BUFFER_S30_I21_B0050,LOCAL_WINDOW_HPP_BASE,2,30,21,50,202607290000,202609290021,202609290022,202609290023,202609290024,4d35127c711b602608f0d85daefccba0b0f2b5b19bd8b23357536b1a39588f36,347f47106db5af68b8a646e89b6d60f4084d7f0c762b9df5b841589261fafb81,442,442,0,True,COMPLETE,5,51.506322741,0,0,9643.63636356,357.641675253,0,0,0.210776783,0,0,8.188273849,16.688140923,57.641675253
1.0,TASK3_INTERSTAGE_BUFFER_SPILLBACK_SENSITIVITY_V1,OP_INTERSTAGE_BUFFER_S30_I21_B0050,22ce1cd9a7c0d1668c2e32ff6636884e6aa1a2171893856f23595d782e4b1707,TASK3_OPERATIONAL_POOLED_INTERSTAGE_BAS_V1,INTERSTAGE_BUFFER_S30_I21_B0050,LOCAL_WINDOW_HPP_BASE,3,30,21,50,202607290000,202609290031,202609290032,202609290033,202609290034,35e1df60a7cbbe5e78a544aba79225b60549c252fea949bd4f8da455c8ed7c24,f6615f5d2d770038f41c82a91fb7679545bc546bb015e124c09a3ff021d67d37,393,393,0,True,COMPLETE,5,42.230785271,0,0,8574.54545447,334.76039242,0,0,0.048860459,0,0,1.701980505,7.412603453,34.76039242
1.0,TASK3_INTERSTAGE_BUFFER_SPILLBACK_SENSITIVITY_V1,OP_INTERSTAGE_BUFFER_S30_I21_B0050,22ce1cd9a7c0d1668c2e32ff6636884e6aa1a2171893856f23595d782e4b1707,TASK3_OPERATIONAL_POOLED_INTERSTAGE_BAS_V1,INTERSTAGE_BUFFER_S30_I21_B0050,LOCAL_WINDOW_HPP_BASE,4,30,21,50,202607290000,202609290041,202609290042,202609290043,202609290044,517956b50856de8caf2209257c61021a9a9e6f6e1648b595019dc89b04bf1035,c72ecf81690c791014337f10342e0302ef29000fa789c4bf26ccf95bcc464c29,410,410,0,True,COMPLETE,1,43.986668714,0,0,8945.45454538,345.494382333,0,0,0.007786517,0,0,2.205122388,9.168486896,45.494382333
1.0,TASK3_INTERSTAGE_BUFFER_SPILLBACK_SENSITIVITY_V1,OP_INTERSTAGE_BUFFER_S30_I21_B0050,22ce1cd9a7c0d1668c2e32ff6636884e6aa1a2171893856f23595d782e4b1707,TASK3_OPERATIONAL_POOLED_INTERSTAGE_BAS_V1,INTERSTAGE_BUFFER_S30_I21_B0050,LOCAL_WINDOW_HPP_BASE,5,30,21,50,202607290000,202609290051,202609290052,202609290053,202609290054,1c0c1796fa49590094aa5fc09f16770360e450693694bb006b2f257e5121a904,0a5094fea492adbde2e12011bf467efb57c623d793e94925d70f1181f1a4d537,388,388,0,True,COMPLETE,4,41.757948238,0,0,8465.45454538,333.55701864,0,0,0.030557001,0,0,3.39172309,6.93976642,33.55701864
1.0,TASK3_INTERSTAGE_BUFFER_SPILLBACK_SENSITIVITY_V1,OP_INTERSTAGE_BUFFER_S30_I21_B0050,22ce1cd9a7c0d1668c2e32ff6636884e6aa1a2171893856f23595d782e4b1707,TASK3_OPERATIONAL_POOLED_INTERSTAGE_BAS_V1,INTERSTAGE_BUFFER_S30_I21_B0050,LOCAL_WINDOW_HPP_BASE,6,30,21,50,202607290000,202609290061,202609290062,202609290063,202609290064,b49018c734c046f708e0c9477d532bce1e554afccdfe09b446442a6fcd5e8096,a7a583411fe09d67182a56081478430539ea6b10e72a5137a93645936a5b86e7,419,419,0,True,COMPLETE,4,49.070239897,0,0,9141.81818174,348.236605114,0,0,0.17402416,0,0,6.744901486,14.252058079,48.236605114
1.0,TASK3_INTERSTAGE_BUFFER_SPILLBACK_SENSITIVITY_V1,OP_INTERSTAGE_BUFFER_S30_I21_B0050,22ce1cd9a7c0d1668c2e32ff6636884e6aa1a2171893856f23595d782e4b1707,TASK3_OPERATIONAL_POOLED_INTERSTAGE_BAS_V1,INTERSTAGE_BUFFER_S30_I21_B0050,LOCAL_WINDOW_HPP_BASE,7,30,21,50,202607290000,202609290071,202609290072,202609290073,202609290074,ff30a02a8705dd072c1ff3254287f5798cd899e7ccaa57325aa71d83c4227499,25f8046e3b4e8dc2c44fa31a87f9dc0e0f718741936f7713bbdbed60e19c584a,408,408,0,True,COMPLETE,3,41.312447948,0,0,8901.81818174,339.313356839,0,0,0.021165646,0,0,2.265761079,6.49426613,39.313356839
1.0,TASK3_INTERSTAGE_BUFFER_SPILLBACK_SENSITIVITY_V1,OP_INTERSTAGE_BUFFER_S30_I21_B0050,22ce1cd9a7c0d1668c2e32ff6636884e6aa1a2171893856f23595d782e4b1707,TASK3_OPERATIONAL_POOLED_INTERSTAGE_BAS_V1,INTERSTAGE_BUFFER_S30_I21_B0050,LOCAL_WINDOW_HPP_BASE,8,30,21,50,202607290000,202609290081,202609290082,202609290083,202609290084,54f93c71470006da3a09c89dff95a83b1ea870754262c91608af5dbcb90a4ed8,1dcb96b49367e30beb1e7f3390bb41c1ad92c1e562ff2dbda94e0d00de9d0ba6,442,442,0,True,COMPLETE,4,62.512071528,0,0,9643.63636356,354.051948113,0,0,0.258582339,0,0,15.415187704,27.69388971,54.051948113
1.0,TASK3_INTERSTAGE_BUFFER_SPILLBACK_SENSITIVITY_V1,OP_INTERSTAGE_BUFFER_S30_I21_B0050,22ce1cd9a7c0d1668c2e32ff6636884e6aa1a2171893856f23595d782e4b1707,TASK3_OPERATIONAL_POOLED_INTERSTAGE_BAS_V1,INTERSTAGE_BUFFER_S30_I21_B0050,LOCAL_WINDOW_HPP_BASE,9,30,21,50,202607290000,202609290091,202609290092,202609290093,202609290094,eac0a9ee1817f7bfb8075caeca7e7b36c575a89b37d84ba4e00528b85d326525,55d1f16a89b9ed9980c2ee942ca69e94f25cfc11de0ea4947a0279670d7811ec,395,395,0,True,COMPLETE,3,45.284753721,0,0,8618.18181811,337.243295705,0,0,0.06653634,0,0,2.788918979,10.466571903,37.243295705
1.0,TASK3_INTERSTAGE_BUFFER_SPILLBACK_SENSITIVITY_V1,OP_INTERSTAGE_BUFFER_S30_I21_B0050,22ce1cd9a7c0d1668c2e32ff6636884e6aa1a2171893856f23595d782e4b1707,TASK3_OPERATIONAL_POOLED_INTERSTAGE_BAS_V1,INTERSTAGE_BUFFER_S30_I21_B0050,LOCAL_WINDOW_HPP_BASE,10,30,21,50,202607290000,202609290101,202609290102,202609290103,202609290104,9835da0b922279edffb5e025c97a589df839a34d56b76352d0e37c4e312314e2,4e12bc4199820dbeb4a59d4cccf6f3111573db6002ec6e947243a929f2b5371a,394,394,0,True,COMPLETE,1,40.916117606,0,0,8596.36363629,337.37319999,0,0,0.009164573,0,0,1.892542612,6.097935788,37.37319999
1.0,TASK3_INTERSTAGE_BUFFER_SPILLBACK_SENSITIVITY_V1,OP_INTERSTAGE_BUFFER_S30_I21_B0050,22ce1cd9a7c0d1668c2e32ff6636884e6aa1a2171893856f23595d782e4b1707,TASK3_OPERATIONAL_POOLED_INTERSTAGE_BAS_V1,INTERSTAGE_BUFFER_S30_I21_B0050,LOCAL_WINDOW_HPP_BASE,11,30,21,50,202607290000,202609290111,202609290112,202609290113,202609290114,e26ea32112b34145f4597dc880d3a97e418100915aec81290d81c7e107c90440,39e4d844358a4edbb52b92c10a799bba828e460fc372fd37518d532d29e51b83,409,409,0,True,COMPLETE,3,50.342042859,0,0,8923.63636356,334.795505588,0,0,0.161259233,0,0,8.000577278,15.523861041,34.795505588
1.0,TASK3_INTERSTAGE_BUFFER_SPILLBACK_SENSITIVITY_V1,OP_INTERSTAGE_BUFFER_S30_I21_B0050,22ce1cd9a7c0d1668c2e32ff6636884e6aa1a2171893856f23595d782e4b1707,TASK3_OPERATIONAL_POOLED_INTERSTAGE_BAS_V1,INTERSTAGE_BUFFER_S30_I21_B0050,LOCAL_WINDOW_HPP_BASE,12,30,21,50,202607290000,202609290121,202609290122,202609290123,202609290124,5e7768403d04cd908a3f12851404b41158d2d801bc5bd7a60cb446d326e51a1e,b37e139bf989cbf77ea462f4a0c9d53cd0dc867e4ebbdcc53583c417f2591f0a,423,423,0,True,COMPLETE,2,50.53150313,0,0,9229.09090901,346.854902534,0,0,0.003241634,0,0,6.312880067,15.713321312,46.854902534
1.0,TASK3_INTERSTAGE_BUFFER_SPILLBACK_SENSITIVITY_V1,OP_INTERSTAGE_BUFFER_S30_I21_B0050,22ce1cd9a7c0d1668c2e32ff6636884e6aa1a2171893856f23595d782e4b1707,TASK3_OPERATIONAL_POOLED_INTERSTAGE_BAS_V1,INTERSTAGE_BUFFER_S30_I21_B0050,LOCAL_WINDOW_HPP_BASE,13,30,21,50,202607290000,202609290131,202609290132,202609290133,202609290134,69e477aaf4e576a701c05b406551638599850e496647ab10d50e22a09df77e45,96405049a45f6ced6fb101105d975bbfa9bd0effc3418143f5511fe4678887ad,455,455,0,True,COMPLETE,2,73.22008241,0,0,9927.27272719,365.663985538,0,0,0.015235809,0,0,21.582012641,38.401900592,65.663985538
1.0,TASK3_INTERSTAGE_BUFFER_SPILLBACK_SENSITIVITY_V1,OP_INTERSTAGE_BUFFER_S30_I21_B0050,22ce1cd9a7c0d1668c2e32ff6636884e6aa1a2171893856f23595d782e4b1707,TASK3_OPERATIONAL_POOLED_INTERSTAGE_BAS_V1,INTERSTAGE_BUFFER_S30_I21_B0050,LOCAL_WINDOW_HPP_BASE,14,30,21,50,202607290000,202609290141,202609290142,202609290143,202609290144,3eb39892a20a0217390af48a30eb92cec434086b31c5fbf488d43be5446e9859,ba8b0b7fe0e46a7f89d4262f26c3c4d1da19439a3a6907f32b42e46742b06f05,374,374,0,True,COMPLETE,3,41.642599388,0,0,8159.99999993,333.71948482,0,0,0.024316314,0,0,1.943726799,6.82441757,33.71948482
1.0,TASK3_INTERSTAGE_BUFFER_SPILLBACK_SENSITIVITY_V1,OP_INTERSTAGE_BUFFER_S30_I21_B0050,22ce1cd9a7c0d1668c2e32ff6636884e6aa1a2171893856f23595d782e4b1707,TASK3_OPERATIONAL_POOLED_INTERSTAGE_BAS_V1,INTERSTAGE_BUFFER_S30_I21_B0050,LOCAL_WINDOW_HPP_BASE,15,30,21,50,202607290000,202609290151,202609290152,202609290153,202609290154,d82c12f4cfea7164cb5733106a1ae810c4423998e23cd815b08d87f04e59a279,d07a96f61890557a8f482a21c31f65f56dfccef569a74e69ee897200df40c595,386,386,0,True,COMPLETE,1,43.967793876,0,0,8421.81818175,334.527978762,0,0,0,0,0,2.024978382,9.149612058,34.527978762
1.0,TASK3_INTERSTAGE_BUFFER_SPILLBACK_SENSITIVITY_V1,OP_INTERSTAGE_BUFFER_S30_I21_B0050,22ce1cd9a7c0d1668c2e32ff6636884e6aa1a2171893856f23595d782e4b1707,TASK3_OPERATIONAL_POOLED_INTERSTAGE_BAS_V1,INTERSTAGE_BUFFER_S30_I21_B0050,LOCAL_WINDOW_HPP_BASE,16,30,21,50,202607290000,202609290161,202609290162,202609290163,202609290164,0ae1ee517aa6d11e558f4c00fe5498a73acf57ac7aa460688e506807cd2377c5,613f9c4d4af77d8dfcd9ff625450c1cb39c5e9c7af45fa6648a31aa570d7c881,401,401,0,True,COMPLETE,3,44.677787646,0,0,8749.09090902,347.043596148,0,0,0.066576074,0,0,2.05946763,9.859605828,47.043596148
1.0,TASK3_INTERSTAGE_BUFFER_SPILLBACK_SENSITIVITY_V1,OP_INTERSTAGE_BUFFER_S30_I21_B0050,22ce1cd9a7c0d1668c2e32ff6636884e6aa1a2171893856f23595d782e4b1707,TASK3_OPERATIONAL_POOLED_INTERSTAGE_BAS_V1,INTERSTAGE_BUFFER_S30_I21_B0050,LOCAL_WINDOW_HPP_BASE,17,30,21,50,202607290000,202609290171,202609290172,202609290173,202609290174,266dcbc6ee1a46ff9a3287bdadc591ad304f0578cdc09e7eaa613da4fa246a45,55547ab32d6e12852c49b0e98b2c544fd3750d197c0e3ec8a50828c231c630ff,429,429,0,True,COMPLETE,1,53.32142025,0,0,9359.99999992,351.077133134,0,0,0.038679571,0,0,7.488261389,18.503238432,51.077133134
1.0,TASK3_INTERSTAGE_BUFFER_SPILLBACK_SENSITIVITY_V1,OP_INTERSTAGE_BUFFER_S30_I21_B0050,22ce1cd9a7c0d1668c2e32ff6636884e6aa1a2171893856f23595d782e4b1707,TASK3_OPERATIONAL_POOLED_INTERSTAGE_BAS_V1,INTERSTAGE_BUFFER_S30_I21_B0050,LOCAL_WINDOW_HPP_BASE,18,30,21,50,202607290000,202609290181,202609290182,202609290183,202609290184,9ccc0530a0134e0b888b20445eb14e148598546e5aceabfc5061c8ef4ad820af,968187028845afe8b08d677322d903c502412e31ed7bf554896777aa9c84f6fd,419,419,0,True,COMPLETE,1,48.100525201,0,0,9141.81818174,344.706080815,0,0,0.001547844,0,0,6.54835657,13.282343383,44.706080815
1.0,TASK3_INTERSTAGE_BUFFER_SPILLBACK_SENSITIVITY_V1,OP_INTERSTAGE_BUFFER_S30_I21_B0050,22ce1cd9a7c0d1668c2e32ff6636884e6aa1a2171893856f23595d782e4b1707,TASK3_OPERATIONAL_POOLED_INTERSTAGE_BAS_V1,INTERSTAGE_BUFFER_S30_I21_B0050,LOCAL_WINDOW_HPP_BASE,19,30,21,50,202607290000,202609290191,202609290192,202609290193,202609290194,4000364c613df0f2b76ec1e06efee1dd2f6437fbbda80bf583e14b9a41851e74,5d0fd4a4f162a1f882d5e7dea67e39fa5a3be942961685313e2c1fba4cb72692,445,445,0,True,COMPLETE,3,57.962409453,0,0,9709.09090901,362.564424231,0,0,0.04783978,0,0,8.673911441,23.144227635,62.564424231
1.0,TASK3_INTERSTAGE_BUFFER_SPILLBACK_SENSITIVITY_V1,OP_INTERSTAGE_BUFFER_S30_I21_B0050,22ce1cd9a7c0d1668c2e32ff6636884e6aa1a2171893856f23595d782e4b1707,TASK3_OPERATIONAL_POOLED_INTERSTAGE_BAS_V1,INTERSTAGE_BUFFER_S30_I21_B0050,LOCAL_WINDOW_HPP_BASE,20,30,21,50,202607290000,202609290201,202609290202,202609290203,202609290204,22af0208faf3e7bb7b1fd2139f02c55620aac4f2ea1e4c03d676e0e2fbf2c0d7,9144946329e150b50340cf04ee4847f442515bc57e4b0113089ed26bdc988298,418,418,0,True,COMPLETE,2,46.524616427,0,0,9119.99999992,339.80680582,0,0,0.075622669,0,0,4.859443425,11.706434609,39.80680582
1.0,TASK3_INTERSTAGE_BUFFER_SPILLBACK_SENSITIVITY_V1,OP_INTERSTAGE_BUFFER_S30_I21_B0050,22ce1cd9a7c0d1668c2e32ff6636884e6aa1a2171893856f23595d782e4b1707,TASK3_OPERATIONAL_POOLED_INTERSTAGE_BAS_V1,INTERSTAGE_BUFFER_S30_I21_B0050,LOCAL_WINDOW_HPP_BASE,21,30,21,50,202607290000,202609290211,202609290212,202609290213,202609290214,2a7611076323f09eed801a9545289fd21d2971296a52a95e582b9262ed9c7b81,35c7bbf683d108ab718d95c91fe500ed216ad7e957dbed2cb89718e47fcf0b6f,417,417,0,True,COMPLETE,3,52.80831223,0,0,9098.18181811,353.917486944,0,0,0.039099371,0,0,6.595380532,17.990130412,53.917486944
1.0,TASK3_INTERSTAGE_BUFFER_SPILLBACK_SENSITIVITY_V1,OP_INTERSTAGE_BUFFER_S30_I21_B0050,22ce1cd9a7c0d1668c2e32ff6636884e6aa1a2171893856f23595d782e4b1707,TASK3_OPERATIONAL_POOLED_INTERSTAGE_BAS_V1,INTERSTAGE_BUFFER_S30_I21_B0050,LOCAL_WINDOW_HPP_BASE,22,30,21,50,202607290000,202609290221,202609290222,202609290223,202609290224,99914cad9248df9995c6da58ff02cb023397c509e2faa36fd87c0381ebea62f5,0a77442a8b8650d13429770f4ca750a1678cb050674dc6242933649eb75051f5,410,410,0,True,COMPLETE,2,42.372589659,0,0,8945.45454538,337.40104162,0,0,0.013170366,0,0,3.166326361,7.554407841,37.40104162
1.0,TASK3_INTERSTAGE_BUFFER_SPILLBACK_SENSITIVITY_V1,OP_INTERSTAGE_BUFFER_S30_I21_B0050,22ce1cd9a7c0d1668c2e32ff6636884e6aa1a2171893856f23595d782e4b1707,TASK3_OPERATIONAL_POOLED_INTERSTAGE_BAS_V1,INTERSTAGE_BUFFER_S30_I21_B0050,LOCAL_WINDOW_HPP_BASE,23,30,21,50,202607290000,202609290231,202609290232,202609290233,202609290234,9b82bad9092b604f3c77ccc8d27db8fa85c889760667ed7597a0de4b62c2a1d0,f9d0081e57265774248fb4bd8df2078d980534e8978e1fb9c6c340ca38383d24,439,439,0,True,COMPLETE,5,57.141855548,0,0,9578.1818181,350.845863418,0,0,0.715488783,0,0,13.277101172,22.32367373,50.845863418
1.0,TASK3_INTERSTAGE_BUFFER_SPILLBACK_SENSITIVITY_V1,OP_INTERSTAGE_BUFFER_S30_I21_B0050,22ce1cd9a7c0d1668c2e32ff6636884e6aa1a2171893856f23595d782e4b1707,TASK3_OPERATIONAL_POOLED_INTERSTAGE_BAS_V1,INTERSTAGE_BUFFER_S30_I21_B0050,LOCAL_WINDOW_HPP_BASE,24,30,21,50,202607290000,202609290241,202609290242,202609290243,202609290244,66f5f2028f433422e88c253b8a0edb196a2d079c1e1557a0df63670d8716ce12,456453418b8833139303ad8fcdc9010dec900ab683baa6967e377fe7989051f4,412,412,0,True,COMPLETE,3,42.299931565,0,0,8989.09090902,343.244347906,0,0,0.122209955,0,0,2.196329332,7.481749747,43.244347906
1.0,TASK3_INTERSTAGE_BUFFER_SPILLBACK_SENSITIVITY_V1,OP_INTERSTAGE_BUFFER_S30_I21_B0050,22ce1cd9a7c0d1668c2e32ff6636884e6aa1a2171893856f23595d782e4b1707,TASK3_OPERATIONAL_POOLED_INTERSTAGE_BAS_V1,INTERSTAGE_BUFFER_S30_I21_B0050,LOCAL_WINDOW_HPP_BASE,25,30,21,50,202607290000,202609290251,202609290252,202609290253,202609290254,024a59b70dba379a9ff49f76d780488d576d3e793221feb47812b1c97a5c8de5,007f908924f2261ce644e2d0174711f1c6ab91862d67b130586dad7c62aea876,424,424,0,True,COMPLETE,1,51.897166425,0,0,9250.90909083,347.340641649,0,0,0.045481911,0,0,8.014356686,17.078984607,47.340641649
1.0,TASK3_INTERSTAGE_BUFFER_SPILLBACK_SENSITIVITY_V1,OP_INTERSTAGE_BUFFER_S30_I21_B0050,22ce1cd9a7c0d1668c2e32ff6636884e6aa1a2171893856f23595d782e4b1707,TASK3_OPERATIONAL_POOLED_INTERSTAGE_BAS_V1,INTERSTAGE_BUFFER_S30_I21_B0050,LOCAL_WINDOW_HPP_BASE,26,30,21,50,202607290000,202609290261,202609290262,202609290263,202609290264,d4868d98ad8429fda4f8019f736954e52ea7e14f7c0a7995934c0a195358df7c,5ea3b1143ccea218e8802b266cccb855ff95ecc97c2e6f8e21eaf4694304d863,419,419,0,True,COMPLETE,4,48.565743456,0,0,9141.81818174,344.821364385,0,0,0.205477719,0,0,7.279221941,13.747561638,44.821364385
1.0,TASK3_INTERSTAGE_BUFFER_SPILLBACK_SENSITIVITY_V1,OP_INTERSTAGE_BUFFER_S30_I21_B0050,22ce1cd9a7c0d1668c2e32ff6636884e6aa1a2171893856f23595d782e4b1707,TASK3_OPERATIONAL_POOLED_INTERSTAGE_BAS_V1,INTERSTAGE_BUFFER_S30_I21_B0050,LOCAL_WINDOW_HPP_BASE,27,30,21,50,202607290000,202609290271,202609290272,202609290273,202609290274,5a446675b5eabb5e9801c5cb48a56e2edc440bdd55794e800b4004c3a831785e,5da64f60936ec951af2104c8f3d0e9a3c31298e6dfcf74a0fbf0951c03978982,410,410,0,True,COMPLETE,3,43.185153994,0,0,8945.45454538,343.512356311,0,0,0.063480738,0,0,2.598750216,8.366972176,43.512356311
1.0,TASK3_INTERSTAGE_BUFFER_SPILLBACK_SENSITIVITY_V1,OP_INTERSTAGE_BUFFER_S30_I21_B0050,22ce1cd9a7c0d1668c2e32ff6636884e6aa1a2171893856f23595d782e4b1707,TASK3_OPERATIONAL_POOLED_INTERSTAGE_BAS_V1,INTERSTAGE_BUFFER_S30_I21_B0050,LOCAL_WINDOW_HPP_BASE,28,30,21,50,202607290000,202609290281,202609290282,202609290283,202609290284,0f3e1190ac4f1693916db3ba9929255341722bae891e07cdf71baa4c601d838c,c006b781a8ab47bbd82abd4392303784d420b2108d78c11edb93c4c41c846957,392,392,0,True,COMPLETE,5,41.696750326,0,0,8552.72727266,340.839365517,0,0,0.075382041,0,0,1.709103038,6.878568508,40.839365517
1.0,TASK3_INTERSTAGE_BUFFER_SPILLBACK_SENSITIVITY_V1,OP_INTERSTAGE_BUFFER_S30_I21_B0050,22ce1cd9a7c0d1668c2e32ff6636884e6aa1a2171893856f23595d782e4b1707,TASK3_OPERATIONAL_POOLED_INTERSTAGE_BAS_V1,INTERSTAGE_BUFFER_S30_I21_B0050,LOCAL_WINDOW_HPP_BASE,29,30,21,50,202607290000,202609290291,202609290292,202609290293,202609290294,4f539bb4dc4ef85cd6680029b58c0bcee550f12c95a0df5922e50b2aab3e2e2b,9f8b2dac505b82dbf5a453a94e1863e27199fcc3ce9520e61def69e8a0205bfb,424,424,0,True,COMPLETE,6,49.01987168,0,0,9250.90909083,346.059949983,0,0,0.208795423,0,0,5.893331251,14.201689862,46.059949983
1.0,TASK3_INTERSTAGE_BUFFER_SPILLBACK_SENSITIVITY_V1,OP_INTERSTAGE_BUFFER_S30_I21_B0050,22ce1cd9a7c0d1668c2e32ff6636884e6aa1a2171893856f23595d782e4b1707,TASK3_OPERATIONAL_POOLED_INTERSTAGE_BAS_V1,INTERSTAGE_BUFFER_S30_I21_B0050,LOCAL_WINDOW_HPP_BASE,30,30,21,50,202607290000,202609290301,202609290302,202609290303,202609290304,7a068d5d9301e48725db05a531ec1b934cee9bb136cf57d44743de327af49e95,ebe6ab3633e8ab4bea3305fa1f067d3a50ed548bd43b2f349e29b73e60e32b0b,408,408,0,True,COMPLETE,3,44.82126489,0,0,8901.81818174,346.946076603,0,0,0.031062998,0,0,2.585008672,10.003083072,46.946076603
1.0,TASK3_INTERSTAGE_BUFFER_SPILLBACK_SENSITIVITY_V1,OP_INTERSTAGE_BUFFER_S30_I21_B0050,22ce1cd9a7c0d1668c2e32ff6636884e6aa1a2171893856f23595d782e4b1707,TASK3_OPERATIONAL_POOLED_INTERSTAGE_BAS_V1,INTERSTAGE_BUFFER_S30_I21_B0050,LOCAL_WINDOW_HPP_BASE,31,30,21,50,202607290000,202609290311,202609290312,202609290313,202609290314,fe79fd3f1857eadd12059b816ae5dc78c5400c580deb55ff1ade6616157c5322,e69803f0da91359096699b5ebb9a7048de2aa29218489e02d000a3dbc95e9d8d,425,425,0,True,COMPLETE,1,49.680363794,0,0,9272.72727265,347.155472148,0,0,5.898e-05,0,0,5.026639677,14.862181976,47.155472148
1.0,TASK3_INTERSTAGE_BUFFER_SPILLBACK_SENSITIVITY_V1,OP_INTERSTAGE_BUFFER_S30_I21_B0050,22ce1cd9a7c0d1668c2e32ff6636884e6aa1a2171893856f23595d782e4b1707,TASK3_OPERATIONAL_POOLED_INTERSTAGE_BAS_V1,INTERSTAGE_BUFFER_S30_I21_B0050,LOCAL_WINDOW_HPP_BASE,32,30,21,50,202607290000,202609290321,202609290322,202609290323,202609290324,a107a39217451ab24221e19dee1c92d58883e07cc0f49dfe3e038c20225d5cc4,f484f46e26f265dcebf85e8e7122f383d7030321dbd52ca25e1db83f7bf4257e,395,395,0,True,COMPLETE,5,40.925121381,0,0,8618.18181811,341.049557503,0,0,0.183628129,0,0,1.622578639,6.106939563,41.049557503
1.0,TASK3_INTERSTAGE_BUFFER_SPILLBACK_SENSITIVITY_V1,OP_INTERSTAGE_BUFFER_S30_I21_B0050,22ce1cd9a7c0d1668c2e32ff6636884e6aa1a2171893856f23595d782e4b1707,TASK3_OPERATIONAL_POOLED_INTERSTAGE_BAS_V1,INTERSTAGE_BUFFER_S30_I21_B0050,LOCAL_WINDOW_HPP_BASE,33,30,21,50,202607290000,202609290331,202609290332,202609290333,202609290334,13f6ae62d1d578037e3c74454e4ba06f754623501488a41e226a82d60d228b73,807cb2fa6993937636344f0ff61bc28755a9c92f9a796fc3d78bd43e4b6c26b1,428,428,0,True,COMPLETE,1,50.334377029,0,0,9338.1818181,344.316397021,0,0,0.0411047,0,0,7.629088316,15.516195211,44.316397021
1.0,TASK3_INTERSTAGE_BUFFER_SPILLBACK_SENSITIVITY_V1,OP_INTERSTAGE_BUFFER_S30_I21_B0050,22ce1cd9a7c0d1668c2e32ff6636884e6aa1a2171893856f23595d782e4b1707,TASK3_OPERATIONAL_POOLED_INTERSTAGE_BAS_V1,INTERSTAGE_BUFFER_S30_I21_B0050,LOCAL_WINDOW_HPP_BASE,34,30,21,50,202607290000,202609290341,202609290342,202609290343,202609290344,e652f3fee095b11115f8e98b70447f6b3452056f93691b94c53bd0448f96f318,a3293a4791a8af052261980264669be2415de3eff332657344c4f17691bbc2d0,426,426,0,True,COMPLETE,2,46.691268029,0,0,9294.54545447,348.682539611,0,0,0.027502981,0,0,2.751639438,11.873086211,48.682539611
1.0,TASK3_INTERSTAGE_BUFFER_SPILLBACK_SENSITIVITY_V1,OP_INTERSTAGE_BUFFER_S30_I21_B0050,22ce1cd9a7c0d1668c2e32ff6636884e6aa1a2171893856f23595d782e4b1707,TASK3_OPERATIONAL_POOLED_INTERSTAGE_BAS_V1,INTERSTAGE_BUFFER_S30_I21_B0050,LOCAL_WINDOW_HPP_BASE,35,30,21,50,202607290000,202609290351,202609290352,202609290353,202609290354,814344a6d5dc851daea1f0ccbdcf11d8d7ad5b6270b2c7b88b78878473c58e66,aadfa24050711f49598835df99d004a47d5eac7880aac24c926cd8ea57bf961f,451,451,0,True,COMPLETE,1,54.172234397,0,0,9839.99999992,363.035325347,0,0,0,0,0,7.881304533,19.354052579,63.035325347
1.0,TASK3_INTERSTAGE_BUFFER_SPILLBACK_SENSITIVITY_V1,OP_INTERSTAGE_BUFFER_S30_I21_B0050,22ce1cd9a7c0d1668c2e32ff6636884e6aa1a2171893856f23595d782e4b1707,TASK3_OPERATIONAL_POOLED_INTERSTAGE_BAS_V1,INTERSTAGE_BUFFER_S30_I21_B0050,LOCAL_WINDOW_HPP_BASE,36,30,21,50,202607290000,202609290361,202609290362,202609290363,202609290364,ac7b15bb6dd2587714d12b8ab6df1c128d5cd9c9bf065fbba1dd39ebfe22f766,7772c33921cb89719796c13a4fff82ac978618f8dc0660676790ec5a3e00895b,414,414,0,True,COMPLETE,3,41.799074857,0,0,9032.72727265,337.588051697,0,0,0.02228444,0,0,2.401690821,6.980893039,37.588051697
1.0,TASK3_INTERSTAGE_BUFFER_SPILLBACK_SENSITIVITY_V1,OP_INTERSTAGE_BUFFER_S30_I21_B0050,22ce1cd9a7c0d1668c2e32ff6636884e6aa1a2171893856f23595d782e4b1707,TASK3_OPERATIONAL_POOLED_INTERSTAGE_BAS_V1,INTERSTAGE_BUFFER_S30_I21_B0050,LOCAL_WINDOW_HPP_BASE,37,30,21,50,202607290000,202609290371,202609290372,202609290373,202609290374,0c48c3005a1f806ca43594a7fe8b65a823b4d0e14de3286a1c43ec10fae6e8d8,3ff36b590684f84934164813d58a798834dc852162e53bedad0e49ba5b5a97a9,408,408,0,True,COMPLETE,3,45.622989904,0,0,8901.81818174,338.903342094,0,0,0.066785457,0,0,3.094222558,10.804808086,38.903342094
1.0,TASK3_INTERSTAGE_BUFFER_SPILLBACK_SENSITIVITY_V1,OP_INTERSTAGE_BUFFER_S30_I21_B0050,22ce1cd9a7c0d1668c2e32ff6636884e6aa1a2171893856f23595d782e4b1707,TASK3_OPERATIONAL_POOLED_INTERSTAGE_BAS_V1,INTERSTAGE_BUFFER_S30_I21_B0050,LOCAL_WINDOW_HPP_BASE,38,30,21,50,202607290000,202609290381,202609290382,202609290383,202609290384,cdd5c5d0215e72c607d45885cbf50b6649adbbe5880fc8e6dab73573cfc87acd,ee41e4dcb3a060067b2c6bffecb48e4ee005d3faf6c9a55d842da07035623a52,406,406,0,True,COMPLETE,1,43.341462601,0,0,8858.18181811,335.497974735,0,0,0,0,0,3.046974042,8.523280783,35.497974735
1.0,TASK3_INTERSTAGE_BUFFER_SPILLBACK_SENSITIVITY_V1,OP_INTERSTAGE_BUFFER_S30_I21_B0050,22ce1cd9a7c0d1668c2e32ff6636884e6aa1a2171893856f23595d782e4b1707,TASK3_OPERATIONAL_POOLED_INTERSTAGE_BAS_V1,INTERSTAGE_BUFFER_S30_I21_B0050,LOCAL_WINDOW_HPP_BASE,39,30,21,50,202607290000,202609290391,202609290392,202609290393,202609290394,326272c4de29b05923793b77cd6b8a2425bf38488b2e989c4814c75879e36076,7b35bf859772589c44add8b811ea7d59152bb4a3ca5b96e059fac022f85c4250,388,388,0,True,COMPLETE,4,43.679449805,0,0,8465.45454538,348.213625514,0,0,0.077735301,0,0,2.490110431,8.861267987,48.213625514
1.0,TASK3_INTERSTAGE_BUFFER_SPILLBACK_SENSITIVITY_V1,OP_INTERSTAGE_BUFFER_S30_I21_B0050,22ce1cd9a7c0d1668c2e32ff6636884e6aa1a2171893856f23595d782e4b1707,TASK3_OPERATIONAL_POOLED_INTERSTAGE_BAS_V1,INTERSTAGE_BUFFER_S30_I21_B0050,LOCAL_WINDOW_HPP_BASE,40,30,21,50,202607290000,202609290401,202609290402,202609290403,202609290404,1b06562ca40c4532db2de354423a06cb3250b5439a73d141823cb4276579ed4a,f5bac1434ea5ae0c13297a7de3f606ef7cb2ae1f011d74615046cf45301b4e63,399,399,0,True,COMPLETE,3,42.148345766,0,0,8705.45454538,340.78580538,0,0,0.061259471,0,0,1.641018882,7.330163948,40.78580538
1.0,TASK3_INTERSTAGE_BUFFER_SPILLBACK_SENSITIVITY_V1,OP_INTERSTAGE_BUFFER_S30_I21_B0050,22ce1cd9a7c0d1668c2e32ff6636884e6aa1a2171893856f23595d782e4b1707,TASK3_OPERATIONAL_POOLED_INTERSTAGE_BAS_V1,INTERSTAGE_BUFFER_S30_I21_B0050,LOCAL_WINDOW_HPP_BASE,41,30,21,50,202607290000,202609290411,202609290412,202609290413,202609290414,e742f6eed2fa26b2a3bd7c08351cf82a65f52e76ad11dc62eba34870c8eb3843,5d870fd3bc5df0245d3a2caff1dcc59ec31067f21dadf5333c884e6616e3c548,416,416,0,True,COMPLETE,4,47.724886901,0,0,9076.36363629,334.446407899,0,0,0.389150987,0,0,6.435482243,12.906705083,34.446407899
1.0,TASK3_INTERSTAGE_BUFFER_SPILLBACK_SENSITIVITY_V1,OP_INTERSTAGE_BUFFER_S30_I21_B0050,22ce1cd9a7c0d1668c2e32ff6636884e6aa1a2171893856f23595d782e4b1707,TASK3_OPERATIONAL_POOLED_INTERSTAGE_BAS_V1,INTERSTAGE_BUFFER_S30_I21_B0050,LOCAL_WINDOW_HPP_BASE,42,30,21,50,202607290000,202609290421,202609290422,202609290423,202609290424,0dd4390aaf5a2d161251f438448add855b708bf988bd35e5063e0d76f2e8a5bb,249dae53c9f2d578eb55c6bcdc9570010ab7e575a3bdf8bc5b664c95e32420fe,403,403,0,True,COMPLETE,5,50.598286481,0,0,8792.72727265,344.763382741,0,0,0.034109361,0,0,3.561966593,15.780104663,44.763382741
1.0,TASK3_INTERSTAGE_BUFFER_SPILLBACK_SENSITIVITY_V1,OP_INTERSTAGE_BUFFER_S30_I21_B0050,22ce1cd9a7c0d1668c2e32ff6636884e6aa1a2171893856f23595d782e4b1707,TASK3_OPERATIONAL_POOLED_INTERSTAGE_BAS_V1,INTERSTAGE_BUFFER_S30_I21_B0050,LOCAL_WINDOW_HPP_BASE,43,30,21,50,202607290000,202609290431,202609290432,202609290433,202609290434,836a9355e21deec4d31c39cdcfa596bb83a8d0a992092b65b344e00acd4f6a5f,fdbcf449b5ec617901cc9632f2283bc6edabfaf27c889b55f3bd2dda5c360c6b,407,407,0,True,COMPLETE,2,44.650024562,0,0,8879.99999993,338.074437644,0,0,0.01025039,0,0,4.663426002,9.831842744,38.074437644
1.0,TASK3_INTERSTAGE_BUFFER_SPILLBACK_SENSITIVITY_V1,OP_INTERSTAGE_BUFFER_S30_I21_B0050,22ce1cd9a7c0d1668c2e32ff6636884e6aa1a2171893856f23595d782e4b1707,TASK3_OPERATIONAL_POOLED_INTERSTAGE_BAS_V1,INTERSTAGE_BUFFER_S30_I21_B0050,LOCAL_WINDOW_HPP_BASE,44,30,21,50,202607290000,202609290441,202609290442,202609290443,202609290444,dd5c411b266347b8dcc7aad7d80aaaa77e6281dbcb327ded0a77c0d6784a78cf,c7a62e38d8a42aa826ba7e86cd59beba35c49108095be26e5a6bec36a1c3e163,366,366,0,True,COMPLETE,3,36.736809747,0,0,7985.45454539,334.992089443,0,0,0.029114183,0,0,0.25638511,1.918627929,34.992089443
1.0,TASK3_INTERSTAGE_BUFFER_SPILLBACK_SENSITIVITY_V1,OP_INTERSTAGE_BUFFER_S30_I21_B0050,22ce1cd9a7c0d1668c2e32ff6636884e6aa1a2171893856f23595d782e4b1707,TASK3_OPERATIONAL_POOLED_INTERSTAGE_BAS_V1,INTERSTAGE_BUFFER_S30_I21_B0050,LOCAL_WINDOW_HPP_BASE,45,30,21,50,202607290000,202609290451,202609290452,202609290453,202609290454,94ce38590b9bd90fd7a639ff8c2697ff21de2ed0eb52e208d66a3cf6b4b51743,34a0e5fdbff79e6c2c1bcabb045e40a1432c197632a3a89fb800c50a3db5d861,399,399,0,True,COMPLETE,3,39.973043962,0,0,8705.45454538,335.34362987,0,0,0.040398883,0,0,1.195620451,5.154862144,35.34362987
1.0,TASK3_INTERSTAGE_BUFFER_SPILLBACK_SENSITIVITY_V1,OP_INTERSTAGE_BUFFER_S30_I21_B0050,22ce1cd9a7c0d1668c2e32ff6636884e6aa1a2171893856f23595d782e4b1707,TASK3_OPERATIONAL_POOLED_INTERSTAGE_BAS_V1,INTERSTAGE_BUFFER_S30_I21_B0050,LOCAL_WINDOW_HPP_BASE,46,30,21,50,202607290000,202609290461,202609290462,202609290463,202609290464,93ecff5700ef989a7dfce5e835a36a3b3ae7ea0e38357ad29e60e1474047a020,65c945b4fc24b3f28cf57b0cb2503fa0aee024d574e4492e3bcec6adfacd2b11,452,452,0,True,COMPLETE,1,65.903211515,0,0,9861.81818174,365.543796808,0,0,0.001757343,0,0,12.278070089,31.085029697,65.543796808
1.0,TASK3_INTERSTAGE_BUFFER_SPILLBACK_SENSITIVITY_V1,OP_INTERSTAGE_BUFFER_S30_I21_B0050,22ce1cd9a7c0d1668c2e32ff6636884e6aa1a2171893856f23595d782e4b1707,TASK3_OPERATIONAL_POOLED_INTERSTAGE_BAS_V1,INTERSTAGE_BUFFER_S30_I21_B0050,LOCAL_WINDOW_HPP_BASE,47,30,21,50,202607290000,202609290471,202609290472,202609290473,202609290474,7a51db150eed88f4466df9a7a2fe510ed93a6a3de9eb7d91bc6ccc4f9c8c60c8,82bab8c07ffbe2d767c6174fb8759983348881deb79417ca28361377abb4a49a,385,385,0,True,COMPLETE,3,39.42463286,0,0,8399.99999993,334.574566537,0,0,0.066882837,0,0,1.358737221,4.606451042,34.574566537
1.0,TASK3_INTERSTAGE_BUFFER_SPILLBACK_SENSITIVITY_V1,OP_INTERSTAGE_BUFFER_S30_I21_B0050,22ce1cd9a7c0d1668c2e32ff6636884e6aa1a2171893856f23595d782e4b1707,TASK3_OPERATIONAL_POOLED_INTERSTAGE_BAS_V1,INTERSTAGE_BUFFER_S30_I21_B0050,LOCAL_WINDOW_HPP_BASE,48,30,21,50,202607290000,202609290481,202609290482,202609290483,202609290484,b11ed7d780023cfb2d4fe23c95404a3c91bdaa4afd7510b9d2fa014dbb609b4d,4b3dcd29078db00639cd2cca69afbe47d9d63149fff75e5354e09ccd05404856,416,416,0,True,COMPLETE,3,48.726083117,0,0,9076.36363629,341.721071536,0,0,0.114487575,0,0,4.76328374,13.907901299,41.721071536
1.0,TASK3_INTERSTAGE_BUFFER_SPILLBACK_SENSITIVITY_V1,OP_INTERSTAGE_BUFFER_S30_I21_B0050,22ce1cd9a7c0d1668c2e32ff6636884e6aa1a2171893856f23595d782e4b1707,TASK3_OPERATIONAL_POOLED_INTERSTAGE_BAS_V1,INTERSTAGE_BUFFER_S30_I21_B0050,LOCAL_WINDOW_HPP_BASE,49,30,21,50,202607290000,202609290491,202609290492,202609290493,202609290494,20d9bedd6f1074dbfa0de68f3e211fcc97256209fde2f676fc9bbed862f514ce,c4f8ec64c6b0ff229ef82e2843da4b64ff67df9aca7ca9ab9d62cd3768d9b1e2,423,423,0,True,COMPLETE,1,49.303527647,0,0,9229.09090901,346.248657945,0,0,0,0,0,8.467847565,14.485345829,46.248657945
1.0,TASK3_INTERSTAGE_BUFFER_SPILLBACK_SENSITIVITY_V1,OP_INTERSTAGE_BUFFER_S30_I21_B0050,22ce1cd9a7c0d1668c2e32ff6636884e6aa1a2171893856f23595d782e4b1707,TASK3_OPERATIONAL_POOLED_INTERSTAGE_BAS_V1,INTERSTAGE_BUFFER_S30_I21_B0050,LOCAL_WINDOW_HPP_BASE,50,30,21,50,202607290000,202609290501,202609290502,202609290503,202609290504,8cd9aa68d6bccc1314125620d24c7feda08ca1a772edd0d6000b532a7dcbab10,4a7acb1ac942741ec0e994beaf626f7b22c48692f69959e09efa517408b240df,414,414,0,True,COMPLETE,3,46.167362051,0,0,9032.72727265,345.522154376,0,0,0.205126337,0,0,4.405374677,11.349180233,45.522154376
1.0,TASK3_INTERSTAGE_BUFFER_SPILLBACK_SENSITIVITY_V1,OP_INTERSTAGE_BUFFER_S30_I21_B0100,83c7a2c4cfff48a9437135a920a888e00a47a395bc7e9a7c496cd385e7a54584,TASK3_OPERATIONAL_POOLED_INTERSTAGE_BAS_V1,INTERSTAGE_BUFFER_S30_I21_B0100,LOCAL_WINDOW_HPP_BASE,1,30,21,100,202607290000,202609290011,202609290012,202609290013,202609290014,31e6bdc1d2ef8a1c405ad97234fa6e4061fddb9374fcc548c8bbcb4d26f00365,142f146b86de6660507003db51f3bc2d582ad31b457916c48d6d222d529549e4,396,396,0,True,COMPLETE,9,41.194196476,0,0,8639.99999993,334.701527801,0,0,0.285367742,0,0,1.985890843,6.376014658,34.701527801
1.0,TASK3_INTERSTAGE_BUFFER_SPILLBACK_SENSITIVITY_V1,OP_INTERSTAGE_BUFFER_S30_I21_B0100,83c7a2c4cfff48a9437135a920a888e00a47a395bc7e9a7c496cd385e7a54584,TASK3_OPERATIONAL_POOLED_INTERSTAGE_BAS_V1,INTERSTAGE_BUFFER_S30_I21_B0100,LOCAL_WINDOW_HPP_BASE,2,30,21,100,202607290000,202609290021,202609290022,202609290023,202609290024,4d35127c711b602608f0d85daefccba0b0f2b5b19bd8b23357536b1a39588f36,347f47106db5af68b8a646e89b6d60f4084d7f0c762b9df5b841589261fafb81,442,442,0,True,COMPLETE,5,51.506322741,0,0,9643.63636356,357.641675253,0,0,0.210776783,0,0,8.188273849,16.688140923,57.641675253
1.0,TASK3_INTERSTAGE_BUFFER_SPILLBACK_SENSITIVITY_V1,OP_INTERSTAGE_BUFFER_S30_I21_B0100,83c7a2c4cfff48a9437135a920a888e00a47a395bc7e9a7c496cd385e7a54584,TASK3_OPERATIONAL_POOLED_INTERSTAGE_BAS_V1,INTERSTAGE_BUFFER_S30_I21_B0100,LOCAL_WINDOW_HPP_BASE,3,30,21,100,202607290000,202609290031,202609290032,202609290033,202609290034,35e1df60a7cbbe5e78a544aba79225b60549c252fea949bd4f8da455c8ed7c24,f6615f5d2d770038f41c82a91fb7679545bc546bb015e124c09a3ff021d67d37,393,393,0,True,COMPLETE,5,42.230785271,0,0,8574.54545447,334.76039242,0,0,0.048860459,0,0,1.701980505,7.412603453,34.76039242
1.0,TASK3_INTERSTAGE_BUFFER_SPILLBACK_SENSITIVITY_V1,OP_INTERSTAGE_BUFFER_S30_I21_B0100,83c7a2c4cfff48a9437135a920a888e00a47a395bc7e9a7c496cd385e7a54584,TASK3_OPERATIONAL_POOLED_INTERSTAGE_BAS_V1,INTERSTAGE_BUFFER_S30_I21_B0100,LOCAL_WINDOW_HPP_BASE,4,30,21,100,202607290000,202609290041,202609290042,202609290043,202609290044,517956b50856de8caf2209257c61021a9a9e6f6e1648b595019dc89b04bf1035,c72ecf81690c791014337f10342e0302ef29000fa789c4bf26ccf95bcc464c29,410,410,0,True,COMPLETE,1,43.986668714,0,0,8945.45454538,345.494382333,0,0,0.007786517,0,0,2.205122388,9.168486896,45.494382333
1.0,TASK3_INTERSTAGE_BUFFER_SPILLBACK_SENSITIVITY_V1,OP_INTERSTAGE_BUFFER_S30_I21_B0100,83c7a2c4cfff48a9437135a920a888e00a47a395bc7e9a7c496cd385e7a54584,TASK3_OPERATIONAL_POOLED_INTERSTAGE_BAS_V1,INTERSTAGE_BUFFER_S30_I21_B0100,LOCAL_WINDOW_HPP_BASE,5,30,21,100,202607290000,202609290051,202609290052,202609290053,202609290054,1c0c1796fa49590094aa5fc09f16770360e450693694bb006b2f257e5121a904,0a5094fea492adbde2e12011bf467efb57c623d793e94925d70f1181f1a4d537,388,388,0,True,COMPLETE,4,41.757948238,0,0,8465.45454538,333.55701864,0,0,0.030557001,0,0,3.39172309,6.93976642,33.55701864
1.0,TASK3_INTERSTAGE_BUFFER_SPILLBACK_SENSITIVITY_V1,OP_INTERSTAGE_BUFFER_S30_I21_B0100,83c7a2c4cfff48a9437135a920a888e00a47a395bc7e9a7c496cd385e7a54584,TASK3_OPERATIONAL_POOLED_INTERSTAGE_BAS_V1,INTERSTAGE_BUFFER_S30_I21_B0100,LOCAL_WINDOW_HPP_BASE,6,30,21,100,202607290000,202609290061,202609290062,202609290063,202609290064,b49018c734c046f708e0c9477d532bce1e554afccdfe09b446442a6fcd5e8096,a7a583411fe09d67182a56081478430539ea6b10e72a5137a93645936a5b86e7,419,419,0,True,COMPLETE,4,49.070239897,0,0,9141.81818174,348.236605114,0,0,0.17402416,0,0,6.744901486,14.252058079,48.236605114
1.0,TASK3_INTERSTAGE_BUFFER_SPILLBACK_SENSITIVITY_V1,OP_INTERSTAGE_BUFFER_S30_I21_B0100,83c7a2c4cfff48a9437135a920a888e00a47a395bc7e9a7c496cd385e7a54584,TASK3_OPERATIONAL_POOLED_INTERSTAGE_BAS_V1,INTERSTAGE_BUFFER_S30_I21_B0100,LOCAL_WINDOW_HPP_BASE,7,30,21,100,202607290000,202609290071,202609290072,202609290073,202609290074,ff30a02a8705dd072c1ff3254287f5798cd899e7ccaa57325aa71d83c4227499,25f8046e3b4e8dc2c44fa31a87f9dc0e0f718741936f7713bbdbed60e19c584a,408,408,0,True,COMPLETE,3,41.312447948,0,0,8901.81818174,339.313356839,0,0,0.021165646,0,0,2.265761079,6.49426613,39.313356839
1.0,TASK3_INTERSTAGE_BUFFER_SPILLBACK_SENSITIVITY_V1,OP_INTERSTAGE_BUFFER_S30_I21_B0100,83c7a2c4cfff48a9437135a920a888e00a47a395bc7e9a7c496cd385e7a54584,TASK3_OPERATIONAL_POOLED_INTERSTAGE_BAS_V1,INTERSTAGE_BUFFER_S30_I21_B0100,LOCAL_WINDOW_HPP_BASE,8,30,21,100,202607290000,202609290081,202609290082,202609290083,202609290084,54f93c71470006da3a09c89dff95a83b1ea870754262c91608af5dbcb90a4ed8,1dcb96b49367e30beb1e7f3390bb41c1ad92c1e562ff2dbda94e0d00de9d0ba6,442,442,0,True,COMPLETE,4,62.512071528,0,0,9643.63636356,354.051948113,0,0,0.258582339,0,0,15.415187704,27.69388971,54.051948113
1.0,TASK3_INTERSTAGE_BUFFER_SPILLBACK_SENSITIVITY_V1,OP_INTERSTAGE_BUFFER_S30_I21_B0100,83c7a2c4cfff48a9437135a920a888e00a47a395bc7e9a7c496cd385e7a54584,TASK3_OPERATIONAL_POOLED_INTERSTAGE_BAS_V1,INTERSTAGE_BUFFER_S30_I21_B0100,LOCAL_WINDOW_HPP_BASE,9,30,21,100,202607290000,202609290091,202609290092,202609290093,202609290094,eac0a9ee1817f7bfb8075caeca7e7b36c575a89b37d84ba4e00528b85d326525,55d1f16a89b9ed9980c2ee942ca69e94f25cfc11de0ea4947a0279670d7811ec,395,395,0,True,COMPLETE,3,45.284753721,0,0,8618.18181811,337.243295705,0,0,0.06653634,0,0,2.788918979,10.466571903,37.243295705
1.0,TASK3_INTERSTAGE_BUFFER_SPILLBACK_SENSITIVITY_V1,OP_INTERSTAGE_BUFFER_S30_I21_B0100,83c7a2c4cfff48a9437135a920a888e00a47a395bc7e9a7c496cd385e7a54584,TASK3_OPERATIONAL_POOLED_INTERSTAGE_BAS_V1,INTERSTAGE_BUFFER_S30_I21_B0100,LOCAL_WINDOW_HPP_BASE,10,30,21,100,202607290000,202609290101,202609290102,202609290103,202609290104,9835da0b922279edffb5e025c97a589df839a34d56b76352d0e37c4e312314e2,4e12bc4199820dbeb4a59d4cccf6f3111573db6002ec6e947243a929f2b5371a,394,394,0,True,COMPLETE,1,40.916117606,0,0,8596.36363629,337.37319999,0,0,0.009164573,0,0,1.892542612,6.097935788,37.37319999
1.0,TASK3_INTERSTAGE_BUFFER_SPILLBACK_SENSITIVITY_V1,OP_INTERSTAGE_BUFFER_S30_I21_B0100,83c7a2c4cfff48a9437135a920a888e00a47a395bc7e9a7c496cd385e7a54584,TASK3_OPERATIONAL_POOLED_INTERSTAGE_BAS_V1,INTERSTAGE_BUFFER_S30_I21_B0100,LOCAL_WINDOW_HPP_BASE,11,30,21,100,202607290000,202609290111,202609290112,202609290113,202609290114,e26ea32112b34145f4597dc880d3a97e418100915aec81290d81c7e107c90440,39e4d844358a4edbb52b92c10a799bba828e460fc372fd37518d532d29e51b83,409,409,0,True,COMPLETE,3,50.342042859,0,0,8923.63636356,334.795505588,0,0,0.161259233,0,0,8.000577278,15.523861041,34.795505588
1.0,TASK3_INTERSTAGE_BUFFER_SPILLBACK_SENSITIVITY_V1,OP_INTERSTAGE_BUFFER_S30_I21_B0100,83c7a2c4cfff48a9437135a920a888e00a47a395bc7e9a7c496cd385e7a54584,TASK3_OPERATIONAL_POOLED_INTERSTAGE_BAS_V1,INTERSTAGE_BUFFER_S30_I21_B0100,LOCAL_WINDOW_HPP_BASE,12,30,21,100,202607290000,202609290121,202609290122,202609290123,202609290124,5e7768403d04cd908a3f12851404b41158d2d801bc5bd7a60cb446d326e51a1e,b37e139bf989cbf77ea462f4a0c9d53cd0dc867e4ebbdcc53583c417f2591f0a,423,423,0,True,COMPLETE,2,50.53150313,0,0,9229.09090901,346.854902534,0,0,0.003241634,0,0,6.312880067,15.713321312,46.854902534
1.0,TASK3_INTERSTAGE_BUFFER_SPILLBACK_SENSITIVITY_V1,OP_INTERSTAGE_BUFFER_S30_I21_B0100,83c7a2c4cfff48a9437135a920a888e00a47a395bc7e9a7c496cd385e7a54584,TASK3_OPERATIONAL_POOLED_INTERSTAGE_BAS_V1,INTERSTAGE_BUFFER_S30_I21_B0100,LOCAL_WINDOW_HPP_BASE,13,30,21,100,202607290000,202609290131,202609290132,202609290133,202609290134,69e477aaf4e576a701c05b406551638599850e496647ab10d50e22a09df77e45,96405049a45f6ced6fb101105d975bbfa9bd0effc3418143f5511fe4678887ad,455,455,0,True,COMPLETE,2,73.22008241,0,0,9927.27272719,365.663985538,0,0,0.015235809,0,0,21.582012641,38.401900592,65.663985538
1.0,TASK3_INTERSTAGE_BUFFER_SPILLBACK_SENSITIVITY_V1,OP_INTERSTAGE_BUFFER_S30_I21_B0100,83c7a2c4cfff48a9437135a920a888e00a47a395bc7e9a7c496cd385e7a54584,TASK3_OPERATIONAL_POOLED_INTERSTAGE_BAS_V1,INTERSTAGE_BUFFER_S30_I21_B0100,LOCAL_WINDOW_HPP_BASE,14,30,21,100,202607290000,202609290141,202609290142,202609290143,202609290144,3eb39892a20a0217390af48a30eb92cec434086b31c5fbf488d43be5446e9859,ba8b0b7fe0e46a7f89d4262f26c3c4d1da19439a3a6907f32b42e46742b06f05,374,374,0,True,COMPLETE,3,41.642599388,0,0,8159.99999993,333.71948482,0,0,0.024316314,0,0,1.943726799,6.82441757,33.71948482
1.0,TASK3_INTERSTAGE_BUFFER_SPILLBACK_SENSITIVITY_V1,OP_INTERSTAGE_BUFFER_S30_I21_B0100,83c7a2c4cfff48a9437135a920a888e00a47a395bc7e9a7c496cd385e7a54584,TASK3_OPERATIONAL_POOLED_INTERSTAGE_BAS_V1,INTERSTAGE_BUFFER_S30_I21_B0100,LOCAL_WINDOW_HPP_BASE,15,30,21,100,202607290000,202609290151,202609290152,202609290153,202609290154,d82c12f4cfea7164cb5733106a1ae810c4423998e23cd815b08d87f04e59a279,d07a96f61890557a8f482a21c31f65f56dfccef569a74e69ee897200df40c595,386,386,0,True,COMPLETE,1,43.967793876,0,0,8421.81818175,334.527978762,0,0,0,0,0,2.024978382,9.149612058,34.527978762
1.0,TASK3_INTERSTAGE_BUFFER_SPILLBACK_SENSITIVITY_V1,OP_INTERSTAGE_BUFFER_S30_I21_B0100,83c7a2c4cfff48a9437135a920a888e00a47a395bc7e9a7c496cd385e7a54584,TASK3_OPERATIONAL_POOLED_INTERSTAGE_BAS_V1,INTERSTAGE_BUFFER_S30_I21_B0100,LOCAL_WINDOW_HPP_BASE,16,30,21,100,202607290000,202609290161,202609290162,202609290163,202609290164,0ae1ee517aa6d11e558f4c00fe5498a73acf57ac7aa460688e506807cd2377c5,613f9c4d4af77d8dfcd9ff625450c1cb39c5e9c7af45fa6648a31aa570d7c881,401,401,0,True,COMPLETE,3,44.677787646,0,0,8749.09090902,347.043596148,0,0,0.066576074,0,0,2.05946763,9.859605828,47.043596148
1.0,TASK3_INTERSTAGE_BUFFER_SPILLBACK_SENSITIVITY_V1,OP_INTERSTAGE_BUFFER_S30_I21_B0100,83c7a2c4cfff48a9437135a920a888e00a47a395bc7e9a7c496cd385e7a54584,TASK3_OPERATIONAL_POOLED_INTERSTAGE_BAS_V1,INTERSTAGE_BUFFER_S30_I21_B0100,LOCAL_WINDOW_HPP_BASE,17,30,21,100,202607290000,202609290171,202609290172,202609290173,202609290174,266dcbc6ee1a46ff9a3287bdadc591ad304f0578cdc09e7eaa613da4fa246a45,55547ab32d6e12852c49b0e98b2c544fd3750d197c0e3ec8a50828c231c630ff,429,429,0,True,COMPLETE,1,53.32142025,0,0,9359.99999992,351.077133134,0,0,0.038679571,0,0,7.488261389,18.503238432,51.077133134
1.0,TASK3_INTERSTAGE_BUFFER_SPILLBACK_SENSITIVITY_V1,OP_INTERSTAGE_BUFFER_S30_I21_B0100,83c7a2c4cfff48a9437135a920a888e00a47a395bc7e9a7c496cd385e7a54584,TASK3_OPERATIONAL_POOLED_INTERSTAGE_BAS_V1,INTERSTAGE_BUFFER_S30_I21_B0100,LOCAL_WINDOW_HPP_BASE,18,30,21,100,202607290000,202609290181,202609290182,202609290183,202609290184,9ccc0530a0134e0b888b20445eb14e148598546e5aceabfc5061c8ef4ad820af,968187028845afe8b08d677322d903c502412e31ed7bf554896777aa9c84f6fd,419,419,0,True,COMPLETE,1,48.100525201,0,0,9141.81818174,344.706080815,0,0,0.001547844,0,0,6.54835657,13.282343383,44.706080815
1.0,TASK3_INTERSTAGE_BUFFER_SPILLBACK_SENSITIVITY_V1,OP_INTERSTAGE_BUFFER_S30_I21_B0100,83c7a2c4cfff48a9437135a920a888e00a47a395bc7e9a7c496cd385e7a54584,TASK3_OPERATIONAL_POOLED_INTERSTAGE_BAS_V1,INTERSTAGE_BUFFER_S30_I21_B0100,LOCAL_WINDOW_HPP_BASE,19,30,21,100,202607290000,202609290191,202609290192,202609290193,202609290194,4000364c613df0f2b76ec1e06efee1dd2f6437fbbda80bf583e14b9a41851e74,5d0fd4a4f162a1f882d5e7dea67e39fa5a3be942961685313e2c1fba4cb72692,445,445,0,True,COMPLETE,3,57.962409453,0,0,9709.09090901,362.564424231,0,0,0.04783978,0,0,8.673911441,23.144227635,62.564424231
1.0,TASK3_INTERSTAGE_BUFFER_SPILLBACK_SENSITIVITY_V1,OP_INTERSTAGE_BUFFER_S30_I21_B0100,83c7a2c4cfff48a9437135a920a888e00a47a395bc7e9a7c496cd385e7a54584,TASK3_OPERATIONAL_POOLED_INTERSTAGE_BAS_V1,INTERSTAGE_BUFFER_S30_I21_B0100,LOCAL_WINDOW_HPP_BASE,20,30,21,100,202607290000,202609290201,202609290202,202609290203,202609290204,22af0208faf3e7bb7b1fd2139f02c55620aac4f2ea1e4c03d676e0e2fbf2c0d7,9144946329e150b50340cf04ee4847f442515bc57e4b0113089ed26bdc988298,418,418,0,True,COMPLETE,2,46.524616427,0,0,9119.99999992,339.80680582,0,0,0.075622669,0,0,4.859443425,11.706434609,39.80680582
1.0,TASK3_INTERSTAGE_BUFFER_SPILLBACK_SENSITIVITY_V1,OP_INTERSTAGE_BUFFER_S30_I21_B0100,83c7a2c4cfff48a9437135a920a888e00a47a395bc7e9a7c496cd385e7a54584,TASK3_OPERATIONAL_POOLED_INTERSTAGE_BAS_V1,INTERSTAGE_BUFFER_S30_I21_B0100,LOCAL_WINDOW_HPP_BASE,21,30,21,100,202607290000,202609290211,202609290212,202609290213,202609290214,2a7611076323f09eed801a9545289fd21d2971296a52a95e582b9262ed9c7b81,35c7bbf683d108ab718d95c91fe500ed216ad7e957dbed2cb89718e47fcf0b6f,417,417,0,True,COMPLETE,3,52.80831223,0,0,9098.18181811,353.917486944,0,0,0.039099371,0,0,6.595380532,17.990130412,53.917486944
1.0,TASK3_INTERSTAGE_BUFFER_SPILLBACK_SENSITIVITY_V1,OP_INTERSTAGE_BUFFER_S30_I21_B0100,83c7a2c4cfff48a9437135a920a888e00a47a395bc7e9a7c496cd385e7a54584,TASK3_OPERATIONAL_POOLED_INTERSTAGE_BAS_V1,INTERSTAGE_BUFFER_S30_I21_B0100,LOCAL_WINDOW_HPP_BASE,22,30,21,100,202607290000,202609290221,202609290222,202609290223,202609290224,99914cad9248df9995c6da58ff02cb023397c509e2faa36fd87c0381ebea62f5,0a77442a8b8650d13429770f4ca750a1678cb050674dc6242933649eb75051f5,410,410,0,True,COMPLETE,2,42.372589659,0,0,8945.45454538,337.40104162,0,0,0.013170366,0,0,3.166326361,7.554407841,37.40104162
1.0,TASK3_INTERSTAGE_BUFFER_SPILLBACK_SENSITIVITY_V1,OP_INTERSTAGE_BUFFER_S30_I21_B0100,83c7a2c4cfff48a9437135a920a888e00a47a395bc7e9a7c496cd385e7a54584,TASK3_OPERATIONAL_POOLED_INTERSTAGE_BAS_V1,INTERSTAGE_BUFFER_S30_I21_B0100,LOCAL_WINDOW_HPP_BASE,23,30,21,100,202607290000,202609290231,202609290232,202609290233,202609290234,9b82bad9092b604f3c77ccc8d27db8fa85c889760667ed7597a0de4b62c2a1d0,f9d0081e57265774248fb4bd8df2078d980534e8978e1fb9c6c340ca38383d24,439,439,0,True,COMPLETE,5,57.141855548,0,0,9578.1818181,350.845863418,0,0,0.715488783,0,0,13.277101172,22.32367373,50.845863418
1.0,TASK3_INTERSTAGE_BUFFER_SPILLBACK_SENSITIVITY_V1,OP_INTERSTAGE_BUFFER_S30_I21_B0100,83c7a2c4cfff48a9437135a920a888e00a47a395bc7e9a7c496cd385e7a54584,TASK3_OPERATIONAL_POOLED_INTERSTAGE_BAS_V1,INTERSTAGE_BUFFER_S30_I21_B0100,LOCAL_WINDOW_HPP_BASE,24,30,21,100,202607290000,202609290241,202609290242,202609290243,202609290244,66f5f2028f433422e88c253b8a0edb196a2d079c1e1557a0df63670d8716ce12,456453418b8833139303ad8fcdc9010dec900ab683baa6967e377fe7989051f4,412,412,0,True,COMPLETE,3,42.299931565,0,0,8989.09090902,343.244347906,0,0,0.122209955,0,0,2.196329332,7.481749747,43.244347906
1.0,TASK3_INTERSTAGE_BUFFER_SPILLBACK_SENSITIVITY_V1,OP_INTERSTAGE_BUFFER_S30_I21_B0100,83c7a2c4cfff48a9437135a920a888e00a47a395bc7e9a7c496cd385e7a54584,TASK3_OPERATIONAL_POOLED_INTERSTAGE_BAS_V1,INTERSTAGE_BUFFER_S30_I21_B0100,LOCAL_WINDOW_HPP_BASE,25,30,21,100,202607290000,202609290251,202609290252,202609290253,202609290254,024a59b70dba379a9ff49f76d780488d576d3e793221feb47812b1c97a5c8de5,007f908924f2261ce644e2d0174711f1c6ab91862d67b130586dad7c62aea876,424,424,0,True,COMPLETE,1,51.897166425,0,0,9250.90909083,347.340641649,0,0,0.045481911,0,0,8.014356686,17.078984607,47.340641649
1.0,TASK3_INTERSTAGE_BUFFER_SPILLBACK_SENSITIVITY_V1,OP_INTERSTAGE_BUFFER_S30_I21_B0100,83c7a2c4cfff48a9437135a920a888e00a47a395bc7e9a7c496cd385e7a54584,TASK3_OPERATIONAL_POOLED_INTERSTAGE_BAS_V1,INTERSTAGE_BUFFER_S30_I21_B0100,LOCAL_WINDOW_HPP_BASE,26,30,21,100,202607290000,202609290261,202609290262,202609290263,202609290264,d4868d98ad8429fda4f8019f736954e52ea7e14f7c0a7995934c0a195358df7c,5ea3b1143ccea218e8802b266cccb855ff95ecc97c2e6f8e21eaf4694304d863,419,419,0,True,COMPLETE,4,48.565743456,0,0,9141.81818174,344.821364385,0,0,0.205477719,0,0,7.279221941,13.747561638,44.821364385
1.0,TASK3_INTERSTAGE_BUFFER_SPILLBACK_SENSITIVITY_V1,OP_INTERSTAGE_BUFFER_S30_I21_B0100,83c7a2c4cfff48a9437135a920a888e00a47a395bc7e9a7c496cd385e7a54584,TASK3_OPERATIONAL_POOLED_INTERSTAGE_BAS_V1,INTERSTAGE_BUFFER_S30_I21_B0100,LOCAL_WINDOW_HPP_BASE,27,30,21,100,202607290000,202609290271,202609290272,202609290273,202609290274,5a446675b5eabb5e9801c5cb48a56e2edc440bdd55794e800b4004c3a831785e,5da64f60936ec951af2104c8f3d0e9a3c31298e6dfcf74a0fbf0951c03978982,410,410,0,True,COMPLETE,3,43.185153994,0,0,8945.45454538,343.512356311,0,0,0.063480738,0,0,2.598750216,8.366972176,43.512356311
1.0,TASK3_INTERSTAGE_BUFFER_SPILLBACK_SENSITIVITY_V1,OP_INTERSTAGE_BUFFER_S30_I21_B0100,83c7a2c4cfff48a9437135a920a888e00a47a395bc7e9a7c496cd385e7a54584,TASK3_OPERATIONAL_POOLED_INTERSTAGE_BAS_V1,INTERSTAGE_BUFFER_S30_I21_B0100,LOCAL_WINDOW_HPP_BASE,28,30,21,100,202607290000,202609290281,202609290282,202609290283,202609290284,0f3e1190ac4f1693916db3ba9929255341722bae891e07cdf71baa4c601d838c,c006b781a8ab47bbd82abd4392303784d420b2108d78c11edb93c4c41c846957,392,392,0,True,COMPLETE,5,41.696750326,0,0,8552.72727266,340.839365517,0,0,0.075382041,0,0,1.709103038,6.878568508,40.839365517
1.0,TASK3_INTERSTAGE_BUFFER_SPILLBACK_SENSITIVITY_V1,OP_INTERSTAGE_BUFFER_S30_I21_B0100,83c7a2c4cfff48a9437135a920a888e00a47a395bc7e9a7c496cd385e7a54584,TASK3_OPERATIONAL_POOLED_INTERSTAGE_BAS_V1,INTERSTAGE_BUFFER_S30_I21_B0100,LOCAL_WINDOW_HPP_BASE,29,30,21,100,202607290000,202609290291,202609290292,202609290293,202609290294,4f539bb4dc4ef85cd6680029b58c0bcee550f12c95a0df5922e50b2aab3e2e2b,9f8b2dac505b82dbf5a453a94e1863e27199fcc3ce9520e61def69e8a0205bfb,424,424,0,True,COMPLETE,6,49.01987168,0,0,9250.90909083,346.059949983,0,0,0.208795423,0,0,5.893331251,14.201689862,46.059949983
1.0,TASK3_INTERSTAGE_BUFFER_SPILLBACK_SENSITIVITY_V1,OP_INTERSTAGE_BUFFER_S30_I21_B0100,83c7a2c4cfff48a9437135a920a888e00a47a395bc7e9a7c496cd385e7a54584,TASK3_OPERATIONAL_POOLED_INTERSTAGE_BAS_V1,INTERSTAGE_BUFFER_S30_I21_B0100,LOCAL_WINDOW_HPP_BASE,30,30,21,100,202607290000,202609290301,202609290302,202609290303,202609290304,7a068d5d9301e48725db05a531ec1b934cee9bb136cf57d44743de327af49e95,ebe6ab3633e8ab4bea3305fa1f067d3a50ed548bd43b2f349e29b73e60e32b0b,408,408,0,True,COMPLETE,3,44.82126489,0,0,8901.81818174,346.946076603,0,0,0.031062998,0,0,2.585008672,10.003083072,46.946076603
1.0,TASK3_INTERSTAGE_BUFFER_SPILLBACK_SENSITIVITY_V1,OP_INTERSTAGE_BUFFER_S30_I21_B0100,83c7a2c4cfff48a9437135a920a888e00a47a395bc7e9a7c496cd385e7a54584,TASK3_OPERATIONAL_POOLED_INTERSTAGE_BAS_V1,INTERSTAGE_BUFFER_S30_I21_B0100,LOCAL_WINDOW_HPP_BASE,31,30,21,100,202607290000,202609290311,202609290312,202609290313,202609290314,fe79fd3f1857eadd12059b816ae5dc78c5400c580deb55ff1ade6616157c5322,e69803f0da91359096699b5ebb9a7048de2aa29218489e02d000a3dbc95e9d8d,425,425,0,True,COMPLETE,1,49.680363794,0,0,9272.72727265,347.155472148,0,0,5.898e-05,0,0,5.026639677,14.862181976,47.155472148
1.0,TASK3_INTERSTAGE_BUFFER_SPILLBACK_SENSITIVITY_V1,OP_INTERSTAGE_BUFFER_S30_I21_B0100,83c7a2c4cfff48a9437135a920a888e00a47a395bc7e9a7c496cd385e7a54584,TASK3_OPERATIONAL_POOLED_INTERSTAGE_BAS_V1,INTERSTAGE_BUFFER_S30_I21_B0100,LOCAL_WINDOW_HPP_BASE,32,30,21,100,202607290000,202609290321,202609290322,202609290323,202609290324,a107a39217451ab24221e19dee1c92d58883e07cc0f49dfe3e038c20225d5cc4,f484f46e26f265dcebf85e8e7122f383d7030321dbd52ca25e1db83f7bf4257e,395,395,0,True,COMPLETE,5,40.925121381,0,0,8618.18181811,341.049557503,0,0,0.183628129,0,0,1.622578639,6.106939563,41.049557503
1.0,TASK3_INTERSTAGE_BUFFER_SPILLBACK_SENSITIVITY_V1,OP_INTERSTAGE_BUFFER_S30_I21_B0100,83c7a2c4cfff48a9437135a920a888e00a47a395bc7e9a7c496cd385e7a54584,TASK3_OPERATIONAL_POOLED_INTERSTAGE_BAS_V1,INTERSTAGE_BUFFER_S30_I21_B0100,LOCAL_WINDOW_HPP_BASE,33,30,21,100,202607290000,202609290331,202609290332,202609290333,202609290334,13f6ae62d1d578037e3c74454e4ba06f754623501488a41e226a82d60d228b73,807cb2fa6993937636344f0ff61bc28755a9c92f9a796fc3d78bd43e4b6c26b1,428,428,0,True,COMPLETE,1,50.334377029,0,0,9338.1818181,344.316397021,0,0,0.0411047,0,0,7.629088316,15.516195211,44.316397021
1.0,TASK3_INTERSTAGE_BUFFER_SPILLBACK_SENSITIVITY_V1,OP_INTERSTAGE_BUFFER_S30_I21_B0100,83c7a2c4cfff48a9437135a920a888e00a47a395bc7e9a7c496cd385e7a54584,TASK3_OPERATIONAL_POOLED_INTERSTAGE_BAS_V1,INTERSTAGE_BUFFER_S30_I21_B0100,LOCAL_WINDOW_HPP_BASE,34,30,21,100,202607290000,202609290341,202609290342,202609290343,202609290344,e652f3fee095b11115f8e98b70447f6b3452056f93691b94c53bd0448f96f318,a3293a4791a8af052261980264669be2415de3eff332657344c4f17691bbc2d0,426,426,0,True,COMPLETE,2,46.691268029,0,0,9294.54545447,348.682539611,0,0,0.027502981,0,0,2.751639438,11.873086211,48.682539611
1.0,TASK3_INTERSTAGE_BUFFER_SPILLBACK_SENSITIVITY_V1,OP_INTERSTAGE_BUFFER_S30_I21_B0100,83c7a2c4cfff48a9437135a920a888e00a47a395bc7e9a7c496cd385e7a54584,TASK3_OPERATIONAL_POOLED_INTERSTAGE_BAS_V1,INTERSTAGE_BUFFER_S30_I21_B0100,LOCAL_WINDOW_HPP_BASE,35,30,21,100,202607290000,202609290351,202609290352,202609290353,202609290354,814344a6d5dc851daea1f0ccbdcf11d8d7ad5b6270b2c7b88b78878473c58e66,aadfa24050711f49598835df99d004a47d5eac7880aac24c926cd8ea57bf961f,451,451,0,True,COMPLETE,1,54.172234397,0,0,9839.99999992,363.035325347,0,0,0,0,0,7.881304533,19.354052579,63.035325347
1.0,TASK3_INTERSTAGE_BUFFER_SPILLBACK_SENSITIVITY_V1,OP_INTERSTAGE_BUFFER_S30_I21_B0100,83c7a2c4cfff48a9437135a920a888e00a47a395bc7e9a7c496cd385e7a54584,TASK3_OPERATIONAL_POOLED_INTERSTAGE_BAS_V1,INTERSTAGE_BUFFER_S30_I21_B0100,LOCAL_WINDOW_HPP_BASE,36,30,21,100,202607290000,202609290361,202609290362,202609290363,202609290364,ac7b15bb6dd2587714d12b8ab6df1c128d5cd9c9bf065fbba1dd39ebfe22f766,7772c33921cb89719796c13a4fff82ac978618f8dc0660676790ec5a3e00895b,414,414,0,True,COMPLETE,3,41.799074857,0,0,9032.72727265,337.588051697,0,0,0.02228444,0,0,2.401690821,6.980893039,37.588051697
1.0,TASK3_INTERSTAGE_BUFFER_SPILLBACK_SENSITIVITY_V1,OP_INTERSTAGE_BUFFER_S30_I21_B0100,83c7a2c4cfff48a9437135a920a888e00a47a395bc7e9a7c496cd385e7a54584,TASK3_OPERATIONAL_POOLED_INTERSTAGE_BAS_V1,INTERSTAGE_BUFFER_S30_I21_B0100,LOCAL_WINDOW_HPP_BASE,37,30,21,100,202607290000,202609290371,202609290372,202609290373,202609290374,0c48c3005a1f806ca43594a7fe8b65a823b4d0e14de3286a1c43ec10fae6e8d8,3ff36b590684f84934164813d58a798834dc852162e53bedad0e49ba5b5a97a9,408,408,0,True,COMPLETE,3,45.622989904,0,0,8901.81818174,338.903342094,0,0,0.066785457,0,0,3.094222558,10.804808086,38.903342094
1.0,TASK3_INTERSTAGE_BUFFER_SPILLBACK_SENSITIVITY_V1,OP_INTERSTAGE_BUFFER_S30_I21_B0100,83c7a2c4cfff48a9437135a920a888e00a47a395bc7e9a7c496cd385e7a54584,TASK3_OPERATIONAL_POOLED_INTERSTAGE_BAS_V1,INTERSTAGE_BUFFER_S30_I21_B0100,LOCAL_WINDOW_HPP_BASE,38,30,21,100,202607290000,202609290381,202609290382,202609290383,202609290384,cdd5c5d0215e72c607d45885cbf50b6649adbbe5880fc8e6dab73573cfc87acd,ee41e4dcb3a060067b2c6bffecb48e4ee005d3faf6c9a55d842da07035623a52,406,406,0,True,COMPLETE,1,43.341462601,0,0,8858.18181811,335.497974735,0,0,0,0,0,3.046974042,8.523280783,35.497974735
1.0,TASK3_INTERSTAGE_BUFFER_SPILLBACK_SENSITIVITY_V1,OP_INTERSTAGE_BUFFER_S30_I21_B0100,83c7a2c4cfff48a9437135a920a888e00a47a395bc7e9a7c496cd385e7a54584,TASK3_OPERATIONAL_POOLED_INTERSTAGE_BAS_V1,INTERSTAGE_BUFFER_S30_I21_B0100,LOCAL_WINDOW_HPP_BASE,39,30,21,100,202607290000,202609290391,202609290392,202609290393,202609290394,326272c4de29b05923793b77cd6b8a2425bf38488b2e989c4814c75879e36076,7b35bf859772589c44add8b811ea7d59152bb4a3ca5b96e059fac022f85c4250,388,388,0,True,COMPLETE,4,43.679449805,0,0,8465.45454538,348.213625514,0,0,0.077735301,0,0,2.490110431,8.861267987,48.213625514
1.0,TASK3_INTERSTAGE_BUFFER_SPILLBACK_SENSITIVITY_V1,OP_INTERSTAGE_BUFFER_S30_I21_B0100,83c7a2c4cfff48a9437135a920a888e00a47a395bc7e9a7c496cd385e7a54584,TASK3_OPERATIONAL_POOLED_INTERSTAGE_BAS_V1,INTERSTAGE_BUFFER_S30_I21_B0100,LOCAL_WINDOW_HPP_BASE,40,30,21,100,202607290000,202609290401,202609290402,202609290403,202609290404,1b06562ca40c4532db2de354423a06cb3250b5439a73d141823cb4276579ed4a,f5bac1434ea5ae0c13297a7de3f606ef7cb2ae1f011d74615046cf45301b4e63,399,399,0,True,COMPLETE,3,42.148345766,0,0,8705.45454538,340.78580538,0,0,0.061259471,0,0,1.641018882,7.330163948,40.78580538
1.0,TASK3_INTERSTAGE_BUFFER_SPILLBACK_SENSITIVITY_V1,OP_INTERSTAGE_BUFFER_S30_I21_B0100,83c7a2c4cfff48a9437135a920a888e00a47a395bc7e9a7c496cd385e7a54584,TASK3_OPERATIONAL_POOLED_INTERSTAGE_BAS_V1,INTERSTAGE_BUFFER_S30_I21_B0100,LOCAL_WINDOW_HPP_BASE,41,30,21,100,202607290000,202609290411,202609290412,202609290413,202609290414,e742f6eed2fa26b2a3bd7c08351cf82a65f52e76ad11dc62eba34870c8eb3843,5d870fd3bc5df0245d3a2caff1dcc59ec31067f21dadf5333c884e6616e3c548,416,416,0,True,COMPLETE,4,47.724886901,0,0,9076.36363629,334.446407899,0,0,0.389150987,0,0,6.435482243,12.906705083,34.446407899
1.0,TASK3_INTERSTAGE_BUFFER_SPILLBACK_SENSITIVITY_V1,OP_INTERSTAGE_BUFFER_S30_I21_B0100,83c7a2c4cfff48a9437135a920a888e00a47a395bc7e9a7c496cd385e7a54584,TASK3_OPERATIONAL_POOLED_INTERSTAGE_BAS_V1,INTERSTAGE_BUFFER_S30_I21_B0100,LOCAL_WINDOW_HPP_BASE,42,30,21,100,202607290000,202609290421,202609290422,202609290423,202609290424,0dd4390aaf5a2d161251f438448add855b708bf988bd35e5063e0d76f2e8a5bb,249dae53c9f2d578eb55c6bcdc9570010ab7e575a3bdf8bc5b664c95e32420fe,403,403,0,True,COMPLETE,5,50.598286481,0,0,8792.72727265,344.763382741,0,0,0.034109361,0,0,3.561966593,15.780104663,44.763382741
1.0,TASK3_INTERSTAGE_BUFFER_SPILLBACK_SENSITIVITY_V1,OP_INTERSTAGE_BUFFER_S30_I21_B0100,83c7a2c4cfff48a9437135a920a888e00a47a395bc7e9a7c496cd385e7a54584,TASK3_OPERATIONAL_POOLED_INTERSTAGE_BAS_V1,INTERSTAGE_BUFFER_S30_I21_B0100,LOCAL_WINDOW_HPP_BASE,43,30,21,100,202607290000,202609290431,202609290432,202609290433,202609290434,836a9355e21deec4d31c39cdcfa596bb83a8d0a992092b65b344e00acd4f6a5f,fdbcf449b5ec617901cc9632f2283bc6edabfaf27c889b55f3bd2dda5c360c6b,407,407,0,True,COMPLETE,2,44.650024562,0,0,8879.99999993,338.074437644,0,0,0.01025039,0,0,4.663426002,9.831842744,38.074437644
1.0,TASK3_INTERSTAGE_BUFFER_SPILLBACK_SENSITIVITY_V1,OP_INTERSTAGE_BUFFER_S30_I21_B0100,83c7a2c4cfff48a9437135a920a888e00a47a395bc7e9a7c496cd385e7a54584,TASK3_OPERATIONAL_POOLED_INTERSTAGE_BAS_V1,INTERSTAGE_BUFFER_S30_I21_B0100,LOCAL_WINDOW_HPP_BASE,44,30,21,100,202607290000,202609290441,202609290442,202609290443,202609290444,dd5c411b266347b8dcc7aad7d80aaaa77e6281dbcb327ded0a77c0d6784a78cf,c7a62e38d8a42aa826ba7e86cd59beba35c49108095be26e5a6bec36a1c3e163,366,366,0,True,COMPLETE,3,36.736809747,0,0,7985.45454539,334.992089443,0,0,0.029114183,0,0,0.25638511,1.918627929,34.992089443
1.0,TASK3_INTERSTAGE_BUFFER_SPILLBACK_SENSITIVITY_V1,OP_INTERSTAGE_BUFFER_S30_I21_B0100,83c7a2c4cfff48a9437135a920a888e00a47a395bc7e9a7c496cd385e7a54584,TASK3_OPERATIONAL_POOLED_INTERSTAGE_BAS_V1,INTERSTAGE_BUFFER_S30_I21_B0100,LOCAL_WINDOW_HPP_BASE,45,30,21,100,202607290000,202609290451,202609290452,202609290453,202609290454,94ce38590b9bd90fd7a639ff8c2697ff21de2ed0eb52e208d66a3cf6b4b51743,34a0e5fdbff79e6c2c1bcabb045e40a1432c197632a3a89fb800c50a3db5d861,399,399,0,True,COMPLETE,3,39.973043962,0,0,8705.45454538,335.34362987,0,0,0.040398883,0,0,1.195620451,5.154862144,35.34362987
1.0,TASK3_INTERSTAGE_BUFFER_SPILLBACK_SENSITIVITY_V1,OP_INTERSTAGE_BUFFER_S30_I21_B0100,83c7a2c4cfff48a9437135a920a888e00a47a395bc7e9a7c496cd385e7a54584,TASK3_OPERATIONAL_POOLED_INTERSTAGE_BAS_V1,INTERSTAGE_BUFFER_S30_I21_B0100,LOCAL_WINDOW_HPP_BASE,46,30,21,100,202607290000,202609290461,202609290462,202609290463,202609290464,93ecff5700ef989a7dfce5e835a36a3b3ae7ea0e38357ad29e60e1474047a020,65c945b4fc24b3f28cf57b0cb2503fa0aee024d574e4492e3bcec6adfacd2b11,452,452,0,True,COMPLETE,1,65.903211515,0,0,9861.81818174,365.543796808,0,0,0.001757343,0,0,12.278070089,31.085029697,65.543796808
1.0,TASK3_INTERSTAGE_BUFFER_SPILLBACK_SENSITIVITY_V1,OP_INTERSTAGE_BUFFER_S30_I21_B0100,83c7a2c4cfff48a9437135a920a888e00a47a395bc7e9a7c496cd385e7a54584,TASK3_OPERATIONAL_POOLED_INTERSTAGE_BAS_V1,INTERSTAGE_BUFFER_S30_I21_B0100,LOCAL_WINDOW_HPP_BASE,47,30,21,100,202607290000,202609290471,202609290472,202609290473,202609290474,7a51db150eed88f4466df9a7a2fe510ed93a6a3de9eb7d91bc6ccc4f9c8c60c8,82bab8c07ffbe2d767c6174fb8759983348881deb79417ca28361377abb4a49a,385,385,0,True,COMPLETE,3,39.42463286,0,0,8399.99999993,334.574566537,0,0,0.066882837,0,0,1.358737221,4.606451042,34.574566537
1.0,TASK3_INTERSTAGE_BUFFER_SPILLBACK_SENSITIVITY_V1,OP_INTERSTAGE_BUFFER_S30_I21_B0100,83c7a2c4cfff48a9437135a920a888e00a47a395bc7e9a7c496cd385e7a54584,TASK3_OPERATIONAL_POOLED_INTERSTAGE_BAS_V1,INTERSTAGE_BUFFER_S30_I21_B0100,LOCAL_WINDOW_HPP_BASE,48,30,21,100,202607290000,202609290481,202609290482,202609290483,202609290484,b11ed7d780023cfb2d4fe23c95404a3c91bdaa4afd7510b9d2fa014dbb609b4d,4b3dcd29078db00639cd2cca69afbe47d9d63149fff75e5354e09ccd05404856,416,416,0,True,COMPLETE,3,48.726083117,0,0,9076.36363629,341.721071536,0,0,0.114487575,0,0,4.76328374,13.907901299,41.721071536
1.0,TASK3_INTERSTAGE_BUFFER_SPILLBACK_SENSITIVITY_V1,OP_INTERSTAGE_BUFFER_S30_I21_B0100,83c7a2c4cfff48a9437135a920a888e00a47a395bc7e9a7c496cd385e7a54584,TASK3_OPERATIONAL_POOLED_INTERSTAGE_BAS_V1,INTERSTAGE_BUFFER_S30_I21_B0100,LOCAL_WINDOW_HPP_BASE,49,30,21,100,202607290000,202609290491,202609290492,202609290493,202609290494,20d9bedd6f1074dbfa0de68f3e211fcc97256209fde2f676fc9bbed862f514ce,c4f8ec64c6b0ff229ef82e2843da4b64ff67df9aca7ca9ab9d62cd3768d9b1e2,423,423,0,True,COMPLETE,1,49.303527647,0,0,9229.09090901,346.248657945,0,0,0,0,0,8.467847565,14.485345829,46.248657945
1.0,TASK3_INTERSTAGE_BUFFER_SPILLBACK_SENSITIVITY_V1,OP_INTERSTAGE_BUFFER_S30_I21_B0100,83c7a2c4cfff48a9437135a920a888e00a47a395bc7e9a7c496cd385e7a54584,TASK3_OPERATIONAL_POOLED_INTERSTAGE_BAS_V1,INTERSTAGE_BUFFER_S30_I21_B0100,LOCAL_WINDOW_HPP_BASE,50,30,21,100,202607290000,202609290501,202609290502,202609290503,202609290504,8cd9aa68d6bccc1314125620d24c7feda08ca1a772edd0d6000b532a7dcbab10,4a7acb1ac942741ec0e994beaf626f7b22c48692f69959e09efa517408b240df,414,414,0,True,COMPLETE,3,46.167362051,0,0,9032.72727265,345.522154376,0,0,0.205126337,0,0,4.405374677,11.349180233,45.522154376
1.0,TASK3_INTERSTAGE_BUFFER_SPILLBACK_SENSITIVITY_V1,OP_INTERSTAGE_BUFFER_S30_I21_B5000,b909fe045a9e976d05bdbf94b8a227d4e0d7651aff8447a683ba8ebd208e081d,TASK3_OPERATIONAL_POOLED_INTERSTAGE_BAS_V1,INTERSTAGE_BUFFER_S30_I21_B5000,LOCAL_WINDOW_HPP_BASE,1,30,21,5000,202607290000,202609290011,202609290012,202609290013,202609290014,31e6bdc1d2ef8a1c405ad97234fa6e4061fddb9374fcc548c8bbcb4d26f00365,142f146b86de6660507003db51f3bc2d582ad31b457916c48d6d222d529549e4,396,396,0,True,COMPLETE,9,41.194196476,0,0,8639.99999993,334.701527801,0,0,0.285367742,0,0,1.985890843,6.376014658,34.701527801
1.0,TASK3_INTERSTAGE_BUFFER_SPILLBACK_SENSITIVITY_V1,OP_INTERSTAGE_BUFFER_S30_I21_B5000,b909fe045a9e976d05bdbf94b8a227d4e0d7651aff8447a683ba8ebd208e081d,TASK3_OPERATIONAL_POOLED_INTERSTAGE_BAS_V1,INTERSTAGE_BUFFER_S30_I21_B5000,LOCAL_WINDOW_HPP_BASE,2,30,21,5000,202607290000,202609290021,202609290022,202609290023,202609290024,4d35127c711b602608f0d85daefccba0b0f2b5b19bd8b23357536b1a39588f36,347f47106db5af68b8a646e89b6d60f4084d7f0c762b9df5b841589261fafb81,442,442,0,True,COMPLETE,5,51.506322741,0,0,9643.63636356,357.641675253,0,0,0.210776783,0,0,8.188273849,16.688140923,57.641675253
1.0,TASK3_INTERSTAGE_BUFFER_SPILLBACK_SENSITIVITY_V1,OP_INTERSTAGE_BUFFER_S30_I21_B5000,b909fe045a9e976d05bdbf94b8a227d4e0d7651aff8447a683ba8ebd208e081d,TASK3_OPERATIONAL_POOLED_INTERSTAGE_BAS_V1,INTERSTAGE_BUFFER_S30_I21_B5000,LOCAL_WINDOW_HPP_BASE,3,30,21,5000,202607290000,202609290031,202609290032,202609290033,202609290034,35e1df60a7cbbe5e78a544aba79225b60549c252fea949bd4f8da455c8ed7c24,f6615f5d2d770038f41c82a91fb7679545bc546bb015e124c09a3ff021d67d37,393,393,0,True,COMPLETE,5,42.230785271,0,0,8574.54545447,334.76039242,0,0,0.048860459,0,0,1.701980505,7.412603453,34.76039242
1.0,TASK3_INTERSTAGE_BUFFER_SPILLBACK_SENSITIVITY_V1,OP_INTERSTAGE_BUFFER_S30_I21_B5000,b909fe045a9e976d05bdbf94b8a227d4e0d7651aff8447a683ba8ebd208e081d,TASK3_OPERATIONAL_POOLED_INTERSTAGE_BAS_V1,INTERSTAGE_BUFFER_S30_I21_B5000,LOCAL_WINDOW_HPP_BASE,4,30,21,5000,202607290000,202609290041,202609290042,202609290043,202609290044,517956b50856de8caf2209257c61021a9a9e6f6e1648b595019dc89b04bf1035,c72ecf81690c791014337f10342e0302ef29000fa789c4bf26ccf95bcc464c29,410,410,0,True,COMPLETE,1,43.986668714,0,0,8945.45454538,345.494382333,0,0,0.007786517,0,0,2.205122388,9.168486896,45.494382333
1.0,TASK3_INTERSTAGE_BUFFER_SPILLBACK_SENSITIVITY_V1,OP_INTERSTAGE_BUFFER_S30_I21_B5000,b909fe045a9e976d05bdbf94b8a227d4e0d7651aff8447a683ba8ebd208e081d,TASK3_OPERATIONAL_POOLED_INTERSTAGE_BAS_V1,INTERSTAGE_BUFFER_S30_I21_B5000,LOCAL_WINDOW_HPP_BASE,5,30,21,5000,202607290000,202609290051,202609290052,202609290053,202609290054,1c0c1796fa49590094aa5fc09f16770360e450693694bb006b2f257e5121a904,0a5094fea492adbde2e12011bf467efb57c623d793e94925d70f1181f1a4d537,388,388,0,True,COMPLETE,4,41.757948238,0,0,8465.45454538,333.55701864,0,0,0.030557001,0,0,3.39172309,6.93976642,33.55701864
1.0,TASK3_INTERSTAGE_BUFFER_SPILLBACK_SENSITIVITY_V1,OP_INTERSTAGE_BUFFER_S30_I21_B5000,b909fe045a9e976d05bdbf94b8a227d4e0d7651aff8447a683ba8ebd208e081d,TASK3_OPERATIONAL_POOLED_INTERSTAGE_BAS_V1,INTERSTAGE_BUFFER_S30_I21_B5000,LOCAL_WINDOW_HPP_BASE,6,30,21,5000,202607290000,202609290061,202609290062,202609290063,202609290064,b49018c734c046f708e0c9477d532bce1e554afccdfe09b446442a6fcd5e8096,a7a583411fe09d67182a56081478430539ea6b10e72a5137a93645936a5b86e7,419,419,0,True,COMPLETE,4,49.070239897,0,0,9141.81818174,348.236605114,0,0,0.17402416,0,0,6.744901486,14.252058079,48.236605114
1.0,TASK3_INTERSTAGE_BUFFER_SPILLBACK_SENSITIVITY_V1,OP_INTERSTAGE_BUFFER_S30_I21_B5000,b909fe045a9e976d05bdbf94b8a227d4e0d7651aff8447a683ba8ebd208e081d,TASK3_OPERATIONAL_POOLED_INTERSTAGE_BAS_V1,INTERSTAGE_BUFFER_S30_I21_B5000,LOCAL_WINDOW_HPP_BASE,7,30,21,5000,202607290000,202609290071,202609290072,202609290073,202609290074,ff30a02a8705dd072c1ff3254287f5798cd899e7ccaa57325aa71d83c4227499,25f8046e3b4e8dc2c44fa31a87f9dc0e0f718741936f7713bbdbed60e19c584a,408,408,0,True,COMPLETE,3,41.312447948,0,0,8901.81818174,339.313356839,0,0,0.021165646,0,0,2.265761079,6.49426613,39.313356839
1.0,TASK3_INTERSTAGE_BUFFER_SPILLBACK_SENSITIVITY_V1,OP_INTERSTAGE_BUFFER_S30_I21_B5000,b909fe045a9e976d05bdbf94b8a227d4e0d7651aff8447a683ba8ebd208e081d,TASK3_OPERATIONAL_POOLED_INTERSTAGE_BAS_V1,INTERSTAGE_BUFFER_S30_I21_B5000,LOCAL_WINDOW_HPP_BASE,8,30,21,5000,202607290000,202609290081,202609290082,202609290083,202609290084,54f93c71470006da3a09c89dff95a83b1ea870754262c91608af5dbcb90a4ed8,1dcb96b49367e30beb1e7f3390bb41c1ad92c1e562ff2dbda94e0d00de9d0ba6,442,442,0,True,COMPLETE,4,62.512071528,0,0,9643.63636356,354.051948113,0,0,0.258582339,0,0,15.415187704,27.69388971,54.051948113
1.0,TASK3_INTERSTAGE_BUFFER_SPILLBACK_SENSITIVITY_V1,OP_INTERSTAGE_BUFFER_S30_I21_B5000,b909fe045a9e976d05bdbf94b8a227d4e0d7651aff8447a683ba8ebd208e081d,TASK3_OPERATIONAL_POOLED_INTERSTAGE_BAS_V1,INTERSTAGE_BUFFER_S30_I21_B5000,LOCAL_WINDOW_HPP_BASE,9,30,21,5000,202607290000,202609290091,202609290092,202609290093,202609290094,eac0a9ee1817f7bfb8075caeca7e7b36c575a89b37d84ba4e00528b85d326525,55d1f16a89b9ed9980c2ee942ca69e94f25cfc11de0ea4947a0279670d7811ec,395,395,0,True,COMPLETE,3,45.284753721,0,0,8618.18181811,337.243295705,0,0,0.06653634,0,0,2.788918979,10.466571903,37.243295705
1.0,TASK3_INTERSTAGE_BUFFER_SPILLBACK_SENSITIVITY_V1,OP_INTERSTAGE_BUFFER_S30_I21_B5000,b909fe045a9e976d05bdbf94b8a227d4e0d7651aff8447a683ba8ebd208e081d,TASK3_OPERATIONAL_POOLED_INTERSTAGE_BAS_V1,INTERSTAGE_BUFFER_S30_I21_B5000,LOCAL_WINDOW_HPP_BASE,10,30,21,5000,202607290000,202609290101,202609290102,202609290103,202609290104,9835da0b922279edffb5e025c97a589df839a34d56b76352d0e37c4e312314e2,4e12bc4199820dbeb4a59d4cccf6f3111573db6002ec6e947243a929f2b5371a,394,394,0,True,COMPLETE,1,40.916117606,0,0,8596.36363629,337.37319999,0,0,0.009164573,0,0,1.892542612,6.097935788,37.37319999
1.0,TASK3_INTERSTAGE_BUFFER_SPILLBACK_SENSITIVITY_V1,OP_INTERSTAGE_BUFFER_S30_I21_B5000,b909fe045a9e976d05bdbf94b8a227d4e0d7651aff8447a683ba8ebd208e081d,TASK3_OPERATIONAL_POOLED_INTERSTAGE_BAS_V1,INTERSTAGE_BUFFER_S30_I21_B5000,LOCAL_WINDOW_HPP_BASE,11,30,21,5000,202607290000,202609290111,202609290112,202609290113,202609290114,e26ea32112b34145f4597dc880d3a97e418100915aec81290d81c7e107c90440,39e4d844358a4edbb52b92c10a799bba828e460fc372fd37518d532d29e51b83,409,409,0,True,COMPLETE,3,50.342042859,0,0,8923.63636356,334.795505588,0,0,0.161259233,0,0,8.000577278,15.523861041,34.795505588
1.0,TASK3_INTERSTAGE_BUFFER_SPILLBACK_SENSITIVITY_V1,OP_INTERSTAGE_BUFFER_S30_I21_B5000,b909fe045a9e976d05bdbf94b8a227d4e0d7651aff8447a683ba8ebd208e081d,TASK3_OPERATIONAL_POOLED_INTERSTAGE_BAS_V1,INTERSTAGE_BUFFER_S30_I21_B5000,LOCAL_WINDOW_HPP_BASE,12,30,21,5000,202607290000,202609290121,202609290122,202609290123,202609290124,5e7768403d04cd908a3f12851404b41158d2d801bc5bd7a60cb446d326e51a1e,b37e139bf989cbf77ea462f4a0c9d53cd0dc867e4ebbdcc53583c417f2591f0a,423,423,0,True,COMPLETE,2,50.53150313,0,0,9229.09090901,346.854902534,0,0,0.003241634,0,0,6.312880067,15.713321312,46.854902534
1.0,TASK3_INTERSTAGE_BUFFER_SPILLBACK_SENSITIVITY_V1,OP_INTERSTAGE_BUFFER_S30_I21_B5000,b909fe045a9e976d05bdbf94b8a227d4e0d7651aff8447a683ba8ebd208e081d,TASK3_OPERATIONAL_POOLED_INTERSTAGE_BAS_V1,INTERSTAGE_BUFFER_S30_I21_B5000,LOCAL_WINDOW_HPP_BASE,13,30,21,5000,202607290000,202609290131,202609290132,202609290133,202609290134,69e477aaf4e576a701c05b406551638599850e496647ab10d50e22a09df77e45,96405049a45f6ced6fb101105d975bbfa9bd0effc3418143f5511fe4678887ad,455,455,0,True,COMPLETE,2,73.22008241,0,0,9927.27272719,365.663985538,0,0,0.015235809,0,0,21.582012641,38.401900592,65.663985538
1.0,TASK3_INTERSTAGE_BUFFER_SPILLBACK_SENSITIVITY_V1,OP_INTERSTAGE_BUFFER_S30_I21_B5000,b909fe045a9e976d05bdbf94b8a227d4e0d7651aff8447a683ba8ebd208e081d,TASK3_OPERATIONAL_POOLED_INTERSTAGE_BAS_V1,INTERSTAGE_BUFFER_S30_I21_B5000,LOCAL_WINDOW_HPP_BASE,14,30,21,5000,202607290000,202609290141,202609290142,202609290143,202609290144,3eb39892a20a0217390af48a30eb92cec434086b31c5fbf488d43be5446e9859,ba8b0b7fe0e46a7f89d4262f26c3c4d1da19439a3a6907f32b42e46742b06f05,374,374,0,True,COMPLETE,3,41.642599388,0,0,8159.99999993,333.71948482,0,0,0.024316314,0,0,1.943726799,6.82441757,33.71948482
1.0,TASK3_INTERSTAGE_BUFFER_SPILLBACK_SENSITIVITY_V1,OP_INTERSTAGE_BUFFER_S30_I21_B5000,b909fe045a9e976d05bdbf94b8a227d4e0d7651aff8447a683ba8ebd208e081d,TASK3_OPERATIONAL_POOLED_INTERSTAGE_BAS_V1,INTERSTAGE_BUFFER_S30_I21_B5000,LOCAL_WINDOW_HPP_BASE,15,30,21,5000,202607290000,202609290151,202609290152,202609290153,202609290154,d82c12f4cfea7164cb5733106a1ae810c4423998e23cd815b08d87f04e59a279,d07a96f61890557a8f482a21c31f65f56dfccef569a74e69ee897200df40c595,386,386,0,True,COMPLETE,1,43.967793876,0,0,8421.81818175,334.527978762,0,0,0,0,0,2.024978382,9.149612058,34.527978762
1.0,TASK3_INTERSTAGE_BUFFER_SPILLBACK_SENSITIVITY_V1,OP_INTERSTAGE_BUFFER_S30_I21_B5000,b909fe045a9e976d05bdbf94b8a227d4e0d7651aff8447a683ba8ebd208e081d,TASK3_OPERATIONAL_POOLED_INTERSTAGE_BAS_V1,INTERSTAGE_BUFFER_S30_I21_B5000,LOCAL_WINDOW_HPP_BASE,16,30,21,5000,202607290000,202609290161,202609290162,202609290163,202609290164,0ae1ee517aa6d11e558f4c00fe5498a73acf57ac7aa460688e506807cd2377c5,613f9c4d4af77d8dfcd9ff625450c1cb39c5e9c7af45fa6648a31aa570d7c881,401,401,0,True,COMPLETE,3,44.677787646,0,0,8749.09090902,347.043596148,0,0,0.066576074,0,0,2.05946763,9.859605828,47.043596148
1.0,TASK3_INTERSTAGE_BUFFER_SPILLBACK_SENSITIVITY_V1,OP_INTERSTAGE_BUFFER_S30_I21_B5000,b909fe045a9e976d05bdbf94b8a227d4e0d7651aff8447a683ba8ebd208e081d,TASK3_OPERATIONAL_POOLED_INTERSTAGE_BAS_V1,INTERSTAGE_BUFFER_S30_I21_B5000,LOCAL_WINDOW_HPP_BASE,17,30,21,5000,202607290000,202609290171,202609290172,202609290173,202609290174,266dcbc6ee1a46ff9a3287bdadc591ad304f0578cdc09e7eaa613da4fa246a45,55547ab32d6e12852c49b0e98b2c544fd3750d197c0e3ec8a50828c231c630ff,429,429,0,True,COMPLETE,1,53.32142025,0,0,9359.99999992,351.077133134,0,0,0.038679571,0,0,7.488261389,18.503238432,51.077133134
1.0,TASK3_INTERSTAGE_BUFFER_SPILLBACK_SENSITIVITY_V1,OP_INTERSTAGE_BUFFER_S30_I21_B5000,b909fe045a9e976d05bdbf94b8a227d4e0d7651aff8447a683ba8ebd208e081d,TASK3_OPERATIONAL_POOLED_INTERSTAGE_BAS_V1,INTERSTAGE_BUFFER_S30_I21_B5000,LOCAL_WINDOW_HPP_BASE,18,30,21,5000,202607290000,202609290181,202609290182,202609290183,202609290184,9ccc0530a0134e0b888b20445eb14e148598546e5aceabfc5061c8ef4ad820af,968187028845afe8b08d677322d903c502412e31ed7bf554896777aa9c84f6fd,419,419,0,True,COMPLETE,1,48.100525201,0,0,9141.81818174,344.706080815,0,0,0.001547844,0,0,6.54835657,13.282343383,44.706080815
1.0,TASK3_INTERSTAGE_BUFFER_SPILLBACK_SENSITIVITY_V1,OP_INTERSTAGE_BUFFER_S30_I21_B5000,b909fe045a9e976d05bdbf94b8a227d4e0d7651aff8447a683ba8ebd208e081d,TASK3_OPERATIONAL_POOLED_INTERSTAGE_BAS_V1,INTERSTAGE_BUFFER_S30_I21_B5000,LOCAL_WINDOW_HPP_BASE,19,30,21,5000,202607290000,202609290191,202609290192,202609290193,202609290194,4000364c613df0f2b76ec1e06efee1dd2f6437fbbda80bf583e14b9a41851e74,5d0fd4a4f162a1f882d5e7dea67e39fa5a3be942961685313e2c1fba4cb72692,445,445,0,True,COMPLETE,3,57.962409453,0,0,9709.09090901,362.564424231,0,0,0.04783978,0,0,8.673911441,23.144227635,62.564424231
1.0,TASK3_INTERSTAGE_BUFFER_SPILLBACK_SENSITIVITY_V1,OP_INTERSTAGE_BUFFER_S30_I21_B5000,b909fe045a9e976d05bdbf94b8a227d4e0d7651aff8447a683ba8ebd208e081d,TASK3_OPERATIONAL_POOLED_INTERSTAGE_BAS_V1,INTERSTAGE_BUFFER_S30_I21_B5000,LOCAL_WINDOW_HPP_BASE,20,30,21,5000,202607290000,202609290201,202609290202,202609290203,202609290204,22af0208faf3e7bb7b1fd2139f02c55620aac4f2ea1e4c03d676e0e2fbf2c0d7,9144946329e150b50340cf04ee4847f442515bc57e4b0113089ed26bdc988298,418,418,0,True,COMPLETE,2,46.524616427,0,0,9119.99999992,339.80680582,0,0,0.075622669,0,0,4.859443425,11.706434609,39.80680582
1.0,TASK3_INTERSTAGE_BUFFER_SPILLBACK_SENSITIVITY_V1,OP_INTERSTAGE_BUFFER_S30_I21_B5000,b909fe045a9e976d05bdbf94b8a227d4e0d7651aff8447a683ba8ebd208e081d,TASK3_OPERATIONAL_POOLED_INTERSTAGE_BAS_V1,INTERSTAGE_BUFFER_S30_I21_B5000,LOCAL_WINDOW_HPP_BASE,21,30,21,5000,202607290000,202609290211,202609290212,202609290213,202609290214,2a7611076323f09eed801a9545289fd21d2971296a52a95e582b9262ed9c7b81,35c7bbf683d108ab718d95c91fe500ed216ad7e957dbed2cb89718e47fcf0b6f,417,417,0,True,COMPLETE,3,52.80831223,0,0,9098.18181811,353.917486944,0,0,0.039099371,0,0,6.595380532,17.990130412,53.917486944
1.0,TASK3_INTERSTAGE_BUFFER_SPILLBACK_SENSITIVITY_V1,OP_INTERSTAGE_BUFFER_S30_I21_B5000,b909fe045a9e976d05bdbf94b8a227d4e0d7651aff8447a683ba8ebd208e081d,TASK3_OPERATIONAL_POOLED_INTERSTAGE_BAS_V1,INTERSTAGE_BUFFER_S30_I21_B5000,LOCAL_WINDOW_HPP_BASE,22,30,21,5000,202607290000,202609290221,202609290222,202609290223,202609290224,99914cad9248df9995c6da58ff02cb023397c509e2faa36fd87c0381ebea62f5,0a77442a8b8650d13429770f4ca750a1678cb050674dc6242933649eb75051f5,410,410,0,True,COMPLETE,2,42.372589659,0,0,8945.45454538,337.40104162,0,0,0.013170366,0,0,3.166326361,7.554407841,37.40104162
1.0,TASK3_INTERSTAGE_BUFFER_SPILLBACK_SENSITIVITY_V1,OP_INTERSTAGE_BUFFER_S30_I21_B5000,b909fe045a9e976d05bdbf94b8a227d4e0d7651aff8447a683ba8ebd208e081d,TASK3_OPERATIONAL_POOLED_INTERSTAGE_BAS_V1,INTERSTAGE_BUFFER_S30_I21_B5000,LOCAL_WINDOW_HPP_BASE,23,30,21,5000,202607290000,202609290231,202609290232,202609290233,202609290234,9b82bad9092b604f3c77ccc8d27db8fa85c889760667ed7597a0de4b62c2a1d0,f9d0081e57265774248fb4bd8df2078d980534e8978e1fb9c6c340ca38383d24,439,439,0,True,COMPLETE,5,57.141855548,0,0,9578.1818181,350.845863418,0,0,0.715488783,0,0,13.277101172,22.32367373,50.845863418
1.0,TASK3_INTERSTAGE_BUFFER_SPILLBACK_SENSITIVITY_V1,OP_INTERSTAGE_BUFFER_S30_I21_B5000,b909fe045a9e976d05bdbf94b8a227d4e0d7651aff8447a683ba8ebd208e081d,TASK3_OPERATIONAL_POOLED_INTERSTAGE_BAS_V1,INTERSTAGE_BUFFER_S30_I21_B5000,LOCAL_WINDOW_HPP_BASE,24,30,21,5000,202607290000,202609290241,202609290242,202609290243,202609290244,66f5f2028f433422e88c253b8a0edb196a2d079c1e1557a0df63670d8716ce12,456453418b8833139303ad8fcdc9010dec900ab683baa6967e377fe7989051f4,412,412,0,True,COMPLETE,3,42.299931565,0,0,8989.09090902,343.244347906,0,0,0.122209955,0,0,2.196329332,7.481749747,43.244347906
1.0,TASK3_INTERSTAGE_BUFFER_SPILLBACK_SENSITIVITY_V1,OP_INTERSTAGE_BUFFER_S30_I21_B5000,b909fe045a9e976d05bdbf94b8a227d4e0d7651aff8447a683ba8ebd208e081d,TASK3_OPERATIONAL_POOLED_INTERSTAGE_BAS_V1,INTERSTAGE_BUFFER_S30_I21_B5000,LOCAL_WINDOW_HPP_BASE,25,30,21,5000,202607290000,202609290251,202609290252,202609290253,202609290254,024a59b70dba379a9ff49f76d780488d576d3e793221feb47812b1c97a5c8de5,007f908924f2261ce644e2d0174711f1c6ab91862d67b130586dad7c62aea876,424,424,0,True,COMPLETE,1,51.897166425,0,0,9250.90909083,347.340641649,0,0,0.045481911,0,0,8.014356686,17.078984607,47.340641649
1.0,TASK3_INTERSTAGE_BUFFER_SPILLBACK_SENSITIVITY_V1,OP_INTERSTAGE_BUFFER_S30_I21_B5000,b909fe045a9e976d05bdbf94b8a227d4e0d7651aff8447a683ba8ebd208e081d,TASK3_OPERATIONAL_POOLED_INTERSTAGE_BAS_V1,INTERSTAGE_BUFFER_S30_I21_B5000,LOCAL_WINDOW_HPP_BASE,26,30,21,5000,202607290000,202609290261,202609290262,202609290263,202609290264,d4868d98ad8429fda4f8019f736954e52ea7e14f7c0a7995934c0a195358df7c,5ea3b1143ccea218e8802b266cccb855ff95ecc97c2e6f8e21eaf4694304d863,419,419,0,True,COMPLETE,4,48.565743456,0,0,9141.81818174,344.821364385,0,0,0.205477719,0,0,7.279221941,13.747561638,44.821364385
1.0,TASK3_INTERSTAGE_BUFFER_SPILLBACK_SENSITIVITY_V1,OP_INTERSTAGE_BUFFER_S30_I21_B5000,b909fe045a9e976d05bdbf94b8a227d4e0d7651aff8447a683ba8ebd208e081d,TASK3_OPERATIONAL_POOLED_INTERSTAGE_BAS_V1,INTERSTAGE_BUFFER_S30_I21_B5000,LOCAL_WINDOW_HPP_BASE,27,30,21,5000,202607290000,202609290271,202609290272,202609290273,202609290274,5a446675b5eabb5e9801c5cb48a56e2edc440bdd55794e800b4004c3a831785e,5da64f60936ec951af2104c8f3d0e9a3c31298e6dfcf74a0fbf0951c03978982,410,410,0,True,COMPLETE,3,43.185153994,0,0,8945.45454538,343.512356311,0,0,0.063480738,0,0,2.598750216,8.366972176,43.512356311
1.0,TASK3_INTERSTAGE_BUFFER_SPILLBACK_SENSITIVITY_V1,OP_INTERSTAGE_BUFFER_S30_I21_B5000,b909fe045a9e976d05bdbf94b8a227d4e0d7651aff8447a683ba8ebd208e081d,TASK3_OPERATIONAL_POOLED_INTERSTAGE_BAS_V1,INTERSTAGE_BUFFER_S30_I21_B5000,LOCAL_WINDOW_HPP_BASE,28,30,21,5000,202607290000,202609290281,202609290282,202609290283,202609290284,0f3e1190ac4f1693916db3ba9929255341722bae891e07cdf71baa4c601d838c,c006b781a8ab47bbd82abd4392303784d420b2108d78c11edb93c4c41c846957,392,392,0,True,COMPLETE,5,41.696750326,0,0,8552.72727266,340.839365517,0,0,0.075382041,0,0,1.709103038,6.878568508,40.839365517
1.0,TASK3_INTERSTAGE_BUFFER_SPILLBACK_SENSITIVITY_V1,OP_INTERSTAGE_BUFFER_S30_I21_B5000,b909fe045a9e976d05bdbf94b8a227d4e0d7651aff8447a683ba8ebd208e081d,TASK3_OPERATIONAL_POOLED_INTERSTAGE_BAS_V1,INTERSTAGE_BUFFER_S30_I21_B5000,LOCAL_WINDOW_HPP_BASE,29,30,21,5000,202607290000,202609290291,202609290292,202609290293,202609290294,4f539bb4dc4ef85cd6680029b58c0bcee550f12c95a0df5922e50b2aab3e2e2b,9f8b2dac505b82dbf5a453a94e1863e27199fcc3ce9520e61def69e8a0205bfb,424,424,0,True,COMPLETE,6,49.01987168,0,0,9250.90909083,346.059949983,0,0,0.208795423,0,0,5.893331251,14.201689862,46.059949983
1.0,TASK3_INTERSTAGE_BUFFER_SPILLBACK_SENSITIVITY_V1,OP_INTERSTAGE_BUFFER_S30_I21_B5000,b909fe045a9e976d05bdbf94b8a227d4e0d7651aff8447a683ba8ebd208e081d,TASK3_OPERATIONAL_POOLED_INTERSTAGE_BAS_V1,INTERSTAGE_BUFFER_S30_I21_B5000,LOCAL_WINDOW_HPP_BASE,30,30,21,5000,202607290000,202609290301,202609290302,202609290303,202609290304,7a068d5d9301e48725db05a531ec1b934cee9bb136cf57d44743de327af49e95,ebe6ab3633e8ab4bea3305fa1f067d3a50ed548bd43b2f349e29b73e60e32b0b,408,408,0,True,COMPLETE,3,44.82126489,0,0,8901.81818174,346.946076603,0,0,0.031062998,0,0,2.585008672,10.003083072,46.946076603
1.0,TASK3_INTERSTAGE_BUFFER_SPILLBACK_SENSITIVITY_V1,OP_INTERSTAGE_BUFFER_S30_I21_B5000,b909fe045a9e976d05bdbf94b8a227d4e0d7651aff8447a683ba8ebd208e081d,TASK3_OPERATIONAL_POOLED_INTERSTAGE_BAS_V1,INTERSTAGE_BUFFER_S30_I21_B5000,LOCAL_WINDOW_HPP_BASE,31,30,21,5000,202607290000,202609290311,202609290312,202609290313,202609290314,fe79fd3f1857eadd12059b816ae5dc78c5400c580deb55ff1ade6616157c5322,e69803f0da91359096699b5ebb9a7048de2aa29218489e02d000a3dbc95e9d8d,425,425,0,True,COMPLETE,1,49.680363794,0,0,9272.72727265,347.155472148,0,0,5.898e-05,0,0,5.026639677,14.862181976,47.155472148
1.0,TASK3_INTERSTAGE_BUFFER_SPILLBACK_SENSITIVITY_V1,OP_INTERSTAGE_BUFFER_S30_I21_B5000,b909fe045a9e976d05bdbf94b8a227d4e0d7651aff8447a683ba8ebd208e081d,TASK3_OPERATIONAL_POOLED_INTERSTAGE_BAS_V1,INTERSTAGE_BUFFER_S30_I21_B5000,LOCAL_WINDOW_HPP_BASE,32,30,21,5000,202607290000,202609290321,202609290322,202609290323,202609290324,a107a39217451ab24221e19dee1c92d58883e07cc0f49dfe3e038c20225d5cc4,f484f46e26f265dcebf85e8e7122f383d7030321dbd52ca25e1db83f7bf4257e,395,395,0,True,COMPLETE,5,40.925121381,0,0,8618.18181811,341.049557503,0,0,0.183628129,0,0,1.622578639,6.106939563,41.049557503
1.0,TASK3_INTERSTAGE_BUFFER_SPILLBACK_SENSITIVITY_V1,OP_INTERSTAGE_BUFFER_S30_I21_B5000,b909fe045a9e976d05bdbf94b8a227d4e0d7651aff8447a683ba8ebd208e081d,TASK3_OPERATIONAL_POOLED_INTERSTAGE_BAS_V1,INTERSTAGE_BUFFER_S30_I21_B5000,LOCAL_WINDOW_HPP_BASE,33,30,21,5000,202607290000,202609290331,202609290332,202609290333,202609290334,13f6ae62d1d578037e3c74454e4ba06f754623501488a41e226a82d60d228b73,807cb2fa6993937636344f0ff61bc28755a9c92f9a796fc3d78bd43e4b6c26b1,428,428,0,True,COMPLETE,1,50.334377029,0,0,9338.1818181,344.316397021,0,0,0.0411047,0,0,7.629088316,15.516195211,44.316397021
1.0,TASK3_INTERSTAGE_BUFFER_SPILLBACK_SENSITIVITY_V1,OP_INTERSTAGE_BUFFER_S30_I21_B5000,b909fe045a9e976d05bdbf94b8a227d4e0d7651aff8447a683ba8ebd208e081d,TASK3_OPERATIONAL_POOLED_INTERSTAGE_BAS_V1,INTERSTAGE_BUFFER_S30_I21_B5000,LOCAL_WINDOW_HPP_BASE,34,30,21,5000,202607290000,202609290341,202609290342,202609290343,202609290344,e652f3fee095b11115f8e98b70447f6b3452056f93691b94c53bd0448f96f318,a3293a4791a8af052261980264669be2415de3eff332657344c4f17691bbc2d0,426,426,0,True,COMPLETE,2,46.691268029,0,0,9294.54545447,348.682539611,0,0,0.027502981,0,0,2.751639438,11.873086211,48.682539611
1.0,TASK3_INTERSTAGE_BUFFER_SPILLBACK_SENSITIVITY_V1,OP_INTERSTAGE_BUFFER_S30_I21_B5000,b909fe045a9e976d05bdbf94b8a227d4e0d7651aff8447a683ba8ebd208e081d,TASK3_OPERATIONAL_POOLED_INTERSTAGE_BAS_V1,INTERSTAGE_BUFFER_S30_I21_B5000,LOCAL_WINDOW_HPP_BASE,35,30,21,5000,202607290000,202609290351,202609290352,202609290353,202609290354,814344a6d5dc851daea1f0ccbdcf11d8d7ad5b6270b2c7b88b78878473c58e66,aadfa24050711f49598835df99d004a47d5eac7880aac24c926cd8ea57bf961f,451,451,0,True,COMPLETE,1,54.172234397,0,0,9839.99999992,363.035325347,0,0,0,0,0,7.881304533,19.354052579,63.035325347
1.0,TASK3_INTERSTAGE_BUFFER_SPILLBACK_SENSITIVITY_V1,OP_INTERSTAGE_BUFFER_S30_I21_B5000,b909fe045a9e976d05bdbf94b8a227d4e0d7651aff8447a683ba8ebd208e081d,TASK3_OPERATIONAL_POOLED_INTERSTAGE_BAS_V1,INTERSTAGE_BUFFER_S30_I21_B5000,LOCAL_WINDOW_HPP_BASE,36,30,21,5000,202607290000,202609290361,202609290362,202609290363,202609290364,ac7b15bb6dd2587714d12b8ab6df1c128d5cd9c9bf065fbba1dd39ebfe22f766,7772c33921cb89719796c13a4fff82ac978618f8dc0660676790ec5a3e00895b,414,414,0,True,COMPLETE,3,41.799074857,0,0,9032.72727265,337.588051697,0,0,0.02228444,0,0,2.401690821,6.980893039,37.588051697
1.0,TASK3_INTERSTAGE_BUFFER_SPILLBACK_SENSITIVITY_V1,OP_INTERSTAGE_BUFFER_S30_I21_B5000,b909fe045a9e976d05bdbf94b8a227d4e0d7651aff8447a683ba8ebd208e081d,TASK3_OPERATIONAL_POOLED_INTERSTAGE_BAS_V1,INTERSTAGE_BUFFER_S30_I21_B5000,LOCAL_WINDOW_HPP_BASE,37,30,21,5000,202607290000,202609290371,202609290372,202609290373,202609290374,0c48c3005a1f806ca43594a7fe8b65a823b4d0e14de3286a1c43ec10fae6e8d8,3ff36b590684f84934164813d58a798834dc852162e53bedad0e49ba5b5a97a9,408,408,0,True,COMPLETE,3,45.622989904,0,0,8901.81818174,338.903342094,0,0,0.066785457,0,0,3.094222558,10.804808086,38.903342094
1.0,TASK3_INTERSTAGE_BUFFER_SPILLBACK_SENSITIVITY_V1,OP_INTERSTAGE_BUFFER_S30_I21_B5000,b909fe045a9e976d05bdbf94b8a227d4e0d7651aff8447a683ba8ebd208e081d,TASK3_OPERATIONAL_POOLED_INTERSTAGE_BAS_V1,INTERSTAGE_BUFFER_S30_I21_B5000,LOCAL_WINDOW_HPP_BASE,38,30,21,5000,202607290000,202609290381,202609290382,202609290383,202609290384,cdd5c5d0215e72c607d45885cbf50b6649adbbe5880fc8e6dab73573cfc87acd,ee41e4dcb3a060067b2c6bffecb48e4ee005d3faf6c9a55d842da07035623a52,406,406,0,True,COMPLETE,1,43.341462601,0,0,8858.18181811,335.497974735,0,0,0,0,0,3.046974042,8.523280783,35.497974735
1.0,TASK3_INTERSTAGE_BUFFER_SPILLBACK_SENSITIVITY_V1,OP_INTERSTAGE_BUFFER_S30_I21_B5000,b909fe045a9e976d05bdbf94b8a227d4e0d7651aff8447a683ba8ebd208e081d,TASK3_OPERATIONAL_POOLED_INTERSTAGE_BAS_V1,INTERSTAGE_BUFFER_S30_I21_B5000,LOCAL_WINDOW_HPP_BASE,39,30,21,5000,202607290000,202609290391,202609290392,202609290393,202609290394,326272c4de29b05923793b77cd6b8a2425bf38488b2e989c4814c75879e36076,7b35bf859772589c44add8b811ea7d59152bb4a3ca5b96e059fac022f85c4250,388,388,0,True,COMPLETE,4,43.679449805,0,0,8465.45454538,348.213625514,0,0,0.077735301,0,0,2.490110431,8.861267987,48.213625514
1.0,TASK3_INTERSTAGE_BUFFER_SPILLBACK_SENSITIVITY_V1,OP_INTERSTAGE_BUFFER_S30_I21_B5000,b909fe045a9e976d05bdbf94b8a227d4e0d7651aff8447a683ba8ebd208e081d,TASK3_OPERATIONAL_POOLED_INTERSTAGE_BAS_V1,INTERSTAGE_BUFFER_S30_I21_B5000,LOCAL_WINDOW_HPP_BASE,40,30,21,5000,202607290000,202609290401,202609290402,202609290403,202609290404,1b06562ca40c4532db2de354423a06cb3250b5439a73d141823cb4276579ed4a,f5bac1434ea5ae0c13297a7de3f606ef7cb2ae1f011d74615046cf45301b4e63,399,399,0,True,COMPLETE,3,42.148345766,0,0,8705.45454538,340.78580538,0,0,0.061259471,0,0,1.641018882,7.330163948,40.78580538
1.0,TASK3_INTERSTAGE_BUFFER_SPILLBACK_SENSITIVITY_V1,OP_INTERSTAGE_BUFFER_S30_I21_B5000,b909fe045a9e976d05bdbf94b8a227d4e0d7651aff8447a683ba8ebd208e081d,TASK3_OPERATIONAL_POOLED_INTERSTAGE_BAS_V1,INTERSTAGE_BUFFER_S30_I21_B5000,LOCAL_WINDOW_HPP_BASE,41,30,21,5000,202607290000,202609290411,202609290412,202609290413,202609290414,e742f6eed2fa26b2a3bd7c08351cf82a65f52e76ad11dc62eba34870c8eb3843,5d870fd3bc5df0245d3a2caff1dcc59ec31067f21dadf5333c884e6616e3c548,416,416,0,True,COMPLETE,4,47.724886901,0,0,9076.36363629,334.446407899,0,0,0.389150987,0,0,6.435482243,12.906705083,34.446407899
1.0,TASK3_INTERSTAGE_BUFFER_SPILLBACK_SENSITIVITY_V1,OP_INTERSTAGE_BUFFER_S30_I21_B5000,b909fe045a9e976d05bdbf94b8a227d4e0d7651aff8447a683ba8ebd208e081d,TASK3_OPERATIONAL_POOLED_INTERSTAGE_BAS_V1,INTERSTAGE_BUFFER_S30_I21_B5000,LOCAL_WINDOW_HPP_BASE,42,30,21,5000,202607290000,202609290421,202609290422,202609290423,202609290424,0dd4390aaf5a2d161251f438448add855b708bf988bd35e5063e0d76f2e8a5bb,249dae53c9f2d578eb55c6bcdc9570010ab7e575a3bdf8bc5b664c95e32420fe,403,403,0,True,COMPLETE,5,50.598286481,0,0,8792.72727265,344.763382741,0,0,0.034109361,0,0,3.561966593,15.780104663,44.763382741
1.0,TASK3_INTERSTAGE_BUFFER_SPILLBACK_SENSITIVITY_V1,OP_INTERSTAGE_BUFFER_S30_I21_B5000,b909fe045a9e976d05bdbf94b8a227d4e0d7651aff8447a683ba8ebd208e081d,TASK3_OPERATIONAL_POOLED_INTERSTAGE_BAS_V1,INTERSTAGE_BUFFER_S30_I21_B5000,LOCAL_WINDOW_HPP_BASE,43,30,21,5000,202607290000,202609290431,202609290432,202609290433,202609290434,836a9355e21deec4d31c39cdcfa596bb83a8d0a992092b65b344e00acd4f6a5f,fdbcf449b5ec617901cc9632f2283bc6edabfaf27c889b55f3bd2dda5c360c6b,407,407,0,True,COMPLETE,2,44.650024562,0,0,8879.99999993,338.074437644,0,0,0.01025039,0,0,4.663426002,9.831842744,38.074437644
1.0,TASK3_INTERSTAGE_BUFFER_SPILLBACK_SENSITIVITY_V1,OP_INTERSTAGE_BUFFER_S30_I21_B5000,b909fe045a9e976d05bdbf94b8a227d4e0d7651aff8447a683ba8ebd208e081d,TASK3_OPERATIONAL_POOLED_INTERSTAGE_BAS_V1,INTERSTAGE_BUFFER_S30_I21_B5000,LOCAL_WINDOW_HPP_BASE,44,30,21,5000,202607290000,202609290441,202609290442,202609290443,202609290444,dd5c411b266347b8dcc7aad7d80aaaa77e6281dbcb327ded0a77c0d6784a78cf,c7a62e38d8a42aa826ba7e86cd59beba35c49108095be26e5a6bec36a1c3e163,366,366,0,True,COMPLETE,3,36.736809747,0,0,7985.45454539,334.992089443,0,0,0.029114183,0,0,0.25638511,1.918627929,34.992089443
1.0,TASK3_INTERSTAGE_BUFFER_SPILLBACK_SENSITIVITY_V1,OP_INTERSTAGE_BUFFER_S30_I21_B5000,b909fe045a9e976d05bdbf94b8a227d4e0d7651aff8447a683ba8ebd208e081d,TASK3_OPERATIONAL_POOLED_INTERSTAGE_BAS_V1,INTERSTAGE_BUFFER_S30_I21_B5000,LOCAL_WINDOW_HPP_BASE,45,30,21,5000,202607290000,202609290451,202609290452,202609290453,202609290454,94ce38590b9bd90fd7a639ff8c2697ff21de2ed0eb52e208d66a3cf6b4b51743,34a0e5fdbff79e6c2c1bcabb045e40a1432c197632a3a89fb800c50a3db5d861,399,399,0,True,COMPLETE,3,39.973043962,0,0,8705.45454538,335.34362987,0,0,0.040398883,0,0,1.195620451,5.154862144,35.34362987
1.0,TASK3_INTERSTAGE_BUFFER_SPILLBACK_SENSITIVITY_V1,OP_INTERSTAGE_BUFFER_S30_I21_B5000,b909fe045a9e976d05bdbf94b8a227d4e0d7651aff8447a683ba8ebd208e081d,TASK3_OPERATIONAL_POOLED_INTERSTAGE_BAS_V1,INTERSTAGE_BUFFER_S30_I21_B5000,LOCAL_WINDOW_HPP_BASE,46,30,21,5000,202607290000,202609290461,202609290462,202609290463,202609290464,93ecff5700ef989a7dfce5e835a36a3b3ae7ea0e38357ad29e60e1474047a020,65c945b4fc24b3f28cf57b0cb2503fa0aee024d574e4492e3bcec6adfacd2b11,452,452,0,True,COMPLETE,1,65.903211515,0,0,9861.81818174,365.543796808,0,0,0.001757343,0,0,12.278070089,31.085029697,65.543796808
1.0,TASK3_INTERSTAGE_BUFFER_SPILLBACK_SENSITIVITY_V1,OP_INTERSTAGE_BUFFER_S30_I21_B5000,b909fe045a9e976d05bdbf94b8a227d4e0d7651aff8447a683ba8ebd208e081d,TASK3_OPERATIONAL_POOLED_INTERSTAGE_BAS_V1,INTERSTAGE_BUFFER_S30_I21_B5000,LOCAL_WINDOW_HPP_BASE,47,30,21,5000,202607290000,202609290471,202609290472,202609290473,202609290474,7a51db150eed88f4466df9a7a2fe510ed93a6a3de9eb7d91bc6ccc4f9c8c60c8,82bab8c07ffbe2d767c6174fb8759983348881deb79417ca28361377abb4a49a,385,385,0,True,COMPLETE,3,39.42463286,0,0,8399.99999993,334.574566537,0,0,0.066882837,0,0,1.358737221,4.606451042,34.574566537
1.0,TASK3_INTERSTAGE_BUFFER_SPILLBACK_SENSITIVITY_V1,OP_INTERSTAGE_BUFFER_S30_I21_B5000,b909fe045a9e976d05bdbf94b8a227d4e0d7651aff8447a683ba8ebd208e081d,TASK3_OPERATIONAL_POOLED_INTERSTAGE_BAS_V1,INTERSTAGE_BUFFER_S30_I21_B5000,LOCAL_WINDOW_HPP_BASE,48,30,21,5000,202607290000,202609290481,202609290482,202609290483,202609290484,b11ed7d780023cfb2d4fe23c95404a3c91bdaa4afd7510b9d2fa014dbb609b4d,4b3dcd29078db00639cd2cca69afbe47d9d63149fff75e5354e09ccd05404856,416,416,0,True,COMPLETE,3,48.726083117,0,0,9076.36363629,341.721071536,0,0,0.114487575,0,0,4.76328374,13.907901299,41.721071536
1.0,TASK3_INTERSTAGE_BUFFER_SPILLBACK_SENSITIVITY_V1,OP_INTERSTAGE_BUFFER_S30_I21_B5000,b909fe045a9e976d05bdbf94b8a227d4e0d7651aff8447a683ba8ebd208e081d,TASK3_OPERATIONAL_POOLED_INTERSTAGE_BAS_V1,INTERSTAGE_BUFFER_S30_I21_B5000,LOCAL_WINDOW_HPP_BASE,49,30,21,5000,202607290000,202609290491,202609290492,202609290493,202609290494,20d9bedd6f1074dbfa0de68f3e211fcc97256209fde2f676fc9bbed862f514ce,c4f8ec64c6b0ff229ef82e2843da4b64ff67df9aca7ca9ab9d62cd3768d9b1e2,423,423,0,True,COMPLETE,1,49.303527647,0,0,9229.09090901,346.248657945,0,0,0,0,0,8.467847565,14.485345829,46.248657945
1.0,TASK3_INTERSTAGE_BUFFER_SPILLBACK_SENSITIVITY_V1,OP_INTERSTAGE_BUFFER_S30_I21_B5000,b909fe045a9e976d05bdbf94b8a227d4e0d7651aff8447a683ba8ebd208e081d,TASK3_OPERATIONAL_POOLED_INTERSTAGE_BAS_V1,INTERSTAGE_BUFFER_S30_I21_B5000,LOCAL_WINDOW_HPP_BASE,50,30,21,5000,202607290000,202609290501,202609290502,202609290503,202609290504,8cd9aa68d6bccc1314125620d24c7feda08ca1a772edd0d6000b532a7dcbab10,4a7acb1ac942741ec0e994beaf626f7b22c48692f69959e09efa517408b240df,414,414,0,True,COMPLETE,3,46.167362051,0,0,9032.72727265,345.522154376,0,0,0.205126337,0,0,4.405374677,11.349180233,45.522154376
1.0,TASK3_INTERSTAGE_BUFFER_SPILLBACK_SENSITIVITY_V1,OP_INTERSTAGE_BUFFER_S36_I16_B0025,5ba20d3ee8f9fa64fd1c2c13a18b765cc5c7ed79478160279f8b38b473758b1b,TASK3_OPERATIONAL_POOLED_INTERSTAGE_BAS_V1,INTERSTAGE_BUFFER_S36_I16_B0025,LOCAL_WINDOW_HPP_BASE,1,36,16,25,202607290000,202609290011,202609290012,202609290013,202609290014,31e6bdc1d2ef8a1c405ad97234fa6e4061fddb9374fcc548c8bbcb4d26f00365,c7ae8a06bf1f24b57c43bd3df7e3df524577d2a4789e6603248bdd410972f5ae,396,396,0,True,COMPLETE,25,60.355820806,0.021764366,276.090128322,8639.99999993,352.37277881,0.030965381,0.200874679,13.994754784,0.697197294,4.851640686,13.213374467,25.537638988,52.37277881
1.0,TASK3_INTERSTAGE_BUFFER_SPILLBACK_SENSITIVITY_V1,OP_INTERSTAGE_BUFFER_S36_I16_B0025,5ba20d3ee8f9fa64fd1c2c13a18b765cc5c7ed79478160279f8b38b473758b1b,TASK3_OPERATIONAL_POOLED_INTERSTAGE_BAS_V1,INTERSTAGE_BUFFER_S36_I16_B0025,LOCAL_WINDOW_HPP_BASE,2,36,16,25,202607290000,202609290021,202609290022,202609290023,202609290024,4d35127c711b602608f0d85daefccba0b0f2b5b19bd8b23357536b1a39588f36,28084dfd307dab8bfe093c571a1c746013fa4c7a5da7cd209fb8571f6b4019fd,442,442,0,True,COMPLETE,25,83.245748618,0.120903693,1697.892499,9643.63636356,390.092967854,0.149705787,0.545774072,17.906497381,3.841385744,11.380018887,25.067082019,48.4275668,90.092967854
1.0,TASK3_INTERSTAGE_BUFFER_SPILLBACK_SENSITIVITY_V1,OP_INTERSTAGE_BUFFER_S36_I16_B0025,5ba20d3ee8f9fa64fd1c2c13a18b765cc5c7ed79478160279f8b38b473758b1b,TASK3_OPERATIONAL_POOLED_INTERSTAGE_BAS_V1,INTERSTAGE_BUFFER_S36_I16_B0025,LOCAL_WINDOW_HPP_BASE,3,36,16,25,202607290000,202609290031,202609290032,202609290033,202609290034,35e1df60a7cbbe5e78a544aba79225b60549c252fea949bd4f8da455c8ed7c24,1ad5d4ff2cb90da64b9a7fbfa543f8f879a11e766280736e0ca2221617eede70,393,393,0,True,COMPLETE,25,54.235969022,7.0067e-05,0.887445689,8574.54545447,351.823039487,0.000103487,0.01781737,13.710404633,0.002258132,0,12.361040401,19.417787204,51.823039487
1.0,TASK3_INTERSTAGE_BUFFER_SPILLBACK_SENSITIVITY_V1,OP_INTERSTAGE_BUFFER_S36_I16_B0025,5ba20d3ee8f9fa64fd1c2c13a18b765cc5c7ed79478160279f8b38b473758b1b,TASK3_OPERATIONAL_POOLED_INTERSTAGE_BAS_V1,INTERSTAGE_BUFFER_S36_I16_B0025,LOCAL_WINDOW_HPP_BASE,4,36,16,25,202607290000,202609290041,202609290042,202609290043,202609290044,517956b50856de8caf2209257c61021a9a9e6f6e1648b595019dc89b04bf1035,ad75d37e1d954758a621d3bd5c44712883d54cbfec840ff17fab58e5cdf13ef5,410,410,0,True,COMPLETE,25,63.62850008,0.027943071,371.373838594,8945.45454538,369.177026161,0.039860543,0.162810262,11.569668581,0.90578985,6.212015454,11.518509931,28.810318262,69.177026161
1.0,TASK3_INTERSTAGE_BUFFER_SPILLBACK_SENSITIVITY_V1,OP_INTERSTAGE_BUFFER_S36_I16_B0025,5ba20d3ee8f9fa64fd1c2c13a18b765cc5c7ed79478160279f8b38b473758b1b,TASK3_OPERATIONAL_POOLED_INTERSTAGE_BAS_V1,INTERSTAGE_BUFFER_S36_I16_B0025,LOCAL_WINDOW_HPP_BASE,5,36,16,25,202607290000,202609290051,202609290052,202609290053,202609290054,1c0c1796fa49590094aa5fc09f16770360e450693694bb006b2f257e5121a904,423a5311c3871bdb138a3ed689013c15347320f9b4bfa3588fc9feba4cd896f6,388,388,0,True,COMPLETE,25,66.638030282,0.071640939,914.378169115,8465.45454538,354.537420305,0.09748342,0.424157127,16.536316763,2.356644766,8.099743873,18.193147792,31.819848464,54.537420305
1.0,TASK3_INTERSTAGE_BUFFER_SPILLBACK_SENSITIVITY_V1,OP_INTERSTAGE_BUFFER_S36_I16_B0025,5ba20d3ee8f9fa64fd1c2c13a18b765cc5c7ed79478160279f8b38b473758b1b,TASK3_OPERATIONAL_POOLED_INTERSTAGE_BAS_V1,INTERSTAGE_BUFFER_S36_I16_B0025,LOCAL_WINDOW_HPP_BASE,6,36,16,25,202607290000,202609290061,202609290062,202609290063,202609290064,b49018c734c046f708e0c9477d532bce1e554afccdfe09b446442a6fcd5e8096,4833085783b782e7063a12e76efabac3f35c206da2bbd8578aedc92143dc1105,419,419,0,True,COMPLETE,25,76.389606086,0.096120913,1302.0113552,9141.81818174,376.265485246,0.124668001,0.42659599,15.220856677,3.107425669,9.02229861,19.491566761,41.571424268,76.265485246
1.0,TASK3_INTERSTAGE_BUFFER_SPILLBACK_SENSITIVITY_V1,OP_INTERSTAGE_BUFFER_S36_I16_B0025,5ba20d3ee8f9fa64fd1c2c13a18b765cc5c7ed79478160279f8b38b473758b1b,TASK3_OPERATIONAL_POOLED_INTERSTAGE_BAS_V1,INTERSTAGE_BUFFER_S36_I16_B0025,LOCAL_WINDOW_HPP_BASE,7,36,16,25,202607290000,202609290071,202609290072,202609290073,202609290074,ff30a02a8705dd072c1ff3254287f5798cd899e7ccaa57325aa71d83c4227499,c7aa0a0a6ec577f70c6c70368dfc65489df8ad334da0dc84eccf9d31e604ad5c,408,408,0,True,COMPLETE,25,67.962814378,0.053403232,711.824486785,8901.81818174,370.256658778,0.07404316,0.36894572,15.328344684,1.74466786,7.309300444,16.26142193,33.14463256,70.256658778
1.0,TASK3_INTERSTAGE_BUFFER_SPILLBACK_SENSITIVITY_V1,OP_INTERSTAGE_BUFFER_S36_I16_B0025,5ba20d3ee8f9fa64fd1c2c13a18b765cc5c7ed79478160279f8b38b473758b1b,TASK3_OPERATIONAL_POOLED_INTERSTAGE_BAS_V1,INTERSTAGE_BUFFER_S36_I16_B0025,LOCAL_WINDOW_HPP_BASE,8,36,16,25,202607290000,202609290081,202609290082,202609290083,202609290084,54f93c71470006da3a09c89dff95a83b1ea870754262c91608af5dbcb90a4ed8,8316abc8d231bac31ee8c418ff923e3a01495a38baaef10a1e1261b538bb10ce,442,442,0,True,COMPLETE,25,96.305818066,0.150272157,2125.10818322,9643.63636356,392.825816755,0.180572208,0.644576167,19.327399676,4.807937066,9.557661804,34.481476756,61.487636248,92.825816755
1.0,TASK3_INTERSTAGE_BUFFER_SPILLBACK_SENSITIVITY_V1,OP_INTERSTAGE_BUFFER_S36_I16_B0025,5ba20d3ee8f9fa64fd1c2c13a18b765cc5c7ed79478160279f8b38b473758b1b,TASK3_OPERATIONAL_POOLED_INTERSTAGE_BAS_V1,INTERSTAGE_BUFFER_S36_I16_B0025,LOCAL_WINDOW_HPP_BASE,9,36,16,25,202607290000,202609290091,202609290092,202609290093,202609290094,eac0a9ee1817f7bfb8075caeca7e7b36c575a89b37d84ba4e00528b85d326525,3be1709641cb67c788135a0716f8bbd732ae67155be67f0239252181114b1284,395,395,0,True,COMPLETE,25,62.211388069,0.024646397,316.626432709,8618.18181811,356.854545596,0.035437407,0.234125233,14.718171327,0.801585906,5.640970099,14.446663193,27.393206251,56.854545596
1.0,TASK3_INTERSTAGE_BUFFER_SPILLBACK_SENSITIVITY_V1,OP_INTERSTAGE_BUFFER_S36_I16_B0025,5ba20d3ee8f9fa64fd1c2c13a18b765cc5c7ed79478160279f8b38b473758b1b,TASK3_OPERATIONAL_POOLED_INTERSTAGE_BAS_V1,INTERSTAGE_BUFFER_S36_I16_B0025,LOCAL_WINDOW_HPP_BASE,10,36,16,25,202607290000,202609290101,202609290102,202609290103,202609290104,9835da0b922279edffb5e025c97a589df839a34d56b76352d0e37c4e312314e2,dd1ddadec425139f435a6abbcc92693e87fbab8b4dcc5a53b299573b633aa235,394,394,0,True,COMPLETE,25,58.672007518,0.011068143,143.364613182,8596.36363629,359.802941741,0.016403784,0.134282879,11.325467171,0.363869577,3.398182263,10.769589626,23.8538257,59.802941741
1.0,TASK3_INTERSTAGE_BUFFER_SPILLBACK_SENSITIVITY_V1,OP_INTERSTAGE_BUFFER_S36_I16_B0025,5ba20d3ee8f9fa64fd1c2c13a18b765cc5c7ed79478160279f8b38b473758b1b,TASK3_OPERATIONAL_POOLED_INTERSTAGE_BAS_V1,INTERSTAGE_BUFFER_S36_I16_B0025,LOCAL_WINDOW_HPP_BASE,11,36,16,25,202607290000,202609290111,202609290112,202609290113,202609290114,e26ea32112b34145f4597dc880d3a97e418100915aec81290d81c7e107c90440,d15fa1df8d59ba9c5c692ff026f5faa8733a3723ae4863ba3a9d8be6d0ab0ccb,409,409,0,True,COMPLETE,25,74.709742952,0.13255957,1739.46688457,8923.63636356,364.504234633,0.163129517,0.572955453,18.260603233,4.252975268,10.36895034,24.474627862,39.891561134,64.504234633
1.0,TASK3_INTERSTAGE_BUFFER_SPILLBACK_SENSITIVITY_V1,OP_INTERSTAGE_BUFFER_S36_I16_B0025,5ba20d3ee8f9fa64fd1c2c13a18b765cc5c7ed79478160279f8b38b473758b1b,TASK3_OPERATIONAL_POOLED_INTERSTAGE_BAS_V1,INTERSTAGE_BUFFER_S36_I16_B0025,LOCAL_WINDOW_HPP_BASE,12,36,16,25,202607290000,202609290121,202609290122,202609290123,202609290124,5e7768403d04cd908a3f12851404b41158d2d801bc5bd7a60cb446d326e51a1e,fe5eaeff48b204481cdb0c26fddae6a3b8f323a4b30466bdd7b03d396c60e83f,423,423,0,True,COMPLETE,25,74.348330354,0.091740827,1243.83434481,9229.09090901,376.614807502,0.118766659,0.406079635,15.504035395,2.940506725,10.802243571,19.949162289,39.530148536,76.614807502
1.0,TASK3_INTERSTAGE_BUFFER_SPILLBACK_SENSITIVITY_V1,OP_INTERSTAGE_BUFFER_S36_I16_B0025,5ba20d3ee8f9fa64fd1c2c13a18b765cc5c7ed79478160279f8b38b473758b1b,TASK3_OPERATIONAL_POOLED_INTERSTAGE_BAS_V1,INTERSTAGE_BUFFER_S36_I16_B0025,LOCAL_WINDOW_HPP_BASE,13,36,16,25,202607290000,202609290131,202609290132,202609290133,202609290134,69e477aaf4e576a701c05b406551638599850e496647ab10d50e22a09df77e45,adfddc71856c12865ba5b844fdd4ccf3a343a7dc107fa1e1ce05cb4417b067f3,455,455,0,True,COMPLETE,25,102.182500379,0.147699196,2140.95487765,9927.27272719,402.649239192,0.177404251,0.623505342,18.433924709,4.705395336,10.282222586,39.976035364,67.364318561,102.649239192
1.0,TASK3_INTERSTAGE_BUFFER_SPILLBACK_SENSITIVITY_V1,OP_INTERSTAGE_BUFFER_S36_I16_B0025,5ba20d3ee8f9fa64fd1c2c13a18b765cc5c7ed79478160279f8b38b473758b1b,TASK3_OPERATIONAL_POOLED_INTERSTAGE_BAS_V1,INTERSTAGE_BUFFER_S36_I16_B0025,LOCAL_WINDOW_HPP_BASE,14,36,16,25,202607290000,202609290141,202609290142,202609290143,202609290144,3eb39892a20a0217390af48a30eb92cec434086b31c5fbf488d43be5446e9859,15e0973230e5ff13354b8af20dd59d29814b2eba7d79f3ec14bfde8acc7b3852,374,374,0,True,COMPLETE,25,55.806607529,0.002897519,35.906243632,8159.99999993,344.224017411,0.004380997,0.055717182,10.502752457,0.096005999,0.13709096,9.868272569,20.988425711,44.224017411
1.0,TASK3_INTERSTAGE_BUFFER_SPILLBACK_SENSITIVITY_V1,OP_INTERSTAGE_BUFFER_S36_I16_B0025,5ba20d3ee8f9fa64fd1c2c13a18b765cc5c7ed79478160279f8b38b473758b1b,TASK3_OPERATIONAL_POOLED_INTERSTAGE_BAS_V1,INTERSTAGE_BUFFER_S36_I16_B0025,LOCAL_WINDOW_HPP_BASE,15,36,16,25,202607290000,202609290151,202609290152,202609290153,202609290154,d82c12f4cfea7164cb5733106a1ae810c4423998e23cd815b08d87f04e59a279,10d39e888278b150274372b99cb09f3009e3e467fda0d25b3cbcda73392694df,386,386,0,True,COMPLETE,25,60.706614106,0.020186918,258.11172596,8421.81818175,355.169131789,0.029736614,0.178255907,9.898349883,0.668683228,4.666923843,9.943438977,25.888432288,55.169131789
1.0,TASK3_INTERSTAGE_BUFFER_SPILLBACK_SENSITIVITY_V1,OP_INTERSTAGE_BUFFER_S36_I16_B0025,5ba20d3ee8f9fa64fd1c2c13a18b765cc5c7ed79478160279f8b38b473758b1b,TASK3_OPERATIONAL_POOLED_INTERSTAGE_BAS_V1,INTERSTAGE_BUFFER_S36_I16_B0025,LOCAL_WINDOW_HPP_BASE,16,36,16,25,202607290000,202609290161,202609290162,202609290163,202609290164,0ae1ee517aa6d11e558f4c00fe5498a73acf57ac7aa460688e506807cd2377c5,715aacec8c8e2c2a83516fc84f8d1ae96d17614183e58b0cede0271c89374580,401,401,0,True,COMPLETE,25,60.850278381,0.014334316,188.85021333,8749.09090902,365.963696822,0.021129051,0.101708608,8.160742258,0.470948163,4.486371349,8.045110744,26.032096563,65.963696822
1.0,TASK3_INTERSTAGE_BUFFER_SPILLBACK_SENSITIVITY_V1,OP_INTERSTAGE_BUFFER_S36_I16_B0025,5ba20d3ee8f9fa64fd1c2c13a18b765cc5c7ed79478160279f8b38b473758b1b,TASK3_OPERATIONAL_POOLED_INTERSTAGE_BAS_V1,INTERSTAGE_BUFFER_S36_I16_B0025,LOCAL_WINDOW_HPP_BASE,17,36,16,25,202607290000,202609290171,202609290172,202609290173,202609290174,266dcbc6ee1a46ff9a3287bdadc591ad304f0578cdc09e7eaa613da4fa246a45,4ddbd76aea36ae350b172ab8f864973df0d6e816d50150e11787dfde40e11f33,429,429,0,True,COMPLETE,25,84.104300705,0.098752277,1363.59478772,9359.99999992,383.562123322,0.127158366,0.461640241,17.532905598,3.178542629,10.129252652,24.117028002,49.286118887,83.562123322
1.0,TASK3_INTERSTAGE_BUFFER_SPILLBACK_SENSITIVITY_V1,OP_INTERSTAGE_BUFFER_S36_I16_B0025,5ba20d3ee8f9fa64fd1c2c13a18b765cc5c7ed79478160279f8b38b473758b1b,TASK3_OPERATIONAL_POOLED_INTERSTAGE_BAS_V1,INTERSTAGE_BUFFER_S36_I16_B0025,LOCAL_WINDOW_HPP_BASE,18,36,16,25,202607290000,202609290181,202609290182,202609290183,202609290184,9ccc0530a0134e0b888b20445eb14e148598546e5aceabfc5061c8ef4ad820af,595c317fde984209bcb1b8a6a68b94223d5ee4efdf77ebdfbcb163475382f3f1,419,419,0,True,COMPLETE,25,75.32045302,0.109868984,1492.24186884,9141.81818174,377.278114479,0.140326636,0.47959001,16.333044869,3.561436441,9.132106592,22.386864423,40.502271202,77.278114479
1.0,TASK3_INTERSTAGE_BUFFER_SPILLBACK_SENSITIVITY_V1,OP_INTERSTAGE_BUFFER_S36_I16_B0025,5ba20d3ee8f9fa64fd1c2c13a18b765cc5c7ed79478160279f8b38b473758b1b,TASK3_OPERATIONAL_POOLED_INTERSTAGE_BAS_V1,INTERSTAGE_BUFFER_S36_I16_B0025,LOCAL_WINDOW_HPP_BASE,19,36,16,25,202607290000,202609290191,202609290192,202609290193,202609290194,4000364c613df0f2b76ec1e06efee1dd2f6437fbbda80bf583e14b9a41851e74,dacd1dba67ed7019cc06378b7ba5c33d8dd31f0652a1909d9894f2a9f04f24d9,445,445,0,True,COMPLETE,25,89.84559429,0.103262615,1463.74786047,9709.09090901,393.750077207,0.131009486,0.457202525,16.791815077,3.289321035,9.195333429,24.214657095,55.027412472,93.750077207
1.0,TASK3_INTERSTAGE_BUFFER_SPILLBACK_SENSITIVITY_V1,OP_INTERSTAGE_BUFFER_S36_I16_B0025,5ba20d3ee8f9fa64fd1c2c13a18b765cc5c7ed79478160279f8b38b473758b1b,TASK3_OPERATIONAL_POOLED_INTERSTAGE_BAS_V1,INTERSTAGE_BUFFER_S36_I16_B0025,LOCAL_WINDOW_HPP_BASE,20,36,16,25,202607290000,202609290201,202609290202,202609290203,202609290204,22af0208faf3e7bb7b1fd2139f02c55620aac4f2ea1e4c03d676e0e2fbf2c0d7,dcd49af97f6d2eac95d9a0bf35920748792a95e5911af89f70e97cf17529e48d,418,418,0,True,COMPLETE,25,72.860718628,0.103302604,1392.15721744,9119.99999992,374.34713521,0.132433067,0.502742383,16.635603274,3.330519659,9.89709366,20.066267159,38.04253681,74.34713521
1.0,TASK3_INTERSTAGE_BUFFER_SPILLBACK_SENSITIVITY_V1,OP_INTERSTAGE_BUFFER_S36_I16_B0025,5ba20d3ee8f9fa64fd1c2c13a18b765cc5c7ed79478160279f8b38b473758b1b,TASK3_OPERATIONAL_POOLED_INTERSTAGE_BAS_V1,INTERSTAGE_BUFFER_S36_I16_B0025,LOCAL_WINDOW_HPP_BASE,21,36,16,25,202607290000,202609290211,202609290212,202609290213,202609290214,2a7611076323f09eed801a9545289fd21d2971296a52a95e582b9262ed9c7b81,834772fd86c926baef0e45d61e91780ba5a4dfdde85ada2655ea57e94f605489,417,417,0,True,COMPLETE,25,71.347995047,0.060668767,821.085220196,9098.18181811,375.941757371,0.082776804,0.287880777,11.837592275,1.969029305,8.37085959,14.699028872,36.529813229,75.941757371
1.0,TASK3_INTERSTAGE_BUFFER_SPILLBACK_SENSITIVITY_V1,OP_INTERSTAGE_BUFFER_S36_I16_B0025,5ba20d3ee8f9fa64fd1c2c13a18b765cc5c7ed79478160279f8b38b473758b1b,TASK3_OPERATIONAL_POOLED_INTERSTAGE_BAS_V1,INTERSTAGE_BUFFER_S36_I16_B0025,LOCAL_WINDOW_HPP_BASE,22,36,16,25,202607290000,202609290221,202609290222,202609290223,202609290224,99914cad9248df9995c6da58ff02cb023397c509e2faa36fd87c0381ebea62f5,6e1cc3844145950a7a7ef27be152138c13ac9a2d4ffc5c414245f6b8b1202924,410,410,0,True,COMPLETE,25,70.313052412,0.07367224,981.068754732,8945.45454538,369.907443881,0.098833068,0.428744266,15.5019374,2.392850621,8.351877981,17.503617149,35.494870594,69.907443881
1.0,TASK3_INTERSTAGE_BUFFER_SPILLBACK_SENSITIVITY_V1,OP_INTERSTAGE_BUFFER_S36_I16_B0025,5ba20d3ee8f9fa64fd1c2c13a18b765cc5c7ed79478160279f8b38b473758b1b,TASK3_OPERATIONAL_POOLED_INTERSTAGE_BAS_V1,INTERSTAGE_BUFFER_S36_I16_B0025,LOCAL_WINDOW_HPP_BASE,23,36,16,25,202607290000,202609290231,202609290232,202609290233,202609290234,9b82bad9092b604f3c77ccc8d27db8fa85c889760667ed7597a0de4b62c2a1d0,743b11c3e376bfc394a0466ea4711e17ab53097c124a7386435463169d562e67,439,439,0,True,COMPLETE,25,91.602414838,0.142549877,2003.10322708,9578.1818181,390.331844884,0.17296036,0.650786563,19.895033336,4.56287751,9.991514633,32.244476737,56.78423302,90.331844884
1.0,TASK3_INTERSTAGE_BUFFER_SPILLBACK_SENSITIVITY_V1,OP_INTERSTAGE_BUFFER_S36_I16_B0025,5ba20d3ee8f9fa64fd1c2c13a18b765cc5c7ed79478160279f8b38b473758b1b,TASK3_OPERATIONAL_POOLED_INTERSTAGE_BAS_V1,INTERSTAGE_BUFFER_S36_I16_B0025,LOCAL_WINDOW_HPP_BASE,24,36,16,25,202607290000,202609290241,202609290242,202609290243,202609290244,66f5f2028f433422e88c253b8a0edb196a2d079c1e1557a0df63670d8716ce12,5ea56c3eba7732f82a538d2281ba2389d192e61b59bb68cfb4786aa669ebfe0e,412,412,0,True,COMPLETE,25,61.155126921,0.01961391,259.085852726,8989.09090902,366.924765426,0.028014803,0.145388712,13.943669544,0.628849157,6.020223043,13.178637254,26.336945103,66.924765426
1.0,TASK3_INTERSTAGE_BUFFER_SPILLBACK_SENSITIVITY_V1,OP_INTERSTAGE_BUFFER_S36_I16_B0025,5ba20d3ee8f9fa64fd1c2c13a18b765cc5c7ed79478160279f8b38b473758b1b,TASK3_OPERATIONAL_POOLED_INTERSTAGE_BAS_V1,INTERSTAGE_BUFFER_S36_I16_B0025,LOCAL_WINDOW_HPP_BASE,25,36,16,25,202607290000,202609290251,202609290252,202609290253,202609290254,024a59b70dba379a9ff49f76d780488d576d3e793221feb47812b1c97a5c8de5,59353fe41060187674beec658c3792b317be1a559951fbf6d757023091140a4a,424,424,0,True,COMPLETE,25,74.381319959,0.124048057,1696.35767832,9250.90909083,379.861223279,0.154957188,0.543516124,16.423837673,4.000843581,8.969412288,22.178762629,39.563138141,79.861223279
1.0,TASK3_INTERSTAGE_BUFFER_SPILLBACK_SENSITIVITY_V1,OP_INTERSTAGE_BUFFER_S36_I16_B0025,5ba20d3ee8f9fa64fd1c2c13a18b765cc5c7ed79478160279f8b38b473758b1b,TASK3_OPERATIONAL_POOLED_INTERSTAGE_BAS_V1,INTERSTAGE_BUFFER_S36_I16_B0025,LOCAL_WINDOW_HPP_BASE,26,36,16,25,202607290000,202609290261,202609290262,202609290263,202609290264,d4868d98ad8429fda4f8019f736954e52ea7e14f7c0a7995934c0a195358df7c,28e3697d03cda00d699af538ee14a900969b80c2a3ffcaa5c179617b81f765ad,419,419,0,True,COMPLETE,25,75.663728573,0.088817695,1198.58081509,9141.81818174,374.856740809,0.115912434,0.437187089,16.065978773,2.860574738,8.556269267,19.987247918,40.845546755,74.856740809
1.0,TASK3_INTERSTAGE_BUFFER_SPILLBACK_SENSITIVITY_V1,OP_INTERSTAGE_BUFFER_S36_I16_B0025,5ba20d3ee8f9fa64fd1c2c13a18b765cc5c7ed79478160279f8b38b473758b1b,TASK3_OPERATIONAL_POOLED_INTERSTAGE_BAS_V1,INTERSTAGE_BUFFER_S36_I16_B0025,LOCAL_WINDOW_HPP_BASE,27,36,16,25,202607290000,202609290271,202609290272,202609290273,202609290274,5a446675b5eabb5e9801c5cb48a56e2edc440bdd55794e800b4004c3a831785e,c671bd58a65c36af01586b3821d0edaebad6cdf3a53600b6394bb51d66d6bf8f,410,410,0,True,COMPLETE,25,63.00692723,0.028565918,378.189392231,8945.45454538,367.75506227,0.040562402,0.230970414,15.938321085,0.922413152,6.70150825,15.511357746,28.188745412,67.75506227
1.0,TASK3_INTERSTAGE_BUFFER_SPILLBACK_SENSITIVITY_V1,OP_INTERSTAGE_BUFFER_S36_I16_B0025,5ba20d3ee8f9fa64fd1c2c13a18b765cc5c7ed79478160279f8b38b473758b1b,TASK3_OPERATIONAL_POOLED_INTERSTAGE_BAS_V1,INTERSTAGE_BUFFER_S36_I16_B0025,LOCAL_WINDOW_HPP_BASE,28,36,16,25,202607290000,202609290281,202609290282,202609290283,202609290284,0f3e1190ac4f1693916db3ba9929255341722bae891e07cdf71baa4c601d838c,e1bdc78fb827a994a8c7f829a61248fec78b4bd8962237c588434b66ea88ade3,392,392,0,True,COMPLETE,25,56.925369,0.006322042,81.56320999,8552.72727266,358.372284288,0.009446429,0.082009081,8.05207275,0.208069413,1.565674957,7.705971984,22.107187182,58.372284288
1.0,TASK3_INTERSTAGE_BUFFER_SPILLBACK_SENSITIVITY_V1,OP_INTERSTAGE_BUFFER_S36_I16_B0025,5ba20d3ee8f9fa64fd1c2c13a18b765cc5c7ed79478160279f8b38b473758b1b,TASK3_OPERATIONAL_POOLED_INTERSTAGE_BAS_V1,INTERSTAGE_BUFFER_S36_I16_B0025,LOCAL_WINDOW_HPP_BASE,29,36,16,25,202607290000,202609290291,202609290292,202609290293,202609290294,4f539bb4dc4ef85cd6680029b58c0bcee550f12c95a0df5922e50b2aab3e2e2b,e312b199f008fdbb268e173b050ede27b52cb73f1234dea45d78e593e83fd0ca,424,424,0,True,COMPLETE,25,79.544751479,0.095094272,1296.82206481,9250.90909083,378.811830095,0.122947963,0.420976301,17.292522161,3.058542606,8.899467564,21.590169981,44.726569661,78.811830095
1.0,TASK3_INTERSTAGE_BUFFER_SPILLBACK_SENSITIVITY_V1,OP_INTERSTAGE_BUFFER_S36_I16_B0025,5ba20d3ee8f9fa64fd1c2c13a18b765cc5c7ed79478160279f8b38b473758b1b,TASK3_OPERATIONAL_POOLED_INTERSTAGE_BAS_V1,INTERSTAGE_BUFFER_S36_I16_B0025,LOCAL_WINDOW_HPP_BASE,30,36,16,25,202607290000,202609290301,202609290302,202609290303,202609290304,7a068d5d9301e48725db05a531ec1b934cee9bb136cf57d44743de327af49e95,583c7626510399e44bd939bc0f31dbc3f3a1603859ca91d0c41eb84106a6e81b,408,408,0,True,COMPLETE,25,62.206477423,0.019476997,256.879640166,8901.81818174,366.357582163,0.028047616,0.117722182,10.756916101,0.629606961,5.917266431,10.590257715,27.388295605,66.357582163
1.0,TASK3_INTERSTAGE_BUFFER_SPILLBACK_SENSITIVITY_V1,OP_INTERSTAGE_BUFFER_S36_I16_B0025,5ba20d3ee8f9fa64fd1c2c13a18b765cc5c7ed79478160279f8b38b473758b1b,TASK3_OPERATIONAL_POOLED_INTERSTAGE_BAS_V1,INTERSTAGE_BUFFER_S36_I16_B0025,LOCAL_WINDOW_HPP_BASE,31,36,16,25,202607290000,202609290311,202609290312,202609290313,202609290314,fe79fd3f1857eadd12059b816ae5dc78c5400c580deb55ff1ade6616157c5322,94dbae7a086e517fda0c936f9298598c510146156990a6051915eb4bc249e47e,425,425,0,True,COMPLETE,25,81.276724796,0.100101421,1366.6052434,9272.72727265,379.227952305,0.1284484,0.463234862,16.281163048,3.215541749,8.441218955,20.560335633,46.458542978,79.227952305
1.0,TASK3_INTERSTAGE_BUFFER_SPILLBACK_SENSITIVITY_V1,OP_INTERSTAGE_BUFFER_S36_I16_B0025,5ba20d3ee8f9fa64fd1c2c13a18b765cc5c7ed79478160279f8b38b473758b1b,TASK3_OPERATIONAL_POOLED_INTERSTAGE_BAS_V1,INTERSTAGE_BUFFER_S36_I16_B0025,LOCAL_WINDOW_HPP_BASE,32,36,16,25,202607290000,202609290321,202609290322,202609290323,202609290324,a107a39217451ab24221e19dee1c92d58883e07cc0f49dfe3e038c20225d5cc4,4ffaa55276abf30d2f2528ee80cb18464bbb95f42eb660bdaaec46dc5651cdf3,395,395,0,True,COMPLETE,25,55.304112028,0.003009052,38.814825061,8618.18181811,358.315316804,0.004483636,0.058064356,8.150028119,0.09826538,0.300903017,7.583963852,20.48593021,58.315316804
1.0,TASK3_INTERSTAGE_BUFFER_SPILLBACK_SENSITIVITY_V1,OP_INTERSTAGE_BUFFER_S36_I16_B0025,5ba20d3ee8f9fa64fd1c2c13a18b765cc5c7ed79478160279f8b38b473758b1b,TASK3_OPERATIONAL_POOLED_INTERSTAGE_BAS_V1,INTERSTAGE_BUFFER_S36_I16_B0025,LOCAL_WINDOW_HPP_BASE,33,36,16,25,202607290000,202609290331,202609290332,202609290333,202609290334,13f6ae62d1d578037e3c74454e4ba06f754623501488a41e226a82d60d228b73,337fbb37040bc644c4b5a8bcb63deecca1fc7d0124c57e852c8b64002f5bcc8a,428,428,0,True,COMPLETE,25,80.712203766,0.122633945,1673.95191335,9338.1818181,379.166340262,0.15200977,0.598776794,18.737142933,3.911102601,10.741165954,25.467550907,45.894021948,79.166340262
1.0,TASK3_INTERSTAGE_BUFFER_SPILLBACK_SENSITIVITY_V1,OP_INTERSTAGE_BUFFER_S36_I16_B0025,5ba20d3ee8f9fa64fd1c2c13a18b765cc5c7ed79478160279f8b38b473758b1b,TASK3_OPERATIONAL_POOLED_INTERSTAGE_BAS_V1,INTERSTAGE_BUFFER_S36_I16_B0025,LOCAL_WINDOW_HPP_BASE,34,36,16,25,202607290000,202609290341,202609290342,202609290343,202609290344,e652f3fee095b11115f8e98b70447f6b3452056f93691b94c53bd0448f96f318,ae58338b4d94684d9547dc212ff7685af2fb701f08c35eddc00d301c96e9764d,426,426,0,True,COMPLETE,25,76.664069551,0.070058726,957.956243054,9294.54545447,379.822718778,0.093436341,0.363325606,15.892749734,2.248723575,9.487276683,18.173113742,41.845887733,79.822718778
1.0,TASK3_INTERSTAGE_BUFFER_SPILLBACK_SENSITIVITY_V1,OP_INTERSTAGE_BUFFER_S36_I16_B0025,5ba20d3ee8f9fa64fd1c2c13a18b765cc5c7ed79478160279f8b38b473758b1b,TASK3_OPERATIONAL_POOLED_INTERSTAGE_BAS_V1,INTERSTAGE_BUFFER_S36_I16_B0025,LOCAL_WINDOW_HPP_BASE,35,36,16,25,202607290000,202609290351,202609290352,202609290353,202609290354,814344a6d5dc851daea1f0ccbdcf11d8d7ad5b6270b2c7b88b78878473c58e66,dd46c74fe79a7c37548748f9c711045ef8d49d8781b3c566391003838b7aa8a1,451,451,0,True,COMPLETE,25,90.159444722,0.117305082,1690.7687583,9839.99999992,400.373094517,0.146631052,0.528547335,18.923972987,3.748932945,11.832771801,26.462532416,55.341262904,100.373094517
1.0,TASK3_INTERSTAGE_BUFFER_SPILLBACK_SENSITIVITY_V1,OP_INTERSTAGE_BUFFER_S36_I16_B0025,5ba20d3ee8f9fa64fd1c2c13a18b765cc5c7ed79478160279f8b38b473758b1b,TASK3_OPERATIONAL_POOLED_INTERSTAGE_BAS_V1,INTERSTAGE_BUFFER_S36_I16_B0025,LOCAL_WINDOW_HPP_BASE,36,36,16,25,202607290000,202609290361,202609290362,202609290363,202609290364,ac7b15bb6dd2587714d12b8ab6df1c128d5cd9c9bf065fbba1dd39ebfe22f766,d7b1877c09dabbdb3db41459384188d9fe5cfda0f9598af07b87d30a832d3573,414,414,0,True,COMPLETE,25,68.525672118,0.07627406,1010.7181101,9032.72727265,368.087171068,0.1006346,0.350556812,15.803832277,2.441348092,10.133759518,17.484416582,33.7074903,68.087171068
1.0,TASK3_INTERSTAGE_BUFFER_SPILLBACK_SENSITIVITY_V1,OP_INTERSTAGE_BUFFER_S36_I16_B0025,5ba20d3ee8f9fa64fd1c2c13a18b765cc5c7ed79478160279f8b38b473758b1b,TASK3_OPERATIONAL_POOLED_INTERSTAGE_BAS_V1,INTERSTAGE_BUFFER_S36_I16_B0025,LOCAL_WINDOW_HPP_BASE,37,36,16,25,202607290000,202609290371,202609290372,202609290373,202609290374,0c48c3005a1f806ca43594a7fe8b65a823b4d0e14de3286a1c43ec10fae6e8d8,702fa82ad913c3f88f5be2c7c3170f2120ad38cd1e5c452fc44b66988b12c636,408,408,0,True,COMPLETE,25,66.479150621,0.047060736,624.339910078,8901.81818174,368.519001359,0.065539529,0.350551059,16.981788518,1.530244878,6.91149007,17.476564908,31.660968803,68.519001359
1.0,TASK3_INTERSTAGE_BUFFER_SPILLBACK_SENSITIVITY_V1,OP_INTERSTAGE_BUFFER_S36_I16_B0025,5ba20d3ee8f9fa64fd1c2c13a18b765cc5c7ed79478160279f8b38b473758b1b,TASK3_OPERATIONAL_POOLED_INTERSTAGE_BAS_V1,INTERSTAGE_BUFFER_S36_I16_B0025,LOCAL_WINDOW_HPP_BASE,38,36,16,25,202607290000,202609290381,202609290382,202609290383,202609290384,cdd5c5d0215e72c607d45885cbf50b6649adbbe5880fc8e6dab73573cfc87acd,78e62898e4e153b4ccacbac170fdeb97c052c4326912469d2b200b6b68d9ccba,406,406,0,True,COMPLETE,25,69.091591828,0.072277438,951.020857282,8858.18181811,365.497817764,0.096951902,0.346330101,14.320805527,2.342415905,8.037976229,16.425622145,34.27341001,65.497817764
1.0,TASK3_INTERSTAGE_BUFFER_SPILLBACK_SENSITIVITY_V1,OP_INTERSTAGE_BUFFER_S36_I16_B0025,5ba20d3ee8f9fa64fd1c2c13a18b765cc5c7ed79478160279f8b38b473758b1b,TASK3_OPERATIONAL_POOLED_INTERSTAGE_BAS_V1,INTERSTAGE_BUFFER_S36_I16_B0025,LOCAL_WINDOW_HPP_BASE,39,36,16,25,202607290000,202609290391,202609290392,202609290393,202609290394,326272c4de29b05923793b77cd6b8a2425bf38488b2e989c4814c75879e36076,9c8803b48d6d1fc1a9f8730f923e9f6c6a9f1d98ab1eb4891bc188aa6e7d805d,388,388,0,True,COMPLETE,25,53.162276137,2.1692e-05,0.278009118,8465.45454538,355.999717678,3.2839e-05,0.007585777,8.793719747,0.000716518,0,8.373378472,18.344094319,55.999717678
1.0,TASK3_INTERSTAGE_BUFFER_SPILLBACK_SENSITIVITY_V1,OP_INTERSTAGE_BUFFER_S36_I16_B0025,5ba20d3ee8f9fa64fd1c2c13a18b765cc5c7ed79478160279f8b38b473758b1b,TASK3_OPERATIONAL_POOLED_INTERSTAGE_BAS_V1,INTERSTAGE_BUFFER_S36_I16_B0025,LOCAL_WINDOW_HPP_BASE,40,36,16,25,202607290000,202609290401,202609290402,202609290403,202609290404,1b06562ca40c4532db2de354423a06cb3250b5439a73d141823cb4276579ed4a,f6c881103832357df964da11a9ebfd19ebb1cc62f2e18d0fcff2acdc8ba180fc,399,399,0,True,COMPLETE,25,55.28214003,0.001997498,25.691383153,8705.45454538,357.271656901,0.002942498,0.061077757,8.410068892,0.064389431,0,7.780436373,20.463958212,57.271656901
1.0,TASK3_INTERSTAGE_BUFFER_SPILLBACK_SENSITIVITY_V1,OP_INTERSTAGE_BUFFER_S36_I16_B0025,5ba20d3ee8f9fa64fd1c2c13a18b765cc5c7ed79478160279f8b38b473758b1b,TASK3_OPERATIONAL_POOLED_INTERSTAGE_BAS_V1,INTERSTAGE_BUFFER_S36_I16_B0025,LOCAL_WINDOW_HPP_BASE,41,36,16,25,202607290000,202609290411,202609290412,202609290413,202609290414,e742f6eed2fa26b2a3bd7c08351cf82a65f52e76ad11dc62eba34870c8eb3843,339b0ff0518d3b06308669279a042536a54e3f5cecb013b731c0e7fc63df49e6,416,416,0,True,COMPLETE,25,70.635644766,0.139607888,1851.02921825,9076.36363629,368.299234249,0.169393491,0.676417286,19.491615666,4.449589467,11.84379612,23.925154197,35.817462948,68.299234249
1.0,TASK3_INTERSTAGE_BUFFER_SPILLBACK_SENSITIVITY_V1,OP_INTERSTAGE_BUFFER_S36_I16_B0025,5ba20d3ee8f9fa64fd1c2c13a18b765cc5c7ed79478160279f8b38b473758b1b,TASK3_OPERATIONAL_POOLED_INTERSTAGE_BAS_V1,INTERSTAGE_BUFFER_S36_I16_B0025,LOCAL_WINDOW_HPP_BASE,42,36,16,25,202607290000,202609290421,202609290422,202609290423,202609290424,0dd4390aaf5a2d161251f438448add855b708bf988bd35e5063e0d76f2e8a5bb,b5bf4a8bd7d9df998fa9dc28e492b1017ad1ebda63ab754c4cdee40932ad88fc,403,403,0,True,COMPLETE,25,62.997563842,0.018374802,239.286025564,8792.72727265,361.736360174,0.026493099,0.117592852,9.532372936,0.59376185,5.244956278,9.856301558,28.179382024,61.736360174
1.0,TASK3_INTERSTAGE_BUFFER_SPILLBACK_SENSITIVITY_V1,OP_INTERSTAGE_BUFFER_S36_I16_B0025,5ba20d3ee8f9fa64fd1c2c13a18b765cc5c7ed79478160279f8b38b473758b1b,TASK3_OPERATIONAL_POOLED_INTERSTAGE_BAS_V1,INTERSTAGE_BUFFER_S36_I16_B0025,LOCAL_WINDOW_HPP_BASE,43,36,16,25,202607290000,202609290431,202609290432,202609290433,202609290434,836a9355e21deec4d31c39cdcfa596bb83a8d0a992092b65b344e00acd4f6a5f,3e794afd5f481049231ab2ef98111c3afd40c712861fe4df6a23da38a66ea3f1,407,407,0,True,COMPLETE,25,64.842046125,0.072170907,945.567609923,8879.99999993,363.938435101,0.096235418,0.471482403,17.377106455,2.323261941,7.585163588,18.481488323,30.023864307,63.938435101
1.0,TASK3_INTERSTAGE_BUFFER_SPILLBACK_SENSITIVITY_V1,OP_INTERSTAGE_BUFFER_S36_I16_B0025,5ba20d3ee8f9fa64fd1c2c13a18b765cc5c7ed79478160279f8b38b473758b1b,TASK3_OPERATIONAL_POOLED_INTERSTAGE_BAS_V1,INTERSTAGE_BUFFER_S36_I16_B0025,LOCAL_WINDOW_HPP_BASE,44,36,16,25,202607290000,202609290441,202609290442,202609290443,202609290444,dd5c411b266347b8dcc7aad7d80aaaa77e6281dbcb327ded0a77c0d6784a78cf,b38169f146f03a2a7e3a0d08d5ca6332aaa7716b205d1808f0712abc279139f8,366,366,0,True,COMPLETE,13,41.624983176,0,0,7985.45454539,334.686240213,0,0,3.090578714,0,0,2.826158934,6.806801358,34.686240213
1.0,TASK3_INTERSTAGE_BUFFER_SPILLBACK_SENSITIVITY_V1,OP_INTERSTAGE_BUFFER_S36_I16_B0025,5ba20d3ee8f9fa64fd1c2c13a18b765cc5c7ed79478160279f8b38b473758b1b,TASK3_OPERATIONAL_POOLED_INTERSTAGE_BAS_V1,INTERSTAGE_BUFFER_S36_I16_B0025,LOCAL_WINDOW_HPP_BASE,45,36,16,25,202607290000,202609290451,202609290452,202609290453,202609290454,94ce38590b9bd90fd7a639ff8c2697ff21de2ed0eb52e208d66a3cf6b4b51743,37e99ce349490b9cb5b92c9bc319f3c18bb30e520a1c386799a3267e42f85fdb,399,399,0,True,COMPLETE,25,58.093771104,0.008880469,114.684500802,8705.45454538,358.728849246,0.013002573,0.113231309,12.568396877,0.287429827,2.837904699,11.692554456,23.275589286,58.728849246
1.0,TASK3_INTERSTAGE_BUFFER_SPILLBACK_SENSITIVITY_V1,OP_INTERSTAGE_BUFFER_S36_I16_B0025,5ba20d3ee8f9fa64fd1c2c13a18b765cc5c7ed79478160279f8b38b473758b1b,TASK3_OPERATIONAL_POOLED_INTERSTAGE_BAS_V1,INTERSTAGE_BUFFER_S36_I16_B0025,LOCAL_WINDOW_HPP_BASE,46,36,16,25,202607290000,202609290461,202609290462,202609290463,202609290464,93ecff5700ef989a7dfce5e835a36a3b3ae7ea0e38357ad29e60e1474047a020,de8e702af29fc7cb8f02b79fa21aa6ddf6b58d1f7cf526127e75e3a79d652f94,452,452,0,True,COMPLETE,25,101.667118386,0.123123934,1780.78499564,9861.81818174,401.759822455,0.152954195,0.533308151,17.421446557,3.939789813,8.391089551,30.301606325,66.848936568,101.759822455
1.0,TASK3_INTERSTAGE_BUFFER_SPILLBACK_SENSITIVITY_V1,OP_INTERSTAGE_BUFFER_S36_I16_B0025,5ba20d3ee8f9fa64fd1c2c13a18b765cc5c7ed79478160279f8b38b473758b1b,TASK3_OPERATIONAL_POOLED_INTERSTAGE_BAS_V1,INTERSTAGE_BUFFER_S36_I16_B0025,LOCAL_WINDOW_HPP_BASE,47,36,16,25,202607290000,202609290471,202609290472,202609290473,202609290474,7a51db150eed88f4466df9a7a2fe510ed93a6a3de9eb7d91bc6ccc4f9c8c60c8,1bc8a3222aaf41afce7e14f53b9a454e9a8dc81f8f973752a8f511ce30da039d,385,385,0,True,COMPLETE,25,56.171454517,0.006838045,86.585442405,8399.99999993,351.730835605,0.010202624,0.135385252,14.477161405,0.224897253,1.899877504,13.458002999,21.353272699,51.730835605
1.0,TASK3_INTERSTAGE_BUFFER_SPILLBACK_SENSITIVITY_V1,OP_INTERSTAGE_BUFFER_S36_I16_B0025,5ba20d3ee8f9fa64fd1c2c13a18b765cc5c7ed79478160279f8b38b473758b1b,TASK3_OPERATIONAL_POOLED_INTERSTAGE_BAS_V1,INTERSTAGE_BUFFER_S36_I16_B0025,LOCAL_WINDOW_HPP_BASE,48,36,16,25,202607290000,202609290481,202609290482,202609290483,202609290484,b11ed7d780023cfb2d4fe23c95404a3c91bdaa4afd7510b9d2fa014dbb609b4d,e9c195227465926c292fac2db2fbdbfae8e369580e998212bb56f461a0939ed4,416,416,0,True,COMPLETE,25,70.560822491,0.094392067,1258.80033908,9076.36363629,370.440834038,0.12179781,0.426976494,15.512380334,3.025962354,8.424594804,18.79813403,35.742640673,70.440834038
1.0,TASK3_INTERSTAGE_BUFFER_SPILLBACK_SENSITIVITY_V1,OP_INTERSTAGE_BUFFER_S36_I16_B0025,5ba20d3ee8f9fa64fd1c2c13a18b765cc5c7ed79478160279f8b38b473758b1b,TASK3_OPERATIONAL_POOLED_INTERSTAGE_BAS_V1,INTERSTAGE_BUFFER_S36_I16_B0025,LOCAL_WINDOW_HPP_BASE,49,36,16,25,202607290000,202609290491,202609290492,202609290493,202609290494,20d9bedd6f1074dbfa0de68f3e211fcc97256209fde2f676fc9bbed862f514ce,8d0290e9f1a56cc84572eb170cb286dfad5611272f979f54e4431867f752a285,423,423,0,True,COMPLETE,25,79.517221178,0.136139858,1867.81767335,9229.09090901,381.106788828,0.16831874,0.601834236,18.282107043,4.415644618,9.152101165,25.11780266,44.69903936,81.106788828
1.0,TASK3_INTERSTAGE_BUFFER_SPILLBACK_SENSITIVITY_V1,OP_INTERSTAGE_BUFFER_S36_I16_B0025,5ba20d3ee8f9fa64fd1c2c13a18b765cc5c7ed79478160279f8b38b473758b1b,TASK3_OPERATIONAL_POOLED_INTERSTAGE_BAS_V1,INTERSTAGE_BUFFER_S36_I16_B0025,LOCAL_WINDOW_HPP_BASE,50,36,16,25,202607290000,202609290501,202609290502,202609290503,202609290504,8cd9aa68d6bccc1314125620d24c7feda08ca1a772edd0d6000b532a7dcbab10,0aa4f84a9b71f2ab0d72f1b5b1b868d7ba7f56bda99ab6004c57fea548662480,414,414,0,True,COMPLETE,25,72.074535399,0.057260472,773.28200756,9032.72727265,375.128862969,0.078857972,0.295379856,14.37677004,1.867830936,8.779359962,16.470835208,37.256353581,75.128862969
1.0,TASK3_INTERSTAGE_BUFFER_SPILLBACK_SENSITIVITY_V1,OP_INTERSTAGE_BUFFER_S36_I16_B0050,5b72b821e8478869d8b8fa57556f5136019bbc094e78e834085479e0ab3a4ff1,TASK3_OPERATIONAL_POOLED_INTERSTAGE_BAS_V1,INTERSTAGE_BUFFER_S36_I16_B0050,LOCAL_WINDOW_HPP_BASE,1,36,16,50,202607290000,202609290011,202609290012,202609290013,202609290014,31e6bdc1d2ef8a1c405ad97234fa6e4061fddb9374fcc548c8bbcb4d26f00365,9b3d00878d6f9f8f5ab655a8b2b981cb1f00473ed7a10c81815bc5c507e812e1,396,396,0,True,COMPLETE,36,60.355820806,0,0,8639.99999993,352.37277881,0,0,14.784714534,0,0,13.213374467,25.537638988,52.37277881
1.0,TASK3_INTERSTAGE_BUFFER_SPILLBACK_SENSITIVITY_V1,OP_INTERSTAGE_BUFFER_S36_I16_B0050,5b72b821e8478869d8b8fa57556f5136019bbc094e78e834085479e0ab3a4ff1,TASK3_OPERATIONAL_POOLED_INTERSTAGE_BAS_V1,INTERSTAGE_BUFFER_S36_I16_B0050,LOCAL_WINDOW_HPP_BASE,2,36,16,50,202607290000,202609290021,202609290022,202609290023,202609290024,4d35127c711b602608f0d85daefccba0b0f2b5b19bd8b23357536b1a39588f36,4b4c516fe34a8d9bbae80e2c0d051d2a8b9e342fed9a1663c70f48fd5d3c7d59,442,442,0,True,COMPLETE,50,83.245748618,0.018811734,264.179709548,9643.63636356,390.092967854,0.026663768,0.128505931,27.228439452,0.597691651,5.254342301,25.067082019,48.4275668,90.092967854
1.0,TASK3_INTERSTAGE_BUFFER_SPILLBACK_SENSITIVITY_V1,OP_INTERSTAGE_BUFFER_S36_I16_B0050,5b72b821e8478869d8b8fa57556f5136019bbc094e78e834085479e0ab3a4ff1,TASK3_OPERATIONAL_POOLED_INTERSTAGE_BAS_V1,INTERSTAGE_BUFFER_S36_I16_B0050,LOCAL_WINDOW_HPP_BASE,3,36,16,50,202607290000,202609290031,202609290032,202609290033,202609290034,35e1df60a7cbbe5e78a544aba79225b60549c252fea949bd4f8da455c8ed7c24,6eacc65e69ab136cbbfbb30646aae44e59b545d077d4bc5dc08b6bd38b9de197,393,393,0,True,COMPLETE,26,54.235969022,0,0,8574.54545447,351.823039487,0,0,13.712927054,0,0,12.361040401,19.417787204,51.823039487
1.0,TASK3_INTERSTAGE_BUFFER_SPILLBACK_SENSITIVITY_V1,OP_INTERSTAGE_BUFFER_S36_I16_B0050,5b72b821e8478869d8b8fa57556f5136019bbc094e78e834085479e0ab3a4ff1,TASK3_OPERATIONAL_POOLED_INTERSTAGE_BAS_V1,INTERSTAGE_BUFFER_S36_I16_B0050,LOCAL_WINDOW_HPP_BASE,4,36,16,50,202607290000,202609290041,202609290042,202609290043,202609290044,517956b50856de8caf2209257c61021a9a9e6f6e1648b595019dc89b04bf1035,8125e1432cbe068c15cb6c0c23a6a1fc45600b7191c06f7a20f03c0a7ae28121,410,410,0,True,COMPLETE,42,63.62850008,0,0,8945.45454538,369.177026161,0,0,12.757447848,0,0,11.518509931,28.810318262,69.177026161
1.0,TASK3_INTERSTAGE_BUFFER_SPILLBACK_SENSITIVITY_V1,OP_INTERSTAGE_BUFFER_S36_I16_B0050,5b72b821e8478869d8b8fa57556f5136019bbc094e78e834085479e0ab3a4ff1,TASK3_OPERATIONAL_POOLED_INTERSTAGE_BAS_V1,INTERSTAGE_BUFFER_S36_I16_B0050,LOCAL_WINDOW_HPP_BASE,5,36,16,50,202607290000,202609290051,202609290052,202609290053,202609290054,1c0c1796fa49590094aa5fc09f16770360e450693694bb006b2f257e5121a904,e0514c5cc8fbbad148e1792006244834003ad9e2f3ea0b5e9d753f14c08882c1,388,388,0,True,COMPLETE,42,66.638030282,0,0,8465.45454538,354.537420305,0,0,19.803016161,0,0,18.193147792,31.819848464,54.537420305
1.0,TASK3_INTERSTAGE_BUFFER_SPILLBACK_SENSITIVITY_V1,OP_INTERSTAGE_BUFFER_S36_I16_B0050,5b72b821e8478869d8b8fa57556f5136019bbc094e78e834085479e0ab3a4ff1,TASK3_OPERATIONAL_POOLED_INTERSTAGE_BAS_V1,INTERSTAGE_BUFFER_S36_I16_B0050,LOCAL_WINDOW_HPP_BASE,6,36,16,50,202607290000,202609290061,202609290062,202609290063,202609290064,b49018c734c046f708e0c9477d532bce1e554afccdfe09b446442a6fcd5e8096,23d22d6f78c6c5b1f18e097f6d3f901c7fd7e8f86d56fc109a9690a34898108b,419,419,0,True,COMPLETE,50,76.389606086,0.004075383,55.203334508,9141.81818174,376.265485246,0.006002306,0.051632986,21.445235158,0.131750202,0.972854425,19.491566761,41.571424268,76.265485246
1.0,TASK3_INTERSTAGE_BUFFER_SPILLBACK_SENSITIVITY_V1,OP_INTERSTAGE_BUFFER_S36_I16_B0050,5b72b821e8478869d8b8fa57556f5136019bbc094e78e834085479e0ab3a4ff1,TASK3_OPERATIONAL_POOLED_INTERSTAGE_BAS_V1,INTERSTAGE_BUFFER_S36_I16_B0050,LOCAL_WINDOW_HPP_BASE,7,36,16,50,202607290000,202609290071,202609290072,202609290073,202609290074,ff30a02a8705dd072c1ff3254287f5798cd899e7ccaa57325aa71d83c4227499,07ce43ec84d024684216205d58f35048efc2d59e83db33757b95df3d6a963059,408,408,0,True,COMPLETE,44,67.962814378,0,0,8901.81818174,370.256658778,0,0,17.741189088,0,0,16.26142193,33.14463256,70.256658778
1.0,TASK3_INTERSTAGE_BUFFER_SPILLBACK_SENSITIVITY_V1,OP_INTERSTAGE_BUFFER_S36_I16_B0050,5b72b821e8478869d8b8fa57556f5136019bbc094e78e834085479e0ab3a4ff1,TASK3_OPERATIONAL_POOLED_INTERSTAGE_BAS_V1,INTERSTAGE_BUFFER_S36_I16_B0050,LOCAL_WINDOW_HPP_BASE,8,36,16,50,202607290000,202609290081,202609290082,202609290083,202609290084,54f93c71470006da3a09c89dff95a83b1ea870754262c91608af5dbcb90a4ed8,f4d61776740cf531edf1db6d9934673f9637063d73d2ecf3f79df0bdea56005a,442,442,0,True,COMPLETE,50,96.305818066,0.081256877,1149.11276464,9643.63636356,392.825816755,0.106470812,0.359156197,31.655274417,2.599802635,9.431777175,34.481476756,61.487636248,92.825816755
1.0,TASK3_INTERSTAGE_BUFFER_SPILLBACK_SENSITIVITY_V1,OP_INTERSTAGE_BUFFER_S36_I16_B0050,5b72b821e8478869d8b8fa57556f5136019bbc094e78e834085479e0ab3a4ff1,TASK3_OPERATIONAL_POOLED_INTERSTAGE_BAS_V1,INTERSTAGE_BUFFER_S36_I16_B0050,LOCAL_WINDOW_HPP_BASE,9,36,16,50,202607290000,202609290091,202609290092,202609290093,202609290094,eac0a9ee1817f7bfb8075caeca7e7b36c575a89b37d84ba4e00528b85d326525,2645bb84e056628bffc8a2ab3e4232bae06ba8be9da3de913637607943e2a03c,395,395,0,True,COMPLETE,37,62.211388069,0,0,8618.18181811,356.854545596,0,0,15.617023299,0,0,14.446663193,27.393206251,56.854545596
1.0,TASK3_INTERSTAGE_BUFFER_SPILLBACK_SENSITIVITY_V1,OP_INTERSTAGE_BUFFER_S36_I16_B0050,5b72b821e8478869d8b8fa57556f5136019bbc094e78e834085479e0ab3a4ff1,TASK3_OPERATIONAL_POOLED_INTERSTAGE_BAS_V1,INTERSTAGE_BUFFER_S36_I16_B0050,LOCAL_WINDOW_HPP_BASE,10,36,16,50,202607290000,202609290101,202609290102,202609290103,202609290104,9835da0b922279edffb5e025c97a589df839a34d56b76352d0e37c4e312314e2,300b86070b362a7778e89b404d28f3a8d8457f332012fadef5c21b7d32f47d77,394,394,0,True,COMPLETE,33,58.672007518,0,0,8596.36363629,359.802941741,0,0,11.723920315,0,0,10.769589626,23.8538257,59.802941741
1.0,TASK3_INTERSTAGE_BUFFER_SPILLBACK_SENSITIVITY_V1,OP_INTERSTAGE_BUFFER_S36_I16_B0050,5b72b821e8478869d8b8fa57556f5136019bbc094e78e834085479e0ab3a4ff1,TASK3_OPERATIONAL_POOLED_INTERSTAGE_BAS_V1,INTERSTAGE_BUFFER_S36_I16_B0050,LOCAL_WINDOW_HPP_BASE,11,36,16,50,202607290000,202609290111,202609290112,202609290113,202609290114,e26ea32112b34145f4597dc880d3a97e418100915aec81290d81c7e107c90440,2e970245fb469cb2bdee4925c59327c4bbb48b33a64aa82a79964241837883d0,409,409,0,True,COMPLETE,50,74.709742952,0.002023566,26.553544158,8923.63636356,364.504234633,0.002966813,0.038707168,27.0657485,0.064923091,0,24.474627862,39.891561134,64.504234633
1.0,TASK3_INTERSTAGE_BUFFER_SPILLBACK_SENSITIVITY_V1,OP_INTERSTAGE_BUFFER_S36_I16_B0050,5b72b821e8478869d8b8fa57556f5136019bbc094e78e834085479e0ab3a4ff1,TASK3_OPERATIONAL_POOLED_INTERSTAGE_BAS_V1,INTERSTAGE_BUFFER_S36_I16_B0050,LOCAL_WINDOW_HPP_BASE,12,36,16,50,202607290000,202609290121,202609290122,202609290123,202609290124,5e7768403d04cd908a3f12851404b41158d2d801bc5bd7a60cb446d326e51a1e,b8108b29b9e14198035604dd7dffdd0f3e629acce0ecee9164656e77b9e19846,423,423,0,True,COMPLETE,50,74.348330354,0.001983871,26.897591562,9229.09090901,376.614807502,0.002905966,0.038678336,21.852318931,0.063587687,0,19.949162289,39.530148536,76.614807502
1.0,TASK3_INTERSTAGE_BUFFER_SPILLBACK_SENSITIVITY_V1,OP_INTERSTAGE_BUFFER_S36_I16_B0050,5b72b821e8478869d8b8fa57556f5136019bbc094e78e834085479e0ab3a4ff1,TASK3_OPERATIONAL_POOLED_INTERSTAGE_BAS_V1,INTERSTAGE_BUFFER_S36_I16_B0050,LOCAL_WINDOW_HPP_BASE,13,36,16,50,202607290000,202609290131,202609290132,202609290133,202609290134,69e477aaf4e576a701c05b406551638599850e496647ab10d50e22a09df77e45,36ee5336a3d994c353940d792a22be02a708d3684d159ab1a07a5076c7f4e5f8,455,455,0,True,COMPLETE,50,102.182500379,0.09726345,1409.86994692,9927.27272719,402.649239192,0.12435849,0.420234072,31.40151255,3.098615268,9.133876081,39.976035364,67.364318561,102.649239192
1.0,TASK3_INTERSTAGE_BUFFER_SPILLBACK_SENSITIVITY_V1,OP_INTERSTAGE_BUFFER_S36_I16_B0050,5b72b821e8478869d8b8fa57556f5136019bbc094e78e834085479e0ab3a4ff1,TASK3_OPERATIONAL_POOLED_INTERSTAGE_BAS_V1,INTERSTAGE_BUFFER_S36_I16_B0050,LOCAL_WINDOW_HPP_BASE,14,36,16,50,202607290000,202609290141,202609290142,202609290143,202609290144,3eb39892a20a0217390af48a30eb92cec434086b31c5fbf488d43be5446e9859,59ea3ace3c47fa8363a23df862c62942e8bb5aab94854e3c34af46b3c79bfad9,374,374,0,True,COMPLETE,29,55.806607529,0,0,8159.99999993,344.224017411,0,0,10.607063144,0,0,9.868272569,20.988425711,44.224017411
1.0,TASK3_INTERSTAGE_BUFFER_SPILLBACK_SENSITIVITY_V1,OP_INTERSTAGE_BUFFER_S36_I16_B0050,5b72b821e8478869d8b8fa57556f5136019bbc094e78e834085479e0ab3a4ff1,TASK3_OPERATIONAL_POOLED_INTERSTAGE_BAS_V1,INTERSTAGE_BUFFER_S36_I16_B0050,LOCAL_WINDOW_HPP_BASE,15,36,16,50,202607290000,202609290151,202609290152,202609290153,202609290154,d82c12f4cfea7164cb5733106a1ae810c4423998e23cd815b08d87f04e59a279,687711f1525a5efacfcf7ead4ef03fc699831c80181bbe50ec79db310e5d3678,386,386,0,True,COMPLETE,34,60.706614106,0,0,8421.81818175,355.169131789,0,0,10.625078934,0,0,9.943438977,25.888432288,55.169131789
1.0,TASK3_INTERSTAGE_BUFFER_SPILLBACK_SENSITIVITY_V1,OP_INTERSTAGE_BUFFER_S36_I16_B0050,5b72b821e8478869d8b8fa57556f5136019bbc094e78e834085479e0ab3a4ff1,TASK3_OPERATIONAL_POOLED_INTERSTAGE_BAS_V1,INTERSTAGE_BUFFER_S36_I16_B0050,LOCAL_WINDOW_HPP_BASE,16,36,16,50,202607290000,202609290161,202609290162,202609290163,202609290164,0ae1ee517aa6d11e558f4c00fe5498a73acf57ac7aa460688e506807cd2377c5,e4ebd71491c8cf45d754baef29be3af3b4fa1864bebc71fccb360a6be092b12c,401,401,0,True,COMPLETE,38,60.850278381,0,0,8749.09090902,365.963696822,0,0,8.721137075,0,0,8.045110744,26.032096563,65.963696822
1.0,TASK3_INTERSTAGE_BUFFER_SPILLBACK_SENSITIVITY_V1,OP_INTERSTAGE_BUFFER_S36_I16_B0050,5b72b821e8478869d8b8fa57556f5136019bbc094e78e834085479e0ab3a4ff1,TASK3_OPERATIONAL_POOLED_INTERSTAGE_BAS_V1,INTERSTAGE_BUFFER_S36_I16_B0050,LOCAL_WINDOW_HPP_BASE,17,36,16,50,202607290000,202609290171,202609290172,202609290173,202609290174,266dcbc6ee1a46ff9a3287bdadc591ad304f0578cdc09e7eaa613da4fa246a45,10b1b217da3c3032a786cade24604ac91f0379d67d8b0f8b518e26c02ecf73cd,429,429,0,True,COMPLETE,50,84.104300705,0.027744262,383.099334779,9359.99999992,383.562123322,0.039320069,0.18285653,25.077247548,0.893005442,6.141554466,24.117028002,49.286118887,83.562123322
1.0,TASK3_INTERSTAGE_BUFFER_SPILLBACK_SENSITIVITY_V1,OP_INTERSTAGE_BUFFER_S36_I16_B0050,5b72b821e8478869d8b8fa57556f5136019bbc094e78e834085479e0ab3a4ff1,TASK3_OPERATIONAL_POOLED_INTERSTAGE_BAS_V1,INTERSTAGE_BUFFER_S36_I16_B0050,LOCAL_WINDOW_HPP_BASE,18,36,16,50,202607290000,202609290181,202609290182,202609290183,202609290184,9ccc0530a0134e0b888b20445eb14e148598546e5aceabfc5061c8ef4ad820af,85f02171a3e7533bd0ed49dc499a20cb7a35f96799bb04c2a19ee9a92a09400f,419,419,0,True,COMPLETE,50,75.32045302,0.002852039,38.736428338,9141.81818174,377.278114479,0.0042194,0.045433435,24.386365546,0.09244971,0,22.386864423,40.502271202,77.278114479
1.0,TASK3_INTERSTAGE_BUFFER_SPILLBACK_SENSITIVITY_V1,OP_INTERSTAGE_BUFFER_S36_I16_B0050,5b72b821e8478869d8b8fa57556f5136019bbc094e78e834085479e0ab3a4ff1,TASK3_OPERATIONAL_POOLED_INTERSTAGE_BAS_V1,INTERSTAGE_BUFFER_S36_I16_B0050,LOCAL_WINDOW_HPP_BASE,19,36,16,50,202607290000,202609290191,202609290192,202609290193,202609290194,4000364c613df0f2b76ec1e06efee1dd2f6437fbbda80bf583e14b9a41851e74,1de5c1b11f9596123df47e65641819e1d94426d8ee0004d5914fc4642fb11f74,445,445,0,True,COMPLETE,50,89.84559429,0.040945617,580.40423269,9709.09090901,393.750077207,0.056407455,0.205892799,24.95822403,1.304279175,7.637960085,24.214657095,55.027412472,93.750077207
1.0,TASK3_INTERSTAGE_BUFFER_SPILLBACK_SENSITIVITY_V1,OP_INTERSTAGE_BUFFER_S36_I16_B0050,5b72b821e8478869d8b8fa57556f5136019bbc094e78e834085479e0ab3a4ff1,TASK3_OPERATIONAL_POOLED_INTERSTAGE_BAS_V1,INTERSTAGE_BUFFER_S36_I16_B0050,LOCAL_WINDOW_HPP_BASE,20,36,16,50,202607290000,202609290201,202609290202,202609290203,202609290204,22af0208faf3e7bb7b1fd2139f02c55620aac4f2ea1e4c03d676e0e2fbf2c0d7,49e2f12814b3b125900e0c498e5c95bdf5ec7c92136fe20d5c597a69b1d6bfc2,418,418,0,True,COMPLETE,50,72.860718628,5.127e-06,0.069087629,9119.99999992,374.34713521,7.575e-06,0.010899389,22.147172381,0.000165281,0,20.066267159,38.04253681,74.34713521
1.0,TASK3_INTERSTAGE_BUFFER_SPILLBACK_SENSITIVITY_V1,OP_INTERSTAGE_BUFFER_S36_I16_B0050,5b72b821e8478869d8b8fa57556f5136019bbc094e78e834085479e0ab3a4ff1,TASK3_OPERATIONAL_POOLED_INTERSTAGE_BAS_V1,INTERSTAGE_BUFFER_S36_I16_B0050,LOCAL_WINDOW_HPP_BASE,21,36,16,50,202607290000,202609290211,202609290212,202609290213,202609290214,2a7611076323f09eed801a9545289fd21d2971296a52a95e582b9262ed9c7b81,095284845764688a0efa88b35455565d35045eefcfd95e2d02c13d9d1f904ad6,417,417,0,True,COMPLETE,50,71.347995047,0,0,9098.18181811,375.941757371,0,0.003739828,15.453484066,0,0,14.699028872,36.529813229,75.941757371
1.0,TASK3_INTERSTAGE_BUFFER_SPILLBACK_SENSITIVITY_V1,OP_INTERSTAGE_BUFFER_S36_I16_B0050,5b72b821e8478869d8b8fa57556f5136019bbc094e78e834085479e0ab3a4ff1,TASK3_OPERATIONAL_POOLED_INTERSTAGE_BAS_V1,INTERSTAGE_BUFFER_S36_I16_B0050,LOCAL_WINDOW_HPP_BASE,22,36,16,50,202607290000,202609290221,202609290222,202609290223,202609290224,99914cad9248df9995c6da58ff02cb023397c509e2faa36fd87c0381ebea62f5,0b024fbedfb69b1b514f7266423bde56fffe9998c7b1a66d99994cfb27756505,410,410,0,True,COMPLETE,48,70.313052412,0,0,8945.45454538,369.907443881,0,0,19.244635574,0,0,17.503617149,35.494870594,69.907443881
1.0,TASK3_INTERSTAGE_BUFFER_SPILLBACK_SENSITIVITY_V1,OP_INTERSTAGE_BUFFER_S36_I16_B0050,5b72b821e8478869d8b8fa57556f5136019bbc094e78e834085479e0ab3a4ff1,TASK3_OPERATIONAL_POOLED_INTERSTAGE_BAS_V1,INTERSTAGE_BUFFER_S36_I16_B0050,LOCAL_WINDOW_HPP_BASE,23,36,16,50,202607290000,202609290231,202609290232,202609290233,202609290234,9b82bad9092b604f3c77ccc8d27db8fa85c889760667ed7597a0de4b62c2a1d0,d2f856357f76dbceffa247e0e1539cd6ec35d97c5d0a86e6b62660c422bd7a9f,439,439,0,True,COMPLETE,50,91.602414838,0.073217371,1028.84657069,9578.1818181,390.331844884,0.096996683,0.339843206,31.698980707,2.343614056,8.779901641,32.244476737,56.78423302,90.331844884
1.0,TASK3_INTERSTAGE_BUFFER_SPILLBACK_SENSITIVITY_V1,OP_INTERSTAGE_BUFFER_S36_I16_B0050,5b72b821e8478869d8b8fa57556f5136019bbc094e78e834085479e0ab3a4ff1,TASK3_OPERATIONAL_POOLED_INTERSTAGE_BAS_V1,INTERSTAGE_BUFFER_S36_I16_B0050,LOCAL_WINDOW_HPP_BASE,24,36,16,50,202607290000,202609290241,202609290242,202609290243,202609290244,66f5f2028f433422e88c253b8a0edb196a2d079c1e1557a0df63670d8716ce12,70612db61c127f9a843903e2c4504f7d190705a36fc3e0037801f7b1b45251eb,412,412,0,True,COMPLETE,42,61.155126921,0,0,8989.09090902,366.924765426,0,0,14.700878326,0,0,13.178637254,26.336945103,66.924765426
1.0,TASK3_INTERSTAGE_BUFFER_SPILLBACK_SENSITIVITY_V1,OP_INTERSTAGE_BUFFER_S36_I16_B0050,5b72b821e8478869d8b8fa57556f5136019bbc094e78e834085479e0ab3a4ff1,TASK3_OPERATIONAL_POOLED_INTERSTAGE_BAS_V1,INTERSTAGE_BUFFER_S36_I16_B0050,LOCAL_WINDOW_HPP_BASE,25,36,16,50,202607290000,202609290251,202609290252,202609290253,202609290254,024a59b70dba379a9ff49f76d780488d576d3e793221feb47812b1c97a5c8de5,cee85534c96aeda4d63051be883765c422fd83b655e83bcfef6e2d7e5141f1ae,424,424,0,True,COMPLETE,50,74.381319959,0.001266122,17.314218089,9250.90909083,379.861223279,0.001868127,0.031237291,24.434967677,0.04083542,0,22.178762629,39.563138141,79.861223279
1.0,TASK3_INTERSTAGE_BUFFER_SPILLBACK_SENSITIVITY_V1,OP_INTERSTAGE_BUFFER_S36_I16_B0050,5b72b821e8478869d8b8fa57556f5136019bbc094e78e834085479e0ab3a4ff1,TASK3_OPERATIONAL_POOLED_INTERSTAGE_BAS_V1,INTERSTAGE_BUFFER_S36_I16_B0050,LOCAL_WINDOW_HPP_BASE,26,36,16,50,202607290000,202609290261,202609290262,202609290263,202609290264,d4868d98ad8429fda4f8019f736954e52ea7e14f7c0a7995934c0a195358df7c,54b231de841c4f06a066e6feab87a391c55680b56cf2d60230b11486df0e31a4,419,419,0,True,COMPLETE,50,75.663728573,0.00134585,18.162031117,9141.81818174,374.856740809,0.001982759,0.050647821,21.831794539,0.043346136,0,19.987247918,40.845546755,74.856740809
1.0,TASK3_INTERSTAGE_BUFFER_SPILLBACK_SENSITIVITY_V1,OP_INTERSTAGE_BUFFER_S36_I16_B0050,5b72b821e8478869d8b8fa57556f5136019bbc094e78e834085479e0ab3a4ff1,TASK3_OPERATIONAL_POOLED_INTERSTAGE_BAS_V1,INTERSTAGE_BUFFER_S36_I16_B0050,LOCAL_WINDOW_HPP_BASE,27,36,16,50,202607290000,202609290271,202609290272,202609290273,202609290274,5a446675b5eabb5e9801c5cb48a56e2edc440bdd55794e800b4004c3a831785e,44cad925fae90f44409558f77cb3615b482558a5bf61951fd142e18c1a5ba1eb,410,410,0,True,COMPLETE,42,63.00692723,0,0,8945.45454538,367.75506227,0,0,17.138764641,0,0,15.511357746,28.188745412,67.75506227
1.0,TASK3_INTERSTAGE_BUFFER_SPILLBACK_SENSITIVITY_V1,OP_INTERSTAGE_BUFFER_S36_I16_B0050,5b72b821e8478869d8b8fa57556f5136019bbc094e78e834085479e0ab3a4ff1,TASK3_OPERATIONAL_POOLED_INTERSTAGE_BAS_V1,INTERSTAGE_BUFFER_S36_I16_B0050,LOCAL_WINDOW_HPP_BASE,28,36,16,50,202607290000,202609290281,202609290282,202609290283,202609290284,0f3e1190ac4f1693916db3ba9929255341722bae891e07cdf71baa4c601d838c,b28f418f8c5207617a35ffc88f3f36e8bd8dca29e68bcf40ff7747854f4235b2,392,392,0,True,COMPLETE,33,56.925369,0,0,8552.72727266,358.372284288,0,0,8.279666271,0,0,7.705971984,22.107187182,58.372284288
1.0,TASK3_INTERSTAGE_BUFFER_SPILLBACK_SENSITIVITY_V1,OP_INTERSTAGE_BUFFER_S36_I16_B0050,5b72b821e8478869d8b8fa57556f5136019bbc094e78e834085479e0ab3a4ff1,TASK3_OPERATIONAL_POOLED_INTERSTAGE_BAS_V1,INTERSTAGE_BUFFER_S36_I16_B0050,LOCAL_WINDOW_HPP_BASE,29,36,16,50,202607290000,202609290291,202609290292,202609290293,202609290294,4f539bb4dc4ef85cd6680029b58c0bcee550f12c95a0df5922e50b2aab3e2e2b,87b47185c689354b5897c1ed5534ce4e9e03cb0ffcf1eb0f541dd659eb064fbf,424,424,0,True,COMPLETE,50,79.544751479,0.009025259,123.079493433,9250.90909083,378.811830095,0.013129896,0.098671568,23.601399634,0.290281824,3.645244873,21.590169981,44.726569661,78.811830095
1.0,TASK3_INTERSTAGE_BUFFER_SPILLBACK_SENSITIVITY_V1,OP_INTERSTAGE_BUFFER_S36_I16_B0050,5b72b821e8478869d8b8fa57556f5136019bbc094e78e834085479e0ab3a4ff1,TASK3_OPERATIONAL_POOLED_INTERSTAGE_BAS_V1,INTERSTAGE_BUFFER_S36_I16_B0050,LOCAL_WINDOW_HPP_BASE,30,36,16,50,202607290000,202609290301,202609290302,202609290303,202609290304,7a068d5d9301e48725db05a531ec1b934cee9bb136cf57d44743de327af49e95,938a4ad281005e58733898293621ffe834d61a66a6cea6aaea385ce24f7885ea,408,408,0,True,COMPLETE,39,62.206477423,0,0,8901.81818174,366.357582163,0,0,11.525186129,0,0,10.590257715,27.388295605,66.357582163
1.0,TASK3_INTERSTAGE_BUFFER_SPILLBACK_SENSITIVITY_V1,OP_INTERSTAGE_BUFFER_S36_I16_B0050,5b72b821e8478869d8b8fa57556f5136019bbc094e78e834085479e0ab3a4ff1,TASK3_OPERATIONAL_POOLED_INTERSTAGE_BAS_V1,INTERSTAGE_BUFFER_S36_I16_B0050,LOCAL_WINDOW_HPP_BASE,31,36,16,50,202607290000,202609290311,202609290312,202609290313,202609290314,fe79fd3f1857eadd12059b816ae5dc78c5400c580deb55ff1ade6616157c5322,5b86a5090e0dc36bac2375b0c70695faee94ea587192552748bc348a0de5d544,425,425,0,True,COMPLETE,50,81.276724796,0.006459752,88.189863219,9272.72727265,379.227952305,0.009421071,0.065773149,22.017315997,0.207505561,1.711865163,20.560335633,46.458542978,79.227952305
1.0,TASK3_INTERSTAGE_BUFFER_SPILLBACK_SENSITIVITY_V1,OP_INTERSTAGE_BUFFER_S36_I16_B0050,5b72b821e8478869d8b8fa57556f5136019bbc094e78e834085479e0ab3a4ff1,TASK3_OPERATIONAL_POOLED_INTERSTAGE_BAS_V1,INTERSTAGE_BUFFER_S36_I16_B0050,LOCAL_WINDOW_HPP_BASE,32,36,16,50,202607290000,202609290321,202609290322,202609290323,202609290324,a107a39217451ab24221e19dee1c92d58883e07cc0f49dfe3e038c20225d5cc4,996171e217ee62a8ece8f54d916158063dd5bb069f8cd59f8a7e4336ab8b83a3,395,395,0,True,COMPLETE,30,55.304112028,0,0,8618.18181811,358.315316804,0,0,8.258354008,0,0,7.583963852,20.48593021,58.315316804
1.0,TASK3_INTERSTAGE_BUFFER_SPILLBACK_SENSITIVITY_V1,OP_INTERSTAGE_BUFFER_S36_I16_B0050,5b72b821e8478869d8b8fa57556f5136019bbc094e78e834085479e0ab3a4ff1,TASK3_OPERATIONAL_POOLED_INTERSTAGE_BAS_V1,INTERSTAGE_BUFFER_S36_I16_B0050,LOCAL_WINDOW_HPP_BASE,33,36,16,50,202607290000,202609290331,202609290332,202609290333,202609290334,13f6ae62d1d578037e3c74454e4ba06f754623501488a41e226a82d60d228b73,32746248e1817f5f1a72b68063d262db8a71a90a86ddc13ad13f698a37236a94,428,428,0,True,COMPLETE,50,80.712203766,0.02424457,330.938101009,9338.1818181,379.166340262,0.03422629,0.19149133,27.586106532,0.773219862,5.186955036,25.467550907,45.894021948,79.166340262
1.0,TASK3_INTERSTAGE_BUFFER_SPILLBACK_SENSITIVITY_V1,OP_INTERSTAGE_BUFFER_S36_I16_B0050,5b72b821e8478869d8b8fa57556f5136019bbc094e78e834085479e0ab3a4ff1,TASK3_OPERATIONAL_POOLED_INTERSTAGE_BAS_V1,INTERSTAGE_BUFFER_S36_I16_B0050,LOCAL_WINDOW_HPP_BASE,34,36,16,50,202607290000,202609290341,202609290342,202609290343,202609290344,e652f3fee095b11115f8e98b70447f6b3452056f93691b94c53bd0448f96f318,41673fd315b1e4affe0f829299c7deb141ea5b153ad8ac47e4d64470751c365d,426,426,0,True,COMPLETE,50,76.664069551,0.001828057,24.996146986,9294.54545447,379.822718778,0.002682122,0.034549764,19.98738152,0.058676401,0,18.173113742,41.845887733,79.822718778
1.0,TASK3_INTERSTAGE_BUFFER_SPILLBACK_SENSITIVITY_V1,OP_INTERSTAGE_BUFFER_S36_I16_B0050,5b72b821e8478869d8b8fa57556f5136019bbc094e78e834085479e0ab3a4ff1,TASK3_OPERATIONAL_POOLED_INTERSTAGE_BAS_V1,INTERSTAGE_BUFFER_S36_I16_B0050,LOCAL_WINDOW_HPP_BASE,35,36,16,50,202607290000,202609290351,202609290352,202609290353,202609290354,814344a6d5dc851daea1f0ccbdcf11d8d7ad5b6270b2c7b88b78878473c58e66,ad73f922995ee7decfe78be592b815ba658fb5d4f5c3329c4cafafd47b1f9e7b,451,451,0,True,COMPLETE,50,90.159444722,0.030878721,445.068319779,9839.99999992,400.373094517,0.043273249,0.17676747,27.425184694,0.986847716,6.435479318,26.462532416,55.341262904,100.373094517
1.0,TASK3_INTERSTAGE_BUFFER_SPILLBACK_SENSITIVITY_V1,OP_INTERSTAGE_BUFFER_S36_I16_B0050,5b72b821e8478869d8b8fa57556f5136019bbc094e78e834085479e0ab3a4ff1,TASK3_OPERATIONAL_POOLED_INTERSTAGE_BAS_V1,INTERSTAGE_BUFFER_S36_I16_B0050,LOCAL_WINDOW_HPP_BASE,36,36,16,50,202607290000,202609290361,202609290362,202609290363,202609290364,ac7b15bb6dd2587714d12b8ab6df1c128d5cd9c9bf065fbba1dd39ebfe22f766,4419c9659301a37a4032178328f880eb4dfec2937fa988c617708a1b5c99d710,414,414,0,True,COMPLETE,46,68.525672118,0,0,9032.72727265,368.087171068,0,0,19.642862225,0,0,17.484416582,33.7074903,68.087171068
1.0,TASK3_INTERSTAGE_BUFFER_SPILLBACK_SENSITIVITY_V1,OP_INTERSTAGE_BUFFER_S36_I16_B0050,5b72b821e8478869d8b8fa57556f5136019bbc094e78e834085479e0ab3a4ff1,TASK3_OPERATIONAL_POOLED_INTERSTAGE_BAS_V1,INTERSTAGE_BUFFER_S36_I16_B0050,LOCAL_WINDOW_HPP_BASE,37,36,16,50,202607290000,202609290371,202609290372,202609290373,202609290374,0c48c3005a1f806ca43594a7fe8b65a823b4d0e14de3286a1c43ec10fae6e8d8,f52e2b76ab593aa38372ffb753b1c06a168f65d585c73b4e15a33a1575788927,408,408,0,True,COMPLETE,45,66.479150621,0,0,8901.81818174,368.519001359,0,0,19.100443202,0,0,17.476564908,31.660968803,68.519001359
1.0,TASK3_INTERSTAGE_BUFFER_SPILLBACK_SENSITIVITY_V1,OP_INTERSTAGE_BUFFER_S36_I16_B0050,5b72b821e8478869d8b8fa57556f5136019bbc094e78e834085479e0ab3a4ff1,TASK3_OPERATIONAL_POOLED_INTERSTAGE_BAS_V1,INTERSTAGE_BUFFER_S36_I16_B0050,LOCAL_WINDOW_HPP_BASE,38,36,16,50,202607290000,202609290381,202609290382,202609290383,202609290384,cdd5c5d0215e72c607d45885cbf50b6649adbbe5880fc8e6dab73573cfc87acd,77fe832fc55488c7f24f90f052e241feb782ce71aacaf6a5d1730dcd9fe5fa0b,406,406,0,True,COMPLETE,45,69.091591828,0,0,8858.18181811,365.497817764,0,0,18.203127841,0,0,16.425622145,34.27341001,65.497817764
1.0,TASK3_INTERSTAGE_BUFFER_SPILLBACK_SENSITIVITY_V1,OP_INTERSTAGE_BUFFER_S36_I16_B0050,5b72b821e8478869d8b8fa57556f5136019bbc094e78e834085479e0ab3a4ff1,TASK3_OPERATIONAL_POOLED_INTERSTAGE_BAS_V1,INTERSTAGE_BUFFER_S36_I16_B0050,LOCAL_WINDOW_HPP_BASE,39,36,16,50,202607290000,202609290391,202609290392,202609290393,202609290394,326272c4de29b05923793b77cd6b8a2425bf38488b2e989c4814c75879e36076,b802637f8e357a27d8a5131c642895da5e390120feb29da84906347821d3942d,388,388,0,True,COMPLETE,26,53.162276137,0,0,8465.45454538,355.999717678,0,0,8.794500672,0,0,8.373378472,18.344094319,55.999717678
1.0,TASK3_INTERSTAGE_BUFFER_SPILLBACK_SENSITIVITY_V1,OP_INTERSTAGE_BUFFER_S36_I16_B0050,5b72b821e8478869d8b8fa57556f5136019bbc094e78e834085479e0ab3a4ff1,TASK3_OPERATIONAL_POOLED_INTERSTAGE_BAS_V1,INTERSTAGE_BUFFER_S36_I16_B0050,LOCAL_WINDOW_HPP_BASE,40,36,16,50,202607290000,202609290401,202609290402,202609290403,202609290404,1b06562ca40c4532db2de354423a06cb3250b5439a73d141823cb4276579ed4a,f7b8c0f1fd0a99304a99b81457c36023ededdafe657cbd69732b0c409a282f0b,399,399,0,True,COMPLETE,30,55.28214003,0,0,8705.45454538,357.271656901,0,0,8.481978832,0,0,7.780436373,20.463958212,57.271656901
1.0,TASK3_INTERSTAGE_BUFFER_SPILLBACK_SENSITIVITY_V1,OP_INTERSTAGE_BUFFER_S36_I16_B0050,5b72b821e8478869d8b8fa57556f5136019bbc094e78e834085479e0ab3a4ff1,TASK3_OPERATIONAL_POOLED_INTERSTAGE_BAS_V1,INTERSTAGE_BUFFER_S36_I16_B0050,LOCAL_WINDOW_HPP_BASE,41,36,16,50,202607290000,202609290411,202609290412,202609290413,202609290414,e742f6eed2fa26b2a3bd7c08351cf82a65f52e76ad11dc62eba34870c8eb3843,842b4794172369a8dd7b1879e1856acbb1538116a68b8b92054e6902b0b39345,416,416,0,True,COMPLETE,48,70.635644766,0,0,9076.36363629,368.299234249,0,0,26.734040656,0,0,23.925154197,35.817462948,68.299234249
1.0,TASK3_INTERSTAGE_BUFFER_SPILLBACK_SENSITIVITY_V1,OP_INTERSTAGE_BUFFER_S36_I16_B0050,5b72b821e8478869d8b8fa57556f5136019bbc094e78e834085479e0ab3a4ff1,TASK3_OPERATIONAL_POOLED_INTERSTAGE_BAS_V1,INTERSTAGE_BUFFER_S36_I16_B0050,LOCAL_WINDOW_HPP_BASE,42,36,16,50,202607290000,202609290421,202609290422,202609290423,202609290424,0dd4390aaf5a2d161251f438448add855b708bf988bd35e5063e0d76f2e8a5bb,777eb9bf9c1e3746d7339b330a21fd6341890a3105a6f59fa9675fd14be2197b,403,403,0,True,COMPLETE,35,62.997563842,0,0,8792.72727265,361.736360174,0,0,10.196128152,0,0,9.856301558,28.179382024,61.736360174
1.0,TASK3_INTERSTAGE_BUFFER_SPILLBACK_SENSITIVITY_V1,OP_INTERSTAGE_BUFFER_S36_I16_B0050,5b72b821e8478869d8b8fa57556f5136019bbc094e78e834085479e0ab3a4ff1,TASK3_OPERATIONAL_POOLED_INTERSTAGE_BAS_V1,INTERSTAGE_BUFFER_S36_I16_B0050,LOCAL_WINDOW_HPP_BASE,43,36,16,50,202607290000,202609290431,202609290432,202609290433,202609290434,836a9355e21deec4d31c39cdcfa596bb83a8d0a992092b65b344e00acd4f6a5f,8e5a615808baafb3f2b2503d7e75dce601d66dea1166f4f5399b92e6b176fdef,407,407,0,True,COMPLETE,40,64.842046125,0,0,8879.99999993,363.938435101,0,0,20.172057907,0,0,18.481488323,30.023864307,63.938435101
1.0,TASK3_INTERSTAGE_BUFFER_SPILLBACK_SENSITIVITY_V1,OP_INTERSTAGE_BUFFER_S36_I16_B0050,5b72b821e8478869d8b8fa57556f5136019bbc094e78e834085479e0ab3a4ff1,TASK3_OPERATIONAL_POOLED_INTERSTAGE_BAS_V1,INTERSTAGE_BUFFER_S36_I16_B0050,LOCAL_WINDOW_HPP_BASE,44,36,16,50,202607290000,202609290441,202609290442,202609290443,202609290444,dd5c411b266347b8dcc7aad7d80aaaa77e6281dbcb327ded0a77c0d6784a78cf,b38169f146f03a2a7e3a0d08d5ca6332aaa7716b205d1808f0712abc279139f8,366,366,0,True,COMPLETE,13,41.624983176,0,0,7985.45454539,334.686240213,0,0,3.090578714,0,0,2.826158934,6.806801358,34.686240213
1.0,TASK3_INTERSTAGE_BUFFER_SPILLBACK_SENSITIVITY_V1,OP_INTERSTAGE_BUFFER_S36_I16_B0050,5b72b821e8478869d8b8fa57556f5136019bbc094e78e834085479e0ab3a4ff1,TASK3_OPERATIONAL_POOLED_INTERSTAGE_BAS_V1,INTERSTAGE_BUFFER_S36_I16_B0050,LOCAL_WINDOW_HPP_BASE,45,36,16,50,202607290000,202609290451,202609290452,202609290453,202609290454,94ce38590b9bd90fd7a639ff8c2697ff21de2ed0eb52e208d66a3cf6b4b51743,f6c987f6590e68a88698994ad4abd7a3ba37841cb5f552707069f585063d327d,399,399,0,True,COMPLETE,32,58.093771104,0,0,8705.45454538,358.728849246,0,0,12.888093777,0,0,11.692554456,23.275589286,58.728849246
1.0,TASK3_INTERSTAGE_BUFFER_SPILLBACK_SENSITIVITY_V1,OP_INTERSTAGE_BUFFER_S36_I16_B0050,5b72b821e8478869d8b8fa57556f5136019bbc094e78e834085479e0ab3a4ff1,TASK3_OPERATIONAL_POOLED_INTERSTAGE_BAS_V1,INTERSTAGE_BUFFER_S36_I16_B0050,LOCAL_WINDOW_HPP_BASE,46,36,16,50,202607290000,202609290461,202609290462,202609290463,202609290464,93ecff5700ef989a7dfce5e835a36a3b3ae7ea0e38357ad29e60e1474047a020,aac141c1949aaff090c21e6193f69e847977e16a8a0b202a54f805c0bce607ec,452,452,0,True,COMPLETE,50,101.667118386,0.065081345,941.294502149,9861.81818174,401.759822455,0.087131786,0.324616022,27.921891819,2.082509961,8.226133166,30.301606325,66.848936568,101.759822455
1.0,TASK3_INTERSTAGE_BUFFER_SPILLBACK_SENSITIVITY_V1,OP_INTERSTAGE_BUFFER_S36_I16_B0050,5b72b821e8478869d8b8fa57556f5136019bbc094e78e834085479e0ab3a4ff1,TASK3_OPERATIONAL_POOLED_INTERSTAGE_BAS_V1,INTERSTAGE_BUFFER_S36_I16_B0050,LOCAL_WINDOW_HPP_BASE,47,36,16,50,202607290000,202609290471,202609290472,202609290473,202609290474,7a51db150eed88f4466df9a7a2fe510ed93a6a3de9eb7d91bc6ccc4f9c8c60c8,3ea113b9c82c82da44dd28c1b11214b6ba0f814e3f8c73cb9edfcaa23cfb9179,385,385,0,True,COMPLETE,31,56.171454517,0,0,8399.99999993,351.730835605,0,0,14.723331014,0,0,13.458002999,21.353272699,51.730835605
1.0,TASK3_INTERSTAGE_BUFFER_SPILLBACK_SENSITIVITY_V1,OP_INTERSTAGE_BUFFER_S36_I16_B0050,5b72b821e8478869d8b8fa57556f5136019bbc094e78e834085479e0ab3a4ff1,TASK3_OPERATIONAL_POOLED_INTERSTAGE_BAS_V1,INTERSTAGE_BUFFER_S36_I16_B0050,LOCAL_WINDOW_HPP_BASE,48,36,16,50,202607290000,202609290481,202609290482,202609290483,202609290484,b11ed7d780023cfb2d4fe23c95404a3c91bdaa4afd7510b9d2fa014dbb609b4d,4d8ade59bfea4c1dd4c55f50f23f02fc868b56fdeb8761c5ee8757b0f31ac4c2,416,416,0,True,COMPLETE,48,70.560822491,0,0,9076.36363629,370.440834038,0,0,20.204256233,0,0,18.79813403,35.742640673,70.440834038
1.0,TASK3_INTERSTAGE_BUFFER_SPILLBACK_SENSITIVITY_V1,OP_INTERSTAGE_BUFFER_S36_I16_B0050,5b72b821e8478869d8b8fa57556f5136019bbc094e78e834085479e0ab3a4ff1,TASK3_OPERATIONAL_POOLED_INTERSTAGE_BAS_V1,INTERSTAGE_BUFFER_S36_I16_B0050,LOCAL_WINDOW_HPP_BASE,49,36,16,50,202607290000,202609290491,202609290492,202609290493,202609290494,20d9bedd6f1074dbfa0de68f3e211fcc97256209fde2f676fc9bbed862f514ce,8e2b86a5b117f74cbfe6a0fa7565dc4716e4597d6577a35d8a78148dfceb2768,423,423,0,True,COMPLETE,50,79.517221178,0.013121335,180.02267658,9229.09090901,381.106788828,0.019132799,0.120532434,26.866755486,0.425585524,4.220738236,25.11780266,44.69903936,81.106788828
1.0,TASK3_INTERSTAGE_BUFFER_SPILLBACK_SENSITIVITY_V1,OP_INTERSTAGE_BUFFER_S36_I16_B0050,5b72b821e8478869d8b8fa57556f5136019bbc094e78e834085479e0ab3a4ff1,TASK3_OPERATIONAL_POOLED_INTERSTAGE_BAS_V1,INTERSTAGE_BUFFER_S36_I16_B0050,LOCAL_WINDOW_HPP_BASE,50,36,16,50,202607290000,202609290501,202609290502,202609290503,202609290504,8cd9aa68d6bccc1314125620d24c7feda08ca1a772edd0d6000b532a7dcbab10,cc9d72f3b2fb9f55da356b35d0295362c2ef331ee1c746a7199d6f6274a25f55,414,414,0,True,COMPLETE,49,72.074535399,0,0,9032.72727265,375.128862969,0,0,17.841136549,0,0,16.470835208,37.256353581,75.128862969
1.0,TASK3_INTERSTAGE_BUFFER_SPILLBACK_SENSITIVITY_V1,OP_INTERSTAGE_BUFFER_S36_I16_B0100,aaac4a8f5a941883083392510c94d5602e8c67349f76f5f30e8cd9b3a860af7e,TASK3_OPERATIONAL_POOLED_INTERSTAGE_BAS_V1,INTERSTAGE_BUFFER_S36_I16_B0100,LOCAL_WINDOW_HPP_BASE,1,36,16,100,202607290000,202609290011,202609290012,202609290013,202609290014,31e6bdc1d2ef8a1c405ad97234fa6e4061fddb9374fcc548c8bbcb4d26f00365,9b3d00878d6f9f8f5ab655a8b2b981cb1f00473ed7a10c81815bc5c507e812e1,396,396,0,True,COMPLETE,36,60.355820806,0,0,8639.99999993,352.37277881,0,0,14.784714534,0,0,13.213374467,25.537638988,52.37277881
1.0,TASK3_INTERSTAGE_BUFFER_SPILLBACK_SENSITIVITY_V1,OP_INTERSTAGE_BUFFER_S36_I16_B0100,aaac4a8f5a941883083392510c94d5602e8c67349f76f5f30e8cd9b3a860af7e,TASK3_OPERATIONAL_POOLED_INTERSTAGE_BAS_V1,INTERSTAGE_BUFFER_S36_I16_B0100,LOCAL_WINDOW_HPP_BASE,2,36,16,100,202607290000,202609290021,202609290022,202609290023,202609290024,4d35127c711b602608f0d85daefccba0b0f2b5b19bd8b23357536b1a39588f36,b0439b6f710fe30e53d83c73a860543aaf6dc97a605d482d3ce2423a1f0cdad3,442,442,0,True,COMPLETE,66,83.245748618,0,0,9643.63636356,390.092967854,0,0,27.988105054,0,0,25.067082019,48.4275668,90.092967854
1.0,TASK3_INTERSTAGE_BUFFER_SPILLBACK_SENSITIVITY_V1,OP_INTERSTAGE_BUFFER_S36_I16_B0100,aaac4a8f5a941883083392510c94d5602e8c67349f76f5f30e8cd9b3a860af7e,TASK3_OPERATIONAL_POOLED_INTERSTAGE_BAS_V1,INTERSTAGE_BUFFER_S36_I16_B0100,LOCAL_WINDOW_HPP_BASE,3,36,16,100,202607290000,202609290031,202609290032,202609290033,202609290034,35e1df60a7cbbe5e78a544aba79225b60549c252fea949bd4f8da455c8ed7c24,6eacc65e69ab136cbbfbb30646aae44e59b545d077d4bc5dc08b6bd38b9de197,393,393,0,True,COMPLETE,26,54.235969022,0,0,8574.54545447,351.823039487,0,0,13.712927054,0,0,12.361040401,19.417787204,51.823039487
1.0,TASK3_INTERSTAGE_BUFFER_SPILLBACK_SENSITIVITY_V1,OP_INTERSTAGE_BUFFER_S36_I16_B0100,aaac4a8f5a941883083392510c94d5602e8c67349f76f5f30e8cd9b3a860af7e,TASK3_OPERATIONAL_POOLED_INTERSTAGE_BAS_V1,INTERSTAGE_BUFFER_S36_I16_B0100,LOCAL_WINDOW_HPP_BASE,4,36,16,100,202607290000,202609290041,202609290042,202609290043,202609290044,517956b50856de8caf2209257c61021a9a9e6f6e1648b595019dc89b04bf1035,8125e1432cbe068c15cb6c0c23a6a1fc45600b7191c06f7a20f03c0a7ae28121,410,410,0,True,COMPLETE,42,63.62850008,0,0,8945.45454538,369.177026161,0,0,12.757447848,0,0,11.518509931,28.810318262,69.177026161
1.0,TASK3_INTERSTAGE_BUFFER_SPILLBACK_SENSITIVITY_V1,OP_INTERSTAGE_BUFFER_S36_I16_B0100,aaac4a8f5a941883083392510c94d5602e8c67349f76f5f30e8cd9b3a860af7e,TASK3_OPERATIONAL_POOLED_INTERSTAGE_BAS_V1,INTERSTAGE_BUFFER_S36_I16_B0100,LOCAL_WINDOW_HPP_BASE,5,36,16,100,202607290000,202609290051,202609290052,202609290053,202609290054,1c0c1796fa49590094aa5fc09f16770360e450693694bb006b2f257e5121a904,e0514c5cc8fbbad148e1792006244834003ad9e2f3ea0b5e9d753f14c08882c1,388,388,0,True,COMPLETE,42,66.638030282,0,0,8465.45454538,354.537420305,0,0,19.803016161,0,0,18.193147792,31.819848464,54.537420305
1.0,TASK3_INTERSTAGE_BUFFER_SPILLBACK_SENSITIVITY_V1,OP_INTERSTAGE_BUFFER_S36_I16_B0100,aaac4a8f5a941883083392510c94d5602e8c67349f76f5f30e8cd9b3a860af7e,TASK3_OPERATIONAL_POOLED_INTERSTAGE_BAS_V1,INTERSTAGE_BUFFER_S36_I16_B0100,LOCAL_WINDOW_HPP_BASE,6,36,16,100,202607290000,202609290061,202609290062,202609290063,202609290064,b49018c734c046f708e0c9477d532bce1e554afccdfe09b446442a6fcd5e8096,471e198f5cfe89e5e42a56f75a50ff19af84e9529d932433d8d4ad4f7aca6b18,419,419,0,True,COMPLETE,56,76.389606086,0,0,9141.81818174,376.265485246,0,0,21.591948945,0,0,19.491566761,41.571424268,76.265485246
1.0,TASK3_INTERSTAGE_BUFFER_SPILLBACK_SENSITIVITY_V1,OP_INTERSTAGE_BUFFER_S36_I16_B0100,aaac4a8f5a941883083392510c94d5602e8c67349f76f5f30e8cd9b3a860af7e,TASK3_OPERATIONAL_POOLED_INTERSTAGE_BAS_V1,INTERSTAGE_BUFFER_S36_I16_B0100,LOCAL_WINDOW_HPP_BASE,7,36,16,100,202607290000,202609290071,202609290072,202609290073,202609290074,ff30a02a8705dd072c1ff3254287f5798cd899e7ccaa57325aa71d83c4227499,07ce43ec84d024684216205d58f35048efc2d59e83db33757b95df3d6a963059,408,408,0,True,COMPLETE,44,67.962814378,0,0,8901.81818174,370.256658778,0,0,17.741189088,0,0,16.26142193,33.14463256,70.256658778
1.0,TASK3_INTERSTAGE_BUFFER_SPILLBACK_SENSITIVITY_V1,OP_INTERSTAGE_BUFFER_S36_I16_B0100,aaac4a8f5a941883083392510c94d5602e8c67349f76f5f30e8cd9b3a860af7e,TASK3_OPERATIONAL_POOLED_INTERSTAGE_BAS_V1,INTERSTAGE_BUFFER_S36_I16_B0100,LOCAL_WINDOW_HPP_BASE,8,36,16,100,202607290000,202609290081,202609290082,202609290083,202609290084,54f93c71470006da3a09c89dff95a83b1ea870754262c91608af5dbcb90a4ed8,ac2c9a86b1e66fb983a79ac98f62eaa483186755155ad441febba9a2933704ec,442,442,0,True,COMPLETE,80,96.305818066,0,0,9643.63636356,392.825816755,0,0,37.624575341,0,0,34.481476756,61.487636248,92.825816755
1.0,TASK3_INTERSTAGE_BUFFER_SPILLBACK_SENSITIVITY_V1,OP_INTERSTAGE_BUFFER_S36_I16_B0100,aaac4a8f5a941883083392510c94d5602e8c67349f76f5f30e8cd9b3a860af7e,TASK3_OPERATIONAL_POOLED_INTERSTAGE_BAS_V1,INTERSTAGE_BUFFER_S36_I16_B0100,LOCAL_WINDOW_HPP_BASE,9,36,16,100,202607290000,202609290091,202609290092,202609290093,202609290094,eac0a9ee1817f7bfb8075caeca7e7b36c575a89b37d84ba4e00528b85d326525,2645bb84e056628bffc8a2ab3e4232bae06ba8be9da3de913637607943e2a03c,395,395,0,True,COMPLETE,37,62.211388069,0,0,8618.18181811,356.854545596,0,0,15.617023299,0,0,14.446663193,27.393206251,56.854545596
1.0,TASK3_INTERSTAGE_BUFFER_SPILLBACK_SENSITIVITY_V1,OP_INTERSTAGE_BUFFER_S36_I16_B0100,aaac4a8f5a941883083392510c94d5602e8c67349f76f5f30e8cd9b3a860af7e,TASK3_OPERATIONAL_POOLED_INTERSTAGE_BAS_V1,INTERSTAGE_BUFFER_S36_I16_B0100,LOCAL_WINDOW_HPP_BASE,10,36,16,100,202607290000,202609290101,202609290102,202609290103,202609290104,9835da0b922279edffb5e025c97a589df839a34d56b76352d0e37c4e312314e2,300b86070b362a7778e89b404d28f3a8d8457f332012fadef5c21b7d32f47d77,394,394,0,True,COMPLETE,33,58.672007518,0,0,8596.36363629,359.802941741,0,0,11.723920315,0,0,10.769589626,23.8538257,59.802941741
1.0,TASK3_INTERSTAGE_BUFFER_SPILLBACK_SENSITIVITY_V1,OP_INTERSTAGE_BUFFER_S36_I16_B0100,aaac4a8f5a941883083392510c94d5602e8c67349f76f5f30e8cd9b3a860af7e,TASK3_OPERATIONAL_POOLED_INTERSTAGE_BAS_V1,INTERSTAGE_BUFFER_S36_I16_B0100,LOCAL_WINDOW_HPP_BASE,11,36,16,100,202607290000,202609290111,202609290112,202609290113,202609290114,e26ea32112b34145f4597dc880d3a97e418100915aec81290d81c7e107c90440,1d36a9c09cc983035ab8a6ed0c0939349939c02a2569368dc3123a78674adc7a,409,409,0,True,COMPLETE,55,74.709742952,0,0,8923.63636356,364.504234633,0,0,27.138596884,0,0,24.474627862,39.891561134,64.504234633
1.0,TASK3_INTERSTAGE_BUFFER_SPILLBACK_SENSITIVITY_V1,OP_INTERSTAGE_BUFFER_S36_I16_B0100,aaac4a8f5a941883083392510c94d5602e8c67349f76f5f30e8cd9b3a860af7e,TASK3_OPERATIONAL_POOLED_INTERSTAGE_BAS_V1,INTERSTAGE_BUFFER_S36_I16_B0100,LOCAL_WINDOW_HPP_BASE,12,36,16,100,202607290000,202609290121,202609290122,202609290123,202609290124,5e7768403d04cd908a3f12851404b41158d2d801bc5bd7a60cb446d326e51a1e,ebe5f0a0d917ddb88b75ab5620f25a6099e7f09157e20bec491c4f8cc8c6c440,423,423,0,True,COMPLETE,54,74.348330354,0,0,9229.09090901,376.614807502,0,0,21.923738299,0,0,19.949162289,39.530148536,76.614807502
1.0,TASK3_INTERSTAGE_BUFFER_SPILLBACK_SENSITIVITY_V1,OP_INTERSTAGE_BUFFER_S36_I16_B0100,aaac4a8f5a941883083392510c94d5602e8c67349f76f5f30e8cd9b3a860af7e,TASK3_OPERATIONAL_POOLED_INTERSTAGE_BAS_V1,INTERSTAGE_BUFFER_S36_I16_B0100,LOCAL_WINDOW_HPP_BASE,13,36,16,100,202607290000,202609290131,202609290132,202609290133,202609290134,69e477aaf4e576a701c05b406551638599850e496647ab10d50e22a09df77e45,9f9a73050186814d1f348b2c91e2ddc28aa28b8f7b8dc45b9a3bb6438837e638,455,455,0,True,COMPLETE,90,102.182500379,0,0,9927.27272719,402.649239192,0,0,39.621311215,0,0,39.976035364,67.364318561,102.649239192
1.0,TASK3_INTERSTAGE_BUFFER_SPILLBACK_SENSITIVITY_V1,OP_INTERSTAGE_BUFFER_S36_I16_B0100,aaac4a8f5a941883083392510c94d5602e8c67349f76f5f30e8cd9b3a860af7e,TASK3_OPERATIONAL_POOLED_INTERSTAGE_BAS_V1,INTERSTAGE_BUFFER_S36_I16_B0100,LOCAL_WINDOW_HPP_BASE,14,36,16,100,202607290000,202609290141,202609290142,202609290143,202609290144,3eb39892a20a0217390af48a30eb92cec434086b31c5fbf488d43be5446e9859,59ea3ace3c47fa8363a23df862c62942e8bb5aab94854e3c34af46b3c79bfad9,374,374,0,True,COMPLETE,29,55.806607529,0,0,8159.99999993,344.224017411,0,0,10.607063144,0,0,9.868272569,20.988425711,44.224017411
1.0,TASK3_INTERSTAGE_BUFFER_SPILLBACK_SENSITIVITY_V1,OP_INTERSTAGE_BUFFER_S36_I16_B0100,aaac4a8f5a941883083392510c94d5602e8c67349f76f5f30e8cd9b3a860af7e,TASK3_OPERATIONAL_POOLED_INTERSTAGE_BAS_V1,INTERSTAGE_BUFFER_S36_I16_B0100,LOCAL_WINDOW_HPP_BASE,15,36,16,100,202607290000,202609290151,202609290152,202609290153,202609290154,d82c12f4cfea7164cb5733106a1ae810c4423998e23cd815b08d87f04e59a279,687711f1525a5efacfcf7ead4ef03fc699831c80181bbe50ec79db310e5d3678,386,386,0,True,COMPLETE,34,60.706614106,0,0,8421.81818175,355.169131789,0,0,10.625078934,0,0,9.943438977,25.888432288,55.169131789
1.0,TASK3_INTERSTAGE_BUFFER_SPILLBACK_SENSITIVITY_V1,OP_INTERSTAGE_BUFFER_S36_I16_B0100,aaac4a8f5a941883083392510c94d5602e8c67349f76f5f30e8cd9b3a860af7e,TASK3_OPERATIONAL_POOLED_INTERSTAGE_BAS_V1,INTERSTAGE_BUFFER_S36_I16_B0100,LOCAL_WINDOW_HPP_BASE,16,36,16,100,202607290000,202609290161,202609290162,202609290163,202609290164,0ae1ee517aa6d11e558f4c00fe5498a73acf57ac7aa460688e506807cd2377c5,e4ebd71491c8cf45d754baef29be3af3b4fa1864bebc71fccb360a6be092b12c,401,401,0,True,COMPLETE,38,60.850278381,0,0,8749.09090902,365.963696822,0,0,8.721137075,0,0,8.045110744,26.032096563,65.963696822
1.0,TASK3_INTERSTAGE_BUFFER_SPILLBACK_SENSITIVITY_V1,OP_INTERSTAGE_BUFFER_S36_I16_B0100,aaac4a8f5a941883083392510c94d5602e8c67349f76f5f30e8cd9b3a860af7e,TASK3_OPERATIONAL_POOLED_INTERSTAGE_BAS_V1,INTERSTAGE_BUFFER_S36_I16_B0100,LOCAL_WINDOW_HPP_BASE,17,36,16,100,202607290000,202609290171,202609290172,202609290173,202609290174,266dcbc6ee1a46ff9a3287bdadc591ad304f0578cdc09e7eaa613da4fa246a45,43a69dff28058d699f1cc3d6767eca617fab38498d0e5d3783f408f1bf3c5871,429,429,0,True,COMPLETE,66,84.104300705,0,0,9359.99999992,383.562123322,0,0,26.269140245,0,0,24.117028002,49.286118887,83.562123322
1.0,TASK3_INTERSTAGE_BUFFER_SPILLBACK_SENSITIVITY_V1,OP_INTERSTAGE_BUFFER_S36_I16_B0100,aaac4a8f5a941883083392510c94d5602e8c67349f76f5f30e8cd9b3a860af7e,TASK3_OPERATIONAL_POOLED_INTERSTAGE_BAS_V1,INTERSTAGE_BUFFER_S36_I16_B0100,LOCAL_WINDOW_HPP_BASE,18,36,16,100,202607290000,202609290181,202609290182,202609290183,202609290184,9ccc0530a0134e0b888b20445eb14e148598546e5aceabfc5061c8ef4ad820af,3e6fc7be1f7f240c9eb259498acc3cc67da057288c9e9590cf598198c3892783,419,419,0,True,COMPLETE,57,75.32045302,0,0,9141.81818174,377.278114479,0,0,24.48903895,0,0,22.386864423,40.502271202,77.278114479
1.0,TASK3_INTERSTAGE_BUFFER_SPILLBACK_SENSITIVITY_V1,OP_INTERSTAGE_BUFFER_S36_I16_B0100,aaac4a8f5a941883083392510c94d5602e8c67349f76f5f30e8cd9b3a860af7e,TASK3_OPERATIONAL_POOLED_INTERSTAGE_BAS_V1,INTERSTAGE_BUFFER_S36_I16_B0100,LOCAL_WINDOW_HPP_BASE,19,36,16,100,202607290000,202609290191,202609290192,202609290193,202609290194,4000364c613df0f2b76ec1e06efee1dd2f6437fbbda80bf583e14b9a41851e74,e6dedd9506267ae89039305ab6684792c84995bb55c49a85efbeeadd5377ada8,445,445,0,True,COMPLETE,74,89.84559429,0,0,9709.09090901,393.750077207,0,0,27.191935936,0,0,24.214657095,55.027412472,93.750077207
1.0,TASK3_INTERSTAGE_BUFFER_SPILLBACK_SENSITIVITY_V1,OP_INTERSTAGE_BUFFER_S36_I16_B0100,aaac4a8f5a941883083392510c94d5602e8c67349f76f5f30e8cd9b3a860af7e,TASK3_OPERATIONAL_POOLED_INTERSTAGE_BAS_V1,INTERSTAGE_BUFFER_S36_I16_B0100,LOCAL_WINDOW_HPP_BASE,20,36,16,100,202607290000,202609290201,202609290202,202609290203,202609290204,22af0208faf3e7bb7b1fd2139f02c55620aac4f2ea1e4c03d676e0e2fbf2c0d7,1856b36f431f282890b95cb94b30c48be53fcbd77d6662003459eef5c23c7b05,418,418,0,True,COMPLETE,51,72.860718628,0,0,9119.99999992,374.34713521,0,0,22.147356936,0,0,20.066267159,38.04253681,74.34713521
1.0,TASK3_INTERSTAGE_BUFFER_SPILLBACK_SENSITIVITY_V1,OP_INTERSTAGE_BUFFER_S36_I16_B0100,aaac4a8f5a941883083392510c94d5602e8c67349f76f5f30e8cd9b3a860af7e,TASK3_OPERATIONAL_POOLED_INTERSTAGE_BAS_V1,INTERSTAGE_BUFFER_S36_I16_B0100,LOCAL_WINDOW_HPP_BASE,21,36,16,100,202607290000,202609290211,202609290212,202609290213,202609290214,2a7611076323f09eed801a9545289fd21d2971296a52a95e582b9262ed9c7b81,095284845764688a0efa88b35455565d35045eefcfd95e2d02c13d9d1f904ad6,417,417,0,True,COMPLETE,50,71.347995047,0,0,9098.18181811,375.941757371,0,0,15.453484066,0,0,14.699028872,36.529813229,75.941757371
1.0,TASK3_INTERSTAGE_BUFFER_SPILLBACK_SENSITIVITY_V1,OP_INTERSTAGE_BUFFER_S36_I16_B0100,aaac4a8f5a941883083392510c94d5602e8c67349f76f5f30e8cd9b3a860af7e,TASK3_OPERATIONAL_POOLED_INTERSTAGE_BAS_V1,INTERSTAGE_BUFFER_S36_I16_B0100,LOCAL_WINDOW_HPP_BASE,22,36,16,100,202607290000,202609290221,202609290222,202609290223,202609290224,99914cad9248df9995c6da58ff02cb023397c509e2faa36fd87c0381ebea62f5,0b024fbedfb69b1b514f7266423bde56fffe9998c7b1a66d99994cfb27756505,410,410,0,True,COMPLETE,48,70.313052412,0,0,8945.45454538,369.907443881,0,0,19.244635574,0,0,17.503617149,35.494870594,69.907443881
1.0,TASK3_INTERSTAGE_BUFFER_SPILLBACK_SENSITIVITY_V1,OP_INTERSTAGE_BUFFER_S36_I16_B0100,aaac4a8f5a941883083392510c94d5602e8c67349f76f5f30e8cd9b3a860af7e,TASK3_OPERATIONAL_POOLED_INTERSTAGE_BAS_V1,INTERSTAGE_BUFFER_S36_I16_B0100,LOCAL_WINDOW_HPP_BASE,23,36,16,100,202607290000,202609290231,202609290232,202609290233,202609290234,9b82bad9092b604f3c77ccc8d27db8fa85c889760667ed7597a0de4b62c2a1d0,7247f5ca194aee3cae9acc2c1a779f14f69a3458b4c8e9bfe3266ad060b0b8c3,439,439,0,True,COMPLETE,74,91.602414838,0,0,9578.1818181,390.331844884,0,0,35.695290248,0,0,32.244476737,56.78423302,90.331844884
1.0,TASK3_INTERSTAGE_BUFFER_SPILLBACK_SENSITIVITY_V1,OP_INTERSTAGE_BUFFER_S36_I16_B0100,aaac4a8f5a941883083392510c94d5602e8c67349f76f5f30e8cd9b3a860af7e,TASK3_OPERATIONAL_POOLED_INTERSTAGE_BAS_V1,INTERSTAGE_BUFFER_S36_I16_B0100,LOCAL_WINDOW_HPP_BASE,24,36,16,100,202607290000,202609290241,202609290242,202609290243,202609290244,66f5f2028f433422e88c253b8a0edb196a2d079c1e1557a0df63670d8716ce12,70612db61c127f9a843903e2c4504f7d190705a36fc3e0037801f7b1b45251eb,412,412,0,True,COMPLETE,42,61.155126921,0,0,8989.09090902,366.924765426,0,0,14.700878326,0,0,13.178637254,26.336945103,66.924765426
1.0,TASK3_INTERSTAGE_BUFFER_SPILLBACK_SENSITIVITY_V1,OP_INTERSTAGE_BUFFER_S36_I16_B0100,aaac4a8f5a941883083392510c94d5602e8c67349f76f5f30e8cd9b3a860af7e,TASK3_OPERATIONAL_POOLED_INTERSTAGE_BAS_V1,INTERSTAGE_BUFFER_S36_I16_B0100,LOCAL_WINDOW_HPP_BASE,25,36,16,100,202607290000,202609290251,202609290252,202609290253,202609290254,024a59b70dba379a9ff49f76d780488d576d3e793221feb47812b1c97a5c8de5,a056a413a81607a066f9ad8741024d5bc45c1146e01ebfe320b8f1310f66e767,424,424,0,True,COMPLETE,53,74.381319959,0,0,9250.90909083,379.861223279,0,0,24.480548055,0,0,22.178762629,39.563138141,79.861223279
1.0,TASK3_INTERSTAGE_BUFFER_SPILLBACK_SENSITIVITY_V1,OP_INTERSTAGE_BUFFER_S36_I16_B0100,aaac4a8f5a941883083392510c94d5602e8c67349f76f5f30e8cd9b3a860af7e,TASK3_OPERATIONAL_POOLED_INTERSTAGE_BAS_V1,INTERSTAGE_BUFFER_S36_I16_B0100,LOCAL_WINDOW_HPP_BASE,26,36,16,100,202607290000,202609290261,202609290262,202609290263,202609290264,d4868d98ad8429fda4f8019f736954e52ea7e14f7c0a7995934c0a195358df7c,1587a5d260249e04737838453c28c26ad86d2688ba062d42dedc54f7efb57ee3,419,419,0,True,COMPLETE,53,75.663728573,0,0,9141.81818174,374.856740809,0,0,21.880245131,0,0,19.987247918,40.845546755,74.856740809
1.0,TASK3_INTERSTAGE_BUFFER_SPILLBACK_SENSITIVITY_V1,OP_INTERSTAGE_BUFFER_S36_I16_B0100,aaac4a8f5a941883083392510c94d5602e8c67349f76f5f30e8cd9b3a860af7e,TASK3_OPERATIONAL_POOLED_INTERSTAGE_BAS_V1,INTERSTAGE_BUFFER_S36_I16_B0100,LOCAL_WINDOW_HPP_BASE,27,36,16,100,202607290000,202609290271,202609290272,202609290273,202609290274,5a446675b5eabb5e9801c5cb48a56e2edc440bdd55794e800b4004c3a831785e,44cad925fae90f44409558f77cb3615b482558a5bf61951fd142e18c1a5ba1eb,410,410,0,True,COMPLETE,42,63.00692723,0,0,8945.45454538,367.75506227,0,0,17.138764641,0,0,15.511357746,28.188745412,67.75506227
1.0,TASK3_INTERSTAGE_BUFFER_SPILLBACK_SENSITIVITY_V1,OP_INTERSTAGE_BUFFER_S36_I16_B0100,aaac4a8f5a941883083392510c94d5602e8c67349f76f5f30e8cd9b3a860af7e,TASK3_OPERATIONAL_POOLED_INTERSTAGE_BAS_V1,INTERSTAGE_BUFFER_S36_I16_B0100,LOCAL_WINDOW_HPP_BASE,28,36,16,100,202607290000,202609290281,202609290282,202609290283,202609290284,0f3e1190ac4f1693916db3ba9929255341722bae891e07cdf71baa4c601d838c,b28f418f8c5207617a35ffc88f3f36e8bd8dca29e68bcf40ff7747854f4235b2,392,392,0,True,COMPLETE,33,56.925369,0,0,8552.72727266,358.372284288,0,0,8.279666271,0,0,7.705971984,22.107187182,58.372284288
1.0,TASK3_INTERSTAGE_BUFFER_SPILLBACK_SENSITIVITY_V1,OP_INTERSTAGE_BUFFER_S36_I16_B0100,aaac4a8f5a941883083392510c94d5602e8c67349f76f5f30e8cd9b3a860af7e,TASK3_OPERATIONAL_POOLED_INTERSTAGE_BAS_V1,INTERSTAGE_BUFFER_S36_I16_B0100,LOCAL_WINDOW_HPP_BASE,29,36,16,100,202607290000,202609290291,202609290292,202609290293,202609290294,4f539bb4dc4ef85cd6680029b58c0bcee550f12c95a0df5922e50b2aab3e2e2b,6fab9c27a1121a53ad0a264880783d79009d5dbe2067775eb652f7f36f99a5dc,424,424,0,True,COMPLETE,61,79.544751479,0,0,9250.90909083,378.811830095,0,0,23.926411227,0,0,21.590169981,44.726569661,78.811830095
1.0,TASK3_INTERSTAGE_BUFFER_SPILLBACK_SENSITIVITY_V1,OP_INTERSTAGE_BUFFER_S36_I16_B0100,aaac4a8f5a941883083392510c94d5602e8c67349f76f5f30e8cd9b3a860af7e,TASK3_OPERATIONAL_POOLED_INTERSTAGE_BAS_V1,INTERSTAGE_BUFFER_S36_I16_B0100,LOCAL_WINDOW_HPP_BASE,30,36,16,100,202607290000,202609290301,202609290302,202609290303,202609290304,7a068d5d9301e48725db05a531ec1b934cee9bb136cf57d44743de327af49e95,938a4ad281005e58733898293621ffe834d61a66a6cea6aaea385ce24f7885ea,408,408,0,True,COMPLETE,39,62.206477423,0,0,8901.81818174,366.357582163,0,0,11.525186129,0,0,10.590257715,27.388295605,66.357582163
1.0,TASK3_INTERSTAGE_BUFFER_SPILLBACK_SENSITIVITY_V1,OP_INTERSTAGE_BUFFER_S36_I16_B0100,aaac4a8f5a941883083392510c94d5602e8c67349f76f5f30e8cd9b3a860af7e,TASK3_OPERATIONAL_POOLED_INTERSTAGE_BAS_V1,INTERSTAGE_BUFFER_S36_I16_B0100,LOCAL_WINDOW_HPP_BASE,31,36,16,100,202607290000,202609290311,202609290312,202609290313,202609290314,fe79fd3f1857eadd12059b816ae5dc78c5400c580deb55ff1ade6616157c5322,15f21c38e67a49d65d9d75e88a87755d25d0c7ec1d93087d132ce42fa5262975,425,425,0,True,COMPLETE,58,81.276724796,0,0,9272.72727265,379.227952305,0,0,22.249867059,0,0,20.560335633,46.458542978,79.227952305
1.0,TASK3_INTERSTAGE_BUFFER_SPILLBACK_SENSITIVITY_V1,OP_INTERSTAGE_BUFFER_S36_I16_B0100,aaac4a8f5a941883083392510c94d5602e8c67349f76f5f30e8cd9b3a860af7e,TASK3_OPERATIONAL_POOLED_INTERSTAGE_BAS_V1,INTERSTAGE_BUFFER_S36_I16_B0100,LOCAL_WINDOW_HPP_BASE,32,36,16,100,202607290000,202609290321,202609290322,202609290323,202609290324,a107a39217451ab24221e19dee1c92d58883e07cc0f49dfe3e038c20225d5cc4,996171e217ee62a8ece8f54d916158063dd5bb069f8cd59f8a7e4336ab8b83a3,395,395,0,True,COMPLETE,30,55.304112028,0,0,8618.18181811,358.315316804,0,0,8.258354008,0,0,7.583963852,20.48593021,58.315316804
1.0,TASK3_INTERSTAGE_BUFFER_SPILLBACK_SENSITIVITY_V1,OP_INTERSTAGE_BUFFER_S36_I16_B0100,aaac4a8f5a941883083392510c94d5602e8c67349f76f5f30e8cd9b3a860af7e,TASK3_OPERATIONAL_POOLED_INTERSTAGE_BAS_V1,INTERSTAGE_BUFFER_S36_I16_B0100,LOCAL_WINDOW_HPP_BASE,33,36,16,100,202607290000,202609290331,202609290332,202609290333,202609290334,13f6ae62d1d578037e3c74454e4ba06f754623501488a41e226a82d60d228b73,1c4648fd30bf52bc7887641728e899b03eb578f6667eb8958fabae133f027f59,428,428,0,True,COMPLETE,60,80.712203766,0,0,9338.1818181,379.166340262,0,0,28.462474542,0,0,25.467550907,45.894021948,79.166340262
1.0,TASK3_INTERSTAGE_BUFFER_SPILLBACK_SENSITIVITY_V1,OP_INTERSTAGE_BUFFER_S36_I16_B0100,aaac4a8f5a941883083392510c94d5602e8c67349f76f5f30e8cd9b3a860af7e,TASK3_OPERATIONAL_POOLED_INTERSTAGE_BAS_V1,INTERSTAGE_BUFFER_S36_I16_B0100,LOCAL_WINDOW_HPP_BASE,34,36,16,100,202607290000,202609290341,202609290342,202609290343,202609290344,e652f3fee095b11115f8e98b70447f6b3452056f93691b94c53bd0448f96f318,b3dc32bcd8b1ade953402583c7dc772ab2969a3eb16b47ecff83241499a7c086,426,426,0,True,COMPLETE,56,76.664069551,0,0,9294.54545447,379.822718778,0,0,20.053191556,0,0,18.173113742,41.845887733,79.822718778
1.0,TASK3_INTERSTAGE_BUFFER_SPILLBACK_SENSITIVITY_V1,OP_INTERSTAGE_BUFFER_S36_I16_B0100,aaac4a8f5a941883083392510c94d5602e8c67349f76f5f30e8cd9b3a860af7e,TASK3_OPERATIONAL_POOLED_INTERSTAGE_BAS_V1,INTERSTAGE_BUFFER_S36_I16_B0100,LOCAL_WINDOW_HPP_BASE,35,36,16,100,202607290000,202609290351,202609290352,202609290353,202609290354,814344a6d5dc851daea1f0ccbdcf11d8d7ad5b6270b2c7b88b78878473c58e66,964876fc18f95a1e8c1e7946b1b9443d6d448245b7a9298d8a6f56a6c161b9a7,451,451,0,True,COMPLETE,69,90.159444722,0,0,9839.99999992,400.373094517,0,0,29.003943335,0,0,26.462532416,55.341262904,100.373094517
1.0,TASK3_INTERSTAGE_BUFFER_SPILLBACK_SENSITIVITY_V1,OP_INTERSTAGE_BUFFER_S36_I16_B0100,aaac4a8f5a941883083392510c94d5602e8c67349f76f5f30e8cd9b3a860af7e,TASK3_OPERATIONAL_POOLED_INTERSTAGE_BAS_V1,INTERSTAGE_BUFFER_S36_I16_B0100,LOCAL_WINDOW_HPP_BASE,36,36,16,100,202607290000,202609290361,202609290362,202609290363,202609290364,ac7b15bb6dd2587714d12b8ab6df1c128d5cd9c9bf065fbba1dd39ebfe22f766,4419c9659301a37a4032178328f880eb4dfec2937fa988c617708a1b5c99d710,414,414,0,True,COMPLETE,46,68.525672118,0,0,9032.72727265,368.087171068,0,0,19.642862225,0,0,17.484416582,33.7074903,68.087171068
1.0,TASK3_INTERSTAGE_BUFFER_SPILLBACK_SENSITIVITY_V1,OP_INTERSTAGE_BUFFER_S36_I16_B0100,aaac4a8f5a941883083392510c94d5602e8c67349f76f5f30e8cd9b3a860af7e,TASK3_OPERATIONAL_POOLED_INTERSTAGE_BAS_V1,INTERSTAGE_BUFFER_S36_I16_B0100,LOCAL_WINDOW_HPP_BASE,37,36,16,100,202607290000,202609290371,202609290372,202609290373,202609290374,0c48c3005a1f806ca43594a7fe8b65a823b4d0e14de3286a1c43ec10fae6e8d8,f52e2b76ab593aa38372ffb753b1c06a168f65d585c73b4e15a33a1575788927,408,408,0,True,COMPLETE,45,66.479150621,0,0,8901.81818174,368.519001359,0,0,19.100443202,0,0,17.476564908,31.660968803,68.519001359
1.0,TASK3_INTERSTAGE_BUFFER_SPILLBACK_SENSITIVITY_V1,OP_INTERSTAGE_BUFFER_S36_I16_B0100,aaac4a8f5a941883083392510c94d5602e8c67349f76f5f30e8cd9b3a860af7e,TASK3_OPERATIONAL_POOLED_INTERSTAGE_BAS_V1,INTERSTAGE_BUFFER_S36_I16_B0100,LOCAL_WINDOW_HPP_BASE,38,36,16,100,202607290000,202609290381,202609290382,202609290383,202609290384,cdd5c5d0215e72c607d45885cbf50b6649adbbe5880fc8e6dab73573cfc87acd,77fe832fc55488c7f24f90f052e241feb782ce71aacaf6a5d1730dcd9fe5fa0b,406,406,0,True,COMPLETE,45,69.091591828,0,0,8858.18181811,365.497817764,0,0,18.203127841,0,0,16.425622145,34.27341001,65.497817764
1.0,TASK3_INTERSTAGE_BUFFER_SPILLBACK_SENSITIVITY_V1,OP_INTERSTAGE_BUFFER_S36_I16_B0100,aaac4a8f5a941883083392510c94d5602e8c67349f76f5f30e8cd9b3a860af7e,TASK3_OPERATIONAL_POOLED_INTERSTAGE_BAS_V1,INTERSTAGE_BUFFER_S36_I16_B0100,LOCAL_WINDOW_HPP_BASE,39,36,16,100,202607290000,202609290391,202609290392,202609290393,202609290394,326272c4de29b05923793b77cd6b8a2425bf38488b2e989c4814c75879e36076,b802637f8e357a27d8a5131c642895da5e390120feb29da84906347821d3942d,388,388,0,True,COMPLETE,26,53.162276137,0,0,8465.45454538,355.999717678,0,0,8.794500672,0,0,8.373378472,18.344094319,55.999717678
1.0,TASK3_INTERSTAGE_BUFFER_SPILLBACK_SENSITIVITY_V1,OP_INTERSTAGE_BUFFER_S36_I16_B0100,aaac4a8f5a941883083392510c94d5602e8c67349f76f5f30e8cd9b3a860af7e,TASK3_OPERATIONAL_POOLED_INTERSTAGE_BAS_V1,INTERSTAGE_BUFFER_S36_I16_B0100,LOCAL_WINDOW_HPP_BASE,40,36,16,100,202607290000,202609290401,202609290402,202609290403,202609290404,1b06562ca40c4532db2de354423a06cb3250b5439a73d141823cb4276579ed4a,f7b8c0f1fd0a99304a99b81457c36023ededdafe657cbd69732b0c409a282f0b,399,399,0,True,COMPLETE,30,55.28214003,0,0,8705.45454538,357.271656901,0,0,8.481978832,0,0,7.780436373,20.463958212,57.271656901
1.0,TASK3_INTERSTAGE_BUFFER_SPILLBACK_SENSITIVITY_V1,OP_INTERSTAGE_BUFFER_S36_I16_B0100,aaac4a8f5a941883083392510c94d5602e8c67349f76f5f30e8cd9b3a860af7e,TASK3_OPERATIONAL_POOLED_INTERSTAGE_BAS_V1,INTERSTAGE_BUFFER_S36_I16_B0100,LOCAL_WINDOW_HPP_BASE,41,36,16,100,202607290000,202609290411,202609290412,202609290413,202609290414,e742f6eed2fa26b2a3bd7c08351cf82a65f52e76ad11dc62eba34870c8eb3843,842b4794172369a8dd7b1879e1856acbb1538116a68b8b92054e6902b0b39345,416,416,0,True,COMPLETE,48,70.635644766,0,0,9076.36363629,368.299234249,0,0,26.734040656,0,0,23.925154197,35.817462948,68.299234249
1.0,TASK3_INTERSTAGE_BUFFER_SPILLBACK_SENSITIVITY_V1,OP_INTERSTAGE_BUFFER_S36_I16_B0100,aaac4a8f5a941883083392510c94d5602e8c67349f76f5f30e8cd9b3a860af7e,TASK3_OPERATIONAL_POOLED_INTERSTAGE_BAS_V1,INTERSTAGE_BUFFER_S36_I16_B0100,LOCAL_WINDOW_HPP_BASE,42,36,16,100,202607290000,202609290421,202609290422,202609290423,202609290424,0dd4390aaf5a2d161251f438448add855b708bf988bd35e5063e0d76f2e8a5bb,777eb9bf9c1e3746d7339b330a21fd6341890a3105a6f59fa9675fd14be2197b,403,403,0,True,COMPLETE,35,62.997563842,0,0,8792.72727265,361.736360174,0,0,10.196128152,0,0,9.856301558,28.179382024,61.736360174
1.0,TASK3_INTERSTAGE_BUFFER_SPILLBACK_SENSITIVITY_V1,OP_INTERSTAGE_BUFFER_S36_I16_B0100,aaac4a8f5a941883083392510c94d5602e8c67349f76f5f30e8cd9b3a860af7e,TASK3_OPERATIONAL_POOLED_INTERSTAGE_BAS_V1,INTERSTAGE_BUFFER_S36_I16_B0100,LOCAL_WINDOW_HPP_BASE,43,36,16,100,202607290000,202609290431,202609290432,202609290433,202609290434,836a9355e21deec4d31c39cdcfa596bb83a8d0a992092b65b344e00acd4f6a5f,8e5a615808baafb3f2b2503d7e75dce601d66dea1166f4f5399b92e6b176fdef,407,407,0,True,COMPLETE,40,64.842046125,0,0,8879.99999993,363.938435101,0,0,20.172057907,0,0,18.481488323,30.023864307,63.938435101
1.0,TASK3_INTERSTAGE_BUFFER_SPILLBACK_SENSITIVITY_V1,OP_INTERSTAGE_BUFFER_S36_I16_B0100,aaac4a8f5a941883083392510c94d5602e8c67349f76f5f30e8cd9b3a860af7e,TASK3_OPERATIONAL_POOLED_INTERSTAGE_BAS_V1,INTERSTAGE_BUFFER_S36_I16_B0100,LOCAL_WINDOW_HPP_BASE,44,36,16,100,202607290000,202609290441,202609290442,202609290443,202609290444,dd5c411b266347b8dcc7aad7d80aaaa77e6281dbcb327ded0a77c0d6784a78cf,b38169f146f03a2a7e3a0d08d5ca6332aaa7716b205d1808f0712abc279139f8,366,366,0,True,COMPLETE,13,41.624983176,0,0,7985.45454539,334.686240213,0,0,3.090578714,0,0,2.826158934,6.806801358,34.686240213
1.0,TASK3_INTERSTAGE_BUFFER_SPILLBACK_SENSITIVITY_V1,OP_INTERSTAGE_BUFFER_S36_I16_B0100,aaac4a8f5a941883083392510c94d5602e8c67349f76f5f30e8cd9b3a860af7e,TASK3_OPERATIONAL_POOLED_INTERSTAGE_BAS_V1,INTERSTAGE_BUFFER_S36_I16_B0100,LOCAL_WINDOW_HPP_BASE,45,36,16,100,202607290000,202609290451,202609290452,202609290453,202609290454,94ce38590b9bd90fd7a639ff8c2697ff21de2ed0eb52e208d66a3cf6b4b51743,f6c987f6590e68a88698994ad4abd7a3ba37841cb5f552707069f585063d327d,399,399,0,True,COMPLETE,32,58.093771104,0,0,8705.45454538,358.728849246,0,0,12.888093777,0,0,11.692554456,23.275589286,58.728849246
1.0,TASK3_INTERSTAGE_BUFFER_SPILLBACK_SENSITIVITY_V1,OP_INTERSTAGE_BUFFER_S36_I16_B0100,aaac4a8f5a941883083392510c94d5602e8c67349f76f5f30e8cd9b3a860af7e,TASK3_OPERATIONAL_POOLED_INTERSTAGE_BAS_V1,INTERSTAGE_BUFFER_S36_I16_B0100,LOCAL_WINDOW_HPP_BASE,46,36,16,100,202607290000,202609290461,202609290462,202609290463,202609290464,93ecff5700ef989a7dfce5e835a36a3b3ae7ea0e38357ad29e60e1474047a020,235cf729de9afe71fde1c7bc5afa8ed71e85324e6fbf2ecfa823ca44c5c4182a,452,452,0,True,COMPLETE,85,101.667118386,0,0,9861.81818174,401.759822455,0,0,33.007629226,0,0,30.301606325,66.848936568,101.759822455
1.0,TASK3_INTERSTAGE_BUFFER_SPILLBACK_SENSITIVITY_V1,OP_INTERSTAGE_BUFFER_S36_I16_B0100,aaac4a8f5a941883083392510c94d5602e8c67349f76f5f30e8cd9b3a860af7e,TASK3_OPERATIONAL_POOLED_INTERSTAGE_BAS_V1,INTERSTAGE_BUFFER_S36_I16_B0100,LOCAL_WINDOW_HPP_BASE,47,36,16,100,202607290000,202609290471,202609290472,202609290473,202609290474,7a51db150eed88f4466df9a7a2fe510ed93a6a3de9eb7d91bc6ccc4f9c8c60c8,3ea113b9c82c82da44dd28c1b11214b6ba0f814e3f8c73cb9edfcaa23cfb9179,385,385,0,True,COMPLETE,31,56.171454517,0,0,8399.99999993,351.730835605,0,0,14.723331014,0,0,13.458002999,21.353272699,51.730835605
1.0,TASK3_INTERSTAGE_BUFFER_SPILLBACK_SENSITIVITY_V1,OP_INTERSTAGE_BUFFER_S36_I16_B0100,aaac4a8f5a941883083392510c94d5602e8c67349f76f5f30e8cd9b3a860af7e,TASK3_OPERATIONAL_POOLED_INTERSTAGE_BAS_V1,INTERSTAGE_BUFFER_S36_I16_B0100,LOCAL_WINDOW_HPP_BASE,48,36,16,100,202607290000,202609290481,202609290482,202609290483,202609290484,b11ed7d780023cfb2d4fe23c95404a3c91bdaa4afd7510b9d2fa014dbb609b4d,4d8ade59bfea4c1dd4c55f50f23f02fc868b56fdeb8761c5ee8757b0f31ac4c2,416,416,0,True,COMPLETE,48,70.560822491,0,0,9076.36363629,370.440834038,0,0,20.204256233,0,0,18.79813403,35.742640673,70.440834038
1.0,TASK3_INTERSTAGE_BUFFER_SPILLBACK_SENSITIVITY_V1,OP_INTERSTAGE_BUFFER_S36_I16_B0100,aaac4a8f5a941883083392510c94d5602e8c67349f76f5f30e8cd9b3a860af7e,TASK3_OPERATIONAL_POOLED_INTERSTAGE_BAS_V1,INTERSTAGE_BUFFER_S36_I16_B0100,LOCAL_WINDOW_HPP_BASE,49,36,16,100,202607290000,202609290491,202609290492,202609290493,202609290494,20d9bedd6f1074dbfa0de68f3e211fcc97256209fde2f676fc9bbed862f514ce,1787089c605510f4d63c2b628c718419e33d981dbf3048d848e247dc313bf590,423,423,0,True,COMPLETE,62,79.517221178,0,0,9229.09090901,381.106788828,0,0,27.33979992,0,0,25.11780266,44.69903936,81.106788828
1.0,TASK3_INTERSTAGE_BUFFER_SPILLBACK_SENSITIVITY_V1,OP_INTERSTAGE_BUFFER_S36_I16_B0100,aaac4a8f5a941883083392510c94d5602e8c67349f76f5f30e8cd9b3a860af7e,TASK3_OPERATIONAL_POOLED_INTERSTAGE_BAS_V1,INTERSTAGE_BUFFER_S36_I16_B0100,LOCAL_WINDOW_HPP_BASE,50,36,16,100,202607290000,202609290501,202609290502,202609290503,202609290504,8cd9aa68d6bccc1314125620d24c7feda08ca1a772edd0d6000b532a7dcbab10,cc9d72f3b2fb9f55da356b35d0295362c2ef331ee1c746a7199d6f6274a25f55,414,414,0,True,COMPLETE,49,72.074535399,0,0,9032.72727265,375.128862969,0,0,17.841136549,0,0,16.470835208,37.256353581,75.128862969
1.0,TASK3_INTERSTAGE_BUFFER_SPILLBACK_SENSITIVITY_V1,OP_INTERSTAGE_BUFFER_S36_I16_B5000,b3ca110e640d470baa57b5e325c75de6f953c9f89944c6ec89152b30c2f98cad,TASK3_OPERATIONAL_POOLED_INTERSTAGE_BAS_V1,INTERSTAGE_BUFFER_S36_I16_B5000,LOCAL_WINDOW_HPP_BASE,1,36,16,5000,202607290000,202609290011,202609290012,202609290013,202609290014,31e6bdc1d2ef8a1c405ad97234fa6e4061fddb9374fcc548c8bbcb4d26f00365,9b3d00878d6f9f8f5ab655a8b2b981cb1f00473ed7a10c81815bc5c507e812e1,396,396,0,True,COMPLETE,36,60.355820806,0,0,8639.99999993,352.37277881,0,0,14.784714534,0,0,13.213374467,25.537638988,52.37277881
1.0,TASK3_INTERSTAGE_BUFFER_SPILLBACK_SENSITIVITY_V1,OP_INTERSTAGE_BUFFER_S36_I16_B5000,b3ca110e640d470baa57b5e325c75de6f953c9f89944c6ec89152b30c2f98cad,TASK3_OPERATIONAL_POOLED_INTERSTAGE_BAS_V1,INTERSTAGE_BUFFER_S36_I16_B5000,LOCAL_WINDOW_HPP_BASE,2,36,16,5000,202607290000,202609290021,202609290022,202609290023,202609290024,4d35127c711b602608f0d85daefccba0b0f2b5b19bd8b23357536b1a39588f36,b0439b6f710fe30e53d83c73a860543aaf6dc97a605d482d3ce2423a1f0cdad3,442,442,0,True,COMPLETE,66,83.245748618,0,0,9643.63636356,390.092967854,0,0,27.988105054,0,0,25.067082019,48.4275668,90.092967854
1.0,TASK3_INTERSTAGE_BUFFER_SPILLBACK_SENSITIVITY_V1,OP_INTERSTAGE_BUFFER_S36_I16_B5000,b3ca110e640d470baa57b5e325c75de6f953c9f89944c6ec89152b30c2f98cad,TASK3_OPERATIONAL_POOLED_INTERSTAGE_BAS_V1,INTERSTAGE_BUFFER_S36_I16_B5000,LOCAL_WINDOW_HPP_BASE,3,36,16,5000,202607290000,202609290031,202609290032,202609290033,202609290034,35e1df60a7cbbe5e78a544aba79225b60549c252fea949bd4f8da455c8ed7c24,6eacc65e69ab136cbbfbb30646aae44e59b545d077d4bc5dc08b6bd38b9de197,393,393,0,True,COMPLETE,26,54.235969022,0,0,8574.54545447,351.823039487,0,0,13.712927054,0,0,12.361040401,19.417787204,51.823039487
1.0,TASK3_INTERSTAGE_BUFFER_SPILLBACK_SENSITIVITY_V1,OP_INTERSTAGE_BUFFER_S36_I16_B5000,b3ca110e640d470baa57b5e325c75de6f953c9f89944c6ec89152b30c2f98cad,TASK3_OPERATIONAL_POOLED_INTERSTAGE_BAS_V1,INTERSTAGE_BUFFER_S36_I16_B5000,LOCAL_WINDOW_HPP_BASE,4,36,16,5000,202607290000,202609290041,202609290042,202609290043,202609290044,517956b50856de8caf2209257c61021a9a9e6f6e1648b595019dc89b04bf1035,8125e1432cbe068c15cb6c0c23a6a1fc45600b7191c06f7a20f03c0a7ae28121,410,410,0,True,COMPLETE,42,63.62850008,0,0,8945.45454538,369.177026161,0,0,12.757447848,0,0,11.518509931,28.810318262,69.177026161
1.0,TASK3_INTERSTAGE_BUFFER_SPILLBACK_SENSITIVITY_V1,OP_INTERSTAGE_BUFFER_S36_I16_B5000,b3ca110e640d470baa57b5e325c75de6f953c9f89944c6ec89152b30c2f98cad,TASK3_OPERATIONAL_POOLED_INTERSTAGE_BAS_V1,INTERSTAGE_BUFFER_S36_I16_B5000,LOCAL_WINDOW_HPP_BASE,5,36,16,5000,202607290000,202609290051,202609290052,202609290053,202609290054,1c0c1796fa49590094aa5fc09f16770360e450693694bb006b2f257e5121a904,e0514c5cc8fbbad148e1792006244834003ad9e2f3ea0b5e9d753f14c08882c1,388,388,0,True,COMPLETE,42,66.638030282,0,0,8465.45454538,354.537420305,0,0,19.803016161,0,0,18.193147792,31.819848464,54.537420305
1.0,TASK3_INTERSTAGE_BUFFER_SPILLBACK_SENSITIVITY_V1,OP_INTERSTAGE_BUFFER_S36_I16_B5000,b3ca110e640d470baa57b5e325c75de6f953c9f89944c6ec89152b30c2f98cad,TASK3_OPERATIONAL_POOLED_INTERSTAGE_BAS_V1,INTERSTAGE_BUFFER_S36_I16_B5000,LOCAL_WINDOW_HPP_BASE,6,36,16,5000,202607290000,202609290061,202609290062,202609290063,202609290064,b49018c734c046f708e0c9477d532bce1e554afccdfe09b446442a6fcd5e8096,471e198f5cfe89e5e42a56f75a50ff19af84e9529d932433d8d4ad4f7aca6b18,419,419,0,True,COMPLETE,56,76.389606086,0,0,9141.81818174,376.265485246,0,0,21.591948945,0,0,19.491566761,41.571424268,76.265485246
1.0,TASK3_INTERSTAGE_BUFFER_SPILLBACK_SENSITIVITY_V1,OP_INTERSTAGE_BUFFER_S36_I16_B5000,b3ca110e640d470baa57b5e325c75de6f953c9f89944c6ec89152b30c2f98cad,TASK3_OPERATIONAL_POOLED_INTERSTAGE_BAS_V1,INTERSTAGE_BUFFER_S36_I16_B5000,LOCAL_WINDOW_HPP_BASE,7,36,16,5000,202607290000,202609290071,202609290072,202609290073,202609290074,ff30a02a8705dd072c1ff3254287f5798cd899e7ccaa57325aa71d83c4227499,07ce43ec84d024684216205d58f35048efc2d59e83db33757b95df3d6a963059,408,408,0,True,COMPLETE,44,67.962814378,0,0,8901.81818174,370.256658778,0,0,17.741189088,0,0,16.26142193,33.14463256,70.256658778
1.0,TASK3_INTERSTAGE_BUFFER_SPILLBACK_SENSITIVITY_V1,OP_INTERSTAGE_BUFFER_S36_I16_B5000,b3ca110e640d470baa57b5e325c75de6f953c9f89944c6ec89152b30c2f98cad,TASK3_OPERATIONAL_POOLED_INTERSTAGE_BAS_V1,INTERSTAGE_BUFFER_S36_I16_B5000,LOCAL_WINDOW_HPP_BASE,8,36,16,5000,202607290000,202609290081,202609290082,202609290083,202609290084,54f93c71470006da3a09c89dff95a83b1ea870754262c91608af5dbcb90a4ed8,ac2c9a86b1e66fb983a79ac98f62eaa483186755155ad441febba9a2933704ec,442,442,0,True,COMPLETE,80,96.305818066,0,0,9643.63636356,392.825816755,0,0,37.624575341,0,0,34.481476756,61.487636248,92.825816755
1.0,TASK3_INTERSTAGE_BUFFER_SPILLBACK_SENSITIVITY_V1,OP_INTERSTAGE_BUFFER_S36_I16_B5000,b3ca110e640d470baa57b5e325c75de6f953c9f89944c6ec89152b30c2f98cad,TASK3_OPERATIONAL_POOLED_INTERSTAGE_BAS_V1,INTERSTAGE_BUFFER_S36_I16_B5000,LOCAL_WINDOW_HPP_BASE,9,36,16,5000,202607290000,202609290091,202609290092,202609290093,202609290094,eac0a9ee1817f7bfb8075caeca7e7b36c575a89b37d84ba4e00528b85d326525,2645bb84e056628bffc8a2ab3e4232bae06ba8be9da3de913637607943e2a03c,395,395,0,True,COMPLETE,37,62.211388069,0,0,8618.18181811,356.854545596,0,0,15.617023299,0,0,14.446663193,27.393206251,56.854545596
1.0,TASK3_INTERSTAGE_BUFFER_SPILLBACK_SENSITIVITY_V1,OP_INTERSTAGE_BUFFER_S36_I16_B5000,b3ca110e640d470baa57b5e325c75de6f953c9f89944c6ec89152b30c2f98cad,TASK3_OPERATIONAL_POOLED_INTERSTAGE_BAS_V1,INTERSTAGE_BUFFER_S36_I16_B5000,LOCAL_WINDOW_HPP_BASE,10,36,16,5000,202607290000,202609290101,202609290102,202609290103,202609290104,9835da0b922279edffb5e025c97a589df839a34d56b76352d0e37c4e312314e2,300b86070b362a7778e89b404d28f3a8d8457f332012fadef5c21b7d32f47d77,394,394,0,True,COMPLETE,33,58.672007518,0,0,8596.36363629,359.802941741,0,0,11.723920315,0,0,10.769589626,23.8538257,59.802941741
1.0,TASK3_INTERSTAGE_BUFFER_SPILLBACK_SENSITIVITY_V1,OP_INTERSTAGE_BUFFER_S36_I16_B5000,b3ca110e640d470baa57b5e325c75de6f953c9f89944c6ec89152b30c2f98cad,TASK3_OPERATIONAL_POOLED_INTERSTAGE_BAS_V1,INTERSTAGE_BUFFER_S36_I16_B5000,LOCAL_WINDOW_HPP_BASE,11,36,16,5000,202607290000,202609290111,202609290112,202609290113,202609290114,e26ea32112b34145f4597dc880d3a97e418100915aec81290d81c7e107c90440,1d36a9c09cc983035ab8a6ed0c0939349939c02a2569368dc3123a78674adc7a,409,409,0,True,COMPLETE,55,74.709742952,0,0,8923.63636356,364.504234633,0,0,27.138596884,0,0,24.474627862,39.891561134,64.504234633
1.0,TASK3_INTERSTAGE_BUFFER_SPILLBACK_SENSITIVITY_V1,OP_INTERSTAGE_BUFFER_S36_I16_B5000,b3ca110e640d470baa57b5e325c75de6f953c9f89944c6ec89152b30c2f98cad,TASK3_OPERATIONAL_POOLED_INTERSTAGE_BAS_V1,INTERSTAGE_BUFFER_S36_I16_B5000,LOCAL_WINDOW_HPP_BASE,12,36,16,5000,202607290000,202609290121,202609290122,202609290123,202609290124,5e7768403d04cd908a3f12851404b41158d2d801bc5bd7a60cb446d326e51a1e,ebe5f0a0d917ddb88b75ab5620f25a6099e7f09157e20bec491c4f8cc8c6c440,423,423,0,True,COMPLETE,54,74.348330354,0,0,9229.09090901,376.614807502,0,0,21.923738299,0,0,19.949162289,39.530148536,76.614807502
1.0,TASK3_INTERSTAGE_BUFFER_SPILLBACK_SENSITIVITY_V1,OP_INTERSTAGE_BUFFER_S36_I16_B5000,b3ca110e640d470baa57b5e325c75de6f953c9f89944c6ec89152b30c2f98cad,TASK3_OPERATIONAL_POOLED_INTERSTAGE_BAS_V1,INTERSTAGE_BUFFER_S36_I16_B5000,LOCAL_WINDOW_HPP_BASE,13,36,16,5000,202607290000,202609290131,202609290132,202609290133,202609290134,69e477aaf4e576a701c05b406551638599850e496647ab10d50e22a09df77e45,9f9a73050186814d1f348b2c91e2ddc28aa28b8f7b8dc45b9a3bb6438837e638,455,455,0,True,COMPLETE,90,102.182500379,0,0,9927.27272719,402.649239192,0,0,39.621311215,0,0,39.976035364,67.364318561,102.649239192
1.0,TASK3_INTERSTAGE_BUFFER_SPILLBACK_SENSITIVITY_V1,OP_INTERSTAGE_BUFFER_S36_I16_B5000,b3ca110e640d470baa57b5e325c75de6f953c9f89944c6ec89152b30c2f98cad,TASK3_OPERATIONAL_POOLED_INTERSTAGE_BAS_V1,INTERSTAGE_BUFFER_S36_I16_B5000,LOCAL_WINDOW_HPP_BASE,14,36,16,5000,202607290000,202609290141,202609290142,202609290143,202609290144,3eb39892a20a0217390af48a30eb92cec434086b31c5fbf488d43be5446e9859,59ea3ace3c47fa8363a23df862c62942e8bb5aab94854e3c34af46b3c79bfad9,374,374,0,True,COMPLETE,29,55.806607529,0,0,8159.99999993,344.224017411,0,0,10.607063144,0,0,9.868272569,20.988425711,44.224017411
1.0,TASK3_INTERSTAGE_BUFFER_SPILLBACK_SENSITIVITY_V1,OP_INTERSTAGE_BUFFER_S36_I16_B5000,b3ca110e640d470baa57b5e325c75de6f953c9f89944c6ec89152b30c2f98cad,TASK3_OPERATIONAL_POOLED_INTERSTAGE_BAS_V1,INTERSTAGE_BUFFER_S36_I16_B5000,LOCAL_WINDOW_HPP_BASE,15,36,16,5000,202607290000,202609290151,202609290152,202609290153,202609290154,d82c12f4cfea7164cb5733106a1ae810c4423998e23cd815b08d87f04e59a279,687711f1525a5efacfcf7ead4ef03fc699831c80181bbe50ec79db310e5d3678,386,386,0,True,COMPLETE,34,60.706614106,0,0,8421.81818175,355.169131789,0,0,10.625078934,0,0,9.943438977,25.888432288,55.169131789
1.0,TASK3_INTERSTAGE_BUFFER_SPILLBACK_SENSITIVITY_V1,OP_INTERSTAGE_BUFFER_S36_I16_B5000,b3ca110e640d470baa57b5e325c75de6f953c9f89944c6ec89152b30c2f98cad,TASK3_OPERATIONAL_POOLED_INTERSTAGE_BAS_V1,INTERSTAGE_BUFFER_S36_I16_B5000,LOCAL_WINDOW_HPP_BASE,16,36,16,5000,202607290000,202609290161,202609290162,202609290163,202609290164,0ae1ee517aa6d11e558f4c00fe5498a73acf57ac7aa460688e506807cd2377c5,e4ebd71491c8cf45d754baef29be3af3b4fa1864bebc71fccb360a6be092b12c,401,401,0,True,COMPLETE,38,60.850278381,0,0,8749.09090902,365.963696822,0,0,8.721137075,0,0,8.045110744,26.032096563,65.963696822
1.0,TASK3_INTERSTAGE_BUFFER_SPILLBACK_SENSITIVITY_V1,OP_INTERSTAGE_BUFFER_S36_I16_B5000,b3ca110e640d470baa57b5e325c75de6f953c9f89944c6ec89152b30c2f98cad,TASK3_OPERATIONAL_POOLED_INTERSTAGE_BAS_V1,INTERSTAGE_BUFFER_S36_I16_B5000,LOCAL_WINDOW_HPP_BASE,17,36,16,5000,202607290000,202609290171,202609290172,202609290173,202609290174,266dcbc6ee1a46ff9a3287bdadc591ad304f0578cdc09e7eaa613da4fa246a45,43a69dff28058d699f1cc3d6767eca617fab38498d0e5d3783f408f1bf3c5871,429,429,0,True,COMPLETE,66,84.104300705,0,0,9359.99999992,383.562123322,0,0,26.269140245,0,0,24.117028002,49.286118887,83.562123322
1.0,TASK3_INTERSTAGE_BUFFER_SPILLBACK_SENSITIVITY_V1,OP_INTERSTAGE_BUFFER_S36_I16_B5000,b3ca110e640d470baa57b5e325c75de6f953c9f89944c6ec89152b30c2f98cad,TASK3_OPERATIONAL_POOLED_INTERSTAGE_BAS_V1,INTERSTAGE_BUFFER_S36_I16_B5000,LOCAL_WINDOW_HPP_BASE,18,36,16,5000,202607290000,202609290181,202609290182,202609290183,202609290184,9ccc0530a0134e0b888b20445eb14e148598546e5aceabfc5061c8ef4ad820af,3e6fc7be1f7f240c9eb259498acc3cc67da057288c9e9590cf598198c3892783,419,419,0,True,COMPLETE,57,75.32045302,0,0,9141.81818174,377.278114479,0,0,24.48903895,0,0,22.386864423,40.502271202,77.278114479
1.0,TASK3_INTERSTAGE_BUFFER_SPILLBACK_SENSITIVITY_V1,OP_INTERSTAGE_BUFFER_S36_I16_B5000,b3ca110e640d470baa57b5e325c75de6f953c9f89944c6ec89152b30c2f98cad,TASK3_OPERATIONAL_POOLED_INTERSTAGE_BAS_V1,INTERSTAGE_BUFFER_S36_I16_B5000,LOCAL_WINDOW_HPP_BASE,19,36,16,5000,202607290000,202609290191,202609290192,202609290193,202609290194,4000364c613df0f2b76ec1e06efee1dd2f6437fbbda80bf583e14b9a41851e74,e6dedd9506267ae89039305ab6684792c84995bb55c49a85efbeeadd5377ada8,445,445,0,True,COMPLETE,74,89.84559429,0,0,9709.09090901,393.750077207,0,0,27.191935936,0,0,24.214657095,55.027412472,93.750077207
1.0,TASK3_INTERSTAGE_BUFFER_SPILLBACK_SENSITIVITY_V1,OP_INTERSTAGE_BUFFER_S36_I16_B5000,b3ca110e640d470baa57b5e325c75de6f953c9f89944c6ec89152b30c2f98cad,TASK3_OPERATIONAL_POOLED_INTERSTAGE_BAS_V1,INTERSTAGE_BUFFER_S36_I16_B5000,LOCAL_WINDOW_HPP_BASE,20,36,16,5000,202607290000,202609290201,202609290202,202609290203,202609290204,22af0208faf3e7bb7b1fd2139f02c55620aac4f2ea1e4c03d676e0e2fbf2c0d7,1856b36f431f282890b95cb94b30c48be53fcbd77d6662003459eef5c23c7b05,418,418,0,True,COMPLETE,51,72.860718628,0,0,9119.99999992,374.34713521,0,0,22.147356936,0,0,20.066267159,38.04253681,74.34713521
1.0,TASK3_INTERSTAGE_BUFFER_SPILLBACK_SENSITIVITY_V1,OP_INTERSTAGE_BUFFER_S36_I16_B5000,b3ca110e640d470baa57b5e325c75de6f953c9f89944c6ec89152b30c2f98cad,TASK3_OPERATIONAL_POOLED_INTERSTAGE_BAS_V1,INTERSTAGE_BUFFER_S36_I16_B5000,LOCAL_WINDOW_HPP_BASE,21,36,16,5000,202607290000,202609290211,202609290212,202609290213,202609290214,2a7611076323f09eed801a9545289fd21d2971296a52a95e582b9262ed9c7b81,095284845764688a0efa88b35455565d35045eefcfd95e2d02c13d9d1f904ad6,417,417,0,True,COMPLETE,50,71.347995047,0,0,9098.18181811,375.941757371,0,0,15.453484066,0,0,14.699028872,36.529813229,75.941757371
1.0,TASK3_INTERSTAGE_BUFFER_SPILLBACK_SENSITIVITY_V1,OP_INTERSTAGE_BUFFER_S36_I16_B5000,b3ca110e640d470baa57b5e325c75de6f953c9f89944c6ec89152b30c2f98cad,TASK3_OPERATIONAL_POOLED_INTERSTAGE_BAS_V1,INTERSTAGE_BUFFER_S36_I16_B5000,LOCAL_WINDOW_HPP_BASE,22,36,16,5000,202607290000,202609290221,202609290222,202609290223,202609290224,99914cad9248df9995c6da58ff02cb023397c509e2faa36fd87c0381ebea62f5,0b024fbedfb69b1b514f7266423bde56fffe9998c7b1a66d99994cfb27756505,410,410,0,True,COMPLETE,48,70.313052412,0,0,8945.45454538,369.907443881,0,0,19.244635574,0,0,17.503617149,35.494870594,69.907443881
1.0,TASK3_INTERSTAGE_BUFFER_SPILLBACK_SENSITIVITY_V1,OP_INTERSTAGE_BUFFER_S36_I16_B5000,b3ca110e640d470baa57b5e325c75de6f953c9f89944c6ec89152b30c2f98cad,TASK3_OPERATIONAL_POOLED_INTERSTAGE_BAS_V1,INTERSTAGE_BUFFER_S36_I16_B5000,LOCAL_WINDOW_HPP_BASE,23,36,16,5000,202607290000,202609290231,202609290232,202609290233,202609290234,9b82bad9092b604f3c77ccc8d27db8fa85c889760667ed7597a0de4b62c2a1d0,7247f5ca194aee3cae9acc2c1a779f14f69a3458b4c8e9bfe3266ad060b0b8c3,439,439,0,True,COMPLETE,74,91.602414838,0,0,9578.1818181,390.331844884,0,0,35.695290248,0,0,32.244476737,56.78423302,90.331844884
1.0,TASK3_INTERSTAGE_BUFFER_SPILLBACK_SENSITIVITY_V1,OP_INTERSTAGE_BUFFER_S36_I16_B5000,b3ca110e640d470baa57b5e325c75de6f953c9f89944c6ec89152b30c2f98cad,TASK3_OPERATIONAL_POOLED_INTERSTAGE_BAS_V1,INTERSTAGE_BUFFER_S36_I16_B5000,LOCAL_WINDOW_HPP_BASE,24,36,16,5000,202607290000,202609290241,202609290242,202609290243,202609290244,66f5f2028f433422e88c253b8a0edb196a2d079c1e1557a0df63670d8716ce12,70612db61c127f9a843903e2c4504f7d190705a36fc3e0037801f7b1b45251eb,412,412,0,True,COMPLETE,42,61.155126921,0,0,8989.09090902,366.924765426,0,0,14.700878326,0,0,13.178637254,26.336945103,66.924765426
1.0,TASK3_INTERSTAGE_BUFFER_SPILLBACK_SENSITIVITY_V1,OP_INTERSTAGE_BUFFER_S36_I16_B5000,b3ca110e640d470baa57b5e325c75de6f953c9f89944c6ec89152b30c2f98cad,TASK3_OPERATIONAL_POOLED_INTERSTAGE_BAS_V1,INTERSTAGE_BUFFER_S36_I16_B5000,LOCAL_WINDOW_HPP_BASE,25,36,16,5000,202607290000,202609290251,202609290252,202609290253,202609290254,024a59b70dba379a9ff49f76d780488d576d3e793221feb47812b1c97a5c8de5,a056a413a81607a066f9ad8741024d5bc45c1146e01ebfe320b8f1310f66e767,424,424,0,True,COMPLETE,53,74.381319959,0,0,9250.90909083,379.861223279,0,0,24.480548055,0,0,22.178762629,39.563138141,79.861223279
1.0,TASK3_INTERSTAGE_BUFFER_SPILLBACK_SENSITIVITY_V1,OP_INTERSTAGE_BUFFER_S36_I16_B5000,b3ca110e640d470baa57b5e325c75de6f953c9f89944c6ec89152b30c2f98cad,TASK3_OPERATIONAL_POOLED_INTERSTAGE_BAS_V1,INTERSTAGE_BUFFER_S36_I16_B5000,LOCAL_WINDOW_HPP_BASE,26,36,16,5000,202607290000,202609290261,202609290262,202609290263,202609290264,d4868d98ad8429fda4f8019f736954e52ea7e14f7c0a7995934c0a195358df7c,1587a5d260249e04737838453c28c26ad86d2688ba062d42dedc54f7efb57ee3,419,419,0,True,COMPLETE,53,75.663728573,0,0,9141.81818174,374.856740809,0,0,21.880245131,0,0,19.987247918,40.845546755,74.856740809
1.0,TASK3_INTERSTAGE_BUFFER_SPILLBACK_SENSITIVITY_V1,OP_INTERSTAGE_BUFFER_S36_I16_B5000,b3ca110e640d470baa57b5e325c75de6f953c9f89944c6ec89152b30c2f98cad,TASK3_OPERATIONAL_POOLED_INTERSTAGE_BAS_V1,INTERSTAGE_BUFFER_S36_I16_B5000,LOCAL_WINDOW_HPP_BASE,27,36,16,5000,202607290000,202609290271,202609290272,202609290273,202609290274,5a446675b5eabb5e9801c5cb48a56e2edc440bdd55794e800b4004c3a831785e,44cad925fae90f44409558f77cb3615b482558a5bf61951fd142e18c1a5ba1eb,410,410,0,True,COMPLETE,42,63.00692723,0,0,8945.45454538,367.75506227,0,0,17.138764641,0,0,15.511357746,28.188745412,67.75506227
1.0,TASK3_INTERSTAGE_BUFFER_SPILLBACK_SENSITIVITY_V1,OP_INTERSTAGE_BUFFER_S36_I16_B5000,b3ca110e640d470baa57b5e325c75de6f953c9f89944c6ec89152b30c2f98cad,TASK3_OPERATIONAL_POOLED_INTERSTAGE_BAS_V1,INTERSTAGE_BUFFER_S36_I16_B5000,LOCAL_WINDOW_HPP_BASE,28,36,16,5000,202607290000,202609290281,202609290282,202609290283,202609290284,0f3e1190ac4f1693916db3ba9929255341722bae891e07cdf71baa4c601d838c,b28f418f8c5207617a35ffc88f3f36e8bd8dca29e68bcf40ff7747854f4235b2,392,392,0,True,COMPLETE,33,56.925369,0,0,8552.72727266,358.372284288,0,0,8.279666271,0,0,7.705971984,22.107187182,58.372284288
1.0,TASK3_INTERSTAGE_BUFFER_SPILLBACK_SENSITIVITY_V1,OP_INTERSTAGE_BUFFER_S36_I16_B5000,b3ca110e640d470baa57b5e325c75de6f953c9f89944c6ec89152b30c2f98cad,TASK3_OPERATIONAL_POOLED_INTERSTAGE_BAS_V1,INTERSTAGE_BUFFER_S36_I16_B5000,LOCAL_WINDOW_HPP_BASE,29,36,16,5000,202607290000,202609290291,202609290292,202609290293,202609290294,4f539bb4dc4ef85cd6680029b58c0bcee550f12c95a0df5922e50b2aab3e2e2b,6fab9c27a1121a53ad0a264880783d79009d5dbe2067775eb652f7f36f99a5dc,424,424,0,True,COMPLETE,61,79.544751479,0,0,9250.90909083,378.811830095,0,0,23.926411227,0,0,21.590169981,44.726569661,78.811830095
1.0,TASK3_INTERSTAGE_BUFFER_SPILLBACK_SENSITIVITY_V1,OP_INTERSTAGE_BUFFER_S36_I16_B5000,b3ca110e640d470baa57b5e325c75de6f953c9f89944c6ec89152b30c2f98cad,TASK3_OPERATIONAL_POOLED_INTERSTAGE_BAS_V1,INTERSTAGE_BUFFER_S36_I16_B5000,LOCAL_WINDOW_HPP_BASE,30,36,16,5000,202607290000,202609290301,202609290302,202609290303,202609290304,7a068d5d9301e48725db05a531ec1b934cee9bb136cf57d44743de327af49e95,938a4ad281005e58733898293621ffe834d61a66a6cea6aaea385ce24f7885ea,408,408,0,True,COMPLETE,39,62.206477423,0,0,8901.81818174,366.357582163,0,0,11.525186129,0,0,10.590257715,27.388295605,66.357582163
1.0,TASK3_INTERSTAGE_BUFFER_SPILLBACK_SENSITIVITY_V1,OP_INTERSTAGE_BUFFER_S36_I16_B5000,b3ca110e640d470baa57b5e325c75de6f953c9f89944c6ec89152b30c2f98cad,TASK3_OPERATIONAL_POOLED_INTERSTAGE_BAS_V1,INTERSTAGE_BUFFER_S36_I16_B5000,LOCAL_WINDOW_HPP_BASE,31,36,16,5000,202607290000,202609290311,202609290312,202609290313,202609290314,fe79fd3f1857eadd12059b816ae5dc78c5400c580deb55ff1ade6616157c5322,15f21c38e67a49d65d9d75e88a87755d25d0c7ec1d93087d132ce42fa5262975,425,425,0,True,COMPLETE,58,81.276724796,0,0,9272.72727265,379.227952305,0,0,22.249867059,0,0,20.560335633,46.458542978,79.227952305
1.0,TASK3_INTERSTAGE_BUFFER_SPILLBACK_SENSITIVITY_V1,OP_INTERSTAGE_BUFFER_S36_I16_B5000,b3ca110e640d470baa57b5e325c75de6f953c9f89944c6ec89152b30c2f98cad,TASK3_OPERATIONAL_POOLED_INTERSTAGE_BAS_V1,INTERSTAGE_BUFFER_S36_I16_B5000,LOCAL_WINDOW_HPP_BASE,32,36,16,5000,202607290000,202609290321,202609290322,202609290323,202609290324,a107a39217451ab24221e19dee1c92d58883e07cc0f49dfe3e038c20225d5cc4,996171e217ee62a8ece8f54d916158063dd5bb069f8cd59f8a7e4336ab8b83a3,395,395,0,True,COMPLETE,30,55.304112028,0,0,8618.18181811,358.315316804,0,0,8.258354008,0,0,7.583963852,20.48593021,58.315316804
1.0,TASK3_INTERSTAGE_BUFFER_SPILLBACK_SENSITIVITY_V1,OP_INTERSTAGE_BUFFER_S36_I16_B5000,b3ca110e640d470baa57b5e325c75de6f953c9f89944c6ec89152b30c2f98cad,TASK3_OPERATIONAL_POOLED_INTERSTAGE_BAS_V1,INTERSTAGE_BUFFER_S36_I16_B5000,LOCAL_WINDOW_HPP_BASE,33,36,16,5000,202607290000,202609290331,202609290332,202609290333,202609290334,13f6ae62d1d578037e3c74454e4ba06f754623501488a41e226a82d60d228b73,1c4648fd30bf52bc7887641728e899b03eb578f6667eb8958fabae133f027f59,428,428,0,True,COMPLETE,60,80.712203766,0,0,9338.1818181,379.166340262,0,0,28.462474542,0,0,25.467550907,45.894021948,79.166340262
1.0,TASK3_INTERSTAGE_BUFFER_SPILLBACK_SENSITIVITY_V1,OP_INTERSTAGE_BUFFER_S36_I16_B5000,b3ca110e640d470baa57b5e325c75de6f953c9f89944c6ec89152b30c2f98cad,TASK3_OPERATIONAL_POOLED_INTERSTAGE_BAS_V1,INTERSTAGE_BUFFER_S36_I16_B5000,LOCAL_WINDOW_HPP_BASE,34,36,16,5000,202607290000,202609290341,202609290342,202609290343,202609290344,e652f3fee095b11115f8e98b70447f6b3452056f93691b94c53bd0448f96f318,b3dc32bcd8b1ade953402583c7dc772ab2969a3eb16b47ecff83241499a7c086,426,426,0,True,COMPLETE,56,76.664069551,0,0,9294.54545447,379.822718778,0,0,20.053191556,0,0,18.173113742,41.845887733,79.822718778
1.0,TASK3_INTERSTAGE_BUFFER_SPILLBACK_SENSITIVITY_V1,OP_INTERSTAGE_BUFFER_S36_I16_B5000,b3ca110e640d470baa57b5e325c75de6f953c9f89944c6ec89152b30c2f98cad,TASK3_OPERATIONAL_POOLED_INTERSTAGE_BAS_V1,INTERSTAGE_BUFFER_S36_I16_B5000,LOCAL_WINDOW_HPP_BASE,35,36,16,5000,202607290000,202609290351,202609290352,202609290353,202609290354,814344a6d5dc851daea1f0ccbdcf11d8d7ad5b6270b2c7b88b78878473c58e66,964876fc18f95a1e8c1e7946b1b9443d6d448245b7a9298d8a6f56a6c161b9a7,451,451,0,True,COMPLETE,69,90.159444722,0,0,9839.99999992,400.373094517,0,0,29.003943335,0,0,26.462532416,55.341262904,100.373094517
1.0,TASK3_INTERSTAGE_BUFFER_SPILLBACK_SENSITIVITY_V1,OP_INTERSTAGE_BUFFER_S36_I16_B5000,b3ca110e640d470baa57b5e325c75de6f953c9f89944c6ec89152b30c2f98cad,TASK3_OPERATIONAL_POOLED_INTERSTAGE_BAS_V1,INTERSTAGE_BUFFER_S36_I16_B5000,LOCAL_WINDOW_HPP_BASE,36,36,16,5000,202607290000,202609290361,202609290362,202609290363,202609290364,ac7b15bb6dd2587714d12b8ab6df1c128d5cd9c9bf065fbba1dd39ebfe22f766,4419c9659301a37a4032178328f880eb4dfec2937fa988c617708a1b5c99d710,414,414,0,True,COMPLETE,46,68.525672118,0,0,9032.72727265,368.087171068,0,0,19.642862225,0,0,17.484416582,33.7074903,68.087171068
1.0,TASK3_INTERSTAGE_BUFFER_SPILLBACK_SENSITIVITY_V1,OP_INTERSTAGE_BUFFER_S36_I16_B5000,b3ca110e640d470baa57b5e325c75de6f953c9f89944c6ec89152b30c2f98cad,TASK3_OPERATIONAL_POOLED_INTERSTAGE_BAS_V1,INTERSTAGE_BUFFER_S36_I16_B5000,LOCAL_WINDOW_HPP_BASE,37,36,16,5000,202607290000,202609290371,202609290372,202609290373,202609290374,0c48c3005a1f806ca43594a7fe8b65a823b4d0e14de3286a1c43ec10fae6e8d8,f52e2b76ab593aa38372ffb753b1c06a168f65d585c73b4e15a33a1575788927,408,408,0,True,COMPLETE,45,66.479150621,0,0,8901.81818174,368.519001359,0,0,19.100443202,0,0,17.476564908,31.660968803,68.519001359
1.0,TASK3_INTERSTAGE_BUFFER_SPILLBACK_SENSITIVITY_V1,OP_INTERSTAGE_BUFFER_S36_I16_B5000,b3ca110e640d470baa57b5e325c75de6f953c9f89944c6ec89152b30c2f98cad,TASK3_OPERATIONAL_POOLED_INTERSTAGE_BAS_V1,INTERSTAGE_BUFFER_S36_I16_B5000,LOCAL_WINDOW_HPP_BASE,38,36,16,5000,202607290000,202609290381,202609290382,202609290383,202609290384,cdd5c5d0215e72c607d45885cbf50b6649adbbe5880fc8e6dab73573cfc87acd,77fe832fc55488c7f24f90f052e241feb782ce71aacaf6a5d1730dcd9fe5fa0b,406,406,0,True,COMPLETE,45,69.091591828,0,0,8858.18181811,365.497817764,0,0,18.203127841,0,0,16.425622145,34.27341001,65.497817764
1.0,TASK3_INTERSTAGE_BUFFER_SPILLBACK_SENSITIVITY_V1,OP_INTERSTAGE_BUFFER_S36_I16_B5000,b3ca110e640d470baa57b5e325c75de6f953c9f89944c6ec89152b30c2f98cad,TASK3_OPERATIONAL_POOLED_INTERSTAGE_BAS_V1,INTERSTAGE_BUFFER_S36_I16_B5000,LOCAL_WINDOW_HPP_BASE,39,36,16,5000,202607290000,202609290391,202609290392,202609290393,202609290394,326272c4de29b05923793b77cd6b8a2425bf38488b2e989c4814c75879e36076,b802637f8e357a27d8a5131c642895da5e390120feb29da84906347821d3942d,388,388,0,True,COMPLETE,26,53.162276137,0,0,8465.45454538,355.999717678,0,0,8.794500672,0,0,8.373378472,18.344094319,55.999717678
1.0,TASK3_INTERSTAGE_BUFFER_SPILLBACK_SENSITIVITY_V1,OP_INTERSTAGE_BUFFER_S36_I16_B5000,b3ca110e640d470baa57b5e325c75de6f953c9f89944c6ec89152b30c2f98cad,TASK3_OPERATIONAL_POOLED_INTERSTAGE_BAS_V1,INTERSTAGE_BUFFER_S36_I16_B5000,LOCAL_WINDOW_HPP_BASE,40,36,16,5000,202607290000,202609290401,202609290402,202609290403,202609290404,1b06562ca40c4532db2de354423a06cb3250b5439a73d141823cb4276579ed4a,f7b8c0f1fd0a99304a99b81457c36023ededdafe657cbd69732b0c409a282f0b,399,399,0,True,COMPLETE,30,55.28214003,0,0,8705.45454538,357.271656901,0,0,8.481978832,0,0,7.780436373,20.463958212,57.271656901
1.0,TASK3_INTERSTAGE_BUFFER_SPILLBACK_SENSITIVITY_V1,OP_INTERSTAGE_BUFFER_S36_I16_B5000,b3ca110e640d470baa57b5e325c75de6f953c9f89944c6ec89152b30c2f98cad,TASK3_OPERATIONAL_POOLED_INTERSTAGE_BAS_V1,INTERSTAGE_BUFFER_S36_I16_B5000,LOCAL_WINDOW_HPP_BASE,41,36,16,5000,202607290000,202609290411,202609290412,202609290413,202609290414,e742f6eed2fa26b2a3bd7c08351cf82a65f52e76ad11dc62eba34870c8eb3843,842b4794172369a8dd7b1879e1856acbb1538116a68b8b92054e6902b0b39345,416,416,0,True,COMPLETE,48,70.635644766,0,0,9076.36363629,368.299234249,0,0,26.734040656,0,0,23.925154197,35.817462948,68.299234249
1.0,TASK3_INTERSTAGE_BUFFER_SPILLBACK_SENSITIVITY_V1,OP_INTERSTAGE_BUFFER_S36_I16_B5000,b3ca110e640d470baa57b5e325c75de6f953c9f89944c6ec89152b30c2f98cad,TASK3_OPERATIONAL_POOLED_INTERSTAGE_BAS_V1,INTERSTAGE_BUFFER_S36_I16_B5000,LOCAL_WINDOW_HPP_BASE,42,36,16,5000,202607290000,202609290421,202609290422,202609290423,202609290424,0dd4390aaf5a2d161251f438448add855b708bf988bd35e5063e0d76f2e8a5bb,777eb9bf9c1e3746d7339b330a21fd6341890a3105a6f59fa9675fd14be2197b,403,403,0,True,COMPLETE,35,62.997563842,0,0,8792.72727265,361.736360174,0,0,10.196128152,0,0,9.856301558,28.179382024,61.736360174
1.0,TASK3_INTERSTAGE_BUFFER_SPILLBACK_SENSITIVITY_V1,OP_INTERSTAGE_BUFFER_S36_I16_B5000,b3ca110e640d470baa57b5e325c75de6f953c9f89944c6ec89152b30c2f98cad,TASK3_OPERATIONAL_POOLED_INTERSTAGE_BAS_V1,INTERSTAGE_BUFFER_S36_I16_B5000,LOCAL_WINDOW_HPP_BASE,43,36,16,5000,202607290000,202609290431,202609290432,202609290433,202609290434,836a9355e21deec4d31c39cdcfa596bb83a8d0a992092b65b344e00acd4f6a5f,8e5a615808baafb3f2b2503d7e75dce601d66dea1166f4f5399b92e6b176fdef,407,407,0,True,COMPLETE,40,64.842046125,0,0,8879.99999993,363.938435101,0,0,20.172057907,0,0,18.481488323,30.023864307,63.938435101
1.0,TASK3_INTERSTAGE_BUFFER_SPILLBACK_SENSITIVITY_V1,OP_INTERSTAGE_BUFFER_S36_I16_B5000,b3ca110e640d470baa57b5e325c75de6f953c9f89944c6ec89152b30c2f98cad,TASK3_OPERATIONAL_POOLED_INTERSTAGE_BAS_V1,INTERSTAGE_BUFFER_S36_I16_B5000,LOCAL_WINDOW_HPP_BASE,44,36,16,5000,202607290000,202609290441,202609290442,202609290443,202609290444,dd5c411b266347b8dcc7aad7d80aaaa77e6281dbcb327ded0a77c0d6784a78cf,b38169f146f03a2a7e3a0d08d5ca6332aaa7716b205d1808f0712abc279139f8,366,366,0,True,COMPLETE,13,41.624983176,0,0,7985.45454539,334.686240213,0,0,3.090578714,0,0,2.826158934,6.806801358,34.686240213
1.0,TASK3_INTERSTAGE_BUFFER_SPILLBACK_SENSITIVITY_V1,OP_INTERSTAGE_BUFFER_S36_I16_B5000,b3ca110e640d470baa57b5e325c75de6f953c9f89944c6ec89152b30c2f98cad,TASK3_OPERATIONAL_POOLED_INTERSTAGE_BAS_V1,INTERSTAGE_BUFFER_S36_I16_B5000,LOCAL_WINDOW_HPP_BASE,45,36,16,5000,202607290000,202609290451,202609290452,202609290453,202609290454,94ce38590b9bd90fd7a639ff8c2697ff21de2ed0eb52e208d66a3cf6b4b51743,f6c987f6590e68a88698994ad4abd7a3ba37841cb5f552707069f585063d327d,399,399,0,True,COMPLETE,32,58.093771104,0,0,8705.45454538,358.728849246,0,0,12.888093777,0,0,11.692554456,23.275589286,58.728849246
1.0,TASK3_INTERSTAGE_BUFFER_SPILLBACK_SENSITIVITY_V1,OP_INTERSTAGE_BUFFER_S36_I16_B5000,b3ca110e640d470baa57b5e325c75de6f953c9f89944c6ec89152b30c2f98cad,TASK3_OPERATIONAL_POOLED_INTERSTAGE_BAS_V1,INTERSTAGE_BUFFER_S36_I16_B5000,LOCAL_WINDOW_HPP_BASE,46,36,16,5000,202607290000,202609290461,202609290462,202609290463,202609290464,93ecff5700ef989a7dfce5e835a36a3b3ae7ea0e38357ad29e60e1474047a020,235cf729de9afe71fde1c7bc5afa8ed71e85324e6fbf2ecfa823ca44c5c4182a,452,452,0,True,COMPLETE,85,101.667118386,0,0,9861.81818174,401.759822455,0,0,33.007629226,0,0,30.301606325,66.848936568,101.759822455
1.0,TASK3_INTERSTAGE_BUFFER_SPILLBACK_SENSITIVITY_V1,OP_INTERSTAGE_BUFFER_S36_I16_B5000,b3ca110e640d470baa57b5e325c75de6f953c9f89944c6ec89152b30c2f98cad,TASK3_OPERATIONAL_POOLED_INTERSTAGE_BAS_V1,INTERSTAGE_BUFFER_S36_I16_B5000,LOCAL_WINDOW_HPP_BASE,47,36,16,5000,202607290000,202609290471,202609290472,202609290473,202609290474,7a51db150eed88f4466df9a7a2fe510ed93a6a3de9eb7d91bc6ccc4f9c8c60c8,3ea113b9c82c82da44dd28c1b11214b6ba0f814e3f8c73cb9edfcaa23cfb9179,385,385,0,True,COMPLETE,31,56.171454517,0,0,8399.99999993,351.730835605,0,0,14.723331014,0,0,13.458002999,21.353272699,51.730835605
1.0,TASK3_INTERSTAGE_BUFFER_SPILLBACK_SENSITIVITY_V1,OP_INTERSTAGE_BUFFER_S36_I16_B5000,b3ca110e640d470baa57b5e325c75de6f953c9f89944c6ec89152b30c2f98cad,TASK3_OPERATIONAL_POOLED_INTERSTAGE_BAS_V1,INTERSTAGE_BUFFER_S36_I16_B5000,LOCAL_WINDOW_HPP_BASE,48,36,16,5000,202607290000,202609290481,202609290482,202609290483,202609290484,b11ed7d780023cfb2d4fe23c95404a3c91bdaa4afd7510b9d2fa014dbb609b4d,4d8ade59bfea4c1dd4c55f50f23f02fc868b56fdeb8761c5ee8757b0f31ac4c2,416,416,0,True,COMPLETE,48,70.560822491,0,0,9076.36363629,370.440834038,0,0,20.204256233,0,0,18.79813403,35.742640673,70.440834038
1.0,TASK3_INTERSTAGE_BUFFER_SPILLBACK_SENSITIVITY_V1,OP_INTERSTAGE_BUFFER_S36_I16_B5000,b3ca110e640d470baa57b5e325c75de6f953c9f89944c6ec89152b30c2f98cad,TASK3_OPERATIONAL_POOLED_INTERSTAGE_BAS_V1,INTERSTAGE_BUFFER_S36_I16_B5000,LOCAL_WINDOW_HPP_BASE,49,36,16,5000,202607290000,202609290491,202609290492,202609290493,202609290494,20d9bedd6f1074dbfa0de68f3e211fcc97256209fde2f676fc9bbed862f514ce,1787089c605510f4d63c2b628c718419e33d981dbf3048d848e247dc313bf590,423,423,0,True,COMPLETE,62,79.517221178,0,0,9229.09090901,381.106788828,0,0,27.33979992,0,0,25.11780266,44.69903936,81.106788828
1.0,TASK3_INTERSTAGE_BUFFER_SPILLBACK_SENSITIVITY_V1,OP_INTERSTAGE_BUFFER_S36_I16_B5000,b3ca110e640d470baa57b5e325c75de6f953c9f89944c6ec89152b30c2f98cad,TASK3_OPERATIONAL_POOLED_INTERSTAGE_BAS_V1,INTERSTAGE_BUFFER_S36_I16_B5000,LOCAL_WINDOW_HPP_BASE,50,36,16,5000,202607290000,202609290501,202609290502,202609290503,202609290504,8cd9aa68d6bccc1314125620d24c7feda08ca1a772edd0d6000b532a7dcbab10,cc9d72f3b2fb9f55da356b35d0295362c2ef331ee1c746a7199d6f6274a25f55,414,414,0,True,COMPLETE,49,72.074535399,0,0,9032.72727265,375.128862969,0,0,17.841136549,0,0,16.470835208,37.256353581,75.128862969
