schema_version,study_id,analysis_role,scenario_id,arrival_level_id,input_sample_id,replication_id,arrival_rate_per_second,arrivals,security_capacity,immigration_capacity,security_nominal_offered_load,immigration_nominal_offered_load,security_arrival_window_utilization,immigration_arrival_window_utilization,total_queue_wait_exceed_15_rate,total_queue_wait_exceed_30_rate,total_queue_wait_exceed_60_rate
1.0,TASK3_CAPACITY_MECHANISM_CONFIRMATORY_V1,POST_HOC_SUPPORTING_LOAD_DIAGNOSTIC,CAPACITY_BOTH_PLUS,MLE_BASE,LOCAL_WINDOW_HPP_BASE,1,1.36421329697,396,40,24,0.744116343797,0.738948869193,0.694998774666,0.658902357986,0,0,0
1.0,TASK3_CAPACITY_MECHANISM_CONFIRMATORY_V1,POST_HOC_SUPPORTING_LOAD_DIAGNOSTIC,CAPACITY_BOTH_PLUS,MLE_BASE,LOCAL_WINDOW_HPP_BASE,2,1.36421329697,442,40,24,0.744116343797,0.738948869193,0.758205195506,0.69771612079,0,0,0
1.0,TASK3_CAPACITY_MECHANISM_CONFIRMATORY_V1,POST_HOC_SUPPORTING_LOAD_DIAGNOSTIC,CAPACITY_BOTH_PLUS,MLE_BASE,LOCAL_WINDOW_HPP_BASE,3,1.36421329697,393,40,24,0.744116343797,0.738948869193,0.689975304181,0.64566313001,0,0,0
1.0,TASK3_CAPACITY_MECHANISM_CONFIRMATORY_V1,POST_HOC_SUPPORTING_LOAD_DIAGNOSTIC,CAPACITY_BOTH_PLUS,MLE_BASE,LOCAL_WINDOW_HPP_BASE,4,1.36421329697,410,40,24,0.744116343797,0.738948869193,0.712874584315,0.658451072826,0,0,0
1.0,TASK3_CAPACITY_MECHANISM_CONFIRMATORY_V1,POST_HOC_SUPPORTING_LOAD_DIAGNOSTIC,CAPACITY_BOTH_PLUS,MLE_BASE,LOCAL_WINDOW_HPP_BASE,5,1.36421329697,388,40,24,0.744116343797,0.738948869193,0.689291754914,0.657799709363,0,0,0
1.0,TASK3_CAPACITY_MECHANISM_CONFIRMATORY_V1,POST_HOC_SUPPORTING_LOAD_DIAGNOSTIC,CAPACITY_BOTH_PLUS,MLE_BASE,LOCAL_WINDOW_HPP_BASE,6,1.36421329697,419,40,24,0.744116343797,0.738948869193,0.736726812853,0.679969699351,0,0,0
1.0,TASK3_CAPACITY_MECHANISM_CONFIRMATORY_V1,POST_HOC_SUPPORTING_LOAD_DIAGNOSTIC,CAPACITY_BOTH_PLUS,MLE_BASE,LOCAL_WINDOW_HPP_BASE,7,1.36421329697,408,40,24,0.744116343797,0.738948869193,0.713854513053,0.655326287999,0,0,0
1.0,TASK3_CAPACITY_MECHANISM_CONFIRMATORY_V1,POST_HOC_SUPPORTING_LOAD_DIAGNOSTIC,CAPACITY_BOTH_PLUS,MLE_BASE,LOCAL_WINDOW_HPP_BASE,8,1.36421329697,442,40,24,0.744116343797,0.738948869193,0.786913261713,0.742041073467,0,0,0
1.0,TASK3_CAPACITY_MECHANISM_CONFIRMATORY_V1,POST_HOC_SUPPORTING_LOAD_DIAGNOSTIC,CAPACITY_BOTH_PLUS,MLE_BASE,LOCAL_WINDOW_HPP_BASE,9,1.36421329697,395,40,24,0.744116343797,0.738948869193,0.689445254035,0.635973599041,0,0,0
1.0,TASK3_CAPACITY_MECHANISM_CONFIRMATORY_V1,POST_HOC_SUPPORTING_LOAD_DIAGNOSTIC,CAPACITY_BOTH_PLUS,MLE_BASE,LOCAL_WINDOW_HPP_BASE,10,1.36421329697,394,40,24,0.744116343797,0.738948869193,0.688149267585,0.637306213093,0,0,0
1.0,TASK3_CAPACITY_MECHANISM_CONFIRMATORY_V1,POST_HOC_SUPPORTING_LOAD_DIAGNOSTIC,CAPACITY_BOTH_PLUS,MLE_BASE,LOCAL_WINDOW_HPP_BASE,11,1.36421329697,409,40,24,0.744116343797,0.738948869193,0.721657579855,0.683114341511,0,0,0
1.0,TASK3_CAPACITY_MECHANISM_CONFIRMATORY_V1,POST_HOC_SUPPORTING_LOAD_DIAGNOSTIC,CAPACITY_BOTH_PLUS,MLE_BASE,LOCAL_WINDOW_HPP_BASE,12,1.36421329697,423,40,24,0.744116343797,0.738948869193,0.741853931593,0.690022341899,0,0,0
1.0,TASK3_CAPACITY_MECHANISM_CONFIRMATORY_V1,POST_HOC_SUPPORTING_LOAD_DIAGNOSTIC,CAPACITY_BOTH_PLUS,MLE_BASE,LOCAL_WINDOW_HPP_BASE,13,1.36421329697,455,40,24,0.744116343797,0.738948869193,0.801608807501,0.744513136968,0,0,0
1.0,TASK3_CAPACITY_MECHANISM_CONFIRMATORY_V1,POST_HOC_SUPPORTING_LOAD_DIAGNOSTIC,CAPACITY_BOTH_PLUS,MLE_BASE,LOCAL_WINDOW_HPP_BASE,14,1.36421329697,374,40,24,0.744116343797,0.738948869193,0.66234719628,0.632156855031,0,0,0
1.0,TASK3_CAPACITY_MECHANISM_CONFIRMATORY_V1,POST_HOC_SUPPORTING_LOAD_DIAGNOSTIC,CAPACITY_BOTH_PLUS,MLE_BASE,LOCAL_WINDOW_HPP_BASE,15,1.36421329697,386,40,24,0.744116343797,0.738948869193,0.679321233396,0.638534301092,0,0,0
1.0,TASK3_CAPACITY_MECHANISM_CONFIRMATORY_V1,POST_HOC_SUPPORTING_LOAD_DIAGNOSTIC,CAPACITY_BOTH_PLUS,MLE_BASE,LOCAL_WINDOW_HPP_BASE,16,1.36421329697,401,40,24,0.744116343797,0.738948869193,0.694737486473,0.637721333754,0,0,0
1.0,TASK3_CAPACITY_MECHANISM_CONFIRMATORY_V1,POST_HOC_SUPPORTING_LOAD_DIAGNOSTIC,CAPACITY_BOTH_PLUS,MLE_BASE,LOCAL_WINDOW_HPP_BASE,17,1.36421329697,429,40,24,0.744116343797,0.738948869193,0.754461033891,0.694860958382,0,0,0
1.0,TASK3_CAPACITY_MECHANISM_CONFIRMATORY_V1,POST_HOC_SUPPORTING_LOAD_DIAGNOSTIC,CAPACITY_BOTH_PLUS,MLE_BASE,LOCAL_WINDOW_HPP_BASE,18,1.36421329697,419,40,24,0.744116343797,0.738948869193,0.73379303192,0.68336798123,0,0,0
1.0,TASK3_CAPACITY_MECHANISM_CONFIRMATORY_V1,POST_HOC_SUPPORTING_LOAD_DIAGNOSTIC,CAPACITY_BOTH_PLUS,MLE_BASE,LOCAL_WINDOW_HPP_BASE,19,1.36421329697,445,40,24,0.744116343797,0.738948869193,0.77345692046,0.714434840133,0,0,0
1.0,TASK3_CAPACITY_MECHANISM_CONFIRMATORY_V1,POST_HOC_SUPPORTING_LOAD_DIAGNOSTIC,CAPACITY_BOTH_PLUS,MLE_BASE,LOCAL_WINDOW_HPP_BASE,20,1.36421329697,418,40,24,0.744116343797,0.738948869193,0.733706874179,0.689830934737,0,0,0
1.0,TASK3_CAPACITY_MECHANISM_CONFIRMATORY_V1,POST_HOC_SUPPORTING_LOAD_DIAGNOSTIC,CAPACITY_BOTH_PLUS,MLE_BASE,LOCAL_WINDOW_HPP_BASE,21,1.36421329697,417,40,24,0.744116343797,0.738948869193,0.720731949456,0.670946100817,0,0,0
1.0,TASK3_CAPACITY_MECHANISM_CONFIRMATORY_V1,POST_HOC_SUPPORTING_LOAD_DIAGNOSTIC,CAPACITY_BOTH_PLUS,MLE_BASE,LOCAL_WINDOW_HPP_BASE,22,1.36421329697,410,40,24,0.744116343797,0.738948869193,0.724896438809,0.67454680556,0,0,0
1.0,TASK3_CAPACITY_MECHANISM_CONFIRMATORY_V1,POST_HOC_SUPPORTING_LOAD_DIAGNOSTIC,CAPACITY_BOTH_PLUS,MLE_BASE,LOCAL_WINDOW_HPP_BASE,23,1.36421329697,439,40,24,0.744116343797,0.738948869193,0.774709565166,0.733560183795,0,0,0
1.0,TASK3_CAPACITY_MECHANISM_CONFIRMATORY_V1,POST_HOC_SUPPORTING_LOAD_DIAGNOSTIC,CAPACITY_BOTH_PLUS,MLE_BASE,LOCAL_WINDOW_HPP_BASE,24,1.36421329697,412,40,24,0.744116343797,0.738948869193,0.7096530114,0.651763257968,0,0,0
1.0,TASK3_CAPACITY_MECHANISM_CONFIRMATORY_V1,POST_HOC_SUPPORTING_LOAD_DIAGNOSTIC,CAPACITY_BOTH_PLUS,MLE_BASE,LOCAL_WINDOW_HPP_BASE,25,1.36421329697,424,40,24,0.744116343797,0.738948869193,0.731608398059,0.678501986459,0,0,0
1.0,TASK3_CAPACITY_MECHANISM_CONFIRMATORY_V1,POST_HOC_SUPPORTING_LOAD_DIAGNOSTIC,CAPACITY_BOTH_PLUS,MLE_BASE,LOCAL_WINDOW_HPP_BASE,26,1.36421329697,419,40,24,0.744116343797,0.738948869193,0.740232504864,0.688735094755,0,0,0
1.0,TASK3_CAPACITY_MECHANISM_CONFIRMATORY_V1,POST_HOC_SUPPORTING_LOAD_DIAGNOSTIC,CAPACITY_BOTH_PLUS,MLE_BASE,LOCAL_WINDOW_HPP_BASE,27,1.36421329697,410,40,24,0.744116343797,0.738948869193,0.713515100461,0.660571006139,0,0,0
1.0,TASK3_CAPACITY_MECHANISM_CONFIRMATORY_V1,POST_HOC_SUPPORTING_LOAD_DIAGNOSTIC,CAPACITY_BOTH_PLUS,MLE_BASE,LOCAL_WINDOW_HPP_BASE,28,1.36421329697,392,40,24,0.744116343797,0.738948869193,0.682750392915,0.63519858366,0,0,0
1.0,TASK3_CAPACITY_MECHANISM_CONFIRMATORY_V1,POST_HOC_SUPPORTING_LOAD_DIAGNOSTIC,CAPACITY_BOTH_PLUS,MLE_BASE,LOCAL_WINDOW_HPP_BASE,29,1.36421329697,424,40,24,0.744116343797,0.738948869193,0.745870607924,0.694566191365,0,0,0
1.0,TASK3_CAPACITY_MECHANISM_CONFIRMATORY_V1,POST_HOC_SUPPORTING_LOAD_DIAGNOSTIC,CAPACITY_BOTH_PLUS,MLE_BASE,LOCAL_WINDOW_HPP_BASE,30,1.36421329697,408,40,24,0.744116343797,0.738948869193,0.707555617262,0.653819448091,0,0,0
1.0,TASK3_CAPACITY_MECHANISM_CONFIRMATORY_V1,POST_HOC_SUPPORTING_LOAD_DIAGNOSTIC,CAPACITY_BOTH_PLUS,MLE_BASE,LOCAL_WINDOW_HPP_BASE,31,1.36421329697,425,40,24,0.744116343797,0.738948869193,0.751554811442,0.691923676308,0,0,0
1.0,TASK3_CAPACITY_MECHANISM_CONFIRMATORY_V1,POST_HOC_SUPPORTING_LOAD_DIAGNOSTIC,CAPACITY_BOTH_PLUS,MLE_BASE,LOCAL_WINDOW_HPP_BASE,32,1.36421329697,395,40,24,0.744116343797,0.738948869193,0.68542417839,0.63957952609,0,0,0
1.0,TASK3_CAPACITY_MECHANISM_CONFIRMATORY_V1,POST_HOC_SUPPORTING_LOAD_DIAGNOSTIC,CAPACITY_BOTH_PLUS,MLE_BASE,LOCAL_WINDOW_HPP_BASE,33,1.36421329697,428,40,24,0.744116343797,0.738948869193,0.746937047735,0.709118186785,0,0,0
1.0,TASK3_CAPACITY_MECHANISM_CONFIRMATORY_V1,POST_HOC_SUPPORTING_LOAD_DIAGNOSTIC,CAPACITY_BOTH_PLUS,MLE_BASE,LOCAL_WINDOW_HPP_BASE,34,1.36421329697,426,40,24,0.744116343797,0.738948869193,0.741027213331,0.678640166348,0,0,0
1.0,TASK3_CAPACITY_MECHANISM_CONFIRMATORY_V1,POST_HOC_SUPPORTING_LOAD_DIAGNOSTIC,CAPACITY_BOTH_PLUS,MLE_BASE,LOCAL_WINDOW_HPP_BASE,35,1.36421329697,451,40,24,0.744116343797,0.738948869193,0.773582861703,0.709438897999,0,0,0
1.0,TASK3_CAPACITY_MECHANISM_CONFIRMATORY_V1,POST_HOC_SUPPORTING_LOAD_DIAGNOSTIC,CAPACITY_BOTH_PLUS,MLE_BASE,LOCAL_WINDOW_HPP_BASE,36,1.36421329697,414,40,24,0.744116343797,0.738948869193,0.719829788831,0.679035533799,0,0,0
1.0,TASK3_CAPACITY_MECHANISM_CONFIRMATORY_V1,POST_HOC_SUPPORTING_LOAD_DIAGNOSTIC,CAPACITY_BOTH_PLUS,MLE_BASE,LOCAL_WINDOW_HPP_BASE,37,1.36421329697,408,40,24,0.744116343797,0.738948869193,0.717100771388,0.660623114244,0,0,0
1.0,TASK3_CAPACITY_MECHANISM_CONFIRMATORY_V1,POST_HOC_SUPPORTING_LOAD_DIAGNOSTIC,CAPACITY_BOTH_PLUS,MLE_BASE,LOCAL_WINDOW_HPP_BASE,38,1.36421329697,406,40,24,0.744116343797,0.738948869193,0.719704468746,0.674031478129,0,0,0
1.0,TASK3_CAPACITY_MECHANISM_CONFIRMATORY_V1,POST_HOC_SUPPORTING_LOAD_DIAGNOSTIC,CAPACITY_BOTH_PLUS,MLE_BASE,LOCAL_WINDOW_HPP_BASE,39,1.36421329697,388,40,24,0.744116343797,0.738948869193,0.666121133706,0.601896205056,0,0,0
1.0,TASK3_CAPACITY_MECHANISM_CONFIRMATORY_V1,POST_HOC_SUPPORTING_LOAD_DIAGNOSTIC,CAPACITY_BOTH_PLUS,MLE_BASE,LOCAL_WINDOW_HPP_BASE,40,1.36421329697,399,40,24,0.744116343797,0.738948869193,0.691628516873,0.644051204076,0,0,0
1.0,TASK3_CAPACITY_MECHANISM_CONFIRMATORY_V1,POST_HOC_SUPPORTING_LOAD_DIAGNOSTIC,CAPACITY_BOTH_PLUS,MLE_BASE,LOCAL_WINDOW_HPP_BASE,41,1.36421329697,416,40,24,0.744116343797,0.738948869193,0.731386447799,0.688079374302,0,0,0
1.0,TASK3_CAPACITY_MECHANISM_CONFIRMATORY_V1,POST_HOC_SUPPORTING_LOAD_DIAGNOSTIC,CAPACITY_BOTH_PLUS,MLE_BASE,LOCAL_WINDOW_HPP_BASE,42,1.36421329697,403,40,24,0.744116343797,0.738948869193,0.70996840867,0.670125567046,0,0,0
1.0,TASK3_CAPACITY_MECHANISM_CONFIRMATORY_V1,POST_HOC_SUPPORTING_LOAD_DIAGNOSTIC,CAPACITY_BOTH_PLUS,MLE_BASE,LOCAL_WINDOW_HPP_BASE,43,1.36421329697,407,40,24,0.744116343797,0.738948869193,0.717964708215,0.663765228668,0,0,0
1.0,TASK3_CAPACITY_MECHANISM_CONFIRMATORY_V1,POST_HOC_SUPPORTING_LOAD_DIAGNOSTIC,CAPACITY_BOTH_PLUS,MLE_BASE,LOCAL_WINDOW_HPP_BASE,44,1.36421329697,366,40,24,0.744116343797,0.738948869193,0.642376328862,0.596310145937,0,0,0
1.0,TASK3_CAPACITY_MECHANISM_CONFIRMATORY_V1,POST_HOC_SUPPORTING_LOAD_DIAGNOSTIC,CAPACITY_BOTH_PLUS,MLE_BASE,LOCAL_WINDOW_HPP_BASE,45,1.36421329697,399,40,24,0.744116343797,0.738948869193,0.698204009296,0.650479718945,0,0,0
1.0,TASK3_CAPACITY_MECHANISM_CONFIRMATORY_V1,POST_HOC_SUPPORTING_LOAD_DIAGNOSTIC,CAPACITY_BOTH_PLUS,MLE_BASE,LOCAL_WINDOW_HPP_BASE,46,1.36421329697,452,40,24,0.744116343797,0.738948869193,0.798286148718,0.741940460901,0,0,0
1.0,TASK3_CAPACITY_MECHANISM_CONFIRMATORY_V1,POST_HOC_SUPPORTING_LOAD_DIAGNOSTIC,CAPACITY_BOTH_PLUS,MLE_BASE,LOCAL_WINDOW_HPP_BASE,47,1.36421329697,385,40,24,0.744116343797,0.738948869193,0.676390328906,0.641801109953,0,0,0
1.0,TASK3_CAPACITY_MECHANISM_CONFIRMATORY_V1,POST_HOC_SUPPORTING_LOAD_DIAGNOSTIC,CAPACITY_BOTH_PLUS,MLE_BASE,LOCAL_WINDOW_HPP_BASE,48,1.36421329697,416,40,24,0.744116343797,0.738948869193,0.730164528844,0.679644567589,0,0,0
1.0,TASK3_CAPACITY_MECHANISM_CONFIRMATORY_V1,POST_HOC_SUPPORTING_LOAD_DIAGNOSTIC,CAPACITY_BOTH_PLUS,MLE_BASE,LOCAL_WINDOW_HPP_BASE,49,1.36421329697,423,40,24,0.744116343797,0.738948869193,0.744896728593,0.694000665656,0,0,0
1.0,TASK3_CAPACITY_MECHANISM_CONFIRMATORY_V1,POST_HOC_SUPPORTING_LOAD_DIAGNOSTIC,CAPACITY_BOTH_PLUS,MLE_BASE,LOCAL_WINDOW_HPP_BASE,50,1.36421329697,414,40,24,0.744116343797,0.738948869193,0.723539017069,0.676852434202,0,0,0
1.0,TASK3_CAPACITY_MECHANISM_CONFIRMATORY_V1,POST_HOC_SUPPORTING_LOAD_DIAGNOSTIC,CAPACITY_IMMIGRATION_PLUS_3,MLE_BASE,LOCAL_WINDOW_HPP_BASE,1,1.36421329697,396,36,24,0.826795937552,0.738948869193,0.77222086074,0.658902357986,0,0,0
1.0,TASK3_CAPACITY_MECHANISM_CONFIRMATORY_V1,POST_HOC_SUPPORTING_LOAD_DIAGNOSTIC,CAPACITY_IMMIGRATION_PLUS_3,MLE_BASE,LOCAL_WINDOW_HPP_BASE,2,1.36421329697,442,36,24,0.826795937552,0.738948869193,0.838899724653,0.69771612079,0,0,0
1.0,TASK3_CAPACITY_MECHANISM_CONFIRMATORY_V1,POST_HOC_SUPPORTING_LOAD_DIAGNOSTIC,CAPACITY_IMMIGRATION_PLUS_3,MLE_BASE,LOCAL_WINDOW_HPP_BASE,3,1.36421329697,393,36,24,0.826795937552,0.738948869193,0.766639226868,0.64566313001,0,0,0
1.0,TASK3_CAPACITY_MECHANISM_CONFIRMATORY_V1,POST_HOC_SUPPORTING_LOAD_DIAGNOSTIC,CAPACITY_IMMIGRATION_PLUS_3,MLE_BASE,LOCAL_WINDOW_HPP_BASE,4,1.36421329697,410,36,24,0.826795937552,0.738948869193,0.791881787433,0.658191147243,0,0,0
1.0,TASK3_CAPACITY_MECHANISM_CONFIRMATORY_V1,POST_HOC_SUPPORTING_LOAD_DIAGNOSTIC,CAPACITY_IMMIGRATION_PLUS_3,MLE_BASE,LOCAL_WINDOW_HPP_BASE,5,1.36421329697,388,36,24,0.826795937552,0.738948869193,0.765879727682,0.657799709363,0,0,0
1.0,TASK3_CAPACITY_MECHANISM_CONFIRMATORY_V1,POST_HOC_SUPPORTING_LOAD_DIAGNOSTIC,CAPACITY_IMMIGRATION_PLUS_3,MLE_BASE,LOCAL_WINDOW_HPP_BASE,6,1.36421329697,419,36,24,0.826795937552,0.738948869193,0.817695918168,0.679969699351,0,0,0
1.0,TASK3_CAPACITY_MECHANISM_CONFIRMATORY_V1,POST_HOC_SUPPORTING_LOAD_DIAGNOSTIC,CAPACITY_IMMIGRATION_PLUS_3,MLE_BASE,LOCAL_WINDOW_HPP_BASE,7,1.36421329697,408,36,24,0.826795937552,0.738948869193,0.791332845226,0.655326287999,0,0,0
1.0,TASK3_CAPACITY_MECHANISM_CONFIRMATORY_V1,POST_HOC_SUPPORTING_LOAD_DIAGNOSTIC,CAPACITY_IMMIGRATION_PLUS_3,MLE_BASE,LOCAL_WINDOW_HPP_BASE,8,1.36421329697,442,36,24,0.826795937552,0.738948869193,0.87434806857,0.742041073467,0,0,0
1.0,TASK3_CAPACITY_MECHANISM_CONFIRMATORY_V1,POST_HOC_SUPPORTING_LOAD_DIAGNOSTIC,CAPACITY_IMMIGRATION_PLUS_3,MLE_BASE,LOCAL_WINDOW_HPP_BASE,9,1.36421329697,395,36,24,0.826795937552,0.738948869193,0.766050282261,0.635973599041,0,0,0
1.0,TASK3_CAPACITY_MECHANISM_CONFIRMATORY_V1,POST_HOC_SUPPORTING_LOAD_DIAGNOSTIC,CAPACITY_IMMIGRATION_PLUS_3,MLE_BASE,LOCAL_WINDOW_HPP_BASE,10,1.36421329697,394,36,24,0.826795937552,0.738948869193,0.764610297316,0.637306213093,0,0,0
1.0,TASK3_CAPACITY_MECHANISM_CONFIRMATORY_V1,POST_HOC_SUPPORTING_LOAD_DIAGNOSTIC,CAPACITY_IMMIGRATION_PLUS_3,MLE_BASE,LOCAL_WINDOW_HPP_BASE,11,1.36421329697,409,36,24,0.826795937552,0.738948869193,0.801841755395,0.683114341511,0,0,0
1.0,TASK3_CAPACITY_MECHANISM_CONFIRMATORY_V1,POST_HOC_SUPPORTING_LOAD_DIAGNOSTIC,CAPACITY_IMMIGRATION_PLUS_3,MLE_BASE,LOCAL_WINDOW_HPP_BASE,12,1.36421329697,423,36,24,0.826795937552,0.738948869193,0.824175112158,0.690022341899,0,0,0
1.0,TASK3_CAPACITY_MECHANISM_CONFIRMATORY_V1,POST_HOC_SUPPORTING_LOAD_DIAGNOSTIC,CAPACITY_IMMIGRATION_PLUS_3,MLE_BASE,LOCAL_WINDOW_HPP_BASE,13,1.36421329697,455,36,24,0.826795937552,0.738948869193,0.888070937415,0.744513136968,0.0923076923077,0,0
1.0,TASK3_CAPACITY_MECHANISM_CONFIRMATORY_V1,POST_HOC_SUPPORTING_LOAD_DIAGNOSTIC,CAPACITY_IMMIGRATION_PLUS_3,MLE_BASE,LOCAL_WINDOW_HPP_BASE,14,1.36421329697,374,36,24,0.826795937552,0.738948869193,0.7359413292,0.632156855031,0,0,0
1.0,TASK3_CAPACITY_MECHANISM_CONFIRMATORY_V1,POST_HOC_SUPPORTING_LOAD_DIAGNOSTIC,CAPACITY_IMMIGRATION_PLUS_3,MLE_BASE,LOCAL_WINDOW_HPP_BASE,15,1.36421329697,386,36,24,0.826795937552,0.738948869193,0.75480137044,0.638534301092,0,0,0
1.0,TASK3_CAPACITY_MECHANISM_CONFIRMATORY_V1,POST_HOC_SUPPORTING_LOAD_DIAGNOSTIC,CAPACITY_IMMIGRATION_PLUS_3,MLE_BASE,LOCAL_WINDOW_HPP_BASE,16,1.36421329697,401,36,24,0.826795937552,0.738948869193,0.769889495217,0.637422586555,0,0,0
1.0,TASK3_CAPACITY_MECHANISM_CONFIRMATORY_V1,POST_HOC_SUPPORTING_LOAD_DIAGNOSTIC,CAPACITY_IMMIGRATION_PLUS_3,MLE_BASE,LOCAL_WINDOW_HPP_BASE,17,1.36421329697,429,36,24,0.826795937552,0.738948869193,0.836594704243,0.694860958382,0,0,0
1.0,TASK3_CAPACITY_MECHANISM_CONFIRMATORY_V1,POST_HOC_SUPPORTING_LOAD_DIAGNOSTIC,CAPACITY_IMMIGRATION_PLUS_3,MLE_BASE,LOCAL_WINDOW_HPP_BASE,18,1.36421329697,419,36,24,0.826795937552,0.738948869193,0.815325591022,0.68336798123,0,0,0
1.0,TASK3_CAPACITY_MECHANISM_CONFIRMATORY_V1,POST_HOC_SUPPORTING_LOAD_DIAGNOSTIC,CAPACITY_IMMIGRATION_PLUS_3,MLE_BASE,LOCAL_WINDOW_HPP_BASE,19,1.36421329697,445,36,24,0.826795937552,0.738948869193,0.857035355724,0.714267095215,0,0,0
1.0,TASK3_CAPACITY_MECHANISM_CONFIRMATORY_V1,POST_HOC_SUPPORTING_LOAD_DIAGNOSTIC,CAPACITY_IMMIGRATION_PLUS_3,MLE_BASE,LOCAL_WINDOW_HPP_BASE,20,1.36421329697,418,36,24,0.826795937552,0.738948869193,0.815229860199,0.689066121611,0,0,0
1.0,TASK3_CAPACITY_MECHANISM_CONFIRMATORY_V1,POST_HOC_SUPPORTING_LOAD_DIAGNOSTIC,CAPACITY_IMMIGRATION_PLUS_3,MLE_BASE,LOCAL_WINDOW_HPP_BASE,21,1.36421329697,417,36,24,0.826795937552,0.738948869193,0.800680349029,0.670946100817,0,0,0
1.0,TASK3_CAPACITY_MECHANISM_CONFIRMATORY_V1,POST_HOC_SUPPORTING_LOAD_DIAGNOSTIC,CAPACITY_IMMIGRATION_PLUS_3,MLE_BASE,LOCAL_WINDOW_HPP_BASE,22,1.36421329697,410,36,24,0.826795937552,0.738948869193,0.805272698676,0.674408199246,0,0,0
1.0,TASK3_CAPACITY_MECHANISM_CONFIRMATORY_V1,POST_HOC_SUPPORTING_LOAD_DIAGNOSTIC,CAPACITY_IMMIGRATION_PLUS_3,MLE_BASE,LOCAL_WINDOW_HPP_BASE,23,1.36421329697,439,36,24,0.826795937552,0.738948869193,0.860788405739,0.733329727911,0,0,0
1.0,TASK3_CAPACITY_MECHANISM_CONFIRMATORY_V1,POST_HOC_SUPPORTING_LOAD_DIAGNOSTIC,CAPACITY_IMMIGRATION_PLUS_3,MLE_BASE,LOCAL_WINDOW_HPP_BASE,24,1.36421329697,412,36,24,0.826795937552,0.738948869193,0.787257896887,0.651763257968,0,0,0
1.0,TASK3_CAPACITY_MECHANISM_CONFIRMATORY_V1,POST_HOC_SUPPORTING_LOAD_DIAGNOSTIC,CAPACITY_IMMIGRATION_PLUS_3,MLE_BASE,LOCAL_WINDOW_HPP_BASE,25,1.36421329697,424,36,24,0.826795937552,0.738948869193,0.812327987193,0.678501986459,0,0,0
1.0,TASK3_CAPACITY_MECHANISM_CONFIRMATORY_V1,POST_HOC_SUPPORTING_LOAD_DIAGNOSTIC,CAPACITY_IMMIGRATION_PLUS_3,MLE_BASE,LOCAL_WINDOW_HPP_BASE,26,1.36421329697,419,36,24,0.826795937552,0.738948869193,0.820973050693,0.688735094755,0,0,0
1.0,TASK3_CAPACITY_MECHANISM_CONFIRMATORY_V1,POST_HOC_SUPPORTING_LOAD_DIAGNOSTIC,CAPACITY_IMMIGRATION_PLUS_3,MLE_BASE,LOCAL_WINDOW_HPP_BASE,27,1.36421329697,410,36,24,0.826795937552,0.738948869193,0.791769726259,0.65905010686,0,0,0
1.0,TASK3_CAPACITY_MECHANISM_CONFIRMATORY_V1,POST_HOC_SUPPORTING_LOAD_DIAGNOSTIC,CAPACITY_IMMIGRATION_PLUS_3,MLE_BASE,LOCAL_WINDOW_HPP_BASE,28,1.36421329697,392,36,24,0.826795937552,0.738948869193,0.758589739876,0.630682020655,0,0,0
1.0,TASK3_CAPACITY_MECHANISM_CONFIRMATORY_V1,POST_HOC_SUPPORTING_LOAD_DIAGNOSTIC,CAPACITY_IMMIGRATION_PLUS_3,MLE_BASE,LOCAL_WINDOW_HPP_BASE,29,1.36421329697,424,36,24,0.826795937552,0.738948869193,0.828610514156,0.693914113051,0,0,0
1.0,TASK3_CAPACITY_MECHANISM_CONFIRMATORY_V1,POST_HOC_SUPPORTING_LOAD_DIAGNOSTIC,CAPACITY_IMMIGRATION_PLUS_3,MLE_BASE,LOCAL_WINDOW_HPP_BASE,30,1.36421329697,408,36,24,0.826795937552,0.738948869193,0.784024522394,0.648994918294,0,0,0
1.0,TASK3_CAPACITY_MECHANISM_CONFIRMATORY_V1,POST_HOC_SUPPORTING_LOAD_DIAGNOSTIC,CAPACITY_IMMIGRATION_PLUS_3,MLE_BASE,LOCAL_WINDOW_HPP_BASE,31,1.36421329697,425,36,24,0.826795937552,0.738948869193,0.826569949431,0.686019271316,0,0,0
1.0,TASK3_CAPACITY_MECHANISM_CONFIRMATORY_V1,POST_HOC_SUPPORTING_LOAD_DIAGNOSTIC,CAPACITY_IMMIGRATION_PLUS_3,MLE_BASE,LOCAL_WINDOW_HPP_BASE,32,1.36421329697,395,36,24,0.826795937552,0.738948869193,0.761582420434,0.639574104229,0,0,0
1.0,TASK3_CAPACITY_MECHANISM_CONFIRMATORY_V1,POST_HOC_SUPPORTING_LOAD_DIAGNOSTIC,CAPACITY_IMMIGRATION_PLUS_3,MLE_BASE,LOCAL_WINDOW_HPP_BASE,33,1.36421329697,428,36,24,0.826795937552,0.738948869193,0.829930053038,0.709118186785,0,0,0
1.0,TASK3_CAPACITY_MECHANISM_CONFIRMATORY_V1,POST_HOC_SUPPORTING_LOAD_DIAGNOSTIC,CAPACITY_IMMIGRATION_PLUS_3,MLE_BASE,LOCAL_WINDOW_HPP_BASE,34,1.36421329697,426,36,24,0.826795937552,0.738948869193,0.816989462683,0.678640166348,0,0,0
1.0,TASK3_CAPACITY_MECHANISM_CONFIRMATORY_V1,POST_HOC_SUPPORTING_LOAD_DIAGNOSTIC,CAPACITY_IMMIGRATION_PLUS_3,MLE_BASE,LOCAL_WINDOW_HPP_BASE,35,1.36421329697,451,36,24,0.826795937552,0.738948869193,0.850418554757,0.706170897485,0,0,0
1.0,TASK3_CAPACITY_MECHANISM_CONFIRMATORY_V1,POST_HOC_SUPPORTING_LOAD_DIAGNOSTIC,CAPACITY_IMMIGRATION_PLUS_3,MLE_BASE,LOCAL_WINDOW_HPP_BASE,36,1.36421329697,414,36,24,0.826795937552,0.738948869193,0.799810876478,0.679035533799,0,0,0
1.0,TASK3_CAPACITY_MECHANISM_CONFIRMATORY_V1,POST_HOC_SUPPORTING_LOAD_DIAGNOSTIC,CAPACITY_IMMIGRATION_PLUS_3,MLE_BASE,LOCAL_WINDOW_HPP_BASE,37,1.36421329697,408,36,24,0.826795937552,0.738948869193,0.794839284954,0.660623114244,0,0,0
1.0,TASK3_CAPACITY_MECHANISM_CONFIRMATORY_V1,POST_HOC_SUPPORTING_LOAD_DIAGNOSTIC,CAPACITY_IMMIGRATION_PLUS_3,MLE_BASE,LOCAL_WINDOW_HPP_BASE,38,1.36421329697,406,36,24,0.826795937552,0.738948869193,0.79967163194,0.674031478129,0,0,0
1.0,TASK3_CAPACITY_MECHANISM_CONFIRMATORY_V1,POST_HOC_SUPPORTING_LOAD_DIAGNOSTIC,CAPACITY_IMMIGRATION_PLUS_3,MLE_BASE,LOCAL_WINDOW_HPP_BASE,39,1.36421329697,388,36,24,0.826795937552,0.738948869193,0.733871882845,0.601896205056,0,0,0
1.0,TASK3_CAPACITY_MECHANISM_CONFIRMATORY_V1,POST_HOC_SUPPORTING_LOAD_DIAGNOSTIC,CAPACITY_IMMIGRATION_PLUS_3,MLE_BASE,LOCAL_WINDOW_HPP_BASE,40,1.36421329697,399,36,24,0.826795937552,0.738948869193,0.768476129859,0.644051204076,0,0,0
1.0,TASK3_CAPACITY_MECHANISM_CONFIRMATORY_V1,POST_HOC_SUPPORTING_LOAD_DIAGNOSTIC,CAPACITY_IMMIGRATION_PLUS_3,MLE_BASE,LOCAL_WINDOW_HPP_BASE,41,1.36421329697,416,36,24,0.826795937552,0.738948869193,0.812651608666,0.688079374302,0,0,0
1.0,TASK3_CAPACITY_MECHANISM_CONFIRMATORY_V1,POST_HOC_SUPPORTING_LOAD_DIAGNOSTIC,CAPACITY_IMMIGRATION_PLUS_3,MLE_BASE,LOCAL_WINDOW_HPP_BASE,42,1.36421329697,403,36,24,0.826795937552,0.738948869193,0.786496765216,0.660015611769,0,0,0
1.0,TASK3_CAPACITY_MECHANISM_CONFIRMATORY_V1,POST_HOC_SUPPORTING_LOAD_DIAGNOSTIC,CAPACITY_IMMIGRATION_PLUS_3,MLE_BASE,LOCAL_WINDOW_HPP_BASE,43,1.36421329697,407,36,24,0.826795937552,0.738948869193,0.794469899742,0.661679546132,0,0,0
1.0,TASK3_CAPACITY_MECHANISM_CONFIRMATORY_V1,POST_HOC_SUPPORTING_LOAD_DIAGNOSTIC,CAPACITY_IMMIGRATION_PLUS_3,MLE_BASE,LOCAL_WINDOW_HPP_BASE,44,1.36421329697,366,36,24,0.826795937552,0.738948869193,0.713751476513,0.596310145937,0,0,0
1.0,TASK3_CAPACITY_MECHANISM_CONFIRMATORY_V1,POST_HOC_SUPPORTING_LOAD_DIAGNOSTIC,CAPACITY_IMMIGRATION_PLUS_3,MLE_BASE,LOCAL_WINDOW_HPP_BASE,45,1.36421329697,399,36,24,0.826795937552,0.738948869193,0.775782232551,0.650479718945,0,0,0
1.0,TASK3_CAPACITY_MECHANISM_CONFIRMATORY_V1,POST_HOC_SUPPORTING_LOAD_DIAGNOSTIC,CAPACITY_IMMIGRATION_PLUS_3,MLE_BASE,LOCAL_WINDOW_HPP_BASE,46,1.36421329697,452,36,24,0.826795937552,0.738948869193,0.882669923619,0.735338142073,0,0,0
1.0,TASK3_CAPACITY_MECHANISM_CONFIRMATORY_V1,POST_HOC_SUPPORTING_LOAD_DIAGNOSTIC,CAPACITY_IMMIGRATION_PLUS_3,MLE_BASE,LOCAL_WINDOW_HPP_BASE,47,1.36421329697,385,36,24,0.826795937552,0.738948869193,0.751544809895,0.641801109953,0,0,0
1.0,TASK3_CAPACITY_MECHANISM_CONFIRMATORY_V1,POST_HOC_SUPPORTING_LOAD_DIAGNOSTIC,CAPACITY_IMMIGRATION_PLUS_3,MLE_BASE,LOCAL_WINDOW_HPP_BASE,48,1.36421329697,416,36,24,0.826795937552,0.738948869193,0.810299818904,0.678588237982,0,0,0
1.0,TASK3_CAPACITY_MECHANISM_CONFIRMATORY_V1,POST_HOC_SUPPORTING_LOAD_DIAGNOSTIC,CAPACITY_IMMIGRATION_PLUS_3,MLE_BASE,LOCAL_WINDOW_HPP_BASE,49,1.36421329697,423,36,24,0.826795937552,0.738948869193,0.827659113102,0.693965515573,0,0,0
1.0,TASK3_CAPACITY_MECHANISM_CONFIRMATORY_V1,POST_HOC_SUPPORTING_LOAD_DIAGNOSTIC,CAPACITY_IMMIGRATION_PLUS_3,MLE_BASE,LOCAL_WINDOW_HPP_BASE,50,1.36421329697,414,36,24,0.826795937552,0.738948869193,0.803932241188,0.675002987905,0,0,0
1.0,TASK3_CAPACITY_MECHANISM_CONFIRMATORY_V1,POST_HOC_SUPPORTING_LOAD_DIAGNOSTIC,CAPACITY_SECURITY_PLUS_4,MLE_BASE,LOCAL_WINDOW_HPP_BASE,1,1.36421329697,396,40,21,0.744116343797,0.844512993364,0.694998774666,0.752337866896,0,0,0
1.0,TASK3_CAPACITY_MECHANISM_CONFIRMATORY_V1,POST_HOC_SUPPORTING_LOAD_DIAGNOSTIC,CAPACITY_SECURITY_PLUS_4,MLE_BASE,LOCAL_WINDOW_HPP_BASE,2,1.36421329697,442,40,21,0.744116343797,0.844512993364,0.758205195506,0.796935987005,0,0,0
1.0,TASK3_CAPACITY_MECHANISM_CONFIRMATORY_V1,POST_HOC_SUPPORTING_LOAD_DIAGNOSTIC,CAPACITY_SECURITY_PLUS_4,MLE_BASE,LOCAL_WINDOW_HPP_BASE,3,1.36421329697,393,40,21,0.744116343797,0.844512993364,0.689975304181,0.737900720011,0,0,0
1.0,TASK3_CAPACITY_MECHANISM_CONFIRMATORY_V1,POST_HOC_SUPPORTING_LOAD_DIAGNOSTIC,CAPACITY_SECURITY_PLUS_4,MLE_BASE,LOCAL_WINDOW_HPP_BASE,4,1.36421329697,410,40,21,0.744116343797,0.844512993364,0.712874584315,0.752496262537,0,0,0
1.0,TASK3_CAPACITY_MECHANISM_CONFIRMATORY_V1,POST_HOC_SUPPORTING_LOAD_DIAGNOSTIC,CAPACITY_SECURITY_PLUS_4,MLE_BASE,LOCAL_WINDOW_HPP_BASE,5,1.36421329697,388,40,21,0.744116343797,0.844512993364,0.689291754914,0.751771096414,0,0,0
1.0,TASK3_CAPACITY_MECHANISM_CONFIRMATORY_V1,POST_HOC_SUPPORTING_LOAD_DIAGNOSTIC,CAPACITY_SECURITY_PLUS_4,MLE_BASE,LOCAL_WINDOW_HPP_BASE,6,1.36421329697,419,40,21,0.744116343797,0.844512993364,0.736726812853,0.77710822783,0,0,0
1.0,TASK3_CAPACITY_MECHANISM_CONFIRMATORY_V1,POST_HOC_SUPPORTING_LOAD_DIAGNOSTIC,CAPACITY_SECURITY_PLUS_4,MLE_BASE,LOCAL_WINDOW_HPP_BASE,7,1.36421329697,408,40,21,0.744116343797,0.844512993364,0.713854513053,0.748389961216,0,0,0
1.0,TASK3_CAPACITY_MECHANISM_CONFIRMATORY_V1,POST_HOC_SUPPORTING_LOAD_DIAGNOSTIC,CAPACITY_SECURITY_PLUS_4,MLE_BASE,LOCAL_WINDOW_HPP_BASE,8,1.36421329697,442,40,21,0.744116343797,0.844512993364,0.786913261713,0.846050419901,0,0,0
1.0,TASK3_CAPACITY_MECHANISM_CONFIRMATORY_V1,POST_HOC_SUPPORTING_LOAD_DIAGNOSTIC,CAPACITY_SECURITY_PLUS_4,MLE_BASE,LOCAL_WINDOW_HPP_BASE,9,1.36421329697,395,40,21,0.744116343797,0.844512993364,0.689445254035,0.726521602605,0,0,0
1.0,TASK3_CAPACITY_MECHANISM_CONFIRMATORY_V1,POST_HOC_SUPPORTING_LOAD_DIAGNOSTIC,CAPACITY_SECURITY_PLUS_4,MLE_BASE,LOCAL_WINDOW_HPP_BASE,10,1.36421329697,394,40,21,0.744116343797,0.844512993364,0.688149267585,0.72834625313,0,0,0
1.0,TASK3_CAPACITY_MECHANISM_CONFIRMATORY_V1,POST_HOC_SUPPORTING_LOAD_DIAGNOSTIC,CAPACITY_SECURITY_PLUS_4,MLE_BASE,LOCAL_WINDOW_HPP_BASE,11,1.36421329697,409,40,21,0.744116343797,0.844512993364,0.721657579855,0.779781717307,0,0,0
1.0,TASK3_CAPACITY_MECHANISM_CONFIRMATORY_V1,POST_HOC_SUPPORTING_LOAD_DIAGNOSTIC,CAPACITY_SECURITY_PLUS_4,MLE_BASE,LOCAL_WINDOW_HPP_BASE,12,1.36421329697,423,40,21,0.744116343797,0.844512993364,0.741853931593,0.78774080737,0,0,0
1.0,TASK3_CAPACITY_MECHANISM_CONFIRMATORY_V1,POST_HOC_SUPPORTING_LOAD_DIAGNOSTIC,CAPACITY_SECURITY_PLUS_4,MLE_BASE,LOCAL_WINDOW_HPP_BASE,13,1.36421329697,455,40,21,0.744116343797,0.844512993364,0.801608807501,0.847469958228,0.235164835165,0,0
1.0,TASK3_CAPACITY_MECHANISM_CONFIRMATORY_V1,POST_HOC_SUPPORTING_LOAD_DIAGNOSTIC,CAPACITY_SECURITY_PLUS_4,MLE_BASE,LOCAL_WINDOW_HPP_BASE,14,1.36421329697,374,40,21,0.744116343797,0.844512993364,0.66234719628,0.722464977178,0,0,0
1.0,TASK3_CAPACITY_MECHANISM_CONFIRMATORY_V1,POST_HOC_SUPPORTING_LOAD_DIAGNOSTIC,CAPACITY_SECURITY_PLUS_4,MLE_BASE,LOCAL_WINDOW_HPP_BASE,15,1.36421329697,386,40,21,0.744116343797,0.844512993364,0.679321233396,0.729753486962,0,0,0
1.0,TASK3_CAPACITY_MECHANISM_CONFIRMATORY_V1,POST_HOC_SUPPORTING_LOAD_DIAGNOSTIC,CAPACITY_SECURITY_PLUS_4,MLE_BASE,LOCAL_WINDOW_HPP_BASE,16,1.36421329697,401,40,21,0.744116343797,0.844512993364,0.694737486473,0.726831105753,0,0,0
1.0,TASK3_CAPACITY_MECHANISM_CONFIRMATORY_V1,POST_HOC_SUPPORTING_LOAD_DIAGNOSTIC,CAPACITY_SECURITY_PLUS_4,MLE_BASE,LOCAL_WINDOW_HPP_BASE,17,1.36421329697,429,40,21,0.744116343797,0.844512993364,0.754461033891,0.79412680958,0,0,0
1.0,TASK3_CAPACITY_MECHANISM_CONFIRMATORY_V1,POST_HOC_SUPPORTING_LOAD_DIAGNOSTIC,CAPACITY_SECURITY_PLUS_4,MLE_BASE,LOCAL_WINDOW_HPP_BASE,18,1.36421329697,419,40,21,0.744116343797,0.844512993364,0.73379303192,0.780991978548,0,0,0
1.0,TASK3_CAPACITY_MECHANISM_CONFIRMATORY_V1,POST_HOC_SUPPORTING_LOAD_DIAGNOSTIC,CAPACITY_SECURITY_PLUS_4,MLE_BASE,LOCAL_WINDOW_HPP_BASE,19,1.36421329697,445,40,21,0.744116343797,0.844512993364,0.77345692046,0.815704922783,0,0,0
1.0,TASK3_CAPACITY_MECHANISM_CONFIRMATORY_V1,POST_HOC_SUPPORTING_LOAD_DIAGNOSTIC,CAPACITY_SECURITY_PLUS_4,MLE_BASE,LOCAL_WINDOW_HPP_BASE,20,1.36421329697,418,40,21,0.744116343797,0.844512993364,0.733706874179,0.786852939686,0,0,0
1.0,TASK3_CAPACITY_MECHANISM_CONFIRMATORY_V1,POST_HOC_SUPPORTING_LOAD_DIAGNOSTIC,CAPACITY_SECURITY_PLUS_4,MLE_BASE,LOCAL_WINDOW_HPP_BASE,21,1.36421329697,417,40,21,0.744116343797,0.844512993364,0.720731949456,0.766574960099,0,0,0
1.0,TASK3_CAPACITY_MECHANISM_CONFIRMATORY_V1,POST_HOC_SUPPORTING_LOAD_DIAGNOSTIC,CAPACITY_SECURITY_PLUS_4,MLE_BASE,LOCAL_WINDOW_HPP_BASE,22,1.36421329697,410,40,21,0.744116343797,0.844512993364,0.724896438809,0.76962916241,0,0,0
1.0,TASK3_CAPACITY_MECHANISM_CONFIRMATORY_V1,POST_HOC_SUPPORTING_LOAD_DIAGNOSTIC,CAPACITY_SECURITY_PLUS_4,MLE_BASE,LOCAL_WINDOW_HPP_BASE,23,1.36421329697,439,40,21,0.744116343797,0.844512993364,0.774709565166,0.837438107344,0,0,0
1.0,TASK3_CAPACITY_MECHANISM_CONFIRMATORY_V1,POST_HOC_SUPPORTING_LOAD_DIAGNOSTIC,CAPACITY_SECURITY_PLUS_4,MLE_BASE,LOCAL_WINDOW_HPP_BASE,24,1.36421329697,412,40,21,0.744116343797,0.844512993364,0.7096530114,0.74487229482,0,0,0
1.0,TASK3_CAPACITY_MECHANISM_CONFIRMATORY_V1,POST_HOC_SUPPORTING_LOAD_DIAGNOSTIC,CAPACITY_SECURITY_PLUS_4,MLE_BASE,LOCAL_WINDOW_HPP_BASE,25,1.36421329697,424,40,21,0.744116343797,0.844512993364,0.731608398059,0.775430841667,0,0,0
1.0,TASK3_CAPACITY_MECHANISM_CONFIRMATORY_V1,POST_HOC_SUPPORTING_LOAD_DIAGNOSTIC,CAPACITY_SECURITY_PLUS_4,MLE_BASE,LOCAL_WINDOW_HPP_BASE,26,1.36421329697,419,40,21,0.744116343797,0.844512993364,0.740232504864,0.784540888341,0,0,0
1.0,TASK3_CAPACITY_MECHANISM_CONFIRMATORY_V1,POST_HOC_SUPPORTING_LOAD_DIAGNOSTIC,CAPACITY_SECURITY_PLUS_4,MLE_BASE,LOCAL_WINDOW_HPP_BASE,27,1.36421329697,410,40,21,0.744116343797,0.844512993364,0.713515100461,0.752644759908,0,0,0
1.0,TASK3_CAPACITY_MECHANISM_CONFIRMATORY_V1,POST_HOC_SUPPORTING_LOAD_DIAGNOSTIC,CAPACITY_SECURITY_PLUS_4,MLE_BASE,LOCAL_WINDOW_HPP_BASE,28,1.36421329697,392,40,21,0.744116343797,0.844512993364,0.682750392915,0.719211108418,0,0,0
1.0,TASK3_CAPACITY_MECHANISM_CONFIRMATORY_V1,POST_HOC_SUPPORTING_LOAD_DIAGNOSTIC,CAPACITY_SECURITY_PLUS_4,MLE_BASE,LOCAL_WINDOW_HPP_BASE,29,1.36421329697,424,40,21,0.744116343797,0.844512993364,0.745870607924,0.791740952073,0,0,0
1.0,TASK3_CAPACITY_MECHANISM_CONFIRMATORY_V1,POST_HOC_SUPPORTING_LOAD_DIAGNOSTIC,CAPACITY_SECURITY_PLUS_4,MLE_BASE,LOCAL_WINDOW_HPP_BASE,30,1.36421329697,408,40,21,0.744116343797,0.844512993364,0.707555617262,0.739774533588,0,0,0
1.0,TASK3_CAPACITY_MECHANISM_CONFIRMATORY_V1,POST_HOC_SUPPORTING_LOAD_DIAGNOSTIC,CAPACITY_SECURITY_PLUS_4,MLE_BASE,LOCAL_WINDOW_HPP_BASE,31,1.36421329697,425,40,21,0.744116343797,0.844512993364,0.751554811442,0.782412908532,0,0,0
1.0,TASK3_CAPACITY_MECHANISM_CONFIRMATORY_V1,POST_HOC_SUPPORTING_LOAD_DIAGNOSTIC,CAPACITY_SECURITY_PLUS_4,MLE_BASE,LOCAL_WINDOW_HPP_BASE,32,1.36421329697,395,40,21,0.744116343797,0.844512993364,0.68542417839,0.729499860666,0,0,0
1.0,TASK3_CAPACITY_MECHANISM_CONFIRMATORY_V1,POST_HOC_SUPPORTING_LOAD_DIAGNOSTIC,CAPACITY_SECURITY_PLUS_4,MLE_BASE,LOCAL_WINDOW_HPP_BASE,33,1.36421329697,428,40,21,0.744116343797,0.844512993364,0.746937047735,0.810420784897,0,0,0
1.0,TASK3_CAPACITY_MECHANISM_CONFIRMATORY_V1,POST_HOC_SUPPORTING_LOAD_DIAGNOSTIC,CAPACITY_SECURITY_PLUS_4,MLE_BASE,LOCAL_WINDOW_HPP_BASE,34,1.36421329697,426,40,21,0.744116343797,0.844512993364,0.741027213331,0.774425697531,0,0,0
1.0,TASK3_CAPACITY_MECHANISM_CONFIRMATORY_V1,POST_HOC_SUPPORTING_LOAD_DIAGNOSTIC,CAPACITY_SECURITY_PLUS_4,MLE_BASE,LOCAL_WINDOW_HPP_BASE,35,1.36421329697,451,40,21,0.744116343797,0.844512993364,0.773582861703,0.806207053964,0,0,0
1.0,TASK3_CAPACITY_MECHANISM_CONFIRMATORY_V1,POST_HOC_SUPPORTING_LOAD_DIAGNOSTIC,CAPACITY_SECURITY_PLUS_4,MLE_BASE,LOCAL_WINDOW_HPP_BASE,36,1.36421329697,414,40,21,0.744116343797,0.844512993364,0.719829788831,0.776040610056,0,0,0
1.0,TASK3_CAPACITY_MECHANISM_CONFIRMATORY_V1,POST_HOC_SUPPORTING_LOAD_DIAGNOSTIC,CAPACITY_SECURITY_PLUS_4,MLE_BASE,LOCAL_WINDOW_HPP_BASE,37,1.36421329697,408,40,21,0.744116343797,0.844512993364,0.717100771388,0.753913801485,0,0,0
1.0,TASK3_CAPACITY_MECHANISM_CONFIRMATORY_V1,POST_HOC_SUPPORTING_LOAD_DIAGNOSTIC,CAPACITY_SECURITY_PLUS_4,MLE_BASE,LOCAL_WINDOW_HPP_BASE,38,1.36421329697,406,40,21,0.744116343797,0.844512993364,0.719704468746,0.77032168929,0,0,0
1.0,TASK3_CAPACITY_MECHANISM_CONFIRMATORY_V1,POST_HOC_SUPPORTING_LOAD_DIAGNOSTIC,CAPACITY_SECURITY_PLUS_4,MLE_BASE,LOCAL_WINDOW_HPP_BASE,39,1.36421329697,388,40,21,0.744116343797,0.844512993364,0.666121133706,0.687200964187,0,0,0
1.0,TASK3_CAPACITY_MECHANISM_CONFIRMATORY_V1,POST_HOC_SUPPORTING_LOAD_DIAGNOSTIC,CAPACITY_SECURITY_PLUS_4,MLE_BASE,LOCAL_WINDOW_HPP_BASE,40,1.36421329697,399,40,21,0.744116343797,0.844512993364,0.691628516873,0.735407598247,0,0,0
1.0,TASK3_CAPACITY_MECHANISM_CONFIRMATORY_V1,POST_HOC_SUPPORTING_LOAD_DIAGNOSTIC,CAPACITY_SECURITY_PLUS_4,MLE_BASE,LOCAL_WINDOW_HPP_BASE,41,1.36421329697,416,40,21,0.744116343797,0.844512993364,0.731386447799,0.786376427774,0,0,0
1.0,TASK3_CAPACITY_MECHANISM_CONFIRMATORY_V1,POST_HOC_SUPPORTING_LOAD_DIAGNOSTIC,CAPACITY_SECURITY_PLUS_4,MLE_BASE,LOCAL_WINDOW_HPP_BASE,42,1.36421329697,403,40,21,0.744116343797,0.844512993364,0.70996840867,0.747223929965,0,0,0
1.0,TASK3_CAPACITY_MECHANISM_CONFIRMATORY_V1,POST_HOC_SUPPORTING_LOAD_DIAGNOSTIC,CAPACITY_SECURITY_PLUS_4,MLE_BASE,LOCAL_WINDOW_HPP_BASE,43,1.36421329697,407,40,21,0.744116343797,0.844512993364,0.717964708215,0.753499645094,0,0,0
1.0,TASK3_CAPACITY_MECHANISM_CONFIRMATORY_V1,POST_HOC_SUPPORTING_LOAD_DIAGNOSTIC,CAPACITY_SECURITY_PLUS_4,MLE_BASE,LOCAL_WINDOW_HPP_BASE,44,1.36421329697,366,40,21,0.744116343797,0.844512993364,0.642376328862,0.681497309643,0,0,0
1.0,TASK3_CAPACITY_MECHANISM_CONFIRMATORY_V1,POST_HOC_SUPPORTING_LOAD_DIAGNOSTIC,CAPACITY_SECURITY_PLUS_4,MLE_BASE,LOCAL_WINDOW_HPP_BASE,45,1.36421329697,399,40,21,0.744116343797,0.844512993364,0.698204009296,0.742441798158,0,0,0
1.0,TASK3_CAPACITY_MECHANISM_CONFIRMATORY_V1,POST_HOC_SUPPORTING_LOAD_DIAGNOSTIC,CAPACITY_SECURITY_PLUS_4,MLE_BASE,LOCAL_WINDOW_HPP_BASE,46,1.36421329697,452,40,21,0.744116343797,0.844512993364,0.798286148718,0.836398122704,0,0,0
1.0,TASK3_CAPACITY_MECHANISM_CONFIRMATORY_V1,POST_HOC_SUPPORTING_LOAD_DIAGNOSTIC,CAPACITY_SECURITY_PLUS_4,MLE_BASE,LOCAL_WINDOW_HPP_BASE,47,1.36421329697,385,40,21,0.744116343797,0.844512993364,0.676390328906,0.733486982803,0,0,0
1.0,TASK3_CAPACITY_MECHANISM_CONFIRMATORY_V1,POST_HOC_SUPPORTING_LOAD_DIAGNOSTIC,CAPACITY_SECURITY_PLUS_4,MLE_BASE,LOCAL_WINDOW_HPP_BASE,48,1.36421329697,416,40,21,0.744116343797,0.844512993364,0.730164528844,0.773267225293,0,0,0
1.0,TASK3_CAPACITY_MECHANISM_CONFIRMATORY_V1,POST_HOC_SUPPORTING_LOAD_DIAGNOSTIC,CAPACITY_SECURITY_PLUS_4,MLE_BASE,LOCAL_WINDOW_HPP_BASE,49,1.36421329697,423,40,21,0.744116343797,0.844512993364,0.744896728593,0.792424193642,0,0,0
1.0,TASK3_CAPACITY_MECHANISM_CONFIRMATORY_V1,POST_HOC_SUPPORTING_LOAD_DIAGNOSTIC,CAPACITY_SECURITY_PLUS_4,MLE_BASE,LOCAL_WINDOW_HPP_BASE,50,1.36421329697,414,40,21,0.744116343797,0.844512993364,0.723539017069,0.76926352443,0,0,0
1.0,TASK3_CAPACITY_MECHANISM_CONFIRMATORY_V1,POST_HOC_SUPPORTING_LOAD_DIAGNOSTIC,REFERENCE_ASSUMPTION_SANDBOX_V1,MLE_BASE,LOCAL_WINDOW_HPP_BASE,1,1.36421329697,396,36,21,0.826795937552,0.844512993364,0.77222086074,0.752337866896,0,0,0
1.0,TASK3_CAPACITY_MECHANISM_CONFIRMATORY_V1,POST_HOC_SUPPORTING_LOAD_DIAGNOSTIC,REFERENCE_ASSUMPTION_SANDBOX_V1,MLE_BASE,LOCAL_WINDOW_HPP_BASE,2,1.36421329697,442,36,21,0.826795937552,0.844512993364,0.838899724653,0.796935987005,0,0,0
1.0,TASK3_CAPACITY_MECHANISM_CONFIRMATORY_V1,POST_HOC_SUPPORTING_LOAD_DIAGNOSTIC,REFERENCE_ASSUMPTION_SANDBOX_V1,MLE_BASE,LOCAL_WINDOW_HPP_BASE,3,1.36421329697,393,36,21,0.826795937552,0.844512993364,0.766639226868,0.737900720011,0,0,0
1.0,TASK3_CAPACITY_MECHANISM_CONFIRMATORY_V1,POST_HOC_SUPPORTING_LOAD_DIAGNOSTIC,REFERENCE_ASSUMPTION_SANDBOX_V1,MLE_BASE,LOCAL_WINDOW_HPP_BASE,4,1.36421329697,410,36,21,0.826795937552,0.844512993364,0.791881787433,0.752185590567,0,0,0
1.0,TASK3_CAPACITY_MECHANISM_CONFIRMATORY_V1,POST_HOC_SUPPORTING_LOAD_DIAGNOSTIC,REFERENCE_ASSUMPTION_SANDBOX_V1,MLE_BASE,LOCAL_WINDOW_HPP_BASE,5,1.36421329697,388,36,21,0.826795937552,0.844512993364,0.765879727682,0.751771096414,0,0,0
1.0,TASK3_CAPACITY_MECHANISM_CONFIRMATORY_V1,POST_HOC_SUPPORTING_LOAD_DIAGNOSTIC,REFERENCE_ASSUMPTION_SANDBOX_V1,MLE_BASE,LOCAL_WINDOW_HPP_BASE,6,1.36421329697,419,36,21,0.826795937552,0.844512993364,0.817695918168,0.77710822783,0,0,0
1.0,TASK3_CAPACITY_MECHANISM_CONFIRMATORY_V1,POST_HOC_SUPPORTING_LOAD_DIAGNOSTIC,REFERENCE_ASSUMPTION_SANDBOX_V1,MLE_BASE,LOCAL_WINDOW_HPP_BASE,7,1.36421329697,408,36,21,0.826795937552,0.844512993364,0.791332845226,0.748389961216,0,0,0
1.0,TASK3_CAPACITY_MECHANISM_CONFIRMATORY_V1,POST_HOC_SUPPORTING_LOAD_DIAGNOSTIC,REFERENCE_ASSUMPTION_SANDBOX_V1,MLE_BASE,LOCAL_WINDOW_HPP_BASE,8,1.36421329697,442,36,21,0.826795937552,0.844512993364,0.87434806857,0.846050419901,0,0,0
1.0,TASK3_CAPACITY_MECHANISM_CONFIRMATORY_V1,POST_HOC_SUPPORTING_LOAD_DIAGNOSTIC,REFERENCE_ASSUMPTION_SANDBOX_V1,MLE_BASE,LOCAL_WINDOW_HPP_BASE,9,1.36421329697,395,36,21,0.826795937552,0.844512993364,0.766050282261,0.726521602605,0,0,0
1.0,TASK3_CAPACITY_MECHANISM_CONFIRMATORY_V1,POST_HOC_SUPPORTING_LOAD_DIAGNOSTIC,REFERENCE_ASSUMPTION_SANDBOX_V1,MLE_BASE,LOCAL_WINDOW_HPP_BASE,10,1.36421329697,394,36,21,0.826795937552,0.844512993364,0.764610297316,0.72834625313,0,0,0
1.0,TASK3_CAPACITY_MECHANISM_CONFIRMATORY_V1,POST_HOC_SUPPORTING_LOAD_DIAGNOSTIC,REFERENCE_ASSUMPTION_SANDBOX_V1,MLE_BASE,LOCAL_WINDOW_HPP_BASE,11,1.36421329697,409,36,21,0.826795937552,0.844512993364,0.801841755395,0.779781717307,0,0,0
1.0,TASK3_CAPACITY_MECHANISM_CONFIRMATORY_V1,POST_HOC_SUPPORTING_LOAD_DIAGNOSTIC,REFERENCE_ASSUMPTION_SANDBOX_V1,MLE_BASE,LOCAL_WINDOW_HPP_BASE,12,1.36421329697,423,36,21,0.826795937552,0.844512993364,0.824175112158,0.78774080737,0,0,0
1.0,TASK3_CAPACITY_MECHANISM_CONFIRMATORY_V1,POST_HOC_SUPPORTING_LOAD_DIAGNOSTIC,REFERENCE_ASSUMPTION_SANDBOX_V1,MLE_BASE,LOCAL_WINDOW_HPP_BASE,13,1.36421329697,455,36,21,0.826795937552,0.844512993364,0.888070937415,0.847469958228,0.259340659341,0,0
1.0,TASK3_CAPACITY_MECHANISM_CONFIRMATORY_V1,POST_HOC_SUPPORTING_LOAD_DIAGNOSTIC,REFERENCE_ASSUMPTION_SANDBOX_V1,MLE_BASE,LOCAL_WINDOW_HPP_BASE,14,1.36421329697,374,36,21,0.826795937552,0.844512993364,0.7359413292,0.722464977178,0,0,0
1.0,TASK3_CAPACITY_MECHANISM_CONFIRMATORY_V1,POST_HOC_SUPPORTING_LOAD_DIAGNOSTIC,REFERENCE_ASSUMPTION_SANDBOX_V1,MLE_BASE,LOCAL_WINDOW_HPP_BASE,15,1.36421329697,386,36,21,0.826795937552,0.844512993364,0.75480137044,0.729753486962,0,0,0
1.0,TASK3_CAPACITY_MECHANISM_CONFIRMATORY_V1,POST_HOC_SUPPORTING_LOAD_DIAGNOSTIC,REFERENCE_ASSUMPTION_SANDBOX_V1,MLE_BASE,LOCAL_WINDOW_HPP_BASE,16,1.36421329697,401,36,21,0.826795937552,0.844512993364,0.769889495217,0.726831105753,0,0,0
1.0,TASK3_CAPACITY_MECHANISM_CONFIRMATORY_V1,POST_HOC_SUPPORTING_LOAD_DIAGNOSTIC,REFERENCE_ASSUMPTION_SANDBOX_V1,MLE_BASE,LOCAL_WINDOW_HPP_BASE,17,1.36421329697,429,36,21,0.826795937552,0.844512993364,0.836594704243,0.79412680958,0,0,0
1.0,TASK3_CAPACITY_MECHANISM_CONFIRMATORY_V1,POST_HOC_SUPPORTING_LOAD_DIAGNOSTIC,REFERENCE_ASSUMPTION_SANDBOX_V1,MLE_BASE,LOCAL_WINDOW_HPP_BASE,18,1.36421329697,419,36,21,0.826795937552,0.844512993364,0.815325591022,0.780991978548,0,0,0
1.0,TASK3_CAPACITY_MECHANISM_CONFIRMATORY_V1,POST_HOC_SUPPORTING_LOAD_DIAGNOSTIC,REFERENCE_ASSUMPTION_SANDBOX_V1,MLE_BASE,LOCAL_WINDOW_HPP_BASE,19,1.36421329697,445,36,21,0.826795937552,0.844512993364,0.857035355724,0.815432451578,0,0,0
1.0,TASK3_CAPACITY_MECHANISM_CONFIRMATORY_V1,POST_HOC_SUPPORTING_LOAD_DIAGNOSTIC,REFERENCE_ASSUMPTION_SANDBOX_V1,MLE_BASE,LOCAL_WINDOW_HPP_BASE,20,1.36421329697,418,36,21,0.826795937552,0.844512993364,0.815229860199,0.786630406413,0,0,0
1.0,TASK3_CAPACITY_MECHANISM_CONFIRMATORY_V1,POST_HOC_SUPPORTING_LOAD_DIAGNOSTIC,REFERENCE_ASSUMPTION_SANDBOX_V1,MLE_BASE,LOCAL_WINDOW_HPP_BASE,21,1.36421329697,417,36,21,0.826795937552,0.844512993364,0.800680349029,0.766547455529,0,0,0
1.0,TASK3_CAPACITY_MECHANISM_CONFIRMATORY_V1,POST_HOC_SUPPORTING_LOAD_DIAGNOSTIC,REFERENCE_ASSUMPTION_SANDBOX_V1,MLE_BASE,LOCAL_WINDOW_HPP_BASE,22,1.36421329697,410,36,21,0.826795937552,0.844512993364,0.805272698676,0.76962916241,0,0,0
1.0,TASK3_CAPACITY_MECHANISM_CONFIRMATORY_V1,POST_HOC_SUPPORTING_LOAD_DIAGNOSTIC,REFERENCE_ASSUMPTION_SANDBOX_V1,MLE_BASE,LOCAL_WINDOW_HPP_BASE,23,1.36421329697,439,36,21,0.826795937552,0.844512993364,0.860788405739,0.83737122784,0,0,0
1.0,TASK3_CAPACITY_MECHANISM_CONFIRMATORY_V1,POST_HOC_SUPPORTING_LOAD_DIAGNOSTIC,REFERENCE_ASSUMPTION_SANDBOX_V1,MLE_BASE,LOCAL_WINDOW_HPP_BASE,24,1.36421329697,412,36,21,0.826795937552,0.844512993364,0.787257896887,0.74487229482,0,0,0
1.0,TASK3_CAPACITY_MECHANISM_CONFIRMATORY_V1,POST_HOC_SUPPORTING_LOAD_DIAGNOSTIC,REFERENCE_ASSUMPTION_SANDBOX_V1,MLE_BASE,LOCAL_WINDOW_HPP_BASE,25,1.36421329697,424,36,21,0.826795937552,0.844512993364,0.812327987193,0.775430841667,0,0,0
1.0,TASK3_CAPACITY_MECHANISM_CONFIRMATORY_V1,POST_HOC_SUPPORTING_LOAD_DIAGNOSTIC,REFERENCE_ASSUMPTION_SANDBOX_V1,MLE_BASE,LOCAL_WINDOW_HPP_BASE,26,1.36421329697,419,36,21,0.826795937552,0.844512993364,0.820973050693,0.784540888341,0,0,0
1.0,TASK3_CAPACITY_MECHANISM_CONFIRMATORY_V1,POST_HOC_SUPPORTING_LOAD_DIAGNOSTIC,REFERENCE_ASSUMPTION_SANDBOX_V1,MLE_BASE,LOCAL_WINDOW_HPP_BASE,27,1.36421329697,410,36,21,0.826795937552,0.844512993364,0.791769726259,0.751325315958,0,0,0
1.0,TASK3_CAPACITY_MECHANISM_CONFIRMATORY_V1,POST_HOC_SUPPORTING_LOAD_DIAGNOSTIC,REFERENCE_ASSUMPTION_SANDBOX_V1,MLE_BASE,LOCAL_WINDOW_HPP_BASE,28,1.36421329697,392,36,21,0.826795937552,0.844512993364,0.758589739876,0.718273606747,0,0,0
1.0,TASK3_CAPACITY_MECHANISM_CONFIRMATORY_V1,POST_HOC_SUPPORTING_LOAD_DIAGNOSTIC,REFERENCE_ASSUMPTION_SANDBOX_V1,MLE_BASE,LOCAL_WINDOW_HPP_BASE,29,1.36421329697,424,36,21,0.826795937552,0.844512993364,0.828610514156,0.791647860521,0,0,0
1.0,TASK3_CAPACITY_MECHANISM_CONFIRMATORY_V1,POST_HOC_SUPPORTING_LOAD_DIAGNOSTIC,REFERENCE_ASSUMPTION_SANDBOX_V1,MLE_BASE,LOCAL_WINDOW_HPP_BASE,30,1.36421329697,408,36,21,0.826795937552,0.844512993364,0.784024522394,0.73904248219,0,0,0
1.0,TASK3_CAPACITY_MECHANISM_CONFIRMATORY_V1,POST_HOC_SUPPORTING_LOAD_DIAGNOSTIC,REFERENCE_ASSUMPTION_SANDBOX_V1,MLE_BASE,LOCAL_WINDOW_HPP_BASE,31,1.36421329697,425,36,21,0.826795937552,0.844512993364,0.826569949431,0.781602516672,0,0,0
1.0,TASK3_CAPACITY_MECHANISM_CONFIRMATORY_V1,POST_HOC_SUPPORTING_LOAD_DIAGNOSTIC,REFERENCE_ASSUMPTION_SANDBOX_V1,MLE_BASE,LOCAL_WINDOW_HPP_BASE,32,1.36421329697,395,36,21,0.826795937552,0.844512993364,0.761582420434,0.729493664255,0,0,0
1.0,TASK3_CAPACITY_MECHANISM_CONFIRMATORY_V1,POST_HOC_SUPPORTING_LOAD_DIAGNOSTIC,REFERENCE_ASSUMPTION_SANDBOX_V1,MLE_BASE,LOCAL_WINDOW_HPP_BASE,33,1.36421329697,428,36,21,0.826795937552,0.844512993364,0.829930053038,0.810420784897,0,0,0
1.0,TASK3_CAPACITY_MECHANISM_CONFIRMATORY_V1,POST_HOC_SUPPORTING_LOAD_DIAGNOSTIC,REFERENCE_ASSUMPTION_SANDBOX_V1,MLE_BASE,LOCAL_WINDOW_HPP_BASE,34,1.36421329697,426,36,21,0.826795937552,0.844512993364,0.816989462683,0.774425697531,0,0,0
1.0,TASK3_CAPACITY_MECHANISM_CONFIRMATORY_V1,POST_HOC_SUPPORTING_LOAD_DIAGNOSTIC,REFERENCE_ASSUMPTION_SANDBOX_V1,MLE_BASE,LOCAL_WINDOW_HPP_BASE,35,1.36421329697,451,36,21,0.826795937552,0.844512993364,0.850418554757,0.803966099214,0,0,0
1.0,TASK3_CAPACITY_MECHANISM_CONFIRMATORY_V1,POST_HOC_SUPPORTING_LOAD_DIAGNOSTIC,REFERENCE_ASSUMPTION_SANDBOX_V1,MLE_BASE,LOCAL_WINDOW_HPP_BASE,36,1.36421329697,414,36,21,0.826795937552,0.844512993364,0.799810876478,0.776040610056,0,0,0
1.0,TASK3_CAPACITY_MECHANISM_CONFIRMATORY_V1,POST_HOC_SUPPORTING_LOAD_DIAGNOSTIC,REFERENCE_ASSUMPTION_SANDBOX_V1,MLE_BASE,LOCAL_WINDOW_HPP_BASE,37,1.36421329697,408,36,21,0.826795937552,0.844512993364,0.794839284954,0.753913801485,0,0,0
1.0,TASK3_CAPACITY_MECHANISM_CONFIRMATORY_V1,POST_HOC_SUPPORTING_LOAD_DIAGNOSTIC,REFERENCE_ASSUMPTION_SANDBOX_V1,MLE_BASE,LOCAL_WINDOW_HPP_BASE,38,1.36421329697,406,36,21,0.826795937552,0.844512993364,0.79967163194,0.77032168929,0,0,0
1.0,TASK3_CAPACITY_MECHANISM_CONFIRMATORY_V1,POST_HOC_SUPPORTING_LOAD_DIAGNOSTIC,REFERENCE_ASSUMPTION_SANDBOX_V1,MLE_BASE,LOCAL_WINDOW_HPP_BASE,39,1.36421329697,388,36,21,0.826795937552,0.844512993364,0.733871882845,0.687200964187,0,0,0
1.0,TASK3_CAPACITY_MECHANISM_CONFIRMATORY_V1,POST_HOC_SUPPORTING_LOAD_DIAGNOSTIC,REFERENCE_ASSUMPTION_SANDBOX_V1,MLE_BASE,LOCAL_WINDOW_HPP_BASE,40,1.36421329697,399,36,21,0.826795937552,0.844512993364,0.768476129859,0.735227721912,0,0,0
1.0,TASK3_CAPACITY_MECHANISM_CONFIRMATORY_V1,POST_HOC_SUPPORTING_LOAD_DIAGNOSTIC,REFERENCE_ASSUMPTION_SANDBOX_V1,MLE_BASE,LOCAL_WINDOW_HPP_BASE,41,1.36421329697,416,36,21,0.826795937552,0.844512993364,0.812651608666,0.786376427774,0,0,0
1.0,TASK3_CAPACITY_MECHANISM_CONFIRMATORY_V1,POST_HOC_SUPPORTING_LOAD_DIAGNOSTIC,REFERENCE_ASSUMPTION_SANDBOX_V1,MLE_BASE,LOCAL_WINDOW_HPP_BASE,42,1.36421329697,403,36,21,0.826795937552,0.844512993364,0.786496765216,0.744259115524,0,0,0
1.0,TASK3_CAPACITY_MECHANISM_CONFIRMATORY_V1,POST_HOC_SUPPORTING_LOAD_DIAGNOSTIC,REFERENCE_ASSUMPTION_SANDBOX_V1,MLE_BASE,LOCAL_WINDOW_HPP_BASE,43,1.36421329697,407,36,21,0.826795937552,0.844512993364,0.794469899742,0.753004911539,0,0,0
1.0,TASK3_CAPACITY_MECHANISM_CONFIRMATORY_V1,POST_HOC_SUPPORTING_LOAD_DIAGNOSTIC,REFERENCE_ASSUMPTION_SANDBOX_V1,MLE_BASE,LOCAL_WINDOW_HPP_BASE,44,1.36421329697,366,36,21,0.826795937552,0.844512993364,0.713751476513,0.681497309643,0,0,0
1.0,TASK3_CAPACITY_MECHANISM_CONFIRMATORY_V1,POST_HOC_SUPPORTING_LOAD_DIAGNOSTIC,REFERENCE_ASSUMPTION_SANDBOX_V1,MLE_BASE,LOCAL_WINDOW_HPP_BASE,45,1.36421329697,399,36,21,0.826795937552,0.844512993364,0.775782232551,0.742441798158,0,0,0
1.0,TASK3_CAPACITY_MECHANISM_CONFIRMATORY_V1,POST_HOC_SUPPORTING_LOAD_DIAGNOSTIC,REFERENCE_ASSUMPTION_SANDBOX_V1,MLE_BASE,LOCAL_WINDOW_HPP_BASE,46,1.36421329697,452,36,21,0.826795937552,0.844512993364,0.882669923619,0.834729685762,0,0,0
1.0,TASK3_CAPACITY_MECHANISM_CONFIRMATORY_V1,POST_HOC_SUPPORTING_LOAD_DIAGNOSTIC,REFERENCE_ASSUMPTION_SANDBOX_V1,MLE_BASE,LOCAL_WINDOW_HPP_BASE,47,1.36421329697,385,36,21,0.826795937552,0.844512993364,0.751544809895,0.733486982803,0,0,0
1.0,TASK3_CAPACITY_MECHANISM_CONFIRMATORY_V1,POST_HOC_SUPPORTING_LOAD_DIAGNOSTIC,REFERENCE_ASSUMPTION_SANDBOX_V1,MLE_BASE,LOCAL_WINDOW_HPP_BASE,48,1.36421329697,416,36,21,0.826795937552,0.844512993364,0.810299818904,0.77311920261,0,0,0
1.0,TASK3_CAPACITY_MECHANISM_CONFIRMATORY_V1,POST_HOC_SUPPORTING_LOAD_DIAGNOSTIC,REFERENCE_ASSUMPTION_SANDBOX_V1,MLE_BASE,LOCAL_WINDOW_HPP_BASE,49,1.36421329697,423,36,21,0.826795937552,0.844512993364,0.827659113102,0.791745582749,0,0,0
1.0,TASK3_CAPACITY_MECHANISM_CONFIRMATORY_V1,POST_HOC_SUPPORTING_LOAD_DIAGNOSTIC,REFERENCE_ASSUMPTION_SANDBOX_V1,MLE_BASE,LOCAL_WINDOW_HPP_BASE,50,1.36421329697,414,36,21,0.826795937552,0.844512993364,0.803932241188,0.767426519612,0,0,0
1.0,TASK3_CAPACITY_MECHANISM_CONFIRMATORY_V1,POST_HOC_SUPPORTING_LOAD_DIAGNOSTIC,CAPACITY_BOTH_PLUS,EXACT95_HIGH,LOCAL_WINDOW_HPP_EXACT95_HIGH,1,1.90635134402,564,40,24,1.03982800582,1.03260697801,0.923476208691,0.856381190106,0.375886524823,0,0
1.0,TASK3_CAPACITY_MECHANISM_CONFIRMATORY_V1,POST_HOC_SUPPORTING_LOAD_DIAGNOSTIC,CAPACITY_BOTH_PLUS,EXACT95_HIGH,LOCAL_WINDOW_HPP_EXACT95_HIGH,2,1.90635134402,593,40,24,1.03982800582,1.03260697801,0.961924687995,0.894346908673,0.620573355818,0,0
1.0,TASK3_CAPACITY_MECHANISM_CONFIRMATORY_V1,POST_HOC_SUPPORTING_LOAD_DIAGNOSTIC,CAPACITY_BOTH_PLUS,EXACT95_HIGH,LOCAL_WINDOW_HPP_EXACT95_HIGH,3,1.90635134402,617,40,24,1.03982800582,1.03260697801,0.957495420159,0.888186496398,0.435980551053,0.260940032415,0
1.0,TASK3_CAPACITY_MECHANISM_CONFIRMATORY_V1,POST_HOC_SUPPORTING_LOAD_DIAGNOSTIC,CAPACITY_BOTH_PLUS,EXACT95_HIGH,LOCAL_WINDOW_HPP_EXACT95_HIGH,4,1.90635134402,562,40,24,1.03982800582,1.03260697801,0.95546979145,0.887245376798,0,0,0
1.0,TASK3_CAPACITY_MECHANISM_CONFIRMATORY_V1,POST_HOC_SUPPORTING_LOAD_DIAGNOSTIC,CAPACITY_BOTH_PLUS,EXACT95_HIGH,LOCAL_WINDOW_HPP_EXACT95_HIGH,5,1.90635134402,591,40,24,1.03982800582,1.03260697801,0.961553330859,0.894245279022,0.301184433164,0,0
1.0,TASK3_CAPACITY_MECHANISM_CONFIRMATORY_V1,POST_HOC_SUPPORTING_LOAD_DIAGNOSTIC,CAPACITY_BOTH_PLUS,EXACT95_HIGH,LOCAL_WINDOW_HPP_EXACT95_HIGH,6,1.90635134402,571,40,24,1.03982800582,1.03260697801,0.961965747731,0.892700601689,0,0,0
1.0,TASK3_CAPACITY_MECHANISM_CONFIRMATORY_V1,POST_HOC_SUPPORTING_LOAD_DIAGNOSTIC,CAPACITY_BOTH_PLUS,EXACT95_HIGH,LOCAL_WINDOW_HPP_EXACT95_HIGH,7,1.90635134402,574,40,24,1.03982800582,1.03260697801,0.95997223555,0.893936419417,0,0,0
1.0,TASK3_CAPACITY_MECHANISM_CONFIRMATORY_V1,POST_HOC_SUPPORTING_LOAD_DIAGNOSTIC,CAPACITY_BOTH_PLUS,EXACT95_HIGH,LOCAL_WINDOW_HPP_EXACT95_HIGH,8,1.90635134402,559,40,24,1.03982800582,1.03260697801,0.965058524892,0.898312397478,0,0,0
1.0,TASK3_CAPACITY_MECHANISM_CONFIRMATORY_V1,POST_HOC_SUPPORTING_LOAD_DIAGNOSTIC,CAPACITY_BOTH_PLUS,EXACT95_HIGH,LOCAL_WINDOW_HPP_EXACT95_HIGH,9,1.90635134402,612,40,24,1.03982800582,1.03260697801,0.954154028705,0.888012475811,0.397058823529,0.101307189542,0
1.0,TASK3_CAPACITY_MECHANISM_CONFIRMATORY_V1,POST_HOC_SUPPORTING_LOAD_DIAGNOSTIC,CAPACITY_BOTH_PLUS,EXACT95_HIGH,LOCAL_WINDOW_HPP_EXACT95_HIGH,10,1.90635134402,560,40,24,1.03982800582,1.03260697801,0.978272992343,0.901463716084,0.125,0,0
1.0,TASK3_CAPACITY_MECHANISM_CONFIRMATORY_V1,POST_HOC_SUPPORTING_LOAD_DIAGNOSTIC,CAPACITY_BOTH_PLUS,EXACT95_HIGH,LOCAL_WINDOW_HPP_EXACT95_HIGH,11,1.90635134402,534,40,24,1.03982800582,1.03260697801,0.942452676206,0.881191316358,0,0,0
1.0,TASK3_CAPACITY_MECHANISM_CONFIRMATORY_V1,POST_HOC_SUPPORTING_LOAD_DIAGNOSTIC,CAPACITY_BOTH_PLUS,EXACT95_HIGH,LOCAL_WINDOW_HPP_EXACT95_HIGH,12,1.90635134402,577,40,24,1.03982800582,1.03260697801,0.968075273398,0.89950257564,0.493934142114,0,0
1.0,TASK3_CAPACITY_MECHANISM_CONFIRMATORY_V1,POST_HOC_SUPPORTING_LOAD_DIAGNOSTIC,CAPACITY_BOTH_PLUS,EXACT95_HIGH,LOCAL_WINDOW_HPP_EXACT95_HIGH,13,1.90635134402,594,40,24,1.03982800582,1.03260697801,0.946794081288,0.879001608696,0.451178451178,0.016835016835,0
1.0,TASK3_CAPACITY_MECHANISM_CONFIRMATORY_V1,POST_HOC_SUPPORTING_LOAD_DIAGNOSTIC,CAPACITY_BOTH_PLUS,EXACT95_HIGH,LOCAL_WINDOW_HPP_EXACT95_HIGH,14,1.90635134402,577,40,24,1.03982800582,1.03260697801,0.944082920748,0.877875425395,0.121317157712,0,0
1.0,TASK3_CAPACITY_MECHANISM_CONFIRMATORY_V1,POST_HOC_SUPPORTING_LOAD_DIAGNOSTIC,CAPACITY_BOTH_PLUS,EXACT95_HIGH,LOCAL_WINDOW_HPP_EXACT95_HIGH,15,1.90635134402,604,40,24,1.03982800582,1.03260697801,0.9642993249,0.894503387213,0.64238410596,0.149006622517,0
1.0,TASK3_CAPACITY_MECHANISM_CONFIRMATORY_V1,POST_HOC_SUPPORTING_LOAD_DIAGNOSTIC,CAPACITY_BOTH_PLUS,EXACT95_HIGH,LOCAL_WINDOW_HPP_EXACT95_HIGH,16,1.90635134402,549,40,24,1.03982800582,1.03260697801,0.932836796785,0.865383263896,0,0,0
1.0,TASK3_CAPACITY_MECHANISM_CONFIRMATORY_V1,POST_HOC_SUPPORTING_LOAD_DIAGNOSTIC,CAPACITY_BOTH_PLUS,EXACT95_HIGH,LOCAL_WINDOW_HPP_EXACT95_HIGH,17,1.90635134402,550,40,24,1.03982800582,1.03260697801,0.944717686975,0.876436759768,0,0,0
1.0,TASK3_CAPACITY_MECHANISM_CONFIRMATORY_V1,POST_HOC_SUPPORTING_LOAD_DIAGNOSTIC,CAPACITY_BOTH_PLUS,EXACT95_HIGH,LOCAL_WINDOW_HPP_EXACT95_HIGH,18,1.90635134402,598,40,24,1.03982800582,1.03260697801,0.947551886612,0.878398292384,0.252508361204,0.0234113712375,0
1.0,TASK3_CAPACITY_MECHANISM_CONFIRMATORY_V1,POST_HOC_SUPPORTING_LOAD_DIAGNOSTIC,CAPACITY_BOTH_PLUS,EXACT95_HIGH,LOCAL_WINDOW_HPP_EXACT95_HIGH,19,1.90635134402,550,40,24,1.03982800582,1.03260697801,0.931754510056,0.864509615003,0,0,0
1.0,TASK3_CAPACITY_MECHANISM_CONFIRMATORY_V1,POST_HOC_SUPPORTING_LOAD_DIAGNOSTIC,CAPACITY_BOTH_PLUS,EXACT95_HIGH,LOCAL_WINDOW_HPP_EXACT95_HIGH,20,1.90635134402,581,40,24,1.03982800582,1.03260697801,0.916371154582,0.848115324676,0.335628227194,0.0223752151463,0
1.0,TASK3_CAPACITY_MECHANISM_CONFIRMATORY_V1,POST_HOC_SUPPORTING_LOAD_DIAGNOSTIC,CAPACITY_BOTH_PLUS,EXACT95_HIGH,LOCAL_WINDOW_HPP_EXACT95_HIGH,21,1.90635134402,556,40,24,1.03982800582,1.03260697801,0.935264534396,0.869316705063,0,0,0
1.0,TASK3_CAPACITY_MECHANISM_CONFIRMATORY_V1,POST_HOC_SUPPORTING_LOAD_DIAGNOSTIC,CAPACITY_BOTH_PLUS,EXACT95_HIGH,LOCAL_WINDOW_HPP_EXACT95_HIGH,22,1.90635134402,537,40,24,1.03982800582,1.03260697801,0.93409128131,0.867343685475,0,0,0
1.0,TASK3_CAPACITY_MECHANISM_CONFIRMATORY_V1,POST_HOC_SUPPORTING_LOAD_DIAGNOSTIC,CAPACITY_BOTH_PLUS,EXACT95_HIGH,LOCAL_WINDOW_HPP_EXACT95_HIGH,23,1.90635134402,576,40,24,1.03982800582,1.03260697801,0.932513790545,0.865365138804,0.314236111111,0,0
1.0,TASK3_CAPACITY_MECHANISM_CONFIRMATORY_V1,POST_HOC_SUPPORTING_LOAD_DIAGNOSTIC,CAPACITY_BOTH_PLUS,EXACT95_HIGH,LOCAL_WINDOW_HPP_EXACT95_HIGH,24,1.90635134402,565,40,24,1.03982800582,1.03260697801,0.964354894172,0.897573506216,0.00176991150442,0,0
1.0,TASK3_CAPACITY_MECHANISM_CONFIRMATORY_V1,POST_HOC_SUPPORTING_LOAD_DIAGNOSTIC,CAPACITY_BOTH_PLUS,EXACT95_HIGH,LOCAL_WINDOW_HPP_EXACT95_HIGH,25,1.90635134402,530,40,24,1.03982800582,1.03260697801,0.917325131704,0.849634176314,0,0,0
1.0,TASK3_CAPACITY_MECHANISM_CONFIRMATORY_V1,POST_HOC_SUPPORTING_LOAD_DIAGNOSTIC,CAPACITY_BOTH_PLUS,EXACT95_HIGH,LOCAL_WINDOW_HPP_EXACT95_HIGH,26,1.90635134402,582,40,24,1.03982800582,1.03260697801,0.96997800171,0.89621013415,0.611683848797,0,0
1.0,TASK3_CAPACITY_MECHANISM_CONFIRMATORY_V1,POST_HOC_SUPPORTING_LOAD_DIAGNOSTIC,CAPACITY_BOTH_PLUS,EXACT95_HIGH,LOCAL_WINDOW_HPP_EXACT95_HIGH,27,1.90635134402,563,40,24,1.03982800582,1.03260697801,0.957233998178,0.89058360929,0.0213143872114,0,0
1.0,TASK3_CAPACITY_MECHANISM_CONFIRMATORY_V1,POST_HOC_SUPPORTING_LOAD_DIAGNOSTIC,CAPACITY_BOTH_PLUS,EXACT95_HIGH,LOCAL_WINDOW_HPP_EXACT95_HIGH,28,1.90635134402,575,40,24,1.03982800582,1.03260697801,0.935109795385,0.868838607596,0.182608695652,0,0
1.0,TASK3_CAPACITY_MECHANISM_CONFIRMATORY_V1,POST_HOC_SUPPORTING_LOAD_DIAGNOSTIC,CAPACITY_BOTH_PLUS,EXACT95_HIGH,LOCAL_WINDOW_HPP_EXACT95_HIGH,29,1.90635134402,513,40,24,1.03982800582,1.03260697801,0.906612419138,0.849121000486,0,0,0
1.0,TASK3_CAPACITY_MECHANISM_CONFIRMATORY_V1,POST_HOC_SUPPORTING_LOAD_DIAGNOSTIC,CAPACITY_BOTH_PLUS,EXACT95_HIGH,LOCAL_WINDOW_HPP_EXACT95_HIGH,30,1.90635134402,591,40,24,1.03982800582,1.03260697801,0.950366116332,0.883479270704,0.360406091371,0,0
1.0,TASK3_CAPACITY_MECHANISM_CONFIRMATORY_V1,POST_HOC_SUPPORTING_LOAD_DIAGNOSTIC,CAPACITY_BOTH_PLUS,EXACT95_HIGH,LOCAL_WINDOW_HPP_EXACT95_HIGH,31,1.90635134402,606,40,24,1.03982800582,1.03260697801,0.966497767374,0.897803552394,0.625412541254,0.0511551155116,0
1.0,TASK3_CAPACITY_MECHANISM_CONFIRMATORY_V1,POST_HOC_SUPPORTING_LOAD_DIAGNOSTIC,CAPACITY_BOTH_PLUS,EXACT95_HIGH,LOCAL_WINDOW_HPP_EXACT95_HIGH,32,1.90635134402,551,40,24,1.03982800582,1.03260697801,0.961621456589,0.897423678362,0,0,0
1.0,TASK3_CAPACITY_MECHANISM_CONFIRMATORY_V1,POST_HOC_SUPPORTING_LOAD_DIAGNOSTIC,CAPACITY_BOTH_PLUS,EXACT95_HIGH,LOCAL_WINDOW_HPP_EXACT95_HIGH,33,1.90635134402,573,40,24,1.03982800582,1.03260697801,0.945931846945,0.877479784405,0.115183246073,0,0
1.0,TASK3_CAPACITY_MECHANISM_CONFIRMATORY_V1,POST_HOC_SUPPORTING_LOAD_DIAGNOSTIC,CAPACITY_BOTH_PLUS,EXACT95_HIGH,LOCAL_WINDOW_HPP_EXACT95_HIGH,34,1.90635134402,587,40,24,1.03982800582,1.03260697801,0.966020285395,0.896753050283,0.270868824532,0,0
1.0,TASK3_CAPACITY_MECHANISM_CONFIRMATORY_V1,POST_HOC_SUPPORTING_LOAD_DIAGNOSTIC,CAPACITY_BOTH_PLUS,EXACT95_HIGH,LOCAL_WINDOW_HPP_EXACT95_HIGH,35,1.90635134402,548,40,24,1.03982800582,1.03260697801,0.933423923455,0.865767587849,0,0,0
1.0,TASK3_CAPACITY_MECHANISM_CONFIRMATORY_V1,POST_HOC_SUPPORTING_LOAD_DIAGNOSTIC,CAPACITY_BOTH_PLUS,EXACT95_HIGH,LOCAL_WINDOW_HPP_EXACT95_HIGH,36,1.90635134402,567,40,24,1.03982800582,1.03260697801,0.943231934348,0.876365316281,0.241622574956,0,0
1.0,TASK3_CAPACITY_MECHANISM_CONFIRMATORY_V1,POST_HOC_SUPPORTING_LOAD_DIAGNOSTIC,CAPACITY_BOTH_PLUS,EXACT95_HIGH,LOCAL_WINDOW_HPP_EXACT95_HIGH,37,1.90635134402,556,40,24,1.03982800582,1.03260697801,0.94117041154,0.872070405315,0.0719424460432,0,0
1.0,TASK3_CAPACITY_MECHANISM_CONFIRMATORY_V1,POST_HOC_SUPPORTING_LOAD_DIAGNOSTIC,CAPACITY_BOTH_PLUS,EXACT95_HIGH,LOCAL_WINDOW_HPP_EXACT95_HIGH,38,1.90635134402,550,40,24,1.03982800582,1.03260697801,0.933337551914,0.868212817948,0.06,0,0
1.0,TASK3_CAPACITY_MECHANISM_CONFIRMATORY_V1,POST_HOC_SUPPORTING_LOAD_DIAGNOSTIC,CAPACITY_BOTH_PLUS,EXACT95_HIGH,LOCAL_WINDOW_HPP_EXACT95_HIGH,39,1.90635134402,581,40,24,1.03982800582,1.03260697801,0.95174883192,0.884885537908,0.34595524957,0,0
1.0,TASK3_CAPACITY_MECHANISM_CONFIRMATORY_V1,POST_HOC_SUPPORTING_LOAD_DIAGNOSTIC,CAPACITY_BOTH_PLUS,EXACT95_HIGH,LOCAL_WINDOW_HPP_EXACT95_HIGH,40,1.90635134402,596,40,24,1.03982800582,1.03260697801,0.956297396953,0.889606832259,0.296979865772,0,0
1.0,TASK3_CAPACITY_MECHANISM_CONFIRMATORY_V1,POST_HOC_SUPPORTING_LOAD_DIAGNOSTIC,CAPACITY_BOTH_PLUS,EXACT95_HIGH,LOCAL_WINDOW_HPP_EXACT95_HIGH,41,1.90635134402,562,40,24,1.03982800582,1.03260697801,0.941705231984,0.873719137393,0.455516014235,0,0
1.0,TASK3_CAPACITY_MECHANISM_CONFIRMATORY_V1,POST_HOC_SUPPORTING_LOAD_DIAGNOSTIC,CAPACITY_BOTH_PLUS,EXACT95_HIGH,LOCAL_WINDOW_HPP_EXACT95_HIGH,42,1.90635134402,591,40,24,1.03982800582,1.03260697801,0.959928896124,0.894110691738,0.429780033841,0,0
1.0,TASK3_CAPACITY_MECHANISM_CONFIRMATORY_V1,POST_HOC_SUPPORTING_LOAD_DIAGNOSTIC,CAPACITY_BOTH_PLUS,EXACT95_HIGH,LOCAL_WINDOW_HPP_EXACT95_HIGH,43,1.90635134402,562,40,24,1.03982800582,1.03260697801,0.951553895706,0.884936780738,0,0,0
1.0,TASK3_CAPACITY_MECHANISM_CONFIRMATORY_V1,POST_HOC_SUPPORTING_LOAD_DIAGNOSTIC,CAPACITY_BOTH_PLUS,EXACT95_HIGH,LOCAL_WINDOW_HPP_EXACT95_HIGH,44,1.90635134402,591,40,24,1.03982800582,1.03260697801,0.951767110167,0.88559064722,0.243654822335,0,0
1.0,TASK3_CAPACITY_MECHANISM_CONFIRMATORY_V1,POST_HOC_SUPPORTING_LOAD_DIAGNOSTIC,CAPACITY_BOTH_PLUS,EXACT95_HIGH,LOCAL_WINDOW_HPP_EXACT95_HIGH,45,1.90635134402,609,40,24,1.03982800582,1.03260697801,0.962289791181,0.895648720642,0.559934318555,0.0574712643678,0
1.0,TASK3_CAPACITY_MECHANISM_CONFIRMATORY_V1,POST_HOC_SUPPORTING_LOAD_DIAGNOSTIC,CAPACITY_BOTH_PLUS,EXACT95_HIGH,LOCAL_WINDOW_HPP_EXACT95_HIGH,46,1.90635134402,564,40,24,1.03982800582,1.03260697801,0.95183000864,0.883246014856,0.0195035460993,0,0
1.0,TASK3_CAPACITY_MECHANISM_CONFIRMATORY_V1,POST_HOC_SUPPORTING_LOAD_DIAGNOSTIC,CAPACITY_BOTH_PLUS,EXACT95_HIGH,LOCAL_WINDOW_HPP_EXACT95_HIGH,47,1.90635134402,521,40,24,1.03982800582,1.03260697801,0.911969994647,0.844581899413,0,0,0
1.0,TASK3_CAPACITY_MECHANISM_CONFIRMATORY_V1,POST_HOC_SUPPORTING_LOAD_DIAGNOSTIC,CAPACITY_BOTH_PLUS,EXACT95_HIGH,LOCAL_WINDOW_HPP_EXACT95_HIGH,48,1.90635134402,548,40,24,1.03982800582,1.03260697801,0.949566685036,0.881854704681,0,0,0
1.0,TASK3_CAPACITY_MECHANISM_CONFIRMATORY_V1,POST_HOC_SUPPORTING_LOAD_DIAGNOSTIC,CAPACITY_BOTH_PLUS,EXACT95_HIGH,LOCAL_WINDOW_HPP_EXACT95_HIGH,49,1.90635134402,569,40,24,1.03982800582,1.03260697801,0.96050958438,0.89274748817,0.212653778559,0,0
1.0,TASK3_CAPACITY_MECHANISM_CONFIRMATORY_V1,POST_HOC_SUPPORTING_LOAD_DIAGNOSTIC,CAPACITY_BOTH_PLUS,EXACT95_HIGH,LOCAL_WINDOW_HPP_EXACT95_HIGH,50,1.90635134402,589,40,24,1.03982800582,1.03260697801,0.961546607547,0.894865345262,0.123938879457,0,0
1.0,TASK3_CAPACITY_MECHANISM_CONFIRMATORY_V1,POST_HOC_SUPPORTING_LOAD_DIAGNOSTIC,CAPACITY_IMMIGRATION_PLUS_3,EXACT95_HIGH,LOCAL_WINDOW_HPP_EXACT95_HIGH,1,1.90635134402,564,36,24,1.15536445091,1.03260697801,0.93482218826,0.783543011864,0.721631205674,0.484042553191,0
1.0,TASK3_CAPACITY_MECHANISM_CONFIRMATORY_V1,POST_HOC_SUPPORTING_LOAD_DIAGNOSTIC,CAPACITY_IMMIGRATION_PLUS_3,EXACT95_HIGH,LOCAL_WINDOW_HPP_EXACT95_HIGH,2,1.90635134402,593,36,24,1.15536445091,1.03260697801,0.968349762469,0.8136404107,0.709949409781,0.549747048904,0.0286677908938
1.0,TASK3_CAPACITY_MECHANISM_CONFIRMATORY_V1,POST_HOC_SUPPORTING_LOAD_DIAGNOSTIC,CAPACITY_IMMIGRATION_PLUS_3,EXACT95_HIGH,LOCAL_WINDOW_HPP_EXACT95_HIGH,3,1.90635134402,617,36,24,1.15536445091,1.03260697801,0.974260210452,0.816475225819,0.578606158833,0.435980551053,0.171799027553
1.0,TASK3_CAPACITY_MECHANISM_CONFIRMATORY_V1,POST_HOC_SUPPORTING_LOAD_DIAGNOSTIC,CAPACITY_IMMIGRATION_PLUS_3,EXACT95_HIGH,LOCAL_WINDOW_HPP_EXACT95_HIGH,4,1.90635134402,562,36,24,1.15536445091,1.03260697801,0.97427283088,0.816777224597,0.519572953737,0.23665480427,0
1.0,TASK3_CAPACITY_MECHANISM_CONFIRMATORY_V1,POST_HOC_SUPPORTING_LOAD_DIAGNOSTIC,CAPACITY_IMMIGRATION_PLUS_3,EXACT95_HIGH,LOCAL_WINDOW_HPP_EXACT95_HIGH,5,1.90635134402,591,36,24,1.15536445091,1.03260697801,0.964847511755,0.808606679594,0.659898477157,0.451776649746,0.00338409475465
1.0,TASK3_CAPACITY_MECHANISM_CONFIRMATORY_V1,POST_HOC_SUPPORTING_LOAD_DIAGNOSTIC,CAPACITY_IMMIGRATION_PLUS_3,EXACT95_HIGH,LOCAL_WINDOW_HPP_EXACT95_HIGH,6,1.90635134402,571,36,24,1.15536445091,1.03260697801,0.969494688615,0.813887547301,0.718038528897,0.250437828371,0
1.0,TASK3_CAPACITY_MECHANISM_CONFIRMATORY_V1,POST_HOC_SUPPORTING_LOAD_DIAGNOSTIC,CAPACITY_IMMIGRATION_PLUS_3,EXACT95_HIGH,LOCAL_WINDOW_HPP_EXACT95_HIGH,7,1.90635134402,574,36,24,1.15536445091,1.03260697801,0.968252888731,0.810454086545,0.604529616725,0.256097560976,0
1.0,TASK3_CAPACITY_MECHANISM_CONFIRMATORY_V1,POST_HOC_SUPPORTING_LOAD_DIAGNOSTIC,CAPACITY_IMMIGRATION_PLUS_3,EXACT95_HIGH,LOCAL_WINDOW_HPP_EXACT95_HIGH,8,1.90635134402,559,36,24,1.15536445091,1.03260697801,0.97008032535,0.814044337174,0.645796064401,0.279069767442,0
1.0,TASK3_CAPACITY_MECHANISM_CONFIRMATORY_V1,POST_HOC_SUPPORTING_LOAD_DIAGNOSTIC,CAPACITY_IMMIGRATION_PLUS_3,EXACT95_HIGH,LOCAL_WINDOW_HPP_EXACT95_HIGH,9,1.90635134402,612,36,24,1.15536445091,1.03260697801,0.959611504299,0.803839951642,0.728758169935,0.513071895425,0.112745098039
1.0,TASK3_CAPACITY_MECHANISM_CONFIRMATORY_V1,POST_HOC_SUPPORTING_LOAD_DIAGNOSTIC,CAPACITY_IMMIGRATION_PLUS_3,EXACT95_HIGH,LOCAL_WINDOW_HPP_EXACT95_HIGH,10,1.90635134402,560,36,24,1.15536445091,1.03260697801,0.986063720455,0.820739040918,0.857142857143,0.307142857143,0
1.0,TASK3_CAPACITY_MECHANISM_CONFIRMATORY_V1,POST_HOC_SUPPORTING_LOAD_DIAGNOSTIC,CAPACITY_IMMIGRATION_PLUS_3,EXACT95_HIGH,LOCAL_WINDOW_HPP_EXACT95_HIGH,11,1.90635134402,534,36,24,1.15536445091,1.03260697801,0.97280384826,0.815510976319,0.704119850187,0,0
1.0,TASK3_CAPACITY_MECHANISM_CONFIRMATORY_V1,POST_HOC_SUPPORTING_LOAD_DIAGNOSTIC,CAPACITY_IMMIGRATION_PLUS_3,EXACT95_HIGH,LOCAL_WINDOW_HPP_EXACT95_HIGH,12,1.90635134402,577,36,24,1.15536445091,1.03260697801,0.971132990729,0.815316246108,0.750433275563,0.549393414211,0
1.0,TASK3_CAPACITY_MECHANISM_CONFIRMATORY_V1,POST_HOC_SUPPORTING_LOAD_DIAGNOSTIC,CAPACITY_IMMIGRATION_PLUS_3,EXACT95_HIGH,LOCAL_WINDOW_HPP_EXACT95_HIGH,13,1.90635134402,594,36,24,1.15536445091,1.03260697801,0.958550807579,0.803260509836,0.739057239057,0.449494949495,0.0319865319865
1.0,TASK3_CAPACITY_MECHANISM_CONFIRMATORY_V1,POST_HOC_SUPPORTING_LOAD_DIAGNOSTIC,CAPACITY_IMMIGRATION_PLUS_3,EXACT95_HIGH,LOCAL_WINDOW_HPP_EXACT95_HIGH,14,1.90635134402,577,36,24,1.15536445091,1.03260697801,0.959704098485,0.805421875676,0.613518197574,0.259965337955,0
1.0,TASK3_CAPACITY_MECHANISM_CONFIRMATORY_V1,POST_HOC_SUPPORTING_LOAD_DIAGNOSTIC,CAPACITY_IMMIGRATION_PLUS_3,EXACT95_HIGH,LOCAL_WINDOW_HPP_EXACT95_HIGH,15,1.90635134402,604,36,24,1.15536445091,1.03260697801,0.967261726714,0.810645090652,0.773178807947,0.556291390728,0.144039735099
1.0,TASK3_CAPACITY_MECHANISM_CONFIRMATORY_V1,POST_HOC_SUPPORTING_LOAD_DIAGNOSTIC,CAPACITY_IMMIGRATION_PLUS_3,EXACT95_HIGH,LOCAL_WINDOW_HPP_EXACT95_HIGH,16,1.90635134402,549,36,24,1.15536445091,1.03260697801,0.955703389917,0.800636577222,0.482695810565,0.102003642987,0
1.0,TASK3_CAPACITY_MECHANISM_CONFIRMATORY_V1,POST_HOC_SUPPORTING_LOAD_DIAGNOSTIC,CAPACITY_IMMIGRATION_PLUS_3,EXACT95_HIGH,LOCAL_WINDOW_HPP_EXACT95_HIGH,17,1.90635134402,550,36,24,1.15536445091,1.03260697801,0.964916176107,0.810352860663,0.712727272727,0.0981818181818,0
1.0,TASK3_CAPACITY_MECHANISM_CONFIRMATORY_V1,POST_HOC_SUPPORTING_LOAD_DIAGNOSTIC,CAPACITY_IMMIGRATION_PLUS_3,EXACT95_HIGH,LOCAL_WINDOW_HPP_EXACT95_HIGH,18,1.90635134402,598,36,24,1.15536445091,1.03260697801,0.96477824859,0.808832951354,0.602006688963,0.319397993311,0.0217391304348
1.0,TASK3_CAPACITY_MECHANISM_CONFIRMATORY_V1,POST_HOC_SUPPORTING_LOAD_DIAGNOSTIC,CAPACITY_IMMIGRATION_PLUS_3,EXACT95_HIGH,LOCAL_WINDOW_HPP_EXACT95_HIGH,19,1.90635134402,550,36,24,1.15536445091,1.03260697801,0.960042141436,0.804678934323,0.325454545455,0.0781818181818,0
1.0,TASK3_CAPACITY_MECHANISM_CONFIRMATORY_V1,POST_HOC_SUPPORTING_LOAD_DIAGNOSTIC,CAPACITY_IMMIGRATION_PLUS_3,EXACT95_HIGH,LOCAL_WINDOW_HPP_EXACT95_HIGH,20,1.90635134402,581,36,24,1.15536445091,1.03260697801,0.95498810046,0.801778505817,0.423407917384,0.268502581756,0
1.0,TASK3_CAPACITY_MECHANISM_CONFIRMATORY_V1,POST_HOC_SUPPORTING_LOAD_DIAGNOSTIC,CAPACITY_IMMIGRATION_PLUS_3,EXACT95_HIGH,LOCAL_WINDOW_HPP_EXACT95_HIGH,21,1.90635134402,556,36,24,1.15536445091,1.03260697801,0.966318728037,0.812296259276,0.48381294964,0.0611510791367,0
1.0,TASK3_CAPACITY_MECHANISM_CONFIRMATORY_V1,POST_HOC_SUPPORTING_LOAD_DIAGNOSTIC,CAPACITY_IMMIGRATION_PLUS_3,EXACT95_HIGH,LOCAL_WINDOW_HPP_EXACT95_HIGH,22,1.90635134402,537,36,24,1.15536445091,1.03260697801,0.962422077384,0.805988771516,0.433891992551,0.0204841713222,0
1.0,TASK3_CAPACITY_MECHANISM_CONFIRMATORY_V1,POST_HOC_SUPPORTING_LOAD_DIAGNOSTIC,CAPACITY_IMMIGRATION_PLUS_3,EXACT95_HIGH,LOCAL_WINDOW_HPP_EXACT95_HIGH,23,1.90635134402,576,36,24,1.15536445091,1.03260697801,0.958777539869,0.804553281084,0.4375,0.321180555556,0
1.0,TASK3_CAPACITY_MECHANISM_CONFIRMATORY_V1,POST_HOC_SUPPORTING_LOAD_DIAGNOSTIC,CAPACITY_IMMIGRATION_PLUS_3,EXACT95_HIGH,LOCAL_WINDOW_HPP_EXACT95_HIGH,24,1.90635134402,565,36,24,1.15536445091,1.03260697801,0.970528206249,0.814188168368,0.672566371681,0.412389380531,0
1.0,TASK3_CAPACITY_MECHANISM_CONFIRMATORY_V1,POST_HOC_SUPPORTING_LOAD_DIAGNOSTIC,CAPACITY_IMMIGRATION_PLUS_3,EXACT95_HIGH,LOCAL_WINDOW_HPP_EXACT95_HIGH,25,1.90635134402,530,36,24,1.15536445091,1.03260697801,0.964373281164,0.809128479725,0.216981132075,0,0
1.0,TASK3_CAPACITY_MECHANISM_CONFIRMATORY_V1,POST_HOC_SUPPORTING_LOAD_DIAGNOSTIC,CAPACITY_IMMIGRATION_PLUS_3,EXACT95_HIGH,LOCAL_WINDOW_HPP_EXACT95_HIGH,26,1.90635134402,582,36,24,1.15536445091,1.03260697801,0.971965716751,0.812484920839,0.847079037801,0.60824742268,0
1.0,TASK3_CAPACITY_MECHANISM_CONFIRMATORY_V1,POST_HOC_SUPPORTING_LOAD_DIAGNOSTIC,CAPACITY_IMMIGRATION_PLUS_3,EXACT95_HIGH,LOCAL_WINDOW_HPP_EXACT95_HIGH,27,1.90635134402,563,36,24,1.15536445091,1.03260697801,0.961517781033,0.806566913674,0.735346358792,0.435168738899,0
1.0,TASK3_CAPACITY_MECHANISM_CONFIRMATORY_V1,POST_HOC_SUPPORTING_LOAD_DIAGNOSTIC,CAPACITY_IMMIGRATION_PLUS_3,EXACT95_HIGH,LOCAL_WINDOW_HPP_EXACT95_HIGH,28,1.90635134402,575,36,24,1.15536445091,1.03260697801,0.95828822593,0.804877102119,0.533913043478,0.286956521739,0
1.0,TASK3_CAPACITY_MECHANISM_CONFIRMATORY_V1,POST_HOC_SUPPORTING_LOAD_DIAGNOSTIC,CAPACITY_IMMIGRATION_PLUS_3,EXACT95_HIGH,LOCAL_WINDOW_HPP_EXACT95_HIGH,29,1.90635134402,513,36,24,1.15536445091,1.03260697801,0.962160451515,0.808765792361,0.165692007797,0,0
1.0,TASK3_CAPACITY_MECHANISM_CONFIRMATORY_V1,POST_HOC_SUPPORTING_LOAD_DIAGNOSTIC,CAPACITY_IMMIGRATION_PLUS_3,EXACT95_HIGH,LOCAL_WINDOW_HPP_EXACT95_HIGH,30,1.90635134402,591,36,24,1.15536445091,1.03260697801,0.961872840723,0.807592882746,0.573604060914,0.4179357022,0.00338409475465
1.0,TASK3_CAPACITY_MECHANISM_CONFIRMATORY_V1,POST_HOC_SUPPORTING_LOAD_DIAGNOSTIC,CAPACITY_IMMIGRATION_PLUS_3,EXACT95_HIGH,LOCAL_WINDOW_HPP_EXACT95_HIGH,31,1.90635134402,606,36,24,1.15536445091,1.03260697801,0.972094605108,0.815617568554,0.727722772277,0.60396039604,0.0957095709571
1.0,TASK3_CAPACITY_MECHANISM_CONFIRMATORY_V1,POST_HOC_SUPPORTING_LOAD_DIAGNOSTIC,CAPACITY_IMMIGRATION_PLUS_3,EXACT95_HIGH,LOCAL_WINDOW_HPP_EXACT95_HIGH,32,1.90635134402,551,36,24,1.15536445091,1.03260697801,0.971523913937,0.815344813933,0.738656987296,0.215970961887,0
1.0,TASK3_CAPACITY_MECHANISM_CONFIRMATORY_V1,POST_HOC_SUPPORTING_LOAD_DIAGNOSTIC,CAPACITY_IMMIGRATION_PLUS_3,EXACT95_HIGH,LOCAL_WINDOW_HPP_EXACT95_HIGH,33,1.90635134402,573,36,24,1.15536445091,1.03260697801,0.962967242948,0.808716152637,0.534031413613,0.369982547993,0
1.0,TASK3_CAPACITY_MECHANISM_CONFIRMATORY_V1,POST_HOC_SUPPORTING_LOAD_DIAGNOSTIC,CAPACITY_IMMIGRATION_PLUS_3,EXACT95_HIGH,LOCAL_WINDOW_HPP_EXACT95_HIGH,34,1.90635134402,587,36,24,1.15536445091,1.03260697801,0.969119941411,0.812673036636,0.75468483816,0.439522998296,0
1.0,TASK3_CAPACITY_MECHANISM_CONFIRMATORY_V1,POST_HOC_SUPPORTING_LOAD_DIAGNOSTIC,CAPACITY_IMMIGRATION_PLUS_3,EXACT95_HIGH,LOCAL_WINDOW_HPP_EXACT95_HIGH,35,1.90635134402,548,36,24,1.15536445091,1.03260697801,0.965628812765,0.811348444305,0.379562043796,0.0310218978102,0
1.0,TASK3_CAPACITY_MECHANISM_CONFIRMATORY_V1,POST_HOC_SUPPORTING_LOAD_DIAGNOSTIC,CAPACITY_IMMIGRATION_PLUS_3,EXACT95_HIGH,LOCAL_WINDOW_HPP_EXACT95_HIGH,36,1.90635134402,567,36,24,1.15536445091,1.03260697801,0.95843866515,0.805230347015,0.597883597884,0.299823633157,0
1.0,TASK3_CAPACITY_MECHANISM_CONFIRMATORY_V1,POST_HOC_SUPPORTING_LOAD_DIAGNOSTIC,CAPACITY_IMMIGRATION_PLUS_3,EXACT95_HIGH,LOCAL_WINDOW_HPP_EXACT95_HIGH,37,1.90635134402,556,36,24,1.15536445091,1.03260697801,0.961501467831,0.805088175642,0.435251798561,0.228417266187,0
1.0,TASK3_CAPACITY_MECHANISM_CONFIRMATORY_V1,POST_HOC_SUPPORTING_LOAD_DIAGNOSTIC,CAPACITY_IMMIGRATION_PLUS_3,EXACT95_HIGH,LOCAL_WINDOW_HPP_EXACT95_HIGH,38,1.90635134402,550,36,24,1.15536445091,1.03260697801,0.945319612816,0.792333439791,0.685454545455,0.383636363636,0
1.0,TASK3_CAPACITY_MECHANISM_CONFIRMATORY_V1,POST_HOC_SUPPORTING_LOAD_DIAGNOSTIC,CAPACITY_IMMIGRATION_PLUS_3,EXACT95_HIGH,LOCAL_WINDOW_HPP_EXACT95_HIGH,39,1.90635134402,581,36,24,1.15536445091,1.03260697801,0.962581993419,0.808483210027,0.66265060241,0.407917383821,0
1.0,TASK3_CAPACITY_MECHANISM_CONFIRMATORY_V1,POST_HOC_SUPPORTING_LOAD_DIAGNOSTIC,CAPACITY_IMMIGRATION_PLUS_3,EXACT95_HIGH,LOCAL_WINDOW_HPP_EXACT95_HIGH,40,1.90635134402,596,36,24,1.15536445091,1.03260697801,0.962101954208,0.80626521545,0.674496644295,0.375838926174,0.0234899328859
1.0,TASK3_CAPACITY_MECHANISM_CONFIRMATORY_V1,POST_HOC_SUPPORTING_LOAD_DIAGNOSTIC,CAPACITY_IMMIGRATION_PLUS_3,EXACT95_HIGH,LOCAL_WINDOW_HPP_EXACT95_HIGH,41,1.90635134402,562,36,24,1.15536445091,1.03260697801,0.959523754536,0.804322427649,0.67615658363,0.386120996441,0
1.0,TASK3_CAPACITY_MECHANISM_CONFIRMATORY_V1,POST_HOC_SUPPORTING_LOAD_DIAGNOSTIC,CAPACITY_IMMIGRATION_PLUS_3,EXACT95_HIGH,LOCAL_WINDOW_HPP_EXACT95_HIGH,42,1.90635134402,591,36,24,1.15536445091,1.03260697801,0.964078303947,0.809769204421,0.817258883249,0.46192893401,0
1.0,TASK3_CAPACITY_MECHANISM_CONFIRMATORY_V1,POST_HOC_SUPPORTING_LOAD_DIAGNOSTIC,CAPACITY_IMMIGRATION_PLUS_3,EXACT95_HIGH,LOCAL_WINDOW_HPP_EXACT95_HIGH,43,1.90635134402,562,36,24,1.15536445091,1.03260697801,0.960339551909,0.806653907563,0.693950177936,0.361209964413,0
1.0,TASK3_CAPACITY_MECHANISM_CONFIRMATORY_V1,POST_HOC_SUPPORTING_LOAD_DIAGNOSTIC,CAPACITY_IMMIGRATION_PLUS_3,EXACT95_HIGH,LOCAL_WINDOW_HPP_EXACT95_HIGH,44,1.90635134402,591,36,24,1.15536445091,1.03260697801,0.956271750096,0.802604548255,0.720812182741,0.294416243655,0
1.0,TASK3_CAPACITY_MECHANISM_CONFIRMATORY_V1,POST_HOC_SUPPORTING_LOAD_DIAGNOSTIC,CAPACITY_IMMIGRATION_PLUS_3,EXACT95_HIGH,LOCAL_WINDOW_HPP_EXACT95_HIGH,45,1.90635134402,609,36,24,1.15536445091,1.03260697801,0.96626428611,0.811026318925,0.706075533662,0.586206896552,0.0853858784893
1.0,TASK3_CAPACITY_MECHANISM_CONFIRMATORY_V1,POST_HOC_SUPPORTING_LOAD_DIAGNOSTIC,CAPACITY_IMMIGRATION_PLUS_3,EXACT95_HIGH,LOCAL_WINDOW_HPP_EXACT95_HIGH,46,1.90635134402,564,36,24,1.15536445091,1.03260697801,0.965807133457,0.807016857818,0.578014184397,0.209219858156,0
1.0,TASK3_CAPACITY_MECHANISM_CONFIRMATORY_V1,POST_HOC_SUPPORTING_LOAD_DIAGNOSTIC,CAPACITY_IMMIGRATION_PLUS_3,EXACT95_HIGH,LOCAL_WINDOW_HPP_EXACT95_HIGH,47,1.90635134402,521,36,24,1.15536445091,1.03260697801,0.952288118952,0.799014611867,0.341650671785,0,0
1.0,TASK3_CAPACITY_MECHANISM_CONFIRMATORY_V1,POST_HOC_SUPPORTING_LOAD_DIAGNOSTIC,CAPACITY_IMMIGRATION_PLUS_3,EXACT95_HIGH,LOCAL_WINDOW_HPP_EXACT95_HIGH,48,1.90635134402,548,36,24,1.15536445091,1.03260697801,0.960090776862,0.804987168881,0.671532846715,0.231751824818,0
1.0,TASK3_CAPACITY_MECHANISM_CONFIRMATORY_V1,POST_HOC_SUPPORTING_LOAD_DIAGNOSTIC,CAPACITY_IMMIGRATION_PLUS_3,EXACT95_HIGH,LOCAL_WINDOW_HPP_EXACT95_HIGH,49,1.90635134402,569,36,24,1.15536445091,1.03260697801,0.966090837457,0.810667546113,0.745166959578,0.574692442882,0
1.0,TASK3_CAPACITY_MECHANISM_CONFIRMATORY_V1,POST_HOC_SUPPORTING_LOAD_DIAGNOSTIC,CAPACITY_IMMIGRATION_PLUS_3,EXACT95_HIGH,LOCAL_WINDOW_HPP_EXACT95_HIGH,50,1.90635134402,589,36,24,1.15536445091,1.03260697801,0.970470872657,0.813936876764,0.679117147708,0.356536502547,0
1.0,TASK3_CAPACITY_MECHANISM_CONFIRMATORY_V1,POST_HOC_SUPPORTING_LOAD_DIAGNOSTIC,CAPACITY_SECURITY_PLUS_4,EXACT95_HIGH,LOCAL_WINDOW_HPP_EXACT95_HIGH,1,1.90635134402,564,40,21,1.03982800582,1.18012226058,0.923476208691,0.87648593042,0.735815602837,0.586879432624,0
1.0,TASK3_CAPACITY_MECHANISM_CONFIRMATORY_V1,POST_HOC_SUPPORTING_LOAD_DIAGNOSTIC,CAPACITY_SECURITY_PLUS_4,EXACT95_HIGH,LOCAL_WINDOW_HPP_EXACT95_HIGH,2,1.90635134402,593,40,21,1.03982800582,1.18012226058,0.961924687995,0.908528562281,0.72849915683,0.610455311973,0.121416526138
1.0,TASK3_CAPACITY_MECHANISM_CONFIRMATORY_V1,POST_HOC_SUPPORTING_LOAD_DIAGNOSTIC,CAPACITY_SECURITY_PLUS_4,EXACT95_HIGH,LOCAL_WINDOW_HPP_EXACT95_HIGH,3,1.90635134402,617,40,21,1.03982800582,1.18012226058,0.957495420159,0.910824785897,0.656401944895,0.46677471637,0.251215559157
1.0,TASK3_CAPACITY_MECHANISM_CONFIRMATORY_V1,POST_HOC_SUPPORTING_LOAD_DIAGNOSTIC,CAPACITY_SECURITY_PLUS_4,EXACT95_HIGH,LOCAL_WINDOW_HPP_EXACT95_HIGH,4,1.90635134402,562,40,21,1.03982800582,1.18012226058,0.95546979145,0.911285137017,0.581850533808,0.364768683274,0
1.0,TASK3_CAPACITY_MECHANISM_CONFIRMATORY_V1,POST_HOC_SUPPORTING_LOAD_DIAGNOSTIC,CAPACITY_SECURITY_PLUS_4,EXACT95_HIGH,LOCAL_WINDOW_HPP_EXACT95_HIGH,5,1.90635134402,591,40,21,1.03982800582,1.18012226058,0.961553330859,0.904295770243,0.73434856176,0.500846023689,0.0676818950931
1.0,TASK3_CAPACITY_MECHANISM_CONFIRMATORY_V1,POST_HOC_SUPPORTING_LOAD_DIAGNOSTIC,CAPACITY_SECURITY_PLUS_4,EXACT95_HIGH,LOCAL_WINDOW_HPP_EXACT95_HIGH,6,1.90635134402,571,40,21,1.03982800582,1.18012226058,0.961965747731,0.908218337704,0.753064798599,0.371278458844,0
1.0,TASK3_CAPACITY_MECHANISM_CONFIRMATORY_V1,POST_HOC_SUPPORTING_LOAD_DIAGNOSTIC,CAPACITY_SECURITY_PLUS_4,EXACT95_HIGH,LOCAL_WINDOW_HPP_EXACT95_HIGH,7,1.90635134402,574,40,21,1.03982800582,1.18012226058,0.95997223555,0.9059691764,0.648083623693,0.364111498258,0
1.0,TASK3_CAPACITY_MECHANISM_CONFIRMATORY_V1,POST_HOC_SUPPORTING_LOAD_DIAGNOSTIC,CAPACITY_SECURITY_PLUS_4,EXACT95_HIGH,LOCAL_WINDOW_HPP_EXACT95_HIGH,8,1.90635134402,559,40,21,1.03982800582,1.18012226058,0.965058524892,0.909214508334,0.749552772809,0.364937388193,0
1.0,TASK3_CAPACITY_MECHANISM_CONFIRMATORY_V1,POST_HOC_SUPPORTING_LOAD_DIAGNOSTIC,CAPACITY_SECURITY_PLUS_4,EXACT95_HIGH,LOCAL_WINDOW_HPP_EXACT95_HIGH,9,1.90635134402,612,40,21,1.03982800582,1.18012226058,0.954154028705,0.899705299981,0.774509803922,0.625816993464,0.168300653595
1.0,TASK3_CAPACITY_MECHANISM_CONFIRMATORY_V1,POST_HOC_SUPPORTING_LOAD_DIAGNOSTIC,CAPACITY_SECURITY_PLUS_4,EXACT95_HIGH,LOCAL_WINDOW_HPP_EXACT95_HIGH,10,1.90635134402,560,40,21,1.03982800582,1.18012226058,0.978272992343,0.916011129529,0.871428571429,0.446428571429,0
1.0,TASK3_CAPACITY_MECHANISM_CONFIRMATORY_V1,POST_HOC_SUPPORTING_LOAD_DIAGNOSTIC,CAPACITY_SECURITY_PLUS_4,EXACT95_HIGH,LOCAL_WINDOW_HPP_EXACT95_HIGH,11,1.90635134402,534,40,21,1.03982800582,1.18012226058,0.942452676206,0.91028311403,0.805243445693,0.12734082397,0
1.0,TASK3_CAPACITY_MECHANISM_CONFIRMATORY_V1,POST_HOC_SUPPORTING_LOAD_DIAGNOSTIC,CAPACITY_SECURITY_PLUS_4,EXACT95_HIGH,LOCAL_WINDOW_HPP_EXACT95_HIGH,12,1.90635134402,577,40,21,1.03982800582,1.18012226058,0.968075273398,0.909886592731,0.785095320624,0.596187175043,0
1.0,TASK3_CAPACITY_MECHANISM_CONFIRMATORY_V1,POST_HOC_SUPPORTING_LOAD_DIAGNOSTIC,CAPACITY_SECURITY_PLUS_4,EXACT95_HIGH,LOCAL_WINDOW_HPP_EXACT95_HIGH,13,1.90635134402,594,40,21,1.03982800582,1.18012226058,0.946794081288,0.90058228878,0.752525252525,0.486531986532,0.164983164983
1.0,TASK3_CAPACITY_MECHANISM_CONFIRMATORY_V1,POST_HOC_SUPPORTING_LOAD_DIAGNOSTIC,CAPACITY_SECURITY_PLUS_4,EXACT95_HIGH,LOCAL_WINDOW_HPP_EXACT95_HIGH,14,1.90635134402,577,40,21,1.03982800582,1.18012226058,0.944082920748,0.903049305174,0.665511265165,0.357019064125,0
1.0,TASK3_CAPACITY_MECHANISM_CONFIRMATORY_V1,POST_HOC_SUPPORTING_LOAD_DIAGNOSTIC,CAPACITY_SECURITY_PLUS_4,EXACT95_HIGH,LOCAL_WINDOW_HPP_EXACT95_HIGH,15,1.90635134402,604,40,21,1.03982800582,1.18012226058,0.9642993249,0.905633232866,0.811258278146,0.640728476821,0.246688741722
1.0,TASK3_CAPACITY_MECHANISM_CONFIRMATORY_V1,POST_HOC_SUPPORTING_LOAD_DIAGNOSTIC,CAPACITY_SECURITY_PLUS_4,EXACT95_HIGH,LOCAL_WINDOW_HPP_EXACT95_HIGH,16,1.90635134402,549,40,21,1.03982800582,1.18012226058,0.932836796785,0.897351028187,0.566484517304,0.255009107468,0
1.0,TASK3_CAPACITY_MECHANISM_CONFIRMATORY_V1,POST_HOC_SUPPORTING_LOAD_DIAGNOSTIC,CAPACITY_SECURITY_PLUS_4,EXACT95_HIGH,LOCAL_WINDOW_HPP_EXACT95_HIGH,17,1.90635134402,550,40,21,1.03982800582,1.18012226058,0.944717686975,0.906816712178,0.769090909091,0.241818181818,0
1.0,TASK3_CAPACITY_MECHANISM_CONFIRMATORY_V1,POST_HOC_SUPPORTING_LOAD_DIAGNOSTIC,CAPACITY_SECURITY_PLUS_4,EXACT95_HIGH,LOCAL_WINDOW_HPP_EXACT95_HIGH,18,1.90635134402,598,40,21,1.03982800582,1.18012226058,0.947551886612,0.903982726954,0.637123745819,0.403010033445,0.0869565217391
1.0,TASK3_CAPACITY_MECHANISM_CONFIRMATORY_V1,POST_HOC_SUPPORTING_LOAD_DIAGNOSTIC,CAPACITY_SECURITY_PLUS_4,EXACT95_HIGH,LOCAL_WINDOW_HPP_EXACT95_HIGH,19,1.90635134402,550,40,21,1.03982800582,1.18012226058,0.931754510056,0.901917392254,0.549090909091,0.167272727273,0
1.0,TASK3_CAPACITY_MECHANISM_CONFIRMATORY_V1,POST_HOC_SUPPORTING_LOAD_DIAGNOSTIC,CAPACITY_SECURITY_PLUS_4,EXACT95_HIGH,LOCAL_WINDOW_HPP_EXACT95_HIGH,20,1.90635134402,581,40,21,1.03982800582,1.18012226058,0.916371154582,0.901558763438,0.450946643718,0.325301204819,0.00688468158348
1.0,TASK3_CAPACITY_MECHANISM_CONFIRMATORY_V1,POST_HOC_SUPPORTING_LOAD_DIAGNOSTIC,CAPACITY_SECURITY_PLUS_4,EXACT95_HIGH,LOCAL_WINDOW_HPP_EXACT95_HIGH,21,1.90635134402,556,40,21,1.03982800582,1.18012226058,0.935264534396,0.907765961291,0.66726618705,0.131294964029,0
1.0,TASK3_CAPACITY_MECHANISM_CONFIRMATORY_V1,POST_HOC_SUPPORTING_LOAD_DIAGNOSTIC,CAPACITY_SECURITY_PLUS_4,EXACT95_HIGH,LOCAL_WINDOW_HPP_EXACT95_HIGH,22,1.90635134402,537,40,21,1.03982800582,1.18012226058,0.93409128131,0.900953126799,0.517690875233,0.253258845438,0
1.0,TASK3_CAPACITY_MECHANISM_CONFIRMATORY_V1,POST_HOC_SUPPORTING_LOAD_DIAGNOSTIC,CAPACITY_SECURITY_PLUS_4,EXACT95_HIGH,LOCAL_WINDOW_HPP_EXACT95_HIGH,23,1.90635134402,576,40,21,1.03982800582,1.18012226058,0.932513790545,0.900551955657,0.512152777778,0.371527777778,0
1.0,TASK3_CAPACITY_MECHANISM_CONFIRMATORY_V1,POST_HOC_SUPPORTING_LOAD_DIAGNOSTIC,CAPACITY_SECURITY_PLUS_4,EXACT95_HIGH,LOCAL_WINDOW_HPP_EXACT95_HIGH,24,1.90635134402,565,40,21,1.03982800582,1.18012226058,0.964354894172,0.908670423481,0.709734513274,0.456637168142,0
1.0,TASK3_CAPACITY_MECHANISM_CONFIRMATORY_V1,POST_HOC_SUPPORTING_LOAD_DIAGNOSTIC,CAPACITY_SECURITY_PLUS_4,EXACT95_HIGH,LOCAL_WINDOW_HPP_EXACT95_HIGH,25,1.90635134402,530,40,21,1.03982800582,1.18012226058,0.917325131704,0.904742342104,0.51320754717,0,0
1.0,TASK3_CAPACITY_MECHANISM_CONFIRMATORY_V1,POST_HOC_SUPPORTING_LOAD_DIAGNOSTIC,CAPACITY_SECURITY_PLUS_4,EXACT95_HIGH,LOCAL_WINDOW_HPP_EXACT95_HIGH,26,1.90635134402,582,40,21,1.03982800582,1.18012226058,0.96997800171,0.906923660224,0.876288659794,0.639175257732,0
1.0,TASK3_CAPACITY_MECHANISM_CONFIRMATORY_V1,POST_HOC_SUPPORTING_LOAD_DIAGNOSTIC,CAPACITY_SECURITY_PLUS_4,EXACT95_HIGH,LOCAL_WINDOW_HPP_EXACT95_HIGH,27,1.90635134402,563,40,21,1.03982800582,1.18012226058,0.957233998178,0.902799340144,0.756660746004,0.486678507993,0
1.0,TASK3_CAPACITY_MECHANISM_CONFIRMATORY_V1,POST_HOC_SUPPORTING_LOAD_DIAGNOSTIC,CAPACITY_SECURITY_PLUS_4,EXACT95_HIGH,LOCAL_WINDOW_HPP_EXACT95_HIGH,28,1.90635134402,575,40,21,1.03982800582,1.18012226058,0.935109795385,0.902588219369,0.566956521739,0.354782608696,0
1.0,TASK3_CAPACITY_MECHANISM_CONFIRMATORY_V1,POST_HOC_SUPPORTING_LOAD_DIAGNOSTIC,CAPACITY_SECURITY_PLUS_4,EXACT95_HIGH,LOCAL_WINDOW_HPP_EXACT95_HIGH,29,1.90635134402,513,40,21,1.03982800582,1.18012226058,0.906612419138,0.903362501377,0.41910331384,0,0
1.0,TASK3_CAPACITY_MECHANISM_CONFIRMATORY_V1,POST_HOC_SUPPORTING_LOAD_DIAGNOSTIC,CAPACITY_SECURITY_PLUS_4,EXACT95_HIGH,LOCAL_WINDOW_HPP_EXACT95_HIGH,30,1.90635134402,591,40,21,1.03982800582,1.18012226058,0.950366116332,0.902543844716,0.612521150592,0.451776649746,0.159052453469
1.0,TASK3_CAPACITY_MECHANISM_CONFIRMATORY_V1,POST_HOC_SUPPORTING_LOAD_DIAGNOSTIC,CAPACITY_SECURITY_PLUS_4,EXACT95_HIGH,LOCAL_WINDOW_HPP_EXACT95_HIGH,31,1.90635134402,606,40,21,1.03982800582,1.18012226058,0.966497767374,0.910756633947,0.76897689769,0.628712871287,0.178217821782
1.0,TASK3_CAPACITY_MECHANISM_CONFIRMATORY_V1,POST_HOC_SUPPORTING_LOAD_DIAGNOSTIC,CAPACITY_SECURITY_PLUS_4,EXACT95_HIGH,LOCAL_WINDOW_HPP_EXACT95_HIGH,32,1.90635134402,551,40,21,1.03982800582,1.18012226058,0.961621456589,0.910222248087,0.736842105263,0.382940108893,0
1.0,TASK3_CAPACITY_MECHANISM_CONFIRMATORY_V1,POST_HOC_SUPPORTING_LOAD_DIAGNOSTIC,CAPACITY_SECURITY_PLUS_4,EXACT95_HIGH,LOCAL_WINDOW_HPP_EXACT95_HIGH,33,1.90635134402,573,40,21,1.03982800582,1.18012226058,0.945931846945,0.90528089623,0.568935427574,0.417102966841,0
1.0,TASK3_CAPACITY_MECHANISM_CONFIRMATORY_V1,POST_HOC_SUPPORTING_LOAD_DIAGNOSTIC,CAPACITY_SECURITY_PLUS_4,EXACT95_HIGH,LOCAL_WINDOW_HPP_EXACT95_HIGH,34,1.90635134402,587,40,21,1.03982800582,1.18012226058,0.966020285395,0.907278026948,0.790459965928,0.463373083475,0.0868824531516
1.0,TASK3_CAPACITY_MECHANISM_CONFIRMATORY_V1,POST_HOC_SUPPORTING_LOAD_DIAGNOSTIC,CAPACITY_SECURITY_PLUS_4,EXACT95_HIGH,LOCAL_WINDOW_HPP_EXACT95_HIGH,35,1.90635134402,548,40,21,1.03982800582,1.18012226058,0.933423923455,0.908293637531,0.45802919708,0.133211678832,0
1.0,TASK3_CAPACITY_MECHANISM_CONFIRMATORY_V1,POST_HOC_SUPPORTING_LOAD_DIAGNOSTIC,CAPACITY_SECURITY_PLUS_4,EXACT95_HIGH,LOCAL_WINDOW_HPP_EXACT95_HIGH,36,1.90635134402,567,40,21,1.03982800582,1.18012226058,0.943231934348,0.901986086424,0.626102292769,0.469135802469,0
1.0,TASK3_CAPACITY_MECHANISM_CONFIRMATORY_V1,POST_HOC_SUPPORTING_LOAD_DIAGNOSTIC,CAPACITY_SECURITY_PLUS_4,EXACT95_HIGH,LOCAL_WINDOW_HPP_EXACT95_HIGH,37,1.90635134402,556,40,21,1.03982800582,1.18012226058,0.94117041154,0.901449650018,0.568345323741,0.287769784173,0
1.0,TASK3_CAPACITY_MECHANISM_CONFIRMATORY_V1,POST_HOC_SUPPORTING_LOAD_DIAGNOSTIC,CAPACITY_SECURITY_PLUS_4,EXACT95_HIGH,LOCAL_WINDOW_HPP_EXACT95_HIGH,38,1.90635134402,550,40,21,1.03982800582,1.18012226058,0.933337551914,0.887661676326,0.707272727273,0.485454545455,0
1.0,TASK3_CAPACITY_MECHANISM_CONFIRMATORY_V1,POST_HOC_SUPPORTING_LOAD_DIAGNOSTIC,CAPACITY_SECURITY_PLUS_4,EXACT95_HIGH,LOCAL_WINDOW_HPP_EXACT95_HIGH,39,1.90635134402,581,40,21,1.03982800582,1.18012226058,0.95174883192,0.904306766937,0.697074010327,0.462994836489,0.013769363167
1.0,TASK3_CAPACITY_MECHANISM_CONFIRMATORY_V1,POST_HOC_SUPPORTING_LOAD_DIAGNOSTIC,CAPACITY_SECURITY_PLUS_4,EXACT95_HIGH,LOCAL_WINDOW_HPP_EXACT95_HIGH,40,1.90635134402,596,40,21,1.03982800582,1.18012226058,0.956297396953,0.902803715041,0.744966442953,0.471476510067,0.115771812081
1.0,TASK3_CAPACITY_MECHANISM_CONFIRMATORY_V1,POST_HOC_SUPPORTING_LOAD_DIAGNOSTIC,CAPACITY_SECURITY_PLUS_4,EXACT95_HIGH,LOCAL_WINDOW_HPP_EXACT95_HIGH,41,1.90635134402,562,40,21,1.03982800582,1.18012226058,0.941705231984,0.903134386782,0.685053380783,0.487544483986,0
1.0,TASK3_CAPACITY_MECHANISM_CONFIRMATORY_V1,POST_HOC_SUPPORTING_LOAD_DIAGNOSTIC,CAPACITY_SECURITY_PLUS_4,EXACT95_HIGH,LOCAL_WINDOW_HPP_EXACT95_HIGH,42,1.90635134402,591,40,21,1.03982800582,1.18012226058,0.959928896124,0.905708528587,0.825719120135,0.561759729272,0.115059221658
1.0,TASK3_CAPACITY_MECHANISM_CONFIRMATORY_V1,POST_HOC_SUPPORTING_LOAD_DIAGNOSTIC,CAPACITY_SECURITY_PLUS_4,EXACT95_HIGH,LOCAL_WINDOW_HPP_EXACT95_HIGH,43,1.90635134402,562,40,21,1.03982800582,1.18012226058,0.951553895706,0.902057964871,0.725978647687,0.450177935943,0
1.0,TASK3_CAPACITY_MECHANISM_CONFIRMATORY_V1,POST_HOC_SUPPORTING_LOAD_DIAGNOSTIC,CAPACITY_SECURITY_PLUS_4,EXACT95_HIGH,LOCAL_WINDOW_HPP_EXACT95_HIGH,44,1.90635134402,591,40,21,1.03982800582,1.18012226058,0.951767110167,0.898192140416,0.736040609137,0.421319796954,0.077834179357
1.0,TASK3_CAPACITY_MECHANISM_CONFIRMATORY_V1,POST_HOC_SUPPORTING_LOAD_DIAGNOSTIC,CAPACITY_SECURITY_PLUS_4,EXACT95_HIGH,LOCAL_WINDOW_HPP_EXACT95_HIGH,45,1.90635134402,609,40,21,1.03982800582,1.18012226058,0.962289791181,0.906224563948,0.727422003284,0.620689655172,0.172413793103
1.0,TASK3_CAPACITY_MECHANISM_CONFIRMATORY_V1,POST_HOC_SUPPORTING_LOAD_DIAGNOSTIC,CAPACITY_SECURITY_PLUS_4,EXACT95_HIGH,LOCAL_WINDOW_HPP_EXACT95_HIGH,46,1.90635134402,564,40,21,1.03982800582,1.18012226058,0.95183000864,0.901750031149,0.645390070922,0.363475177305,0
1.0,TASK3_CAPACITY_MECHANISM_CONFIRMATORY_V1,POST_HOC_SUPPORTING_LOAD_DIAGNOSTIC,CAPACITY_SECURITY_PLUS_4,EXACT95_HIGH,LOCAL_WINDOW_HPP_EXACT95_HIGH,47,1.90635134402,521,40,21,1.03982800582,1.18012226058,0.911969994647,0.899664983195,0.385796545106,0,0
1.0,TASK3_CAPACITY_MECHANISM_CONFIRMATORY_V1,POST_HOC_SUPPORTING_LOAD_DIAGNOSTIC,CAPACITY_SECURITY_PLUS_4,EXACT95_HIGH,LOCAL_WINDOW_HPP_EXACT95_HIGH,48,1.90635134402,548,40,21,1.03982800582,1.18012226058,0.949566685036,0.900989818851,0.720802919708,0.392335766423,0
1.0,TASK3_CAPACITY_MECHANISM_CONFIRMATORY_V1,POST_HOC_SUPPORTING_LOAD_DIAGNOSTIC,CAPACITY_SECURITY_PLUS_4,EXACT95_HIGH,LOCAL_WINDOW_HPP_EXACT95_HIGH,49,1.90635134402,569,40,21,1.03982800582,1.18012226058,0.96050958438,0.906045488467,0.796133567663,0.608084358524,0
1.0,TASK3_CAPACITY_MECHANISM_CONFIRMATORY_V1,POST_HOC_SUPPORTING_LOAD_DIAGNOSTIC,CAPACITY_SECURITY_PLUS_4,EXACT95_HIGH,LOCAL_WINDOW_HPP_EXACT95_HIGH,50,1.90635134402,589,40,21,1.03982800582,1.18012226058,0.961546607547,0.90871969305,0.724957555178,0.468590831919,0.0475382003396
1.0,TASK3_CAPACITY_MECHANISM_CONFIRMATORY_V1,POST_HOC_SUPPORTING_LOAD_DIAGNOSTIC,REFERENCE_ASSUMPTION_SANDBOX_V1,EXACT95_HIGH,LOCAL_WINDOW_HPP_EXACT95_HIGH,1,1.90635134402,564,36,21,1.15536445091,1.18012226058,0.93482218826,0.875718842281,0.739361702128,0.58865248227,0
1.0,TASK3_CAPACITY_MECHANISM_CONFIRMATORY_V1,POST_HOC_SUPPORTING_LOAD_DIAGNOSTIC,REFERENCE_ASSUMPTION_SANDBOX_V1,EXACT95_HIGH,LOCAL_WINDOW_HPP_EXACT95_HIGH,2,1.90635134402,593,36,21,1.15536445091,1.18012226058,0.968349762469,0.906828291024,0.738617200675,0.620573355818,0.126475548061
1.0,TASK3_CAPACITY_MECHANISM_CONFIRMATORY_V1,POST_HOC_SUPPORTING_LOAD_DIAGNOSTIC,REFERENCE_ASSUMPTION_SANDBOX_V1,EXACT95_HIGH,LOCAL_WINDOW_HPP_EXACT95_HIGH,3,1.90635134402,617,36,21,1.15536445091,1.18012226058,0.974260210452,0.908001958897,0.680713128039,0.481361426256,0.260940032415
1.0,TASK3_CAPACITY_MECHANISM_CONFIRMATORY_V1,POST_HOC_SUPPORTING_LOAD_DIAGNOSTIC,REFERENCE_ASSUMPTION_SANDBOX_V1,EXACT95_HIGH,LOCAL_WINDOW_HPP_EXACT95_HIGH,4,1.90635134402,562,36,21,1.15536445091,1.18012226058,0.97427283088,0.906660661647,0.604982206406,0.370106761566,0
1.0,TASK3_CAPACITY_MECHANISM_CONFIRMATORY_V1,POST_HOC_SUPPORTING_LOAD_DIAGNOSTIC,REFERENCE_ASSUMPTION_SANDBOX_V1,EXACT95_HIGH,LOCAL_WINDOW_HPP_EXACT95_HIGH,5,1.90635134402,591,36,21,1.15536445091,1.18012226058,0.964847511755,0.904266808555,0.73434856176,0.500846023689,0.0676818950931
1.0,TASK3_CAPACITY_MECHANISM_CONFIRMATORY_V1,POST_HOC_SUPPORTING_LOAD_DIAGNOSTIC,REFERENCE_ASSUMPTION_SANDBOX_V1,EXACT95_HIGH,LOCAL_WINDOW_HPP_EXACT95_HIGH,6,1.90635134402,571,36,21,1.15536445091,1.18012226058,0.969494688615,0.904992065152,0.768826619965,0.401050788091,0
1.0,TASK3_CAPACITY_MECHANISM_CONFIRMATORY_V1,POST_HOC_SUPPORTING_LOAD_DIAGNOSTIC,REFERENCE_ASSUMPTION_SANDBOX_V1,EXACT95_HIGH,LOCAL_WINDOW_HPP_EXACT95_HIGH,7,1.90635134402,574,36,21,1.15536445091,1.18012226058,0.968252888731,0.9033810575,0.670731707317,0.38850174216,0
1.0,TASK3_CAPACITY_MECHANISM_CONFIRMATORY_V1,POST_HOC_SUPPORTING_LOAD_DIAGNOSTIC,REFERENCE_ASSUMPTION_SANDBOX_V1,EXACT95_HIGH,LOCAL_WINDOW_HPP_EXACT95_HIGH,8,1.90635134402,559,36,21,1.15536445091,1.18012226058,0.97008032535,0.906921850561,0.760286225403,0.381037567084,0
1.0,TASK3_CAPACITY_MECHANISM_CONFIRMATORY_V1,POST_HOC_SUPPORTING_LOAD_DIAGNOSTIC,REFERENCE_ASSUMPTION_SANDBOX_V1,EXACT95_HIGH,LOCAL_WINDOW_HPP_EXACT95_HIGH,9,1.90635134402,612,36,21,1.15536445091,1.18012226058,0.959611504299,0.898316804333,0.77614379085,0.627450980392,0.171568627451
1.0,TASK3_CAPACITY_MECHANISM_CONFIRMATORY_V1,POST_HOC_SUPPORTING_LOAD_DIAGNOSTIC,REFERENCE_ASSUMPTION_SANDBOX_V1,EXACT95_HIGH,LOCAL_WINDOW_HPP_EXACT95_HIGH,10,1.90635134402,560,36,21,1.15536445091,1.18012226058,0.986063720455,0.908878669282,0.891071428571,0.530357142857,0
1.0,TASK3_CAPACITY_MECHANISM_CONFIRMATORY_V1,POST_HOC_SUPPORTING_LOAD_DIAGNOSTIC,REFERENCE_ASSUMPTION_SANDBOX_V1,EXACT95_HIGH,LOCAL_WINDOW_HPP_EXACT95_HIGH,11,1.90635134402,534,36,21,1.15536445091,1.18012226058,0.97280384826,0.906661534671,0.823970037453,0.166666666667,0
1.0,TASK3_CAPACITY_MECHANISM_CONFIRMATORY_V1,POST_HOC_SUPPORTING_LOAD_DIAGNOSTIC,REFERENCE_ASSUMPTION_SANDBOX_V1,EXACT95_HIGH,LOCAL_WINDOW_HPP_EXACT95_HIGH,12,1.90635134402,577,36,21,1.15536445091,1.18012226058,0.971132990729,0.907117669118,0.812824956672,0.610051993068,0
1.0,TASK3_CAPACITY_MECHANISM_CONFIRMATORY_V1,POST_HOC_SUPPORTING_LOAD_DIAGNOSTIC,REFERENCE_ASSUMPTION_SANDBOX_V1,EXACT95_HIGH,LOCAL_WINDOW_HPP_EXACT95_HIGH,13,1.90635134402,594,36,21,1.15536445091,1.18012226058,0.958550807579,0.899548007687,0.755892255892,0.486531986532,0.176767676768
1.0,TASK3_CAPACITY_MECHANISM_CONFIRMATORY_V1,POST_HOC_SUPPORTING_LOAD_DIAGNOSTIC,REFERENCE_ASSUMPTION_SANDBOX_V1,EXACT95_HIGH,LOCAL_WINDOW_HPP_EXACT95_HIGH,14,1.90635134402,577,36,21,1.15536445091,1.18012226058,0.959704098485,0.902227552514,0.67417677643,0.358752166378,0
1.0,TASK3_CAPACITY_MECHANISM_CONFIRMATORY_V1,POST_HOC_SUPPORTING_LOAD_DIAGNOSTIC,REFERENCE_ASSUMPTION_SANDBOX_V1,EXACT95_HIGH,LOCAL_WINDOW_HPP_EXACT95_HIGH,15,1.90635134402,604,36,21,1.15536445091,1.18012226058,0.967261726714,0.90438921093,0.819536423841,0.640728476821,0.248344370861
1.0,TASK3_CAPACITY_MECHANISM_CONFIRMATORY_V1,POST_HOC_SUPPORTING_LOAD_DIAGNOSTIC,REFERENCE_ASSUMPTION_SANDBOX_V1,EXACT95_HIGH,LOCAL_WINDOW_HPP_EXACT95_HIGH,16,1.90635134402,549,36,21,1.15536445091,1.18012226058,0.955703389917,0.896688861574,0.571948998179,0.256830601093,0
1.0,TASK3_CAPACITY_MECHANISM_CONFIRMATORY_V1,POST_HOC_SUPPORTING_LOAD_DIAGNOSTIC,REFERENCE_ASSUMPTION_SANDBOX_V1,EXACT95_HIGH,LOCAL_WINDOW_HPP_EXACT95_HIGH,17,1.90635134402,550,36,21,1.15536445091,1.18012226058,0.964916176107,0.905453018326,0.774545454545,0.252727272727,0
1.0,TASK3_CAPACITY_MECHANISM_CONFIRMATORY_V1,POST_HOC_SUPPORTING_LOAD_DIAGNOSTIC,REFERENCE_ASSUMPTION_SANDBOX_V1,EXACT95_HIGH,LOCAL_WINDOW_HPP_EXACT95_HIGH,18,1.90635134402,598,36,21,1.15536445091,1.18012226058,0.96477824859,0.903157630744,0.640468227425,0.404682274247,0.0886287625418
1.0,TASK3_CAPACITY_MECHANISM_CONFIRMATORY_V1,POST_HOC_SUPPORTING_LOAD_DIAGNOSTIC,REFERENCE_ASSUMPTION_SANDBOX_V1,EXACT95_HIGH,LOCAL_WINDOW_HPP_EXACT95_HIGH,19,1.90635134402,550,36,21,1.15536445091,1.18012226058,0.960042141436,0.900736150033,0.565454545455,0.167272727273,0
1.0,TASK3_CAPACITY_MECHANISM_CONFIRMATORY_V1,POST_HOC_SUPPORTING_LOAD_DIAGNOSTIC,REFERENCE_ASSUMPTION_SANDBOX_V1,EXACT95_HIGH,LOCAL_WINDOW_HPP_EXACT95_HIGH,20,1.90635134402,581,36,21,1.15536445091,1.18012226058,0.95498810046,0.901311035924,0.450946643718,0.325301204819,0.00688468158348
1.0,TASK3_CAPACITY_MECHANISM_CONFIRMATORY_V1,POST_HOC_SUPPORTING_LOAD_DIAGNOSTIC,REFERENCE_ASSUMPTION_SANDBOX_V1,EXACT95_HIGH,LOCAL_WINDOW_HPP_EXACT95_HIGH,21,1.90635134402,556,36,21,1.15536445091,1.18012226058,0.966318728037,0.905044304535,0.706834532374,0.13309352518,0
1.0,TASK3_CAPACITY_MECHANISM_CONFIRMATORY_V1,POST_HOC_SUPPORTING_LOAD_DIAGNOSTIC,REFERENCE_ASSUMPTION_SANDBOX_V1,EXACT95_HIGH,LOCAL_WINDOW_HPP_EXACT95_HIGH,22,1.90635134402,537,36,21,1.15536445091,1.18012226058,0.962422077384,0.899943992089,0.532588454376,0.270018621974,0
1.0,TASK3_CAPACITY_MECHANISM_CONFIRMATORY_V1,POST_HOC_SUPPORTING_LOAD_DIAGNOSTIC,REFERENCE_ASSUMPTION_SANDBOX_V1,EXACT95_HIGH,LOCAL_WINDOW_HPP_EXACT95_HIGH,23,1.90635134402,576,36,21,1.15536445091,1.18012226058,0.958777539869,0.90019722925,0.512152777778,0.371527777778,0
1.0,TASK3_CAPACITY_MECHANISM_CONFIRMATORY_V1,POST_HOC_SUPPORTING_LOAD_DIAGNOSTIC,REFERENCE_ASSUMPTION_SANDBOX_V1,EXACT95_HIGH,LOCAL_WINDOW_HPP_EXACT95_HIGH,24,1.90635134402,565,36,21,1.15536445091,1.18012226058,0.970528206249,0.905604495927,0.736283185841,0.474336283186,0
1.0,TASK3_CAPACITY_MECHANISM_CONFIRMATORY_V1,POST_HOC_SUPPORTING_LOAD_DIAGNOSTIC,REFERENCE_ASSUMPTION_SANDBOX_V1,EXACT95_HIGH,LOCAL_WINDOW_HPP_EXACT95_HIGH,25,1.90635134402,530,36,21,1.15536445091,1.18012226058,0.964373281164,0.903284157241,0.532075471698,0,0
1.0,TASK3_CAPACITY_MECHANISM_CONFIRMATORY_V1,POST_HOC_SUPPORTING_LOAD_DIAGNOSTIC,REFERENCE_ASSUMPTION_SANDBOX_V1,EXACT95_HIGH,LOCAL_WINDOW_HPP_EXACT95_HIGH,26,1.90635134402,582,36,21,1.15536445091,1.18012226058,0.971965716751,0.903710687484,0.89175257732,0.644329896907,0.00687285223368
1.0,TASK3_CAPACITY_MECHANISM_CONFIRMATORY_V1,POST_HOC_SUPPORTING_LOAD_DIAGNOSTIC,REFERENCE_ASSUMPTION_SANDBOX_V1,EXACT95_HIGH,LOCAL_WINDOW_HPP_EXACT95_HIGH,27,1.90635134402,563,36,21,1.15536445091,1.18012226058,0.961517781033,0.902557780235,0.758436944938,0.488454706927,0
1.0,TASK3_CAPACITY_MECHANISM_CONFIRMATORY_V1,POST_HOC_SUPPORTING_LOAD_DIAGNOSTIC,REFERENCE_ASSUMPTION_SANDBOX_V1,EXACT95_HIGH,LOCAL_WINDOW_HPP_EXACT95_HIGH,28,1.90635134402,575,36,21,1.15536445091,1.18012226058,0.95828822593,0.902119030934,0.570434782609,0.354782608696,0
1.0,TASK3_CAPACITY_MECHANISM_CONFIRMATORY_V1,POST_HOC_SUPPORTING_LOAD_DIAGNOSTIC,REFERENCE_ASSUMPTION_SANDBOX_V1,EXACT95_HIGH,LOCAL_WINDOW_HPP_EXACT95_HIGH,29,1.90635134402,513,36,21,1.15536445091,1.18012226058,0.962160451515,0.903095374611,0.430799220273,0,0
1.0,TASK3_CAPACITY_MECHANISM_CONFIRMATORY_V1,POST_HOC_SUPPORTING_LOAD_DIAGNOSTIC,REFERENCE_ASSUMPTION_SANDBOX_V1,EXACT95_HIGH,LOCAL_WINDOW_HPP_EXACT95_HIGH,30,1.90635134402,591,36,21,1.15536445091,1.18012226058,0.961872840723,0.900375483841,0.620981387479,0.456852791878,0.175972927242
1.0,TASK3_CAPACITY_MECHANISM_CONFIRMATORY_V1,POST_HOC_SUPPORTING_LOAD_DIAGNOSTIC,REFERENCE_ASSUMPTION_SANDBOX_V1,EXACT95_HIGH,LOCAL_WINDOW_HPP_EXACT95_HIGH,31,1.90635134402,606,36,21,1.15536445091,1.18012226058,0.972094605108,0.905662580352,0.800330033003,0.63696369637,0.222772277228
1.0,TASK3_CAPACITY_MECHANISM_CONFIRMATORY_V1,POST_HOC_SUPPORTING_LOAD_DIAGNOSTIC,REFERENCE_ASSUMPTION_SANDBOX_V1,EXACT95_HIGH,LOCAL_WINDOW_HPP_EXACT95_HIGH,32,1.90635134402,551,36,21,1.15536445091,1.18012226058,0.971523913937,0.905398088949,0.751361161525,0.402903811252,0
1.0,TASK3_CAPACITY_MECHANISM_CONFIRMATORY_V1,POST_HOC_SUPPORTING_LOAD_DIAGNOSTIC,REFERENCE_ASSUMPTION_SANDBOX_V1,EXACT95_HIGH,LOCAL_WINDOW_HPP_EXACT95_HIGH,33,1.90635134402,573,36,21,1.15536445091,1.18012226058,0.962967242948,0.904706813701,0.570680628272,0.418848167539,0
1.0,TASK3_CAPACITY_MECHANISM_CONFIRMATORY_V1,POST_HOC_SUPPORTING_LOAD_DIAGNOSTIC,REFERENCE_ASSUMPTION_SANDBOX_V1,EXACT95_HIGH,LOCAL_WINDOW_HPP_EXACT95_HIGH,34,1.90635134402,587,36,21,1.15536445091,1.18012226058,0.969119941411,0.904643446097,0.79727427598,0.477001703578,0.0971039182283
1.0,TASK3_CAPACITY_MECHANISM_CONFIRMATORY_V1,POST_HOC_SUPPORTING_LOAD_DIAGNOSTIC,REFERENCE_ASSUMPTION_SANDBOX_V1,EXACT95_HIGH,LOCAL_WINDOW_HPP_EXACT95_HIGH,35,1.90635134402,548,36,21,1.15536445091,1.18012226058,0.965628812765,0.90619311442,0.46897810219,0.155109489051,0
1.0,TASK3_CAPACITY_MECHANISM_CONFIRMATORY_V1,POST_HOC_SUPPORTING_LOAD_DIAGNOSTIC,REFERENCE_ASSUMPTION_SANDBOX_V1,EXACT95_HIGH,LOCAL_WINDOW_HPP_EXACT95_HIGH,36,1.90635134402,567,36,21,1.15536445091,1.18012226058,0.95843866515,0.901035339383,0.63139329806,0.479717813051,0
1.0,TASK3_CAPACITY_MECHANISM_CONFIRMATORY_V1,POST_HOC_SUPPORTING_LOAD_DIAGNOSTIC,REFERENCE_ASSUMPTION_SANDBOX_V1,EXACT95_HIGH,LOCAL_WINDOW_HPP_EXACT95_HIGH,37,1.90635134402,556,36,21,1.15536445091,1.18012226058,0.961501467831,0.900144268008,0.580935251799,0.294964028777,0
1.0,TASK3_CAPACITY_MECHANISM_CONFIRMATORY_V1,POST_HOC_SUPPORTING_LOAD_DIAGNOSTIC,REFERENCE_ASSUMPTION_SANDBOX_V1,EXACT95_HIGH,LOCAL_WINDOW_HPP_EXACT95_HIGH,38,1.90635134402,550,36,21,1.15536445091,1.18012226058,0.945319612816,0.887019286389,0.709090909091,0.485454545455,0
1.0,TASK3_CAPACITY_MECHANISM_CONFIRMATORY_V1,POST_HOC_SUPPORTING_LOAD_DIAGNOSTIC,REFERENCE_ASSUMPTION_SANDBOX_V1,EXACT95_HIGH,LOCAL_WINDOW_HPP_EXACT95_HIGH,39,1.90635134402,581,36,21,1.15536445091,1.18012226058,0.962581993419,0.903540562191,0.702237521515,0.464716006885,0.0189328743546
1.0,TASK3_CAPACITY_MECHANISM_CONFIRMATORY_V1,POST_HOC_SUPPORTING_LOAD_DIAGNOSTIC,REFERENCE_ASSUMPTION_SANDBOX_V1,EXACT95_HIGH,LOCAL_WINDOW_HPP_EXACT95_HIGH,40,1.90635134402,596,36,21,1.15536445091,1.18012226058,0.962101954208,0.901823715593,0.748322147651,0.48322147651,0.119127516779
1.0,TASK3_CAPACITY_MECHANISM_CONFIRMATORY_V1,POST_HOC_SUPPORTING_LOAD_DIAGNOSTIC,REFERENCE_ASSUMPTION_SANDBOX_V1,EXACT95_HIGH,LOCAL_WINDOW_HPP_EXACT95_HIGH,41,1.90635134402,562,36,21,1.15536445091,1.18012226058,0.959523754536,0.902759857403,0.685053380783,0.487544483986,0
1.0,TASK3_CAPACITY_MECHANISM_CONFIRMATORY_V1,POST_HOC_SUPPORTING_LOAD_DIAGNOSTIC,REFERENCE_ASSUMPTION_SANDBOX_V1,EXACT95_HIGH,LOCAL_WINDOW_HPP_EXACT95_HIGH,42,1.90635134402,591,36,21,1.15536445091,1.18012226058,0.964078303947,0.904936176183,0.832487309645,0.568527918782,0.123519458545
1.0,TASK3_CAPACITY_MECHANISM_CONFIRMATORY_V1,POST_HOC_SUPPORTING_LOAD_DIAGNOSTIC,REFERENCE_ASSUMPTION_SANDBOX_V1,EXACT95_HIGH,LOCAL_WINDOW_HPP_EXACT95_HIGH,43,1.90635134402,562,36,21,1.15536445091,1.18012226058,0.960339551909,0.901389398909,0.733096085409,0.451957295374,0
1.0,TASK3_CAPACITY_MECHANISM_CONFIRMATORY_V1,POST_HOC_SUPPORTING_LOAD_DIAGNOSTIC,REFERENCE_ASSUMPTION_SANDBOX_V1,EXACT95_HIGH,LOCAL_WINDOW_HPP_EXACT95_HIGH,44,1.90635134402,591,36,21,1.15536445091,1.18012226058,0.956271750096,0.897887242233,0.736040609137,0.431472081218,0.077834179357
1.0,TASK3_CAPACITY_MECHANISM_CONFIRMATORY_V1,POST_HOC_SUPPORTING_LOAD_DIAGNOSTIC,REFERENCE_ASSUMPTION_SANDBOX_V1,EXACT95_HIGH,LOCAL_WINDOW_HPP_EXACT95_HIGH,45,1.90635134402,609,36,21,1.15536445091,1.18012226058,0.96626428611,0.904867693905,0.729064039409,0.627257799672,0.175697865353
1.0,TASK3_CAPACITY_MECHANISM_CONFIRMATORY_V1,POST_HOC_SUPPORTING_LOAD_DIAGNOSTIC,REFERENCE_ASSUMPTION_SANDBOX_V1,EXACT95_HIGH,LOCAL_WINDOW_HPP_EXACT95_HIGH,46,1.90635134402,564,36,21,1.15536445091,1.18012226058,0.965807133457,0.899322438248,0.65780141844,0.379432624113,0
1.0,TASK3_CAPACITY_MECHANISM_CONFIRMATORY_V1,POST_HOC_SUPPORTING_LOAD_DIAGNOSTIC,REFERENCE_ASSUMPTION_SANDBOX_V1,EXACT95_HIGH,LOCAL_WINDOW_HPP_EXACT95_HIGH,47,1.90635134402,521,36,21,1.15536445091,1.18012226058,0.952288118952,0.897668947777,0.385796545106,0,0
1.0,TASK3_CAPACITY_MECHANISM_CONFIRMATORY_V1,POST_HOC_SUPPORTING_LOAD_DIAGNOSTIC,REFERENCE_ASSUMPTION_SANDBOX_V1,EXACT95_HIGH,LOCAL_WINDOW_HPP_EXACT95_HIGH,48,1.90635134402,548,36,21,1.15536445091,1.18012226058,0.960090776862,0.900228373312,0.724452554745,0.405109489051,0
1.0,TASK3_CAPACITY_MECHANISM_CONFIRMATORY_V1,POST_HOC_SUPPORTING_LOAD_DIAGNOSTIC,REFERENCE_ASSUMPTION_SANDBOX_V1,EXACT95_HIGH,LOCAL_WINDOW_HPP_EXACT95_HIGH,49,1.90635134402,569,36,21,1.15536445091,1.18012226058,0.966090837457,0.905122249481,0.796133567663,0.608084358524,0
1.0,TASK3_CAPACITY_MECHANISM_CONFIRMATORY_V1,POST_HOC_SUPPORTING_LOAD_DIAGNOSTIC,REFERENCE_ASSUMPTION_SANDBOX_V1,EXACT95_HIGH,LOCAL_WINDOW_HPP_EXACT95_HIGH,50,1.90635134402,589,36,21,1.15536445091,1.18012226058,0.970470872657,0.903821976106,0.772495755518,0.48726655348,0.0645161290323
1.0,TASK3_CAPACITY_MECHANISM_CONFIRMATORY_V1,POST_HOC_SUPPORTING_LOAD_DIAGNOSTIC,CAPACITY_BOTH_PLUS,EXACT95_LOW,LOCAL_WINDOW_HPP_EXACT95_LOW,1,0.944757366017,313,40,24,0.515322199641,0.511743573259,0.547127801585,0.511519729187,0,0,0
1.0,TASK3_CAPACITY_MECHANISM_CONFIRMATORY_V1,POST_HOC_SUPPORTING_LOAD_DIAGNOSTIC,CAPACITY_BOTH_PLUS,EXACT95_LOW,LOCAL_WINDOW_HPP_EXACT95_LOW,2,0.944757366017,299,40,24,0.515322199641,0.511743573259,0.528661881066,0.490900274679,0,0,0
1.0,TASK3_CAPACITY_MECHANISM_CONFIRMATORY_V1,POST_HOC_SUPPORTING_LOAD_DIAGNOSTIC,CAPACITY_BOTH_PLUS,EXACT95_LOW,LOCAL_WINDOW_HPP_EXACT95_LOW,3,0.944757366017,285,40,24,0.515322199641,0.511743573259,0.497038928555,0.458789140812,0,0,0
1.0,TASK3_CAPACITY_MECHANISM_CONFIRMATORY_V1,POST_HOC_SUPPORTING_LOAD_DIAGNOSTIC,CAPACITY_BOTH_PLUS,EXACT95_LOW,LOCAL_WINDOW_HPP_EXACT95_LOW,4,0.944757366017,293,40,24,0.515322199641,0.511743573259,0.507806103842,0.470347452223,0,0,0
1.0,TASK3_CAPACITY_MECHANISM_CONFIRMATORY_V1,POST_HOC_SUPPORTING_LOAD_DIAGNOSTIC,CAPACITY_BOTH_PLUS,EXACT95_LOW,LOCAL_WINDOW_HPP_EXACT95_LOW,5,0.944757366017,289,40,24,0.515322199641,0.511743573259,0.505191043072,0.467370459135,0,0,0
1.0,TASK3_CAPACITY_MECHANISM_CONFIRMATORY_V1,POST_HOC_SUPPORTING_LOAD_DIAGNOSTIC,CAPACITY_BOTH_PLUS,EXACT95_LOW,LOCAL_WINDOW_HPP_EXACT95_LOW,6,0.944757366017,310,40,24,0.515322199641,0.511743573259,0.550861938733,0.522749544768,0,0,0
1.0,TASK3_CAPACITY_MECHANISM_CONFIRMATORY_V1,POST_HOC_SUPPORTING_LOAD_DIAGNOSTIC,CAPACITY_BOTH_PLUS,EXACT95_LOW,LOCAL_WINDOW_HPP_EXACT95_LOW,7,0.944757366017,254,40,24,0.515322199641,0.511743573259,0.446331056782,0.407728945821,0,0,0
1.0,TASK3_CAPACITY_MECHANISM_CONFIRMATORY_V1,POST_HOC_SUPPORTING_LOAD_DIAGNOSTIC,CAPACITY_BOTH_PLUS,EXACT95_LOW,LOCAL_WINDOW_HPP_EXACT95_LOW,8,0.944757366017,279,40,24,0.515322199641,0.511743573259,0.482068038129,0.447259251394,0,0,0
1.0,TASK3_CAPACITY_MECHANISM_CONFIRMATORY_V1,POST_HOC_SUPPORTING_LOAD_DIAGNOSTIC,CAPACITY_BOTH_PLUS,EXACT95_LOW,LOCAL_WINDOW_HPP_EXACT95_LOW,9,0.944757366017,271,40,24,0.515322199641,0.511743573259,0.470898066407,0.438723167716,0,0,0
1.0,TASK3_CAPACITY_MECHANISM_CONFIRMATORY_V1,POST_HOC_SUPPORTING_LOAD_DIAGNOSTIC,CAPACITY_BOTH_PLUS,EXACT95_LOW,LOCAL_WINDOW_HPP_EXACT95_LOW,10,0.944757366017,321,40,24,0.515322199641,0.511743573259,0.563946980783,0.52315062595,0,0,0
1.0,TASK3_CAPACITY_MECHANISM_CONFIRMATORY_V1,POST_HOC_SUPPORTING_LOAD_DIAGNOSTIC,CAPACITY_BOTH_PLUS,EXACT95_LOW,LOCAL_WINDOW_HPP_EXACT95_LOW,11,0.944757366017,276,40,24,0.515322199641,0.511743573259,0.485628007039,0.456352635773,0,0,0
1.0,TASK3_CAPACITY_MECHANISM_CONFIRMATORY_V1,POST_HOC_SUPPORTING_LOAD_DIAGNOSTIC,CAPACITY_BOTH_PLUS,EXACT95_LOW,LOCAL_WINDOW_HPP_EXACT95_LOW,12,0.944757366017,299,40,24,0.515322199641,0.511743573259,0.513340645105,0.465672878147,0,0,0
1.0,TASK3_CAPACITY_MECHANISM_CONFIRMATORY_V1,POST_HOC_SUPPORTING_LOAD_DIAGNOSTIC,CAPACITY_BOTH_PLUS,EXACT95_LOW,LOCAL_WINDOW_HPP_EXACT95_LOW,13,0.944757366017,286,40,24,0.515322199641,0.511743573259,0.500432298602,0.472980389103,0,0,0
1.0,TASK3_CAPACITY_MECHANISM_CONFIRMATORY_V1,POST_HOC_SUPPORTING_LOAD_DIAGNOSTIC,CAPACITY_BOTH_PLUS,EXACT95_LOW,LOCAL_WINDOW_HPP_EXACT95_LOW,14,0.944757366017,264,40,24,0.515322199641,0.511743573259,0.453370331652,0.41681131731,0,0,0
1.0,TASK3_CAPACITY_MECHANISM_CONFIRMATORY_V1,POST_HOC_SUPPORTING_LOAD_DIAGNOSTIC,CAPACITY_BOTH_PLUS,EXACT95_LOW,LOCAL_WINDOW_HPP_EXACT95_LOW,15,0.944757366017,296,40,24,0.515322199641,0.511743573259,0.519802208815,0.486881967867,0,0,0
1.0,TASK3_CAPACITY_MECHANISM_CONFIRMATORY_V1,POST_HOC_SUPPORTING_LOAD_DIAGNOSTIC,CAPACITY_BOTH_PLUS,EXACT95_LOW,LOCAL_WINDOW_HPP_EXACT95_LOW,16,0.944757366017,278,40,24,0.515322199641,0.511743573259,0.479397006535,0.446676645457,0,0,0
1.0,TASK3_CAPACITY_MECHANISM_CONFIRMATORY_V1,POST_HOC_SUPPORTING_LOAD_DIAGNOSTIC,CAPACITY_BOTH_PLUS,EXACT95_LOW,LOCAL_WINDOW_HPP_EXACT95_LOW,17,0.944757366017,310,40,24,0.515322199641,0.511743573259,0.537192569404,0.503371162586,0,0,0
1.0,TASK3_CAPACITY_MECHANISM_CONFIRMATORY_V1,POST_HOC_SUPPORTING_LOAD_DIAGNOSTIC,CAPACITY_BOTH_PLUS,EXACT95_LOW,LOCAL_WINDOW_HPP_EXACT95_LOW,18,0.944757366017,298,40,24,0.515322199641,0.511743573259,0.523067082067,0.483846647848,0,0,0
1.0,TASK3_CAPACITY_MECHANISM_CONFIRMATORY_V1,POST_HOC_SUPPORTING_LOAD_DIAGNOSTIC,CAPACITY_BOTH_PLUS,EXACT95_LOW,LOCAL_WINDOW_HPP_EXACT95_LOW,19,0.944757366017,272,40,24,0.515322199641,0.511743573259,0.470716702043,0.441414666385,0,0,0
1.0,TASK3_CAPACITY_MECHANISM_CONFIRMATORY_V1,POST_HOC_SUPPORTING_LOAD_DIAGNOSTIC,CAPACITY_BOTH_PLUS,EXACT95_LOW,LOCAL_WINDOW_HPP_EXACT95_LOW,20,0.944757366017,280,40,24,0.515322199641,0.511743573259,0.495087495402,0.467118479528,0,0,0
1.0,TASK3_CAPACITY_MECHANISM_CONFIRMATORY_V1,POST_HOC_SUPPORTING_LOAD_DIAGNOSTIC,CAPACITY_BOTH_PLUS,EXACT95_LOW,LOCAL_WINDOW_HPP_EXACT95_LOW,21,0.944757366017,272,40,24,0.515322199641,0.511743573259,0.486083511022,0.457953439444,0,0,0
1.0,TASK3_CAPACITY_MECHANISM_CONFIRMATORY_V1,POST_HOC_SUPPORTING_LOAD_DIAGNOSTIC,CAPACITY_BOTH_PLUS,EXACT95_LOW,LOCAL_WINDOW_HPP_EXACT95_LOW,22,0.944757366017,312,40,24,0.515322199641,0.511743573259,0.536975417042,0.490364985021,0,0,0
1.0,TASK3_CAPACITY_MECHANISM_CONFIRMATORY_V1,POST_HOC_SUPPORTING_LOAD_DIAGNOSTIC,CAPACITY_BOTH_PLUS,EXACT95_LOW,LOCAL_WINDOW_HPP_EXACT95_LOW,23,0.944757366017,296,40,24,0.515322199641,0.511743573259,0.518042065855,0.49271474773,0,0,0
1.0,TASK3_CAPACITY_MECHANISM_CONFIRMATORY_V1,POST_HOC_SUPPORTING_LOAD_DIAGNOSTIC,CAPACITY_BOTH_PLUS,EXACT95_LOW,LOCAL_WINDOW_HPP_EXACT95_LOW,24,0.944757366017,299,40,24,0.515322199641,0.511743573259,0.516188017933,0.471753303496,0,0,0
1.0,TASK3_CAPACITY_MECHANISM_CONFIRMATORY_V1,POST_HOC_SUPPORTING_LOAD_DIAGNOSTIC,CAPACITY_BOTH_PLUS,EXACT95_LOW,LOCAL_WINDOW_HPP_EXACT95_LOW,25,0.944757366017,291,40,24,0.515322199641,0.511743573259,0.507382436385,0.472905765368,0,0,0
1.0,TASK3_CAPACITY_MECHANISM_CONFIRMATORY_V1,POST_HOC_SUPPORTING_LOAD_DIAGNOSTIC,CAPACITY_BOTH_PLUS,EXACT95_LOW,LOCAL_WINDOW_HPP_EXACT95_LOW,26,0.944757366017,273,40,24,0.515322199641,0.511743573259,0.475631940921,0.445585544587,0,0,0
1.0,TASK3_CAPACITY_MECHANISM_CONFIRMATORY_V1,POST_HOC_SUPPORTING_LOAD_DIAGNOSTIC,CAPACITY_BOTH_PLUS,EXACT95_LOW,LOCAL_WINDOW_HPP_EXACT95_LOW,27,0.944757366017,272,40,24,0.515322199641,0.511743573259,0.48018327663,0.45182642566,0,0,0
1.0,TASK3_CAPACITY_MECHANISM_CONFIRMATORY_V1,POST_HOC_SUPPORTING_LOAD_DIAGNOSTIC,CAPACITY_BOTH_PLUS,EXACT95_LOW,LOCAL_WINDOW_HPP_EXACT95_LOW,28,0.944757366017,258,40,24,0.515322199641,0.511743573259,0.453289636473,0.431180909062,0,0,0
1.0,TASK3_CAPACITY_MECHANISM_CONFIRMATORY_V1,POST_HOC_SUPPORTING_LOAD_DIAGNOSTIC,CAPACITY_BOTH_PLUS,EXACT95_LOW,LOCAL_WINDOW_HPP_EXACT95_LOW,29,0.944757366017,300,40,24,0.515322199641,0.511743573259,0.524763642386,0.490906235921,0,0,0
1.0,TASK3_CAPACITY_MECHANISM_CONFIRMATORY_V1,POST_HOC_SUPPORTING_LOAD_DIAGNOSTIC,CAPACITY_BOTH_PLUS,EXACT95_LOW,LOCAL_WINDOW_HPP_EXACT95_LOW,30,0.944757366017,267,40,24,0.515322199641,0.511743573259,0.466587392759,0.425940139727,0,0,0
1.0,TASK3_CAPACITY_MECHANISM_CONFIRMATORY_V1,POST_HOC_SUPPORTING_LOAD_DIAGNOSTIC,CAPACITY_BOTH_PLUS,EXACT95_LOW,LOCAL_WINDOW_HPP_EXACT95_LOW,31,0.944757366017,296,40,24,0.515322199641,0.511743573259,0.525345292392,0.496469769738,0,0,0
1.0,TASK3_CAPACITY_MECHANISM_CONFIRMATORY_V1,POST_HOC_SUPPORTING_LOAD_DIAGNOSTIC,CAPACITY_BOTH_PLUS,EXACT95_LOW,LOCAL_WINDOW_HPP_EXACT95_LOW,32,0.944757366017,288,40,24,0.515322199641,0.511743573259,0.496594764518,0.454460424918,0,0,0
1.0,TASK3_CAPACITY_MECHANISM_CONFIRMATORY_V1,POST_HOC_SUPPORTING_LOAD_DIAGNOSTIC,CAPACITY_BOTH_PLUS,EXACT95_LOW,LOCAL_WINDOW_HPP_EXACT95_LOW,33,0.944757366017,263,40,24,0.515322199641,0.511743573259,0.463483634855,0.4383506188,0,0,0
1.0,TASK3_CAPACITY_MECHANISM_CONFIRMATORY_V1,POST_HOC_SUPPORTING_LOAD_DIAGNOSTIC,CAPACITY_BOTH_PLUS,EXACT95_LOW,LOCAL_WINDOW_HPP_EXACT95_LOW,34,0.944757366017,282,40,24,0.515322199641,0.511743573259,0.497891275915,0.462613112951,0,0,0
1.0,TASK3_CAPACITY_MECHANISM_CONFIRMATORY_V1,POST_HOC_SUPPORTING_LOAD_DIAGNOSTIC,CAPACITY_BOTH_PLUS,EXACT95_LOW,LOCAL_WINDOW_HPP_EXACT95_LOW,35,0.944757366017,280,40,24,0.515322199641,0.511743573259,0.493706585646,0.464008327406,0,0,0
1.0,TASK3_CAPACITY_MECHANISM_CONFIRMATORY_V1,POST_HOC_SUPPORTING_LOAD_DIAGNOSTIC,CAPACITY_BOTH_PLUS,EXACT95_LOW,LOCAL_WINDOW_HPP_EXACT95_LOW,36,0.944757366017,272,40,24,0.515322199641,0.511743573259,0.477963485566,0.437944659762,0,0,0
1.0,TASK3_CAPACITY_MECHANISM_CONFIRMATORY_V1,POST_HOC_SUPPORTING_LOAD_DIAGNOSTIC,CAPACITY_BOTH_PLUS,EXACT95_LOW,LOCAL_WINDOW_HPP_EXACT95_LOW,37,0.944757366017,266,40,24,0.515322199641,0.511743573259,0.468232392734,0.441680781071,0,0,0
1.0,TASK3_CAPACITY_MECHANISM_CONFIRMATORY_V1,POST_HOC_SUPPORTING_LOAD_DIAGNOSTIC,CAPACITY_BOTH_PLUS,EXACT95_LOW,LOCAL_WINDOW_HPP_EXACT95_LOW,38,0.944757366017,341,40,24,0.515322199641,0.511743573259,0.60371126836,0.56316721498,0,0,0
1.0,TASK3_CAPACITY_MECHANISM_CONFIRMATORY_V1,POST_HOC_SUPPORTING_LOAD_DIAGNOSTIC,CAPACITY_BOTH_PLUS,EXACT95_LOW,LOCAL_WINDOW_HPP_EXACT95_LOW,39,0.944757366017,256,40,24,0.515322199641,0.511743573259,0.441422976497,0.408713583586,0,0,0
1.0,TASK3_CAPACITY_MECHANISM_CONFIRMATORY_V1,POST_HOC_SUPPORTING_LOAD_DIAGNOSTIC,CAPACITY_BOTH_PLUS,EXACT95_LOW,LOCAL_WINDOW_HPP_EXACT95_LOW,40,0.944757366017,276,40,24,0.515322199641,0.511743573259,0.486476144541,0.465152426532,0,0,0
1.0,TASK3_CAPACITY_MECHANISM_CONFIRMATORY_V1,POST_HOC_SUPPORTING_LOAD_DIAGNOSTIC,CAPACITY_BOTH_PLUS,EXACT95_LOW,LOCAL_WINDOW_HPP_EXACT95_LOW,41,0.944757366017,305,40,24,0.515322199641,0.511743573259,0.534111562532,0.493202280213,0,0,0
1.0,TASK3_CAPACITY_MECHANISM_CONFIRMATORY_V1,POST_HOC_SUPPORTING_LOAD_DIAGNOSTIC,CAPACITY_BOTH_PLUS,EXACT95_LOW,LOCAL_WINDOW_HPP_EXACT95_LOW,42,0.944757366017,298,40,24,0.515322199641,0.511743573259,0.521822490027,0.483311939464,0,0,0
1.0,TASK3_CAPACITY_MECHANISM_CONFIRMATORY_V1,POST_HOC_SUPPORTING_LOAD_DIAGNOSTIC,CAPACITY_BOTH_PLUS,EXACT95_LOW,LOCAL_WINDOW_HPP_EXACT95_LOW,43,0.944757366017,274,40,24,0.515322199641,0.511743573259,0.482729198331,0.454319226962,0,0,0
1.0,TASK3_CAPACITY_MECHANISM_CONFIRMATORY_V1,POST_HOC_SUPPORTING_LOAD_DIAGNOSTIC,CAPACITY_BOTH_PLUS,EXACT95_LOW,LOCAL_WINDOW_HPP_EXACT95_LOW,44,0.944757366017,288,40,24,0.515322199641,0.511743573259,0.509244091085,0.473753283656,0,0,0
1.0,TASK3_CAPACITY_MECHANISM_CONFIRMATORY_V1,POST_HOC_SUPPORTING_LOAD_DIAGNOSTIC,CAPACITY_BOTH_PLUS,EXACT95_LOW,LOCAL_WINDOW_HPP_EXACT95_LOW,45,0.944757366017,294,40,24,0.515322199641,0.511743573259,0.508224596963,0.469375318293,0,0,0
1.0,TASK3_CAPACITY_MECHANISM_CONFIRMATORY_V1,POST_HOC_SUPPORTING_LOAD_DIAGNOSTIC,CAPACITY_BOTH_PLUS,EXACT95_LOW,LOCAL_WINDOW_HPP_EXACT95_LOW,46,0.944757366017,296,40,24,0.515322199641,0.511743573259,0.512220463886,0.472684114607,0,0,0
1.0,TASK3_CAPACITY_MECHANISM_CONFIRMATORY_V1,POST_HOC_SUPPORTING_LOAD_DIAGNOSTIC,CAPACITY_BOTH_PLUS,EXACT95_LOW,LOCAL_WINDOW_HPP_EXACT95_LOW,47,0.944757366017,265,40,24,0.515322199641,0.511743573259,0.470011727211,0.437960987485,0,0,0
1.0,TASK3_CAPACITY_MECHANISM_CONFIRMATORY_V1,POST_HOC_SUPPORTING_LOAD_DIAGNOSTIC,CAPACITY_BOTH_PLUS,EXACT95_LOW,LOCAL_WINDOW_HPP_EXACT95_LOW,48,0.944757366017,296,40,24,0.515322199641,0.511743573259,0.522273699535,0.490593321005,0,0,0
1.0,TASK3_CAPACITY_MECHANISM_CONFIRMATORY_V1,POST_HOC_SUPPORTING_LOAD_DIAGNOSTIC,CAPACITY_BOTH_PLUS,EXACT95_LOW,LOCAL_WINDOW_HPP_EXACT95_LOW,49,0.944757366017,247,40,24,0.515322199641,0.511743573259,0.441101707262,0.424537006615,0,0,0
1.0,TASK3_CAPACITY_MECHANISM_CONFIRMATORY_V1,POST_HOC_SUPPORTING_LOAD_DIAGNOSTIC,CAPACITY_BOTH_PLUS,EXACT95_LOW,LOCAL_WINDOW_HPP_EXACT95_LOW,50,0.944757366017,295,40,24,0.515322199641,0.511743573259,0.517864622582,0.489021261846,0,0,0
1.0,TASK3_CAPACITY_MECHANISM_CONFIRMATORY_V1,POST_HOC_SUPPORTING_LOAD_DIAGNOSTIC,CAPACITY_IMMIGRATION_PLUS_3,EXACT95_LOW,LOCAL_WINDOW_HPP_EXACT95_LOW,1,0.944757366017,313,36,24,0.572580221824,0.511743573259,0.607919779538,0.511519729187,0,0,0
1.0,TASK3_CAPACITY_MECHANISM_CONFIRMATORY_V1,POST_HOC_SUPPORTING_LOAD_DIAGNOSTIC,CAPACITY_IMMIGRATION_PLUS_3,EXACT95_LOW,LOCAL_WINDOW_HPP_EXACT95_LOW,2,0.944757366017,299,36,24,0.572580221824,0.511743573259,0.587402090073,0.490900274679,0,0,0
1.0,TASK3_CAPACITY_MECHANISM_CONFIRMATORY_V1,POST_HOC_SUPPORTING_LOAD_DIAGNOSTIC,CAPACITY_IMMIGRATION_PLUS_3,EXACT95_LOW,LOCAL_WINDOW_HPP_EXACT95_LOW,3,0.944757366017,285,36,24,0.572580221824,0.511743573259,0.552265476172,0.458789140812,0,0,0
1.0,TASK3_CAPACITY_MECHANISM_CONFIRMATORY_V1,POST_HOC_SUPPORTING_LOAD_DIAGNOSTIC,CAPACITY_IMMIGRATION_PLUS_3,EXACT95_LOW,LOCAL_WINDOW_HPP_EXACT95_LOW,4,0.944757366017,293,36,24,0.572580221824,0.511743573259,0.564229004269,0.470347452223,0,0,0
1.0,TASK3_CAPACITY_MECHANISM_CONFIRMATORY_V1,POST_HOC_SUPPORTING_LOAD_DIAGNOSTIC,CAPACITY_IMMIGRATION_PLUS_3,EXACT95_LOW,LOCAL_WINDOW_HPP_EXACT95_LOW,5,0.944757366017,289,36,24,0.572580221824,0.511743573259,0.561323381191,0.467370459135,0,0,0
1.0,TASK3_CAPACITY_MECHANISM_CONFIRMATORY_V1,POST_HOC_SUPPORTING_LOAD_DIAGNOSTIC,CAPACITY_IMMIGRATION_PLUS_3,EXACT95_LOW,LOCAL_WINDOW_HPP_EXACT95_LOW,6,0.944757366017,310,36,24,0.572580221824,0.511743573259,0.612068820815,0.522749544768,0,0,0
1.0,TASK3_CAPACITY_MECHANISM_CONFIRMATORY_V1,POST_HOC_SUPPORTING_LOAD_DIAGNOSTIC,CAPACITY_IMMIGRATION_PLUS_3,EXACT95_LOW,LOCAL_WINDOW_HPP_EXACT95_LOW,7,0.944757366017,254,36,24,0.572580221824,0.511743573259,0.495923396424,0.407728945821,0,0,0
1.0,TASK3_CAPACITY_MECHANISM_CONFIRMATORY_V1,POST_HOC_SUPPORTING_LOAD_DIAGNOSTIC,CAPACITY_IMMIGRATION_PLUS_3,EXACT95_LOW,LOCAL_WINDOW_HPP_EXACT95_LOW,8,0.944757366017,279,36,24,0.572580221824,0.511743573259,0.535631153477,0.447259251394,0,0,0
1.0,TASK3_CAPACITY_MECHANISM_CONFIRMATORY_V1,POST_HOC_SUPPORTING_LOAD_DIAGNOSTIC,CAPACITY_IMMIGRATION_PLUS_3,EXACT95_LOW,LOCAL_WINDOW_HPP_EXACT95_LOW,9,0.944757366017,271,36,24,0.572580221824,0.511743573259,0.523220073786,0.438723167716,0,0,0
1.0,TASK3_CAPACITY_MECHANISM_CONFIRMATORY_V1,POST_HOC_SUPPORTING_LOAD_DIAGNOSTIC,CAPACITY_IMMIGRATION_PLUS_3,EXACT95_LOW,LOCAL_WINDOW_HPP_EXACT95_LOW,10,0.944757366017,321,36,24,0.572580221824,0.511743573259,0.626607756426,0.52315062595,0,0,0
1.0,TASK3_CAPACITY_MECHANISM_CONFIRMATORY_V1,POST_HOC_SUPPORTING_LOAD_DIAGNOSTIC,CAPACITY_IMMIGRATION_PLUS_3,EXACT95_LOW,LOCAL_WINDOW_HPP_EXACT95_LOW,11,0.944757366017,276,36,24,0.572580221824,0.511743573259,0.539586674488,0.456352635773,0,0,0
1.0,TASK3_CAPACITY_MECHANISM_CONFIRMATORY_V1,POST_HOC_SUPPORTING_LOAD_DIAGNOSTIC,CAPACITY_IMMIGRATION_PLUS_3,EXACT95_LOW,LOCAL_WINDOW_HPP_EXACT95_LOW,12,0.944757366017,299,36,24,0.572580221824,0.511743573259,0.570378494561,0.465672878147,0,0,0
1.0,TASK3_CAPACITY_MECHANISM_CONFIRMATORY_V1,POST_HOC_SUPPORTING_LOAD_DIAGNOSTIC,CAPACITY_IMMIGRATION_PLUS_3,EXACT95_LOW,LOCAL_WINDOW_HPP_EXACT95_LOW,13,0.944757366017,286,36,24,0.572580221824,0.511743573259,0.556035887335,0.472980389103,0,0,0
1.0,TASK3_CAPACITY_MECHANISM_CONFIRMATORY_V1,POST_HOC_SUPPORTING_LOAD_DIAGNOSTIC,CAPACITY_IMMIGRATION_PLUS_3,EXACT95_LOW,LOCAL_WINDOW_HPP_EXACT95_LOW,14,0.944757366017,264,36,24,0.572580221824,0.511743573259,0.503744812947,0.41681131731,0,0,0
1.0,TASK3_CAPACITY_MECHANISM_CONFIRMATORY_V1,POST_HOC_SUPPORTING_LOAD_DIAGNOSTIC,CAPACITY_IMMIGRATION_PLUS_3,EXACT95_LOW,LOCAL_WINDOW_HPP_EXACT95_LOW,15,0.944757366017,296,36,24,0.572580221824,0.511743573259,0.577558009795,0.486881967867,0,0,0
1.0,TASK3_CAPACITY_MECHANISM_CONFIRMATORY_V1,POST_HOC_SUPPORTING_LOAD_DIAGNOSTIC,CAPACITY_IMMIGRATION_PLUS_3,EXACT95_LOW,LOCAL_WINDOW_HPP_EXACT95_LOW,16,0.944757366017,278,36,24,0.572580221824,0.511743573259,0.532663340594,0.446676645457,0,0,0
1.0,TASK3_CAPACITY_MECHANISM_CONFIRMATORY_V1,POST_HOC_SUPPORTING_LOAD_DIAGNOSTIC,CAPACITY_IMMIGRATION_PLUS_3,EXACT95_LOW,LOCAL_WINDOW_HPP_EXACT95_LOW,17,0.944757366017,310,36,24,0.572580221824,0.511743573259,0.596880632671,0.503371162586,0,0,0
1.0,TASK3_CAPACITY_MECHANISM_CONFIRMATORY_V1,POST_HOC_SUPPORTING_LOAD_DIAGNOSTIC,CAPACITY_IMMIGRATION_PLUS_3,EXACT95_LOW,LOCAL_WINDOW_HPP_EXACT95_LOW,18,0.944757366017,298,36,24,0.572580221824,0.511743573259,0.581185646741,0.483846647848,0,0,0
1.0,TASK3_CAPACITY_MECHANISM_CONFIRMATORY_V1,POST_HOC_SUPPORTING_LOAD_DIAGNOSTIC,CAPACITY_IMMIGRATION_PLUS_3,EXACT95_LOW,LOCAL_WINDOW_HPP_EXACT95_LOW,19,0.944757366017,272,36,24,0.572580221824,0.511743573259,0.523018557826,0.441414666385,0,0,0
1.0,TASK3_CAPACITY_MECHANISM_CONFIRMATORY_V1,POST_HOC_SUPPORTING_LOAD_DIAGNOSTIC,CAPACITY_IMMIGRATION_PLUS_3,EXACT95_LOW,LOCAL_WINDOW_HPP_EXACT95_LOW,20,0.944757366017,280,36,24,0.572580221824,0.511743573259,0.550097217113,0.467118479528,0,0,0
1.0,TASK3_CAPACITY_MECHANISM_CONFIRMATORY_V1,POST_HOC_SUPPORTING_LOAD_DIAGNOSTIC,CAPACITY_IMMIGRATION_PLUS_3,EXACT95_LOW,LOCAL_WINDOW_HPP_EXACT95_LOW,21,0.944757366017,272,36,24,0.572580221824,0.511743573259,0.540092790025,0.457953439444,0,0,0
1.0,TASK3_CAPACITY_MECHANISM_CONFIRMATORY_V1,POST_HOC_SUPPORTING_LOAD_DIAGNOSTIC,CAPACITY_IMMIGRATION_PLUS_3,EXACT95_LOW,LOCAL_WINDOW_HPP_EXACT95_LOW,22,0.944757366017,312,36,24,0.572580221824,0.511743573259,0.596639352269,0.490364985021,0,0,0
1.0,TASK3_CAPACITY_MECHANISM_CONFIRMATORY_V1,POST_HOC_SUPPORTING_LOAD_DIAGNOSTIC,CAPACITY_IMMIGRATION_PLUS_3,EXACT95_LOW,LOCAL_WINDOW_HPP_EXACT95_LOW,23,0.944757366017,296,36,24,0.572580221824,0.511743573259,0.575602295395,0.49271474773,0,0,0
1.0,TASK3_CAPACITY_MECHANISM_CONFIRMATORY_V1,POST_HOC_SUPPORTING_LOAD_DIAGNOSTIC,CAPACITY_IMMIGRATION_PLUS_3,EXACT95_LOW,LOCAL_WINDOW_HPP_EXACT95_LOW,24,0.944757366017,299,36,24,0.572580221824,0.511743573259,0.573542242148,0.471753303496,0,0,0
1.0,TASK3_CAPACITY_MECHANISM_CONFIRMATORY_V1,POST_HOC_SUPPORTING_LOAD_DIAGNOSTIC,CAPACITY_IMMIGRATION_PLUS_3,EXACT95_LOW,LOCAL_WINDOW_HPP_EXACT95_LOW,25,0.944757366017,291,36,24,0.572580221824,0.511743573259,0.563758262649,0.472905765368,0,0,0
1.0,TASK3_CAPACITY_MECHANISM_CONFIRMATORY_V1,POST_HOC_SUPPORTING_LOAD_DIAGNOSTIC,CAPACITY_IMMIGRATION_PLUS_3,EXACT95_LOW,LOCAL_WINDOW_HPP_EXACT95_LOW,26,0.944757366017,273,36,24,0.572580221824,0.511743573259,0.528479934357,0.445585544587,0,0,0
1.0,TASK3_CAPACITY_MECHANISM_CONFIRMATORY_V1,POST_HOC_SUPPORTING_LOAD_DIAGNOSTIC,CAPACITY_IMMIGRATION_PLUS_3,EXACT95_LOW,LOCAL_WINDOW_HPP_EXACT95_LOW,27,0.944757366017,272,36,24,0.572580221824,0.511743573259,0.533536974033,0.45182642566,0,0,0
1.0,TASK3_CAPACITY_MECHANISM_CONFIRMATORY_V1,POST_HOC_SUPPORTING_LOAD_DIAGNOSTIC,CAPACITY_IMMIGRATION_PLUS_3,EXACT95_LOW,LOCAL_WINDOW_HPP_EXACT95_LOW,28,0.944757366017,258,36,24,0.572580221824,0.511743573259,0.503655151637,0.431180909062,0,0,0
1.0,TASK3_CAPACITY_MECHANISM_CONFIRMATORY_V1,POST_HOC_SUPPORTING_LOAD_DIAGNOSTIC,CAPACITY_IMMIGRATION_PLUS_3,EXACT95_LOW,LOCAL_WINDOW_HPP_EXACT95_LOW,29,0.944757366017,300,36,24,0.572580221824,0.511743573259,0.583070713762,0.490906235921,0,0,0
1.0,TASK3_CAPACITY_MECHANISM_CONFIRMATORY_V1,POST_HOC_SUPPORTING_LOAD_DIAGNOSTIC,CAPACITY_IMMIGRATION_PLUS_3,EXACT95_LOW,LOCAL_WINDOW_HPP_EXACT95_LOW,30,0.944757366017,267,36,24,0.572580221824,0.511743573259,0.518430436399,0.425940139727,0,0,0
1.0,TASK3_CAPACITY_MECHANISM_CONFIRMATORY_V1,POST_HOC_SUPPORTING_LOAD_DIAGNOSTIC,CAPACITY_IMMIGRATION_PLUS_3,EXACT95_LOW,LOCAL_WINDOW_HPP_EXACT95_LOW,31,0.944757366017,296,36,24,0.572580221824,0.511743573259,0.583716991547,0.496469769738,0,0,0
1.0,TASK3_CAPACITY_MECHANISM_CONFIRMATORY_V1,POST_HOC_SUPPORTING_LOAD_DIAGNOSTIC,CAPACITY_IMMIGRATION_PLUS_3,EXACT95_LOW,LOCAL_WINDOW_HPP_EXACT95_LOW,32,0.944757366017,288,36,24,0.572580221824,0.511743573259,0.551771960576,0.454460424918,0,0,0
1.0,TASK3_CAPACITY_MECHANISM_CONFIRMATORY_V1,POST_HOC_SUPPORTING_LOAD_DIAGNOSTIC,CAPACITY_IMMIGRATION_PLUS_3,EXACT95_LOW,LOCAL_WINDOW_HPP_EXACT95_LOW,33,0.944757366017,263,36,24,0.572580221824,0.511743573259,0.514981816506,0.4383506188,0,0,0
1.0,TASK3_CAPACITY_MECHANISM_CONFIRMATORY_V1,POST_HOC_SUPPORTING_LOAD_DIAGNOSTIC,CAPACITY_IMMIGRATION_PLUS_3,EXACT95_LOW,LOCAL_WINDOW_HPP_EXACT95_LOW,34,0.944757366017,282,36,24,0.572580221824,0.511743573259,0.553212528794,0.462613112951,0,0,0
1.0,TASK3_CAPACITY_MECHANISM_CONFIRMATORY_V1,POST_HOC_SUPPORTING_LOAD_DIAGNOSTIC,CAPACITY_IMMIGRATION_PLUS_3,EXACT95_LOW,LOCAL_WINDOW_HPP_EXACT95_LOW,35,0.944757366017,280,36,24,0.572580221824,0.511743573259,0.54856287294,0.464008327406,0,0,0
1.0,TASK3_CAPACITY_MECHANISM_CONFIRMATORY_V1,POST_HOC_SUPPORTING_LOAD_DIAGNOSTIC,CAPACITY_IMMIGRATION_PLUS_3,EXACT95_LOW,LOCAL_WINDOW_HPP_EXACT95_LOW,36,0.944757366017,272,36,24,0.572580221824,0.511743573259,0.531070539518,0.437944659762,0,0,0
1.0,TASK3_CAPACITY_MECHANISM_CONFIRMATORY_V1,POST_HOC_SUPPORTING_LOAD_DIAGNOSTIC,CAPACITY_IMMIGRATION_PLUS_3,EXACT95_LOW,LOCAL_WINDOW_HPP_EXACT95_LOW,37,0.944757366017,266,36,24,0.572580221824,0.511743573259,0.520258214149,0.441680781071,0,0,0
1.0,TASK3_CAPACITY_MECHANISM_CONFIRMATORY_V1,POST_HOC_SUPPORTING_LOAD_DIAGNOSTIC,CAPACITY_IMMIGRATION_PLUS_3,EXACT95_LOW,LOCAL_WINDOW_HPP_EXACT95_LOW,38,0.944757366017,341,36,24,0.572580221824,0.511743573259,0.670790298178,0.56316721498,0,0,0
1.0,TASK3_CAPACITY_MECHANISM_CONFIRMATORY_V1,POST_HOC_SUPPORTING_LOAD_DIAGNOSTIC,CAPACITY_IMMIGRATION_PLUS_3,EXACT95_LOW,LOCAL_WINDOW_HPP_EXACT95_LOW,39,0.944757366017,256,36,24,0.572580221824,0.511743573259,0.490469973885,0.408713583586,0,0,0
1.0,TASK3_CAPACITY_MECHANISM_CONFIRMATORY_V1,POST_HOC_SUPPORTING_LOAD_DIAGNOSTIC,CAPACITY_IMMIGRATION_PLUS_3,EXACT95_LOW,LOCAL_WINDOW_HPP_EXACT95_LOW,40,0.944757366017,276,36,24,0.572580221824,0.511743573259,0.540529049489,0.465152426532,0,0,0
1.0,TASK3_CAPACITY_MECHANISM_CONFIRMATORY_V1,POST_HOC_SUPPORTING_LOAD_DIAGNOSTIC,CAPACITY_IMMIGRATION_PLUS_3,EXACT95_LOW,LOCAL_WINDOW_HPP_EXACT95_LOW,41,0.944757366017,305,36,24,0.572580221824,0.511743573259,0.593457291702,0.493202280213,0,0,0
1.0,TASK3_CAPACITY_MECHANISM_CONFIRMATORY_V1,POST_HOC_SUPPORTING_LOAD_DIAGNOSTIC,CAPACITY_IMMIGRATION_PLUS_3,EXACT95_LOW,LOCAL_WINDOW_HPP_EXACT95_LOW,42,0.944757366017,298,36,24,0.572580221824,0.511743573259,0.579802766696,0.483311939464,0,0,0
1.0,TASK3_CAPACITY_MECHANISM_CONFIRMATORY_V1,POST_HOC_SUPPORTING_LOAD_DIAGNOSTIC,CAPACITY_IMMIGRATION_PLUS_3,EXACT95_LOW,LOCAL_WINDOW_HPP_EXACT95_LOW,43,0.944757366017,274,36,24,0.572580221824,0.511743573259,0.536365775924,0.454319226962,0,0,0
1.0,TASK3_CAPACITY_MECHANISM_CONFIRMATORY_V1,POST_HOC_SUPPORTING_LOAD_DIAGNOSTIC,CAPACITY_IMMIGRATION_PLUS_3,EXACT95_LOW,LOCAL_WINDOW_HPP_EXACT95_LOW,44,0.944757366017,288,36,24,0.572580221824,0.511743573259,0.565826767872,0.473753283656,0,0,0
1.0,TASK3_CAPACITY_MECHANISM_CONFIRMATORY_V1,POST_HOC_SUPPORTING_LOAD_DIAGNOSTIC,CAPACITY_IMMIGRATION_PLUS_3,EXACT95_LOW,LOCAL_WINDOW_HPP_EXACT95_LOW,45,0.944757366017,294,36,24,0.572580221824,0.511743573259,0.564693996625,0.469375318293,0,0,0
1.0,TASK3_CAPACITY_MECHANISM_CONFIRMATORY_V1,POST_HOC_SUPPORTING_LOAD_DIAGNOSTIC,CAPACITY_IMMIGRATION_PLUS_3,EXACT95_LOW,LOCAL_WINDOW_HPP_EXACT95_LOW,46,0.944757366017,296,36,24,0.572580221824,0.511743573259,0.569133848763,0.472684114607,0,0,0
1.0,TASK3_CAPACITY_MECHANISM_CONFIRMATORY_V1,POST_HOC_SUPPORTING_LOAD_DIAGNOSTIC,CAPACITY_IMMIGRATION_PLUS_3,EXACT95_LOW,LOCAL_WINDOW_HPP_EXACT95_LOW,47,0.944757366017,265,36,24,0.572580221824,0.511743573259,0.522235252457,0.437960987485,0,0,0
1.0,TASK3_CAPACITY_MECHANISM_CONFIRMATORY_V1,POST_HOC_SUPPORTING_LOAD_DIAGNOSTIC,CAPACITY_IMMIGRATION_PLUS_3,EXACT95_LOW,LOCAL_WINDOW_HPP_EXACT95_LOW,48,0.944757366017,296,36,24,0.572580221824,0.511743573259,0.580304110594,0.490593321005,0,0,0
1.0,TASK3_CAPACITY_MECHANISM_CONFIRMATORY_V1,POST_HOC_SUPPORTING_LOAD_DIAGNOSTIC,CAPACITY_IMMIGRATION_PLUS_3,EXACT95_LOW,LOCAL_WINDOW_HPP_EXACT95_LOW,49,0.944757366017,247,36,24,0.572580221824,0.511743573259,0.490113008069,0.424537006615,0,0,0
1.0,TASK3_CAPACITY_MECHANISM_CONFIRMATORY_V1,POST_HOC_SUPPORTING_LOAD_DIAGNOSTIC,CAPACITY_IMMIGRATION_PLUS_3,EXACT95_LOW,LOCAL_WINDOW_HPP_EXACT95_LOW,50,0.944757366017,295,36,24,0.572580221824,0.511743573259,0.575405136202,0.489021261846,0,0,0
1.0,TASK3_CAPACITY_MECHANISM_CONFIRMATORY_V1,POST_HOC_SUPPORTING_LOAD_DIAGNOSTIC,CAPACITY_SECURITY_PLUS_4,EXACT95_LOW,LOCAL_WINDOW_HPP_EXACT95_LOW,1,0.944757366017,313,40,21,0.515322199641,0.584849798011,0.547127801585,0.584593976214,0,0,0
1.0,TASK3_CAPACITY_MECHANISM_CONFIRMATORY_V1,POST_HOC_SUPPORTING_LOAD_DIAGNOSTIC,CAPACITY_SECURITY_PLUS_4,EXACT95_LOW,LOCAL_WINDOW_HPP_EXACT95_LOW,2,0.944757366017,299,40,21,0.515322199641,0.584849798011,0.528661881066,0.561028885347,0,0,0
1.0,TASK3_CAPACITY_MECHANISM_CONFIRMATORY_V1,POST_HOC_SUPPORTING_LOAD_DIAGNOSTIC,CAPACITY_SECURITY_PLUS_4,EXACT95_LOW,LOCAL_WINDOW_HPP_EXACT95_LOW,3,0.944757366017,285,40,21,0.515322199641,0.584849798011,0.497038928555,0.524330446642,0,0,0
1.0,TASK3_CAPACITY_MECHANISM_CONFIRMATORY_V1,POST_HOC_SUPPORTING_LOAD_DIAGNOSTIC,CAPACITY_SECURITY_PLUS_4,EXACT95_LOW,LOCAL_WINDOW_HPP_EXACT95_LOW,4,0.944757366017,293,40,21,0.515322199641,0.584849798011,0.507806103842,0.537539945398,0,0,0
1.0,TASK3_CAPACITY_MECHANISM_CONFIRMATORY_V1,POST_HOC_SUPPORTING_LOAD_DIAGNOSTIC,CAPACITY_SECURITY_PLUS_4,EXACT95_LOW,LOCAL_WINDOW_HPP_EXACT95_LOW,5,0.944757366017,289,40,21,0.515322199641,0.584849798011,0.505191043072,0.534137667583,0,0,0
1.0,TASK3_CAPACITY_MECHANISM_CONFIRMATORY_V1,POST_HOC_SUPPORTING_LOAD_DIAGNOSTIC,CAPACITY_SECURITY_PLUS_4,EXACT95_LOW,LOCAL_WINDOW_HPP_EXACT95_LOW,6,0.944757366017,310,40,21,0.515322199641,0.584849798011,0.550861938733,0.597428051164,0,0,0
1.0,TASK3_CAPACITY_MECHANISM_CONFIRMATORY_V1,POST_HOC_SUPPORTING_LOAD_DIAGNOSTIC,CAPACITY_SECURITY_PLUS_4,EXACT95_LOW,LOCAL_WINDOW_HPP_EXACT95_LOW,7,0.944757366017,254,40,21,0.515322199641,0.584849798011,0.446331056782,0.465975938082,0,0,0
1.0,TASK3_CAPACITY_MECHANISM_CONFIRMATORY_V1,POST_HOC_SUPPORTING_LOAD_DIAGNOSTIC,CAPACITY_SECURITY_PLUS_4,EXACT95_LOW,LOCAL_WINDOW_HPP_EXACT95_LOW,8,0.944757366017,279,40,21,0.515322199641,0.584849798011,0.482068038129,0.511153430164,0,0,0
1.0,TASK3_CAPACITY_MECHANISM_CONFIRMATORY_V1,POST_HOC_SUPPORTING_LOAD_DIAGNOSTIC,CAPACITY_SECURITY_PLUS_4,EXACT95_LOW,LOCAL_WINDOW_HPP_EXACT95_LOW,9,0.944757366017,271,40,21,0.515322199641,0.584849798011,0.470898066407,0.501397905961,0,0,0
1.0,TASK3_CAPACITY_MECHANISM_CONFIRMATORY_V1,POST_HOC_SUPPORTING_LOAD_DIAGNOSTIC,CAPACITY_SECURITY_PLUS_4,EXACT95_LOW,LOCAL_WINDOW_HPP_EXACT95_LOW,10,0.944757366017,321,40,21,0.515322199641,0.584849798011,0.563946980783,0.597886429657,0,0,0
1.0,TASK3_CAPACITY_MECHANISM_CONFIRMATORY_V1,POST_HOC_SUPPORTING_LOAD_DIAGNOSTIC,CAPACITY_SECURITY_PLUS_4,EXACT95_LOW,LOCAL_WINDOW_HPP_EXACT95_LOW,11,0.944757366017,276,40,21,0.515322199641,0.584849798011,0.485628007039,0.521545869455,0,0,0
1.0,TASK3_CAPACITY_MECHANISM_CONFIRMATORY_V1,POST_HOC_SUPPORTING_LOAD_DIAGNOSTIC,CAPACITY_SECURITY_PLUS_4,EXACT95_LOW,LOCAL_WINDOW_HPP_EXACT95_LOW,12,0.944757366017,299,40,21,0.515322199641,0.584849798011,0.513340645105,0.532197575026,0,0,0
1.0,TASK3_CAPACITY_MECHANISM_CONFIRMATORY_V1,POST_HOC_SUPPORTING_LOAD_DIAGNOSTIC,CAPACITY_SECURITY_PLUS_4,EXACT95_LOW,LOCAL_WINDOW_HPP_EXACT95_LOW,13,0.944757366017,286,40,21,0.515322199641,0.584849798011,0.500432298602,0.540549016118,0,0,0
1.0,TASK3_CAPACITY_MECHANISM_CONFIRMATORY_V1,POST_HOC_SUPPORTING_LOAD_DIAGNOSTIC,CAPACITY_SECURITY_PLUS_4,EXACT95_LOW,LOCAL_WINDOW_HPP_EXACT95_LOW,14,0.944757366017,264,40,21,0.515322199641,0.584849798011,0.453370331652,0.476355791212,0,0,0
1.0,TASK3_CAPACITY_MECHANISM_CONFIRMATORY_V1,POST_HOC_SUPPORTING_LOAD_DIAGNOSTIC,CAPACITY_SECURITY_PLUS_4,EXACT95_LOW,LOCAL_WINDOW_HPP_EXACT95_LOW,15,0.944757366017,296,40,21,0.515322199641,0.584849798011,0.519802208815,0.556436534706,0,0,0
1.0,TASK3_CAPACITY_MECHANISM_CONFIRMATORY_V1,POST_HOC_SUPPORTING_LOAD_DIAGNOSTIC,CAPACITY_SECURITY_PLUS_4,EXACT95_LOW,LOCAL_WINDOW_HPP_EXACT95_LOW,16,0.944757366017,278,40,21,0.515322199641,0.584849798011,0.479397006535,0.510487594808,0,0,0
1.0,TASK3_CAPACITY_MECHANISM_CONFIRMATORY_V1,POST_HOC_SUPPORTING_LOAD_DIAGNOSTIC,CAPACITY_SECURITY_PLUS_4,EXACT95_LOW,LOCAL_WINDOW_HPP_EXACT95_LOW,17,0.944757366017,310,40,21,0.515322199641,0.584849798011,0.537192569404,0.57528132867,0,0,0
1.0,TASK3_CAPACITY_MECHANISM_CONFIRMATORY_V1,POST_HOC_SUPPORTING_LOAD_DIAGNOSTIC,CAPACITY_SECURITY_PLUS_4,EXACT95_LOW,LOCAL_WINDOW_HPP_EXACT95_LOW,18,0.944757366017,298,40,21,0.515322199641,0.584849798011,0.523067082067,0.55296759754,0,0,0
1.0,TASK3_CAPACITY_MECHANISM_CONFIRMATORY_V1,POST_HOC_SUPPORTING_LOAD_DIAGNOSTIC,CAPACITY_SECURITY_PLUS_4,EXACT95_LOW,LOCAL_WINDOW_HPP_EXACT95_LOW,19,0.944757366017,272,40,21,0.515322199641,0.584849798011,0.470716702043,0.50447390444,0,0,0
1.0,TASK3_CAPACITY_MECHANISM_CONFIRMATORY_V1,POST_HOC_SUPPORTING_LOAD_DIAGNOSTIC,CAPACITY_SECURITY_PLUS_4,EXACT95_LOW,LOCAL_WINDOW_HPP_EXACT95_LOW,20,0.944757366017,280,40,21,0.515322199641,0.584849798011,0.495087495402,0.533849690889,0,0,0
1.0,TASK3_CAPACITY_MECHANISM_CONFIRMATORY_V1,POST_HOC_SUPPORTING_LOAD_DIAGNOSTIC,CAPACITY_SECURITY_PLUS_4,EXACT95_LOW,LOCAL_WINDOW_HPP_EXACT95_LOW,21,0.944757366017,272,40,21,0.515322199641,0.584849798011,0.486083511022,0.523375359364,0,0,0
1.0,TASK3_CAPACITY_MECHANISM_CONFIRMATORY_V1,POST_HOC_SUPPORTING_LOAD_DIAGNOSTIC,CAPACITY_SECURITY_PLUS_4,EXACT95_LOW,LOCAL_WINDOW_HPP_EXACT95_LOW,22,0.944757366017,312,40,21,0.515322199641,0.584849798011,0.536975417042,0.560417125739,0,0,0
1.0,TASK3_CAPACITY_MECHANISM_CONFIRMATORY_V1,POST_HOC_SUPPORTING_LOAD_DIAGNOSTIC,CAPACITY_SECURITY_PLUS_4,EXACT95_LOW,LOCAL_WINDOW_HPP_EXACT95_LOW,23,0.944757366017,296,40,21,0.515322199641,0.584849798011,0.518042065855,0.563102568835,0,0,0
1.0,TASK3_CAPACITY_MECHANISM_CONFIRMATORY_V1,POST_HOC_SUPPORTING_LOAD_DIAGNOSTIC,CAPACITY_SECURITY_PLUS_4,EXACT95_LOW,LOCAL_WINDOW_HPP_EXACT95_LOW,24,0.944757366017,299,40,21,0.515322199641,0.584849798011,0.516188017933,0.539146632567,0,0,0
1.0,TASK3_CAPACITY_MECHANISM_CONFIRMATORY_V1,POST_HOC_SUPPORTING_LOAD_DIAGNOSTIC,CAPACITY_SECURITY_PLUS_4,EXACT95_LOW,LOCAL_WINDOW_HPP_EXACT95_LOW,25,0.944757366017,291,40,21,0.515322199641,0.584849798011,0.507382436385,0.54046373185,0,0,0
1.0,TASK3_CAPACITY_MECHANISM_CONFIRMATORY_V1,POST_HOC_SUPPORTING_LOAD_DIAGNOSTIC,CAPACITY_SECURITY_PLUS_4,EXACT95_LOW,LOCAL_WINDOW_HPP_EXACT95_LOW,26,0.944757366017,273,40,21,0.515322199641,0.584849798011,0.475631940921,0.509112994969,0,0,0
1.0,TASK3_CAPACITY_MECHANISM_CONFIRMATORY_V1,POST_HOC_SUPPORTING_LOAD_DIAGNOSTIC,CAPACITY_SECURITY_PLUS_4,EXACT95_LOW,LOCAL_WINDOW_HPP_EXACT95_LOW,27,0.944757366017,272,40,21,0.515322199641,0.584849798011,0.48018327663,0.516373057898,0,0,0
1.0,TASK3_CAPACITY_MECHANISM_CONFIRMATORY_V1,POST_HOC_SUPPORTING_LOAD_DIAGNOSTIC,CAPACITY_SECURITY_PLUS_4,EXACT95_LOW,LOCAL_WINDOW_HPP_EXACT95_LOW,28,0.944757366017,258,40,21,0.515322199641,0.584849798011,0.453289636473,0.492778181785,0,0,0
1.0,TASK3_CAPACITY_MECHANISM_CONFIRMATORY_V1,POST_HOC_SUPPORTING_LOAD_DIAGNOSTIC,CAPACITY_SECURITY_PLUS_4,EXACT95_LOW,LOCAL_WINDOW_HPP_EXACT95_LOW,29,0.944757366017,300,40,21,0.515322199641,0.584849798011,0.524763642386,0.561035698196,0,0,0
1.0,TASK3_CAPACITY_MECHANISM_CONFIRMATORY_V1,POST_HOC_SUPPORTING_LOAD_DIAGNOSTIC,CAPACITY_SECURITY_PLUS_4,EXACT95_LOW,LOCAL_WINDOW_HPP_EXACT95_LOW,30,0.944757366017,267,40,21,0.515322199641,0.584849798011,0.466587392759,0.486788731117,0,0,0
1.0,TASK3_CAPACITY_MECHANISM_CONFIRMATORY_V1,POST_HOC_SUPPORTING_LOAD_DIAGNOSTIC,CAPACITY_SECURITY_PLUS_4,EXACT95_LOW,LOCAL_WINDOW_HPP_EXACT95_LOW,31,0.944757366017,296,40,21,0.515322199641,0.584849798011,0.525345292392,0.567394022558,0,0,0
1.0,TASK3_CAPACITY_MECHANISM_CONFIRMATORY_V1,POST_HOC_SUPPORTING_LOAD_DIAGNOSTIC,CAPACITY_SECURITY_PLUS_4,EXACT95_LOW,LOCAL_WINDOW_HPP_EXACT95_LOW,32,0.944757366017,288,40,21,0.515322199641,0.584849798011,0.496594764518,0.519383342763,0,0,0
1.0,TASK3_CAPACITY_MECHANISM_CONFIRMATORY_V1,POST_HOC_SUPPORTING_LOAD_DIAGNOSTIC,CAPACITY_SECURITY_PLUS_4,EXACT95_LOW,LOCAL_WINDOW_HPP_EXACT95_LOW,33,0.944757366017,263,40,21,0.515322199641,0.584849798011,0.463483634855,0.500972135771,0,0,0
1.0,TASK3_CAPACITY_MECHANISM_CONFIRMATORY_V1,POST_HOC_SUPPORTING_LOAD_DIAGNOSTIC,CAPACITY_SECURITY_PLUS_4,EXACT95_LOW,LOCAL_WINDOW_HPP_EXACT95_LOW,34,0.944757366017,282,40,21,0.515322199641,0.584849798011,0.497891275915,0.528700700516,0,0,0
1.0,TASK3_CAPACITY_MECHANISM_CONFIRMATORY_V1,POST_HOC_SUPPORTING_LOAD_DIAGNOSTIC,CAPACITY_SECURITY_PLUS_4,EXACT95_LOW,LOCAL_WINDOW_HPP_EXACT95_LOW,35,0.944757366017,280,40,21,0.515322199641,0.584849798011,0.493706585646,0.530295231321,0,0,0
1.0,TASK3_CAPACITY_MECHANISM_CONFIRMATORY_V1,POST_HOC_SUPPORTING_LOAD_DIAGNOSTIC,CAPACITY_SECURITY_PLUS_4,EXACT95_LOW,LOCAL_WINDOW_HPP_EXACT95_LOW,36,0.944757366017,272,40,21,0.515322199641,0.584849798011,0.477963485566,0.500508182585,0,0,0
1.0,TASK3_CAPACITY_MECHANISM_CONFIRMATORY_V1,POST_HOC_SUPPORTING_LOAD_DIAGNOSTIC,CAPACITY_SECURITY_PLUS_4,EXACT95_LOW,LOCAL_WINDOW_HPP_EXACT95_LOW,37,0.944757366017,266,40,21,0.515322199641,0.584849798011,0.468232392734,0.50477803551,0,0,0
1.0,TASK3_CAPACITY_MECHANISM_CONFIRMATORY_V1,POST_HOC_SUPPORTING_LOAD_DIAGNOSTIC,CAPACITY_SECURITY_PLUS_4,EXACT95_LOW,LOCAL_WINDOW_HPP_EXACT95_LOW,38,0.944757366017,341,40,21,0.515322199641,0.584849798011,0.60371126836,0.643397862832,0,0,0
1.0,TASK3_CAPACITY_MECHANISM_CONFIRMATORY_V1,POST_HOC_SUPPORTING_LOAD_DIAGNOSTIC,CAPACITY_SECURITY_PLUS_4,EXACT95_LOW,LOCAL_WINDOW_HPP_EXACT95_LOW,39,0.944757366017,256,40,21,0.515322199641,0.584849798011,0.441422976497,0.467101238384,0,0,0
1.0,TASK3_CAPACITY_MECHANISM_CONFIRMATORY_V1,POST_HOC_SUPPORTING_LOAD_DIAGNOSTIC,CAPACITY_SECURITY_PLUS_4,EXACT95_LOW,LOCAL_WINDOW_HPP_EXACT95_LOW,40,0.944757366017,276,40,21,0.515322199641,0.584849798011,0.486476144541,0.531602773179,0,0,0
1.0,TASK3_CAPACITY_MECHANISM_CONFIRMATORY_V1,POST_HOC_SUPPORTING_LOAD_DIAGNOSTIC,CAPACITY_SECURITY_PLUS_4,EXACT95_LOW,LOCAL_WINDOW_HPP_EXACT95_LOW,41,0.944757366017,305,40,21,0.515322199641,0.584849798011,0.534111562532,0.563659748815,0,0,0
1.0,TASK3_CAPACITY_MECHANISM_CONFIRMATORY_V1,POST_HOC_SUPPORTING_LOAD_DIAGNOSTIC,CAPACITY_SECURITY_PLUS_4,EXACT95_LOW,LOCAL_WINDOW_HPP_EXACT95_LOW,42,0.944757366017,298,40,21,0.515322199641,0.584849798011,0.521822490027,0.552356502245,0,0,0
1.0,TASK3_CAPACITY_MECHANISM_CONFIRMATORY_V1,POST_HOC_SUPPORTING_LOAD_DIAGNOSTIC,CAPACITY_SECURITY_PLUS_4,EXACT95_LOW,LOCAL_WINDOW_HPP_EXACT95_LOW,43,0.944757366017,274,40,21,0.515322199641,0.584849798011,0.482729198331,0.519221973671,0,0,0
1.0,TASK3_CAPACITY_MECHANISM_CONFIRMATORY_V1,POST_HOC_SUPPORTING_LOAD_DIAGNOSTIC,CAPACITY_SECURITY_PLUS_4,EXACT95_LOW,LOCAL_WINDOW_HPP_EXACT95_LOW,44,0.944757366017,288,40,21,0.515322199641,0.584849798011,0.509244091085,0.541432324179,0,0,0
1.0,TASK3_CAPACITY_MECHANISM_CONFIRMATORY_V1,POST_HOC_SUPPORTING_LOAD_DIAGNOSTIC,CAPACITY_SECURITY_PLUS_4,EXACT95_LOW,LOCAL_WINDOW_HPP_EXACT95_LOW,45,0.944757366017,294,40,21,0.515322199641,0.584849798011,0.508224596963,0.536428935192,0,0,0
1.0,TASK3_CAPACITY_MECHANISM_CONFIRMATORY_V1,POST_HOC_SUPPORTING_LOAD_DIAGNOSTIC,CAPACITY_SECURITY_PLUS_4,EXACT95_LOW,LOCAL_WINDOW_HPP_EXACT95_LOW,46,0.944757366017,296,40,21,0.515322199641,0.584849798011,0.512220463886,0.540210416693,0,0,0
1.0,TASK3_CAPACITY_MECHANISM_CONFIRMATORY_V1,POST_HOC_SUPPORTING_LOAD_DIAGNOSTIC,CAPACITY_SECURITY_PLUS_4,EXACT95_LOW,LOCAL_WINDOW_HPP_EXACT95_LOW,47,0.944757366017,265,40,21,0.515322199641,0.584849798011,0.470011727211,0.499010126643,0,0,0
1.0,TASK3_CAPACITY_MECHANISM_CONFIRMATORY_V1,POST_HOC_SUPPORTING_LOAD_DIAGNOSTIC,CAPACITY_SECURITY_PLUS_4,EXACT95_LOW,LOCAL_WINDOW_HPP_EXACT95_LOW,48,0.944757366017,296,40,21,0.515322199641,0.584849798011,0.522273699535,0.560678081148,0,0,0
1.0,TASK3_CAPACITY_MECHANISM_CONFIRMATORY_V1,POST_HOC_SUPPORTING_LOAD_DIAGNOSTIC,CAPACITY_SECURITY_PLUS_4,EXACT95_LOW,LOCAL_WINDOW_HPP_EXACT95_LOW,49,0.944757366017,247,40,21,0.515322199641,0.584849798011,0.441101707262,0.485185150418,0,0,0
1.0,TASK3_CAPACITY_MECHANISM_CONFIRMATORY_V1,POST_HOC_SUPPORTING_LOAD_DIAGNOSTIC,CAPACITY_SECURITY_PLUS_4,EXACT95_LOW,LOCAL_WINDOW_HPP_EXACT95_LOW,50,0.944757366017,295,40,21,0.515322199641,0.584849798011,0.517864622582,0.55888144211,0,0,0
1.0,TASK3_CAPACITY_MECHANISM_CONFIRMATORY_V1,POST_HOC_SUPPORTING_LOAD_DIAGNOSTIC,REFERENCE_ASSUMPTION_SANDBOX_V1,EXACT95_LOW,LOCAL_WINDOW_HPP_EXACT95_LOW,1,0.944757366017,313,36,21,0.572580221824,0.584849798011,0.607919779538,0.584593976214,0,0,0
1.0,TASK3_CAPACITY_MECHANISM_CONFIRMATORY_V1,POST_HOC_SUPPORTING_LOAD_DIAGNOSTIC,REFERENCE_ASSUMPTION_SANDBOX_V1,EXACT95_LOW,LOCAL_WINDOW_HPP_EXACT95_LOW,2,0.944757366017,299,36,21,0.572580221824,0.584849798011,0.587402090073,0.561028885347,0,0,0
1.0,TASK3_CAPACITY_MECHANISM_CONFIRMATORY_V1,POST_HOC_SUPPORTING_LOAD_DIAGNOSTIC,REFERENCE_ASSUMPTION_SANDBOX_V1,EXACT95_LOW,LOCAL_WINDOW_HPP_EXACT95_LOW,3,0.944757366017,285,36,21,0.572580221824,0.584849798011,0.552265476172,0.524330446642,0,0,0
1.0,TASK3_CAPACITY_MECHANISM_CONFIRMATORY_V1,POST_HOC_SUPPORTING_LOAD_DIAGNOSTIC,REFERENCE_ASSUMPTION_SANDBOX_V1,EXACT95_LOW,LOCAL_WINDOW_HPP_EXACT95_LOW,4,0.944757366017,293,36,21,0.572580221824,0.584849798011,0.564229004269,0.537539945398,0,0,0
1.0,TASK3_CAPACITY_MECHANISM_CONFIRMATORY_V1,POST_HOC_SUPPORTING_LOAD_DIAGNOSTIC,REFERENCE_ASSUMPTION_SANDBOX_V1,EXACT95_LOW,LOCAL_WINDOW_HPP_EXACT95_LOW,5,0.944757366017,289,36,21,0.572580221824,0.584849798011,0.561323381191,0.534137667583,0,0,0
1.0,TASK3_CAPACITY_MECHANISM_CONFIRMATORY_V1,POST_HOC_SUPPORTING_LOAD_DIAGNOSTIC,REFERENCE_ASSUMPTION_SANDBOX_V1,EXACT95_LOW,LOCAL_WINDOW_HPP_EXACT95_LOW,6,0.944757366017,310,36,21,0.572580221824,0.584849798011,0.612068820815,0.597428051164,0,0,0
1.0,TASK3_CAPACITY_MECHANISM_CONFIRMATORY_V1,POST_HOC_SUPPORTING_LOAD_DIAGNOSTIC,REFERENCE_ASSUMPTION_SANDBOX_V1,EXACT95_LOW,LOCAL_WINDOW_HPP_EXACT95_LOW,7,0.944757366017,254,36,21,0.572580221824,0.584849798011,0.495923396424,0.465975938082,0,0,0
1.0,TASK3_CAPACITY_MECHANISM_CONFIRMATORY_V1,POST_HOC_SUPPORTING_LOAD_DIAGNOSTIC,REFERENCE_ASSUMPTION_SANDBOX_V1,EXACT95_LOW,LOCAL_WINDOW_HPP_EXACT95_LOW,8,0.944757366017,279,36,21,0.572580221824,0.584849798011,0.535631153477,0.511153430164,0,0,0
1.0,TASK3_CAPACITY_MECHANISM_CONFIRMATORY_V1,POST_HOC_SUPPORTING_LOAD_DIAGNOSTIC,REFERENCE_ASSUMPTION_SANDBOX_V1,EXACT95_LOW,LOCAL_WINDOW_HPP_EXACT95_LOW,9,0.944757366017,271,36,21,0.572580221824,0.584849798011,0.523220073786,0.501397905961,0,0,0
1.0,TASK3_CAPACITY_MECHANISM_CONFIRMATORY_V1,POST_HOC_SUPPORTING_LOAD_DIAGNOSTIC,REFERENCE_ASSUMPTION_SANDBOX_V1,EXACT95_LOW,LOCAL_WINDOW_HPP_EXACT95_LOW,10,0.944757366017,321,36,21,0.572580221824,0.584849798011,0.626607756426,0.597886429657,0,0,0
1.0,TASK3_CAPACITY_MECHANISM_CONFIRMATORY_V1,POST_HOC_SUPPORTING_LOAD_DIAGNOSTIC,REFERENCE_ASSUMPTION_SANDBOX_V1,EXACT95_LOW,LOCAL_WINDOW_HPP_EXACT95_LOW,11,0.944757366017,276,36,21,0.572580221824,0.584849798011,0.539586674488,0.521545869455,0,0,0
1.0,TASK3_CAPACITY_MECHANISM_CONFIRMATORY_V1,POST_HOC_SUPPORTING_LOAD_DIAGNOSTIC,REFERENCE_ASSUMPTION_SANDBOX_V1,EXACT95_LOW,LOCAL_WINDOW_HPP_EXACT95_LOW,12,0.944757366017,299,36,21,0.572580221824,0.584849798011,0.570378494561,0.532197575026,0,0,0
1.0,TASK3_CAPACITY_MECHANISM_CONFIRMATORY_V1,POST_HOC_SUPPORTING_LOAD_DIAGNOSTIC,REFERENCE_ASSUMPTION_SANDBOX_V1,EXACT95_LOW,LOCAL_WINDOW_HPP_EXACT95_LOW,13,0.944757366017,286,36,21,0.572580221824,0.584849798011,0.556035887335,0.540549016118,0,0,0
1.0,TASK3_CAPACITY_MECHANISM_CONFIRMATORY_V1,POST_HOC_SUPPORTING_LOAD_DIAGNOSTIC,REFERENCE_ASSUMPTION_SANDBOX_V1,EXACT95_LOW,LOCAL_WINDOW_HPP_EXACT95_LOW,14,0.944757366017,264,36,21,0.572580221824,0.584849798011,0.503744812947,0.476355791212,0,0,0
1.0,TASK3_CAPACITY_MECHANISM_CONFIRMATORY_V1,POST_HOC_SUPPORTING_LOAD_DIAGNOSTIC,REFERENCE_ASSUMPTION_SANDBOX_V1,EXACT95_LOW,LOCAL_WINDOW_HPP_EXACT95_LOW,15,0.944757366017,296,36,21,0.572580221824,0.584849798011,0.577558009795,0.556436534706,0,0,0
1.0,TASK3_CAPACITY_MECHANISM_CONFIRMATORY_V1,POST_HOC_SUPPORTING_LOAD_DIAGNOSTIC,REFERENCE_ASSUMPTION_SANDBOX_V1,EXACT95_LOW,LOCAL_WINDOW_HPP_EXACT95_LOW,16,0.944757366017,278,36,21,0.572580221824,0.584849798011,0.532663340594,0.510487594808,0,0,0
1.0,TASK3_CAPACITY_MECHANISM_CONFIRMATORY_V1,POST_HOC_SUPPORTING_LOAD_DIAGNOSTIC,REFERENCE_ASSUMPTION_SANDBOX_V1,EXACT95_LOW,LOCAL_WINDOW_HPP_EXACT95_LOW,17,0.944757366017,310,36,21,0.572580221824,0.584849798011,0.596880632671,0.57528132867,0,0,0
1.0,TASK3_CAPACITY_MECHANISM_CONFIRMATORY_V1,POST_HOC_SUPPORTING_LOAD_DIAGNOSTIC,REFERENCE_ASSUMPTION_SANDBOX_V1,EXACT95_LOW,LOCAL_WINDOW_HPP_EXACT95_LOW,18,0.944757366017,298,36,21,0.572580221824,0.584849798011,0.581185646741,0.55296759754,0,0,0
1.0,TASK3_CAPACITY_MECHANISM_CONFIRMATORY_V1,POST_HOC_SUPPORTING_LOAD_DIAGNOSTIC,REFERENCE_ASSUMPTION_SANDBOX_V1,EXACT95_LOW,LOCAL_WINDOW_HPP_EXACT95_LOW,19,0.944757366017,272,36,21,0.572580221824,0.584849798011,0.523018557826,0.50447390444,0,0,0
1.0,TASK3_CAPACITY_MECHANISM_CONFIRMATORY_V1,POST_HOC_SUPPORTING_LOAD_DIAGNOSTIC,REFERENCE_ASSUMPTION_SANDBOX_V1,EXACT95_LOW,LOCAL_WINDOW_HPP_EXACT95_LOW,20,0.944757366017,280,36,21,0.572580221824,0.584849798011,0.550097217113,0.533849690889,0,0,0
1.0,TASK3_CAPACITY_MECHANISM_CONFIRMATORY_V1,POST_HOC_SUPPORTING_LOAD_DIAGNOSTIC,REFERENCE_ASSUMPTION_SANDBOX_V1,EXACT95_LOW,LOCAL_WINDOW_HPP_EXACT95_LOW,21,0.944757366017,272,36,21,0.572580221824,0.584849798011,0.540092790025,0.523375359364,0,0,0
1.0,TASK3_CAPACITY_MECHANISM_CONFIRMATORY_V1,POST_HOC_SUPPORTING_LOAD_DIAGNOSTIC,REFERENCE_ASSUMPTION_SANDBOX_V1,EXACT95_LOW,LOCAL_WINDOW_HPP_EXACT95_LOW,22,0.944757366017,312,36,21,0.572580221824,0.584849798011,0.596639352269,0.560417125739,0,0,0
1.0,TASK3_CAPACITY_MECHANISM_CONFIRMATORY_V1,POST_HOC_SUPPORTING_LOAD_DIAGNOSTIC,REFERENCE_ASSUMPTION_SANDBOX_V1,EXACT95_LOW,LOCAL_WINDOW_HPP_EXACT95_LOW,23,0.944757366017,296,36,21,0.572580221824,0.584849798011,0.575602295395,0.563102568835,0,0,0
1.0,TASK3_CAPACITY_MECHANISM_CONFIRMATORY_V1,POST_HOC_SUPPORTING_LOAD_DIAGNOSTIC,REFERENCE_ASSUMPTION_SANDBOX_V1,EXACT95_LOW,LOCAL_WINDOW_HPP_EXACT95_LOW,24,0.944757366017,299,36,21,0.572580221824,0.584849798011,0.573542242148,0.539146632567,0,0,0
1.0,TASK3_CAPACITY_MECHANISM_CONFIRMATORY_V1,POST_HOC_SUPPORTING_LOAD_DIAGNOSTIC,REFERENCE_ASSUMPTION_SANDBOX_V1,EXACT95_LOW,LOCAL_WINDOW_HPP_EXACT95_LOW,25,0.944757366017,291,36,21,0.572580221824,0.584849798011,0.563758262649,0.54046373185,0,0,0
1.0,TASK3_CAPACITY_MECHANISM_CONFIRMATORY_V1,POST_HOC_SUPPORTING_LOAD_DIAGNOSTIC,REFERENCE_ASSUMPTION_SANDBOX_V1,EXACT95_LOW,LOCAL_WINDOW_HPP_EXACT95_LOW,26,0.944757366017,273,36,21,0.572580221824,0.584849798011,0.528479934357,0.509112994969,0,0,0
1.0,TASK3_CAPACITY_MECHANISM_CONFIRMATORY_V1,POST_HOC_SUPPORTING_LOAD_DIAGNOSTIC,REFERENCE_ASSUMPTION_SANDBOX_V1,EXACT95_LOW,LOCAL_WINDOW_HPP_EXACT95_LOW,27,0.944757366017,272,36,21,0.572580221824,0.584849798011,0.533536974033,0.516373057898,0,0,0
1.0,TASK3_CAPACITY_MECHANISM_CONFIRMATORY_V1,POST_HOC_SUPPORTING_LOAD_DIAGNOSTIC,REFERENCE_ASSUMPTION_SANDBOX_V1,EXACT95_LOW,LOCAL_WINDOW_HPP_EXACT95_LOW,28,0.944757366017,258,36,21,0.572580221824,0.584849798011,0.503655151637,0.492778181785,0,0,0
1.0,TASK3_CAPACITY_MECHANISM_CONFIRMATORY_V1,POST_HOC_SUPPORTING_LOAD_DIAGNOSTIC,REFERENCE_ASSUMPTION_SANDBOX_V1,EXACT95_LOW,LOCAL_WINDOW_HPP_EXACT95_LOW,29,0.944757366017,300,36,21,0.572580221824,0.584849798011,0.583070713762,0.561035698196,0,0,0
1.0,TASK3_CAPACITY_MECHANISM_CONFIRMATORY_V1,POST_HOC_SUPPORTING_LOAD_DIAGNOSTIC,REFERENCE_ASSUMPTION_SANDBOX_V1,EXACT95_LOW,LOCAL_WINDOW_HPP_EXACT95_LOW,30,0.944757366017,267,36,21,0.572580221824,0.584849798011,0.518430436399,0.486788731117,0,0,0
1.0,TASK3_CAPACITY_MECHANISM_CONFIRMATORY_V1,POST_HOC_SUPPORTING_LOAD_DIAGNOSTIC,REFERENCE_ASSUMPTION_SANDBOX_V1,EXACT95_LOW,LOCAL_WINDOW_HPP_EXACT95_LOW,31,0.944757366017,296,36,21,0.572580221824,0.584849798011,0.583716991547,0.567394022558,0,0,0
1.0,TASK3_CAPACITY_MECHANISM_CONFIRMATORY_V1,POST_HOC_SUPPORTING_LOAD_DIAGNOSTIC,REFERENCE_ASSUMPTION_SANDBOX_V1,EXACT95_LOW,LOCAL_WINDOW_HPP_EXACT95_LOW,32,0.944757366017,288,36,21,0.572580221824,0.584849798011,0.551771960576,0.519383342763,0,0,0
1.0,TASK3_CAPACITY_MECHANISM_CONFIRMATORY_V1,POST_HOC_SUPPORTING_LOAD_DIAGNOSTIC,REFERENCE_ASSUMPTION_SANDBOX_V1,EXACT95_LOW,LOCAL_WINDOW_HPP_EXACT95_LOW,33,0.944757366017,263,36,21,0.572580221824,0.584849798011,0.514981816506,0.500972135771,0,0,0
1.0,TASK3_CAPACITY_MECHANISM_CONFIRMATORY_V1,POST_HOC_SUPPORTING_LOAD_DIAGNOSTIC,REFERENCE_ASSUMPTION_SANDBOX_V1,EXACT95_LOW,LOCAL_WINDOW_HPP_EXACT95_LOW,34,0.944757366017,282,36,21,0.572580221824,0.584849798011,0.553212528794,0.528700700516,0,0,0
1.0,TASK3_CAPACITY_MECHANISM_CONFIRMATORY_V1,POST_HOC_SUPPORTING_LOAD_DIAGNOSTIC,REFERENCE_ASSUMPTION_SANDBOX_V1,EXACT95_LOW,LOCAL_WINDOW_HPP_EXACT95_LOW,35,0.944757366017,280,36,21,0.572580221824,0.584849798011,0.54856287294,0.530295231321,0,0,0
1.0,TASK3_CAPACITY_MECHANISM_CONFIRMATORY_V1,POST_HOC_SUPPORTING_LOAD_DIAGNOSTIC,REFERENCE_ASSUMPTION_SANDBOX_V1,EXACT95_LOW,LOCAL_WINDOW_HPP_EXACT95_LOW,36,0.944757366017,272,36,21,0.572580221824,0.584849798011,0.531070539518,0.500508182585,0,0,0
1.0,TASK3_CAPACITY_MECHANISM_CONFIRMATORY_V1,POST_HOC_SUPPORTING_LOAD_DIAGNOSTIC,REFERENCE_ASSUMPTION_SANDBOX_V1,EXACT95_LOW,LOCAL_WINDOW_HPP_EXACT95_LOW,37,0.944757366017,266,36,21,0.572580221824,0.584849798011,0.520258214149,0.50477803551,0,0,0
1.0,TASK3_CAPACITY_MECHANISM_CONFIRMATORY_V1,POST_HOC_SUPPORTING_LOAD_DIAGNOSTIC,REFERENCE_ASSUMPTION_SANDBOX_V1,EXACT95_LOW,LOCAL_WINDOW_HPP_EXACT95_LOW,38,0.944757366017,341,36,21,0.572580221824,0.584849798011,0.670790298178,0.643397862832,0,0,0
1.0,TASK3_CAPACITY_MECHANISM_CONFIRMATORY_V1,POST_HOC_SUPPORTING_LOAD_DIAGNOSTIC,REFERENCE_ASSUMPTION_SANDBOX_V1,EXACT95_LOW,LOCAL_WINDOW_HPP_EXACT95_LOW,39,0.944757366017,256,36,21,0.572580221824,0.584849798011,0.490469973885,0.467101238384,0,0,0
1.0,TASK3_CAPACITY_MECHANISM_CONFIRMATORY_V1,POST_HOC_SUPPORTING_LOAD_DIAGNOSTIC,REFERENCE_ASSUMPTION_SANDBOX_V1,EXACT95_LOW,LOCAL_WINDOW_HPP_EXACT95_LOW,40,0.944757366017,276,36,21,0.572580221824,0.584849798011,0.540529049489,0.531602773179,0,0,0
1.0,TASK3_CAPACITY_MECHANISM_CONFIRMATORY_V1,POST_HOC_SUPPORTING_LOAD_DIAGNOSTIC,REFERENCE_ASSUMPTION_SANDBOX_V1,EXACT95_LOW,LOCAL_WINDOW_HPP_EXACT95_LOW,41,0.944757366017,305,36,21,0.572580221824,0.584849798011,0.593457291702,0.563659748815,0,0,0
1.0,TASK3_CAPACITY_MECHANISM_CONFIRMATORY_V1,POST_HOC_SUPPORTING_LOAD_DIAGNOSTIC,REFERENCE_ASSUMPTION_SANDBOX_V1,EXACT95_LOW,LOCAL_WINDOW_HPP_EXACT95_LOW,42,0.944757366017,298,36,21,0.572580221824,0.584849798011,0.579802766696,0.552356502245,0,0,0
1.0,TASK3_CAPACITY_MECHANISM_CONFIRMATORY_V1,POST_HOC_SUPPORTING_LOAD_DIAGNOSTIC,REFERENCE_ASSUMPTION_SANDBOX_V1,EXACT95_LOW,LOCAL_WINDOW_HPP_EXACT95_LOW,43,0.944757366017,274,36,21,0.572580221824,0.584849798011,0.536365775924,0.519221973671,0,0,0
1.0,TASK3_CAPACITY_MECHANISM_CONFIRMATORY_V1,POST_HOC_SUPPORTING_LOAD_DIAGNOSTIC,REFERENCE_ASSUMPTION_SANDBOX_V1,EXACT95_LOW,LOCAL_WINDOW_HPP_EXACT95_LOW,44,0.944757366017,288,36,21,0.572580221824,0.584849798011,0.565826767872,0.541432324179,0,0,0
1.0,TASK3_CAPACITY_MECHANISM_CONFIRMATORY_V1,POST_HOC_SUPPORTING_LOAD_DIAGNOSTIC,REFERENCE_ASSUMPTION_SANDBOX_V1,EXACT95_LOW,LOCAL_WINDOW_HPP_EXACT95_LOW,45,0.944757366017,294,36,21,0.572580221824,0.584849798011,0.564693996625,0.536428935192,0,0,0
1.0,TASK3_CAPACITY_MECHANISM_CONFIRMATORY_V1,POST_HOC_SUPPORTING_LOAD_DIAGNOSTIC,REFERENCE_ASSUMPTION_SANDBOX_V1,EXACT95_LOW,LOCAL_WINDOW_HPP_EXACT95_LOW,46,0.944757366017,296,36,21,0.572580221824,0.584849798011,0.569133848763,0.540210416693,0,0,0
1.0,TASK3_CAPACITY_MECHANISM_CONFIRMATORY_V1,POST_HOC_SUPPORTING_LOAD_DIAGNOSTIC,REFERENCE_ASSUMPTION_SANDBOX_V1,EXACT95_LOW,LOCAL_WINDOW_HPP_EXACT95_LOW,47,0.944757366017,265,36,21,0.572580221824,0.584849798011,0.522235252457,0.499010126643,0,0,0
1.0,TASK3_CAPACITY_MECHANISM_CONFIRMATORY_V1,POST_HOC_SUPPORTING_LOAD_DIAGNOSTIC,REFERENCE_ASSUMPTION_SANDBOX_V1,EXACT95_LOW,LOCAL_WINDOW_HPP_EXACT95_LOW,48,0.944757366017,296,36,21,0.572580221824,0.584849798011,0.580304110594,0.560678081148,0,0,0
1.0,TASK3_CAPACITY_MECHANISM_CONFIRMATORY_V1,POST_HOC_SUPPORTING_LOAD_DIAGNOSTIC,REFERENCE_ASSUMPTION_SANDBOX_V1,EXACT95_LOW,LOCAL_WINDOW_HPP_EXACT95_LOW,49,0.944757366017,247,36,21,0.572580221824,0.584849798011,0.490113008069,0.485185150418,0,0,0
1.0,TASK3_CAPACITY_MECHANISM_CONFIRMATORY_V1,POST_HOC_SUPPORTING_LOAD_DIAGNOSTIC,REFERENCE_ASSUMPTION_SANDBOX_V1,EXACT95_LOW,LOCAL_WINDOW_HPP_EXACT95_LOW,50,0.944757366017,295,36,21,0.572580221824,0.584849798011,0.575405136202,0.55888144211,0,0,0
