schema_version,config_id,config_sha256,model_version,scenario_id,input_sample_id,replication_id,arrival_cutoff_seconds,drain_end_seconds,arrivals,completed_at_cutoff,security_queue_at_cutoff,security_in_service_at_cutoff,immigration_queue_at_cutoff,immigration_in_service_at_cutoff,wip_at_cutoff,completed_after_drain,rejected_or_dropped_count,technology_count,additional_check_count,security_wait_mean_seconds,security_wait_p95_seconds,immigration_wait_mean_seconds,immigration_wait_p95_seconds,total_queue_wait_mean_seconds,total_queue_wait_p95_seconds,total_queue_wait_exceed_600_rate,total_queue_wait_exceed_900_rate,total_queue_wait_exceed_1200_rate,system_time_mean_seconds,system_time_p95_seconds,security_utilization,immigration_utilization,cutoff_backlog,cutoff_backlog_fraction,cohort_clear_time_after_cutoff_seconds,conservation_pass,run_status
1.0,OP_CONFIRM_MLE_BASE_CAPACITY_BOTH_PLUS,f15e7bca3caf7928d1cc85c7f0769cc39601b6e161afce3edf97023561e4ab66,TASK3_OPERATIONAL_POOLED_V1,CAPACITY_BOTH_PLUS,LOCAL_WINDOW_HPP_BASE,1,300.000000000,334.701527801,396,354,0,24,0,18,42,396,0,0,0,0.000000000,0.000000000,0.091189191,0.226162144,0.091189191,0.226162144,0.000000000,0.000000000,0.000000000,34.909371009,35.044343962,0.645351103,0.640869498,42,0.106060606,34.701527801,true,COMPLETE
1.0,OP_CONFIRM_MLE_BASE_CAPACITY_BOTH_PLUS,f15e7bca3caf7928d1cc85c7f0769cc39601b6e161afce3edf97023561e4ab66,TASK3_OPERATIONAL_POOLED_V1,CAPACITY_BOTH_PLUS,LOCAL_WINDOW_HPP_BASE,2,300.000000000,338.238171048,442,377,4,40,0,21,65,442,0,0,0,0.042878753,0.000000000,0.143437951,1.278414221,0.186316704,1.585052496,0.000000000,0.000000000,0.000000000,35.004498522,36.403234314,0.712784451,0.707834559,65,0.147058824,38.238171048,true,COMPLETE
1.0,OP_CONFIRM_MLE_BASE_CAPACITY_BOTH_PLUS,f15e7bca3caf7928d1cc85c7f0769cc39601b6e161afce3edf97023561e4ab66,TASK3_OPERATIONAL_POOLED_V1,CAPACITY_BOTH_PLUS,LOCAL_WINDOW_HPP_BASE,3,300.000000000,334.760392420,393,350,0,29,0,14,43,393,0,0,0,0.000000000,0.000000000,0.048864948,0.525776385,0.048864948,0.525776385,0.000000000,0.000000000,0.000000000,34.867046766,35.343958203,0.640349460,0.635902588,43,0.109414758,34.760392420,true,COMPLETE
1.0,OP_CONFIRM_MLE_BASE_CAPACITY_BOTH_PLUS,f15e7bca3caf7928d1cc85c7f0769cc39601b6e161afce3edf97023561e4ab66,TASK3_OPERATIONAL_POOLED_V1,CAPACITY_BOTH_PLUS,LOCAL_WINDOW_HPP_BASE,4,300.000000000,334.249482782,410,356,0,35,0,19,54,410,0,0,0,0.000000000,0.000000000,0.003931680,0.000000000,0.003931680,0.000000000,0.000000000,0.000000000,0.000000000,34.822113498,34.818181818,0.669070186,0.664423865,54,0.131707317,34.249482782,true,COMPLETE
1.0,OP_CONFIRM_MLE_BASE_CAPACITY_BOTH_PLUS,f15e7bca3caf7928d1cc85c7f0769cc39601b6e161afce3edf97023561e4ab66,TASK3_OPERATIONAL_POOLED_V1,CAPACITY_BOTH_PLUS,LOCAL_WINDOW_HPP_BASE,5,300.000000000,333.557018640,388,356,0,18,0,14,32,388,0,0,0,0.000286870,0.000000000,0.025269771,0.000000000,0.025556641,0.000000000,0.000000000,0.000000000,0.000000000,34.843738459,34.818181818,0.634483317,0.630077183,32,0.082474227,33.557018640,true,COMPLETE
1.0,OP_CONFIRM_MLE_BASE_CAPACITY_BOTH_PLUS,f15e7bca3caf7928d1cc85c7f0769cc39601b6e161afce3edf97023561e4ab66,TASK3_OPERATIONAL_POOLED_V1,CAPACITY_BOTH_PLUS,LOCAL_WINDOW_HPP_BASE,6,300.000000000,332.888594650,419,368,0,33,0,18,51,419,0,0,0,0.000000000,0.000000000,0.031673560,0.239121135,0.031673560,0.239121135,0.000000000,0.000000000,0.000000000,34.849855378,35.057302953,0.686552373,0.681784648,51,0.121718377,32.888594650,true,COMPLETE
1.0,OP_CONFIRM_MLE_BASE_CAPACITY_BOTH_PLUS,f15e7bca3caf7928d1cc85c7f0769cc39601b6e161afce3edf97023561e4ab66,TASK3_OPERATIONAL_POOLED_V1,CAPACITY_BOTH_PLUS,LOCAL_WINDOW_HPP_BASE,7,300.000000000,334.565064641,408,352,0,33,0,23,56,408,0,0,0,0.017673447,0.000000000,0.029959108,0.151753039,0.047632555,0.316534770,0.000000000,0.000000000,0.000000000,34.865814373,35.134716588,0.665178400,0.660559106,56,0.137254902,34.565064641,true,COMPLETE
1.0,OP_CONFIRM_MLE_BASE_CAPACITY_BOTH_PLUS,f15e7bca3caf7928d1cc85c7f0769cc39601b6e161afce3edf97023561e4ab66,TASK3_OPERATIONAL_POOLED_V1,CAPACITY_BOTH_PLUS,LOCAL_WINDOW_HPP_BASE,8,300.000000000,333.652413957,442,400,0,21,0,21,42,442,0,0,0,0.280399158,2.386964959,0.376957082,2.973914306,0.657356240,3.999194368,0.000000000,0.000000000,0.000000000,35.475538058,38.817376186,0.722581042,0.717563119,42,0.095022624,33.652413957,true,COMPLETE
1.0,OP_CONFIRM_MLE_BASE_CAPACITY_BOTH_PLUS,f15e7bca3caf7928d1cc85c7f0769cc39601b6e161afce3edf97023561e4ab66,TASK3_OPERATIONAL_POOLED_V1,CAPACITY_BOTH_PLUS,LOCAL_WINDOW_HPP_BASE,9,300.000000000,333.857083782,395,343,0,33,0,19,52,395,0,0,0,0.063924028,0.243352307,0.118760974,1.017331883,0.182685002,1.809914696,0.000000000,0.000000000,0.000000000,35.000866820,36.628096514,0.645349630,0.640868035,52,0.131645570,33.857083782,true,COMPLETE
1.0,OP_CONFIRM_MLE_BASE_CAPACITY_BOTH_PLUS,f15e7bca3caf7928d1cc85c7f0769cc39601b6e161afce3edf97023561e4ab66,TASK3_OPERATIONAL_POOLED_V1,CAPACITY_BOTH_PLUS,LOCAL_WINDOW_HPP_BASE,10,300.000000000,334.733050789,394,344,0,31,0,19,50,394,0,0,0,0.000000000,0.000000000,0.025056850,0.000000000,0.025056850,0.000000000,0.000000000,0.000000000,0.000000000,34.843238668,34.818181818,0.642031286,0.637572735,50,0.126903553,34.733050789,true,COMPLETE
1.0,OP_CONFIRM_MLE_BASE_CAPACITY_BOTH_PLUS,f15e7bca3caf7928d1cc85c7f0769cc39601b6e161afce3edf97023561e4ab66,TASK3_OPERATIONAL_POOLED_V1,CAPACITY_BOTH_PLUS,LOCAL_WINDOW_HPP_BASE,11,300.000000000,334.795505588,409,367,0,18,0,24,42,409,0,0,0,0.027965648,0.000000000,0.172906087,1.636460231,0.200871734,1.636460231,0.000000000,0.000000000,0.000000000,35.019053552,36.454642049,0.666349773,0.661722344,42,0.102689487,34.795505588,true,COMPLETE
1.0,OP_CONFIRM_MLE_BASE_CAPACITY_BOTH_PLUS,f15e7bca3caf7928d1cc85c7f0769cc39601b6e161afce3edf97023561e4ab66,TASK3_OPERATIONAL_POOLED_V1,CAPACITY_BOTH_PLUS,LOCAL_WINDOW_HPP_BASE,12,300.000000000,334.673639871,423,371,0,28,0,24,52,423,0,0,0,0.173533227,0.027357422,0.087067815,0.637914203,0.260601042,2.212974895,0.000000000,0.000000000,0.000000000,35.078782860,37.031156713,0.689409757,0.684622189,52,0.122931442,34.673639871,true,COMPLETE
1.0,OP_CONFIRM_MLE_BASE_CAPACITY_BOTH_PLUS,f15e7bca3caf7928d1cc85c7f0769cc39601b6e161afce3edf97023561e4ab66,TASK3_OPERATIONAL_POOLED_V1,CAPACITY_BOTH_PLUS,LOCAL_WINDOW_HPP_BASE,13,300.000000000,334.623415863,455,400,0,32,0,23,55,455,0,0,0,1.855364542,8.333303785,0.710008422,3.495169223,2.565372965,8.743439945,0.000000000,0.000000000,0.000000000,37.383554783,43.561621763,0.741674989,0.736524468,55,0.120879121,34.623415863,true,COMPLETE
1.0,OP_CONFIRM_MLE_BASE_CAPACITY_BOTH_PLUS,f15e7bca3caf7928d1cc85c7f0769cc39601b6e161afce3edf97023561e4ab66,TASK3_OPERATIONAL_POOLED_V1,CAPACITY_BOTH_PLUS,LOCAL_WINDOW_HPP_BASE,14,300.000000000,333.719484820,374,343,0,17,0,14,31,374,0,0,0,0.002831052,0.000000000,0.122269603,0.878130361,0.125100655,1.072205397,0.000000000,0.000000000,0.000000000,34.943282473,35.890387215,0.611291846,0.607046764,31,0.082887701,33.719484820,true,COMPLETE
1.0,OP_CONFIRM_MLE_BASE_CAPACITY_BOTH_PLUS,f15e7bca3caf7928d1cc85c7f0769cc39601b6e161afce3edf97023561e4ab66,TASK3_OPERATIONAL_POOLED_V1,CAPACITY_BOTH_PLUS,LOCAL_WINDOW_HPP_BASE,15,300.000000000,333.864251907,386,347,0,29,0,10,39,386,0,0,0,0.012653064,0.000000000,0.019287839,0.000000000,0.031940903,0.071668868,0.000000000,0.000000000,0.000000000,34.850122721,34.889850686,0.630631921,0.626252533,39,0.101036269,33.864251907,true,COMPLETE
1.0,OP_CONFIRM_MLE_BASE_CAPACITY_BOTH_PLUS,f15e7bca3caf7928d1cc85c7f0769cc39601b6e161afce3edf97023561e4ab66,TASK3_OPERATIONAL_POOLED_V1,CAPACITY_BOTH_PLUS,LOCAL_WINDOW_HPP_BASE,16,300.000000000,335.399444162,401,343,0,35,0,23,58,401,0,0,0,0.000000000,0.000000000,0.016347895,0.000000000,0.016347895,0.000000000,0.000000000,0.000000000,0.000000000,34.834529713,34.818181818,0.652139640,0.647610892,58,0.144638404,35.399444162,true,COMPLETE
1.0,OP_CONFIRM_MLE_BASE_CAPACITY_BOTH_PLUS,f15e7bca3caf7928d1cc85c7f0769cc39601b6e161afce3edf97023561e4ab66,TASK3_OPERATIONAL_POOLED_V1,CAPACITY_BOTH_PLUS,LOCAL_WINDOW_HPP_BASE,17,300.000000000,334.256800365,429,377,0,35,0,17,52,429,0,0,0,0.208740525,1.688435059,0.102663115,0.769867702,0.311403640,2.684368722,0.000000000,0.000000000,0.000000000,35.129585458,37.502550540,0.700060551,0.695199020,52,0.121212121,34.256800365,true,COMPLETE
1.0,OP_CONFIRM_MLE_BASE_CAPACITY_BOTH_PLUS,f15e7bca3caf7928d1cc85c7f0769cc39601b6e161afce3edf97023561e4ab66,TASK3_OPERATIONAL_POOLED_V1,CAPACITY_BOTH_PLUS,LOCAL_WINDOW_HPP_BASE,18,300.000000000,334.189920297,419,371,0,31,0,17,48,419,0,0,0,0.049734139,0.093043522,0.129449158,1.058666561,0.179183297,1.636136911,0.000000000,0.000000000,0.000000000,34.997365115,36.454318729,0.683878958,0.679129799,48,0.114558473,34.189920297,true,COMPLETE
1.0,OP_CONFIRM_MLE_BASE_CAPACITY_BOTH_PLUS,f15e7bca3caf7928d1cc85c7f0769cc39601b6e161afce3edf97023561e4ab66,TASK3_OPERATIONAL_POOLED_V1,CAPACITY_BOTH_PLUS,LOCAL_WINDOW_HPP_BASE,19,300.000000000,334.219291288,445,385,0,39,0,21,60,445,0,0,0,0.000585516,0.000000000,0.039780018,0.296058640,0.040365533,0.296058640,0.000000000,0.000000000,0.000000000,34.858547351,35.114240458,0.726251533,0.721208120,60,0.134831461,34.219291288,true,COMPLETE
1.0,OP_CONFIRM_MLE_BASE_CAPACITY_BOTH_PLUS,f15e7bca3caf7928d1cc85c7f0769cc39601b6e161afce3edf97023561e4ab66,TASK3_OPERATIONAL_POOLED_V1,CAPACITY_BOTH_PLUS,LOCAL_WINDOW_HPP_BASE,20,300.000000000,333.821416391,418,373,0,29,0,16,45,418,0,0,0,0.018791114,0.000000000,0.055902937,0.390044025,0.074694051,0.482600949,0.000000000,0.000000000,0.000000000,34.892875869,35.300782767,0.682999918,0.678256863,45,0.107655502,33.821416391,true,COMPLETE
1.0,OP_CONFIRM_MLE_BASE_CAPACITY_BOTH_PLUS,f15e7bca3caf7928d1cc85c7f0769cc39601b6e161afce3edf97023561e4ab66,TASK3_OPERATIONAL_POOLED_V1,CAPACITY_BOTH_PLUS,LOCAL_WINDOW_HPP_BASE,21,300.000000000,334.758138695,417,364,0,39,0,14,53,417,0,0,0,0.075692882,0.548109044,0.208265023,1.387201132,0.283957905,1.735613858,0.000000000,0.000000000,0.000000000,35.102139723,36.553795676,0.679459344,0.674740877,53,0.127098321,34.758138695,true,COMPLETE
1.0,OP_CONFIRM_MLE_BASE_CAPACITY_BOTH_PLUS,f15e7bca3caf7928d1cc85c7f0769cc39601b6e161afce3edf97023561e4ab66,TASK3_OPERATIONAL_POOLED_V1,CAPACITY_BOTH_PLUS,LOCAL_WINDOW_HPP_BASE,22,300.000000000,334.412573287,410,364,0,26,0,20,46,410,0,0,0,0.021368688,0.000000000,0.082406396,0.641338213,0.103775084,1.017194970,0.000000000,0.000000000,0.000000000,34.921956902,35.835376788,0.668743886,0.664099831,46,0.112195122,34.412573287,true,COMPLETE
1.0,OP_CONFIRM_MLE_BASE_CAPACITY_BOTH_PLUS,f15e7bca3caf7928d1cc85c7f0769cc39601b6e161afce3edf97023561e4ab66,TASK3_OPERATIONAL_POOLED_V1,CAPACITY_BOTH_PLUS,LOCAL_WINDOW_HPP_BASE,23,300.000000000,334.747190250,439,396,0,23,0,20,43,439,0,0,0,0.074686359,0.771825436,0.112930710,0.938099234,0.187617069,1.612274341,0.000000000,0.000000000,0.000000000,35.005798887,36.430456159,0.715329516,0.710361950,43,0.097949886,34.747190250,true,COMPLETE
1.0,OP_CONFIRM_MLE_BASE_CAPACITY_BOTH_PLUS,f15e7bca3caf7928d1cc85c7f0769cc39601b6e161afce3edf97023561e4ab66,TASK3_OPERATIONAL_POOLED_V1,CAPACITY_BOTH_PLUS,LOCAL_WINDOW_HPP_BASE,24,300.000000000,336.677769896,412,354,0,38,0,20,58,412,0,0,0,0.004422869,0.000000000,0.125075941,0.186508513,0.129498810,0.426518015,0.000000000,0.000000000,0.000000000,34.947680628,35.244699833,0.667484737,0.662849426,58,0.140776699,36.677769896,true,COMPLETE
1.0,OP_CONFIRM_MLE_BASE_CAPACITY_BOTH_PLUS,f15e7bca3caf7928d1cc85c7f0769cc39601b6e161afce3edf97023561e4ab66,TASK3_OPERATIONAL_POOLED_V1,CAPACITY_BOTH_PLUS,LOCAL_WINDOW_HPP_BASE,25,300.000000000,337.316344856,424,366,0,39,0,19,58,424,0,0,0,0.027393402,0.000000000,0.103122470,0.676179380,0.130515872,0.897706171,0.000000000,0.000000000,0.000000000,34.948697690,35.715887989,0.685625618,0.680864329,58,0.136792453,37.316344856,true,COMPLETE
1.0,OP_CONFIRM_MLE_BASE_CAPACITY_BOTH_PLUS,f15e7bca3caf7928d1cc85c7f0769cc39601b6e161afce3edf97023561e4ab66,TASK3_OPERATIONAL_POOLED_V1,CAPACITY_BOTH_PLUS,LOCAL_WINDOW_HPP_BASE,26,300.000000000,334.010066237,419,371,0,26,0,22,48,419,0,0,0,0.055252680,0.681690941,0.113521753,1.070055654,0.168774432,1.354136425,0.000000000,0.000000000,0.000000000,34.986956250,36.172318243,0.684247206,0.679495489,48,0.114558473,34.010066237,true,COMPLETE
1.0,OP_CONFIRM_MLE_BASE_CAPACITY_BOTH_PLUS,f15e7bca3caf7928d1cc85c7f0769cc39601b6e161afce3edf97023561e4ab66,TASK3_OPERATIONAL_POOLED_V1,CAPACITY_BOTH_PLUS,LOCAL_WINDOW_HPP_BASE,27,300.000000000,334.337744233,410,356,0,35,0,19,54,410,0,0,0,0.002612905,0.000000000,0.031659745,0.062955894,0.034272650,0.069358564,0.000000000,0.000000000,0.000000000,34.852454468,34.887540382,0.668893559,0.664248465,54,0.131707317,34.337744233,true,COMPLETE
1.0,OP_CONFIRM_MLE_BASE_CAPACITY_BOTH_PLUS,f15e7bca3caf7928d1cc85c7f0769cc39601b6e161afce3edf97023561e4ab66,TASK3_OPERATIONAL_POOLED_V1,CAPACITY_BOTH_PLUS,LOCAL_WINDOW_HPP_BASE,28,300.000000000,333.299670118,392,342,0,29,0,21,50,392,0,0,0,0.018195390,0.000000000,0.062661701,0.357202167,0.080857091,0.581332502,0.000000000,0.000000000,0.000000000,34.899038909,35.399514320,0.641519332,0.637064337,50,0.127551020,33.299670118,true,COMPLETE
1.0,OP_CONFIRM_MLE_BASE_CAPACITY_BOTH_PLUS,f15e7bca3caf7928d1cc85c7f0769cc39601b6e161afce3edf97023561e4ab66,TASK3_OPERATIONAL_POOLED_V1,CAPACITY_BOTH_PLUS,LOCAL_WINDOW_HPP_BASE,29,300.000000000,333.984371011,424,379,0,35,0,10,45,424,0,0,0,0.030445132,0.000000000,0.141252340,1.430832677,0.171697472,1.553075310,0.000000000,0.000000000,0.000000000,34.989879290,36.371257128,0.692465718,0.687656928,45,0.106132075,33.984371011,true,COMPLETE
1.0,OP_CONFIRM_MLE_BASE_CAPACITY_BOTH_PLUS,f15e7bca3caf7928d1cc85c7f0769cc39601b6e161afce3edf97023561e4ab66,TASK3_OPERATIONAL_POOLED_V1,CAPACITY_BOTH_PLUS,LOCAL_WINDOW_HPP_BASE,30,300.000000000,334.718900558,408,351,0,33,0,24,57,408,0,0,0,0.028106583,0.000000000,0.074367112,0.591972718,0.102473694,0.838630612,0.000000000,0.000000000,0.000000000,34.920655512,35.656812430,0.664872686,0.660255515,57,0.139705882,34.718900558,true,COMPLETE
1.0,OP_CONFIRM_MLE_BASE_CAPACITY_BOTH_PLUS,f15e7bca3caf7928d1cc85c7f0769cc39601b6e161afce3edf97023561e4ab66,TASK3_OPERATIONAL_POOLED_V1,CAPACITY_BOTH_PLUS,LOCAL_WINDOW_HPP_BASE,31,300.000000000,332.133105256,425,373,0,31,0,21,52,425,0,0,0,0.250943794,2.836283871,0.146219119,1.218821011,0.397162913,3.264229871,0.000000000,0.000000000,0.000000000,35.215344731,38.082411689,0.697967707,0.693120709,52,0.122352941,32.133105256,true,COMPLETE
1.0,OP_CONFIRM_MLE_BASE_CAPACITY_BOTH_PLUS,f15e7bca3caf7928d1cc85c7f0769cc39601b6e161afce3edf97023561e4ab66,TASK3_OPERATIONAL_POOLED_V1,CAPACITY_BOTH_PLUS,LOCAL_WINDOW_HPP_BASE,32,300.000000000,334.634792933,395,342,0,29,0,24,53,395,0,0,0,0.000000000,0.000000000,0.037590503,0.000000000,0.037590503,0.000000000,0.000000000,0.000000000,0.000000000,34.855772321,34.818181818,0.643849803,0.639378624,53,0.134177215,34.634792933,true,COMPLETE
1.0,OP_CONFIRM_MLE_BASE_CAPACITY_BOTH_PLUS,f15e7bca3caf7928d1cc85c7f0769cc39601b6e161afce3edf97023561e4ab66,TASK3_OPERATIONAL_POOLED_V1,CAPACITY_BOTH_PLUS,LOCAL_WINDOW_HPP_BASE,33,300.000000000,333.891069489,428,384,0,28,0,16,44,428,0,0,0,0.028008654,0.000000000,0.057183010,0.467643882,0.085191664,0.690509340,0.000000000,0.000000000,0.000000000,34.903373482,35.508691158,0.699193739,0.694338227,44,0.102803738,33.891069489,true,COMPLETE
1.0,OP_CONFIRM_MLE_BASE_CAPACITY_BOTH_PLUS,f15e7bca3caf7928d1cc85c7f0769cc39601b6e161afce3edf97023561e4ab66,TASK3_OPERATIONAL_POOLED_V1,CAPACITY_BOTH_PLUS,LOCAL_WINDOW_HPP_BASE,34,300.000000000,335.083768821,426,365,1,40,0,20,61,426,0,0,0,0.060285648,0.070813877,0.064916228,0.458930756,0.125201875,0.959981118,0.000000000,0.000000000,0.000000000,34.943383693,35.778162936,0.693449394,0.688633773,61,0.143192488,35.083768821,true,COMPLETE
1.0,OP_CONFIRM_MLE_BASE_CAPACITY_BOTH_PLUS,f15e7bca3caf7928d1cc85c7f0769cc39601b6e161afce3edf97023561e4ab66,TASK3_OPERATIONAL_POOLED_V1,CAPACITY_BOTH_PLUS,LOCAL_WINDOW_HPP_BASE,35,300.000000000,339.133005409,451,383,6,40,0,22,68,451,0,0,0,0.165345197,1.520674827,0.174397034,1.358531385,0.339742231,2.112109339,0.000000000,0.000000000,0.000000000,35.157924049,36.930291157,0.725379117,0.720341762,68,0.150776053,39.133005409,true,COMPLETE
1.0,OP_CONFIRM_MLE_BASE_CAPACITY_BOTH_PLUS,f15e7bca3caf7928d1cc85c7f0769cc39601b6e161afce3edf97023561e4ab66,TASK3_OPERATIONAL_POOLED_V1,CAPACITY_BOTH_PLUS,LOCAL_WINDOW_HPP_BASE,36,300.000000000,334.446006975,414,369,0,32,0,13,45,414,0,0,0,0.000000000,0.000000000,0.025348380,0.000000000,0.025348380,0.000000000,0.000000000,0.000000000,0.000000000,34.843530198,34.818181818,0.675200711,0.670511818,45,0.108695652,34.446006975,true,COMPLETE
1.0,OP_CONFIRM_MLE_BASE_CAPACITY_BOTH_PLUS,f15e7bca3caf7928d1cc85c7f0769cc39601b6e161afce3edf97023561e4ab66,TASK3_OPERATIONAL_POOLED_V1,CAPACITY_BOTH_PLUS,LOCAL_WINDOW_HPP_BASE,37,300.000000000,334.323681021,408,354,0,31,0,23,54,408,0,0,0,0.022617288,0.000000000,0.051202886,0.253840386,0.073820174,0.798772740,0.000000000,0.000000000,0.000000000,34.892001992,35.616954558,0.665658663,0.661036033,54,0.132352941,34.323681021,true,COMPLETE
1.0,OP_CONFIRM_MLE_BASE_CAPACITY_BOTH_PLUS,f15e7bca3caf7928d1cc85c7f0769cc39601b6e161afce3edf97023561e4ab66,TASK3_OPERATIONAL_POOLED_V1,CAPACITY_BOTH_PLUS,LOCAL_WINDOW_HPP_BASE,38,300.000000000,334.203534405,406,362,0,23,0,21,44,406,0,0,0,0.000000000,0.000000000,0.031587923,0.000000000,0.031587923,0.000000000,0.000000000,0.000000000,0.000000000,34.849769741,34.818181818,0.662633763,0.658032139,44,0.108374384,34.203534405,true,COMPLETE
1.0,OP_CONFIRM_MLE_BASE_CAPACITY_BOTH_PLUS,f15e7bca3caf7928d1cc85c7f0769cc39601b6e161afce3edf97023561e4ab66,TASK3_OPERATIONAL_POOLED_V1,CAPACITY_BOTH_PLUS,LOCAL_WINDOW_HPP_BASE,39,300.000000000,336.396203875,388,323,2,40,0,23,65,388,0,0,0,0.089396064,0.414281940,0.141649348,1.319027016,0.231045411,1.985275360,0.000000000,0.000000000,0.000000000,35.049227229,36.803457178,0.629128276,0.624759329,65,0.167525773,36.396203875,true,COMPLETE
1.0,OP_CONFIRM_MLE_BASE_CAPACITY_BOTH_PLUS,f15e7bca3caf7928d1cc85c7f0769cc39601b6e161afce3edf97023561e4ab66,TASK3_OPERATIONAL_POOLED_V1,CAPACITY_BOTH_PLUS,LOCAL_WINDOW_HPP_BASE,40,300.000000000,334.796158439,399,345,0,32,0,22,54,399,0,0,0,0.074003145,0.000000000,0.082358560,0.000000000,0.156361705,1.731131362,0.000000000,0.000000000,0.000000000,34.974543523,36.549313180,0.650056335,0.645542055,54,0.135338346,34.796158439,true,COMPLETE
1.0,OP_CONFIRM_MLE_BASE_CAPACITY_BOTH_PLUS,f15e7bca3caf7928d1cc85c7f0769cc39601b6e161afce3edf97023561e4ab66,TASK3_OPERATIONAL_POOLED_V1,CAPACITY_BOTH_PLUS,LOCAL_WINDOW_HPP_BASE,41,300.000000000,334.367218497,416,371,0,27,0,18,45,416,0,0,0,0.023074516,0.000000000,0.048903377,0.037511602,0.071977892,0.321820893,0.000000000,0.000000000,0.000000000,34.890159710,35.140002711,0.678622420,0.673909764,45,0.108173077,34.367218497,true,COMPLETE
1.0,OP_CONFIRM_MLE_BASE_CAPACITY_BOTH_PLUS,f15e7bca3caf7928d1cc85c7f0769cc39601b6e161afce3edf97023561e4ab66,TASK3_OPERATIONAL_POOLED_V1,CAPACITY_BOTH_PLUS,LOCAL_WINDOW_HPP_BASE,42,300.000000000,334.308413002,403,360,0,24,0,19,43,403,0,0,0,0.124477748,0.972463139,0.103313519,0.932596816,0.227791267,1.794494043,0.000000000,0.000000000,0.000000000,35.045973085,36.612675861,0.657531110,0.652964922,43,0.106699752,34.308413002,true,COMPLETE
1.0,OP_CONFIRM_MLE_BASE_CAPACITY_BOTH_PLUS,f15e7bca3caf7928d1cc85c7f0769cc39601b6e161afce3edf97023561e4ab66,TASK3_OPERATIONAL_POOLED_V1,CAPACITY_BOTH_PLUS,LOCAL_WINDOW_HPP_BASE,43,300.000000000,334.691888900,407,353,0,26,4,24,54,407,0,0,0,0.077253874,0.739844402,0.100474942,0.825312417,0.177728816,1.441513801,0.000000000,0.000000000,0.000000000,34.995910634,36.259695619,0.663296624,0.658690397,54,0.132678133,34.691888900,true,COMPLETE
1.0,OP_CONFIRM_MLE_BASE_CAPACITY_BOTH_PLUS,f15e7bca3caf7928d1cc85c7f0769cc39601b6e161afce3edf97023561e4ab66,TASK3_OPERATIONAL_POOLED_V1,CAPACITY_BOTH_PLUS,LOCAL_WINDOW_HPP_BASE,44,300.000000000,333.476554778,366,324,0,31,0,11,42,366,0,0,0,0.000000000,0.000000000,0.000707701,0.000000000,0.000707701,0.000000000,0.000000000,0.000000000,0.000000000,34.818889519,34.818181818,0.598651872,0.594494567,42,0.114754098,33.476554778,true,COMPLETE
1.0,OP_CONFIRM_MLE_BASE_CAPACITY_BOTH_PLUS,f15e7bca3caf7928d1cc85c7f0769cc39601b6e161afce3edf97023561e4ab66,TASK3_OPERATIONAL_POOLED_V1,CAPACITY_BOTH_PLUS,LOCAL_WINDOW_HPP_BASE,45,300.000000000,333.751947751,399,349,0,28,0,22,50,399,0,0,0,0.013781221,0.000000000,0.007990010,0.000000000,0.021771231,0.000000000,0.000000000,0.000000000,0.000000000,34.839953049,34.818181818,0.652090168,0.647561764,50,0.125313283,33.751947751,true,COMPLETE
1.0,OP_CONFIRM_MLE_BASE_CAPACITY_BOTH_PLUS,f15e7bca3caf7928d1cc85c7f0769cc39601b6e161afce3edf97023561e4ab66,TASK3_OPERATIONAL_POOLED_V1,CAPACITY_BOTH_PLUS,LOCAL_WINDOW_HPP_BASE,46,300.000000000,333.492083683,452,399,0,29,0,24,53,452,0,0,0,0.251211138,2.293600918,0.190239966,1.308956677,0.441451104,3.042882014,0.000000000,0.000000000,0.000000000,35.259632922,37.861063832,0.739284279,0.734150360,53,0.117256637,33.492083683,true,COMPLETE
1.0,OP_CONFIRM_MLE_BASE_CAPACITY_BOTH_PLUS,f15e7bca3caf7928d1cc85c7f0769cc39601b6e161afce3edf97023561e4ab66,TASK3_OPERATIONAL_POOLED_V1,CAPACITY_BOTH_PLUS,LOCAL_WINDOW_HPP_BASE,47,300.000000000,334.574566537,385,347,0,24,0,14,38,385,0,0,0,0.000000000,0.000000000,0.009127983,0.000000000,0.009127983,0.000000000,0.000000000,0.000000000,0.000000000,34.827309801,34.818181818,0.627662772,0.623304003,38,0.098701299,34.574566537,true,COMPLETE
1.0,OP_CONFIRM_MLE_BASE_CAPACITY_BOTH_PLUS,f15e7bca3caf7928d1cc85c7f0769cc39601b6e161afce3edf97023561e4ab66,TASK3_OPERATIONAL_POOLED_V1,CAPACITY_BOTH_PLUS,LOCAL_WINDOW_HPP_BASE,48,300.000000000,334.182435039,416,364,0,28,0,24,52,416,0,0,0,0.243845870,2.787626626,0.191408872,1.914521573,0.435254741,3.543665429,0.000000000,0.000000000,0.000000000,35.253436559,38.361847247,0.678997659,0.674282397,52,0.125000000,34.182435039,true,COMPLETE
1.0,OP_CONFIRM_MLE_BASE_CAPACITY_BOTH_PLUS,f15e7bca3caf7928d1cc85c7f0769cc39601b6e161afce3edf97023561e4ab66,TASK3_OPERATIONAL_POOLED_V1,CAPACITY_BOTH_PLUS,LOCAL_WINDOW_HPP_BASE,49,300.000000000,332.907357814,423,375,0,27,0,21,48,423,0,0,0,0.122866615,0.113378318,0.109550072,1.225449639,0.232416687,1.841975494,0.000000000,0.000000000,0.000000000,35.050598505,36.660157312,0.693067508,0.688254539,48,0.113475177,32.907357814,true,COMPLETE
1.0,OP_CONFIRM_MLE_BASE_CAPACITY_BOTH_PLUS,f15e7bca3caf7928d1cc85c7f0769cc39601b6e161afce3edf97023561e4ab66,TASK3_OPERATIONAL_POOLED_V1,CAPACITY_BOTH_PLUS,LOCAL_WINDOW_HPP_BASE,50,300.000000000,334.347157797,414,367,0,29,0,18,47,414,0,0,0,0.033500838,0.000000000,0.123412571,1.013056373,0.156913410,1.351140313,0.000000000,0.000000000,0.000000000,34.975095228,36.169322131,0.675400333,0.670710053,47,0.113526570,34.347157797,true,COMPLETE
1.0,OP_CONFIRM_EXACT95_HIGH_CAPACITY_BOTH_PLUS,ef79d952f469f00fe5912eaa570ac3bdd1cd57c6609deb809b46ed4021e3ce3a,TASK3_OPERATIONAL_POOLED_V1,CAPACITY_BOTH_PLUS,LOCAL_WINDOW_HPP_EXACT95_HIGH,1,300.000000000,354.711163732,564,462,36,40,2,24,102,564,0,0,0,11.274247336,19.724489363,0.855651532,3.012921694,12.129898868,20.588253799,0.000000000,0.000000000,0.000000000,46.948080686,55.406435617,0.867286951,0.861264125,102,0.180851064,54.711163732,true,COMPLETE
1.0,OP_CONFIRM_EXACT95_HIGH_CAPACITY_BOTH_PLUS,ef79d952f469f00fe5912eaa570ac3bdd1cd57c6609deb809b46ed4021e3ce3a,TASK3_OPERATIONAL_POOLED_V1,CAPACITY_BOTH_PLUS,LOCAL_WINDOW_HPP_EXACT95_HIGH,2,300.000000000,359.453850659,593,484,42,40,3,24,109,593,0,0,0,13.604282033,26.855783680,0.791356671,2.232558249,14.395638704,27.741465577,0.000000000,0.000000000,0.000000000,49.213820522,62.559647395,0.899849994,0.893601036,109,0.183811130,59.453850659,true,COMPLETE
1.0,OP_CONFIRM_EXACT95_HIGH_CAPACITY_BOTH_PLUS,ef79d952f469f00fe5912eaa570ac3bdd1cd57c6609deb809b46ed4021e3ce3a,TASK3_OPERATIONAL_POOLED_V1,CAPACITY_BOTH_PLUS,LOCAL_WINDOW_HPP_EXACT95_HIGH,3,300.000000000,374.539529980,617,480,71,40,2,24,137,617,0,0,0,13.905541813,36.878577827,1.323709187,2.986021437,15.229250999,38.246167460,0.000000000,0.000000000,0.000000000,50.047432817,73.064349278,0.898557903,0.892317917,137,0.222042139,74.539529980,true,COMPLETE
1.0,OP_CONFIRM_EXACT95_HIGH_CAPACITY_BOTH_PLUS,ef79d952f469f00fe5912eaa570ac3bdd1cd57c6609deb809b46ed4021e3ce3a,TASK3_OPERATIONAL_POOLED_V1,CAPACITY_BOTH_PLUS,LOCAL_WINDOW_HPP_EXACT95_HIGH,4,300.000000000,344.556832299,562,479,20,40,0,23,83,562,0,0,0,3.800455051,9.988330597,1.013610801,2.653127423,4.814065851,11.354137179,0.000000000,0.000000000,0.000000000,39.632247669,46.172318997,0.889680383,0.883502047,83,0.147686833,44.556832299,true,COMPLETE
1.0,OP_CONFIRM_EXACT95_HIGH_CAPACITY_BOTH_PLUS,ef79d952f469f00fe5912eaa570ac3bdd1cd57c6609deb809b46ed4021e3ce3a,TASK3_OPERATIONAL_POOLED_V1,CAPACITY_BOTH_PLUS,LOCAL_WINDOW_HPP_EXACT95_HIGH,5,300.000000000,358.353961211,591,483,42,40,2,24,108,591,0,0,0,9.294985765,21.380847453,0.823352848,2.725602224,10.118338613,22.278931483,0.000000000,0.000000000,0.000000000,44.936520431,57.097113301,0.899567666,0.893320668,108,0.182741117,58.353961211,true,COMPLETE
1.0,OP_CONFIRM_EXACT95_HIGH_CAPACITY_BOTH_PLUS,ef79d952f469f00fe5912eaa570ac3bdd1cd57c6609deb809b46ed4021e3ce3a,TASK3_OPERATIONAL_POOLED_V1,CAPACITY_BOTH_PLUS,LOCAL_WINDOW_HPP_EXACT95_HIGH,6,300.000000000,349.210659861,571,482,25,40,0,24,89,571,0,0,0,5.661300410,11.195923128,1.423659289,4.053971435,7.084959699,12.409218723,0.000000000,0.000000000,0.000000000,41.903141517,47.227400541,0.891881552,0.885687931,89,0.155866900,49.210659861,true,COMPLETE
1.0,OP_CONFIRM_EXACT95_HIGH_CAPACITY_BOTH_PLUS,ef79d952f469f00fe5912eaa570ac3bdd1cd57c6609deb809b46ed4021e3ce3a,TASK3_OPERATIONAL_POOLED_V1,CAPACITY_BOTH_PLUS,LOCAL_WINDOW_HPP_EXACT95_HIGH,7,300.000000000,349.093769646,574,484,25,40,1,24,90,574,0,0,0,4.484190141,12.060447685,0.813496875,2.739791880,5.297687016,12.314815578,0.000000000,0.000000000,0.000000000,40.115868834,47.132997396,0.896867651,0.890639403,90,0.156794425,49.093769646,true,COMPLETE
1.0,OP_CONFIRM_EXACT95_HIGH_CAPACITY_BOTH_PLUS,ef79d952f469f00fe5912eaa570ac3bdd1cd57c6609deb809b46ed4021e3ce3a,TASK3_OPERATIONAL_POOLED_V1,CAPACITY_BOTH_PLUS,LOCAL_WINDOW_HPP_EXACT95_HIGH,8,300.000000000,339.330659115,559,485,8,40,2,24,74,559,0,0,0,4.150324014,7.724945652,0.669254565,1.644514319,4.819578579,8.262001574,0.000000000,0.000000000,0.000000000,39.637760397,43.080183392,0.898560394,0.892320392,74,0.132379249,39.330659115,true,COMPLETE
1.0,OP_CONFIRM_EXACT95_HIGH_CAPACITY_BOTH_PLUS,ef79d952f469f00fe5912eaa570ac3bdd1cd57c6609deb809b46ed4021e3ce3a,TASK3_OPERATIONAL_POOLED_V1,CAPACITY_BOTH_PLUS,LOCAL_WINDOW_HPP_EXACT95_HIGH,9,300.000000000,371.740712160,612,480,66,40,2,24,132,612,0,0,0,13.434600093,33.342993754,0.517692038,1.246769172,13.952292131,33.757711842,0.000000000,0.000000000,0.000000000,48.770473949,68.575893660,0.897986610,0.891750592,132,0.215686275,71.740712160,true,COMPLETE
1.0,OP_CONFIRM_EXACT95_HIGH_CAPACITY_BOTH_PLUS,ef79d952f469f00fe5912eaa570ac3bdd1cd57c6609deb809b46ed4021e3ce3a,TASK3_OPERATIONAL_POOLED_V1,CAPACITY_BOTH_PLUS,LOCAL_WINDOW_HPP_EXACT95_HIGH,10,300.000000000,338.090463608,560,488,0,40,8,24,72,560,0,0,0,5.124799845,13.250186220,4.837072989,9.292995614,9.961872833,16.677755230,0.000000000,0.000000000,0.000000000,44.780054651,51.495937048,0.903469865,0.897195769,72,0.128571429,38.090463608,true,COMPLETE
1.0,OP_CONFIRM_EXACT95_HIGH_CAPACITY_BOTH_PLUS,ef79d952f469f00fe5912eaa570ac3bdd1cd57c6609deb809b46ed4021e3ce3a,TASK3_OPERATIONAL_POOLED_V1,CAPACITY_BOTH_PLUS,LOCAL_WINDOW_HPP_EXACT95_HIGH,11,300.000000000,334.798008077,534,476,0,33,1,24,58,534,0,0,0,3.215343911,8.728202451,1.362253439,4.072884794,4.577597350,9.320233141,0.000000000,0.000000000,0.000000000,39.395779168,44.138414959,0.869995401,0.863953766,58,0.108614232,34.798008077,true,COMPLETE
1.0,OP_CONFIRM_EXACT95_HIGH_CAPACITY_BOTH_PLUS,ef79d952f469f00fe5912eaa570ac3bdd1cd57c6609deb809b46ed4021e3ce3a,TASK3_OPERATIONAL_POOLED_V1,CAPACITY_BOTH_PLUS,LOCAL_WINDOW_HPP_EXACT95_HIGH,12,300.000000000,349.658187040,577,487,24,40,2,24,90,577,0,0,0,11.647714771,18.610327181,1.216302028,2.585585080,12.864016800,19.411132502,0.000000000,0.000000000,0.000000000,47.682198618,54.229314320,0.900099824,0.893849131,90,0.155979203,49.658187040,true,COMPLETE
1.0,OP_CONFIRM_EXACT95_HIGH_CAPACITY_BOTH_PLUS,ef79d952f469f00fe5912eaa570ac3bdd1cd57c6609deb809b46ed4021e3ce3a,TASK3_OPERATIONAL_POOLED_V1,CAPACITY_BOTH_PLUS,LOCAL_WINDOW_HPP_EXACT95_HIGH,13,300.000000000,364.839658114,594,475,56,40,0,23,119,594,0,0,0,14.600397303,28.636024548,0.891969282,2.303656475,15.492366585,29.364050913,0.000000000,0.000000000,0.000000000,50.310548403,64.182232731,0.888061352,0.881894259,119,0.200336700,64.839658114,true,COMPLETE
1.0,OP_CONFIRM_EXACT95_HIGH_CAPACITY_BOTH_PLUS,ef79d952f469f00fe5912eaa570ac3bdd1cd57c6609deb809b46ed4021e3ce3a,TASK3_OPERATIONAL_POOLED_V1,CAPACITY_BOTH_PLUS,LOCAL_WINDOW_HPP_EXACT95_HIGH,14,300.000000000,355.137528983,577,474,37,40,2,24,103,577,0,0,0,6.660312470,16.610696011,0.465984036,1.560933098,7.126296506,17.259593937,0.000000000,0.000000000,0.000000000,41.944478324,52.077775755,0.886212374,0.880058122,103,0.178509532,55.137528983,true,COMPLETE
1.0,OP_CONFIRM_EXACT95_HIGH_CAPACITY_BOTH_PLUS,ef79d952f469f00fe5912eaa570ac3bdd1cd57c6609deb809b46ed4021e3ce3a,TASK3_OPERATIONAL_POOLED_V1,CAPACITY_BOTH_PLUS,LOCAL_WINDOW_HPP_EXACT95_HIGH,15,300.000000000,366.056559135,604,483,52,40,5,24,121,604,0,0,0,16.792255618,30.677121374,1.544620851,3.952199918,18.336876469,31.634238808,0.000000000,0.000000000,0.000000000,53.155058287,66.452420626,0.900009950,0.893759881,121,0.200331126,66.056559135,true,COMPLETE
1.0,OP_CONFIRM_EXACT95_HIGH_CAPACITY_BOTH_PLUS,ef79d952f469f00fe5912eaa570ac3bdd1cd57c6609deb809b46ed4021e3ce3a,TASK3_OPERATIONAL_POOLED_V1,CAPACITY_BOTH_PLUS,LOCAL_WINDOW_HPP_EXACT95_HIGH,16,300.000000000,344.658171578,549,467,15,40,3,24,82,549,0,0,0,3.777173919,9.504839940,0.765674865,2.435356808,4.542848785,10.225722160,0.000000000,0.000000000,0.000000000,39.361030603,45.043903978,0.868845047,0.862811401,82,0.149362477,44.658171578,true,COMPLETE
1.0,OP_CONFIRM_EXACT95_HIGH_CAPACITY_BOTH_PLUS,ef79d952f469f00fe5912eaa570ac3bdd1cd57c6609deb809b46ed4021e3ce3a,TASK3_OPERATIONAL_POOLED_V1,CAPACITY_BOTH_PLUS,LOCAL_WINDOW_HPP_EXACT95_HIGH,17,300.000000000,341.242592456,550,473,8,40,5,24,77,550,0,0,0,4.739048961,9.649015259,1.061337853,2.816459080,5.800386814,10.584987136,0.000000000,0.000000000,0.000000000,40.618568632,45.403168954,0.879139963,0.873034824,77,0.140000000,41.242592456,true,COMPLETE
1.0,OP_CONFIRM_EXACT95_HIGH_CAPACITY_BOTH_PLUS,ef79d952f469f00fe5912eaa570ac3bdd1cd57c6609deb809b46ed4021e3ce3a,TASK3_OPERATIONAL_POOLED_V1,CAPACITY_BOTH_PLUS,LOCAL_WINDOW_HPP_EXACT95_HIGH,18,300.000000000,366.925373908,598,474,57,40,3,24,124,598,0,0,0,8.616874494,26.311075326,1.150856849,2.888086988,9.767731343,28.256925027,0.000000000,0.000000000,0.000000000,44.585913161,63.075106845,0.888959558,0.882786228,124,0.207357860,66.925373908,true,COMPLETE
1.0,OP_CONFIRM_EXACT95_HIGH_CAPACITY_BOTH_PLUS,ef79d952f469f00fe5912eaa570ac3bdd1cd57c6609deb809b46ed4021e3ce3a,TASK3_OPERATIONAL_POOLED_V1,CAPACITY_BOTH_PLUS,LOCAL_WINDOW_HPP_EXACT95_HIGH,19,300.000000000,344.285867331,550,468,19,40,0,23,82,550,0,0,0,2.551361642,8.452887392,0.777820498,3.042521771,3.329182140,9.094976856,0.000000000,0.000000000,0.000000000,38.147363958,43.913158674,0.871368907,0.865317734,82,0.149090909,44.285867331,true,COMPLETE
1.0,OP_CONFIRM_EXACT95_HIGH_CAPACITY_BOTH_PLUS,ef79d952f469f00fe5912eaa570ac3bdd1cd57c6609deb809b46ed4021e3ce3a,TASK3_OPERATIONAL_POOLED_V1,CAPACITY_BOTH_PLUS,LOCAL_WINDOW_HPP_EXACT95_HIGH,20,300.000000000,367.009849491,581,456,56,40,5,24,125,581,0,0,0,8.705992732,26.939422571,0.737845017,2.887021464,9.443837749,27.968855773,0.000000000,0.000000000,0.000000000,44.262019567,62.787037591,0.863489335,0.857492881,125,0.215146299,67.009849491,true,COMPLETE
1.0,OP_CONFIRM_EXACT95_HIGH_CAPACITY_BOTH_PLUS,ef79d952f469f00fe5912eaa570ac3bdd1cd57c6609deb809b46ed4021e3ce3a,TASK3_OPERATIONAL_POOLED_V1,CAPACITY_BOTH_PLUS,LOCAL_WINDOW_HPP_EXACT95_HIGH,21,300.000000000,347.289959568,556,470,22,40,0,24,86,556,0,0,0,2.242807236,8.885894850,0.505591448,1.907866525,2.748398683,9.870969145,0.000000000,0.000000000,0.000000000,37.566580501,44.689150963,0.873255097,0.867190825,86,0.154676259,47.289959568,true,COMPLETE
1.0,OP_CONFIRM_EXACT95_HIGH_CAPACITY_BOTH_PLUS,ef79d952f469f00fe5912eaa570ac3bdd1cd57c6609deb809b46ed4021e3ce3a,TASK3_OPERATIONAL_POOLED_V1,CAPACITY_BOTH_PLUS,LOCAL_WINDOW_HPP_EXACT95_HIGH,22,300.000000000,336.995033875,537,469,3,40,1,24,68,537,0,0,0,3.378448676,11.143509579,0.731259648,2.247414802,4.109708325,11.804236419,0.000000000,0.000000000,0.000000000,38.927890143,46.622418237,0.869179250,0.863143283,68,0.126629423,36.995033875,true,COMPLETE
1.0,OP_CONFIRM_EXACT95_HIGH_CAPACITY_BOTH_PLUS,ef79d952f469f00fe5912eaa570ac3bdd1cd57c6609deb809b46ed4021e3ce3a,TASK3_OPERATIONAL_POOLED_V1,CAPACITY_BOTH_PLUS,LOCAL_WINDOW_HPP_EXACT95_HIGH,23,300.000000000,358.619638731,576,468,45,40,0,23,108,576,0,0,0,7.650673685,22.202348655,0.601609399,2.239749855,8.252283084,23.142528557,0.000000000,0.000000000,0.000000000,43.070464902,57.960710375,0.876086483,0.870002550,108,0.187500000,58.619638731,true,COMPLETE
1.0,OP_CONFIRM_EXACT95_HIGH_CAPACITY_BOTH_PLUS,ef79d952f469f00fe5912eaa570ac3bdd1cd57c6609deb809b46ed4021e3ce3a,TASK3_OPERATIONAL_POOLED_V1,CAPACITY_BOTH_PLUS,LOCAL_WINDOW_HPP_EXACT95_HIGH,24,300.000000000,343.530702468,565,485,14,40,2,24,80,565,0,0,0,6.697316606,12.702710217,0.731483980,1.699253303,7.428800586,13.730085965,0.000000000,0.000000000,0.000000000,42.246982404,48.548267783,0.897101237,0.890871367,80,0.141592920,43.530702468,true,COMPLETE
1.0,OP_CONFIRM_EXACT95_HIGH_CAPACITY_BOTH_PLUS,ef79d952f469f00fe5912eaa570ac3bdd1cd57c6609deb809b46ed4021e3ce3a,TASK3_OPERATIONAL_POOLED_V1,CAPACITY_BOTH_PLUS,LOCAL_WINDOW_HPP_EXACT95_HIGH,25,300.000000000,339.967281631,530,461,2,40,3,24,69,530,0,0,0,1.311855749,4.521466896,0.521787499,2.115174994,1.833643248,5.942998687,0.000000000,0.000000000,0.000000000,36.651825066,40.761180505,0.850349209,0.844444006,69,0.130188679,39.967281631,true,COMPLETE
1.0,OP_CONFIRM_EXACT95_HIGH_CAPACITY_BOTH_PLUS,ef79d952f469f00fe5912eaa570ac3bdd1cd57c6609deb809b46ed4021e3ce3a,TASK3_OPERATIONAL_POOLED_V1,CAPACITY_BOTH_PLUS,LOCAL_WINDOW_HPP_EXACT95_HIGH,26,300.000000000,352.758062858,582,482,22,40,14,24,100,582,0,0,0,12.901380627,21.559030261,2.721152789,7.273189685,15.622533416,22.367727762,0.000000000,0.000000000,0.000000000,50.440715234,57.185909580,0.899921444,0.893671990,100,0.171821306,52.758062858,true,COMPLETE
1.0,OP_CONFIRM_EXACT95_HIGH_CAPACITY_BOTH_PLUS,ef79d952f469f00fe5912eaa570ac3bdd1cd57c6609deb809b46ed4021e3ce3a,TASK3_OPERATIONAL_POOLED_V1,CAPACITY_BOTH_PLUS,LOCAL_WINDOW_HPP_EXACT95_HIGH,27,300.000000000,344.363685756,563,482,18,40,0,23,81,563,0,0,0,7.645524634,13.870216089,0.657713751,1.808628032,8.303238385,14.246997974,0.000000000,0.000000000,0.000000000,43.121420203,49.065179792,0.891763336,0.885570535,81,0.143872114,44.363685756,true,COMPLETE
1.0,OP_CONFIRM_EXACT95_HIGH_CAPACITY_BOTH_PLUS,ef79d952f469f00fe5912eaa570ac3bdd1cd57c6609deb809b46ed4021e3ce3a,TASK3_OPERATIONAL_POOLED_V1,CAPACITY_BOTH_PLUS,LOCAL_WINDOW_HPP_EXACT95_HIGH,28,300.000000000,357.625343417,575,468,43,40,0,24,107,575,0,0,0,7.782775096,21.676158424,0.491749772,1.541654034,8.274524868,22.061900100,0.000000000,0.000000000,0.000000000,43.092706686,56.880081918,0.876997029,0.870906772,107,0.186086957,57.625343417,true,COMPLETE
1.0,OP_CONFIRM_EXACT95_HIGH_CAPACITY_BOTH_PLUS,ef79d952f469f00fe5912eaa570ac3bdd1cd57c6609deb809b46ed4021e3ce3a,TASK3_OPERATIONAL_POOLED_V1,CAPACITY_BOTH_PLUS,LOCAL_WINDOW_HPP_EXACT95_HIGH,29,300.000000000,333.603656070,513,460,0,28,1,24,53,513,0,0,0,2.378347873,8.125857413,0.484113780,1.983936580,2.862461654,8.762628620,0.000000000,0.000000000,0.000000000,37.680643472,43.580810438,0.838774326,0.832949504,53,0.103313840,33.603656070,true,COMPLETE
1.0,OP_CONFIRM_EXACT95_HIGH_CAPACITY_BOTH_PLUS,ef79d952f469f00fe5912eaa570ac3bdd1cd57c6609deb809b46ed4021e3ce3a,TASK3_OPERATIONAL_POOLED_V1,CAPACITY_BOTH_PLUS,LOCAL_WINDOW_HPP_EXACT95_HIGH,30,300.000000000,361.969140578,591,477,49,40,1,24,114,591,0,0,0,10.383666737,27.573197682,0.655950045,1.883919864,11.039616783,28.208568855,0.000000000,0.000000000,0.000000000,45.857798601,63.026750673,0.890583202,0.884398597,114,0.192893401,61.969140578,true,COMPLETE
1.0,OP_CONFIRM_EXACT95_HIGH_CAPACITY_BOTH_PLUS,ef79d952f469f00fe5912eaa570ac3bdd1cd57c6609deb809b46ed4021e3ce3a,TASK3_OPERATIONAL_POOLED_V1,CAPACITY_BOTH_PLUS,LOCAL_WINDOW_HPP_EXACT95_HIGH,31,300.000000000,365.954661286,606,484,53,40,5,24,122,606,0,0,0,16.430299069,28.749291109,1.281575992,3.252933432,17.711875061,30.009791093,0.000000000,0.000000000,0.000000000,52.530056879,64.827972911,0.903241547,0.896969037,122,0.201320132,65.954661286,true,COMPLETE
1.0,OP_CONFIRM_EXACT95_HIGH_CAPACITY_BOTH_PLUS,ef79d952f469f00fe5912eaa570ac3bdd1cd57c6609deb809b46ed4021e3ce3a,TASK3_OPERATIONAL_POOLED_V1,CAPACITY_BOTH_PLUS,LOCAL_WINDOW_HPP_EXACT95_HIGH,32,300.000000000,336.461932926,551,485,1,40,1,24,66,551,0,0,0,4.218602868,10.418043291,1.568170866,3.322944557,5.786773734,12.010056183,0.000000000,0.000000000,0.000000000,40.604955552,46.828238001,0.893252476,0.887049333,66,0.119782214,36.461932926,true,COMPLETE
1.0,OP_CONFIRM_EXACT95_HIGH_CAPACITY_BOTH_PLUS,ef79d952f469f00fe5912eaa570ac3bdd1cd57c6609deb809b46ed4021e3ce3a,TASK3_OPERATIONAL_POOLED_V1,CAPACITY_BOTH_PLUS,LOCAL_WINDOW_HPP_EXACT95_HIGH,33,300.000000000,354.074761579,573,474,35,40,0,24,99,573,0,0,0,6.679547559,16.255155208,1.060389571,2.847719081,7.739937131,17.755974537,0.000000000,0.000000000,0.000000000,42.558118949,52.574156355,0.882710344,0.876580411,99,0.172774869,54.074761579,true,COMPLETE
1.0,OP_CONFIRM_EXACT95_HIGH_CAPACITY_BOTH_PLUS,ef79d952f469f00fe5912eaa570ac3bdd1cd57c6609deb809b46ed4021e3ce3a,TASK3_OPERATIONAL_POOLED_V1,CAPACITY_BOTH_PLUS,LOCAL_WINDOW_HPP_EXACT95_HIGH,34,300.000000000,355.024582249,587,484,35,40,4,24,103,587,0,0,0,9.622076983,20.537456479,1.432653167,3.109720972,11.054730150,21.386133178,0.000000000,0.000000000,0.000000000,45.872911968,56.204314996,0.901858165,0.895595261,103,0.175468484,55.024582249,true,COMPLETE
1.0,OP_CONFIRM_EXACT95_HIGH_CAPACITY_BOTH_PLUS,ef79d952f469f00fe5912eaa570ac3bdd1cd57c6609deb809b46ed4021e3ce3a,TASK3_OPERATIONAL_POOLED_V1,CAPACITY_BOTH_PLUS,LOCAL_WINDOW_HPP_EXACT95_HIGH,35,300.000000000,342.824935245,548,468,15,40,1,24,80,548,0,0,0,2.488966374,7.108951646,0.655614266,2.994811883,3.144580640,8.068211744,0.000000000,0.000000000,0.000000000,37.962762458,42.886393562,0.871900087,0.865845225,80,0.145985401,42.824935245,true,COMPLETE
1.0,OP_CONFIRM_EXACT95_HIGH_CAPACITY_BOTH_PLUS,ef79d952f469f00fe5912eaa570ac3bdd1cd57c6609deb809b46ed4021e3ce3a,TASK3_OPERATIONAL_POOLED_V1,CAPACITY_BOTH_PLUS,LOCAL_WINDOW_HPP_EXACT95_HIGH,36,300.000000000,350.910517147,567,474,27,40,2,24,93,567,0,0,0,8.317744933,17.765868190,0.636431736,2.034703075,8.954176670,18.233458253,0.000000000,0.000000000,0.000000000,43.772358488,53.051640071,0.881343568,0.875223127,93,0.164021164,50.910517147,true,COMPLETE
1.0,OP_CONFIRM_EXACT95_HIGH_CAPACITY_BOTH_PLUS,ef79d952f469f00fe5912eaa570ac3bdd1cd57c6609deb809b46ed4021e3ce3a,TASK3_OPERATIONAL_POOLED_V1,CAPACITY_BOTH_PLUS,LOCAL_WINDOW_HPP_EXACT95_HIGH,37,300.000000000,346.334920035,556,471,17,40,4,24,85,556,0,0,0,4.441159941,13.882023591,1.001816229,2.823140900,5.442976170,15.351759658,0.000000000,0.000000000,0.000000000,40.261157988,50.169941476,0.875663151,0.869582157,85,0.152877698,46.334920035,true,COMPLETE
1.0,OP_CONFIRM_EXACT95_HIGH_CAPACITY_BOTH_PLUS,ef79d952f469f00fe5912eaa570ac3bdd1cd57c6609deb809b46ed4021e3ce3a,TASK3_OPERATIONAL_POOLED_V1,CAPACITY_BOTH_PLUS,LOCAL_WINDOW_HPP_EXACT95_HIGH,38,300.000000000,344.030185574,550,469,17,40,0,24,81,550,0,0,0,8.755823794,14.904004510,0.272818560,1.238181388,9.028642354,15.150404206,0.000000000,0.000000000,0.000000000,43.846824172,49.968586024,0.872016505,0.865960835,81,0.147272727,44.030185574,true,COMPLETE
1.0,OP_CONFIRM_EXACT95_HIGH_CAPACITY_BOTH_PLUS,ef79d952f469f00fe5912eaa570ac3bdd1cd57c6609deb809b46ed4021e3ce3a,TASK3_OPERATIONAL_POOLED_V1,CAPACITY_BOTH_PLUS,LOCAL_WINDOW_HPP_EXACT95_HIGH,39,300.000000000,356.436305824,581,478,39,40,0,24,103,581,0,0,0,9.742333921,20.222623280,0.667605961,2.018073062,10.409939881,20.718829525,0.000000000,0.000000000,0.000000000,45.228121699,55.537011343,0.889104409,0.882930072,103,0.177280551,56.436305824,true,COMPLETE
1.0,OP_CONFIRM_EXACT95_HIGH_CAPACITY_BOTH_PLUS,ef79d952f469f00fe5912eaa570ac3bdd1cd57c6609deb809b46ed4021e3ce3a,TASK3_OPERATIONAL_POOLED_V1,CAPACITY_BOTH_PLUS,LOCAL_WINDOW_HPP_EXACT95_HIGH,40,300.000000000,362.531368836,596,481,50,40,1,24,115,596,0,0,0,9.824604947,24.950276281,0.768424702,2.235210275,10.593029649,25.155195102,0.000000000,0.000000000,0.000000000,45.411211467,59.973376920,0.896724910,0.890497654,115,0.192953020,62.531368836,true,COMPLETE
1.0,OP_CONFIRM_EXACT95_HIGH_CAPACITY_BOTH_PLUS,ef79d952f469f00fe5912eaa570ac3bdd1cd57c6609deb809b46ed4021e3ce3a,TASK3_OPERATIONAL_POOLED_V1,CAPACITY_BOTH_PLUS,LOCAL_WINDOW_HPP_EXACT95_HIGH,41,300.000000000,348.368561734,562,473,27,40,0,22,89,562,0,0,0,10.508049556,17.962457069,0.940563212,2.496039252,11.448612769,19.321607296,0.000000000,0.000000000,0.000000000,46.266794587,54.139789114,0.879945805,0.873835070,89,0.158362989,48.368561734,true,COMPLETE
1.0,OP_CONFIRM_EXACT95_HIGH_CAPACITY_BOTH_PLUS,ef79d952f469f00fe5912eaa570ac3bdd1cd57c6609deb809b46ed4021e3ce3a,TASK3_OPERATIONAL_POOLED_V1,CAPACITY_BOTH_PLUS,LOCAL_WINDOW_HPP_EXACT95_HIGH,42,300.000000000,358.493589458,591,483,42,40,2,24,108,591,0,0,0,13.833821492,24.573769811,0.409400888,1.299907634,14.243222380,24.742651796,0.000000000,0.000000000,0.000000000,49.061404198,59.560833614,0.899217297,0.892972732,108,0.182741117,58.493589458,true,COMPLETE
1.0,OP_CONFIRM_EXACT95_HIGH_CAPACITY_BOTH_PLUS,ef79d952f469f00fe5912eaa570ac3bdd1cd57c6609deb809b46ed4021e3ce3a,TASK3_OPERATIONAL_POOLED_V1,CAPACITY_BOTH_PLUS,LOCAL_WINDOW_HPP_EXACT95_HIGH,43,300.000000000,345.502815218,562,479,17,40,2,24,83,562,0,0,0,7.730035943,12.741521149,0.625102506,1.780677127,8.355138449,13.103976813,0.000000000,0.000000000,0.000000000,43.173320267,47.922158631,0.887244448,0.881083028,83,0.147686833,45.502815218,true,COMPLETE
1.0,OP_CONFIRM_EXACT95_HIGH_CAPACITY_BOTH_PLUS,ef79d952f469f00fe5912eaa570ac3bdd1cd57c6609deb809b46ed4021e3ce3a,TASK3_OPERATIONAL_POOLED_V1,CAPACITY_BOTH_PLUS,LOCAL_WINDOW_HPP_EXACT95_HIGH,44,300.000000000,361.762034841,591,478,49,40,0,24,113,591,0,0,0,9.136015506,24.475903467,0.579763348,1.549283683,9.715778854,24.937139418,0.000000000,0.000000000,0.000000000,44.533960672,59.755321236,0.891093054,0.884904908,113,0.191201354,61.762034841,true,COMPLETE
1.0,OP_CONFIRM_EXACT95_HIGH_CAPACITY_BOTH_PLUS,ef79d952f469f00fe5912eaa570ac3bdd1cd57c6609deb809b46ed4021e3ce3a,TASK3_OPERATIONAL_POOLED_V1,CAPACITY_BOTH_PLUS,LOCAL_WINDOW_HPP_EXACT95_HIGH,45,300.000000000,367.516979352,609,484,58,40,3,24,125,609,0,0,0,14.108718643,29.821138833,0.664943867,1.708558451,14.773662511,30.312942299,0.000000000,0.000000000,0.000000000,49.591844329,65.131124117,0.903854344,0.897577577,125,0.205254516,67.516979352,true,COMPLETE
1.0,OP_CONFIRM_EXACT95_HIGH_CAPACITY_BOTH_PLUS,ef79d952f469f00fe5912eaa570ac3bdd1cd57c6609deb809b46ed4021e3ce3a,TASK3_OPERATIONAL_POOLED_V1,CAPACITY_BOTH_PLUS,LOCAL_WINDOW_HPP_EXACT95_HIGH,46,300.000000000,347.127699868,564,478,19,40,3,24,86,564,0,0,0,4.428245645,11.802721976,1.314690332,3.246771073,5.742935976,12.909452371,0.000000000,0.000000000,0.000000000,40.561117794,47.727634189,0.886233982,0.880079579,86,0.152482270,47.127699868,true,COMPLETE
1.0,OP_CONFIRM_EXACT95_HIGH_CAPACITY_BOTH_PLUS,ef79d952f469f00fe5912eaa570ac3bdd1cd57c6609deb809b46ed4021e3ce3a,TASK3_OPERATIONAL_POOLED_V1,CAPACITY_BOTH_PLUS,LOCAL_WINDOW_HPP_EXACT95_HIGH,47,300.000000000,335.149876080,521,457,1,40,0,23,64,521,0,0,0,1.814519857,6.696368706,0.586382220,1.946468571,2.400902077,7.944795993,0.000000000,0.000000000,0.000000000,37.219083895,42.762977811,0.847924581,0.842036216,64,0.122840691,35.149876080,true,COMPLETE
1.0,OP_CONFIRM_EXACT95_HIGH_CAPACITY_BOTH_PLUS,ef79d952f469f00fe5912eaa570ac3bdd1cd57c6609deb809b46ed4021e3ce3a,TASK3_OPERATIONAL_POOLED_V1,CAPACITY_BOTH_PLUS,LOCAL_WINDOW_HPP_EXACT95_HIGH,48,300.000000000,337.978922257,548,477,4,40,3,24,71,548,0,0,0,5.884408055,11.343239355,0.893278282,2.417836639,6.777686337,11.911324912,0.000000000,0.000000000,0.000000000,41.595868155,46.729506730,0.884401574,0.878259897,71,0.129562044,37.978922257,true,COMPLETE
1.0,OP_CONFIRM_EXACT95_HIGH_CAPACITY_BOTH_PLUS,ef79d952f469f00fe5912eaa570ac3bdd1cd57c6609deb809b46ed4021e3ce3a,TASK3_OPERATIONAL_POOLED_V1,CAPACITY_BOTH_PLUS,LOCAL_WINDOW_HPP_EXACT95_HIGH,49,300.000000000,346.564074562,569,482,20,40,3,24,87,569,0,0,0,9.890256772,18.256243086,0.905260086,2.184072297,10.795516858,19.378423532,0.000000000,0.000000000,0.000000000,45.613698676,54.196605350,0.895544747,0.889325686,87,0.152899824,46.564074562,true,COMPLETE
1.0,OP_CONFIRM_EXACT95_HIGH_CAPACITY_BOTH_PLUS,ef79d952f469f00fe5912eaa570ac3bdd1cd57c6609deb809b46ed4021e3ce3a,TASK3_OPERATIONAL_POOLED_V1,CAPACITY_BOTH_PLUS,LOCAL_WINDOW_HPP_EXACT95_HIGH,50,300.000000000,357.422564758,589,484,39,40,2,24,105,589,0,0,0,7.778175463,19.571906081,0.730763129,1.897288790,8.508938592,20.360300426,0.000000000,0.000000000,0.000000000,43.327120410,55.178482244,0.898859666,0.892617585,105,0.178268251,57.422564758,true,COMPLETE
1.0,OP_CONFIRM_EXACT95_LOW_CAPACITY_BOTH_PLUS,45f53fc3706fbd4413cadc5030b851fb533d4189450a73803837ccdf0a203f22,TASK3_OPERATIONAL_POOLED_V1,CAPACITY_BOTH_PLUS,LOCAL_WINDOW_HPP_EXACT95_LOW,1,300.000000000,333.378284734,313,277,0,22,0,14,36,313,0,0,0,0.000000000,0.000000000,0.001104778,0.000000000,0.001104778,0.000000000,0.000000000,0.000000000,0.000000000,34.819286596,34.818181818,0.512112758,0.508556419,36,0.115015974,33.378284734,true,COMPLETE
1.0,OP_CONFIRM_EXACT95_LOW_CAPACITY_BOTH_PLUS,45f53fc3706fbd4413cadc5030b851fb533d4189450a73803837ccdf0a203f22,TASK3_OPERATIONAL_POOLED_V1,CAPACITY_BOTH_PLUS,LOCAL_WINDOW_HPP_EXACT95_LOW,2,300.000000000,332.283944051,299,263,0,20,0,16,36,299,0,0,0,0.000000000,0.000000000,0.000000000,0.000000000,0.000000000,0.000000000,0.000000000,0.000000000,0.000000000,34.818181818,34.818181818,0.490817904,0.487409447,36,0.120401338,32.283944051,true,COMPLETE
1.0,OP_CONFIRM_EXACT95_LOW_CAPACITY_BOTH_PLUS,45f53fc3706fbd4413cadc5030b851fb533d4189450a73803837ccdf0a203f22,TASK3_OPERATIONAL_POOLED_V1,CAPACITY_BOTH_PLUS,LOCAL_WINDOW_HPP_EXACT95_LOW,3,300.000000000,334.763588245,285,251,0,27,0,7,34,285,0,0,0,0.000000000,0.000000000,0.012738236,0.000000000,0.012738236,0.000000000,0.000000000,0.000000000,0.000000000,34.830920054,34.818181818,0.464371129,0.461146330,34,0.119298246,34.763588245,true,COMPLETE
1.0,OP_CONFIRM_EXACT95_LOW_CAPACITY_BOTH_PLUS,45f53fc3706fbd4413cadc5030b851fb533d4189450a73803837ccdf0a203f22,TASK3_OPERATIONAL_POOLED_V1,CAPACITY_BOTH_PLUS,LOCAL_WINDOW_HPP_EXACT95_LOW,4,300.000000000,334.214032222,293,254,0,27,0,12,39,293,0,0,0,0.000000000,0.000000000,0.000000000,0.000000000,0.000000000,0.000000000,0.000000000,0.000000000,0.000000000,34.818181818,34.818181818,0.478191118,0.474870347,39,0.133105802,34.214032222,true,COMPLETE
1.0,OP_CONFIRM_EXACT95_LOW_CAPACITY_BOTH_PLUS,45f53fc3706fbd4413cadc5030b851fb533d4189450a73803837ccdf0a203f22,TASK3_OPERATIONAL_POOLED_V1,CAPACITY_BOTH_PLUS,LOCAL_WINDOW_HPP_EXACT95_LOW,5,300.000000000,333.398993631,289,254,0,23,0,12,35,289,0,0,0,0.000000000,0.000000000,0.000000000,0.000000000,0.000000000,0.000000000,0.000000000,0.000000000,0.000000000,34.818181818,34.818181818,0.472815955,0.469532511,35,0.121107266,33.398993631,true,COMPLETE
1.0,OP_CONFIRM_EXACT95_LOW_CAPACITY_BOTH_PLUS,45f53fc3706fbd4413cadc5030b851fb533d4189450a73803837ccdf0a203f22,TASK3_OPERATIONAL_POOLED_V1,CAPACITY_BOTH_PLUS,LOCAL_WINDOW_HPP_EXACT95_LOW,6,300.000000000,334.503790859,310,286,0,15,0,9,24,310,0,0,0,0.000000000,0.000000000,0.000000000,0.000000000,0.000000000,0.000000000,0.000000000,0.000000000,0.000000000,34.818181818,34.818181818,0.505497736,0.501987335,24,0.077419355,34.503790859,true,COMPLETE
1.0,OP_CONFIRM_EXACT95_LOW_CAPACITY_BOTH_PLUS,45f53fc3706fbd4413cadc5030b851fb533d4189450a73803837ccdf0a203f22,TASK3_OPERATIONAL_POOLED_V1,CAPACITY_BOTH_PLUS,LOCAL_WINDOW_HPP_EXACT95_LOW,7,300.000000000,334.009467665,254,220,0,19,0,15,34,254,0,0,0,0.000000000,0.000000000,0.000000000,0.000000000,0.000000000,0.000000000,0.000000000,0.000000000,0.000000000,34.818181818,34.818181818,0.414794992,0.411914471,34,0.133858268,34.009467665,true,COMPLETE
1.0,OP_CONFIRM_EXACT95_LOW_CAPACITY_BOTH_PLUS,45f53fc3706fbd4413cadc5030b851fb533d4189450a73803837ccdf0a203f22,TASK3_OPERATIONAL_POOLED_V1,CAPACITY_BOTH_PLUS,LOCAL_WINDOW_HPP_EXACT95_LOW,8,300.000000000,334.204293046,279,242,0,26,0,11,37,279,0,0,0,0.000000000,0.000000000,0.000000000,0.000000000,0.000000000,0.000000000,0.000000000,0.000000000,0.000000000,34.818181818,34.818181818,0.455355665,0.452193473,37,0.132616487,34.204293046,true,COMPLETE
1.0,OP_CONFIRM_EXACT95_LOW_CAPACITY_BOTH_PLUS,45f53fc3706fbd4413cadc5030b851fb533d4189450a73803837ccdf0a203f22,TASK3_OPERATIONAL_POOLED_V1,CAPACITY_BOTH_PLUS,LOCAL_WINDOW_HPP_EXACT95_LOW,9,300.000000000,334.651209542,271,235,0,22,0,14,36,271,0,0,0,0.000000000,0.000000000,0.000000000,0.000000000,0.000000000,0.000000000,0.000000000,0.000000000,0.000000000,34.818181818,34.818181818,0.441708195,0.438640777,36,0.132841328,34.651209542,true,COMPLETE
1.0,OP_CONFIRM_EXACT95_LOW_CAPACITY_BOTH_PLUS,45f53fc3706fbd4413cadc5030b851fb533d4189450a73803837ccdf0a203f22,TASK3_OPERATIONAL_POOLED_V1,CAPACITY_BOTH_PLUS,LOCAL_WINDOW_HPP_EXACT95_LOW,10,300.000000000,333.986965101,321,285,0,22,0,14,36,321,0,0,0,0.000000000,0.000000000,0.000000000,0.000000000,0.000000000,0.000000000,0.000000000,0.000000000,0.000000000,34.818181818,34.818181818,0.524244738,0.520604150,36,0.112149533,33.986965101,true,COMPLETE
1.0,OP_CONFIRM_EXACT95_LOW_CAPACITY_BOTH_PLUS,45f53fc3706fbd4413cadc5030b851fb533d4189450a73803837ccdf0a203f22,TASK3_OPERATIONAL_POOLED_V1,CAPACITY_BOTH_PLUS,LOCAL_WINDOW_HPP_EXACT95_LOW,11,300.000000000,334.383425690,276,248,0,19,0,9,28,276,0,0,0,0.000000000,0.000000000,0.000000000,0.000000000,0.000000000,0.000000000,0.000000000,0.000000000,0.000000000,34.818181818,34.818181818,0.450218052,0.447091538,28,0.101449275,34.383425690,true,COMPLETE
1.0,OP_CONFIRM_EXACT95_LOW_CAPACITY_BOTH_PLUS,45f53fc3706fbd4413cadc5030b851fb533d4189450a73803837ccdf0a203f22,TASK3_OPERATIONAL_POOLED_V1,CAPACITY_BOTH_PLUS,LOCAL_WINDOW_HPP_EXACT95_LOW,12,300.000000000,333.765982090,299,251,0,33,0,15,48,299,0,0,0,0.000000000,0.000000000,0.000836558,0.000000000,0.000836558,0.000000000,0.000000000,0.000000000,0.000000000,34.819018376,34.818181818,0.488638501,0.485245178,48,0.160535117,33.765982090,true,COMPLETE
1.0,OP_CONFIRM_EXACT95_LOW_CAPACITY_BOTH_PLUS,45f53fc3706fbd4413cadc5030b851fb533d4189450a73803837ccdf0a203f22,TASK3_OPERATIONAL_POOLED_V1,CAPACITY_BOTH_PLUS,LOCAL_WINDOW_HPP_EXACT95_LOW,13,300.000000000,334.664495631,286,256,0,19,0,11,30,286,0,0,0,0.000000000,0.000000000,0.000000000,0.000000000,0.000000000,0.000000000,0.000000000,0.000000000,0.000000000,34.818181818,34.818181818,0.466138482,0.462901409,30,0.104895105,34.664495631,true,COMPLETE
1.0,OP_CONFIRM_EXACT95_LOW_CAPACITY_BOTH_PLUS,45f53fc3706fbd4413cadc5030b851fb533d4189450a73803837ccdf0a203f22,TASK3_OPERATIONAL_POOLED_V1,CAPACITY_BOTH_PLUS,LOCAL_WINDOW_HPP_EXACT95_LOW,14,300.000000000,334.504039286,264,224,0,27,0,13,40,264,0,0,0,0.000000000,0.000000000,0.000000000,0.000000000,0.000000000,0.000000000,0.000000000,0.000000000,0.000000000,34.818181818,34.818181818,0.430488075,0.427498575,40,0.151515152,34.504039286,true,COMPLETE
1.0,OP_CONFIRM_EXACT95_LOW_CAPACITY_BOTH_PLUS,45f53fc3706fbd4413cadc5030b851fb533d4189450a73803837ccdf0a203f22,TASK3_OPERATIONAL_POOLED_V1,CAPACITY_BOTH_PLUS,LOCAL_WINDOW_HPP_EXACT95_LOW,15,300.000000000,334.767924815,296,263,0,21,0,12,33,296,0,0,0,0.000000000,0.000000000,0.000000000,0.000000000,0.000000000,0.000000000,0.000000000,0.000000000,0.000000000,34.818181818,34.818181818,0.482287978,0.478938756,33,0.111486486,34.767924815,true,COMPLETE
1.0,OP_CONFIRM_EXACT95_LOW_CAPACITY_BOTH_PLUS,45f53fc3706fbd4413cadc5030b851fb533d4189450a73803837ccdf0a203f22,TASK3_OPERATIONAL_POOLED_V1,CAPACITY_BOTH_PLUS,LOCAL_WINDOW_HPP_EXACT95_LOW,16,300.000000000,334.431918804,278,244,0,26,0,8,34,278,0,0,0,0.000000000,0.000000000,0.000000000,0.000000000,0.000000000,0.000000000,0.000000000,0.000000000,0.000000000,34.818181818,34.818181818,0.453414746,0.450266033,34,0.122302158,34.431918804,true,COMPLETE
1.0,OP_CONFIRM_EXACT95_LOW_CAPACITY_BOTH_PLUS,45f53fc3706fbd4413cadc5030b851fb533d4189450a73803837ccdf0a203f22,TASK3_OPERATIONAL_POOLED_V1,CAPACITY_BOTH_PLUS,LOCAL_WINDOW_HPP_EXACT95_LOW,17,300.000000000,334.762375366,310,271,0,28,0,11,39,310,0,0,0,0.000000000,0.000000000,0.000118176,0.000000000,0.000118176,0.000000000,0.000000000,0.000000000,0.000000000,34.818299994,34.818181818,0.505107269,0.501599579,39,0.125806452,34.762375366,true,COMPLETE
1.0,OP_CONFIRM_EXACT95_LOW_CAPACITY_BOTH_PLUS,45f53fc3706fbd4413cadc5030b851fb533d4189450a73803837ccdf0a203f22,TASK3_OPERATIONAL_POOLED_V1,CAPACITY_BOTH_PLUS,LOCAL_WINDOW_HPP_EXACT95_LOW,18,300.000000000,333.369913239,298,259,0,20,0,19,39,298,0,0,0,0.000000000,0.000000000,0.000000000,0.000000000,0.000000000,0.000000000,0.000000000,0.000000000,0.000000000,34.818181818,34.818181818,0.487582856,0.484196864,39,0.130872483,33.369913239,true,COMPLETE
1.0,OP_CONFIRM_EXACT95_LOW_CAPACITY_BOTH_PLUS,45f53fc3706fbd4413cadc5030b851fb533d4189450a73803837ccdf0a203f22,TASK3_OPERATIONAL_POOLED_V1,CAPACITY_BOTH_PLUS,LOCAL_WINDOW_HPP_EXACT95_LOW,19,300.000000000,334.345704763,272,241,0,25,0,6,31,272,0,0,0,0.000000000,0.000000000,0.000000000,0.000000000,0.000000000,0.000000000,0.000000000,0.000000000,0.000000000,34.818181818,34.818181818,0.443743210,0.440661660,31,0.113970588,34.345704763,true,COMPLETE
1.0,OP_CONFIRM_EXACT95_LOW_CAPACITY_BOTH_PLUS,45f53fc3706fbd4413cadc5030b851fb533d4189450a73803837ccdf0a203f22,TASK3_OPERATIONAL_POOLED_V1,CAPACITY_BOTH_PLUS,LOCAL_WINDOW_HPP_EXACT95_LOW,20,300.000000000,333.059981036,280,252,0,16,0,12,28,280,0,0,0,0.000000000,0.000000000,0.000000000,0.000000000,0.000000000,0.000000000,0.000000000,0.000000000,0.000000000,34.818181818,34.818181818,0.458557862,0.455373432,28,0.100000000,33.059981036,true,COMPLETE
1.0,OP_CONFIRM_EXACT95_LOW_CAPACITY_BOTH_PLUS,45f53fc3706fbd4413cadc5030b851fb533d4189450a73803837ccdf0a203f22,TASK3_OPERATIONAL_POOLED_V1,CAPACITY_BOTH_PLUS,LOCAL_WINDOW_HPP_EXACT95_LOW,21,300.000000000,334.383882730,272,248,0,14,0,10,24,272,0,0,0,0.000000000,0.000000000,0.000000000,0.000000000,0.000000000,0.000000000,0.000000000,0.000000000,0.000000000,34.818181818,34.818181818,0.443692546,0.440611348,24,0.088235294,34.383882730,true,COMPLETE
1.0,OP_CONFIRM_EXACT95_LOW_CAPACITY_BOTH_PLUS,45f53fc3706fbd4413cadc5030b851fb533d4189450a73803837ccdf0a203f22,TASK3_OPERATIONAL_POOLED_V1,CAPACITY_BOTH_PLUS,LOCAL_WINDOW_HPP_EXACT95_LOW,22,300.000000000,334.375348407,312,265,0,34,0,13,47,312,0,0,0,0.000000000,0.000000000,0.001138530,0.000000000,0.001138530,0.000000000,0.000000000,0.000000000,0.000000000,34.819320348,34.818181818,0.508954440,0.505420034,47,0.150641026,34.375348407,true,COMPLETE
1.0,OP_CONFIRM_EXACT95_LOW_CAPACITY_BOTH_PLUS,45f53fc3706fbd4413cadc5030b851fb533d4189450a73803837ccdf0a203f22,TASK3_OPERATIONAL_POOLED_V1,CAPACITY_BOTH_PLUS,LOCAL_WINDOW_HPP_EXACT95_LOW,23,300.000000000,333.884950245,296,268,0,19,0,9,28,296,0,0,0,0.000000000,0.000000000,0.000000000,0.000000000,0.000000000,0.000000000,0.000000000,0.000000000,0.000000000,34.818181818,34.818181818,0.483563411,0.480205332,28,0.094594595,33.884950245,true,COMPLETE
1.0,OP_CONFIRM_EXACT95_LOW_CAPACITY_BOTH_PLUS,45f53fc3706fbd4413cadc5030b851fb533d4189450a73803837ccdf0a203f22,TASK3_OPERATIONAL_POOLED_V1,CAPACITY_BOTH_PLUS,LOCAL_WINDOW_HPP_EXACT95_LOW,24,300.000000000,334.544159448,299,253,0,30,0,16,46,299,0,0,0,0.000000000,0.000000000,0.000000000,0.000000000,0.000000000,0.000000000,0.000000000,0.000000000,0.000000000,34.818181818,34.818181818,0.487501887,0.484116457,46,0.153846154,34.544159448,true,COMPLETE
1.0,OP_CONFIRM_EXACT95_LOW_CAPACITY_BOTH_PLUS,45f53fc3706fbd4413cadc5030b851fb533d4189450a73803837ccdf0a203f22,TASK3_OPERATIONAL_POOLED_V1,CAPACITY_BOTH_PLUS,LOCAL_WINDOW_HPP_EXACT95_LOW,25,300.000000000,333.803665910,291,256,0,24,0,11,35,291,0,0,0,0.000000000,0.000000000,0.000000000,0.000000000,0.000000000,0.000000000,0.000000000,0.000000000,0.000000000,34.818181818,34.818181818,0.475510873,0.472208715,35,0.120274914,33.803665910,true,COMPLETE
1.0,OP_CONFIRM_EXACT95_LOW_CAPACITY_BOTH_PLUS,45f53fc3706fbd4413cadc5030b851fb533d4189450a73803837ccdf0a203f22,TASK3_OPERATIONAL_POOLED_V1,CAPACITY_BOTH_PLUS,LOCAL_WINDOW_HPP_EXACT95_LOW,26,300.000000000,334.692628558,273,240,0,20,0,13,33,273,0,0,0,0.000000000,0.000000000,0.000000000,0.000000000,0.000000000,0.000000000,0.000000000,0.000000000,0.000000000,34.818181818,34.818181818,0.444912969,0.441823295,33,0.120879121,34.692628558,true,COMPLETE
1.0,OP_CONFIRM_EXACT95_LOW_CAPACITY_BOTH_PLUS,45f53fc3706fbd4413cadc5030b851fb533d4189450a73803837ccdf0a203f22,TASK3_OPERATIONAL_POOLED_V1,CAPACITY_BOTH_PLUS,LOCAL_WINDOW_HPP_EXACT95_LOW,27,300.000000000,332.497741530,272,244,0,18,0,10,28,272,0,0,0,0.000000000,0.000000000,0.000000000,0.000000000,0.000000000,0.000000000,0.000000000,0.000000000,0.000000000,34.818181818,34.818181818,0.446209456,0.443110779,28,0.102941176,32.497741530,true,COMPLETE
1.0,OP_CONFIRM_EXACT95_LOW_CAPACITY_BOTH_PLUS,45f53fc3706fbd4413cadc5030b851fb533d4189450a73803837ccdf0a203f22,TASK3_OPERATIONAL_POOLED_V1,CAPACITY_BOTH_PLUS,LOCAL_WINDOW_HPP_EXACT95_LOW,28,300.000000000,334.557393197,258,233,0,16,0,9,25,258,0,0,0,0.000000000,0.000000000,0.000000000,0.000000000,0.000000000,0.000000000,0.000000000,0.000000000,0.000000000,34.818181818,34.818181818,0.420637163,0.417716072,25,0.096899225,34.557393197,true,COMPLETE
1.0,OP_CONFIRM_EXACT95_LOW_CAPACITY_BOTH_PLUS,45f53fc3706fbd4413cadc5030b851fb533d4189450a73803837ccdf0a203f22,TASK3_OPERATIONAL_POOLED_V1,CAPACITY_BOTH_PLUS,LOCAL_WINDOW_HPP_EXACT95_LOW,29,300.000000000,334.055309304,300,264,0,20,0,16,36,300,0,0,0,0.000000000,0.000000000,0.010135775,0.000000000,0.010135775,0.000000000,0.000000000,0.000000000,0.000000000,34.828317593,34.818181818,0.489848115,0.486446392,36,0.120000000,34.055309304,true,COMPLETE
1.0,OP_CONFIRM_EXACT95_LOW_CAPACITY_BOTH_PLUS,45f53fc3706fbd4413cadc5030b851fb533d4189450a73803837ccdf0a203f22,TASK3_OPERATIONAL_POOLED_V1,CAPACITY_BOTH_PLUS,LOCAL_WINDOW_HPP_EXACT95_LOW,30,300.000000000,333.547081962,267,232,0,27,0,8,35,267,0,0,0,0.000000000,0.000000000,0.000000000,0.000000000,0.000000000,0.000000000,0.000000000,0.000000000,0.000000000,34.818181818,34.818181818,0.436629104,0.433596958,35,0.131086142,33.547081962,true,COMPLETE
1.0,OP_CONFIRM_EXACT95_LOW_CAPACITY_BOTH_PLUS,45f53fc3706fbd4413cadc5030b851fb533d4189450a73803837ccdf0a203f22,TASK3_OPERATIONAL_POOLED_V1,CAPACITY_BOTH_PLUS,LOCAL_WINDOW_HPP_EXACT95_LOW,31,300.000000000,332.500307393,296,270,0,17,0,9,26,296,0,0,0,0.000000000,0.000000000,0.000000000,0.000000000,0.000000000,0.000000000,0.000000000,0.000000000,0.000000000,34.818181818,34.818181818,0.485577131,0.482205068,26,0.087837838,32.500307393,true,COMPLETE
1.0,OP_CONFIRM_EXACT95_LOW_CAPACITY_BOTH_PLUS,45f53fc3706fbd4413cadc5030b851fb533d4189450a73803837ccdf0a203f22,TASK3_OPERATIONAL_POOLED_V1,CAPACITY_BOTH_PLUS,LOCAL_WINDOW_HPP_EXACT95_LOW,32,300.000000000,333.258766840,288,245,0,29,0,14,43,288,0,0,0,0.000000000,0.000000000,0.000000000,0.000000000,0.000000000,0.000000000,0.000000000,0.000000000,0.000000000,34.818181818,34.818181818,0.471378174,0.468104715,43,0.149305556,33.258766840,true,COMPLETE
1.0,OP_CONFIRM_EXACT95_LOW_CAPACITY_BOTH_PLUS,45f53fc3706fbd4413cadc5030b851fb533d4189450a73803837ccdf0a203f22,TASK3_OPERATIONAL_POOLED_V1,CAPACITY_BOTH_PLUS,LOCAL_WINDOW_HPP_EXACT95_LOW,33,300.000000000,333.353517328,263,238,0,17,0,8,25,263,0,0,0,0.000000000,0.000000000,0.000000000,0.000000000,0.000000000,0.000000000,0.000000000,0.000000000,0.000000000,34.818181818,34.818181818,0.430337579,0.427349123,25,0.095057034,33.353517328,true,COMPLETE
1.0,OP_CONFIRM_EXACT95_LOW_CAPACITY_BOTH_PLUS,45f53fc3706fbd4413cadc5030b851fb533d4189450a73803837ccdf0a203f22,TASK3_OPERATIONAL_POOLED_V1,CAPACITY_BOTH_PLUS,LOCAL_WINDOW_HPP_EXACT95_LOW,34,300.000000000,333.918653247,282,249,0,15,0,18,33,282,0,0,0,0.000000000,0.000000000,0.000000000,0.000000000,0.000000000,0.000000000,0.000000000,0.000000000,0.000000000,34.818181818,34.818181818,0.460645670,0.457446742,33,0.117021277,33.918653247,true,COMPLETE
1.0,OP_CONFIRM_EXACT95_LOW_CAPACITY_BOTH_PLUS,45f53fc3706fbd4413cadc5030b851fb533d4189450a73803837ccdf0a203f22,TASK3_OPERATIONAL_POOLED_V1,CAPACITY_BOTH_PLUS,LOCAL_WINDOW_HPP_EXACT95_LOW,35,300.000000000,334.031797309,280,251,0,18,0,11,29,280,0,0,0,0.000000000,0.000000000,0.000000000,0.000000000,0.000000000,0.000000000,0.000000000,0.000000000,0.000000000,34.818181818,34.818181818,0.457223755,0.454048590,29,0.103571429,34.031797309,true,COMPLETE
1.0,OP_CONFIRM_EXACT95_LOW_CAPACITY_BOTH_PLUS,45f53fc3706fbd4413cadc5030b851fb533d4189450a73803837ccdf0a203f22,TASK3_OPERATIONAL_POOLED_V1,CAPACITY_BOTH_PLUS,LOCAL_WINDOW_HPP_EXACT95_LOW,36,300.000000000,334.046219248,272,235,0,21,0,16,37,272,0,0,0,0.000000000,0.000000000,0.000000000,0.000000000,0.000000000,0.000000000,0.000000000,0.000000000,0.000000000,34.818181818,34.818181818,0.444141043,0.441056731,37,0.136029412,34.046219248,true,COMPLETE
1.0,OP_CONFIRM_EXACT95_LOW_CAPACITY_BOTH_PLUS,45f53fc3706fbd4413cadc5030b851fb533d4189450a73803837ccdf0a203f22,TASK3_OPERATIONAL_POOLED_V1,CAPACITY_BOTH_PLUS,LOCAL_WINDOW_HPP_EXACT95_LOW,37,300.000000000,334.078766339,266,237,0,16,0,13,29,266,0,0,0,0.000000000,0.000000000,0.000000000,0.000000000,0.000000000,0.000000000,0.000000000,0.000000000,0.000000000,34.818181818,34.818181818,0.434301499,0.431285517,29,0.109022556,34.078766339,true,COMPLETE
1.0,OP_CONFIRM_EXACT95_LOW_CAPACITY_BOTH_PLUS,45f53fc3706fbd4413cadc5030b851fb533d4189450a73803837ccdf0a203f22,TASK3_OPERATIONAL_POOLED_V1,CAPACITY_BOTH_PLUS,LOCAL_WINDOW_HPP_EXACT95_LOW,38,300.000000000,333.973818889,341,302,0,23,0,16,39,341,0,0,0,0.000000000,0.000000000,0.000000000,0.000000000,0.000000000,0.000000000,0.000000000,0.000000000,0.000000000,34.818181818,34.818181818,0.556929883,0.553062315,39,0.114369501,33.973818889,true,COMPLETE
1.0,OP_CONFIRM_EXACT95_LOW_CAPACITY_BOTH_PLUS,45f53fc3706fbd4413cadc5030b851fb533d4189450a73803837ccdf0a203f22,TASK3_OPERATIONAL_POOLED_V1,CAPACITY_BOTH_PLUS,LOCAL_WINDOW_HPP_EXACT95_LOW,39,300.000000000,333.227369168,256,218,0,24,0,14,38,256,0,0,0,0.000000000,0.000000000,0.000000000,0.000000000,0.000000000,0.000000000,0.000000000,0.000000000,0.000000000,34.818181818,34.818181818,0.419042301,0.416132285,38,0.148437500,33.227369168,true,COMPLETE
1.0,OP_CONFIRM_EXACT95_LOW_CAPACITY_BOTH_PLUS,45f53fc3706fbd4413cadc5030b851fb533d4189450a73803837ccdf0a203f22,TASK3_OPERATIONAL_POOLED_V1,CAPACITY_BOTH_PLUS,LOCAL_WINDOW_HPP_EXACT95_LOW,40,300.000000000,334.470914622,276,253,0,13,0,10,23,276,0,0,0,0.000000000,0.000000000,0.000000000,0.000000000,0.000000000,0.000000000,0.000000000,0.000000000,0.000000000,34.818181818,34.818181818,0.450100287,0.446974590,23,0.083333333,34.470914622,true,COMPLETE
1.0,OP_CONFIRM_EXACT95_LOW_CAPACITY_BOTH_PLUS,45f53fc3706fbd4413cadc5030b851fb533d4189450a73803837ccdf0a203f22,TASK3_OPERATIONAL_POOLED_V1,CAPACITY_BOTH_PLUS,LOCAL_WINDOW_HPP_EXACT95_LOW,41,300.000000000,334.039386969,305,267,0,22,0,16,38,305,0,0,0,0.000000000,0.000000000,0.000000000,0.000000000,0.000000000,0.000000000,0.000000000,0.000000000,0.000000000,34.818181818,34.818181818,0.498035989,0.494577405,38,0.124590164,34.039386969,true,COMPLETE
1.0,OP_CONFIRM_EXACT95_LOW_CAPACITY_BOTH_PLUS,45f53fc3706fbd4413cadc5030b851fb533d4189450a73803837ccdf0a203f22,TASK3_OPERATIONAL_POOLED_V1,CAPACITY_BOTH_PLUS,LOCAL_WINDOW_HPP_EXACT95_LOW,42,300.000000000,334.117691289,298,260,0,25,0,13,38,298,0,0,0,0.000000000,0.000000000,0.000000000,0.000000000,0.000000000,0.000000000,0.000000000,0.000000000,0.000000000,34.818181818,34.818181818,0.486491613,0.483113199,38,0.127516779,34.117691289,true,COMPLETE
1.0,OP_CONFIRM_EXACT95_LOW_CAPACITY_BOTH_PLUS,45f53fc3706fbd4413cadc5030b851fb533d4189450a73803837ccdf0a203f22,TASK3_OPERATIONAL_POOLED_V1,CAPACITY_BOTH_PLUS,LOCAL_WINDOW_HPP_EXACT95_LOW,43,300.000000000,334.595220486,274,248,0,20,0,6,26,274,0,0,0,0.000000000,0.000000000,0.000000000,0.000000000,0.000000000,0.000000000,0.000000000,0.000000000,0.000000000,34.818181818,34.818181818,0.446672685,0.443570791,26,0.094890511,34.595220486,true,COMPLETE
1.0,OP_CONFIRM_EXACT95_LOW_CAPACITY_BOTH_PLUS,45f53fc3706fbd4413cadc5030b851fb533d4189450a73803837ccdf0a203f22,TASK3_OPERATIONAL_POOLED_V1,CAPACITY_BOTH_PLUS,LOCAL_WINDOW_HPP_EXACT95_LOW,44,300.000000000,333.612131684,288,252,0,19,0,17,36,288,0,0,0,0.000000000,0.000000000,0.000000000,0.000000000,0.000000000,0.000000000,0.000000000,0.000000000,0.000000000,34.818181818,34.818181818,0.470878886,0.467608894,36,0.125000000,33.612131684,true,COMPLETE
1.0,OP_CONFIRM_EXACT95_LOW_CAPACITY_BOTH_PLUS,45f53fc3706fbd4413cadc5030b851fb533d4189450a73803837ccdf0a203f22,TASK3_OPERATIONAL_POOLED_V1,CAPACITY_BOTH_PLUS,LOCAL_WINDOW_HPP_EXACT95_LOW,45,300.000000000,332.705388082,294,252,0,27,0,15,42,294,0,0,0,0.000000000,0.000000000,0.000000000,0.000000000,0.000000000,0.000000000,0.000000000,0.000000000,0.000000000,34.818181818,34.818181818,0.481998916,0.478651701,42,0.142857143,32.705388082,true,COMPLETE
1.0,OP_CONFIRM_EXACT95_LOW_CAPACITY_BOTH_PLUS,45f53fc3706fbd4413cadc5030b851fb533d4189450a73803837ccdf0a203f22,TASK3_OPERATIONAL_POOLED_V1,CAPACITY_BOTH_PLUS,LOCAL_WINDOW_HPP_EXACT95_LOW,46,300.000000000,334.547763371,296,252,0,26,0,18,44,296,0,0,0,0.000000000,0.000000000,0.003693882,0.000000000,0.003693882,0.000000000,0.000000000,0.000000000,0.000000000,34.821875700,34.818181818,0.482605365,0.479253939,44,0.148648649,34.547763371,true,COMPLETE
1.0,OP_CONFIRM_EXACT95_LOW_CAPACITY_BOTH_PLUS,45f53fc3706fbd4413cadc5030b851fb533d4189450a73803837ccdf0a203f22,TASK3_OPERATIONAL_POOLED_V1,CAPACITY_BOTH_PLUS,LOCAL_WINDOW_HPP_EXACT95_LOW,47,300.000000000,329.184016045,265,230,0,13,0,22,35,265,0,0,0,0.000000000,0.000000000,0.000000000,0.000000000,0.000000000,0.000000000,0.000000000,0.000000000,0.000000000,34.818181818,34.818181818,0.439102288,0.436052966,35,0.132075472,29.184016045,true,COMPLETE
1.0,OP_CONFIRM_EXACT95_LOW_CAPACITY_BOTH_PLUS,45f53fc3706fbd4413cadc5030b851fb533d4189450a73803837ccdf0a203f22,TASK3_OPERATIONAL_POOLED_V1,CAPACITY_BOTH_PLUS,LOCAL_WINDOW_HPP_EXACT95_LOW,48,300.000000000,334.462782154,296,264,0,14,0,18,32,296,0,0,0,0.000000000,0.000000000,0.000000000,0.000000000,0.000000000,0.000000000,0.000000000,0.000000000,0.000000000,34.818181818,34.818181818,0.482727987,0.479375709,32,0.108108108,34.462782154,true,COMPLETE
1.0,OP_CONFIRM_EXACT95_LOW_CAPACITY_BOTH_PLUS,45f53fc3706fbd4413cadc5030b851fb533d4189450a73803837ccdf0a203f22,TASK3_OPERATIONAL_POOLED_V1,CAPACITY_BOTH_PLUS,LOCAL_WINDOW_HPP_EXACT95_LOW,49,300.000000000,330.242669127,247,233,0,11,0,3,14,247,0,0,0,0.000000000,0.000000000,0.000000000,0.000000000,0.000000000,0.000000000,0.000000000,0.000000000,0.000000000,34.818181818,34.818181818,0.407964462,0.405131375,14,0.056680162,30.242669127,true,COMPLETE
1.0,OP_CONFIRM_EXACT95_LOW_CAPACITY_BOTH_PLUS,45f53fc3706fbd4413cadc5030b851fb533d4189450a73803837ccdf0a203f22,TASK3_OPERATIONAL_POOLED_V1,CAPACITY_BOTH_PLUS,LOCAL_WINDOW_HPP_EXACT95_LOW,50,300.000000000,334.204179571,295,266,0,17,0,12,29,295,0,0,0,0.000000000,0.000000000,0.000000000,0.000000000,0.000000000,0.000000000,0.000000000,0.000000000,0.000000000,34.818181818,34.818181818,0.481469415,0.478125878,29,0.098305085,34.204179571,true,COMPLETE
1.0,OP_CONFIRM_MLE_BASE_CAPACITY_IMMIGRATION_PLUS_3,52e5a50942acb0714e5eb93930edb571a9de4facb82099f63da0ea7457690a70,TASK3_OPERATIONAL_POOLED_V1,CAPACITY_IMMIGRATION_PLUS_3,LOCAL_WINDOW_HPP_BASE,1,300.000000000,334.701527801,396,354,0,24,0,18,42,396,0,0,0,0.057488243,0.190262896,0.087254926,0.000000000,0.144743169,1.351029328,0.000000000,0.000000000,0.000000000,34.962924987,36.169211146,0.717056781,0.640869498,42,0.106060606,34.701527801,true,COMPLETE
1.0,OP_CONFIRM_MLE_BASE_CAPACITY_IMMIGRATION_PLUS_3,52e5a50942acb0714e5eb93930edb571a9de4facb82099f63da0ea7457690a70,TASK3_OPERATIONAL_POOLED_V1,CAPACITY_IMMIGRATION_PLUS_3,LOCAL_WINDOW_HPP_BASE,2,300.000000000,339.958195860,442,377,8,36,0,21,65,442,0,0,0,0.365808343,2.433340877,0.069948635,0.581048815,0.435756978,2.503637658,0.000000000,0.000000000,0.000000000,35.253938796,37.321819476,0.787975672,0.704253257,65,0.147058824,39.958195860,true,COMPLETE
1.0,OP_CONFIRM_MLE_BASE_CAPACITY_IMMIGRATION_PLUS_3,52e5a50942acb0714e5eb93930edb571a9de4facb82099f63da0ea7457690a70,TASK3_OPERATIONAL_POOLED_V1,CAPACITY_IMMIGRATION_PLUS_3,LOCAL_WINDOW_HPP_BASE,3,300.000000000,334.760392420,393,350,0,29,0,14,43,393,0,0,0,0.084898731,0.481609869,0.030248108,0.000000000,0.115146838,0.966016844,0.000000000,0.000000000,0.000000000,34.933328656,35.784198662,0.711499399,0.635902588,43,0.109414758,34.760392420,true,COMPLETE
1.0,OP_CONFIRM_MLE_BASE_CAPACITY_IMMIGRATION_PLUS_3,52e5a50942acb0714e5eb93930edb571a9de4facb82099f63da0ea7457690a70,TASK3_OPERATIONAL_POOLED_V1,CAPACITY_IMMIGRATION_PLUS_3,LOCAL_WINDOW_HPP_BASE,4,300.000000000,334.249482782,410,356,0,35,0,19,54,410,0,0,0,0.031298571,0.000000000,0.001961738,0.000000000,0.033260308,0.017150084,0.000000000,0.000000000,0.000000000,34.851442126,34.835331902,0.743411318,0.664423865,54,0.131707317,34.249482782,true,COMPLETE
1.0,OP_CONFIRM_MLE_BASE_CAPACITY_IMMIGRATION_PLUS_3,52e5a50942acb0714e5eb93930edb571a9de4facb82099f63da0ea7457690a70,TASK3_OPERATIONAL_POOLED_V1,CAPACITY_IMMIGRATION_PLUS_3,LOCAL_WINDOW_HPP_BASE,5,300.000000000,333.557018640,388,356,0,18,0,14,32,388,0,0,0,0.098018246,0.858015621,0.004569011,0.000000000,0.102587257,0.877965860,0.000000000,0.000000000,0.000000000,34.920769075,35.696147678,0.704981463,0.630077183,32,0.082474227,33.557018640,true,COMPLETE
1.0,OP_CONFIRM_MLE_BASE_CAPACITY_IMMIGRATION_PLUS_3,52e5a50942acb0714e5eb93930edb571a9de4facb82099f63da0ea7457690a70,TASK3_OPERATIONAL_POOLED_V1,CAPACITY_IMMIGRATION_PLUS_3,LOCAL_WINDOW_HPP_BASE,6,300.000000000,332.888594650,419,368,0,33,0,18,51,419,0,0,0,0.101817006,0.855258499,0.014415514,0.000000000,0.116232520,0.985675111,0.000000000,0.000000000,0.000000000,34.934414338,35.803856929,0.762835970,0.681784648,51,0.121718377,32.888594650,true,COMPLETE
1.0,OP_CONFIRM_MLE_BASE_CAPACITY_IMMIGRATION_PLUS_3,52e5a50942acb0714e5eb93930edb571a9de4facb82099f63da0ea7457690a70,TASK3_OPERATIONAL_POOLED_V1,CAPACITY_IMMIGRATION_PLUS_3,LOCAL_WINDOW_HPP_BASE,7,300.000000000,334.565064641,408,352,0,33,0,23,56,408,0,0,0,0.161438120,1.333000691,0.019117137,0.000000000,0.180555257,1.350036946,0.000000000,0.000000000,0.000000000,34.998737075,36.168218764,0.739087112,0.660559106,56,0.137254902,34.565064641,true,COMPLETE
1.0,OP_CONFIRM_MLE_BASE_CAPACITY_IMMIGRATION_PLUS_3,52e5a50942acb0714e5eb93930edb571a9de4facb82099f63da0ea7457690a70,TASK3_OPERATIONAL_POOLED_V1,CAPACITY_IMMIGRATION_PLUS_3,LOCAL_WINDOW_HPP_BASE,8,300.000000000,333.652413957,442,400,0,21,0,21,42,442,0,0,0,1.042778706,5.258285645,0.241719627,2.094128554,1.284498333,5.731162897,0.000000000,0.000000000,0.000000000,36.102680151,40.549344715,0.802867825,0.717563119,42,0.095022624,33.652413957,true,COMPLETE
1.0,OP_CONFIRM_MLE_BASE_CAPACITY_IMMIGRATION_PLUS_3,52e5a50942acb0714e5eb93930edb571a9de4facb82099f63da0ea7457690a70,TASK3_OPERATIONAL_POOLED_V1,CAPACITY_IMMIGRATION_PLUS_3,LOCAL_WINDOW_HPP_BASE,9,300.000000000,333.857083782,395,343,0,33,0,19,52,395,0,0,0,0.337787869,2.427248770,0.067498740,0.173567883,0.405286610,2.901622581,0.000000000,0.000000000,0.000000000,35.223468428,37.719804399,0.717055144,0.640868035,52,0.131645570,33.857083782,true,COMPLETE
1.0,OP_CONFIRM_MLE_BASE_CAPACITY_IMMIGRATION_PLUS_3,52e5a50942acb0714e5eb93930edb571a9de4facb82099f63da0ea7457690a70,TASK3_OPERATIONAL_POOLED_V1,CAPACITY_IMMIGRATION_PLUS_3,LOCAL_WINDOW_HPP_BASE,10,300.000000000,334.733050789,394,344,0,31,0,19,50,394,0,0,0,0.063241865,0.165118014,0.018629370,0.000000000,0.081871235,0.358501777,0.000000000,0.000000000,0.000000000,34.900053053,35.176683595,0.713368095,0.637572735,50,0.126903553,34.733050789,true,COMPLETE
1.0,OP_CONFIRM_MLE_BASE_CAPACITY_IMMIGRATION_PLUS_3,52e5a50942acb0714e5eb93930edb571a9de4facb82099f63da0ea7457690a70,TASK3_OPERATIONAL_POOLED_V1,CAPACITY_IMMIGRATION_PLUS_3,LOCAL_WINDOW_HPP_BASE,11,300.000000000,334.795505588,409,367,0,18,0,24,42,409,0,0,0,0.288482419,2.482026498,0.089915414,0.739212612,0.378397834,2.606899925,0.000000000,0.000000000,0.000000000,35.196579652,37.425081743,0.740388636,0.661722344,42,0.102689487,34.795505588,true,COMPLETE
1.0,OP_CONFIRM_MLE_BASE_CAPACITY_IMMIGRATION_PLUS_3,52e5a50942acb0714e5eb93930edb571a9de4facb82099f63da0ea7457690a70,TASK3_OPERATIONAL_POOLED_V1,CAPACITY_IMMIGRATION_PLUS_3,LOCAL_WINDOW_HPP_BASE,12,300.000000000,334.673639871,423,371,0,28,0,24,52,423,0,0,0,0.429529951,3.594318012,0.010726366,0.000000000,0.440256317,3.594318012,0.000000000,0.000000000,0.000000000,35.258438135,38.412499830,0.766010841,0.684622189,52,0.122931442,34.673639871,true,COMPLETE
1.0,OP_CONFIRM_MLE_BASE_CAPACITY_IMMIGRATION_PLUS_3,52e5a50942acb0714e5eb93930edb571a9de4facb82099f63da0ea7457690a70,TASK3_OPERATIONAL_POOLED_V1,CAPACITY_IMMIGRATION_PLUS_3,LOCAL_WINDOW_HPP_BASE,13,300.000000000,334.623415863,455,400,0,32,0,23,55,455,0,0,0,4.913418186,15.311140781,0.399728863,3.185995900,5.313147048,15.705818286,0.000000000,0.000000000,0.000000000,40.131328866,50.524000104,0.824083321,0.736524468,55,0.120879121,34.623415863,true,COMPLETE
1.0,OP_CONFIRM_MLE_BASE_CAPACITY_IMMIGRATION_PLUS_3,52e5a50942acb0714e5eb93930edb571a9de4facb82099f63da0ea7457690a70,TASK3_OPERATIONAL_POOLED_V1,CAPACITY_IMMIGRATION_PLUS_3,LOCAL_WINDOW_HPP_BASE,14,300.000000000,333.719484820,374,343,0,17,0,14,31,374,0,0,0,0.105689980,0.485602555,0.082657683,0.480060827,0.188347663,1.637836299,0.000000000,0.000000000,0.000000000,35.006529481,36.456018117,0.679213162,0.607046764,31,0.082887701,33.719484820,true,COMPLETE
1.0,OP_CONFIRM_MLE_BASE_CAPACITY_IMMIGRATION_PLUS_3,52e5a50942acb0714e5eb93930edb571a9de4facb82099f63da0ea7457690a70,TASK3_OPERATIONAL_POOLED_V1,CAPACITY_IMMIGRATION_PLUS_3,LOCAL_WINDOW_HPP_BASE,15,300.000000000,333.864251907,386,347,0,29,0,10,39,386,0,0,0,0.167013951,1.783448807,0.000000000,0.000000000,0.167013951,1.783448807,0.000000000,0.000000000,0.000000000,34.985195769,36.601630625,0.700702134,0.626252533,39,0.101036269,33.864251907,true,COMPLETE
1.0,OP_CONFIRM_MLE_BASE_CAPACITY_IMMIGRATION_PLUS_3,52e5a50942acb0714e5eb93930edb571a9de4facb82099f63da0ea7457690a70,TASK3_OPERATIONAL_POOLED_V1,CAPACITY_IMMIGRATION_PLUS_3,LOCAL_WINDOW_HPP_BASE,16,300.000000000,335.460291688,401,343,1,36,0,21,58,401,0,0,0,0.085959710,0.815556016,0.009017156,0.000000000,0.094976866,0.847112819,0.000000000,0.000000000,0.000000000,34.913158684,35.665294637,0.724468168,0.647493425,58,0.144638404,35.460291688,true,COMPLETE
1.0,OP_CONFIRM_MLE_BASE_CAPACITY_IMMIGRATION_PLUS_3,52e5a50942acb0714e5eb93930edb571a9de4facb82099f63da0ea7457690a70,TASK3_OPERATIONAL_POOLED_V1,CAPACITY_IMMIGRATION_PLUS_3,LOCAL_WINDOW_HPP_BASE,17,300.000000000,334.256800365,429,377,0,35,0,17,52,429,0,0,0,0.630204668,4.648105409,0.033789918,0.064855100,0.663994586,4.648105409,0.000000000,0.000000000,0.000000000,35.482176404,39.466287227,0.777845057,0.695199020,52,0.121212121,34.256800365,true,COMPLETE
1.0,OP_CONFIRM_MLE_BASE_CAPACITY_IMMIGRATION_PLUS_3,52e5a50942acb0714e5eb93930edb571a9de4facb82099f63da0ea7457690a70,TASK3_OPERATIONAL_POOLED_V1,CAPACITY_IMMIGRATION_PLUS_3,LOCAL_WINDOW_HPP_BASE,18,300.000000000,334.189920297,419,371,0,31,0,17,48,419,0,0,0,0.336319219,3.064540122,0.021635532,0.000000000,0.357954751,3.128929670,0.000000000,0.000000000,0.000000000,35.176136569,37.947111488,0.759865509,0.679129799,48,0.114558473,34.189920297,true,COMPLETE
1.0,OP_CONFIRM_MLE_BASE_CAPACITY_IMMIGRATION_PLUS_3,52e5a50942acb0714e5eb93930edb571a9de4facb82099f63da0ea7457690a70,TASK3_OPERATIONAL_POOLED_V1,CAPACITY_IMMIGRATION_PLUS_3,LOCAL_WINDOW_HPP_BASE,19,300.000000000,336.959889132,445,385,3,36,0,21,60,445,0,0,0,0.154371984,1.066559726,0.035088965,0.295402555,0.189460949,1.116320411,0.000000000,0.000000000,0.000000000,35.007642767,35.934502229,0.800383008,0.715342314,60,0.134831461,36.959889132,true,COMPLETE
1.0,OP_CONFIRM_MLE_BASE_CAPACITY_IMMIGRATION_PLUS_3,52e5a50942acb0714e5eb93930edb571a9de4facb82099f63da0ea7457690a70,TASK3_OPERATIONAL_POOLED_V1,CAPACITY_IMMIGRATION_PLUS_3,LOCAL_WINDOW_HPP_BASE,20,300.000000000,333.821416391,418,373,0,29,0,16,45,418,0,0,0,0.231818304,2.136083862,0.021121319,0.000000000,0.252939624,2.136083862,0.000000000,0.000000000,0.000000000,35.071121442,36.954265680,0.758888798,0.678256863,45,0.107655502,33.821416391,true,COMPLETE
1.0,OP_CONFIRM_MLE_BASE_CAPACITY_IMMIGRATION_PLUS_3,52e5a50942acb0714e5eb93930edb571a9de4facb82099f63da0ea7457690a70,TASK3_OPERATIONAL_POOLED_V1,CAPACITY_IMMIGRATION_PLUS_3,LOCAL_WINDOW_HPP_BASE,21,300.000000000,336.562959899,417,364,3,36,0,14,53,417,0,0,0,0.767110510,4.499269471,0.101700922,1.189120075,0.868811432,4.499269471,0.000000000,0.000000000,0.000000000,35.686993250,39.317451289,0.750906377,0.671122574,53,0.127098321,36.562959899,true,COMPLETE
1.0,OP_CONFIRM_MLE_BASE_CAPACITY_IMMIGRATION_PLUS_3,52e5a50942acb0714e5eb93930edb571a9de4facb82099f63da0ea7457690a70,TASK3_OPERATIONAL_POOLED_V1,CAPACITY_IMMIGRATION_PLUS_3,LOCAL_WINDOW_HPP_BASE,22,300.000000000,334.412573287,410,364,0,26,0,20,46,410,0,0,0,0.140851409,0.927556248,0.058224144,0.000000000,0.199075553,1.608191308,0.000000000,0.000000000,0.000000000,35.017257371,36.426373126,0.743048762,0.664099831,46,0.112195122,34.412573287,true,COMPLETE
1.0,OP_CONFIRM_MLE_BASE_CAPACITY_IMMIGRATION_PLUS_3,52e5a50942acb0714e5eb93930edb571a9de4facb82099f63da0ea7457690a70,TASK3_OPERATIONAL_POOLED_V1,CAPACITY_IMMIGRATION_PLUS_3,LOCAL_WINDOW_HPP_BASE,23,300.000000000,334.747190250,439,396,0,23,0,20,43,439,0,0,0,0.506416382,3.407615906,0.050022478,0.216406227,0.556438860,3.407615906,0.000000000,0.000000000,0.000000000,35.374620678,38.225797724,0.794810573,0.710361950,43,0.097949886,34.747190250,true,COMPLETE
1.0,OP_CONFIRM_MLE_BASE_CAPACITY_IMMIGRATION_PLUS_3,52e5a50942acb0714e5eb93930edb571a9de4facb82099f63da0ea7457690a70,TASK3_OPERATIONAL_POOLED_V1,CAPACITY_IMMIGRATION_PLUS_3,LOCAL_WINDOW_HPP_BASE,24,300.000000000,336.677769896,412,354,2,36,0,20,58,412,0,0,0,0.086121886,0.884047014,0.096763717,0.186508513,0.182885603,1.252030606,0.000000000,0.000000000,0.000000000,35.001067421,36.070212424,0.741649708,0.662849426,58,0.140776699,36.677769896,true,COMPLETE
1.0,OP_CONFIRM_MLE_BASE_CAPACITY_IMMIGRATION_PLUS_3,52e5a50942acb0714e5eb93930edb571a9de4facb82099f63da0ea7457690a70,TASK3_OPERATIONAL_POOLED_V1,CAPACITY_IMMIGRATION_PLUS_3,LOCAL_WINDOW_HPP_BASE,25,300.000000000,337.316344856,424,366,3,36,0,19,58,424,0,0,0,0.246661377,1.872722035,0.042569452,0.000000000,0.289230829,2.267117381,0.000000000,0.000000000,0.000000000,35.107412647,37.085299199,0.761806242,0.680864329,58,0.136792453,37.316344856,true,COMPLETE
1.0,OP_CONFIRM_MLE_BASE_CAPACITY_IMMIGRATION_PLUS_3,52e5a50942acb0714e5eb93930edb571a9de4facb82099f63da0ea7457690a70,TASK3_OPERATIONAL_POOLED_V1,CAPACITY_IMMIGRATION_PLUS_3,LOCAL_WINDOW_HPP_BASE,26,300.000000000,334.010066237,419,371,0,26,0,22,48,419,0,0,0,0.412170644,2.721603685,0.057689239,0.469152272,0.469859883,2.721603685,0.000000000,0.000000000,0.000000000,35.288041701,37.539785503,0.760274673,0.679495489,48,0.114558473,34.010066237,true,COMPLETE
1.0,OP_CONFIRM_MLE_BASE_CAPACITY_IMMIGRATION_PLUS_3,52e5a50942acb0714e5eb93930edb571a9de4facb82099f63da0ea7457690a70,TASK3_OPERATIONAL_POOLED_V1,CAPACITY_IMMIGRATION_PLUS_3,LOCAL_WINDOW_HPP_BASE,27,300.000000000,334.337744233,410,356,0,35,0,19,54,410,0,0,0,0.138510288,1.212038067,0.014438123,0.000000000,0.152948412,1.312688474,0.000000000,0.000000000,0.000000000,34.971130230,36.130870292,0.743215066,0.664248465,54,0.131707317,34.337744233,true,COMPLETE
1.0,OP_CONFIRM_MLE_BASE_CAPACITY_IMMIGRATION_PLUS_3,52e5a50942acb0714e5eb93930edb571a9de4facb82099f63da0ea7457690a70,TASK3_OPERATIONAL_POOLED_V1,CAPACITY_IMMIGRATION_PLUS_3,LOCAL_WINDOW_HPP_BASE,28,300.000000000,333.299670118,392,340,0,30,0,22,52,392,0,0,0,0.136576794,0.924675318,0.050916568,0.153935665,0.187493361,1.337446042,0.000000000,0.000000000,0.000000000,35.005675179,36.155627860,0.712799258,0.637064337,52,0.132653061,33.299670118,true,COMPLETE
1.0,OP_CONFIRM_MLE_BASE_CAPACITY_IMMIGRATION_PLUS_3,52e5a50942acb0714e5eb93930edb571a9de4facb82099f63da0ea7457690a70,TASK3_OPERATIONAL_POOLED_V1,CAPACITY_IMMIGRATION_PLUS_3,LOCAL_WINDOW_HPP_BASE,29,300.000000000,333.984371011,424,376,0,35,0,13,48,424,0,0,0,0.213736905,1.355665930,0.108822094,0.745979874,0.322558999,2.151417714,0.000000000,0.000000000,0.000000000,35.140740817,36.969599532,0.769406353,0.687656928,48,0.113207547,33.984371011,true,COMPLETE
1.0,OP_CONFIRM_MLE_BASE_CAPACITY_IMMIGRATION_PLUS_3,52e5a50942acb0714e5eb93930edb571a9de4facb82099f63da0ea7457690a70,TASK3_OPERATIONAL_POOLED_V1,CAPACITY_IMMIGRATION_PLUS_3,LOCAL_WINDOW_HPP_BASE,30,300.000000000,335.078795213,408,351,1,36,0,20,57,408,0,0,0,0.241386823,2.158309030,0.034337588,0.000000000,0.275724410,2.241671414,0.000000000,0.000000000,0.000000000,35.093906228,37.059853232,0.737953970,0.659546361,57,0.139705882,35.078795213,true,COMPLETE
1.0,OP_CONFIRM_MLE_BASE_CAPACITY_IMMIGRATION_PLUS_3,52e5a50942acb0714e5eb93930edb571a9de4facb82099f63da0ea7457690a70,TASK3_OPERATIONAL_POOLED_V1,CAPACITY_IMMIGRATION_PLUS_3,LOCAL_WINDOW_HPP_BASE,31,300.000000000,333.251299775,425,370,0,35,0,20,55,425,0,0,0,0.706755577,5.500617391,0.041162429,0.233653132,0.747918006,5.617562925,0.000000000,0.000000000,0.000000000,35.566099824,40.435744743,0.772917488,0.690795005,55,0.129411765,33.251299775,true,COMPLETE
1.0,OP_CONFIRM_MLE_BASE_CAPACITY_IMMIGRATION_PLUS_3,52e5a50942acb0714e5eb93930edb571a9de4facb82099f63da0ea7457690a70,TASK3_OPERATIONAL_POOLED_V1,CAPACITY_IMMIGRATION_PLUS_3,LOCAL_WINDOW_HPP_BASE,32,300.000000000,334.634792933,395,342,0,29,0,24,53,395,0,0,0,0.092584783,0.736922897,0.023343795,0.000000000,0.115928578,1.042713759,0.000000000,0.000000000,0.000000000,34.934110396,35.860895577,0.715388670,0.639378624,53,0.134177215,34.634792933,true,COMPLETE
1.0,OP_CONFIRM_MLE_BASE_CAPACITY_IMMIGRATION_PLUS_3,52e5a50942acb0714e5eb93930edb571a9de4facb82099f63da0ea7457690a70,TASK3_OPERATIONAL_POOLED_V1,CAPACITY_IMMIGRATION_PLUS_3,LOCAL_WINDOW_HPP_BASE,33,300.000000000,333.891069489,428,384,0,28,0,16,44,428,0,0,0,0.252568882,1.747668934,0.020329850,0.000000000,0.272898732,1.863551438,0.000000000,0.000000000,0.000000000,35.091080550,36.681733256,0.776881933,0.694338227,44,0.102803738,33.891069489,true,COMPLETE
1.0,OP_CONFIRM_MLE_BASE_CAPACITY_IMMIGRATION_PLUS_3,52e5a50942acb0714e5eb93930edb571a9de4facb82099f63da0ea7457690a70,TASK3_OPERATIONAL_POOLED_V1,CAPACITY_IMMIGRATION_PLUS_3,LOCAL_WINDOW_HPP_BASE,34,300.000000000,335.894067862,426,365,5,36,0,20,61,426,0,0,0,0.293635486,2.795498228,0.027357894,0.000000000,0.320993379,2.795498228,0.000000000,0.000000000,0.000000000,35.139175197,37.613680046,0.768640601,0.686972537,61,0.143192488,35.894067862,true,COMPLETE
1.0,OP_CONFIRM_MLE_BASE_CAPACITY_IMMIGRATION_PLUS_3,52e5a50942acb0714e5eb93930edb571a9de4facb82099f63da0ea7457690a70,TASK3_OPERATIONAL_POOLED_V1,CAPACITY_IMMIGRATION_PLUS_3,LOCAL_WINDOW_HPP_BASE,35,300.000000000,340.749930647,451,382,14,36,0,19,69,451,0,0,0,0.714420340,4.388955314,0.103500958,1.070321916,0.817921297,4.925143928,0.000000000,0.000000000,0.000000000,35.636103115,39.743325746,0.802152279,0.716923599,69,0.152993348,40.749930647,true,COMPLETE
1.0,OP_CONFIRM_MLE_BASE_CAPACITY_IMMIGRATION_PLUS_3,52e5a50942acb0714e5eb93930edb571a9de4facb82099f63da0ea7457690a70,TASK3_OPERATIONAL_POOLED_V1,CAPACITY_IMMIGRATION_PLUS_3,LOCAL_WINDOW_HPP_BASE,36,300.000000000,334.446006975,414,369,0,32,0,13,45,414,0,0,0,0.019958639,0.000000000,0.025348380,0.000000000,0.045307019,0.231966568,0.000000000,0.000000000,0.000000000,34.863488837,35.050148386,0.750223013,0.670511818,45,0.108695652,34.446006975,true,COMPLETE
1.0,OP_CONFIRM_MLE_BASE_CAPACITY_IMMIGRATION_PLUS_3,52e5a50942acb0714e5eb93930edb571a9de4facb82099f63da0ea7457690a70,TASK3_OPERATIONAL_POOLED_V1,CAPACITY_IMMIGRATION_PLUS_3,LOCAL_WINDOW_HPP_BASE,37,300.000000000,334.323681021,408,354,0,31,0,23,54,408,0,0,0,0.224417226,1.819087687,0.054359388,0.521541803,0.278776614,1.941192054,0.000000000,0.000000000,0.000000000,35.096958432,36.759373872,0.739620737,0.661036033,54,0.132352941,34.323681021,true,COMPLETE
1.0,OP_CONFIRM_MLE_BASE_CAPACITY_IMMIGRATION_PLUS_3,52e5a50942acb0714e5eb93930edb571a9de4facb82099f63da0ea7457690a70,TASK3_OPERATIONAL_POOLED_V1,CAPACITY_IMMIGRATION_PLUS_3,LOCAL_WINDOW_HPP_BASE,38,300.000000000,334.203534405,406,362,0,23,0,21,44,406,0,0,0,0.038421401,0.000106175,0.008505305,0.000000000,0.046926706,0.025351247,0.000000000,0.000000000,0.000000000,34.865108524,34.843533065,0.736259736,0.658032139,44,0.108374384,34.203534405,true,COMPLETE
1.0,OP_CONFIRM_MLE_BASE_CAPACITY_IMMIGRATION_PLUS_3,52e5a50942acb0714e5eb93930edb571a9de4facb82099f63da0ea7457690a70,TASK3_OPERATIONAL_POOLED_V1,CAPACITY_IMMIGRATION_PLUS_3,LOCAL_WINDOW_HPP_BASE,39,300.000000000,339.395443696,388,323,6,36,0,23,65,388,0,0,0,0.304203842,2.636532528,0.107564445,0.605510168,0.411768287,3.295031646,0.000000000,0.000000000,0.000000000,35.229950105,38.113213464,0.692854072,0.619238327,65,0.167525773,39.395443696,true,COMPLETE
1.0,OP_CONFIRM_MLE_BASE_CAPACITY_IMMIGRATION_PLUS_3,52e5a50942acb0714e5eb93930edb571a9de4facb82099f63da0ea7457690a70,TASK3_OPERATIONAL_POOLED_V1,CAPACITY_IMMIGRATION_PLUS_3,LOCAL_WINDOW_HPP_BASE,40,300.000000000,334.796158439,399,345,0,32,0,22,54,399,0,0,0,0.185522511,0.000000000,0.048592955,0.000000000,0.234115466,1.954615319,0.000000000,0.000000000,0.000000000,35.052297284,36.772797137,0.722284816,0.645542055,54,0.135338346,34.796158439,true,COMPLETE
1.0,OP_CONFIRM_MLE_BASE_CAPACITY_IMMIGRATION_PLUS_3,52e5a50942acb0714e5eb93930edb571a9de4facb82099f63da0ea7457690a70,TASK3_OPERATIONAL_POOLED_V1,CAPACITY_IMMIGRATION_PLUS_3,LOCAL_WINDOW_HPP_BASE,41,300.000000000,334.367218497,416,371,0,27,0,18,45,416,0,0,0,0.256580394,1.992863908,0.017642145,0.000000000,0.274222540,2.078273006,0.000000000,0.000000000,0.000000000,35.092404358,36.896454824,0.754024911,0.673909764,45,0.108173077,34.367218497,true,COMPLETE
1.0,OP_CONFIRM_MLE_BASE_CAPACITY_IMMIGRATION_PLUS_3,52e5a50942acb0714e5eb93930edb571a9de4facb82099f63da0ea7457690a70,TASK3_OPERATIONAL_POOLED_V1,CAPACITY_IMMIGRATION_PLUS_3,LOCAL_WINDOW_HPP_BASE,42,300.000000000,334.308413002,403,355,0,27,0,21,48,403,0,0,0,0.704166854,4.879852137,0.052938705,0.351095718,0.757105559,5.022758609,0.000000000,0.000000000,0.000000000,35.575287377,39.840940427,0.730590122,0.652964922,48,0.119106700,34.308413002,true,COMPLETE
1.0,OP_CONFIRM_MLE_BASE_CAPACITY_IMMIGRATION_PLUS_3,52e5a50942acb0714e5eb93930edb571a9de4facb82099f63da0ea7457690a70,TASK3_OPERATIONAL_POOLED_V1,CAPACITY_IMMIGRATION_PLUS_3,LOCAL_WINDOW_HPP_BASE,43,300.000000000,334.691888900,407,353,0,30,0,24,54,407,0,0,0,0.443681966,3.034400344,0.007858703,0.000000000,0.451540668,3.099105915,0.000000000,0.000000000,0.000000000,35.269722486,37.917287733,0.736996249,0.658690397,54,0.132678133,34.691888900,true,COMPLETE
1.0,OP_CONFIRM_MLE_BASE_CAPACITY_IMMIGRATION_PLUS_3,52e5a50942acb0714e5eb93930edb571a9de4facb82099f63da0ea7457690a70,TASK3_OPERATIONAL_POOLED_V1,CAPACITY_IMMIGRATION_PLUS_3,LOCAL_WINDOW_HPP_BASE,44,300.000000000,333.476554778,366,324,0,31,0,11,42,366,0,0,0,0.000000000,0.000000000,0.000707701,0.000000000,0.000707701,0.000000000,0.000000000,0.000000000,0.000000000,34.818889519,34.818181818,0.665168746,0.594494567,42,0.114754098,33.476554778,true,COMPLETE
1.0,OP_CONFIRM_MLE_BASE_CAPACITY_IMMIGRATION_PLUS_3,52e5a50942acb0714e5eb93930edb571a9de4facb82099f63da0ea7457690a70,TASK3_OPERATIONAL_POOLED_V1,CAPACITY_IMMIGRATION_PLUS_3,LOCAL_WINDOW_HPP_BASE,45,300.000000000,333.751947751,399,349,0,28,0,22,50,399,0,0,0,0.105258593,0.463305091,0.004801037,0.000000000,0.110059629,0.789516345,0.000000000,0.000000000,0.000000000,34.928241447,35.607698163,0.724544631,0.647561764,50,0.125313283,33.751947751,true,COMPLETE
1.0,OP_CONFIRM_MLE_BASE_CAPACITY_IMMIGRATION_PLUS_3,52e5a50942acb0714e5eb93930edb571a9de4facb82099f63da0ea7457690a70,TASK3_OPERATIONAL_POOLED_V1,CAPACITY_IMMIGRATION_PLUS_3,LOCAL_WINDOW_HPP_BASE,46,300.000000000,333.492083683,452,396,0,29,3,24,56,452,0,0,0,0.962802658,5.151774543,0.166178282,1.627232692,1.128980940,5.205841957,0.000000000,0.000000000,0.000000000,35.947162758,40.024023775,0.821426976,0.734150360,56,0.123893805,33.492083683,true,COMPLETE
1.0,OP_CONFIRM_MLE_BASE_CAPACITY_IMMIGRATION_PLUS_3,52e5a50942acb0714e5eb93930edb571a9de4facb82099f63da0ea7457690a70,TASK3_OPERATIONAL_POOLED_V1,CAPACITY_IMMIGRATION_PLUS_3,LOCAL_WINDOW_HPP_BASE,47,300.000000000,334.574566537,385,347,0,24,0,14,38,385,0,0,0,0.006965283,0.000000000,0.009127983,0.000000000,0.016093266,0.000000000,0.000000000,0.000000000,0.000000000,34.834275084,34.818181818,0.697403080,0.623304003,38,0.098701299,34.574566537,true,COMPLETE
1.0,OP_CONFIRM_MLE_BASE_CAPACITY_IMMIGRATION_PLUS_3,52e5a50942acb0714e5eb93930edb571a9de4facb82099f63da0ea7457690a70,TASK3_OPERATIONAL_POOLED_V1,CAPACITY_IMMIGRATION_PLUS_3,LOCAL_WINDOW_HPP_BASE,48,300.000000000,334.182435039,416,364,0,31,0,21,52,416,0,0,0,0.806591890,5.519534372,0.150004929,1.711877222,0.956596819,5.562786609,0.000000000,0.000000000,0.000000000,35.774778637,40.380968427,0.754441843,0.674282397,52,0.125000000,34.182435039,true,COMPLETE
1.0,OP_CONFIRM_MLE_BASE_CAPACITY_IMMIGRATION_PLUS_3,52e5a50942acb0714e5eb93930edb571a9de4facb82099f63da0ea7457690a70,TASK3_OPERATIONAL_POOLED_V1,CAPACITY_IMMIGRATION_PLUS_3,LOCAL_WINDOW_HPP_BASE,49,300.000000000,332.907357814,423,375,0,27,0,21,48,423,0,0,0,0.485690711,3.429093407,0.064613380,0.190045269,0.550304090,3.429093407,0.000000000,0.000000000,0.000000000,35.368485908,38.247275225,0.770075008,0.688254539,48,0.113475177,32.907357814,true,COMPLETE
1.0,OP_CONFIRM_MLE_BASE_CAPACITY_IMMIGRATION_PLUS_3,52e5a50942acb0714e5eb93930edb571a9de4facb82099f63da0ea7457690a70,TASK3_OPERATIONAL_POOLED_V1,CAPACITY_IMMIGRATION_PLUS_3,LOCAL_WINDOW_HPP_BASE,50,300.000000000,334.347157797,414,363,0,29,0,22,51,414,0,0,0,0.304832146,2.494612443,0.115439241,1.083407002,0.420271387,2.911810641,0.000000000,0.000000000,0.000000000,35.238453205,37.729992459,0.750444815,0.670710053,51,0.123188406,34.347157797,true,COMPLETE
1.0,OP_CONFIRM_EXACT95_HIGH_CAPACITY_IMMIGRATION_PLUS_3,a60e5a4329e682c893b5dc0c2f697a051c839ed5a4bd9949951a26ad3245d023,TASK3_OPERATIONAL_POOLED_V1,CAPACITY_IMMIGRATION_PLUS_3,LOCAL_WINDOW_HPP_EXACT95_HIGH,1,300.000000000,385.347527368,564,422,84,36,0,22,142,564,0,0,0,25.148823269,47.773035370,0.317886765,1.931699618,25.466710034,47.773035370,0.000000000,0.000000000,0.000000000,60.284891852,82.591217188,0.887038731,0.792790866,142,0.251773050,85.347527368,true,COMPLETE
1.0,OP_CONFIRM_EXACT95_HIGH_CAPACITY_IMMIGRATION_PLUS_3,a60e5a4329e682c893b5dc0c2f697a051c839ed5a4bd9949951a26ad3245d023,TASK3_OPERATIONAL_POOLED_V1,CAPACITY_IMMIGRATION_PLUS_3,LOCAL_WINDOW_HPP_EXACT95_HIGH,2,300.000000000,392.072345122,593,438,94,36,1,24,155,593,0,0,0,29.775737016,59.425971598,0.200545788,1.738386305,29.976282804,59.558875075,0.000000000,0.000000000,0.000000000,64.794464622,94.377056893,0.916652102,0.819257816,155,0.261382799,92.072345122,true,COMPLETE
1.0,OP_CONFIRM_EXACT95_HIGH_CAPACITY_IMMIGRATION_PLUS_3,a60e5a4329e682c893b5dc0c2f697a051c839ed5a4bd9949951a26ad3245d023,TASK3_OPERATIONAL_POOLED_V1,CAPACITY_IMMIGRATION_PLUS_3,LOCAL_WINDOW_HPP_EXACT95_HIGH,3,300.000000000,408.178434692,617,442,113,36,2,24,175,617,0,0,0,28.216695750,67.132764008,1.160269697,3.994593879,29.376965447,67.589471714,0.000000000,0.000000000,0.000000000,64.195147265,102.407653532,0.916117468,0.818779987,175,0.283630470,108.178434692,true,COMPLETE
1.0,OP_CONFIRM_EXACT95_HIGH_CAPACITY_IMMIGRATION_PLUS_3,a60e5a4329e682c893b5dc0c2f697a051c839ed5a4bd9949951a26ad3245d023,TASK3_OPERATIONAL_POOLED_V1,CAPACITY_IMMIGRATION_PLUS_3,LOCAL_WINDOW_HPP_EXACT95_HIGH,4,300.000000000,370.857334054,562,438,58,36,6,24,124,562,0,0,0,16.276378176,33.602322788,1.191729168,4.545781057,17.468107344,34.224095492,0.000000000,0.000000000,0.000000000,52.286289162,69.042277310,0.918428812,0.820845750,124,0.220640569,70.857334054,true,COMPLETE
1.0,OP_CONFIRM_EXACT95_HIGH_CAPACITY_IMMIGRATION_PLUS_3,a60e5a4329e682c893b5dc0c2f697a051c839ed5a4bd9949951a26ad3245d023,TASK3_OPERATIONAL_POOLED_V1,CAPACITY_IMMIGRATION_PLUS_3,LOCAL_WINDOW_HPP_EXACT95_HIGH,5,300.000000000,392.948958342,591,437,94,36,0,24,154,591,0,0,0,26.218468140,54.369752983,0.348767182,2.466751332,26.567235322,54.806666669,0.000000000,0.000000000,0.000000000,61.385417140,89.624848487,0.911522503,0.814673237,154,0.260575296,92.948958342,true,COMPLETE
1.0,OP_CONFIRM_EXACT95_HIGH_CAPACITY_IMMIGRATION_PLUS_3,a60e5a4329e682c893b5dc0c2f697a051c839ed5a4bd9949951a26ad3245d023,TASK3_OPERATIONAL_POOLED_V1,CAPACITY_IMMIGRATION_PLUS_3,LOCAL_WINDOW_HPP_EXACT95_HIGH,6,300.000000000,379.847023497,571,437,73,36,1,24,134,571,0,0,0,20.831649187,41.283741585,0.675777663,4.132944169,21.507426849,42.068462002,0.000000000,0.000000000,0.000000000,56.325608667,76.886643820,0.911052568,0.814253232,134,0.234676007,79.847023497,true,COMPLETE
1.0,OP_CONFIRM_EXACT95_HIGH_CAPACITY_IMMIGRATION_PLUS_3,a60e5a4329e682c893b5dc0c2f697a051c839ed5a4bd9949951a26ad3245d023,TASK3_OPERATIONAL_POOLED_V1,CAPACITY_IMMIGRATION_PLUS_3,LOCAL_WINDOW_HPP_EXACT95_HIGH,7,300.000000000,382.031376546,574,437,70,36,7,24,137,574,0,0,0,19.806608625,42.284548510,1.103080642,4.789382544,20.909689267,42.788472735,0.000000000,0.000000000,0.000000000,55.727871085,77.606654553,0.910602660,0.813851128,137,0.238675958,82.031376546,true,COMPLETE
1.0,OP_CONFIRM_EXACT95_HIGH_CAPACITY_IMMIGRATION_PLUS_3,a60e5a4329e682c893b5dc0c2f697a051c839ed5a4bd9949951a26ad3245d023,TASK3_OPERATIONAL_POOLED_V1,CAPACITY_IMMIGRATION_PLUS_3,LOCAL_WINDOW_HPP_EXACT95_HIGH,8,300.000000000,371.785934263,559,439,56,36,4,24,120,559,0,0,0,19.677689595,38.017263967,0.580520569,2.837358991,20.258210163,38.017263967,0.000000000,0.000000000,0.000000000,55.076391981,72.835445785,0.911244476,0.814424750,120,0.214669052,71.785934263,true,COMPLETE
1.0,OP_CONFIRM_EXACT95_HIGH_CAPACITY_IMMIGRATION_PLUS_3,a60e5a4329e682c893b5dc0c2f697a051c839ed5a4bd9949951a26ad3245d023,TASK3_OPERATIONAL_POOLED_V1,CAPACITY_IMMIGRATION_PLUS_3,LOCAL_WINDOW_HPP_EXACT95_HIGH,9,300.000000000,406.558893978,612,436,117,36,0,23,176,612,0,0,0,30.373261916,67.466457373,0.240935392,1.434371546,30.614197307,67.573977351,0.000000000,0.000000000,0.000000000,65.432379125,102.392159169,0.912313312,0.815380022,176,0.287581699,106.558893978,true,COMPLETE
1.0,OP_CONFIRM_EXACT95_HIGH_CAPACITY_IMMIGRATION_PLUS_3,a60e5a4329e682c893b5dc0c2f697a051c839ed5a4bd9949951a26ad3245d023,TASK3_OPERATIONAL_POOLED_V1,CAPACITY_IMMIGRATION_PLUS_3,LOCAL_WINDOW_HPP_EXACT95_HIGH,10,300.000000000,368.726827244,560,444,56,36,0,24,116,560,0,0,0,21.160038596,36.425575287,3.452143124,9.120690859,24.612181720,36.492923805,0.000000000,0.000000000,0.000000000,59.430363538,71.311105623,0.920448186,0.822650567,116,0.207142857,68.726827244,true,COMPLETE
1.0,OP_CONFIRM_EXACT95_HIGH_CAPACITY_IMMIGRATION_PLUS_3,a60e5a4329e682c893b5dc0c2f697a051c839ed5a4bd9949951a26ad3245d023,TASK3_OPERATIONAL_POOLED_V1,CAPACITY_IMMIGRATION_PLUS_3,LOCAL_WINDOW_HPP_EXACT95_HIGH,11,300.000000000,356.046815296,534,438,30,36,6,24,96,534,0,0,0,16.533073249,26.287529058,1.060951097,3.709597131,17.594024347,26.514295877,0.000000000,0.000000000,0.000000000,52.412206165,61.332477695,0.908971376,0.812393167,96,0.179775281,56.046815296,true,COMPLETE
1.0,OP_CONFIRM_EXACT95_HIGH_CAPACITY_IMMIGRATION_PLUS_3,a60e5a4329e682c893b5dc0c2f697a051c839ed5a4bd9949951a26ad3245d023,TASK3_OPERATIONAL_POOLED_V1,CAPACITY_IMMIGRATION_PLUS_3,LOCAL_WINDOW_HPP_EXACT95_HIGH,12,300.000000000,384.930914312,577,439,76,36,2,24,138,577,0,0,0,28.191799398,46.780632166,0.541764838,2.603365269,28.733564236,47.517691250,0.000000000,0.000000000,0.000000000,63.551746054,82.335873068,0.908466836,0.811942234,138,0.239168111,84.930914312,true,COMPLETE
1.0,OP_CONFIRM_EXACT95_HIGH_CAPACITY_IMMIGRATION_PLUS_3,a60e5a4329e682c893b5dc0c2f697a051c839ed5a4bd9949951a26ad3245d023,TASK3_OPERATIONAL_POOLED_V1,CAPACITY_IMMIGRATION_PLUS_3,LOCAL_WINDOW_HPP_EXACT95_HIGH,13,300.000000000,397.439215277,594,435,104,36,0,19,159,594,0,0,0,29.242925259,58.939100622,0.087750850,0.503784593,29.330676108,59.335164619,0.000000000,0.000000000,0.000000000,64.148857926,94.153346437,0.905798890,0.809557758,159,0.267676768,97.439215277,true,COMPLETE
1.0,OP_CONFIRM_EXACT95_HIGH_CAPACITY_IMMIGRATION_PLUS_3,a60e5a4329e682c893b5dc0c2f697a051c839ed5a4bd9949951a26ad3245d023,TASK3_OPERATIONAL_POOLED_V1,CAPACITY_IMMIGRATION_PLUS_3,LOCAL_WINDOW_HPP_EXACT95_HIGH,14,300.000000000,385.647175091,577,434,83,36,0,24,143,577,0,0,0,19.780675836,44.985938130,0.011020119,0.018169743,19.791695955,44.985938130,0.000000000,0.000000000,0.000000000,54.609877773,79.804119948,0.906779544,0.810434218,143,0.247833622,85.647175091,true,COMPLETE
1.0,OP_CONFIRM_EXACT95_HIGH_CAPACITY_IMMIGRATION_PLUS_3,a60e5a4329e682c893b5dc0c2f697a051c839ed5a4bd9949951a26ad3245d023,TASK3_OPERATIONAL_POOLED_V1,CAPACITY_IMMIGRATION_PLUS_3,LOCAL_WINDOW_HPP_EXACT95_HIGH,15,300.000000000,398.869045626,604,439,104,36,1,24,165,604,0,0,0,34.231105955,63.578879024,0.541681269,2.547685300,34.772787224,63.929242695,0.000000000,0.000000000,0.000000000,69.590969042,98.747424513,0.917746338,0.820235790,165,0.273178808,98.869045626,true,COMPLETE
1.0,OP_CONFIRM_EXACT95_HIGH_CAPACITY_IMMIGRATION_PLUS_3,a60e5a4329e682c893b5dc0c2f697a051c839ed5a4bd9949951a26ad3245d023,TASK3_OPERATIONAL_POOLED_V1,CAPACITY_IMMIGRATION_PLUS_3,LOCAL_WINDOW_HPP_EXACT95_HIGH,16,300.000000000,371.136810738,549,433,56,36,0,24,116,549,0,0,0,14.514458183,33.780705237,0.157341320,1.296250613,14.671799503,33.978520572,0.000000000,0.000000000,0.000000000,49.489981321,68.796702390,0.896508412,0.801254393,116,0.211293260,71.136810738,true,COMPLETE
1.0,OP_CONFIRM_EXACT95_HIGH_CAPACITY_IMMIGRATION_PLUS_3,a60e5a4329e682c893b5dc0c2f697a051c839ed5a4bd9949951a26ad3245d023,TASK3_OPERATIONAL_POOLED_V1,CAPACITY_IMMIGRATION_PLUS_3,LOCAL_WINDOW_HPP_EXACT95_HIGH,17,300.000000000,367.813326661,550,438,57,36,0,19,112,550,0,0,0,18.136867675,33.854964739,0.091528856,1.056156745,18.228396531,33.854964739,0.000000000,0.000000000,0.000000000,53.046578349,68.673146557,0.906256813,0.809967027,112,0.203636364,67.813326661,true,COMPLETE
1.0,OP_CONFIRM_EXACT95_HIGH_CAPACITY_IMMIGRATION_PLUS_3,a60e5a4329e682c893b5dc0c2f697a051c839ed5a4bd9949951a26ad3245d023,TASK3_OPERATIONAL_POOLED_V1,CAPACITY_IMMIGRATION_PLUS_3,LOCAL_WINDOW_HPP_EXACT95_HIGH,18,300.000000000,396.272341599,598,436,100,36,2,24,162,598,0,0,0,22.492959277,55.591150814,0.399399240,2.316077433,22.892358516,55.665427753,0.000000000,0.000000000,0.000000000,57.710540334,90.483609571,0.914583746,0.817409223,162,0.270903010,96.272341599,true,COMPLETE
1.0,OP_CONFIRM_EXACT95_HIGH_CAPACITY_IMMIGRATION_PLUS_3,a60e5a4329e682c893b5dc0c2f697a051c839ed5a4bd9949951a26ad3245d023,TASK3_OPERATIONAL_POOLED_V1,CAPACITY_IMMIGRATION_PLUS_3,LOCAL_WINDOW_HPP_EXACT95_HIGH,19,300.000000000,368.478512889,550,435,57,36,0,22,115,550,0,0,0,13.922475604,30.631665826,0.057100751,0.506131415,13.979576355,30.631665826,0.000000000,0.000000000,0.000000000,48.797758173,65.449847644,0.904620817,0.808504855,115,0.209090909,68.478512889,true,COMPLETE
1.0,OP_CONFIRM_EXACT95_HIGH_CAPACITY_IMMIGRATION_PLUS_3,a60e5a4329e682c893b5dc0c2f697a051c839ed5a4bd9949951a26ad3245d023,TASK3_OPERATIONAL_POOLED_V1,CAPACITY_IMMIGRATION_PLUS_3,LOCAL_WINDOW_HPP_EXACT95_HIGH,20,300.000000000,389.433203399,581,433,91,36,0,21,148,581,0,0,0,17.143556805,48.342921974,0.008376446,0.000000000,17.151933252,48.342921974,0.000000000,0.000000000,0.000000000,51.970115070,83.161103792,0.904188983,0.808118904,148,0.254733219,89.433203399,true,COMPLETE
1.0,OP_CONFIRM_EXACT95_HIGH_CAPACITY_IMMIGRATION_PLUS_3,a60e5a4329e682c893b5dc0c2f697a051c839ed5a4bd9949951a26ad3245d023,TASK3_OPERATIONAL_POOLED_V1,CAPACITY_IMMIGRATION_PLUS_3,LOCAL_WINDOW_HPP_EXACT95_HIGH,21,300.000000000,369.568469791,556,437,60,36,0,23,119,556,0,0,0,14.636835979,32.628675690,0.077298778,0.482056276,14.714134757,32.737129073,0.000000000,0.000000000,0.000000000,49.532316575,67.555310891,0.911792332,0.814914397,119,0.214028777,69.568469791,true,COMPLETE
1.0,OP_CONFIRM_EXACT95_HIGH_CAPACITY_IMMIGRATION_PLUS_3,a60e5a4329e682c893b5dc0c2f697a051c839ed5a4bd9949951a26ad3245d023,TASK3_OPERATIONAL_POOLED_V1,CAPACITY_IMMIGRATION_PLUS_3,LOCAL_WINDOW_HPP_EXACT95_HIGH,22,300.000000000,360.651033437,537,436,40,36,1,24,101,537,0,0,0,14.141394632,27.554968843,0.515567898,2.286076788,14.656962530,27.746293186,0.000000000,0.000000000,0.000000000,49.475144348,62.564475004,0.902408465,0.806527566,101,0.188081937,60.651033437,true,COMPLETE
1.0,OP_CONFIRM_EXACT95_HIGH_CAPACITY_IMMIGRATION_PLUS_3,a60e5a4329e682c893b5dc0c2f697a051c839ed5a4bd9949951a26ad3245d023,TASK3_OPERATIONAL_POOLED_V1,CAPACITY_IMMIGRATION_PLUS_3,LOCAL_WINDOW_HPP_EXACT95_HIGH,23,300.000000000,383.973564967,576,435,84,36,0,21,141,576,0,0,0,19.003746089,48.270247160,0.000000000,0.000000000,19.003746089,48.270247160,0.000000000,0.000000000,0.000000000,53.821927907,83.088428978,0.909153496,0.812555937,141,0.244791667,83.973564967,true,COMPLETE
1.0,OP_CONFIRM_EXACT95_HIGH_CAPACITY_IMMIGRATION_PLUS_3,a60e5a4329e682c893b5dc0c2f697a051c839ed5a4bd9949951a26ad3245d023,TASK3_OPERATIONAL_POOLED_V1,CAPACITY_IMMIGRATION_PLUS_3,LOCAL_WINDOW_HPP_EXACT95_HIGH,24,300.000000000,376.540981746,565,437,63,36,5,24,128,565,0,0,0,22.047656678,38.688978234,0.713871397,2.777097045,22.761528075,38.826898479,0.000000000,0.000000000,0.000000000,57.579709893,73.645080297,0.909394353,0.812771203,128,0.226548673,76.540981746,true,COMPLETE
1.0,OP_CONFIRM_EXACT95_HIGH_CAPACITY_IMMIGRATION_PLUS_3,a60e5a4329e682c893b5dc0c2f697a051c839ed5a4bd9949951a26ad3245d023,TASK3_OPERATIONAL_POOLED_V1,CAPACITY_IMMIGRATION_PLUS_3,LOCAL_WINDOW_HPP_EXACT95_HIGH,25,300.000000000,354.952533318,530,438,33,36,0,23,92,530,0,0,0,11.116612909,19.845088128,0.168209378,1.438062673,11.284822288,20.128345849,0.000000000,0.000000000,0.000000000,46.103004106,54.946527667,0.904943876,0.808793589,92,0.173584906,54.952533318,true,COMPLETE
1.0,OP_CONFIRM_EXACT95_HIGH_CAPACITY_IMMIGRATION_PLUS_3,a60e5a4329e682c893b5dc0c2f697a051c839ed5a4bd9949951a26ad3245d023,TASK3_OPERATIONAL_POOLED_V1,CAPACITY_IMMIGRATION_PLUS_3,LOCAL_WINDOW_HPP_EXACT95_HIGH,26,300.000000000,388.030790130,582,434,78,36,10,24,148,582,0,0,0,29.897855587,48.226053245,1.736497421,6.510277317,31.634353008,48.850261146,0.000000000,0.000000000,0.000000000,66.452534826,83.668442964,0.909018773,0.812435528,148,0.254295533,88.030790130,true,COMPLETE
1.0,OP_CONFIRM_EXACT95_HIGH_CAPACITY_IMMIGRATION_PLUS_3,a60e5a4329e682c893b5dc0c2f697a051c839ed5a4bd9949951a26ad3245d023,TASK3_OPERATIONAL_POOLED_V1,CAPACITY_IMMIGRATION_PLUS_3,LOCAL_WINDOW_HPP_EXACT95_HIGH,27,300.000000000,377.146143347,563,437,70,36,0,20,126,563,0,0,0,23.440629108,38.257837990,0.042311708,0.704639595,23.482940816,38.257837990,0.000000000,0.000000000,0.000000000,58.301122634,73.076019808,0.904721226,0.808594596,126,0.223801066,77.146143347,true,COMPLETE
1.0,OP_CONFIRM_EXACT95_HIGH_CAPACITY_IMMIGRATION_PLUS_3,a60e5a4329e682c893b5dc0c2f697a051c839ed5a4bd9949951a26ad3245d023,TASK3_OPERATIONAL_POOLED_V1,CAPACITY_IMMIGRATION_PLUS_3,LOCAL_WINDOW_HPP_EXACT95_HIGH,28,300.000000000,385.387141389,575,432,83,36,0,24,143,575,0,0,0,19.055605835,46.826662342,0.011855698,0.025209617,19.067461533,46.851871959,0.000000000,0.000000000,0.000000000,53.885643351,81.670053777,0.904246175,0.808170019,143,0.248695652,85.387141389,true,COMPLETE
1.0,OP_CONFIRM_EXACT95_HIGH_CAPACITY_IMMIGRATION_PLUS_3,a60e5a4329e682c893b5dc0c2f697a051c839ed5a4bd9949951a26ad3245d023,TASK3_OPERATIONAL_POOLED_V1,CAPACITY_IMMIGRATION_PLUS_3,LOCAL_WINDOW_HPP_EXACT95_HIGH,29,300.000000000,344.849284071,513,435,20,36,0,22,78,513,0,0,0,9.931339773,18.807702503,0.025851479,0.000000000,9.957191252,18.807702503,0.000000000,0.000000000,0.000000000,44.775373070,53.625884321,0.901579633,0.805786797,78,0.152046784,44.849284071,true,COMPLETE
1.0,OP_CONFIRM_EXACT95_HIGH_CAPACITY_IMMIGRATION_PLUS_3,a60e5a4329e682c893b5dc0c2f697a051c839ed5a4bd9949951a26ad3245d023,TASK3_OPERATIONAL_POOLED_V1,CAPACITY_IMMIGRATION_PLUS_3,LOCAL_WINDOW_HPP_EXACT95_HIGH,30,300.000000000,393.686829130,591,439,99,36,0,17,152,591,0,0,0,25.169175519,56.175753095,0.232552573,2.673208124,25.401728092,56.337474046,0.000000000,0.000000000,0.000000000,60.219909910,91.155655864,0.909814075,0.813146329,152,0.257191201,93.686829130,true,COMPLETE
1.0,OP_CONFIRM_EXACT95_HIGH_CAPACITY_IMMIGRATION_PLUS_3,a60e5a4329e682c893b5dc0c2f697a051c839ed5a4bd9949951a26ad3245d023,TASK3_OPERATIONAL_POOLED_V1,CAPACITY_IMMIGRATION_PLUS_3,LOCAL_WINDOW_HPP_EXACT95_HIGH,31,300.000000000,400.772843104,606,436,105,36,5,24,170,606,0,0,0,33.180871213,62.005610953,0.865000995,3.652758049,34.045872208,62.495117902,0.000000000,0.000000000,0.000000000,68.864054026,97.313299720,0.916411213,0.819042522,170,0.280528053,100.772843104,true,COMPLETE
1.0,OP_CONFIRM_EXACT95_HIGH_CAPACITY_IMMIGRATION_PLUS_3,a60e5a4329e682c893b5dc0c2f697a051c839ed5a4bd9949951a26ad3245d023,TASK3_OPERATIONAL_POOLED_V1,CAPACITY_IMMIGRATION_PLUS_3,LOCAL_WINDOW_HPP_EXACT95_HIGH,32,300.000000000,367.501350467,551,437,50,36,4,24,114,551,0,0,0,19.709138517,32.974537334,0.807961508,3.199455195,20.517100025,33.075716383,0.000000000,0.000000000,0.000000000,55.335281843,67.893898201,0.908675284,0.812128535,114,0.206896552,67.501350467,true,COMPLETE
1.0,OP_CONFIRM_EXACT95_HIGH_CAPACITY_IMMIGRATION_PLUS_3,a60e5a4329e682c893b5dc0c2f697a051c839ed5a4bd9949951a26ad3245d023,TASK3_OPERATIONAL_POOLED_V1,CAPACITY_IMMIGRATION_PLUS_3,LOCAL_WINDOW_HPP_EXACT95_HIGH,33,300.000000000,381.158918433,573,437,79,36,0,21,136,573,0,0,0,19.495173394,44.567270993,0.044065766,0.537381471,19.539239160,44.567270993,0.000000000,0.000000000,0.000000000,54.357420978,79.385452811,0.911096948,0.814292897,136,0.237347295,81.158918433,true,COMPLETE
1.0,OP_CONFIRM_EXACT95_HIGH_CAPACITY_IMMIGRATION_PLUS_3,a60e5a4329e682c893b5dc0c2f697a051c839ed5a4bd9949951a26ad3245d023,TASK3_OPERATIONAL_POOLED_V1,CAPACITY_IMMIGRATION_PLUS_3,LOCAL_WINDOW_HPP_EXACT95_HIGH,34,300.000000000,390.219085575,587,436,87,36,4,24,151,587,0,0,0,26.497180050,52.400650499,0.806992761,2.610820810,27.304172811,53.867874490,0.000000000,0.000000000,0.000000000,62.122354629,88.686056308,0.911686765,0.814820046,151,0.257240204,90.219085575,true,COMPLETE
1.0,OP_CONFIRM_EXACT95_HIGH_CAPACITY_IMMIGRATION_PLUS_3,a60e5a4329e682c893b5dc0c2f697a051c839ed5a4bd9949951a26ad3245d023,TASK3_OPERATIONAL_POOLED_V1,CAPACITY_IMMIGRATION_PLUS_3,LOCAL_WINDOW_HPP_EXACT95_HIGH,35,300.000000000,366.892158006,548,439,50,36,0,23,109,548,0,0,0,11.707916304,28.437331157,0.065726906,0.454228449,11.773643210,28.437331157,0.000000000,0.000000000,0.000000000,46.591825028,63.255512975,0.905228430,0.809047909,109,0.198905109,66.892158006,true,COMPLETE
1.0,OP_CONFIRM_EXACT95_HIGH_CAPACITY_IMMIGRATION_PLUS_3,a60e5a4329e682c893b5dc0c2f697a051c839ed5a4bd9949951a26ad3245d023,TASK3_OPERATIONAL_POOLED_V1,CAPACITY_IMMIGRATION_PLUS_3,LOCAL_WINDOW_HPP_EXACT95_HIGH,36,300.000000000,380.726488399,567,435,75,36,0,21,132,567,0,0,0,21.349963675,45.001368468,0.007146355,0.003205120,21.357110030,45.001368468,0.000000000,0.000000000,0.000000000,56.175291848,79.819550286,0.902580656,0.806681461,132,0.232804233,80.726488399,true,COMPLETE
1.0,OP_CONFIRM_EXACT95_HIGH_CAPACITY_IMMIGRATION_PLUS_3,a60e5a4329e682c893b5dc0c2f697a051c839ed5a4bd9949951a26ad3245d023,TASK3_OPERATIONAL_POOLED_V1,CAPACITY_IMMIGRATION_PLUS_3,LOCAL_WINDOW_HPP_EXACT95_HIGH,37,300.000000000,372.848962197,556,438,65,36,0,17,118,556,0,0,0,17.210077301,38.987886450,0.277006371,1.764255867,17.487083671,39.309264828,0.000000000,0.000000000,0.000000000,52.305265489,74.127446646,0.903769974,0.807744414,118,0.212230216,72.848962197,true,COMPLETE
1.0,OP_CONFIRM_EXACT95_HIGH_CAPACITY_IMMIGRATION_PLUS_3,a60e5a4329e682c893b5dc0c2f697a051c839ed5a4bd9949951a26ad3245d023,TASK3_OPERATIONAL_POOLED_V1,CAPACITY_IMMIGRATION_PLUS_3,LOCAL_WINDOW_HPP_EXACT95_HIGH,38,300.000000000,373.833903079,550,429,65,36,0,20,121,550,0,0,0,22.019965862,38.958211926,0.082466718,1.238181388,22.102432579,38.958211926,0.000000000,0.000000000,0.000000000,56.920614397,73.776393744,0.891661592,0.796922548,121,0.220000000,73.833903079,true,COMPLETE
1.0,OP_CONFIRM_EXACT95_HIGH_CAPACITY_IMMIGRATION_PLUS_3,a60e5a4329e682c893b5dc0c2f697a051c839ed5a4bd9949951a26ad3245d023,TASK3_OPERATIONAL_POOLED_V1,CAPACITY_IMMIGRATION_PLUS_3,LOCAL_WINDOW_HPP_EXACT95_HIGH,39,300.000000000,388.317755192,581,435,87,36,0,23,146,581,0,0,0,24.286193275,50.092782961,0.010761378,0.091839607,24.296954654,50.092782961,0.000000000,0.000000000,0.000000000,59.115136472,84.910964779,0.906786279,0.810440236,146,0.251290878,88.317755192,true,COMPLETE
1.0,OP_CONFIRM_EXACT95_HIGH_CAPACITY_IMMIGRATION_PLUS_3,a60e5a4329e682c893b5dc0c2f697a051c839ed5a4bd9949951a26ad3245d023,TASK3_OPERATIONAL_POOLED_V1,CAPACITY_IMMIGRATION_PLUS_3,LOCAL_WINDOW_HPP_EXACT95_HIGH,40,300.000000000,397.804096108,596,438,102,36,0,20,158,596,0,0,0,26.410391362,57.044605234,0.177952275,1.831995733,26.588343638,57.162862685,0.000000000,0.000000000,0.000000000,61.406525456,91.981044503,0.908015088,0.811538485,158,0.265100671,97.804096108,true,COMPLETE
1.0,OP_CONFIRM_EXACT95_HIGH_CAPACITY_IMMIGRATION_PLUS_3,a60e5a4329e682c893b5dc0c2f697a051c839ed5a4bd9949951a26ad3245d023,TASK3_OPERATIONAL_POOLED_V1,CAPACITY_IMMIGRATION_PLUS_3,LOCAL_WINDOW_HPP_EXACT95_HIGH,41,300.000000000,377.896221944,562,435,71,36,0,20,127,562,0,0,0,22.654165815,42.967854779,0.083866535,0.830614752,22.738032350,43.025368028,0.000000000,0.000000000,0.000000000,57.556214168,77.843549846,0.901321688,0.805556259,127,0.225978648,77.896221944,true,COMPLETE
1.0,OP_CONFIRM_EXACT95_HIGH_CAPACITY_IMMIGRATION_PLUS_3,a60e5a4329e682c893b5dc0c2f697a051c839ed5a4bd9949951a26ad3245d023,TASK3_OPERATIONAL_POOLED_V1,CAPACITY_IMMIGRATION_PLUS_3,LOCAL_WINDOW_HPP_EXACT95_HIGH,42,300.000000000,392.609554673,591,438,94,36,0,23,153,591,0,0,0,30.519884883,56.206632241,0.000000000,0.000000000,30.519884883,56.206632241,0.000000000,0.000000000,0.000000000,65.338066701,91.024814059,0.912310498,0.815377507,153,0.258883249,92.609554673,true,COMPLETE
1.0,OP_CONFIRM_EXACT95_HIGH_CAPACITY_IMMIGRATION_PLUS_3,a60e5a4329e682c893b5dc0c2f697a051c839ed5a4bd9949951a26ad3245d023,TASK3_OPERATIONAL_POOLED_V1,CAPACITY_IMMIGRATION_PLUS_3,LOCAL_WINDOW_HPP_EXACT95_HIGH,43,300.000000000,375.561410555,562,435,66,36,1,24,127,562,0,0,0,22.222016370,39.140469699,0.159787576,0.886831382,22.381803946,39.140469699,0.000000000,0.000000000,0.000000000,57.199985764,73.958651517,0.906925075,0.810564286,127,0.225978648,75.561410555,true,COMPLETE
1.0,OP_CONFIRM_EXACT95_HIGH_CAPACITY_IMMIGRATION_PLUS_3,a60e5a4329e682c893b5dc0c2f697a051c839ed5a4bd9949951a26ad3245d023,TASK3_OPERATIONAL_POOLED_V1,CAPACITY_IMMIGRATION_PLUS_3,LOCAL_WINDOW_HPP_EXACT95_HIGH,44,300.000000000,394.470147600,591,435,101,36,0,19,156,591,0,0,0,25.718215306,57.934455652,0.000000000,0.000000000,25.718215306,57.934455652,0.000000000,0.000000000,0.000000000,60.536397124,92.752637470,0.908007413,0.811531625,156,0.263959391,94.470147600,true,COMPLETE
1.0,OP_CONFIRM_EXACT95_HIGH_CAPACITY_IMMIGRATION_PLUS_3,a60e5a4329e682c893b5dc0c2f697a051c839ed5a4bd9949951a26ad3245d023,TASK3_OPERATIONAL_POOLED_V1,CAPACITY_IMMIGRATION_PLUS_3,LOCAL_WINDOW_HPP_EXACT95_HIGH,45,300.000000000,401.954927061,609,436,110,36,3,24,173,609,0,0,0,31.369417822,64.774336333,0.271438286,1.269617880,31.640856109,64.774336333,0.000000000,0.000000000,0.000000000,66.459037927,99.592518151,0.918239544,0.820676593,173,0.284072250,101.954927061,true,COMPLETE
1.0,OP_CONFIRM_EXACT95_HIGH_CAPACITY_IMMIGRATION_PLUS_3,a60e5a4329e682c893b5dc0c2f697a051c839ed5a4bd9949951a26ad3245d023,TASK3_OPERATIONAL_POOLED_V1,CAPACITY_IMMIGRATION_PLUS_3,LOCAL_WINDOW_HPP_EXACT95_HIGH,46,300.000000000,375.081342636,564,434,62,36,8,24,130,564,0,0,0,18.053179373,41.219765034,1.417396289,5.206494383,19.470575661,41.629236839,0.000000000,0.000000000,0.000000000,54.288757479,76.447418657,0.911317474,0.814489993,130,0.230496454,75.081342636,true,COMPLETE
1.0,OP_CONFIRM_EXACT95_HIGH_CAPACITY_IMMIGRATION_PLUS_3,a60e5a4329e682c893b5dc0c2f697a051c839ed5a4bd9949951a26ad3245d023,TASK3_OPERATIONAL_POOLED_V1,CAPACITY_IMMIGRATION_PLUS_3,LOCAL_WINDOW_HPP_EXACT95_HIGH,47,300.000000000,353.016126438,521,430,30,36,1,24,91,521,0,0,0,8.115897380,20.021633914,0.030365047,0.167270147,8.146262428,20.021633914,0.000000000,0.000000000,0.000000000,42.964444246,54.839815732,0.894456519,0.799420514,91,0.174664107,53.016126438,true,COMPLETE
1.0,OP_CONFIRM_EXACT95_HIGH_CAPACITY_IMMIGRATION_PLUS_3,a60e5a4329e682c893b5dc0c2f697a051c839ed5a4bd9949951a26ad3245d023,TASK3_OPERATIONAL_POOLED_V1,CAPACITY_IMMIGRATION_PLUS_3,LOCAL_WINDOW_HPP_EXACT95_HIGH,48,300.000000000,366.845219290,548,437,54,36,0,21,111,548,0,0,0,19.482904238,33.587058802,0.095508801,0.678169722,19.578413039,33.616086283,0.000000000,0.000000000,0.000000000,54.396594857,68.434268101,0.905344256,0.809151429,111,0.202554745,66.845219290,true,COMPLETE
1.0,OP_CONFIRM_EXACT95_HIGH_CAPACITY_IMMIGRATION_PLUS_3,a60e5a4329e682c893b5dc0c2f697a051c839ed5a4bd9949951a26ad3245d023,TASK3_OPERATIONAL_POOLED_V1,CAPACITY_IMMIGRATION_PLUS_3,LOCAL_WINDOW_HPP_EXACT95_HIGH,49,300.000000000,378.090556013,569,438,72,36,0,23,131,569,0,0,0,25.529330687,42.503589836,0.212274825,1.628250211,25.741605512,42.503589836,0.000000000,0.000000000,0.000000000,60.559787330,77.321771654,0.912079076,0.815170674,131,0.230228471,78.090556013,true,COMPLETE
1.0,OP_CONFIRM_EXACT95_HIGH_CAPACITY_IMMIGRATION_PLUS_3,a60e5a4329e682c893b5dc0c2f697a051c839ed5a4bd9949951a26ad3245d023,TASK3_OPERATIONAL_POOLED_V1,CAPACITY_IMMIGRATION_PLUS_3,LOCAL_WINDOW_HPP_EXACT95_HIGH,50,300.000000000,389.904331474,589,436,87,36,6,24,153,589,0,0,0,23.164409025,50.693213876,0.875810157,3.336674042,24.040219182,51.779626767,0.000000000,0.000000000,0.000000000,58.858401000,86.597808585,0.915531499,0.818256277,153,0.259762309,89.904331474,true,COMPLETE
1.0,OP_CONFIRM_EXACT95_LOW_CAPACITY_IMMIGRATION_PLUS_3,d154b0dba54f481e612a360ff3e08fee334b279d1c08b2168c3ce51b4a1313bc,TASK3_OPERATIONAL_POOLED_V1,CAPACITY_IMMIGRATION_PLUS_3,LOCAL_WINDOW_HPP_EXACT95_LOW,1,300.000000000,333.378284734,313,277,0,22,0,14,36,313,0,0,0,0.000000000,0.000000000,0.001104778,0.000000000,0.001104778,0.000000000,0.000000000,0.000000000,0.000000000,34.819286596,34.818181818,0.569014175,0.508556419,36,0.115015974,33.378284734,true,COMPLETE
1.0,OP_CONFIRM_EXACT95_LOW_CAPACITY_IMMIGRATION_PLUS_3,d154b0dba54f481e612a360ff3e08fee334b279d1c08b2168c3ce51b4a1313bc,TASK3_OPERATIONAL_POOLED_V1,CAPACITY_IMMIGRATION_PLUS_3,LOCAL_WINDOW_HPP_EXACT95_LOW,2,300.000000000,332.283944051,299,263,0,20,0,16,36,299,0,0,0,0.000000000,0.000000000,0.000000000,0.000000000,0.000000000,0.000000000,0.000000000,0.000000000,0.000000000,34.818181818,34.818181818,0.545353227,0.487409447,36,0.120401338,32.283944051,true,COMPLETE
1.0,OP_CONFIRM_EXACT95_LOW_CAPACITY_IMMIGRATION_PLUS_3,d154b0dba54f481e612a360ff3e08fee334b279d1c08b2168c3ce51b4a1313bc,TASK3_OPERATIONAL_POOLED_V1,CAPACITY_IMMIGRATION_PLUS_3,LOCAL_WINDOW_HPP_EXACT95_LOW,3,300.000000000,334.763588245,285,251,0,27,0,7,34,285,0,0,0,0.016208119,0.000000000,0.012001589,0.000000000,0.028209708,0.000000000,0.000000000,0.000000000,0.000000000,34.846391526,34.818181818,0.515967921,0.461146330,34,0.119298246,34.763588245,true,COMPLETE
1.0,OP_CONFIRM_EXACT95_LOW_CAPACITY_IMMIGRATION_PLUS_3,d154b0dba54f481e612a360ff3e08fee334b279d1c08b2168c3ce51b4a1313bc,TASK3_OPERATIONAL_POOLED_V1,CAPACITY_IMMIGRATION_PLUS_3,LOCAL_WINDOW_HPP_EXACT95_LOW,4,300.000000000,334.214032222,293,254,0,27,0,12,39,293,0,0,0,0.000000000,0.000000000,0.000000000,0.000000000,0.000000000,0.000000000,0.000000000,0.000000000,0.000000000,34.818181818,34.818181818,0.531323465,0.474870347,39,0.133105802,34.214032222,true,COMPLETE
1.0,OP_CONFIRM_EXACT95_LOW_CAPACITY_IMMIGRATION_PLUS_3,d154b0dba54f481e612a360ff3e08fee334b279d1c08b2168c3ce51b4a1313bc,TASK3_OPERATIONAL_POOLED_V1,CAPACITY_IMMIGRATION_PLUS_3,LOCAL_WINDOW_HPP_EXACT95_LOW,5,300.000000000,333.398993631,289,254,0,23,0,12,35,289,0,0,0,0.000000000,0.000000000,0.000000000,0.000000000,0.000000000,0.000000000,0.000000000,0.000000000,0.000000000,34.818181818,34.818181818,0.525351061,0.469532511,35,0.121107266,33.398993631,true,COMPLETE
1.0,OP_CONFIRM_EXACT95_LOW_CAPACITY_IMMIGRATION_PLUS_3,d154b0dba54f481e612a360ff3e08fee334b279d1c08b2168c3ce51b4a1313bc,TASK3_OPERATIONAL_POOLED_V1,CAPACITY_IMMIGRATION_PLUS_3,LOCAL_WINDOW_HPP_EXACT95_LOW,6,300.000000000,334.503790859,310,286,0,15,0,9,24,310,0,0,0,0.000000000,0.000000000,0.000000000,0.000000000,0.000000000,0.000000000,0.000000000,0.000000000,0.000000000,34.818181818,34.818181818,0.561664152,0.501987335,24,0.077419355,34.503790859,true,COMPLETE
1.0,OP_CONFIRM_EXACT95_LOW_CAPACITY_IMMIGRATION_PLUS_3,d154b0dba54f481e612a360ff3e08fee334b279d1c08b2168c3ce51b4a1313bc,TASK3_OPERATIONAL_POOLED_V1,CAPACITY_IMMIGRATION_PLUS_3,LOCAL_WINDOW_HPP_EXACT95_LOW,7,300.000000000,334.009467665,254,220,0,19,0,15,34,254,0,0,0,0.000000000,0.000000000,0.000000000,0.000000000,0.000000000,0.000000000,0.000000000,0.000000000,0.000000000,34.818181818,34.818181818,0.460883325,0.411914471,34,0.133858268,34.009467665,true,COMPLETE
1.0,OP_CONFIRM_EXACT95_LOW_CAPACITY_IMMIGRATION_PLUS_3,d154b0dba54f481e612a360ff3e08fee334b279d1c08b2168c3ce51b4a1313bc,TASK3_OPERATIONAL_POOLED_V1,CAPACITY_IMMIGRATION_PLUS_3,LOCAL_WINDOW_HPP_EXACT95_LOW,8,300.000000000,334.204293046,279,242,0,26,0,11,37,279,0,0,0,0.000000000,0.000000000,0.000000000,0.000000000,0.000000000,0.000000000,0.000000000,0.000000000,0.000000000,34.818181818,34.818181818,0.505950739,0.452193473,37,0.132616487,34.204293046,true,COMPLETE
1.0,OP_CONFIRM_EXACT95_LOW_CAPACITY_IMMIGRATION_PLUS_3,d154b0dba54f481e612a360ff3e08fee334b279d1c08b2168c3ce51b4a1313bc,TASK3_OPERATIONAL_POOLED_V1,CAPACITY_IMMIGRATION_PLUS_3,LOCAL_WINDOW_HPP_EXACT95_LOW,9,300.000000000,334.651209542,271,235,0,22,0,14,36,271,0,0,0,0.000000000,0.000000000,0.000000000,0.000000000,0.000000000,0.000000000,0.000000000,0.000000000,0.000000000,34.818181818,34.818181818,0.490786884,0.438640777,36,0.132841328,34.651209542,true,COMPLETE
1.0,OP_CONFIRM_EXACT95_LOW_CAPACITY_IMMIGRATION_PLUS_3,d154b0dba54f481e612a360ff3e08fee334b279d1c08b2168c3ce51b4a1313bc,TASK3_OPERATIONAL_POOLED_V1,CAPACITY_IMMIGRATION_PLUS_3,LOCAL_WINDOW_HPP_EXACT95_LOW,10,300.000000000,333.986965101,321,285,0,22,0,14,36,321,0,0,0,0.000000000,0.000000000,0.000000000,0.000000000,0.000000000,0.000000000,0.000000000,0.000000000,0.000000000,34.818181818,34.818181818,0.582494154,0.520604150,36,0.112149533,33.986965101,true,COMPLETE
1.0,OP_CONFIRM_EXACT95_LOW_CAPACITY_IMMIGRATION_PLUS_3,d154b0dba54f481e612a360ff3e08fee334b279d1c08b2168c3ce51b4a1313bc,TASK3_OPERATIONAL_POOLED_V1,CAPACITY_IMMIGRATION_PLUS_3,LOCAL_WINDOW_HPP_EXACT95_LOW,11,300.000000000,334.383425690,276,248,0,19,0,9,28,276,0,0,0,0.000000000,0.000000000,0.000000000,0.000000000,0.000000000,0.000000000,0.000000000,0.000000000,0.000000000,34.818181818,34.818181818,0.500242280,0.447091538,28,0.101449275,34.383425690,true,COMPLETE
1.0,OP_CONFIRM_EXACT95_LOW_CAPACITY_IMMIGRATION_PLUS_3,d154b0dba54f481e612a360ff3e08fee334b279d1c08b2168c3ce51b4a1313bc,TASK3_OPERATIONAL_POOLED_V1,CAPACITY_IMMIGRATION_PLUS_3,LOCAL_WINDOW_HPP_EXACT95_LOW,12,300.000000000,333.765982090,299,251,0,33,0,15,48,299,0,0,0,0.000000000,0.000000000,0.000836558,0.000000000,0.000836558,0.000000000,0.000000000,0.000000000,0.000000000,34.819018376,34.818181818,0.542931667,0.485245178,48,0.160535117,33.765982090,true,COMPLETE
1.0,OP_CONFIRM_EXACT95_LOW_CAPACITY_IMMIGRATION_PLUS_3,d154b0dba54f481e612a360ff3e08fee334b279d1c08b2168c3ce51b4a1313bc,TASK3_OPERATIONAL_POOLED_V1,CAPACITY_IMMIGRATION_PLUS_3,LOCAL_WINDOW_HPP_EXACT95_LOW,13,300.000000000,334.664495631,286,256,0,19,0,11,30,286,0,0,0,0.000000000,0.000000000,0.000000000,0.000000000,0.000000000,0.000000000,0.000000000,0.000000000,0.000000000,34.818181818,34.818181818,0.517931647,0.462901409,30,0.104895105,34.664495631,true,COMPLETE
1.0,OP_CONFIRM_EXACT95_LOW_CAPACITY_IMMIGRATION_PLUS_3,d154b0dba54f481e612a360ff3e08fee334b279d1c08b2168c3ce51b4a1313bc,TASK3_OPERATIONAL_POOLED_V1,CAPACITY_IMMIGRATION_PLUS_3,LOCAL_WINDOW_HPP_EXACT95_LOW,14,300.000000000,334.504039286,264,224,0,27,0,13,40,264,0,0,0,0.000000000,0.000000000,0.000000000,0.000000000,0.000000000,0.000000000,0.000000000,0.000000000,0.000000000,34.818181818,34.818181818,0.478320083,0.427498575,40,0.151515152,34.504039286,true,COMPLETE
1.0,OP_CONFIRM_EXACT95_LOW_CAPACITY_IMMIGRATION_PLUS_3,d154b0dba54f481e612a360ff3e08fee334b279d1c08b2168c3ce51b4a1313bc,TASK3_OPERATIONAL_POOLED_V1,CAPACITY_IMMIGRATION_PLUS_3,LOCAL_WINDOW_HPP_EXACT95_LOW,15,300.000000000,334.767924815,296,263,0,21,0,12,33,296,0,0,0,0.000000000,0.000000000,0.000000000,0.000000000,0.000000000,0.000000000,0.000000000,0.000000000,0.000000000,34.818181818,34.818181818,0.535875531,0.478938756,33,0.111486486,34.767924815,true,COMPLETE
1.0,OP_CONFIRM_EXACT95_LOW_CAPACITY_IMMIGRATION_PLUS_3,d154b0dba54f481e612a360ff3e08fee334b279d1c08b2168c3ce51b4a1313bc,TASK3_OPERATIONAL_POOLED_V1,CAPACITY_IMMIGRATION_PLUS_3,LOCAL_WINDOW_HPP_EXACT95_LOW,16,300.000000000,334.431918804,278,244,0,26,0,8,34,278,0,0,0,0.000000000,0.000000000,0.000000000,0.000000000,0.000000000,0.000000000,0.000000000,0.000000000,0.000000000,34.818181818,34.818181818,0.503794163,0.450266033,34,0.122302158,34.431918804,true,COMPLETE
1.0,OP_CONFIRM_EXACT95_LOW_CAPACITY_IMMIGRATION_PLUS_3,d154b0dba54f481e612a360ff3e08fee334b279d1c08b2168c3ce51b4a1313bc,TASK3_OPERATIONAL_POOLED_V1,CAPACITY_IMMIGRATION_PLUS_3,LOCAL_WINDOW_HPP_EXACT95_LOW,17,300.000000000,334.762375366,310,271,0,28,0,11,39,310,0,0,0,0.018116860,0.000000000,0.000061987,0.000000000,0.018178847,0.000000000,0.000000000,0.000000000,0.000000000,34.836360665,34.818181818,0.561230299,0.501599579,39,0.125806452,34.762375366,true,COMPLETE
1.0,OP_CONFIRM_EXACT95_LOW_CAPACITY_IMMIGRATION_PLUS_3,d154b0dba54f481e612a360ff3e08fee334b279d1c08b2168c3ce51b4a1313bc,TASK3_OPERATIONAL_POOLED_V1,CAPACITY_IMMIGRATION_PLUS_3,LOCAL_WINDOW_HPP_EXACT95_LOW,18,300.000000000,333.369913239,298,259,0,20,0,19,39,298,0,0,0,0.000000000,0.000000000,0.000000000,0.000000000,0.000000000,0.000000000,0.000000000,0.000000000,0.000000000,34.818181818,34.818181818,0.541758729,0.484196864,39,0.130872483,33.369913239,true,COMPLETE
1.0,OP_CONFIRM_EXACT95_LOW_CAPACITY_IMMIGRATION_PLUS_3,d154b0dba54f481e612a360ff3e08fee334b279d1c08b2168c3ce51b4a1313bc,TASK3_OPERATIONAL_POOLED_V1,CAPACITY_IMMIGRATION_PLUS_3,LOCAL_WINDOW_HPP_EXACT95_LOW,19,300.000000000,334.345704763,272,241,0,25,0,6,31,272,0,0,0,0.000000000,0.000000000,0.000000000,0.000000000,0.000000000,0.000000000,0.000000000,0.000000000,0.000000000,34.818181818,34.818181818,0.493048011,0.440661660,31,0.113970588,34.345704763,true,COMPLETE
1.0,OP_CONFIRM_EXACT95_LOW_CAPACITY_IMMIGRATION_PLUS_3,d154b0dba54f481e612a360ff3e08fee334b279d1c08b2168c3ce51b4a1313bc,TASK3_OPERATIONAL_POOLED_V1,CAPACITY_IMMIGRATION_PLUS_3,LOCAL_WINDOW_HPP_EXACT95_LOW,20,300.000000000,333.059981036,280,252,0,16,0,12,28,280,0,0,0,0.000000000,0.000000000,0.000000000,0.000000000,0.000000000,0.000000000,0.000000000,0.000000000,0.000000000,34.818181818,34.818181818,0.509508735,0.455373432,28,0.100000000,33.059981036,true,COMPLETE
1.0,OP_CONFIRM_EXACT95_LOW_CAPACITY_IMMIGRATION_PLUS_3,d154b0dba54f481e612a360ff3e08fee334b279d1c08b2168c3ce51b4a1313bc,TASK3_OPERATIONAL_POOLED_V1,CAPACITY_IMMIGRATION_PLUS_3,LOCAL_WINDOW_HPP_EXACT95_LOW,21,300.000000000,334.383882730,272,248,0,14,0,10,24,272,0,0,0,0.000000000,0.000000000,0.000000000,0.000000000,0.000000000,0.000000000,0.000000000,0.000000000,0.000000000,34.818181818,34.818181818,0.492991718,0.440611348,24,0.088235294,34.383882730,true,COMPLETE
1.0,OP_CONFIRM_EXACT95_LOW_CAPACITY_IMMIGRATION_PLUS_3,d154b0dba54f481e612a360ff3e08fee334b279d1c08b2168c3ce51b4a1313bc,TASK3_OPERATIONAL_POOLED_V1,CAPACITY_IMMIGRATION_PLUS_3,LOCAL_WINDOW_HPP_EXACT95_LOW,22,300.000000000,334.375348407,312,265,0,34,0,13,47,312,0,0,0,0.000000000,0.000000000,0.001138530,0.000000000,0.001138530,0.000000000,0.000000000,0.000000000,0.000000000,34.819320348,34.818181818,0.565504933,0.505420034,47,0.150641026,34.375348407,true,COMPLETE
1.0,OP_CONFIRM_EXACT95_LOW_CAPACITY_IMMIGRATION_PLUS_3,d154b0dba54f481e612a360ff3e08fee334b279d1c08b2168c3ce51b4a1313bc,TASK3_OPERATIONAL_POOLED_V1,CAPACITY_IMMIGRATION_PLUS_3,LOCAL_WINDOW_HPP_EXACT95_LOW,23,300.000000000,333.884950245,296,268,0,19,0,9,28,296,0,0,0,0.000000000,0.000000000,0.000000000,0.000000000,0.000000000,0.000000000,0.000000000,0.000000000,0.000000000,34.818181818,34.818181818,0.537292679,0.480205332,28,0.094594595,33.884950245,true,COMPLETE
1.0,OP_CONFIRM_EXACT95_LOW_CAPACITY_IMMIGRATION_PLUS_3,d154b0dba54f481e612a360ff3e08fee334b279d1c08b2168c3ce51b4a1313bc,TASK3_OPERATIONAL_POOLED_V1,CAPACITY_IMMIGRATION_PLUS_3,LOCAL_WINDOW_HPP_EXACT95_LOW,24,300.000000000,334.544159448,299,253,0,30,0,16,46,299,0,0,0,0.000000000,0.000000000,0.000000000,0.000000000,0.000000000,0.000000000,0.000000000,0.000000000,0.000000000,34.818181818,34.818181818,0.541668764,0.484116457,46,0.153846154,34.544159448,true,COMPLETE
1.0,OP_CONFIRM_EXACT95_LOW_CAPACITY_IMMIGRATION_PLUS_3,d154b0dba54f481e612a360ff3e08fee334b279d1c08b2168c3ce51b4a1313bc,TASK3_OPERATIONAL_POOLED_V1,CAPACITY_IMMIGRATION_PLUS_3,LOCAL_WINDOW_HPP_EXACT95_LOW,25,300.000000000,333.803665910,291,256,0,24,0,11,35,291,0,0,0,0.000000000,0.000000000,0.000000000,0.000000000,0.000000000,0.000000000,0.000000000,0.000000000,0.000000000,34.818181818,34.818181818,0.528345415,0.472208715,35,0.120274914,33.803665910,true,COMPLETE
1.0,OP_CONFIRM_EXACT95_LOW_CAPACITY_IMMIGRATION_PLUS_3,d154b0dba54f481e612a360ff3e08fee334b279d1c08b2168c3ce51b4a1313bc,TASK3_OPERATIONAL_POOLED_V1,CAPACITY_IMMIGRATION_PLUS_3,LOCAL_WINDOW_HPP_EXACT95_LOW,26,300.000000000,334.692628558,273,240,0,20,0,13,33,273,0,0,0,0.000000000,0.000000000,0.000000000,0.000000000,0.000000000,0.000000000,0.000000000,0.000000000,0.000000000,34.818181818,34.818181818,0.494347743,0.441823295,33,0.120879121,34.692628558,true,COMPLETE
1.0,OP_CONFIRM_EXACT95_LOW_CAPACITY_IMMIGRATION_PLUS_3,d154b0dba54f481e612a360ff3e08fee334b279d1c08b2168c3ce51b4a1313bc,TASK3_OPERATIONAL_POOLED_V1,CAPACITY_IMMIGRATION_PLUS_3,LOCAL_WINDOW_HPP_EXACT95_LOW,27,300.000000000,332.497741530,272,244,0,18,0,10,28,272,0,0,0,0.000000000,0.000000000,0.000000000,0.000000000,0.000000000,0.000000000,0.000000000,0.000000000,0.000000000,34.818181818,34.818181818,0.495788284,0.443110779,28,0.102941176,32.497741530,true,COMPLETE
1.0,OP_CONFIRM_EXACT95_LOW_CAPACITY_IMMIGRATION_PLUS_3,d154b0dba54f481e612a360ff3e08fee334b279d1c08b2168c3ce51b4a1313bc,TASK3_OPERATIONAL_POOLED_V1,CAPACITY_IMMIGRATION_PLUS_3,LOCAL_WINDOW_HPP_EXACT95_LOW,28,300.000000000,334.557393197,258,233,0,16,0,9,25,258,0,0,0,0.000000000,0.000000000,0.000000000,0.000000000,0.000000000,0.000000000,0.000000000,0.000000000,0.000000000,34.818181818,34.818181818,0.467374626,0.417716072,25,0.096899225,34.557393197,true,COMPLETE
1.0,OP_CONFIRM_EXACT95_LOW_CAPACITY_IMMIGRATION_PLUS_3,d154b0dba54f481e612a360ff3e08fee334b279d1c08b2168c3ce51b4a1313bc,TASK3_OPERATIONAL_POOLED_V1,CAPACITY_IMMIGRATION_PLUS_3,LOCAL_WINDOW_HPP_EXACT95_LOW,29,300.000000000,334.055309304,300,264,0,20,0,16,36,300,0,0,0,0.009986572,0.000000000,0.008469911,0.000000000,0.018456484,0.000000000,0.000000000,0.000000000,0.000000000,34.836638302,34.818181818,0.544275684,0.486446392,36,0.120000000,34.055309304,true,COMPLETE
1.0,OP_CONFIRM_EXACT95_LOW_CAPACITY_IMMIGRATION_PLUS_3,d154b0dba54f481e612a360ff3e08fee334b279d1c08b2168c3ce51b4a1313bc,TASK3_OPERATIONAL_POOLED_V1,CAPACITY_IMMIGRATION_PLUS_3,LOCAL_WINDOW_HPP_EXACT95_LOW,30,300.000000000,333.547081962,267,232,0,27,0,8,35,267,0,0,0,0.000000000,0.000000000,0.000000000,0.000000000,0.000000000,0.000000000,0.000000000,0.000000000,0.000000000,34.818181818,34.818181818,0.485143449,0.433596958,35,0.131086142,33.547081962,true,COMPLETE
1.0,OP_CONFIRM_EXACT95_LOW_CAPACITY_IMMIGRATION_PLUS_3,d154b0dba54f481e612a360ff3e08fee334b279d1c08b2168c3ce51b4a1313bc,TASK3_OPERATIONAL_POOLED_V1,CAPACITY_IMMIGRATION_PLUS_3,LOCAL_WINDOW_HPP_EXACT95_LOW,31,300.000000000,332.500307393,296,270,0,17,0,9,26,296,0,0,0,0.000000000,0.000000000,0.000000000,0.000000000,0.000000000,0.000000000,0.000000000,0.000000000,0.000000000,34.818181818,34.818181818,0.539530146,0.482205068,26,0.087837838,32.500307393,true,COMPLETE
1.0,OP_CONFIRM_EXACT95_LOW_CAPACITY_IMMIGRATION_PLUS_3,d154b0dba54f481e612a360ff3e08fee334b279d1c08b2168c3ce51b4a1313bc,TASK3_OPERATIONAL_POOLED_V1,CAPACITY_IMMIGRATION_PLUS_3,LOCAL_WINDOW_HPP_EXACT95_LOW,32,300.000000000,333.258766840,288,245,0,29,0,14,43,288,0,0,0,0.000000000,0.000000000,0.000000000,0.000000000,0.000000000,0.000000000,0.000000000,0.000000000,0.000000000,34.818181818,34.818181818,0.523753527,0.468104715,43,0.149305556,33.258766840,true,COMPLETE
1.0,OP_CONFIRM_EXACT95_LOW_CAPACITY_IMMIGRATION_PLUS_3,d154b0dba54f481e612a360ff3e08fee334b279d1c08b2168c3ce51b4a1313bc,TASK3_OPERATIONAL_POOLED_V1,CAPACITY_IMMIGRATION_PLUS_3,LOCAL_WINDOW_HPP_EXACT95_LOW,33,300.000000000,333.353517328,263,238,0,17,0,8,25,263,0,0,0,0.000000000,0.000000000,0.000000000,0.000000000,0.000000000,0.000000000,0.000000000,0.000000000,0.000000000,34.818181818,34.818181818,0.478152865,0.427349123,25,0.095057034,33.353517328,true,COMPLETE
1.0,OP_CONFIRM_EXACT95_LOW_CAPACITY_IMMIGRATION_PLUS_3,d154b0dba54f481e612a360ff3e08fee334b279d1c08b2168c3ce51b4a1313bc,TASK3_OPERATIONAL_POOLED_V1,CAPACITY_IMMIGRATION_PLUS_3,LOCAL_WINDOW_HPP_EXACT95_LOW,34,300.000000000,333.918653247,282,249,0,15,0,18,33,282,0,0,0,0.000000000,0.000000000,0.000000000,0.000000000,0.000000000,0.000000000,0.000000000,0.000000000,0.000000000,34.818181818,34.818181818,0.511828522,0.457446742,33,0.117021277,33.918653247,true,COMPLETE
1.0,OP_CONFIRM_EXACT95_LOW_CAPACITY_IMMIGRATION_PLUS_3,d154b0dba54f481e612a360ff3e08fee334b279d1c08b2168c3ce51b4a1313bc,TASK3_OPERATIONAL_POOLED_V1,CAPACITY_IMMIGRATION_PLUS_3,LOCAL_WINDOW_HPP_EXACT95_LOW,35,300.000000000,334.031797309,280,251,0,18,0,11,29,280,0,0,0,0.000000000,0.000000000,0.000000000,0.000000000,0.000000000,0.000000000,0.000000000,0.000000000,0.000000000,34.818181818,34.818181818,0.508026395,0.454048590,29,0.103571429,34.031797309,true,COMPLETE
1.0,OP_CONFIRM_EXACT95_LOW_CAPACITY_IMMIGRATION_PLUS_3,d154b0dba54f481e612a360ff3e08fee334b279d1c08b2168c3ce51b4a1313bc,TASK3_OPERATIONAL_POOLED_V1,CAPACITY_IMMIGRATION_PLUS_3,LOCAL_WINDOW_HPP_EXACT95_LOW,36,300.000000000,334.046219248,272,235,0,21,0,16,37,272,0,0,0,0.000000000,0.000000000,0.000000000,0.000000000,0.000000000,0.000000000,0.000000000,0.000000000,0.000000000,34.818181818,34.818181818,0.493490048,0.441056731,37,0.136029412,34.046219248,true,COMPLETE
1.0,OP_CONFIRM_EXACT95_LOW_CAPACITY_IMMIGRATION_PLUS_3,d154b0dba54f481e612a360ff3e08fee334b279d1c08b2168c3ce51b4a1313bc,TASK3_OPERATIONAL_POOLED_V1,CAPACITY_IMMIGRATION_PLUS_3,LOCAL_WINDOW_HPP_EXACT95_LOW,37,300.000000000,334.078766339,266,237,0,16,0,13,29,266,0,0,0,0.000000000,0.000000000,0.000000000,0.000000000,0.000000000,0.000000000,0.000000000,0.000000000,0.000000000,34.818181818,34.818181818,0.482557221,0.431285517,29,0.109022556,34.078766339,true,COMPLETE
1.0,OP_CONFIRM_EXACT95_LOW_CAPACITY_IMMIGRATION_PLUS_3,d154b0dba54f481e612a360ff3e08fee334b279d1c08b2168c3ce51b4a1313bc,TASK3_OPERATIONAL_POOLED_V1,CAPACITY_IMMIGRATION_PLUS_3,LOCAL_WINDOW_HPP_EXACT95_LOW,38,300.000000000,333.973818889,341,302,0,23,0,16,39,341,0,0,0,0.000000000,0.000000000,0.000000000,0.000000000,0.000000000,0.000000000,0.000000000,0.000000000,0.000000000,34.818181818,34.818181818,0.618810982,0.553062315,39,0.114369501,33.973818889,true,COMPLETE
1.0,OP_CONFIRM_EXACT95_LOW_CAPACITY_IMMIGRATION_PLUS_3,d154b0dba54f481e612a360ff3e08fee334b279d1c08b2168c3ce51b4a1313bc,TASK3_OPERATIONAL_POOLED_V1,CAPACITY_IMMIGRATION_PLUS_3,LOCAL_WINDOW_HPP_EXACT95_LOW,39,300.000000000,333.227369168,256,218,0,24,0,14,38,256,0,0,0,0.000000000,0.000000000,0.000000000,0.000000000,0.000000000,0.000000000,0.000000000,0.000000000,0.000000000,34.818181818,34.818181818,0.465602557,0.416132285,38,0.148437500,33.227369168,true,COMPLETE
1.0,OP_CONFIRM_EXACT95_LOW_CAPACITY_IMMIGRATION_PLUS_3,d154b0dba54f481e612a360ff3e08fee334b279d1c08b2168c3ce51b4a1313bc,TASK3_OPERATIONAL_POOLED_V1,CAPACITY_IMMIGRATION_PLUS_3,LOCAL_WINDOW_HPP_EXACT95_LOW,40,300.000000000,334.470914622,276,253,0,13,0,10,23,276,0,0,0,0.000000000,0.000000000,0.000000000,0.000000000,0.000000000,0.000000000,0.000000000,0.000000000,0.000000000,34.818181818,34.818181818,0.500111430,0.446974590,23,0.083333333,34.470914622,true,COMPLETE
1.0,OP_CONFIRM_EXACT95_LOW_CAPACITY_IMMIGRATION_PLUS_3,d154b0dba54f481e612a360ff3e08fee334b279d1c08b2168c3ce51b4a1313bc,TASK3_OPERATIONAL_POOLED_V1,CAPACITY_IMMIGRATION_PLUS_3,LOCAL_WINDOW_HPP_EXACT95_LOW,41,300.000000000,334.039386969,305,267,0,22,0,16,38,305,0,0,0,0.000000000,0.000000000,0.000000000,0.000000000,0.000000000,0.000000000,0.000000000,0.000000000,0.000000000,34.818181818,34.818181818,0.553373321,0.494577405,38,0.124590164,34.039386969,true,COMPLETE
1.0,OP_CONFIRM_EXACT95_LOW_CAPACITY_IMMIGRATION_PLUS_3,d154b0dba54f481e612a360ff3e08fee334b279d1c08b2168c3ce51b4a1313bc,TASK3_OPERATIONAL_POOLED_V1,CAPACITY_IMMIGRATION_PLUS_3,LOCAL_WINDOW_HPP_EXACT95_LOW,42,300.000000000,334.117691289,298,260,0,25,0,13,38,298,0,0,0,0.000000000,0.000000000,0.000000000,0.000000000,0.000000000,0.000000000,0.000000000,0.000000000,0.000000000,34.818181818,34.818181818,0.540546237,0.483113199,38,0.127516779,34.117691289,true,COMPLETE
1.0,OP_CONFIRM_EXACT95_LOW_CAPACITY_IMMIGRATION_PLUS_3,d154b0dba54f481e612a360ff3e08fee334b279d1c08b2168c3ce51b4a1313bc,TASK3_OPERATIONAL_POOLED_V1,CAPACITY_IMMIGRATION_PLUS_3,LOCAL_WINDOW_HPP_EXACT95_LOW,43,300.000000000,334.595220486,274,248,0,20,0,6,26,274,0,0,0,0.000000000,0.000000000,0.000000000,0.000000000,0.000000000,0.000000000,0.000000000,0.000000000,0.000000000,34.818181818,34.818181818,0.496302983,0.443570791,26,0.094890511,34.595220486,true,COMPLETE
1.0,OP_CONFIRM_EXACT95_LOW_CAPACITY_IMMIGRATION_PLUS_3,d154b0dba54f481e612a360ff3e08fee334b279d1c08b2168c3ce51b4a1313bc,TASK3_OPERATIONAL_POOLED_V1,CAPACITY_IMMIGRATION_PLUS_3,LOCAL_WINDOW_HPP_EXACT95_LOW,44,300.000000000,333.612131684,288,252,0,19,0,17,36,288,0,0,0,0.000000000,0.000000000,0.000000000,0.000000000,0.000000000,0.000000000,0.000000000,0.000000000,0.000000000,34.818181818,34.818181818,0.523198763,0.467608894,36,0.125000000,33.612131684,true,COMPLETE
1.0,OP_CONFIRM_EXACT95_LOW_CAPACITY_IMMIGRATION_PLUS_3,d154b0dba54f481e612a360ff3e08fee334b279d1c08b2168c3ce51b4a1313bc,TASK3_OPERATIONAL_POOLED_V1,CAPACITY_IMMIGRATION_PLUS_3,LOCAL_WINDOW_HPP_EXACT95_LOW,45,300.000000000,332.705388082,294,252,0,27,0,15,42,294,0,0,0,0.000000000,0.000000000,0.000000000,0.000000000,0.000000000,0.000000000,0.000000000,0.000000000,0.000000000,34.818181818,34.818181818,0.535554351,0.478651701,42,0.142857143,32.705388082,true,COMPLETE
1.0,OP_CONFIRM_EXACT95_LOW_CAPACITY_IMMIGRATION_PLUS_3,d154b0dba54f481e612a360ff3e08fee334b279d1c08b2168c3ce51b4a1313bc,TASK3_OPERATIONAL_POOLED_V1,CAPACITY_IMMIGRATION_PLUS_3,LOCAL_WINDOW_HPP_EXACT95_LOW,46,300.000000000,334.547763371,296,252,0,26,0,18,44,296,0,0,0,0.000000000,0.000000000,0.003693882,0.000000000,0.003693882,0.000000000,0.000000000,0.000000000,0.000000000,34.821875700,34.818181818,0.536228183,0.479253939,44,0.148648649,34.547763371,true,COMPLETE
1.0,OP_CONFIRM_EXACT95_LOW_CAPACITY_IMMIGRATION_PLUS_3,d154b0dba54f481e612a360ff3e08fee334b279d1c08b2168c3ce51b4a1313bc,TASK3_OPERATIONAL_POOLED_V1,CAPACITY_IMMIGRATION_PLUS_3,LOCAL_WINDOW_HPP_EXACT95_LOW,47,300.000000000,329.184016045,265,230,0,13,0,22,35,265,0,0,0,0.000000000,0.000000000,0.000000000,0.000000000,0.000000000,0.000000000,0.000000000,0.000000000,0.000000000,34.818181818,34.818181818,0.487891431,0.436052966,35,0.132075472,29.184016045,true,COMPLETE
1.0,OP_CONFIRM_EXACT95_LOW_CAPACITY_IMMIGRATION_PLUS_3,d154b0dba54f481e612a360ff3e08fee334b279d1c08b2168c3ce51b4a1313bc,TASK3_OPERATIONAL_POOLED_V1,CAPACITY_IMMIGRATION_PLUS_3,LOCAL_WINDOW_HPP_EXACT95_LOW,48,300.000000000,334.462782154,296,264,0,14,0,18,32,296,0,0,0,0.000000000,0.000000000,0.000000000,0.000000000,0.000000000,0.000000000,0.000000000,0.000000000,0.000000000,34.818181818,34.818181818,0.536364430,0.479375709,32,0.108108108,34.462782154,true,COMPLETE
1.0,OP_CONFIRM_EXACT95_LOW_CAPACITY_IMMIGRATION_PLUS_3,d154b0dba54f481e612a360ff3e08fee334b279d1c08b2168c3ce51b4a1313bc,TASK3_OPERATIONAL_POOLED_V1,CAPACITY_IMMIGRATION_PLUS_3,LOCAL_WINDOW_HPP_EXACT95_LOW,49,300.000000000,330.242669127,247,233,0,11,0,3,14,247,0,0,0,0.000000000,0.000000000,0.000000000,0.000000000,0.000000000,0.000000000,0.000000000,0.000000000,0.000000000,34.818181818,34.818181818,0.453293846,0.405131375,14,0.056680162,30.242669127,true,COMPLETE
1.0,OP_CONFIRM_EXACT95_LOW_CAPACITY_IMMIGRATION_PLUS_3,d154b0dba54f481e612a360ff3e08fee334b279d1c08b2168c3ce51b4a1313bc,TASK3_OPERATIONAL_POOLED_V1,CAPACITY_IMMIGRATION_PLUS_3,LOCAL_WINDOW_HPP_EXACT95_LOW,50,300.000000000,334.204179571,295,266,0,17,0,12,29,295,0,0,0,0.000000000,0.000000000,0.000000000,0.000000000,0.000000000,0.000000000,0.000000000,0.000000000,0.000000000,34.818181818,34.818181818,0.534966017,0.478125878,29,0.098305085,34.204179571,true,COMPLETE
1.0,OP_CONFIRM_MLE_BASE_CAPACITY_SECURITY_PLUS_4,0efc30229024df398b0a79670c550ea3869c5337e3f66926aa0fac683945864d,TASK3_OPERATIONAL_POOLED_V1,CAPACITY_SECURITY_PLUS_4,LOCAL_WINDOW_HPP_BASE,1,300.000000000,334.701527801,396,354,0,24,0,18,42,396,0,0,0,0.000000000,0.000000000,0.350801147,2.061885416,0.350801147,2.061885416,0.000000000,0.000000000,0.000000000,35.168982965,36.880067234,0.645351103,0.732422283,42,0.106060606,34.701527801,true,COMPLETE
1.0,OP_CONFIRM_MLE_BASE_CAPACITY_SECURITY_PLUS_4,0efc30229024df398b0a79670c550ea3869c5337e3f66926aa0fac683945864d,TASK3_OPERATIONAL_POOLED_V1,CAPACITY_SECURITY_PLUS_4,LOCAL_WINDOW_HPP_BASE,2,300.000000000,340.938161730,442,377,4,40,0,21,65,442,0,0,0,0.042878753,0.000000000,0.805967380,3.211717791,0.848846133,3.370604956,0.000000000,0.000000000,0.000000000,35.667027951,38.188786774,0.707139699,0.802547436,65,0.147058824,40.938161730,true,COMPLETE
1.0,OP_CONFIRM_MLE_BASE_CAPACITY_SECURITY_PLUS_4,0efc30229024df398b0a79670c550ea3869c5337e3f66926aa0fac683945864d,TASK3_OPERATIONAL_POOLED_V1,CAPACITY_SECURITY_PLUS_4,LOCAL_WINDOW_HPP_BASE,3,300.000000000,334.760392420,393,350,0,29,0,14,43,393,0,0,0,0.000000000,0.000000000,0.368949885,2.350307635,0.368949885,2.350307635,0.000000000,0.000000000,0.000000000,35.187131703,37.168489453,0.640349460,0.726745815,43,0.109414758,34.760392420,true,COMPLETE
1.0,OP_CONFIRM_MLE_BASE_CAPACITY_SECURITY_PLUS_4,0efc30229024df398b0a79670c550ea3869c5337e3f66926aa0fac683945864d,TASK3_OPERATIONAL_POOLED_V1,CAPACITY_SECURITY_PLUS_4,LOCAL_WINDOW_HPP_BASE,4,300.000000000,335.403470296,410,356,0,35,0,19,54,410,0,0,0,0.000000000,0.000000000,0.149046788,1.260150152,0.149046788,1.260150152,0.000000000,0.000000000,0.000000000,34.967228606,36.078331970,0.666768186,0.756728974,54,0.131707317,35.403470296,true,COMPLETE
1.0,OP_CONFIRM_MLE_BASE_CAPACITY_SECURITY_PLUS_4,0efc30229024df398b0a79670c550ea3869c5337e3f66926aa0fac683945864d,TASK3_OPERATIONAL_POOLED_V1,CAPACITY_SECURITY_PLUS_4,LOCAL_WINDOW_HPP_BASE,5,300.000000000,333.557018640,388,356,0,18,0,14,32,388,0,0,0,0.000286870,0.000000000,0.280336603,1.808278858,0.280623473,1.808278858,0.000000000,0.000000000,0.000000000,35.098805291,36.626460676,0.634483317,0.720088209,32,0.082474227,33.557018640,true,COMPLETE
1.0,OP_CONFIRM_MLE_BASE_CAPACITY_SECURITY_PLUS_4,0efc30229024df398b0a79670c550ea3869c5337e3f66926aa0fac683945864d,TASK3_OPERATIONAL_POOLED_V1,CAPACITY_SECURITY_PLUS_4,LOCAL_WINDOW_HPP_BASE,6,300.000000000,332.893710211,419,368,0,33,0,18,51,419,0,0,0,0.000000000,0.000000000,0.403551498,2.047769118,0.403551498,2.047769118,0.000000000,0.000000000,0.000000000,35.221733316,36.865950936,0.686541823,0.779170481,51,0.121718377,32.893710211,true,COMPLETE
1.0,OP_CONFIRM_MLE_BASE_CAPACITY_SECURITY_PLUS_4,0efc30229024df398b0a79670c550ea3869c5337e3f66926aa0fac683945864d,TASK3_OPERATIONAL_POOLED_V1,CAPACITY_SECURITY_PLUS_4,LOCAL_WINDOW_HPP_BASE,7,300.000000000,334.942694913,408,352,0,33,2,21,56,408,0,0,0,0.017673447,0.000000000,0.390789762,2.316969427,0.408463208,2.326963885,0.000000000,0.000000000,0.000000000,35.226645026,37.145145703,0.664428447,0.754073555,56,0.137254902,34.942694913,true,COMPLETE
1.0,OP_CONFIRM_MLE_BASE_CAPACITY_SECURITY_PLUS_4,0efc30229024df398b0a79670c550ea3869c5337e3f66926aa0fac683945864d,TASK3_OPERATIONAL_POOLED_V1,CAPACITY_SECURITY_PLUS_4,LOCAL_WINDOW_HPP_BASE,8,300.000000000,333.652413957,442,400,0,21,0,21,42,442,0,0,0,0.280399158,2.386964959,1.605926640,6.160762931,1.886325798,7.172234987,0.000000000,0.000000000,0.000000000,36.704507616,41.990416805,0.722581042,0.820072135,42,0.095022624,33.652413957,true,COMPLETE
1.0,OP_CONFIRM_MLE_BASE_CAPACITY_SECURITY_PLUS_4,0efc30229024df398b0a79670c550ea3869c5337e3f66926aa0fac683945864d,TASK3_OPERATIONAL_POOLED_V1,CAPACITY_SECURITY_PLUS_4,LOCAL_WINDOW_HPP_BASE,9,300.000000000,333.857083782,395,343,0,33,0,19,52,395,0,0,0,0.063924028,0.243352307,0.636663374,3.699168918,0.700587402,4.194494423,0.000000000,0.000000000,0.000000000,35.518769220,39.012676241,0.645349630,0.732420612,52,0.131645570,33.857083782,true,COMPLETE
1.0,OP_CONFIRM_MLE_BASE_CAPACITY_SECURITY_PLUS_4,0efc30229024df398b0a79670c550ea3869c5337e3f66926aa0fac683945864d,TASK3_OPERATIONAL_POOLED_V1,CAPACITY_SECURITY_PLUS_4,LOCAL_WINDOW_HPP_BASE,10,300.000000000,334.733050789,394,344,0,31,0,19,50,394,0,0,0,0.000000000,0.000000000,0.259272853,1.943413515,0.259272853,1.943413515,0.000000000,0.000000000,0.000000000,35.077454671,36.761595333,0.642031286,0.728654554,50,0.126903553,34.733050789,true,COMPLETE
1.0,OP_CONFIRM_MLE_BASE_CAPACITY_SECURITY_PLUS_4,0efc30229024df398b0a79670c550ea3869c5337e3f66926aa0fac683945864d,TASK3_OPERATIONAL_POOLED_V1,CAPACITY_SECURITY_PLUS_4,LOCAL_WINDOW_HPP_BASE,11,300.000000000,334.795505588,409,367,0,18,3,21,42,409,0,0,0,0.027965648,0.000000000,0.707493201,3.500345181,0.735458848,3.673989973,0.000000000,0.000000000,0.000000000,35.553640666,38.492171791,0.666349773,0.756254107,42,0.102689487,34.795505588,true,COMPLETE
1.0,OP_CONFIRM_MLE_BASE_CAPACITY_SECURITY_PLUS_4,0efc30229024df398b0a79670c550ea3869c5337e3f66926aa0fac683945864d,TASK3_OPERATIONAL_POOLED_V1,CAPACITY_SECURITY_PLUS_4,LOCAL_WINDOW_HPP_BASE,12,300.000000000,334.673639871,423,371,0,28,3,21,52,423,0,0,0,0.173533227,0.027357422,0.664311392,3.286529571,0.837844619,4.968827311,0.000000000,0.000000000,0.000000000,35.656026437,39.787009129,0.689409757,0.782425359,52,0.122931442,34.673639871,true,COMPLETE
1.0,OP_CONFIRM_MLE_BASE_CAPACITY_SECURITY_PLUS_4,0efc30229024df398b0a79670c550ea3869c5337e3f66926aa0fac683945864d,TASK3_OPERATIONAL_POOLED_V1,CAPACITY_SECURITY_PLUS_4,LOCAL_WINDOW_HPP_BASE,13,300.000000000,334.623415863,455,400,0,32,2,21,55,455,0,0,0,1.855364542,8.333303785,4.729575230,14.793464821,6.584939772,17.890487384,0.000000000,0.000000000,0.000000000,41.403121590,52.708669202,0.741674989,0.841742249,55,0.120879121,34.623415863,true,COMPLETE
1.0,OP_CONFIRM_MLE_BASE_CAPACITY_SECURITY_PLUS_4,0efc30229024df398b0a79670c550ea3869c5337e3f66926aa0fac683945864d,TASK3_OPERATIONAL_POOLED_V1,CAPACITY_SECURITY_PLUS_4,LOCAL_WINDOW_HPP_BASE,14,300.000000000,333.719484820,374,343,0,17,0,14,31,374,0,0,0,0.002831052,0.000000000,0.396984634,2.748166851,0.399815686,2.748166851,0.000000000,0.000000000,0.000000000,35.217997504,37.566348669,0.611291846,0.693767730,31,0.082887701,33.719484820,true,COMPLETE
1.0,OP_CONFIRM_MLE_BASE_CAPACITY_SECURITY_PLUS_4,0efc30229024df398b0a79670c550ea3869c5337e3f66926aa0fac683945864d,TASK3_OPERATIONAL_POOLED_V1,CAPACITY_SECURITY_PLUS_4,LOCAL_WINDOW_HPP_BASE,15,300.000000000,333.864251907,386,347,0,29,0,10,39,386,0,0,0,0.012653064,0.000000000,0.304759101,2.254394194,0.317412165,2.466827628,0.000000000,0.000000000,0.000000000,35.135593983,37.285009446,0.630631921,0.715717180,39,0.101036269,33.864251907,true,COMPLETE
1.0,OP_CONFIRM_MLE_BASE_CAPACITY_SECURITY_PLUS_4,0efc30229024df398b0a79670c550ea3869c5337e3f66926aa0fac683945864d,TASK3_OPERATIONAL_POOLED_V1,CAPACITY_SECURITY_PLUS_4,LOCAL_WINDOW_HPP_BASE,16,300.000000000,336.858360916,401,343,0,35,2,21,58,401,0,0,0,0.000000000,0.000000000,0.289659260,1.858554964,0.289659260,1.858554964,0.000000000,0.000000000,0.000000000,35.107841078,36.676736782,0.649315256,0.736921282,58,0.144638404,36.858360916,true,COMPLETE
1.0,OP_CONFIRM_MLE_BASE_CAPACITY_SECURITY_PLUS_4,0efc30229024df398b0a79670c550ea3869c5337e3f66926aa0fac683945864d,TASK3_OPERATIONAL_POOLED_V1,CAPACITY_SECURITY_PLUS_4,LOCAL_WINDOW_HPP_BASE,17,300.000000000,334.256800365,429,377,0,35,0,17,52,429,0,0,0,0.208740525,1.688435059,0.848920014,3.432476461,1.057660539,5.114658179,0.000000000,0.000000000,0.000000000,35.875842357,39.932839997,0.700060551,0.794513166,52,0.121212121,34.256800365,true,COMPLETE
1.0,OP_CONFIRM_MLE_BASE_CAPACITY_SECURITY_PLUS_4,0efc30229024df398b0a79670c550ea3869c5337e3f66926aa0fac683945864d,TASK3_OPERATIONAL_POOLED_V1,CAPACITY_SECURITY_PLUS_4,LOCAL_WINDOW_HPP_BASE,18,300.000000000,334.189920297,419,371,0,31,0,17,48,419,0,0,0,0.049734139,0.093043522,0.631222299,3.600455329,0.680956438,4.032755840,0.000000000,0.000000000,0.000000000,35.499138256,38.850937658,0.683878958,0.776148341,48,0.114558473,34.189920297,true,COMPLETE
1.0,OP_CONFIRM_MLE_BASE_CAPACITY_SECURITY_PLUS_4,0efc30229024df398b0a79670c550ea3869c5337e3f66926aa0fac683945864d,TASK3_OPERATIONAL_POOLED_V1,CAPACITY_SECURITY_PLUS_4,LOCAL_WINDOW_HPP_BASE,19,300.000000000,337.327171625,445,385,0,39,0,21,60,445,0,0,0,0.000585516,0.000000000,0.639063408,2.425435031,0.639648923,2.425435031,0.000000000,0.000000000,0.000000000,35.457830741,37.243616849,0.719560395,0.816643940,60,0.134831461,37.327171625,true,COMPLETE
1.0,OP_CONFIRM_MLE_BASE_CAPACITY_SECURITY_PLUS_4,0efc30229024df398b0a79670c550ea3869c5337e3f66926aa0fac683945864d,TASK3_OPERATIONAL_POOLED_V1,CAPACITY_SECURITY_PLUS_4,LOCAL_WINDOW_HPP_BASE,20,300.000000000,333.821416391,418,370,0,29,0,19,48,418,0,0,0,0.018791114,0.000000000,0.560478163,2.915940463,0.579269278,3.057065052,0.000000000,0.000000000,0.000000000,35.397451096,37.875246870,0.682999918,0.775150701,48,0.114832536,33.821416391,true,COMPLETE
1.0,OP_CONFIRM_MLE_BASE_CAPACITY_SECURITY_PLUS_4,0efc30229024df398b0a79670c550ea3869c5337e3f66926aa0fac683945864d,TASK3_OPERATIONAL_POOLED_V1,CAPACITY_SECURITY_PLUS_4,LOCAL_WINDOW_HPP_BASE,21,300.000000000,336.725252561,417,364,0,39,0,14,53,417,0,0,0,0.075692882,0.548109044,1.398647093,5.523101727,1.474339976,5.631371356,0.000000000,0.000000000,0.000000000,36.292521794,40.449553174,0.675490014,0.766627555,53,0.127098321,36.725252561,true,COMPLETE
1.0,OP_CONFIRM_MLE_BASE_CAPACITY_SECURITY_PLUS_4,0efc30229024df398b0a79670c550ea3869c5337e3f66926aa0fac683945864d,TASK3_OPERATIONAL_POOLED_V1,CAPACITY_SECURITY_PLUS_4,LOCAL_WINDOW_HPP_BASE,22,300.000000000,334.412573287,410,364,0,26,0,20,46,410,0,0,0,0.021368688,0.000000000,0.389949745,2.994874360,0.411318433,3.080674105,0.000000000,0.000000000,0.000000000,35.229500251,37.898855923,0.668743886,0.758971235,46,0.112195122,34.412573287,true,COMPLETE
1.0,OP_CONFIRM_MLE_BASE_CAPACITY_SECURITY_PLUS_4,0efc30229024df398b0a79670c550ea3869c5337e3f66926aa0fac683945864d,TASK3_OPERATIONAL_POOLED_V1,CAPACITY_SECURITY_PLUS_4,LOCAL_WINDOW_HPP_BASE,23,300.000000000,334.747190250,439,395,0,23,0,21,44,439,0,0,0,0.074686359,0.771825436,0.922308824,3.580781502,0.996995183,4.129665428,0.000000000,0.000000000,0.000000000,35.815177001,38.947847246,0.715329516,0.811842228,44,0.100227790,34.747190250,true,COMPLETE
1.0,OP_CONFIRM_MLE_BASE_CAPACITY_SECURITY_PLUS_4,0efc30229024df398b0a79670c550ea3869c5337e3f66926aa0fac683945864d,TASK3_OPERATIONAL_POOLED_V1,CAPACITY_SECURITY_PLUS_4,LOCAL_WINDOW_HPP_BASE,24,300.000000000,338.467134862,412,354,0,38,0,20,58,412,0,0,0,0.004422869,0.000000000,0.478170661,3.526881177,0.482593530,3.664500747,0.000000000,0.000000000,0.000000000,35.300775348,38.482682565,0.663955964,0.753537324,58,0.140776699,38.467134862,true,COMPLETE
1.0,OP_CONFIRM_MLE_BASE_CAPACITY_SECURITY_PLUS_4,0efc30229024df398b0a79670c550ea3869c5337e3f66926aa0fac683945864d,TASK3_OPERATIONAL_POOLED_V1,CAPACITY_SECURITY_PLUS_4,LOCAL_WINDOW_HPP_BASE,25,300.000000000,338.371411118,424,366,0,39,0,19,58,424,0,0,0,0.027393402,0.000000000,0.497321903,3.084987659,0.524715305,3.122289036,0.000000000,0.000000000,0.000000000,35.342897123,37.940470854,0.683487788,0.775704394,58,0.136792453,38.371411118,true,COMPLETE
1.0,OP_CONFIRM_MLE_BASE_CAPACITY_SECURITY_PLUS_4,0efc30229024df398b0a79670c550ea3869c5337e3f66926aa0fac683945864d,TASK3_OPERATIONAL_POOLED_V1,CAPACITY_SECURITY_PLUS_4,LOCAL_WINDOW_HPP_BASE,26,300.000000000,334.010066237,419,371,0,26,1,21,48,419,0,0,0,0.055252680,0.681690941,0.838931669,3.374928966,0.894184349,3.776524256,0.000000000,0.000000000,0.000000000,35.712366167,38.594706074,0.684247206,0.776566273,48,0.114558473,34.010066237,true,COMPLETE
1.0,OP_CONFIRM_MLE_BASE_CAPACITY_SECURITY_PLUS_4,0efc30229024df398b0a79670c550ea3869c5337e3f66926aa0fac683945864d,TASK3_OPERATIONAL_POOLED_V1,CAPACITY_SECURITY_PLUS_4,LOCAL_WINDOW_HPP_BASE,27,300.000000000,336.064699825,410,356,0,35,0,19,54,410,0,0,0,0.002612905,0.000000000,0.444789786,2.169853449,0.447402690,2.169853449,0.000000000,0.000000000,0.000000000,35.265584508,36.988035267,0.665456276,0.755240059,54,0.131707317,36.064699825,true,COMPLETE
1.0,OP_CONFIRM_MLE_BASE_CAPACITY_SECURITY_PLUS_4,0efc30229024df398b0a79670c550ea3869c5337e3f66926aa0fac683945864d,TASK3_OPERATIONAL_POOLED_V1,CAPACITY_SECURITY_PLUS_4,LOCAL_WINDOW_HPP_BASE,28,300.000000000,333.879729785,392,339,0,29,3,21,53,392,0,0,0,0.018195390,0.000000000,0.397903540,2.478904062,0.416098929,2.558203790,0.000000000,0.000000000,0.000000000,35.234280747,37.376385608,0.640404801,0.726808623,53,0.135204082,33.879729785,true,COMPLETE
1.0,OP_CONFIRM_MLE_BASE_CAPACITY_SECURITY_PLUS_4,0efc30229024df398b0a79670c550ea3869c5337e3f66926aa0fac683945864d,TASK3_OPERATIONAL_POOLED_V1,CAPACITY_SECURITY_PLUS_4,LOCAL_WINDOW_HPP_BASE,29,300.000000000,333.984371011,424,376,0,35,0,13,48,424,0,0,0,0.030445132,0.000000000,0.751962083,3.545510294,0.782407215,3.586199646,0.000000000,0.000000000,0.000000000,35.600589033,38.404381464,0.692465718,0.785893632,48,0.113207547,33.984371011,true,COMPLETE
1.0,OP_CONFIRM_MLE_BASE_CAPACITY_SECURITY_PLUS_4,0efc30229024df398b0a79670c550ea3869c5337e3f66926aa0fac683945864d,TASK3_OPERATIONAL_POOLED_V1,CAPACITY_SECURITY_PLUS_4,LOCAL_WINDOW_HPP_BASE,30,300.000000000,337.163838330,408,349,0,33,5,21,59,408,0,0,0,0.028106583,0.000000000,0.585476458,3.044866543,0.613583041,3.271337765,0.000000000,0.000000000,0.000000000,35.431764859,38.089519583,0.660051373,0.749105924,59,0.144607843,37.163838330,true,COMPLETE
1.0,OP_CONFIRM_MLE_BASE_CAPACITY_SECURITY_PLUS_4,0efc30229024df398b0a79670c550ea3869c5337e3f66926aa0fac683945864d,TASK3_OPERATIONAL_POOLED_V1,CAPACITY_SECURITY_PLUS_4,LOCAL_WINDOW_HPP_BASE,31,300.000000000,335.252251167,425,370,0,31,3,21,55,425,0,0,0,0.250943794,2.836283871,0.809536931,3.854165808,1.060480725,6.419427334,0.000000000,0.000000000,0.000000000,35.878662543,41.237609152,0.691473901,0.784767998,55,0.129411765,35.252251167,true,COMPLETE
1.0,OP_CONFIRM_MLE_BASE_CAPACITY_SECURITY_PLUS_4,0efc30229024df398b0a79670c550ea3869c5337e3f66926aa0fac683945864d,TASK3_OPERATIONAL_POOLED_V1,CAPACITY_SECURITY_PLUS_4,LOCAL_WINDOW_HPP_BASE,32,300.000000000,335.608438186,395,342,0,29,3,21,53,395,0,0,0,0.000000000,0.000000000,0.306703084,2.138010409,0.306703084,2.138010409,0.000000000,0.000000000,0.000000000,35.124884902,36.956192227,0.641981908,0.728598515,53,0.134177215,35.608438186,true,COMPLETE
1.0,OP_CONFIRM_MLE_BASE_CAPACITY_SECURITY_PLUS_4,0efc30229024df398b0a79670c550ea3869c5337e3f66926aa0fac683945864d,TASK3_OPERATIONAL_POOLED_V1,CAPACITY_SECURITY_PLUS_4,LOCAL_WINDOW_HPP_BASE,33,300.000000000,336.695958027,428,384,0,28,0,16,44,428,0,0,0,0.028008654,0.000000000,0.536725096,2.552841320,0.564733750,2.804888538,0.000000000,0.000000000,0.000000000,35.382915568,37.623070356,0.693369017,0.786918805,44,0.102803738,36.695958027,true,COMPLETE
1.0,OP_CONFIRM_MLE_BASE_CAPACITY_SECURITY_PLUS_4,0efc30229024df398b0a79670c550ea3869c5337e3f66926aa0fac683945864d,TASK3_OPERATIONAL_POOLED_V1,CAPACITY_SECURITY_PLUS_4,LOCAL_WINDOW_HPP_BASE,34,300.000000000,338.339499534,426,365,1,40,0,20,61,426,0,0,0,0.060285648,0.070813877,0.464029390,2.965389347,0.524315038,3.357871272,0.000000000,0.000000000,0.000000000,35.342496856,38.176053090,0.686776556,0.779436885,61,0.143192488,38.339499534,true,COMPLETE
1.0,OP_CONFIRM_MLE_BASE_CAPACITY_SECURITY_PLUS_4,0efc30229024df398b0a79670c550ea3869c5337e3f66926aa0fac683945864d,TASK3_OPERATIONAL_POOLED_V1,CAPACITY_SECURITY_PLUS_4,LOCAL_WINDOW_HPP_BASE,35,300.000000000,343.481421421,451,380,6,40,4,21,71,451,0,0,0,0.165345197,1.520674827,1.094271812,4.095263148,1.259617008,5.462685396,0.000000000,0.000000000,0.000000000,36.077798826,40.280867214,0.716195941,0.812825553,71,0.157427938,43.481421421,true,COMPLETE
1.0,OP_CONFIRM_MLE_BASE_CAPACITY_SECURITY_PLUS_4,0efc30229024df398b0a79670c550ea3869c5337e3f66926aa0fac683945864d,TASK3_OPERATIONAL_POOLED_V1,CAPACITY_SECURITY_PLUS_4,LOCAL_WINDOW_HPP_BASE,36,300.000000000,335.262134136,414,369,0,32,0,13,45,414,0,0,0,0.000000000,0.000000000,0.235247049,2.008872078,0.235247049,2.008872078,0.000000000,0.000000000,0.000000000,35.053428867,36.827053896,0.673557073,0.764433821,45,0.108695652,35.262134136,true,COMPLETE
1.0,OP_CONFIRM_MLE_BASE_CAPACITY_SECURITY_PLUS_4,0efc30229024df398b0a79670c550ea3869c5337e3f66926aa0fac683945864d,TASK3_OPERATIONAL_POOLED_V1,CAPACITY_SECURITY_PLUS_4,LOCAL_WINDOW_HPP_BASE,37,300.000000000,334.323681021,408,354,0,31,2,21,54,408,0,0,0,0.022617288,0.000000000,0.541589674,3.080774470,0.564206962,3.174628896,0.000000000,0.000000000,0.000000000,35.382388780,37.992810714,0.665658663,0.755469753,54,0.132352941,34.323681021,true,COMPLETE
1.0,OP_CONFIRM_MLE_BASE_CAPACITY_SECURITY_PLUS_4,0efc30229024df398b0a79670c550ea3869c5337e3f66926aa0fac683945864d,TASK3_OPERATIONAL_POOLED_V1,CAPACITY_SECURITY_PLUS_4,LOCAL_WINDOW_HPP_BASE,38,300.000000000,334.203534405,406,362,0,23,0,21,44,406,0,0,0,0.000000000,0.000000000,0.216214773,1.642636100,0.216214773,1.642636100,0.000000000,0.000000000,0.000000000,35.034396591,36.460817918,0.662633763,0.752036730,44,0.108374384,34.203534405,true,COMPLETE
1.0,OP_CONFIRM_MLE_BASE_CAPACITY_SECURITY_PLUS_4,0efc30229024df398b0a79670c550ea3869c5337e3f66926aa0fac683945864d,TASK3_OPERATIONAL_POOLED_V1,CAPACITY_SECURITY_PLUS_4,LOCAL_WINDOW_HPP_BASE,39,300.000000000,341.633966433,388,323,2,40,2,21,65,388,0,0,0,0.089396064,0.414281940,0.581628352,3.521527459,0.671024415,3.935871965,0.000000000,0.000000000,0.000000000,35.489206233,38.754053783,0.619482793,0.703063805,65,0.167525773,41.633966433,true,COMPLETE
1.0,OP_CONFIRM_MLE_BASE_CAPACITY_SECURITY_PLUS_4,0efc30229024df398b0a79670c550ea3869c5337e3f66926aa0fac683945864d,TASK3_OPERATIONAL_POOLED_V1,CAPACITY_SECURITY_PLUS_4,LOCAL_WINDOW_HPP_BASE,40,300.000000000,335.272774441,399,345,0,32,1,21,54,399,0,0,0,0.074003145,0.000000000,0.299409934,2.820323306,0.373413078,3.480655201,0.000000000,0.000000000,0.000000000,35.191594896,38.298837019,0.649132230,0.736713562,54,0.135338346,35.272774441,true,COMPLETE
1.0,OP_CONFIRM_MLE_BASE_CAPACITY_SECURITY_PLUS_4,0efc30229024df398b0a79670c550ea3869c5337e3f66926aa0fac683945864d,TASK3_OPERATIONAL_POOLED_V1,CAPACITY_SECURITY_PLUS_4,LOCAL_WINDOW_HPP_BASE,41,300.000000000,334.367218497,416,371,0,27,0,18,45,416,0,0,0,0.023074516,0.000000000,0.522486566,2.914000856,0.545561082,3.109469851,0.000000000,0.000000000,0.000000000,35.363742900,37.927651669,0.678622420,0.770182588,45,0.108173077,34.367218497,true,COMPLETE
1.0,OP_CONFIRM_MLE_BASE_CAPACITY_SECURITY_PLUS_4,0efc30229024df398b0a79670c550ea3869c5337e3f66926aa0fac683945864d,TASK3_OPERATIONAL_POOLED_V1,CAPACITY_SECURITY_PLUS_4,LOCAL_WINDOW_HPP_BASE,42,300.000000000,334.308413002,403,353,0,24,5,21,50,403,0,0,0,0.124477748,0.972463139,0.981172355,5.547876023,1.105650103,6.687418591,0.000000000,0.000000000,0.000000000,35.923831921,41.505600409,0.657531110,0.746245625,50,0.124069479,34.308413002,true,COMPLETE
1.0,OP_CONFIRM_MLE_BASE_CAPACITY_SECURITY_PLUS_4,0efc30229024df398b0a79670c550ea3869c5337e3f66926aa0fac683945864d,TASK3_OPERATIONAL_POOLED_V1,CAPACITY_SECURITY_PLUS_4,LOCAL_WINDOW_HPP_BASE,43,300.000000000,334.691888900,407,353,0,26,7,21,54,407,0,0,0,0.077253874,0.739844402,0.626323909,3.650145386,0.703577783,4.159654097,0.000000000,0.000000000,0.000000000,35.521759601,38.977835915,0.663296624,0.752789026,54,0.132678133,34.691888900,true,COMPLETE
1.0,OP_CONFIRM_MLE_BASE_CAPACITY_SECURITY_PLUS_4,0efc30229024df398b0a79670c550ea3869c5337e3f66926aa0fac683945864d,TASK3_OPERATIONAL_POOLED_V1,CAPACITY_SECURITY_PLUS_4,LOCAL_WINDOW_HPP_BASE,44,300.000000000,333.476554778,366,324,0,31,0,11,42,366,0,0,0,0.000000000,0.000000000,0.069226095,0.485576818,0.069226095,0.485576818,0.000000000,0.000000000,0.000000000,34.887407913,35.303758636,0.598651872,0.679422362,42,0.114754098,33.476554778,true,COMPLETE
1.0,OP_CONFIRM_MLE_BASE_CAPACITY_SECURITY_PLUS_4,0efc30229024df398b0a79670c550ea3869c5337e3f66926aa0fac683945864d,TASK3_OPERATIONAL_POOLED_V1,CAPACITY_SECURITY_PLUS_4,LOCAL_WINDOW_HPP_BASE,45,300.000000000,333.751947751,399,349,0,28,1,21,50,399,0,0,0,0.013781221,0.000000000,0.270176545,1.934077654,0.283957766,1.934077654,0.000000000,0.000000000,0.000000000,35.102139584,36.752259472,0.652090168,0.740070587,50,0.125313283,33.751947751,true,COMPLETE
1.0,OP_CONFIRM_MLE_BASE_CAPACITY_SECURITY_PLUS_4,0efc30229024df398b0a79670c550ea3869c5337e3f66926aa0fac683945864d,TASK3_OPERATIONAL_POOLED_V1,CAPACITY_SECURITY_PLUS_4,LOCAL_WINDOW_HPP_BASE,46,300.000000000,335.149693468,452,394,0,29,8,21,58,452,0,0,0,0.251211138,2.293600918,1.591238356,4.925077815,1.842449494,6.710195808,0.000000000,0.000000000,0.000000000,36.660631312,41.528377626,0.735627868,0.834879247,58,0.128318584,35.149693468,true,COMPLETE
1.0,OP_CONFIRM_MLE_BASE_CAPACITY_SECURITY_PLUS_4,0efc30229024df398b0a79670c550ea3869c5337e3f66926aa0fac683945864d,TASK3_OPERATIONAL_POOLED_V1,CAPACITY_SECURITY_PLUS_4,LOCAL_WINDOW_HPP_BASE,47,300.000000000,334.574566537,385,347,0,24,0,14,38,385,0,0,0,0.000000000,0.000000000,0.134085678,1.442984503,0.134085678,1.442984503,0.000000000,0.000000000,0.000000000,34.952267496,36.261166321,0.627662772,0.712347432,38,0.098701299,34.574566537,true,COMPLETE
1.0,OP_CONFIRM_MLE_BASE_CAPACITY_SECURITY_PLUS_4,0efc30229024df398b0a79670c550ea3869c5337e3f66926aa0fac683945864d,TASK3_OPERATIONAL_POOLED_V1,CAPACITY_SECURITY_PLUS_4,LOCAL_WINDOW_HPP_BASE,48,300.000000000,334.182435039,416,364,0,28,3,21,52,416,0,0,0,0.243845870,2.787626626,1.106690045,5.172310008,1.350535915,6.902429115,0.000000000,0.000000000,0.000000000,36.168717733,41.720610933,0.678997659,0.770608454,52,0.125000000,34.182435039,true,COMPLETE
1.0,OP_CONFIRM_MLE_BASE_CAPACITY_SECURITY_PLUS_4,0efc30229024df398b0a79670c550ea3869c5337e3f66926aa0fac683945864d,TASK3_OPERATIONAL_POOLED_V1,CAPACITY_SECURITY_PLUS_4,LOCAL_WINDOW_HPP_BASE,49,300.000000000,332.907357814,423,375,0,27,0,21,48,423,0,0,0,0.122866615,0.113378318,0.868929250,3.713574500,0.991795865,4.499141151,0.000000000,0.000000000,0.000000000,35.809977683,39.317322969,0.693067508,0.786576616,48,0.113475177,32.907357814,true,COMPLETE
1.0,OP_CONFIRM_MLE_BASE_CAPACITY_SECURITY_PLUS_4,0efc30229024df398b0a79670c550ea3869c5337e3f66926aa0fac683945864d,TASK3_OPERATIONAL_POOLED_V1,CAPACITY_SECURITY_PLUS_4,LOCAL_WINDOW_HPP_BASE,50,300.000000000,334.347157797,414,361,0,29,3,21,53,414,0,0,0,0.033500838,0.000000000,0.727846530,3.502031429,0.761347368,3.821507767,0.000000000,0.000000000,0.000000000,35.579529186,38.639689585,0.675400333,0.766525775,53,0.128019324,34.347157797,true,COMPLETE
1.0,OP_CONFIRM_EXACT95_HIGH_CAPACITY_SECURITY_PLUS_4,a9364c0ce0bb791d9df3e0ce27f0dbff6f9ec2b51a813d48d21b79e2344018d1,TASK3_OPERATIONAL_POOLED_V1,CAPACITY_SECURITY_PLUS_4,LOCAL_WINDOW_HPP_EXACT95_HIGH,1,300.000000000,391.892981916,564,415,36,40,52,21,149,564,0,0,0,11.274247336,19.724489363,17.581055442,36.056655181,28.855302778,54.468972400,0.000000000,0.000000000,0.000000000,63.673484596,89.287154218,0.785000951,0.890913778,149,0.264184397,91.892981916,true,COMPLETE
1.0,OP_CONFIRM_EXACT95_HIGH_CAPACITY_SECURITY_PLUS_4,a9364c0ce0bb791d9df3e0ce27f0dbff6f9ec2b51a813d48d21b79e2344018d1,TASK3_OPERATIONAL_POOLED_V1,CAPACITY_SECURITY_PLUS_4,LOCAL_WINDOW_HPP_EXACT95_HIGH,2,300.000000000,401.299059471,593,428,42,40,62,21,165,593,0,0,0,13.604282033,26.855783680,20.537157772,40.309468367,34.141439805,67.050706619,0.000000000,0.000000000,0.000000000,68.959621623,101.868888437,0.806018698,0.914767253,165,0.278246206,101.299059471,true,COMPLETE
1.0,OP_CONFIRM_EXACT95_HIGH_CAPACITY_SECURITY_PLUS_4,a9364c0ce0bb791d9df3e0ce27f0dbff6f9ec2b51a813d48d21b79e2344018d1,TASK3_OPERATIONAL_POOLED_V1,CAPACITY_SECURITY_PLUS_4,LOCAL_WINDOW_HPP_EXACT95_HIGH,3,300.000000000,414.575829205,617,430,71,40,55,21,187,617,0,0,0,13.905541813,36.878577827,19.938161110,39.733877513,33.843702923,75.841724605,0.000000000,0.000000000,0.000000000,68.661884741,110.659906423,0.811782624,0.921308851,187,0.303079417,114.575829205,true,COMPLETE
1.0,OP_CONFIRM_EXACT95_HIGH_CAPACITY_SECURITY_PLUS_4,a9364c0ce0bb791d9df3e0ce27f0dbff6f9ec2b51a813d48d21b79e2344018d1,TASK3_OPERATIONAL_POOLED_V1,CAPACITY_SECURITY_PLUS_4,LOCAL_WINDOW_HPP_EXACT95_HIGH,4,300.000000000,378.295159668,562,434,20,40,47,21,128,562,0,0,0,3.800455051,9.988330597,17.569677427,35.108825406,21.370132477,41.550244253,0.000000000,0.000000000,0.000000000,56.188314295,76.368426071,0.810334065,0.919664852,128,0.227758007,78.295159668,true,COMPLETE
1.0,OP_CONFIRM_EXACT95_HIGH_CAPACITY_SECURITY_PLUS_4,a9364c0ce0bb791d9df3e0ce27f0dbff6f9ec2b51a813d48d21b79e2344018d1,TASK3_OPERATIONAL_POOLED_V1,CAPACITY_SECURITY_PLUS_4,LOCAL_WINDOW_HPP_EXACT95_HIGH,5,300.000000000,400.637730253,591,427,42,40,61,21,164,591,0,0,0,9.294985765,21.380847453,21.495738806,41.307291170,30.790724571,62.354155384,0.000000000,0.000000000,0.000000000,65.608906389,97.172337202,0.804626255,0.913186940,164,0.277495770,100.637730253,true,COMPLETE
1.0,OP_CONFIRM_EXACT95_HIGH_CAPACITY_SECURITY_PLUS_4,a9364c0ce0bb791d9df3e0ce27f0dbff6f9ec2b51a813d48d21b79e2344018d1,TASK3_OPERATIONAL_POOLED_V1,CAPACITY_SECURITY_PLUS_4,LOCAL_WINDOW_HPP_EXACT95_HIGH,6,300.000000000,388.740233840,571,430,25,40,55,21,141,571,0,0,0,5.661300410,11.195923128,19.902793125,38.763684587,25.564093535,49.594051748,0.000000000,0.000000000,0.000000000,60.382275353,84.412233566,0.801189376,0.909286356,141,0.246935201,88.740233840,true,COMPLETE
1.0,OP_CONFIRM_EXACT95_HIGH_CAPACITY_SECURITY_PLUS_4,a9364c0ce0bb791d9df3e0ce27f0dbff6f9ec2b51a813d48d21b79e2344018d1,TASK3_OPERATIONAL_POOLED_V1,CAPACITY_SECURITY_PLUS_4,LOCAL_WINDOW_HPP_EXACT95_HIGH,7,300.000000000,391.156461325,574,426,25,40,62,21,148,574,0,0,0,4.484190141,12.060447685,20.318265558,38.788090087,24.802455698,49.910739352,0.000000000,0.000000000,0.000000000,59.620637516,84.728921170,0.800423718,0.908417394,148,0.257839721,91.156461325,true,COMPLETE
1.0,OP_CONFIRM_EXACT95_HIGH_CAPACITY_SECURITY_PLUS_4,a9364c0ce0bb791d9df3e0ce27f0dbff6f9ec2b51a813d48d21b79e2344018d1,TASK3_OPERATIONAL_POOLED_V1,CAPACITY_SECURITY_PLUS_4,LOCAL_WINDOW_HPP_EXACT95_HIGH,8,300.000000000,379.141160726,559,429,8,40,61,21,130,559,0,0,0,4.150324014,7.724945652,19.986471667,38.206869252,24.136795681,44.141291115,0.000000000,0.000000000,0.000000000,58.954977499,78.959472933,0.804209942,0.912714458,130,0.232558140,79.141160726,true,COMPLETE
1.0,OP_CONFIRM_EXACT95_HIGH_CAPACITY_SECURITY_PLUS_4,a9364c0ce0bb791d9df3e0ce27f0dbff6f9ec2b51a813d48d21b79e2344018d1,TASK3_OPERATIONAL_POOLED_V1,CAPACITY_SECURITY_PLUS_4,LOCAL_WINDOW_HPP_EXACT95_HIGH,9,300.000000000,414.579675674,612,425,66,40,60,21,187,612,0,0,0,13.434600093,33.342993754,21.470753480,41.751415252,34.905353573,74.760693370,0.000000000,0.000000000,0.000000000,69.723535391,109.578875188,0.805196688,0.913834337,187,0.305555556,114.579675674,true,COMPLETE
1.0,OP_CONFIRM_EXACT95_HIGH_CAPACITY_SECURITY_PLUS_4,a9364c0ce0bb791d9df3e0ce27f0dbff6f9ec2b51a813d48d21b79e2344018d1,TASK3_OPERATIONAL_POOLED_V1,CAPACITY_SECURITY_PLUS_4,LOCAL_WINDOW_HPP_EXACT95_HIGH,10,300.000000000,375.681218233,560,437,0,40,62,21,123,560,0,0,0,5.124799845,13.250186220,23.142689052,41.793338862,28.267488897,42.951227244,0.000000000,0.000000000,0.000000000,63.085670715,77.769409062,0.813068449,0.922768160,123,0.219642857,75.681218233,true,COMPLETE
1.0,OP_CONFIRM_EXACT95_HIGH_CAPACITY_SECURITY_PLUS_4,a9364c0ce0bb791d9df3e0ce27f0dbff6f9ec2b51a813d48d21b79e2344018d1,TASK3_OPERATIONAL_POOLED_V1,CAPACITY_SECURITY_PLUS_4,LOCAL_WINDOW_HPP_EXACT95_HIGH,11,300.000000000,364.365296511,534,431,0,33,49,21,103,534,0,0,0,3.215343911,8.728202451,18.115249581,30.477393128,21.330593492,33.751219239,0.000000000,0.000000000,0.000000000,56.148775310,68.569401057,0.799397555,0.907252781,103,0.192883895,64.365296511,true,COMPLETE
1.0,OP_CONFIRM_EXACT95_HIGH_CAPACITY_SECURITY_PLUS_4,a9364c0ce0bb791d9df3e0ce27f0dbff6f9ec2b51a813d48d21b79e2344018d1,TASK3_OPERATIONAL_POOLED_V1,CAPACITY_SECURITY_PLUS_4,LOCAL_WINDOW_HPP_EXACT95_HIGH,12,300.000000000,390.042585715,577,431,24,40,61,21,146,577,0,0,0,11.647714771,18.610327181,21.260407611,39.962775389,32.908122382,54.825743130,0.000000000,0.000000000,0.000000000,67.726304200,89.643924948,0.806904898,0.915773019,146,0.253032929,90.042585715,true,COMPLETE
1.0,OP_CONFIRM_EXACT95_HIGH_CAPACITY_SECURITY_PLUS_4,a9364c0ce0bb791d9df3e0ce27f0dbff6f9ec2b51a813d48d21b79e2344018d1,TASK3_OPERATIONAL_POOLED_V1,CAPACITY_SECURITY_PLUS_4,LOCAL_WINDOW_HPP_EXACT95_HIGH,13,300.000000000,403.468059074,594,427,56,40,50,21,167,594,0,0,0,14.600397303,28.636024548,18.484116744,38.108469719,33.084514048,66.216303637,0.000000000,0.000000000,0.000000000,67.902695866,101.034485455,0.803037546,0.911383881,167,0.281144781,103.468059074,true,COMPLETE
1.0,OP_CONFIRM_EXACT95_HIGH_CAPACITY_SECURITY_PLUS_4,a9364c0ce0bb791d9df3e0ce27f0dbff6f9ec2b51a813d48d21b79e2344018d1,TASK3_OPERATIONAL_POOLED_V1,CAPACITY_SECURITY_PLUS_4,LOCAL_WINDOW_HPP_EXACT95_HIGH,14,300.000000000,392.441797872,577,427,37,40,52,21,150,577,0,0,0,6.660312470,16.610696011,16.506332143,35.379152077,23.166644613,51.847167367,0.000000000,0.000000000,0.000000000,57.984826431,86.665349185,0.801971845,0.910174396,150,0.259965338,92.441797872,true,COMPLETE
1.0,OP_CONFIRM_EXACT95_HIGH_CAPACITY_SECURITY_PLUS_4,a9364c0ce0bb791d9df3e0ce27f0dbff6f9ec2b51a813d48d21b79e2344018d1,TASK3_OPERATIONAL_POOLED_V1,CAPACITY_SECURITY_PLUS_4,LOCAL_WINDOW_HPP_EXACT95_HIGH,15,300.000000000,408.772583593,604,428,52,40,63,21,176,604,0,0,0,16.792255618,30.677121374,22.419906632,42.750076652,39.212162250,71.829051472,0.000000000,0.000000000,0.000000000,74.030344068,106.647233290,0.805960475,0.914701173,176,0.291390728,108.772583593,true,COMPLETE
1.0,OP_CONFIRM_EXACT95_HIGH_CAPACITY_SECURITY_PLUS_4,a9364c0ce0bb791d9df3e0ce27f0dbff6f9ec2b51a813d48d21b79e2344018d1,TASK3_OPERATIONAL_POOLED_V1,CAPACITY_SECURITY_PLUS_4,LOCAL_WINDOW_HPP_EXACT95_HIGH,16,300.000000000,377.682265286,549,425,15,40,48,21,124,549,0,0,0,3.777173919,9.504839940,14.401372343,31.810431074,18.178546263,40.521593985,0.000000000,0.000000000,0.000000000,52.996728081,75.339775803,0.792874257,0.899849355,124,0.225865209,77.682265286,true,COMPLETE
1.0,OP_CONFIRM_EXACT95_HIGH_CAPACITY_SECURITY_PLUS_4,a9364c0ce0bb791d9df3e0ce27f0dbff6f9ec2b51a813d48d21b79e2344018d1,TASK3_OPERATIONAL_POOLED_V1,CAPACITY_SECURITY_PLUS_4,LOCAL_WINDOW_HPP_EXACT95_HIGH,17,300.000000000,374.929084336,550,428,8,40,53,21,122,550,0,0,0,4.739048961,9.649015259,16.980587811,32.204045806,21.719636771,40.801357117,0.000000000,0.000000000,0.000000000,56.537818589,75.619538935,0.800151315,0.908108239,122,0.221818182,74.929084336,true,COMPLETE
1.0,OP_CONFIRM_EXACT95_HIGH_CAPACITY_SECURITY_PLUS_4,a9364c0ce0bb791d9df3e0ce27f0dbff6f9ec2b51a813d48d21b79e2344018d1,TASK3_OPERATIONAL_POOLED_V1,CAPACITY_SECURITY_PLUS_4,LOCAL_WINDOW_HPP_EXACT95_HIGH,18,300.000000000,405.955538258,598,429,57,40,51,21,169,598,0,0,0,8.616874494,26.311075326,18.559764297,37.454017904,27.176638791,63.899093340,0.000000000,0.000000000,0.000000000,61.994820609,98.717275158,0.803491485,0.911899066,169,0.282608696,105.955538258,true,COMPLETE
1.0,OP_CONFIRM_EXACT95_HIGH_CAPACITY_SECURITY_PLUS_4,a9364c0ce0bb791d9df3e0ce27f0dbff6f9ec2b51a813d48d21b79e2344018d1,TASK3_OPERATIONAL_POOLED_V1,CAPACITY_SECURITY_PLUS_4,LOCAL_WINDOW_HPP_EXACT95_HIGH,19,300.000000000,375.797917060,550,427,19,40,43,21,123,550,0,0,0,2.551361642,8.452887392,15.009343985,29.734729045,17.560705627,36.664923306,0.000000000,0.000000000,0.000000000,52.378887445,71.483105124,0.798301391,0.906008722,123,0.223636364,75.797917060,true,COMPLETE
1.0,OP_CONFIRM_EXACT95_HIGH_CAPACITY_SECURITY_PLUS_4,a9364c0ce0bb791d9df3e0ce27f0dbff6f9ec2b51a813d48d21b79e2344018d1,TASK3_OPERATIONAL_POOLED_V1,CAPACITY_SECURITY_PLUS_4,LOCAL_WINDOW_HPP_EXACT95_HIGH,20,300.000000000,395.395693231,581,426,56,40,38,21,155,581,0,0,0,8.705992732,26.939422571,11.069019555,27.758018712,19.775012287,54.323718062,0.000000000,0.000000000,0.000000000,54.593194105,89.141899880,0.801498591,0.909637289,155,0.266781411,95.395693231,true,COMPLETE
1.0,OP_CONFIRM_EXACT95_HIGH_CAPACITY_SECURITY_PLUS_4,a9364c0ce0bb791d9df3e0ce27f0dbff6f9ec2b51a813d48d21b79e2344018d1,TASK3_OPERATIONAL_POOLED_V1,CAPACITY_SECURITY_PLUS_4,LOCAL_WINDOW_HPP_EXACT95_HIGH,21,300.000000000,377.141701474,556,431,22,40,42,21,125,556,0,0,0,2.242807236,8.885894850,16.159757236,29.851741906,18.402564472,39.981243512,0.000000000,0.000000000,0.000000000,53.220746290,74.799425330,0.804134695,0.912629059,125,0.224820144,77.141701474,true,COMPLETE
1.0,OP_CONFIRM_EXACT95_HIGH_CAPACITY_SECURITY_PLUS_4,a9364c0ce0bb791d9df3e0ce27f0dbff6f9ec2b51a813d48d21b79e2344018d1,TASK3_OPERATIONAL_POOLED_V1,CAPACITY_SECURITY_PLUS_4,LOCAL_WINDOW_HPP_EXACT95_HIGH,22,300.000000000,369.149014919,537,426,3,40,47,21,111,537,0,0,0,3.378448676,11.143509579,15.275711353,29.952979667,18.654160029,34.202179859,0.000000000,0.000000000,0.000000000,53.472341847,69.020361677,0.793471143,0.900526774,111,0.206703911,69.149014919,true,COMPLETE
1.0,OP_CONFIRM_EXACT95_HIGH_CAPACITY_SECURITY_PLUS_4,a9364c0ce0bb791d9df3e0ce27f0dbff6f9ec2b51a813d48d21b79e2344018d1,TASK3_OPERATIONAL_POOLED_V1,CAPACITY_SECURITY_PLUS_4,LOCAL_WINDOW_HPP_EXACT95_HIGH,23,300.000000000,392.810269830,576,425,45,40,45,21,151,576,0,0,0,7.650673685,22.202348655,15.159943268,32.567333060,22.810616953,54.900807735,0.000000000,0.000000000,0.000000000,57.628798771,89.718989553,0.799830968,0.907744670,151,0.262152778,92.810269830,true,COMPLETE
1.0,OP_CONFIRM_EXACT95_HIGH_CAPACITY_SECURITY_PLUS_4,a9364c0ce0bb791d9df3e0ce27f0dbff6f9ec2b51a813d48d21b79e2344018d1,TASK3_OPERATIONAL_POOLED_V1,CAPACITY_SECURITY_PLUS_4,LOCAL_WINDOW_HPP_EXACT95_HIGH,24,300.000000000,381.587679702,565,431,14,40,59,21,134,565,0,0,0,6.697316606,12.702710217,20.133626435,38.540785509,26.830943041,46.122373971,0.000000000,0.000000000,0.000000000,61.649124859,80.940555789,0.807630420,0.916596430,134,0.237168142,81.587679702,true,COMPLETE
1.0,OP_CONFIRM_EXACT95_HIGH_CAPACITY_SECURITY_PLUS_4,a9364c0ce0bb791d9df3e0ce27f0dbff6f9ec2b51a813d48d21b79e2344018d1,TASK3_OPERATIONAL_POOLED_V1,CAPACITY_SECURITY_PLUS_4,LOCAL_WINDOW_HPP_EXACT95_HIGH,25,300.000000000,362.294358568,530,427,2,40,40,21,103,530,0,0,0,1.311855749,4.521466896,13.705512671,23.644812212,15.017368420,27.603468433,0.000000000,0.000000000,0.000000000,49.835550238,62.421650251,0.797944826,0.905604049,103,0.194339623,62.294358568,true,COMPLETE
1.0,OP_CONFIRM_EXACT95_HIGH_CAPACITY_SECURITY_PLUS_4,a9364c0ce0bb791d9df3e0ce27f0dbff6f9ec2b51a813d48d21b79e2344018d1,TASK3_OPERATIONAL_POOLED_V1,CAPACITY_SECURITY_PLUS_4,LOCAL_WINDOW_HPP_EXACT95_HIGH,26,300.000000000,393.835481004,582,428,22,40,71,21,154,582,0,0,0,12.901380627,21.559030261,22.856284989,42.827807654,35.757665616,57.335201036,0.000000000,0.000000000,0.000000000,70.575847434,92.153382854,0.806058775,0.914812737,154,0.264604811,93.835481004,true,COMPLETE
1.0,OP_CONFIRM_EXACT95_HIGH_CAPACITY_SECURITY_PLUS_4,a9364c0ce0bb791d9df3e0ce27f0dbff6f9ec2b51a813d48d21b79e2344018d1,TASK3_OPERATIONAL_POOLED_V1,CAPACITY_SECURITY_PLUS_4,LOCAL_WINDOW_HPP_EXACT95_HIGH,27,300.000000000,383.634986974,563,427,18,40,57,21,136,563,0,0,0,7.645524634,13.870216089,19.640412614,38.416058898,27.285937248,45.100714018,0.000000000,0.000000000,0.000000000,62.104119066,79.918895836,0.800476806,0.908477645,136,0.241563055,83.634986974,true,COMPLETE
1.0,OP_CONFIRM_EXACT95_HIGH_CAPACITY_SECURITY_PLUS_4,a9364c0ce0bb791d9df3e0ce27f0dbff6f9ec2b51a813d48d21b79e2344018d1,TASK3_OPERATIONAL_POOLED_V1,CAPACITY_SECURITY_PLUS_4,LOCAL_WINDOW_HPP_EXACT95_HIGH,28,300.000000000,391.932595937,575,426,43,40,45,21,149,575,0,0,0,7.782775096,21.676158424,14.395832957,32.654750404,22.178608053,53.510463602,0.000000000,0.000000000,0.000000000,56.996789871,88.328645420,0.800230363,0.908197952,149,0.259130435,91.932595937,true,COMPLETE
1.0,OP_CONFIRM_EXACT95_HIGH_CAPACITY_SECURITY_PLUS_4,a9364c0ce0bb791d9df3e0ce27f0dbff6f9ec2b51a813d48d21b79e2344018d1,TASK3_OPERATIONAL_POOLED_V1,CAPACITY_SECURITY_PLUS_4,LOCAL_WINDOW_HPP_EXACT95_HIGH,29,300.000000000,352.834659171,513,428,0,28,36,21,85,513,0,0,0,2.378347873,8.125857413,11.094225165,20.477427923,13.472573038,24.331068210,0.000000000,0.000000000,0.000000000,48.290754856,59.149250028,0.793057526,0.900057351,85,0.165692008,52.834659171,true,COMPLETE
1.0,OP_CONFIRM_EXACT95_HIGH_CAPACITY_SECURITY_PLUS_4,a9364c0ce0bb791d9df3e0ce27f0dbff6f9ec2b51a813d48d21b79e2344018d1,TASK3_OPERATIONAL_POOLED_V1,CAPACITY_SECURITY_PLUS_4,LOCAL_WINDOW_HPP_EXACT95_HIGH,30,300.000000000,401.123862064,591,424,49,40,57,21,167,591,0,0,0,10.383666737,27.573197682,18.999732809,38.115167371,29.383399546,63.062777197,0.000000000,0.000000000,0.000000000,64.201581364,97.880959015,0.803651108,0.912080226,167,0.282571912,101.123862064,true,COMPLETE
1.0,OP_CONFIRM_EXACT95_HIGH_CAPACITY_SECURITY_PLUS_4,a9364c0ce0bb791d9df3e0ce27f0dbff6f9ec2b51a813d48d21b79e2344018d1,TASK3_OPERATIONAL_POOLED_V1,CAPACITY_SECURITY_PLUS_4,LOCAL_WINDOW_HPP_EXACT95_HIGH,31,300.000000000,405.171075688,606,432,53,40,60,21,174,606,0,0,0,16.430299069,28.749291109,21.666852311,41.746229243,38.097151380,70.398322235,0.000000000,0.000000000,0.000000000,72.915333198,105.216504053,0.815817008,0.925887556,174,0.287128713,105.171075688,true,COMPLETE
1.0,OP_CONFIRM_EXACT95_HIGH_CAPACITY_SECURITY_PLUS_4,a9364c0ce0bb791d9df3e0ce27f0dbff6f9ec2b51a813d48d21b79e2344018d1,TASK3_OPERATIONAL_POOLED_V1,CAPACITY_SECURITY_PLUS_4,LOCAL_WINDOW_HPP_EXACT95_HIGH,32,300.000000000,376.030865180,551,430,1,40,59,21,121,551,0,0,0,4.218602868,10.418043291,20.009555795,37.516149366,24.228158663,39.080333806,0.000000000,0.000000000,0.000000000,59.046340481,73.898515624,0.799257408,0.907093725,121,0.219600726,76.030865180,true,COMPLETE
1.0,OP_CONFIRM_EXACT95_HIGH_CAPACITY_SECURITY_PLUS_4,a9364c0ce0bb791d9df3e0ce27f0dbff6f9ec2b51a813d48d21b79e2344018d1,TASK3_OPERATIONAL_POOLED_V1,CAPACITY_SECURITY_PLUS_4,LOCAL_WINDOW_HPP_EXACT95_HIGH,33,300.000000000,389.502690959,573,428,35,40,49,21,145,573,0,0,0,6.679547559,16.255155208,16.499878927,34.437230625,23.179426487,50.987868384,0.000000000,0.000000000,0.000000000,57.997608305,85.806050202,0.802421811,0.910685071,145,0.253054101,89.502690959,true,COMPLETE
1.0,OP_CONFIRM_EXACT95_HIGH_CAPACITY_SECURITY_PLUS_4,a9364c0ce0bb791d9df3e0ce27f0dbff6f9ec2b51a813d48d21b79e2344018d1,TASK3_OPERATIONAL_POOLED_V1,CAPACITY_SECURITY_PLUS_4,LOCAL_WINDOW_HPP_EXACT95_HIGH,34,300.000000000,395.981370482,587,428,35,40,63,21,159,587,0,0,0,9.622076983,20.537456479,21.788441543,41.903479585,31.410518526,61.187998270,0.000000000,0.000000000,0.000000000,66.228700344,96.006180088,0.808577984,0.917671839,159,0.270868825,95.981370482,true,COMPLETE
1.0,OP_CONFIRM_EXACT95_HIGH_CAPACITY_SECURITY_PLUS_4,a9364c0ce0bb791d9df3e0ce27f0dbff6f9ec2b51a813d48d21b79e2344018d1,TASK3_OPERATIONAL_POOLED_V1,CAPACITY_SECURITY_PLUS_4,LOCAL_WINDOW_HPP_EXACT95_HIGH,35,300.000000000,374.502972463,548,429,15,40,43,21,119,548,0,0,0,2.488966374,7.108951646,12.614333170,29.293038702,15.103299544,34.948701432,0.000000000,0.000000000,0.000000000,49.921481362,69.766883250,0.798148781,0.905835521,119,0.217153285,74.502972463,true,COMPLETE
1.0,OP_CONFIRM_EXACT95_HIGH_CAPACITY_SECURITY_PLUS_4,a9364c0ce0bb791d9df3e0ce27f0dbff6f9ec2b51a813d48d21b79e2344018d1,TASK3_OPERATIONAL_POOLED_V1,CAPACITY_SECURITY_PLUS_4,LOCAL_WINDOW_HPP_EXACT95_HIGH,36,300.000000000,387.271942947,567,424,27,40,55,21,143,567,0,0,0,8.317744933,17.765868190,16.279870781,34.830755885,24.597615714,51.519684494,0.000000000,0.000000000,0.000000000,59.415797532,86.337866312,0.798593167,0.906339864,143,0.252204586,87.271942947,true,COMPLETE
1.0,OP_CONFIRM_EXACT95_HIGH_CAPACITY_SECURITY_PLUS_4,a9364c0ce0bb791d9df3e0ce27f0dbff6f9ec2b51a813d48d21b79e2344018d1,TASK3_OPERATIONAL_POOLED_V1,CAPACITY_SECURITY_PLUS_4,LOCAL_WINDOW_HPP_EXACT95_HIGH,37,300.000000000,379.255510047,556,428,17,40,50,21,128,556,0,0,0,4.441159941,13.882023591,16.968224752,33.310707784,21.409384694,46.841755047,0.000000000,0.000000000,0.000000000,56.227566512,81.659936865,0.799652791,0.907542454,128,0.230215827,79.255510047,true,COMPLETE
1.0,OP_CONFIRM_EXACT95_HIGH_CAPACITY_SECURITY_PLUS_4,a9364c0ce0bb791d9df3e0ce27f0dbff6f9ec2b51a813d48d21b79e2344018d1,TASK3_OPERATIONAL_POOLED_V1,CAPACITY_SECURITY_PLUS_4,LOCAL_WINDOW_HPP_EXACT95_HIGH,38,300.000000000,380.379357627,550,418,17,40,54,21,132,550,0,0,0,8.755823794,14.904004510,16.708221403,34.956144206,25.464045197,45.368261160,0.000000000,0.000000000,0.000000000,60.282227015,80.186442978,0.788686331,0.895096392,132,0.240000000,80.379357627,true,COMPLETE
1.0,OP_CONFIRM_EXACT95_HIGH_CAPACITY_SECURITY_PLUS_4,a9364c0ce0bb791d9df3e0ce27f0dbff6f9ec2b51a813d48d21b79e2344018d1,TASK3_OPERATIONAL_POOLED_V1,CAPACITY_SECURITY_PLUS_4,LOCAL_WINDOW_HPP_EXACT95_HIGH,39,300.000000000,393.398433193,581,428,39,40,53,21,153,581,0,0,0,9.742333921,20.222623280,18.393419703,37.790311013,28.135753624,57.554582890,0.000000000,0.000000000,0.000000000,62.953935442,92.372764708,0.805567751,0.914255463,153,0.263339071,93.398433193,true,COMPLETE
1.0,OP_CONFIRM_EXACT95_HIGH_CAPACITY_SECURITY_PLUS_4,a9364c0ce0bb791d9df3e0ce27f0dbff6f9ec2b51a813d48d21b79e2344018d1,TASK3_OPERATIONAL_POOLED_V1,CAPACITY_SECURITY_PLUS_4,LOCAL_WINDOW_HPP_EXACT95_HIGH,40,300.000000000,403.396599124,596,429,50,40,56,21,167,596,0,0,0,9.824604947,24.950276281,20.818734940,40.245766708,30.643339887,65.467530476,0.000000000,0.000000000,0.000000000,65.461521705,100.285712294,0.805884110,0.914614505,167,0.280201342,103.396599124,true,COMPLETE
1.0,OP_CONFIRM_EXACT95_HIGH_CAPACITY_SECURITY_PLUS_4,a9364c0ce0bb791d9df3e0ce27f0dbff6f9ec2b51a813d48d21b79e2344018d1,TASK3_OPERATIONAL_POOLED_V1,CAPACITY_SECURITY_PLUS_4,LOCAL_WINDOW_HPP_EXACT95_HIGH,41,300.000000000,382.214291633,562,426,27,40,48,21,136,562,0,0,0,10.508049556,17.962457069,15.424827030,32.889936884,25.932876587,49.133243769,0.000000000,0.000000000,0.000000000,60.751058405,83.951425587,0.802025098,0.910234833,136,0.241992883,82.214291633,true,COMPLETE
1.0,OP_CONFIRM_EXACT95_HIGH_CAPACITY_SECURITY_PLUS_4,a9364c0ce0bb791d9df3e0ce27f0dbff6f9ec2b51a813d48d21b79e2344018d1,TASK3_OPERATIONAL_POOLED_V1,CAPACITY_SECURITY_PLUS_4,LOCAL_WINDOW_HPP_EXACT95_HIGH,42,300.000000000,401.093140972,591,428,42,40,60,21,163,591,0,0,0,13.833821492,24.573769811,20.620741808,40.037467332,34.454563299,63.453268995,0.000000000,0.000000000,0.000000000,69.272745117,98.271450813,0.803712663,0.912150086,163,0.275803723,101.093140972,true,COMPLETE
1.0,OP_CONFIRM_EXACT95_HIGH_CAPACITY_SECURITY_PLUS_4,a9364c0ce0bb791d9df3e0ce27f0dbff6f9ec2b51a813d48d21b79e2344018d1,TASK3_OPERATIONAL_POOLED_V1,CAPACITY_SECURITY_PLUS_4,LOCAL_WINDOW_HPP_EXACT95_HIGH,43,300.000000000,384.279235744,562,427,17,40,57,21,135,562,0,0,0,7.730035943,12.741521149,18.204647400,36.544698994,25.934683343,45.744542375,0.000000000,0.000000000,0.000000000,60.752865161,80.562724193,0.797715375,0.905343640,135,0.240213523,84.279235744,true,COMPLETE
1.0,OP_CONFIRM_EXACT95_HIGH_CAPACITY_SECURITY_PLUS_4,a9364c0ce0bb791d9df3e0ce27f0dbff6f9ec2b51a813d48d21b79e2344018d1,TASK3_OPERATIONAL_POOLED_V1,CAPACITY_SECURITY_PLUS_4,LOCAL_WINDOW_HPP_EXACT95_HIGH,44,300.000000000,403.196860816,591,425,49,40,56,21,166,591,0,0,0,9.136015506,24.475903467,20.434260046,39.837766345,29.570275553,64.676967392,0.000000000,0.000000000,0.000000000,64.388457371,99.495149210,0.799519212,0.907390851,166,0.280879865,103.196860816,true,COMPLETE
1.0,OP_CONFIRM_EXACT95_HIGH_CAPACITY_SECURITY_PLUS_4,a9364c0ce0bb791d9df3e0ce27f0dbff6f9ec2b51a813d48d21b79e2344018d1,TASK3_OPERATIONAL_POOLED_V1,CAPACITY_SECURITY_PLUS_4,LOCAL_WINDOW_HPP_EXACT95_HIGH,45,300.000000000,410.586150430,609,429,58,40,61,21,180,609,0,0,0,14.108718643,29.821138833,21.812081024,41.967785149,35.920799667,71.142548132,0.000000000,0.000000000,0.000000000,70.738981485,105.960729950,0.809042920,0.918199505,180,0.295566502,110.586150430,true,COMPLETE
1.0,OP_CONFIRM_EXACT95_HIGH_CAPACITY_SECURITY_PLUS_4,a9364c0ce0bb791d9df3e0ce27f0dbff6f9ec2b51a813d48d21b79e2344018d1,TASK3_OPERATIONAL_POOLED_V1,CAPACITY_SECURITY_PLUS_4,LOCAL_WINDOW_HPP_EXACT95_HIGH,46,300.000000000,383.419245314,564,425,19,40,59,21,139,564,0,0,0,4.428245645,11.802721976,19.043087887,37.107527349,23.471333532,49.117158924,0.000000000,0.000000000,0.000000000,58.289515350,83.935340742,0.802349823,0.910603371,139,0.246453901,83.419245314,true,COMPLETE
1.0,OP_CONFIRM_EXACT95_HIGH_CAPACITY_SECURITY_PLUS_4,a9364c0ce0bb791d9df3e0ce27f0dbff6f9ec2b51a813d48d21b79e2344018d1,TASK3_OPERATIONAL_POOLED_V1,CAPACITY_SECURITY_PLUS_4,LOCAL_WINDOW_HPP_EXACT95_HIGH,47,300.000000000,357.911367635,521,424,1,40,35,21,97,521,0,0,0,1.814519857,6.696368706,8.459462565,22.993521942,10.273982423,24.839269975,0.000000000,0.000000000,0.000000000,45.092164241,59.657451793,0.794000537,0.901127594,97,0.186180422,57.911367635,true,COMPLETE
1.0,OP_CONFIRM_EXACT95_HIGH_CAPACITY_SECURITY_PLUS_4,a9364c0ce0bb791d9df3e0ce27f0dbff6f9ec2b51a813d48d21b79e2344018d1,TASK3_OPERATIONAL_POOLED_V1,CAPACITY_SECURITY_PLUS_4,LOCAL_WINDOW_HPP_EXACT95_HIGH,48,300.000000000,374.609167880,548,426,4,40,57,21,122,548,0,0,0,5.884408055,11.343239355,17.465729691,35.266993721,23.350137746,40.855465257,0.000000000,0.000000000,0.000000000,58.168319564,75.673647075,0.797922519,0.905578732,122,0.222627737,74.609167880,true,COMPLETE
1.0,OP_CONFIRM_EXACT95_HIGH_CAPACITY_SECURITY_PLUS_4,a9364c0ce0bb791d9df3e0ce27f0dbff6f9ec2b51a813d48d21b79e2344018d1,TASK3_OPERATIONAL_POOLED_V1,CAPACITY_SECURITY_PLUS_4,LOCAL_WINDOW_HPP_EXACT95_HIGH,49,300.000000000,387.520436238,569,429,20,40,59,21,140,569,0,0,0,9.890256772,18.256243086,19.931071509,38.434001787,29.821328281,49.720877493,0.000000000,0.000000000,0.000000000,64.639510099,84.539059311,0.800896178,0.908953599,140,0.246045694,87.520436238,true,COMPLETE
1.0,OP_CONFIRM_EXACT95_HIGH_CAPACITY_SECURITY_PLUS_4,a9364c0ce0bb791d9df3e0ce27f0dbff6f9ec2b51a813d48d21b79e2344018d1,TASK3_OPERATIONAL_POOLED_V1,CAPACITY_SECURITY_PLUS_4,LOCAL_WINDOW_HPP_EXACT95_HIGH,50,300.000000000,400.107643702,589,431,39,40,58,21,158,589,0,0,0,7.778175463,19.571906081,20.294658901,39.459524656,28.072834364,59.746697140,0.000000000,0.000000000,0.000000000,62.891016182,94.564878958,0.802965733,0.911302379,158,0.268251273,100.107643702,true,COMPLETE
1.0,OP_CONFIRM_EXACT95_LOW_CAPACITY_SECURITY_PLUS_4,a74f1c43d1e7330dabf9ae37612321af21799b456bd27f56db170446d229217d,TASK3_OPERATIONAL_POOLED_V1,CAPACITY_SECURITY_PLUS_4,LOCAL_WINDOW_HPP_EXACT95_LOW,1,300.000000000,333.378284734,313,277,0,22,0,14,36,313,0,0,0,0.000000000,0.000000000,0.034405505,0.000000000,0.034405505,0.000000000,0.000000000,0.000000000,0.000000000,34.852587323,34.818181818,0.512112758,0.581207336,36,0.115015974,33.378284734,true,COMPLETE
1.0,OP_CONFIRM_EXACT95_LOW_CAPACITY_SECURITY_PLUS_4,a74f1c43d1e7330dabf9ae37612321af21799b456bd27f56db170446d229217d,TASK3_OPERATIONAL_POOLED_V1,CAPACITY_SECURITY_PLUS_4,LOCAL_WINDOW_HPP_EXACT95_LOW,2,300.000000000,332.283944051,299,263,0,20,0,16,36,299,0,0,0,0.000000000,0.000000000,0.000900810,0.000000000,0.000900810,0.000000000,0.000000000,0.000000000,0.000000000,34.819082628,34.818181818,0.490817904,0.557039368,36,0.120401338,32.283944051,true,COMPLETE
1.0,OP_CONFIRM_EXACT95_LOW_CAPACITY_SECURITY_PLUS_4,a74f1c43d1e7330dabf9ae37612321af21799b456bd27f56db170446d229217d,TASK3_OPERATIONAL_POOLED_V1,CAPACITY_SECURITY_PLUS_4,LOCAL_WINDOW_HPP_EXACT95_LOW,3,300.000000000,334.763588245,285,251,0,27,0,7,34,285,0,0,0,0.000000000,0.000000000,0.098612482,0.692946853,0.098612482,0.692946853,0.000000000,0.000000000,0.000000000,34.916794300,35.511128671,0.464371129,0.527024377,34,0.119298246,34.763588245,true,COMPLETE
1.0,OP_CONFIRM_EXACT95_LOW_CAPACITY_SECURITY_PLUS_4,a74f1c43d1e7330dabf9ae37612321af21799b456bd27f56db170446d229217d,TASK3_OPERATIONAL_POOLED_V1,CAPACITY_SECURITY_PLUS_4,LOCAL_WINDOW_HPP_EXACT95_LOW,4,300.000000000,334.214032222,293,254,0,27,0,12,39,293,0,0,0,0.000000000,0.000000000,0.000000000,0.000000000,0.000000000,0.000000000,0.000000000,0.000000000,0.000000000,34.818181818,34.818181818,0.478191118,0.542708968,39,0.133105802,34.214032222,true,COMPLETE
1.0,OP_CONFIRM_EXACT95_LOW_CAPACITY_SECURITY_PLUS_4,a74f1c43d1e7330dabf9ae37612321af21799b456bd27f56db170446d229217d,TASK3_OPERATIONAL_POOLED_V1,CAPACITY_SECURITY_PLUS_4,LOCAL_WINDOW_HPP_EXACT95_LOW,5,300.000000000,333.398993631,289,254,0,23,0,12,35,289,0,0,0,0.000000000,0.000000000,0.003926900,0.000000000,0.003926900,0.000000000,0.000000000,0.000000000,0.000000000,34.822108718,34.818181818,0.472815955,0.536608584,35,0.121107266,33.398993631,true,COMPLETE
1.0,OP_CONFIRM_EXACT95_LOW_CAPACITY_SECURITY_PLUS_4,a74f1c43d1e7330dabf9ae37612321af21799b456bd27f56db170446d229217d,TASK3_OPERATIONAL_POOLED_V1,CAPACITY_SECURITY_PLUS_4,LOCAL_WINDOW_HPP_EXACT95_LOW,6,300.000000000,334.503790859,310,286,0,15,0,9,24,310,0,0,0,0.000000000,0.000000000,0.001133148,0.000000000,0.001133148,0.000000000,0.000000000,0.000000000,0.000000000,34.819314966,34.818181818,0.505497736,0.573699812,24,0.077419355,34.503790859,true,COMPLETE
1.0,OP_CONFIRM_EXACT95_LOW_CAPACITY_SECURITY_PLUS_4,a74f1c43d1e7330dabf9ae37612321af21799b456bd27f56db170446d229217d,TASK3_OPERATIONAL_POOLED_V1,CAPACITY_SECURITY_PLUS_4,LOCAL_WINDOW_HPP_EXACT95_LOW,7,300.000000000,334.009467665,254,220,0,19,0,15,34,254,0,0,0,0.000000000,0.000000000,0.000000000,0.000000000,0.000000000,0.000000000,0.000000000,0.000000000,0.000000000,34.818181818,34.818181818,0.414794992,0.470759396,34,0.133858268,34.009467665,true,COMPLETE
1.0,OP_CONFIRM_EXACT95_LOW_CAPACITY_SECURITY_PLUS_4,a74f1c43d1e7330dabf9ae37612321af21799b456bd27f56db170446d229217d,TASK3_OPERATIONAL_POOLED_V1,CAPACITY_SECURITY_PLUS_4,LOCAL_WINDOW_HPP_EXACT95_LOW,8,300.000000000,334.204293046,279,242,0,26,0,11,37,279,0,0,0,0.000000000,0.000000000,0.000000000,0.000000000,0.000000000,0.000000000,0.000000000,0.000000000,0.000000000,34.818181818,34.818181818,0.455355665,0.516792541,37,0.132616487,34.204293046,true,COMPLETE
1.0,OP_CONFIRM_EXACT95_LOW_CAPACITY_SECURITY_PLUS_4,a74f1c43d1e7330dabf9ae37612321af21799b456bd27f56db170446d229217d,TASK3_OPERATIONAL_POOLED_V1,CAPACITY_SECURITY_PLUS_4,LOCAL_WINDOW_HPP_EXACT95_LOW,9,300.000000000,334.651209542,271,235,0,22,0,14,36,271,0,0,0,0.000000000,0.000000000,0.007156757,0.000000000,0.007156757,0.000000000,0.000000000,0.000000000,0.000000000,34.825338575,34.818181818,0.441708195,0.501303745,36,0.132841328,34.651209542,true,COMPLETE
1.0,OP_CONFIRM_EXACT95_LOW_CAPACITY_SECURITY_PLUS_4,a74f1c43d1e7330dabf9ae37612321af21799b456bd27f56db170446d229217d,TASK3_OPERATIONAL_POOLED_V1,CAPACITY_SECURITY_PLUS_4,LOCAL_WINDOW_HPP_EXACT95_LOW,10,300.000000000,333.986965101,321,285,0,22,0,14,36,321,0,0,0,0.000000000,0.000000000,0.017432566,0.000000000,0.017432566,0.000000000,0.000000000,0.000000000,0.000000000,34.835614384,34.818181818,0.524244738,0.594976171,36,0.112149533,33.986965101,true,COMPLETE
1.0,OP_CONFIRM_EXACT95_LOW_CAPACITY_SECURITY_PLUS_4,a74f1c43d1e7330dabf9ae37612321af21799b456bd27f56db170446d229217d,TASK3_OPERATIONAL_POOLED_V1,CAPACITY_SECURITY_PLUS_4,LOCAL_WINDOW_HPP_EXACT95_LOW,11,300.000000000,334.383425690,276,248,0,19,0,9,28,276,0,0,0,0.000000000,0.000000000,0.000000000,0.000000000,0.000000000,0.000000000,0.000000000,0.000000000,0.000000000,34.818181818,34.818181818,0.450218052,0.510961757,28,0.101449275,34.383425690,true,COMPLETE
1.0,OP_CONFIRM_EXACT95_LOW_CAPACITY_SECURITY_PLUS_4,a74f1c43d1e7330dabf9ae37612321af21799b456bd27f56db170446d229217d,TASK3_OPERATIONAL_POOLED_V1,CAPACITY_SECURITY_PLUS_4,LOCAL_WINDOW_HPP_EXACT95_LOW,12,300.000000000,334.365001603,299,251,0,33,0,15,48,299,0,0,0,0.000000000,0.000000000,0.053231757,0.189676011,0.053231757,0.189676011,0.000000000,0.000000000,0.000000000,34.871413575,35.007857829,0.487763098,0.553572405,48,0.160535117,34.365001603,true,COMPLETE
1.0,OP_CONFIRM_EXACT95_LOW_CAPACITY_SECURITY_PLUS_4,a74f1c43d1e7330dabf9ae37612321af21799b456bd27f56db170446d229217d,TASK3_OPERATIONAL_POOLED_V1,CAPACITY_SECURITY_PLUS_4,LOCAL_WINDOW_HPP_EXACT95_LOW,13,300.000000000,334.664495631,286,256,0,19,0,11,30,286,0,0,0,0.000000000,0.000000000,0.000000000,0.000000000,0.000000000,0.000000000,0.000000000,0.000000000,0.000000000,34.818181818,34.818181818,0.466138482,0.529030182,30,0.104895105,34.664495631,true,COMPLETE
1.0,OP_CONFIRM_EXACT95_LOW_CAPACITY_SECURITY_PLUS_4,a74f1c43d1e7330dabf9ae37612321af21799b456bd27f56db170446d229217d,TASK3_OPERATIONAL_POOLED_V1,CAPACITY_SECURITY_PLUS_4,LOCAL_WINDOW_HPP_EXACT95_LOW,14,300.000000000,334.504039286,264,224,0,27,0,13,40,264,0,0,0,0.000000000,0.000000000,0.006418947,0.000000000,0.006418947,0.000000000,0.000000000,0.000000000,0.000000000,34.824600765,34.818181818,0.430488075,0.488569800,40,0.151515152,34.504039286,true,COMPLETE
1.0,OP_CONFIRM_EXACT95_LOW_CAPACITY_SECURITY_PLUS_4,a74f1c43d1e7330dabf9ae37612321af21799b456bd27f56db170446d229217d,TASK3_OPERATIONAL_POOLED_V1,CAPACITY_SECURITY_PLUS_4,LOCAL_WINDOW_HPP_EXACT95_LOW,15,300.000000000,334.767924815,296,263,0,21,0,12,33,296,0,0,0,0.000000000,0.000000000,0.001106328,0.000000000,0.001106328,0.000000000,0.000000000,0.000000000,0.000000000,34.819288146,34.818181818,0.482287978,0.547358578,33,0.111486486,34.767924815,true,COMPLETE
1.0,OP_CONFIRM_EXACT95_LOW_CAPACITY_SECURITY_PLUS_4,a74f1c43d1e7330dabf9ae37612321af21799b456bd27f56db170446d229217d,TASK3_OPERATIONAL_POOLED_V1,CAPACITY_SECURITY_PLUS_4,LOCAL_WINDOW_HPP_EXACT95_LOW,16,300.000000000,334.431918804,278,244,0,26,0,8,34,278,0,0,0,0.000000000,0.000000000,0.000000000,0.000000000,0.000000000,0.000000000,0.000000000,0.000000000,0.000000000,34.818181818,34.818181818,0.453414746,0.514589752,34,0.122302158,34.431918804,true,COMPLETE
1.0,OP_CONFIRM_EXACT95_LOW_CAPACITY_SECURITY_PLUS_4,a74f1c43d1e7330dabf9ae37612321af21799b456bd27f56db170446d229217d,TASK3_OPERATIONAL_POOLED_V1,CAPACITY_SECURITY_PLUS_4,LOCAL_WINDOW_HPP_EXACT95_LOW,17,300.000000000,334.762375366,310,271,0,28,0,11,39,310,0,0,0,0.000000000,0.000000000,0.096207409,0.913788785,0.096207409,0.913788785,0.000000000,0.000000000,0.000000000,34.914389227,35.731970603,0.505107269,0.573256662,39,0.125806452,34.762375366,true,COMPLETE
1.0,OP_CONFIRM_EXACT95_LOW_CAPACITY_SECURITY_PLUS_4,a74f1c43d1e7330dabf9ae37612321af21799b456bd27f56db170446d229217d,TASK3_OPERATIONAL_POOLED_V1,CAPACITY_SECURITY_PLUS_4,LOCAL_WINDOW_HPP_EXACT95_LOW,18,300.000000000,333.369913239,298,259,0,20,0,19,39,298,0,0,0,0.000000000,0.000000000,0.000000000,0.000000000,0.000000000,0.000000000,0.000000000,0.000000000,0.000000000,34.818181818,34.818181818,0.487582856,0.553367845,39,0.130872483,33.369913239,true,COMPLETE
1.0,OP_CONFIRM_EXACT95_LOW_CAPACITY_SECURITY_PLUS_4,a74f1c43d1e7330dabf9ae37612321af21799b456bd27f56db170446d229217d,TASK3_OPERATIONAL_POOLED_V1,CAPACITY_SECURITY_PLUS_4,LOCAL_WINDOW_HPP_EXACT95_LOW,19,300.000000000,334.345704763,272,241,0,25,0,6,31,272,0,0,0,0.000000000,0.000000000,0.000000000,0.000000000,0.000000000,0.000000000,0.000000000,0.000000000,0.000000000,34.818181818,34.818181818,0.443743210,0.503613326,31,0.113970588,34.345704763,true,COMPLETE
1.0,OP_CONFIRM_EXACT95_LOW_CAPACITY_SECURITY_PLUS_4,a74f1c43d1e7330dabf9ae37612321af21799b456bd27f56db170446d229217d,TASK3_OPERATIONAL_POOLED_V1,CAPACITY_SECURITY_PLUS_4,LOCAL_WINDOW_HPP_EXACT95_LOW,20,300.000000000,333.059981036,280,252,0,16,0,12,28,280,0,0,0,0.000000000,0.000000000,0.000000000,0.000000000,0.000000000,0.000000000,0.000000000,0.000000000,0.000000000,34.818181818,34.818181818,0.458557862,0.520426780,28,0.100000000,33.059981036,true,COMPLETE
1.0,OP_CONFIRM_EXACT95_LOW_CAPACITY_SECURITY_PLUS_4,a74f1c43d1e7330dabf9ae37612321af21799b456bd27f56db170446d229217d,TASK3_OPERATIONAL_POOLED_V1,CAPACITY_SECURITY_PLUS_4,LOCAL_WINDOW_HPP_EXACT95_LOW,21,300.000000000,334.383882730,272,248,0,14,0,10,24,272,0,0,0,0.000000000,0.000000000,0.004148657,0.000000000,0.004148657,0.000000000,0.000000000,0.000000000,0.000000000,34.822330475,34.818181818,0.443692546,0.503555826,24,0.088235294,34.383882730,true,COMPLETE
1.0,OP_CONFIRM_EXACT95_LOW_CAPACITY_SECURITY_PLUS_4,a74f1c43d1e7330dabf9ae37612321af21799b456bd27f56db170446d229217d,TASK3_OPERATIONAL_POOLED_V1,CAPACITY_SECURITY_PLUS_4,LOCAL_WINDOW_HPP_EXACT95_LOW,22,300.000000000,334.375348407,312,265,0,34,0,13,47,312,0,0,0,0.000000000,0.000000000,0.083946701,0.569649471,0.083946701,0.569649471,0.000000000,0.000000000,0.000000000,34.902128519,35.387831289,0.508954440,0.577622896,47,0.150641026,34.375348407,true,COMPLETE
1.0,OP_CONFIRM_EXACT95_LOW_CAPACITY_SECURITY_PLUS_4,a74f1c43d1e7330dabf9ae37612321af21799b456bd27f56db170446d229217d,TASK3_OPERATIONAL_POOLED_V1,CAPACITY_SECURITY_PLUS_4,LOCAL_WINDOW_HPP_EXACT95_LOW,23,300.000000000,333.884950245,296,268,0,19,0,9,28,296,0,0,0,0.000000000,0.000000000,0.001057158,0.000000000,0.001057158,0.000000000,0.000000000,0.000000000,0.000000000,34.819238976,34.818181818,0.483563411,0.548806094,28,0.094594595,33.884950245,true,COMPLETE
1.0,OP_CONFIRM_EXACT95_LOW_CAPACITY_SECURITY_PLUS_4,a74f1c43d1e7330dabf9ae37612321af21799b456bd27f56db170446d229217d,TASK3_OPERATIONAL_POOLED_V1,CAPACITY_SECURITY_PLUS_4,LOCAL_WINDOW_HPP_EXACT95_LOW,24,300.000000000,334.544159448,299,253,0,30,0,16,46,299,0,0,0,0.000000000,0.000000000,0.000000000,0.000000000,0.000000000,0.000000000,0.000000000,0.000000000,0.000000000,34.818181818,34.818181818,0.487501887,0.553275951,46,0.153846154,34.544159448,true,COMPLETE
1.0,OP_CONFIRM_EXACT95_LOW_CAPACITY_SECURITY_PLUS_4,a74f1c43d1e7330dabf9ae37612321af21799b456bd27f56db170446d229217d,TASK3_OPERATIONAL_POOLED_V1,CAPACITY_SECURITY_PLUS_4,LOCAL_WINDOW_HPP_EXACT95_LOW,25,300.000000000,333.803665910,291,256,0,24,0,11,35,291,0,0,0,0.000000000,0.000000000,0.000000000,0.000000000,0.000000000,0.000000000,0.000000000,0.000000000,0.000000000,34.818181818,34.818181818,0.475510873,0.539667102,35,0.120274914,33.803665910,true,COMPLETE
1.0,OP_CONFIRM_EXACT95_LOW_CAPACITY_SECURITY_PLUS_4,a74f1c43d1e7330dabf9ae37612321af21799b456bd27f56db170446d229217d,TASK3_OPERATIONAL_POOLED_V1,CAPACITY_SECURITY_PLUS_4,LOCAL_WINDOW_HPP_EXACT95_LOW,26,300.000000000,334.692628558,273,240,0,20,0,13,33,273,0,0,0,0.000000000,0.000000000,0.002945248,0.000000000,0.002945248,0.000000000,0.000000000,0.000000000,0.000000000,34.821127066,34.818181818,0.444912969,0.504940909,33,0.120879121,34.692628558,true,COMPLETE
1.0,OP_CONFIRM_EXACT95_LOW_CAPACITY_SECURITY_PLUS_4,a74f1c43d1e7330dabf9ae37612321af21799b456bd27f56db170446d229217d,TASK3_OPERATIONAL_POOLED_V1,CAPACITY_SECURITY_PLUS_4,LOCAL_WINDOW_HPP_EXACT95_LOW,27,300.000000000,332.497741530,272,244,0,18,0,10,28,272,0,0,0,0.000000000,0.000000000,0.000000000,0.000000000,0.000000000,0.000000000,0.000000000,0.000000000,0.000000000,34.818181818,34.818181818,0.446209456,0.506412319,28,0.102941176,32.497741530,true,COMPLETE
1.0,OP_CONFIRM_EXACT95_LOW_CAPACITY_SECURITY_PLUS_4,a74f1c43d1e7330dabf9ae37612321af21799b456bd27f56db170446d229217d,TASK3_OPERATIONAL_POOLED_V1,CAPACITY_SECURITY_PLUS_4,LOCAL_WINDOW_HPP_EXACT95_LOW,28,300.000000000,334.557393197,258,233,0,16,0,9,25,258,0,0,0,0.000000000,0.000000000,0.000000000,0.000000000,0.000000000,0.000000000,0.000000000,0.000000000,0.000000000,34.818181818,34.818181818,0.420637163,0.477389796,25,0.096899225,34.557393197,true,COMPLETE
1.0,OP_CONFIRM_EXACT95_LOW_CAPACITY_SECURITY_PLUS_4,a74f1c43d1e7330dabf9ae37612321af21799b456bd27f56db170446d229217d,TASK3_OPERATIONAL_POOLED_V1,CAPACITY_SECURITY_PLUS_4,LOCAL_WINDOW_HPP_EXACT95_LOW,29,300.000000000,334.055309304,300,264,0,20,0,16,36,300,0,0,0,0.000000000,0.000000000,0.079523694,0.634141485,0.079523694,0.634141485,0.000000000,0.000000000,0.000000000,34.897705512,35.452323303,0.489848115,0.555938734,36,0.120000000,34.055309304,true,COMPLETE
1.0,OP_CONFIRM_EXACT95_LOW_CAPACITY_SECURITY_PLUS_4,a74f1c43d1e7330dabf9ae37612321af21799b456bd27f56db170446d229217d,TASK3_OPERATIONAL_POOLED_V1,CAPACITY_SECURITY_PLUS_4,LOCAL_WINDOW_HPP_EXACT95_LOW,30,300.000000000,333.547081962,267,232,0,27,0,8,35,267,0,0,0,0.000000000,0.000000000,0.000000000,0.000000000,0.000000000,0.000000000,0.000000000,0.000000000,0.000000000,34.818181818,34.818181818,0.436629104,0.495539380,35,0.131086142,33.547081962,true,COMPLETE
1.0,OP_CONFIRM_EXACT95_LOW_CAPACITY_SECURITY_PLUS_4,a74f1c43d1e7330dabf9ae37612321af21799b456bd27f56db170446d229217d,TASK3_OPERATIONAL_POOLED_V1,CAPACITY_SECURITY_PLUS_4,LOCAL_WINDOW_HPP_EXACT95_LOW,31,300.000000000,332.500307393,296,270,0,17,0,9,26,296,0,0,0,0.000000000,0.000000000,0.000006871,0.000000000,0.000006871,0.000000000,0.000000000,0.000000000,0.000000000,34.818188689,34.818181818,0.485577131,0.551091506,26,0.087837838,32.500307393,true,COMPLETE
1.0,OP_CONFIRM_EXACT95_LOW_CAPACITY_SECURITY_PLUS_4,a74f1c43d1e7330dabf9ae37612321af21799b456bd27f56db170446d229217d,TASK3_OPERATIONAL_POOLED_V1,CAPACITY_SECURITY_PLUS_4,LOCAL_WINDOW_HPP_EXACT95_LOW,32,300.000000000,333.258766840,288,245,0,29,0,14,43,288,0,0,0,0.000000000,0.000000000,0.000000000,0.000000000,0.000000000,0.000000000,0.000000000,0.000000000,0.000000000,34.818181818,34.818181818,0.471378174,0.534976817,43,0.149305556,33.258766840,true,COMPLETE
1.0,OP_CONFIRM_EXACT95_LOW_CAPACITY_SECURITY_PLUS_4,a74f1c43d1e7330dabf9ae37612321af21799b456bd27f56db170446d229217d,TASK3_OPERATIONAL_POOLED_V1,CAPACITY_SECURITY_PLUS_4,LOCAL_WINDOW_HPP_EXACT95_LOW,33,300.000000000,333.353517328,263,238,0,17,0,8,25,263,0,0,0,0.000000000,0.000000000,0.000000000,0.000000000,0.000000000,0.000000000,0.000000000,0.000000000,0.000000000,34.818181818,34.818181818,0.430337579,0.488398998,25,0.095057034,33.353517328,true,COMPLETE
1.0,OP_CONFIRM_EXACT95_LOW_CAPACITY_SECURITY_PLUS_4,a74f1c43d1e7330dabf9ae37612321af21799b456bd27f56db170446d229217d,TASK3_OPERATIONAL_POOLED_V1,CAPACITY_SECURITY_PLUS_4,LOCAL_WINDOW_HPP_EXACT95_LOW,34,300.000000000,333.918653247,282,249,0,15,0,18,33,282,0,0,0,0.000000000,0.000000000,0.001002814,0.000000000,0.001002814,0.000000000,0.000000000,0.000000000,0.000000000,34.819184632,34.818181818,0.460645670,0.522796277,33,0.117021277,33.918653247,true,COMPLETE
1.0,OP_CONFIRM_EXACT95_LOW_CAPACITY_SECURITY_PLUS_4,a74f1c43d1e7330dabf9ae37612321af21799b456bd27f56db170446d229217d,TASK3_OPERATIONAL_POOLED_V1,CAPACITY_SECURITY_PLUS_4,LOCAL_WINDOW_HPP_EXACT95_LOW,35,300.000000000,334.031797309,280,251,0,18,0,11,29,280,0,0,0,0.000000000,0.000000000,0.000000000,0.000000000,0.000000000,0.000000000,0.000000000,0.000000000,0.000000000,34.818181818,34.818181818,0.457223755,0.518912675,29,0.103571429,34.031797309,true,COMPLETE
1.0,OP_CONFIRM_EXACT95_LOW_CAPACITY_SECURITY_PLUS_4,a74f1c43d1e7330dabf9ae37612321af21799b456bd27f56db170446d229217d,TASK3_OPERATIONAL_POOLED_V1,CAPACITY_SECURITY_PLUS_4,LOCAL_WINDOW_HPP_EXACT95_LOW,36,300.000000000,334.046219248,272,235,0,21,0,16,37,272,0,0,0,0.000000000,0.000000000,0.000000000,0.000000000,0.000000000,0.000000000,0.000000000,0.000000000,0.000000000,34.818181818,34.818181818,0.444141043,0.504064835,37,0.136029412,34.046219248,true,COMPLETE
1.0,OP_CONFIRM_EXACT95_LOW_CAPACITY_SECURITY_PLUS_4,a74f1c43d1e7330dabf9ae37612321af21799b456bd27f56db170446d229217d,TASK3_OPERATIONAL_POOLED_V1,CAPACITY_SECURITY_PLUS_4,LOCAL_WINDOW_HPP_EXACT95_LOW,37,300.000000000,334.078766339,266,237,0,16,0,13,29,266,0,0,0,0.000000000,0.000000000,0.001079612,0.000000000,0.001079612,0.000000000,0.000000000,0.000000000,0.000000000,34.819261430,34.818181818,0.434301499,0.492897733,29,0.109022556,34.078766339,true,COMPLETE
1.0,OP_CONFIRM_EXACT95_LOW_CAPACITY_SECURITY_PLUS_4,a74f1c43d1e7330dabf9ae37612321af21799b456bd27f56db170446d229217d,TASK3_OPERATIONAL_POOLED_V1,CAPACITY_SECURITY_PLUS_4,LOCAL_WINDOW_HPP_EXACT95_LOW,38,300.000000000,333.973818889,341,302,0,23,0,16,39,341,0,0,0,0.000000000,0.000000000,0.006774636,0.000000000,0.006774636,0.000000000,0.000000000,0.000000000,0.000000000,34.824956454,34.818181818,0.556929883,0.632071217,39,0.114369501,33.973818889,true,COMPLETE
1.0,OP_CONFIRM_EXACT95_LOW_CAPACITY_SECURITY_PLUS_4,a74f1c43d1e7330dabf9ae37612321af21799b456bd27f56db170446d229217d,TASK3_OPERATIONAL_POOLED_V1,CAPACITY_SECURITY_PLUS_4,LOCAL_WINDOW_HPP_EXACT95_LOW,39,300.000000000,333.227369168,256,218,0,24,0,14,38,256,0,0,0,0.000000000,0.000000000,0.000000000,0.000000000,0.000000000,0.000000000,0.000000000,0.000000000,0.000000000,34.818181818,34.818181818,0.419042301,0.475579755,38,0.148437500,33.227369168,true,COMPLETE
1.0,OP_CONFIRM_EXACT95_LOW_CAPACITY_SECURITY_PLUS_4,a74f1c43d1e7330dabf9ae37612321af21799b456bd27f56db170446d229217d,TASK3_OPERATIONAL_POOLED_V1,CAPACITY_SECURITY_PLUS_4,LOCAL_WINDOW_HPP_EXACT95_LOW,40,300.000000000,334.470914622,276,253,0,13,0,10,23,276,0,0,0,0.000000000,0.000000000,0.000000000,0.000000000,0.000000000,0.000000000,0.000000000,0.000000000,0.000000000,34.818181818,34.818181818,0.450100287,0.510828103,23,0.083333333,34.470914622,true,COMPLETE
1.0,OP_CONFIRM_EXACT95_LOW_CAPACITY_SECURITY_PLUS_4,a74f1c43d1e7330dabf9ae37612321af21799b456bd27f56db170446d229217d,TASK3_OPERATIONAL_POOLED_V1,CAPACITY_SECURITY_PLUS_4,LOCAL_WINDOW_HPP_EXACT95_LOW,41,300.000000000,334.039386969,305,267,0,22,0,16,38,305,0,0,0,0.000000000,0.000000000,0.016411942,0.000000000,0.016411942,0.000000000,0.000000000,0.000000000,0.000000000,34.834593760,34.818181818,0.498035989,0.565231321,38,0.124590164,34.039386969,true,COMPLETE
1.0,OP_CONFIRM_EXACT95_LOW_CAPACITY_SECURITY_PLUS_4,a74f1c43d1e7330dabf9ae37612321af21799b456bd27f56db170446d229217d,TASK3_OPERATIONAL_POOLED_V1,CAPACITY_SECURITY_PLUS_4,LOCAL_WINDOW_HPP_EXACT95_LOW,42,300.000000000,334.117691289,298,260,0,25,0,13,38,298,0,0,0,0.000000000,0.000000000,0.000000000,0.000000000,0.000000000,0.000000000,0.000000000,0.000000000,0.000000000,34.818181818,34.818181818,0.486491613,0.552129370,38,0.127516779,34.117691289,true,COMPLETE
1.0,OP_CONFIRM_EXACT95_LOW_CAPACITY_SECURITY_PLUS_4,a74f1c43d1e7330dabf9ae37612321af21799b456bd27f56db170446d229217d,TASK3_OPERATIONAL_POOLED_V1,CAPACITY_SECURITY_PLUS_4,LOCAL_WINDOW_HPP_EXACT95_LOW,43,300.000000000,334.595220486,274,248,0,20,0,6,26,274,0,0,0,0.000000000,0.000000000,0.012639421,0.000000000,0.012639421,0.000000000,0.000000000,0.000000000,0.000000000,34.830821239,34.818181818,0.446672685,0.506938047,26,0.094890511,34.595220486,true,COMPLETE
1.0,OP_CONFIRM_EXACT95_LOW_CAPACITY_SECURITY_PLUS_4,a74f1c43d1e7330dabf9ae37612321af21799b456bd27f56db170446d229217d,TASK3_OPERATIONAL_POOLED_V1,CAPACITY_SECURITY_PLUS_4,LOCAL_WINDOW_HPP_EXACT95_LOW,44,300.000000000,333.612131684,288,252,0,19,0,17,36,288,0,0,0,0.000000000,0.000000000,0.000000000,0.000000000,0.000000000,0.000000000,0.000000000,0.000000000,0.000000000,34.818181818,34.818181818,0.470878886,0.534410165,36,0.125000000,33.612131684,true,COMPLETE
1.0,OP_CONFIRM_EXACT95_LOW_CAPACITY_SECURITY_PLUS_4,a74f1c43d1e7330dabf9ae37612321af21799b456bd27f56db170446d229217d,TASK3_OPERATIONAL_POOLED_V1,CAPACITY_SECURITY_PLUS_4,LOCAL_WINDOW_HPP_EXACT95_LOW,45,300.000000000,332.705388082,294,252,0,27,0,15,42,294,0,0,0,0.000000000,0.000000000,0.000000000,0.000000000,0.000000000,0.000000000,0.000000000,0.000000000,0.000000000,34.818181818,34.818181818,0.481998916,0.547030516,42,0.142857143,32.705388082,true,COMPLETE
1.0,OP_CONFIRM_EXACT95_LOW_CAPACITY_SECURITY_PLUS_4,a74f1c43d1e7330dabf9ae37612321af21799b456bd27f56db170446d229217d,TASK3_OPERATIONAL_POOLED_V1,CAPACITY_SECURITY_PLUS_4,LOCAL_WINDOW_HPP_EXACT95_LOW,46,300.000000000,334.547763371,296,252,0,26,0,18,44,296,0,0,0,0.000000000,0.000000000,0.044006599,0.000000000,0.044006599,0.000000000,0.000000000,0.000000000,0.000000000,34.862188417,34.818181818,0.482605365,0.547718787,44,0.148648649,34.547763371,true,COMPLETE
1.0,OP_CONFIRM_EXACT95_LOW_CAPACITY_SECURITY_PLUS_4,a74f1c43d1e7330dabf9ae37612321af21799b456bd27f56db170446d229217d,TASK3_OPERATIONAL_POOLED_V1,CAPACITY_SECURITY_PLUS_4,LOCAL_WINDOW_HPP_EXACT95_LOW,47,300.000000000,329.184016045,265,230,0,13,1,21,35,265,0,0,0,0.000000000,0.000000000,0.040889074,0.142978644,0.040889074,0.142978644,0.000000000,0.000000000,0.000000000,34.859070892,34.961160462,0.439102288,0.498346247,35,0.132075472,29.184016045,true,COMPLETE
1.0,OP_CONFIRM_EXACT95_LOW_CAPACITY_SECURITY_PLUS_4,a74f1c43d1e7330dabf9ae37612321af21799b456bd27f56db170446d229217d,TASK3_OPERATIONAL_POOLED_V1,CAPACITY_SECURITY_PLUS_4,LOCAL_WINDOW_HPP_EXACT95_LOW,48,300.000000000,334.462782154,296,264,0,14,0,18,32,296,0,0,0,0.000000000,0.000000000,0.016813924,0.000000000,0.016813924,0.000000000,0.000000000,0.000000000,0.000000000,34.834995742,34.818181818,0.482727987,0.547857953,32,0.108108108,34.462782154,true,COMPLETE
1.0,OP_CONFIRM_EXACT95_LOW_CAPACITY_SECURITY_PLUS_4,a74f1c43d1e7330dabf9ae37612321af21799b456bd27f56db170446d229217d,TASK3_OPERATIONAL_POOLED_V1,CAPACITY_SECURITY_PLUS_4,LOCAL_WINDOW_HPP_EXACT95_LOW,49,300.000000000,330.242669127,247,233,0,11,0,3,14,247,0,0,0,0.000000000,0.000000000,0.001144174,0.000000000,0.001144174,0.000000000,0.000000000,0.000000000,0.000000000,34.819325992,34.818181818,0.407964462,0.463007286,14,0.056680162,30.242669127,true,COMPLETE
1.0,OP_CONFIRM_EXACT95_LOW_CAPACITY_SECURITY_PLUS_4,a74f1c43d1e7330dabf9ae37612321af21799b456bd27f56db170446d229217d,TASK3_OPERATIONAL_POOLED_V1,CAPACITY_SECURITY_PLUS_4,LOCAL_WINDOW_HPP_EXACT95_LOW,50,300.000000000,334.204179571,295,266,0,17,0,12,29,295,0,0,0,0.000000000,0.000000000,0.000000000,0.000000000,0.000000000,0.000000000,0.000000000,0.000000000,0.000000000,34.818181818,34.818181818,0.481469415,0.546429574,29,0.098305085,34.204179571,true,COMPLETE
1.0,OP_CONFIRM_MLE_BASE_REFERENCE_ASSUMPTION_SANDBOX_V1,369372d7e06066baf12416f63c9b12a0af11b1ef17459431e126a703ba4c7eae,TASK3_OPERATIONAL_POOLED_V1,REFERENCE_ASSUMPTION_SANDBOX_V1,LOCAL_WINDOW_HPP_BASE,1,300.000000000,334.701527801,396,354,0,24,0,18,42,396,0,0,0,0.057488243,0.190262896,0.329950203,2.059438287,0.387438447,2.208553338,0.000000000,0.000000000,0.000000000,35.205620265,37.026735156,0.717056781,0.732422283,42,0.106060606,34.701527801,true,COMPLETE
1.0,OP_CONFIRM_MLE_BASE_REFERENCE_ASSUMPTION_SANDBOX_V1,369372d7e06066baf12416f63c9b12a0af11b1ef17459431e126a703ba4c7eae,TASK3_OPERATIONAL_POOLED_V1,REFERENCE_ASSUMPTION_SANDBOX_V1,LOCAL_WINDOW_HPP_BASE,2,300.000000000,340.938161730,442,377,8,36,0,21,65,442,0,0,0,0.365808343,2.433340877,0.598487048,2.636590984,0.964295391,3.486699562,0.000000000,0.000000000,0.000000000,35.782477209,38.304881380,0.785710777,0.802547436,65,0.147058824,40.938161730,true,COMPLETE
1.0,OP_CONFIRM_MLE_BASE_REFERENCE_ASSUMPTION_SANDBOX_V1,369372d7e06066baf12416f63c9b12a0af11b1ef17459431e126a703ba4c7eae,TASK3_OPERATIONAL_POOLED_V1,REFERENCE_ASSUMPTION_SANDBOX_V1,LOCAL_WINDOW_HPP_BASE,3,300.000000000,334.760392420,393,350,0,29,0,14,43,393,0,0,0,0.084898731,0.481609869,0.315424672,2.234494812,0.400323403,2.365394881,0.000000000,0.000000000,0.000000000,35.218505221,37.183576699,0.711499399,0.726745815,43,0.109414758,34.760392420,true,COMPLETE
1.0,OP_CONFIRM_MLE_BASE_REFERENCE_ASSUMPTION_SANDBOX_V1,369372d7e06066baf12416f63c9b12a0af11b1ef17459431e126a703ba4c7eae,TASK3_OPERATIONAL_POOLED_V1,REFERENCE_ASSUMPTION_SANDBOX_V1,LOCAL_WINDOW_HPP_BASE,4,300.000000000,335.403470296,410,356,0,35,0,19,54,410,0,0,0,0.031298571,0.000000000,0.134950367,1.210164980,0.166248938,1.430620064,0.000000000,0.000000000,0.000000000,34.984430756,36.248801882,0.740853541,0.756728974,54,0.131707317,35.403470296,true,COMPLETE
1.0,OP_CONFIRM_MLE_BASE_REFERENCE_ASSUMPTION_SANDBOX_V1,369372d7e06066baf12416f63c9b12a0af11b1ef17459431e126a703ba4c7eae,TASK3_OPERATIONAL_POOLED_V1,REFERENCE_ASSUMPTION_SANDBOX_V1,LOCAL_WINDOW_HPP_BASE,5,300.000000000,333.557018640,388,356,0,18,0,14,32,388,0,0,0,0.098018246,0.858015621,0.210945841,1.304149833,0.308964087,1.915322452,0.000000000,0.000000000,0.000000000,35.127145905,36.733504270,0.704981463,0.720088209,32,0.082474227,33.557018640,true,COMPLETE
1.0,OP_CONFIRM_MLE_BASE_REFERENCE_ASSUMPTION_SANDBOX_V1,369372d7e06066baf12416f63c9b12a0af11b1ef17459431e126a703ba4c7eae,TASK3_OPERATIONAL_POOLED_V1,REFERENCE_ASSUMPTION_SANDBOX_V1,LOCAL_WINDOW_HPP_BASE,6,300.000000000,332.893710211,419,368,0,33,0,18,51,419,0,0,0,0.101817006,0.855258499,0.320182870,1.801874664,0.421999876,2.201837100,0.000000000,0.000000000,0.000000000,35.240181694,37.020018918,0.762824247,0.779170481,51,0.121718377,32.893710211,true,COMPLETE
1.0,OP_CONFIRM_MLE_BASE_REFERENCE_ASSUMPTION_SANDBOX_V1,369372d7e06066baf12416f63c9b12a0af11b1ef17459431e126a703ba4c7eae,TASK3_OPERATIONAL_POOLED_V1,REFERENCE_ASSUMPTION_SANDBOX_V1,LOCAL_WINDOW_HPP_BASE,7,300.000000000,334.942694913,408,352,0,33,2,21,56,408,0,0,0,0.161438120,1.333000691,0.280520617,1.842807980,0.441958737,2.579075458,0.000000000,0.000000000,0.000000000,35.260140555,37.397257276,0.738253830,0.754073555,56,0.137254902,34.942694913,true,COMPLETE
1.0,OP_CONFIRM_MLE_BASE_REFERENCE_ASSUMPTION_SANDBOX_V1,369372d7e06066baf12416f63c9b12a0af11b1ef17459431e126a703ba4c7eae,TASK3_OPERATIONAL_POOLED_V1,REFERENCE_ASSUMPTION_SANDBOX_V1,LOCAL_WINDOW_HPP_BASE,8,300.000000000,333.652413957,442,400,0,21,0,21,42,442,0,0,0,1.042778706,5.258285645,1.094578776,4.542101351,2.137357482,7.716276927,0.000000000,0.000000000,0.000000000,36.955539300,42.534458745,0.802867825,0.820072135,42,0.095022624,33.652413957,true,COMPLETE
1.0,OP_CONFIRM_MLE_BASE_REFERENCE_ASSUMPTION_SANDBOX_V1,369372d7e06066baf12416f63c9b12a0af11b1ef17459431e126a703ba4c7eae,TASK3_OPERATIONAL_POOLED_V1,REFERENCE_ASSUMPTION_SANDBOX_V1,LOCAL_WINDOW_HPP_BASE,9,300.000000000,333.857083782,395,343,0,33,0,19,52,395,0,0,0,0.337787869,2.427248770,0.399465342,2.405600435,0.737253211,4.277478309,0.000000000,0.000000000,0.000000000,35.555435029,39.095660127,0.717055144,0.732420612,52,0.131645570,33.857083782,true,COMPLETE
1.0,OP_CONFIRM_MLE_BASE_REFERENCE_ASSUMPTION_SANDBOX_V1,369372d7e06066baf12416f63c9b12a0af11b1ef17459431e126a703ba4c7eae,TASK3_OPERATIONAL_POOLED_V1,REFERENCE_ASSUMPTION_SANDBOX_V1,LOCAL_WINDOW_HPP_BASE,10,300.000000000,334.733050789,394,344,0,31,0,19,50,394,0,0,0,0.063241865,0.165118014,0.203454382,1.377630124,0.266696246,2.046929136,0.000000000,0.000000000,0.000000000,35.084878064,36.865110954,0.713368095,0.728654554,50,0.126903553,34.733050789,true,COMPLETE
1.0,OP_CONFIRM_MLE_BASE_REFERENCE_ASSUMPTION_SANDBOX_V1,369372d7e06066baf12416f63c9b12a0af11b1ef17459431e126a703ba4c7eae,TASK3_OPERATIONAL_POOLED_V1,REFERENCE_ASSUMPTION_SANDBOX_V1,LOCAL_WINDOW_HPP_BASE,11,300.000000000,334.795505588,409,367,0,18,3,21,42,409,0,0,0,0.288482419,2.482026498,0.525974858,2.555758440,0.814457277,3.727629041,0.000000000,0.000000000,0.000000000,35.632639095,38.545810859,0.740388636,0.756254107,42,0.102689487,34.795505588,true,COMPLETE
1.0,OP_CONFIRM_MLE_BASE_REFERENCE_ASSUMPTION_SANDBOX_V1,369372d7e06066baf12416f63c9b12a0af11b1ef17459431e126a703ba4c7eae,TASK3_OPERATIONAL_POOLED_V1,REFERENCE_ASSUMPTION_SANDBOX_V1,LOCAL_WINDOW_HPP_BASE,12,300.000000000,334.673639871,423,371,0,28,3,21,52,423,0,0,0,0.429529951,3.594318012,0.449053144,2.055972591,0.878583095,5.195606570,0.000000000,0.000000000,0.000000000,35.696764913,40.013788388,0.766010841,0.782425359,52,0.122931442,34.673639871,true,COMPLETE
1.0,OP_CONFIRM_MLE_BASE_REFERENCE_ASSUMPTION_SANDBOX_V1,369372d7e06066baf12416f63c9b12a0af11b1ef17459431e126a703ba4c7eae,TASK3_OPERATIONAL_POOLED_V1,REFERENCE_ASSUMPTION_SANDBOX_V1,LOCAL_WINDOW_HPP_BASE,13,300.000000000,334.623415863,455,400,0,32,2,21,55,455,0,0,0,4.913418186,15.311140781,1.962693278,6.027288013,6.876111464,18.740817072,0.000000000,0.000000000,0.000000000,41.694293282,53.558998890,0.824083321,0.841742249,55,0.120879121,34.623415863,true,COMPLETE
1.0,OP_CONFIRM_MLE_BASE_REFERENCE_ASSUMPTION_SANDBOX_V1,369372d7e06066baf12416f63c9b12a0af11b1ef17459431e126a703ba4c7eae,TASK3_OPERATIONAL_POOLED_V1,REFERENCE_ASSUMPTION_SANDBOX_V1,LOCAL_WINDOW_HPP_BASE,14,300.000000000,333.719484820,374,343,0,17,0,14,31,374,0,0,0,0.105689980,0.485602555,0.319834253,2.495840322,0.425524233,3.122620386,0.000000000,0.000000000,0.000000000,35.243706051,37.940802204,0.679213162,0.693767730,31,0.082887701,33.719484820,true,COMPLETE
1.0,OP_CONFIRM_MLE_BASE_REFERENCE_ASSUMPTION_SANDBOX_V1,369372d7e06066baf12416f63c9b12a0af11b1ef17459431e126a703ba4c7eae,TASK3_OPERATIONAL_POOLED_V1,REFERENCE_ASSUMPTION_SANDBOX_V1,LOCAL_WINDOW_HPP_BASE,15,300.000000000,333.864251907,386,347,0,29,0,10,39,386,0,0,0,0.167013951,1.783448807,0.165661403,1.304406501,0.332675354,2.620723817,0.000000000,0.000000000,0.000000000,35.150857172,37.438905635,0.700702134,0.715717180,39,0.101036269,33.864251907,true,COMPLETE
1.0,OP_CONFIRM_MLE_BASE_REFERENCE_ASSUMPTION_SANDBOX_V1,369372d7e06066baf12416f63c9b12a0af11b1ef17459431e126a703ba4c7eae,TASK3_OPERATIONAL_POOLED_V1,REFERENCE_ASSUMPTION_SANDBOX_V1,LOCAL_WINDOW_HPP_BASE,16,300.000000000,336.858360916,401,343,1,36,0,21,58,401,0,0,0,0.085959710,0.815556016,0.216005807,1.411975456,0.301965517,1.998925238,0.000000000,0.000000000,0.000000000,35.120147335,36.817107056,0.721461395,0.736921282,58,0.144638404,36.858360916,true,COMPLETE
1.0,OP_CONFIRM_MLE_BASE_REFERENCE_ASSUMPTION_SANDBOX_V1,369372d7e06066baf12416f63c9b12a0af11b1ef17459431e126a703ba4c7eae,TASK3_OPERATIONAL_POOLED_V1,REFERENCE_ASSUMPTION_SANDBOX_V1,LOCAL_WINDOW_HPP_BASE,17,300.000000000,334.256800365,429,377,0,35,0,17,52,429,0,0,0,0.630204668,4.648105409,0.480358520,2.369988104,1.110563188,5.150024982,0.000000000,0.000000000,0.000000000,35.928745006,39.968206800,0.777845057,0.794513166,52,0.121212121,34.256800365,true,COMPLETE
1.0,OP_CONFIRM_MLE_BASE_REFERENCE_ASSUMPTION_SANDBOX_V1,369372d7e06066baf12416f63c9b12a0af11b1ef17459431e126a703ba4c7eae,TASK3_OPERATIONAL_POOLED_V1,REFERENCE_ASSUMPTION_SANDBOX_V1,LOCAL_WINDOW_HPP_BASE,18,300.000000000,334.189920297,419,371,0,31,0,17,48,419,0,0,0,0.336319219,3.064540122,0.396337084,2.304944522,0.732656303,4.213769509,0.000000000,0.000000000,0.000000000,35.550838121,39.031951327,0.759865509,0.776148341,48,0.114558473,34.189920297,true,COMPLETE
1.0,OP_CONFIRM_MLE_BASE_REFERENCE_ASSUMPTION_SANDBOX_V1,369372d7e06066baf12416f63c9b12a0af11b1ef17459431e126a703ba4c7eae,TASK3_OPERATIONAL_POOLED_V1,REFERENCE_ASSUMPTION_SANDBOX_V1,LOCAL_WINDOW_HPP_BASE,19,300.000000000,337.327171625,445,385,3,36,0,21,60,445,0,0,0,0.154371984,1.066559726,0.533658188,2.193269734,0.688030172,2.431020745,0.000000000,0.000000000,0.000000000,35.506211990,37.249202563,0.799511550,0.816643940,60,0.134831461,37.327171625,true,COMPLETE
1.0,OP_CONFIRM_MLE_BASE_REFERENCE_ASSUMPTION_SANDBOX_V1,369372d7e06066baf12416f63c9b12a0af11b1ef17459431e126a703ba4c7eae,TASK3_OPERATIONAL_POOLED_V1,REFERENCE_ASSUMPTION_SANDBOX_V1,LOCAL_WINDOW_HPP_BASE,20,300.000000000,333.821416391,418,370,0,29,0,19,48,418,0,0,0,0.231818304,2.136083862,0.374115948,1.820072900,0.605934252,3.101551374,0.000000000,0.000000000,0.000000000,35.424116070,37.919733192,0.758888798,0.775150701,48,0.114832536,33.821416391,true,COMPLETE
1.0,OP_CONFIRM_MLE_BASE_REFERENCE_ASSUMPTION_SANDBOX_V1,369372d7e06066baf12416f63c9b12a0af11b1ef17459431e126a703ba4c7eae,TASK3_OPERATIONAL_POOLED_V1,REFERENCE_ASSUMPTION_SANDBOX_V1,LOCAL_WINDOW_HPP_BASE,21,300.000000000,336.725252561,417,364,3,36,0,14,53,417,0,0,0,0.767110510,4.499269471,0.794701132,3.481812779,1.561811642,5.966949004,0.000000000,0.000000000,0.000000000,36.379993460,40.785130822,0.750544460,0.766627555,53,0.127098321,36.725252561,true,COMPLETE
1.0,OP_CONFIRM_MLE_BASE_REFERENCE_ASSUMPTION_SANDBOX_V1,369372d7e06066baf12416f63c9b12a0af11b1ef17459431e126a703ba4c7eae,TASK3_OPERATIONAL_POOLED_V1,REFERENCE_ASSUMPTION_SANDBOX_V1,LOCAL_WINDOW_HPP_BASE,22,300.000000000,334.412573287,410,364,0,26,0,20,46,410,0,0,0,0.140851409,0.927556248,0.295627448,2.135937816,0.436478857,3.265712575,0.000000000,0.000000000,0.000000000,35.254660675,38.083894393,0.743048762,0.758971235,46,0.112195122,34.412573287,true,COMPLETE
1.0,OP_CONFIRM_MLE_BASE_REFERENCE_ASSUMPTION_SANDBOX_V1,369372d7e06066baf12416f63c9b12a0af11b1ef17459431e126a703ba4c7eae,TASK3_OPERATIONAL_POOLED_V1,REFERENCE_ASSUMPTION_SANDBOX_V1,LOCAL_WINDOW_HPP_BASE,23,300.000000000,334.747190250,439,395,0,23,0,21,44,439,0,0,0,0.506416382,3.407615906,0.588779807,2.460072360,1.095196189,4.291825544,0.000000000,0.000000000,0.000000000,35.913378007,39.110007362,0.794810573,0.811842228,44,0.100227790,34.747190250,true,COMPLETE
1.0,OP_CONFIRM_MLE_BASE_REFERENCE_ASSUMPTION_SANDBOX_V1,369372d7e06066baf12416f63c9b12a0af11b1ef17459431e126a703ba4c7eae,TASK3_OPERATIONAL_POOLED_V1,REFERENCE_ASSUMPTION_SANDBOX_V1,LOCAL_WINDOW_HPP_BASE,24,300.000000000,338.467134862,412,354,2,36,0,20,58,412,0,0,0,0.086121886,0.884047014,0.439212648,2.860519587,0.525334534,3.664500747,0.000000000,0.000000000,0.000000000,35.343516352,38.482682565,0.737728849,0.753537324,58,0.140776699,38.467134862,true,COMPLETE
1.0,OP_CONFIRM_MLE_BASE_REFERENCE_ASSUMPTION_SANDBOX_V1,369372d7e06066baf12416f63c9b12a0af11b1ef17459431e126a703ba4c7eae,TASK3_OPERATIONAL_POOLED_V1,REFERENCE_ASSUMPTION_SANDBOX_V1,LOCAL_WINDOW_HPP_BASE,25,300.000000000,338.371411118,424,366,3,36,0,19,58,424,0,0,0,0.246661377,1.872722035,0.364439084,2.236029802,0.611100461,3.302210024,0.000000000,0.000000000,0.000000000,35.429282279,38.120391842,0.759430875,0.775704394,58,0.136792453,38.371411118,true,COMPLETE
1.0,OP_CONFIRM_MLE_BASE_REFERENCE_ASSUMPTION_SANDBOX_V1,369372d7e06066baf12416f63c9b12a0af11b1ef17459431e126a703ba4c7eae,TASK3_OPERATIONAL_POOLED_V1,REFERENCE_ASSUMPTION_SANDBOX_V1,LOCAL_WINDOW_HPP_BASE,26,300.000000000,334.010066237,419,371,0,26,1,21,48,419,0,0,0,0.412170644,2.721603685,0.571787120,2.634491925,0.983957764,3.967644885,0.000000000,0.000000000,0.000000000,35.802139582,38.785826703,0.760274673,0.776566273,48,0.114558473,34.010066237,true,COMPLETE
1.0,OP_CONFIRM_MLE_BASE_REFERENCE_ASSUMPTION_SANDBOX_V1,369372d7e06066baf12416f63c9b12a0af11b1ef17459431e126a703ba4c7eae,TASK3_OPERATIONAL_POOLED_V1,REFERENCE_ASSUMPTION_SANDBOX_V1,LOCAL_WINDOW_HPP_BASE,27,300.000000000,336.064699825,410,356,0,35,0,19,54,410,0,0,0,0.138510288,1.212038067,0.369329381,1.821233174,0.507839670,2.352481438,0.000000000,0.000000000,0.000000000,35.326021488,37.170663256,0.739395862,0.755240059,54,0.131707317,36.064699825,true,COMPLETE
1.0,OP_CONFIRM_MLE_BASE_REFERENCE_ASSUMPTION_SANDBOX_V1,369372d7e06066baf12416f63c9b12a0af11b1ef17459431e126a703ba4c7eae,TASK3_OPERATIONAL_POOLED_V1,REFERENCE_ASSUMPTION_SANDBOX_V1,LOCAL_WINDOW_HPP_BASE,28,300.000000000,333.879729785,392,339,0,30,2,21,53,392,0,0,0,0.136576794,0.924675318,0.323684647,2.012914607,0.460261441,2.721259981,0.000000000,0.000000000,0.000000000,35.278443259,37.539441799,0.711560890,0.726808623,53,0.135204082,33.879729785,true,COMPLETE
1.0,OP_CONFIRM_MLE_BASE_REFERENCE_ASSUMPTION_SANDBOX_V1,369372d7e06066baf12416f63c9b12a0af11b1ef17459431e126a703ba4c7eae,TASK3_OPERATIONAL_POOLED_V1,REFERENCE_ASSUMPTION_SANDBOX_V1,LOCAL_WINDOW_HPP_BASE,29,300.000000000,333.984371011,424,376,0,35,0,13,48,424,0,0,0,0.213736905,1.355665930,0.636556799,3.188673153,0.850293704,3.836327174,0.000000000,0.000000000,0.000000000,35.668475522,38.654508992,0.769406353,0.785893632,48,0.113207547,33.984371011,true,COMPLETE
1.0,OP_CONFIRM_MLE_BASE_REFERENCE_ASSUMPTION_SANDBOX_V1,369372d7e06066baf12416f63c9b12a0af11b1ef17459431e126a703ba4c7eae,TASK3_OPERATIONAL_POOLED_V1,REFERENCE_ASSUMPTION_SANDBOX_V1,LOCAL_WINDOW_HPP_BASE,30,300.000000000,337.163838330,408,349,1,36,1,21,59,408,0,0,0,0.241386823,2.158309030,0.414010306,2.207119989,0.655397129,3.421875062,0.000000000,0.000000000,0.000000000,35.473578947,38.240056880,0.733390415,0.749105924,59,0.144607843,37.163838330,true,COMPLETE
1.0,OP_CONFIRM_MLE_BASE_REFERENCE_ASSUMPTION_SANDBOX_V1,369372d7e06066baf12416f63c9b12a0af11b1ef17459431e126a703ba4c7eae,TASK3_OPERATIONAL_POOLED_V1,REFERENCE_ASSUMPTION_SANDBOX_V1,LOCAL_WINDOW_HPP_BASE,31,300.000000000,335.252251167,425,370,0,35,0,20,55,425,0,0,0,0.706755577,5.500617391,0.408165260,2.379463177,1.114920836,6.688150287,0.000000000,0.000000000,0.000000000,35.933102654,41.506332105,0.768304334,0.784767998,55,0.129411765,35.252251167,true,COMPLETE
1.0,OP_CONFIRM_MLE_BASE_REFERENCE_ASSUMPTION_SANDBOX_V1,369372d7e06066baf12416f63c9b12a0af11b1ef17459431e126a703ba4c7eae,TASK3_OPERATIONAL_POOLED_V1,REFERENCE_ASSUMPTION_SANDBOX_V1,LOCAL_WINDOW_HPP_BASE,32,300.000000000,335.608438186,395,342,0,29,3,21,53,395,0,0,0,0.092584783,0.736922897,0.230167883,1.744442409,0.322752666,2.334757964,0.000000000,0.000000000,0.000000000,35.140934484,37.152939782,0.713313231,0.728598515,53,0.134177215,35.608438186,true,COMPLETE
1.0,OP_CONFIRM_MLE_BASE_REFERENCE_ASSUMPTION_SANDBOX_V1,369372d7e06066baf12416f63c9b12a0af11b1ef17459431e126a703ba4c7eae,TASK3_OPERATIONAL_POOLED_V1,REFERENCE_ASSUMPTION_SANDBOX_V1,LOCAL_WINDOW_HPP_BASE,33,300.000000000,336.695958027,428,384,0,28,0,16,44,428,0,0,0,0.252568882,1.747668934,0.368329701,1.898600893,0.620898583,2.875025779,0.000000000,0.000000000,0.000000000,35.439080401,37.693207597,0.770410019,0.786918805,44,0.102803738,36.695958027,true,COMPLETE
1.0,OP_CONFIRM_MLE_BASE_REFERENCE_ASSUMPTION_SANDBOX_V1,369372d7e06066baf12416f63c9b12a0af11b1ef17459431e126a703ba4c7eae,TASK3_OPERATIONAL_POOLED_V1,REFERENCE_ASSUMPTION_SANDBOX_V1,LOCAL_WINDOW_HPP_BASE,34,300.000000000,338.339499534,426,365,5,36,0,20,61,426,0,0,0,0.293635486,2.795498228,0.252187219,1.772256117,0.545822705,3.394021009,0.000000000,0.000000000,0.000000000,35.364004523,38.212202827,0.763085063,0.779436885,61,0.143192488,38.339499534,true,COMPLETE
1.0,OP_CONFIRM_MLE_BASE_REFERENCE_ASSUMPTION_SANDBOX_V1,369372d7e06066baf12416f63c9b12a0af11b1ef17459431e126a703ba4c7eae,TASK3_OPERATIONAL_POOLED_V1,REFERENCE_ASSUMPTION_SANDBOX_V1,LOCAL_WINDOW_HPP_BASE,35,300.000000000,343.481421421,451,380,14,36,0,21,71,451,0,0,0,0.714420340,4.388955314,0.719895337,3.175401204,1.434315677,6.044732340,0.000000000,0.000000000,0.000000000,36.252497495,40.862914158,0.795773268,0.812825553,71,0.157427938,43.481421421,true,COMPLETE
1.0,OP_CONFIRM_MLE_BASE_REFERENCE_ASSUMPTION_SANDBOX_V1,369372d7e06066baf12416f63c9b12a0af11b1ef17459431e126a703ba4c7eae,TASK3_OPERATIONAL_POOLED_V1,REFERENCE_ASSUMPTION_SANDBOX_V1,LOCAL_WINDOW_HPP_BASE,36,300.000000000,335.262134136,414,369,0,32,0,13,45,414,0,0,0,0.019958639,0.000000000,0.228818411,2.008872078,0.248777050,2.042239207,0.000000000,0.000000000,0.000000000,35.066958868,36.860421025,0.748396748,0.764433821,45,0.108695652,35.262134136,true,COMPLETE
1.0,OP_CONFIRM_MLE_BASE_REFERENCE_ASSUMPTION_SANDBOX_V1,369372d7e06066baf12416f63c9b12a0af11b1ef17459431e126a703ba4c7eae,TASK3_OPERATIONAL_POOLED_V1,REFERENCE_ASSUMPTION_SANDBOX_V1,LOCAL_WINDOW_HPP_BASE,37,300.000000000,334.323681021,408,354,0,31,2,21,54,408,0,0,0,0.224417226,1.819087687,0.416254231,2.586335656,0.640671457,3.804652912,0.000000000,0.000000000,0.000000000,35.458853275,38.622834730,0.739620737,0.755469753,54,0.132352941,34.323681021,true,COMPLETE
1.0,OP_CONFIRM_MLE_BASE_REFERENCE_ASSUMPTION_SANDBOX_V1,369372d7e06066baf12416f63c9b12a0af11b1ef17459431e126a703ba4c7eae,TASK3_OPERATIONAL_POOLED_V1,REFERENCE_ASSUMPTION_SANDBOX_V1,LOCAL_WINDOW_HPP_BASE,38,300.000000000,334.203534405,406,362,0,23,0,21,44,406,0,0,0,0.038421401,0.000106175,0.181880696,1.581876790,0.220302097,1.642636100,0.000000000,0.000000000,0.000000000,35.038483915,36.460817918,0.736259736,0.752036730,44,0.108374384,34.203534405,true,COMPLETE
1.0,OP_CONFIRM_MLE_BASE_REFERENCE_ASSUMPTION_SANDBOX_V1,369372d7e06066baf12416f63c9b12a0af11b1ef17459431e126a703ba4c7eae,TASK3_OPERATIONAL_POOLED_V1,REFERENCE_ASSUMPTION_SANDBOX_V1,LOCAL_WINDOW_HPP_BASE,39,300.000000000,341.633966433,388,323,6,36,2,21,65,388,0,0,0,0.304203842,2.636532528,0.443926885,3.084772047,0.748130727,4.834022532,0.000000000,0.000000000,0.000000000,35.566312545,39.652204350,0.688314214,0.703063805,65,0.167525773,41.633966433,true,COMPLETE
1.0,OP_CONFIRM_MLE_BASE_REFERENCE_ASSUMPTION_SANDBOX_V1,369372d7e06066baf12416f63c9b12a0af11b1ef17459431e126a703ba4c7eae,TASK3_OPERATIONAL_POOLED_V1,REFERENCE_ASSUMPTION_SANDBOX_V1,LOCAL_WINDOW_HPP_BASE,40,300.000000000,335.272774441,399,345,0,32,1,21,54,399,0,0,0,0.185522511,0.000000000,0.208354540,1.525687464,0.393877051,3.522165706,0.000000000,0.000000000,0.000000000,35.212058869,38.340347524,0.721258033,0.736713562,54,0.135338346,35.272774441,true,COMPLETE
1.0,OP_CONFIRM_MLE_BASE_REFERENCE_ASSUMPTION_SANDBOX_V1,369372d7e06066baf12416f63c9b12a0af11b1ef17459431e126a703ba4c7eae,TASK3_OPERATIONAL_POOLED_V1,REFERENCE_ASSUMPTION_SANDBOX_V1,LOCAL_WINDOW_HPP_BASE,41,300.000000000,334.367218497,416,371,0,27,0,18,45,416,0,0,0,0.256580394,1.992863908,0.323780329,2.004773285,0.580360724,3.239797144,0.000000000,0.000000000,0.000000000,35.398542542,38.057978962,0.754024911,0.770182588,45,0.108173077,34.367218497,true,COMPLETE
1.0,OP_CONFIRM_MLE_BASE_REFERENCE_ASSUMPTION_SANDBOX_V1,369372d7e06066baf12416f63c9b12a0af11b1ef17459431e126a703ba4c7eae,TASK3_OPERATIONAL_POOLED_V1,REFERENCE_ASSUMPTION_SANDBOX_V1,LOCAL_WINDOW_HPP_BASE,42,300.000000000,334.308413002,403,350,0,27,5,21,53,403,0,0,0,0.704166854,4.879852137,0.568126626,3.162145925,1.272293480,7.511248252,0.000000000,0.000000000,0.000000000,36.090475298,42.329430070,0.730590122,0.746245625,53,0.131513648,34.308413002,true,COMPLETE
1.0,OP_CONFIRM_MLE_BASE_REFERENCE_ASSUMPTION_SANDBOX_V1,369372d7e06066baf12416f63c9b12a0af11b1ef17459431e126a703ba4c7eae,TASK3_OPERATIONAL_POOLED_V1,REFERENCE_ASSUMPTION_SANDBOX_V1,LOCAL_WINDOW_HPP_BASE,43,300.000000000,334.691888900,407,353,0,30,3,21,54,407,0,0,0,0.443681966,3.034400344,0.300855433,1.843778269,0.744537398,4.160249958,0.000000000,0.000000000,0.000000000,35.562719216,38.978431776,0.736996249,0.752789026,54,0.132678133,34.691888900,true,COMPLETE
1.0,OP_CONFIRM_MLE_BASE_REFERENCE_ASSUMPTION_SANDBOX_V1,369372d7e06066baf12416f63c9b12a0af11b1ef17459431e126a703ba4c7eae,TASK3_OPERATIONAL_POOLED_V1,REFERENCE_ASSUMPTION_SANDBOX_V1,LOCAL_WINDOW_HPP_BASE,44,300.000000000,333.476554778,366,324,0,31,0,11,42,366,0,0,0,0.000000000,0.000000000,0.069226095,0.485576818,0.069226095,0.485576818,0.000000000,0.000000000,0.000000000,34.887407913,35.303758636,0.665168746,0.679422362,42,0.114754098,33.476554778,true,COMPLETE
1.0,OP_CONFIRM_MLE_BASE_REFERENCE_ASSUMPTION_SANDBOX_V1,369372d7e06066baf12416f63c9b12a0af11b1ef17459431e126a703ba4c7eae,TASK3_OPERATIONAL_POOLED_V1,REFERENCE_ASSUMPTION_SANDBOX_V1,LOCAL_WINDOW_HPP_BASE,45,300.000000000,333.751947751,399,349,0,28,1,21,50,399,0,0,0,0.105258593,0.463305091,0.192837514,1.415413735,0.298096107,1.989322874,0.000000000,0.000000000,0.000000000,35.116277925,36.807504692,0.724544631,0.740070587,50,0.125313283,33.751947751,true,COMPLETE
1.0,OP_CONFIRM_MLE_BASE_REFERENCE_ASSUMPTION_SANDBOX_V1,369372d7e06066baf12416f63c9b12a0af11b1ef17459431e126a703ba4c7eae,TASK3_OPERATIONAL_POOLED_V1,REFERENCE_ASSUMPTION_SANDBOX_V1,LOCAL_WINDOW_HPP_BASE,46,300.000000000,336.152675771,452,394,0,29,8,21,58,452,0,0,0,0.962802658,5.151774543,1.030865891,3.566823307,1.993668549,6.871251009,0.000000000,0.000000000,0.000000000,36.811850367,41.689432827,0.814925520,0.832388209,58,0.128318584,36.152675771,true,COMPLETE
1.0,OP_CONFIRM_MLE_BASE_REFERENCE_ASSUMPTION_SANDBOX_V1,369372d7e06066baf12416f63c9b12a0af11b1ef17459431e126a703ba4c7eae,TASK3_OPERATIONAL_POOLED_V1,REFERENCE_ASSUMPTION_SANDBOX_V1,LOCAL_WINDOW_HPP_BASE,47,300.000000000,334.574566537,385,347,0,24,0,14,38,385,0,0,0,0.006965283,0.000000000,0.134085678,1.442984503,0.141050961,1.442984503,0.000000000,0.000000000,0.000000000,34.959232779,36.261166321,0.697403080,0.712347432,38,0.098701299,34.574566537,true,COMPLETE
1.0,OP_CONFIRM_MLE_BASE_REFERENCE_ASSUMPTION_SANDBOX_V1,369372d7e06066baf12416f63c9b12a0af11b1ef17459431e126a703ba4c7eae,TASK3_OPERATIONAL_POOLED_V1,REFERENCE_ASSUMPTION_SANDBOX_V1,LOCAL_WINDOW_HPP_BASE,48,300.000000000,334.182435039,416,364,0,31,0,21,52,416,0,0,0,0.806591890,5.519534372,0.676575086,4.011203747,1.483166976,7.285356425,0.000000000,0.000000000,0.000000000,36.301348794,42.103538243,0.754441843,0.770608454,52,0.125000000,34.182435039,true,COMPLETE
1.0,OP_CONFIRM_MLE_BASE_REFERENCE_ASSUMPTION_SANDBOX_V1,369372d7e06066baf12416f63c9b12a0af11b1ef17459431e126a703ba4c7eae,TASK3_OPERATIONAL_POOLED_V1,REFERENCE_ASSUMPTION_SANDBOX_V1,LOCAL_WINDOW_HPP_BASE,49,300.000000000,332.907357814,423,374,0,27,1,21,49,423,0,0,0,0.485690711,3.429093407,0.621721652,2.909285339,1.107412363,4.875148937,0.000000000,0.000000000,0.000000000,35.925594181,39.693330755,0.770075008,0.786576616,49,0.115839243,32.907357814,true,COMPLETE
1.0,OP_CONFIRM_MLE_BASE_REFERENCE_ASSUMPTION_SANDBOX_V1,369372d7e06066baf12416f63c9b12a0af11b1ef17459431e126a703ba4c7eae,TASK3_OPERATIONAL_POOLED_V1,REFERENCE_ASSUMPTION_SANDBOX_V1,LOCAL_WINDOW_HPP_BASE,50,300.000000000,334.347157797,414,361,0,29,3,21,53,414,0,0,0,0.304832146,2.494612443,0.591074867,3.155862343,0.895907013,4.074617586,0.000000000,0.000000000,0.000000000,35.714088831,38.892799404,0.750444815,0.766525775,53,0.128019324,34.347157797,true,COMPLETE
1.0,OP_CONFIRM_EXACT95_HIGH_REFERENCE_ASSUMPTION_SANDBOX_V1,eed4ac1694a3cbb110169bff620757a2aa7b14be5e0738f9318b5c1a3c59b08f,TASK3_OPERATIONAL_POOLED_V1,REFERENCE_ASSUMPTION_SANDBOX_V1,LOCAL_WINDOW_HPP_EXACT95_HIGH,1,300.000000000,392.308479524,564,414,84,36,9,21,150,564,0,0,0,25.148823269,47.773035370,3.900948017,8.103148667,29.049771286,54.507395958,0.000000000,0.000000000,0.000000000,63.867953104,89.325577776,0.871299499,0.889970203,150,0.265957447,92.308479524,true,COMPLETE
1.0,OP_CONFIRM_EXACT95_HIGH_REFERENCE_ASSUMPTION_SANDBOX_V1,eed4ac1694a3cbb110169bff620757a2aa7b14be5e0738f9318b5c1a3c59b08f,TASK3_OPERATIONAL_POOLED_V1,REFERENCE_ASSUMPTION_SANDBOX_V1,LOCAL_WINDOW_HPP_EXACT95_HIGH,2,300.000000000,401.299059471,593,428,94,36,14,21,165,593,0,0,0,29.775737016,59.425971598,4.852932694,8.937424450,34.628669709,67.189468577,0.000000000,0.000000000,0.000000000,69.446851527,102.007650395,0.895576331,0.914767253,165,0.278246206,101.299059471,true,COMPLETE
1.0,OP_CONFIRM_EXACT95_HIGH_REFERENCE_ASSUMPTION_SANDBOX_V1,eed4ac1694a3cbb110169bff620757a2aa7b14be5e0738f9318b5c1a3c59b08f,TASK3_OPERATIONAL_POOLED_V1,REFERENCE_ASSUMPTION_SANDBOX_V1,LOCAL_WINDOW_HPP_EXACT95_HIGH,3,300.000000000,414.723889240,617,429,113,36,18,21,188,617,0,0,0,28.216695750,67.132764008,6.417245623,11.803338856,34.633941373,76.583369955,0.000000000,0.000000000,0.000000000,69.452123191,111.401551773,0.901658679,0.920979936,188,0.304700162,114.723889240,true,COMPLETE
1.0,OP_CONFIRM_EXACT95_HIGH_REFERENCE_ASSUMPTION_SANDBOX_V1,eed4ac1694a3cbb110169bff620757a2aa7b14be5e0738f9318b5c1a3c59b08f,TASK3_OPERATIONAL_POOLED_V1,REFERENCE_ASSUMPTION_SANDBOX_V1,LOCAL_WINDOW_HPP_EXACT95_HIGH,4,300.000000000,382.707937182,562,429,58,36,18,21,133,562,0,0,0,16.276378176,33.602322788,6.378815344,11.187433296,22.655193520,41.894864622,0.000000000,0.000000000,0.000000000,57.473375338,76.713046440,0.889989539,0.909060743,133,0.236654804,82.707937182,true,COMPLETE
1.0,OP_CONFIRM_EXACT95_HIGH_REFERENCE_ASSUMPTION_SANDBOX_V1,eed4ac1694a3cbb110169bff620757a2aa7b14be5e0738f9318b5c1a3c59b08f,TASK3_OPERATIONAL_POOLED_V1,REFERENCE_ASSUMPTION_SANDBOX_V1,LOCAL_WINDOW_HPP_EXACT95_HIGH,5,300.000000000,400.637730253,591,427,94,36,13,21,164,591,0,0,0,26.218468140,54.369752983,4.580592104,8.952311539,30.799060244,62.354155384,0.000000000,0.000000000,0.000000000,65.617242062,97.172337202,0.894029172,0.913186940,164,0.277495770,100.637730253,true,COMPLETE
1.0,OP_CONFIRM_EXACT95_HIGH_REFERENCE_ASSUMPTION_SANDBOX_V1,eed4ac1694a3cbb110169bff620757a2aa7b14be5e0738f9318b5c1a3c59b08f,TASK3_OPERATIONAL_POOLED_V1,REFERENCE_ASSUMPTION_SANDBOX_V1,LOCAL_WINDOW_HPP_EXACT95_HIGH,6,300.000000000,388.740233840,571,429,73,36,12,21,142,571,0,0,0,20.831649187,41.283741585,5.638745657,10.258427510,26.470394844,49.658411985,0.000000000,0.000000000,0.000000000,61.288576662,84.476593803,0.890210418,0.909286356,142,0.248686515,88.740233840,true,COMPLETE
1.0,OP_CONFIRM_EXACT95_HIGH_REFERENCE_ASSUMPTION_SANDBOX_V1,eed4ac1694a3cbb110169bff620757a2aa7b14be5e0738f9318b5c1a3c59b08f,TASK3_OPERATIONAL_POOLED_V1,REFERENCE_ASSUMPTION_SANDBOX_V1,LOCAL_WINDOW_HPP_EXACT95_HIGH,7,300.000000000,391.156461325,574,426,70,36,21,21,148,574,0,0,0,19.806608625,42.284548510,5.720330681,11.655999168,25.526939306,50.264338956,0.000000000,0.000000000,0.000000000,60.345121124,85.082520774,0.889359687,0.908417394,148,0.257839721,91.156461325,true,COMPLETE
1.0,OP_CONFIRM_EXACT95_HIGH_REFERENCE_ASSUMPTION_SANDBOX_V1,eed4ac1694a3cbb110169bff620757a2aa7b14be5e0738f9318b5c1a3c59b08f,TASK3_OPERATIONAL_POOLED_V1,REFERENCE_ASSUMPTION_SANDBOX_V1,LOCAL_WINDOW_HPP_EXACT95_HIGH,8,300.000000000,379.999579591,559,429,56,36,17,21,130,559,0,0,0,19.677689595,38.017263967,5.095585712,9.619583600,24.773275307,44.847921708,0.000000000,0.000000000,0.000000000,59.591457125,79.666103526,0.891548036,0.910652637,130,0.232558140,79.999579591,true,COMPLETE
1.0,OP_CONFIRM_EXACT95_HIGH_REFERENCE_ASSUMPTION_SANDBOX_V1,eed4ac1694a3cbb110169bff620757a2aa7b14be5e0738f9318b5c1a3c59b08f,TASK3_OPERATIONAL_POOLED_V1,REFERENCE_ASSUMPTION_SANDBOX_V1,LOCAL_WINDOW_HPP_EXACT95_HIGH,9,300.000000000,415.496360198,612,424,117,36,14,21,188,612,0,0,0,30.373261916,67.466457373,4.921705450,9.331895622,35.294967366,74.989463247,0.000000000,0.000000000,0.000000000,70.113149184,109.807645065,0.892689146,0.911818199,188,0.307189542,115.496360198,true,COMPLETE
1.0,OP_CONFIRM_EXACT95_HIGH_REFERENCE_ASSUMPTION_SANDBOX_V1,eed4ac1694a3cbb110169bff620757a2aa7b14be5e0738f9318b5c1a3c59b08f,TASK3_OPERATIONAL_POOLED_V1,REFERENCE_ASSUMPTION_SANDBOX_V1,LOCAL_WINDOW_HPP_EXACT95_HIGH,10,300.000000000,379.471014182,560,429,56,36,18,21,131,560,0,0,0,21.160038596,36.425575287,9.085943902,16.399735881,30.245982498,44.068989168,0.000000000,0.000000000,0.000000000,65.064164316,78.887170986,0.894386993,0.913552429,131,0.233928571,79.471014182,true,COMPLETE
1.0,OP_CONFIRM_EXACT95_HIGH_REFERENCE_ASSUMPTION_SANDBOX_V1,eed4ac1694a3cbb110169bff620757a2aa7b14be5e0738f9318b5c1a3c59b08f,TASK3_OPERATIONAL_POOLED_V1,REFERENCE_ASSUMPTION_SANDBOX_V1,LOCAL_WINDOW_HPP_EXACT95_HIGH,11,300.000000000,364.365296511,534,429,30,36,18,21,105,534,0,0,0,16.533073249,26.287529058,5.798693766,10.627992438,22.331767015,34.265943551,0.000000000,0.000000000,0.000000000,57.149948833,69.084125369,0.888219506,0.907252781,105,0.196629213,64.365296511,true,COMPLETE
1.0,OP_CONFIRM_EXACT95_HIGH_REFERENCE_ASSUMPTION_SANDBOX_V1,eed4ac1694a3cbb110169bff620757a2aa7b14be5e0738f9318b5c1a3c59b08f,TASK3_OPERATIONAL_POOLED_V1,REFERENCE_ASSUMPTION_SANDBOX_V1,LOCAL_WINDOW_HPP_EXACT95_HIGH,12,300.000000000,391.476368860,577,429,76,36,15,21,148,577,0,0,0,28.191799398,46.780632166,5.487816839,9.846320977,33.679616236,55.223825805,0.000000000,0.000000000,0.000000000,68.497798054,90.042007623,0.893277341,0.912418998,148,0.256499133,91.476368860,true,COMPLETE
1.0,OP_CONFIRM_EXACT95_HIGH_REFERENCE_ASSUMPTION_SANDBOX_V1,eed4ac1694a3cbb110169bff620757a2aa7b14be5e0738f9318b5c1a3c59b08f,TASK3_OPERATIONAL_POOLED_V1,REFERENCE_ASSUMPTION_SANDBOX_V1,LOCAL_WINDOW_HPP_EXACT95_HIGH,13,300.000000000,403.984669825,594,426,104,36,7,21,168,594,0,0,0,29.242925259,58.939100622,4.114130338,8.304084947,33.357055597,66.772723835,0.000000000,0.000000000,0.000000000,68.175237415,101.590905653,0.891122923,0.910218415,168,0.282828283,103.984669825,true,COMPLETE
1.0,OP_CONFIRM_EXACT95_HIGH_REFERENCE_ASSUMPTION_SANDBOX_V1,eed4ac1694a3cbb110169bff620757a2aa7b14be5e0738f9318b5c1a3c59b08f,TASK3_OPERATIONAL_POOLED_V1,REFERENCE_ASSUMPTION_SANDBOX_V1,LOCAL_WINDOW_HPP_EXACT95_HIGH,14,300.000000000,392.441797872,577,427,83,36,10,21,150,577,0,0,0,19.780675836,44.985938130,3.612761470,7.080649074,23.393437306,51.847167367,0.000000000,0.000000000,0.000000000,58.211619124,86.665349185,0.891079828,0.910174396,150,0.259965338,92.441797872,true,COMPLETE
1.0,OP_CONFIRM_EXACT95_HIGH_REFERENCE_ASSUMPTION_SANDBOX_V1,eed4ac1694a3cbb110169bff620757a2aa7b14be5e0738f9318b5c1a3c59b08f,TASK3_OPERATIONAL_POOLED_V1,REFERENCE_ASSUMPTION_SANDBOX_V1,LOCAL_WINDOW_HPP_EXACT95_HIGH,15,300.000000000,408.772583593,604,428,104,36,15,21,176,604,0,0,0,34.231105955,63.578879024,5.326971843,9.947735984,39.558077798,71.934475130,0.000000000,0.000000000,0.000000000,74.376259616,106.752656948,0.895511638,0.914701173,176,0.291390728,108.772583593,true,COMPLETE
1.0,OP_CONFIRM_EXACT95_HIGH_REFERENCE_ASSUMPTION_SANDBOX_V1,eed4ac1694a3cbb110169bff620757a2aa7b14be5e0738f9318b5c1a3c59b08f,TASK3_OPERATIONAL_POOLED_V1,REFERENCE_ASSUMPTION_SANDBOX_V1,LOCAL_WINDOW_HPP_EXACT95_HIGH,16,300.000000000,377.682265286,549,424,56,36,12,21,125,549,0,0,0,14.514458183,33.780705237,3.835547676,7.842199481,18.350005859,41.070409078,0.000000000,0.000000000,0.000000000,53.168187677,75.888590896,0.880971397,0.899849355,125,0.227686703,77.682265286,true,COMPLETE
1.0,OP_CONFIRM_EXACT95_HIGH_REFERENCE_ASSUMPTION_SANDBOX_V1,eed4ac1694a3cbb110169bff620757a2aa7b14be5e0738f9318b5c1a3c59b08f,TASK3_OPERATIONAL_POOLED_V1,REFERENCE_ASSUMPTION_SANDBOX_V1,LOCAL_WINDOW_HPP_EXACT95_HIGH,17,300.000000000,374.929084336,550,428,57,36,8,21,122,550,0,0,0,18.136867675,33.854964739,3.955697800,7.503507361,22.092565475,41.008657033,0.000000000,0.000000000,0.000000000,56.910747293,75.826838851,0.889057017,0.908108239,122,0.221818182,74.929084336,true,COMPLETE
1.0,OP_CONFIRM_EXACT95_HIGH_REFERENCE_ASSUMPTION_SANDBOX_V1,eed4ac1694a3cbb110169bff620757a2aa7b14be5e0738f9318b5c1a3c59b08f,TASK3_OPERATIONAL_POOLED_V1,REFERENCE_ASSUMPTION_SANDBOX_V1,LOCAL_WINDOW_HPP_EXACT95_HIGH,18,300.000000000,405.955538258,598,428,100,36,13,21,170,598,0,0,0,22.492959277,55.591150814,4.914570893,9.057433919,27.407530170,64.245620451,0.000000000,0.000000000,0.000000000,62.225711988,99.063802269,0.892768316,0.911899066,170,0.284280936,105.955538258,true,COMPLETE
1.0,OP_CONFIRM_EXACT95_HIGH_REFERENCE_ASSUMPTION_SANDBOX_V1,eed4ac1694a3cbb110169bff620757a2aa7b14be5e0738f9318b5c1a3c59b08f,TASK3_OPERATIONAL_POOLED_V1,REFERENCE_ASSUMPTION_SANDBOX_V1,LOCAL_WINDOW_HPP_EXACT95_HIGH,19,300.000000000,376.758593930,550,426,57,36,10,21,124,550,0,0,0,13.922475604,30.631665826,3.947085392,7.685701067,17.869560996,37.146839478,0.000000000,0.000000000,0.000000000,52.687742814,71.965021296,0.884739827,0.903698538,124,0.225454545,76.758593930,true,COMPLETE
1.0,OP_CONFIRM_EXACT95_HIGH_REFERENCE_ASSUMPTION_SANDBOX_V1,eed4ac1694a3cbb110169bff620757a2aa7b14be5e0738f9318b5c1a3c59b08f,TASK3_OPERATIONAL_POOLED_V1,REFERENCE_ASSUMPTION_SANDBOX_V1,LOCAL_WINDOW_HPP_EXACT95_HIGH,20,300.000000000,395.395693231,581,426,91,36,7,21,155,581,0,0,0,17.143556805,48.342921974,2.705283015,5.969576486,19.848839820,54.429442261,0.000000000,0.000000000,0.000000000,54.667021638,89.247624079,0.890553990,0.909637289,155,0.266781411,95.395693231,true,COMPLETE
1.0,OP_CONFIRM_EXACT95_HIGH_REFERENCE_ASSUMPTION_SANDBOX_V1,eed4ac1694a3cbb110169bff620757a2aa7b14be5e0738f9318b5c1a3c59b08f,TASK3_OPERATIONAL_POOLED_V1,REFERENCE_ASSUMPTION_SANDBOX_V1,LOCAL_WINDOW_HPP_EXACT95_HIGH,21,300.000000000,378.879858447,556,429,60,36,10,21,127,556,0,0,0,14.636835979,32.628675690,4.512030278,8.701762470,19.148866257,40.333561371,0.000000000,0.000000000,0.000000000,53.967048075,75.151743189,0.889384034,0.908442263,127,0.228417266,78.879858447,true,COMPLETE
1.0,OP_CONFIRM_EXACT95_HIGH_REFERENCE_ASSUMPTION_SANDBOX_V1,eed4ac1694a3cbb110169bff620757a2aa7b14be5e0738f9318b5c1a3c59b08f,TASK3_OPERATIONAL_POOLED_V1,REFERENCE_ASSUMPTION_SANDBOX_V1,LOCAL_WINDOW_HPP_EXACT95_HIGH,22,300.000000000,369.149014919,537,426,40,36,14,21,111,537,0,0,0,14.141394632,27.554968843,4.792506538,9.170704234,18.933901170,34.324042471,0.000000000,0.000000000,0.000000000,53.752082988,69.142224289,0.881634604,0.900526774,111,0.206703911,69.149014919,true,COMPLETE
1.0,OP_CONFIRM_EXACT95_HIGH_REFERENCE_ASSUMPTION_SANDBOX_V1,eed4ac1694a3cbb110169bff620757a2aa7b14be5e0738f9318b5c1a3c59b08f,TASK3_OPERATIONAL_POOLED_V1,REFERENCE_ASSUMPTION_SANDBOX_V1,LOCAL_WINDOW_HPP_EXACT95_HIGH,23,300.000000000,392.810269830,576,425,84,36,10,21,151,576,0,0,0,19.003746089,48.270247160,3.906055556,7.455226574,22.909801646,55.284045513,0.000000000,0.000000000,0.000000000,57.727983464,90.102227331,0.888701075,0.907744670,151,0.262152778,92.810269830,true,COMPLETE
1.0,OP_CONFIRM_EXACT95_HIGH_REFERENCE_ASSUMPTION_SANDBOX_V1,eed4ac1694a3cbb110169bff620757a2aa7b14be5e0738f9318b5c1a3c59b08f,TASK3_OPERATIONAL_POOLED_V1,REFERENCE_ASSUMPTION_SANDBOX_V1,LOCAL_WINDOW_HPP_EXACT95_HIGH,24,300.000000000,384.435395639,565,429,63,36,16,21,136,565,0,0,0,22.047656678,38.688978234,5.640654715,10.215602057,27.688311393,46.510665610,0.000000000,0.000000000,0.000000000,62.506493211,81.328847428,0.890719862,0.909806716,136,0.240707965,84.435395639,true,COMPLETE
1.0,OP_CONFIRM_EXACT95_HIGH_REFERENCE_ASSUMPTION_SANDBOX_V1,eed4ac1694a3cbb110169bff620757a2aa7b14be5e0738f9318b5c1a3c59b08f,TASK3_OPERATIONAL_POOLED_V1,REFERENCE_ASSUMPTION_SANDBOX_V1,LOCAL_WINDOW_HPP_EXACT95_HIGH,25,300.000000000,363.108962628,530,427,33,36,13,21,103,530,0,0,0,11.116612909,19.845088128,4.303318932,7.930651596,15.419931842,27.796426775,0.000000000,0.000000000,0.000000000,50.238113660,62.614608593,0.884616339,0.903572404,103,0.194339623,63.108962628,true,COMPLETE
1.0,OP_CONFIRM_EXACT95_HIGH_REFERENCE_ASSUMPTION_SANDBOX_V1,eed4ac1694a3cbb110169bff620757a2aa7b14be5e0738f9318b5c1a3c59b08f,TASK3_OPERATIONAL_POOLED_V1,REFERENCE_ASSUMPTION_SANDBOX_V1,LOCAL_WINDOW_HPP_EXACT95_HIGH,26,300.000000000,394.576244678,582,428,78,36,19,21,154,582,0,0,0,29.897855587,48.226053245,6.756069506,13.367596529,36.653925093,57.712153548,0.000000000,0.000000000,0.000000000,71.472106911,92.530335366,0.893939454,0.913095299,154,0.264604811,94.576244678,true,COMPLETE
1.0,OP_CONFIRM_EXACT95_HIGH_REFERENCE_ASSUMPTION_SANDBOX_V1,eed4ac1694a3cbb110169bff620757a2aa7b14be5e0738f9318b5c1a3c59b08f,TASK3_OPERATIONAL_POOLED_V1,REFERENCE_ASSUMPTION_SANDBOX_V1,LOCAL_WINDOW_HPP_EXACT95_HIGH,27,300.000000000,383.691597895,563,427,70,36,9,21,136,563,0,0,0,23.440629108,38.257837990,3.912729514,7.266565677,27.353358622,45.153385587,0.000000000,0.000000000,0.000000000,62.171540440,79.971567405,0.889287446,0.908343606,136,0.241563055,83.691597895,true,COMPLETE
1.0,OP_CONFIRM_EXACT95_HIGH_REFERENCE_ASSUMPTION_SANDBOX_V1,eed4ac1694a3cbb110169bff620757a2aa7b14be5e0738f9318b5c1a3c59b08f,TASK3_OPERATIONAL_POOLED_V1,REFERENCE_ASSUMPTION_SANDBOX_V1,LOCAL_WINDOW_HPP_EXACT95_HIGH,28,300.000000000,391.932595937,575,426,83,36,9,21,149,575,0,0,0,19.055605835,46.826662342,3.244629098,6.848596709,22.300234933,53.510463602,0.000000000,0.000000000,0.000000000,57.118416751,88.328645420,0.889144848,0.908197952,149,0.259130435,91.932595937,true,COMPLETE
1.0,OP_CONFIRM_EXACT95_HIGH_REFERENCE_ASSUMPTION_SANDBOX_V1,eed4ac1694a3cbb110169bff620757a2aa7b14be5e0738f9318b5c1a3c59b08f,TASK3_OPERATIONAL_POOLED_V1,REFERENCE_ASSUMPTION_SANDBOX_V1,LOCAL_WINDOW_HPP_EXACT95_HIGH,29,300.000000000,352.834659171,513,428,20,36,8,21,85,513,0,0,0,9.931339773,18.807702503,3.614505037,6.877365747,13.545844810,24.331515420,0.000000000,0.000000000,0.000000000,48.364026628,59.149697238,0.881175029,0.900057351,85,0.165692008,52.834659171,true,COMPLETE
1.0,OP_CONFIRM_EXACT95_HIGH_REFERENCE_ASSUMPTION_SANDBOX_V1,eed4ac1694a3cbb110169bff620757a2aa7b14be5e0738f9318b5c1a3c59b08f,TASK3_OPERATIONAL_POOLED_V1,REFERENCE_ASSUMPTION_SANDBOX_V1,LOCAL_WINDOW_HPP_EXACT95_HIGH,30,300.000000000,401.123862064,591,424,99,36,11,21,167,591,0,0,0,25.169175519,56.175753095,4.799444675,9.392264870,29.968620193,63.968111947,0.000000000,0.000000000,0.000000000,64.786802011,98.786293765,0.892945676,0.912080226,167,0.282571912,101.123862064,true,COMPLETE
1.0,OP_CONFIRM_EXACT95_HIGH_REFERENCE_ASSUMPTION_SANDBOX_V1,eed4ac1694a3cbb110169bff620757a2aa7b14be5e0738f9318b5c1a3c59b08f,TASK3_OPERATIONAL_POOLED_V1,REFERENCE_ASSUMPTION_SANDBOX_V1,LOCAL_WINDOW_HPP_EXACT95_HIGH,31,300.000000000,409.465136274,606,429,105,36,15,21,177,606,0,0,0,33.180871213,62.005610953,6.346991870,10.993202036,39.527863083,71.895753308,0.000000000,0.000000000,0.000000000,74.346044901,106.713935126,0.896957261,0.916177774,177,0.292079208,109.465136274,true,COMPLETE
1.0,OP_CONFIRM_EXACT95_HIGH_REFERENCE_ASSUMPTION_SANDBOX_V1,eed4ac1694a3cbb110169bff620757a2aa7b14be5e0738f9318b5c1a3c59b08f,TASK3_OPERATIONAL_POOLED_V1,REFERENCE_ASSUMPTION_SANDBOX_V1,LOCAL_WINDOW_HPP_EXACT95_HIGH,32,300.000000000,376.030865180,551,429,50,36,15,21,122,551,0,0,0,19.709138517,32.974537334,5.863045701,10.322944559,25.572184217,39.927779155,0.000000000,0.000000000,0.000000000,60.390366035,74.745960973,0.888063786,0.907093725,122,0.221415608,76.030865180,true,COMPLETE
1.0,OP_CONFIRM_EXACT95_HIGH_REFERENCE_ASSUMPTION_SANDBOX_V1,eed4ac1694a3cbb110169bff620757a2aa7b14be5e0738f9318b5c1a3c59b08f,TASK3_OPERATIONAL_POOLED_V1,REFERENCE_ASSUMPTION_SANDBOX_V1,LOCAL_WINDOW_HPP_EXACT95_HIGH,33,300.000000000,389.502690959,573,428,79,36,9,21,145,573,0,0,0,19.495173394,44.567270993,3.847059558,7.245695929,23.342232952,51.741554875,0.000000000,0.000000000,0.000000000,58.160414770,86.559736693,0.891579790,0.910685071,145,0.253054101,89.502690959,true,COMPLETE
1.0,OP_CONFIRM_EXACT95_HIGH_REFERENCE_ASSUMPTION_SANDBOX_V1,eed4ac1694a3cbb110169bff620757a2aa7b14be5e0738f9318b5c1a3c59b08f,TASK3_OPERATIONAL_POOLED_V1,REFERENCE_ASSUMPTION_SANDBOX_V1,LOCAL_WINDOW_HPP_EXACT95_HIGH,34,300.000000000,398.115360883,587,428,87,36,15,21,159,587,0,0,0,26.497180050,52.400650499,5.666547239,10.473173804,32.163727289,61.905412613,0.000000000,0.000000000,0.000000000,66.981909107,96.723594431,0.893604243,0.912752906,159,0.270868825,98.115360883,true,COMPLETE
1.0,OP_CONFIRM_EXACT95_HIGH_REFERENCE_ASSUMPTION_SANDBOX_V1,eed4ac1694a3cbb110169bff620757a2aa7b14be5e0738f9318b5c1a3c59b08f,TASK3_OPERATIONAL_POOLED_V1,REFERENCE_ASSUMPTION_SANDBOX_V1,LOCAL_WINDOW_HPP_EXACT95_HIGH,35,300.000000000,374.502972463,548,429,50,36,12,21,119,548,0,0,0,11.707916304,28.437331157,3.999211002,7.454228451,15.707127307,36.154348622,0.000000000,0.000000000,0.000000000,50.525309125,70.972530440,0.886831979,0.905835521,119,0.217153285,74.502972463,true,COMPLETE
1.0,OP_CONFIRM_EXACT95_HIGH_REFERENCE_ASSUMPTION_SANDBOX_V1,eed4ac1694a3cbb110169bff620757a2aa7b14be5e0738f9318b5c1a3c59b08f,TASK3_OPERATIONAL_POOLED_V1,REFERENCE_ASSUMPTION_SANDBOX_V1,LOCAL_WINDOW_HPP_EXACT95_HIGH,36,300.000000000,387.271942947,567,424,75,36,11,21,143,567,0,0,0,21.349963675,45.001368468,3.494649950,7.036454667,24.844613625,51.876956243,0.000000000,0.000000000,0.000000000,59.662795443,86.695138061,0.887325741,0.906339864,143,0.252204586,87.271942947,true,COMPLETE
1.0,OP_CONFIRM_EXACT95_HIGH_REFERENCE_ASSUMPTION_SANDBOX_V1,eed4ac1694a3cbb110169bff620757a2aa7b14be5e0738f9318b5c1a3c59b08f,TASK3_OPERATIONAL_POOLED_V1,REFERENCE_ASSUMPTION_SANDBOX_V1,LOCAL_WINDOW_HPP_EXACT95_HIGH,37,300.000000000,379.780010275,556,427,65,36,7,21,129,556,0,0,0,17.210077301,38.987886450,4.550138002,8.764255869,21.760215303,47.044212325,0.000000000,0.000000000,0.000000000,56.578397121,81.862394143,0.887276023,0.906289080,129,0.232014388,79.780010275,true,COMPLETE
1.0,OP_CONFIRM_EXACT95_HIGH_REFERENCE_ASSUMPTION_SANDBOX_V1,eed4ac1694a3cbb110169bff620757a2aa7b14be5e0738f9318b5c1a3c59b08f,TASK3_OPERATIONAL_POOLED_V1,REFERENCE_ASSUMPTION_SANDBOX_V1,LOCAL_WINDOW_HPP_EXACT95_HIGH,38,300.000000000,380.379357627,550,418,65,36,10,21,132,550,0,0,0,22.019965862,38.958211926,3.610479370,7.262074667,25.630445232,45.368261160,0.000000000,0.000000000,0.000000000,60.448627050,80.186442978,0.876318146,0.895096392,132,0.240000000,80.379357627,true,COMPLETE
1.0,OP_CONFIRM_EXACT95_HIGH_REFERENCE_ASSUMPTION_SANDBOX_V1,eed4ac1694a3cbb110169bff620757a2aa7b14be5e0738f9318b5c1a3c59b08f,TASK3_OPERATIONAL_POOLED_V1,REFERENCE_ASSUMPTION_SANDBOX_V1,LOCAL_WINDOW_HPP_EXACT95_HIGH,39,300.000000000,394.863209740,581,428,87,36,9,21,153,581,0,0,0,24.286193275,50.092782961,4.060797928,7.870334704,28.346991204,57.630953306,0.000000000,0.000000000,0.000000000,63.165173022,92.449135124,0.891754925,0.910863959,153,0.263339071,94.863209740,true,COMPLETE
1.0,OP_CONFIRM_EXACT95_HIGH_REFERENCE_ASSUMPTION_SANDBOX_V1,eed4ac1694a3cbb110169bff620757a2aa7b14be5e0738f9318b5c1a3c59b08f,TASK3_OPERATIONAL_POOLED_V1,REFERENCE_ASSUMPTION_SANDBOX_V1,LOCAL_WINDOW_HPP_EXACT95_HIGH,40,300.000000000,404.349550656,596,427,102,36,10,21,169,596,0,0,0,26.410391362,57.044605234,4.499994789,8.412720540,30.910386151,65.467530476,0.000000000,0.000000000,0.000000000,65.728567969,100.285712294,0.893316490,0.912458986,169,0.283557047,104.349550656,true,COMPLETE
1.0,OP_CONFIRM_EXACT95_HIGH_REFERENCE_ASSUMPTION_SANDBOX_V1,eed4ac1694a3cbb110169bff620757a2aa7b14be5e0738f9318b5c1a3c59b08f,TASK3_OPERATIONAL_POOLED_V1,REFERENCE_ASSUMPTION_SANDBOX_V1,LOCAL_WINDOW_HPP_EXACT95_HIGH,41,300.000000000,383.023283337,562,426,71,36,8,21,136,562,0,0,0,22.654165815,42.967854779,3.398716923,6.831187654,26.052882738,49.211955766,0.000000000,0.000000000,0.000000000,60.871064556,84.030137584,0.889256803,0.908312306,136,0.241992883,83.023283337,true,COMPLETE
1.0,OP_CONFIRM_EXACT95_HIGH_REFERENCE_ASSUMPTION_SANDBOX_V1,eed4ac1694a3cbb110169bff620757a2aa7b14be5e0738f9318b5c1a3c59b08f,TASK3_OPERATIONAL_POOLED_V1,REFERENCE_ASSUMPTION_SANDBOX_V1,LOCAL_WINDOW_HPP_EXACT95_HIGH,42,300.000000000,401.093140972,591,428,94,36,12,21,163,591,0,0,0,30.519884883,56.206632241,4.154809824,7.746285774,34.674694706,63.797378273,0.000000000,0.000000000,0.000000000,69.492876524,98.615560091,0.893014070,0.912150086,163,0.275803723,101.093140972,true,COMPLETE
1.0,OP_CONFIRM_EXACT95_HIGH_REFERENCE_ASSUMPTION_SANDBOX_V1,eed4ac1694a3cbb110169bff620757a2aa7b14be5e0738f9318b5c1a3c59b08f,TASK3_OPERATIONAL_POOLED_V1,REFERENCE_ASSUMPTION_SANDBOX_V1,LOCAL_WINDOW_HPP_EXACT95_HIGH,43,300.000000000,384.279235744,562,427,66,36,12,21,135,562,0,0,0,22.222016370,39.140469699,3.892537388,7.766956969,26.114553758,45.883911428,0.000000000,0.000000000,0.000000000,60.932735576,80.702093246,0.886350416,0.905343640,135,0.240213523,84.279235744,true,COMPLETE
1.0,OP_CONFIRM_EXACT95_HIGH_REFERENCE_ASSUMPTION_SANDBOX_V1,eed4ac1694a3cbb110169bff620757a2aa7b14be5e0738f9318b5c1a3c59b08f,TASK3_OPERATIONAL_POOLED_V1,REFERENCE_ASSUMPTION_SANDBOX_V1,LOCAL_WINDOW_HPP_EXACT95_HIGH,44,300.000000000,403.196860816,591,425,101,36,8,21,166,591,0,0,0,25.718215306,57.934455652,3.935509883,7.507709782,29.653725189,64.810293400,0.000000000,0.000000000,0.000000000,64.471907007,99.628475218,0.888354680,0.907390851,166,0.280879865,103.196860816,true,COMPLETE
1.0,OP_CONFIRM_EXACT95_HIGH_REFERENCE_ASSUMPTION_SANDBOX_V1,eed4ac1694a3cbb110169bff620757a2aa7b14be5e0738f9318b5c1a3c59b08f,TASK3_OPERATIONAL_POOLED_V1,REFERENCE_ASSUMPTION_SANDBOX_V1,LOCAL_WINDOW_HPP_EXACT95_HIGH,45,300.000000000,411.125786211,609,429,110,36,13,21,180,609,0,0,0,31.369417822,64.774336333,4.936209959,9.199673132,36.305627782,71.780154733,0.000000000,0.000000000,0.000000000,71.123809600,106.598336551,0.897756651,0.916994294,180,0.295566502,111.125786211,true,COMPLETE
1.0,OP_CONFIRM_EXACT95_HIGH_REFERENCE_ASSUMPTION_SANDBOX_V1,eed4ac1694a3cbb110169bff620757a2aa7b14be5e0738f9318b5c1a3c59b08f,TASK3_OPERATIONAL_POOLED_V1,REFERENCE_ASSUMPTION_SANDBOX_V1,LOCAL_WINDOW_HPP_EXACT95_HIGH,46,300.000000000,386.041841968,564,425,62,36,20,21,139,564,0,0,0,18.053179373,41.219765034,6.099850761,11.885081087,24.153030134,49.567043622,0.000000000,0.000000000,0.000000000,58.971211952,84.385225440,0.885443350,0.904417136,139,0.246453901,86.041841968,true,COMPLETE
1.0,OP_CONFIRM_EXACT95_HIGH_REFERENCE_ASSUMPTION_SANDBOX_V1,eed4ac1694a3cbb110169bff620757a2aa7b14be5e0738f9318b5c1a3c59b08f,TASK3_OPERATIONAL_POOLED_V1,REFERENCE_ASSUMPTION_SANDBOX_V1,LOCAL_WINDOW_HPP_EXACT95_HIGH,47,300.000000000,358.608965153,521,424,30,36,10,21,97,521,0,0,0,8.115897380,20.021633914,2.605065749,5.708433313,10.720963129,25.014114037,0.000000000,0.000000000,0.000000000,45.539144947,59.832295855,0.880506642,0.899374642,97,0.186180422,58.608965153,true,COMPLETE
1.0,OP_CONFIRM_EXACT95_HIGH_REFERENCE_ASSUMPTION_SANDBOX_V1,eed4ac1694a3cbb110169bff620757a2aa7b14be5e0738f9318b5c1a3c59b08f,TASK3_OPERATIONAL_POOLED_V1,REFERENCE_ASSUMPTION_SANDBOX_V1,LOCAL_WINDOW_HPP_EXACT95_HIGH,48,300.000000000,375.071942142,548,426,54,36,11,21,122,548,0,0,0,19.482904238,33.587058802,4.070400523,7.786493385,23.553304761,40.912584766,0.000000000,0.000000000,0.000000000,58.371486579,75.730766584,0.885486689,0.904461404,122,0.222627737,75.071942142,true,COMPLETE
1.0,OP_CONFIRM_EXACT95_HIGH_REFERENCE_ASSUMPTION_SANDBOX_V1,eed4ac1694a3cbb110169bff620757a2aa7b14be5e0738f9318b5c1a3c59b08f,TASK3_OPERATIONAL_POOLED_V1,REFERENCE_ASSUMPTION_SANDBOX_V1,LOCAL_WINDOW_HPP_EXACT95_HIGH,49,300.000000000,387.520436238,569,429,72,36,11,21,140,569,0,0,0,25.529330687,42.503589836,4.551638855,8.539698920,30.080969542,49.763570026,0.000000000,0.000000000,0.000000000,64.899151360,84.581751844,0.889884642,0.908953599,140,0.246045694,87.520436238,true,COMPLETE
1.0,OP_CONFIRM_EXACT95_HIGH_REFERENCE_ASSUMPTION_SANDBOX_V1,eed4ac1694a3cbb110169bff620757a2aa7b14be5e0738f9318b5c1a3c59b08f,TASK3_OPERATIONAL_POOLED_V1,REFERENCE_ASSUMPTION_SANDBOX_V1,LOCAL_WINDOW_HPP_EXACT95_HIGH,50,300.000000000,400.107643702,589,429,87,36,16,21,160,589,0,0,0,23.164409025,50.693213876,6.283125095,11.230151843,29.447534120,60.586302345,0.000000000,0.000000000,0.000000000,64.265715938,95.404484163,0.892184147,0.911302379,160,0.271646859,100.107643702,true,COMPLETE
1.0,OP_CONFIRM_EXACT95_LOW_REFERENCE_ASSUMPTION_SANDBOX_V1,32b9044b5bbd75968a07e8c7fc390d8c3419cadcce37bf0965896dd768445e2b,TASK3_OPERATIONAL_POOLED_V1,REFERENCE_ASSUMPTION_SANDBOX_V1,LOCAL_WINDOW_HPP_EXACT95_LOW,1,300.000000000,333.378284734,313,277,0,22,0,14,36,313,0,0,0,0.000000000,0.000000000,0.034405505,0.000000000,0.034405505,0.000000000,0.000000000,0.000000000,0.000000000,34.852587323,34.818181818,0.569014175,0.581207336,36,0.115015974,33.378284734,true,COMPLETE
1.0,OP_CONFIRM_EXACT95_LOW_REFERENCE_ASSUMPTION_SANDBOX_V1,32b9044b5bbd75968a07e8c7fc390d8c3419cadcce37bf0965896dd768445e2b,TASK3_OPERATIONAL_POOLED_V1,REFERENCE_ASSUMPTION_SANDBOX_V1,LOCAL_WINDOW_HPP_EXACT95_LOW,2,300.000000000,332.283944051,299,263,0,20,0,16,36,299,0,0,0,0.000000000,0.000000000,0.000900810,0.000000000,0.000900810,0.000000000,0.000000000,0.000000000,0.000000000,34.819082628,34.818181818,0.545353227,0.557039368,36,0.120401338,32.283944051,true,COMPLETE
1.0,OP_CONFIRM_EXACT95_LOW_REFERENCE_ASSUMPTION_SANDBOX_V1,32b9044b5bbd75968a07e8c7fc390d8c3419cadcce37bf0965896dd768445e2b,TASK3_OPERATIONAL_POOLED_V1,REFERENCE_ASSUMPTION_SANDBOX_V1,LOCAL_WINDOW_HPP_EXACT95_LOW,3,300.000000000,334.763588245,285,251,0,27,0,7,34,285,0,0,0,0.016208119,0.000000000,0.094619435,0.680083802,0.110827555,0.894984763,0.000000000,0.000000000,0.000000000,34.929009373,35.713166581,0.515967921,0.527024377,34,0.119298246,34.763588245,true,COMPLETE
1.0,OP_CONFIRM_EXACT95_LOW_REFERENCE_ASSUMPTION_SANDBOX_V1,32b9044b5bbd75968a07e8c7fc390d8c3419cadcce37bf0965896dd768445e2b,TASK3_OPERATIONAL_POOLED_V1,REFERENCE_ASSUMPTION_SANDBOX_V1,LOCAL_WINDOW_HPP_EXACT95_LOW,4,300.000000000,334.214032222,293,254,0,27,0,12,39,293,0,0,0,0.000000000,0.000000000,0.000000000,0.000000000,0.000000000,0.000000000,0.000000000,0.000000000,0.000000000,34.818181818,34.818181818,0.531323465,0.542708968,39,0.133105802,34.214032222,true,COMPLETE
1.0,OP_CONFIRM_EXACT95_LOW_REFERENCE_ASSUMPTION_SANDBOX_V1,32b9044b5bbd75968a07e8c7fc390d8c3419cadcce37bf0965896dd768445e2b,TASK3_OPERATIONAL_POOLED_V1,REFERENCE_ASSUMPTION_SANDBOX_V1,LOCAL_WINDOW_HPP_EXACT95_LOW,5,300.000000000,333.398993631,289,254,0,23,0,12,35,289,0,0,0,0.000000000,0.000000000,0.003926900,0.000000000,0.003926900,0.000000000,0.000000000,0.000000000,0.000000000,34.822108718,34.818181818,0.525351061,0.536608584,35,0.121107266,33.398993631,true,COMPLETE
1.0,OP_CONFIRM_EXACT95_LOW_REFERENCE_ASSUMPTION_SANDBOX_V1,32b9044b5bbd75968a07e8c7fc390d8c3419cadcce37bf0965896dd768445e2b,TASK3_OPERATIONAL_POOLED_V1,REFERENCE_ASSUMPTION_SANDBOX_V1,LOCAL_WINDOW_HPP_EXACT95_LOW,6,300.000000000,334.503790859,310,286,0,15,0,9,24,310,0,0,0,0.000000000,0.000000000,0.001133148,0.000000000,0.001133148,0.000000000,0.000000000,0.000000000,0.000000000,34.819314966,34.818181818,0.561664152,0.573699812,24,0.077419355,34.503790859,true,COMPLETE
1.0,OP_CONFIRM_EXACT95_LOW_REFERENCE_ASSUMPTION_SANDBOX_V1,32b9044b5bbd75968a07e8c7fc390d8c3419cadcce37bf0965896dd768445e2b,TASK3_OPERATIONAL_POOLED_V1,REFERENCE_ASSUMPTION_SANDBOX_V1,LOCAL_WINDOW_HPP_EXACT95_LOW,7,300.000000000,334.009467665,254,220,0,19,0,15,34,254,0,0,0,0.000000000,0.000000000,0.000000000,0.000000000,0.000000000,0.000000000,0.000000000,0.000000000,0.000000000,34.818181818,34.818181818,0.460883325,0.470759396,34,0.133858268,34.009467665,true,COMPLETE
1.0,OP_CONFIRM_EXACT95_LOW_REFERENCE_ASSUMPTION_SANDBOX_V1,32b9044b5bbd75968a07e8c7fc390d8c3419cadcce37bf0965896dd768445e2b,TASK3_OPERATIONAL_POOLED_V1,REFERENCE_ASSUMPTION_SANDBOX_V1,LOCAL_WINDOW_HPP_EXACT95_LOW,8,300.000000000,334.204293046,279,242,0,26,0,11,37,279,0,0,0,0.000000000,0.000000000,0.000000000,0.000000000,0.000000000,0.000000000,0.000000000,0.000000000,0.000000000,34.818181818,34.818181818,0.505950739,0.516792541,37,0.132616487,34.204293046,true,COMPLETE
1.0,OP_CONFIRM_EXACT95_LOW_REFERENCE_ASSUMPTION_SANDBOX_V1,32b9044b5bbd75968a07e8c7fc390d8c3419cadcce37bf0965896dd768445e2b,TASK3_OPERATIONAL_POOLED_V1,REFERENCE_ASSUMPTION_SANDBOX_V1,LOCAL_WINDOW_HPP_EXACT95_LOW,9,300.000000000,334.651209542,271,235,0,22,0,14,36,271,0,0,0,0.000000000,0.000000000,0.007156757,0.000000000,0.007156757,0.000000000,0.000000000,0.000000000,0.000000000,34.825338575,34.818181818,0.490786884,0.501303745,36,0.132841328,34.651209542,true,COMPLETE
1.0,OP_CONFIRM_EXACT95_LOW_REFERENCE_ASSUMPTION_SANDBOX_V1,32b9044b5bbd75968a07e8c7fc390d8c3419cadcce37bf0965896dd768445e2b,TASK3_OPERATIONAL_POOLED_V1,REFERENCE_ASSUMPTION_SANDBOX_V1,LOCAL_WINDOW_HPP_EXACT95_LOW,10,300.000000000,333.986965101,321,285,0,22,0,14,36,321,0,0,0,0.000000000,0.000000000,0.017432566,0.000000000,0.017432566,0.000000000,0.000000000,0.000000000,0.000000000,34.835614384,34.818181818,0.582494154,0.594976171,36,0.112149533,33.986965101,true,COMPLETE
1.0,OP_CONFIRM_EXACT95_LOW_REFERENCE_ASSUMPTION_SANDBOX_V1,32b9044b5bbd75968a07e8c7fc390d8c3419cadcce37bf0965896dd768445e2b,TASK3_OPERATIONAL_POOLED_V1,REFERENCE_ASSUMPTION_SANDBOX_V1,LOCAL_WINDOW_HPP_EXACT95_LOW,11,300.000000000,334.383425690,276,248,0,19,0,9,28,276,0,0,0,0.000000000,0.000000000,0.000000000,0.000000000,0.000000000,0.000000000,0.000000000,0.000000000,0.000000000,34.818181818,34.818181818,0.500242280,0.510961757,28,0.101449275,34.383425690,true,COMPLETE
1.0,OP_CONFIRM_EXACT95_LOW_REFERENCE_ASSUMPTION_SANDBOX_V1,32b9044b5bbd75968a07e8c7fc390d8c3419cadcce37bf0965896dd768445e2b,TASK3_OPERATIONAL_POOLED_V1,REFERENCE_ASSUMPTION_SANDBOX_V1,LOCAL_WINDOW_HPP_EXACT95_LOW,12,300.000000000,334.365001603,299,251,0,33,0,15,48,299,0,0,0,0.000000000,0.000000000,0.053231757,0.189676011,0.053231757,0.189676011,0.000000000,0.000000000,0.000000000,34.871413575,35.007857829,0.541958998,0.553572405,48,0.160535117,34.365001603,true,COMPLETE
1.0,OP_CONFIRM_EXACT95_LOW_REFERENCE_ASSUMPTION_SANDBOX_V1,32b9044b5bbd75968a07e8c7fc390d8c3419cadcce37bf0965896dd768445e2b,TASK3_OPERATIONAL_POOLED_V1,REFERENCE_ASSUMPTION_SANDBOX_V1,LOCAL_WINDOW_HPP_EXACT95_LOW,13,300.000000000,334.664495631,286,256,0,19,0,11,30,286,0,0,0,0.000000000,0.000000000,0.000000000,0.000000000,0.000000000,0.000000000,0.000000000,0.000000000,0.000000000,34.818181818,34.818181818,0.517931647,0.529030182,30,0.104895105,34.664495631,true,COMPLETE
1.0,OP_CONFIRM_EXACT95_LOW_REFERENCE_ASSUMPTION_SANDBOX_V1,32b9044b5bbd75968a07e8c7fc390d8c3419cadcce37bf0965896dd768445e2b,TASK3_OPERATIONAL_POOLED_V1,REFERENCE_ASSUMPTION_SANDBOX_V1,LOCAL_WINDOW_HPP_EXACT95_LOW,14,300.000000000,334.504039286,264,224,0,27,0,13,40,264,0,0,0,0.000000000,0.000000000,0.006418947,0.000000000,0.006418947,0.000000000,0.000000000,0.000000000,0.000000000,34.824600765,34.818181818,0.478320083,0.488569800,40,0.151515152,34.504039286,true,COMPLETE
1.0,OP_CONFIRM_EXACT95_LOW_REFERENCE_ASSUMPTION_SANDBOX_V1,32b9044b5bbd75968a07e8c7fc390d8c3419cadcce37bf0965896dd768445e2b,TASK3_OPERATIONAL_POOLED_V1,REFERENCE_ASSUMPTION_SANDBOX_V1,LOCAL_WINDOW_HPP_EXACT95_LOW,15,300.000000000,334.767924815,296,263,0,21,0,12,33,296,0,0,0,0.000000000,0.000000000,0.001106328,0.000000000,0.001106328,0.000000000,0.000000000,0.000000000,0.000000000,34.819288146,34.818181818,0.535875531,0.547358578,33,0.111486486,34.767924815,true,COMPLETE
1.0,OP_CONFIRM_EXACT95_LOW_REFERENCE_ASSUMPTION_SANDBOX_V1,32b9044b5bbd75968a07e8c7fc390d8c3419cadcce37bf0965896dd768445e2b,TASK3_OPERATIONAL_POOLED_V1,REFERENCE_ASSUMPTION_SANDBOX_V1,LOCAL_WINDOW_HPP_EXACT95_LOW,16,300.000000000,334.431918804,278,244,0,26,0,8,34,278,0,0,0,0.000000000,0.000000000,0.000000000,0.000000000,0.000000000,0.000000000,0.000000000,0.000000000,0.000000000,34.818181818,34.818181818,0.503794163,0.514589752,34,0.122302158,34.431918804,true,COMPLETE
1.0,OP_CONFIRM_EXACT95_LOW_REFERENCE_ASSUMPTION_SANDBOX_V1,32b9044b5bbd75968a07e8c7fc390d8c3419cadcce37bf0965896dd768445e2b,TASK3_OPERATIONAL_POOLED_V1,REFERENCE_ASSUMPTION_SANDBOX_V1,LOCAL_WINDOW_HPP_EXACT95_LOW,17,300.000000000,334.762375366,310,271,0,28,0,11,39,310,0,0,0,0.018116860,0.000000000,0.078090549,0.739365637,0.096207409,0.913788785,0.000000000,0.000000000,0.000000000,34.914389227,35.731970603,0.561230299,0.573256662,39,0.125806452,34.762375366,true,COMPLETE
1.0,OP_CONFIRM_EXACT95_LOW_REFERENCE_ASSUMPTION_SANDBOX_V1,32b9044b5bbd75968a07e8c7fc390d8c3419cadcce37bf0965896dd768445e2b,TASK3_OPERATIONAL_POOLED_V1,REFERENCE_ASSUMPTION_SANDBOX_V1,LOCAL_WINDOW_HPP_EXACT95_LOW,18,300.000000000,333.369913239,298,259,0,20,0,19,39,298,0,0,0,0.000000000,0.000000000,0.000000000,0.000000000,0.000000000,0.000000000,0.000000000,0.000000000,0.000000000,34.818181818,34.818181818,0.541758729,0.553367845,39,0.130872483,33.369913239,true,COMPLETE
1.0,OP_CONFIRM_EXACT95_LOW_REFERENCE_ASSUMPTION_SANDBOX_V1,32b9044b5bbd75968a07e8c7fc390d8c3419cadcce37bf0965896dd768445e2b,TASK3_OPERATIONAL_POOLED_V1,REFERENCE_ASSUMPTION_SANDBOX_V1,LOCAL_WINDOW_HPP_EXACT95_LOW,19,300.000000000,334.345704763,272,241,0,25,0,6,31,272,0,0,0,0.000000000,0.000000000,0.000000000,0.000000000,0.000000000,0.000000000,0.000000000,0.000000000,0.000000000,34.818181818,34.818181818,0.493048011,0.503613326,31,0.113970588,34.345704763,true,COMPLETE
1.0,OP_CONFIRM_EXACT95_LOW_REFERENCE_ASSUMPTION_SANDBOX_V1,32b9044b5bbd75968a07e8c7fc390d8c3419cadcce37bf0965896dd768445e2b,TASK3_OPERATIONAL_POOLED_V1,REFERENCE_ASSUMPTION_SANDBOX_V1,LOCAL_WINDOW_HPP_EXACT95_LOW,20,300.000000000,333.059981036,280,252,0,16,0,12,28,280,0,0,0,0.000000000,0.000000000,0.000000000,0.000000000,0.000000000,0.000000000,0.000000000,0.000000000,0.000000000,34.818181818,34.818181818,0.509508735,0.520426780,28,0.100000000,33.059981036,true,COMPLETE
1.0,OP_CONFIRM_EXACT95_LOW_REFERENCE_ASSUMPTION_SANDBOX_V1,32b9044b5bbd75968a07e8c7fc390d8c3419cadcce37bf0965896dd768445e2b,TASK3_OPERATIONAL_POOLED_V1,REFERENCE_ASSUMPTION_SANDBOX_V1,LOCAL_WINDOW_HPP_EXACT95_LOW,21,300.000000000,334.383882730,272,248,0,14,0,10,24,272,0,0,0,0.000000000,0.000000000,0.004148657,0.000000000,0.004148657,0.000000000,0.000000000,0.000000000,0.000000000,34.822330475,34.818181818,0.492991718,0.503555826,24,0.088235294,34.383882730,true,COMPLETE
1.0,OP_CONFIRM_EXACT95_LOW_REFERENCE_ASSUMPTION_SANDBOX_V1,32b9044b5bbd75968a07e8c7fc390d8c3419cadcce37bf0965896dd768445e2b,TASK3_OPERATIONAL_POOLED_V1,REFERENCE_ASSUMPTION_SANDBOX_V1,LOCAL_WINDOW_HPP_EXACT95_LOW,22,300.000000000,334.375348407,312,265,0,34,0,13,47,312,0,0,0,0.000000000,0.000000000,0.083946701,0.569649471,0.083946701,0.569649471,0.000000000,0.000000000,0.000000000,34.902128519,35.387831289,0.565504933,0.577622896,47,0.150641026,34.375348407,true,COMPLETE
1.0,OP_CONFIRM_EXACT95_LOW_REFERENCE_ASSUMPTION_SANDBOX_V1,32b9044b5bbd75968a07e8c7fc390d8c3419cadcce37bf0965896dd768445e2b,TASK3_OPERATIONAL_POOLED_V1,REFERENCE_ASSUMPTION_SANDBOX_V1,LOCAL_WINDOW_HPP_EXACT95_LOW,23,300.000000000,333.884950245,296,268,0,19,0,9,28,296,0,0,0,0.000000000,0.000000000,0.001057158,0.000000000,0.001057158,0.000000000,0.000000000,0.000000000,0.000000000,34.819238976,34.818181818,0.537292679,0.548806094,28,0.094594595,33.884950245,true,COMPLETE
1.0,OP_CONFIRM_EXACT95_LOW_REFERENCE_ASSUMPTION_SANDBOX_V1,32b9044b5bbd75968a07e8c7fc390d8c3419cadcce37bf0965896dd768445e2b,TASK3_OPERATIONAL_POOLED_V1,REFERENCE_ASSUMPTION_SANDBOX_V1,LOCAL_WINDOW_HPP_EXACT95_LOW,24,300.000000000,334.544159448,299,253,0,30,0,16,46,299,0,0,0,0.000000000,0.000000000,0.000000000,0.000000000,0.000000000,0.000000000,0.000000000,0.000000000,0.000000000,34.818181818,34.818181818,0.541668764,0.553275951,46,0.153846154,34.544159448,true,COMPLETE
1.0,OP_CONFIRM_EXACT95_LOW_REFERENCE_ASSUMPTION_SANDBOX_V1,32b9044b5bbd75968a07e8c7fc390d8c3419cadcce37bf0965896dd768445e2b,TASK3_OPERATIONAL_POOLED_V1,REFERENCE_ASSUMPTION_SANDBOX_V1,LOCAL_WINDOW_HPP_EXACT95_LOW,25,300.000000000,333.803665910,291,256,0,24,0,11,35,291,0,0,0,0.000000000,0.000000000,0.000000000,0.000000000,0.000000000,0.000000000,0.000000000,0.000000000,0.000000000,34.818181818,34.818181818,0.528345415,0.539667102,35,0.120274914,33.803665910,true,COMPLETE
1.0,OP_CONFIRM_EXACT95_LOW_REFERENCE_ASSUMPTION_SANDBOX_V1,32b9044b5bbd75968a07e8c7fc390d8c3419cadcce37bf0965896dd768445e2b,TASK3_OPERATIONAL_POOLED_V1,REFERENCE_ASSUMPTION_SANDBOX_V1,LOCAL_WINDOW_HPP_EXACT95_LOW,26,300.000000000,334.692628558,273,240,0,20,0,13,33,273,0,0,0,0.000000000,0.000000000,0.002945248,0.000000000,0.002945248,0.000000000,0.000000000,0.000000000,0.000000000,34.821127066,34.818181818,0.494347743,0.504940909,33,0.120879121,34.692628558,true,COMPLETE
1.0,OP_CONFIRM_EXACT95_LOW_REFERENCE_ASSUMPTION_SANDBOX_V1,32b9044b5bbd75968a07e8c7fc390d8c3419cadcce37bf0965896dd768445e2b,TASK3_OPERATIONAL_POOLED_V1,REFERENCE_ASSUMPTION_SANDBOX_V1,LOCAL_WINDOW_HPP_EXACT95_LOW,27,300.000000000,332.497741530,272,244,0,18,0,10,28,272,0,0,0,0.000000000,0.000000000,0.000000000,0.000000000,0.000000000,0.000000000,0.000000000,0.000000000,0.000000000,34.818181818,34.818181818,0.495788284,0.506412319,28,0.102941176,32.497741530,true,COMPLETE
1.0,OP_CONFIRM_EXACT95_LOW_REFERENCE_ASSUMPTION_SANDBOX_V1,32b9044b5bbd75968a07e8c7fc390d8c3419cadcce37bf0965896dd768445e2b,TASK3_OPERATIONAL_POOLED_V1,REFERENCE_ASSUMPTION_SANDBOX_V1,LOCAL_WINDOW_HPP_EXACT95_LOW,28,300.000000000,334.557393197,258,233,0,16,0,9,25,258,0,0,0,0.000000000,0.000000000,0.000000000,0.000000000,0.000000000,0.000000000,0.000000000,0.000000000,0.000000000,34.818181818,34.818181818,0.467374626,0.477389796,25,0.096899225,34.557393197,true,COMPLETE
1.0,OP_CONFIRM_EXACT95_LOW_REFERENCE_ASSUMPTION_SANDBOX_V1,32b9044b5bbd75968a07e8c7fc390d8c3419cadcce37bf0965896dd768445e2b,TASK3_OPERATIONAL_POOLED_V1,REFERENCE_ASSUMPTION_SANDBOX_V1,LOCAL_WINDOW_HPP_EXACT95_LOW,29,300.000000000,334.055309304,300,264,0,20,0,16,36,300,0,0,0,0.009986572,0.000000000,0.073013585,0.522597260,0.083000157,0.634141485,0.000000000,0.000000000,0.000000000,34.901181975,35.452323303,0.544275684,0.555938734,36,0.120000000,34.055309304,true,COMPLETE
1.0,OP_CONFIRM_EXACT95_LOW_REFERENCE_ASSUMPTION_SANDBOX_V1,32b9044b5bbd75968a07e8c7fc390d8c3419cadcce37bf0965896dd768445e2b,TASK3_OPERATIONAL_POOLED_V1,REFERENCE_ASSUMPTION_SANDBOX_V1,LOCAL_WINDOW_HPP_EXACT95_LOW,30,300.000000000,333.547081962,267,232,0,27,0,8,35,267,0,0,0,0.000000000,0.000000000,0.000000000,0.000000000,0.000000000,0.000000000,0.000000000,0.000000000,0.000000000,34.818181818,34.818181818,0.485143449,0.495539380,35,0.131086142,33.547081962,true,COMPLETE
1.0,OP_CONFIRM_EXACT95_LOW_REFERENCE_ASSUMPTION_SANDBOX_V1,32b9044b5bbd75968a07e8c7fc390d8c3419cadcce37bf0965896dd768445e2b,TASK3_OPERATIONAL_POOLED_V1,REFERENCE_ASSUMPTION_SANDBOX_V1,LOCAL_WINDOW_HPP_EXACT95_LOW,31,300.000000000,332.500307393,296,270,0,17,0,9,26,296,0,0,0,0.000000000,0.000000000,0.000006871,0.000000000,0.000006871,0.000000000,0.000000000,0.000000000,0.000000000,34.818188689,34.818181818,0.539530146,0.551091506,26,0.087837838,32.500307393,true,COMPLETE
1.0,OP_CONFIRM_EXACT95_LOW_REFERENCE_ASSUMPTION_SANDBOX_V1,32b9044b5bbd75968a07e8c7fc390d8c3419cadcce37bf0965896dd768445e2b,TASK3_OPERATIONAL_POOLED_V1,REFERENCE_ASSUMPTION_SANDBOX_V1,LOCAL_WINDOW_HPP_EXACT95_LOW,32,300.000000000,333.258766840,288,245,0,29,0,14,43,288,0,0,0,0.000000000,0.000000000,0.000000000,0.000000000,0.000000000,0.000000000,0.000000000,0.000000000,0.000000000,34.818181818,34.818181818,0.523753527,0.534976817,43,0.149305556,33.258766840,true,COMPLETE
1.0,OP_CONFIRM_EXACT95_LOW_REFERENCE_ASSUMPTION_SANDBOX_V1,32b9044b5bbd75968a07e8c7fc390d8c3419cadcce37bf0965896dd768445e2b,TASK3_OPERATIONAL_POOLED_V1,REFERENCE_ASSUMPTION_SANDBOX_V1,LOCAL_WINDOW_HPP_EXACT95_LOW,33,300.000000000,333.353517328,263,238,0,17,0,8,25,263,0,0,0,0.000000000,0.000000000,0.000000000,0.000000000,0.000000000,0.000000000,0.000000000,0.000000000,0.000000000,34.818181818,34.818181818,0.478152865,0.488398998,25,0.095057034,33.353517328,true,COMPLETE
1.0,OP_CONFIRM_EXACT95_LOW_REFERENCE_ASSUMPTION_SANDBOX_V1,32b9044b5bbd75968a07e8c7fc390d8c3419cadcce37bf0965896dd768445e2b,TASK3_OPERATIONAL_POOLED_V1,REFERENCE_ASSUMPTION_SANDBOX_V1,LOCAL_WINDOW_HPP_EXACT95_LOW,34,300.000000000,333.918653247,282,249,0,15,0,18,33,282,0,0,0,0.000000000,0.000000000,0.001002814,0.000000000,0.001002814,0.000000000,0.000000000,0.000000000,0.000000000,34.819184632,34.818181818,0.511828522,0.522796277,33,0.117021277,33.918653247,true,COMPLETE
1.0,OP_CONFIRM_EXACT95_LOW_REFERENCE_ASSUMPTION_SANDBOX_V1,32b9044b5bbd75968a07e8c7fc390d8c3419cadcce37bf0965896dd768445e2b,TASK3_OPERATIONAL_POOLED_V1,REFERENCE_ASSUMPTION_SANDBOX_V1,LOCAL_WINDOW_HPP_EXACT95_LOW,35,300.000000000,334.031797309,280,251,0,18,0,11,29,280,0,0,0,0.000000000,0.000000000,0.000000000,0.000000000,0.000000000,0.000000000,0.000000000,0.000000000,0.000000000,34.818181818,34.818181818,0.508026395,0.518912675,29,0.103571429,34.031797309,true,COMPLETE
1.0,OP_CONFIRM_EXACT95_LOW_REFERENCE_ASSUMPTION_SANDBOX_V1,32b9044b5bbd75968a07e8c7fc390d8c3419cadcce37bf0965896dd768445e2b,TASK3_OPERATIONAL_POOLED_V1,REFERENCE_ASSUMPTION_SANDBOX_V1,LOCAL_WINDOW_HPP_EXACT95_LOW,36,300.000000000,334.046219248,272,235,0,21,0,16,37,272,0,0,0,0.000000000,0.000000000,0.000000000,0.000000000,0.000000000,0.000000000,0.000000000,0.000000000,0.000000000,34.818181818,34.818181818,0.493490048,0.504064835,37,0.136029412,34.046219248,true,COMPLETE
1.0,OP_CONFIRM_EXACT95_LOW_REFERENCE_ASSUMPTION_SANDBOX_V1,32b9044b5bbd75968a07e8c7fc390d8c3419cadcce37bf0965896dd768445e2b,TASK3_OPERATIONAL_POOLED_V1,REFERENCE_ASSUMPTION_SANDBOX_V1,LOCAL_WINDOW_HPP_EXACT95_LOW,37,300.000000000,334.078766339,266,237,0,16,0,13,29,266,0,0,0,0.000000000,0.000000000,0.001079612,0.000000000,0.001079612,0.000000000,0.000000000,0.000000000,0.000000000,34.819261430,34.818181818,0.482557221,0.492897733,29,0.109022556,34.078766339,true,COMPLETE
1.0,OP_CONFIRM_EXACT95_LOW_REFERENCE_ASSUMPTION_SANDBOX_V1,32b9044b5bbd75968a07e8c7fc390d8c3419cadcce37bf0965896dd768445e2b,TASK3_OPERATIONAL_POOLED_V1,REFERENCE_ASSUMPTION_SANDBOX_V1,LOCAL_WINDOW_HPP_EXACT95_LOW,38,300.000000000,333.973818889,341,302,0,23,0,16,39,341,0,0,0,0.000000000,0.000000000,0.006774636,0.000000000,0.006774636,0.000000000,0.000000000,0.000000000,0.000000000,34.824956454,34.818181818,0.618810982,0.632071217,39,0.114369501,33.973818889,true,COMPLETE
1.0,OP_CONFIRM_EXACT95_LOW_REFERENCE_ASSUMPTION_SANDBOX_V1,32b9044b5bbd75968a07e8c7fc390d8c3419cadcce37bf0965896dd768445e2b,TASK3_OPERATIONAL_POOLED_V1,REFERENCE_ASSUMPTION_SANDBOX_V1,LOCAL_WINDOW_HPP_EXACT95_LOW,39,300.000000000,333.227369168,256,218,0,24,0,14,38,256,0,0,0,0.000000000,0.000000000,0.000000000,0.000000000,0.000000000,0.000000000,0.000000000,0.000000000,0.000000000,34.818181818,34.818181818,0.465602557,0.475579755,38,0.148437500,33.227369168,true,COMPLETE
1.0,OP_CONFIRM_EXACT95_LOW_REFERENCE_ASSUMPTION_SANDBOX_V1,32b9044b5bbd75968a07e8c7fc390d8c3419cadcce37bf0965896dd768445e2b,TASK3_OPERATIONAL_POOLED_V1,REFERENCE_ASSUMPTION_SANDBOX_V1,LOCAL_WINDOW_HPP_EXACT95_LOW,40,300.000000000,334.470914622,276,253,0,13,0,10,23,276,0,0,0,0.000000000,0.000000000,0.000000000,0.000000000,0.000000000,0.000000000,0.000000000,0.000000000,0.000000000,34.818181818,34.818181818,0.500111430,0.510828103,23,0.083333333,34.470914622,true,COMPLETE
1.0,OP_CONFIRM_EXACT95_LOW_REFERENCE_ASSUMPTION_SANDBOX_V1,32b9044b5bbd75968a07e8c7fc390d8c3419cadcce37bf0965896dd768445e2b,TASK3_OPERATIONAL_POOLED_V1,REFERENCE_ASSUMPTION_SANDBOX_V1,LOCAL_WINDOW_HPP_EXACT95_LOW,41,300.000000000,334.039386969,305,267,0,22,0,16,38,305,0,0,0,0.000000000,0.000000000,0.016411942,0.000000000,0.016411942,0.000000000,0.000000000,0.000000000,0.000000000,34.834593760,34.818181818,0.553373321,0.565231321,38,0.124590164,34.039386969,true,COMPLETE
1.0,OP_CONFIRM_EXACT95_LOW_REFERENCE_ASSUMPTION_SANDBOX_V1,32b9044b5bbd75968a07e8c7fc390d8c3419cadcce37bf0965896dd768445e2b,TASK3_OPERATIONAL_POOLED_V1,REFERENCE_ASSUMPTION_SANDBOX_V1,LOCAL_WINDOW_HPP_EXACT95_LOW,42,300.000000000,334.117691289,298,260,0,25,0,13,38,298,0,0,0,0.000000000,0.000000000,0.000000000,0.000000000,0.000000000,0.000000000,0.000000000,0.000000000,0.000000000,34.818181818,34.818181818,0.540546237,0.552129370,38,0.127516779,34.117691289,true,COMPLETE
1.0,OP_CONFIRM_EXACT95_LOW_REFERENCE_ASSUMPTION_SANDBOX_V1,32b9044b5bbd75968a07e8c7fc390d8c3419cadcce37bf0965896dd768445e2b,TASK3_OPERATIONAL_POOLED_V1,REFERENCE_ASSUMPTION_SANDBOX_V1,LOCAL_WINDOW_HPP_EXACT95_LOW,43,300.000000000,334.595220486,274,248,0,20,0,6,26,274,0,0,0,0.000000000,0.000000000,0.012639421,0.000000000,0.012639421,0.000000000,0.000000000,0.000000000,0.000000000,34.830821239,34.818181818,0.496302983,0.506938047,26,0.094890511,34.595220486,true,COMPLETE
1.0,OP_CONFIRM_EXACT95_LOW_REFERENCE_ASSUMPTION_SANDBOX_V1,32b9044b5bbd75968a07e8c7fc390d8c3419cadcce37bf0965896dd768445e2b,TASK3_OPERATIONAL_POOLED_V1,REFERENCE_ASSUMPTION_SANDBOX_V1,LOCAL_WINDOW_HPP_EXACT95_LOW,44,300.000000000,333.612131684,288,252,0,19,0,17,36,288,0,0,0,0.000000000,0.000000000,0.000000000,0.000000000,0.000000000,0.000000000,0.000000000,0.000000000,0.000000000,34.818181818,34.818181818,0.523198763,0.534410165,36,0.125000000,33.612131684,true,COMPLETE
1.0,OP_CONFIRM_EXACT95_LOW_REFERENCE_ASSUMPTION_SANDBOX_V1,32b9044b5bbd75968a07e8c7fc390d8c3419cadcce37bf0965896dd768445e2b,TASK3_OPERATIONAL_POOLED_V1,REFERENCE_ASSUMPTION_SANDBOX_V1,LOCAL_WINDOW_HPP_EXACT95_LOW,45,300.000000000,332.705388082,294,252,0,27,0,15,42,294,0,0,0,0.000000000,0.000000000,0.000000000,0.000000000,0.000000000,0.000000000,0.000000000,0.000000000,0.000000000,34.818181818,34.818181818,0.535554351,0.547030516,42,0.142857143,32.705388082,true,COMPLETE
1.0,OP_CONFIRM_EXACT95_LOW_REFERENCE_ASSUMPTION_SANDBOX_V1,32b9044b5bbd75968a07e8c7fc390d8c3419cadcce37bf0965896dd768445e2b,TASK3_OPERATIONAL_POOLED_V1,REFERENCE_ASSUMPTION_SANDBOX_V1,LOCAL_WINDOW_HPP_EXACT95_LOW,46,300.000000000,334.547763371,296,252,0,26,0,18,44,296,0,0,0,0.000000000,0.000000000,0.044006599,0.000000000,0.044006599,0.000000000,0.000000000,0.000000000,0.000000000,34.862188417,34.818181818,0.536228183,0.547718787,44,0.148648649,34.547763371,true,COMPLETE
1.0,OP_CONFIRM_EXACT95_LOW_REFERENCE_ASSUMPTION_SANDBOX_V1,32b9044b5bbd75968a07e8c7fc390d8c3419cadcce37bf0965896dd768445e2b,TASK3_OPERATIONAL_POOLED_V1,REFERENCE_ASSUMPTION_SANDBOX_V1,LOCAL_WINDOW_HPP_EXACT95_LOW,47,300.000000000,329.184016045,265,230,0,13,1,21,35,265,0,0,0,0.000000000,0.000000000,0.040889074,0.142978644,0.040889074,0.142978644,0.000000000,0.000000000,0.000000000,34.859070892,34.961160462,0.487891431,0.498346247,35,0.132075472,29.184016045,true,COMPLETE
1.0,OP_CONFIRM_EXACT95_LOW_REFERENCE_ASSUMPTION_SANDBOX_V1,32b9044b5bbd75968a07e8c7fc390d8c3419cadcce37bf0965896dd768445e2b,TASK3_OPERATIONAL_POOLED_V1,REFERENCE_ASSUMPTION_SANDBOX_V1,LOCAL_WINDOW_HPP_EXACT95_LOW,48,300.000000000,334.462782154,296,264,0,14,0,18,32,296,0,0,0,0.000000000,0.000000000,0.016813924,0.000000000,0.016813924,0.000000000,0.000000000,0.000000000,0.000000000,34.834995742,34.818181818,0.536364430,0.547857953,32,0.108108108,34.462782154,true,COMPLETE
1.0,OP_CONFIRM_EXACT95_LOW_REFERENCE_ASSUMPTION_SANDBOX_V1,32b9044b5bbd75968a07e8c7fc390d8c3419cadcce37bf0965896dd768445e2b,TASK3_OPERATIONAL_POOLED_V1,REFERENCE_ASSUMPTION_SANDBOX_V1,LOCAL_WINDOW_HPP_EXACT95_LOW,49,300.000000000,330.242669127,247,233,0,11,0,3,14,247,0,0,0,0.000000000,0.000000000,0.001144174,0.000000000,0.001144174,0.000000000,0.000000000,0.000000000,0.000000000,34.819325992,34.818181818,0.453293846,0.463007286,14,0.056680162,30.242669127,true,COMPLETE
1.0,OP_CONFIRM_EXACT95_LOW_REFERENCE_ASSUMPTION_SANDBOX_V1,32b9044b5bbd75968a07e8c7fc390d8c3419cadcce37bf0965896dd768445e2b,TASK3_OPERATIONAL_POOLED_V1,REFERENCE_ASSUMPTION_SANDBOX_V1,LOCAL_WINDOW_HPP_EXACT95_LOW,50,300.000000000,334.204179571,295,266,0,17,0,12,29,295,0,0,0,0.000000000,0.000000000,0.000000000,0.000000000,0.000000000,0.000000000,0.000000000,0.000000000,0.000000000,34.818181818,34.818181818,0.534966017,0.546429574,29,0.098305085,34.204179571,true,COMPLETE
