schema_version,config_id,config_sha256,model_version,scenario_id,scenario_family,reference_scenario_id,input_sample_id,replication_id,master_seed,arrival_seed,service_seed,routing_seed,tie_seed,start_state,arrival_mode,arrival_cutoff_seconds,drain_end_seconds,drain_rule,engine_name,engine_version,calibration_status,claim_ceiling,crn_alignment_status,run_status
1.0,OP_CONFIRM_MLE_BASE_CAPACITY_BOTH_PLUS,f15e7bca3caf7928d1cc85c7f0769cc39601b6e161afce3edf97023561e4ab66,TASK3_OPERATIONAL_POOLED_V1,CAPACITY_BOTH_PLUS,CAPACITY,REFERENCE_ASSUMPTION_SANDBOX_V1,LOCAL_WINDOW_HPP_BASE,1,202607290000,202609290011,202609290012,202609290013,202609290014,EMPTY_AND_IDLE,HPP,300.000000000,334.701527801,FULL_DRAIN,AnyLogic,8.9.9.202607020720,NOT_CALIBRATED,COMPARATIVE_WHAT_IF_ONLY,PENDING_VALIDATION,COMPLETE
1.0,OP_CONFIRM_MLE_BASE_CAPACITY_BOTH_PLUS,f15e7bca3caf7928d1cc85c7f0769cc39601b6e161afce3edf97023561e4ab66,TASK3_OPERATIONAL_POOLED_V1,CAPACITY_BOTH_PLUS,CAPACITY,REFERENCE_ASSUMPTION_SANDBOX_V1,LOCAL_WINDOW_HPP_BASE,2,202607290000,202609290021,202609290022,202609290023,202609290024,EMPTY_AND_IDLE,HPP,300.000000000,338.238171048,FULL_DRAIN,AnyLogic,8.9.9.202607020720,NOT_CALIBRATED,COMPARATIVE_WHAT_IF_ONLY,PENDING_VALIDATION,COMPLETE
1.0,OP_CONFIRM_MLE_BASE_CAPACITY_BOTH_PLUS,f15e7bca3caf7928d1cc85c7f0769cc39601b6e161afce3edf97023561e4ab66,TASK3_OPERATIONAL_POOLED_V1,CAPACITY_BOTH_PLUS,CAPACITY,REFERENCE_ASSUMPTION_SANDBOX_V1,LOCAL_WINDOW_HPP_BASE,3,202607290000,202609290031,202609290032,202609290033,202609290034,EMPTY_AND_IDLE,HPP,300.000000000,334.760392420,FULL_DRAIN,AnyLogic,8.9.9.202607020720,NOT_CALIBRATED,COMPARATIVE_WHAT_IF_ONLY,PENDING_VALIDATION,COMPLETE
1.0,OP_CONFIRM_MLE_BASE_CAPACITY_BOTH_PLUS,f15e7bca3caf7928d1cc85c7f0769cc39601b6e161afce3edf97023561e4ab66,TASK3_OPERATIONAL_POOLED_V1,CAPACITY_BOTH_PLUS,CAPACITY,REFERENCE_ASSUMPTION_SANDBOX_V1,LOCAL_WINDOW_HPP_BASE,4,202607290000,202609290041,202609290042,202609290043,202609290044,EMPTY_AND_IDLE,HPP,300.000000000,334.249482782,FULL_DRAIN,AnyLogic,8.9.9.202607020720,NOT_CALIBRATED,COMPARATIVE_WHAT_IF_ONLY,PENDING_VALIDATION,COMPLETE
1.0,OP_CONFIRM_MLE_BASE_CAPACITY_BOTH_PLUS,f15e7bca3caf7928d1cc85c7f0769cc39601b6e161afce3edf97023561e4ab66,TASK3_OPERATIONAL_POOLED_V1,CAPACITY_BOTH_PLUS,CAPACITY,REFERENCE_ASSUMPTION_SANDBOX_V1,LOCAL_WINDOW_HPP_BASE,5,202607290000,202609290051,202609290052,202609290053,202609290054,EMPTY_AND_IDLE,HPP,300.000000000,333.557018640,FULL_DRAIN,AnyLogic,8.9.9.202607020720,NOT_CALIBRATED,COMPARATIVE_WHAT_IF_ONLY,PENDING_VALIDATION,COMPLETE
1.0,OP_CONFIRM_MLE_BASE_CAPACITY_BOTH_PLUS,f15e7bca3caf7928d1cc85c7f0769cc39601b6e161afce3edf97023561e4ab66,TASK3_OPERATIONAL_POOLED_V1,CAPACITY_BOTH_PLUS,CAPACITY,REFERENCE_ASSUMPTION_SANDBOX_V1,LOCAL_WINDOW_HPP_BASE,6,202607290000,202609290061,202609290062,202609290063,202609290064,EMPTY_AND_IDLE,HPP,300.000000000,332.888594650,FULL_DRAIN,AnyLogic,8.9.9.202607020720,NOT_CALIBRATED,COMPARATIVE_WHAT_IF_ONLY,PENDING_VALIDATION,COMPLETE
1.0,OP_CONFIRM_MLE_BASE_CAPACITY_BOTH_PLUS,f15e7bca3caf7928d1cc85c7f0769cc39601b6e161afce3edf97023561e4ab66,TASK3_OPERATIONAL_POOLED_V1,CAPACITY_BOTH_PLUS,CAPACITY,REFERENCE_ASSUMPTION_SANDBOX_V1,LOCAL_WINDOW_HPP_BASE,7,202607290000,202609290071,202609290072,202609290073,202609290074,EMPTY_AND_IDLE,HPP,300.000000000,334.565064641,FULL_DRAIN,AnyLogic,8.9.9.202607020720,NOT_CALIBRATED,COMPARATIVE_WHAT_IF_ONLY,PENDING_VALIDATION,COMPLETE
1.0,OP_CONFIRM_MLE_BASE_CAPACITY_BOTH_PLUS,f15e7bca3caf7928d1cc85c7f0769cc39601b6e161afce3edf97023561e4ab66,TASK3_OPERATIONAL_POOLED_V1,CAPACITY_BOTH_PLUS,CAPACITY,REFERENCE_ASSUMPTION_SANDBOX_V1,LOCAL_WINDOW_HPP_BASE,8,202607290000,202609290081,202609290082,202609290083,202609290084,EMPTY_AND_IDLE,HPP,300.000000000,333.652413957,FULL_DRAIN,AnyLogic,8.9.9.202607020720,NOT_CALIBRATED,COMPARATIVE_WHAT_IF_ONLY,PENDING_VALIDATION,COMPLETE
1.0,OP_CONFIRM_MLE_BASE_CAPACITY_BOTH_PLUS,f15e7bca3caf7928d1cc85c7f0769cc39601b6e161afce3edf97023561e4ab66,TASK3_OPERATIONAL_POOLED_V1,CAPACITY_BOTH_PLUS,CAPACITY,REFERENCE_ASSUMPTION_SANDBOX_V1,LOCAL_WINDOW_HPP_BASE,9,202607290000,202609290091,202609290092,202609290093,202609290094,EMPTY_AND_IDLE,HPP,300.000000000,333.857083782,FULL_DRAIN,AnyLogic,8.9.9.202607020720,NOT_CALIBRATED,COMPARATIVE_WHAT_IF_ONLY,PENDING_VALIDATION,COMPLETE
1.0,OP_CONFIRM_MLE_BASE_CAPACITY_BOTH_PLUS,f15e7bca3caf7928d1cc85c7f0769cc39601b6e161afce3edf97023561e4ab66,TASK3_OPERATIONAL_POOLED_V1,CAPACITY_BOTH_PLUS,CAPACITY,REFERENCE_ASSUMPTION_SANDBOX_V1,LOCAL_WINDOW_HPP_BASE,10,202607290000,202609290101,202609290102,202609290103,202609290104,EMPTY_AND_IDLE,HPP,300.000000000,334.733050789,FULL_DRAIN,AnyLogic,8.9.9.202607020720,NOT_CALIBRATED,COMPARATIVE_WHAT_IF_ONLY,PENDING_VALIDATION,COMPLETE
1.0,OP_CONFIRM_MLE_BASE_CAPACITY_BOTH_PLUS,f15e7bca3caf7928d1cc85c7f0769cc39601b6e161afce3edf97023561e4ab66,TASK3_OPERATIONAL_POOLED_V1,CAPACITY_BOTH_PLUS,CAPACITY,REFERENCE_ASSUMPTION_SANDBOX_V1,LOCAL_WINDOW_HPP_BASE,11,202607290000,202609290111,202609290112,202609290113,202609290114,EMPTY_AND_IDLE,HPP,300.000000000,334.795505588,FULL_DRAIN,AnyLogic,8.9.9.202607020720,NOT_CALIBRATED,COMPARATIVE_WHAT_IF_ONLY,PENDING_VALIDATION,COMPLETE
1.0,OP_CONFIRM_MLE_BASE_CAPACITY_BOTH_PLUS,f15e7bca3caf7928d1cc85c7f0769cc39601b6e161afce3edf97023561e4ab66,TASK3_OPERATIONAL_POOLED_V1,CAPACITY_BOTH_PLUS,CAPACITY,REFERENCE_ASSUMPTION_SANDBOX_V1,LOCAL_WINDOW_HPP_BASE,12,202607290000,202609290121,202609290122,202609290123,202609290124,EMPTY_AND_IDLE,HPP,300.000000000,334.673639871,FULL_DRAIN,AnyLogic,8.9.9.202607020720,NOT_CALIBRATED,COMPARATIVE_WHAT_IF_ONLY,PENDING_VALIDATION,COMPLETE
1.0,OP_CONFIRM_MLE_BASE_CAPACITY_BOTH_PLUS,f15e7bca3caf7928d1cc85c7f0769cc39601b6e161afce3edf97023561e4ab66,TASK3_OPERATIONAL_POOLED_V1,CAPACITY_BOTH_PLUS,CAPACITY,REFERENCE_ASSUMPTION_SANDBOX_V1,LOCAL_WINDOW_HPP_BASE,13,202607290000,202609290131,202609290132,202609290133,202609290134,EMPTY_AND_IDLE,HPP,300.000000000,334.623415863,FULL_DRAIN,AnyLogic,8.9.9.202607020720,NOT_CALIBRATED,COMPARATIVE_WHAT_IF_ONLY,PENDING_VALIDATION,COMPLETE
1.0,OP_CONFIRM_MLE_BASE_CAPACITY_BOTH_PLUS,f15e7bca3caf7928d1cc85c7f0769cc39601b6e161afce3edf97023561e4ab66,TASK3_OPERATIONAL_POOLED_V1,CAPACITY_BOTH_PLUS,CAPACITY,REFERENCE_ASSUMPTION_SANDBOX_V1,LOCAL_WINDOW_HPP_BASE,14,202607290000,202609290141,202609290142,202609290143,202609290144,EMPTY_AND_IDLE,HPP,300.000000000,333.719484820,FULL_DRAIN,AnyLogic,8.9.9.202607020720,NOT_CALIBRATED,COMPARATIVE_WHAT_IF_ONLY,PENDING_VALIDATION,COMPLETE
1.0,OP_CONFIRM_MLE_BASE_CAPACITY_BOTH_PLUS,f15e7bca3caf7928d1cc85c7f0769cc39601b6e161afce3edf97023561e4ab66,TASK3_OPERATIONAL_POOLED_V1,CAPACITY_BOTH_PLUS,CAPACITY,REFERENCE_ASSUMPTION_SANDBOX_V1,LOCAL_WINDOW_HPP_BASE,15,202607290000,202609290151,202609290152,202609290153,202609290154,EMPTY_AND_IDLE,HPP,300.000000000,333.864251907,FULL_DRAIN,AnyLogic,8.9.9.202607020720,NOT_CALIBRATED,COMPARATIVE_WHAT_IF_ONLY,PENDING_VALIDATION,COMPLETE
1.0,OP_CONFIRM_MLE_BASE_CAPACITY_BOTH_PLUS,f15e7bca3caf7928d1cc85c7f0769cc39601b6e161afce3edf97023561e4ab66,TASK3_OPERATIONAL_POOLED_V1,CAPACITY_BOTH_PLUS,CAPACITY,REFERENCE_ASSUMPTION_SANDBOX_V1,LOCAL_WINDOW_HPP_BASE,16,202607290000,202609290161,202609290162,202609290163,202609290164,EMPTY_AND_IDLE,HPP,300.000000000,335.399444162,FULL_DRAIN,AnyLogic,8.9.9.202607020720,NOT_CALIBRATED,COMPARATIVE_WHAT_IF_ONLY,PENDING_VALIDATION,COMPLETE
1.0,OP_CONFIRM_MLE_BASE_CAPACITY_BOTH_PLUS,f15e7bca3caf7928d1cc85c7f0769cc39601b6e161afce3edf97023561e4ab66,TASK3_OPERATIONAL_POOLED_V1,CAPACITY_BOTH_PLUS,CAPACITY,REFERENCE_ASSUMPTION_SANDBOX_V1,LOCAL_WINDOW_HPP_BASE,17,202607290000,202609290171,202609290172,202609290173,202609290174,EMPTY_AND_IDLE,HPP,300.000000000,334.256800365,FULL_DRAIN,AnyLogic,8.9.9.202607020720,NOT_CALIBRATED,COMPARATIVE_WHAT_IF_ONLY,PENDING_VALIDATION,COMPLETE
1.0,OP_CONFIRM_MLE_BASE_CAPACITY_BOTH_PLUS,f15e7bca3caf7928d1cc85c7f0769cc39601b6e161afce3edf97023561e4ab66,TASK3_OPERATIONAL_POOLED_V1,CAPACITY_BOTH_PLUS,CAPACITY,REFERENCE_ASSUMPTION_SANDBOX_V1,LOCAL_WINDOW_HPP_BASE,18,202607290000,202609290181,202609290182,202609290183,202609290184,EMPTY_AND_IDLE,HPP,300.000000000,334.189920297,FULL_DRAIN,AnyLogic,8.9.9.202607020720,NOT_CALIBRATED,COMPARATIVE_WHAT_IF_ONLY,PENDING_VALIDATION,COMPLETE
1.0,OP_CONFIRM_MLE_BASE_CAPACITY_BOTH_PLUS,f15e7bca3caf7928d1cc85c7f0769cc39601b6e161afce3edf97023561e4ab66,TASK3_OPERATIONAL_POOLED_V1,CAPACITY_BOTH_PLUS,CAPACITY,REFERENCE_ASSUMPTION_SANDBOX_V1,LOCAL_WINDOW_HPP_BASE,19,202607290000,202609290191,202609290192,202609290193,202609290194,EMPTY_AND_IDLE,HPP,300.000000000,334.219291288,FULL_DRAIN,AnyLogic,8.9.9.202607020720,NOT_CALIBRATED,COMPARATIVE_WHAT_IF_ONLY,PENDING_VALIDATION,COMPLETE
1.0,OP_CONFIRM_MLE_BASE_CAPACITY_BOTH_PLUS,f15e7bca3caf7928d1cc85c7f0769cc39601b6e161afce3edf97023561e4ab66,TASK3_OPERATIONAL_POOLED_V1,CAPACITY_BOTH_PLUS,CAPACITY,REFERENCE_ASSUMPTION_SANDBOX_V1,LOCAL_WINDOW_HPP_BASE,20,202607290000,202609290201,202609290202,202609290203,202609290204,EMPTY_AND_IDLE,HPP,300.000000000,333.821416391,FULL_DRAIN,AnyLogic,8.9.9.202607020720,NOT_CALIBRATED,COMPARATIVE_WHAT_IF_ONLY,PENDING_VALIDATION,COMPLETE
1.0,OP_CONFIRM_MLE_BASE_CAPACITY_BOTH_PLUS,f15e7bca3caf7928d1cc85c7f0769cc39601b6e161afce3edf97023561e4ab66,TASK3_OPERATIONAL_POOLED_V1,CAPACITY_BOTH_PLUS,CAPACITY,REFERENCE_ASSUMPTION_SANDBOX_V1,LOCAL_WINDOW_HPP_BASE,21,202607290000,202609290211,202609290212,202609290213,202609290214,EMPTY_AND_IDLE,HPP,300.000000000,334.758138695,FULL_DRAIN,AnyLogic,8.9.9.202607020720,NOT_CALIBRATED,COMPARATIVE_WHAT_IF_ONLY,PENDING_VALIDATION,COMPLETE
1.0,OP_CONFIRM_MLE_BASE_CAPACITY_BOTH_PLUS,f15e7bca3caf7928d1cc85c7f0769cc39601b6e161afce3edf97023561e4ab66,TASK3_OPERATIONAL_POOLED_V1,CAPACITY_BOTH_PLUS,CAPACITY,REFERENCE_ASSUMPTION_SANDBOX_V1,LOCAL_WINDOW_HPP_BASE,22,202607290000,202609290221,202609290222,202609290223,202609290224,EMPTY_AND_IDLE,HPP,300.000000000,334.412573287,FULL_DRAIN,AnyLogic,8.9.9.202607020720,NOT_CALIBRATED,COMPARATIVE_WHAT_IF_ONLY,PENDING_VALIDATION,COMPLETE
1.0,OP_CONFIRM_MLE_BASE_CAPACITY_BOTH_PLUS,f15e7bca3caf7928d1cc85c7f0769cc39601b6e161afce3edf97023561e4ab66,TASK3_OPERATIONAL_POOLED_V1,CAPACITY_BOTH_PLUS,CAPACITY,REFERENCE_ASSUMPTION_SANDBOX_V1,LOCAL_WINDOW_HPP_BASE,23,202607290000,202609290231,202609290232,202609290233,202609290234,EMPTY_AND_IDLE,HPP,300.000000000,334.747190250,FULL_DRAIN,AnyLogic,8.9.9.202607020720,NOT_CALIBRATED,COMPARATIVE_WHAT_IF_ONLY,PENDING_VALIDATION,COMPLETE
1.0,OP_CONFIRM_MLE_BASE_CAPACITY_BOTH_PLUS,f15e7bca3caf7928d1cc85c7f0769cc39601b6e161afce3edf97023561e4ab66,TASK3_OPERATIONAL_POOLED_V1,CAPACITY_BOTH_PLUS,CAPACITY,REFERENCE_ASSUMPTION_SANDBOX_V1,LOCAL_WINDOW_HPP_BASE,24,202607290000,202609290241,202609290242,202609290243,202609290244,EMPTY_AND_IDLE,HPP,300.000000000,336.677769896,FULL_DRAIN,AnyLogic,8.9.9.202607020720,NOT_CALIBRATED,COMPARATIVE_WHAT_IF_ONLY,PENDING_VALIDATION,COMPLETE
1.0,OP_CONFIRM_MLE_BASE_CAPACITY_BOTH_PLUS,f15e7bca3caf7928d1cc85c7f0769cc39601b6e161afce3edf97023561e4ab66,TASK3_OPERATIONAL_POOLED_V1,CAPACITY_BOTH_PLUS,CAPACITY,REFERENCE_ASSUMPTION_SANDBOX_V1,LOCAL_WINDOW_HPP_BASE,25,202607290000,202609290251,202609290252,202609290253,202609290254,EMPTY_AND_IDLE,HPP,300.000000000,337.316344856,FULL_DRAIN,AnyLogic,8.9.9.202607020720,NOT_CALIBRATED,COMPARATIVE_WHAT_IF_ONLY,PENDING_VALIDATION,COMPLETE
1.0,OP_CONFIRM_MLE_BASE_CAPACITY_BOTH_PLUS,f15e7bca3caf7928d1cc85c7f0769cc39601b6e161afce3edf97023561e4ab66,TASK3_OPERATIONAL_POOLED_V1,CAPACITY_BOTH_PLUS,CAPACITY,REFERENCE_ASSUMPTION_SANDBOX_V1,LOCAL_WINDOW_HPP_BASE,26,202607290000,202609290261,202609290262,202609290263,202609290264,EMPTY_AND_IDLE,HPP,300.000000000,334.010066237,FULL_DRAIN,AnyLogic,8.9.9.202607020720,NOT_CALIBRATED,COMPARATIVE_WHAT_IF_ONLY,PENDING_VALIDATION,COMPLETE
1.0,OP_CONFIRM_MLE_BASE_CAPACITY_BOTH_PLUS,f15e7bca3caf7928d1cc85c7f0769cc39601b6e161afce3edf97023561e4ab66,TASK3_OPERATIONAL_POOLED_V1,CAPACITY_BOTH_PLUS,CAPACITY,REFERENCE_ASSUMPTION_SANDBOX_V1,LOCAL_WINDOW_HPP_BASE,27,202607290000,202609290271,202609290272,202609290273,202609290274,EMPTY_AND_IDLE,HPP,300.000000000,334.337744233,FULL_DRAIN,AnyLogic,8.9.9.202607020720,NOT_CALIBRATED,COMPARATIVE_WHAT_IF_ONLY,PENDING_VALIDATION,COMPLETE
1.0,OP_CONFIRM_MLE_BASE_CAPACITY_BOTH_PLUS,f15e7bca3caf7928d1cc85c7f0769cc39601b6e161afce3edf97023561e4ab66,TASK3_OPERATIONAL_POOLED_V1,CAPACITY_BOTH_PLUS,CAPACITY,REFERENCE_ASSUMPTION_SANDBOX_V1,LOCAL_WINDOW_HPP_BASE,28,202607290000,202609290281,202609290282,202609290283,202609290284,EMPTY_AND_IDLE,HPP,300.000000000,333.299670118,FULL_DRAIN,AnyLogic,8.9.9.202607020720,NOT_CALIBRATED,COMPARATIVE_WHAT_IF_ONLY,PENDING_VALIDATION,COMPLETE
1.0,OP_CONFIRM_MLE_BASE_CAPACITY_BOTH_PLUS,f15e7bca3caf7928d1cc85c7f0769cc39601b6e161afce3edf97023561e4ab66,TASK3_OPERATIONAL_POOLED_V1,CAPACITY_BOTH_PLUS,CAPACITY,REFERENCE_ASSUMPTION_SANDBOX_V1,LOCAL_WINDOW_HPP_BASE,29,202607290000,202609290291,202609290292,202609290293,202609290294,EMPTY_AND_IDLE,HPP,300.000000000,333.984371011,FULL_DRAIN,AnyLogic,8.9.9.202607020720,NOT_CALIBRATED,COMPARATIVE_WHAT_IF_ONLY,PENDING_VALIDATION,COMPLETE
1.0,OP_CONFIRM_MLE_BASE_CAPACITY_BOTH_PLUS,f15e7bca3caf7928d1cc85c7f0769cc39601b6e161afce3edf97023561e4ab66,TASK3_OPERATIONAL_POOLED_V1,CAPACITY_BOTH_PLUS,CAPACITY,REFERENCE_ASSUMPTION_SANDBOX_V1,LOCAL_WINDOW_HPP_BASE,30,202607290000,202609290301,202609290302,202609290303,202609290304,EMPTY_AND_IDLE,HPP,300.000000000,334.718900558,FULL_DRAIN,AnyLogic,8.9.9.202607020720,NOT_CALIBRATED,COMPARATIVE_WHAT_IF_ONLY,PENDING_VALIDATION,COMPLETE
1.0,OP_CONFIRM_MLE_BASE_CAPACITY_BOTH_PLUS,f15e7bca3caf7928d1cc85c7f0769cc39601b6e161afce3edf97023561e4ab66,TASK3_OPERATIONAL_POOLED_V1,CAPACITY_BOTH_PLUS,CAPACITY,REFERENCE_ASSUMPTION_SANDBOX_V1,LOCAL_WINDOW_HPP_BASE,31,202607290000,202609290311,202609290312,202609290313,202609290314,EMPTY_AND_IDLE,HPP,300.000000000,332.133105256,FULL_DRAIN,AnyLogic,8.9.9.202607020720,NOT_CALIBRATED,COMPARATIVE_WHAT_IF_ONLY,PENDING_VALIDATION,COMPLETE
1.0,OP_CONFIRM_MLE_BASE_CAPACITY_BOTH_PLUS,f15e7bca3caf7928d1cc85c7f0769cc39601b6e161afce3edf97023561e4ab66,TASK3_OPERATIONAL_POOLED_V1,CAPACITY_BOTH_PLUS,CAPACITY,REFERENCE_ASSUMPTION_SANDBOX_V1,LOCAL_WINDOW_HPP_BASE,32,202607290000,202609290321,202609290322,202609290323,202609290324,EMPTY_AND_IDLE,HPP,300.000000000,334.634792933,FULL_DRAIN,AnyLogic,8.9.9.202607020720,NOT_CALIBRATED,COMPARATIVE_WHAT_IF_ONLY,PENDING_VALIDATION,COMPLETE
1.0,OP_CONFIRM_MLE_BASE_CAPACITY_BOTH_PLUS,f15e7bca3caf7928d1cc85c7f0769cc39601b6e161afce3edf97023561e4ab66,TASK3_OPERATIONAL_POOLED_V1,CAPACITY_BOTH_PLUS,CAPACITY,REFERENCE_ASSUMPTION_SANDBOX_V1,LOCAL_WINDOW_HPP_BASE,33,202607290000,202609290331,202609290332,202609290333,202609290334,EMPTY_AND_IDLE,HPP,300.000000000,333.891069489,FULL_DRAIN,AnyLogic,8.9.9.202607020720,NOT_CALIBRATED,COMPARATIVE_WHAT_IF_ONLY,PENDING_VALIDATION,COMPLETE
1.0,OP_CONFIRM_MLE_BASE_CAPACITY_BOTH_PLUS,f15e7bca3caf7928d1cc85c7f0769cc39601b6e161afce3edf97023561e4ab66,TASK3_OPERATIONAL_POOLED_V1,CAPACITY_BOTH_PLUS,CAPACITY,REFERENCE_ASSUMPTION_SANDBOX_V1,LOCAL_WINDOW_HPP_BASE,34,202607290000,202609290341,202609290342,202609290343,202609290344,EMPTY_AND_IDLE,HPP,300.000000000,335.083768821,FULL_DRAIN,AnyLogic,8.9.9.202607020720,NOT_CALIBRATED,COMPARATIVE_WHAT_IF_ONLY,PENDING_VALIDATION,COMPLETE
1.0,OP_CONFIRM_MLE_BASE_CAPACITY_BOTH_PLUS,f15e7bca3caf7928d1cc85c7f0769cc39601b6e161afce3edf97023561e4ab66,TASK3_OPERATIONAL_POOLED_V1,CAPACITY_BOTH_PLUS,CAPACITY,REFERENCE_ASSUMPTION_SANDBOX_V1,LOCAL_WINDOW_HPP_BASE,35,202607290000,202609290351,202609290352,202609290353,202609290354,EMPTY_AND_IDLE,HPP,300.000000000,339.133005409,FULL_DRAIN,AnyLogic,8.9.9.202607020720,NOT_CALIBRATED,COMPARATIVE_WHAT_IF_ONLY,PENDING_VALIDATION,COMPLETE
1.0,OP_CONFIRM_MLE_BASE_CAPACITY_BOTH_PLUS,f15e7bca3caf7928d1cc85c7f0769cc39601b6e161afce3edf97023561e4ab66,TASK3_OPERATIONAL_POOLED_V1,CAPACITY_BOTH_PLUS,CAPACITY,REFERENCE_ASSUMPTION_SANDBOX_V1,LOCAL_WINDOW_HPP_BASE,36,202607290000,202609290361,202609290362,202609290363,202609290364,EMPTY_AND_IDLE,HPP,300.000000000,334.446006975,FULL_DRAIN,AnyLogic,8.9.9.202607020720,NOT_CALIBRATED,COMPARATIVE_WHAT_IF_ONLY,PENDING_VALIDATION,COMPLETE
1.0,OP_CONFIRM_MLE_BASE_CAPACITY_BOTH_PLUS,f15e7bca3caf7928d1cc85c7f0769cc39601b6e161afce3edf97023561e4ab66,TASK3_OPERATIONAL_POOLED_V1,CAPACITY_BOTH_PLUS,CAPACITY,REFERENCE_ASSUMPTION_SANDBOX_V1,LOCAL_WINDOW_HPP_BASE,37,202607290000,202609290371,202609290372,202609290373,202609290374,EMPTY_AND_IDLE,HPP,300.000000000,334.323681021,FULL_DRAIN,AnyLogic,8.9.9.202607020720,NOT_CALIBRATED,COMPARATIVE_WHAT_IF_ONLY,PENDING_VALIDATION,COMPLETE
1.0,OP_CONFIRM_MLE_BASE_CAPACITY_BOTH_PLUS,f15e7bca3caf7928d1cc85c7f0769cc39601b6e161afce3edf97023561e4ab66,TASK3_OPERATIONAL_POOLED_V1,CAPACITY_BOTH_PLUS,CAPACITY,REFERENCE_ASSUMPTION_SANDBOX_V1,LOCAL_WINDOW_HPP_BASE,38,202607290000,202609290381,202609290382,202609290383,202609290384,EMPTY_AND_IDLE,HPP,300.000000000,334.203534405,FULL_DRAIN,AnyLogic,8.9.9.202607020720,NOT_CALIBRATED,COMPARATIVE_WHAT_IF_ONLY,PENDING_VALIDATION,COMPLETE
1.0,OP_CONFIRM_MLE_BASE_CAPACITY_BOTH_PLUS,f15e7bca3caf7928d1cc85c7f0769cc39601b6e161afce3edf97023561e4ab66,TASK3_OPERATIONAL_POOLED_V1,CAPACITY_BOTH_PLUS,CAPACITY,REFERENCE_ASSUMPTION_SANDBOX_V1,LOCAL_WINDOW_HPP_BASE,39,202607290000,202609290391,202609290392,202609290393,202609290394,EMPTY_AND_IDLE,HPP,300.000000000,336.396203875,FULL_DRAIN,AnyLogic,8.9.9.202607020720,NOT_CALIBRATED,COMPARATIVE_WHAT_IF_ONLY,PENDING_VALIDATION,COMPLETE
1.0,OP_CONFIRM_MLE_BASE_CAPACITY_BOTH_PLUS,f15e7bca3caf7928d1cc85c7f0769cc39601b6e161afce3edf97023561e4ab66,TASK3_OPERATIONAL_POOLED_V1,CAPACITY_BOTH_PLUS,CAPACITY,REFERENCE_ASSUMPTION_SANDBOX_V1,LOCAL_WINDOW_HPP_BASE,40,202607290000,202609290401,202609290402,202609290403,202609290404,EMPTY_AND_IDLE,HPP,300.000000000,334.796158439,FULL_DRAIN,AnyLogic,8.9.9.202607020720,NOT_CALIBRATED,COMPARATIVE_WHAT_IF_ONLY,PENDING_VALIDATION,COMPLETE
1.0,OP_CONFIRM_MLE_BASE_CAPACITY_BOTH_PLUS,f15e7bca3caf7928d1cc85c7f0769cc39601b6e161afce3edf97023561e4ab66,TASK3_OPERATIONAL_POOLED_V1,CAPACITY_BOTH_PLUS,CAPACITY,REFERENCE_ASSUMPTION_SANDBOX_V1,LOCAL_WINDOW_HPP_BASE,41,202607290000,202609290411,202609290412,202609290413,202609290414,EMPTY_AND_IDLE,HPP,300.000000000,334.367218497,FULL_DRAIN,AnyLogic,8.9.9.202607020720,NOT_CALIBRATED,COMPARATIVE_WHAT_IF_ONLY,PENDING_VALIDATION,COMPLETE
1.0,OP_CONFIRM_MLE_BASE_CAPACITY_BOTH_PLUS,f15e7bca3caf7928d1cc85c7f0769cc39601b6e161afce3edf97023561e4ab66,TASK3_OPERATIONAL_POOLED_V1,CAPACITY_BOTH_PLUS,CAPACITY,REFERENCE_ASSUMPTION_SANDBOX_V1,LOCAL_WINDOW_HPP_BASE,42,202607290000,202609290421,202609290422,202609290423,202609290424,EMPTY_AND_IDLE,HPP,300.000000000,334.308413002,FULL_DRAIN,AnyLogic,8.9.9.202607020720,NOT_CALIBRATED,COMPARATIVE_WHAT_IF_ONLY,PENDING_VALIDATION,COMPLETE
1.0,OP_CONFIRM_MLE_BASE_CAPACITY_BOTH_PLUS,f15e7bca3caf7928d1cc85c7f0769cc39601b6e161afce3edf97023561e4ab66,TASK3_OPERATIONAL_POOLED_V1,CAPACITY_BOTH_PLUS,CAPACITY,REFERENCE_ASSUMPTION_SANDBOX_V1,LOCAL_WINDOW_HPP_BASE,43,202607290000,202609290431,202609290432,202609290433,202609290434,EMPTY_AND_IDLE,HPP,300.000000000,334.691888900,FULL_DRAIN,AnyLogic,8.9.9.202607020720,NOT_CALIBRATED,COMPARATIVE_WHAT_IF_ONLY,PENDING_VALIDATION,COMPLETE
1.0,OP_CONFIRM_MLE_BASE_CAPACITY_BOTH_PLUS,f15e7bca3caf7928d1cc85c7f0769cc39601b6e161afce3edf97023561e4ab66,TASK3_OPERATIONAL_POOLED_V1,CAPACITY_BOTH_PLUS,CAPACITY,REFERENCE_ASSUMPTION_SANDBOX_V1,LOCAL_WINDOW_HPP_BASE,44,202607290000,202609290441,202609290442,202609290443,202609290444,EMPTY_AND_IDLE,HPP,300.000000000,333.476554778,FULL_DRAIN,AnyLogic,8.9.9.202607020720,NOT_CALIBRATED,COMPARATIVE_WHAT_IF_ONLY,PENDING_VALIDATION,COMPLETE
1.0,OP_CONFIRM_MLE_BASE_CAPACITY_BOTH_PLUS,f15e7bca3caf7928d1cc85c7f0769cc39601b6e161afce3edf97023561e4ab66,TASK3_OPERATIONAL_POOLED_V1,CAPACITY_BOTH_PLUS,CAPACITY,REFERENCE_ASSUMPTION_SANDBOX_V1,LOCAL_WINDOW_HPP_BASE,45,202607290000,202609290451,202609290452,202609290453,202609290454,EMPTY_AND_IDLE,HPP,300.000000000,333.751947751,FULL_DRAIN,AnyLogic,8.9.9.202607020720,NOT_CALIBRATED,COMPARATIVE_WHAT_IF_ONLY,PENDING_VALIDATION,COMPLETE
1.0,OP_CONFIRM_MLE_BASE_CAPACITY_BOTH_PLUS,f15e7bca3caf7928d1cc85c7f0769cc39601b6e161afce3edf97023561e4ab66,TASK3_OPERATIONAL_POOLED_V1,CAPACITY_BOTH_PLUS,CAPACITY,REFERENCE_ASSUMPTION_SANDBOX_V1,LOCAL_WINDOW_HPP_BASE,46,202607290000,202609290461,202609290462,202609290463,202609290464,EMPTY_AND_IDLE,HPP,300.000000000,333.492083683,FULL_DRAIN,AnyLogic,8.9.9.202607020720,NOT_CALIBRATED,COMPARATIVE_WHAT_IF_ONLY,PENDING_VALIDATION,COMPLETE
1.0,OP_CONFIRM_MLE_BASE_CAPACITY_BOTH_PLUS,f15e7bca3caf7928d1cc85c7f0769cc39601b6e161afce3edf97023561e4ab66,TASK3_OPERATIONAL_POOLED_V1,CAPACITY_BOTH_PLUS,CAPACITY,REFERENCE_ASSUMPTION_SANDBOX_V1,LOCAL_WINDOW_HPP_BASE,47,202607290000,202609290471,202609290472,202609290473,202609290474,EMPTY_AND_IDLE,HPP,300.000000000,334.574566537,FULL_DRAIN,AnyLogic,8.9.9.202607020720,NOT_CALIBRATED,COMPARATIVE_WHAT_IF_ONLY,PENDING_VALIDATION,COMPLETE
1.0,OP_CONFIRM_MLE_BASE_CAPACITY_BOTH_PLUS,f15e7bca3caf7928d1cc85c7f0769cc39601b6e161afce3edf97023561e4ab66,TASK3_OPERATIONAL_POOLED_V1,CAPACITY_BOTH_PLUS,CAPACITY,REFERENCE_ASSUMPTION_SANDBOX_V1,LOCAL_WINDOW_HPP_BASE,48,202607290000,202609290481,202609290482,202609290483,202609290484,EMPTY_AND_IDLE,HPP,300.000000000,334.182435039,FULL_DRAIN,AnyLogic,8.9.9.202607020720,NOT_CALIBRATED,COMPARATIVE_WHAT_IF_ONLY,PENDING_VALIDATION,COMPLETE
1.0,OP_CONFIRM_MLE_BASE_CAPACITY_BOTH_PLUS,f15e7bca3caf7928d1cc85c7f0769cc39601b6e161afce3edf97023561e4ab66,TASK3_OPERATIONAL_POOLED_V1,CAPACITY_BOTH_PLUS,CAPACITY,REFERENCE_ASSUMPTION_SANDBOX_V1,LOCAL_WINDOW_HPP_BASE,49,202607290000,202609290491,202609290492,202609290493,202609290494,EMPTY_AND_IDLE,HPP,300.000000000,332.907357814,FULL_DRAIN,AnyLogic,8.9.9.202607020720,NOT_CALIBRATED,COMPARATIVE_WHAT_IF_ONLY,PENDING_VALIDATION,COMPLETE
1.0,OP_CONFIRM_MLE_BASE_CAPACITY_BOTH_PLUS,f15e7bca3caf7928d1cc85c7f0769cc39601b6e161afce3edf97023561e4ab66,TASK3_OPERATIONAL_POOLED_V1,CAPACITY_BOTH_PLUS,CAPACITY,REFERENCE_ASSUMPTION_SANDBOX_V1,LOCAL_WINDOW_HPP_BASE,50,202607290000,202609290501,202609290502,202609290503,202609290504,EMPTY_AND_IDLE,HPP,300.000000000,334.347157797,FULL_DRAIN,AnyLogic,8.9.9.202607020720,NOT_CALIBRATED,COMPARATIVE_WHAT_IF_ONLY,PENDING_VALIDATION,COMPLETE
1.0,OP_CONFIRM_EXACT95_HIGH_CAPACITY_BOTH_PLUS,ef79d952f469f00fe5912eaa570ac3bdd1cd57c6609deb809b46ed4021e3ce3a,TASK3_OPERATIONAL_POOLED_V1,CAPACITY_BOTH_PLUS,CAPACITY,REFERENCE_ASSUMPTION_SANDBOX_V1,LOCAL_WINDOW_HPP_EXACT95_HIGH,1,202607290000,202610290011,202610290012,202610290013,202610290014,EMPTY_AND_IDLE,HPP,300.000000000,354.711163732,FULL_DRAIN,AnyLogic,8.9.9.202607020720,NOT_CALIBRATED,COMPARATIVE_WHAT_IF_ONLY,PENDING_VALIDATION,COMPLETE
1.0,OP_CONFIRM_EXACT95_HIGH_CAPACITY_BOTH_PLUS,ef79d952f469f00fe5912eaa570ac3bdd1cd57c6609deb809b46ed4021e3ce3a,TASK3_OPERATIONAL_POOLED_V1,CAPACITY_BOTH_PLUS,CAPACITY,REFERENCE_ASSUMPTION_SANDBOX_V1,LOCAL_WINDOW_HPP_EXACT95_HIGH,2,202607290000,202610290021,202610290022,202610290023,202610290024,EMPTY_AND_IDLE,HPP,300.000000000,359.453850659,FULL_DRAIN,AnyLogic,8.9.9.202607020720,NOT_CALIBRATED,COMPARATIVE_WHAT_IF_ONLY,PENDING_VALIDATION,COMPLETE
1.0,OP_CONFIRM_EXACT95_HIGH_CAPACITY_BOTH_PLUS,ef79d952f469f00fe5912eaa570ac3bdd1cd57c6609deb809b46ed4021e3ce3a,TASK3_OPERATIONAL_POOLED_V1,CAPACITY_BOTH_PLUS,CAPACITY,REFERENCE_ASSUMPTION_SANDBOX_V1,LOCAL_WINDOW_HPP_EXACT95_HIGH,3,202607290000,202610290031,202610290032,202610290033,202610290034,EMPTY_AND_IDLE,HPP,300.000000000,374.539529980,FULL_DRAIN,AnyLogic,8.9.9.202607020720,NOT_CALIBRATED,COMPARATIVE_WHAT_IF_ONLY,PENDING_VALIDATION,COMPLETE
1.0,OP_CONFIRM_EXACT95_HIGH_CAPACITY_BOTH_PLUS,ef79d952f469f00fe5912eaa570ac3bdd1cd57c6609deb809b46ed4021e3ce3a,TASK3_OPERATIONAL_POOLED_V1,CAPACITY_BOTH_PLUS,CAPACITY,REFERENCE_ASSUMPTION_SANDBOX_V1,LOCAL_WINDOW_HPP_EXACT95_HIGH,4,202607290000,202610290041,202610290042,202610290043,202610290044,EMPTY_AND_IDLE,HPP,300.000000000,344.556832299,FULL_DRAIN,AnyLogic,8.9.9.202607020720,NOT_CALIBRATED,COMPARATIVE_WHAT_IF_ONLY,PENDING_VALIDATION,COMPLETE
1.0,OP_CONFIRM_EXACT95_HIGH_CAPACITY_BOTH_PLUS,ef79d952f469f00fe5912eaa570ac3bdd1cd57c6609deb809b46ed4021e3ce3a,TASK3_OPERATIONAL_POOLED_V1,CAPACITY_BOTH_PLUS,CAPACITY,REFERENCE_ASSUMPTION_SANDBOX_V1,LOCAL_WINDOW_HPP_EXACT95_HIGH,5,202607290000,202610290051,202610290052,202610290053,202610290054,EMPTY_AND_IDLE,HPP,300.000000000,358.353961211,FULL_DRAIN,AnyLogic,8.9.9.202607020720,NOT_CALIBRATED,COMPARATIVE_WHAT_IF_ONLY,PENDING_VALIDATION,COMPLETE
1.0,OP_CONFIRM_EXACT95_HIGH_CAPACITY_BOTH_PLUS,ef79d952f469f00fe5912eaa570ac3bdd1cd57c6609deb809b46ed4021e3ce3a,TASK3_OPERATIONAL_POOLED_V1,CAPACITY_BOTH_PLUS,CAPACITY,REFERENCE_ASSUMPTION_SANDBOX_V1,LOCAL_WINDOW_HPP_EXACT95_HIGH,6,202607290000,202610290061,202610290062,202610290063,202610290064,EMPTY_AND_IDLE,HPP,300.000000000,349.210659861,FULL_DRAIN,AnyLogic,8.9.9.202607020720,NOT_CALIBRATED,COMPARATIVE_WHAT_IF_ONLY,PENDING_VALIDATION,COMPLETE
1.0,OP_CONFIRM_EXACT95_HIGH_CAPACITY_BOTH_PLUS,ef79d952f469f00fe5912eaa570ac3bdd1cd57c6609deb809b46ed4021e3ce3a,TASK3_OPERATIONAL_POOLED_V1,CAPACITY_BOTH_PLUS,CAPACITY,REFERENCE_ASSUMPTION_SANDBOX_V1,LOCAL_WINDOW_HPP_EXACT95_HIGH,7,202607290000,202610290071,202610290072,202610290073,202610290074,EMPTY_AND_IDLE,HPP,300.000000000,349.093769646,FULL_DRAIN,AnyLogic,8.9.9.202607020720,NOT_CALIBRATED,COMPARATIVE_WHAT_IF_ONLY,PENDING_VALIDATION,COMPLETE
1.0,OP_CONFIRM_EXACT95_HIGH_CAPACITY_BOTH_PLUS,ef79d952f469f00fe5912eaa570ac3bdd1cd57c6609deb809b46ed4021e3ce3a,TASK3_OPERATIONAL_POOLED_V1,CAPACITY_BOTH_PLUS,CAPACITY,REFERENCE_ASSUMPTION_SANDBOX_V1,LOCAL_WINDOW_HPP_EXACT95_HIGH,8,202607290000,202610290081,202610290082,202610290083,202610290084,EMPTY_AND_IDLE,HPP,300.000000000,339.330659115,FULL_DRAIN,AnyLogic,8.9.9.202607020720,NOT_CALIBRATED,COMPARATIVE_WHAT_IF_ONLY,PENDING_VALIDATION,COMPLETE
1.0,OP_CONFIRM_EXACT95_HIGH_CAPACITY_BOTH_PLUS,ef79d952f469f00fe5912eaa570ac3bdd1cd57c6609deb809b46ed4021e3ce3a,TASK3_OPERATIONAL_POOLED_V1,CAPACITY_BOTH_PLUS,CAPACITY,REFERENCE_ASSUMPTION_SANDBOX_V1,LOCAL_WINDOW_HPP_EXACT95_HIGH,9,202607290000,202610290091,202610290092,202610290093,202610290094,EMPTY_AND_IDLE,HPP,300.000000000,371.740712160,FULL_DRAIN,AnyLogic,8.9.9.202607020720,NOT_CALIBRATED,COMPARATIVE_WHAT_IF_ONLY,PENDING_VALIDATION,COMPLETE
1.0,OP_CONFIRM_EXACT95_HIGH_CAPACITY_BOTH_PLUS,ef79d952f469f00fe5912eaa570ac3bdd1cd57c6609deb809b46ed4021e3ce3a,TASK3_OPERATIONAL_POOLED_V1,CAPACITY_BOTH_PLUS,CAPACITY,REFERENCE_ASSUMPTION_SANDBOX_V1,LOCAL_WINDOW_HPP_EXACT95_HIGH,10,202607290000,202610290101,202610290102,202610290103,202610290104,EMPTY_AND_IDLE,HPP,300.000000000,338.090463608,FULL_DRAIN,AnyLogic,8.9.9.202607020720,NOT_CALIBRATED,COMPARATIVE_WHAT_IF_ONLY,PENDING_VALIDATION,COMPLETE
1.0,OP_CONFIRM_EXACT95_HIGH_CAPACITY_BOTH_PLUS,ef79d952f469f00fe5912eaa570ac3bdd1cd57c6609deb809b46ed4021e3ce3a,TASK3_OPERATIONAL_POOLED_V1,CAPACITY_BOTH_PLUS,CAPACITY,REFERENCE_ASSUMPTION_SANDBOX_V1,LOCAL_WINDOW_HPP_EXACT95_HIGH,11,202607290000,202610290111,202610290112,202610290113,202610290114,EMPTY_AND_IDLE,HPP,300.000000000,334.798008077,FULL_DRAIN,AnyLogic,8.9.9.202607020720,NOT_CALIBRATED,COMPARATIVE_WHAT_IF_ONLY,PENDING_VALIDATION,COMPLETE
1.0,OP_CONFIRM_EXACT95_HIGH_CAPACITY_BOTH_PLUS,ef79d952f469f00fe5912eaa570ac3bdd1cd57c6609deb809b46ed4021e3ce3a,TASK3_OPERATIONAL_POOLED_V1,CAPACITY_BOTH_PLUS,CAPACITY,REFERENCE_ASSUMPTION_SANDBOX_V1,LOCAL_WINDOW_HPP_EXACT95_HIGH,12,202607290000,202610290121,202610290122,202610290123,202610290124,EMPTY_AND_IDLE,HPP,300.000000000,349.658187040,FULL_DRAIN,AnyLogic,8.9.9.202607020720,NOT_CALIBRATED,COMPARATIVE_WHAT_IF_ONLY,PENDING_VALIDATION,COMPLETE
1.0,OP_CONFIRM_EXACT95_HIGH_CAPACITY_BOTH_PLUS,ef79d952f469f00fe5912eaa570ac3bdd1cd57c6609deb809b46ed4021e3ce3a,TASK3_OPERATIONAL_POOLED_V1,CAPACITY_BOTH_PLUS,CAPACITY,REFERENCE_ASSUMPTION_SANDBOX_V1,LOCAL_WINDOW_HPP_EXACT95_HIGH,13,202607290000,202610290131,202610290132,202610290133,202610290134,EMPTY_AND_IDLE,HPP,300.000000000,364.839658114,FULL_DRAIN,AnyLogic,8.9.9.202607020720,NOT_CALIBRATED,COMPARATIVE_WHAT_IF_ONLY,PENDING_VALIDATION,COMPLETE
1.0,OP_CONFIRM_EXACT95_HIGH_CAPACITY_BOTH_PLUS,ef79d952f469f00fe5912eaa570ac3bdd1cd57c6609deb809b46ed4021e3ce3a,TASK3_OPERATIONAL_POOLED_V1,CAPACITY_BOTH_PLUS,CAPACITY,REFERENCE_ASSUMPTION_SANDBOX_V1,LOCAL_WINDOW_HPP_EXACT95_HIGH,14,202607290000,202610290141,202610290142,202610290143,202610290144,EMPTY_AND_IDLE,HPP,300.000000000,355.137528983,FULL_DRAIN,AnyLogic,8.9.9.202607020720,NOT_CALIBRATED,COMPARATIVE_WHAT_IF_ONLY,PENDING_VALIDATION,COMPLETE
1.0,OP_CONFIRM_EXACT95_HIGH_CAPACITY_BOTH_PLUS,ef79d952f469f00fe5912eaa570ac3bdd1cd57c6609deb809b46ed4021e3ce3a,TASK3_OPERATIONAL_POOLED_V1,CAPACITY_BOTH_PLUS,CAPACITY,REFERENCE_ASSUMPTION_SANDBOX_V1,LOCAL_WINDOW_HPP_EXACT95_HIGH,15,202607290000,202610290151,202610290152,202610290153,202610290154,EMPTY_AND_IDLE,HPP,300.000000000,366.056559135,FULL_DRAIN,AnyLogic,8.9.9.202607020720,NOT_CALIBRATED,COMPARATIVE_WHAT_IF_ONLY,PENDING_VALIDATION,COMPLETE
1.0,OP_CONFIRM_EXACT95_HIGH_CAPACITY_BOTH_PLUS,ef79d952f469f00fe5912eaa570ac3bdd1cd57c6609deb809b46ed4021e3ce3a,TASK3_OPERATIONAL_POOLED_V1,CAPACITY_BOTH_PLUS,CAPACITY,REFERENCE_ASSUMPTION_SANDBOX_V1,LOCAL_WINDOW_HPP_EXACT95_HIGH,16,202607290000,202610290161,202610290162,202610290163,202610290164,EMPTY_AND_IDLE,HPP,300.000000000,344.658171578,FULL_DRAIN,AnyLogic,8.9.9.202607020720,NOT_CALIBRATED,COMPARATIVE_WHAT_IF_ONLY,PENDING_VALIDATION,COMPLETE
1.0,OP_CONFIRM_EXACT95_HIGH_CAPACITY_BOTH_PLUS,ef79d952f469f00fe5912eaa570ac3bdd1cd57c6609deb809b46ed4021e3ce3a,TASK3_OPERATIONAL_POOLED_V1,CAPACITY_BOTH_PLUS,CAPACITY,REFERENCE_ASSUMPTION_SANDBOX_V1,LOCAL_WINDOW_HPP_EXACT95_HIGH,17,202607290000,202610290171,202610290172,202610290173,202610290174,EMPTY_AND_IDLE,HPP,300.000000000,341.242592456,FULL_DRAIN,AnyLogic,8.9.9.202607020720,NOT_CALIBRATED,COMPARATIVE_WHAT_IF_ONLY,PENDING_VALIDATION,COMPLETE
1.0,OP_CONFIRM_EXACT95_HIGH_CAPACITY_BOTH_PLUS,ef79d952f469f00fe5912eaa570ac3bdd1cd57c6609deb809b46ed4021e3ce3a,TASK3_OPERATIONAL_POOLED_V1,CAPACITY_BOTH_PLUS,CAPACITY,REFERENCE_ASSUMPTION_SANDBOX_V1,LOCAL_WINDOW_HPP_EXACT95_HIGH,18,202607290000,202610290181,202610290182,202610290183,202610290184,EMPTY_AND_IDLE,HPP,300.000000000,366.925373908,FULL_DRAIN,AnyLogic,8.9.9.202607020720,NOT_CALIBRATED,COMPARATIVE_WHAT_IF_ONLY,PENDING_VALIDATION,COMPLETE
1.0,OP_CONFIRM_EXACT95_HIGH_CAPACITY_BOTH_PLUS,ef79d952f469f00fe5912eaa570ac3bdd1cd57c6609deb809b46ed4021e3ce3a,TASK3_OPERATIONAL_POOLED_V1,CAPACITY_BOTH_PLUS,CAPACITY,REFERENCE_ASSUMPTION_SANDBOX_V1,LOCAL_WINDOW_HPP_EXACT95_HIGH,19,202607290000,202610290191,202610290192,202610290193,202610290194,EMPTY_AND_IDLE,HPP,300.000000000,344.285867331,FULL_DRAIN,AnyLogic,8.9.9.202607020720,NOT_CALIBRATED,COMPARATIVE_WHAT_IF_ONLY,PENDING_VALIDATION,COMPLETE
1.0,OP_CONFIRM_EXACT95_HIGH_CAPACITY_BOTH_PLUS,ef79d952f469f00fe5912eaa570ac3bdd1cd57c6609deb809b46ed4021e3ce3a,TASK3_OPERATIONAL_POOLED_V1,CAPACITY_BOTH_PLUS,CAPACITY,REFERENCE_ASSUMPTION_SANDBOX_V1,LOCAL_WINDOW_HPP_EXACT95_HIGH,20,202607290000,202610290201,202610290202,202610290203,202610290204,EMPTY_AND_IDLE,HPP,300.000000000,367.009849491,FULL_DRAIN,AnyLogic,8.9.9.202607020720,NOT_CALIBRATED,COMPARATIVE_WHAT_IF_ONLY,PENDING_VALIDATION,COMPLETE
1.0,OP_CONFIRM_EXACT95_HIGH_CAPACITY_BOTH_PLUS,ef79d952f469f00fe5912eaa570ac3bdd1cd57c6609deb809b46ed4021e3ce3a,TASK3_OPERATIONAL_POOLED_V1,CAPACITY_BOTH_PLUS,CAPACITY,REFERENCE_ASSUMPTION_SANDBOX_V1,LOCAL_WINDOW_HPP_EXACT95_HIGH,21,202607290000,202610290211,202610290212,202610290213,202610290214,EMPTY_AND_IDLE,HPP,300.000000000,347.289959568,FULL_DRAIN,AnyLogic,8.9.9.202607020720,NOT_CALIBRATED,COMPARATIVE_WHAT_IF_ONLY,PENDING_VALIDATION,COMPLETE
1.0,OP_CONFIRM_EXACT95_HIGH_CAPACITY_BOTH_PLUS,ef79d952f469f00fe5912eaa570ac3bdd1cd57c6609deb809b46ed4021e3ce3a,TASK3_OPERATIONAL_POOLED_V1,CAPACITY_BOTH_PLUS,CAPACITY,REFERENCE_ASSUMPTION_SANDBOX_V1,LOCAL_WINDOW_HPP_EXACT95_HIGH,22,202607290000,202610290221,202610290222,202610290223,202610290224,EMPTY_AND_IDLE,HPP,300.000000000,336.995033875,FULL_DRAIN,AnyLogic,8.9.9.202607020720,NOT_CALIBRATED,COMPARATIVE_WHAT_IF_ONLY,PENDING_VALIDATION,COMPLETE
1.0,OP_CONFIRM_EXACT95_HIGH_CAPACITY_BOTH_PLUS,ef79d952f469f00fe5912eaa570ac3bdd1cd57c6609deb809b46ed4021e3ce3a,TASK3_OPERATIONAL_POOLED_V1,CAPACITY_BOTH_PLUS,CAPACITY,REFERENCE_ASSUMPTION_SANDBOX_V1,LOCAL_WINDOW_HPP_EXACT95_HIGH,23,202607290000,202610290231,202610290232,202610290233,202610290234,EMPTY_AND_IDLE,HPP,300.000000000,358.619638731,FULL_DRAIN,AnyLogic,8.9.9.202607020720,NOT_CALIBRATED,COMPARATIVE_WHAT_IF_ONLY,PENDING_VALIDATION,COMPLETE
1.0,OP_CONFIRM_EXACT95_HIGH_CAPACITY_BOTH_PLUS,ef79d952f469f00fe5912eaa570ac3bdd1cd57c6609deb809b46ed4021e3ce3a,TASK3_OPERATIONAL_POOLED_V1,CAPACITY_BOTH_PLUS,CAPACITY,REFERENCE_ASSUMPTION_SANDBOX_V1,LOCAL_WINDOW_HPP_EXACT95_HIGH,24,202607290000,202610290241,202610290242,202610290243,202610290244,EMPTY_AND_IDLE,HPP,300.000000000,343.530702468,FULL_DRAIN,AnyLogic,8.9.9.202607020720,NOT_CALIBRATED,COMPARATIVE_WHAT_IF_ONLY,PENDING_VALIDATION,COMPLETE
1.0,OP_CONFIRM_EXACT95_HIGH_CAPACITY_BOTH_PLUS,ef79d952f469f00fe5912eaa570ac3bdd1cd57c6609deb809b46ed4021e3ce3a,TASK3_OPERATIONAL_POOLED_V1,CAPACITY_BOTH_PLUS,CAPACITY,REFERENCE_ASSUMPTION_SANDBOX_V1,LOCAL_WINDOW_HPP_EXACT95_HIGH,25,202607290000,202610290251,202610290252,202610290253,202610290254,EMPTY_AND_IDLE,HPP,300.000000000,339.967281631,FULL_DRAIN,AnyLogic,8.9.9.202607020720,NOT_CALIBRATED,COMPARATIVE_WHAT_IF_ONLY,PENDING_VALIDATION,COMPLETE
1.0,OP_CONFIRM_EXACT95_HIGH_CAPACITY_BOTH_PLUS,ef79d952f469f00fe5912eaa570ac3bdd1cd57c6609deb809b46ed4021e3ce3a,TASK3_OPERATIONAL_POOLED_V1,CAPACITY_BOTH_PLUS,CAPACITY,REFERENCE_ASSUMPTION_SANDBOX_V1,LOCAL_WINDOW_HPP_EXACT95_HIGH,26,202607290000,202610290261,202610290262,202610290263,202610290264,EMPTY_AND_IDLE,HPP,300.000000000,352.758062858,FULL_DRAIN,AnyLogic,8.9.9.202607020720,NOT_CALIBRATED,COMPARATIVE_WHAT_IF_ONLY,PENDING_VALIDATION,COMPLETE
1.0,OP_CONFIRM_EXACT95_HIGH_CAPACITY_BOTH_PLUS,ef79d952f469f00fe5912eaa570ac3bdd1cd57c6609deb809b46ed4021e3ce3a,TASK3_OPERATIONAL_POOLED_V1,CAPACITY_BOTH_PLUS,CAPACITY,REFERENCE_ASSUMPTION_SANDBOX_V1,LOCAL_WINDOW_HPP_EXACT95_HIGH,27,202607290000,202610290271,202610290272,202610290273,202610290274,EMPTY_AND_IDLE,HPP,300.000000000,344.363685756,FULL_DRAIN,AnyLogic,8.9.9.202607020720,NOT_CALIBRATED,COMPARATIVE_WHAT_IF_ONLY,PENDING_VALIDATION,COMPLETE
1.0,OP_CONFIRM_EXACT95_HIGH_CAPACITY_BOTH_PLUS,ef79d952f469f00fe5912eaa570ac3bdd1cd57c6609deb809b46ed4021e3ce3a,TASK3_OPERATIONAL_POOLED_V1,CAPACITY_BOTH_PLUS,CAPACITY,REFERENCE_ASSUMPTION_SANDBOX_V1,LOCAL_WINDOW_HPP_EXACT95_HIGH,28,202607290000,202610290281,202610290282,202610290283,202610290284,EMPTY_AND_IDLE,HPP,300.000000000,357.625343417,FULL_DRAIN,AnyLogic,8.9.9.202607020720,NOT_CALIBRATED,COMPARATIVE_WHAT_IF_ONLY,PENDING_VALIDATION,COMPLETE
1.0,OP_CONFIRM_EXACT95_HIGH_CAPACITY_BOTH_PLUS,ef79d952f469f00fe5912eaa570ac3bdd1cd57c6609deb809b46ed4021e3ce3a,TASK3_OPERATIONAL_POOLED_V1,CAPACITY_BOTH_PLUS,CAPACITY,REFERENCE_ASSUMPTION_SANDBOX_V1,LOCAL_WINDOW_HPP_EXACT95_HIGH,29,202607290000,202610290291,202610290292,202610290293,202610290294,EMPTY_AND_IDLE,HPP,300.000000000,333.603656070,FULL_DRAIN,AnyLogic,8.9.9.202607020720,NOT_CALIBRATED,COMPARATIVE_WHAT_IF_ONLY,PENDING_VALIDATION,COMPLETE
1.0,OP_CONFIRM_EXACT95_HIGH_CAPACITY_BOTH_PLUS,ef79d952f469f00fe5912eaa570ac3bdd1cd57c6609deb809b46ed4021e3ce3a,TASK3_OPERATIONAL_POOLED_V1,CAPACITY_BOTH_PLUS,CAPACITY,REFERENCE_ASSUMPTION_SANDBOX_V1,LOCAL_WINDOW_HPP_EXACT95_HIGH,30,202607290000,202610290301,202610290302,202610290303,202610290304,EMPTY_AND_IDLE,HPP,300.000000000,361.969140578,FULL_DRAIN,AnyLogic,8.9.9.202607020720,NOT_CALIBRATED,COMPARATIVE_WHAT_IF_ONLY,PENDING_VALIDATION,COMPLETE
1.0,OP_CONFIRM_EXACT95_HIGH_CAPACITY_BOTH_PLUS,ef79d952f469f00fe5912eaa570ac3bdd1cd57c6609deb809b46ed4021e3ce3a,TASK3_OPERATIONAL_POOLED_V1,CAPACITY_BOTH_PLUS,CAPACITY,REFERENCE_ASSUMPTION_SANDBOX_V1,LOCAL_WINDOW_HPP_EXACT95_HIGH,31,202607290000,202610290311,202610290312,202610290313,202610290314,EMPTY_AND_IDLE,HPP,300.000000000,365.954661286,FULL_DRAIN,AnyLogic,8.9.9.202607020720,NOT_CALIBRATED,COMPARATIVE_WHAT_IF_ONLY,PENDING_VALIDATION,COMPLETE
1.0,OP_CONFIRM_EXACT95_HIGH_CAPACITY_BOTH_PLUS,ef79d952f469f00fe5912eaa570ac3bdd1cd57c6609deb809b46ed4021e3ce3a,TASK3_OPERATIONAL_POOLED_V1,CAPACITY_BOTH_PLUS,CAPACITY,REFERENCE_ASSUMPTION_SANDBOX_V1,LOCAL_WINDOW_HPP_EXACT95_HIGH,32,202607290000,202610290321,202610290322,202610290323,202610290324,EMPTY_AND_IDLE,HPP,300.000000000,336.461932926,FULL_DRAIN,AnyLogic,8.9.9.202607020720,NOT_CALIBRATED,COMPARATIVE_WHAT_IF_ONLY,PENDING_VALIDATION,COMPLETE
1.0,OP_CONFIRM_EXACT95_HIGH_CAPACITY_BOTH_PLUS,ef79d952f469f00fe5912eaa570ac3bdd1cd57c6609deb809b46ed4021e3ce3a,TASK3_OPERATIONAL_POOLED_V1,CAPACITY_BOTH_PLUS,CAPACITY,REFERENCE_ASSUMPTION_SANDBOX_V1,LOCAL_WINDOW_HPP_EXACT95_HIGH,33,202607290000,202610290331,202610290332,202610290333,202610290334,EMPTY_AND_IDLE,HPP,300.000000000,354.074761579,FULL_DRAIN,AnyLogic,8.9.9.202607020720,NOT_CALIBRATED,COMPARATIVE_WHAT_IF_ONLY,PENDING_VALIDATION,COMPLETE
1.0,OP_CONFIRM_EXACT95_HIGH_CAPACITY_BOTH_PLUS,ef79d952f469f00fe5912eaa570ac3bdd1cd57c6609deb809b46ed4021e3ce3a,TASK3_OPERATIONAL_POOLED_V1,CAPACITY_BOTH_PLUS,CAPACITY,REFERENCE_ASSUMPTION_SANDBOX_V1,LOCAL_WINDOW_HPP_EXACT95_HIGH,34,202607290000,202610290341,202610290342,202610290343,202610290344,EMPTY_AND_IDLE,HPP,300.000000000,355.024582249,FULL_DRAIN,AnyLogic,8.9.9.202607020720,NOT_CALIBRATED,COMPARATIVE_WHAT_IF_ONLY,PENDING_VALIDATION,COMPLETE
1.0,OP_CONFIRM_EXACT95_HIGH_CAPACITY_BOTH_PLUS,ef79d952f469f00fe5912eaa570ac3bdd1cd57c6609deb809b46ed4021e3ce3a,TASK3_OPERATIONAL_POOLED_V1,CAPACITY_BOTH_PLUS,CAPACITY,REFERENCE_ASSUMPTION_SANDBOX_V1,LOCAL_WINDOW_HPP_EXACT95_HIGH,35,202607290000,202610290351,202610290352,202610290353,202610290354,EMPTY_AND_IDLE,HPP,300.000000000,342.824935245,FULL_DRAIN,AnyLogic,8.9.9.202607020720,NOT_CALIBRATED,COMPARATIVE_WHAT_IF_ONLY,PENDING_VALIDATION,COMPLETE
1.0,OP_CONFIRM_EXACT95_HIGH_CAPACITY_BOTH_PLUS,ef79d952f469f00fe5912eaa570ac3bdd1cd57c6609deb809b46ed4021e3ce3a,TASK3_OPERATIONAL_POOLED_V1,CAPACITY_BOTH_PLUS,CAPACITY,REFERENCE_ASSUMPTION_SANDBOX_V1,LOCAL_WINDOW_HPP_EXACT95_HIGH,36,202607290000,202610290361,202610290362,202610290363,202610290364,EMPTY_AND_IDLE,HPP,300.000000000,350.910517147,FULL_DRAIN,AnyLogic,8.9.9.202607020720,NOT_CALIBRATED,COMPARATIVE_WHAT_IF_ONLY,PENDING_VALIDATION,COMPLETE
1.0,OP_CONFIRM_EXACT95_HIGH_CAPACITY_BOTH_PLUS,ef79d952f469f00fe5912eaa570ac3bdd1cd57c6609deb809b46ed4021e3ce3a,TASK3_OPERATIONAL_POOLED_V1,CAPACITY_BOTH_PLUS,CAPACITY,REFERENCE_ASSUMPTION_SANDBOX_V1,LOCAL_WINDOW_HPP_EXACT95_HIGH,37,202607290000,202610290371,202610290372,202610290373,202610290374,EMPTY_AND_IDLE,HPP,300.000000000,346.334920035,FULL_DRAIN,AnyLogic,8.9.9.202607020720,NOT_CALIBRATED,COMPARATIVE_WHAT_IF_ONLY,PENDING_VALIDATION,COMPLETE
1.0,OP_CONFIRM_EXACT95_HIGH_CAPACITY_BOTH_PLUS,ef79d952f469f00fe5912eaa570ac3bdd1cd57c6609deb809b46ed4021e3ce3a,TASK3_OPERATIONAL_POOLED_V1,CAPACITY_BOTH_PLUS,CAPACITY,REFERENCE_ASSUMPTION_SANDBOX_V1,LOCAL_WINDOW_HPP_EXACT95_HIGH,38,202607290000,202610290381,202610290382,202610290383,202610290384,EMPTY_AND_IDLE,HPP,300.000000000,344.030185574,FULL_DRAIN,AnyLogic,8.9.9.202607020720,NOT_CALIBRATED,COMPARATIVE_WHAT_IF_ONLY,PENDING_VALIDATION,COMPLETE
1.0,OP_CONFIRM_EXACT95_HIGH_CAPACITY_BOTH_PLUS,ef79d952f469f00fe5912eaa570ac3bdd1cd57c6609deb809b46ed4021e3ce3a,TASK3_OPERATIONAL_POOLED_V1,CAPACITY_BOTH_PLUS,CAPACITY,REFERENCE_ASSUMPTION_SANDBOX_V1,LOCAL_WINDOW_HPP_EXACT95_HIGH,39,202607290000,202610290391,202610290392,202610290393,202610290394,EMPTY_AND_IDLE,HPP,300.000000000,356.436305824,FULL_DRAIN,AnyLogic,8.9.9.202607020720,NOT_CALIBRATED,COMPARATIVE_WHAT_IF_ONLY,PENDING_VALIDATION,COMPLETE
1.0,OP_CONFIRM_EXACT95_HIGH_CAPACITY_BOTH_PLUS,ef79d952f469f00fe5912eaa570ac3bdd1cd57c6609deb809b46ed4021e3ce3a,TASK3_OPERATIONAL_POOLED_V1,CAPACITY_BOTH_PLUS,CAPACITY,REFERENCE_ASSUMPTION_SANDBOX_V1,LOCAL_WINDOW_HPP_EXACT95_HIGH,40,202607290000,202610290401,202610290402,202610290403,202610290404,EMPTY_AND_IDLE,HPP,300.000000000,362.531368836,FULL_DRAIN,AnyLogic,8.9.9.202607020720,NOT_CALIBRATED,COMPARATIVE_WHAT_IF_ONLY,PENDING_VALIDATION,COMPLETE
1.0,OP_CONFIRM_EXACT95_HIGH_CAPACITY_BOTH_PLUS,ef79d952f469f00fe5912eaa570ac3bdd1cd57c6609deb809b46ed4021e3ce3a,TASK3_OPERATIONAL_POOLED_V1,CAPACITY_BOTH_PLUS,CAPACITY,REFERENCE_ASSUMPTION_SANDBOX_V1,LOCAL_WINDOW_HPP_EXACT95_HIGH,41,202607290000,202610290411,202610290412,202610290413,202610290414,EMPTY_AND_IDLE,HPP,300.000000000,348.368561734,FULL_DRAIN,AnyLogic,8.9.9.202607020720,NOT_CALIBRATED,COMPARATIVE_WHAT_IF_ONLY,PENDING_VALIDATION,COMPLETE
1.0,OP_CONFIRM_EXACT95_HIGH_CAPACITY_BOTH_PLUS,ef79d952f469f00fe5912eaa570ac3bdd1cd57c6609deb809b46ed4021e3ce3a,TASK3_OPERATIONAL_POOLED_V1,CAPACITY_BOTH_PLUS,CAPACITY,REFERENCE_ASSUMPTION_SANDBOX_V1,LOCAL_WINDOW_HPP_EXACT95_HIGH,42,202607290000,202610290421,202610290422,202610290423,202610290424,EMPTY_AND_IDLE,HPP,300.000000000,358.493589458,FULL_DRAIN,AnyLogic,8.9.9.202607020720,NOT_CALIBRATED,COMPARATIVE_WHAT_IF_ONLY,PENDING_VALIDATION,COMPLETE
1.0,OP_CONFIRM_EXACT95_HIGH_CAPACITY_BOTH_PLUS,ef79d952f469f00fe5912eaa570ac3bdd1cd57c6609deb809b46ed4021e3ce3a,TASK3_OPERATIONAL_POOLED_V1,CAPACITY_BOTH_PLUS,CAPACITY,REFERENCE_ASSUMPTION_SANDBOX_V1,LOCAL_WINDOW_HPP_EXACT95_HIGH,43,202607290000,202610290431,202610290432,202610290433,202610290434,EMPTY_AND_IDLE,HPP,300.000000000,345.502815218,FULL_DRAIN,AnyLogic,8.9.9.202607020720,NOT_CALIBRATED,COMPARATIVE_WHAT_IF_ONLY,PENDING_VALIDATION,COMPLETE
1.0,OP_CONFIRM_EXACT95_HIGH_CAPACITY_BOTH_PLUS,ef79d952f469f00fe5912eaa570ac3bdd1cd57c6609deb809b46ed4021e3ce3a,TASK3_OPERATIONAL_POOLED_V1,CAPACITY_BOTH_PLUS,CAPACITY,REFERENCE_ASSUMPTION_SANDBOX_V1,LOCAL_WINDOW_HPP_EXACT95_HIGH,44,202607290000,202610290441,202610290442,202610290443,202610290444,EMPTY_AND_IDLE,HPP,300.000000000,361.762034841,FULL_DRAIN,AnyLogic,8.9.9.202607020720,NOT_CALIBRATED,COMPARATIVE_WHAT_IF_ONLY,PENDING_VALIDATION,COMPLETE
1.0,OP_CONFIRM_EXACT95_HIGH_CAPACITY_BOTH_PLUS,ef79d952f469f00fe5912eaa570ac3bdd1cd57c6609deb809b46ed4021e3ce3a,TASK3_OPERATIONAL_POOLED_V1,CAPACITY_BOTH_PLUS,CAPACITY,REFERENCE_ASSUMPTION_SANDBOX_V1,LOCAL_WINDOW_HPP_EXACT95_HIGH,45,202607290000,202610290451,202610290452,202610290453,202610290454,EMPTY_AND_IDLE,HPP,300.000000000,367.516979352,FULL_DRAIN,AnyLogic,8.9.9.202607020720,NOT_CALIBRATED,COMPARATIVE_WHAT_IF_ONLY,PENDING_VALIDATION,COMPLETE
1.0,OP_CONFIRM_EXACT95_HIGH_CAPACITY_BOTH_PLUS,ef79d952f469f00fe5912eaa570ac3bdd1cd57c6609deb809b46ed4021e3ce3a,TASK3_OPERATIONAL_POOLED_V1,CAPACITY_BOTH_PLUS,CAPACITY,REFERENCE_ASSUMPTION_SANDBOX_V1,LOCAL_WINDOW_HPP_EXACT95_HIGH,46,202607290000,202610290461,202610290462,202610290463,202610290464,EMPTY_AND_IDLE,HPP,300.000000000,347.127699868,FULL_DRAIN,AnyLogic,8.9.9.202607020720,NOT_CALIBRATED,COMPARATIVE_WHAT_IF_ONLY,PENDING_VALIDATION,COMPLETE
1.0,OP_CONFIRM_EXACT95_HIGH_CAPACITY_BOTH_PLUS,ef79d952f469f00fe5912eaa570ac3bdd1cd57c6609deb809b46ed4021e3ce3a,TASK3_OPERATIONAL_POOLED_V1,CAPACITY_BOTH_PLUS,CAPACITY,REFERENCE_ASSUMPTION_SANDBOX_V1,LOCAL_WINDOW_HPP_EXACT95_HIGH,47,202607290000,202610290471,202610290472,202610290473,202610290474,EMPTY_AND_IDLE,HPP,300.000000000,335.149876080,FULL_DRAIN,AnyLogic,8.9.9.202607020720,NOT_CALIBRATED,COMPARATIVE_WHAT_IF_ONLY,PENDING_VALIDATION,COMPLETE
1.0,OP_CONFIRM_EXACT95_HIGH_CAPACITY_BOTH_PLUS,ef79d952f469f00fe5912eaa570ac3bdd1cd57c6609deb809b46ed4021e3ce3a,TASK3_OPERATIONAL_POOLED_V1,CAPACITY_BOTH_PLUS,CAPACITY,REFERENCE_ASSUMPTION_SANDBOX_V1,LOCAL_WINDOW_HPP_EXACT95_HIGH,48,202607290000,202610290481,202610290482,202610290483,202610290484,EMPTY_AND_IDLE,HPP,300.000000000,337.978922257,FULL_DRAIN,AnyLogic,8.9.9.202607020720,NOT_CALIBRATED,COMPARATIVE_WHAT_IF_ONLY,PENDING_VALIDATION,COMPLETE
1.0,OP_CONFIRM_EXACT95_HIGH_CAPACITY_BOTH_PLUS,ef79d952f469f00fe5912eaa570ac3bdd1cd57c6609deb809b46ed4021e3ce3a,TASK3_OPERATIONAL_POOLED_V1,CAPACITY_BOTH_PLUS,CAPACITY,REFERENCE_ASSUMPTION_SANDBOX_V1,LOCAL_WINDOW_HPP_EXACT95_HIGH,49,202607290000,202610290491,202610290492,202610290493,202610290494,EMPTY_AND_IDLE,HPP,300.000000000,346.564074562,FULL_DRAIN,AnyLogic,8.9.9.202607020720,NOT_CALIBRATED,COMPARATIVE_WHAT_IF_ONLY,PENDING_VALIDATION,COMPLETE
1.0,OP_CONFIRM_EXACT95_HIGH_CAPACITY_BOTH_PLUS,ef79d952f469f00fe5912eaa570ac3bdd1cd57c6609deb809b46ed4021e3ce3a,TASK3_OPERATIONAL_POOLED_V1,CAPACITY_BOTH_PLUS,CAPACITY,REFERENCE_ASSUMPTION_SANDBOX_V1,LOCAL_WINDOW_HPP_EXACT95_HIGH,50,202607290000,202610290501,202610290502,202610290503,202610290504,EMPTY_AND_IDLE,HPP,300.000000000,357.422564758,FULL_DRAIN,AnyLogic,8.9.9.202607020720,NOT_CALIBRATED,COMPARATIVE_WHAT_IF_ONLY,PENDING_VALIDATION,COMPLETE
1.0,OP_CONFIRM_EXACT95_LOW_CAPACITY_BOTH_PLUS,45f53fc3706fbd4413cadc5030b851fb533d4189450a73803837ccdf0a203f22,TASK3_OPERATIONAL_POOLED_V1,CAPACITY_BOTH_PLUS,CAPACITY,REFERENCE_ASSUMPTION_SANDBOX_V1,LOCAL_WINDOW_HPP_EXACT95_LOW,1,202607290000,202608290011,202608290012,202608290013,202608290014,EMPTY_AND_IDLE,HPP,300.000000000,333.378284734,FULL_DRAIN,AnyLogic,8.9.9.202607020720,NOT_CALIBRATED,COMPARATIVE_WHAT_IF_ONLY,PENDING_VALIDATION,COMPLETE
1.0,OP_CONFIRM_EXACT95_LOW_CAPACITY_BOTH_PLUS,45f53fc3706fbd4413cadc5030b851fb533d4189450a73803837ccdf0a203f22,TASK3_OPERATIONAL_POOLED_V1,CAPACITY_BOTH_PLUS,CAPACITY,REFERENCE_ASSUMPTION_SANDBOX_V1,LOCAL_WINDOW_HPP_EXACT95_LOW,2,202607290000,202608290021,202608290022,202608290023,202608290024,EMPTY_AND_IDLE,HPP,300.000000000,332.283944051,FULL_DRAIN,AnyLogic,8.9.9.202607020720,NOT_CALIBRATED,COMPARATIVE_WHAT_IF_ONLY,PENDING_VALIDATION,COMPLETE
1.0,OP_CONFIRM_EXACT95_LOW_CAPACITY_BOTH_PLUS,45f53fc3706fbd4413cadc5030b851fb533d4189450a73803837ccdf0a203f22,TASK3_OPERATIONAL_POOLED_V1,CAPACITY_BOTH_PLUS,CAPACITY,REFERENCE_ASSUMPTION_SANDBOX_V1,LOCAL_WINDOW_HPP_EXACT95_LOW,3,202607290000,202608290031,202608290032,202608290033,202608290034,EMPTY_AND_IDLE,HPP,300.000000000,334.763588245,FULL_DRAIN,AnyLogic,8.9.9.202607020720,NOT_CALIBRATED,COMPARATIVE_WHAT_IF_ONLY,PENDING_VALIDATION,COMPLETE
1.0,OP_CONFIRM_EXACT95_LOW_CAPACITY_BOTH_PLUS,45f53fc3706fbd4413cadc5030b851fb533d4189450a73803837ccdf0a203f22,TASK3_OPERATIONAL_POOLED_V1,CAPACITY_BOTH_PLUS,CAPACITY,REFERENCE_ASSUMPTION_SANDBOX_V1,LOCAL_WINDOW_HPP_EXACT95_LOW,4,202607290000,202608290041,202608290042,202608290043,202608290044,EMPTY_AND_IDLE,HPP,300.000000000,334.214032222,FULL_DRAIN,AnyLogic,8.9.9.202607020720,NOT_CALIBRATED,COMPARATIVE_WHAT_IF_ONLY,PENDING_VALIDATION,COMPLETE
1.0,OP_CONFIRM_EXACT95_LOW_CAPACITY_BOTH_PLUS,45f53fc3706fbd4413cadc5030b851fb533d4189450a73803837ccdf0a203f22,TASK3_OPERATIONAL_POOLED_V1,CAPACITY_BOTH_PLUS,CAPACITY,REFERENCE_ASSUMPTION_SANDBOX_V1,LOCAL_WINDOW_HPP_EXACT95_LOW,5,202607290000,202608290051,202608290052,202608290053,202608290054,EMPTY_AND_IDLE,HPP,300.000000000,333.398993631,FULL_DRAIN,AnyLogic,8.9.9.202607020720,NOT_CALIBRATED,COMPARATIVE_WHAT_IF_ONLY,PENDING_VALIDATION,COMPLETE
1.0,OP_CONFIRM_EXACT95_LOW_CAPACITY_BOTH_PLUS,45f53fc3706fbd4413cadc5030b851fb533d4189450a73803837ccdf0a203f22,TASK3_OPERATIONAL_POOLED_V1,CAPACITY_BOTH_PLUS,CAPACITY,REFERENCE_ASSUMPTION_SANDBOX_V1,LOCAL_WINDOW_HPP_EXACT95_LOW,6,202607290000,202608290061,202608290062,202608290063,202608290064,EMPTY_AND_IDLE,HPP,300.000000000,334.503790859,FULL_DRAIN,AnyLogic,8.9.9.202607020720,NOT_CALIBRATED,COMPARATIVE_WHAT_IF_ONLY,PENDING_VALIDATION,COMPLETE
1.0,OP_CONFIRM_EXACT95_LOW_CAPACITY_BOTH_PLUS,45f53fc3706fbd4413cadc5030b851fb533d4189450a73803837ccdf0a203f22,TASK3_OPERATIONAL_POOLED_V1,CAPACITY_BOTH_PLUS,CAPACITY,REFERENCE_ASSUMPTION_SANDBOX_V1,LOCAL_WINDOW_HPP_EXACT95_LOW,7,202607290000,202608290071,202608290072,202608290073,202608290074,EMPTY_AND_IDLE,HPP,300.000000000,334.009467665,FULL_DRAIN,AnyLogic,8.9.9.202607020720,NOT_CALIBRATED,COMPARATIVE_WHAT_IF_ONLY,PENDING_VALIDATION,COMPLETE
1.0,OP_CONFIRM_EXACT95_LOW_CAPACITY_BOTH_PLUS,45f53fc3706fbd4413cadc5030b851fb533d4189450a73803837ccdf0a203f22,TASK3_OPERATIONAL_POOLED_V1,CAPACITY_BOTH_PLUS,CAPACITY,REFERENCE_ASSUMPTION_SANDBOX_V1,LOCAL_WINDOW_HPP_EXACT95_LOW,8,202607290000,202608290081,202608290082,202608290083,202608290084,EMPTY_AND_IDLE,HPP,300.000000000,334.204293046,FULL_DRAIN,AnyLogic,8.9.9.202607020720,NOT_CALIBRATED,COMPARATIVE_WHAT_IF_ONLY,PENDING_VALIDATION,COMPLETE
1.0,OP_CONFIRM_EXACT95_LOW_CAPACITY_BOTH_PLUS,45f53fc3706fbd4413cadc5030b851fb533d4189450a73803837ccdf0a203f22,TASK3_OPERATIONAL_POOLED_V1,CAPACITY_BOTH_PLUS,CAPACITY,REFERENCE_ASSUMPTION_SANDBOX_V1,LOCAL_WINDOW_HPP_EXACT95_LOW,9,202607290000,202608290091,202608290092,202608290093,202608290094,EMPTY_AND_IDLE,HPP,300.000000000,334.651209542,FULL_DRAIN,AnyLogic,8.9.9.202607020720,NOT_CALIBRATED,COMPARATIVE_WHAT_IF_ONLY,PENDING_VALIDATION,COMPLETE
1.0,OP_CONFIRM_EXACT95_LOW_CAPACITY_BOTH_PLUS,45f53fc3706fbd4413cadc5030b851fb533d4189450a73803837ccdf0a203f22,TASK3_OPERATIONAL_POOLED_V1,CAPACITY_BOTH_PLUS,CAPACITY,REFERENCE_ASSUMPTION_SANDBOX_V1,LOCAL_WINDOW_HPP_EXACT95_LOW,10,202607290000,202608290101,202608290102,202608290103,202608290104,EMPTY_AND_IDLE,HPP,300.000000000,333.986965101,FULL_DRAIN,AnyLogic,8.9.9.202607020720,NOT_CALIBRATED,COMPARATIVE_WHAT_IF_ONLY,PENDING_VALIDATION,COMPLETE
1.0,OP_CONFIRM_EXACT95_LOW_CAPACITY_BOTH_PLUS,45f53fc3706fbd4413cadc5030b851fb533d4189450a73803837ccdf0a203f22,TASK3_OPERATIONAL_POOLED_V1,CAPACITY_BOTH_PLUS,CAPACITY,REFERENCE_ASSUMPTION_SANDBOX_V1,LOCAL_WINDOW_HPP_EXACT95_LOW,11,202607290000,202608290111,202608290112,202608290113,202608290114,EMPTY_AND_IDLE,HPP,300.000000000,334.383425690,FULL_DRAIN,AnyLogic,8.9.9.202607020720,NOT_CALIBRATED,COMPARATIVE_WHAT_IF_ONLY,PENDING_VALIDATION,COMPLETE
1.0,OP_CONFIRM_EXACT95_LOW_CAPACITY_BOTH_PLUS,45f53fc3706fbd4413cadc5030b851fb533d4189450a73803837ccdf0a203f22,TASK3_OPERATIONAL_POOLED_V1,CAPACITY_BOTH_PLUS,CAPACITY,REFERENCE_ASSUMPTION_SANDBOX_V1,LOCAL_WINDOW_HPP_EXACT95_LOW,12,202607290000,202608290121,202608290122,202608290123,202608290124,EMPTY_AND_IDLE,HPP,300.000000000,333.765982090,FULL_DRAIN,AnyLogic,8.9.9.202607020720,NOT_CALIBRATED,COMPARATIVE_WHAT_IF_ONLY,PENDING_VALIDATION,COMPLETE
1.0,OP_CONFIRM_EXACT95_LOW_CAPACITY_BOTH_PLUS,45f53fc3706fbd4413cadc5030b851fb533d4189450a73803837ccdf0a203f22,TASK3_OPERATIONAL_POOLED_V1,CAPACITY_BOTH_PLUS,CAPACITY,REFERENCE_ASSUMPTION_SANDBOX_V1,LOCAL_WINDOW_HPP_EXACT95_LOW,13,202607290000,202608290131,202608290132,202608290133,202608290134,EMPTY_AND_IDLE,HPP,300.000000000,334.664495631,FULL_DRAIN,AnyLogic,8.9.9.202607020720,NOT_CALIBRATED,COMPARATIVE_WHAT_IF_ONLY,PENDING_VALIDATION,COMPLETE
1.0,OP_CONFIRM_EXACT95_LOW_CAPACITY_BOTH_PLUS,45f53fc3706fbd4413cadc5030b851fb533d4189450a73803837ccdf0a203f22,TASK3_OPERATIONAL_POOLED_V1,CAPACITY_BOTH_PLUS,CAPACITY,REFERENCE_ASSUMPTION_SANDBOX_V1,LOCAL_WINDOW_HPP_EXACT95_LOW,14,202607290000,202608290141,202608290142,202608290143,202608290144,EMPTY_AND_IDLE,HPP,300.000000000,334.504039286,FULL_DRAIN,AnyLogic,8.9.9.202607020720,NOT_CALIBRATED,COMPARATIVE_WHAT_IF_ONLY,PENDING_VALIDATION,COMPLETE
1.0,OP_CONFIRM_EXACT95_LOW_CAPACITY_BOTH_PLUS,45f53fc3706fbd4413cadc5030b851fb533d4189450a73803837ccdf0a203f22,TASK3_OPERATIONAL_POOLED_V1,CAPACITY_BOTH_PLUS,CAPACITY,REFERENCE_ASSUMPTION_SANDBOX_V1,LOCAL_WINDOW_HPP_EXACT95_LOW,15,202607290000,202608290151,202608290152,202608290153,202608290154,EMPTY_AND_IDLE,HPP,300.000000000,334.767924815,FULL_DRAIN,AnyLogic,8.9.9.202607020720,NOT_CALIBRATED,COMPARATIVE_WHAT_IF_ONLY,PENDING_VALIDATION,COMPLETE
1.0,OP_CONFIRM_EXACT95_LOW_CAPACITY_BOTH_PLUS,45f53fc3706fbd4413cadc5030b851fb533d4189450a73803837ccdf0a203f22,TASK3_OPERATIONAL_POOLED_V1,CAPACITY_BOTH_PLUS,CAPACITY,REFERENCE_ASSUMPTION_SANDBOX_V1,LOCAL_WINDOW_HPP_EXACT95_LOW,16,202607290000,202608290161,202608290162,202608290163,202608290164,EMPTY_AND_IDLE,HPP,300.000000000,334.431918804,FULL_DRAIN,AnyLogic,8.9.9.202607020720,NOT_CALIBRATED,COMPARATIVE_WHAT_IF_ONLY,PENDING_VALIDATION,COMPLETE
1.0,OP_CONFIRM_EXACT95_LOW_CAPACITY_BOTH_PLUS,45f53fc3706fbd4413cadc5030b851fb533d4189450a73803837ccdf0a203f22,TASK3_OPERATIONAL_POOLED_V1,CAPACITY_BOTH_PLUS,CAPACITY,REFERENCE_ASSUMPTION_SANDBOX_V1,LOCAL_WINDOW_HPP_EXACT95_LOW,17,202607290000,202608290171,202608290172,202608290173,202608290174,EMPTY_AND_IDLE,HPP,300.000000000,334.762375366,FULL_DRAIN,AnyLogic,8.9.9.202607020720,NOT_CALIBRATED,COMPARATIVE_WHAT_IF_ONLY,PENDING_VALIDATION,COMPLETE
1.0,OP_CONFIRM_EXACT95_LOW_CAPACITY_BOTH_PLUS,45f53fc3706fbd4413cadc5030b851fb533d4189450a73803837ccdf0a203f22,TASK3_OPERATIONAL_POOLED_V1,CAPACITY_BOTH_PLUS,CAPACITY,REFERENCE_ASSUMPTION_SANDBOX_V1,LOCAL_WINDOW_HPP_EXACT95_LOW,18,202607290000,202608290181,202608290182,202608290183,202608290184,EMPTY_AND_IDLE,HPP,300.000000000,333.369913239,FULL_DRAIN,AnyLogic,8.9.9.202607020720,NOT_CALIBRATED,COMPARATIVE_WHAT_IF_ONLY,PENDING_VALIDATION,COMPLETE
1.0,OP_CONFIRM_EXACT95_LOW_CAPACITY_BOTH_PLUS,45f53fc3706fbd4413cadc5030b851fb533d4189450a73803837ccdf0a203f22,TASK3_OPERATIONAL_POOLED_V1,CAPACITY_BOTH_PLUS,CAPACITY,REFERENCE_ASSUMPTION_SANDBOX_V1,LOCAL_WINDOW_HPP_EXACT95_LOW,19,202607290000,202608290191,202608290192,202608290193,202608290194,EMPTY_AND_IDLE,HPP,300.000000000,334.345704763,FULL_DRAIN,AnyLogic,8.9.9.202607020720,NOT_CALIBRATED,COMPARATIVE_WHAT_IF_ONLY,PENDING_VALIDATION,COMPLETE
1.0,OP_CONFIRM_EXACT95_LOW_CAPACITY_BOTH_PLUS,45f53fc3706fbd4413cadc5030b851fb533d4189450a73803837ccdf0a203f22,TASK3_OPERATIONAL_POOLED_V1,CAPACITY_BOTH_PLUS,CAPACITY,REFERENCE_ASSUMPTION_SANDBOX_V1,LOCAL_WINDOW_HPP_EXACT95_LOW,20,202607290000,202608290201,202608290202,202608290203,202608290204,EMPTY_AND_IDLE,HPP,300.000000000,333.059981036,FULL_DRAIN,AnyLogic,8.9.9.202607020720,NOT_CALIBRATED,COMPARATIVE_WHAT_IF_ONLY,PENDING_VALIDATION,COMPLETE
1.0,OP_CONFIRM_EXACT95_LOW_CAPACITY_BOTH_PLUS,45f53fc3706fbd4413cadc5030b851fb533d4189450a73803837ccdf0a203f22,TASK3_OPERATIONAL_POOLED_V1,CAPACITY_BOTH_PLUS,CAPACITY,REFERENCE_ASSUMPTION_SANDBOX_V1,LOCAL_WINDOW_HPP_EXACT95_LOW,21,202607290000,202608290211,202608290212,202608290213,202608290214,EMPTY_AND_IDLE,HPP,300.000000000,334.383882730,FULL_DRAIN,AnyLogic,8.9.9.202607020720,NOT_CALIBRATED,COMPARATIVE_WHAT_IF_ONLY,PENDING_VALIDATION,COMPLETE
1.0,OP_CONFIRM_EXACT95_LOW_CAPACITY_BOTH_PLUS,45f53fc3706fbd4413cadc5030b851fb533d4189450a73803837ccdf0a203f22,TASK3_OPERATIONAL_POOLED_V1,CAPACITY_BOTH_PLUS,CAPACITY,REFERENCE_ASSUMPTION_SANDBOX_V1,LOCAL_WINDOW_HPP_EXACT95_LOW,22,202607290000,202608290221,202608290222,202608290223,202608290224,EMPTY_AND_IDLE,HPP,300.000000000,334.375348407,FULL_DRAIN,AnyLogic,8.9.9.202607020720,NOT_CALIBRATED,COMPARATIVE_WHAT_IF_ONLY,PENDING_VALIDATION,COMPLETE
1.0,OP_CONFIRM_EXACT95_LOW_CAPACITY_BOTH_PLUS,45f53fc3706fbd4413cadc5030b851fb533d4189450a73803837ccdf0a203f22,TASK3_OPERATIONAL_POOLED_V1,CAPACITY_BOTH_PLUS,CAPACITY,REFERENCE_ASSUMPTION_SANDBOX_V1,LOCAL_WINDOW_HPP_EXACT95_LOW,23,202607290000,202608290231,202608290232,202608290233,202608290234,EMPTY_AND_IDLE,HPP,300.000000000,333.884950245,FULL_DRAIN,AnyLogic,8.9.9.202607020720,NOT_CALIBRATED,COMPARATIVE_WHAT_IF_ONLY,PENDING_VALIDATION,COMPLETE
1.0,OP_CONFIRM_EXACT95_LOW_CAPACITY_BOTH_PLUS,45f53fc3706fbd4413cadc5030b851fb533d4189450a73803837ccdf0a203f22,TASK3_OPERATIONAL_POOLED_V1,CAPACITY_BOTH_PLUS,CAPACITY,REFERENCE_ASSUMPTION_SANDBOX_V1,LOCAL_WINDOW_HPP_EXACT95_LOW,24,202607290000,202608290241,202608290242,202608290243,202608290244,EMPTY_AND_IDLE,HPP,300.000000000,334.544159448,FULL_DRAIN,AnyLogic,8.9.9.202607020720,NOT_CALIBRATED,COMPARATIVE_WHAT_IF_ONLY,PENDING_VALIDATION,COMPLETE
1.0,OP_CONFIRM_EXACT95_LOW_CAPACITY_BOTH_PLUS,45f53fc3706fbd4413cadc5030b851fb533d4189450a73803837ccdf0a203f22,TASK3_OPERATIONAL_POOLED_V1,CAPACITY_BOTH_PLUS,CAPACITY,REFERENCE_ASSUMPTION_SANDBOX_V1,LOCAL_WINDOW_HPP_EXACT95_LOW,25,202607290000,202608290251,202608290252,202608290253,202608290254,EMPTY_AND_IDLE,HPP,300.000000000,333.803665910,FULL_DRAIN,AnyLogic,8.9.9.202607020720,NOT_CALIBRATED,COMPARATIVE_WHAT_IF_ONLY,PENDING_VALIDATION,COMPLETE
1.0,OP_CONFIRM_EXACT95_LOW_CAPACITY_BOTH_PLUS,45f53fc3706fbd4413cadc5030b851fb533d4189450a73803837ccdf0a203f22,TASK3_OPERATIONAL_POOLED_V1,CAPACITY_BOTH_PLUS,CAPACITY,REFERENCE_ASSUMPTION_SANDBOX_V1,LOCAL_WINDOW_HPP_EXACT95_LOW,26,202607290000,202608290261,202608290262,202608290263,202608290264,EMPTY_AND_IDLE,HPP,300.000000000,334.692628558,FULL_DRAIN,AnyLogic,8.9.9.202607020720,NOT_CALIBRATED,COMPARATIVE_WHAT_IF_ONLY,PENDING_VALIDATION,COMPLETE
1.0,OP_CONFIRM_EXACT95_LOW_CAPACITY_BOTH_PLUS,45f53fc3706fbd4413cadc5030b851fb533d4189450a73803837ccdf0a203f22,TASK3_OPERATIONAL_POOLED_V1,CAPACITY_BOTH_PLUS,CAPACITY,REFERENCE_ASSUMPTION_SANDBOX_V1,LOCAL_WINDOW_HPP_EXACT95_LOW,27,202607290000,202608290271,202608290272,202608290273,202608290274,EMPTY_AND_IDLE,HPP,300.000000000,332.497741530,FULL_DRAIN,AnyLogic,8.9.9.202607020720,NOT_CALIBRATED,COMPARATIVE_WHAT_IF_ONLY,PENDING_VALIDATION,COMPLETE
1.0,OP_CONFIRM_EXACT95_LOW_CAPACITY_BOTH_PLUS,45f53fc3706fbd4413cadc5030b851fb533d4189450a73803837ccdf0a203f22,TASK3_OPERATIONAL_POOLED_V1,CAPACITY_BOTH_PLUS,CAPACITY,REFERENCE_ASSUMPTION_SANDBOX_V1,LOCAL_WINDOW_HPP_EXACT95_LOW,28,202607290000,202608290281,202608290282,202608290283,202608290284,EMPTY_AND_IDLE,HPP,300.000000000,334.557393197,FULL_DRAIN,AnyLogic,8.9.9.202607020720,NOT_CALIBRATED,COMPARATIVE_WHAT_IF_ONLY,PENDING_VALIDATION,COMPLETE
1.0,OP_CONFIRM_EXACT95_LOW_CAPACITY_BOTH_PLUS,45f53fc3706fbd4413cadc5030b851fb533d4189450a73803837ccdf0a203f22,TASK3_OPERATIONAL_POOLED_V1,CAPACITY_BOTH_PLUS,CAPACITY,REFERENCE_ASSUMPTION_SANDBOX_V1,LOCAL_WINDOW_HPP_EXACT95_LOW,29,202607290000,202608290291,202608290292,202608290293,202608290294,EMPTY_AND_IDLE,HPP,300.000000000,334.055309304,FULL_DRAIN,AnyLogic,8.9.9.202607020720,NOT_CALIBRATED,COMPARATIVE_WHAT_IF_ONLY,PENDING_VALIDATION,COMPLETE
1.0,OP_CONFIRM_EXACT95_LOW_CAPACITY_BOTH_PLUS,45f53fc3706fbd4413cadc5030b851fb533d4189450a73803837ccdf0a203f22,TASK3_OPERATIONAL_POOLED_V1,CAPACITY_BOTH_PLUS,CAPACITY,REFERENCE_ASSUMPTION_SANDBOX_V1,LOCAL_WINDOW_HPP_EXACT95_LOW,30,202607290000,202608290301,202608290302,202608290303,202608290304,EMPTY_AND_IDLE,HPP,300.000000000,333.547081962,FULL_DRAIN,AnyLogic,8.9.9.202607020720,NOT_CALIBRATED,COMPARATIVE_WHAT_IF_ONLY,PENDING_VALIDATION,COMPLETE
1.0,OP_CONFIRM_EXACT95_LOW_CAPACITY_BOTH_PLUS,45f53fc3706fbd4413cadc5030b851fb533d4189450a73803837ccdf0a203f22,TASK3_OPERATIONAL_POOLED_V1,CAPACITY_BOTH_PLUS,CAPACITY,REFERENCE_ASSUMPTION_SANDBOX_V1,LOCAL_WINDOW_HPP_EXACT95_LOW,31,202607290000,202608290311,202608290312,202608290313,202608290314,EMPTY_AND_IDLE,HPP,300.000000000,332.500307393,FULL_DRAIN,AnyLogic,8.9.9.202607020720,NOT_CALIBRATED,COMPARATIVE_WHAT_IF_ONLY,PENDING_VALIDATION,COMPLETE
1.0,OP_CONFIRM_EXACT95_LOW_CAPACITY_BOTH_PLUS,45f53fc3706fbd4413cadc5030b851fb533d4189450a73803837ccdf0a203f22,TASK3_OPERATIONAL_POOLED_V1,CAPACITY_BOTH_PLUS,CAPACITY,REFERENCE_ASSUMPTION_SANDBOX_V1,LOCAL_WINDOW_HPP_EXACT95_LOW,32,202607290000,202608290321,202608290322,202608290323,202608290324,EMPTY_AND_IDLE,HPP,300.000000000,333.258766840,FULL_DRAIN,AnyLogic,8.9.9.202607020720,NOT_CALIBRATED,COMPARATIVE_WHAT_IF_ONLY,PENDING_VALIDATION,COMPLETE
1.0,OP_CONFIRM_EXACT95_LOW_CAPACITY_BOTH_PLUS,45f53fc3706fbd4413cadc5030b851fb533d4189450a73803837ccdf0a203f22,TASK3_OPERATIONAL_POOLED_V1,CAPACITY_BOTH_PLUS,CAPACITY,REFERENCE_ASSUMPTION_SANDBOX_V1,LOCAL_WINDOW_HPP_EXACT95_LOW,33,202607290000,202608290331,202608290332,202608290333,202608290334,EMPTY_AND_IDLE,HPP,300.000000000,333.353517328,FULL_DRAIN,AnyLogic,8.9.9.202607020720,NOT_CALIBRATED,COMPARATIVE_WHAT_IF_ONLY,PENDING_VALIDATION,COMPLETE
1.0,OP_CONFIRM_EXACT95_LOW_CAPACITY_BOTH_PLUS,45f53fc3706fbd4413cadc5030b851fb533d4189450a73803837ccdf0a203f22,TASK3_OPERATIONAL_POOLED_V1,CAPACITY_BOTH_PLUS,CAPACITY,REFERENCE_ASSUMPTION_SANDBOX_V1,LOCAL_WINDOW_HPP_EXACT95_LOW,34,202607290000,202608290341,202608290342,202608290343,202608290344,EMPTY_AND_IDLE,HPP,300.000000000,333.918653247,FULL_DRAIN,AnyLogic,8.9.9.202607020720,NOT_CALIBRATED,COMPARATIVE_WHAT_IF_ONLY,PENDING_VALIDATION,COMPLETE
1.0,OP_CONFIRM_EXACT95_LOW_CAPACITY_BOTH_PLUS,45f53fc3706fbd4413cadc5030b851fb533d4189450a73803837ccdf0a203f22,TASK3_OPERATIONAL_POOLED_V1,CAPACITY_BOTH_PLUS,CAPACITY,REFERENCE_ASSUMPTION_SANDBOX_V1,LOCAL_WINDOW_HPP_EXACT95_LOW,35,202607290000,202608290351,202608290352,202608290353,202608290354,EMPTY_AND_IDLE,HPP,300.000000000,334.031797309,FULL_DRAIN,AnyLogic,8.9.9.202607020720,NOT_CALIBRATED,COMPARATIVE_WHAT_IF_ONLY,PENDING_VALIDATION,COMPLETE
1.0,OP_CONFIRM_EXACT95_LOW_CAPACITY_BOTH_PLUS,45f53fc3706fbd4413cadc5030b851fb533d4189450a73803837ccdf0a203f22,TASK3_OPERATIONAL_POOLED_V1,CAPACITY_BOTH_PLUS,CAPACITY,REFERENCE_ASSUMPTION_SANDBOX_V1,LOCAL_WINDOW_HPP_EXACT95_LOW,36,202607290000,202608290361,202608290362,202608290363,202608290364,EMPTY_AND_IDLE,HPP,300.000000000,334.046219248,FULL_DRAIN,AnyLogic,8.9.9.202607020720,NOT_CALIBRATED,COMPARATIVE_WHAT_IF_ONLY,PENDING_VALIDATION,COMPLETE
1.0,OP_CONFIRM_EXACT95_LOW_CAPACITY_BOTH_PLUS,45f53fc3706fbd4413cadc5030b851fb533d4189450a73803837ccdf0a203f22,TASK3_OPERATIONAL_POOLED_V1,CAPACITY_BOTH_PLUS,CAPACITY,REFERENCE_ASSUMPTION_SANDBOX_V1,LOCAL_WINDOW_HPP_EXACT95_LOW,37,202607290000,202608290371,202608290372,202608290373,202608290374,EMPTY_AND_IDLE,HPP,300.000000000,334.078766339,FULL_DRAIN,AnyLogic,8.9.9.202607020720,NOT_CALIBRATED,COMPARATIVE_WHAT_IF_ONLY,PENDING_VALIDATION,COMPLETE
1.0,OP_CONFIRM_EXACT95_LOW_CAPACITY_BOTH_PLUS,45f53fc3706fbd4413cadc5030b851fb533d4189450a73803837ccdf0a203f22,TASK3_OPERATIONAL_POOLED_V1,CAPACITY_BOTH_PLUS,CAPACITY,REFERENCE_ASSUMPTION_SANDBOX_V1,LOCAL_WINDOW_HPP_EXACT95_LOW,38,202607290000,202608290381,202608290382,202608290383,202608290384,EMPTY_AND_IDLE,HPP,300.000000000,333.973818889,FULL_DRAIN,AnyLogic,8.9.9.202607020720,NOT_CALIBRATED,COMPARATIVE_WHAT_IF_ONLY,PENDING_VALIDATION,COMPLETE
1.0,OP_CONFIRM_EXACT95_LOW_CAPACITY_BOTH_PLUS,45f53fc3706fbd4413cadc5030b851fb533d4189450a73803837ccdf0a203f22,TASK3_OPERATIONAL_POOLED_V1,CAPACITY_BOTH_PLUS,CAPACITY,REFERENCE_ASSUMPTION_SANDBOX_V1,LOCAL_WINDOW_HPP_EXACT95_LOW,39,202607290000,202608290391,202608290392,202608290393,202608290394,EMPTY_AND_IDLE,HPP,300.000000000,333.227369168,FULL_DRAIN,AnyLogic,8.9.9.202607020720,NOT_CALIBRATED,COMPARATIVE_WHAT_IF_ONLY,PENDING_VALIDATION,COMPLETE
1.0,OP_CONFIRM_EXACT95_LOW_CAPACITY_BOTH_PLUS,45f53fc3706fbd4413cadc5030b851fb533d4189450a73803837ccdf0a203f22,TASK3_OPERATIONAL_POOLED_V1,CAPACITY_BOTH_PLUS,CAPACITY,REFERENCE_ASSUMPTION_SANDBOX_V1,LOCAL_WINDOW_HPP_EXACT95_LOW,40,202607290000,202608290401,202608290402,202608290403,202608290404,EMPTY_AND_IDLE,HPP,300.000000000,334.470914622,FULL_DRAIN,AnyLogic,8.9.9.202607020720,NOT_CALIBRATED,COMPARATIVE_WHAT_IF_ONLY,PENDING_VALIDATION,COMPLETE
1.0,OP_CONFIRM_EXACT95_LOW_CAPACITY_BOTH_PLUS,45f53fc3706fbd4413cadc5030b851fb533d4189450a73803837ccdf0a203f22,TASK3_OPERATIONAL_POOLED_V1,CAPACITY_BOTH_PLUS,CAPACITY,REFERENCE_ASSUMPTION_SANDBOX_V1,LOCAL_WINDOW_HPP_EXACT95_LOW,41,202607290000,202608290411,202608290412,202608290413,202608290414,EMPTY_AND_IDLE,HPP,300.000000000,334.039386969,FULL_DRAIN,AnyLogic,8.9.9.202607020720,NOT_CALIBRATED,COMPARATIVE_WHAT_IF_ONLY,PENDING_VALIDATION,COMPLETE
1.0,OP_CONFIRM_EXACT95_LOW_CAPACITY_BOTH_PLUS,45f53fc3706fbd4413cadc5030b851fb533d4189450a73803837ccdf0a203f22,TASK3_OPERATIONAL_POOLED_V1,CAPACITY_BOTH_PLUS,CAPACITY,REFERENCE_ASSUMPTION_SANDBOX_V1,LOCAL_WINDOW_HPP_EXACT95_LOW,42,202607290000,202608290421,202608290422,202608290423,202608290424,EMPTY_AND_IDLE,HPP,300.000000000,334.117691289,FULL_DRAIN,AnyLogic,8.9.9.202607020720,NOT_CALIBRATED,COMPARATIVE_WHAT_IF_ONLY,PENDING_VALIDATION,COMPLETE
1.0,OP_CONFIRM_EXACT95_LOW_CAPACITY_BOTH_PLUS,45f53fc3706fbd4413cadc5030b851fb533d4189450a73803837ccdf0a203f22,TASK3_OPERATIONAL_POOLED_V1,CAPACITY_BOTH_PLUS,CAPACITY,REFERENCE_ASSUMPTION_SANDBOX_V1,LOCAL_WINDOW_HPP_EXACT95_LOW,43,202607290000,202608290431,202608290432,202608290433,202608290434,EMPTY_AND_IDLE,HPP,300.000000000,334.595220486,FULL_DRAIN,AnyLogic,8.9.9.202607020720,NOT_CALIBRATED,COMPARATIVE_WHAT_IF_ONLY,PENDING_VALIDATION,COMPLETE
1.0,OP_CONFIRM_EXACT95_LOW_CAPACITY_BOTH_PLUS,45f53fc3706fbd4413cadc5030b851fb533d4189450a73803837ccdf0a203f22,TASK3_OPERATIONAL_POOLED_V1,CAPACITY_BOTH_PLUS,CAPACITY,REFERENCE_ASSUMPTION_SANDBOX_V1,LOCAL_WINDOW_HPP_EXACT95_LOW,44,202607290000,202608290441,202608290442,202608290443,202608290444,EMPTY_AND_IDLE,HPP,300.000000000,333.612131684,FULL_DRAIN,AnyLogic,8.9.9.202607020720,NOT_CALIBRATED,COMPARATIVE_WHAT_IF_ONLY,PENDING_VALIDATION,COMPLETE
1.0,OP_CONFIRM_EXACT95_LOW_CAPACITY_BOTH_PLUS,45f53fc3706fbd4413cadc5030b851fb533d4189450a73803837ccdf0a203f22,TASK3_OPERATIONAL_POOLED_V1,CAPACITY_BOTH_PLUS,CAPACITY,REFERENCE_ASSUMPTION_SANDBOX_V1,LOCAL_WINDOW_HPP_EXACT95_LOW,45,202607290000,202608290451,202608290452,202608290453,202608290454,EMPTY_AND_IDLE,HPP,300.000000000,332.705388082,FULL_DRAIN,AnyLogic,8.9.9.202607020720,NOT_CALIBRATED,COMPARATIVE_WHAT_IF_ONLY,PENDING_VALIDATION,COMPLETE
1.0,OP_CONFIRM_EXACT95_LOW_CAPACITY_BOTH_PLUS,45f53fc3706fbd4413cadc5030b851fb533d4189450a73803837ccdf0a203f22,TASK3_OPERATIONAL_POOLED_V1,CAPACITY_BOTH_PLUS,CAPACITY,REFERENCE_ASSUMPTION_SANDBOX_V1,LOCAL_WINDOW_HPP_EXACT95_LOW,46,202607290000,202608290461,202608290462,202608290463,202608290464,EMPTY_AND_IDLE,HPP,300.000000000,334.547763371,FULL_DRAIN,AnyLogic,8.9.9.202607020720,NOT_CALIBRATED,COMPARATIVE_WHAT_IF_ONLY,PENDING_VALIDATION,COMPLETE
1.0,OP_CONFIRM_EXACT95_LOW_CAPACITY_BOTH_PLUS,45f53fc3706fbd4413cadc5030b851fb533d4189450a73803837ccdf0a203f22,TASK3_OPERATIONAL_POOLED_V1,CAPACITY_BOTH_PLUS,CAPACITY,REFERENCE_ASSUMPTION_SANDBOX_V1,LOCAL_WINDOW_HPP_EXACT95_LOW,47,202607290000,202608290471,202608290472,202608290473,202608290474,EMPTY_AND_IDLE,HPP,300.000000000,329.184016045,FULL_DRAIN,AnyLogic,8.9.9.202607020720,NOT_CALIBRATED,COMPARATIVE_WHAT_IF_ONLY,PENDING_VALIDATION,COMPLETE
1.0,OP_CONFIRM_EXACT95_LOW_CAPACITY_BOTH_PLUS,45f53fc3706fbd4413cadc5030b851fb533d4189450a73803837ccdf0a203f22,TASK3_OPERATIONAL_POOLED_V1,CAPACITY_BOTH_PLUS,CAPACITY,REFERENCE_ASSUMPTION_SANDBOX_V1,LOCAL_WINDOW_HPP_EXACT95_LOW,48,202607290000,202608290481,202608290482,202608290483,202608290484,EMPTY_AND_IDLE,HPP,300.000000000,334.462782154,FULL_DRAIN,AnyLogic,8.9.9.202607020720,NOT_CALIBRATED,COMPARATIVE_WHAT_IF_ONLY,PENDING_VALIDATION,COMPLETE
1.0,OP_CONFIRM_EXACT95_LOW_CAPACITY_BOTH_PLUS,45f53fc3706fbd4413cadc5030b851fb533d4189450a73803837ccdf0a203f22,TASK3_OPERATIONAL_POOLED_V1,CAPACITY_BOTH_PLUS,CAPACITY,REFERENCE_ASSUMPTION_SANDBOX_V1,LOCAL_WINDOW_HPP_EXACT95_LOW,49,202607290000,202608290491,202608290492,202608290493,202608290494,EMPTY_AND_IDLE,HPP,300.000000000,330.242669127,FULL_DRAIN,AnyLogic,8.9.9.202607020720,NOT_CALIBRATED,COMPARATIVE_WHAT_IF_ONLY,PENDING_VALIDATION,COMPLETE
1.0,OP_CONFIRM_EXACT95_LOW_CAPACITY_BOTH_PLUS,45f53fc3706fbd4413cadc5030b851fb533d4189450a73803837ccdf0a203f22,TASK3_OPERATIONAL_POOLED_V1,CAPACITY_BOTH_PLUS,CAPACITY,REFERENCE_ASSUMPTION_SANDBOX_V1,LOCAL_WINDOW_HPP_EXACT95_LOW,50,202607290000,202608290501,202608290502,202608290503,202608290504,EMPTY_AND_IDLE,HPP,300.000000000,334.204179571,FULL_DRAIN,AnyLogic,8.9.9.202607020720,NOT_CALIBRATED,COMPARATIVE_WHAT_IF_ONLY,PENDING_VALIDATION,COMPLETE
1.0,OP_CONFIRM_MLE_BASE_CAPACITY_IMMIGRATION_PLUS_3,52e5a50942acb0714e5eb93930edb571a9de4facb82099f63da0ea7457690a70,TASK3_OPERATIONAL_POOLED_V1,CAPACITY_IMMIGRATION_PLUS_3,CAPACITY,REFERENCE_ASSUMPTION_SANDBOX_V1,LOCAL_WINDOW_HPP_BASE,1,202607290000,202609290011,202609290012,202609290013,202609290014,EMPTY_AND_IDLE,HPP,300.000000000,334.701527801,FULL_DRAIN,AnyLogic,8.9.9.202607020720,NOT_CALIBRATED,COMPARATIVE_WHAT_IF_ONLY,PENDING_VALIDATION,COMPLETE
1.0,OP_CONFIRM_MLE_BASE_CAPACITY_IMMIGRATION_PLUS_3,52e5a50942acb0714e5eb93930edb571a9de4facb82099f63da0ea7457690a70,TASK3_OPERATIONAL_POOLED_V1,CAPACITY_IMMIGRATION_PLUS_3,CAPACITY,REFERENCE_ASSUMPTION_SANDBOX_V1,LOCAL_WINDOW_HPP_BASE,2,202607290000,202609290021,202609290022,202609290023,202609290024,EMPTY_AND_IDLE,HPP,300.000000000,339.958195860,FULL_DRAIN,AnyLogic,8.9.9.202607020720,NOT_CALIBRATED,COMPARATIVE_WHAT_IF_ONLY,PENDING_VALIDATION,COMPLETE
1.0,OP_CONFIRM_MLE_BASE_CAPACITY_IMMIGRATION_PLUS_3,52e5a50942acb0714e5eb93930edb571a9de4facb82099f63da0ea7457690a70,TASK3_OPERATIONAL_POOLED_V1,CAPACITY_IMMIGRATION_PLUS_3,CAPACITY,REFERENCE_ASSUMPTION_SANDBOX_V1,LOCAL_WINDOW_HPP_BASE,3,202607290000,202609290031,202609290032,202609290033,202609290034,EMPTY_AND_IDLE,HPP,300.000000000,334.760392420,FULL_DRAIN,AnyLogic,8.9.9.202607020720,NOT_CALIBRATED,COMPARATIVE_WHAT_IF_ONLY,PENDING_VALIDATION,COMPLETE
1.0,OP_CONFIRM_MLE_BASE_CAPACITY_IMMIGRATION_PLUS_3,52e5a50942acb0714e5eb93930edb571a9de4facb82099f63da0ea7457690a70,TASK3_OPERATIONAL_POOLED_V1,CAPACITY_IMMIGRATION_PLUS_3,CAPACITY,REFERENCE_ASSUMPTION_SANDBOX_V1,LOCAL_WINDOW_HPP_BASE,4,202607290000,202609290041,202609290042,202609290043,202609290044,EMPTY_AND_IDLE,HPP,300.000000000,334.249482782,FULL_DRAIN,AnyLogic,8.9.9.202607020720,NOT_CALIBRATED,COMPARATIVE_WHAT_IF_ONLY,PENDING_VALIDATION,COMPLETE
1.0,OP_CONFIRM_MLE_BASE_CAPACITY_IMMIGRATION_PLUS_3,52e5a50942acb0714e5eb93930edb571a9de4facb82099f63da0ea7457690a70,TASK3_OPERATIONAL_POOLED_V1,CAPACITY_IMMIGRATION_PLUS_3,CAPACITY,REFERENCE_ASSUMPTION_SANDBOX_V1,LOCAL_WINDOW_HPP_BASE,5,202607290000,202609290051,202609290052,202609290053,202609290054,EMPTY_AND_IDLE,HPP,300.000000000,333.557018640,FULL_DRAIN,AnyLogic,8.9.9.202607020720,NOT_CALIBRATED,COMPARATIVE_WHAT_IF_ONLY,PENDING_VALIDATION,COMPLETE
1.0,OP_CONFIRM_MLE_BASE_CAPACITY_IMMIGRATION_PLUS_3,52e5a50942acb0714e5eb93930edb571a9de4facb82099f63da0ea7457690a70,TASK3_OPERATIONAL_POOLED_V1,CAPACITY_IMMIGRATION_PLUS_3,CAPACITY,REFERENCE_ASSUMPTION_SANDBOX_V1,LOCAL_WINDOW_HPP_BASE,6,202607290000,202609290061,202609290062,202609290063,202609290064,EMPTY_AND_IDLE,HPP,300.000000000,332.888594650,FULL_DRAIN,AnyLogic,8.9.9.202607020720,NOT_CALIBRATED,COMPARATIVE_WHAT_IF_ONLY,PENDING_VALIDATION,COMPLETE
1.0,OP_CONFIRM_MLE_BASE_CAPACITY_IMMIGRATION_PLUS_3,52e5a50942acb0714e5eb93930edb571a9de4facb82099f63da0ea7457690a70,TASK3_OPERATIONAL_POOLED_V1,CAPACITY_IMMIGRATION_PLUS_3,CAPACITY,REFERENCE_ASSUMPTION_SANDBOX_V1,LOCAL_WINDOW_HPP_BASE,7,202607290000,202609290071,202609290072,202609290073,202609290074,EMPTY_AND_IDLE,HPP,300.000000000,334.565064641,FULL_DRAIN,AnyLogic,8.9.9.202607020720,NOT_CALIBRATED,COMPARATIVE_WHAT_IF_ONLY,PENDING_VALIDATION,COMPLETE
1.0,OP_CONFIRM_MLE_BASE_CAPACITY_IMMIGRATION_PLUS_3,52e5a50942acb0714e5eb93930edb571a9de4facb82099f63da0ea7457690a70,TASK3_OPERATIONAL_POOLED_V1,CAPACITY_IMMIGRATION_PLUS_3,CAPACITY,REFERENCE_ASSUMPTION_SANDBOX_V1,LOCAL_WINDOW_HPP_BASE,8,202607290000,202609290081,202609290082,202609290083,202609290084,EMPTY_AND_IDLE,HPP,300.000000000,333.652413957,FULL_DRAIN,AnyLogic,8.9.9.202607020720,NOT_CALIBRATED,COMPARATIVE_WHAT_IF_ONLY,PENDING_VALIDATION,COMPLETE
1.0,OP_CONFIRM_MLE_BASE_CAPACITY_IMMIGRATION_PLUS_3,52e5a50942acb0714e5eb93930edb571a9de4facb82099f63da0ea7457690a70,TASK3_OPERATIONAL_POOLED_V1,CAPACITY_IMMIGRATION_PLUS_3,CAPACITY,REFERENCE_ASSUMPTION_SANDBOX_V1,LOCAL_WINDOW_HPP_BASE,9,202607290000,202609290091,202609290092,202609290093,202609290094,EMPTY_AND_IDLE,HPP,300.000000000,333.857083782,FULL_DRAIN,AnyLogic,8.9.9.202607020720,NOT_CALIBRATED,COMPARATIVE_WHAT_IF_ONLY,PENDING_VALIDATION,COMPLETE
1.0,OP_CONFIRM_MLE_BASE_CAPACITY_IMMIGRATION_PLUS_3,52e5a50942acb0714e5eb93930edb571a9de4facb82099f63da0ea7457690a70,TASK3_OPERATIONAL_POOLED_V1,CAPACITY_IMMIGRATION_PLUS_3,CAPACITY,REFERENCE_ASSUMPTION_SANDBOX_V1,LOCAL_WINDOW_HPP_BASE,10,202607290000,202609290101,202609290102,202609290103,202609290104,EMPTY_AND_IDLE,HPP,300.000000000,334.733050789,FULL_DRAIN,AnyLogic,8.9.9.202607020720,NOT_CALIBRATED,COMPARATIVE_WHAT_IF_ONLY,PENDING_VALIDATION,COMPLETE
1.0,OP_CONFIRM_MLE_BASE_CAPACITY_IMMIGRATION_PLUS_3,52e5a50942acb0714e5eb93930edb571a9de4facb82099f63da0ea7457690a70,TASK3_OPERATIONAL_POOLED_V1,CAPACITY_IMMIGRATION_PLUS_3,CAPACITY,REFERENCE_ASSUMPTION_SANDBOX_V1,LOCAL_WINDOW_HPP_BASE,11,202607290000,202609290111,202609290112,202609290113,202609290114,EMPTY_AND_IDLE,HPP,300.000000000,334.795505588,FULL_DRAIN,AnyLogic,8.9.9.202607020720,NOT_CALIBRATED,COMPARATIVE_WHAT_IF_ONLY,PENDING_VALIDATION,COMPLETE
1.0,OP_CONFIRM_MLE_BASE_CAPACITY_IMMIGRATION_PLUS_3,52e5a50942acb0714e5eb93930edb571a9de4facb82099f63da0ea7457690a70,TASK3_OPERATIONAL_POOLED_V1,CAPACITY_IMMIGRATION_PLUS_3,CAPACITY,REFERENCE_ASSUMPTION_SANDBOX_V1,LOCAL_WINDOW_HPP_BASE,12,202607290000,202609290121,202609290122,202609290123,202609290124,EMPTY_AND_IDLE,HPP,300.000000000,334.673639871,FULL_DRAIN,AnyLogic,8.9.9.202607020720,NOT_CALIBRATED,COMPARATIVE_WHAT_IF_ONLY,PENDING_VALIDATION,COMPLETE
1.0,OP_CONFIRM_MLE_BASE_CAPACITY_IMMIGRATION_PLUS_3,52e5a50942acb0714e5eb93930edb571a9de4facb82099f63da0ea7457690a70,TASK3_OPERATIONAL_POOLED_V1,CAPACITY_IMMIGRATION_PLUS_3,CAPACITY,REFERENCE_ASSUMPTION_SANDBOX_V1,LOCAL_WINDOW_HPP_BASE,13,202607290000,202609290131,202609290132,202609290133,202609290134,EMPTY_AND_IDLE,HPP,300.000000000,334.623415863,FULL_DRAIN,AnyLogic,8.9.9.202607020720,NOT_CALIBRATED,COMPARATIVE_WHAT_IF_ONLY,PENDING_VALIDATION,COMPLETE
1.0,OP_CONFIRM_MLE_BASE_CAPACITY_IMMIGRATION_PLUS_3,52e5a50942acb0714e5eb93930edb571a9de4facb82099f63da0ea7457690a70,TASK3_OPERATIONAL_POOLED_V1,CAPACITY_IMMIGRATION_PLUS_3,CAPACITY,REFERENCE_ASSUMPTION_SANDBOX_V1,LOCAL_WINDOW_HPP_BASE,14,202607290000,202609290141,202609290142,202609290143,202609290144,EMPTY_AND_IDLE,HPP,300.000000000,333.719484820,FULL_DRAIN,AnyLogic,8.9.9.202607020720,NOT_CALIBRATED,COMPARATIVE_WHAT_IF_ONLY,PENDING_VALIDATION,COMPLETE
1.0,OP_CONFIRM_MLE_BASE_CAPACITY_IMMIGRATION_PLUS_3,52e5a50942acb0714e5eb93930edb571a9de4facb82099f63da0ea7457690a70,TASK3_OPERATIONAL_POOLED_V1,CAPACITY_IMMIGRATION_PLUS_3,CAPACITY,REFERENCE_ASSUMPTION_SANDBOX_V1,LOCAL_WINDOW_HPP_BASE,15,202607290000,202609290151,202609290152,202609290153,202609290154,EMPTY_AND_IDLE,HPP,300.000000000,333.864251907,FULL_DRAIN,AnyLogic,8.9.9.202607020720,NOT_CALIBRATED,COMPARATIVE_WHAT_IF_ONLY,PENDING_VALIDATION,COMPLETE
1.0,OP_CONFIRM_MLE_BASE_CAPACITY_IMMIGRATION_PLUS_3,52e5a50942acb0714e5eb93930edb571a9de4facb82099f63da0ea7457690a70,TASK3_OPERATIONAL_POOLED_V1,CAPACITY_IMMIGRATION_PLUS_3,CAPACITY,REFERENCE_ASSUMPTION_SANDBOX_V1,LOCAL_WINDOW_HPP_BASE,16,202607290000,202609290161,202609290162,202609290163,202609290164,EMPTY_AND_IDLE,HPP,300.000000000,335.460291688,FULL_DRAIN,AnyLogic,8.9.9.202607020720,NOT_CALIBRATED,COMPARATIVE_WHAT_IF_ONLY,PENDING_VALIDATION,COMPLETE
1.0,OP_CONFIRM_MLE_BASE_CAPACITY_IMMIGRATION_PLUS_3,52e5a50942acb0714e5eb93930edb571a9de4facb82099f63da0ea7457690a70,TASK3_OPERATIONAL_POOLED_V1,CAPACITY_IMMIGRATION_PLUS_3,CAPACITY,REFERENCE_ASSUMPTION_SANDBOX_V1,LOCAL_WINDOW_HPP_BASE,17,202607290000,202609290171,202609290172,202609290173,202609290174,EMPTY_AND_IDLE,HPP,300.000000000,334.256800365,FULL_DRAIN,AnyLogic,8.9.9.202607020720,NOT_CALIBRATED,COMPARATIVE_WHAT_IF_ONLY,PENDING_VALIDATION,COMPLETE
1.0,OP_CONFIRM_MLE_BASE_CAPACITY_IMMIGRATION_PLUS_3,52e5a50942acb0714e5eb93930edb571a9de4facb82099f63da0ea7457690a70,TASK3_OPERATIONAL_POOLED_V1,CAPACITY_IMMIGRATION_PLUS_3,CAPACITY,REFERENCE_ASSUMPTION_SANDBOX_V1,LOCAL_WINDOW_HPP_BASE,18,202607290000,202609290181,202609290182,202609290183,202609290184,EMPTY_AND_IDLE,HPP,300.000000000,334.189920297,FULL_DRAIN,AnyLogic,8.9.9.202607020720,NOT_CALIBRATED,COMPARATIVE_WHAT_IF_ONLY,PENDING_VALIDATION,COMPLETE
1.0,OP_CONFIRM_MLE_BASE_CAPACITY_IMMIGRATION_PLUS_3,52e5a50942acb0714e5eb93930edb571a9de4facb82099f63da0ea7457690a70,TASK3_OPERATIONAL_POOLED_V1,CAPACITY_IMMIGRATION_PLUS_3,CAPACITY,REFERENCE_ASSUMPTION_SANDBOX_V1,LOCAL_WINDOW_HPP_BASE,19,202607290000,202609290191,202609290192,202609290193,202609290194,EMPTY_AND_IDLE,HPP,300.000000000,336.959889132,FULL_DRAIN,AnyLogic,8.9.9.202607020720,NOT_CALIBRATED,COMPARATIVE_WHAT_IF_ONLY,PENDING_VALIDATION,COMPLETE
1.0,OP_CONFIRM_MLE_BASE_CAPACITY_IMMIGRATION_PLUS_3,52e5a50942acb0714e5eb93930edb571a9de4facb82099f63da0ea7457690a70,TASK3_OPERATIONAL_POOLED_V1,CAPACITY_IMMIGRATION_PLUS_3,CAPACITY,REFERENCE_ASSUMPTION_SANDBOX_V1,LOCAL_WINDOW_HPP_BASE,20,202607290000,202609290201,202609290202,202609290203,202609290204,EMPTY_AND_IDLE,HPP,300.000000000,333.821416391,FULL_DRAIN,AnyLogic,8.9.9.202607020720,NOT_CALIBRATED,COMPARATIVE_WHAT_IF_ONLY,PENDING_VALIDATION,COMPLETE
1.0,OP_CONFIRM_MLE_BASE_CAPACITY_IMMIGRATION_PLUS_3,52e5a50942acb0714e5eb93930edb571a9de4facb82099f63da0ea7457690a70,TASK3_OPERATIONAL_POOLED_V1,CAPACITY_IMMIGRATION_PLUS_3,CAPACITY,REFERENCE_ASSUMPTION_SANDBOX_V1,LOCAL_WINDOW_HPP_BASE,21,202607290000,202609290211,202609290212,202609290213,202609290214,EMPTY_AND_IDLE,HPP,300.000000000,336.562959899,FULL_DRAIN,AnyLogic,8.9.9.202607020720,NOT_CALIBRATED,COMPARATIVE_WHAT_IF_ONLY,PENDING_VALIDATION,COMPLETE
1.0,OP_CONFIRM_MLE_BASE_CAPACITY_IMMIGRATION_PLUS_3,52e5a50942acb0714e5eb93930edb571a9de4facb82099f63da0ea7457690a70,TASK3_OPERATIONAL_POOLED_V1,CAPACITY_IMMIGRATION_PLUS_3,CAPACITY,REFERENCE_ASSUMPTION_SANDBOX_V1,LOCAL_WINDOW_HPP_BASE,22,202607290000,202609290221,202609290222,202609290223,202609290224,EMPTY_AND_IDLE,HPP,300.000000000,334.412573287,FULL_DRAIN,AnyLogic,8.9.9.202607020720,NOT_CALIBRATED,COMPARATIVE_WHAT_IF_ONLY,PENDING_VALIDATION,COMPLETE
1.0,OP_CONFIRM_MLE_BASE_CAPACITY_IMMIGRATION_PLUS_3,52e5a50942acb0714e5eb93930edb571a9de4facb82099f63da0ea7457690a70,TASK3_OPERATIONAL_POOLED_V1,CAPACITY_IMMIGRATION_PLUS_3,CAPACITY,REFERENCE_ASSUMPTION_SANDBOX_V1,LOCAL_WINDOW_HPP_BASE,23,202607290000,202609290231,202609290232,202609290233,202609290234,EMPTY_AND_IDLE,HPP,300.000000000,334.747190250,FULL_DRAIN,AnyLogic,8.9.9.202607020720,NOT_CALIBRATED,COMPARATIVE_WHAT_IF_ONLY,PENDING_VALIDATION,COMPLETE
1.0,OP_CONFIRM_MLE_BASE_CAPACITY_IMMIGRATION_PLUS_3,52e5a50942acb0714e5eb93930edb571a9de4facb82099f63da0ea7457690a70,TASK3_OPERATIONAL_POOLED_V1,CAPACITY_IMMIGRATION_PLUS_3,CAPACITY,REFERENCE_ASSUMPTION_SANDBOX_V1,LOCAL_WINDOW_HPP_BASE,24,202607290000,202609290241,202609290242,202609290243,202609290244,EMPTY_AND_IDLE,HPP,300.000000000,336.677769896,FULL_DRAIN,AnyLogic,8.9.9.202607020720,NOT_CALIBRATED,COMPARATIVE_WHAT_IF_ONLY,PENDING_VALIDATION,COMPLETE
1.0,OP_CONFIRM_MLE_BASE_CAPACITY_IMMIGRATION_PLUS_3,52e5a50942acb0714e5eb93930edb571a9de4facb82099f63da0ea7457690a70,TASK3_OPERATIONAL_POOLED_V1,CAPACITY_IMMIGRATION_PLUS_3,CAPACITY,REFERENCE_ASSUMPTION_SANDBOX_V1,LOCAL_WINDOW_HPP_BASE,25,202607290000,202609290251,202609290252,202609290253,202609290254,EMPTY_AND_IDLE,HPP,300.000000000,337.316344856,FULL_DRAIN,AnyLogic,8.9.9.202607020720,NOT_CALIBRATED,COMPARATIVE_WHAT_IF_ONLY,PENDING_VALIDATION,COMPLETE
1.0,OP_CONFIRM_MLE_BASE_CAPACITY_IMMIGRATION_PLUS_3,52e5a50942acb0714e5eb93930edb571a9de4facb82099f63da0ea7457690a70,TASK3_OPERATIONAL_POOLED_V1,CAPACITY_IMMIGRATION_PLUS_3,CAPACITY,REFERENCE_ASSUMPTION_SANDBOX_V1,LOCAL_WINDOW_HPP_BASE,26,202607290000,202609290261,202609290262,202609290263,202609290264,EMPTY_AND_IDLE,HPP,300.000000000,334.010066237,FULL_DRAIN,AnyLogic,8.9.9.202607020720,NOT_CALIBRATED,COMPARATIVE_WHAT_IF_ONLY,PENDING_VALIDATION,COMPLETE
1.0,OP_CONFIRM_MLE_BASE_CAPACITY_IMMIGRATION_PLUS_3,52e5a50942acb0714e5eb93930edb571a9de4facb82099f63da0ea7457690a70,TASK3_OPERATIONAL_POOLED_V1,CAPACITY_IMMIGRATION_PLUS_3,CAPACITY,REFERENCE_ASSUMPTION_SANDBOX_V1,LOCAL_WINDOW_HPP_BASE,27,202607290000,202609290271,202609290272,202609290273,202609290274,EMPTY_AND_IDLE,HPP,300.000000000,334.337744233,FULL_DRAIN,AnyLogic,8.9.9.202607020720,NOT_CALIBRATED,COMPARATIVE_WHAT_IF_ONLY,PENDING_VALIDATION,COMPLETE
1.0,OP_CONFIRM_MLE_BASE_CAPACITY_IMMIGRATION_PLUS_3,52e5a50942acb0714e5eb93930edb571a9de4facb82099f63da0ea7457690a70,TASK3_OPERATIONAL_POOLED_V1,CAPACITY_IMMIGRATION_PLUS_3,CAPACITY,REFERENCE_ASSUMPTION_SANDBOX_V1,LOCAL_WINDOW_HPP_BASE,28,202607290000,202609290281,202609290282,202609290283,202609290284,EMPTY_AND_IDLE,HPP,300.000000000,333.299670118,FULL_DRAIN,AnyLogic,8.9.9.202607020720,NOT_CALIBRATED,COMPARATIVE_WHAT_IF_ONLY,PENDING_VALIDATION,COMPLETE
1.0,OP_CONFIRM_MLE_BASE_CAPACITY_IMMIGRATION_PLUS_3,52e5a50942acb0714e5eb93930edb571a9de4facb82099f63da0ea7457690a70,TASK3_OPERATIONAL_POOLED_V1,CAPACITY_IMMIGRATION_PLUS_3,CAPACITY,REFERENCE_ASSUMPTION_SANDBOX_V1,LOCAL_WINDOW_HPP_BASE,29,202607290000,202609290291,202609290292,202609290293,202609290294,EMPTY_AND_IDLE,HPP,300.000000000,333.984371011,FULL_DRAIN,AnyLogic,8.9.9.202607020720,NOT_CALIBRATED,COMPARATIVE_WHAT_IF_ONLY,PENDING_VALIDATION,COMPLETE
1.0,OP_CONFIRM_MLE_BASE_CAPACITY_IMMIGRATION_PLUS_3,52e5a50942acb0714e5eb93930edb571a9de4facb82099f63da0ea7457690a70,TASK3_OPERATIONAL_POOLED_V1,CAPACITY_IMMIGRATION_PLUS_3,CAPACITY,REFERENCE_ASSUMPTION_SANDBOX_V1,LOCAL_WINDOW_HPP_BASE,30,202607290000,202609290301,202609290302,202609290303,202609290304,EMPTY_AND_IDLE,HPP,300.000000000,335.078795213,FULL_DRAIN,AnyLogic,8.9.9.202607020720,NOT_CALIBRATED,COMPARATIVE_WHAT_IF_ONLY,PENDING_VALIDATION,COMPLETE
1.0,OP_CONFIRM_MLE_BASE_CAPACITY_IMMIGRATION_PLUS_3,52e5a50942acb0714e5eb93930edb571a9de4facb82099f63da0ea7457690a70,TASK3_OPERATIONAL_POOLED_V1,CAPACITY_IMMIGRATION_PLUS_3,CAPACITY,REFERENCE_ASSUMPTION_SANDBOX_V1,LOCAL_WINDOW_HPP_BASE,31,202607290000,202609290311,202609290312,202609290313,202609290314,EMPTY_AND_IDLE,HPP,300.000000000,333.251299775,FULL_DRAIN,AnyLogic,8.9.9.202607020720,NOT_CALIBRATED,COMPARATIVE_WHAT_IF_ONLY,PENDING_VALIDATION,COMPLETE
1.0,OP_CONFIRM_MLE_BASE_CAPACITY_IMMIGRATION_PLUS_3,52e5a50942acb0714e5eb93930edb571a9de4facb82099f63da0ea7457690a70,TASK3_OPERATIONAL_POOLED_V1,CAPACITY_IMMIGRATION_PLUS_3,CAPACITY,REFERENCE_ASSUMPTION_SANDBOX_V1,LOCAL_WINDOW_HPP_BASE,32,202607290000,202609290321,202609290322,202609290323,202609290324,EMPTY_AND_IDLE,HPP,300.000000000,334.634792933,FULL_DRAIN,AnyLogic,8.9.9.202607020720,NOT_CALIBRATED,COMPARATIVE_WHAT_IF_ONLY,PENDING_VALIDATION,COMPLETE
1.0,OP_CONFIRM_MLE_BASE_CAPACITY_IMMIGRATION_PLUS_3,52e5a50942acb0714e5eb93930edb571a9de4facb82099f63da0ea7457690a70,TASK3_OPERATIONAL_POOLED_V1,CAPACITY_IMMIGRATION_PLUS_3,CAPACITY,REFERENCE_ASSUMPTION_SANDBOX_V1,LOCAL_WINDOW_HPP_BASE,33,202607290000,202609290331,202609290332,202609290333,202609290334,EMPTY_AND_IDLE,HPP,300.000000000,333.891069489,FULL_DRAIN,AnyLogic,8.9.9.202607020720,NOT_CALIBRATED,COMPARATIVE_WHAT_IF_ONLY,PENDING_VALIDATION,COMPLETE
1.0,OP_CONFIRM_MLE_BASE_CAPACITY_IMMIGRATION_PLUS_3,52e5a50942acb0714e5eb93930edb571a9de4facb82099f63da0ea7457690a70,TASK3_OPERATIONAL_POOLED_V1,CAPACITY_IMMIGRATION_PLUS_3,CAPACITY,REFERENCE_ASSUMPTION_SANDBOX_V1,LOCAL_WINDOW_HPP_BASE,34,202607290000,202609290341,202609290342,202609290343,202609290344,EMPTY_AND_IDLE,HPP,300.000000000,335.894067862,FULL_DRAIN,AnyLogic,8.9.9.202607020720,NOT_CALIBRATED,COMPARATIVE_WHAT_IF_ONLY,PENDING_VALIDATION,COMPLETE
1.0,OP_CONFIRM_MLE_BASE_CAPACITY_IMMIGRATION_PLUS_3,52e5a50942acb0714e5eb93930edb571a9de4facb82099f63da0ea7457690a70,TASK3_OPERATIONAL_POOLED_V1,CAPACITY_IMMIGRATION_PLUS_3,CAPACITY,REFERENCE_ASSUMPTION_SANDBOX_V1,LOCAL_WINDOW_HPP_BASE,35,202607290000,202609290351,202609290352,202609290353,202609290354,EMPTY_AND_IDLE,HPP,300.000000000,340.749930647,FULL_DRAIN,AnyLogic,8.9.9.202607020720,NOT_CALIBRATED,COMPARATIVE_WHAT_IF_ONLY,PENDING_VALIDATION,COMPLETE
1.0,OP_CONFIRM_MLE_BASE_CAPACITY_IMMIGRATION_PLUS_3,52e5a50942acb0714e5eb93930edb571a9de4facb82099f63da0ea7457690a70,TASK3_OPERATIONAL_POOLED_V1,CAPACITY_IMMIGRATION_PLUS_3,CAPACITY,REFERENCE_ASSUMPTION_SANDBOX_V1,LOCAL_WINDOW_HPP_BASE,36,202607290000,202609290361,202609290362,202609290363,202609290364,EMPTY_AND_IDLE,HPP,300.000000000,334.446006975,FULL_DRAIN,AnyLogic,8.9.9.202607020720,NOT_CALIBRATED,COMPARATIVE_WHAT_IF_ONLY,PENDING_VALIDATION,COMPLETE
1.0,OP_CONFIRM_MLE_BASE_CAPACITY_IMMIGRATION_PLUS_3,52e5a50942acb0714e5eb93930edb571a9de4facb82099f63da0ea7457690a70,TASK3_OPERATIONAL_POOLED_V1,CAPACITY_IMMIGRATION_PLUS_3,CAPACITY,REFERENCE_ASSUMPTION_SANDBOX_V1,LOCAL_WINDOW_HPP_BASE,37,202607290000,202609290371,202609290372,202609290373,202609290374,EMPTY_AND_IDLE,HPP,300.000000000,334.323681021,FULL_DRAIN,AnyLogic,8.9.9.202607020720,NOT_CALIBRATED,COMPARATIVE_WHAT_IF_ONLY,PENDING_VALIDATION,COMPLETE
1.0,OP_CONFIRM_MLE_BASE_CAPACITY_IMMIGRATION_PLUS_3,52e5a50942acb0714e5eb93930edb571a9de4facb82099f63da0ea7457690a70,TASK3_OPERATIONAL_POOLED_V1,CAPACITY_IMMIGRATION_PLUS_3,CAPACITY,REFERENCE_ASSUMPTION_SANDBOX_V1,LOCAL_WINDOW_HPP_BASE,38,202607290000,202609290381,202609290382,202609290383,202609290384,EMPTY_AND_IDLE,HPP,300.000000000,334.203534405,FULL_DRAIN,AnyLogic,8.9.9.202607020720,NOT_CALIBRATED,COMPARATIVE_WHAT_IF_ONLY,PENDING_VALIDATION,COMPLETE
1.0,OP_CONFIRM_MLE_BASE_CAPACITY_IMMIGRATION_PLUS_3,52e5a50942acb0714e5eb93930edb571a9de4facb82099f63da0ea7457690a70,TASK3_OPERATIONAL_POOLED_V1,CAPACITY_IMMIGRATION_PLUS_3,CAPACITY,REFERENCE_ASSUMPTION_SANDBOX_V1,LOCAL_WINDOW_HPP_BASE,39,202607290000,202609290391,202609290392,202609290393,202609290394,EMPTY_AND_IDLE,HPP,300.000000000,339.395443696,FULL_DRAIN,AnyLogic,8.9.9.202607020720,NOT_CALIBRATED,COMPARATIVE_WHAT_IF_ONLY,PENDING_VALIDATION,COMPLETE
1.0,OP_CONFIRM_MLE_BASE_CAPACITY_IMMIGRATION_PLUS_3,52e5a50942acb0714e5eb93930edb571a9de4facb82099f63da0ea7457690a70,TASK3_OPERATIONAL_POOLED_V1,CAPACITY_IMMIGRATION_PLUS_3,CAPACITY,REFERENCE_ASSUMPTION_SANDBOX_V1,LOCAL_WINDOW_HPP_BASE,40,202607290000,202609290401,202609290402,202609290403,202609290404,EMPTY_AND_IDLE,HPP,300.000000000,334.796158439,FULL_DRAIN,AnyLogic,8.9.9.202607020720,NOT_CALIBRATED,COMPARATIVE_WHAT_IF_ONLY,PENDING_VALIDATION,COMPLETE
1.0,OP_CONFIRM_MLE_BASE_CAPACITY_IMMIGRATION_PLUS_3,52e5a50942acb0714e5eb93930edb571a9de4facb82099f63da0ea7457690a70,TASK3_OPERATIONAL_POOLED_V1,CAPACITY_IMMIGRATION_PLUS_3,CAPACITY,REFERENCE_ASSUMPTION_SANDBOX_V1,LOCAL_WINDOW_HPP_BASE,41,202607290000,202609290411,202609290412,202609290413,202609290414,EMPTY_AND_IDLE,HPP,300.000000000,334.367218497,FULL_DRAIN,AnyLogic,8.9.9.202607020720,NOT_CALIBRATED,COMPARATIVE_WHAT_IF_ONLY,PENDING_VALIDATION,COMPLETE
1.0,OP_CONFIRM_MLE_BASE_CAPACITY_IMMIGRATION_PLUS_3,52e5a50942acb0714e5eb93930edb571a9de4facb82099f63da0ea7457690a70,TASK3_OPERATIONAL_POOLED_V1,CAPACITY_IMMIGRATION_PLUS_3,CAPACITY,REFERENCE_ASSUMPTION_SANDBOX_V1,LOCAL_WINDOW_HPP_BASE,42,202607290000,202609290421,202609290422,202609290423,202609290424,EMPTY_AND_IDLE,HPP,300.000000000,334.308413002,FULL_DRAIN,AnyLogic,8.9.9.202607020720,NOT_CALIBRATED,COMPARATIVE_WHAT_IF_ONLY,PENDING_VALIDATION,COMPLETE
1.0,OP_CONFIRM_MLE_BASE_CAPACITY_IMMIGRATION_PLUS_3,52e5a50942acb0714e5eb93930edb571a9de4facb82099f63da0ea7457690a70,TASK3_OPERATIONAL_POOLED_V1,CAPACITY_IMMIGRATION_PLUS_3,CAPACITY,REFERENCE_ASSUMPTION_SANDBOX_V1,LOCAL_WINDOW_HPP_BASE,43,202607290000,202609290431,202609290432,202609290433,202609290434,EMPTY_AND_IDLE,HPP,300.000000000,334.691888900,FULL_DRAIN,AnyLogic,8.9.9.202607020720,NOT_CALIBRATED,COMPARATIVE_WHAT_IF_ONLY,PENDING_VALIDATION,COMPLETE
1.0,OP_CONFIRM_MLE_BASE_CAPACITY_IMMIGRATION_PLUS_3,52e5a50942acb0714e5eb93930edb571a9de4facb82099f63da0ea7457690a70,TASK3_OPERATIONAL_POOLED_V1,CAPACITY_IMMIGRATION_PLUS_3,CAPACITY,REFERENCE_ASSUMPTION_SANDBOX_V1,LOCAL_WINDOW_HPP_BASE,44,202607290000,202609290441,202609290442,202609290443,202609290444,EMPTY_AND_IDLE,HPP,300.000000000,333.476554778,FULL_DRAIN,AnyLogic,8.9.9.202607020720,NOT_CALIBRATED,COMPARATIVE_WHAT_IF_ONLY,PENDING_VALIDATION,COMPLETE
1.0,OP_CONFIRM_MLE_BASE_CAPACITY_IMMIGRATION_PLUS_3,52e5a50942acb0714e5eb93930edb571a9de4facb82099f63da0ea7457690a70,TASK3_OPERATIONAL_POOLED_V1,CAPACITY_IMMIGRATION_PLUS_3,CAPACITY,REFERENCE_ASSUMPTION_SANDBOX_V1,LOCAL_WINDOW_HPP_BASE,45,202607290000,202609290451,202609290452,202609290453,202609290454,EMPTY_AND_IDLE,HPP,300.000000000,333.751947751,FULL_DRAIN,AnyLogic,8.9.9.202607020720,NOT_CALIBRATED,COMPARATIVE_WHAT_IF_ONLY,PENDING_VALIDATION,COMPLETE
1.0,OP_CONFIRM_MLE_BASE_CAPACITY_IMMIGRATION_PLUS_3,52e5a50942acb0714e5eb93930edb571a9de4facb82099f63da0ea7457690a70,TASK3_OPERATIONAL_POOLED_V1,CAPACITY_IMMIGRATION_PLUS_3,CAPACITY,REFERENCE_ASSUMPTION_SANDBOX_V1,LOCAL_WINDOW_HPP_BASE,46,202607290000,202609290461,202609290462,202609290463,202609290464,EMPTY_AND_IDLE,HPP,300.000000000,333.492083683,FULL_DRAIN,AnyLogic,8.9.9.202607020720,NOT_CALIBRATED,COMPARATIVE_WHAT_IF_ONLY,PENDING_VALIDATION,COMPLETE
1.0,OP_CONFIRM_MLE_BASE_CAPACITY_IMMIGRATION_PLUS_3,52e5a50942acb0714e5eb93930edb571a9de4facb82099f63da0ea7457690a70,TASK3_OPERATIONAL_POOLED_V1,CAPACITY_IMMIGRATION_PLUS_3,CAPACITY,REFERENCE_ASSUMPTION_SANDBOX_V1,LOCAL_WINDOW_HPP_BASE,47,202607290000,202609290471,202609290472,202609290473,202609290474,EMPTY_AND_IDLE,HPP,300.000000000,334.574566537,FULL_DRAIN,AnyLogic,8.9.9.202607020720,NOT_CALIBRATED,COMPARATIVE_WHAT_IF_ONLY,PENDING_VALIDATION,COMPLETE
1.0,OP_CONFIRM_MLE_BASE_CAPACITY_IMMIGRATION_PLUS_3,52e5a50942acb0714e5eb93930edb571a9de4facb82099f63da0ea7457690a70,TASK3_OPERATIONAL_POOLED_V1,CAPACITY_IMMIGRATION_PLUS_3,CAPACITY,REFERENCE_ASSUMPTION_SANDBOX_V1,LOCAL_WINDOW_HPP_BASE,48,202607290000,202609290481,202609290482,202609290483,202609290484,EMPTY_AND_IDLE,HPP,300.000000000,334.182435039,FULL_DRAIN,AnyLogic,8.9.9.202607020720,NOT_CALIBRATED,COMPARATIVE_WHAT_IF_ONLY,PENDING_VALIDATION,COMPLETE
1.0,OP_CONFIRM_MLE_BASE_CAPACITY_IMMIGRATION_PLUS_3,52e5a50942acb0714e5eb93930edb571a9de4facb82099f63da0ea7457690a70,TASK3_OPERATIONAL_POOLED_V1,CAPACITY_IMMIGRATION_PLUS_3,CAPACITY,REFERENCE_ASSUMPTION_SANDBOX_V1,LOCAL_WINDOW_HPP_BASE,49,202607290000,202609290491,202609290492,202609290493,202609290494,EMPTY_AND_IDLE,HPP,300.000000000,332.907357814,FULL_DRAIN,AnyLogic,8.9.9.202607020720,NOT_CALIBRATED,COMPARATIVE_WHAT_IF_ONLY,PENDING_VALIDATION,COMPLETE
1.0,OP_CONFIRM_MLE_BASE_CAPACITY_IMMIGRATION_PLUS_3,52e5a50942acb0714e5eb93930edb571a9de4facb82099f63da0ea7457690a70,TASK3_OPERATIONAL_POOLED_V1,CAPACITY_IMMIGRATION_PLUS_3,CAPACITY,REFERENCE_ASSUMPTION_SANDBOX_V1,LOCAL_WINDOW_HPP_BASE,50,202607290000,202609290501,202609290502,202609290503,202609290504,EMPTY_AND_IDLE,HPP,300.000000000,334.347157797,FULL_DRAIN,AnyLogic,8.9.9.202607020720,NOT_CALIBRATED,COMPARATIVE_WHAT_IF_ONLY,PENDING_VALIDATION,COMPLETE
1.0,OP_CONFIRM_EXACT95_HIGH_CAPACITY_IMMIGRATION_PLUS_3,a60e5a4329e682c893b5dc0c2f697a051c839ed5a4bd9949951a26ad3245d023,TASK3_OPERATIONAL_POOLED_V1,CAPACITY_IMMIGRATION_PLUS_3,CAPACITY,REFERENCE_ASSUMPTION_SANDBOX_V1,LOCAL_WINDOW_HPP_EXACT95_HIGH,1,202607290000,202610290011,202610290012,202610290013,202610290014,EMPTY_AND_IDLE,HPP,300.000000000,385.347527368,FULL_DRAIN,AnyLogic,8.9.9.202607020720,NOT_CALIBRATED,COMPARATIVE_WHAT_IF_ONLY,PENDING_VALIDATION,COMPLETE
1.0,OP_CONFIRM_EXACT95_HIGH_CAPACITY_IMMIGRATION_PLUS_3,a60e5a4329e682c893b5dc0c2f697a051c839ed5a4bd9949951a26ad3245d023,TASK3_OPERATIONAL_POOLED_V1,CAPACITY_IMMIGRATION_PLUS_3,CAPACITY,REFERENCE_ASSUMPTION_SANDBOX_V1,LOCAL_WINDOW_HPP_EXACT95_HIGH,2,202607290000,202610290021,202610290022,202610290023,202610290024,EMPTY_AND_IDLE,HPP,300.000000000,392.072345122,FULL_DRAIN,AnyLogic,8.9.9.202607020720,NOT_CALIBRATED,COMPARATIVE_WHAT_IF_ONLY,PENDING_VALIDATION,COMPLETE
1.0,OP_CONFIRM_EXACT95_HIGH_CAPACITY_IMMIGRATION_PLUS_3,a60e5a4329e682c893b5dc0c2f697a051c839ed5a4bd9949951a26ad3245d023,TASK3_OPERATIONAL_POOLED_V1,CAPACITY_IMMIGRATION_PLUS_3,CAPACITY,REFERENCE_ASSUMPTION_SANDBOX_V1,LOCAL_WINDOW_HPP_EXACT95_HIGH,3,202607290000,202610290031,202610290032,202610290033,202610290034,EMPTY_AND_IDLE,HPP,300.000000000,408.178434692,FULL_DRAIN,AnyLogic,8.9.9.202607020720,NOT_CALIBRATED,COMPARATIVE_WHAT_IF_ONLY,PENDING_VALIDATION,COMPLETE
1.0,OP_CONFIRM_EXACT95_HIGH_CAPACITY_IMMIGRATION_PLUS_3,a60e5a4329e682c893b5dc0c2f697a051c839ed5a4bd9949951a26ad3245d023,TASK3_OPERATIONAL_POOLED_V1,CAPACITY_IMMIGRATION_PLUS_3,CAPACITY,REFERENCE_ASSUMPTION_SANDBOX_V1,LOCAL_WINDOW_HPP_EXACT95_HIGH,4,202607290000,202610290041,202610290042,202610290043,202610290044,EMPTY_AND_IDLE,HPP,300.000000000,370.857334054,FULL_DRAIN,AnyLogic,8.9.9.202607020720,NOT_CALIBRATED,COMPARATIVE_WHAT_IF_ONLY,PENDING_VALIDATION,COMPLETE
1.0,OP_CONFIRM_EXACT95_HIGH_CAPACITY_IMMIGRATION_PLUS_3,a60e5a4329e682c893b5dc0c2f697a051c839ed5a4bd9949951a26ad3245d023,TASK3_OPERATIONAL_POOLED_V1,CAPACITY_IMMIGRATION_PLUS_3,CAPACITY,REFERENCE_ASSUMPTION_SANDBOX_V1,LOCAL_WINDOW_HPP_EXACT95_HIGH,5,202607290000,202610290051,202610290052,202610290053,202610290054,EMPTY_AND_IDLE,HPP,300.000000000,392.948958342,FULL_DRAIN,AnyLogic,8.9.9.202607020720,NOT_CALIBRATED,COMPARATIVE_WHAT_IF_ONLY,PENDING_VALIDATION,COMPLETE
1.0,OP_CONFIRM_EXACT95_HIGH_CAPACITY_IMMIGRATION_PLUS_3,a60e5a4329e682c893b5dc0c2f697a051c839ed5a4bd9949951a26ad3245d023,TASK3_OPERATIONAL_POOLED_V1,CAPACITY_IMMIGRATION_PLUS_3,CAPACITY,REFERENCE_ASSUMPTION_SANDBOX_V1,LOCAL_WINDOW_HPP_EXACT95_HIGH,6,202607290000,202610290061,202610290062,202610290063,202610290064,EMPTY_AND_IDLE,HPP,300.000000000,379.847023497,FULL_DRAIN,AnyLogic,8.9.9.202607020720,NOT_CALIBRATED,COMPARATIVE_WHAT_IF_ONLY,PENDING_VALIDATION,COMPLETE
1.0,OP_CONFIRM_EXACT95_HIGH_CAPACITY_IMMIGRATION_PLUS_3,a60e5a4329e682c893b5dc0c2f697a051c839ed5a4bd9949951a26ad3245d023,TASK3_OPERATIONAL_POOLED_V1,CAPACITY_IMMIGRATION_PLUS_3,CAPACITY,REFERENCE_ASSUMPTION_SANDBOX_V1,LOCAL_WINDOW_HPP_EXACT95_HIGH,7,202607290000,202610290071,202610290072,202610290073,202610290074,EMPTY_AND_IDLE,HPP,300.000000000,382.031376546,FULL_DRAIN,AnyLogic,8.9.9.202607020720,NOT_CALIBRATED,COMPARATIVE_WHAT_IF_ONLY,PENDING_VALIDATION,COMPLETE
1.0,OP_CONFIRM_EXACT95_HIGH_CAPACITY_IMMIGRATION_PLUS_3,a60e5a4329e682c893b5dc0c2f697a051c839ed5a4bd9949951a26ad3245d023,TASK3_OPERATIONAL_POOLED_V1,CAPACITY_IMMIGRATION_PLUS_3,CAPACITY,REFERENCE_ASSUMPTION_SANDBOX_V1,LOCAL_WINDOW_HPP_EXACT95_HIGH,8,202607290000,202610290081,202610290082,202610290083,202610290084,EMPTY_AND_IDLE,HPP,300.000000000,371.785934263,FULL_DRAIN,AnyLogic,8.9.9.202607020720,NOT_CALIBRATED,COMPARATIVE_WHAT_IF_ONLY,PENDING_VALIDATION,COMPLETE
1.0,OP_CONFIRM_EXACT95_HIGH_CAPACITY_IMMIGRATION_PLUS_3,a60e5a4329e682c893b5dc0c2f697a051c839ed5a4bd9949951a26ad3245d023,TASK3_OPERATIONAL_POOLED_V1,CAPACITY_IMMIGRATION_PLUS_3,CAPACITY,REFERENCE_ASSUMPTION_SANDBOX_V1,LOCAL_WINDOW_HPP_EXACT95_HIGH,9,202607290000,202610290091,202610290092,202610290093,202610290094,EMPTY_AND_IDLE,HPP,300.000000000,406.558893978,FULL_DRAIN,AnyLogic,8.9.9.202607020720,NOT_CALIBRATED,COMPARATIVE_WHAT_IF_ONLY,PENDING_VALIDATION,COMPLETE
1.0,OP_CONFIRM_EXACT95_HIGH_CAPACITY_IMMIGRATION_PLUS_3,a60e5a4329e682c893b5dc0c2f697a051c839ed5a4bd9949951a26ad3245d023,TASK3_OPERATIONAL_POOLED_V1,CAPACITY_IMMIGRATION_PLUS_3,CAPACITY,REFERENCE_ASSUMPTION_SANDBOX_V1,LOCAL_WINDOW_HPP_EXACT95_HIGH,10,202607290000,202610290101,202610290102,202610290103,202610290104,EMPTY_AND_IDLE,HPP,300.000000000,368.726827244,FULL_DRAIN,AnyLogic,8.9.9.202607020720,NOT_CALIBRATED,COMPARATIVE_WHAT_IF_ONLY,PENDING_VALIDATION,COMPLETE
1.0,OP_CONFIRM_EXACT95_HIGH_CAPACITY_IMMIGRATION_PLUS_3,a60e5a4329e682c893b5dc0c2f697a051c839ed5a4bd9949951a26ad3245d023,TASK3_OPERATIONAL_POOLED_V1,CAPACITY_IMMIGRATION_PLUS_3,CAPACITY,REFERENCE_ASSUMPTION_SANDBOX_V1,LOCAL_WINDOW_HPP_EXACT95_HIGH,11,202607290000,202610290111,202610290112,202610290113,202610290114,EMPTY_AND_IDLE,HPP,300.000000000,356.046815296,FULL_DRAIN,AnyLogic,8.9.9.202607020720,NOT_CALIBRATED,COMPARATIVE_WHAT_IF_ONLY,PENDING_VALIDATION,COMPLETE
1.0,OP_CONFIRM_EXACT95_HIGH_CAPACITY_IMMIGRATION_PLUS_3,a60e5a4329e682c893b5dc0c2f697a051c839ed5a4bd9949951a26ad3245d023,TASK3_OPERATIONAL_POOLED_V1,CAPACITY_IMMIGRATION_PLUS_3,CAPACITY,REFERENCE_ASSUMPTION_SANDBOX_V1,LOCAL_WINDOW_HPP_EXACT95_HIGH,12,202607290000,202610290121,202610290122,202610290123,202610290124,EMPTY_AND_IDLE,HPP,300.000000000,384.930914312,FULL_DRAIN,AnyLogic,8.9.9.202607020720,NOT_CALIBRATED,COMPARATIVE_WHAT_IF_ONLY,PENDING_VALIDATION,COMPLETE
1.0,OP_CONFIRM_EXACT95_HIGH_CAPACITY_IMMIGRATION_PLUS_3,a60e5a4329e682c893b5dc0c2f697a051c839ed5a4bd9949951a26ad3245d023,TASK3_OPERATIONAL_POOLED_V1,CAPACITY_IMMIGRATION_PLUS_3,CAPACITY,REFERENCE_ASSUMPTION_SANDBOX_V1,LOCAL_WINDOW_HPP_EXACT95_HIGH,13,202607290000,202610290131,202610290132,202610290133,202610290134,EMPTY_AND_IDLE,HPP,300.000000000,397.439215277,FULL_DRAIN,AnyLogic,8.9.9.202607020720,NOT_CALIBRATED,COMPARATIVE_WHAT_IF_ONLY,PENDING_VALIDATION,COMPLETE
1.0,OP_CONFIRM_EXACT95_HIGH_CAPACITY_IMMIGRATION_PLUS_3,a60e5a4329e682c893b5dc0c2f697a051c839ed5a4bd9949951a26ad3245d023,TASK3_OPERATIONAL_POOLED_V1,CAPACITY_IMMIGRATION_PLUS_3,CAPACITY,REFERENCE_ASSUMPTION_SANDBOX_V1,LOCAL_WINDOW_HPP_EXACT95_HIGH,14,202607290000,202610290141,202610290142,202610290143,202610290144,EMPTY_AND_IDLE,HPP,300.000000000,385.647175091,FULL_DRAIN,AnyLogic,8.9.9.202607020720,NOT_CALIBRATED,COMPARATIVE_WHAT_IF_ONLY,PENDING_VALIDATION,COMPLETE
1.0,OP_CONFIRM_EXACT95_HIGH_CAPACITY_IMMIGRATION_PLUS_3,a60e5a4329e682c893b5dc0c2f697a051c839ed5a4bd9949951a26ad3245d023,TASK3_OPERATIONAL_POOLED_V1,CAPACITY_IMMIGRATION_PLUS_3,CAPACITY,REFERENCE_ASSUMPTION_SANDBOX_V1,LOCAL_WINDOW_HPP_EXACT95_HIGH,15,202607290000,202610290151,202610290152,202610290153,202610290154,EMPTY_AND_IDLE,HPP,300.000000000,398.869045626,FULL_DRAIN,AnyLogic,8.9.9.202607020720,NOT_CALIBRATED,COMPARATIVE_WHAT_IF_ONLY,PENDING_VALIDATION,COMPLETE
1.0,OP_CONFIRM_EXACT95_HIGH_CAPACITY_IMMIGRATION_PLUS_3,a60e5a4329e682c893b5dc0c2f697a051c839ed5a4bd9949951a26ad3245d023,TASK3_OPERATIONAL_POOLED_V1,CAPACITY_IMMIGRATION_PLUS_3,CAPACITY,REFERENCE_ASSUMPTION_SANDBOX_V1,LOCAL_WINDOW_HPP_EXACT95_HIGH,16,202607290000,202610290161,202610290162,202610290163,202610290164,EMPTY_AND_IDLE,HPP,300.000000000,371.136810738,FULL_DRAIN,AnyLogic,8.9.9.202607020720,NOT_CALIBRATED,COMPARATIVE_WHAT_IF_ONLY,PENDING_VALIDATION,COMPLETE
1.0,OP_CONFIRM_EXACT95_HIGH_CAPACITY_IMMIGRATION_PLUS_3,a60e5a4329e682c893b5dc0c2f697a051c839ed5a4bd9949951a26ad3245d023,TASK3_OPERATIONAL_POOLED_V1,CAPACITY_IMMIGRATION_PLUS_3,CAPACITY,REFERENCE_ASSUMPTION_SANDBOX_V1,LOCAL_WINDOW_HPP_EXACT95_HIGH,17,202607290000,202610290171,202610290172,202610290173,202610290174,EMPTY_AND_IDLE,HPP,300.000000000,367.813326661,FULL_DRAIN,AnyLogic,8.9.9.202607020720,NOT_CALIBRATED,COMPARATIVE_WHAT_IF_ONLY,PENDING_VALIDATION,COMPLETE
1.0,OP_CONFIRM_EXACT95_HIGH_CAPACITY_IMMIGRATION_PLUS_3,a60e5a4329e682c893b5dc0c2f697a051c839ed5a4bd9949951a26ad3245d023,TASK3_OPERATIONAL_POOLED_V1,CAPACITY_IMMIGRATION_PLUS_3,CAPACITY,REFERENCE_ASSUMPTION_SANDBOX_V1,LOCAL_WINDOW_HPP_EXACT95_HIGH,18,202607290000,202610290181,202610290182,202610290183,202610290184,EMPTY_AND_IDLE,HPP,300.000000000,396.272341599,FULL_DRAIN,AnyLogic,8.9.9.202607020720,NOT_CALIBRATED,COMPARATIVE_WHAT_IF_ONLY,PENDING_VALIDATION,COMPLETE
1.0,OP_CONFIRM_EXACT95_HIGH_CAPACITY_IMMIGRATION_PLUS_3,a60e5a4329e682c893b5dc0c2f697a051c839ed5a4bd9949951a26ad3245d023,TASK3_OPERATIONAL_POOLED_V1,CAPACITY_IMMIGRATION_PLUS_3,CAPACITY,REFERENCE_ASSUMPTION_SANDBOX_V1,LOCAL_WINDOW_HPP_EXACT95_HIGH,19,202607290000,202610290191,202610290192,202610290193,202610290194,EMPTY_AND_IDLE,HPP,300.000000000,368.478512889,FULL_DRAIN,AnyLogic,8.9.9.202607020720,NOT_CALIBRATED,COMPARATIVE_WHAT_IF_ONLY,PENDING_VALIDATION,COMPLETE
1.0,OP_CONFIRM_EXACT95_HIGH_CAPACITY_IMMIGRATION_PLUS_3,a60e5a4329e682c893b5dc0c2f697a051c839ed5a4bd9949951a26ad3245d023,TASK3_OPERATIONAL_POOLED_V1,CAPACITY_IMMIGRATION_PLUS_3,CAPACITY,REFERENCE_ASSUMPTION_SANDBOX_V1,LOCAL_WINDOW_HPP_EXACT95_HIGH,20,202607290000,202610290201,202610290202,202610290203,202610290204,EMPTY_AND_IDLE,HPP,300.000000000,389.433203399,FULL_DRAIN,AnyLogic,8.9.9.202607020720,NOT_CALIBRATED,COMPARATIVE_WHAT_IF_ONLY,PENDING_VALIDATION,COMPLETE
1.0,OP_CONFIRM_EXACT95_HIGH_CAPACITY_IMMIGRATION_PLUS_3,a60e5a4329e682c893b5dc0c2f697a051c839ed5a4bd9949951a26ad3245d023,TASK3_OPERATIONAL_POOLED_V1,CAPACITY_IMMIGRATION_PLUS_3,CAPACITY,REFERENCE_ASSUMPTION_SANDBOX_V1,LOCAL_WINDOW_HPP_EXACT95_HIGH,21,202607290000,202610290211,202610290212,202610290213,202610290214,EMPTY_AND_IDLE,HPP,300.000000000,369.568469791,FULL_DRAIN,AnyLogic,8.9.9.202607020720,NOT_CALIBRATED,COMPARATIVE_WHAT_IF_ONLY,PENDING_VALIDATION,COMPLETE
1.0,OP_CONFIRM_EXACT95_HIGH_CAPACITY_IMMIGRATION_PLUS_3,a60e5a4329e682c893b5dc0c2f697a051c839ed5a4bd9949951a26ad3245d023,TASK3_OPERATIONAL_POOLED_V1,CAPACITY_IMMIGRATION_PLUS_3,CAPACITY,REFERENCE_ASSUMPTION_SANDBOX_V1,LOCAL_WINDOW_HPP_EXACT95_HIGH,22,202607290000,202610290221,202610290222,202610290223,202610290224,EMPTY_AND_IDLE,HPP,300.000000000,360.651033437,FULL_DRAIN,AnyLogic,8.9.9.202607020720,NOT_CALIBRATED,COMPARATIVE_WHAT_IF_ONLY,PENDING_VALIDATION,COMPLETE
1.0,OP_CONFIRM_EXACT95_HIGH_CAPACITY_IMMIGRATION_PLUS_3,a60e5a4329e682c893b5dc0c2f697a051c839ed5a4bd9949951a26ad3245d023,TASK3_OPERATIONAL_POOLED_V1,CAPACITY_IMMIGRATION_PLUS_3,CAPACITY,REFERENCE_ASSUMPTION_SANDBOX_V1,LOCAL_WINDOW_HPP_EXACT95_HIGH,23,202607290000,202610290231,202610290232,202610290233,202610290234,EMPTY_AND_IDLE,HPP,300.000000000,383.973564967,FULL_DRAIN,AnyLogic,8.9.9.202607020720,NOT_CALIBRATED,COMPARATIVE_WHAT_IF_ONLY,PENDING_VALIDATION,COMPLETE
1.0,OP_CONFIRM_EXACT95_HIGH_CAPACITY_IMMIGRATION_PLUS_3,a60e5a4329e682c893b5dc0c2f697a051c839ed5a4bd9949951a26ad3245d023,TASK3_OPERATIONAL_POOLED_V1,CAPACITY_IMMIGRATION_PLUS_3,CAPACITY,REFERENCE_ASSUMPTION_SANDBOX_V1,LOCAL_WINDOW_HPP_EXACT95_HIGH,24,202607290000,202610290241,202610290242,202610290243,202610290244,EMPTY_AND_IDLE,HPP,300.000000000,376.540981746,FULL_DRAIN,AnyLogic,8.9.9.202607020720,NOT_CALIBRATED,COMPARATIVE_WHAT_IF_ONLY,PENDING_VALIDATION,COMPLETE
1.0,OP_CONFIRM_EXACT95_HIGH_CAPACITY_IMMIGRATION_PLUS_3,a60e5a4329e682c893b5dc0c2f697a051c839ed5a4bd9949951a26ad3245d023,TASK3_OPERATIONAL_POOLED_V1,CAPACITY_IMMIGRATION_PLUS_3,CAPACITY,REFERENCE_ASSUMPTION_SANDBOX_V1,LOCAL_WINDOW_HPP_EXACT95_HIGH,25,202607290000,202610290251,202610290252,202610290253,202610290254,EMPTY_AND_IDLE,HPP,300.000000000,354.952533318,FULL_DRAIN,AnyLogic,8.9.9.202607020720,NOT_CALIBRATED,COMPARATIVE_WHAT_IF_ONLY,PENDING_VALIDATION,COMPLETE
1.0,OP_CONFIRM_EXACT95_HIGH_CAPACITY_IMMIGRATION_PLUS_3,a60e5a4329e682c893b5dc0c2f697a051c839ed5a4bd9949951a26ad3245d023,TASK3_OPERATIONAL_POOLED_V1,CAPACITY_IMMIGRATION_PLUS_3,CAPACITY,REFERENCE_ASSUMPTION_SANDBOX_V1,LOCAL_WINDOW_HPP_EXACT95_HIGH,26,202607290000,202610290261,202610290262,202610290263,202610290264,EMPTY_AND_IDLE,HPP,300.000000000,388.030790130,FULL_DRAIN,AnyLogic,8.9.9.202607020720,NOT_CALIBRATED,COMPARATIVE_WHAT_IF_ONLY,PENDING_VALIDATION,COMPLETE
1.0,OP_CONFIRM_EXACT95_HIGH_CAPACITY_IMMIGRATION_PLUS_3,a60e5a4329e682c893b5dc0c2f697a051c839ed5a4bd9949951a26ad3245d023,TASK3_OPERATIONAL_POOLED_V1,CAPACITY_IMMIGRATION_PLUS_3,CAPACITY,REFERENCE_ASSUMPTION_SANDBOX_V1,LOCAL_WINDOW_HPP_EXACT95_HIGH,27,202607290000,202610290271,202610290272,202610290273,202610290274,EMPTY_AND_IDLE,HPP,300.000000000,377.146143347,FULL_DRAIN,AnyLogic,8.9.9.202607020720,NOT_CALIBRATED,COMPARATIVE_WHAT_IF_ONLY,PENDING_VALIDATION,COMPLETE
1.0,OP_CONFIRM_EXACT95_HIGH_CAPACITY_IMMIGRATION_PLUS_3,a60e5a4329e682c893b5dc0c2f697a051c839ed5a4bd9949951a26ad3245d023,TASK3_OPERATIONAL_POOLED_V1,CAPACITY_IMMIGRATION_PLUS_3,CAPACITY,REFERENCE_ASSUMPTION_SANDBOX_V1,LOCAL_WINDOW_HPP_EXACT95_HIGH,28,202607290000,202610290281,202610290282,202610290283,202610290284,EMPTY_AND_IDLE,HPP,300.000000000,385.387141389,FULL_DRAIN,AnyLogic,8.9.9.202607020720,NOT_CALIBRATED,COMPARATIVE_WHAT_IF_ONLY,PENDING_VALIDATION,COMPLETE
1.0,OP_CONFIRM_EXACT95_HIGH_CAPACITY_IMMIGRATION_PLUS_3,a60e5a4329e682c893b5dc0c2f697a051c839ed5a4bd9949951a26ad3245d023,TASK3_OPERATIONAL_POOLED_V1,CAPACITY_IMMIGRATION_PLUS_3,CAPACITY,REFERENCE_ASSUMPTION_SANDBOX_V1,LOCAL_WINDOW_HPP_EXACT95_HIGH,29,202607290000,202610290291,202610290292,202610290293,202610290294,EMPTY_AND_IDLE,HPP,300.000000000,344.849284071,FULL_DRAIN,AnyLogic,8.9.9.202607020720,NOT_CALIBRATED,COMPARATIVE_WHAT_IF_ONLY,PENDING_VALIDATION,COMPLETE
1.0,OP_CONFIRM_EXACT95_HIGH_CAPACITY_IMMIGRATION_PLUS_3,a60e5a4329e682c893b5dc0c2f697a051c839ed5a4bd9949951a26ad3245d023,TASK3_OPERATIONAL_POOLED_V1,CAPACITY_IMMIGRATION_PLUS_3,CAPACITY,REFERENCE_ASSUMPTION_SANDBOX_V1,LOCAL_WINDOW_HPP_EXACT95_HIGH,30,202607290000,202610290301,202610290302,202610290303,202610290304,EMPTY_AND_IDLE,HPP,300.000000000,393.686829130,FULL_DRAIN,AnyLogic,8.9.9.202607020720,NOT_CALIBRATED,COMPARATIVE_WHAT_IF_ONLY,PENDING_VALIDATION,COMPLETE
1.0,OP_CONFIRM_EXACT95_HIGH_CAPACITY_IMMIGRATION_PLUS_3,a60e5a4329e682c893b5dc0c2f697a051c839ed5a4bd9949951a26ad3245d023,TASK3_OPERATIONAL_POOLED_V1,CAPACITY_IMMIGRATION_PLUS_3,CAPACITY,REFERENCE_ASSUMPTION_SANDBOX_V1,LOCAL_WINDOW_HPP_EXACT95_HIGH,31,202607290000,202610290311,202610290312,202610290313,202610290314,EMPTY_AND_IDLE,HPP,300.000000000,400.772843104,FULL_DRAIN,AnyLogic,8.9.9.202607020720,NOT_CALIBRATED,COMPARATIVE_WHAT_IF_ONLY,PENDING_VALIDATION,COMPLETE
1.0,OP_CONFIRM_EXACT95_HIGH_CAPACITY_IMMIGRATION_PLUS_3,a60e5a4329e682c893b5dc0c2f697a051c839ed5a4bd9949951a26ad3245d023,TASK3_OPERATIONAL_POOLED_V1,CAPACITY_IMMIGRATION_PLUS_3,CAPACITY,REFERENCE_ASSUMPTION_SANDBOX_V1,LOCAL_WINDOW_HPP_EXACT95_HIGH,32,202607290000,202610290321,202610290322,202610290323,202610290324,EMPTY_AND_IDLE,HPP,300.000000000,367.501350467,FULL_DRAIN,AnyLogic,8.9.9.202607020720,NOT_CALIBRATED,COMPARATIVE_WHAT_IF_ONLY,PENDING_VALIDATION,COMPLETE
1.0,OP_CONFIRM_EXACT95_HIGH_CAPACITY_IMMIGRATION_PLUS_3,a60e5a4329e682c893b5dc0c2f697a051c839ed5a4bd9949951a26ad3245d023,TASK3_OPERATIONAL_POOLED_V1,CAPACITY_IMMIGRATION_PLUS_3,CAPACITY,REFERENCE_ASSUMPTION_SANDBOX_V1,LOCAL_WINDOW_HPP_EXACT95_HIGH,33,202607290000,202610290331,202610290332,202610290333,202610290334,EMPTY_AND_IDLE,HPP,300.000000000,381.158918433,FULL_DRAIN,AnyLogic,8.9.9.202607020720,NOT_CALIBRATED,COMPARATIVE_WHAT_IF_ONLY,PENDING_VALIDATION,COMPLETE
1.0,OP_CONFIRM_EXACT95_HIGH_CAPACITY_IMMIGRATION_PLUS_3,a60e5a4329e682c893b5dc0c2f697a051c839ed5a4bd9949951a26ad3245d023,TASK3_OPERATIONAL_POOLED_V1,CAPACITY_IMMIGRATION_PLUS_3,CAPACITY,REFERENCE_ASSUMPTION_SANDBOX_V1,LOCAL_WINDOW_HPP_EXACT95_HIGH,34,202607290000,202610290341,202610290342,202610290343,202610290344,EMPTY_AND_IDLE,HPP,300.000000000,390.219085575,FULL_DRAIN,AnyLogic,8.9.9.202607020720,NOT_CALIBRATED,COMPARATIVE_WHAT_IF_ONLY,PENDING_VALIDATION,COMPLETE
1.0,OP_CONFIRM_EXACT95_HIGH_CAPACITY_IMMIGRATION_PLUS_3,a60e5a4329e682c893b5dc0c2f697a051c839ed5a4bd9949951a26ad3245d023,TASK3_OPERATIONAL_POOLED_V1,CAPACITY_IMMIGRATION_PLUS_3,CAPACITY,REFERENCE_ASSUMPTION_SANDBOX_V1,LOCAL_WINDOW_HPP_EXACT95_HIGH,35,202607290000,202610290351,202610290352,202610290353,202610290354,EMPTY_AND_IDLE,HPP,300.000000000,366.892158006,FULL_DRAIN,AnyLogic,8.9.9.202607020720,NOT_CALIBRATED,COMPARATIVE_WHAT_IF_ONLY,PENDING_VALIDATION,COMPLETE
1.0,OP_CONFIRM_EXACT95_HIGH_CAPACITY_IMMIGRATION_PLUS_3,a60e5a4329e682c893b5dc0c2f697a051c839ed5a4bd9949951a26ad3245d023,TASK3_OPERATIONAL_POOLED_V1,CAPACITY_IMMIGRATION_PLUS_3,CAPACITY,REFERENCE_ASSUMPTION_SANDBOX_V1,LOCAL_WINDOW_HPP_EXACT95_HIGH,36,202607290000,202610290361,202610290362,202610290363,202610290364,EMPTY_AND_IDLE,HPP,300.000000000,380.726488399,FULL_DRAIN,AnyLogic,8.9.9.202607020720,NOT_CALIBRATED,COMPARATIVE_WHAT_IF_ONLY,PENDING_VALIDATION,COMPLETE
1.0,OP_CONFIRM_EXACT95_HIGH_CAPACITY_IMMIGRATION_PLUS_3,a60e5a4329e682c893b5dc0c2f697a051c839ed5a4bd9949951a26ad3245d023,TASK3_OPERATIONAL_POOLED_V1,CAPACITY_IMMIGRATION_PLUS_3,CAPACITY,REFERENCE_ASSUMPTION_SANDBOX_V1,LOCAL_WINDOW_HPP_EXACT95_HIGH,37,202607290000,202610290371,202610290372,202610290373,202610290374,EMPTY_AND_IDLE,HPP,300.000000000,372.848962197,FULL_DRAIN,AnyLogic,8.9.9.202607020720,NOT_CALIBRATED,COMPARATIVE_WHAT_IF_ONLY,PENDING_VALIDATION,COMPLETE
1.0,OP_CONFIRM_EXACT95_HIGH_CAPACITY_IMMIGRATION_PLUS_3,a60e5a4329e682c893b5dc0c2f697a051c839ed5a4bd9949951a26ad3245d023,TASK3_OPERATIONAL_POOLED_V1,CAPACITY_IMMIGRATION_PLUS_3,CAPACITY,REFERENCE_ASSUMPTION_SANDBOX_V1,LOCAL_WINDOW_HPP_EXACT95_HIGH,38,202607290000,202610290381,202610290382,202610290383,202610290384,EMPTY_AND_IDLE,HPP,300.000000000,373.833903079,FULL_DRAIN,AnyLogic,8.9.9.202607020720,NOT_CALIBRATED,COMPARATIVE_WHAT_IF_ONLY,PENDING_VALIDATION,COMPLETE
1.0,OP_CONFIRM_EXACT95_HIGH_CAPACITY_IMMIGRATION_PLUS_3,a60e5a4329e682c893b5dc0c2f697a051c839ed5a4bd9949951a26ad3245d023,TASK3_OPERATIONAL_POOLED_V1,CAPACITY_IMMIGRATION_PLUS_3,CAPACITY,REFERENCE_ASSUMPTION_SANDBOX_V1,LOCAL_WINDOW_HPP_EXACT95_HIGH,39,202607290000,202610290391,202610290392,202610290393,202610290394,EMPTY_AND_IDLE,HPP,300.000000000,388.317755192,FULL_DRAIN,AnyLogic,8.9.9.202607020720,NOT_CALIBRATED,COMPARATIVE_WHAT_IF_ONLY,PENDING_VALIDATION,COMPLETE
1.0,OP_CONFIRM_EXACT95_HIGH_CAPACITY_IMMIGRATION_PLUS_3,a60e5a4329e682c893b5dc0c2f697a051c839ed5a4bd9949951a26ad3245d023,TASK3_OPERATIONAL_POOLED_V1,CAPACITY_IMMIGRATION_PLUS_3,CAPACITY,REFERENCE_ASSUMPTION_SANDBOX_V1,LOCAL_WINDOW_HPP_EXACT95_HIGH,40,202607290000,202610290401,202610290402,202610290403,202610290404,EMPTY_AND_IDLE,HPP,300.000000000,397.804096108,FULL_DRAIN,AnyLogic,8.9.9.202607020720,NOT_CALIBRATED,COMPARATIVE_WHAT_IF_ONLY,PENDING_VALIDATION,COMPLETE
1.0,OP_CONFIRM_EXACT95_HIGH_CAPACITY_IMMIGRATION_PLUS_3,a60e5a4329e682c893b5dc0c2f697a051c839ed5a4bd9949951a26ad3245d023,TASK3_OPERATIONAL_POOLED_V1,CAPACITY_IMMIGRATION_PLUS_3,CAPACITY,REFERENCE_ASSUMPTION_SANDBOX_V1,LOCAL_WINDOW_HPP_EXACT95_HIGH,41,202607290000,202610290411,202610290412,202610290413,202610290414,EMPTY_AND_IDLE,HPP,300.000000000,377.896221944,FULL_DRAIN,AnyLogic,8.9.9.202607020720,NOT_CALIBRATED,COMPARATIVE_WHAT_IF_ONLY,PENDING_VALIDATION,COMPLETE
1.0,OP_CONFIRM_EXACT95_HIGH_CAPACITY_IMMIGRATION_PLUS_3,a60e5a4329e682c893b5dc0c2f697a051c839ed5a4bd9949951a26ad3245d023,TASK3_OPERATIONAL_POOLED_V1,CAPACITY_IMMIGRATION_PLUS_3,CAPACITY,REFERENCE_ASSUMPTION_SANDBOX_V1,LOCAL_WINDOW_HPP_EXACT95_HIGH,42,202607290000,202610290421,202610290422,202610290423,202610290424,EMPTY_AND_IDLE,HPP,300.000000000,392.609554673,FULL_DRAIN,AnyLogic,8.9.9.202607020720,NOT_CALIBRATED,COMPARATIVE_WHAT_IF_ONLY,PENDING_VALIDATION,COMPLETE
1.0,OP_CONFIRM_EXACT95_HIGH_CAPACITY_IMMIGRATION_PLUS_3,a60e5a4329e682c893b5dc0c2f697a051c839ed5a4bd9949951a26ad3245d023,TASK3_OPERATIONAL_POOLED_V1,CAPACITY_IMMIGRATION_PLUS_3,CAPACITY,REFERENCE_ASSUMPTION_SANDBOX_V1,LOCAL_WINDOW_HPP_EXACT95_HIGH,43,202607290000,202610290431,202610290432,202610290433,202610290434,EMPTY_AND_IDLE,HPP,300.000000000,375.561410555,FULL_DRAIN,AnyLogic,8.9.9.202607020720,NOT_CALIBRATED,COMPARATIVE_WHAT_IF_ONLY,PENDING_VALIDATION,COMPLETE
1.0,OP_CONFIRM_EXACT95_HIGH_CAPACITY_IMMIGRATION_PLUS_3,a60e5a4329e682c893b5dc0c2f697a051c839ed5a4bd9949951a26ad3245d023,TASK3_OPERATIONAL_POOLED_V1,CAPACITY_IMMIGRATION_PLUS_3,CAPACITY,REFERENCE_ASSUMPTION_SANDBOX_V1,LOCAL_WINDOW_HPP_EXACT95_HIGH,44,202607290000,202610290441,202610290442,202610290443,202610290444,EMPTY_AND_IDLE,HPP,300.000000000,394.470147600,FULL_DRAIN,AnyLogic,8.9.9.202607020720,NOT_CALIBRATED,COMPARATIVE_WHAT_IF_ONLY,PENDING_VALIDATION,COMPLETE
1.0,OP_CONFIRM_EXACT95_HIGH_CAPACITY_IMMIGRATION_PLUS_3,a60e5a4329e682c893b5dc0c2f697a051c839ed5a4bd9949951a26ad3245d023,TASK3_OPERATIONAL_POOLED_V1,CAPACITY_IMMIGRATION_PLUS_3,CAPACITY,REFERENCE_ASSUMPTION_SANDBOX_V1,LOCAL_WINDOW_HPP_EXACT95_HIGH,45,202607290000,202610290451,202610290452,202610290453,202610290454,EMPTY_AND_IDLE,HPP,300.000000000,401.954927061,FULL_DRAIN,AnyLogic,8.9.9.202607020720,NOT_CALIBRATED,COMPARATIVE_WHAT_IF_ONLY,PENDING_VALIDATION,COMPLETE
1.0,OP_CONFIRM_EXACT95_HIGH_CAPACITY_IMMIGRATION_PLUS_3,a60e5a4329e682c893b5dc0c2f697a051c839ed5a4bd9949951a26ad3245d023,TASK3_OPERATIONAL_POOLED_V1,CAPACITY_IMMIGRATION_PLUS_3,CAPACITY,REFERENCE_ASSUMPTION_SANDBOX_V1,LOCAL_WINDOW_HPP_EXACT95_HIGH,46,202607290000,202610290461,202610290462,202610290463,202610290464,EMPTY_AND_IDLE,HPP,300.000000000,375.081342636,FULL_DRAIN,AnyLogic,8.9.9.202607020720,NOT_CALIBRATED,COMPARATIVE_WHAT_IF_ONLY,PENDING_VALIDATION,COMPLETE
1.0,OP_CONFIRM_EXACT95_HIGH_CAPACITY_IMMIGRATION_PLUS_3,a60e5a4329e682c893b5dc0c2f697a051c839ed5a4bd9949951a26ad3245d023,TASK3_OPERATIONAL_POOLED_V1,CAPACITY_IMMIGRATION_PLUS_3,CAPACITY,REFERENCE_ASSUMPTION_SANDBOX_V1,LOCAL_WINDOW_HPP_EXACT95_HIGH,47,202607290000,202610290471,202610290472,202610290473,202610290474,EMPTY_AND_IDLE,HPP,300.000000000,353.016126438,FULL_DRAIN,AnyLogic,8.9.9.202607020720,NOT_CALIBRATED,COMPARATIVE_WHAT_IF_ONLY,PENDING_VALIDATION,COMPLETE
1.0,OP_CONFIRM_EXACT95_HIGH_CAPACITY_IMMIGRATION_PLUS_3,a60e5a4329e682c893b5dc0c2f697a051c839ed5a4bd9949951a26ad3245d023,TASK3_OPERATIONAL_POOLED_V1,CAPACITY_IMMIGRATION_PLUS_3,CAPACITY,REFERENCE_ASSUMPTION_SANDBOX_V1,LOCAL_WINDOW_HPP_EXACT95_HIGH,48,202607290000,202610290481,202610290482,202610290483,202610290484,EMPTY_AND_IDLE,HPP,300.000000000,366.845219290,FULL_DRAIN,AnyLogic,8.9.9.202607020720,NOT_CALIBRATED,COMPARATIVE_WHAT_IF_ONLY,PENDING_VALIDATION,COMPLETE
1.0,OP_CONFIRM_EXACT95_HIGH_CAPACITY_IMMIGRATION_PLUS_3,a60e5a4329e682c893b5dc0c2f697a051c839ed5a4bd9949951a26ad3245d023,TASK3_OPERATIONAL_POOLED_V1,CAPACITY_IMMIGRATION_PLUS_3,CAPACITY,REFERENCE_ASSUMPTION_SANDBOX_V1,LOCAL_WINDOW_HPP_EXACT95_HIGH,49,202607290000,202610290491,202610290492,202610290493,202610290494,EMPTY_AND_IDLE,HPP,300.000000000,378.090556013,FULL_DRAIN,AnyLogic,8.9.9.202607020720,NOT_CALIBRATED,COMPARATIVE_WHAT_IF_ONLY,PENDING_VALIDATION,COMPLETE
1.0,OP_CONFIRM_EXACT95_HIGH_CAPACITY_IMMIGRATION_PLUS_3,a60e5a4329e682c893b5dc0c2f697a051c839ed5a4bd9949951a26ad3245d023,TASK3_OPERATIONAL_POOLED_V1,CAPACITY_IMMIGRATION_PLUS_3,CAPACITY,REFERENCE_ASSUMPTION_SANDBOX_V1,LOCAL_WINDOW_HPP_EXACT95_HIGH,50,202607290000,202610290501,202610290502,202610290503,202610290504,EMPTY_AND_IDLE,HPP,300.000000000,389.904331474,FULL_DRAIN,AnyLogic,8.9.9.202607020720,NOT_CALIBRATED,COMPARATIVE_WHAT_IF_ONLY,PENDING_VALIDATION,COMPLETE
1.0,OP_CONFIRM_EXACT95_LOW_CAPACITY_IMMIGRATION_PLUS_3,d154b0dba54f481e612a360ff3e08fee334b279d1c08b2168c3ce51b4a1313bc,TASK3_OPERATIONAL_POOLED_V1,CAPACITY_IMMIGRATION_PLUS_3,CAPACITY,REFERENCE_ASSUMPTION_SANDBOX_V1,LOCAL_WINDOW_HPP_EXACT95_LOW,1,202607290000,202608290011,202608290012,202608290013,202608290014,EMPTY_AND_IDLE,HPP,300.000000000,333.378284734,FULL_DRAIN,AnyLogic,8.9.9.202607020720,NOT_CALIBRATED,COMPARATIVE_WHAT_IF_ONLY,PENDING_VALIDATION,COMPLETE
1.0,OP_CONFIRM_EXACT95_LOW_CAPACITY_IMMIGRATION_PLUS_3,d154b0dba54f481e612a360ff3e08fee334b279d1c08b2168c3ce51b4a1313bc,TASK3_OPERATIONAL_POOLED_V1,CAPACITY_IMMIGRATION_PLUS_3,CAPACITY,REFERENCE_ASSUMPTION_SANDBOX_V1,LOCAL_WINDOW_HPP_EXACT95_LOW,2,202607290000,202608290021,202608290022,202608290023,202608290024,EMPTY_AND_IDLE,HPP,300.000000000,332.283944051,FULL_DRAIN,AnyLogic,8.9.9.202607020720,NOT_CALIBRATED,COMPARATIVE_WHAT_IF_ONLY,PENDING_VALIDATION,COMPLETE
1.0,OP_CONFIRM_EXACT95_LOW_CAPACITY_IMMIGRATION_PLUS_3,d154b0dba54f481e612a360ff3e08fee334b279d1c08b2168c3ce51b4a1313bc,TASK3_OPERATIONAL_POOLED_V1,CAPACITY_IMMIGRATION_PLUS_3,CAPACITY,REFERENCE_ASSUMPTION_SANDBOX_V1,LOCAL_WINDOW_HPP_EXACT95_LOW,3,202607290000,202608290031,202608290032,202608290033,202608290034,EMPTY_AND_IDLE,HPP,300.000000000,334.763588245,FULL_DRAIN,AnyLogic,8.9.9.202607020720,NOT_CALIBRATED,COMPARATIVE_WHAT_IF_ONLY,PENDING_VALIDATION,COMPLETE
1.0,OP_CONFIRM_EXACT95_LOW_CAPACITY_IMMIGRATION_PLUS_3,d154b0dba54f481e612a360ff3e08fee334b279d1c08b2168c3ce51b4a1313bc,TASK3_OPERATIONAL_POOLED_V1,CAPACITY_IMMIGRATION_PLUS_3,CAPACITY,REFERENCE_ASSUMPTION_SANDBOX_V1,LOCAL_WINDOW_HPP_EXACT95_LOW,4,202607290000,202608290041,202608290042,202608290043,202608290044,EMPTY_AND_IDLE,HPP,300.000000000,334.214032222,FULL_DRAIN,AnyLogic,8.9.9.202607020720,NOT_CALIBRATED,COMPARATIVE_WHAT_IF_ONLY,PENDING_VALIDATION,COMPLETE
1.0,OP_CONFIRM_EXACT95_LOW_CAPACITY_IMMIGRATION_PLUS_3,d154b0dba54f481e612a360ff3e08fee334b279d1c08b2168c3ce51b4a1313bc,TASK3_OPERATIONAL_POOLED_V1,CAPACITY_IMMIGRATION_PLUS_3,CAPACITY,REFERENCE_ASSUMPTION_SANDBOX_V1,LOCAL_WINDOW_HPP_EXACT95_LOW,5,202607290000,202608290051,202608290052,202608290053,202608290054,EMPTY_AND_IDLE,HPP,300.000000000,333.398993631,FULL_DRAIN,AnyLogic,8.9.9.202607020720,NOT_CALIBRATED,COMPARATIVE_WHAT_IF_ONLY,PENDING_VALIDATION,COMPLETE
1.0,OP_CONFIRM_EXACT95_LOW_CAPACITY_IMMIGRATION_PLUS_3,d154b0dba54f481e612a360ff3e08fee334b279d1c08b2168c3ce51b4a1313bc,TASK3_OPERATIONAL_POOLED_V1,CAPACITY_IMMIGRATION_PLUS_3,CAPACITY,REFERENCE_ASSUMPTION_SANDBOX_V1,LOCAL_WINDOW_HPP_EXACT95_LOW,6,202607290000,202608290061,202608290062,202608290063,202608290064,EMPTY_AND_IDLE,HPP,300.000000000,334.503790859,FULL_DRAIN,AnyLogic,8.9.9.202607020720,NOT_CALIBRATED,COMPARATIVE_WHAT_IF_ONLY,PENDING_VALIDATION,COMPLETE
1.0,OP_CONFIRM_EXACT95_LOW_CAPACITY_IMMIGRATION_PLUS_3,d154b0dba54f481e612a360ff3e08fee334b279d1c08b2168c3ce51b4a1313bc,TASK3_OPERATIONAL_POOLED_V1,CAPACITY_IMMIGRATION_PLUS_3,CAPACITY,REFERENCE_ASSUMPTION_SANDBOX_V1,LOCAL_WINDOW_HPP_EXACT95_LOW,7,202607290000,202608290071,202608290072,202608290073,202608290074,EMPTY_AND_IDLE,HPP,300.000000000,334.009467665,FULL_DRAIN,AnyLogic,8.9.9.202607020720,NOT_CALIBRATED,COMPARATIVE_WHAT_IF_ONLY,PENDING_VALIDATION,COMPLETE
1.0,OP_CONFIRM_EXACT95_LOW_CAPACITY_IMMIGRATION_PLUS_3,d154b0dba54f481e612a360ff3e08fee334b279d1c08b2168c3ce51b4a1313bc,TASK3_OPERATIONAL_POOLED_V1,CAPACITY_IMMIGRATION_PLUS_3,CAPACITY,REFERENCE_ASSUMPTION_SANDBOX_V1,LOCAL_WINDOW_HPP_EXACT95_LOW,8,202607290000,202608290081,202608290082,202608290083,202608290084,EMPTY_AND_IDLE,HPP,300.000000000,334.204293046,FULL_DRAIN,AnyLogic,8.9.9.202607020720,NOT_CALIBRATED,COMPARATIVE_WHAT_IF_ONLY,PENDING_VALIDATION,COMPLETE
1.0,OP_CONFIRM_EXACT95_LOW_CAPACITY_IMMIGRATION_PLUS_3,d154b0dba54f481e612a360ff3e08fee334b279d1c08b2168c3ce51b4a1313bc,TASK3_OPERATIONAL_POOLED_V1,CAPACITY_IMMIGRATION_PLUS_3,CAPACITY,REFERENCE_ASSUMPTION_SANDBOX_V1,LOCAL_WINDOW_HPP_EXACT95_LOW,9,202607290000,202608290091,202608290092,202608290093,202608290094,EMPTY_AND_IDLE,HPP,300.000000000,334.651209542,FULL_DRAIN,AnyLogic,8.9.9.202607020720,NOT_CALIBRATED,COMPARATIVE_WHAT_IF_ONLY,PENDING_VALIDATION,COMPLETE
1.0,OP_CONFIRM_EXACT95_LOW_CAPACITY_IMMIGRATION_PLUS_3,d154b0dba54f481e612a360ff3e08fee334b279d1c08b2168c3ce51b4a1313bc,TASK3_OPERATIONAL_POOLED_V1,CAPACITY_IMMIGRATION_PLUS_3,CAPACITY,REFERENCE_ASSUMPTION_SANDBOX_V1,LOCAL_WINDOW_HPP_EXACT95_LOW,10,202607290000,202608290101,202608290102,202608290103,202608290104,EMPTY_AND_IDLE,HPP,300.000000000,333.986965101,FULL_DRAIN,AnyLogic,8.9.9.202607020720,NOT_CALIBRATED,COMPARATIVE_WHAT_IF_ONLY,PENDING_VALIDATION,COMPLETE
1.0,OP_CONFIRM_EXACT95_LOW_CAPACITY_IMMIGRATION_PLUS_3,d154b0dba54f481e612a360ff3e08fee334b279d1c08b2168c3ce51b4a1313bc,TASK3_OPERATIONAL_POOLED_V1,CAPACITY_IMMIGRATION_PLUS_3,CAPACITY,REFERENCE_ASSUMPTION_SANDBOX_V1,LOCAL_WINDOW_HPP_EXACT95_LOW,11,202607290000,202608290111,202608290112,202608290113,202608290114,EMPTY_AND_IDLE,HPP,300.000000000,334.383425690,FULL_DRAIN,AnyLogic,8.9.9.202607020720,NOT_CALIBRATED,COMPARATIVE_WHAT_IF_ONLY,PENDING_VALIDATION,COMPLETE
1.0,OP_CONFIRM_EXACT95_LOW_CAPACITY_IMMIGRATION_PLUS_3,d154b0dba54f481e612a360ff3e08fee334b279d1c08b2168c3ce51b4a1313bc,TASK3_OPERATIONAL_POOLED_V1,CAPACITY_IMMIGRATION_PLUS_3,CAPACITY,REFERENCE_ASSUMPTION_SANDBOX_V1,LOCAL_WINDOW_HPP_EXACT95_LOW,12,202607290000,202608290121,202608290122,202608290123,202608290124,EMPTY_AND_IDLE,HPP,300.000000000,333.765982090,FULL_DRAIN,AnyLogic,8.9.9.202607020720,NOT_CALIBRATED,COMPARATIVE_WHAT_IF_ONLY,PENDING_VALIDATION,COMPLETE
1.0,OP_CONFIRM_EXACT95_LOW_CAPACITY_IMMIGRATION_PLUS_3,d154b0dba54f481e612a360ff3e08fee334b279d1c08b2168c3ce51b4a1313bc,TASK3_OPERATIONAL_POOLED_V1,CAPACITY_IMMIGRATION_PLUS_3,CAPACITY,REFERENCE_ASSUMPTION_SANDBOX_V1,LOCAL_WINDOW_HPP_EXACT95_LOW,13,202607290000,202608290131,202608290132,202608290133,202608290134,EMPTY_AND_IDLE,HPP,300.000000000,334.664495631,FULL_DRAIN,AnyLogic,8.9.9.202607020720,NOT_CALIBRATED,COMPARATIVE_WHAT_IF_ONLY,PENDING_VALIDATION,COMPLETE
1.0,OP_CONFIRM_EXACT95_LOW_CAPACITY_IMMIGRATION_PLUS_3,d154b0dba54f481e612a360ff3e08fee334b279d1c08b2168c3ce51b4a1313bc,TASK3_OPERATIONAL_POOLED_V1,CAPACITY_IMMIGRATION_PLUS_3,CAPACITY,REFERENCE_ASSUMPTION_SANDBOX_V1,LOCAL_WINDOW_HPP_EXACT95_LOW,14,202607290000,202608290141,202608290142,202608290143,202608290144,EMPTY_AND_IDLE,HPP,300.000000000,334.504039286,FULL_DRAIN,AnyLogic,8.9.9.202607020720,NOT_CALIBRATED,COMPARATIVE_WHAT_IF_ONLY,PENDING_VALIDATION,COMPLETE
1.0,OP_CONFIRM_EXACT95_LOW_CAPACITY_IMMIGRATION_PLUS_3,d154b0dba54f481e612a360ff3e08fee334b279d1c08b2168c3ce51b4a1313bc,TASK3_OPERATIONAL_POOLED_V1,CAPACITY_IMMIGRATION_PLUS_3,CAPACITY,REFERENCE_ASSUMPTION_SANDBOX_V1,LOCAL_WINDOW_HPP_EXACT95_LOW,15,202607290000,202608290151,202608290152,202608290153,202608290154,EMPTY_AND_IDLE,HPP,300.000000000,334.767924815,FULL_DRAIN,AnyLogic,8.9.9.202607020720,NOT_CALIBRATED,COMPARATIVE_WHAT_IF_ONLY,PENDING_VALIDATION,COMPLETE
1.0,OP_CONFIRM_EXACT95_LOW_CAPACITY_IMMIGRATION_PLUS_3,d154b0dba54f481e612a360ff3e08fee334b279d1c08b2168c3ce51b4a1313bc,TASK3_OPERATIONAL_POOLED_V1,CAPACITY_IMMIGRATION_PLUS_3,CAPACITY,REFERENCE_ASSUMPTION_SANDBOX_V1,LOCAL_WINDOW_HPP_EXACT95_LOW,16,202607290000,202608290161,202608290162,202608290163,202608290164,EMPTY_AND_IDLE,HPP,300.000000000,334.431918804,FULL_DRAIN,AnyLogic,8.9.9.202607020720,NOT_CALIBRATED,COMPARATIVE_WHAT_IF_ONLY,PENDING_VALIDATION,COMPLETE
1.0,OP_CONFIRM_EXACT95_LOW_CAPACITY_IMMIGRATION_PLUS_3,d154b0dba54f481e612a360ff3e08fee334b279d1c08b2168c3ce51b4a1313bc,TASK3_OPERATIONAL_POOLED_V1,CAPACITY_IMMIGRATION_PLUS_3,CAPACITY,REFERENCE_ASSUMPTION_SANDBOX_V1,LOCAL_WINDOW_HPP_EXACT95_LOW,17,202607290000,202608290171,202608290172,202608290173,202608290174,EMPTY_AND_IDLE,HPP,300.000000000,334.762375366,FULL_DRAIN,AnyLogic,8.9.9.202607020720,NOT_CALIBRATED,COMPARATIVE_WHAT_IF_ONLY,PENDING_VALIDATION,COMPLETE
1.0,OP_CONFIRM_EXACT95_LOW_CAPACITY_IMMIGRATION_PLUS_3,d154b0dba54f481e612a360ff3e08fee334b279d1c08b2168c3ce51b4a1313bc,TASK3_OPERATIONAL_POOLED_V1,CAPACITY_IMMIGRATION_PLUS_3,CAPACITY,REFERENCE_ASSUMPTION_SANDBOX_V1,LOCAL_WINDOW_HPP_EXACT95_LOW,18,202607290000,202608290181,202608290182,202608290183,202608290184,EMPTY_AND_IDLE,HPP,300.000000000,333.369913239,FULL_DRAIN,AnyLogic,8.9.9.202607020720,NOT_CALIBRATED,COMPARATIVE_WHAT_IF_ONLY,PENDING_VALIDATION,COMPLETE
1.0,OP_CONFIRM_EXACT95_LOW_CAPACITY_IMMIGRATION_PLUS_3,d154b0dba54f481e612a360ff3e08fee334b279d1c08b2168c3ce51b4a1313bc,TASK3_OPERATIONAL_POOLED_V1,CAPACITY_IMMIGRATION_PLUS_3,CAPACITY,REFERENCE_ASSUMPTION_SANDBOX_V1,LOCAL_WINDOW_HPP_EXACT95_LOW,19,202607290000,202608290191,202608290192,202608290193,202608290194,EMPTY_AND_IDLE,HPP,300.000000000,334.345704763,FULL_DRAIN,AnyLogic,8.9.9.202607020720,NOT_CALIBRATED,COMPARATIVE_WHAT_IF_ONLY,PENDING_VALIDATION,COMPLETE
1.0,OP_CONFIRM_EXACT95_LOW_CAPACITY_IMMIGRATION_PLUS_3,d154b0dba54f481e612a360ff3e08fee334b279d1c08b2168c3ce51b4a1313bc,TASK3_OPERATIONAL_POOLED_V1,CAPACITY_IMMIGRATION_PLUS_3,CAPACITY,REFERENCE_ASSUMPTION_SANDBOX_V1,LOCAL_WINDOW_HPP_EXACT95_LOW,20,202607290000,202608290201,202608290202,202608290203,202608290204,EMPTY_AND_IDLE,HPP,300.000000000,333.059981036,FULL_DRAIN,AnyLogic,8.9.9.202607020720,NOT_CALIBRATED,COMPARATIVE_WHAT_IF_ONLY,PENDING_VALIDATION,COMPLETE
1.0,OP_CONFIRM_EXACT95_LOW_CAPACITY_IMMIGRATION_PLUS_3,d154b0dba54f481e612a360ff3e08fee334b279d1c08b2168c3ce51b4a1313bc,TASK3_OPERATIONAL_POOLED_V1,CAPACITY_IMMIGRATION_PLUS_3,CAPACITY,REFERENCE_ASSUMPTION_SANDBOX_V1,LOCAL_WINDOW_HPP_EXACT95_LOW,21,202607290000,202608290211,202608290212,202608290213,202608290214,EMPTY_AND_IDLE,HPP,300.000000000,334.383882730,FULL_DRAIN,AnyLogic,8.9.9.202607020720,NOT_CALIBRATED,COMPARATIVE_WHAT_IF_ONLY,PENDING_VALIDATION,COMPLETE
1.0,OP_CONFIRM_EXACT95_LOW_CAPACITY_IMMIGRATION_PLUS_3,d154b0dba54f481e612a360ff3e08fee334b279d1c08b2168c3ce51b4a1313bc,TASK3_OPERATIONAL_POOLED_V1,CAPACITY_IMMIGRATION_PLUS_3,CAPACITY,REFERENCE_ASSUMPTION_SANDBOX_V1,LOCAL_WINDOW_HPP_EXACT95_LOW,22,202607290000,202608290221,202608290222,202608290223,202608290224,EMPTY_AND_IDLE,HPP,300.000000000,334.375348407,FULL_DRAIN,AnyLogic,8.9.9.202607020720,NOT_CALIBRATED,COMPARATIVE_WHAT_IF_ONLY,PENDING_VALIDATION,COMPLETE
1.0,OP_CONFIRM_EXACT95_LOW_CAPACITY_IMMIGRATION_PLUS_3,d154b0dba54f481e612a360ff3e08fee334b279d1c08b2168c3ce51b4a1313bc,TASK3_OPERATIONAL_POOLED_V1,CAPACITY_IMMIGRATION_PLUS_3,CAPACITY,REFERENCE_ASSUMPTION_SANDBOX_V1,LOCAL_WINDOW_HPP_EXACT95_LOW,23,202607290000,202608290231,202608290232,202608290233,202608290234,EMPTY_AND_IDLE,HPP,300.000000000,333.884950245,FULL_DRAIN,AnyLogic,8.9.9.202607020720,NOT_CALIBRATED,COMPARATIVE_WHAT_IF_ONLY,PENDING_VALIDATION,COMPLETE
1.0,OP_CONFIRM_EXACT95_LOW_CAPACITY_IMMIGRATION_PLUS_3,d154b0dba54f481e612a360ff3e08fee334b279d1c08b2168c3ce51b4a1313bc,TASK3_OPERATIONAL_POOLED_V1,CAPACITY_IMMIGRATION_PLUS_3,CAPACITY,REFERENCE_ASSUMPTION_SANDBOX_V1,LOCAL_WINDOW_HPP_EXACT95_LOW,24,202607290000,202608290241,202608290242,202608290243,202608290244,EMPTY_AND_IDLE,HPP,300.000000000,334.544159448,FULL_DRAIN,AnyLogic,8.9.9.202607020720,NOT_CALIBRATED,COMPARATIVE_WHAT_IF_ONLY,PENDING_VALIDATION,COMPLETE
1.0,OP_CONFIRM_EXACT95_LOW_CAPACITY_IMMIGRATION_PLUS_3,d154b0dba54f481e612a360ff3e08fee334b279d1c08b2168c3ce51b4a1313bc,TASK3_OPERATIONAL_POOLED_V1,CAPACITY_IMMIGRATION_PLUS_3,CAPACITY,REFERENCE_ASSUMPTION_SANDBOX_V1,LOCAL_WINDOW_HPP_EXACT95_LOW,25,202607290000,202608290251,202608290252,202608290253,202608290254,EMPTY_AND_IDLE,HPP,300.000000000,333.803665910,FULL_DRAIN,AnyLogic,8.9.9.202607020720,NOT_CALIBRATED,COMPARATIVE_WHAT_IF_ONLY,PENDING_VALIDATION,COMPLETE
1.0,OP_CONFIRM_EXACT95_LOW_CAPACITY_IMMIGRATION_PLUS_3,d154b0dba54f481e612a360ff3e08fee334b279d1c08b2168c3ce51b4a1313bc,TASK3_OPERATIONAL_POOLED_V1,CAPACITY_IMMIGRATION_PLUS_3,CAPACITY,REFERENCE_ASSUMPTION_SANDBOX_V1,LOCAL_WINDOW_HPP_EXACT95_LOW,26,202607290000,202608290261,202608290262,202608290263,202608290264,EMPTY_AND_IDLE,HPP,300.000000000,334.692628558,FULL_DRAIN,AnyLogic,8.9.9.202607020720,NOT_CALIBRATED,COMPARATIVE_WHAT_IF_ONLY,PENDING_VALIDATION,COMPLETE
1.0,OP_CONFIRM_EXACT95_LOW_CAPACITY_IMMIGRATION_PLUS_3,d154b0dba54f481e612a360ff3e08fee334b279d1c08b2168c3ce51b4a1313bc,TASK3_OPERATIONAL_POOLED_V1,CAPACITY_IMMIGRATION_PLUS_3,CAPACITY,REFERENCE_ASSUMPTION_SANDBOX_V1,LOCAL_WINDOW_HPP_EXACT95_LOW,27,202607290000,202608290271,202608290272,202608290273,202608290274,EMPTY_AND_IDLE,HPP,300.000000000,332.497741530,FULL_DRAIN,AnyLogic,8.9.9.202607020720,NOT_CALIBRATED,COMPARATIVE_WHAT_IF_ONLY,PENDING_VALIDATION,COMPLETE
1.0,OP_CONFIRM_EXACT95_LOW_CAPACITY_IMMIGRATION_PLUS_3,d154b0dba54f481e612a360ff3e08fee334b279d1c08b2168c3ce51b4a1313bc,TASK3_OPERATIONAL_POOLED_V1,CAPACITY_IMMIGRATION_PLUS_3,CAPACITY,REFERENCE_ASSUMPTION_SANDBOX_V1,LOCAL_WINDOW_HPP_EXACT95_LOW,28,202607290000,202608290281,202608290282,202608290283,202608290284,EMPTY_AND_IDLE,HPP,300.000000000,334.557393197,FULL_DRAIN,AnyLogic,8.9.9.202607020720,NOT_CALIBRATED,COMPARATIVE_WHAT_IF_ONLY,PENDING_VALIDATION,COMPLETE
1.0,OP_CONFIRM_EXACT95_LOW_CAPACITY_IMMIGRATION_PLUS_3,d154b0dba54f481e612a360ff3e08fee334b279d1c08b2168c3ce51b4a1313bc,TASK3_OPERATIONAL_POOLED_V1,CAPACITY_IMMIGRATION_PLUS_3,CAPACITY,REFERENCE_ASSUMPTION_SANDBOX_V1,LOCAL_WINDOW_HPP_EXACT95_LOW,29,202607290000,202608290291,202608290292,202608290293,202608290294,EMPTY_AND_IDLE,HPP,300.000000000,334.055309304,FULL_DRAIN,AnyLogic,8.9.9.202607020720,NOT_CALIBRATED,COMPARATIVE_WHAT_IF_ONLY,PENDING_VALIDATION,COMPLETE
1.0,OP_CONFIRM_EXACT95_LOW_CAPACITY_IMMIGRATION_PLUS_3,d154b0dba54f481e612a360ff3e08fee334b279d1c08b2168c3ce51b4a1313bc,TASK3_OPERATIONAL_POOLED_V1,CAPACITY_IMMIGRATION_PLUS_3,CAPACITY,REFERENCE_ASSUMPTION_SANDBOX_V1,LOCAL_WINDOW_HPP_EXACT95_LOW,30,202607290000,202608290301,202608290302,202608290303,202608290304,EMPTY_AND_IDLE,HPP,300.000000000,333.547081962,FULL_DRAIN,AnyLogic,8.9.9.202607020720,NOT_CALIBRATED,COMPARATIVE_WHAT_IF_ONLY,PENDING_VALIDATION,COMPLETE
1.0,OP_CONFIRM_EXACT95_LOW_CAPACITY_IMMIGRATION_PLUS_3,d154b0dba54f481e612a360ff3e08fee334b279d1c08b2168c3ce51b4a1313bc,TASK3_OPERATIONAL_POOLED_V1,CAPACITY_IMMIGRATION_PLUS_3,CAPACITY,REFERENCE_ASSUMPTION_SANDBOX_V1,LOCAL_WINDOW_HPP_EXACT95_LOW,31,202607290000,202608290311,202608290312,202608290313,202608290314,EMPTY_AND_IDLE,HPP,300.000000000,332.500307393,FULL_DRAIN,AnyLogic,8.9.9.202607020720,NOT_CALIBRATED,COMPARATIVE_WHAT_IF_ONLY,PENDING_VALIDATION,COMPLETE
1.0,OP_CONFIRM_EXACT95_LOW_CAPACITY_IMMIGRATION_PLUS_3,d154b0dba54f481e612a360ff3e08fee334b279d1c08b2168c3ce51b4a1313bc,TASK3_OPERATIONAL_POOLED_V1,CAPACITY_IMMIGRATION_PLUS_3,CAPACITY,REFERENCE_ASSUMPTION_SANDBOX_V1,LOCAL_WINDOW_HPP_EXACT95_LOW,32,202607290000,202608290321,202608290322,202608290323,202608290324,EMPTY_AND_IDLE,HPP,300.000000000,333.258766840,FULL_DRAIN,AnyLogic,8.9.9.202607020720,NOT_CALIBRATED,COMPARATIVE_WHAT_IF_ONLY,PENDING_VALIDATION,COMPLETE
1.0,OP_CONFIRM_EXACT95_LOW_CAPACITY_IMMIGRATION_PLUS_3,d154b0dba54f481e612a360ff3e08fee334b279d1c08b2168c3ce51b4a1313bc,TASK3_OPERATIONAL_POOLED_V1,CAPACITY_IMMIGRATION_PLUS_3,CAPACITY,REFERENCE_ASSUMPTION_SANDBOX_V1,LOCAL_WINDOW_HPP_EXACT95_LOW,33,202607290000,202608290331,202608290332,202608290333,202608290334,EMPTY_AND_IDLE,HPP,300.000000000,333.353517328,FULL_DRAIN,AnyLogic,8.9.9.202607020720,NOT_CALIBRATED,COMPARATIVE_WHAT_IF_ONLY,PENDING_VALIDATION,COMPLETE
1.0,OP_CONFIRM_EXACT95_LOW_CAPACITY_IMMIGRATION_PLUS_3,d154b0dba54f481e612a360ff3e08fee334b279d1c08b2168c3ce51b4a1313bc,TASK3_OPERATIONAL_POOLED_V1,CAPACITY_IMMIGRATION_PLUS_3,CAPACITY,REFERENCE_ASSUMPTION_SANDBOX_V1,LOCAL_WINDOW_HPP_EXACT95_LOW,34,202607290000,202608290341,202608290342,202608290343,202608290344,EMPTY_AND_IDLE,HPP,300.000000000,333.918653247,FULL_DRAIN,AnyLogic,8.9.9.202607020720,NOT_CALIBRATED,COMPARATIVE_WHAT_IF_ONLY,PENDING_VALIDATION,COMPLETE
1.0,OP_CONFIRM_EXACT95_LOW_CAPACITY_IMMIGRATION_PLUS_3,d154b0dba54f481e612a360ff3e08fee334b279d1c08b2168c3ce51b4a1313bc,TASK3_OPERATIONAL_POOLED_V1,CAPACITY_IMMIGRATION_PLUS_3,CAPACITY,REFERENCE_ASSUMPTION_SANDBOX_V1,LOCAL_WINDOW_HPP_EXACT95_LOW,35,202607290000,202608290351,202608290352,202608290353,202608290354,EMPTY_AND_IDLE,HPP,300.000000000,334.031797309,FULL_DRAIN,AnyLogic,8.9.9.202607020720,NOT_CALIBRATED,COMPARATIVE_WHAT_IF_ONLY,PENDING_VALIDATION,COMPLETE
1.0,OP_CONFIRM_EXACT95_LOW_CAPACITY_IMMIGRATION_PLUS_3,d154b0dba54f481e612a360ff3e08fee334b279d1c08b2168c3ce51b4a1313bc,TASK3_OPERATIONAL_POOLED_V1,CAPACITY_IMMIGRATION_PLUS_3,CAPACITY,REFERENCE_ASSUMPTION_SANDBOX_V1,LOCAL_WINDOW_HPP_EXACT95_LOW,36,202607290000,202608290361,202608290362,202608290363,202608290364,EMPTY_AND_IDLE,HPP,300.000000000,334.046219248,FULL_DRAIN,AnyLogic,8.9.9.202607020720,NOT_CALIBRATED,COMPARATIVE_WHAT_IF_ONLY,PENDING_VALIDATION,COMPLETE
1.0,OP_CONFIRM_EXACT95_LOW_CAPACITY_IMMIGRATION_PLUS_3,d154b0dba54f481e612a360ff3e08fee334b279d1c08b2168c3ce51b4a1313bc,TASK3_OPERATIONAL_POOLED_V1,CAPACITY_IMMIGRATION_PLUS_3,CAPACITY,REFERENCE_ASSUMPTION_SANDBOX_V1,LOCAL_WINDOW_HPP_EXACT95_LOW,37,202607290000,202608290371,202608290372,202608290373,202608290374,EMPTY_AND_IDLE,HPP,300.000000000,334.078766339,FULL_DRAIN,AnyLogic,8.9.9.202607020720,NOT_CALIBRATED,COMPARATIVE_WHAT_IF_ONLY,PENDING_VALIDATION,COMPLETE
1.0,OP_CONFIRM_EXACT95_LOW_CAPACITY_IMMIGRATION_PLUS_3,d154b0dba54f481e612a360ff3e08fee334b279d1c08b2168c3ce51b4a1313bc,TASK3_OPERATIONAL_POOLED_V1,CAPACITY_IMMIGRATION_PLUS_3,CAPACITY,REFERENCE_ASSUMPTION_SANDBOX_V1,LOCAL_WINDOW_HPP_EXACT95_LOW,38,202607290000,202608290381,202608290382,202608290383,202608290384,EMPTY_AND_IDLE,HPP,300.000000000,333.973818889,FULL_DRAIN,AnyLogic,8.9.9.202607020720,NOT_CALIBRATED,COMPARATIVE_WHAT_IF_ONLY,PENDING_VALIDATION,COMPLETE
1.0,OP_CONFIRM_EXACT95_LOW_CAPACITY_IMMIGRATION_PLUS_3,d154b0dba54f481e612a360ff3e08fee334b279d1c08b2168c3ce51b4a1313bc,TASK3_OPERATIONAL_POOLED_V1,CAPACITY_IMMIGRATION_PLUS_3,CAPACITY,REFERENCE_ASSUMPTION_SANDBOX_V1,LOCAL_WINDOW_HPP_EXACT95_LOW,39,202607290000,202608290391,202608290392,202608290393,202608290394,EMPTY_AND_IDLE,HPP,300.000000000,333.227369168,FULL_DRAIN,AnyLogic,8.9.9.202607020720,NOT_CALIBRATED,COMPARATIVE_WHAT_IF_ONLY,PENDING_VALIDATION,COMPLETE
1.0,OP_CONFIRM_EXACT95_LOW_CAPACITY_IMMIGRATION_PLUS_3,d154b0dba54f481e612a360ff3e08fee334b279d1c08b2168c3ce51b4a1313bc,TASK3_OPERATIONAL_POOLED_V1,CAPACITY_IMMIGRATION_PLUS_3,CAPACITY,REFERENCE_ASSUMPTION_SANDBOX_V1,LOCAL_WINDOW_HPP_EXACT95_LOW,40,202607290000,202608290401,202608290402,202608290403,202608290404,EMPTY_AND_IDLE,HPP,300.000000000,334.470914622,FULL_DRAIN,AnyLogic,8.9.9.202607020720,NOT_CALIBRATED,COMPARATIVE_WHAT_IF_ONLY,PENDING_VALIDATION,COMPLETE
1.0,OP_CONFIRM_EXACT95_LOW_CAPACITY_IMMIGRATION_PLUS_3,d154b0dba54f481e612a360ff3e08fee334b279d1c08b2168c3ce51b4a1313bc,TASK3_OPERATIONAL_POOLED_V1,CAPACITY_IMMIGRATION_PLUS_3,CAPACITY,REFERENCE_ASSUMPTION_SANDBOX_V1,LOCAL_WINDOW_HPP_EXACT95_LOW,41,202607290000,202608290411,202608290412,202608290413,202608290414,EMPTY_AND_IDLE,HPP,300.000000000,334.039386969,FULL_DRAIN,AnyLogic,8.9.9.202607020720,NOT_CALIBRATED,COMPARATIVE_WHAT_IF_ONLY,PENDING_VALIDATION,COMPLETE
1.0,OP_CONFIRM_EXACT95_LOW_CAPACITY_IMMIGRATION_PLUS_3,d154b0dba54f481e612a360ff3e08fee334b279d1c08b2168c3ce51b4a1313bc,TASK3_OPERATIONAL_POOLED_V1,CAPACITY_IMMIGRATION_PLUS_3,CAPACITY,REFERENCE_ASSUMPTION_SANDBOX_V1,LOCAL_WINDOW_HPP_EXACT95_LOW,42,202607290000,202608290421,202608290422,202608290423,202608290424,EMPTY_AND_IDLE,HPP,300.000000000,334.117691289,FULL_DRAIN,AnyLogic,8.9.9.202607020720,NOT_CALIBRATED,COMPARATIVE_WHAT_IF_ONLY,PENDING_VALIDATION,COMPLETE
1.0,OP_CONFIRM_EXACT95_LOW_CAPACITY_IMMIGRATION_PLUS_3,d154b0dba54f481e612a360ff3e08fee334b279d1c08b2168c3ce51b4a1313bc,TASK3_OPERATIONAL_POOLED_V1,CAPACITY_IMMIGRATION_PLUS_3,CAPACITY,REFERENCE_ASSUMPTION_SANDBOX_V1,LOCAL_WINDOW_HPP_EXACT95_LOW,43,202607290000,202608290431,202608290432,202608290433,202608290434,EMPTY_AND_IDLE,HPP,300.000000000,334.595220486,FULL_DRAIN,AnyLogic,8.9.9.202607020720,NOT_CALIBRATED,COMPARATIVE_WHAT_IF_ONLY,PENDING_VALIDATION,COMPLETE
1.0,OP_CONFIRM_EXACT95_LOW_CAPACITY_IMMIGRATION_PLUS_3,d154b0dba54f481e612a360ff3e08fee334b279d1c08b2168c3ce51b4a1313bc,TASK3_OPERATIONAL_POOLED_V1,CAPACITY_IMMIGRATION_PLUS_3,CAPACITY,REFERENCE_ASSUMPTION_SANDBOX_V1,LOCAL_WINDOW_HPP_EXACT95_LOW,44,202607290000,202608290441,202608290442,202608290443,202608290444,EMPTY_AND_IDLE,HPP,300.000000000,333.612131684,FULL_DRAIN,AnyLogic,8.9.9.202607020720,NOT_CALIBRATED,COMPARATIVE_WHAT_IF_ONLY,PENDING_VALIDATION,COMPLETE
1.0,OP_CONFIRM_EXACT95_LOW_CAPACITY_IMMIGRATION_PLUS_3,d154b0dba54f481e612a360ff3e08fee334b279d1c08b2168c3ce51b4a1313bc,TASK3_OPERATIONAL_POOLED_V1,CAPACITY_IMMIGRATION_PLUS_3,CAPACITY,REFERENCE_ASSUMPTION_SANDBOX_V1,LOCAL_WINDOW_HPP_EXACT95_LOW,45,202607290000,202608290451,202608290452,202608290453,202608290454,EMPTY_AND_IDLE,HPP,300.000000000,332.705388082,FULL_DRAIN,AnyLogic,8.9.9.202607020720,NOT_CALIBRATED,COMPARATIVE_WHAT_IF_ONLY,PENDING_VALIDATION,COMPLETE
1.0,OP_CONFIRM_EXACT95_LOW_CAPACITY_IMMIGRATION_PLUS_3,d154b0dba54f481e612a360ff3e08fee334b279d1c08b2168c3ce51b4a1313bc,TASK3_OPERATIONAL_POOLED_V1,CAPACITY_IMMIGRATION_PLUS_3,CAPACITY,REFERENCE_ASSUMPTION_SANDBOX_V1,LOCAL_WINDOW_HPP_EXACT95_LOW,46,202607290000,202608290461,202608290462,202608290463,202608290464,EMPTY_AND_IDLE,HPP,300.000000000,334.547763371,FULL_DRAIN,AnyLogic,8.9.9.202607020720,NOT_CALIBRATED,COMPARATIVE_WHAT_IF_ONLY,PENDING_VALIDATION,COMPLETE
1.0,OP_CONFIRM_EXACT95_LOW_CAPACITY_IMMIGRATION_PLUS_3,d154b0dba54f481e612a360ff3e08fee334b279d1c08b2168c3ce51b4a1313bc,TASK3_OPERATIONAL_POOLED_V1,CAPACITY_IMMIGRATION_PLUS_3,CAPACITY,REFERENCE_ASSUMPTION_SANDBOX_V1,LOCAL_WINDOW_HPP_EXACT95_LOW,47,202607290000,202608290471,202608290472,202608290473,202608290474,EMPTY_AND_IDLE,HPP,300.000000000,329.184016045,FULL_DRAIN,AnyLogic,8.9.9.202607020720,NOT_CALIBRATED,COMPARATIVE_WHAT_IF_ONLY,PENDING_VALIDATION,COMPLETE
1.0,OP_CONFIRM_EXACT95_LOW_CAPACITY_IMMIGRATION_PLUS_3,d154b0dba54f481e612a360ff3e08fee334b279d1c08b2168c3ce51b4a1313bc,TASK3_OPERATIONAL_POOLED_V1,CAPACITY_IMMIGRATION_PLUS_3,CAPACITY,REFERENCE_ASSUMPTION_SANDBOX_V1,LOCAL_WINDOW_HPP_EXACT95_LOW,48,202607290000,202608290481,202608290482,202608290483,202608290484,EMPTY_AND_IDLE,HPP,300.000000000,334.462782154,FULL_DRAIN,AnyLogic,8.9.9.202607020720,NOT_CALIBRATED,COMPARATIVE_WHAT_IF_ONLY,PENDING_VALIDATION,COMPLETE
1.0,OP_CONFIRM_EXACT95_LOW_CAPACITY_IMMIGRATION_PLUS_3,d154b0dba54f481e612a360ff3e08fee334b279d1c08b2168c3ce51b4a1313bc,TASK3_OPERATIONAL_POOLED_V1,CAPACITY_IMMIGRATION_PLUS_3,CAPACITY,REFERENCE_ASSUMPTION_SANDBOX_V1,LOCAL_WINDOW_HPP_EXACT95_LOW,49,202607290000,202608290491,202608290492,202608290493,202608290494,EMPTY_AND_IDLE,HPP,300.000000000,330.242669127,FULL_DRAIN,AnyLogic,8.9.9.202607020720,NOT_CALIBRATED,COMPARATIVE_WHAT_IF_ONLY,PENDING_VALIDATION,COMPLETE
1.0,OP_CONFIRM_EXACT95_LOW_CAPACITY_IMMIGRATION_PLUS_3,d154b0dba54f481e612a360ff3e08fee334b279d1c08b2168c3ce51b4a1313bc,TASK3_OPERATIONAL_POOLED_V1,CAPACITY_IMMIGRATION_PLUS_3,CAPACITY,REFERENCE_ASSUMPTION_SANDBOX_V1,LOCAL_WINDOW_HPP_EXACT95_LOW,50,202607290000,202608290501,202608290502,202608290503,202608290504,EMPTY_AND_IDLE,HPP,300.000000000,334.204179571,FULL_DRAIN,AnyLogic,8.9.9.202607020720,NOT_CALIBRATED,COMPARATIVE_WHAT_IF_ONLY,PENDING_VALIDATION,COMPLETE
1.0,OP_CONFIRM_MLE_BASE_CAPACITY_SECURITY_PLUS_4,0efc30229024df398b0a79670c550ea3869c5337e3f66926aa0fac683945864d,TASK3_OPERATIONAL_POOLED_V1,CAPACITY_SECURITY_PLUS_4,CAPACITY,REFERENCE_ASSUMPTION_SANDBOX_V1,LOCAL_WINDOW_HPP_BASE,1,202607290000,202609290011,202609290012,202609290013,202609290014,EMPTY_AND_IDLE,HPP,300.000000000,334.701527801,FULL_DRAIN,AnyLogic,8.9.9.202607020720,NOT_CALIBRATED,COMPARATIVE_WHAT_IF_ONLY,PENDING_VALIDATION,COMPLETE
1.0,OP_CONFIRM_MLE_BASE_CAPACITY_SECURITY_PLUS_4,0efc30229024df398b0a79670c550ea3869c5337e3f66926aa0fac683945864d,TASK3_OPERATIONAL_POOLED_V1,CAPACITY_SECURITY_PLUS_4,CAPACITY,REFERENCE_ASSUMPTION_SANDBOX_V1,LOCAL_WINDOW_HPP_BASE,2,202607290000,202609290021,202609290022,202609290023,202609290024,EMPTY_AND_IDLE,HPP,300.000000000,340.938161730,FULL_DRAIN,AnyLogic,8.9.9.202607020720,NOT_CALIBRATED,COMPARATIVE_WHAT_IF_ONLY,PENDING_VALIDATION,COMPLETE
1.0,OP_CONFIRM_MLE_BASE_CAPACITY_SECURITY_PLUS_4,0efc30229024df398b0a79670c550ea3869c5337e3f66926aa0fac683945864d,TASK3_OPERATIONAL_POOLED_V1,CAPACITY_SECURITY_PLUS_4,CAPACITY,REFERENCE_ASSUMPTION_SANDBOX_V1,LOCAL_WINDOW_HPP_BASE,3,202607290000,202609290031,202609290032,202609290033,202609290034,EMPTY_AND_IDLE,HPP,300.000000000,334.760392420,FULL_DRAIN,AnyLogic,8.9.9.202607020720,NOT_CALIBRATED,COMPARATIVE_WHAT_IF_ONLY,PENDING_VALIDATION,COMPLETE
1.0,OP_CONFIRM_MLE_BASE_CAPACITY_SECURITY_PLUS_4,0efc30229024df398b0a79670c550ea3869c5337e3f66926aa0fac683945864d,TASK3_OPERATIONAL_POOLED_V1,CAPACITY_SECURITY_PLUS_4,CAPACITY,REFERENCE_ASSUMPTION_SANDBOX_V1,LOCAL_WINDOW_HPP_BASE,4,202607290000,202609290041,202609290042,202609290043,202609290044,EMPTY_AND_IDLE,HPP,300.000000000,335.403470296,FULL_DRAIN,AnyLogic,8.9.9.202607020720,NOT_CALIBRATED,COMPARATIVE_WHAT_IF_ONLY,PENDING_VALIDATION,COMPLETE
1.0,OP_CONFIRM_MLE_BASE_CAPACITY_SECURITY_PLUS_4,0efc30229024df398b0a79670c550ea3869c5337e3f66926aa0fac683945864d,TASK3_OPERATIONAL_POOLED_V1,CAPACITY_SECURITY_PLUS_4,CAPACITY,REFERENCE_ASSUMPTION_SANDBOX_V1,LOCAL_WINDOW_HPP_BASE,5,202607290000,202609290051,202609290052,202609290053,202609290054,EMPTY_AND_IDLE,HPP,300.000000000,333.557018640,FULL_DRAIN,AnyLogic,8.9.9.202607020720,NOT_CALIBRATED,COMPARATIVE_WHAT_IF_ONLY,PENDING_VALIDATION,COMPLETE
1.0,OP_CONFIRM_MLE_BASE_CAPACITY_SECURITY_PLUS_4,0efc30229024df398b0a79670c550ea3869c5337e3f66926aa0fac683945864d,TASK3_OPERATIONAL_POOLED_V1,CAPACITY_SECURITY_PLUS_4,CAPACITY,REFERENCE_ASSUMPTION_SANDBOX_V1,LOCAL_WINDOW_HPP_BASE,6,202607290000,202609290061,202609290062,202609290063,202609290064,EMPTY_AND_IDLE,HPP,300.000000000,332.893710211,FULL_DRAIN,AnyLogic,8.9.9.202607020720,NOT_CALIBRATED,COMPARATIVE_WHAT_IF_ONLY,PENDING_VALIDATION,COMPLETE
1.0,OP_CONFIRM_MLE_BASE_CAPACITY_SECURITY_PLUS_4,0efc30229024df398b0a79670c550ea3869c5337e3f66926aa0fac683945864d,TASK3_OPERATIONAL_POOLED_V1,CAPACITY_SECURITY_PLUS_4,CAPACITY,REFERENCE_ASSUMPTION_SANDBOX_V1,LOCAL_WINDOW_HPP_BASE,7,202607290000,202609290071,202609290072,202609290073,202609290074,EMPTY_AND_IDLE,HPP,300.000000000,334.942694913,FULL_DRAIN,AnyLogic,8.9.9.202607020720,NOT_CALIBRATED,COMPARATIVE_WHAT_IF_ONLY,PENDING_VALIDATION,COMPLETE
1.0,OP_CONFIRM_MLE_BASE_CAPACITY_SECURITY_PLUS_4,0efc30229024df398b0a79670c550ea3869c5337e3f66926aa0fac683945864d,TASK3_OPERATIONAL_POOLED_V1,CAPACITY_SECURITY_PLUS_4,CAPACITY,REFERENCE_ASSUMPTION_SANDBOX_V1,LOCAL_WINDOW_HPP_BASE,8,202607290000,202609290081,202609290082,202609290083,202609290084,EMPTY_AND_IDLE,HPP,300.000000000,333.652413957,FULL_DRAIN,AnyLogic,8.9.9.202607020720,NOT_CALIBRATED,COMPARATIVE_WHAT_IF_ONLY,PENDING_VALIDATION,COMPLETE
1.0,OP_CONFIRM_MLE_BASE_CAPACITY_SECURITY_PLUS_4,0efc30229024df398b0a79670c550ea3869c5337e3f66926aa0fac683945864d,TASK3_OPERATIONAL_POOLED_V1,CAPACITY_SECURITY_PLUS_4,CAPACITY,REFERENCE_ASSUMPTION_SANDBOX_V1,LOCAL_WINDOW_HPP_BASE,9,202607290000,202609290091,202609290092,202609290093,202609290094,EMPTY_AND_IDLE,HPP,300.000000000,333.857083782,FULL_DRAIN,AnyLogic,8.9.9.202607020720,NOT_CALIBRATED,COMPARATIVE_WHAT_IF_ONLY,PENDING_VALIDATION,COMPLETE
1.0,OP_CONFIRM_MLE_BASE_CAPACITY_SECURITY_PLUS_4,0efc30229024df398b0a79670c550ea3869c5337e3f66926aa0fac683945864d,TASK3_OPERATIONAL_POOLED_V1,CAPACITY_SECURITY_PLUS_4,CAPACITY,REFERENCE_ASSUMPTION_SANDBOX_V1,LOCAL_WINDOW_HPP_BASE,10,202607290000,202609290101,202609290102,202609290103,202609290104,EMPTY_AND_IDLE,HPP,300.000000000,334.733050789,FULL_DRAIN,AnyLogic,8.9.9.202607020720,NOT_CALIBRATED,COMPARATIVE_WHAT_IF_ONLY,PENDING_VALIDATION,COMPLETE
1.0,OP_CONFIRM_MLE_BASE_CAPACITY_SECURITY_PLUS_4,0efc30229024df398b0a79670c550ea3869c5337e3f66926aa0fac683945864d,TASK3_OPERATIONAL_POOLED_V1,CAPACITY_SECURITY_PLUS_4,CAPACITY,REFERENCE_ASSUMPTION_SANDBOX_V1,LOCAL_WINDOW_HPP_BASE,11,202607290000,202609290111,202609290112,202609290113,202609290114,EMPTY_AND_IDLE,HPP,300.000000000,334.795505588,FULL_DRAIN,AnyLogic,8.9.9.202607020720,NOT_CALIBRATED,COMPARATIVE_WHAT_IF_ONLY,PENDING_VALIDATION,COMPLETE
1.0,OP_CONFIRM_MLE_BASE_CAPACITY_SECURITY_PLUS_4,0efc30229024df398b0a79670c550ea3869c5337e3f66926aa0fac683945864d,TASK3_OPERATIONAL_POOLED_V1,CAPACITY_SECURITY_PLUS_4,CAPACITY,REFERENCE_ASSUMPTION_SANDBOX_V1,LOCAL_WINDOW_HPP_BASE,12,202607290000,202609290121,202609290122,202609290123,202609290124,EMPTY_AND_IDLE,HPP,300.000000000,334.673639871,FULL_DRAIN,AnyLogic,8.9.9.202607020720,NOT_CALIBRATED,COMPARATIVE_WHAT_IF_ONLY,PENDING_VALIDATION,COMPLETE
1.0,OP_CONFIRM_MLE_BASE_CAPACITY_SECURITY_PLUS_4,0efc30229024df398b0a79670c550ea3869c5337e3f66926aa0fac683945864d,TASK3_OPERATIONAL_POOLED_V1,CAPACITY_SECURITY_PLUS_4,CAPACITY,REFERENCE_ASSUMPTION_SANDBOX_V1,LOCAL_WINDOW_HPP_BASE,13,202607290000,202609290131,202609290132,202609290133,202609290134,EMPTY_AND_IDLE,HPP,300.000000000,334.623415863,FULL_DRAIN,AnyLogic,8.9.9.202607020720,NOT_CALIBRATED,COMPARATIVE_WHAT_IF_ONLY,PENDING_VALIDATION,COMPLETE
1.0,OP_CONFIRM_MLE_BASE_CAPACITY_SECURITY_PLUS_4,0efc30229024df398b0a79670c550ea3869c5337e3f66926aa0fac683945864d,TASK3_OPERATIONAL_POOLED_V1,CAPACITY_SECURITY_PLUS_4,CAPACITY,REFERENCE_ASSUMPTION_SANDBOX_V1,LOCAL_WINDOW_HPP_BASE,14,202607290000,202609290141,202609290142,202609290143,202609290144,EMPTY_AND_IDLE,HPP,300.000000000,333.719484820,FULL_DRAIN,AnyLogic,8.9.9.202607020720,NOT_CALIBRATED,COMPARATIVE_WHAT_IF_ONLY,PENDING_VALIDATION,COMPLETE
1.0,OP_CONFIRM_MLE_BASE_CAPACITY_SECURITY_PLUS_4,0efc30229024df398b0a79670c550ea3869c5337e3f66926aa0fac683945864d,TASK3_OPERATIONAL_POOLED_V1,CAPACITY_SECURITY_PLUS_4,CAPACITY,REFERENCE_ASSUMPTION_SANDBOX_V1,LOCAL_WINDOW_HPP_BASE,15,202607290000,202609290151,202609290152,202609290153,202609290154,EMPTY_AND_IDLE,HPP,300.000000000,333.864251907,FULL_DRAIN,AnyLogic,8.9.9.202607020720,NOT_CALIBRATED,COMPARATIVE_WHAT_IF_ONLY,PENDING_VALIDATION,COMPLETE
1.0,OP_CONFIRM_MLE_BASE_CAPACITY_SECURITY_PLUS_4,0efc30229024df398b0a79670c550ea3869c5337e3f66926aa0fac683945864d,TASK3_OPERATIONAL_POOLED_V1,CAPACITY_SECURITY_PLUS_4,CAPACITY,REFERENCE_ASSUMPTION_SANDBOX_V1,LOCAL_WINDOW_HPP_BASE,16,202607290000,202609290161,202609290162,202609290163,202609290164,EMPTY_AND_IDLE,HPP,300.000000000,336.858360916,FULL_DRAIN,AnyLogic,8.9.9.202607020720,NOT_CALIBRATED,COMPARATIVE_WHAT_IF_ONLY,PENDING_VALIDATION,COMPLETE
1.0,OP_CONFIRM_MLE_BASE_CAPACITY_SECURITY_PLUS_4,0efc30229024df398b0a79670c550ea3869c5337e3f66926aa0fac683945864d,TASK3_OPERATIONAL_POOLED_V1,CAPACITY_SECURITY_PLUS_4,CAPACITY,REFERENCE_ASSUMPTION_SANDBOX_V1,LOCAL_WINDOW_HPP_BASE,17,202607290000,202609290171,202609290172,202609290173,202609290174,EMPTY_AND_IDLE,HPP,300.000000000,334.256800365,FULL_DRAIN,AnyLogic,8.9.9.202607020720,NOT_CALIBRATED,COMPARATIVE_WHAT_IF_ONLY,PENDING_VALIDATION,COMPLETE
1.0,OP_CONFIRM_MLE_BASE_CAPACITY_SECURITY_PLUS_4,0efc30229024df398b0a79670c550ea3869c5337e3f66926aa0fac683945864d,TASK3_OPERATIONAL_POOLED_V1,CAPACITY_SECURITY_PLUS_4,CAPACITY,REFERENCE_ASSUMPTION_SANDBOX_V1,LOCAL_WINDOW_HPP_BASE,18,202607290000,202609290181,202609290182,202609290183,202609290184,EMPTY_AND_IDLE,HPP,300.000000000,334.189920297,FULL_DRAIN,AnyLogic,8.9.9.202607020720,NOT_CALIBRATED,COMPARATIVE_WHAT_IF_ONLY,PENDING_VALIDATION,COMPLETE
1.0,OP_CONFIRM_MLE_BASE_CAPACITY_SECURITY_PLUS_4,0efc30229024df398b0a79670c550ea3869c5337e3f66926aa0fac683945864d,TASK3_OPERATIONAL_POOLED_V1,CAPACITY_SECURITY_PLUS_4,CAPACITY,REFERENCE_ASSUMPTION_SANDBOX_V1,LOCAL_WINDOW_HPP_BASE,19,202607290000,202609290191,202609290192,202609290193,202609290194,EMPTY_AND_IDLE,HPP,300.000000000,337.327171625,FULL_DRAIN,AnyLogic,8.9.9.202607020720,NOT_CALIBRATED,COMPARATIVE_WHAT_IF_ONLY,PENDING_VALIDATION,COMPLETE
1.0,OP_CONFIRM_MLE_BASE_CAPACITY_SECURITY_PLUS_4,0efc30229024df398b0a79670c550ea3869c5337e3f66926aa0fac683945864d,TASK3_OPERATIONAL_POOLED_V1,CAPACITY_SECURITY_PLUS_4,CAPACITY,REFERENCE_ASSUMPTION_SANDBOX_V1,LOCAL_WINDOW_HPP_BASE,20,202607290000,202609290201,202609290202,202609290203,202609290204,EMPTY_AND_IDLE,HPP,300.000000000,333.821416391,FULL_DRAIN,AnyLogic,8.9.9.202607020720,NOT_CALIBRATED,COMPARATIVE_WHAT_IF_ONLY,PENDING_VALIDATION,COMPLETE
1.0,OP_CONFIRM_MLE_BASE_CAPACITY_SECURITY_PLUS_4,0efc30229024df398b0a79670c550ea3869c5337e3f66926aa0fac683945864d,TASK3_OPERATIONAL_POOLED_V1,CAPACITY_SECURITY_PLUS_4,CAPACITY,REFERENCE_ASSUMPTION_SANDBOX_V1,LOCAL_WINDOW_HPP_BASE,21,202607290000,202609290211,202609290212,202609290213,202609290214,EMPTY_AND_IDLE,HPP,300.000000000,336.725252561,FULL_DRAIN,AnyLogic,8.9.9.202607020720,NOT_CALIBRATED,COMPARATIVE_WHAT_IF_ONLY,PENDING_VALIDATION,COMPLETE
1.0,OP_CONFIRM_MLE_BASE_CAPACITY_SECURITY_PLUS_4,0efc30229024df398b0a79670c550ea3869c5337e3f66926aa0fac683945864d,TASK3_OPERATIONAL_POOLED_V1,CAPACITY_SECURITY_PLUS_4,CAPACITY,REFERENCE_ASSUMPTION_SANDBOX_V1,LOCAL_WINDOW_HPP_BASE,22,202607290000,202609290221,202609290222,202609290223,202609290224,EMPTY_AND_IDLE,HPP,300.000000000,334.412573287,FULL_DRAIN,AnyLogic,8.9.9.202607020720,NOT_CALIBRATED,COMPARATIVE_WHAT_IF_ONLY,PENDING_VALIDATION,COMPLETE
1.0,OP_CONFIRM_MLE_BASE_CAPACITY_SECURITY_PLUS_4,0efc30229024df398b0a79670c550ea3869c5337e3f66926aa0fac683945864d,TASK3_OPERATIONAL_POOLED_V1,CAPACITY_SECURITY_PLUS_4,CAPACITY,REFERENCE_ASSUMPTION_SANDBOX_V1,LOCAL_WINDOW_HPP_BASE,23,202607290000,202609290231,202609290232,202609290233,202609290234,EMPTY_AND_IDLE,HPP,300.000000000,334.747190250,FULL_DRAIN,AnyLogic,8.9.9.202607020720,NOT_CALIBRATED,COMPARATIVE_WHAT_IF_ONLY,PENDING_VALIDATION,COMPLETE
1.0,OP_CONFIRM_MLE_BASE_CAPACITY_SECURITY_PLUS_4,0efc30229024df398b0a79670c550ea3869c5337e3f66926aa0fac683945864d,TASK3_OPERATIONAL_POOLED_V1,CAPACITY_SECURITY_PLUS_4,CAPACITY,REFERENCE_ASSUMPTION_SANDBOX_V1,LOCAL_WINDOW_HPP_BASE,24,202607290000,202609290241,202609290242,202609290243,202609290244,EMPTY_AND_IDLE,HPP,300.000000000,338.467134862,FULL_DRAIN,AnyLogic,8.9.9.202607020720,NOT_CALIBRATED,COMPARATIVE_WHAT_IF_ONLY,PENDING_VALIDATION,COMPLETE
1.0,OP_CONFIRM_MLE_BASE_CAPACITY_SECURITY_PLUS_4,0efc30229024df398b0a79670c550ea3869c5337e3f66926aa0fac683945864d,TASK3_OPERATIONAL_POOLED_V1,CAPACITY_SECURITY_PLUS_4,CAPACITY,REFERENCE_ASSUMPTION_SANDBOX_V1,LOCAL_WINDOW_HPP_BASE,25,202607290000,202609290251,202609290252,202609290253,202609290254,EMPTY_AND_IDLE,HPP,300.000000000,338.371411118,FULL_DRAIN,AnyLogic,8.9.9.202607020720,NOT_CALIBRATED,COMPARATIVE_WHAT_IF_ONLY,PENDING_VALIDATION,COMPLETE
1.0,OP_CONFIRM_MLE_BASE_CAPACITY_SECURITY_PLUS_4,0efc30229024df398b0a79670c550ea3869c5337e3f66926aa0fac683945864d,TASK3_OPERATIONAL_POOLED_V1,CAPACITY_SECURITY_PLUS_4,CAPACITY,REFERENCE_ASSUMPTION_SANDBOX_V1,LOCAL_WINDOW_HPP_BASE,26,202607290000,202609290261,202609290262,202609290263,202609290264,EMPTY_AND_IDLE,HPP,300.000000000,334.010066237,FULL_DRAIN,AnyLogic,8.9.9.202607020720,NOT_CALIBRATED,COMPARATIVE_WHAT_IF_ONLY,PENDING_VALIDATION,COMPLETE
1.0,OP_CONFIRM_MLE_BASE_CAPACITY_SECURITY_PLUS_4,0efc30229024df398b0a79670c550ea3869c5337e3f66926aa0fac683945864d,TASK3_OPERATIONAL_POOLED_V1,CAPACITY_SECURITY_PLUS_4,CAPACITY,REFERENCE_ASSUMPTION_SANDBOX_V1,LOCAL_WINDOW_HPP_BASE,27,202607290000,202609290271,202609290272,202609290273,202609290274,EMPTY_AND_IDLE,HPP,300.000000000,336.064699825,FULL_DRAIN,AnyLogic,8.9.9.202607020720,NOT_CALIBRATED,COMPARATIVE_WHAT_IF_ONLY,PENDING_VALIDATION,COMPLETE
1.0,OP_CONFIRM_MLE_BASE_CAPACITY_SECURITY_PLUS_4,0efc30229024df398b0a79670c550ea3869c5337e3f66926aa0fac683945864d,TASK3_OPERATIONAL_POOLED_V1,CAPACITY_SECURITY_PLUS_4,CAPACITY,REFERENCE_ASSUMPTION_SANDBOX_V1,LOCAL_WINDOW_HPP_BASE,28,202607290000,202609290281,202609290282,202609290283,202609290284,EMPTY_AND_IDLE,HPP,300.000000000,333.879729785,FULL_DRAIN,AnyLogic,8.9.9.202607020720,NOT_CALIBRATED,COMPARATIVE_WHAT_IF_ONLY,PENDING_VALIDATION,COMPLETE
1.0,OP_CONFIRM_MLE_BASE_CAPACITY_SECURITY_PLUS_4,0efc30229024df398b0a79670c550ea3869c5337e3f66926aa0fac683945864d,TASK3_OPERATIONAL_POOLED_V1,CAPACITY_SECURITY_PLUS_4,CAPACITY,REFERENCE_ASSUMPTION_SANDBOX_V1,LOCAL_WINDOW_HPP_BASE,29,202607290000,202609290291,202609290292,202609290293,202609290294,EMPTY_AND_IDLE,HPP,300.000000000,333.984371011,FULL_DRAIN,AnyLogic,8.9.9.202607020720,NOT_CALIBRATED,COMPARATIVE_WHAT_IF_ONLY,PENDING_VALIDATION,COMPLETE
1.0,OP_CONFIRM_MLE_BASE_CAPACITY_SECURITY_PLUS_4,0efc30229024df398b0a79670c550ea3869c5337e3f66926aa0fac683945864d,TASK3_OPERATIONAL_POOLED_V1,CAPACITY_SECURITY_PLUS_4,CAPACITY,REFERENCE_ASSUMPTION_SANDBOX_V1,LOCAL_WINDOW_HPP_BASE,30,202607290000,202609290301,202609290302,202609290303,202609290304,EMPTY_AND_IDLE,HPP,300.000000000,337.163838330,FULL_DRAIN,AnyLogic,8.9.9.202607020720,NOT_CALIBRATED,COMPARATIVE_WHAT_IF_ONLY,PENDING_VALIDATION,COMPLETE
1.0,OP_CONFIRM_MLE_BASE_CAPACITY_SECURITY_PLUS_4,0efc30229024df398b0a79670c550ea3869c5337e3f66926aa0fac683945864d,TASK3_OPERATIONAL_POOLED_V1,CAPACITY_SECURITY_PLUS_4,CAPACITY,REFERENCE_ASSUMPTION_SANDBOX_V1,LOCAL_WINDOW_HPP_BASE,31,202607290000,202609290311,202609290312,202609290313,202609290314,EMPTY_AND_IDLE,HPP,300.000000000,335.252251167,FULL_DRAIN,AnyLogic,8.9.9.202607020720,NOT_CALIBRATED,COMPARATIVE_WHAT_IF_ONLY,PENDING_VALIDATION,COMPLETE
1.0,OP_CONFIRM_MLE_BASE_CAPACITY_SECURITY_PLUS_4,0efc30229024df398b0a79670c550ea3869c5337e3f66926aa0fac683945864d,TASK3_OPERATIONAL_POOLED_V1,CAPACITY_SECURITY_PLUS_4,CAPACITY,REFERENCE_ASSUMPTION_SANDBOX_V1,LOCAL_WINDOW_HPP_BASE,32,202607290000,202609290321,202609290322,202609290323,202609290324,EMPTY_AND_IDLE,HPP,300.000000000,335.608438186,FULL_DRAIN,AnyLogic,8.9.9.202607020720,NOT_CALIBRATED,COMPARATIVE_WHAT_IF_ONLY,PENDING_VALIDATION,COMPLETE
1.0,OP_CONFIRM_MLE_BASE_CAPACITY_SECURITY_PLUS_4,0efc30229024df398b0a79670c550ea3869c5337e3f66926aa0fac683945864d,TASK3_OPERATIONAL_POOLED_V1,CAPACITY_SECURITY_PLUS_4,CAPACITY,REFERENCE_ASSUMPTION_SANDBOX_V1,LOCAL_WINDOW_HPP_BASE,33,202607290000,202609290331,202609290332,202609290333,202609290334,EMPTY_AND_IDLE,HPP,300.000000000,336.695958027,FULL_DRAIN,AnyLogic,8.9.9.202607020720,NOT_CALIBRATED,COMPARATIVE_WHAT_IF_ONLY,PENDING_VALIDATION,COMPLETE
1.0,OP_CONFIRM_MLE_BASE_CAPACITY_SECURITY_PLUS_4,0efc30229024df398b0a79670c550ea3869c5337e3f66926aa0fac683945864d,TASK3_OPERATIONAL_POOLED_V1,CAPACITY_SECURITY_PLUS_4,CAPACITY,REFERENCE_ASSUMPTION_SANDBOX_V1,LOCAL_WINDOW_HPP_BASE,34,202607290000,202609290341,202609290342,202609290343,202609290344,EMPTY_AND_IDLE,HPP,300.000000000,338.339499534,FULL_DRAIN,AnyLogic,8.9.9.202607020720,NOT_CALIBRATED,COMPARATIVE_WHAT_IF_ONLY,PENDING_VALIDATION,COMPLETE
1.0,OP_CONFIRM_MLE_BASE_CAPACITY_SECURITY_PLUS_4,0efc30229024df398b0a79670c550ea3869c5337e3f66926aa0fac683945864d,TASK3_OPERATIONAL_POOLED_V1,CAPACITY_SECURITY_PLUS_4,CAPACITY,REFERENCE_ASSUMPTION_SANDBOX_V1,LOCAL_WINDOW_HPP_BASE,35,202607290000,202609290351,202609290352,202609290353,202609290354,EMPTY_AND_IDLE,HPP,300.000000000,343.481421421,FULL_DRAIN,AnyLogic,8.9.9.202607020720,NOT_CALIBRATED,COMPARATIVE_WHAT_IF_ONLY,PENDING_VALIDATION,COMPLETE
1.0,OP_CONFIRM_MLE_BASE_CAPACITY_SECURITY_PLUS_4,0efc30229024df398b0a79670c550ea3869c5337e3f66926aa0fac683945864d,TASK3_OPERATIONAL_POOLED_V1,CAPACITY_SECURITY_PLUS_4,CAPACITY,REFERENCE_ASSUMPTION_SANDBOX_V1,LOCAL_WINDOW_HPP_BASE,36,202607290000,202609290361,202609290362,202609290363,202609290364,EMPTY_AND_IDLE,HPP,300.000000000,335.262134136,FULL_DRAIN,AnyLogic,8.9.9.202607020720,NOT_CALIBRATED,COMPARATIVE_WHAT_IF_ONLY,PENDING_VALIDATION,COMPLETE
1.0,OP_CONFIRM_MLE_BASE_CAPACITY_SECURITY_PLUS_4,0efc30229024df398b0a79670c550ea3869c5337e3f66926aa0fac683945864d,TASK3_OPERATIONAL_POOLED_V1,CAPACITY_SECURITY_PLUS_4,CAPACITY,REFERENCE_ASSUMPTION_SANDBOX_V1,LOCAL_WINDOW_HPP_BASE,37,202607290000,202609290371,202609290372,202609290373,202609290374,EMPTY_AND_IDLE,HPP,300.000000000,334.323681021,FULL_DRAIN,AnyLogic,8.9.9.202607020720,NOT_CALIBRATED,COMPARATIVE_WHAT_IF_ONLY,PENDING_VALIDATION,COMPLETE
1.0,OP_CONFIRM_MLE_BASE_CAPACITY_SECURITY_PLUS_4,0efc30229024df398b0a79670c550ea3869c5337e3f66926aa0fac683945864d,TASK3_OPERATIONAL_POOLED_V1,CAPACITY_SECURITY_PLUS_4,CAPACITY,REFERENCE_ASSUMPTION_SANDBOX_V1,LOCAL_WINDOW_HPP_BASE,38,202607290000,202609290381,202609290382,202609290383,202609290384,EMPTY_AND_IDLE,HPP,300.000000000,334.203534405,FULL_DRAIN,AnyLogic,8.9.9.202607020720,NOT_CALIBRATED,COMPARATIVE_WHAT_IF_ONLY,PENDING_VALIDATION,COMPLETE
1.0,OP_CONFIRM_MLE_BASE_CAPACITY_SECURITY_PLUS_4,0efc30229024df398b0a79670c550ea3869c5337e3f66926aa0fac683945864d,TASK3_OPERATIONAL_POOLED_V1,CAPACITY_SECURITY_PLUS_4,CAPACITY,REFERENCE_ASSUMPTION_SANDBOX_V1,LOCAL_WINDOW_HPP_BASE,39,202607290000,202609290391,202609290392,202609290393,202609290394,EMPTY_AND_IDLE,HPP,300.000000000,341.633966433,FULL_DRAIN,AnyLogic,8.9.9.202607020720,NOT_CALIBRATED,COMPARATIVE_WHAT_IF_ONLY,PENDING_VALIDATION,COMPLETE
1.0,OP_CONFIRM_MLE_BASE_CAPACITY_SECURITY_PLUS_4,0efc30229024df398b0a79670c550ea3869c5337e3f66926aa0fac683945864d,TASK3_OPERATIONAL_POOLED_V1,CAPACITY_SECURITY_PLUS_4,CAPACITY,REFERENCE_ASSUMPTION_SANDBOX_V1,LOCAL_WINDOW_HPP_BASE,40,202607290000,202609290401,202609290402,202609290403,202609290404,EMPTY_AND_IDLE,HPP,300.000000000,335.272774441,FULL_DRAIN,AnyLogic,8.9.9.202607020720,NOT_CALIBRATED,COMPARATIVE_WHAT_IF_ONLY,PENDING_VALIDATION,COMPLETE
1.0,OP_CONFIRM_MLE_BASE_CAPACITY_SECURITY_PLUS_4,0efc30229024df398b0a79670c550ea3869c5337e3f66926aa0fac683945864d,TASK3_OPERATIONAL_POOLED_V1,CAPACITY_SECURITY_PLUS_4,CAPACITY,REFERENCE_ASSUMPTION_SANDBOX_V1,LOCAL_WINDOW_HPP_BASE,41,202607290000,202609290411,202609290412,202609290413,202609290414,EMPTY_AND_IDLE,HPP,300.000000000,334.367218497,FULL_DRAIN,AnyLogic,8.9.9.202607020720,NOT_CALIBRATED,COMPARATIVE_WHAT_IF_ONLY,PENDING_VALIDATION,COMPLETE
1.0,OP_CONFIRM_MLE_BASE_CAPACITY_SECURITY_PLUS_4,0efc30229024df398b0a79670c550ea3869c5337e3f66926aa0fac683945864d,TASK3_OPERATIONAL_POOLED_V1,CAPACITY_SECURITY_PLUS_4,CAPACITY,REFERENCE_ASSUMPTION_SANDBOX_V1,LOCAL_WINDOW_HPP_BASE,42,202607290000,202609290421,202609290422,202609290423,202609290424,EMPTY_AND_IDLE,HPP,300.000000000,334.308413002,FULL_DRAIN,AnyLogic,8.9.9.202607020720,NOT_CALIBRATED,COMPARATIVE_WHAT_IF_ONLY,PENDING_VALIDATION,COMPLETE
1.0,OP_CONFIRM_MLE_BASE_CAPACITY_SECURITY_PLUS_4,0efc30229024df398b0a79670c550ea3869c5337e3f66926aa0fac683945864d,TASK3_OPERATIONAL_POOLED_V1,CAPACITY_SECURITY_PLUS_4,CAPACITY,REFERENCE_ASSUMPTION_SANDBOX_V1,LOCAL_WINDOW_HPP_BASE,43,202607290000,202609290431,202609290432,202609290433,202609290434,EMPTY_AND_IDLE,HPP,300.000000000,334.691888900,FULL_DRAIN,AnyLogic,8.9.9.202607020720,NOT_CALIBRATED,COMPARATIVE_WHAT_IF_ONLY,PENDING_VALIDATION,COMPLETE
1.0,OP_CONFIRM_MLE_BASE_CAPACITY_SECURITY_PLUS_4,0efc30229024df398b0a79670c550ea3869c5337e3f66926aa0fac683945864d,TASK3_OPERATIONAL_POOLED_V1,CAPACITY_SECURITY_PLUS_4,CAPACITY,REFERENCE_ASSUMPTION_SANDBOX_V1,LOCAL_WINDOW_HPP_BASE,44,202607290000,202609290441,202609290442,202609290443,202609290444,EMPTY_AND_IDLE,HPP,300.000000000,333.476554778,FULL_DRAIN,AnyLogic,8.9.9.202607020720,NOT_CALIBRATED,COMPARATIVE_WHAT_IF_ONLY,PENDING_VALIDATION,COMPLETE
1.0,OP_CONFIRM_MLE_BASE_CAPACITY_SECURITY_PLUS_4,0efc30229024df398b0a79670c550ea3869c5337e3f66926aa0fac683945864d,TASK3_OPERATIONAL_POOLED_V1,CAPACITY_SECURITY_PLUS_4,CAPACITY,REFERENCE_ASSUMPTION_SANDBOX_V1,LOCAL_WINDOW_HPP_BASE,45,202607290000,202609290451,202609290452,202609290453,202609290454,EMPTY_AND_IDLE,HPP,300.000000000,333.751947751,FULL_DRAIN,AnyLogic,8.9.9.202607020720,NOT_CALIBRATED,COMPARATIVE_WHAT_IF_ONLY,PENDING_VALIDATION,COMPLETE
1.0,OP_CONFIRM_MLE_BASE_CAPACITY_SECURITY_PLUS_4,0efc30229024df398b0a79670c550ea3869c5337e3f66926aa0fac683945864d,TASK3_OPERATIONAL_POOLED_V1,CAPACITY_SECURITY_PLUS_4,CAPACITY,REFERENCE_ASSUMPTION_SANDBOX_V1,LOCAL_WINDOW_HPP_BASE,46,202607290000,202609290461,202609290462,202609290463,202609290464,EMPTY_AND_IDLE,HPP,300.000000000,335.149693468,FULL_DRAIN,AnyLogic,8.9.9.202607020720,NOT_CALIBRATED,COMPARATIVE_WHAT_IF_ONLY,PENDING_VALIDATION,COMPLETE
1.0,OP_CONFIRM_MLE_BASE_CAPACITY_SECURITY_PLUS_4,0efc30229024df398b0a79670c550ea3869c5337e3f66926aa0fac683945864d,TASK3_OPERATIONAL_POOLED_V1,CAPACITY_SECURITY_PLUS_4,CAPACITY,REFERENCE_ASSUMPTION_SANDBOX_V1,LOCAL_WINDOW_HPP_BASE,47,202607290000,202609290471,202609290472,202609290473,202609290474,EMPTY_AND_IDLE,HPP,300.000000000,334.574566537,FULL_DRAIN,AnyLogic,8.9.9.202607020720,NOT_CALIBRATED,COMPARATIVE_WHAT_IF_ONLY,PENDING_VALIDATION,COMPLETE
1.0,OP_CONFIRM_MLE_BASE_CAPACITY_SECURITY_PLUS_4,0efc30229024df398b0a79670c550ea3869c5337e3f66926aa0fac683945864d,TASK3_OPERATIONAL_POOLED_V1,CAPACITY_SECURITY_PLUS_4,CAPACITY,REFERENCE_ASSUMPTION_SANDBOX_V1,LOCAL_WINDOW_HPP_BASE,48,202607290000,202609290481,202609290482,202609290483,202609290484,EMPTY_AND_IDLE,HPP,300.000000000,334.182435039,FULL_DRAIN,AnyLogic,8.9.9.202607020720,NOT_CALIBRATED,COMPARATIVE_WHAT_IF_ONLY,PENDING_VALIDATION,COMPLETE
1.0,OP_CONFIRM_MLE_BASE_CAPACITY_SECURITY_PLUS_4,0efc30229024df398b0a79670c550ea3869c5337e3f66926aa0fac683945864d,TASK3_OPERATIONAL_POOLED_V1,CAPACITY_SECURITY_PLUS_4,CAPACITY,REFERENCE_ASSUMPTION_SANDBOX_V1,LOCAL_WINDOW_HPP_BASE,49,202607290000,202609290491,202609290492,202609290493,202609290494,EMPTY_AND_IDLE,HPP,300.000000000,332.907357814,FULL_DRAIN,AnyLogic,8.9.9.202607020720,NOT_CALIBRATED,COMPARATIVE_WHAT_IF_ONLY,PENDING_VALIDATION,COMPLETE
1.0,OP_CONFIRM_MLE_BASE_CAPACITY_SECURITY_PLUS_4,0efc30229024df398b0a79670c550ea3869c5337e3f66926aa0fac683945864d,TASK3_OPERATIONAL_POOLED_V1,CAPACITY_SECURITY_PLUS_4,CAPACITY,REFERENCE_ASSUMPTION_SANDBOX_V1,LOCAL_WINDOW_HPP_BASE,50,202607290000,202609290501,202609290502,202609290503,202609290504,EMPTY_AND_IDLE,HPP,300.000000000,334.347157797,FULL_DRAIN,AnyLogic,8.9.9.202607020720,NOT_CALIBRATED,COMPARATIVE_WHAT_IF_ONLY,PENDING_VALIDATION,COMPLETE
1.0,OP_CONFIRM_EXACT95_HIGH_CAPACITY_SECURITY_PLUS_4,a9364c0ce0bb791d9df3e0ce27f0dbff6f9ec2b51a813d48d21b79e2344018d1,TASK3_OPERATIONAL_POOLED_V1,CAPACITY_SECURITY_PLUS_4,CAPACITY,REFERENCE_ASSUMPTION_SANDBOX_V1,LOCAL_WINDOW_HPP_EXACT95_HIGH,1,202607290000,202610290011,202610290012,202610290013,202610290014,EMPTY_AND_IDLE,HPP,300.000000000,391.892981916,FULL_DRAIN,AnyLogic,8.9.9.202607020720,NOT_CALIBRATED,COMPARATIVE_WHAT_IF_ONLY,PENDING_VALIDATION,COMPLETE
1.0,OP_CONFIRM_EXACT95_HIGH_CAPACITY_SECURITY_PLUS_4,a9364c0ce0bb791d9df3e0ce27f0dbff6f9ec2b51a813d48d21b79e2344018d1,TASK3_OPERATIONAL_POOLED_V1,CAPACITY_SECURITY_PLUS_4,CAPACITY,REFERENCE_ASSUMPTION_SANDBOX_V1,LOCAL_WINDOW_HPP_EXACT95_HIGH,2,202607290000,202610290021,202610290022,202610290023,202610290024,EMPTY_AND_IDLE,HPP,300.000000000,401.299059471,FULL_DRAIN,AnyLogic,8.9.9.202607020720,NOT_CALIBRATED,COMPARATIVE_WHAT_IF_ONLY,PENDING_VALIDATION,COMPLETE
1.0,OP_CONFIRM_EXACT95_HIGH_CAPACITY_SECURITY_PLUS_4,a9364c0ce0bb791d9df3e0ce27f0dbff6f9ec2b51a813d48d21b79e2344018d1,TASK3_OPERATIONAL_POOLED_V1,CAPACITY_SECURITY_PLUS_4,CAPACITY,REFERENCE_ASSUMPTION_SANDBOX_V1,LOCAL_WINDOW_HPP_EXACT95_HIGH,3,202607290000,202610290031,202610290032,202610290033,202610290034,EMPTY_AND_IDLE,HPP,300.000000000,414.575829205,FULL_DRAIN,AnyLogic,8.9.9.202607020720,NOT_CALIBRATED,COMPARATIVE_WHAT_IF_ONLY,PENDING_VALIDATION,COMPLETE
1.0,OP_CONFIRM_EXACT95_HIGH_CAPACITY_SECURITY_PLUS_4,a9364c0ce0bb791d9df3e0ce27f0dbff6f9ec2b51a813d48d21b79e2344018d1,TASK3_OPERATIONAL_POOLED_V1,CAPACITY_SECURITY_PLUS_4,CAPACITY,REFERENCE_ASSUMPTION_SANDBOX_V1,LOCAL_WINDOW_HPP_EXACT95_HIGH,4,202607290000,202610290041,202610290042,202610290043,202610290044,EMPTY_AND_IDLE,HPP,300.000000000,378.295159668,FULL_DRAIN,AnyLogic,8.9.9.202607020720,NOT_CALIBRATED,COMPARATIVE_WHAT_IF_ONLY,PENDING_VALIDATION,COMPLETE
1.0,OP_CONFIRM_EXACT95_HIGH_CAPACITY_SECURITY_PLUS_4,a9364c0ce0bb791d9df3e0ce27f0dbff6f9ec2b51a813d48d21b79e2344018d1,TASK3_OPERATIONAL_POOLED_V1,CAPACITY_SECURITY_PLUS_4,CAPACITY,REFERENCE_ASSUMPTION_SANDBOX_V1,LOCAL_WINDOW_HPP_EXACT95_HIGH,5,202607290000,202610290051,202610290052,202610290053,202610290054,EMPTY_AND_IDLE,HPP,300.000000000,400.637730253,FULL_DRAIN,AnyLogic,8.9.9.202607020720,NOT_CALIBRATED,COMPARATIVE_WHAT_IF_ONLY,PENDING_VALIDATION,COMPLETE
1.0,OP_CONFIRM_EXACT95_HIGH_CAPACITY_SECURITY_PLUS_4,a9364c0ce0bb791d9df3e0ce27f0dbff6f9ec2b51a813d48d21b79e2344018d1,TASK3_OPERATIONAL_POOLED_V1,CAPACITY_SECURITY_PLUS_4,CAPACITY,REFERENCE_ASSUMPTION_SANDBOX_V1,LOCAL_WINDOW_HPP_EXACT95_HIGH,6,202607290000,202610290061,202610290062,202610290063,202610290064,EMPTY_AND_IDLE,HPP,300.000000000,388.740233840,FULL_DRAIN,AnyLogic,8.9.9.202607020720,NOT_CALIBRATED,COMPARATIVE_WHAT_IF_ONLY,PENDING_VALIDATION,COMPLETE
1.0,OP_CONFIRM_EXACT95_HIGH_CAPACITY_SECURITY_PLUS_4,a9364c0ce0bb791d9df3e0ce27f0dbff6f9ec2b51a813d48d21b79e2344018d1,TASK3_OPERATIONAL_POOLED_V1,CAPACITY_SECURITY_PLUS_4,CAPACITY,REFERENCE_ASSUMPTION_SANDBOX_V1,LOCAL_WINDOW_HPP_EXACT95_HIGH,7,202607290000,202610290071,202610290072,202610290073,202610290074,EMPTY_AND_IDLE,HPP,300.000000000,391.156461325,FULL_DRAIN,AnyLogic,8.9.9.202607020720,NOT_CALIBRATED,COMPARATIVE_WHAT_IF_ONLY,PENDING_VALIDATION,COMPLETE
1.0,OP_CONFIRM_EXACT95_HIGH_CAPACITY_SECURITY_PLUS_4,a9364c0ce0bb791d9df3e0ce27f0dbff6f9ec2b51a813d48d21b79e2344018d1,TASK3_OPERATIONAL_POOLED_V1,CAPACITY_SECURITY_PLUS_4,CAPACITY,REFERENCE_ASSUMPTION_SANDBOX_V1,LOCAL_WINDOW_HPP_EXACT95_HIGH,8,202607290000,202610290081,202610290082,202610290083,202610290084,EMPTY_AND_IDLE,HPP,300.000000000,379.141160726,FULL_DRAIN,AnyLogic,8.9.9.202607020720,NOT_CALIBRATED,COMPARATIVE_WHAT_IF_ONLY,PENDING_VALIDATION,COMPLETE
1.0,OP_CONFIRM_EXACT95_HIGH_CAPACITY_SECURITY_PLUS_4,a9364c0ce0bb791d9df3e0ce27f0dbff6f9ec2b51a813d48d21b79e2344018d1,TASK3_OPERATIONAL_POOLED_V1,CAPACITY_SECURITY_PLUS_4,CAPACITY,REFERENCE_ASSUMPTION_SANDBOX_V1,LOCAL_WINDOW_HPP_EXACT95_HIGH,9,202607290000,202610290091,202610290092,202610290093,202610290094,EMPTY_AND_IDLE,HPP,300.000000000,414.579675674,FULL_DRAIN,AnyLogic,8.9.9.202607020720,NOT_CALIBRATED,COMPARATIVE_WHAT_IF_ONLY,PENDING_VALIDATION,COMPLETE
1.0,OP_CONFIRM_EXACT95_HIGH_CAPACITY_SECURITY_PLUS_4,a9364c0ce0bb791d9df3e0ce27f0dbff6f9ec2b51a813d48d21b79e2344018d1,TASK3_OPERATIONAL_POOLED_V1,CAPACITY_SECURITY_PLUS_4,CAPACITY,REFERENCE_ASSUMPTION_SANDBOX_V1,LOCAL_WINDOW_HPP_EXACT95_HIGH,10,202607290000,202610290101,202610290102,202610290103,202610290104,EMPTY_AND_IDLE,HPP,300.000000000,375.681218233,FULL_DRAIN,AnyLogic,8.9.9.202607020720,NOT_CALIBRATED,COMPARATIVE_WHAT_IF_ONLY,PENDING_VALIDATION,COMPLETE
1.0,OP_CONFIRM_EXACT95_HIGH_CAPACITY_SECURITY_PLUS_4,a9364c0ce0bb791d9df3e0ce27f0dbff6f9ec2b51a813d48d21b79e2344018d1,TASK3_OPERATIONAL_POOLED_V1,CAPACITY_SECURITY_PLUS_4,CAPACITY,REFERENCE_ASSUMPTION_SANDBOX_V1,LOCAL_WINDOW_HPP_EXACT95_HIGH,11,202607290000,202610290111,202610290112,202610290113,202610290114,EMPTY_AND_IDLE,HPP,300.000000000,364.365296511,FULL_DRAIN,AnyLogic,8.9.9.202607020720,NOT_CALIBRATED,COMPARATIVE_WHAT_IF_ONLY,PENDING_VALIDATION,COMPLETE
1.0,OP_CONFIRM_EXACT95_HIGH_CAPACITY_SECURITY_PLUS_4,a9364c0ce0bb791d9df3e0ce27f0dbff6f9ec2b51a813d48d21b79e2344018d1,TASK3_OPERATIONAL_POOLED_V1,CAPACITY_SECURITY_PLUS_4,CAPACITY,REFERENCE_ASSUMPTION_SANDBOX_V1,LOCAL_WINDOW_HPP_EXACT95_HIGH,12,202607290000,202610290121,202610290122,202610290123,202610290124,EMPTY_AND_IDLE,HPP,300.000000000,390.042585715,FULL_DRAIN,AnyLogic,8.9.9.202607020720,NOT_CALIBRATED,COMPARATIVE_WHAT_IF_ONLY,PENDING_VALIDATION,COMPLETE
1.0,OP_CONFIRM_EXACT95_HIGH_CAPACITY_SECURITY_PLUS_4,a9364c0ce0bb791d9df3e0ce27f0dbff6f9ec2b51a813d48d21b79e2344018d1,TASK3_OPERATIONAL_POOLED_V1,CAPACITY_SECURITY_PLUS_4,CAPACITY,REFERENCE_ASSUMPTION_SANDBOX_V1,LOCAL_WINDOW_HPP_EXACT95_HIGH,13,202607290000,202610290131,202610290132,202610290133,202610290134,EMPTY_AND_IDLE,HPP,300.000000000,403.468059074,FULL_DRAIN,AnyLogic,8.9.9.202607020720,NOT_CALIBRATED,COMPARATIVE_WHAT_IF_ONLY,PENDING_VALIDATION,COMPLETE
1.0,OP_CONFIRM_EXACT95_HIGH_CAPACITY_SECURITY_PLUS_4,a9364c0ce0bb791d9df3e0ce27f0dbff6f9ec2b51a813d48d21b79e2344018d1,TASK3_OPERATIONAL_POOLED_V1,CAPACITY_SECURITY_PLUS_4,CAPACITY,REFERENCE_ASSUMPTION_SANDBOX_V1,LOCAL_WINDOW_HPP_EXACT95_HIGH,14,202607290000,202610290141,202610290142,202610290143,202610290144,EMPTY_AND_IDLE,HPP,300.000000000,392.441797872,FULL_DRAIN,AnyLogic,8.9.9.202607020720,NOT_CALIBRATED,COMPARATIVE_WHAT_IF_ONLY,PENDING_VALIDATION,COMPLETE
1.0,OP_CONFIRM_EXACT95_HIGH_CAPACITY_SECURITY_PLUS_4,a9364c0ce0bb791d9df3e0ce27f0dbff6f9ec2b51a813d48d21b79e2344018d1,TASK3_OPERATIONAL_POOLED_V1,CAPACITY_SECURITY_PLUS_4,CAPACITY,REFERENCE_ASSUMPTION_SANDBOX_V1,LOCAL_WINDOW_HPP_EXACT95_HIGH,15,202607290000,202610290151,202610290152,202610290153,202610290154,EMPTY_AND_IDLE,HPP,300.000000000,408.772583593,FULL_DRAIN,AnyLogic,8.9.9.202607020720,NOT_CALIBRATED,COMPARATIVE_WHAT_IF_ONLY,PENDING_VALIDATION,COMPLETE
1.0,OP_CONFIRM_EXACT95_HIGH_CAPACITY_SECURITY_PLUS_4,a9364c0ce0bb791d9df3e0ce27f0dbff6f9ec2b51a813d48d21b79e2344018d1,TASK3_OPERATIONAL_POOLED_V1,CAPACITY_SECURITY_PLUS_4,CAPACITY,REFERENCE_ASSUMPTION_SANDBOX_V1,LOCAL_WINDOW_HPP_EXACT95_HIGH,16,202607290000,202610290161,202610290162,202610290163,202610290164,EMPTY_AND_IDLE,HPP,300.000000000,377.682265286,FULL_DRAIN,AnyLogic,8.9.9.202607020720,NOT_CALIBRATED,COMPARATIVE_WHAT_IF_ONLY,PENDING_VALIDATION,COMPLETE
1.0,OP_CONFIRM_EXACT95_HIGH_CAPACITY_SECURITY_PLUS_4,a9364c0ce0bb791d9df3e0ce27f0dbff6f9ec2b51a813d48d21b79e2344018d1,TASK3_OPERATIONAL_POOLED_V1,CAPACITY_SECURITY_PLUS_4,CAPACITY,REFERENCE_ASSUMPTION_SANDBOX_V1,LOCAL_WINDOW_HPP_EXACT95_HIGH,17,202607290000,202610290171,202610290172,202610290173,202610290174,EMPTY_AND_IDLE,HPP,300.000000000,374.929084336,FULL_DRAIN,AnyLogic,8.9.9.202607020720,NOT_CALIBRATED,COMPARATIVE_WHAT_IF_ONLY,PENDING_VALIDATION,COMPLETE
1.0,OP_CONFIRM_EXACT95_HIGH_CAPACITY_SECURITY_PLUS_4,a9364c0ce0bb791d9df3e0ce27f0dbff6f9ec2b51a813d48d21b79e2344018d1,TASK3_OPERATIONAL_POOLED_V1,CAPACITY_SECURITY_PLUS_4,CAPACITY,REFERENCE_ASSUMPTION_SANDBOX_V1,LOCAL_WINDOW_HPP_EXACT95_HIGH,18,202607290000,202610290181,202610290182,202610290183,202610290184,EMPTY_AND_IDLE,HPP,300.000000000,405.955538258,FULL_DRAIN,AnyLogic,8.9.9.202607020720,NOT_CALIBRATED,COMPARATIVE_WHAT_IF_ONLY,PENDING_VALIDATION,COMPLETE
1.0,OP_CONFIRM_EXACT95_HIGH_CAPACITY_SECURITY_PLUS_4,a9364c0ce0bb791d9df3e0ce27f0dbff6f9ec2b51a813d48d21b79e2344018d1,TASK3_OPERATIONAL_POOLED_V1,CAPACITY_SECURITY_PLUS_4,CAPACITY,REFERENCE_ASSUMPTION_SANDBOX_V1,LOCAL_WINDOW_HPP_EXACT95_HIGH,19,202607290000,202610290191,202610290192,202610290193,202610290194,EMPTY_AND_IDLE,HPP,300.000000000,375.797917060,FULL_DRAIN,AnyLogic,8.9.9.202607020720,NOT_CALIBRATED,COMPARATIVE_WHAT_IF_ONLY,PENDING_VALIDATION,COMPLETE
1.0,OP_CONFIRM_EXACT95_HIGH_CAPACITY_SECURITY_PLUS_4,a9364c0ce0bb791d9df3e0ce27f0dbff6f9ec2b51a813d48d21b79e2344018d1,TASK3_OPERATIONAL_POOLED_V1,CAPACITY_SECURITY_PLUS_4,CAPACITY,REFERENCE_ASSUMPTION_SANDBOX_V1,LOCAL_WINDOW_HPP_EXACT95_HIGH,20,202607290000,202610290201,202610290202,202610290203,202610290204,EMPTY_AND_IDLE,HPP,300.000000000,395.395693231,FULL_DRAIN,AnyLogic,8.9.9.202607020720,NOT_CALIBRATED,COMPARATIVE_WHAT_IF_ONLY,PENDING_VALIDATION,COMPLETE
1.0,OP_CONFIRM_EXACT95_HIGH_CAPACITY_SECURITY_PLUS_4,a9364c0ce0bb791d9df3e0ce27f0dbff6f9ec2b51a813d48d21b79e2344018d1,TASK3_OPERATIONAL_POOLED_V1,CAPACITY_SECURITY_PLUS_4,CAPACITY,REFERENCE_ASSUMPTION_SANDBOX_V1,LOCAL_WINDOW_HPP_EXACT95_HIGH,21,202607290000,202610290211,202610290212,202610290213,202610290214,EMPTY_AND_IDLE,HPP,300.000000000,377.141701474,FULL_DRAIN,AnyLogic,8.9.9.202607020720,NOT_CALIBRATED,COMPARATIVE_WHAT_IF_ONLY,PENDING_VALIDATION,COMPLETE
1.0,OP_CONFIRM_EXACT95_HIGH_CAPACITY_SECURITY_PLUS_4,a9364c0ce0bb791d9df3e0ce27f0dbff6f9ec2b51a813d48d21b79e2344018d1,TASK3_OPERATIONAL_POOLED_V1,CAPACITY_SECURITY_PLUS_4,CAPACITY,REFERENCE_ASSUMPTION_SANDBOX_V1,LOCAL_WINDOW_HPP_EXACT95_HIGH,22,202607290000,202610290221,202610290222,202610290223,202610290224,EMPTY_AND_IDLE,HPP,300.000000000,369.149014919,FULL_DRAIN,AnyLogic,8.9.9.202607020720,NOT_CALIBRATED,COMPARATIVE_WHAT_IF_ONLY,PENDING_VALIDATION,COMPLETE
1.0,OP_CONFIRM_EXACT95_HIGH_CAPACITY_SECURITY_PLUS_4,a9364c0ce0bb791d9df3e0ce27f0dbff6f9ec2b51a813d48d21b79e2344018d1,TASK3_OPERATIONAL_POOLED_V1,CAPACITY_SECURITY_PLUS_4,CAPACITY,REFERENCE_ASSUMPTION_SANDBOX_V1,LOCAL_WINDOW_HPP_EXACT95_HIGH,23,202607290000,202610290231,202610290232,202610290233,202610290234,EMPTY_AND_IDLE,HPP,300.000000000,392.810269830,FULL_DRAIN,AnyLogic,8.9.9.202607020720,NOT_CALIBRATED,COMPARATIVE_WHAT_IF_ONLY,PENDING_VALIDATION,COMPLETE
1.0,OP_CONFIRM_EXACT95_HIGH_CAPACITY_SECURITY_PLUS_4,a9364c0ce0bb791d9df3e0ce27f0dbff6f9ec2b51a813d48d21b79e2344018d1,TASK3_OPERATIONAL_POOLED_V1,CAPACITY_SECURITY_PLUS_4,CAPACITY,REFERENCE_ASSUMPTION_SANDBOX_V1,LOCAL_WINDOW_HPP_EXACT95_HIGH,24,202607290000,202610290241,202610290242,202610290243,202610290244,EMPTY_AND_IDLE,HPP,300.000000000,381.587679702,FULL_DRAIN,AnyLogic,8.9.9.202607020720,NOT_CALIBRATED,COMPARATIVE_WHAT_IF_ONLY,PENDING_VALIDATION,COMPLETE
1.0,OP_CONFIRM_EXACT95_HIGH_CAPACITY_SECURITY_PLUS_4,a9364c0ce0bb791d9df3e0ce27f0dbff6f9ec2b51a813d48d21b79e2344018d1,TASK3_OPERATIONAL_POOLED_V1,CAPACITY_SECURITY_PLUS_4,CAPACITY,REFERENCE_ASSUMPTION_SANDBOX_V1,LOCAL_WINDOW_HPP_EXACT95_HIGH,25,202607290000,202610290251,202610290252,202610290253,202610290254,EMPTY_AND_IDLE,HPP,300.000000000,362.294358568,FULL_DRAIN,AnyLogic,8.9.9.202607020720,NOT_CALIBRATED,COMPARATIVE_WHAT_IF_ONLY,PENDING_VALIDATION,COMPLETE
1.0,OP_CONFIRM_EXACT95_HIGH_CAPACITY_SECURITY_PLUS_4,a9364c0ce0bb791d9df3e0ce27f0dbff6f9ec2b51a813d48d21b79e2344018d1,TASK3_OPERATIONAL_POOLED_V1,CAPACITY_SECURITY_PLUS_4,CAPACITY,REFERENCE_ASSUMPTION_SANDBOX_V1,LOCAL_WINDOW_HPP_EXACT95_HIGH,26,202607290000,202610290261,202610290262,202610290263,202610290264,EMPTY_AND_IDLE,HPP,300.000000000,393.835481004,FULL_DRAIN,AnyLogic,8.9.9.202607020720,NOT_CALIBRATED,COMPARATIVE_WHAT_IF_ONLY,PENDING_VALIDATION,COMPLETE
1.0,OP_CONFIRM_EXACT95_HIGH_CAPACITY_SECURITY_PLUS_4,a9364c0ce0bb791d9df3e0ce27f0dbff6f9ec2b51a813d48d21b79e2344018d1,TASK3_OPERATIONAL_POOLED_V1,CAPACITY_SECURITY_PLUS_4,CAPACITY,REFERENCE_ASSUMPTION_SANDBOX_V1,LOCAL_WINDOW_HPP_EXACT95_HIGH,27,202607290000,202610290271,202610290272,202610290273,202610290274,EMPTY_AND_IDLE,HPP,300.000000000,383.634986974,FULL_DRAIN,AnyLogic,8.9.9.202607020720,NOT_CALIBRATED,COMPARATIVE_WHAT_IF_ONLY,PENDING_VALIDATION,COMPLETE
1.0,OP_CONFIRM_EXACT95_HIGH_CAPACITY_SECURITY_PLUS_4,a9364c0ce0bb791d9df3e0ce27f0dbff6f9ec2b51a813d48d21b79e2344018d1,TASK3_OPERATIONAL_POOLED_V1,CAPACITY_SECURITY_PLUS_4,CAPACITY,REFERENCE_ASSUMPTION_SANDBOX_V1,LOCAL_WINDOW_HPP_EXACT95_HIGH,28,202607290000,202610290281,202610290282,202610290283,202610290284,EMPTY_AND_IDLE,HPP,300.000000000,391.932595937,FULL_DRAIN,AnyLogic,8.9.9.202607020720,NOT_CALIBRATED,COMPARATIVE_WHAT_IF_ONLY,PENDING_VALIDATION,COMPLETE
1.0,OP_CONFIRM_EXACT95_HIGH_CAPACITY_SECURITY_PLUS_4,a9364c0ce0bb791d9df3e0ce27f0dbff6f9ec2b51a813d48d21b79e2344018d1,TASK3_OPERATIONAL_POOLED_V1,CAPACITY_SECURITY_PLUS_4,CAPACITY,REFERENCE_ASSUMPTION_SANDBOX_V1,LOCAL_WINDOW_HPP_EXACT95_HIGH,29,202607290000,202610290291,202610290292,202610290293,202610290294,EMPTY_AND_IDLE,HPP,300.000000000,352.834659171,FULL_DRAIN,AnyLogic,8.9.9.202607020720,NOT_CALIBRATED,COMPARATIVE_WHAT_IF_ONLY,PENDING_VALIDATION,COMPLETE
1.0,OP_CONFIRM_EXACT95_HIGH_CAPACITY_SECURITY_PLUS_4,a9364c0ce0bb791d9df3e0ce27f0dbff6f9ec2b51a813d48d21b79e2344018d1,TASK3_OPERATIONAL_POOLED_V1,CAPACITY_SECURITY_PLUS_4,CAPACITY,REFERENCE_ASSUMPTION_SANDBOX_V1,LOCAL_WINDOW_HPP_EXACT95_HIGH,30,202607290000,202610290301,202610290302,202610290303,202610290304,EMPTY_AND_IDLE,HPP,300.000000000,401.123862064,FULL_DRAIN,AnyLogic,8.9.9.202607020720,NOT_CALIBRATED,COMPARATIVE_WHAT_IF_ONLY,PENDING_VALIDATION,COMPLETE
1.0,OP_CONFIRM_EXACT95_HIGH_CAPACITY_SECURITY_PLUS_4,a9364c0ce0bb791d9df3e0ce27f0dbff6f9ec2b51a813d48d21b79e2344018d1,TASK3_OPERATIONAL_POOLED_V1,CAPACITY_SECURITY_PLUS_4,CAPACITY,REFERENCE_ASSUMPTION_SANDBOX_V1,LOCAL_WINDOW_HPP_EXACT95_HIGH,31,202607290000,202610290311,202610290312,202610290313,202610290314,EMPTY_AND_IDLE,HPP,300.000000000,405.171075688,FULL_DRAIN,AnyLogic,8.9.9.202607020720,NOT_CALIBRATED,COMPARATIVE_WHAT_IF_ONLY,PENDING_VALIDATION,COMPLETE
1.0,OP_CONFIRM_EXACT95_HIGH_CAPACITY_SECURITY_PLUS_4,a9364c0ce0bb791d9df3e0ce27f0dbff6f9ec2b51a813d48d21b79e2344018d1,TASK3_OPERATIONAL_POOLED_V1,CAPACITY_SECURITY_PLUS_4,CAPACITY,REFERENCE_ASSUMPTION_SANDBOX_V1,LOCAL_WINDOW_HPP_EXACT95_HIGH,32,202607290000,202610290321,202610290322,202610290323,202610290324,EMPTY_AND_IDLE,HPP,300.000000000,376.030865180,FULL_DRAIN,AnyLogic,8.9.9.202607020720,NOT_CALIBRATED,COMPARATIVE_WHAT_IF_ONLY,PENDING_VALIDATION,COMPLETE
1.0,OP_CONFIRM_EXACT95_HIGH_CAPACITY_SECURITY_PLUS_4,a9364c0ce0bb791d9df3e0ce27f0dbff6f9ec2b51a813d48d21b79e2344018d1,TASK3_OPERATIONAL_POOLED_V1,CAPACITY_SECURITY_PLUS_4,CAPACITY,REFERENCE_ASSUMPTION_SANDBOX_V1,LOCAL_WINDOW_HPP_EXACT95_HIGH,33,202607290000,202610290331,202610290332,202610290333,202610290334,EMPTY_AND_IDLE,HPP,300.000000000,389.502690959,FULL_DRAIN,AnyLogic,8.9.9.202607020720,NOT_CALIBRATED,COMPARATIVE_WHAT_IF_ONLY,PENDING_VALIDATION,COMPLETE
1.0,OP_CONFIRM_EXACT95_HIGH_CAPACITY_SECURITY_PLUS_4,a9364c0ce0bb791d9df3e0ce27f0dbff6f9ec2b51a813d48d21b79e2344018d1,TASK3_OPERATIONAL_POOLED_V1,CAPACITY_SECURITY_PLUS_4,CAPACITY,REFERENCE_ASSUMPTION_SANDBOX_V1,LOCAL_WINDOW_HPP_EXACT95_HIGH,34,202607290000,202610290341,202610290342,202610290343,202610290344,EMPTY_AND_IDLE,HPP,300.000000000,395.981370482,FULL_DRAIN,AnyLogic,8.9.9.202607020720,NOT_CALIBRATED,COMPARATIVE_WHAT_IF_ONLY,PENDING_VALIDATION,COMPLETE
1.0,OP_CONFIRM_EXACT95_HIGH_CAPACITY_SECURITY_PLUS_4,a9364c0ce0bb791d9df3e0ce27f0dbff6f9ec2b51a813d48d21b79e2344018d1,TASK3_OPERATIONAL_POOLED_V1,CAPACITY_SECURITY_PLUS_4,CAPACITY,REFERENCE_ASSUMPTION_SANDBOX_V1,LOCAL_WINDOW_HPP_EXACT95_HIGH,35,202607290000,202610290351,202610290352,202610290353,202610290354,EMPTY_AND_IDLE,HPP,300.000000000,374.502972463,FULL_DRAIN,AnyLogic,8.9.9.202607020720,NOT_CALIBRATED,COMPARATIVE_WHAT_IF_ONLY,PENDING_VALIDATION,COMPLETE
1.0,OP_CONFIRM_EXACT95_HIGH_CAPACITY_SECURITY_PLUS_4,a9364c0ce0bb791d9df3e0ce27f0dbff6f9ec2b51a813d48d21b79e2344018d1,TASK3_OPERATIONAL_POOLED_V1,CAPACITY_SECURITY_PLUS_4,CAPACITY,REFERENCE_ASSUMPTION_SANDBOX_V1,LOCAL_WINDOW_HPP_EXACT95_HIGH,36,202607290000,202610290361,202610290362,202610290363,202610290364,EMPTY_AND_IDLE,HPP,300.000000000,387.271942947,FULL_DRAIN,AnyLogic,8.9.9.202607020720,NOT_CALIBRATED,COMPARATIVE_WHAT_IF_ONLY,PENDING_VALIDATION,COMPLETE
1.0,OP_CONFIRM_EXACT95_HIGH_CAPACITY_SECURITY_PLUS_4,a9364c0ce0bb791d9df3e0ce27f0dbff6f9ec2b51a813d48d21b79e2344018d1,TASK3_OPERATIONAL_POOLED_V1,CAPACITY_SECURITY_PLUS_4,CAPACITY,REFERENCE_ASSUMPTION_SANDBOX_V1,LOCAL_WINDOW_HPP_EXACT95_HIGH,37,202607290000,202610290371,202610290372,202610290373,202610290374,EMPTY_AND_IDLE,HPP,300.000000000,379.255510047,FULL_DRAIN,AnyLogic,8.9.9.202607020720,NOT_CALIBRATED,COMPARATIVE_WHAT_IF_ONLY,PENDING_VALIDATION,COMPLETE
1.0,OP_CONFIRM_EXACT95_HIGH_CAPACITY_SECURITY_PLUS_4,a9364c0ce0bb791d9df3e0ce27f0dbff6f9ec2b51a813d48d21b79e2344018d1,TASK3_OPERATIONAL_POOLED_V1,CAPACITY_SECURITY_PLUS_4,CAPACITY,REFERENCE_ASSUMPTION_SANDBOX_V1,LOCAL_WINDOW_HPP_EXACT95_HIGH,38,202607290000,202610290381,202610290382,202610290383,202610290384,EMPTY_AND_IDLE,HPP,300.000000000,380.379357627,FULL_DRAIN,AnyLogic,8.9.9.202607020720,NOT_CALIBRATED,COMPARATIVE_WHAT_IF_ONLY,PENDING_VALIDATION,COMPLETE
1.0,OP_CONFIRM_EXACT95_HIGH_CAPACITY_SECURITY_PLUS_4,a9364c0ce0bb791d9df3e0ce27f0dbff6f9ec2b51a813d48d21b79e2344018d1,TASK3_OPERATIONAL_POOLED_V1,CAPACITY_SECURITY_PLUS_4,CAPACITY,REFERENCE_ASSUMPTION_SANDBOX_V1,LOCAL_WINDOW_HPP_EXACT95_HIGH,39,202607290000,202610290391,202610290392,202610290393,202610290394,EMPTY_AND_IDLE,HPP,300.000000000,393.398433193,FULL_DRAIN,AnyLogic,8.9.9.202607020720,NOT_CALIBRATED,COMPARATIVE_WHAT_IF_ONLY,PENDING_VALIDATION,COMPLETE
1.0,OP_CONFIRM_EXACT95_HIGH_CAPACITY_SECURITY_PLUS_4,a9364c0ce0bb791d9df3e0ce27f0dbff6f9ec2b51a813d48d21b79e2344018d1,TASK3_OPERATIONAL_POOLED_V1,CAPACITY_SECURITY_PLUS_4,CAPACITY,REFERENCE_ASSUMPTION_SANDBOX_V1,LOCAL_WINDOW_HPP_EXACT95_HIGH,40,202607290000,202610290401,202610290402,202610290403,202610290404,EMPTY_AND_IDLE,HPP,300.000000000,403.396599124,FULL_DRAIN,AnyLogic,8.9.9.202607020720,NOT_CALIBRATED,COMPARATIVE_WHAT_IF_ONLY,PENDING_VALIDATION,COMPLETE
1.0,OP_CONFIRM_EXACT95_HIGH_CAPACITY_SECURITY_PLUS_4,a9364c0ce0bb791d9df3e0ce27f0dbff6f9ec2b51a813d48d21b79e2344018d1,TASK3_OPERATIONAL_POOLED_V1,CAPACITY_SECURITY_PLUS_4,CAPACITY,REFERENCE_ASSUMPTION_SANDBOX_V1,LOCAL_WINDOW_HPP_EXACT95_HIGH,41,202607290000,202610290411,202610290412,202610290413,202610290414,EMPTY_AND_IDLE,HPP,300.000000000,382.214291633,FULL_DRAIN,AnyLogic,8.9.9.202607020720,NOT_CALIBRATED,COMPARATIVE_WHAT_IF_ONLY,PENDING_VALIDATION,COMPLETE
1.0,OP_CONFIRM_EXACT95_HIGH_CAPACITY_SECURITY_PLUS_4,a9364c0ce0bb791d9df3e0ce27f0dbff6f9ec2b51a813d48d21b79e2344018d1,TASK3_OPERATIONAL_POOLED_V1,CAPACITY_SECURITY_PLUS_4,CAPACITY,REFERENCE_ASSUMPTION_SANDBOX_V1,LOCAL_WINDOW_HPP_EXACT95_HIGH,42,202607290000,202610290421,202610290422,202610290423,202610290424,EMPTY_AND_IDLE,HPP,300.000000000,401.093140972,FULL_DRAIN,AnyLogic,8.9.9.202607020720,NOT_CALIBRATED,COMPARATIVE_WHAT_IF_ONLY,PENDING_VALIDATION,COMPLETE
1.0,OP_CONFIRM_EXACT95_HIGH_CAPACITY_SECURITY_PLUS_4,a9364c0ce0bb791d9df3e0ce27f0dbff6f9ec2b51a813d48d21b79e2344018d1,TASK3_OPERATIONAL_POOLED_V1,CAPACITY_SECURITY_PLUS_4,CAPACITY,REFERENCE_ASSUMPTION_SANDBOX_V1,LOCAL_WINDOW_HPP_EXACT95_HIGH,43,202607290000,202610290431,202610290432,202610290433,202610290434,EMPTY_AND_IDLE,HPP,300.000000000,384.279235744,FULL_DRAIN,AnyLogic,8.9.9.202607020720,NOT_CALIBRATED,COMPARATIVE_WHAT_IF_ONLY,PENDING_VALIDATION,COMPLETE
1.0,OP_CONFIRM_EXACT95_HIGH_CAPACITY_SECURITY_PLUS_4,a9364c0ce0bb791d9df3e0ce27f0dbff6f9ec2b51a813d48d21b79e2344018d1,TASK3_OPERATIONAL_POOLED_V1,CAPACITY_SECURITY_PLUS_4,CAPACITY,REFERENCE_ASSUMPTION_SANDBOX_V1,LOCAL_WINDOW_HPP_EXACT95_HIGH,44,202607290000,202610290441,202610290442,202610290443,202610290444,EMPTY_AND_IDLE,HPP,300.000000000,403.196860816,FULL_DRAIN,AnyLogic,8.9.9.202607020720,NOT_CALIBRATED,COMPARATIVE_WHAT_IF_ONLY,PENDING_VALIDATION,COMPLETE
1.0,OP_CONFIRM_EXACT95_HIGH_CAPACITY_SECURITY_PLUS_4,a9364c0ce0bb791d9df3e0ce27f0dbff6f9ec2b51a813d48d21b79e2344018d1,TASK3_OPERATIONAL_POOLED_V1,CAPACITY_SECURITY_PLUS_4,CAPACITY,REFERENCE_ASSUMPTION_SANDBOX_V1,LOCAL_WINDOW_HPP_EXACT95_HIGH,45,202607290000,202610290451,202610290452,202610290453,202610290454,EMPTY_AND_IDLE,HPP,300.000000000,410.586150430,FULL_DRAIN,AnyLogic,8.9.9.202607020720,NOT_CALIBRATED,COMPARATIVE_WHAT_IF_ONLY,PENDING_VALIDATION,COMPLETE
1.0,OP_CONFIRM_EXACT95_HIGH_CAPACITY_SECURITY_PLUS_4,a9364c0ce0bb791d9df3e0ce27f0dbff6f9ec2b51a813d48d21b79e2344018d1,TASK3_OPERATIONAL_POOLED_V1,CAPACITY_SECURITY_PLUS_4,CAPACITY,REFERENCE_ASSUMPTION_SANDBOX_V1,LOCAL_WINDOW_HPP_EXACT95_HIGH,46,202607290000,202610290461,202610290462,202610290463,202610290464,EMPTY_AND_IDLE,HPP,300.000000000,383.419245314,FULL_DRAIN,AnyLogic,8.9.9.202607020720,NOT_CALIBRATED,COMPARATIVE_WHAT_IF_ONLY,PENDING_VALIDATION,COMPLETE
1.0,OP_CONFIRM_EXACT95_HIGH_CAPACITY_SECURITY_PLUS_4,a9364c0ce0bb791d9df3e0ce27f0dbff6f9ec2b51a813d48d21b79e2344018d1,TASK3_OPERATIONAL_POOLED_V1,CAPACITY_SECURITY_PLUS_4,CAPACITY,REFERENCE_ASSUMPTION_SANDBOX_V1,LOCAL_WINDOW_HPP_EXACT95_HIGH,47,202607290000,202610290471,202610290472,202610290473,202610290474,EMPTY_AND_IDLE,HPP,300.000000000,357.911367635,FULL_DRAIN,AnyLogic,8.9.9.202607020720,NOT_CALIBRATED,COMPARATIVE_WHAT_IF_ONLY,PENDING_VALIDATION,COMPLETE
1.0,OP_CONFIRM_EXACT95_HIGH_CAPACITY_SECURITY_PLUS_4,a9364c0ce0bb791d9df3e0ce27f0dbff6f9ec2b51a813d48d21b79e2344018d1,TASK3_OPERATIONAL_POOLED_V1,CAPACITY_SECURITY_PLUS_4,CAPACITY,REFERENCE_ASSUMPTION_SANDBOX_V1,LOCAL_WINDOW_HPP_EXACT95_HIGH,48,202607290000,202610290481,202610290482,202610290483,202610290484,EMPTY_AND_IDLE,HPP,300.000000000,374.609167880,FULL_DRAIN,AnyLogic,8.9.9.202607020720,NOT_CALIBRATED,COMPARATIVE_WHAT_IF_ONLY,PENDING_VALIDATION,COMPLETE
1.0,OP_CONFIRM_EXACT95_HIGH_CAPACITY_SECURITY_PLUS_4,a9364c0ce0bb791d9df3e0ce27f0dbff6f9ec2b51a813d48d21b79e2344018d1,TASK3_OPERATIONAL_POOLED_V1,CAPACITY_SECURITY_PLUS_4,CAPACITY,REFERENCE_ASSUMPTION_SANDBOX_V1,LOCAL_WINDOW_HPP_EXACT95_HIGH,49,202607290000,202610290491,202610290492,202610290493,202610290494,EMPTY_AND_IDLE,HPP,300.000000000,387.520436238,FULL_DRAIN,AnyLogic,8.9.9.202607020720,NOT_CALIBRATED,COMPARATIVE_WHAT_IF_ONLY,PENDING_VALIDATION,COMPLETE
1.0,OP_CONFIRM_EXACT95_HIGH_CAPACITY_SECURITY_PLUS_4,a9364c0ce0bb791d9df3e0ce27f0dbff6f9ec2b51a813d48d21b79e2344018d1,TASK3_OPERATIONAL_POOLED_V1,CAPACITY_SECURITY_PLUS_4,CAPACITY,REFERENCE_ASSUMPTION_SANDBOX_V1,LOCAL_WINDOW_HPP_EXACT95_HIGH,50,202607290000,202610290501,202610290502,202610290503,202610290504,EMPTY_AND_IDLE,HPP,300.000000000,400.107643702,FULL_DRAIN,AnyLogic,8.9.9.202607020720,NOT_CALIBRATED,COMPARATIVE_WHAT_IF_ONLY,PENDING_VALIDATION,COMPLETE
1.0,OP_CONFIRM_EXACT95_LOW_CAPACITY_SECURITY_PLUS_4,a74f1c43d1e7330dabf9ae37612321af21799b456bd27f56db170446d229217d,TASK3_OPERATIONAL_POOLED_V1,CAPACITY_SECURITY_PLUS_4,CAPACITY,REFERENCE_ASSUMPTION_SANDBOX_V1,LOCAL_WINDOW_HPP_EXACT95_LOW,1,202607290000,202608290011,202608290012,202608290013,202608290014,EMPTY_AND_IDLE,HPP,300.000000000,333.378284734,FULL_DRAIN,AnyLogic,8.9.9.202607020720,NOT_CALIBRATED,COMPARATIVE_WHAT_IF_ONLY,PENDING_VALIDATION,COMPLETE
1.0,OP_CONFIRM_EXACT95_LOW_CAPACITY_SECURITY_PLUS_4,a74f1c43d1e7330dabf9ae37612321af21799b456bd27f56db170446d229217d,TASK3_OPERATIONAL_POOLED_V1,CAPACITY_SECURITY_PLUS_4,CAPACITY,REFERENCE_ASSUMPTION_SANDBOX_V1,LOCAL_WINDOW_HPP_EXACT95_LOW,2,202607290000,202608290021,202608290022,202608290023,202608290024,EMPTY_AND_IDLE,HPP,300.000000000,332.283944051,FULL_DRAIN,AnyLogic,8.9.9.202607020720,NOT_CALIBRATED,COMPARATIVE_WHAT_IF_ONLY,PENDING_VALIDATION,COMPLETE
1.0,OP_CONFIRM_EXACT95_LOW_CAPACITY_SECURITY_PLUS_4,a74f1c43d1e7330dabf9ae37612321af21799b456bd27f56db170446d229217d,TASK3_OPERATIONAL_POOLED_V1,CAPACITY_SECURITY_PLUS_4,CAPACITY,REFERENCE_ASSUMPTION_SANDBOX_V1,LOCAL_WINDOW_HPP_EXACT95_LOW,3,202607290000,202608290031,202608290032,202608290033,202608290034,EMPTY_AND_IDLE,HPP,300.000000000,334.763588245,FULL_DRAIN,AnyLogic,8.9.9.202607020720,NOT_CALIBRATED,COMPARATIVE_WHAT_IF_ONLY,PENDING_VALIDATION,COMPLETE
1.0,OP_CONFIRM_EXACT95_LOW_CAPACITY_SECURITY_PLUS_4,a74f1c43d1e7330dabf9ae37612321af21799b456bd27f56db170446d229217d,TASK3_OPERATIONAL_POOLED_V1,CAPACITY_SECURITY_PLUS_4,CAPACITY,REFERENCE_ASSUMPTION_SANDBOX_V1,LOCAL_WINDOW_HPP_EXACT95_LOW,4,202607290000,202608290041,202608290042,202608290043,202608290044,EMPTY_AND_IDLE,HPP,300.000000000,334.214032222,FULL_DRAIN,AnyLogic,8.9.9.202607020720,NOT_CALIBRATED,COMPARATIVE_WHAT_IF_ONLY,PENDING_VALIDATION,COMPLETE
1.0,OP_CONFIRM_EXACT95_LOW_CAPACITY_SECURITY_PLUS_4,a74f1c43d1e7330dabf9ae37612321af21799b456bd27f56db170446d229217d,TASK3_OPERATIONAL_POOLED_V1,CAPACITY_SECURITY_PLUS_4,CAPACITY,REFERENCE_ASSUMPTION_SANDBOX_V1,LOCAL_WINDOW_HPP_EXACT95_LOW,5,202607290000,202608290051,202608290052,202608290053,202608290054,EMPTY_AND_IDLE,HPP,300.000000000,333.398993631,FULL_DRAIN,AnyLogic,8.9.9.202607020720,NOT_CALIBRATED,COMPARATIVE_WHAT_IF_ONLY,PENDING_VALIDATION,COMPLETE
1.0,OP_CONFIRM_EXACT95_LOW_CAPACITY_SECURITY_PLUS_4,a74f1c43d1e7330dabf9ae37612321af21799b456bd27f56db170446d229217d,TASK3_OPERATIONAL_POOLED_V1,CAPACITY_SECURITY_PLUS_4,CAPACITY,REFERENCE_ASSUMPTION_SANDBOX_V1,LOCAL_WINDOW_HPP_EXACT95_LOW,6,202607290000,202608290061,202608290062,202608290063,202608290064,EMPTY_AND_IDLE,HPP,300.000000000,334.503790859,FULL_DRAIN,AnyLogic,8.9.9.202607020720,NOT_CALIBRATED,COMPARATIVE_WHAT_IF_ONLY,PENDING_VALIDATION,COMPLETE
1.0,OP_CONFIRM_EXACT95_LOW_CAPACITY_SECURITY_PLUS_4,a74f1c43d1e7330dabf9ae37612321af21799b456bd27f56db170446d229217d,TASK3_OPERATIONAL_POOLED_V1,CAPACITY_SECURITY_PLUS_4,CAPACITY,REFERENCE_ASSUMPTION_SANDBOX_V1,LOCAL_WINDOW_HPP_EXACT95_LOW,7,202607290000,202608290071,202608290072,202608290073,202608290074,EMPTY_AND_IDLE,HPP,300.000000000,334.009467665,FULL_DRAIN,AnyLogic,8.9.9.202607020720,NOT_CALIBRATED,COMPARATIVE_WHAT_IF_ONLY,PENDING_VALIDATION,COMPLETE
1.0,OP_CONFIRM_EXACT95_LOW_CAPACITY_SECURITY_PLUS_4,a74f1c43d1e7330dabf9ae37612321af21799b456bd27f56db170446d229217d,TASK3_OPERATIONAL_POOLED_V1,CAPACITY_SECURITY_PLUS_4,CAPACITY,REFERENCE_ASSUMPTION_SANDBOX_V1,LOCAL_WINDOW_HPP_EXACT95_LOW,8,202607290000,202608290081,202608290082,202608290083,202608290084,EMPTY_AND_IDLE,HPP,300.000000000,334.204293046,FULL_DRAIN,AnyLogic,8.9.9.202607020720,NOT_CALIBRATED,COMPARATIVE_WHAT_IF_ONLY,PENDING_VALIDATION,COMPLETE
1.0,OP_CONFIRM_EXACT95_LOW_CAPACITY_SECURITY_PLUS_4,a74f1c43d1e7330dabf9ae37612321af21799b456bd27f56db170446d229217d,TASK3_OPERATIONAL_POOLED_V1,CAPACITY_SECURITY_PLUS_4,CAPACITY,REFERENCE_ASSUMPTION_SANDBOX_V1,LOCAL_WINDOW_HPP_EXACT95_LOW,9,202607290000,202608290091,202608290092,202608290093,202608290094,EMPTY_AND_IDLE,HPP,300.000000000,334.651209542,FULL_DRAIN,AnyLogic,8.9.9.202607020720,NOT_CALIBRATED,COMPARATIVE_WHAT_IF_ONLY,PENDING_VALIDATION,COMPLETE
1.0,OP_CONFIRM_EXACT95_LOW_CAPACITY_SECURITY_PLUS_4,a74f1c43d1e7330dabf9ae37612321af21799b456bd27f56db170446d229217d,TASK3_OPERATIONAL_POOLED_V1,CAPACITY_SECURITY_PLUS_4,CAPACITY,REFERENCE_ASSUMPTION_SANDBOX_V1,LOCAL_WINDOW_HPP_EXACT95_LOW,10,202607290000,202608290101,202608290102,202608290103,202608290104,EMPTY_AND_IDLE,HPP,300.000000000,333.986965101,FULL_DRAIN,AnyLogic,8.9.9.202607020720,NOT_CALIBRATED,COMPARATIVE_WHAT_IF_ONLY,PENDING_VALIDATION,COMPLETE
1.0,OP_CONFIRM_EXACT95_LOW_CAPACITY_SECURITY_PLUS_4,a74f1c43d1e7330dabf9ae37612321af21799b456bd27f56db170446d229217d,TASK3_OPERATIONAL_POOLED_V1,CAPACITY_SECURITY_PLUS_4,CAPACITY,REFERENCE_ASSUMPTION_SANDBOX_V1,LOCAL_WINDOW_HPP_EXACT95_LOW,11,202607290000,202608290111,202608290112,202608290113,202608290114,EMPTY_AND_IDLE,HPP,300.000000000,334.383425690,FULL_DRAIN,AnyLogic,8.9.9.202607020720,NOT_CALIBRATED,COMPARATIVE_WHAT_IF_ONLY,PENDING_VALIDATION,COMPLETE
1.0,OP_CONFIRM_EXACT95_LOW_CAPACITY_SECURITY_PLUS_4,a74f1c43d1e7330dabf9ae37612321af21799b456bd27f56db170446d229217d,TASK3_OPERATIONAL_POOLED_V1,CAPACITY_SECURITY_PLUS_4,CAPACITY,REFERENCE_ASSUMPTION_SANDBOX_V1,LOCAL_WINDOW_HPP_EXACT95_LOW,12,202607290000,202608290121,202608290122,202608290123,202608290124,EMPTY_AND_IDLE,HPP,300.000000000,334.365001603,FULL_DRAIN,AnyLogic,8.9.9.202607020720,NOT_CALIBRATED,COMPARATIVE_WHAT_IF_ONLY,PENDING_VALIDATION,COMPLETE
1.0,OP_CONFIRM_EXACT95_LOW_CAPACITY_SECURITY_PLUS_4,a74f1c43d1e7330dabf9ae37612321af21799b456bd27f56db170446d229217d,TASK3_OPERATIONAL_POOLED_V1,CAPACITY_SECURITY_PLUS_4,CAPACITY,REFERENCE_ASSUMPTION_SANDBOX_V1,LOCAL_WINDOW_HPP_EXACT95_LOW,13,202607290000,202608290131,202608290132,202608290133,202608290134,EMPTY_AND_IDLE,HPP,300.000000000,334.664495631,FULL_DRAIN,AnyLogic,8.9.9.202607020720,NOT_CALIBRATED,COMPARATIVE_WHAT_IF_ONLY,PENDING_VALIDATION,COMPLETE
1.0,OP_CONFIRM_EXACT95_LOW_CAPACITY_SECURITY_PLUS_4,a74f1c43d1e7330dabf9ae37612321af21799b456bd27f56db170446d229217d,TASK3_OPERATIONAL_POOLED_V1,CAPACITY_SECURITY_PLUS_4,CAPACITY,REFERENCE_ASSUMPTION_SANDBOX_V1,LOCAL_WINDOW_HPP_EXACT95_LOW,14,202607290000,202608290141,202608290142,202608290143,202608290144,EMPTY_AND_IDLE,HPP,300.000000000,334.504039286,FULL_DRAIN,AnyLogic,8.9.9.202607020720,NOT_CALIBRATED,COMPARATIVE_WHAT_IF_ONLY,PENDING_VALIDATION,COMPLETE
1.0,OP_CONFIRM_EXACT95_LOW_CAPACITY_SECURITY_PLUS_4,a74f1c43d1e7330dabf9ae37612321af21799b456bd27f56db170446d229217d,TASK3_OPERATIONAL_POOLED_V1,CAPACITY_SECURITY_PLUS_4,CAPACITY,REFERENCE_ASSUMPTION_SANDBOX_V1,LOCAL_WINDOW_HPP_EXACT95_LOW,15,202607290000,202608290151,202608290152,202608290153,202608290154,EMPTY_AND_IDLE,HPP,300.000000000,334.767924815,FULL_DRAIN,AnyLogic,8.9.9.202607020720,NOT_CALIBRATED,COMPARATIVE_WHAT_IF_ONLY,PENDING_VALIDATION,COMPLETE
1.0,OP_CONFIRM_EXACT95_LOW_CAPACITY_SECURITY_PLUS_4,a74f1c43d1e7330dabf9ae37612321af21799b456bd27f56db170446d229217d,TASK3_OPERATIONAL_POOLED_V1,CAPACITY_SECURITY_PLUS_4,CAPACITY,REFERENCE_ASSUMPTION_SANDBOX_V1,LOCAL_WINDOW_HPP_EXACT95_LOW,16,202607290000,202608290161,202608290162,202608290163,202608290164,EMPTY_AND_IDLE,HPP,300.000000000,334.431918804,FULL_DRAIN,AnyLogic,8.9.9.202607020720,NOT_CALIBRATED,COMPARATIVE_WHAT_IF_ONLY,PENDING_VALIDATION,COMPLETE
1.0,OP_CONFIRM_EXACT95_LOW_CAPACITY_SECURITY_PLUS_4,a74f1c43d1e7330dabf9ae37612321af21799b456bd27f56db170446d229217d,TASK3_OPERATIONAL_POOLED_V1,CAPACITY_SECURITY_PLUS_4,CAPACITY,REFERENCE_ASSUMPTION_SANDBOX_V1,LOCAL_WINDOW_HPP_EXACT95_LOW,17,202607290000,202608290171,202608290172,202608290173,202608290174,EMPTY_AND_IDLE,HPP,300.000000000,334.762375366,FULL_DRAIN,AnyLogic,8.9.9.202607020720,NOT_CALIBRATED,COMPARATIVE_WHAT_IF_ONLY,PENDING_VALIDATION,COMPLETE
1.0,OP_CONFIRM_EXACT95_LOW_CAPACITY_SECURITY_PLUS_4,a74f1c43d1e7330dabf9ae37612321af21799b456bd27f56db170446d229217d,TASK3_OPERATIONAL_POOLED_V1,CAPACITY_SECURITY_PLUS_4,CAPACITY,REFERENCE_ASSUMPTION_SANDBOX_V1,LOCAL_WINDOW_HPP_EXACT95_LOW,18,202607290000,202608290181,202608290182,202608290183,202608290184,EMPTY_AND_IDLE,HPP,300.000000000,333.369913239,FULL_DRAIN,AnyLogic,8.9.9.202607020720,NOT_CALIBRATED,COMPARATIVE_WHAT_IF_ONLY,PENDING_VALIDATION,COMPLETE
1.0,OP_CONFIRM_EXACT95_LOW_CAPACITY_SECURITY_PLUS_4,a74f1c43d1e7330dabf9ae37612321af21799b456bd27f56db170446d229217d,TASK3_OPERATIONAL_POOLED_V1,CAPACITY_SECURITY_PLUS_4,CAPACITY,REFERENCE_ASSUMPTION_SANDBOX_V1,LOCAL_WINDOW_HPP_EXACT95_LOW,19,202607290000,202608290191,202608290192,202608290193,202608290194,EMPTY_AND_IDLE,HPP,300.000000000,334.345704763,FULL_DRAIN,AnyLogic,8.9.9.202607020720,NOT_CALIBRATED,COMPARATIVE_WHAT_IF_ONLY,PENDING_VALIDATION,COMPLETE
1.0,OP_CONFIRM_EXACT95_LOW_CAPACITY_SECURITY_PLUS_4,a74f1c43d1e7330dabf9ae37612321af21799b456bd27f56db170446d229217d,TASK3_OPERATIONAL_POOLED_V1,CAPACITY_SECURITY_PLUS_4,CAPACITY,REFERENCE_ASSUMPTION_SANDBOX_V1,LOCAL_WINDOW_HPP_EXACT95_LOW,20,202607290000,202608290201,202608290202,202608290203,202608290204,EMPTY_AND_IDLE,HPP,300.000000000,333.059981036,FULL_DRAIN,AnyLogic,8.9.9.202607020720,NOT_CALIBRATED,COMPARATIVE_WHAT_IF_ONLY,PENDING_VALIDATION,COMPLETE
1.0,OP_CONFIRM_EXACT95_LOW_CAPACITY_SECURITY_PLUS_4,a74f1c43d1e7330dabf9ae37612321af21799b456bd27f56db170446d229217d,TASK3_OPERATIONAL_POOLED_V1,CAPACITY_SECURITY_PLUS_4,CAPACITY,REFERENCE_ASSUMPTION_SANDBOX_V1,LOCAL_WINDOW_HPP_EXACT95_LOW,21,202607290000,202608290211,202608290212,202608290213,202608290214,EMPTY_AND_IDLE,HPP,300.000000000,334.383882730,FULL_DRAIN,AnyLogic,8.9.9.202607020720,NOT_CALIBRATED,COMPARATIVE_WHAT_IF_ONLY,PENDING_VALIDATION,COMPLETE
1.0,OP_CONFIRM_EXACT95_LOW_CAPACITY_SECURITY_PLUS_4,a74f1c43d1e7330dabf9ae37612321af21799b456bd27f56db170446d229217d,TASK3_OPERATIONAL_POOLED_V1,CAPACITY_SECURITY_PLUS_4,CAPACITY,REFERENCE_ASSUMPTION_SANDBOX_V1,LOCAL_WINDOW_HPP_EXACT95_LOW,22,202607290000,202608290221,202608290222,202608290223,202608290224,EMPTY_AND_IDLE,HPP,300.000000000,334.375348407,FULL_DRAIN,AnyLogic,8.9.9.202607020720,NOT_CALIBRATED,COMPARATIVE_WHAT_IF_ONLY,PENDING_VALIDATION,COMPLETE
1.0,OP_CONFIRM_EXACT95_LOW_CAPACITY_SECURITY_PLUS_4,a74f1c43d1e7330dabf9ae37612321af21799b456bd27f56db170446d229217d,TASK3_OPERATIONAL_POOLED_V1,CAPACITY_SECURITY_PLUS_4,CAPACITY,REFERENCE_ASSUMPTION_SANDBOX_V1,LOCAL_WINDOW_HPP_EXACT95_LOW,23,202607290000,202608290231,202608290232,202608290233,202608290234,EMPTY_AND_IDLE,HPP,300.000000000,333.884950245,FULL_DRAIN,AnyLogic,8.9.9.202607020720,NOT_CALIBRATED,COMPARATIVE_WHAT_IF_ONLY,PENDING_VALIDATION,COMPLETE
1.0,OP_CONFIRM_EXACT95_LOW_CAPACITY_SECURITY_PLUS_4,a74f1c43d1e7330dabf9ae37612321af21799b456bd27f56db170446d229217d,TASK3_OPERATIONAL_POOLED_V1,CAPACITY_SECURITY_PLUS_4,CAPACITY,REFERENCE_ASSUMPTION_SANDBOX_V1,LOCAL_WINDOW_HPP_EXACT95_LOW,24,202607290000,202608290241,202608290242,202608290243,202608290244,EMPTY_AND_IDLE,HPP,300.000000000,334.544159448,FULL_DRAIN,AnyLogic,8.9.9.202607020720,NOT_CALIBRATED,COMPARATIVE_WHAT_IF_ONLY,PENDING_VALIDATION,COMPLETE
1.0,OP_CONFIRM_EXACT95_LOW_CAPACITY_SECURITY_PLUS_4,a74f1c43d1e7330dabf9ae37612321af21799b456bd27f56db170446d229217d,TASK3_OPERATIONAL_POOLED_V1,CAPACITY_SECURITY_PLUS_4,CAPACITY,REFERENCE_ASSUMPTION_SANDBOX_V1,LOCAL_WINDOW_HPP_EXACT95_LOW,25,202607290000,202608290251,202608290252,202608290253,202608290254,EMPTY_AND_IDLE,HPP,300.000000000,333.803665910,FULL_DRAIN,AnyLogic,8.9.9.202607020720,NOT_CALIBRATED,COMPARATIVE_WHAT_IF_ONLY,PENDING_VALIDATION,COMPLETE
1.0,OP_CONFIRM_EXACT95_LOW_CAPACITY_SECURITY_PLUS_4,a74f1c43d1e7330dabf9ae37612321af21799b456bd27f56db170446d229217d,TASK3_OPERATIONAL_POOLED_V1,CAPACITY_SECURITY_PLUS_4,CAPACITY,REFERENCE_ASSUMPTION_SANDBOX_V1,LOCAL_WINDOW_HPP_EXACT95_LOW,26,202607290000,202608290261,202608290262,202608290263,202608290264,EMPTY_AND_IDLE,HPP,300.000000000,334.692628558,FULL_DRAIN,AnyLogic,8.9.9.202607020720,NOT_CALIBRATED,COMPARATIVE_WHAT_IF_ONLY,PENDING_VALIDATION,COMPLETE
1.0,OP_CONFIRM_EXACT95_LOW_CAPACITY_SECURITY_PLUS_4,a74f1c43d1e7330dabf9ae37612321af21799b456bd27f56db170446d229217d,TASK3_OPERATIONAL_POOLED_V1,CAPACITY_SECURITY_PLUS_4,CAPACITY,REFERENCE_ASSUMPTION_SANDBOX_V1,LOCAL_WINDOW_HPP_EXACT95_LOW,27,202607290000,202608290271,202608290272,202608290273,202608290274,EMPTY_AND_IDLE,HPP,300.000000000,332.497741530,FULL_DRAIN,AnyLogic,8.9.9.202607020720,NOT_CALIBRATED,COMPARATIVE_WHAT_IF_ONLY,PENDING_VALIDATION,COMPLETE
1.0,OP_CONFIRM_EXACT95_LOW_CAPACITY_SECURITY_PLUS_4,a74f1c43d1e7330dabf9ae37612321af21799b456bd27f56db170446d229217d,TASK3_OPERATIONAL_POOLED_V1,CAPACITY_SECURITY_PLUS_4,CAPACITY,REFERENCE_ASSUMPTION_SANDBOX_V1,LOCAL_WINDOW_HPP_EXACT95_LOW,28,202607290000,202608290281,202608290282,202608290283,202608290284,EMPTY_AND_IDLE,HPP,300.000000000,334.557393197,FULL_DRAIN,AnyLogic,8.9.9.202607020720,NOT_CALIBRATED,COMPARATIVE_WHAT_IF_ONLY,PENDING_VALIDATION,COMPLETE
1.0,OP_CONFIRM_EXACT95_LOW_CAPACITY_SECURITY_PLUS_4,a74f1c43d1e7330dabf9ae37612321af21799b456bd27f56db170446d229217d,TASK3_OPERATIONAL_POOLED_V1,CAPACITY_SECURITY_PLUS_4,CAPACITY,REFERENCE_ASSUMPTION_SANDBOX_V1,LOCAL_WINDOW_HPP_EXACT95_LOW,29,202607290000,202608290291,202608290292,202608290293,202608290294,EMPTY_AND_IDLE,HPP,300.000000000,334.055309304,FULL_DRAIN,AnyLogic,8.9.9.202607020720,NOT_CALIBRATED,COMPARATIVE_WHAT_IF_ONLY,PENDING_VALIDATION,COMPLETE
1.0,OP_CONFIRM_EXACT95_LOW_CAPACITY_SECURITY_PLUS_4,a74f1c43d1e7330dabf9ae37612321af21799b456bd27f56db170446d229217d,TASK3_OPERATIONAL_POOLED_V1,CAPACITY_SECURITY_PLUS_4,CAPACITY,REFERENCE_ASSUMPTION_SANDBOX_V1,LOCAL_WINDOW_HPP_EXACT95_LOW,30,202607290000,202608290301,202608290302,202608290303,202608290304,EMPTY_AND_IDLE,HPP,300.000000000,333.547081962,FULL_DRAIN,AnyLogic,8.9.9.202607020720,NOT_CALIBRATED,COMPARATIVE_WHAT_IF_ONLY,PENDING_VALIDATION,COMPLETE
1.0,OP_CONFIRM_EXACT95_LOW_CAPACITY_SECURITY_PLUS_4,a74f1c43d1e7330dabf9ae37612321af21799b456bd27f56db170446d229217d,TASK3_OPERATIONAL_POOLED_V1,CAPACITY_SECURITY_PLUS_4,CAPACITY,REFERENCE_ASSUMPTION_SANDBOX_V1,LOCAL_WINDOW_HPP_EXACT95_LOW,31,202607290000,202608290311,202608290312,202608290313,202608290314,EMPTY_AND_IDLE,HPP,300.000000000,332.500307393,FULL_DRAIN,AnyLogic,8.9.9.202607020720,NOT_CALIBRATED,COMPARATIVE_WHAT_IF_ONLY,PENDING_VALIDATION,COMPLETE
1.0,OP_CONFIRM_EXACT95_LOW_CAPACITY_SECURITY_PLUS_4,a74f1c43d1e7330dabf9ae37612321af21799b456bd27f56db170446d229217d,TASK3_OPERATIONAL_POOLED_V1,CAPACITY_SECURITY_PLUS_4,CAPACITY,REFERENCE_ASSUMPTION_SANDBOX_V1,LOCAL_WINDOW_HPP_EXACT95_LOW,32,202607290000,202608290321,202608290322,202608290323,202608290324,EMPTY_AND_IDLE,HPP,300.000000000,333.258766840,FULL_DRAIN,AnyLogic,8.9.9.202607020720,NOT_CALIBRATED,COMPARATIVE_WHAT_IF_ONLY,PENDING_VALIDATION,COMPLETE
1.0,OP_CONFIRM_EXACT95_LOW_CAPACITY_SECURITY_PLUS_4,a74f1c43d1e7330dabf9ae37612321af21799b456bd27f56db170446d229217d,TASK3_OPERATIONAL_POOLED_V1,CAPACITY_SECURITY_PLUS_4,CAPACITY,REFERENCE_ASSUMPTION_SANDBOX_V1,LOCAL_WINDOW_HPP_EXACT95_LOW,33,202607290000,202608290331,202608290332,202608290333,202608290334,EMPTY_AND_IDLE,HPP,300.000000000,333.353517328,FULL_DRAIN,AnyLogic,8.9.9.202607020720,NOT_CALIBRATED,COMPARATIVE_WHAT_IF_ONLY,PENDING_VALIDATION,COMPLETE
1.0,OP_CONFIRM_EXACT95_LOW_CAPACITY_SECURITY_PLUS_4,a74f1c43d1e7330dabf9ae37612321af21799b456bd27f56db170446d229217d,TASK3_OPERATIONAL_POOLED_V1,CAPACITY_SECURITY_PLUS_4,CAPACITY,REFERENCE_ASSUMPTION_SANDBOX_V1,LOCAL_WINDOW_HPP_EXACT95_LOW,34,202607290000,202608290341,202608290342,202608290343,202608290344,EMPTY_AND_IDLE,HPP,300.000000000,333.918653247,FULL_DRAIN,AnyLogic,8.9.9.202607020720,NOT_CALIBRATED,COMPARATIVE_WHAT_IF_ONLY,PENDING_VALIDATION,COMPLETE
1.0,OP_CONFIRM_EXACT95_LOW_CAPACITY_SECURITY_PLUS_4,a74f1c43d1e7330dabf9ae37612321af21799b456bd27f56db170446d229217d,TASK3_OPERATIONAL_POOLED_V1,CAPACITY_SECURITY_PLUS_4,CAPACITY,REFERENCE_ASSUMPTION_SANDBOX_V1,LOCAL_WINDOW_HPP_EXACT95_LOW,35,202607290000,202608290351,202608290352,202608290353,202608290354,EMPTY_AND_IDLE,HPP,300.000000000,334.031797309,FULL_DRAIN,AnyLogic,8.9.9.202607020720,NOT_CALIBRATED,COMPARATIVE_WHAT_IF_ONLY,PENDING_VALIDATION,COMPLETE
1.0,OP_CONFIRM_EXACT95_LOW_CAPACITY_SECURITY_PLUS_4,a74f1c43d1e7330dabf9ae37612321af21799b456bd27f56db170446d229217d,TASK3_OPERATIONAL_POOLED_V1,CAPACITY_SECURITY_PLUS_4,CAPACITY,REFERENCE_ASSUMPTION_SANDBOX_V1,LOCAL_WINDOW_HPP_EXACT95_LOW,36,202607290000,202608290361,202608290362,202608290363,202608290364,EMPTY_AND_IDLE,HPP,300.000000000,334.046219248,FULL_DRAIN,AnyLogic,8.9.9.202607020720,NOT_CALIBRATED,COMPARATIVE_WHAT_IF_ONLY,PENDING_VALIDATION,COMPLETE
1.0,OP_CONFIRM_EXACT95_LOW_CAPACITY_SECURITY_PLUS_4,a74f1c43d1e7330dabf9ae37612321af21799b456bd27f56db170446d229217d,TASK3_OPERATIONAL_POOLED_V1,CAPACITY_SECURITY_PLUS_4,CAPACITY,REFERENCE_ASSUMPTION_SANDBOX_V1,LOCAL_WINDOW_HPP_EXACT95_LOW,37,202607290000,202608290371,202608290372,202608290373,202608290374,EMPTY_AND_IDLE,HPP,300.000000000,334.078766339,FULL_DRAIN,AnyLogic,8.9.9.202607020720,NOT_CALIBRATED,COMPARATIVE_WHAT_IF_ONLY,PENDING_VALIDATION,COMPLETE
1.0,OP_CONFIRM_EXACT95_LOW_CAPACITY_SECURITY_PLUS_4,a74f1c43d1e7330dabf9ae37612321af21799b456bd27f56db170446d229217d,TASK3_OPERATIONAL_POOLED_V1,CAPACITY_SECURITY_PLUS_4,CAPACITY,REFERENCE_ASSUMPTION_SANDBOX_V1,LOCAL_WINDOW_HPP_EXACT95_LOW,38,202607290000,202608290381,202608290382,202608290383,202608290384,EMPTY_AND_IDLE,HPP,300.000000000,333.973818889,FULL_DRAIN,AnyLogic,8.9.9.202607020720,NOT_CALIBRATED,COMPARATIVE_WHAT_IF_ONLY,PENDING_VALIDATION,COMPLETE
1.0,OP_CONFIRM_EXACT95_LOW_CAPACITY_SECURITY_PLUS_4,a74f1c43d1e7330dabf9ae37612321af21799b456bd27f56db170446d229217d,TASK3_OPERATIONAL_POOLED_V1,CAPACITY_SECURITY_PLUS_4,CAPACITY,REFERENCE_ASSUMPTION_SANDBOX_V1,LOCAL_WINDOW_HPP_EXACT95_LOW,39,202607290000,202608290391,202608290392,202608290393,202608290394,EMPTY_AND_IDLE,HPP,300.000000000,333.227369168,FULL_DRAIN,AnyLogic,8.9.9.202607020720,NOT_CALIBRATED,COMPARATIVE_WHAT_IF_ONLY,PENDING_VALIDATION,COMPLETE
1.0,OP_CONFIRM_EXACT95_LOW_CAPACITY_SECURITY_PLUS_4,a74f1c43d1e7330dabf9ae37612321af21799b456bd27f56db170446d229217d,TASK3_OPERATIONAL_POOLED_V1,CAPACITY_SECURITY_PLUS_4,CAPACITY,REFERENCE_ASSUMPTION_SANDBOX_V1,LOCAL_WINDOW_HPP_EXACT95_LOW,40,202607290000,202608290401,202608290402,202608290403,202608290404,EMPTY_AND_IDLE,HPP,300.000000000,334.470914622,FULL_DRAIN,AnyLogic,8.9.9.202607020720,NOT_CALIBRATED,COMPARATIVE_WHAT_IF_ONLY,PENDING_VALIDATION,COMPLETE
1.0,OP_CONFIRM_EXACT95_LOW_CAPACITY_SECURITY_PLUS_4,a74f1c43d1e7330dabf9ae37612321af21799b456bd27f56db170446d229217d,TASK3_OPERATIONAL_POOLED_V1,CAPACITY_SECURITY_PLUS_4,CAPACITY,REFERENCE_ASSUMPTION_SANDBOX_V1,LOCAL_WINDOW_HPP_EXACT95_LOW,41,202607290000,202608290411,202608290412,202608290413,202608290414,EMPTY_AND_IDLE,HPP,300.000000000,334.039386969,FULL_DRAIN,AnyLogic,8.9.9.202607020720,NOT_CALIBRATED,COMPARATIVE_WHAT_IF_ONLY,PENDING_VALIDATION,COMPLETE
1.0,OP_CONFIRM_EXACT95_LOW_CAPACITY_SECURITY_PLUS_4,a74f1c43d1e7330dabf9ae37612321af21799b456bd27f56db170446d229217d,TASK3_OPERATIONAL_POOLED_V1,CAPACITY_SECURITY_PLUS_4,CAPACITY,REFERENCE_ASSUMPTION_SANDBOX_V1,LOCAL_WINDOW_HPP_EXACT95_LOW,42,202607290000,202608290421,202608290422,202608290423,202608290424,EMPTY_AND_IDLE,HPP,300.000000000,334.117691289,FULL_DRAIN,AnyLogic,8.9.9.202607020720,NOT_CALIBRATED,COMPARATIVE_WHAT_IF_ONLY,PENDING_VALIDATION,COMPLETE
1.0,OP_CONFIRM_EXACT95_LOW_CAPACITY_SECURITY_PLUS_4,a74f1c43d1e7330dabf9ae37612321af21799b456bd27f56db170446d229217d,TASK3_OPERATIONAL_POOLED_V1,CAPACITY_SECURITY_PLUS_4,CAPACITY,REFERENCE_ASSUMPTION_SANDBOX_V1,LOCAL_WINDOW_HPP_EXACT95_LOW,43,202607290000,202608290431,202608290432,202608290433,202608290434,EMPTY_AND_IDLE,HPP,300.000000000,334.595220486,FULL_DRAIN,AnyLogic,8.9.9.202607020720,NOT_CALIBRATED,COMPARATIVE_WHAT_IF_ONLY,PENDING_VALIDATION,COMPLETE
1.0,OP_CONFIRM_EXACT95_LOW_CAPACITY_SECURITY_PLUS_4,a74f1c43d1e7330dabf9ae37612321af21799b456bd27f56db170446d229217d,TASK3_OPERATIONAL_POOLED_V1,CAPACITY_SECURITY_PLUS_4,CAPACITY,REFERENCE_ASSUMPTION_SANDBOX_V1,LOCAL_WINDOW_HPP_EXACT95_LOW,44,202607290000,202608290441,202608290442,202608290443,202608290444,EMPTY_AND_IDLE,HPP,300.000000000,333.612131684,FULL_DRAIN,AnyLogic,8.9.9.202607020720,NOT_CALIBRATED,COMPARATIVE_WHAT_IF_ONLY,PENDING_VALIDATION,COMPLETE
1.0,OP_CONFIRM_EXACT95_LOW_CAPACITY_SECURITY_PLUS_4,a74f1c43d1e7330dabf9ae37612321af21799b456bd27f56db170446d229217d,TASK3_OPERATIONAL_POOLED_V1,CAPACITY_SECURITY_PLUS_4,CAPACITY,REFERENCE_ASSUMPTION_SANDBOX_V1,LOCAL_WINDOW_HPP_EXACT95_LOW,45,202607290000,202608290451,202608290452,202608290453,202608290454,EMPTY_AND_IDLE,HPP,300.000000000,332.705388082,FULL_DRAIN,AnyLogic,8.9.9.202607020720,NOT_CALIBRATED,COMPARATIVE_WHAT_IF_ONLY,PENDING_VALIDATION,COMPLETE
1.0,OP_CONFIRM_EXACT95_LOW_CAPACITY_SECURITY_PLUS_4,a74f1c43d1e7330dabf9ae37612321af21799b456bd27f56db170446d229217d,TASK3_OPERATIONAL_POOLED_V1,CAPACITY_SECURITY_PLUS_4,CAPACITY,REFERENCE_ASSUMPTION_SANDBOX_V1,LOCAL_WINDOW_HPP_EXACT95_LOW,46,202607290000,202608290461,202608290462,202608290463,202608290464,EMPTY_AND_IDLE,HPP,300.000000000,334.547763371,FULL_DRAIN,AnyLogic,8.9.9.202607020720,NOT_CALIBRATED,COMPARATIVE_WHAT_IF_ONLY,PENDING_VALIDATION,COMPLETE
1.0,OP_CONFIRM_EXACT95_LOW_CAPACITY_SECURITY_PLUS_4,a74f1c43d1e7330dabf9ae37612321af21799b456bd27f56db170446d229217d,TASK3_OPERATIONAL_POOLED_V1,CAPACITY_SECURITY_PLUS_4,CAPACITY,REFERENCE_ASSUMPTION_SANDBOX_V1,LOCAL_WINDOW_HPP_EXACT95_LOW,47,202607290000,202608290471,202608290472,202608290473,202608290474,EMPTY_AND_IDLE,HPP,300.000000000,329.184016045,FULL_DRAIN,AnyLogic,8.9.9.202607020720,NOT_CALIBRATED,COMPARATIVE_WHAT_IF_ONLY,PENDING_VALIDATION,COMPLETE
1.0,OP_CONFIRM_EXACT95_LOW_CAPACITY_SECURITY_PLUS_4,a74f1c43d1e7330dabf9ae37612321af21799b456bd27f56db170446d229217d,TASK3_OPERATIONAL_POOLED_V1,CAPACITY_SECURITY_PLUS_4,CAPACITY,REFERENCE_ASSUMPTION_SANDBOX_V1,LOCAL_WINDOW_HPP_EXACT95_LOW,48,202607290000,202608290481,202608290482,202608290483,202608290484,EMPTY_AND_IDLE,HPP,300.000000000,334.462782154,FULL_DRAIN,AnyLogic,8.9.9.202607020720,NOT_CALIBRATED,COMPARATIVE_WHAT_IF_ONLY,PENDING_VALIDATION,COMPLETE
1.0,OP_CONFIRM_EXACT95_LOW_CAPACITY_SECURITY_PLUS_4,a74f1c43d1e7330dabf9ae37612321af21799b456bd27f56db170446d229217d,TASK3_OPERATIONAL_POOLED_V1,CAPACITY_SECURITY_PLUS_4,CAPACITY,REFERENCE_ASSUMPTION_SANDBOX_V1,LOCAL_WINDOW_HPP_EXACT95_LOW,49,202607290000,202608290491,202608290492,202608290493,202608290494,EMPTY_AND_IDLE,HPP,300.000000000,330.242669127,FULL_DRAIN,AnyLogic,8.9.9.202607020720,NOT_CALIBRATED,COMPARATIVE_WHAT_IF_ONLY,PENDING_VALIDATION,COMPLETE
1.0,OP_CONFIRM_EXACT95_LOW_CAPACITY_SECURITY_PLUS_4,a74f1c43d1e7330dabf9ae37612321af21799b456bd27f56db170446d229217d,TASK3_OPERATIONAL_POOLED_V1,CAPACITY_SECURITY_PLUS_4,CAPACITY,REFERENCE_ASSUMPTION_SANDBOX_V1,LOCAL_WINDOW_HPP_EXACT95_LOW,50,202607290000,202608290501,202608290502,202608290503,202608290504,EMPTY_AND_IDLE,HPP,300.000000000,334.204179571,FULL_DRAIN,AnyLogic,8.9.9.202607020720,NOT_CALIBRATED,COMPARATIVE_WHAT_IF_ONLY,PENDING_VALIDATION,COMPLETE
1.0,OP_CONFIRM_MLE_BASE_REFERENCE_ASSUMPTION_SANDBOX_V1,369372d7e06066baf12416f63c9b12a0af11b1ef17459431e126a703ba4c7eae,TASK3_OPERATIONAL_POOLED_V1,REFERENCE_ASSUMPTION_SANDBOX_V1,REFERENCE,REFERENCE_ASSUMPTION_SANDBOX_V1,LOCAL_WINDOW_HPP_BASE,1,202607290000,202609290011,202609290012,202609290013,202609290014,EMPTY_AND_IDLE,HPP,300.000000000,334.701527801,FULL_DRAIN,AnyLogic,8.9.9.202607020720,NOT_CALIBRATED,COMPARATIVE_WHAT_IF_ONLY,PENDING_VALIDATION,COMPLETE
1.0,OP_CONFIRM_MLE_BASE_REFERENCE_ASSUMPTION_SANDBOX_V1,369372d7e06066baf12416f63c9b12a0af11b1ef17459431e126a703ba4c7eae,TASK3_OPERATIONAL_POOLED_V1,REFERENCE_ASSUMPTION_SANDBOX_V1,REFERENCE,REFERENCE_ASSUMPTION_SANDBOX_V1,LOCAL_WINDOW_HPP_BASE,2,202607290000,202609290021,202609290022,202609290023,202609290024,EMPTY_AND_IDLE,HPP,300.000000000,340.938161730,FULL_DRAIN,AnyLogic,8.9.9.202607020720,NOT_CALIBRATED,COMPARATIVE_WHAT_IF_ONLY,PENDING_VALIDATION,COMPLETE
1.0,OP_CONFIRM_MLE_BASE_REFERENCE_ASSUMPTION_SANDBOX_V1,369372d7e06066baf12416f63c9b12a0af11b1ef17459431e126a703ba4c7eae,TASK3_OPERATIONAL_POOLED_V1,REFERENCE_ASSUMPTION_SANDBOX_V1,REFERENCE,REFERENCE_ASSUMPTION_SANDBOX_V1,LOCAL_WINDOW_HPP_BASE,3,202607290000,202609290031,202609290032,202609290033,202609290034,EMPTY_AND_IDLE,HPP,300.000000000,334.760392420,FULL_DRAIN,AnyLogic,8.9.9.202607020720,NOT_CALIBRATED,COMPARATIVE_WHAT_IF_ONLY,PENDING_VALIDATION,COMPLETE
1.0,OP_CONFIRM_MLE_BASE_REFERENCE_ASSUMPTION_SANDBOX_V1,369372d7e06066baf12416f63c9b12a0af11b1ef17459431e126a703ba4c7eae,TASK3_OPERATIONAL_POOLED_V1,REFERENCE_ASSUMPTION_SANDBOX_V1,REFERENCE,REFERENCE_ASSUMPTION_SANDBOX_V1,LOCAL_WINDOW_HPP_BASE,4,202607290000,202609290041,202609290042,202609290043,202609290044,EMPTY_AND_IDLE,HPP,300.000000000,335.403470296,FULL_DRAIN,AnyLogic,8.9.9.202607020720,NOT_CALIBRATED,COMPARATIVE_WHAT_IF_ONLY,PENDING_VALIDATION,COMPLETE
1.0,OP_CONFIRM_MLE_BASE_REFERENCE_ASSUMPTION_SANDBOX_V1,369372d7e06066baf12416f63c9b12a0af11b1ef17459431e126a703ba4c7eae,TASK3_OPERATIONAL_POOLED_V1,REFERENCE_ASSUMPTION_SANDBOX_V1,REFERENCE,REFERENCE_ASSUMPTION_SANDBOX_V1,LOCAL_WINDOW_HPP_BASE,5,202607290000,202609290051,202609290052,202609290053,202609290054,EMPTY_AND_IDLE,HPP,300.000000000,333.557018640,FULL_DRAIN,AnyLogic,8.9.9.202607020720,NOT_CALIBRATED,COMPARATIVE_WHAT_IF_ONLY,PENDING_VALIDATION,COMPLETE
1.0,OP_CONFIRM_MLE_BASE_REFERENCE_ASSUMPTION_SANDBOX_V1,369372d7e06066baf12416f63c9b12a0af11b1ef17459431e126a703ba4c7eae,TASK3_OPERATIONAL_POOLED_V1,REFERENCE_ASSUMPTION_SANDBOX_V1,REFERENCE,REFERENCE_ASSUMPTION_SANDBOX_V1,LOCAL_WINDOW_HPP_BASE,6,202607290000,202609290061,202609290062,202609290063,202609290064,EMPTY_AND_IDLE,HPP,300.000000000,332.893710211,FULL_DRAIN,AnyLogic,8.9.9.202607020720,NOT_CALIBRATED,COMPARATIVE_WHAT_IF_ONLY,PENDING_VALIDATION,COMPLETE
1.0,OP_CONFIRM_MLE_BASE_REFERENCE_ASSUMPTION_SANDBOX_V1,369372d7e06066baf12416f63c9b12a0af11b1ef17459431e126a703ba4c7eae,TASK3_OPERATIONAL_POOLED_V1,REFERENCE_ASSUMPTION_SANDBOX_V1,REFERENCE,REFERENCE_ASSUMPTION_SANDBOX_V1,LOCAL_WINDOW_HPP_BASE,7,202607290000,202609290071,202609290072,202609290073,202609290074,EMPTY_AND_IDLE,HPP,300.000000000,334.942694913,FULL_DRAIN,AnyLogic,8.9.9.202607020720,NOT_CALIBRATED,COMPARATIVE_WHAT_IF_ONLY,PENDING_VALIDATION,COMPLETE
1.0,OP_CONFIRM_MLE_BASE_REFERENCE_ASSUMPTION_SANDBOX_V1,369372d7e06066baf12416f63c9b12a0af11b1ef17459431e126a703ba4c7eae,TASK3_OPERATIONAL_POOLED_V1,REFERENCE_ASSUMPTION_SANDBOX_V1,REFERENCE,REFERENCE_ASSUMPTION_SANDBOX_V1,LOCAL_WINDOW_HPP_BASE,8,202607290000,202609290081,202609290082,202609290083,202609290084,EMPTY_AND_IDLE,HPP,300.000000000,333.652413957,FULL_DRAIN,AnyLogic,8.9.9.202607020720,NOT_CALIBRATED,COMPARATIVE_WHAT_IF_ONLY,PENDING_VALIDATION,COMPLETE
1.0,OP_CONFIRM_MLE_BASE_REFERENCE_ASSUMPTION_SANDBOX_V1,369372d7e06066baf12416f63c9b12a0af11b1ef17459431e126a703ba4c7eae,TASK3_OPERATIONAL_POOLED_V1,REFERENCE_ASSUMPTION_SANDBOX_V1,REFERENCE,REFERENCE_ASSUMPTION_SANDBOX_V1,LOCAL_WINDOW_HPP_BASE,9,202607290000,202609290091,202609290092,202609290093,202609290094,EMPTY_AND_IDLE,HPP,300.000000000,333.857083782,FULL_DRAIN,AnyLogic,8.9.9.202607020720,NOT_CALIBRATED,COMPARATIVE_WHAT_IF_ONLY,PENDING_VALIDATION,COMPLETE
1.0,OP_CONFIRM_MLE_BASE_REFERENCE_ASSUMPTION_SANDBOX_V1,369372d7e06066baf12416f63c9b12a0af11b1ef17459431e126a703ba4c7eae,TASK3_OPERATIONAL_POOLED_V1,REFERENCE_ASSUMPTION_SANDBOX_V1,REFERENCE,REFERENCE_ASSUMPTION_SANDBOX_V1,LOCAL_WINDOW_HPP_BASE,10,202607290000,202609290101,202609290102,202609290103,202609290104,EMPTY_AND_IDLE,HPP,300.000000000,334.733050789,FULL_DRAIN,AnyLogic,8.9.9.202607020720,NOT_CALIBRATED,COMPARATIVE_WHAT_IF_ONLY,PENDING_VALIDATION,COMPLETE
1.0,OP_CONFIRM_MLE_BASE_REFERENCE_ASSUMPTION_SANDBOX_V1,369372d7e06066baf12416f63c9b12a0af11b1ef17459431e126a703ba4c7eae,TASK3_OPERATIONAL_POOLED_V1,REFERENCE_ASSUMPTION_SANDBOX_V1,REFERENCE,REFERENCE_ASSUMPTION_SANDBOX_V1,LOCAL_WINDOW_HPP_BASE,11,202607290000,202609290111,202609290112,202609290113,202609290114,EMPTY_AND_IDLE,HPP,300.000000000,334.795505588,FULL_DRAIN,AnyLogic,8.9.9.202607020720,NOT_CALIBRATED,COMPARATIVE_WHAT_IF_ONLY,PENDING_VALIDATION,COMPLETE
1.0,OP_CONFIRM_MLE_BASE_REFERENCE_ASSUMPTION_SANDBOX_V1,369372d7e06066baf12416f63c9b12a0af11b1ef17459431e126a703ba4c7eae,TASK3_OPERATIONAL_POOLED_V1,REFERENCE_ASSUMPTION_SANDBOX_V1,REFERENCE,REFERENCE_ASSUMPTION_SANDBOX_V1,LOCAL_WINDOW_HPP_BASE,12,202607290000,202609290121,202609290122,202609290123,202609290124,EMPTY_AND_IDLE,HPP,300.000000000,334.673639871,FULL_DRAIN,AnyLogic,8.9.9.202607020720,NOT_CALIBRATED,COMPARATIVE_WHAT_IF_ONLY,PENDING_VALIDATION,COMPLETE
1.0,OP_CONFIRM_MLE_BASE_REFERENCE_ASSUMPTION_SANDBOX_V1,369372d7e06066baf12416f63c9b12a0af11b1ef17459431e126a703ba4c7eae,TASK3_OPERATIONAL_POOLED_V1,REFERENCE_ASSUMPTION_SANDBOX_V1,REFERENCE,REFERENCE_ASSUMPTION_SANDBOX_V1,LOCAL_WINDOW_HPP_BASE,13,202607290000,202609290131,202609290132,202609290133,202609290134,EMPTY_AND_IDLE,HPP,300.000000000,334.623415863,FULL_DRAIN,AnyLogic,8.9.9.202607020720,NOT_CALIBRATED,COMPARATIVE_WHAT_IF_ONLY,PENDING_VALIDATION,COMPLETE
1.0,OP_CONFIRM_MLE_BASE_REFERENCE_ASSUMPTION_SANDBOX_V1,369372d7e06066baf12416f63c9b12a0af11b1ef17459431e126a703ba4c7eae,TASK3_OPERATIONAL_POOLED_V1,REFERENCE_ASSUMPTION_SANDBOX_V1,REFERENCE,REFERENCE_ASSUMPTION_SANDBOX_V1,LOCAL_WINDOW_HPP_BASE,14,202607290000,202609290141,202609290142,202609290143,202609290144,EMPTY_AND_IDLE,HPP,300.000000000,333.719484820,FULL_DRAIN,AnyLogic,8.9.9.202607020720,NOT_CALIBRATED,COMPARATIVE_WHAT_IF_ONLY,PENDING_VALIDATION,COMPLETE
1.0,OP_CONFIRM_MLE_BASE_REFERENCE_ASSUMPTION_SANDBOX_V1,369372d7e06066baf12416f63c9b12a0af11b1ef17459431e126a703ba4c7eae,TASK3_OPERATIONAL_POOLED_V1,REFERENCE_ASSUMPTION_SANDBOX_V1,REFERENCE,REFERENCE_ASSUMPTION_SANDBOX_V1,LOCAL_WINDOW_HPP_BASE,15,202607290000,202609290151,202609290152,202609290153,202609290154,EMPTY_AND_IDLE,HPP,300.000000000,333.864251907,FULL_DRAIN,AnyLogic,8.9.9.202607020720,NOT_CALIBRATED,COMPARATIVE_WHAT_IF_ONLY,PENDING_VALIDATION,COMPLETE
1.0,OP_CONFIRM_MLE_BASE_REFERENCE_ASSUMPTION_SANDBOX_V1,369372d7e06066baf12416f63c9b12a0af11b1ef17459431e126a703ba4c7eae,TASK3_OPERATIONAL_POOLED_V1,REFERENCE_ASSUMPTION_SANDBOX_V1,REFERENCE,REFERENCE_ASSUMPTION_SANDBOX_V1,LOCAL_WINDOW_HPP_BASE,16,202607290000,202609290161,202609290162,202609290163,202609290164,EMPTY_AND_IDLE,HPP,300.000000000,336.858360916,FULL_DRAIN,AnyLogic,8.9.9.202607020720,NOT_CALIBRATED,COMPARATIVE_WHAT_IF_ONLY,PENDING_VALIDATION,COMPLETE
1.0,OP_CONFIRM_MLE_BASE_REFERENCE_ASSUMPTION_SANDBOX_V1,369372d7e06066baf12416f63c9b12a0af11b1ef17459431e126a703ba4c7eae,TASK3_OPERATIONAL_POOLED_V1,REFERENCE_ASSUMPTION_SANDBOX_V1,REFERENCE,REFERENCE_ASSUMPTION_SANDBOX_V1,LOCAL_WINDOW_HPP_BASE,17,202607290000,202609290171,202609290172,202609290173,202609290174,EMPTY_AND_IDLE,HPP,300.000000000,334.256800365,FULL_DRAIN,AnyLogic,8.9.9.202607020720,NOT_CALIBRATED,COMPARATIVE_WHAT_IF_ONLY,PENDING_VALIDATION,COMPLETE
1.0,OP_CONFIRM_MLE_BASE_REFERENCE_ASSUMPTION_SANDBOX_V1,369372d7e06066baf12416f63c9b12a0af11b1ef17459431e126a703ba4c7eae,TASK3_OPERATIONAL_POOLED_V1,REFERENCE_ASSUMPTION_SANDBOX_V1,REFERENCE,REFERENCE_ASSUMPTION_SANDBOX_V1,LOCAL_WINDOW_HPP_BASE,18,202607290000,202609290181,202609290182,202609290183,202609290184,EMPTY_AND_IDLE,HPP,300.000000000,334.189920297,FULL_DRAIN,AnyLogic,8.9.9.202607020720,NOT_CALIBRATED,COMPARATIVE_WHAT_IF_ONLY,PENDING_VALIDATION,COMPLETE
1.0,OP_CONFIRM_MLE_BASE_REFERENCE_ASSUMPTION_SANDBOX_V1,369372d7e06066baf12416f63c9b12a0af11b1ef17459431e126a703ba4c7eae,TASK3_OPERATIONAL_POOLED_V1,REFERENCE_ASSUMPTION_SANDBOX_V1,REFERENCE,REFERENCE_ASSUMPTION_SANDBOX_V1,LOCAL_WINDOW_HPP_BASE,19,202607290000,202609290191,202609290192,202609290193,202609290194,EMPTY_AND_IDLE,HPP,300.000000000,337.327171625,FULL_DRAIN,AnyLogic,8.9.9.202607020720,NOT_CALIBRATED,COMPARATIVE_WHAT_IF_ONLY,PENDING_VALIDATION,COMPLETE
1.0,OP_CONFIRM_MLE_BASE_REFERENCE_ASSUMPTION_SANDBOX_V1,369372d7e06066baf12416f63c9b12a0af11b1ef17459431e126a703ba4c7eae,TASK3_OPERATIONAL_POOLED_V1,REFERENCE_ASSUMPTION_SANDBOX_V1,REFERENCE,REFERENCE_ASSUMPTION_SANDBOX_V1,LOCAL_WINDOW_HPP_BASE,20,202607290000,202609290201,202609290202,202609290203,202609290204,EMPTY_AND_IDLE,HPP,300.000000000,333.821416391,FULL_DRAIN,AnyLogic,8.9.9.202607020720,NOT_CALIBRATED,COMPARATIVE_WHAT_IF_ONLY,PENDING_VALIDATION,COMPLETE
1.0,OP_CONFIRM_MLE_BASE_REFERENCE_ASSUMPTION_SANDBOX_V1,369372d7e06066baf12416f63c9b12a0af11b1ef17459431e126a703ba4c7eae,TASK3_OPERATIONAL_POOLED_V1,REFERENCE_ASSUMPTION_SANDBOX_V1,REFERENCE,REFERENCE_ASSUMPTION_SANDBOX_V1,LOCAL_WINDOW_HPP_BASE,21,202607290000,202609290211,202609290212,202609290213,202609290214,EMPTY_AND_IDLE,HPP,300.000000000,336.725252561,FULL_DRAIN,AnyLogic,8.9.9.202607020720,NOT_CALIBRATED,COMPARATIVE_WHAT_IF_ONLY,PENDING_VALIDATION,COMPLETE
1.0,OP_CONFIRM_MLE_BASE_REFERENCE_ASSUMPTION_SANDBOX_V1,369372d7e06066baf12416f63c9b12a0af11b1ef17459431e126a703ba4c7eae,TASK3_OPERATIONAL_POOLED_V1,REFERENCE_ASSUMPTION_SANDBOX_V1,REFERENCE,REFERENCE_ASSUMPTION_SANDBOX_V1,LOCAL_WINDOW_HPP_BASE,22,202607290000,202609290221,202609290222,202609290223,202609290224,EMPTY_AND_IDLE,HPP,300.000000000,334.412573287,FULL_DRAIN,AnyLogic,8.9.9.202607020720,NOT_CALIBRATED,COMPARATIVE_WHAT_IF_ONLY,PENDING_VALIDATION,COMPLETE
1.0,OP_CONFIRM_MLE_BASE_REFERENCE_ASSUMPTION_SANDBOX_V1,369372d7e06066baf12416f63c9b12a0af11b1ef17459431e126a703ba4c7eae,TASK3_OPERATIONAL_POOLED_V1,REFERENCE_ASSUMPTION_SANDBOX_V1,REFERENCE,REFERENCE_ASSUMPTION_SANDBOX_V1,LOCAL_WINDOW_HPP_BASE,23,202607290000,202609290231,202609290232,202609290233,202609290234,EMPTY_AND_IDLE,HPP,300.000000000,334.747190250,FULL_DRAIN,AnyLogic,8.9.9.202607020720,NOT_CALIBRATED,COMPARATIVE_WHAT_IF_ONLY,PENDING_VALIDATION,COMPLETE
1.0,OP_CONFIRM_MLE_BASE_REFERENCE_ASSUMPTION_SANDBOX_V1,369372d7e06066baf12416f63c9b12a0af11b1ef17459431e126a703ba4c7eae,TASK3_OPERATIONAL_POOLED_V1,REFERENCE_ASSUMPTION_SANDBOX_V1,REFERENCE,REFERENCE_ASSUMPTION_SANDBOX_V1,LOCAL_WINDOW_HPP_BASE,24,202607290000,202609290241,202609290242,202609290243,202609290244,EMPTY_AND_IDLE,HPP,300.000000000,338.467134862,FULL_DRAIN,AnyLogic,8.9.9.202607020720,NOT_CALIBRATED,COMPARATIVE_WHAT_IF_ONLY,PENDING_VALIDATION,COMPLETE
1.0,OP_CONFIRM_MLE_BASE_REFERENCE_ASSUMPTION_SANDBOX_V1,369372d7e06066baf12416f63c9b12a0af11b1ef17459431e126a703ba4c7eae,TASK3_OPERATIONAL_POOLED_V1,REFERENCE_ASSUMPTION_SANDBOX_V1,REFERENCE,REFERENCE_ASSUMPTION_SANDBOX_V1,LOCAL_WINDOW_HPP_BASE,25,202607290000,202609290251,202609290252,202609290253,202609290254,EMPTY_AND_IDLE,HPP,300.000000000,338.371411118,FULL_DRAIN,AnyLogic,8.9.9.202607020720,NOT_CALIBRATED,COMPARATIVE_WHAT_IF_ONLY,PENDING_VALIDATION,COMPLETE
1.0,OP_CONFIRM_MLE_BASE_REFERENCE_ASSUMPTION_SANDBOX_V1,369372d7e06066baf12416f63c9b12a0af11b1ef17459431e126a703ba4c7eae,TASK3_OPERATIONAL_POOLED_V1,REFERENCE_ASSUMPTION_SANDBOX_V1,REFERENCE,REFERENCE_ASSUMPTION_SANDBOX_V1,LOCAL_WINDOW_HPP_BASE,26,202607290000,202609290261,202609290262,202609290263,202609290264,EMPTY_AND_IDLE,HPP,300.000000000,334.010066237,FULL_DRAIN,AnyLogic,8.9.9.202607020720,NOT_CALIBRATED,COMPARATIVE_WHAT_IF_ONLY,PENDING_VALIDATION,COMPLETE
1.0,OP_CONFIRM_MLE_BASE_REFERENCE_ASSUMPTION_SANDBOX_V1,369372d7e06066baf12416f63c9b12a0af11b1ef17459431e126a703ba4c7eae,TASK3_OPERATIONAL_POOLED_V1,REFERENCE_ASSUMPTION_SANDBOX_V1,REFERENCE,REFERENCE_ASSUMPTION_SANDBOX_V1,LOCAL_WINDOW_HPP_BASE,27,202607290000,202609290271,202609290272,202609290273,202609290274,EMPTY_AND_IDLE,HPP,300.000000000,336.064699825,FULL_DRAIN,AnyLogic,8.9.9.202607020720,NOT_CALIBRATED,COMPARATIVE_WHAT_IF_ONLY,PENDING_VALIDATION,COMPLETE
1.0,OP_CONFIRM_MLE_BASE_REFERENCE_ASSUMPTION_SANDBOX_V1,369372d7e06066baf12416f63c9b12a0af11b1ef17459431e126a703ba4c7eae,TASK3_OPERATIONAL_POOLED_V1,REFERENCE_ASSUMPTION_SANDBOX_V1,REFERENCE,REFERENCE_ASSUMPTION_SANDBOX_V1,LOCAL_WINDOW_HPP_BASE,28,202607290000,202609290281,202609290282,202609290283,202609290284,EMPTY_AND_IDLE,HPP,300.000000000,333.879729785,FULL_DRAIN,AnyLogic,8.9.9.202607020720,NOT_CALIBRATED,COMPARATIVE_WHAT_IF_ONLY,PENDING_VALIDATION,COMPLETE
1.0,OP_CONFIRM_MLE_BASE_REFERENCE_ASSUMPTION_SANDBOX_V1,369372d7e06066baf12416f63c9b12a0af11b1ef17459431e126a703ba4c7eae,TASK3_OPERATIONAL_POOLED_V1,REFERENCE_ASSUMPTION_SANDBOX_V1,REFERENCE,REFERENCE_ASSUMPTION_SANDBOX_V1,LOCAL_WINDOW_HPP_BASE,29,202607290000,202609290291,202609290292,202609290293,202609290294,EMPTY_AND_IDLE,HPP,300.000000000,333.984371011,FULL_DRAIN,AnyLogic,8.9.9.202607020720,NOT_CALIBRATED,COMPARATIVE_WHAT_IF_ONLY,PENDING_VALIDATION,COMPLETE
1.0,OP_CONFIRM_MLE_BASE_REFERENCE_ASSUMPTION_SANDBOX_V1,369372d7e06066baf12416f63c9b12a0af11b1ef17459431e126a703ba4c7eae,TASK3_OPERATIONAL_POOLED_V1,REFERENCE_ASSUMPTION_SANDBOX_V1,REFERENCE,REFERENCE_ASSUMPTION_SANDBOX_V1,LOCAL_WINDOW_HPP_BASE,30,202607290000,202609290301,202609290302,202609290303,202609290304,EMPTY_AND_IDLE,HPP,300.000000000,337.163838330,FULL_DRAIN,AnyLogic,8.9.9.202607020720,NOT_CALIBRATED,COMPARATIVE_WHAT_IF_ONLY,PENDING_VALIDATION,COMPLETE
1.0,OP_CONFIRM_MLE_BASE_REFERENCE_ASSUMPTION_SANDBOX_V1,369372d7e06066baf12416f63c9b12a0af11b1ef17459431e126a703ba4c7eae,TASK3_OPERATIONAL_POOLED_V1,REFERENCE_ASSUMPTION_SANDBOX_V1,REFERENCE,REFERENCE_ASSUMPTION_SANDBOX_V1,LOCAL_WINDOW_HPP_BASE,31,202607290000,202609290311,202609290312,202609290313,202609290314,EMPTY_AND_IDLE,HPP,300.000000000,335.252251167,FULL_DRAIN,AnyLogic,8.9.9.202607020720,NOT_CALIBRATED,COMPARATIVE_WHAT_IF_ONLY,PENDING_VALIDATION,COMPLETE
1.0,OP_CONFIRM_MLE_BASE_REFERENCE_ASSUMPTION_SANDBOX_V1,369372d7e06066baf12416f63c9b12a0af11b1ef17459431e126a703ba4c7eae,TASK3_OPERATIONAL_POOLED_V1,REFERENCE_ASSUMPTION_SANDBOX_V1,REFERENCE,REFERENCE_ASSUMPTION_SANDBOX_V1,LOCAL_WINDOW_HPP_BASE,32,202607290000,202609290321,202609290322,202609290323,202609290324,EMPTY_AND_IDLE,HPP,300.000000000,335.608438186,FULL_DRAIN,AnyLogic,8.9.9.202607020720,NOT_CALIBRATED,COMPARATIVE_WHAT_IF_ONLY,PENDING_VALIDATION,COMPLETE
1.0,OP_CONFIRM_MLE_BASE_REFERENCE_ASSUMPTION_SANDBOX_V1,369372d7e06066baf12416f63c9b12a0af11b1ef17459431e126a703ba4c7eae,TASK3_OPERATIONAL_POOLED_V1,REFERENCE_ASSUMPTION_SANDBOX_V1,REFERENCE,REFERENCE_ASSUMPTION_SANDBOX_V1,LOCAL_WINDOW_HPP_BASE,33,202607290000,202609290331,202609290332,202609290333,202609290334,EMPTY_AND_IDLE,HPP,300.000000000,336.695958027,FULL_DRAIN,AnyLogic,8.9.9.202607020720,NOT_CALIBRATED,COMPARATIVE_WHAT_IF_ONLY,PENDING_VALIDATION,COMPLETE
1.0,OP_CONFIRM_MLE_BASE_REFERENCE_ASSUMPTION_SANDBOX_V1,369372d7e06066baf12416f63c9b12a0af11b1ef17459431e126a703ba4c7eae,TASK3_OPERATIONAL_POOLED_V1,REFERENCE_ASSUMPTION_SANDBOX_V1,REFERENCE,REFERENCE_ASSUMPTION_SANDBOX_V1,LOCAL_WINDOW_HPP_BASE,34,202607290000,202609290341,202609290342,202609290343,202609290344,EMPTY_AND_IDLE,HPP,300.000000000,338.339499534,FULL_DRAIN,AnyLogic,8.9.9.202607020720,NOT_CALIBRATED,COMPARATIVE_WHAT_IF_ONLY,PENDING_VALIDATION,COMPLETE
1.0,OP_CONFIRM_MLE_BASE_REFERENCE_ASSUMPTION_SANDBOX_V1,369372d7e06066baf12416f63c9b12a0af11b1ef17459431e126a703ba4c7eae,TASK3_OPERATIONAL_POOLED_V1,REFERENCE_ASSUMPTION_SANDBOX_V1,REFERENCE,REFERENCE_ASSUMPTION_SANDBOX_V1,LOCAL_WINDOW_HPP_BASE,35,202607290000,202609290351,202609290352,202609290353,202609290354,EMPTY_AND_IDLE,HPP,300.000000000,343.481421421,FULL_DRAIN,AnyLogic,8.9.9.202607020720,NOT_CALIBRATED,COMPARATIVE_WHAT_IF_ONLY,PENDING_VALIDATION,COMPLETE
1.0,OP_CONFIRM_MLE_BASE_REFERENCE_ASSUMPTION_SANDBOX_V1,369372d7e06066baf12416f63c9b12a0af11b1ef17459431e126a703ba4c7eae,TASK3_OPERATIONAL_POOLED_V1,REFERENCE_ASSUMPTION_SANDBOX_V1,REFERENCE,REFERENCE_ASSUMPTION_SANDBOX_V1,LOCAL_WINDOW_HPP_BASE,36,202607290000,202609290361,202609290362,202609290363,202609290364,EMPTY_AND_IDLE,HPP,300.000000000,335.262134136,FULL_DRAIN,AnyLogic,8.9.9.202607020720,NOT_CALIBRATED,COMPARATIVE_WHAT_IF_ONLY,PENDING_VALIDATION,COMPLETE
1.0,OP_CONFIRM_MLE_BASE_REFERENCE_ASSUMPTION_SANDBOX_V1,369372d7e06066baf12416f63c9b12a0af11b1ef17459431e126a703ba4c7eae,TASK3_OPERATIONAL_POOLED_V1,REFERENCE_ASSUMPTION_SANDBOX_V1,REFERENCE,REFERENCE_ASSUMPTION_SANDBOX_V1,LOCAL_WINDOW_HPP_BASE,37,202607290000,202609290371,202609290372,202609290373,202609290374,EMPTY_AND_IDLE,HPP,300.000000000,334.323681021,FULL_DRAIN,AnyLogic,8.9.9.202607020720,NOT_CALIBRATED,COMPARATIVE_WHAT_IF_ONLY,PENDING_VALIDATION,COMPLETE
1.0,OP_CONFIRM_MLE_BASE_REFERENCE_ASSUMPTION_SANDBOX_V1,369372d7e06066baf12416f63c9b12a0af11b1ef17459431e126a703ba4c7eae,TASK3_OPERATIONAL_POOLED_V1,REFERENCE_ASSUMPTION_SANDBOX_V1,REFERENCE,REFERENCE_ASSUMPTION_SANDBOX_V1,LOCAL_WINDOW_HPP_BASE,38,202607290000,202609290381,202609290382,202609290383,202609290384,EMPTY_AND_IDLE,HPP,300.000000000,334.203534405,FULL_DRAIN,AnyLogic,8.9.9.202607020720,NOT_CALIBRATED,COMPARATIVE_WHAT_IF_ONLY,PENDING_VALIDATION,COMPLETE
1.0,OP_CONFIRM_MLE_BASE_REFERENCE_ASSUMPTION_SANDBOX_V1,369372d7e06066baf12416f63c9b12a0af11b1ef17459431e126a703ba4c7eae,TASK3_OPERATIONAL_POOLED_V1,REFERENCE_ASSUMPTION_SANDBOX_V1,REFERENCE,REFERENCE_ASSUMPTION_SANDBOX_V1,LOCAL_WINDOW_HPP_BASE,39,202607290000,202609290391,202609290392,202609290393,202609290394,EMPTY_AND_IDLE,HPP,300.000000000,341.633966433,FULL_DRAIN,AnyLogic,8.9.9.202607020720,NOT_CALIBRATED,COMPARATIVE_WHAT_IF_ONLY,PENDING_VALIDATION,COMPLETE
1.0,OP_CONFIRM_MLE_BASE_REFERENCE_ASSUMPTION_SANDBOX_V1,369372d7e06066baf12416f63c9b12a0af11b1ef17459431e126a703ba4c7eae,TASK3_OPERATIONAL_POOLED_V1,REFERENCE_ASSUMPTION_SANDBOX_V1,REFERENCE,REFERENCE_ASSUMPTION_SANDBOX_V1,LOCAL_WINDOW_HPP_BASE,40,202607290000,202609290401,202609290402,202609290403,202609290404,EMPTY_AND_IDLE,HPP,300.000000000,335.272774441,FULL_DRAIN,AnyLogic,8.9.9.202607020720,NOT_CALIBRATED,COMPARATIVE_WHAT_IF_ONLY,PENDING_VALIDATION,COMPLETE
1.0,OP_CONFIRM_MLE_BASE_REFERENCE_ASSUMPTION_SANDBOX_V1,369372d7e06066baf12416f63c9b12a0af11b1ef17459431e126a703ba4c7eae,TASK3_OPERATIONAL_POOLED_V1,REFERENCE_ASSUMPTION_SANDBOX_V1,REFERENCE,REFERENCE_ASSUMPTION_SANDBOX_V1,LOCAL_WINDOW_HPP_BASE,41,202607290000,202609290411,202609290412,202609290413,202609290414,EMPTY_AND_IDLE,HPP,300.000000000,334.367218497,FULL_DRAIN,AnyLogic,8.9.9.202607020720,NOT_CALIBRATED,COMPARATIVE_WHAT_IF_ONLY,PENDING_VALIDATION,COMPLETE
1.0,OP_CONFIRM_MLE_BASE_REFERENCE_ASSUMPTION_SANDBOX_V1,369372d7e06066baf12416f63c9b12a0af11b1ef17459431e126a703ba4c7eae,TASK3_OPERATIONAL_POOLED_V1,REFERENCE_ASSUMPTION_SANDBOX_V1,REFERENCE,REFERENCE_ASSUMPTION_SANDBOX_V1,LOCAL_WINDOW_HPP_BASE,42,202607290000,202609290421,202609290422,202609290423,202609290424,EMPTY_AND_IDLE,HPP,300.000000000,334.308413002,FULL_DRAIN,AnyLogic,8.9.9.202607020720,NOT_CALIBRATED,COMPARATIVE_WHAT_IF_ONLY,PENDING_VALIDATION,COMPLETE
1.0,OP_CONFIRM_MLE_BASE_REFERENCE_ASSUMPTION_SANDBOX_V1,369372d7e06066baf12416f63c9b12a0af11b1ef17459431e126a703ba4c7eae,TASK3_OPERATIONAL_POOLED_V1,REFERENCE_ASSUMPTION_SANDBOX_V1,REFERENCE,REFERENCE_ASSUMPTION_SANDBOX_V1,LOCAL_WINDOW_HPP_BASE,43,202607290000,202609290431,202609290432,202609290433,202609290434,EMPTY_AND_IDLE,HPP,300.000000000,334.691888900,FULL_DRAIN,AnyLogic,8.9.9.202607020720,NOT_CALIBRATED,COMPARATIVE_WHAT_IF_ONLY,PENDING_VALIDATION,COMPLETE
1.0,OP_CONFIRM_MLE_BASE_REFERENCE_ASSUMPTION_SANDBOX_V1,369372d7e06066baf12416f63c9b12a0af11b1ef17459431e126a703ba4c7eae,TASK3_OPERATIONAL_POOLED_V1,REFERENCE_ASSUMPTION_SANDBOX_V1,REFERENCE,REFERENCE_ASSUMPTION_SANDBOX_V1,LOCAL_WINDOW_HPP_BASE,44,202607290000,202609290441,202609290442,202609290443,202609290444,EMPTY_AND_IDLE,HPP,300.000000000,333.476554778,FULL_DRAIN,AnyLogic,8.9.9.202607020720,NOT_CALIBRATED,COMPARATIVE_WHAT_IF_ONLY,PENDING_VALIDATION,COMPLETE
1.0,OP_CONFIRM_MLE_BASE_REFERENCE_ASSUMPTION_SANDBOX_V1,369372d7e06066baf12416f63c9b12a0af11b1ef17459431e126a703ba4c7eae,TASK3_OPERATIONAL_POOLED_V1,REFERENCE_ASSUMPTION_SANDBOX_V1,REFERENCE,REFERENCE_ASSUMPTION_SANDBOX_V1,LOCAL_WINDOW_HPP_BASE,45,202607290000,202609290451,202609290452,202609290453,202609290454,EMPTY_AND_IDLE,HPP,300.000000000,333.751947751,FULL_DRAIN,AnyLogic,8.9.9.202607020720,NOT_CALIBRATED,COMPARATIVE_WHAT_IF_ONLY,PENDING_VALIDATION,COMPLETE
1.0,OP_CONFIRM_MLE_BASE_REFERENCE_ASSUMPTION_SANDBOX_V1,369372d7e06066baf12416f63c9b12a0af11b1ef17459431e126a703ba4c7eae,TASK3_OPERATIONAL_POOLED_V1,REFERENCE_ASSUMPTION_SANDBOX_V1,REFERENCE,REFERENCE_ASSUMPTION_SANDBOX_V1,LOCAL_WINDOW_HPP_BASE,46,202607290000,202609290461,202609290462,202609290463,202609290464,EMPTY_AND_IDLE,HPP,300.000000000,336.152675771,FULL_DRAIN,AnyLogic,8.9.9.202607020720,NOT_CALIBRATED,COMPARATIVE_WHAT_IF_ONLY,PENDING_VALIDATION,COMPLETE
1.0,OP_CONFIRM_MLE_BASE_REFERENCE_ASSUMPTION_SANDBOX_V1,369372d7e06066baf12416f63c9b12a0af11b1ef17459431e126a703ba4c7eae,TASK3_OPERATIONAL_POOLED_V1,REFERENCE_ASSUMPTION_SANDBOX_V1,REFERENCE,REFERENCE_ASSUMPTION_SANDBOX_V1,LOCAL_WINDOW_HPP_BASE,47,202607290000,202609290471,202609290472,202609290473,202609290474,EMPTY_AND_IDLE,HPP,300.000000000,334.574566537,FULL_DRAIN,AnyLogic,8.9.9.202607020720,NOT_CALIBRATED,COMPARATIVE_WHAT_IF_ONLY,PENDING_VALIDATION,COMPLETE
1.0,OP_CONFIRM_MLE_BASE_REFERENCE_ASSUMPTION_SANDBOX_V1,369372d7e06066baf12416f63c9b12a0af11b1ef17459431e126a703ba4c7eae,TASK3_OPERATIONAL_POOLED_V1,REFERENCE_ASSUMPTION_SANDBOX_V1,REFERENCE,REFERENCE_ASSUMPTION_SANDBOX_V1,LOCAL_WINDOW_HPP_BASE,48,202607290000,202609290481,202609290482,202609290483,202609290484,EMPTY_AND_IDLE,HPP,300.000000000,334.182435039,FULL_DRAIN,AnyLogic,8.9.9.202607020720,NOT_CALIBRATED,COMPARATIVE_WHAT_IF_ONLY,PENDING_VALIDATION,COMPLETE
1.0,OP_CONFIRM_MLE_BASE_REFERENCE_ASSUMPTION_SANDBOX_V1,369372d7e06066baf12416f63c9b12a0af11b1ef17459431e126a703ba4c7eae,TASK3_OPERATIONAL_POOLED_V1,REFERENCE_ASSUMPTION_SANDBOX_V1,REFERENCE,REFERENCE_ASSUMPTION_SANDBOX_V1,LOCAL_WINDOW_HPP_BASE,49,202607290000,202609290491,202609290492,202609290493,202609290494,EMPTY_AND_IDLE,HPP,300.000000000,332.907357814,FULL_DRAIN,AnyLogic,8.9.9.202607020720,NOT_CALIBRATED,COMPARATIVE_WHAT_IF_ONLY,PENDING_VALIDATION,COMPLETE
1.0,OP_CONFIRM_MLE_BASE_REFERENCE_ASSUMPTION_SANDBOX_V1,369372d7e06066baf12416f63c9b12a0af11b1ef17459431e126a703ba4c7eae,TASK3_OPERATIONAL_POOLED_V1,REFERENCE_ASSUMPTION_SANDBOX_V1,REFERENCE,REFERENCE_ASSUMPTION_SANDBOX_V1,LOCAL_WINDOW_HPP_BASE,50,202607290000,202609290501,202609290502,202609290503,202609290504,EMPTY_AND_IDLE,HPP,300.000000000,334.347157797,FULL_DRAIN,AnyLogic,8.9.9.202607020720,NOT_CALIBRATED,COMPARATIVE_WHAT_IF_ONLY,PENDING_VALIDATION,COMPLETE
1.0,OP_CONFIRM_EXACT95_HIGH_REFERENCE_ASSUMPTION_SANDBOX_V1,eed4ac1694a3cbb110169bff620757a2aa7b14be5e0738f9318b5c1a3c59b08f,TASK3_OPERATIONAL_POOLED_V1,REFERENCE_ASSUMPTION_SANDBOX_V1,REFERENCE,REFERENCE_ASSUMPTION_SANDBOX_V1,LOCAL_WINDOW_HPP_EXACT95_HIGH,1,202607290000,202610290011,202610290012,202610290013,202610290014,EMPTY_AND_IDLE,HPP,300.000000000,392.308479524,FULL_DRAIN,AnyLogic,8.9.9.202607020720,NOT_CALIBRATED,COMPARATIVE_WHAT_IF_ONLY,PENDING_VALIDATION,COMPLETE
1.0,OP_CONFIRM_EXACT95_HIGH_REFERENCE_ASSUMPTION_SANDBOX_V1,eed4ac1694a3cbb110169bff620757a2aa7b14be5e0738f9318b5c1a3c59b08f,TASK3_OPERATIONAL_POOLED_V1,REFERENCE_ASSUMPTION_SANDBOX_V1,REFERENCE,REFERENCE_ASSUMPTION_SANDBOX_V1,LOCAL_WINDOW_HPP_EXACT95_HIGH,2,202607290000,202610290021,202610290022,202610290023,202610290024,EMPTY_AND_IDLE,HPP,300.000000000,401.299059471,FULL_DRAIN,AnyLogic,8.9.9.202607020720,NOT_CALIBRATED,COMPARATIVE_WHAT_IF_ONLY,PENDING_VALIDATION,COMPLETE
1.0,OP_CONFIRM_EXACT95_HIGH_REFERENCE_ASSUMPTION_SANDBOX_V1,eed4ac1694a3cbb110169bff620757a2aa7b14be5e0738f9318b5c1a3c59b08f,TASK3_OPERATIONAL_POOLED_V1,REFERENCE_ASSUMPTION_SANDBOX_V1,REFERENCE,REFERENCE_ASSUMPTION_SANDBOX_V1,LOCAL_WINDOW_HPP_EXACT95_HIGH,3,202607290000,202610290031,202610290032,202610290033,202610290034,EMPTY_AND_IDLE,HPP,300.000000000,414.723889240,FULL_DRAIN,AnyLogic,8.9.9.202607020720,NOT_CALIBRATED,COMPARATIVE_WHAT_IF_ONLY,PENDING_VALIDATION,COMPLETE
1.0,OP_CONFIRM_EXACT95_HIGH_REFERENCE_ASSUMPTION_SANDBOX_V1,eed4ac1694a3cbb110169bff620757a2aa7b14be5e0738f9318b5c1a3c59b08f,TASK3_OPERATIONAL_POOLED_V1,REFERENCE_ASSUMPTION_SANDBOX_V1,REFERENCE,REFERENCE_ASSUMPTION_SANDBOX_V1,LOCAL_WINDOW_HPP_EXACT95_HIGH,4,202607290000,202610290041,202610290042,202610290043,202610290044,EMPTY_AND_IDLE,HPP,300.000000000,382.707937182,FULL_DRAIN,AnyLogic,8.9.9.202607020720,NOT_CALIBRATED,COMPARATIVE_WHAT_IF_ONLY,PENDING_VALIDATION,COMPLETE
1.0,OP_CONFIRM_EXACT95_HIGH_REFERENCE_ASSUMPTION_SANDBOX_V1,eed4ac1694a3cbb110169bff620757a2aa7b14be5e0738f9318b5c1a3c59b08f,TASK3_OPERATIONAL_POOLED_V1,REFERENCE_ASSUMPTION_SANDBOX_V1,REFERENCE,REFERENCE_ASSUMPTION_SANDBOX_V1,LOCAL_WINDOW_HPP_EXACT95_HIGH,5,202607290000,202610290051,202610290052,202610290053,202610290054,EMPTY_AND_IDLE,HPP,300.000000000,400.637730253,FULL_DRAIN,AnyLogic,8.9.9.202607020720,NOT_CALIBRATED,COMPARATIVE_WHAT_IF_ONLY,PENDING_VALIDATION,COMPLETE
1.0,OP_CONFIRM_EXACT95_HIGH_REFERENCE_ASSUMPTION_SANDBOX_V1,eed4ac1694a3cbb110169bff620757a2aa7b14be5e0738f9318b5c1a3c59b08f,TASK3_OPERATIONAL_POOLED_V1,REFERENCE_ASSUMPTION_SANDBOX_V1,REFERENCE,REFERENCE_ASSUMPTION_SANDBOX_V1,LOCAL_WINDOW_HPP_EXACT95_HIGH,6,202607290000,202610290061,202610290062,202610290063,202610290064,EMPTY_AND_IDLE,HPP,300.000000000,388.740233840,FULL_DRAIN,AnyLogic,8.9.9.202607020720,NOT_CALIBRATED,COMPARATIVE_WHAT_IF_ONLY,PENDING_VALIDATION,COMPLETE
1.0,OP_CONFIRM_EXACT95_HIGH_REFERENCE_ASSUMPTION_SANDBOX_V1,eed4ac1694a3cbb110169bff620757a2aa7b14be5e0738f9318b5c1a3c59b08f,TASK3_OPERATIONAL_POOLED_V1,REFERENCE_ASSUMPTION_SANDBOX_V1,REFERENCE,REFERENCE_ASSUMPTION_SANDBOX_V1,LOCAL_WINDOW_HPP_EXACT95_HIGH,7,202607290000,202610290071,202610290072,202610290073,202610290074,EMPTY_AND_IDLE,HPP,300.000000000,391.156461325,FULL_DRAIN,AnyLogic,8.9.9.202607020720,NOT_CALIBRATED,COMPARATIVE_WHAT_IF_ONLY,PENDING_VALIDATION,COMPLETE
1.0,OP_CONFIRM_EXACT95_HIGH_REFERENCE_ASSUMPTION_SANDBOX_V1,eed4ac1694a3cbb110169bff620757a2aa7b14be5e0738f9318b5c1a3c59b08f,TASK3_OPERATIONAL_POOLED_V1,REFERENCE_ASSUMPTION_SANDBOX_V1,REFERENCE,REFERENCE_ASSUMPTION_SANDBOX_V1,LOCAL_WINDOW_HPP_EXACT95_HIGH,8,202607290000,202610290081,202610290082,202610290083,202610290084,EMPTY_AND_IDLE,HPP,300.000000000,379.999579591,FULL_DRAIN,AnyLogic,8.9.9.202607020720,NOT_CALIBRATED,COMPARATIVE_WHAT_IF_ONLY,PENDING_VALIDATION,COMPLETE
1.0,OP_CONFIRM_EXACT95_HIGH_REFERENCE_ASSUMPTION_SANDBOX_V1,eed4ac1694a3cbb110169bff620757a2aa7b14be5e0738f9318b5c1a3c59b08f,TASK3_OPERATIONAL_POOLED_V1,REFERENCE_ASSUMPTION_SANDBOX_V1,REFERENCE,REFERENCE_ASSUMPTION_SANDBOX_V1,LOCAL_WINDOW_HPP_EXACT95_HIGH,9,202607290000,202610290091,202610290092,202610290093,202610290094,EMPTY_AND_IDLE,HPP,300.000000000,415.496360198,FULL_DRAIN,AnyLogic,8.9.9.202607020720,NOT_CALIBRATED,COMPARATIVE_WHAT_IF_ONLY,PENDING_VALIDATION,COMPLETE
1.0,OP_CONFIRM_EXACT95_HIGH_REFERENCE_ASSUMPTION_SANDBOX_V1,eed4ac1694a3cbb110169bff620757a2aa7b14be5e0738f9318b5c1a3c59b08f,TASK3_OPERATIONAL_POOLED_V1,REFERENCE_ASSUMPTION_SANDBOX_V1,REFERENCE,REFERENCE_ASSUMPTION_SANDBOX_V1,LOCAL_WINDOW_HPP_EXACT95_HIGH,10,202607290000,202610290101,202610290102,202610290103,202610290104,EMPTY_AND_IDLE,HPP,300.000000000,379.471014182,FULL_DRAIN,AnyLogic,8.9.9.202607020720,NOT_CALIBRATED,COMPARATIVE_WHAT_IF_ONLY,PENDING_VALIDATION,COMPLETE
1.0,OP_CONFIRM_EXACT95_HIGH_REFERENCE_ASSUMPTION_SANDBOX_V1,eed4ac1694a3cbb110169bff620757a2aa7b14be5e0738f9318b5c1a3c59b08f,TASK3_OPERATIONAL_POOLED_V1,REFERENCE_ASSUMPTION_SANDBOX_V1,REFERENCE,REFERENCE_ASSUMPTION_SANDBOX_V1,LOCAL_WINDOW_HPP_EXACT95_HIGH,11,202607290000,202610290111,202610290112,202610290113,202610290114,EMPTY_AND_IDLE,HPP,300.000000000,364.365296511,FULL_DRAIN,AnyLogic,8.9.9.202607020720,NOT_CALIBRATED,COMPARATIVE_WHAT_IF_ONLY,PENDING_VALIDATION,COMPLETE
1.0,OP_CONFIRM_EXACT95_HIGH_REFERENCE_ASSUMPTION_SANDBOX_V1,eed4ac1694a3cbb110169bff620757a2aa7b14be5e0738f9318b5c1a3c59b08f,TASK3_OPERATIONAL_POOLED_V1,REFERENCE_ASSUMPTION_SANDBOX_V1,REFERENCE,REFERENCE_ASSUMPTION_SANDBOX_V1,LOCAL_WINDOW_HPP_EXACT95_HIGH,12,202607290000,202610290121,202610290122,202610290123,202610290124,EMPTY_AND_IDLE,HPP,300.000000000,391.476368860,FULL_DRAIN,AnyLogic,8.9.9.202607020720,NOT_CALIBRATED,COMPARATIVE_WHAT_IF_ONLY,PENDING_VALIDATION,COMPLETE
1.0,OP_CONFIRM_EXACT95_HIGH_REFERENCE_ASSUMPTION_SANDBOX_V1,eed4ac1694a3cbb110169bff620757a2aa7b14be5e0738f9318b5c1a3c59b08f,TASK3_OPERATIONAL_POOLED_V1,REFERENCE_ASSUMPTION_SANDBOX_V1,REFERENCE,REFERENCE_ASSUMPTION_SANDBOX_V1,LOCAL_WINDOW_HPP_EXACT95_HIGH,13,202607290000,202610290131,202610290132,202610290133,202610290134,EMPTY_AND_IDLE,HPP,300.000000000,403.984669825,FULL_DRAIN,AnyLogic,8.9.9.202607020720,NOT_CALIBRATED,COMPARATIVE_WHAT_IF_ONLY,PENDING_VALIDATION,COMPLETE
1.0,OP_CONFIRM_EXACT95_HIGH_REFERENCE_ASSUMPTION_SANDBOX_V1,eed4ac1694a3cbb110169bff620757a2aa7b14be5e0738f9318b5c1a3c59b08f,TASK3_OPERATIONAL_POOLED_V1,REFERENCE_ASSUMPTION_SANDBOX_V1,REFERENCE,REFERENCE_ASSUMPTION_SANDBOX_V1,LOCAL_WINDOW_HPP_EXACT95_HIGH,14,202607290000,202610290141,202610290142,202610290143,202610290144,EMPTY_AND_IDLE,HPP,300.000000000,392.441797872,FULL_DRAIN,AnyLogic,8.9.9.202607020720,NOT_CALIBRATED,COMPARATIVE_WHAT_IF_ONLY,PENDING_VALIDATION,COMPLETE
1.0,OP_CONFIRM_EXACT95_HIGH_REFERENCE_ASSUMPTION_SANDBOX_V1,eed4ac1694a3cbb110169bff620757a2aa7b14be5e0738f9318b5c1a3c59b08f,TASK3_OPERATIONAL_POOLED_V1,REFERENCE_ASSUMPTION_SANDBOX_V1,REFERENCE,REFERENCE_ASSUMPTION_SANDBOX_V1,LOCAL_WINDOW_HPP_EXACT95_HIGH,15,202607290000,202610290151,202610290152,202610290153,202610290154,EMPTY_AND_IDLE,HPP,300.000000000,408.772583593,FULL_DRAIN,AnyLogic,8.9.9.202607020720,NOT_CALIBRATED,COMPARATIVE_WHAT_IF_ONLY,PENDING_VALIDATION,COMPLETE
1.0,OP_CONFIRM_EXACT95_HIGH_REFERENCE_ASSUMPTION_SANDBOX_V1,eed4ac1694a3cbb110169bff620757a2aa7b14be5e0738f9318b5c1a3c59b08f,TASK3_OPERATIONAL_POOLED_V1,REFERENCE_ASSUMPTION_SANDBOX_V1,REFERENCE,REFERENCE_ASSUMPTION_SANDBOX_V1,LOCAL_WINDOW_HPP_EXACT95_HIGH,16,202607290000,202610290161,202610290162,202610290163,202610290164,EMPTY_AND_IDLE,HPP,300.000000000,377.682265286,FULL_DRAIN,AnyLogic,8.9.9.202607020720,NOT_CALIBRATED,COMPARATIVE_WHAT_IF_ONLY,PENDING_VALIDATION,COMPLETE
1.0,OP_CONFIRM_EXACT95_HIGH_REFERENCE_ASSUMPTION_SANDBOX_V1,eed4ac1694a3cbb110169bff620757a2aa7b14be5e0738f9318b5c1a3c59b08f,TASK3_OPERATIONAL_POOLED_V1,REFERENCE_ASSUMPTION_SANDBOX_V1,REFERENCE,REFERENCE_ASSUMPTION_SANDBOX_V1,LOCAL_WINDOW_HPP_EXACT95_HIGH,17,202607290000,202610290171,202610290172,202610290173,202610290174,EMPTY_AND_IDLE,HPP,300.000000000,374.929084336,FULL_DRAIN,AnyLogic,8.9.9.202607020720,NOT_CALIBRATED,COMPARATIVE_WHAT_IF_ONLY,PENDING_VALIDATION,COMPLETE
1.0,OP_CONFIRM_EXACT95_HIGH_REFERENCE_ASSUMPTION_SANDBOX_V1,eed4ac1694a3cbb110169bff620757a2aa7b14be5e0738f9318b5c1a3c59b08f,TASK3_OPERATIONAL_POOLED_V1,REFERENCE_ASSUMPTION_SANDBOX_V1,REFERENCE,REFERENCE_ASSUMPTION_SANDBOX_V1,LOCAL_WINDOW_HPP_EXACT95_HIGH,18,202607290000,202610290181,202610290182,202610290183,202610290184,EMPTY_AND_IDLE,HPP,300.000000000,405.955538258,FULL_DRAIN,AnyLogic,8.9.9.202607020720,NOT_CALIBRATED,COMPARATIVE_WHAT_IF_ONLY,PENDING_VALIDATION,COMPLETE
1.0,OP_CONFIRM_EXACT95_HIGH_REFERENCE_ASSUMPTION_SANDBOX_V1,eed4ac1694a3cbb110169bff620757a2aa7b14be5e0738f9318b5c1a3c59b08f,TASK3_OPERATIONAL_POOLED_V1,REFERENCE_ASSUMPTION_SANDBOX_V1,REFERENCE,REFERENCE_ASSUMPTION_SANDBOX_V1,LOCAL_WINDOW_HPP_EXACT95_HIGH,19,202607290000,202610290191,202610290192,202610290193,202610290194,EMPTY_AND_IDLE,HPP,300.000000000,376.758593930,FULL_DRAIN,AnyLogic,8.9.9.202607020720,NOT_CALIBRATED,COMPARATIVE_WHAT_IF_ONLY,PENDING_VALIDATION,COMPLETE
1.0,OP_CONFIRM_EXACT95_HIGH_REFERENCE_ASSUMPTION_SANDBOX_V1,eed4ac1694a3cbb110169bff620757a2aa7b14be5e0738f9318b5c1a3c59b08f,TASK3_OPERATIONAL_POOLED_V1,REFERENCE_ASSUMPTION_SANDBOX_V1,REFERENCE,REFERENCE_ASSUMPTION_SANDBOX_V1,LOCAL_WINDOW_HPP_EXACT95_HIGH,20,202607290000,202610290201,202610290202,202610290203,202610290204,EMPTY_AND_IDLE,HPP,300.000000000,395.395693231,FULL_DRAIN,AnyLogic,8.9.9.202607020720,NOT_CALIBRATED,COMPARATIVE_WHAT_IF_ONLY,PENDING_VALIDATION,COMPLETE
1.0,OP_CONFIRM_EXACT95_HIGH_REFERENCE_ASSUMPTION_SANDBOX_V1,eed4ac1694a3cbb110169bff620757a2aa7b14be5e0738f9318b5c1a3c59b08f,TASK3_OPERATIONAL_POOLED_V1,REFERENCE_ASSUMPTION_SANDBOX_V1,REFERENCE,REFERENCE_ASSUMPTION_SANDBOX_V1,LOCAL_WINDOW_HPP_EXACT95_HIGH,21,202607290000,202610290211,202610290212,202610290213,202610290214,EMPTY_AND_IDLE,HPP,300.000000000,378.879858447,FULL_DRAIN,AnyLogic,8.9.9.202607020720,NOT_CALIBRATED,COMPARATIVE_WHAT_IF_ONLY,PENDING_VALIDATION,COMPLETE
1.0,OP_CONFIRM_EXACT95_HIGH_REFERENCE_ASSUMPTION_SANDBOX_V1,eed4ac1694a3cbb110169bff620757a2aa7b14be5e0738f9318b5c1a3c59b08f,TASK3_OPERATIONAL_POOLED_V1,REFERENCE_ASSUMPTION_SANDBOX_V1,REFERENCE,REFERENCE_ASSUMPTION_SANDBOX_V1,LOCAL_WINDOW_HPP_EXACT95_HIGH,22,202607290000,202610290221,202610290222,202610290223,202610290224,EMPTY_AND_IDLE,HPP,300.000000000,369.149014919,FULL_DRAIN,AnyLogic,8.9.9.202607020720,NOT_CALIBRATED,COMPARATIVE_WHAT_IF_ONLY,PENDING_VALIDATION,COMPLETE
1.0,OP_CONFIRM_EXACT95_HIGH_REFERENCE_ASSUMPTION_SANDBOX_V1,eed4ac1694a3cbb110169bff620757a2aa7b14be5e0738f9318b5c1a3c59b08f,TASK3_OPERATIONAL_POOLED_V1,REFERENCE_ASSUMPTION_SANDBOX_V1,REFERENCE,REFERENCE_ASSUMPTION_SANDBOX_V1,LOCAL_WINDOW_HPP_EXACT95_HIGH,23,202607290000,202610290231,202610290232,202610290233,202610290234,EMPTY_AND_IDLE,HPP,300.000000000,392.810269830,FULL_DRAIN,AnyLogic,8.9.9.202607020720,NOT_CALIBRATED,COMPARATIVE_WHAT_IF_ONLY,PENDING_VALIDATION,COMPLETE
1.0,OP_CONFIRM_EXACT95_HIGH_REFERENCE_ASSUMPTION_SANDBOX_V1,eed4ac1694a3cbb110169bff620757a2aa7b14be5e0738f9318b5c1a3c59b08f,TASK3_OPERATIONAL_POOLED_V1,REFERENCE_ASSUMPTION_SANDBOX_V1,REFERENCE,REFERENCE_ASSUMPTION_SANDBOX_V1,LOCAL_WINDOW_HPP_EXACT95_HIGH,24,202607290000,202610290241,202610290242,202610290243,202610290244,EMPTY_AND_IDLE,HPP,300.000000000,384.435395639,FULL_DRAIN,AnyLogic,8.9.9.202607020720,NOT_CALIBRATED,COMPARATIVE_WHAT_IF_ONLY,PENDING_VALIDATION,COMPLETE
1.0,OP_CONFIRM_EXACT95_HIGH_REFERENCE_ASSUMPTION_SANDBOX_V1,eed4ac1694a3cbb110169bff620757a2aa7b14be5e0738f9318b5c1a3c59b08f,TASK3_OPERATIONAL_POOLED_V1,REFERENCE_ASSUMPTION_SANDBOX_V1,REFERENCE,REFERENCE_ASSUMPTION_SANDBOX_V1,LOCAL_WINDOW_HPP_EXACT95_HIGH,25,202607290000,202610290251,202610290252,202610290253,202610290254,EMPTY_AND_IDLE,HPP,300.000000000,363.108962628,FULL_DRAIN,AnyLogic,8.9.9.202607020720,NOT_CALIBRATED,COMPARATIVE_WHAT_IF_ONLY,PENDING_VALIDATION,COMPLETE
1.0,OP_CONFIRM_EXACT95_HIGH_REFERENCE_ASSUMPTION_SANDBOX_V1,eed4ac1694a3cbb110169bff620757a2aa7b14be5e0738f9318b5c1a3c59b08f,TASK3_OPERATIONAL_POOLED_V1,REFERENCE_ASSUMPTION_SANDBOX_V1,REFERENCE,REFERENCE_ASSUMPTION_SANDBOX_V1,LOCAL_WINDOW_HPP_EXACT95_HIGH,26,202607290000,202610290261,202610290262,202610290263,202610290264,EMPTY_AND_IDLE,HPP,300.000000000,394.576244678,FULL_DRAIN,AnyLogic,8.9.9.202607020720,NOT_CALIBRATED,COMPARATIVE_WHAT_IF_ONLY,PENDING_VALIDATION,COMPLETE
1.0,OP_CONFIRM_EXACT95_HIGH_REFERENCE_ASSUMPTION_SANDBOX_V1,eed4ac1694a3cbb110169bff620757a2aa7b14be5e0738f9318b5c1a3c59b08f,TASK3_OPERATIONAL_POOLED_V1,REFERENCE_ASSUMPTION_SANDBOX_V1,REFERENCE,REFERENCE_ASSUMPTION_SANDBOX_V1,LOCAL_WINDOW_HPP_EXACT95_HIGH,27,202607290000,202610290271,202610290272,202610290273,202610290274,EMPTY_AND_IDLE,HPP,300.000000000,383.691597895,FULL_DRAIN,AnyLogic,8.9.9.202607020720,NOT_CALIBRATED,COMPARATIVE_WHAT_IF_ONLY,PENDING_VALIDATION,COMPLETE
1.0,OP_CONFIRM_EXACT95_HIGH_REFERENCE_ASSUMPTION_SANDBOX_V1,eed4ac1694a3cbb110169bff620757a2aa7b14be5e0738f9318b5c1a3c59b08f,TASK3_OPERATIONAL_POOLED_V1,REFERENCE_ASSUMPTION_SANDBOX_V1,REFERENCE,REFERENCE_ASSUMPTION_SANDBOX_V1,LOCAL_WINDOW_HPP_EXACT95_HIGH,28,202607290000,202610290281,202610290282,202610290283,202610290284,EMPTY_AND_IDLE,HPP,300.000000000,391.932595937,FULL_DRAIN,AnyLogic,8.9.9.202607020720,NOT_CALIBRATED,COMPARATIVE_WHAT_IF_ONLY,PENDING_VALIDATION,COMPLETE
1.0,OP_CONFIRM_EXACT95_HIGH_REFERENCE_ASSUMPTION_SANDBOX_V1,eed4ac1694a3cbb110169bff620757a2aa7b14be5e0738f9318b5c1a3c59b08f,TASK3_OPERATIONAL_POOLED_V1,REFERENCE_ASSUMPTION_SANDBOX_V1,REFERENCE,REFERENCE_ASSUMPTION_SANDBOX_V1,LOCAL_WINDOW_HPP_EXACT95_HIGH,29,202607290000,202610290291,202610290292,202610290293,202610290294,EMPTY_AND_IDLE,HPP,300.000000000,352.834659171,FULL_DRAIN,AnyLogic,8.9.9.202607020720,NOT_CALIBRATED,COMPARATIVE_WHAT_IF_ONLY,PENDING_VALIDATION,COMPLETE
1.0,OP_CONFIRM_EXACT95_HIGH_REFERENCE_ASSUMPTION_SANDBOX_V1,eed4ac1694a3cbb110169bff620757a2aa7b14be5e0738f9318b5c1a3c59b08f,TASK3_OPERATIONAL_POOLED_V1,REFERENCE_ASSUMPTION_SANDBOX_V1,REFERENCE,REFERENCE_ASSUMPTION_SANDBOX_V1,LOCAL_WINDOW_HPP_EXACT95_HIGH,30,202607290000,202610290301,202610290302,202610290303,202610290304,EMPTY_AND_IDLE,HPP,300.000000000,401.123862064,FULL_DRAIN,AnyLogic,8.9.9.202607020720,NOT_CALIBRATED,COMPARATIVE_WHAT_IF_ONLY,PENDING_VALIDATION,COMPLETE
1.0,OP_CONFIRM_EXACT95_HIGH_REFERENCE_ASSUMPTION_SANDBOX_V1,eed4ac1694a3cbb110169bff620757a2aa7b14be5e0738f9318b5c1a3c59b08f,TASK3_OPERATIONAL_POOLED_V1,REFERENCE_ASSUMPTION_SANDBOX_V1,REFERENCE,REFERENCE_ASSUMPTION_SANDBOX_V1,LOCAL_WINDOW_HPP_EXACT95_HIGH,31,202607290000,202610290311,202610290312,202610290313,202610290314,EMPTY_AND_IDLE,HPP,300.000000000,409.465136274,FULL_DRAIN,AnyLogic,8.9.9.202607020720,NOT_CALIBRATED,COMPARATIVE_WHAT_IF_ONLY,PENDING_VALIDATION,COMPLETE
1.0,OP_CONFIRM_EXACT95_HIGH_REFERENCE_ASSUMPTION_SANDBOX_V1,eed4ac1694a3cbb110169bff620757a2aa7b14be5e0738f9318b5c1a3c59b08f,TASK3_OPERATIONAL_POOLED_V1,REFERENCE_ASSUMPTION_SANDBOX_V1,REFERENCE,REFERENCE_ASSUMPTION_SANDBOX_V1,LOCAL_WINDOW_HPP_EXACT95_HIGH,32,202607290000,202610290321,202610290322,202610290323,202610290324,EMPTY_AND_IDLE,HPP,300.000000000,376.030865180,FULL_DRAIN,AnyLogic,8.9.9.202607020720,NOT_CALIBRATED,COMPARATIVE_WHAT_IF_ONLY,PENDING_VALIDATION,COMPLETE
1.0,OP_CONFIRM_EXACT95_HIGH_REFERENCE_ASSUMPTION_SANDBOX_V1,eed4ac1694a3cbb110169bff620757a2aa7b14be5e0738f9318b5c1a3c59b08f,TASK3_OPERATIONAL_POOLED_V1,REFERENCE_ASSUMPTION_SANDBOX_V1,REFERENCE,REFERENCE_ASSUMPTION_SANDBOX_V1,LOCAL_WINDOW_HPP_EXACT95_HIGH,33,202607290000,202610290331,202610290332,202610290333,202610290334,EMPTY_AND_IDLE,HPP,300.000000000,389.502690959,FULL_DRAIN,AnyLogic,8.9.9.202607020720,NOT_CALIBRATED,COMPARATIVE_WHAT_IF_ONLY,PENDING_VALIDATION,COMPLETE
1.0,OP_CONFIRM_EXACT95_HIGH_REFERENCE_ASSUMPTION_SANDBOX_V1,eed4ac1694a3cbb110169bff620757a2aa7b14be5e0738f9318b5c1a3c59b08f,TASK3_OPERATIONAL_POOLED_V1,REFERENCE_ASSUMPTION_SANDBOX_V1,REFERENCE,REFERENCE_ASSUMPTION_SANDBOX_V1,LOCAL_WINDOW_HPP_EXACT95_HIGH,34,202607290000,202610290341,202610290342,202610290343,202610290344,EMPTY_AND_IDLE,HPP,300.000000000,398.115360883,FULL_DRAIN,AnyLogic,8.9.9.202607020720,NOT_CALIBRATED,COMPARATIVE_WHAT_IF_ONLY,PENDING_VALIDATION,COMPLETE
1.0,OP_CONFIRM_EXACT95_HIGH_REFERENCE_ASSUMPTION_SANDBOX_V1,eed4ac1694a3cbb110169bff620757a2aa7b14be5e0738f9318b5c1a3c59b08f,TASK3_OPERATIONAL_POOLED_V1,REFERENCE_ASSUMPTION_SANDBOX_V1,REFERENCE,REFERENCE_ASSUMPTION_SANDBOX_V1,LOCAL_WINDOW_HPP_EXACT95_HIGH,35,202607290000,202610290351,202610290352,202610290353,202610290354,EMPTY_AND_IDLE,HPP,300.000000000,374.502972463,FULL_DRAIN,AnyLogic,8.9.9.202607020720,NOT_CALIBRATED,COMPARATIVE_WHAT_IF_ONLY,PENDING_VALIDATION,COMPLETE
1.0,OP_CONFIRM_EXACT95_HIGH_REFERENCE_ASSUMPTION_SANDBOX_V1,eed4ac1694a3cbb110169bff620757a2aa7b14be5e0738f9318b5c1a3c59b08f,TASK3_OPERATIONAL_POOLED_V1,REFERENCE_ASSUMPTION_SANDBOX_V1,REFERENCE,REFERENCE_ASSUMPTION_SANDBOX_V1,LOCAL_WINDOW_HPP_EXACT95_HIGH,36,202607290000,202610290361,202610290362,202610290363,202610290364,EMPTY_AND_IDLE,HPP,300.000000000,387.271942947,FULL_DRAIN,AnyLogic,8.9.9.202607020720,NOT_CALIBRATED,COMPARATIVE_WHAT_IF_ONLY,PENDING_VALIDATION,COMPLETE
1.0,OP_CONFIRM_EXACT95_HIGH_REFERENCE_ASSUMPTION_SANDBOX_V1,eed4ac1694a3cbb110169bff620757a2aa7b14be5e0738f9318b5c1a3c59b08f,TASK3_OPERATIONAL_POOLED_V1,REFERENCE_ASSUMPTION_SANDBOX_V1,REFERENCE,REFERENCE_ASSUMPTION_SANDBOX_V1,LOCAL_WINDOW_HPP_EXACT95_HIGH,37,202607290000,202610290371,202610290372,202610290373,202610290374,EMPTY_AND_IDLE,HPP,300.000000000,379.780010275,FULL_DRAIN,AnyLogic,8.9.9.202607020720,NOT_CALIBRATED,COMPARATIVE_WHAT_IF_ONLY,PENDING_VALIDATION,COMPLETE
1.0,OP_CONFIRM_EXACT95_HIGH_REFERENCE_ASSUMPTION_SANDBOX_V1,eed4ac1694a3cbb110169bff620757a2aa7b14be5e0738f9318b5c1a3c59b08f,TASK3_OPERATIONAL_POOLED_V1,REFERENCE_ASSUMPTION_SANDBOX_V1,REFERENCE,REFERENCE_ASSUMPTION_SANDBOX_V1,LOCAL_WINDOW_HPP_EXACT95_HIGH,38,202607290000,202610290381,202610290382,202610290383,202610290384,EMPTY_AND_IDLE,HPP,300.000000000,380.379357627,FULL_DRAIN,AnyLogic,8.9.9.202607020720,NOT_CALIBRATED,COMPARATIVE_WHAT_IF_ONLY,PENDING_VALIDATION,COMPLETE
1.0,OP_CONFIRM_EXACT95_HIGH_REFERENCE_ASSUMPTION_SANDBOX_V1,eed4ac1694a3cbb110169bff620757a2aa7b14be5e0738f9318b5c1a3c59b08f,TASK3_OPERATIONAL_POOLED_V1,REFERENCE_ASSUMPTION_SANDBOX_V1,REFERENCE,REFERENCE_ASSUMPTION_SANDBOX_V1,LOCAL_WINDOW_HPP_EXACT95_HIGH,39,202607290000,202610290391,202610290392,202610290393,202610290394,EMPTY_AND_IDLE,HPP,300.000000000,394.863209740,FULL_DRAIN,AnyLogic,8.9.9.202607020720,NOT_CALIBRATED,COMPARATIVE_WHAT_IF_ONLY,PENDING_VALIDATION,COMPLETE
1.0,OP_CONFIRM_EXACT95_HIGH_REFERENCE_ASSUMPTION_SANDBOX_V1,eed4ac1694a3cbb110169bff620757a2aa7b14be5e0738f9318b5c1a3c59b08f,TASK3_OPERATIONAL_POOLED_V1,REFERENCE_ASSUMPTION_SANDBOX_V1,REFERENCE,REFERENCE_ASSUMPTION_SANDBOX_V1,LOCAL_WINDOW_HPP_EXACT95_HIGH,40,202607290000,202610290401,202610290402,202610290403,202610290404,EMPTY_AND_IDLE,HPP,300.000000000,404.349550656,FULL_DRAIN,AnyLogic,8.9.9.202607020720,NOT_CALIBRATED,COMPARATIVE_WHAT_IF_ONLY,PENDING_VALIDATION,COMPLETE
1.0,OP_CONFIRM_EXACT95_HIGH_REFERENCE_ASSUMPTION_SANDBOX_V1,eed4ac1694a3cbb110169bff620757a2aa7b14be5e0738f9318b5c1a3c59b08f,TASK3_OPERATIONAL_POOLED_V1,REFERENCE_ASSUMPTION_SANDBOX_V1,REFERENCE,REFERENCE_ASSUMPTION_SANDBOX_V1,LOCAL_WINDOW_HPP_EXACT95_HIGH,41,202607290000,202610290411,202610290412,202610290413,202610290414,EMPTY_AND_IDLE,HPP,300.000000000,383.023283337,FULL_DRAIN,AnyLogic,8.9.9.202607020720,NOT_CALIBRATED,COMPARATIVE_WHAT_IF_ONLY,PENDING_VALIDATION,COMPLETE
1.0,OP_CONFIRM_EXACT95_HIGH_REFERENCE_ASSUMPTION_SANDBOX_V1,eed4ac1694a3cbb110169bff620757a2aa7b14be5e0738f9318b5c1a3c59b08f,TASK3_OPERATIONAL_POOLED_V1,REFERENCE_ASSUMPTION_SANDBOX_V1,REFERENCE,REFERENCE_ASSUMPTION_SANDBOX_V1,LOCAL_WINDOW_HPP_EXACT95_HIGH,42,202607290000,202610290421,202610290422,202610290423,202610290424,EMPTY_AND_IDLE,HPP,300.000000000,401.093140972,FULL_DRAIN,AnyLogic,8.9.9.202607020720,NOT_CALIBRATED,COMPARATIVE_WHAT_IF_ONLY,PENDING_VALIDATION,COMPLETE
1.0,OP_CONFIRM_EXACT95_HIGH_REFERENCE_ASSUMPTION_SANDBOX_V1,eed4ac1694a3cbb110169bff620757a2aa7b14be5e0738f9318b5c1a3c59b08f,TASK3_OPERATIONAL_POOLED_V1,REFERENCE_ASSUMPTION_SANDBOX_V1,REFERENCE,REFERENCE_ASSUMPTION_SANDBOX_V1,LOCAL_WINDOW_HPP_EXACT95_HIGH,43,202607290000,202610290431,202610290432,202610290433,202610290434,EMPTY_AND_IDLE,HPP,300.000000000,384.279235744,FULL_DRAIN,AnyLogic,8.9.9.202607020720,NOT_CALIBRATED,COMPARATIVE_WHAT_IF_ONLY,PENDING_VALIDATION,COMPLETE
1.0,OP_CONFIRM_EXACT95_HIGH_REFERENCE_ASSUMPTION_SANDBOX_V1,eed4ac1694a3cbb110169bff620757a2aa7b14be5e0738f9318b5c1a3c59b08f,TASK3_OPERATIONAL_POOLED_V1,REFERENCE_ASSUMPTION_SANDBOX_V1,REFERENCE,REFERENCE_ASSUMPTION_SANDBOX_V1,LOCAL_WINDOW_HPP_EXACT95_HIGH,44,202607290000,202610290441,202610290442,202610290443,202610290444,EMPTY_AND_IDLE,HPP,300.000000000,403.196860816,FULL_DRAIN,AnyLogic,8.9.9.202607020720,NOT_CALIBRATED,COMPARATIVE_WHAT_IF_ONLY,PENDING_VALIDATION,COMPLETE
1.0,OP_CONFIRM_EXACT95_HIGH_REFERENCE_ASSUMPTION_SANDBOX_V1,eed4ac1694a3cbb110169bff620757a2aa7b14be5e0738f9318b5c1a3c59b08f,TASK3_OPERATIONAL_POOLED_V1,REFERENCE_ASSUMPTION_SANDBOX_V1,REFERENCE,REFERENCE_ASSUMPTION_SANDBOX_V1,LOCAL_WINDOW_HPP_EXACT95_HIGH,45,202607290000,202610290451,202610290452,202610290453,202610290454,EMPTY_AND_IDLE,HPP,300.000000000,411.125786211,FULL_DRAIN,AnyLogic,8.9.9.202607020720,NOT_CALIBRATED,COMPARATIVE_WHAT_IF_ONLY,PENDING_VALIDATION,COMPLETE
1.0,OP_CONFIRM_EXACT95_HIGH_REFERENCE_ASSUMPTION_SANDBOX_V1,eed4ac1694a3cbb110169bff620757a2aa7b14be5e0738f9318b5c1a3c59b08f,TASK3_OPERATIONAL_POOLED_V1,REFERENCE_ASSUMPTION_SANDBOX_V1,REFERENCE,REFERENCE_ASSUMPTION_SANDBOX_V1,LOCAL_WINDOW_HPP_EXACT95_HIGH,46,202607290000,202610290461,202610290462,202610290463,202610290464,EMPTY_AND_IDLE,HPP,300.000000000,386.041841968,FULL_DRAIN,AnyLogic,8.9.9.202607020720,NOT_CALIBRATED,COMPARATIVE_WHAT_IF_ONLY,PENDING_VALIDATION,COMPLETE
1.0,OP_CONFIRM_EXACT95_HIGH_REFERENCE_ASSUMPTION_SANDBOX_V1,eed4ac1694a3cbb110169bff620757a2aa7b14be5e0738f9318b5c1a3c59b08f,TASK3_OPERATIONAL_POOLED_V1,REFERENCE_ASSUMPTION_SANDBOX_V1,REFERENCE,REFERENCE_ASSUMPTION_SANDBOX_V1,LOCAL_WINDOW_HPP_EXACT95_HIGH,47,202607290000,202610290471,202610290472,202610290473,202610290474,EMPTY_AND_IDLE,HPP,300.000000000,358.608965153,FULL_DRAIN,AnyLogic,8.9.9.202607020720,NOT_CALIBRATED,COMPARATIVE_WHAT_IF_ONLY,PENDING_VALIDATION,COMPLETE
1.0,OP_CONFIRM_EXACT95_HIGH_REFERENCE_ASSUMPTION_SANDBOX_V1,eed4ac1694a3cbb110169bff620757a2aa7b14be5e0738f9318b5c1a3c59b08f,TASK3_OPERATIONAL_POOLED_V1,REFERENCE_ASSUMPTION_SANDBOX_V1,REFERENCE,REFERENCE_ASSUMPTION_SANDBOX_V1,LOCAL_WINDOW_HPP_EXACT95_HIGH,48,202607290000,202610290481,202610290482,202610290483,202610290484,EMPTY_AND_IDLE,HPP,300.000000000,375.071942142,FULL_DRAIN,AnyLogic,8.9.9.202607020720,NOT_CALIBRATED,COMPARATIVE_WHAT_IF_ONLY,PENDING_VALIDATION,COMPLETE
1.0,OP_CONFIRM_EXACT95_HIGH_REFERENCE_ASSUMPTION_SANDBOX_V1,eed4ac1694a3cbb110169bff620757a2aa7b14be5e0738f9318b5c1a3c59b08f,TASK3_OPERATIONAL_POOLED_V1,REFERENCE_ASSUMPTION_SANDBOX_V1,REFERENCE,REFERENCE_ASSUMPTION_SANDBOX_V1,LOCAL_WINDOW_HPP_EXACT95_HIGH,49,202607290000,202610290491,202610290492,202610290493,202610290494,EMPTY_AND_IDLE,HPP,300.000000000,387.520436238,FULL_DRAIN,AnyLogic,8.9.9.202607020720,NOT_CALIBRATED,COMPARATIVE_WHAT_IF_ONLY,PENDING_VALIDATION,COMPLETE
1.0,OP_CONFIRM_EXACT95_HIGH_REFERENCE_ASSUMPTION_SANDBOX_V1,eed4ac1694a3cbb110169bff620757a2aa7b14be5e0738f9318b5c1a3c59b08f,TASK3_OPERATIONAL_POOLED_V1,REFERENCE_ASSUMPTION_SANDBOX_V1,REFERENCE,REFERENCE_ASSUMPTION_SANDBOX_V1,LOCAL_WINDOW_HPP_EXACT95_HIGH,50,202607290000,202610290501,202610290502,202610290503,202610290504,EMPTY_AND_IDLE,HPP,300.000000000,400.107643702,FULL_DRAIN,AnyLogic,8.9.9.202607020720,NOT_CALIBRATED,COMPARATIVE_WHAT_IF_ONLY,PENDING_VALIDATION,COMPLETE
1.0,OP_CONFIRM_EXACT95_LOW_REFERENCE_ASSUMPTION_SANDBOX_V1,32b9044b5bbd75968a07e8c7fc390d8c3419cadcce37bf0965896dd768445e2b,TASK3_OPERATIONAL_POOLED_V1,REFERENCE_ASSUMPTION_SANDBOX_V1,REFERENCE,REFERENCE_ASSUMPTION_SANDBOX_V1,LOCAL_WINDOW_HPP_EXACT95_LOW,1,202607290000,202608290011,202608290012,202608290013,202608290014,EMPTY_AND_IDLE,HPP,300.000000000,333.378284734,FULL_DRAIN,AnyLogic,8.9.9.202607020720,NOT_CALIBRATED,COMPARATIVE_WHAT_IF_ONLY,PENDING_VALIDATION,COMPLETE
1.0,OP_CONFIRM_EXACT95_LOW_REFERENCE_ASSUMPTION_SANDBOX_V1,32b9044b5bbd75968a07e8c7fc390d8c3419cadcce37bf0965896dd768445e2b,TASK3_OPERATIONAL_POOLED_V1,REFERENCE_ASSUMPTION_SANDBOX_V1,REFERENCE,REFERENCE_ASSUMPTION_SANDBOX_V1,LOCAL_WINDOW_HPP_EXACT95_LOW,2,202607290000,202608290021,202608290022,202608290023,202608290024,EMPTY_AND_IDLE,HPP,300.000000000,332.283944051,FULL_DRAIN,AnyLogic,8.9.9.202607020720,NOT_CALIBRATED,COMPARATIVE_WHAT_IF_ONLY,PENDING_VALIDATION,COMPLETE
1.0,OP_CONFIRM_EXACT95_LOW_REFERENCE_ASSUMPTION_SANDBOX_V1,32b9044b5bbd75968a07e8c7fc390d8c3419cadcce37bf0965896dd768445e2b,TASK3_OPERATIONAL_POOLED_V1,REFERENCE_ASSUMPTION_SANDBOX_V1,REFERENCE,REFERENCE_ASSUMPTION_SANDBOX_V1,LOCAL_WINDOW_HPP_EXACT95_LOW,3,202607290000,202608290031,202608290032,202608290033,202608290034,EMPTY_AND_IDLE,HPP,300.000000000,334.763588245,FULL_DRAIN,AnyLogic,8.9.9.202607020720,NOT_CALIBRATED,COMPARATIVE_WHAT_IF_ONLY,PENDING_VALIDATION,COMPLETE
1.0,OP_CONFIRM_EXACT95_LOW_REFERENCE_ASSUMPTION_SANDBOX_V1,32b9044b5bbd75968a07e8c7fc390d8c3419cadcce37bf0965896dd768445e2b,TASK3_OPERATIONAL_POOLED_V1,REFERENCE_ASSUMPTION_SANDBOX_V1,REFERENCE,REFERENCE_ASSUMPTION_SANDBOX_V1,LOCAL_WINDOW_HPP_EXACT95_LOW,4,202607290000,202608290041,202608290042,202608290043,202608290044,EMPTY_AND_IDLE,HPP,300.000000000,334.214032222,FULL_DRAIN,AnyLogic,8.9.9.202607020720,NOT_CALIBRATED,COMPARATIVE_WHAT_IF_ONLY,PENDING_VALIDATION,COMPLETE
1.0,OP_CONFIRM_EXACT95_LOW_REFERENCE_ASSUMPTION_SANDBOX_V1,32b9044b5bbd75968a07e8c7fc390d8c3419cadcce37bf0965896dd768445e2b,TASK3_OPERATIONAL_POOLED_V1,REFERENCE_ASSUMPTION_SANDBOX_V1,REFERENCE,REFERENCE_ASSUMPTION_SANDBOX_V1,LOCAL_WINDOW_HPP_EXACT95_LOW,5,202607290000,202608290051,202608290052,202608290053,202608290054,EMPTY_AND_IDLE,HPP,300.000000000,333.398993631,FULL_DRAIN,AnyLogic,8.9.9.202607020720,NOT_CALIBRATED,COMPARATIVE_WHAT_IF_ONLY,PENDING_VALIDATION,COMPLETE
1.0,OP_CONFIRM_EXACT95_LOW_REFERENCE_ASSUMPTION_SANDBOX_V1,32b9044b5bbd75968a07e8c7fc390d8c3419cadcce37bf0965896dd768445e2b,TASK3_OPERATIONAL_POOLED_V1,REFERENCE_ASSUMPTION_SANDBOX_V1,REFERENCE,REFERENCE_ASSUMPTION_SANDBOX_V1,LOCAL_WINDOW_HPP_EXACT95_LOW,6,202607290000,202608290061,202608290062,202608290063,202608290064,EMPTY_AND_IDLE,HPP,300.000000000,334.503790859,FULL_DRAIN,AnyLogic,8.9.9.202607020720,NOT_CALIBRATED,COMPARATIVE_WHAT_IF_ONLY,PENDING_VALIDATION,COMPLETE
1.0,OP_CONFIRM_EXACT95_LOW_REFERENCE_ASSUMPTION_SANDBOX_V1,32b9044b5bbd75968a07e8c7fc390d8c3419cadcce37bf0965896dd768445e2b,TASK3_OPERATIONAL_POOLED_V1,REFERENCE_ASSUMPTION_SANDBOX_V1,REFERENCE,REFERENCE_ASSUMPTION_SANDBOX_V1,LOCAL_WINDOW_HPP_EXACT95_LOW,7,202607290000,202608290071,202608290072,202608290073,202608290074,EMPTY_AND_IDLE,HPP,300.000000000,334.009467665,FULL_DRAIN,AnyLogic,8.9.9.202607020720,NOT_CALIBRATED,COMPARATIVE_WHAT_IF_ONLY,PENDING_VALIDATION,COMPLETE
1.0,OP_CONFIRM_EXACT95_LOW_REFERENCE_ASSUMPTION_SANDBOX_V1,32b9044b5bbd75968a07e8c7fc390d8c3419cadcce37bf0965896dd768445e2b,TASK3_OPERATIONAL_POOLED_V1,REFERENCE_ASSUMPTION_SANDBOX_V1,REFERENCE,REFERENCE_ASSUMPTION_SANDBOX_V1,LOCAL_WINDOW_HPP_EXACT95_LOW,8,202607290000,202608290081,202608290082,202608290083,202608290084,EMPTY_AND_IDLE,HPP,300.000000000,334.204293046,FULL_DRAIN,AnyLogic,8.9.9.202607020720,NOT_CALIBRATED,COMPARATIVE_WHAT_IF_ONLY,PENDING_VALIDATION,COMPLETE
1.0,OP_CONFIRM_EXACT95_LOW_REFERENCE_ASSUMPTION_SANDBOX_V1,32b9044b5bbd75968a07e8c7fc390d8c3419cadcce37bf0965896dd768445e2b,TASK3_OPERATIONAL_POOLED_V1,REFERENCE_ASSUMPTION_SANDBOX_V1,REFERENCE,REFERENCE_ASSUMPTION_SANDBOX_V1,LOCAL_WINDOW_HPP_EXACT95_LOW,9,202607290000,202608290091,202608290092,202608290093,202608290094,EMPTY_AND_IDLE,HPP,300.000000000,334.651209542,FULL_DRAIN,AnyLogic,8.9.9.202607020720,NOT_CALIBRATED,COMPARATIVE_WHAT_IF_ONLY,PENDING_VALIDATION,COMPLETE
1.0,OP_CONFIRM_EXACT95_LOW_REFERENCE_ASSUMPTION_SANDBOX_V1,32b9044b5bbd75968a07e8c7fc390d8c3419cadcce37bf0965896dd768445e2b,TASK3_OPERATIONAL_POOLED_V1,REFERENCE_ASSUMPTION_SANDBOX_V1,REFERENCE,REFERENCE_ASSUMPTION_SANDBOX_V1,LOCAL_WINDOW_HPP_EXACT95_LOW,10,202607290000,202608290101,202608290102,202608290103,202608290104,EMPTY_AND_IDLE,HPP,300.000000000,333.986965101,FULL_DRAIN,AnyLogic,8.9.9.202607020720,NOT_CALIBRATED,COMPARATIVE_WHAT_IF_ONLY,PENDING_VALIDATION,COMPLETE
1.0,OP_CONFIRM_EXACT95_LOW_REFERENCE_ASSUMPTION_SANDBOX_V1,32b9044b5bbd75968a07e8c7fc390d8c3419cadcce37bf0965896dd768445e2b,TASK3_OPERATIONAL_POOLED_V1,REFERENCE_ASSUMPTION_SANDBOX_V1,REFERENCE,REFERENCE_ASSUMPTION_SANDBOX_V1,LOCAL_WINDOW_HPP_EXACT95_LOW,11,202607290000,202608290111,202608290112,202608290113,202608290114,EMPTY_AND_IDLE,HPP,300.000000000,334.383425690,FULL_DRAIN,AnyLogic,8.9.9.202607020720,NOT_CALIBRATED,COMPARATIVE_WHAT_IF_ONLY,PENDING_VALIDATION,COMPLETE
1.0,OP_CONFIRM_EXACT95_LOW_REFERENCE_ASSUMPTION_SANDBOX_V1,32b9044b5bbd75968a07e8c7fc390d8c3419cadcce37bf0965896dd768445e2b,TASK3_OPERATIONAL_POOLED_V1,REFERENCE_ASSUMPTION_SANDBOX_V1,REFERENCE,REFERENCE_ASSUMPTION_SANDBOX_V1,LOCAL_WINDOW_HPP_EXACT95_LOW,12,202607290000,202608290121,202608290122,202608290123,202608290124,EMPTY_AND_IDLE,HPP,300.000000000,334.365001603,FULL_DRAIN,AnyLogic,8.9.9.202607020720,NOT_CALIBRATED,COMPARATIVE_WHAT_IF_ONLY,PENDING_VALIDATION,COMPLETE
1.0,OP_CONFIRM_EXACT95_LOW_REFERENCE_ASSUMPTION_SANDBOX_V1,32b9044b5bbd75968a07e8c7fc390d8c3419cadcce37bf0965896dd768445e2b,TASK3_OPERATIONAL_POOLED_V1,REFERENCE_ASSUMPTION_SANDBOX_V1,REFERENCE,REFERENCE_ASSUMPTION_SANDBOX_V1,LOCAL_WINDOW_HPP_EXACT95_LOW,13,202607290000,202608290131,202608290132,202608290133,202608290134,EMPTY_AND_IDLE,HPP,300.000000000,334.664495631,FULL_DRAIN,AnyLogic,8.9.9.202607020720,NOT_CALIBRATED,COMPARATIVE_WHAT_IF_ONLY,PENDING_VALIDATION,COMPLETE
1.0,OP_CONFIRM_EXACT95_LOW_REFERENCE_ASSUMPTION_SANDBOX_V1,32b9044b5bbd75968a07e8c7fc390d8c3419cadcce37bf0965896dd768445e2b,TASK3_OPERATIONAL_POOLED_V1,REFERENCE_ASSUMPTION_SANDBOX_V1,REFERENCE,REFERENCE_ASSUMPTION_SANDBOX_V1,LOCAL_WINDOW_HPP_EXACT95_LOW,14,202607290000,202608290141,202608290142,202608290143,202608290144,EMPTY_AND_IDLE,HPP,300.000000000,334.504039286,FULL_DRAIN,AnyLogic,8.9.9.202607020720,NOT_CALIBRATED,COMPARATIVE_WHAT_IF_ONLY,PENDING_VALIDATION,COMPLETE
1.0,OP_CONFIRM_EXACT95_LOW_REFERENCE_ASSUMPTION_SANDBOX_V1,32b9044b5bbd75968a07e8c7fc390d8c3419cadcce37bf0965896dd768445e2b,TASK3_OPERATIONAL_POOLED_V1,REFERENCE_ASSUMPTION_SANDBOX_V1,REFERENCE,REFERENCE_ASSUMPTION_SANDBOX_V1,LOCAL_WINDOW_HPP_EXACT95_LOW,15,202607290000,202608290151,202608290152,202608290153,202608290154,EMPTY_AND_IDLE,HPP,300.000000000,334.767924815,FULL_DRAIN,AnyLogic,8.9.9.202607020720,NOT_CALIBRATED,COMPARATIVE_WHAT_IF_ONLY,PENDING_VALIDATION,COMPLETE
1.0,OP_CONFIRM_EXACT95_LOW_REFERENCE_ASSUMPTION_SANDBOX_V1,32b9044b5bbd75968a07e8c7fc390d8c3419cadcce37bf0965896dd768445e2b,TASK3_OPERATIONAL_POOLED_V1,REFERENCE_ASSUMPTION_SANDBOX_V1,REFERENCE,REFERENCE_ASSUMPTION_SANDBOX_V1,LOCAL_WINDOW_HPP_EXACT95_LOW,16,202607290000,202608290161,202608290162,202608290163,202608290164,EMPTY_AND_IDLE,HPP,300.000000000,334.431918804,FULL_DRAIN,AnyLogic,8.9.9.202607020720,NOT_CALIBRATED,COMPARATIVE_WHAT_IF_ONLY,PENDING_VALIDATION,COMPLETE
1.0,OP_CONFIRM_EXACT95_LOW_REFERENCE_ASSUMPTION_SANDBOX_V1,32b9044b5bbd75968a07e8c7fc390d8c3419cadcce37bf0965896dd768445e2b,TASK3_OPERATIONAL_POOLED_V1,REFERENCE_ASSUMPTION_SANDBOX_V1,REFERENCE,REFERENCE_ASSUMPTION_SANDBOX_V1,LOCAL_WINDOW_HPP_EXACT95_LOW,17,202607290000,202608290171,202608290172,202608290173,202608290174,EMPTY_AND_IDLE,HPP,300.000000000,334.762375366,FULL_DRAIN,AnyLogic,8.9.9.202607020720,NOT_CALIBRATED,COMPARATIVE_WHAT_IF_ONLY,PENDING_VALIDATION,COMPLETE
1.0,OP_CONFIRM_EXACT95_LOW_REFERENCE_ASSUMPTION_SANDBOX_V1,32b9044b5bbd75968a07e8c7fc390d8c3419cadcce37bf0965896dd768445e2b,TASK3_OPERATIONAL_POOLED_V1,REFERENCE_ASSUMPTION_SANDBOX_V1,REFERENCE,REFERENCE_ASSUMPTION_SANDBOX_V1,LOCAL_WINDOW_HPP_EXACT95_LOW,18,202607290000,202608290181,202608290182,202608290183,202608290184,EMPTY_AND_IDLE,HPP,300.000000000,333.369913239,FULL_DRAIN,AnyLogic,8.9.9.202607020720,NOT_CALIBRATED,COMPARATIVE_WHAT_IF_ONLY,PENDING_VALIDATION,COMPLETE
1.0,OP_CONFIRM_EXACT95_LOW_REFERENCE_ASSUMPTION_SANDBOX_V1,32b9044b5bbd75968a07e8c7fc390d8c3419cadcce37bf0965896dd768445e2b,TASK3_OPERATIONAL_POOLED_V1,REFERENCE_ASSUMPTION_SANDBOX_V1,REFERENCE,REFERENCE_ASSUMPTION_SANDBOX_V1,LOCAL_WINDOW_HPP_EXACT95_LOW,19,202607290000,202608290191,202608290192,202608290193,202608290194,EMPTY_AND_IDLE,HPP,300.000000000,334.345704763,FULL_DRAIN,AnyLogic,8.9.9.202607020720,NOT_CALIBRATED,COMPARATIVE_WHAT_IF_ONLY,PENDING_VALIDATION,COMPLETE
1.0,OP_CONFIRM_EXACT95_LOW_REFERENCE_ASSUMPTION_SANDBOX_V1,32b9044b5bbd75968a07e8c7fc390d8c3419cadcce37bf0965896dd768445e2b,TASK3_OPERATIONAL_POOLED_V1,REFERENCE_ASSUMPTION_SANDBOX_V1,REFERENCE,REFERENCE_ASSUMPTION_SANDBOX_V1,LOCAL_WINDOW_HPP_EXACT95_LOW,20,202607290000,202608290201,202608290202,202608290203,202608290204,EMPTY_AND_IDLE,HPP,300.000000000,333.059981036,FULL_DRAIN,AnyLogic,8.9.9.202607020720,NOT_CALIBRATED,COMPARATIVE_WHAT_IF_ONLY,PENDING_VALIDATION,COMPLETE
1.0,OP_CONFIRM_EXACT95_LOW_REFERENCE_ASSUMPTION_SANDBOX_V1,32b9044b5bbd75968a07e8c7fc390d8c3419cadcce37bf0965896dd768445e2b,TASK3_OPERATIONAL_POOLED_V1,REFERENCE_ASSUMPTION_SANDBOX_V1,REFERENCE,REFERENCE_ASSUMPTION_SANDBOX_V1,LOCAL_WINDOW_HPP_EXACT95_LOW,21,202607290000,202608290211,202608290212,202608290213,202608290214,EMPTY_AND_IDLE,HPP,300.000000000,334.383882730,FULL_DRAIN,AnyLogic,8.9.9.202607020720,NOT_CALIBRATED,COMPARATIVE_WHAT_IF_ONLY,PENDING_VALIDATION,COMPLETE
1.0,OP_CONFIRM_EXACT95_LOW_REFERENCE_ASSUMPTION_SANDBOX_V1,32b9044b5bbd75968a07e8c7fc390d8c3419cadcce37bf0965896dd768445e2b,TASK3_OPERATIONAL_POOLED_V1,REFERENCE_ASSUMPTION_SANDBOX_V1,REFERENCE,REFERENCE_ASSUMPTION_SANDBOX_V1,LOCAL_WINDOW_HPP_EXACT95_LOW,22,202607290000,202608290221,202608290222,202608290223,202608290224,EMPTY_AND_IDLE,HPP,300.000000000,334.375348407,FULL_DRAIN,AnyLogic,8.9.9.202607020720,NOT_CALIBRATED,COMPARATIVE_WHAT_IF_ONLY,PENDING_VALIDATION,COMPLETE
1.0,OP_CONFIRM_EXACT95_LOW_REFERENCE_ASSUMPTION_SANDBOX_V1,32b9044b5bbd75968a07e8c7fc390d8c3419cadcce37bf0965896dd768445e2b,TASK3_OPERATIONAL_POOLED_V1,REFERENCE_ASSUMPTION_SANDBOX_V1,REFERENCE,REFERENCE_ASSUMPTION_SANDBOX_V1,LOCAL_WINDOW_HPP_EXACT95_LOW,23,202607290000,202608290231,202608290232,202608290233,202608290234,EMPTY_AND_IDLE,HPP,300.000000000,333.884950245,FULL_DRAIN,AnyLogic,8.9.9.202607020720,NOT_CALIBRATED,COMPARATIVE_WHAT_IF_ONLY,PENDING_VALIDATION,COMPLETE
1.0,OP_CONFIRM_EXACT95_LOW_REFERENCE_ASSUMPTION_SANDBOX_V1,32b9044b5bbd75968a07e8c7fc390d8c3419cadcce37bf0965896dd768445e2b,TASK3_OPERATIONAL_POOLED_V1,REFERENCE_ASSUMPTION_SANDBOX_V1,REFERENCE,REFERENCE_ASSUMPTION_SANDBOX_V1,LOCAL_WINDOW_HPP_EXACT95_LOW,24,202607290000,202608290241,202608290242,202608290243,202608290244,EMPTY_AND_IDLE,HPP,300.000000000,334.544159448,FULL_DRAIN,AnyLogic,8.9.9.202607020720,NOT_CALIBRATED,COMPARATIVE_WHAT_IF_ONLY,PENDING_VALIDATION,COMPLETE
1.0,OP_CONFIRM_EXACT95_LOW_REFERENCE_ASSUMPTION_SANDBOX_V1,32b9044b5bbd75968a07e8c7fc390d8c3419cadcce37bf0965896dd768445e2b,TASK3_OPERATIONAL_POOLED_V1,REFERENCE_ASSUMPTION_SANDBOX_V1,REFERENCE,REFERENCE_ASSUMPTION_SANDBOX_V1,LOCAL_WINDOW_HPP_EXACT95_LOW,25,202607290000,202608290251,202608290252,202608290253,202608290254,EMPTY_AND_IDLE,HPP,300.000000000,333.803665910,FULL_DRAIN,AnyLogic,8.9.9.202607020720,NOT_CALIBRATED,COMPARATIVE_WHAT_IF_ONLY,PENDING_VALIDATION,COMPLETE
1.0,OP_CONFIRM_EXACT95_LOW_REFERENCE_ASSUMPTION_SANDBOX_V1,32b9044b5bbd75968a07e8c7fc390d8c3419cadcce37bf0965896dd768445e2b,TASK3_OPERATIONAL_POOLED_V1,REFERENCE_ASSUMPTION_SANDBOX_V1,REFERENCE,REFERENCE_ASSUMPTION_SANDBOX_V1,LOCAL_WINDOW_HPP_EXACT95_LOW,26,202607290000,202608290261,202608290262,202608290263,202608290264,EMPTY_AND_IDLE,HPP,300.000000000,334.692628558,FULL_DRAIN,AnyLogic,8.9.9.202607020720,NOT_CALIBRATED,COMPARATIVE_WHAT_IF_ONLY,PENDING_VALIDATION,COMPLETE
1.0,OP_CONFIRM_EXACT95_LOW_REFERENCE_ASSUMPTION_SANDBOX_V1,32b9044b5bbd75968a07e8c7fc390d8c3419cadcce37bf0965896dd768445e2b,TASK3_OPERATIONAL_POOLED_V1,REFERENCE_ASSUMPTION_SANDBOX_V1,REFERENCE,REFERENCE_ASSUMPTION_SANDBOX_V1,LOCAL_WINDOW_HPP_EXACT95_LOW,27,202607290000,202608290271,202608290272,202608290273,202608290274,EMPTY_AND_IDLE,HPP,300.000000000,332.497741530,FULL_DRAIN,AnyLogic,8.9.9.202607020720,NOT_CALIBRATED,COMPARATIVE_WHAT_IF_ONLY,PENDING_VALIDATION,COMPLETE
1.0,OP_CONFIRM_EXACT95_LOW_REFERENCE_ASSUMPTION_SANDBOX_V1,32b9044b5bbd75968a07e8c7fc390d8c3419cadcce37bf0965896dd768445e2b,TASK3_OPERATIONAL_POOLED_V1,REFERENCE_ASSUMPTION_SANDBOX_V1,REFERENCE,REFERENCE_ASSUMPTION_SANDBOX_V1,LOCAL_WINDOW_HPP_EXACT95_LOW,28,202607290000,202608290281,202608290282,202608290283,202608290284,EMPTY_AND_IDLE,HPP,300.000000000,334.557393197,FULL_DRAIN,AnyLogic,8.9.9.202607020720,NOT_CALIBRATED,COMPARATIVE_WHAT_IF_ONLY,PENDING_VALIDATION,COMPLETE
1.0,OP_CONFIRM_EXACT95_LOW_REFERENCE_ASSUMPTION_SANDBOX_V1,32b9044b5bbd75968a07e8c7fc390d8c3419cadcce37bf0965896dd768445e2b,TASK3_OPERATIONAL_POOLED_V1,REFERENCE_ASSUMPTION_SANDBOX_V1,REFERENCE,REFERENCE_ASSUMPTION_SANDBOX_V1,LOCAL_WINDOW_HPP_EXACT95_LOW,29,202607290000,202608290291,202608290292,202608290293,202608290294,EMPTY_AND_IDLE,HPP,300.000000000,334.055309304,FULL_DRAIN,AnyLogic,8.9.9.202607020720,NOT_CALIBRATED,COMPARATIVE_WHAT_IF_ONLY,PENDING_VALIDATION,COMPLETE
1.0,OP_CONFIRM_EXACT95_LOW_REFERENCE_ASSUMPTION_SANDBOX_V1,32b9044b5bbd75968a07e8c7fc390d8c3419cadcce37bf0965896dd768445e2b,TASK3_OPERATIONAL_POOLED_V1,REFERENCE_ASSUMPTION_SANDBOX_V1,REFERENCE,REFERENCE_ASSUMPTION_SANDBOX_V1,LOCAL_WINDOW_HPP_EXACT95_LOW,30,202607290000,202608290301,202608290302,202608290303,202608290304,EMPTY_AND_IDLE,HPP,300.000000000,333.547081962,FULL_DRAIN,AnyLogic,8.9.9.202607020720,NOT_CALIBRATED,COMPARATIVE_WHAT_IF_ONLY,PENDING_VALIDATION,COMPLETE
1.0,OP_CONFIRM_EXACT95_LOW_REFERENCE_ASSUMPTION_SANDBOX_V1,32b9044b5bbd75968a07e8c7fc390d8c3419cadcce37bf0965896dd768445e2b,TASK3_OPERATIONAL_POOLED_V1,REFERENCE_ASSUMPTION_SANDBOX_V1,REFERENCE,REFERENCE_ASSUMPTION_SANDBOX_V1,LOCAL_WINDOW_HPP_EXACT95_LOW,31,202607290000,202608290311,202608290312,202608290313,202608290314,EMPTY_AND_IDLE,HPP,300.000000000,332.500307393,FULL_DRAIN,AnyLogic,8.9.9.202607020720,NOT_CALIBRATED,COMPARATIVE_WHAT_IF_ONLY,PENDING_VALIDATION,COMPLETE
1.0,OP_CONFIRM_EXACT95_LOW_REFERENCE_ASSUMPTION_SANDBOX_V1,32b9044b5bbd75968a07e8c7fc390d8c3419cadcce37bf0965896dd768445e2b,TASK3_OPERATIONAL_POOLED_V1,REFERENCE_ASSUMPTION_SANDBOX_V1,REFERENCE,REFERENCE_ASSUMPTION_SANDBOX_V1,LOCAL_WINDOW_HPP_EXACT95_LOW,32,202607290000,202608290321,202608290322,202608290323,202608290324,EMPTY_AND_IDLE,HPP,300.000000000,333.258766840,FULL_DRAIN,AnyLogic,8.9.9.202607020720,NOT_CALIBRATED,COMPARATIVE_WHAT_IF_ONLY,PENDING_VALIDATION,COMPLETE
1.0,OP_CONFIRM_EXACT95_LOW_REFERENCE_ASSUMPTION_SANDBOX_V1,32b9044b5bbd75968a07e8c7fc390d8c3419cadcce37bf0965896dd768445e2b,TASK3_OPERATIONAL_POOLED_V1,REFERENCE_ASSUMPTION_SANDBOX_V1,REFERENCE,REFERENCE_ASSUMPTION_SANDBOX_V1,LOCAL_WINDOW_HPP_EXACT95_LOW,33,202607290000,202608290331,202608290332,202608290333,202608290334,EMPTY_AND_IDLE,HPP,300.000000000,333.353517328,FULL_DRAIN,AnyLogic,8.9.9.202607020720,NOT_CALIBRATED,COMPARATIVE_WHAT_IF_ONLY,PENDING_VALIDATION,COMPLETE
1.0,OP_CONFIRM_EXACT95_LOW_REFERENCE_ASSUMPTION_SANDBOX_V1,32b9044b5bbd75968a07e8c7fc390d8c3419cadcce37bf0965896dd768445e2b,TASK3_OPERATIONAL_POOLED_V1,REFERENCE_ASSUMPTION_SANDBOX_V1,REFERENCE,REFERENCE_ASSUMPTION_SANDBOX_V1,LOCAL_WINDOW_HPP_EXACT95_LOW,34,202607290000,202608290341,202608290342,202608290343,202608290344,EMPTY_AND_IDLE,HPP,300.000000000,333.918653247,FULL_DRAIN,AnyLogic,8.9.9.202607020720,NOT_CALIBRATED,COMPARATIVE_WHAT_IF_ONLY,PENDING_VALIDATION,COMPLETE
1.0,OP_CONFIRM_EXACT95_LOW_REFERENCE_ASSUMPTION_SANDBOX_V1,32b9044b5bbd75968a07e8c7fc390d8c3419cadcce37bf0965896dd768445e2b,TASK3_OPERATIONAL_POOLED_V1,REFERENCE_ASSUMPTION_SANDBOX_V1,REFERENCE,REFERENCE_ASSUMPTION_SANDBOX_V1,LOCAL_WINDOW_HPP_EXACT95_LOW,35,202607290000,202608290351,202608290352,202608290353,202608290354,EMPTY_AND_IDLE,HPP,300.000000000,334.031797309,FULL_DRAIN,AnyLogic,8.9.9.202607020720,NOT_CALIBRATED,COMPARATIVE_WHAT_IF_ONLY,PENDING_VALIDATION,COMPLETE
1.0,OP_CONFIRM_EXACT95_LOW_REFERENCE_ASSUMPTION_SANDBOX_V1,32b9044b5bbd75968a07e8c7fc390d8c3419cadcce37bf0965896dd768445e2b,TASK3_OPERATIONAL_POOLED_V1,REFERENCE_ASSUMPTION_SANDBOX_V1,REFERENCE,REFERENCE_ASSUMPTION_SANDBOX_V1,LOCAL_WINDOW_HPP_EXACT95_LOW,36,202607290000,202608290361,202608290362,202608290363,202608290364,EMPTY_AND_IDLE,HPP,300.000000000,334.046219248,FULL_DRAIN,AnyLogic,8.9.9.202607020720,NOT_CALIBRATED,COMPARATIVE_WHAT_IF_ONLY,PENDING_VALIDATION,COMPLETE
1.0,OP_CONFIRM_EXACT95_LOW_REFERENCE_ASSUMPTION_SANDBOX_V1,32b9044b5bbd75968a07e8c7fc390d8c3419cadcce37bf0965896dd768445e2b,TASK3_OPERATIONAL_POOLED_V1,REFERENCE_ASSUMPTION_SANDBOX_V1,REFERENCE,REFERENCE_ASSUMPTION_SANDBOX_V1,LOCAL_WINDOW_HPP_EXACT95_LOW,37,202607290000,202608290371,202608290372,202608290373,202608290374,EMPTY_AND_IDLE,HPP,300.000000000,334.078766339,FULL_DRAIN,AnyLogic,8.9.9.202607020720,NOT_CALIBRATED,COMPARATIVE_WHAT_IF_ONLY,PENDING_VALIDATION,COMPLETE
1.0,OP_CONFIRM_EXACT95_LOW_REFERENCE_ASSUMPTION_SANDBOX_V1,32b9044b5bbd75968a07e8c7fc390d8c3419cadcce37bf0965896dd768445e2b,TASK3_OPERATIONAL_POOLED_V1,REFERENCE_ASSUMPTION_SANDBOX_V1,REFERENCE,REFERENCE_ASSUMPTION_SANDBOX_V1,LOCAL_WINDOW_HPP_EXACT95_LOW,38,202607290000,202608290381,202608290382,202608290383,202608290384,EMPTY_AND_IDLE,HPP,300.000000000,333.973818889,FULL_DRAIN,AnyLogic,8.9.9.202607020720,NOT_CALIBRATED,COMPARATIVE_WHAT_IF_ONLY,PENDING_VALIDATION,COMPLETE
1.0,OP_CONFIRM_EXACT95_LOW_REFERENCE_ASSUMPTION_SANDBOX_V1,32b9044b5bbd75968a07e8c7fc390d8c3419cadcce37bf0965896dd768445e2b,TASK3_OPERATIONAL_POOLED_V1,REFERENCE_ASSUMPTION_SANDBOX_V1,REFERENCE,REFERENCE_ASSUMPTION_SANDBOX_V1,LOCAL_WINDOW_HPP_EXACT95_LOW,39,202607290000,202608290391,202608290392,202608290393,202608290394,EMPTY_AND_IDLE,HPP,300.000000000,333.227369168,FULL_DRAIN,AnyLogic,8.9.9.202607020720,NOT_CALIBRATED,COMPARATIVE_WHAT_IF_ONLY,PENDING_VALIDATION,COMPLETE
1.0,OP_CONFIRM_EXACT95_LOW_REFERENCE_ASSUMPTION_SANDBOX_V1,32b9044b5bbd75968a07e8c7fc390d8c3419cadcce37bf0965896dd768445e2b,TASK3_OPERATIONAL_POOLED_V1,REFERENCE_ASSUMPTION_SANDBOX_V1,REFERENCE,REFERENCE_ASSUMPTION_SANDBOX_V1,LOCAL_WINDOW_HPP_EXACT95_LOW,40,202607290000,202608290401,202608290402,202608290403,202608290404,EMPTY_AND_IDLE,HPP,300.000000000,334.470914622,FULL_DRAIN,AnyLogic,8.9.9.202607020720,NOT_CALIBRATED,COMPARATIVE_WHAT_IF_ONLY,PENDING_VALIDATION,COMPLETE
1.0,OP_CONFIRM_EXACT95_LOW_REFERENCE_ASSUMPTION_SANDBOX_V1,32b9044b5bbd75968a07e8c7fc390d8c3419cadcce37bf0965896dd768445e2b,TASK3_OPERATIONAL_POOLED_V1,REFERENCE_ASSUMPTION_SANDBOX_V1,REFERENCE,REFERENCE_ASSUMPTION_SANDBOX_V1,LOCAL_WINDOW_HPP_EXACT95_LOW,41,202607290000,202608290411,202608290412,202608290413,202608290414,EMPTY_AND_IDLE,HPP,300.000000000,334.039386969,FULL_DRAIN,AnyLogic,8.9.9.202607020720,NOT_CALIBRATED,COMPARATIVE_WHAT_IF_ONLY,PENDING_VALIDATION,COMPLETE
1.0,OP_CONFIRM_EXACT95_LOW_REFERENCE_ASSUMPTION_SANDBOX_V1,32b9044b5bbd75968a07e8c7fc390d8c3419cadcce37bf0965896dd768445e2b,TASK3_OPERATIONAL_POOLED_V1,REFERENCE_ASSUMPTION_SANDBOX_V1,REFERENCE,REFERENCE_ASSUMPTION_SANDBOX_V1,LOCAL_WINDOW_HPP_EXACT95_LOW,42,202607290000,202608290421,202608290422,202608290423,202608290424,EMPTY_AND_IDLE,HPP,300.000000000,334.117691289,FULL_DRAIN,AnyLogic,8.9.9.202607020720,NOT_CALIBRATED,COMPARATIVE_WHAT_IF_ONLY,PENDING_VALIDATION,COMPLETE
1.0,OP_CONFIRM_EXACT95_LOW_REFERENCE_ASSUMPTION_SANDBOX_V1,32b9044b5bbd75968a07e8c7fc390d8c3419cadcce37bf0965896dd768445e2b,TASK3_OPERATIONAL_POOLED_V1,REFERENCE_ASSUMPTION_SANDBOX_V1,REFERENCE,REFERENCE_ASSUMPTION_SANDBOX_V1,LOCAL_WINDOW_HPP_EXACT95_LOW,43,202607290000,202608290431,202608290432,202608290433,202608290434,EMPTY_AND_IDLE,HPP,300.000000000,334.595220486,FULL_DRAIN,AnyLogic,8.9.9.202607020720,NOT_CALIBRATED,COMPARATIVE_WHAT_IF_ONLY,PENDING_VALIDATION,COMPLETE
1.0,OP_CONFIRM_EXACT95_LOW_REFERENCE_ASSUMPTION_SANDBOX_V1,32b9044b5bbd75968a07e8c7fc390d8c3419cadcce37bf0965896dd768445e2b,TASK3_OPERATIONAL_POOLED_V1,REFERENCE_ASSUMPTION_SANDBOX_V1,REFERENCE,REFERENCE_ASSUMPTION_SANDBOX_V1,LOCAL_WINDOW_HPP_EXACT95_LOW,44,202607290000,202608290441,202608290442,202608290443,202608290444,EMPTY_AND_IDLE,HPP,300.000000000,333.612131684,FULL_DRAIN,AnyLogic,8.9.9.202607020720,NOT_CALIBRATED,COMPARATIVE_WHAT_IF_ONLY,PENDING_VALIDATION,COMPLETE
1.0,OP_CONFIRM_EXACT95_LOW_REFERENCE_ASSUMPTION_SANDBOX_V1,32b9044b5bbd75968a07e8c7fc390d8c3419cadcce37bf0965896dd768445e2b,TASK3_OPERATIONAL_POOLED_V1,REFERENCE_ASSUMPTION_SANDBOX_V1,REFERENCE,REFERENCE_ASSUMPTION_SANDBOX_V1,LOCAL_WINDOW_HPP_EXACT95_LOW,45,202607290000,202608290451,202608290452,202608290453,202608290454,EMPTY_AND_IDLE,HPP,300.000000000,332.705388082,FULL_DRAIN,AnyLogic,8.9.9.202607020720,NOT_CALIBRATED,COMPARATIVE_WHAT_IF_ONLY,PENDING_VALIDATION,COMPLETE
1.0,OP_CONFIRM_EXACT95_LOW_REFERENCE_ASSUMPTION_SANDBOX_V1,32b9044b5bbd75968a07e8c7fc390d8c3419cadcce37bf0965896dd768445e2b,TASK3_OPERATIONAL_POOLED_V1,REFERENCE_ASSUMPTION_SANDBOX_V1,REFERENCE,REFERENCE_ASSUMPTION_SANDBOX_V1,LOCAL_WINDOW_HPP_EXACT95_LOW,46,202607290000,202608290461,202608290462,202608290463,202608290464,EMPTY_AND_IDLE,HPP,300.000000000,334.547763371,FULL_DRAIN,AnyLogic,8.9.9.202607020720,NOT_CALIBRATED,COMPARATIVE_WHAT_IF_ONLY,PENDING_VALIDATION,COMPLETE
1.0,OP_CONFIRM_EXACT95_LOW_REFERENCE_ASSUMPTION_SANDBOX_V1,32b9044b5bbd75968a07e8c7fc390d8c3419cadcce37bf0965896dd768445e2b,TASK3_OPERATIONAL_POOLED_V1,REFERENCE_ASSUMPTION_SANDBOX_V1,REFERENCE,REFERENCE_ASSUMPTION_SANDBOX_V1,LOCAL_WINDOW_HPP_EXACT95_LOW,47,202607290000,202608290471,202608290472,202608290473,202608290474,EMPTY_AND_IDLE,HPP,300.000000000,329.184016045,FULL_DRAIN,AnyLogic,8.9.9.202607020720,NOT_CALIBRATED,COMPARATIVE_WHAT_IF_ONLY,PENDING_VALIDATION,COMPLETE
1.0,OP_CONFIRM_EXACT95_LOW_REFERENCE_ASSUMPTION_SANDBOX_V1,32b9044b5bbd75968a07e8c7fc390d8c3419cadcce37bf0965896dd768445e2b,TASK3_OPERATIONAL_POOLED_V1,REFERENCE_ASSUMPTION_SANDBOX_V1,REFERENCE,REFERENCE_ASSUMPTION_SANDBOX_V1,LOCAL_WINDOW_HPP_EXACT95_LOW,48,202607290000,202608290481,202608290482,202608290483,202608290484,EMPTY_AND_IDLE,HPP,300.000000000,334.462782154,FULL_DRAIN,AnyLogic,8.9.9.202607020720,NOT_CALIBRATED,COMPARATIVE_WHAT_IF_ONLY,PENDING_VALIDATION,COMPLETE
1.0,OP_CONFIRM_EXACT95_LOW_REFERENCE_ASSUMPTION_SANDBOX_V1,32b9044b5bbd75968a07e8c7fc390d8c3419cadcce37bf0965896dd768445e2b,TASK3_OPERATIONAL_POOLED_V1,REFERENCE_ASSUMPTION_SANDBOX_V1,REFERENCE,REFERENCE_ASSUMPTION_SANDBOX_V1,LOCAL_WINDOW_HPP_EXACT95_LOW,49,202607290000,202608290491,202608290492,202608290493,202608290494,EMPTY_AND_IDLE,HPP,300.000000000,330.242669127,FULL_DRAIN,AnyLogic,8.9.9.202607020720,NOT_CALIBRATED,COMPARATIVE_WHAT_IF_ONLY,PENDING_VALIDATION,COMPLETE
1.0,OP_CONFIRM_EXACT95_LOW_REFERENCE_ASSUMPTION_SANDBOX_V1,32b9044b5bbd75968a07e8c7fc390d8c3419cadcce37bf0965896dd768445e2b,TASK3_OPERATIONAL_POOLED_V1,REFERENCE_ASSUMPTION_SANDBOX_V1,REFERENCE,REFERENCE_ASSUMPTION_SANDBOX_V1,LOCAL_WINDOW_HPP_EXACT95_LOW,50,202607290000,202608290501,202608290502,202608290503,202608290504,EMPTY_AND_IDLE,HPP,300.000000000,334.204179571,FULL_DRAIN,AnyLogic,8.9.9.202607020720,NOT_CALIBRATED,COMPARATIVE_WHAT_IF_ONLY,PENDING_VALIDATION,COMPLETE
